Textbox53,Textbox55,Textbox3,Textbox57,Textbox59,Textbox63,Textbox65,Textbox67,Textbox69,Textbox77,Textbox73,Textbox75,Textbox79,Textbox23,Textbox100,hoteldate,Occ,xoption,Arr,Comp,House,Indiv,Group,Occ_perct,RoomRev,Avg,Dep,OOO,Ad_Ch,Textbox86,Textbox6,Textbox87,Textbox88,Textbox89,Textbox90,Textbox91,Textbox92,Textbox93,Textbox94,Textbox95,Textbox96,Textbox97,Textbox9,Textbox127,Textbox7,Textbox128,Textbox129,Textbox130,Textbox131,Textbox132,Textbox133,Textbox134,Textbox135,Textbox136,Textbox137,Textbox138,Textbox113,Textbox99,xoption1,Textbox139,Textbox140,Textbox141,Textbox142,Textbox143,Textbox144,Textbox145,Textbox146,Textbox147,Textbox148,Textbox149
Data,Ocup,Opção,Cheg,Oferta/Uso Interno,Deduz. Individ.,Deduz. Grupos,% Ocup.,Receita Quartos,Preço Médio,Saídas,Quartos FdS,Adul. / Cri.,janeiro,Histórico,01-jan-2026 qui,125,4,29,0,0,111,14,"95,56","17 526,25","135,86",31,0,244,516,8,141,0,0,474,42,"77,63","55 311,46","105,56",186,0,994,Total jan,2202,8,725,0,0,2137,65,"52,81","172 500,23","78,05",784,0,4227,Total,8013,3882,2696,0,0,6460,1553,"12,07","869 943,02","73,14",2822,0,15613
Data,Ocup,Opção,Cheg,Oferta/Uso Interno,Deduz. Individ.,Deduz. Grupos,% Ocup.,Receita Quartos,Preço Médio,Saídas,Quartos FdS,Adul. / Cri.,janeiro,Histórico,02-jan-2026 sex,114,2,36,0,0,100,14,"85,93","13 052,25","112,52",46,0,218,516,8,141,0,0,474,42,"77,63","55 311,46","105,56",186,0,994,Total jan,2202,8,725,0,0,2137,65,"52,81","172 500,23","78,05",784,0,4227,Total,8013,3882,2696,0,0,6460,1553,"12,07","869 943,02","73,14",2822,0,15613
Data,Ocup,Opção,Cheg,Oferta/Uso Interno,Deduz. Individ.,Deduz. Grupos,% Ocup.,Receita Quartos,Preço Médio,Saídas,Quartos FdS,Adul. / Cri.,janeiro,Histórico,03-jan-2026 sáb,111,2,31,0,0,97,14,"83,70","11 061,34","97,89",34,0,209,516,8,141,0,0,474,42,"77,63","55 311,46","105,56",186,0,994,Total jan,2202,8,725,0,0,2137,65,"52,81","172 500,23","78,05",784,0,4227,Total,8013,3882,2696,0,0,6460,1553,"12,07","869 943,02","73,14",2822,0,15613
Data,Ocup,Opção,Cheg,Oferta/Uso Interno,Deduz. Individ.,Deduz. Grupos,% Ocup.,Receita Quartos,Preço Médio,Saídas,Quartos FdS,Adul. / Cri.,janeiro,Histórico,04-jan-2026 dom,86,0,19,0,0,86,0,"63,70","7 348,92","85,45",43,0,168,516,8,141,0,0,474,42,"77,63","55 311,46","105,56",186,0,994,Total jan,2202,8,725,0,0,2137,65,"52,81","172 500,23","78,05",784,0,4227,Total,8013,3882,2696,0,0,6460,1553,"12,07","869 943,02","73,14",2822,0,15613
Data,Ocup,Opção,Cheg,Oferta/Uso Interno,Deduz. Individ.,Deduz. Grupos,% Ocup.,Receita Quartos,Preço Médio,Saídas,Quartos FdS,Adul. / Cri.,janeiro,Histórico,05-jan-2026 seg,80,0,26,0,0,80,0,"59,26","6 322,70","79,03",32,0,155,516,8,141,0,0,474,42,"77,63","55 311,46","105,56",186,0,994,Total jan,2202,8,725,0,0,2137,65,"52,81","172 500,23","78,05",784,0,4227,Total,8013,3882,2696,0,0,6460,1553,"12,07","869 943,02","73,14",2822,0,15613
Data,Ocup,Opção,Cheg,Oferta/Uso Interno,Deduz. Individ.,Deduz. Grupos,% Ocup.,Receita Quartos,Preço Médio,Saídas,Quartos FdS,Adul. / Cri.,janeiro,Previsão,06-jan-2026 ter,77,0,20,0,0,77,0,"57,04","5 526,66","71,77",24,0,150,1686,0,584,0,0,1663,23,"48,03","117 188,77","69,51",598,0,3233,Total jan,2202,8,725,0,0,2137,65,"52,81","172 500,23","78,05",784,0,4227,Total,8013,3882,2696,0,0,6460,1553,"12,07","869 943,02","73,14",2822,0,15613
Data,Ocup,Opção,Cheg,Oferta/Uso Interno,Deduz. Individ.,Deduz. Grupos,% Ocup.,Receita Quartos,Preço Médio,Saídas,Quartos FdS,Adul. / Cri.,janeiro,Previsão,07-jan-2026 qua,64,0,18,0,0,64,0,"47,41","4 266,22","66,66",31,0,120,1686,0,584,0,0,1663,23,"48,03","117 188,77","69,51",598,0,3233,Total jan,2202,8,725,0,0,2137,65,"52,81","172 500,23","78,05",784,0,4227,Total,8013,3882,2696,0,0,6460,1553,"12,07","869 943,02","73,14",2822,0,15613
Data,Ocup,Opção,Cheg,Oferta/Uso Interno,Deduz. Individ.,Deduz. Grupos,% Ocup.,Receita Quartos,Preço Médio,Saídas,Quartos FdS,Adul. / Cri.,janeiro,Previsão,08-jan-2026 qui,55,0,19,0,0,55,0,"40,74","3 746,53","68,12",28,0,107,1686,0,584,0,0,1663,23,"48,03","117 188,77","69,51",598,0,3233,Total jan,2202,8,725,0,0,2137,65,"52,81","172 500,23","78,05",784,0,4227,Total,8013,3882,2696,0,0,6460,1553,"12,07","869 943,02","73,14",2822,0,15613
Data,Ocup,Opção,Cheg,Oferta/Uso Interno,Deduz. Individ.,Deduz. Grupos,% Ocup.,Receita Quartos,Preço Médio,Saídas,Quartos FdS,Adul. / Cri.,janeiro,Previsão,09-jan-2026 sex,84,0,38,0,0,84,0,"62,22","5 773,45","68,73",9,0,167,1686,0,584,0,0,1663,23,"48,03","117 188,77","69,51",598,0,3233,Total jan,2202,8,725,0,0,2137,65,"52,81","172 500,23","78,05",784,0,4227,Total,8013,3882,2696,0,0,6460,1553,"12,07","869 943,02","73,14",2822,0,15613
Data,Ocup,Opção,Cheg,Oferta/Uso Interno,Deduz. Individ.,Deduz. Grupos,% Ocup.,Receita Quartos,Preço Médio,Saídas,Quartos FdS,Adul. / Cri.,janeiro,Previsão,10-jan-2026 sáb,79,0,18,0,0,74,5,"58,52","5 669,37","71,76",23,0,152,1686,0,584,0,0,1663,23,"48,03","117 188,77","69,51",598,0,3233,Total jan,2202,8,725,0,0,2137,65,"52,81","172 500,23","78,05",784,0,4227,Total,8013,3882,2696,0,0,6460,1553,"12,07","869 943,02","73,14",2822,0,15613
Data,Ocup,Opção,Cheg,Oferta/Uso Interno,Deduz. Individ.,Deduz. Grupos,% Ocup.,Receita Quartos,Preço Médio,Saídas,Quartos FdS,Adul. / Cri.,janeiro,Previsão,11-jan-2026 dom,68,0,20,0,0,59,9,"50,37","4 960,37","72,95",31,0,126,1686,0,584,0,0,1663,23,"48,03","117 188,77","69,51",598,0,3233,Total jan,2202,8,725,0,0,2137,65,"52,81","172 500,23","78,05",784,0,4227,Total,8013,3882,2696,0,0,6460,1553,"12,07","869 943,02","73,14",2822,0,15613
Data,Ocup,Opção,Cheg,Oferta/Uso Interno,Deduz. Individ.,Deduz. Grupos,% Ocup.,Receita Quartos,Preço Médio,Saídas,Quartos FdS,Adul. / Cri.,janeiro,Previsão,12-jan-2026 seg,52,0,15,0,0,43,9,"38,52","3 744,05","72,00",31,0,94,1686,0,584,0,0,1663,23,"48,03","117 188,77","69,51",598,0,3233,Total jan,2202,8,725,0,0,2137,65,"52,81","172 500,23","78,05",784,0,4227,Total,8013,3882,2696,0,0,6460,1553,"12,07","869 943,02","73,14",2822,0,15613
Data,Ocup,Opção,Cheg,Oferta/Uso Interno,Deduz. Individ.,Deduz. Grupos,% Ocup.,Receita Quartos,Preço Médio,Saídas,Quartos FdS,Adul. / Cri.,janeiro,Previsão,13-jan-2026 ter,45,0,13,0,0,45,0,"33,33","2 973,25","66,07",20,0,81,1686,0,584,0,0,1663,23,"48,03","117 188,77","69,51",598,0,3233,Total jan,2202,8,725,0,0,2137,65,"52,81","172 500,23","78,05",784,0,4227,Total,8013,3882,2696,0,0,6460,1553,"12,07","869 943,02","73,14",2822,0,15613
Data,Ocup,Opção,Cheg,Oferta/Uso Interno,Deduz. Individ.,Deduz. Grupos,% Ocup.,Receita Quartos,Preço Médio,Saídas,Quartos FdS,Adul. / Cri.,janeiro,Previsão,14-jan-2026 qua,44,0,18,0,0,44,0,"32,59","2 991,52","67,99",19,0,82,1686,0,584,0,0,1663,23,"48,03","117 188,77","69,51",598,0,3233,Total jan,2202,8,725,0,0,2137,65,"52,81","172 500,23","78,05",784,0,4227,Total,8013,3882,2696,0,0,6460,1553,"12,07","869 943,02","73,14",2822,0,15613
Data,Ocup,Opção,Cheg,Oferta/Uso Interno,Deduz. Individ.,Deduz. Grupos,% Ocup.,Receita Quartos,Preço Médio,Saídas,Quartos FdS,Adul. / Cri.,janeiro,Previsão,15-jan-2026 qui,55,0,21,0,0,55,0,"40,74","3 747,31","68,13",10,0,100,1686,0,584,0,0,1663,23,"48,03","117 188,77","69,51",598,0,3233,Total jan,2202,8,725,0,0,2137,65,"52,81","172 500,23","78,05",784,0,4227,Total,8013,3882,2696,0,0,6460,1553,"12,07","869 943,02","73,14",2822,0,15613
Data,Ocup,Opção,Cheg,Oferta/Uso Interno,Deduz. Individ.,Deduz. Grupos,% Ocup.,Receita Quartos,Preço Médio,Saídas,Quartos FdS,Adul. / Cri.,janeiro,Previsão,16-jan-2026 sex,68,0,32,0,0,68,0,"50,37","4 615,58","67,88",19,0,132,1686,0,584,0,0,1663,23,"48,03","117 188,77","69,51",598,0,3233,Total jan,2202,8,725,0,0,2137,65,"52,81","172 500,23","78,05",784,0,4227,Total,8013,3882,2696,0,0,6460,1553,"12,07","869 943,02","73,14",2822,0,15613
Data,Ocup,Opção,Cheg,Oferta/Uso Interno,Deduz. Individ.,Deduz. Grupos,% Ocup.,Receita Quartos,Preço Médio,Saídas,Quartos FdS,Adul. / Cri.,janeiro,Previsão,17-jan-2026 sáb,83,0,33,0,0,83,0,"61,48","5 710,42","68,80",18,0,160,1686,0,584,0,0,1663,23,"48,03","117 188,77","69,51",598,0,3233,Total jan,2202,8,725,0,0,2137,65,"52,81","172 500,23","78,05",784,0,4227,Total,8013,3882,2696,0,0,6460,1553,"12,07","869 943,02","73,14",2822,0,15613
Data,Ocup,Opção,Cheg,Oferta/Uso Interno,Deduz. Individ.,Deduz. Grupos,% Ocup.,Receita Quartos,Preço Médio,Saídas,Quartos FdS,Adul. / Cri.,janeiro,Previsão,18-jan-2026 dom,68,0,17,0,0,68,0,"50,37","4 446,62","65,39",32,0,125,1686,0,584,0,0,1663,23,"48,03","117 188,77","69,51",598,0,3233,Total jan,2202,8,725,0,0,2137,65,"52,81","172 500,23","78,05",784,0,4227,Total,8013,3882,2696,0,0,6460,1553,"12,07","869 943,02","73,14",2822,0,15613
Data,Ocup,Opção,Cheg,Oferta/Uso Interno,Deduz. Individ.,Deduz. Grupos,% Ocup.,Receita Quartos,Preço Médio,Saídas,Quartos FdS,Adul. / Cri.,janeiro,Previsão,19-jan-2026 seg,70,0,25,0,0,70,0,"51,85","4 593,43","65,62",23,0,124,1686,0,584,0,0,1663,23,"48,03","117 188,77","69,51",598,0,3233,Total jan,2202,8,725,0,0,2137,65,"52,81","172 500,23","78,05",784,0,4227,Total,8013,3882,2696,0,0,6460,1553,"12,07","869 943,02","73,14",2822,0,15613
Data,Ocup,Opção,Cheg,Oferta/Uso Interno,Deduz. Individ.,Deduz. Grupos,% Ocup.,Receita Quartos,Preço Médio,Saídas,Quartos FdS,Adul. / Cri.,janeiro,Previsão,20-jan-2026 ter,48,0,9,0,0,48,0,"35,56","3 095,31","64,49",31,0,81,1686,0,584,0,0,1663,23,"48,03","117 188,77","69,51",598,0,3233,Total jan,2202,8,725,0,0,2137,65,"52,81","172 500,23","78,05",784,0,4227,Total,8013,3882,2696,0,0,6460,1553,"12,07","869 943,02","73,14",2822,0,15613
Data,Ocup,Opção,Cheg,Oferta/Uso Interno,Deduz. Individ.,Deduz. Grupos,% Ocup.,Receita Quartos,Preço Médio,Saídas,Quartos FdS,Adul. / Cri.,janeiro,Previsão,21-jan-2026 qua,55,0,26,0,0,55,0,"40,74","3 536,90","64,31",19,0,100,1686,0,584,0,0,1663,23,"48,03","117 188,77","69,51",598,0,3233,Total jan,2202,8,725,0,0,2137,65,"52,81","172 500,23","78,05",784,0,4227,Total,8013,3882,2696,0,0,6460,1553,"12,07","869 943,02","73,14",2822,0,15613
Data,Ocup,Opção,Cheg,Oferta/Uso Interno,Deduz. Individ.,Deduz. Grupos,% Ocup.,Receita Quartos,Preço Médio,Saídas,Quartos FdS,Adul. / Cri.,janeiro,Previsão,22-jan-2026 qui,66,0,26,0,0,66,0,"48,89","4 481,71","67,90",15,0,128,1686,0,584,0,0,1663,23,"48,03","117 188,77","69,51",598,0,3233,Total jan,2202,8,725,0,0,2137,65,"52,81","172 500,23","78,05",784,0,4227,Total,8013,3882,2696,0,0,6460,1553,"12,07","869 943,02","73,14",2822,0,15613
Data,Ocup,Opção,Cheg,Oferta/Uso Interno,Deduz. Individ.,Deduz. Grupos,% Ocup.,Receita Quartos,Preço Médio,Saídas,Quartos FdS,Adul. / Cri.,janeiro,Previsão,23-jan-2026 sex,83,0,35,0,0,83,0,"61,48","5 742,51","69,19",18,0,165,1686,0,584,0,0,1663,23,"48,03","117 188,77","69,51",598,0,3233,Total jan,2202,8,725,0,0,2137,65,"52,81","172 500,23","78,05",784,0,4227,Total,8013,3882,2696,0,0,6460,1553,"12,07","869 943,02","73,14",2822,0,15613
Data,Ocup,Opção,Cheg,Oferta/Uso Interno,Deduz. Individ.,Deduz. Grupos,% Ocup.,Receita Quartos,Preço Médio,Saídas,Quartos FdS,Adul. / Cri.,janeiro,Previsão,24-jan-2026 sáb,86,0,26,0,0,86,0,"63,70","6 230,16","72,44",23,0,175,1686,0,584,0,0,1663,23,"48,03","117 188,77","69,51",598,0,3233,Total jan,2202,8,725,0,0,2137,65,"52,81","172 500,23","78,05",784,0,4227,Total,8013,3882,2696,0,0,6460,1553,"12,07","869 943,02","73,14",2822,0,15613
Data,Ocup,Opção,Cheg,Oferta/Uso Interno,Deduz. Individ.,Deduz. Grupos,% Ocup.,Receita Quartos,Preço Médio,Saídas,Quartos FdS,Adul. / Cri.,janeiro,Previsão,25-jan-2026 dom,67,0,22,0,0,67,0,"49,63","5 018,37","74,90",41,0,141,1686,0,584,0,0,1663,23,"48,03","117 188,77","69,51",598,0,3233,Total jan,2202,8,725,0,0,2137,65,"52,81","172 500,23","78,05",784,0,4227,Total,8013,3882,2696,0,0,6460,1553,"12,07","869 943,02","73,14",2822,0,15613
Data,Ocup,Opção,Cheg,Oferta/Uso Interno,Deduz. Individ.,Deduz. Grupos,% Ocup.,Receita Quartos,Preço Médio,Saídas,Quartos FdS,Adul. / Cri.,janeiro,Previsão,26-jan-2026 seg,54,0,13,0,0,54,0,"40,00","4 047,99","74,96",26,0,110,1686,0,584,0,0,1663,23,"48,03","117 188,77","69,51",598,0,3233,Total jan,2202,8,725,0,0,2137,65,"52,81","172 500,23","78,05",784,0,4227,Total,8013,3882,2696,0,0,6460,1553,"12,07","869 943,02","73,14",2822,0,15613
Data,Ocup,Opção,Cheg,Oferta/Uso Interno,Deduz. Individ.,Deduz. Grupos,% Ocup.,Receita Quartos,Preço Médio,Saídas,Quartos FdS,Adul. / Cri.,janeiro,Previsão,27-jan-2026 ter,52,0,23,0,0,52,0,"38,52","3 519,52","67,68",25,0,96,1686,0,584,0,0,1663,23,"48,03","117 188,77","69,51",598,0,3233,Total jan,2202,8,725,0,0,2137,65,"52,81","172 500,23","78,05",784,0,4227,Total,8013,3882,2696,0,0,6460,1553,"12,07","869 943,02","73,14",2822,0,15613
Data,Ocup,Opção,Cheg,Oferta/Uso Interno,Deduz. Individ.,Deduz. Grupos,% Ocup.,Receita Quartos,Preço Médio,Saídas,Quartos FdS,Adul. / Cri.,janeiro,Previsão,28-jan-2026 qua,60,0,27,0,0,60,0,"44,44","4 071,62","67,86",19,0,113,1686,0,584,0,0,1663,23,"48,03","117 188,77","69,51",598,0,3233,Total jan,2202,8,725,0,0,2137,65,"52,81","172 500,23","78,05",784,0,4227,Total,8013,3882,2696,0,0,6460,1553,"12,07","869 943,02","73,14",2822,0,15613
Data,Ocup,Opção,Cheg,Oferta/Uso Interno,Deduz. Individ.,Deduz. Grupos,% Ocup.,Receita Quartos,Preço Médio,Saídas,Quartos FdS,Adul. / Cri.,janeiro,Previsão,29-jan-2026 qui,67,0,27,0,0,67,0,"49,63","4 546,03","67,85",20,0,129,1686,0,584,0,0,1663,23,"48,03","117 188,77","69,51",598,0,3233,Total jan,2202,8,725,0,0,2137,65,"52,81","172 500,23","78,05",784,0,4227,Total,8013,3882,2696,0,0,6460,1553,"12,07","869 943,02","73,14",2822,0,15613
Data,Ocup,Opção,Cheg,Oferta/Uso Interno,Deduz. Individ.,Deduz. Grupos,% Ocup.,Receita Quartos,Preço Médio,Saídas,Quartos FdS,Adul. / Cri.,janeiro,Previsão,30-jan-2026 sex,69,0,22,0,0,69,0,"51,11","5 051,88","73,22",20,0,139,1686,0,584,0,0,1663,23,"48,03","117 188,77","69,51",598,0,3233,Total jan,2202,8,725,0,0,2137,65,"52,81","172 500,23","78,05",784,0,4227,Total,8013,3882,2696,0,0,6460,1553,"12,07","869 943,02","73,14",2822,0,15613
Data,Ocup,Opção,Cheg,Oferta/Uso Interno,Deduz. Individ.,Deduz. Grupos,% Ocup.,Receita Quartos,Preço Médio,Saídas,Quartos FdS,Adul. / Cri.,janeiro,Previsão,31-jan-2026 sáb,67,0,21,0,0,67,0,"49,63","5 082,00","75,85",23,0,136,1686,0,584,0,0,1663,23,"48,03","117 188,77","69,51",598,0,3233,Total jan,2202,8,725,0,0,2137,65,"52,81","172 500,23","78,05",784,0,4227,Total,8013,3882,2696,0,0,6460,1553,"12,07","869 943,02","73,14",2822,0,15613
Data,Ocup,Opção,Cheg,Oferta/Uso Interno,Deduz. Individ.,Deduz. Grupos,% Ocup.,Receita Quartos,Preço Médio,Saídas,Quartos FdS,Adul. / Cri.,fevereiro,Previsão,01-fev-2026 dom,51,0,16,0,0,51,0,"37,78","3 535,13","69,32",32,0,100,1588,22,532,0,0,1585,3,"42,59","124 487,22","77,32",530,0,3113,Total fev,1588,22,532,0,0,1585,3,"42,59","124 487,22","77,32",530,0,3113,Total,8013,3882,2696,0,0,6460,1553,"12,07","869 943,02","73,14",2822,0,15613
Data,Ocup,Opção,Cheg,Oferta/Uso Interno,Deduz. Individ.,Deduz. Grupos,% Ocup.,Receita Quartos,Preço Médio,Saídas,Quartos FdS,Adul. / Cri.,fevereiro,Previsão,02-fev-2026 seg,48,10,18,0,0,48,0,"42,96","3 209,83","55,34",21,0,90,1588,22,532,0,0,1585,3,"42,59","124 487,22","77,32",530,0,3113,Total fev,1588,22,532,0,0,1585,3,"42,59","124 487,22","77,32",530,0,3113,Total,8013,3882,2696,0,0,6460,1553,"12,07","869 943,02","73,14",2822,0,15613
Data,Ocup,Opção,Cheg,Oferta/Uso Interno,Deduz. Individ.,Deduz. Grupos,% Ocup.,Receita Quartos,Preço Médio,Saídas,Quartos FdS,Adul. / Cri.,fevereiro,Previsão,03-fev-2026 ter,46,10,12,0,0,46,0,"41,48","3 061,39","54,67",14,0,88,1588,22,532,0,0,1585,3,"42,59","124 487,22","77,32",530,0,3113,Total fev,1588,22,532,0,0,1585,3,"42,59","124 487,22","77,32",530,0,3113,Total,8013,3882,2696,0,0,6460,1553,"12,07","869 943,02","73,14",2822,0,15613
Data,Ocup,Opção,Cheg,Oferta/Uso Interno,Deduz. Individ.,Deduz. Grupos,% Ocup.,Receita Quartos,Preço Médio,Saídas,Quartos FdS,Adul. / Cri.,fevereiro,Previsão,04-fev-2026 qua,44,0,17,0,0,44,0,"32,59","3 200,14","72,73",19,0,89,1588,22,532,0,0,1585,3,"42,59","124 487,22","77,32",530,0,3113,Total fev,1588,22,532,0,0,1585,3,"42,59","124 487,22","77,32",530,0,3113,Total,8013,3882,2696,0,0,6460,1553,"12,07","869 943,02","73,14",2822,0,15613
Data,Ocup,Opção,Cheg,Oferta/Uso Interno,Deduz. Individ.,Deduz. Grupos,% Ocup.,Receita Quartos,Preço Médio,Saídas,Quartos FdS,Adul. / Cri.,fevereiro,Previsão,05-fev-2026 qui,50,0,20,0,0,50,0,"37,04","3 240,59","64,81",14,0,98,1588,22,532,0,0,1585,3,"42,59","124 487,22","77,32",530,0,3113,Total fev,1588,22,532,0,0,1585,3,"42,59","124 487,22","77,32",530,0,3113,Total,8013,3882,2696,0,0,6460,1553,"12,07","869 943,02","73,14",2822,0,15613
Data,Ocup,Opção,Cheg,Oferta/Uso Interno,Deduz. Individ.,Deduz. Grupos,% Ocup.,Receita Quartos,Preço Médio,Saídas,Quartos FdS,Adul. / Cri.,fevereiro,Previsão,06-fev-2026 sex,69,0,32,0,0,69,0,"51,11","5 242,81","75,98",13,0,141,1588,22,532,0,0,1585,3,"42,59","124 487,22","77,32",530,0,3113,Total fev,1588,22,532,0,0,1585,3,"42,59","124 487,22","77,32",530,0,3113,Total,8013,3882,2696,0,0,6460,1553,"12,07","869 943,02","73,14",2822,0,15613
Data,Ocup,Opção,Cheg,Oferta/Uso Interno,Deduz. Individ.,Deduz. Grupos,% Ocup.,Receita Quartos,Preço Médio,Saídas,Quartos FdS,Adul. / Cri.,fevereiro,Previsão,07-fev-2026 sáb,77,0,23,0,0,77,0,"57,04","5 943,59","77,19",15,0,156,1588,22,532,0,0,1585,3,"42,59","124 487,22","77,32",530,0,3113,Total fev,1588,22,532,0,0,1585,3,"42,59","124 487,22","77,32",530,0,3113,Total,8013,3882,2696,0,0,6460,1553,"12,07","869 943,02","73,14",2822,0,15613
Data,Ocup,Opção,Cheg,Oferta/Uso Interno,Deduz. Individ.,Deduz. Grupos,% Ocup.,Receita Quartos,Preço Médio,Saídas,Quartos FdS,Adul. / Cri.,fevereiro,Previsão,08-fev-2026 dom,48,0,5,0,0,48,0,"35,56","3 245,98","67,62",34,0,98,1588,22,532,0,0,1585,3,"42,59","124 487,22","77,32",530,0,3113,Total fev,1588,22,532,0,0,1585,3,"42,59","124 487,22","77,32",530,0,3113,Total,8013,3882,2696,0,0,6460,1553,"12,07","869 943,02","73,14",2822,0,15613
Data,Ocup,Opção,Cheg,Oferta/Uso Interno,Deduz. Individ.,Deduz. Grupos,% Ocup.,Receita Quartos,Preço Médio,Saídas,Quartos FdS,Adul. / Cri.,fevereiro,Previsão,09-fev-2026 seg,35,0,13,0,0,35,0,"25,93","2 371,67","67,76",26,0,61,1588,22,532,0,0,1585,3,"42,59","124 487,22","77,32",530,0,3113,Total fev,1588,22,532,0,0,1585,3,"42,59","124 487,22","77,32",530,0,3113,Total,8013,3882,2696,0,0,6460,1553,"12,07","869 943,02","73,14",2822,0,15613
Data,Ocup,Opção,Cheg,Oferta/Uso Interno,Deduz. Individ.,Deduz. Grupos,% Ocup.,Receita Quartos,Preço Médio,Saídas,Quartos FdS,Adul. / Cri.,fevereiro,Previsão,10-fev-2026 ter,37,0,16,0,0,37,0,"27,41","2 482,48","67,09",14,0,66,1588,22,532,0,0,1585,3,"42,59","124 487,22","77,32",530,0,3113,Total fev,1588,22,532,0,0,1585,3,"42,59","124 487,22","77,32",530,0,3113,Total,8013,3882,2696,0,0,6460,1553,"12,07","869 943,02","73,14",2822,0,15613
Data,Ocup,Opção,Cheg,Oferta/Uso Interno,Deduz. Individ.,Deduz. Grupos,% Ocup.,Receita Quartos,Preço Médio,Saídas,Quartos FdS,Adul. / Cri.,fevereiro,Previsão,11-fev-2026 qua,43,0,15,0,0,43,0,"31,85","2 913,19","67,75",9,0,80,1588,22,532,0,0,1585,3,"42,59","124 487,22","77,32",530,0,3113,Total fev,1588,22,532,0,0,1585,3,"42,59","124 487,22","77,32",530,0,3113,Total,8013,3882,2696,0,0,6460,1553,"12,07","869 943,02","73,14",2822,0,15613
Data,Ocup,Opção,Cheg,Oferta/Uso Interno,Deduz. Individ.,Deduz. Grupos,% Ocup.,Receita Quartos,Preço Médio,Saídas,Quartos FdS,Adul. / Cri.,fevereiro,Previsão,12-fev-2026 qui,54,0,26,0,0,54,0,"40,00","4 063,07","75,24",15,0,106,1588,22,532,0,0,1585,3,"42,59","124 487,22","77,32",530,0,3113,Total fev,1588,22,532,0,0,1585,3,"42,59","124 487,22","77,32",530,0,3113,Total,8013,3882,2696,0,0,6460,1553,"12,07","869 943,02","73,14",2822,0,15613
Data,Ocup,Opção,Cheg,Oferta/Uso Interno,Deduz. Individ.,Deduz. Grupos,% Ocup.,Receita Quartos,Preço Médio,Saídas,Quartos FdS,Adul. / Cri.,fevereiro,Previsão,13-fev-2026 sex,67,0,27,0,0,67,0,"49,63","5 791,98","86,45",14,0,139,1588,22,532,0,0,1585,3,"42,59","124 487,22","77,32",530,0,3113,Total fev,1588,22,532,0,0,1585,3,"42,59","124 487,22","77,32",530,0,3113,Total,8013,3882,2696,0,0,6460,1553,"12,07","869 943,02","73,14",2822,0,15613
Data,Ocup,Opção,Cheg,Oferta/Uso Interno,Deduz. Individ.,Deduz. Grupos,% Ocup.,Receita Quartos,Preço Médio,Saídas,Quartos FdS,Adul. / Cri.,fevereiro,Previsão,14-fev-2026 sáb,74,0,26,0,0,74,0,"54,81","7 086,34","95,76",19,0,147,1588,22,532,0,0,1585,3,"42,59","124 487,22","77,32",530,0,3113,Total fev,1588,22,532,0,0,1585,3,"42,59","124 487,22","77,32",530,0,3113,Total,8013,3882,2696,0,0,6460,1553,"12,07","869 943,02","73,14",2822,0,15613
Data,Ocup,Opção,Cheg,Oferta/Uso Interno,Deduz. Individ.,Deduz. Grupos,% Ocup.,Receita Quartos,Preço Médio,Saídas,Quartos FdS,Adul. / Cri.,fevereiro,Previsão,15-fev-2026 dom,76,0,22,0,0,76,0,"56,30","7 048,45","92,74",20,0,156,1588,22,532,0,0,1585,3,"42,59","124 487,22","77,32",530,0,3113,Total fev,1588,22,532,0,0,1585,3,"42,59","124 487,22","77,32",530,0,3113,Total,8013,3882,2696,0,0,6460,1553,"12,07","869 943,02","73,14",2822,0,15613
Data,Ocup,Opção,Cheg,Oferta/Uso Interno,Deduz. Individ.,Deduz. Grupos,% Ocup.,Receita Quartos,Preço Médio,Saídas,Quartos FdS,Adul. / Cri.,fevereiro,Previsão,16-fev-2026 seg,59,0,13,0,0,59,0,"43,70","5 440,71","92,22",30,0,128,1588,22,532,0,0,1585,3,"42,59","124 487,22","77,32",530,0,3113,Total fev,1588,22,532,0,0,1585,3,"42,59","124 487,22","77,32",530,0,3113,Total,8013,3882,2696,0,0,6460,1553,"12,07","869 943,02","73,14",2822,0,15613
Data,Ocup,Opção,Cheg,Oferta/Uso Interno,Deduz. Individ.,Deduz. Grupos,% Ocup.,Receita Quartos,Preço Médio,Saídas,Quartos FdS,Adul. / Cri.,fevereiro,Previsão,17-fev-2026 ter,67,0,27,0,0,67,0,"49,63","5 489,54","81,93",19,0,142,1588,22,532,0,0,1585,3,"42,59","124 487,22","77,32",530,0,3113,Total fev,1588,22,532,0,0,1585,3,"42,59","124 487,22","77,32",530,0,3113,Total,8013,3882,2696,0,0,6460,1553,"12,07","869 943,02","73,14",2822,0,15613
Data,Ocup,Opção,Cheg,Oferta/Uso Interno,Deduz. Individ.,Deduz. Grupos,% Ocup.,Receita Quartos,Preço Médio,Saídas,Quartos FdS,Adul. / Cri.,fevereiro,Previsão,18-fev-2026 qua,55,0,17,0,0,55,0,"40,74","4 489,79","81,63",29,0,115,1588,22,532,0,0,1585,3,"42,59","124 487,22","77,32",530,0,3113,Total fev,1588,22,532,0,0,1585,3,"42,59","124 487,22","77,32",530,0,3113,Total,8013,3882,2696,0,0,6460,1553,"12,07","869 943,02","73,14",2822,0,15613
Data,Ocup,Opção,Cheg,Oferta/Uso Interno,Deduz. Individ.,Deduz. Grupos,% Ocup.,Receita Quartos,Preço Médio,Saídas,Quartos FdS,Adul. / Cri.,fevereiro,Previsão,19-fev-2026 qui,61,0,24,0,0,61,0,"45,19","5 403,31","88,58",18,0,127,1588,22,532,0,0,1585,3,"42,59","124 487,22","77,32",530,0,3113,Total fev,1588,22,532,0,0,1585,3,"42,59","124 487,22","77,32",530,0,3113,Total,8013,3882,2696,0,0,6460,1553,"12,07","869 943,02","73,14",2822,0,15613
Data,Ocup,Opção,Cheg,Oferta/Uso Interno,Deduz. Individ.,Deduz. Grupos,% Ocup.,Receita Quartos,Preço Médio,Saídas,Quartos FdS,Adul. / Cri.,fevereiro,Previsão,20-fev-2026 sex,67,0,20,0,0,67,0,"49,63","6 102,08","91,08",14,0,137,1588,22,532,0,0,1585,3,"42,59","124 487,22","77,32",530,0,3113,Total fev,1588,22,532,0,0,1585,3,"42,59","124 487,22","77,32",530,0,3113,Total,8013,3882,2696,0,0,6460,1553,"12,07","869 943,02","73,14",2822,0,15613
Data,Ocup,Opção,Cheg,Oferta/Uso Interno,Deduz. Individ.,Deduz. Grupos,% Ocup.,Receita Quartos,Preço Médio,Saídas,Quartos FdS,Adul. / Cri.,fevereiro,Previsão,21-fev-2026 sáb,66,0,20,0,0,66,0,"48,89","5 993,00","90,80",21,0,135,1588,22,532,0,0,1585,3,"42,59","124 487,22","77,32",530,0,3113,Total fev,1588,22,532,0,0,1585,3,"42,59","124 487,22","77,32",530,0,3113,Total,8013,3882,2696,0,0,6460,1553,"12,07","869 943,02","73,14",2822,0,15613
Data,Ocup,Opção,Cheg,Oferta/Uso Interno,Deduz. Individ.,Deduz. Grupos,% Ocup.,Receita Quartos,Preço Médio,Saídas,Quartos FdS,Adul. / Cri.,fevereiro,Previsão,22-fev-2026 dom,61,0,14,0,0,61,0,"45,19","4 754,70","77,95",19,0,116,1588,22,532,0,0,1585,3,"42,59","124 487,22","77,32",530,0,3113,Total fev,1588,22,532,0,0,1585,3,"42,59","124 487,22","77,32",530,0,3113,Total,8013,3882,2696,0,0,6460,1553,"12,07","869 943,02","73,14",2822,0,15613
Data,Ocup,Opção,Cheg,Oferta/Uso Interno,Deduz. Individ.,Deduz. Grupos,% Ocup.,Receita Quartos,Preço Médio,Saídas,Quartos FdS,Adul. / Cri.,fevereiro,Previsão,23-fev-2026 seg,50,0,17,0,0,50,0,"37,04","3 841,25","76,83",28,0,89,1588,22,532,0,0,1585,3,"42,59","124 487,22","77,32",530,0,3113,Total fev,1588,22,532,0,0,1585,3,"42,59","124 487,22","77,32",530,0,3113,Total,8013,3882,2696,0,0,6460,1553,"12,07","869 943,02","73,14",2822,0,15613
Data,Ocup,Opção,Cheg,Oferta/Uso Interno,Deduz. Individ.,Deduz. Grupos,% Ocup.,Receita Quartos,Preço Médio,Saídas,Quartos FdS,Adul. / Cri.,fevereiro,Previsão,24-fev-2026 ter,60,0,16,0,0,60,0,"44,44","4 532,35","75,54",6,0,105,1588,22,532,0,0,1585,3,"42,59","124 487,22","77,32",530,0,3113,Total fev,1588,22,532,0,0,1585,3,"42,59","124 487,22","77,32",530,0,3113,Total,8013,3882,2696,0,0,6460,1553,"12,07","869 943,02","73,14",2822,0,15613
Data,Ocup,Opção,Cheg,Oferta/Uso Interno,Deduz. Individ.,Deduz. Grupos,% Ocup.,Receita Quartos,Preço Médio,Saídas,Quartos FdS,Adul. / Cri.,fevereiro,Previsão,25-fev-2026 qua,43,0,10,0,0,43,0,"31,85","2 963,24","68,91",27,0,73,1588,22,532,0,0,1585,3,"42,59","124 487,22","77,32",530,0,3113,Total fev,1588,22,532,0,0,1585,3,"42,59","124 487,22","77,32",530,0,3113,Total,8013,3882,2696,0,0,6460,1553,"12,07","869 943,02","73,14",2822,0,15613
Data,Ocup,Opção,Cheg,Oferta/Uso Interno,Deduz. Individ.,Deduz. Grupos,% Ocup.,Receita Quartos,Preço Médio,Saídas,Quartos FdS,Adul. / Cri.,fevereiro,Previsão,26-fev-2026 qui,46,0,15,0,0,46,0,"34,07","3 137,87","68,21",12,0,80,1588,22,532,0,0,1585,3,"42,59","124 487,22","77,32",530,0,3113,Total fev,1588,22,532,0,0,1585,3,"42,59","124 487,22","77,32",530,0,3113,Total,8013,3882,2696,0,0,6460,1553,"12,07","869 943,02","73,14",2822,0,15613
Data,Ocup,Opção,Cheg,Oferta/Uso Interno,Deduz. Individ.,Deduz. Grupos,% Ocup.,Receita Quartos,Preço Médio,Saídas,Quartos FdS,Adul. / Cri.,fevereiro,Previsão,27-fev-2026 sex,65,0,32,0,0,64,1,"48,15","4 700,16","72,31",13,0,121,1588,22,532,0,0,1585,3,"42,59","124 487,22","77,32",530,0,3113,Total fev,1588,22,532,0,0,1585,3,"42,59","124 487,22","77,32",530,0,3113,Total,8013,3882,2696,0,0,6460,1553,"12,07","869 943,02","73,14",2822,0,15613
Data,Ocup,Opção,Cheg,Oferta/Uso Interno,Deduz. Individ.,Deduz. Grupos,% Ocup.,Receita Quartos,Preço Médio,Saídas,Quartos FdS,Adul. / Cri.,fevereiro,Previsão,28-fev-2026 sáb,69,2,19,0,0,67,2,"52,59","5 202,58","73,28",15,0,130,1588,22,532,0,0,1585,3,"42,59","124 487,22","77,32",530,0,3113,Total fev,1588,22,532,0,0,1585,3,"42,59","124 487,22","77,32",530,0,3113,Total,8013,3882,2696,0,0,6460,1553,"12,07","869 943,02","73,14",2822,0,15613
Data,Ocup,Opção,Cheg,Oferta/Uso Interno,Deduz. Individ.,Deduz. Grupos,% Ocup.,Receita Quartos,Preço Médio,Saídas,Quartos FdS,Adul. / Cri.,março,Previsão,01-mar-2026 dom,47,13,12,0,0,47,0,"44,44","3 991,73","66,53",34,0,92,1438,106,464,0,0,1198,240,"36,89","151 352,71","98,03",502,0,2795,Total mar,1438,106,464,0,0,1198,240,"36,89","151 352,71","98,03",502,0,2795,Total,8013,3882,2696,0,0,6460,1553,"12,07","869 943,02","73,14",2822,0,15613
Data,Ocup,Opção,Cheg,Oferta/Uso Interno,Deduz. Individ.,Deduz. Grupos,% Ocup.,Receita Quartos,Preço Médio,Saídas,Quartos FdS,Adul. / Cri.,março,Previsão,02-mar-2026 seg,46,24,18,0,0,46,0,"51,85","3 978,00","56,83",19,0,93,1438,106,464,0,0,1198,240,"36,89","151 352,71","98,03",502,0,2795,Total mar,1438,106,464,0,0,1198,240,"36,89","151 352,71","98,03",502,0,2795,Total,8013,3882,2696,0,0,6460,1553,"12,07","869 943,02","73,14",2822,0,15613
Data,Ocup,Opção,Cheg,Oferta/Uso Interno,Deduz. Individ.,Deduz. Grupos,% Ocup.,Receita Quartos,Preço Médio,Saídas,Quartos FdS,Adul. / Cri.,março,Previsão,03-mar-2026 ter,45,11,11,0,0,45,0,"41,48","3 942,92","70,41",12,0,89,1438,106,464,0,0,1198,240,"36,89","151 352,71","98,03",502,0,2795,Total mar,1438,106,464,0,0,1198,240,"36,89","151 352,71","98,03",502,0,2795,Total,8013,3882,2696,0,0,6460,1553,"12,07","869 943,02","73,14",2822,0,15613
Data,Ocup,Opção,Cheg,Oferta/Uso Interno,Deduz. Individ.,Deduz. Grupos,% Ocup.,Receita Quartos,Preço Médio,Saídas,Quartos FdS,Adul. / Cri.,março,Previsão,04-mar-2026 qua,46,0,16,0,0,46,0,"34,07","3 953,10","85,94",15,0,87,1438,106,464,0,0,1198,240,"36,89","151 352,71","98,03",502,0,2795,Total mar,1438,106,464,0,0,1198,240,"36,89","151 352,71","98,03",502,0,2795,Total,8013,3882,2696,0,0,6460,1553,"12,07","869 943,02","73,14",2822,0,15613
Data,Ocup,Opção,Cheg,Oferta/Uso Interno,Deduz. Individ.,Deduz. Grupos,% Ocup.,Receita Quartos,Preço Médio,Saídas,Quartos FdS,Adul. / Cri.,março,Previsão,05-mar-2026 qui,50,0,11,0,0,50,0,"37,04","4 347,58","86,95",7,0,95,1438,106,464,0,0,1198,240,"36,89","151 352,71","98,03",502,0,2795,Total mar,1438,106,464,0,0,1198,240,"36,89","151 352,71","98,03",502,0,2795,Total,8013,3882,2696,0,0,6460,1553,"12,07","869 943,02","73,14",2822,0,15613
Data,Ocup,Opção,Cheg,Oferta/Uso Interno,Deduz. Individ.,Deduz. Grupos,% Ocup.,Receita Quartos,Preço Médio,Saídas,Quartos FdS,Adul. / Cri.,março,Previsão,06-mar-2026 sex,66,0,33,0,0,63,3,"48,89","6 899,20","104,53",17,0,121,1438,106,464,0,0,1198,240,"36,89","151 352,71","98,03",502,0,2795,Total mar,1438,106,464,0,0,1198,240,"36,89","151 352,71","98,03",502,0,2795,Total,8013,3882,2696,0,0,6460,1553,"12,07","869 943,02","73,14",2822,0,15613
Data,Ocup,Opção,Cheg,Oferta/Uso Interno,Deduz. Individ.,Deduz. Grupos,% Ocup.,Receita Quartos,Preço Médio,Saídas,Quartos FdS,Adul. / Cri.,março,Previsão,07-mar-2026 sáb,62,0,12,0,0,59,3,"45,93","6 405,78","103,32",16,0,116,1438,106,464,0,0,1198,240,"36,89","151 352,71","98,03",502,0,2795,Total mar,1438,106,464,0,0,1198,240,"36,89","151 352,71","98,03",502,0,2795,Total,8013,3882,2696,0,0,6460,1553,"12,07","869 943,02","73,14",2822,0,15613
Data,Ocup,Opção,Cheg,Oferta/Uso Interno,Deduz. Individ.,Deduz. Grupos,% Ocup.,Receita Quartos,Preço Médio,Saídas,Quartos FdS,Adul. / Cri.,março,Previsão,08-mar-2026 dom,49,0,11,0,0,49,0,"36,30","4 383,52","89,46",24,0,95,1438,106,464,0,0,1198,240,"36,89","151 352,71","98,03",502,0,2795,Total mar,1438,106,464,0,0,1198,240,"36,89","151 352,71","98,03",502,0,2795,Total,8013,3882,2696,0,0,6460,1553,"12,07","869 943,02","73,14",2822,0,15613
Data,Ocup,Opção,Cheg,Oferta/Uso Interno,Deduz. Individ.,Deduz. Grupos,% Ocup.,Receita Quartos,Preço Médio,Saídas,Quartos FdS,Adul. / Cri.,março,Previsão,09-mar-2026 seg,39,0,8,0,0,39,0,"28,89","3 489,67","89,48",18,0,76,1438,106,464,0,0,1198,240,"36,89","151 352,71","98,03",502,0,2795,Total mar,1438,106,464,0,0,1198,240,"36,89","151 352,71","98,03",502,0,2795,Total,8013,3882,2696,0,0,6460,1553,"12,07","869 943,02","73,14",2822,0,15613
Data,Ocup,Opção,Cheg,Oferta/Uso Interno,Deduz. Individ.,Deduz. Grupos,% Ocup.,Receita Quartos,Preço Médio,Saídas,Quartos FdS,Adul. / Cri.,março,Previsão,10-mar-2026 ter,29,0,10,0,0,28,1,"21,48","2 742,32","94,56",20,0,52,1438,106,464,0,0,1198,240,"36,89","151 352,71","98,03",502,0,2795,Total mar,1438,106,464,0,0,1198,240,"36,89","151 352,71","98,03",502,0,2795,Total,8013,3882,2696,0,0,6460,1553,"12,07","869 943,02","73,14",2822,0,15613
Data,Ocup,Opção,Cheg,Oferta/Uso Interno,Deduz. Individ.,Deduz. Grupos,% Ocup.,Receita Quartos,Preço Médio,Saídas,Quartos FdS,Adul. / Cri.,março,Previsão,11-mar-2026 qua,33,0,20,0,0,16,17,"24,44","3 660,21","110,92",16,0,65,1438,106,464,0,0,1198,240,"36,89","151 352,71","98,03",502,0,2795,Total mar,1438,106,464,0,0,1198,240,"36,89","151 352,71","98,03",502,0,2795,Total,8013,3882,2696,0,0,6460,1553,"12,07","869 943,02","73,14",2822,0,15613
Data,Ocup,Opção,Cheg,Oferta/Uso Interno,Deduz. Individ.,Deduz. Grupos,% Ocup.,Receita Quartos,Preço Médio,Saídas,Quartos FdS,Adul. / Cri.,março,Previsão,12-mar-2026 qui,43,0,17,0,0,26,17,"31,85","4 843,38","112,64",7,0,84,1438,106,464,0,0,1198,240,"36,89","151 352,71","98,03",502,0,2795,Total mar,1438,106,464,0,0,1198,240,"36,89","151 352,71","98,03",502,0,2795,Total,8013,3882,2696,0,0,6460,1553,"12,07","869 943,02","73,14",2822,0,15613
Data,Ocup,Opção,Cheg,Oferta/Uso Interno,Deduz. Individ.,Deduz. Grupos,% Ocup.,Receita Quartos,Preço Médio,Saídas,Quartos FdS,Adul. / Cri.,março,Previsão,13-mar-2026 sex,55,0,14,0,0,38,17,"40,74","6 432,88","116,96",2,0,107,1438,106,464,0,0,1198,240,"36,89","151 352,71","98,03",502,0,2795,Total mar,1438,106,464,0,0,1198,240,"36,89","151 352,71","98,03",502,0,2795,Total,8013,3882,2696,0,0,6460,1553,"12,07","869 943,02","73,14",2822,0,15613
Data,Ocup,Opção,Cheg,Oferta/Uso Interno,Deduz. Individ.,Deduz. Grupos,% Ocup.,Receita Quartos,Preço Médio,Saídas,Quartos FdS,Adul. / Cri.,março,Previsão,14-mar-2026 sáb,57,2,24,0,0,55,2,"43,70","6 158,63","104,38",22,0,115,1438,106,464,0,0,1198,240,"36,89","151 352,71","98,03",502,0,2795,Total mar,1438,106,464,0,0,1198,240,"36,89","151 352,71","98,03",502,0,2795,Total,8013,3882,2696,0,0,6460,1553,"12,07","869 943,02","73,14",2822,0,15613
Data,Ocup,Opção,Cheg,Oferta/Uso Interno,Deduz. Individ.,Deduz. Grupos,% Ocup.,Receita Quartos,Preço Médio,Saídas,Quartos FdS,Adul. / Cri.,março,Previsão,15-mar-2026 dom,45,13,7,0,0,45,0,"42,96","4 262,91","73,50",19,0,89,1438,106,464,0,0,1198,240,"36,89","151 352,71","98,03",502,0,2795,Total mar,1438,106,464,0,0,1198,240,"36,89","151 352,71","98,03",502,0,2795,Total,8013,3882,2696,0,0,6460,1553,"12,07","869 943,02","73,14",2822,0,15613
Data,Ocup,Opção,Cheg,Oferta/Uso Interno,Deduz. Individ.,Deduz. Grupos,% Ocup.,Receita Quartos,Preço Médio,Saídas,Quartos FdS,Adul. / Cri.,março,Previsão,16-mar-2026 seg,45,13,28,0,0,26,19,"42,96","5 993,64","103,34",28,0,85,1438,106,464,0,0,1198,240,"36,89","151 352,71","98,03",502,0,2795,Total mar,1438,106,464,0,0,1198,240,"36,89","151 352,71","98,03",502,0,2795,Total,8013,3882,2696,0,0,6460,1553,"12,07","869 943,02","73,14",2822,0,15613
Data,Ocup,Opção,Cheg,Oferta/Uso Interno,Deduz. Individ.,Deduz. Grupos,% Ocup.,Receita Quartos,Preço Médio,Saídas,Quartos FdS,Adul. / Cri.,março,Previsão,17-mar-2026 ter,50,0,9,0,0,30,20,"37,04","6 717,23","134,34",4,0,93,1438,106,464,0,0,1198,240,"36,89","151 352,71","98,03",502,0,2795,Total mar,1438,106,464,0,0,1198,240,"36,89","151 352,71","98,03",502,0,2795,Total,8013,3882,2696,0,0,6460,1553,"12,07","869 943,02","73,14",2822,0,15613
Data,Ocup,Opção,Cheg,Oferta/Uso Interno,Deduz. Individ.,Deduz. Grupos,% Ocup.,Receita Quartos,Preço Médio,Saídas,Quartos FdS,Adul. / Cri.,março,Previsão,18-mar-2026 qua,55,0,22,0,0,19,36,"40,74","7 338,40","133,43",17,0,103,1438,106,464,0,0,1198,240,"36,89","151 352,71","98,03",502,0,2795,Total mar,1438,106,464,0,0,1198,240,"36,89","151 352,71","98,03",502,0,2795,Total,8013,3882,2696,0,0,6460,1553,"12,07","869 943,02","73,14",2822,0,15613
Data,Ocup,Opção,Cheg,Oferta/Uso Interno,Deduz. Individ.,Deduz. Grupos,% Ocup.,Receita Quartos,Preço Médio,Saídas,Quartos FdS,Adul. / Cri.,março,Previsão,19-mar-2026 qui,54,0,8,0,0,18,36,"40,00","7 522,03","139,30",9,0,103,1438,106,464,0,0,1198,240,"36,89","151 352,71","98,03",502,0,2795,Total mar,1438,106,464,0,0,1198,240,"36,89","151 352,71","98,03",502,0,2795,Total,8013,3882,2696,0,0,6460,1553,"12,07","869 943,02","73,14",2822,0,15613
Data,Ocup,Opção,Cheg,Oferta/Uso Interno,Deduz. Individ.,Deduz. Grupos,% Ocup.,Receita Quartos,Preço Médio,Saídas,Quartos FdS,Adul. / Cri.,março,Previsão,20-mar-2026 sex,62,0,29,0,0,45,17,"45,93","7 864,93","126,85",21,0,126,1438,106,464,0,0,1198,240,"36,89","151 352,71","98,03",502,0,2795,Total mar,1438,106,464,0,0,1198,240,"36,89","151 352,71","98,03",502,0,2795,Total,8013,3882,2696,0,0,6460,1553,"12,07","869 943,02","73,14",2822,0,15613
Data,Ocup,Opção,Cheg,Oferta/Uso Interno,Deduz. Individ.,Deduz. Grupos,% Ocup.,Receita Quartos,Preço Médio,Saídas,Quartos FdS,Adul. / Cri.,março,Previsão,21-mar-2026 sáb,55,4,18,0,0,55,0,"43,70","5 649,03","95,75",25,0,109,1438,106,464,0,0,1198,240,"36,89","151 352,71","98,03",502,0,2795,Total mar,1438,106,464,0,0,1198,240,"36,89","151 352,71","98,03",502,0,2795,Total,8013,3882,2696,0,0,6460,1553,"12,07","869 943,02","73,14",2822,0,15613
Data,Ocup,Opção,Cheg,Oferta/Uso Interno,Deduz. Individ.,Deduz. Grupos,% Ocup.,Receita Quartos,Preço Médio,Saídas,Quartos FdS,Adul. / Cri.,março,Previsão,22-mar-2026 dom,45,13,12,0,0,45,0,"42,96","3 667,16","63,23",22,0,87,1438,106,464,0,0,1198,240,"36,89","151 352,71","98,03",502,0,2795,Total mar,1438,106,464,0,0,1198,240,"36,89","151 352,71","98,03",502,0,2795,Total,8013,3882,2696,0,0,6460,1553,"12,07","869 943,02","73,14",2822,0,15613
Data,Ocup,Opção,Cheg,Oferta/Uso Interno,Deduz. Individ.,Deduz. Grupos,% Ocup.,Receita Quartos,Preço Médio,Saídas,Quartos FdS,Adul. / Cri.,março,Previsão,23-mar-2026 seg,44,13,10,0,0,44,0,"42,22","3 600,26","63,16",11,0,85,1438,106,464,0,0,1198,240,"36,89","151 352,71","98,03",502,0,2795,Total mar,1438,106,464,0,0,1198,240,"36,89","151 352,71","98,03",502,0,2795,Total,8013,3882,2696,0,0,6460,1553,"12,07","869 943,02","73,14",2822,0,15613
Data,Ocup,Opção,Cheg,Oferta/Uso Interno,Deduz. Individ.,Deduz. Grupos,% Ocup.,Receita Quartos,Preço Médio,Saídas,Quartos FdS,Adul. / Cri.,março,Previsão,24-mar-2026 ter,51,0,21,0,0,50,1,"37,78","4 869,34","95,48",14,0,96,1438,106,464,0,0,1198,240,"36,89","151 352,71","98,03",502,0,2795,Total mar,1438,106,464,0,0,1198,240,"36,89","151 352,71","98,03",502,0,2795,Total,8013,3882,2696,0,0,6460,1553,"12,07","869 943,02","73,14",2822,0,15613
Data,Ocup,Opção,Cheg,Oferta/Uso Interno,Deduz. Individ.,Deduz. Grupos,% Ocup.,Receita Quartos,Preço Médio,Saídas,Quartos FdS,Adul. / Cri.,março,Previsão,25-mar-2026 qua,44,0,20,0,0,27,17,"32,59","4 867,77","110,63",27,0,87,1438,106,464,0,0,1198,240,"36,89","151 352,71","98,03",502,0,2795,Total mar,1438,106,464,0,0,1198,240,"36,89","151 352,71","98,03",502,0,2795,Total,8013,3882,2696,0,0,6460,1553,"12,07","869 943,02","73,14",2822,0,15613
Data,Ocup,Opção,Cheg,Oferta/Uso Interno,Deduz. Individ.,Deduz. Grupos,% Ocup.,Receita Quartos,Preço Médio,Saídas,Quartos FdS,Adul. / Cri.,março,Previsão,26-mar-2026 qui,41,0,2,0,0,24,17,"30,37","4 666,63","113,82",5,0,81,1438,106,464,0,0,1198,240,"36,89","151 352,71","98,03",502,0,2795,Total mar,1438,106,464,0,0,1198,240,"36,89","151 352,71","98,03",502,0,2795,Total,8013,3882,2696,0,0,6460,1553,"12,07","869 943,02","73,14",2822,0,15613
Data,Ocup,Opção,Cheg,Oferta/Uso Interno,Deduz. Individ.,Deduz. Grupos,% Ocup.,Receita Quartos,Preço Médio,Saídas,Quartos FdS,Adul. / Cri.,março,Previsão,27-mar-2026 sex,31,0,7,0,0,14,17,"22,96","3 905,51","125,98",17,0,61,1438,106,464,0,0,1198,240,"36,89","151 352,71","98,03",502,0,2795,Total mar,1438,106,464,0,0,1198,240,"36,89","151 352,71","98,03",502,0,2795,Total,8013,3882,2696,0,0,6460,1553,"12,07","869 943,02","73,14",2822,0,15613
Data,Ocup,Opção,Cheg,Oferta/Uso Interno,Deduz. Individ.,Deduz. Grupos,% Ocup.,Receita Quartos,Preço Médio,Saídas,Quartos FdS,Adul. / Cri.,março,Previsão,28-mar-2026 sáb,28,0,19,0,0,28,0,"20,74","3 196,74","114,17",22,0,55,1438,106,464,0,0,1198,240,"36,89","151 352,71","98,03",502,0,2795,Total mar,1438,106,464,0,0,1198,240,"36,89","151 352,71","98,03",502,0,2795,Total,8013,3882,2696,0,0,6460,1553,"12,07","869 943,02","73,14",2822,0,15613
Data,Ocup,Opção,Cheg,Oferta/Uso Interno,Deduz. Individ.,Deduz. Grupos,% Ocup.,Receita Quartos,Preço Médio,Saídas,Quartos FdS,Adul. / Cri.,março,Previsão,29-mar-2026 dom,45,0,20,0,0,45,0,"33,33","4 608,87","102,42",3,0,90,1438,106,464,0,0,1198,240,"36,89","151 352,71","98,03",502,0,2795,Total mar,1438,106,464,0,0,1198,240,"36,89","151 352,71","98,03",502,0,2795,Total,8013,3882,2696,0,0,6460,1553,"12,07","869 943,02","73,14",2822,0,15613
Data,Ocup,Opção,Cheg,Oferta/Uso Interno,Deduz. Individ.,Deduz. Grupos,% Ocup.,Receita Quartos,Preço Médio,Saídas,Quartos FdS,Adul. / Cri.,março,Previsão,30-mar-2026 seg,45,0,8,0,0,45,0,"33,33","4 360,73","96,91",8,0,93,1438,106,464,0,0,1198,240,"36,89","151 352,71","98,03",502,0,2795,Total mar,1438,106,464,0,0,1198,240,"36,89","151 352,71","98,03",502,0,2795,Total,8013,3882,2696,0,0,6460,1553,"12,07","869 943,02","73,14",2822,0,15613
Data,Ocup,Opção,Cheg,Oferta/Uso Interno,Deduz. Individ.,Deduz. Grupos,% Ocup.,Receita Quartos,Preço Médio,Saídas,Quartos FdS,Adul. / Cri.,março,Previsão,31-mar-2026 ter,31,0,7,0,0,31,0,"22,96","3 032,60","97,83",21,0,65,1438,106,464,0,0,1198,240,"36,89","151 352,71","98,03",502,0,2795,Total mar,1438,106,464,0,0,1198,240,"36,89","151 352,71","98,03",502,0,2795,Total,8013,3882,2696,0,0,6460,1553,"12,07","869 943,02","73,14",2822,0,15613
Data,Ocup,Opção,Cheg,Oferta/Uso Interno,Deduz. Individ.,Deduz. Grupos,% Ocup.,Receita Quartos,Preço Médio,Saídas,Quartos FdS,Adul. / Cri.,abril,Previsão,01-abr-2026 qua,27,0,5,0,0,27,0,"20,00","3 938,75","145,88",9,0,61,851,211,286,0,0,615,236,"26,22","123 072,74","115,89",288,0,1712,Total abr,851,211,286,0,0,615,236,"26,22","123 072,74","115,89",288,0,1712,Total,8013,3882,2696,0,0,6460,1553,"12,07","869 943,02","73,14",2822,0,15613
Data,Ocup,Opção,Cheg,Oferta/Uso Interno,Deduz. Individ.,Deduz. Grupos,% Ocup.,Receita Quartos,Preço Médio,Saídas,Quartos FdS,Adul. / Cri.,abril,Previsão,02-abr-2026 qui,19,0,4,0,0,19,0,"14,07","3 317,88","174,63",12,0,47,851,211,286,0,0,615,236,"26,22","123 072,74","115,89",288,0,1712,Total abr,851,211,286,0,0,615,236,"26,22","123 072,74","115,89",288,0,1712,Total,8013,3882,2696,0,0,6460,1553,"12,07","869 943,02","73,14",2822,0,15613
Data,Ocup,Opção,Cheg,Oferta/Uso Interno,Deduz. Individ.,Deduz. Grupos,% Ocup.,Receita Quartos,Preço Médio,Saídas,Quartos FdS,Adul. / Cri.,abril,Previsão,03-abr-2026 sex,10,0,1,0,0,10,0,"7,41","2 442,81","244,28",10,0,27,851,211,286,0,0,615,236,"26,22","123 072,74","115,89",288,0,1712,Total abr,851,211,286,0,0,615,236,"26,22","123 072,74","115,89",288,0,1712,Total,8013,3882,2696,0,0,6460,1553,"12,07","869 943,02","73,14",2822,0,15613
Data,Ocup,Opção,Cheg,Oferta/Uso Interno,Deduz. Individ.,Deduz. Grupos,% Ocup.,Receita Quartos,Preço Médio,Saídas,Quartos FdS,Adul. / Cri.,abril,Previsão,04-abr-2026 sáb,10,0,4,0,0,10,0,"7,41","2 388,70","238,87",4,0,28,851,211,286,0,0,615,236,"26,22","123 072,74","115,89",288,0,1712,Total abr,851,211,286,0,0,615,236,"26,22","123 072,74","115,89",288,0,1712,Total,8013,3882,2696,0,0,6460,1553,"12,07","869 943,02","73,14",2822,0,15613
Data,Ocup,Opção,Cheg,Oferta/Uso Interno,Deduz. Individ.,Deduz. Grupos,% Ocup.,Receita Quartos,Preço Médio,Saídas,Quartos FdS,Adul. / Cri.,abril,Previsão,05-abr-2026 dom,18,0,8,0,0,18,0,"13,33","3 172,38","176,24",0,0,44,851,211,286,0,0,615,236,"26,22","123 072,74","115,89",288,0,1712,Total abr,851,211,286,0,0,615,236,"26,22","123 072,74","115,89",288,0,1712,Total,8013,3882,2696,0,0,6460,1553,"12,07","869 943,02","73,14",2822,0,15613
Data,Ocup,Opção,Cheg,Oferta/Uso Interno,Deduz. Individ.,Deduz. Grupos,% Ocup.,Receita Quartos,Preço Médio,Saídas,Quartos FdS,Adul. / Cri.,abril,Previsão,06-abr-2026 seg,25,0,11,0,0,25,0,"18,52","3 336,30","133,45",4,0,53,851,211,286,0,0,615,236,"26,22","123 072,74","115,89",288,0,1712,Total abr,851,211,286,0,0,615,236,"26,22","123 072,74","115,89",288,0,1712,Total,8013,3882,2696,0,0,6460,1553,"12,07","869 943,02","73,14",2822,0,15613
Data,Ocup,Opção,Cheg,Oferta/Uso Interno,Deduz. Individ.,Deduz. Grupos,% Ocup.,Receita Quartos,Preço Médio,Saídas,Quartos FdS,Adul. / Cri.,abril,Previsão,07-abr-2026 ter,31,12,9,0,0,30,1,"31,85","4 173,90","97,07",3,0,65,851,211,286,0,0,615,236,"26,22","123 072,74","115,89",288,0,1712,Total abr,851,211,286,0,0,615,236,"26,22","123 072,74","115,89",288,0,1712,Total,8013,3882,2696,0,0,6460,1553,"12,07","869 943,02","73,14",2822,0,15613
Data,Ocup,Opção,Cheg,Oferta/Uso Interno,Deduz. Individ.,Deduz. Grupos,% Ocup.,Receita Quartos,Preço Médio,Saídas,Quartos FdS,Adul. / Cri.,abril,Previsão,08-abr-2026 qua,29,12,19,0,0,12,17,"30,37","4 207,78","102,63",21,0,56,851,211,286,0,0,615,236,"26,22","123 072,74","115,89",288,0,1712,Total abr,851,211,286,0,0,615,236,"26,22","123 072,74","115,89",288,0,1712,Total,8013,3882,2696,0,0,6460,1553,"12,07","869 943,02","73,14",2822,0,15613
Data,Ocup,Opção,Cheg,Oferta/Uso Interno,Deduz. Individ.,Deduz. Grupos,% Ocup.,Receita Quartos,Preço Médio,Saídas,Quartos FdS,Adul. / Cri.,abril,Previsão,09-abr-2026 qui,28,12,3,0,0,11,17,"29,63","3 943,47","98,59",4,0,53,851,211,286,0,0,615,236,"26,22","123 072,74","115,89",288,0,1712,Total abr,851,211,286,0,0,615,236,"26,22","123 072,74","115,89",288,0,1712,Total,8013,3882,2696,0,0,6460,1553,"12,07","869 943,02","73,14",2822,0,15613
Data,Ocup,Opção,Cheg,Oferta/Uso Interno,Deduz. Individ.,Deduz. Grupos,% Ocup.,Receita Quartos,Preço Médio,Saídas,Quartos FdS,Adul. / Cri.,abril,Previsão,10-abr-2026 sex,34,0,9,0,0,17,17,"25,19","5 214,31","153,36",3,0,65,851,211,286,0,0,615,236,"26,22","123 072,74","115,89",288,0,1712,Total abr,851,211,286,0,0,615,236,"26,22","123 072,74","115,89",288,0,1712,Total,8013,3882,2696,0,0,6460,1553,"12,07","869 943,02","73,14",2822,0,15613
Data,Ocup,Opção,Cheg,Oferta/Uso Interno,Deduz. Individ.,Deduz. Grupos,% Ocup.,Receita Quartos,Preço Médio,Saídas,Quartos FdS,Adul. / Cri.,abril,Previsão,11-abr-2026 sáb,34,1,21,0,0,31,3,"25,93","4 616,05","131,89",21,0,63,851,211,286,0,0,615,236,"26,22","123 072,74","115,89",288,0,1712,Total abr,851,211,286,0,0,615,236,"26,22","123 072,74","115,89",288,0,1712,Total,8013,3882,2696,0,0,6460,1553,"12,07","869 943,02","73,14",2822,0,15613
Data,Ocup,Opção,Cheg,Oferta/Uso Interno,Deduz. Individ.,Deduz. Grupos,% Ocup.,Receita Quartos,Preço Médio,Saídas,Quartos FdS,Adul. / Cri.,abril,Previsão,12-abr-2026 dom,30,13,8,0,0,30,0,"31,85","3 777,86","87,86",12,0,55,851,211,286,0,0,615,236,"26,22","123 072,74","115,89",288,0,1712,Total abr,851,211,286,0,0,615,236,"26,22","123 072,74","115,89",288,0,1712,Total,8013,3882,2696,0,0,6460,1553,"12,07","869 943,02","73,14",2822,0,15613
Data,Ocup,Opção,Cheg,Oferta/Uso Interno,Deduz. Individ.,Deduz. Grupos,% Ocup.,Receita Quartos,Preço Médio,Saídas,Quartos FdS,Adul. / Cri.,abril,Previsão,13-abr-2026 seg,27,13,2,0,0,27,0,"29,63","3 343,24","83,58",5,0,50,851,211,286,0,0,615,236,"26,22","123 072,74","115,89",288,0,1712,Total abr,851,211,286,0,0,615,236,"26,22","123 072,74","115,89",288,0,1712,Total,8013,3882,2696,0,0,6460,1553,"12,07","869 943,02","73,14",2822,0,15613
Data,Ocup,Opção,Cheg,Oferta/Uso Interno,Deduz. Individ.,Deduz. Grupos,% Ocup.,Receita Quartos,Preço Médio,Saídas,Quartos FdS,Adul. / Cri.,abril,Previsão,14-abr-2026 ter,28,22,14,0,0,27,1,"37,04","3 561,35","71,23",13,0,52,851,211,286,0,0,615,236,"26,22","123 072,74","115,89",288,0,1712,Total abr,851,211,286,0,0,615,236,"26,22","123 072,74","115,89",288,0,1712,Total,8013,3882,2696,0,0,6460,1553,"12,07","869 943,02","73,14",2822,0,15613
Data,Ocup,Opção,Cheg,Oferta/Uso Interno,Deduz. Individ.,Deduz. Grupos,% Ocup.,Receita Quartos,Preço Médio,Saídas,Quartos FdS,Adul. / Cri.,abril,Previsão,15-abr-2026 qua,32,22,21,0,0,13,19,"40,00","4 597,68","85,14",17,0,63,851,211,286,0,0,615,236,"26,22","123 072,74","115,89",288,0,1712,Total abr,851,211,286,0,0,615,236,"26,22","123 072,74","115,89",288,0,1712,Total,8013,3882,2696,0,0,6460,1553,"12,07","869 943,02","73,14",2822,0,15613
Data,Ocup,Opção,Cheg,Oferta/Uso Interno,Deduz. Individ.,Deduz. Grupos,% Ocup.,Receita Quartos,Preço Médio,Saídas,Quartos FdS,Adul. / Cri.,abril,Previsão,16-abr-2026 qui,37,23,8,0,0,17,20,"44,44","5 195,68","86,59",3,0,72,851,211,286,0,0,615,236,"26,22","123 072,74","115,89",288,0,1712,Total abr,851,211,286,0,0,615,236,"26,22","123 072,74","115,89",288,0,1712,Total,8013,3882,2696,0,0,6460,1553,"12,07","869 943,02","73,14",2822,0,15613
Data,Ocup,Opção,Cheg,Oferta/Uso Interno,Deduz. Individ.,Deduz. Grupos,% Ocup.,Receita Quartos,Preço Médio,Saídas,Quartos FdS,Adul. / Cri.,abril,Previsão,17-abr-2026 sex,35,13,6,0,0,18,17,"35,56","4 865,55","101,37",8,0,69,851,211,286,0,0,615,236,"26,22","123 072,74","115,89",288,0,1712,Total abr,851,211,286,0,0,615,236,"26,22","123 072,74","115,89",288,0,1712,Total,8013,3882,2696,0,0,6460,1553,"12,07","869 943,02","73,14",2822,0,15613
Data,Ocup,Opção,Cheg,Oferta/Uso Interno,Deduz. Individ.,Deduz. Grupos,% Ocup.,Receita Quartos,Preço Médio,Saídas,Quartos FdS,Adul. / Cri.,abril,Previsão,18-abr-2026 sáb,30,13,13,0,0,29,1,"31,85","3 412,21","79,35",18,0,59,851,211,286,0,0,615,236,"26,22","123 072,74","115,89",288,0,1712,Total abr,851,211,286,0,0,615,236,"26,22","123 072,74","115,89",288,0,1712,Total,8013,3882,2696,0,0,6460,1553,"12,07","869 943,02","73,14",2822,0,15613
Data,Ocup,Opção,Cheg,Oferta/Uso Interno,Deduz. Individ.,Deduz. Grupos,% Ocup.,Receita Quartos,Preço Médio,Saídas,Quartos FdS,Adul. / Cri.,abril,Previsão,19-abr-2026 dom,24,0,7,0,0,24,0,"17,78","2 604,66","108,53",13,0,47,851,211,286,0,0,615,236,"26,22","123 072,74","115,89",288,0,1712,Total abr,851,211,286,0,0,615,236,"26,22","123 072,74","115,89",288,0,1712,Total,8013,3882,2696,0,0,6460,1553,"12,07","869 943,02","73,14",2822,0,15613
Data,Ocup,Opção,Cheg,Oferta/Uso Interno,Deduz. Individ.,Deduz. Grupos,% Ocup.,Receita Quartos,Preço Médio,Saídas,Quartos FdS,Adul. / Cri.,abril,Previsão,20-abr-2026 seg,25,0,5,0,0,25,0,"18,52","2 870,19","114,81",4,0,51,851,211,286,0,0,615,236,"26,22","123 072,74","115,89",288,0,1712,Total abr,851,211,286,0,0,615,236,"26,22","123 072,74","115,89",288,0,1712,Total,8013,3882,2696,0,0,6460,1553,"12,07","869 943,02","73,14",2822,0,15613
Data,Ocup,Opção,Cheg,Oferta/Uso Interno,Deduz. Individ.,Deduz. Grupos,% Ocup.,Receita Quartos,Preço Médio,Saídas,Quartos FdS,Adul. / Cri.,abril,Previsão,21-abr-2026 ter,23,0,7,0,0,22,1,"17,04","2 957,75","128,60",9,0,46,851,211,286,0,0,615,236,"26,22","123 072,74","115,89",288,0,1712,Total abr,851,211,286,0,0,615,236,"26,22","123 072,74","115,89",288,0,1712,Total,8013,3882,2696,0,0,6460,1553,"12,07","869 943,02","73,14",2822,0,15613
Data,Ocup,Opção,Cheg,Oferta/Uso Interno,Deduz. Individ.,Deduz. Grupos,% Ocup.,Receita Quartos,Preço Médio,Saídas,Quartos FdS,Adul. / Cri.,abril,Previsão,22-abr-2026 qua,43,0,33,0,0,14,29,"31,85","7 415,67","172,46",13,0,84,851,211,286,0,0,615,236,"26,22","123 072,74","115,89",288,0,1712,Total abr,851,211,286,0,0,615,236,"26,22","123 072,74","115,89",288,0,1712,Total,8013,3882,2696,0,0,6460,1553,"12,07","869 943,02","73,14",2822,0,15613
Data,Ocup,Opção,Cheg,Oferta/Uso Interno,Deduz. Individ.,Deduz. Grupos,% Ocup.,Receita Quartos,Preço Médio,Saídas,Quartos FdS,Adul. / Cri.,abril,Previsão,23-abr-2026 qui,44,17,7,0,0,15,29,"45,19","7 579,97","124,26",6,0,86,851,211,286,0,0,615,236,"26,22","123 072,74","115,89",288,0,1712,Total abr,851,211,286,0,0,615,236,"26,22","123 072,74","115,89",288,0,1712,Total,8013,3882,2696,0,0,6460,1553,"12,07","869 943,02","73,14",2822,0,15613
Data,Ocup,Opção,Cheg,Oferta/Uso Interno,Deduz. Individ.,Deduz. Grupos,% Ocup.,Receita Quartos,Preço Médio,Saídas,Quartos FdS,Adul. / Cri.,abril,Previsão,24-abr-2026 sex,46,17,6,0,0,17,29,"46,67","8 349,79","132,54",4,0,91,851,211,286,0,0,615,236,"26,22","123 072,74","115,89",288,0,1712,Total abr,851,211,286,0,0,615,236,"26,22","123 072,74","115,89",288,0,1712,Total,8013,3882,2696,0,0,6460,1553,"12,07","869 943,02","73,14",2822,0,15613
Data,Ocup,Opção,Cheg,Oferta/Uso Interno,Deduz. Individ.,Deduz. Grupos,% Ocup.,Receita Quartos,Preço Médio,Saídas,Quartos FdS,Adul. / Cri.,abril,Previsão,25-abr-2026 sáb,22,17,8,0,0,22,0,"28,89","2 886,48","74,01",32,0,45,851,211,286,0,0,615,236,"26,22","123 072,74","115,89",288,0,1712,Total abr,851,211,286,0,0,615,236,"26,22","123 072,74","115,89",288,0,1712,Total,8013,3882,2696,0,0,6460,1553,"12,07","869 943,02","73,14",2822,0,15613
Data,Ocup,Opção,Cheg,Oferta/Uso Interno,Deduz. Individ.,Deduz. Grupos,% Ocup.,Receita Quartos,Preço Médio,Saídas,Quartos FdS,Adul. / Cri.,abril,Previsão,26-abr-2026 dom,23,0,9,0,0,23,0,"17,04","2 887,83","125,56",8,0,48,851,211,286,0,0,615,236,"26,22","123 072,74","115,89",288,0,1712,Total abr,851,211,286,0,0,615,236,"26,22","123 072,74","115,89",288,0,1712,Total,8013,3882,2696,0,0,6460,1553,"12,07","869 943,02","73,14",2822,0,15613
Data,Ocup,Opção,Cheg,Oferta/Uso Interno,Deduz. Individ.,Deduz. Grupos,% Ocup.,Receita Quartos,Preço Médio,Saídas,Quartos FdS,Adul. / Cri.,abril,Previsão,27-abr-2026 seg,26,0,8,0,0,26,0,"19,26","3 087,44","118,75",5,0,51,851,211,286,0,0,615,236,"26,22","123 072,74","115,89",288,0,1712,Total abr,851,211,286,0,0,615,236,"26,22","123 072,74","115,89",288,0,1712,Total,8013,3882,2696,0,0,6460,1553,"12,07","869 943,02","73,14",2822,0,15613
Data,Ocup,Opção,Cheg,Oferta/Uso Interno,Deduz. Individ.,Deduz. Grupos,% Ocup.,Receita Quartos,Preço Médio,Saídas,Quartos FdS,Adul. / Cri.,abril,Previsão,28-abr-2026 ter,27,0,9,0,0,26,1,"20,00","3 442,45","127,50",8,0,54,851,211,286,0,0,615,236,"26,22","123 072,74","115,89",288,0,1712,Total abr,851,211,286,0,0,615,236,"26,22","123 072,74","115,89",288,0,1712,Total,8013,3882,2696,0,0,6460,1553,"12,07","869 943,02","73,14",2822,0,15613
Data,Ocup,Opção,Cheg,Oferta/Uso Interno,Deduz. Individ.,Deduz. Grupos,% Ocup.,Receita Quartos,Preço Médio,Saídas,Quartos FdS,Adul. / Cri.,abril,Previsão,29-abr-2026 qua,35,0,19,0,0,18,17,"25,93","5 199,05","148,54",11,0,70,851,211,286,0,0,615,236,"26,22","123 072,74","115,89",288,0,1712,Total abr,851,211,286,0,0,615,236,"26,22","123 072,74","115,89",288,0,1712,Total,8013,3882,2696,0,0,6460,1553,"12,07","869 943,02","73,14",2822,0,15613
Data,Ocup,Opção,Cheg,Oferta/Uso Interno,Deduz. Individ.,Deduz. Grupos,% Ocup.,Receita Quartos,Preço Médio,Saídas,Quartos FdS,Adul. / Cri.,abril,Previsão,30-abr-2026 qui,29,4,2,0,0,12,17,"24,44","4 285,57","129,87",8,0,57,851,211,286,0,0,615,236,"26,22","123 072,74","115,89",288,0,1712,Total abr,851,211,286,0,0,615,236,"26,22","123 072,74","115,89",288,0,1712,Total,8013,3882,2696,0,0,6460,1553,"12,07","869 943,02","73,14",2822,0,15613
Data,Ocup,Opção,Cheg,Oferta/Uso Interno,Deduz. Individ.,Deduz. Grupos,% Ocup.,Receita Quartos,Preço Médio,Saídas,Quartos FdS,Adul. / Cri.,maio,Previsão,01-mai-2026 sex,25,13,4,0,0,8,17,"28,15","3 895,00","102,50",8,0,48,583,649,207,0,0,348,235,"29,44","92 128,35","74,78",228,0,1096,Total mai,583,649,207,0,0,348,235,"29,44","92 128,35","74,78",228,0,1096,Total,8013,3882,2696,0,0,6460,1553,"12,07","869 943,02","73,14",2822,0,15613
Data,Ocup,Opção,Cheg,Oferta/Uso Interno,Deduz. Individ.,Deduz. Grupos,% Ocup.,Receita Quartos,Preço Médio,Saídas,Quartos FdS,Adul. / Cri.,maio,Previsão,02-mai-2026 sáb,12,13,6,0,0,12,0,"18,52","2 179,77","87,19",19,0,21,583,649,207,0,0,348,235,"29,44","92 128,35","74,78",228,0,1096,Total mai,583,649,207,0,0,348,235,"29,44","92 128,35","74,78",228,0,1096,Total,8013,3882,2696,0,0,6460,1553,"12,07","869 943,02","73,14",2822,0,15613
Data,Ocup,Opção,Cheg,Oferta/Uso Interno,Deduz. Individ.,Deduz. Grupos,% Ocup.,Receita Quartos,Preço Médio,Saídas,Quartos FdS,Adul. / Cri.,maio,Previsão,03-mai-2026 dom,10,47,3,0,0,10,0,"42,22","1 472,28","25,83",5,0,19,583,649,207,0,0,348,235,"29,44","92 128,35","74,78",228,0,1096,Total mai,583,649,207,0,0,348,235,"29,44","92 128,35","74,78",228,0,1096,Total,8013,3882,2696,0,0,6460,1553,"12,07","869 943,02","73,14",2822,0,15613
Data,Ocup,Opção,Cheg,Oferta/Uso Interno,Deduz. Individ.,Deduz. Grupos,% Ocup.,Receita Quartos,Preço Médio,Saídas,Quartos FdS,Adul. / Cri.,maio,Previsão,04-mai-2026 seg,12,47,5,0,0,12,0,"43,70","1 804,43","30,58",3,0,23,583,649,207,0,0,348,235,"29,44","92 128,35","74,78",228,0,1096,Total mai,583,649,207,0,0,348,235,"29,44","92 128,35","74,78",228,0,1096,Total,8013,3882,2696,0,0,6460,1553,"12,07","869 943,02","73,14",2822,0,15613
Data,Ocup,Opção,Cheg,Oferta/Uso Interno,Deduz. Individ.,Deduz. Grupos,% Ocup.,Receita Quartos,Preço Médio,Saídas,Quartos FdS,Adul. / Cri.,maio,Previsão,05-mai-2026 ter,15,47,6,0,0,13,2,"45,93","2 252,75","36,33",3,0,29,583,649,207,0,0,348,235,"29,44","92 128,35","74,78",228,0,1096,Total mai,583,649,207,0,0,348,235,"29,44","92 128,35","74,78",228,0,1096,Total,8013,3882,2696,0,0,6460,1553,"12,07","869 943,02","73,14",2822,0,15613
Data,Ocup,Opção,Cheg,Oferta/Uso Interno,Deduz. Individ.,Deduz. Grupos,% Ocup.,Receita Quartos,Preço Médio,Saídas,Quartos FdS,Adul. / Cri.,maio,Previsão,06-mai-2026 qua,28,0,20,0,0,9,19,"20,74","3 975,53","141,98",7,0,55,583,649,207,0,0,348,235,"29,44","92 128,35","74,78",228,0,1096,Total mai,583,649,207,0,0,348,235,"29,44","92 128,35","74,78",228,0,1096,Total,8013,3882,2696,0,0,6460,1553,"12,07","869 943,02","73,14",2822,0,15613
Data,Ocup,Opção,Cheg,Oferta/Uso Interno,Deduz. Individ.,Deduz. Grupos,% Ocup.,Receita Quartos,Preço Médio,Saídas,Quartos FdS,Adul. / Cri.,maio,Previsão,07-mai-2026 qui,26,1,3,0,0,6,20,"20,00","3 703,07","137,15",5,0,50,583,649,207,0,0,348,235,"29,44","92 128,35","74,78",228,0,1096,Total mai,583,649,207,0,0,348,235,"29,44","92 128,35","74,78",228,0,1096,Total,8013,3882,2696,0,0,6460,1553,"12,07","869 943,02","73,14",2822,0,15613
Data,Ocup,Opção,Cheg,Oferta/Uso Interno,Deduz. Individ.,Deduz. Grupos,% Ocup.,Receita Quartos,Preço Médio,Saídas,Quartos FdS,Adul. / Cri.,maio,Previsão,08-mai-2026 sex,25,13,4,0,0,8,17,"28,15","3 928,29","103,38",5,0,49,583,649,207,0,0,348,235,"29,44","92 128,35","74,78",228,0,1096,Total mai,583,649,207,0,0,348,235,"29,44","92 128,35","74,78",228,0,1096,Total,8013,3882,2696,0,0,6460,1553,"12,07","869 943,02","73,14",2822,0,15613
Data,Ocup,Opção,Cheg,Oferta/Uso Interno,Deduz. Individ.,Deduz. Grupos,% Ocup.,Receita Quartos,Preço Médio,Saídas,Quartos FdS,Adul. / Cri.,maio,Previsão,09-mai-2026 sáb,9,35,4,0,0,9,0,"32,59","1 605,06","36,48",20,0,17,583,649,207,0,0,348,235,"29,44","92 128,35","74,78",228,0,1096,Total mai,583,649,207,0,0,348,235,"29,44","92 128,35","74,78",228,0,1096,Total,8013,3882,2696,0,0,6460,1553,"12,07","869 943,02","73,14",2822,0,15613
Data,Ocup,Opção,Cheg,Oferta/Uso Interno,Deduz. Individ.,Deduz. Grupos,% Ocup.,Receita Quartos,Preço Médio,Saídas,Quartos FdS,Adul. / Cri.,maio,Previsão,10-mai-2026 dom,7,22,1,0,0,7,0,"21,48","1 130,40","38,98",3,0,14,583,649,207,0,0,348,235,"29,44","92 128,35","74,78",228,0,1096,Total mai,583,649,207,0,0,348,235,"29,44","92 128,35","74,78",228,0,1096,Total,8013,3882,2696,0,0,6460,1553,"12,07","869 943,02","73,14",2822,0,15613
Data,Ocup,Opção,Cheg,Oferta/Uso Interno,Deduz. Individ.,Deduz. Grupos,% Ocup.,Receita Quartos,Preço Médio,Saídas,Quartos FdS,Adul. / Cri.,maio,Previsão,11-mai-2026 seg,9,22,5,0,0,9,0,"22,96","1 373,50","44,31",3,0,16,583,649,207,0,0,348,235,"29,44","92 128,35","74,78",228,0,1096,Total mai,583,649,207,0,0,348,235,"29,44","92 128,35","74,78",228,0,1096,Total,8013,3882,2696,0,0,6460,1553,"12,07","869 943,02","73,14",2822,0,15613
Data,Ocup,Opção,Cheg,Oferta/Uso Interno,Deduz. Individ.,Deduz. Grupos,% Ocup.,Receita Quartos,Preço Médio,Saídas,Quartos FdS,Adul. / Cri.,maio,Previsão,12-mai-2026 ter,17,22,10,0,0,16,1,"28,89","2 637,51","67,63",2,0,31,583,649,207,0,0,348,235,"29,44","92 128,35","74,78",228,0,1096,Total mai,583,649,207,0,0,348,235,"29,44","92 128,35","74,78",228,0,1096,Total,8013,3882,2696,0,0,6460,1553,"12,07","869 943,02","73,14",2822,0,15613
Data,Ocup,Opção,Cheg,Oferta/Uso Interno,Deduz. Individ.,Deduz. Grupos,% Ocup.,Receita Quartos,Preço Médio,Saídas,Quartos FdS,Adul. / Cri.,maio,Previsão,13-mai-2026 qua,28,22,19,0,0,11,17,"37,04","4 162,79","83,26",8,0,52,583,649,207,0,0,348,235,"29,44","92 128,35","74,78",228,0,1096,Total mai,583,649,207,0,0,348,235,"29,44","92 128,35","74,78",228,0,1096,Total,8013,3882,2696,0,0,6460,1553,"12,07","869 943,02","73,14",2822,0,15613
Data,Ocup,Opção,Cheg,Oferta/Uso Interno,Deduz. Individ.,Deduz. Grupos,% Ocup.,Receita Quartos,Preço Médio,Saídas,Quartos FdS,Adul. / Cri.,maio,Previsão,14-mai-2026 qui,32,48,6,0,0,15,17,"59,26","4 850,62","60,63",2,0,62,583,649,207,0,0,348,235,"29,44","92 128,35","74,78",228,0,1096,Total mai,583,649,207,0,0,348,235,"29,44","92 128,35","74,78",228,0,1096,Total,8013,3882,2696,0,0,6460,1553,"12,07","869 943,02","73,14",2822,0,15613
Data,Ocup,Opção,Cheg,Oferta/Uso Interno,Deduz. Individ.,Deduz. Grupos,% Ocup.,Receita Quartos,Preço Médio,Saídas,Quartos FdS,Adul. / Cri.,maio,Previsão,15-mai-2026 sex,31,35,2,0,0,14,17,"48,89","4 926,43","74,64",3,0,61,583,649,207,0,0,348,235,"29,44","92 128,35","74,78",228,0,1096,Total mai,583,649,207,0,0,348,235,"29,44","92 128,35","74,78",228,0,1096,Total,8013,3882,2696,0,0,6460,1553,"12,07","869 943,02","73,14",2822,0,15613
Data,Ocup,Opção,Cheg,Oferta/Uso Interno,Deduz. Individ.,Deduz. Grupos,% Ocup.,Receita Quartos,Preço Médio,Saídas,Quartos FdS,Adul. / Cri.,maio,Previsão,16-mai-2026 sáb,13,38,2,0,0,12,1,"37,78","2 180,65","42,76",20,0,26,583,649,207,0,0,348,235,"29,44","92 128,35","74,78",228,0,1096,Total mai,583,649,207,0,0,348,235,"29,44","92 128,35","74,78",228,0,1096,Total,8013,3882,2696,0,0,6460,1553,"12,07","869 943,02","73,14",2822,0,15613
Data,Ocup,Opção,Cheg,Oferta/Uso Interno,Deduz. Individ.,Deduz. Grupos,% Ocup.,Receita Quartos,Preço Médio,Saídas,Quartos FdS,Adul. / Cri.,maio,Previsão,17-mai-2026 dom,10,13,8,0,0,10,0,"17,04","1 367,88","59,47",11,0,19,583,649,207,0,0,348,235,"29,44","92 128,35","74,78",228,0,1096,Total mai,583,649,207,0,0,348,235,"29,44","92 128,35","74,78",228,0,1096,Total,8013,3882,2696,0,0,6460,1553,"12,07","869 943,02","73,14",2822,0,15613
Data,Ocup,Opção,Cheg,Oferta/Uso Interno,Deduz. Individ.,Deduz. Grupos,% Ocup.,Receita Quartos,Preço Médio,Saídas,Quartos FdS,Adul. / Cri.,maio,Previsão,18-mai-2026 seg,15,13,6,0,0,15,0,"20,74","2 279,61","81,41",1,0,28,583,649,207,0,0,348,235,"29,44","92 128,35","74,78",228,0,1096,Total mai,583,649,207,0,0,348,235,"29,44","92 128,35","74,78",228,0,1096,Total,8013,3882,2696,0,0,6460,1553,"12,07","869 943,02","73,14",2822,0,15613
Data,Ocup,Opção,Cheg,Oferta/Uso Interno,Deduz. Individ.,Deduz. Grupos,% Ocup.,Receita Quartos,Preço Médio,Saídas,Quartos FdS,Adul. / Cri.,maio,Previsão,19-mai-2026 ter,17,0,6,0,0,16,1,"12,59","2 739,18","161,13",4,0,31,583,649,207,0,0,348,235,"29,44","92 128,35","74,78",228,0,1096,Total mai,583,649,207,0,0,348,235,"29,44","92 128,35","74,78",228,0,1096,Total,8013,3882,2696,0,0,6460,1553,"12,07","869 943,02","73,14",2822,0,15613
Data,Ocup,Opção,Cheg,Oferta/Uso Interno,Deduz. Individ.,Deduz. Grupos,% Ocup.,Receita Quartos,Preço Médio,Saídas,Quartos FdS,Adul. / Cri.,maio,Previsão,20-mai-2026 qua,27,0,21,0,0,10,17,"20,00","4 140,65","153,36",11,0,51,583,649,207,0,0,348,235,"29,44","92 128,35","74,78",228,0,1096,Total mai,583,649,207,0,0,348,235,"29,44","92 128,35","74,78",228,0,1096,Total,8013,3882,2696,0,0,6460,1553,"12,07","869 943,02","73,14",2822,0,15613
Data,Ocup,Opção,Cheg,Oferta/Uso Interno,Deduz. Individ.,Deduz. Grupos,% Ocup.,Receita Quartos,Preço Médio,Saídas,Quartos FdS,Adul. / Cri.,maio,Previsão,21-mai-2026 qui,32,4,6,0,0,15,17,"26,67","4 918,02","136,61",1,0,56,583,649,207,0,0,348,235,"29,44","92 128,35","74,78",228,0,1096,Total mai,583,649,207,0,0,348,235,"29,44","92 128,35","74,78",228,0,1096,Total,8013,3882,2696,0,0,6460,1553,"12,07","869 943,02","73,14",2822,0,15613
Data,Ocup,Opção,Cheg,Oferta/Uso Interno,Deduz. Individ.,Deduz. Grupos,% Ocup.,Receita Quartos,Preço Médio,Saídas,Quartos FdS,Adul. / Cri.,maio,Previsão,22-mai-2026 sex,30,13,4,0,0,12,18,"31,85","4 820,50","112,10",6,0,55,583,649,207,0,0,348,235,"29,44","92 128,35","74,78",228,0,1096,Total mai,583,649,207,0,0,348,235,"29,44","92 128,35","74,78",228,0,1096,Total,8013,3882,2696,0,0,6460,1553,"12,07","869 943,02","73,14",2822,0,15613
Data,Ocup,Opção,Cheg,Oferta/Uso Interno,Deduz. Individ.,Deduz. Grupos,% Ocup.,Receita Quartos,Preço Médio,Saídas,Quartos FdS,Adul. / Cri.,maio,Previsão,23-mai-2026 sáb,14,15,3,0,0,12,2,"21,48","2 540,38","87,60",19,0,25,583,649,207,0,0,348,235,"29,44","92 128,35","74,78",228,0,1096,Total mai,583,649,207,0,0,348,235,"29,44","92 128,35","74,78",228,0,1096,Total,8013,3882,2696,0,0,6460,1553,"12,07","869 943,02","73,14",2822,0,15613
Data,Ocup,Opção,Cheg,Oferta/Uso Interno,Deduz. Individ.,Deduz. Grupos,% Ocup.,Receita Quartos,Preço Médio,Saídas,Quartos FdS,Adul. / Cri.,maio,Previsão,24-mai-2026 dom,11,13,7,0,0,11,0,"17,78","1 865,18","77,72",10,0,20,583,649,207,0,0,348,235,"29,44","92 128,35","74,78",228,0,1096,Total mai,583,649,207,0,0,348,235,"29,44","92 128,35","74,78",228,0,1096,Total,8013,3882,2696,0,0,6460,1553,"12,07","869 943,02","73,14",2822,0,15613
Data,Ocup,Opção,Cheg,Oferta/Uso Interno,Deduz. Individ.,Deduz. Grupos,% Ocup.,Receita Quartos,Preço Médio,Saídas,Quartos FdS,Adul. / Cri.,maio,Previsão,25-mai-2026 seg,13,13,4,0,0,13,0,"19,26","2 397,27","92,20",2,0,23,583,649,207,0,0,348,235,"29,44","92 128,35","74,78",228,0,1096,Total mai,583,649,207,0,0,348,235,"29,44","92 128,35","74,78",228,0,1096,Total,8013,3882,2696,0,0,6460,1553,"12,07","869 943,02","73,14",2822,0,15613
Data,Ocup,Opção,Cheg,Oferta/Uso Interno,Deduz. Individ.,Deduz. Grupos,% Ocup.,Receita Quartos,Preço Médio,Saídas,Quartos FdS,Adul. / Cri.,maio,Previsão,26-mai-2026 ter,19,22,10,0,0,18,1,"30,37","3 498,16","85,32",4,0,33,583,649,207,0,0,348,235,"29,44","92 128,35","74,78",228,0,1096,Total mai,583,649,207,0,0,348,235,"29,44","92 128,35","74,78",228,0,1096,Total,8013,3882,2696,0,0,6460,1553,"12,07","869 943,02","73,14",2822,0,15613
Data,Ocup,Opção,Cheg,Oferta/Uso Interno,Deduz. Individ.,Deduz. Grupos,% Ocup.,Receita Quartos,Preço Médio,Saídas,Quartos FdS,Adul. / Cri.,maio,Previsão,27-mai-2026 qua,26,22,18,0,0,9,17,"35,56","4 118,97","85,81",11,0,50,583,649,207,0,0,348,235,"29,44","92 128,35","74,78",228,0,1096,Total mai,583,649,207,0,0,348,235,"29,44","92 128,35","74,78",228,0,1096,Total,8013,3882,2696,0,0,6460,1553,"12,07","869 943,02","73,14",2822,0,15613
Data,Ocup,Opção,Cheg,Oferta/Uso Interno,Deduz. Individ.,Deduz. Grupos,% Ocup.,Receita Quartos,Preço Médio,Saídas,Quartos FdS,Adul. / Cri.,maio,Previsão,28-mai-2026 qui,24,26,3,0,0,7,17,"37,04","3 745,59","74,91",5,0,46,583,649,207,0,0,348,235,"29,44","92 128,35","74,78",228,0,1096,Total mai,583,649,207,0,0,348,235,"29,44","92 128,35","74,78",228,0,1096,Total,8013,3882,2696,0,0,6460,1553,"12,07","869 943,02","73,14",2822,0,15613
Data,Ocup,Opção,Cheg,Oferta/Uso Interno,Deduz. Individ.,Deduz. Grupos,% Ocup.,Receita Quartos,Preço Médio,Saídas,Quartos FdS,Adul. / Cri.,maio,Previsão,29-mai-2026 sex,29,13,5,0,0,12,17,"31,11","4 719,38","112,37",0,0,54,583,649,207,0,0,348,235,"29,44","92 128,35","74,78",228,0,1096,Total mai,583,649,207,0,0,348,235,"29,44","92 128,35","74,78",228,0,1096,Total,8013,3882,2696,0,0,6460,1553,"12,07","869 943,02","73,14",2822,0,15613
Data,Ocup,Opção,Cheg,Oferta/Uso Interno,Deduz. Individ.,Deduz. Grupos,% Ocup.,Receita Quartos,Preço Médio,Saídas,Quartos FdS,Adul. / Cri.,maio,Previsão,30-mai-2026 sáb,9,35,1,0,0,9,0,"32,59","1 582,90","35,97",21,0,16,583,649,207,0,0,348,235,"29,44","92 128,35","74,78",228,0,1096,Total mai,583,649,207,0,0,348,235,"29,44","92 128,35","74,78",228,0,1096,Total,8013,3882,2696,0,0,6460,1553,"12,07","869 943,02","73,14",2822,0,15613
Data,Ocup,Opção,Cheg,Oferta/Uso Interno,Deduz. Individ.,Deduz. Grupos,% Ocup.,Receita Quartos,Preço Médio,Saídas,Quartos FdS,Adul. / Cri.,maio,Previsão,31-mai-2026 dom,8,22,5,0,0,8,0,"22,22","1 316,60","43,89",6,0,16,583,649,207,0,0,348,235,"29,44","92 128,35","74,78",228,0,1096,Total mai,583,649,207,0,0,348,235,"29,44","92 128,35","74,78",228,0,1096,Total,8013,3882,2696,0,0,6460,1553,"12,07","869 943,02","73,14",2822,0,15613
Data,Ocup,Opção,Cheg,Oferta/Uso Interno,Deduz. Individ.,Deduz. Grupos,% Ocup.,Receita Quartos,Preço Médio,Saídas,Quartos FdS,Adul. / Cri.,junho,Previsão,01-jun-2026 seg,11,22,4,0,0,11,0,"24,44","1 761,12","53,37",1,0,22,403,725,146,0,0,155,248,"27,85","61 872,26","54,85",150,0,772,Total jun,403,725,146,0,0,155,248,"27,85","61 872,26","54,85",150,0,772,Total,8013,3882,2696,0,0,6460,1553,"12,07","869 943,02","73,14",2822,0,15613
Data,Ocup,Opção,Cheg,Oferta/Uso Interno,Deduz. Individ.,Deduz. Grupos,% Ocup.,Receita Quartos,Preço Médio,Saídas,Quartos FdS,Adul. / Cri.,junho,Previsão,02-jun-2026 ter,15,0,6,0,0,14,1,"11,11","2 141,14","142,74",2,0,29,403,725,146,0,0,155,248,"27,85","61 872,26","54,85",150,0,772,Total jun,403,725,146,0,0,155,248,"27,85","61 872,26","54,85",150,0,772,Total,8013,3882,2696,0,0,6460,1553,"12,07","869 943,02","73,14",2822,0,15613
Data,Ocup,Opção,Cheg,Oferta/Uso Interno,Deduz. Individ.,Deduz. Grupos,% Ocup.,Receita Quartos,Preço Médio,Saídas,Quartos FdS,Adul. / Cri.,junho,Previsão,03-jun-2026 qua,31,0,24,0,0,12,19,"22,96","4 513,40","145,59",8,0,60,403,725,146,0,0,155,248,"27,85","61 872,26","54,85",150,0,772,Total jun,403,725,146,0,0,155,248,"27,85","61 872,26","54,85",150,0,772,Total,8013,3882,2696,0,0,6460,1553,"12,07","869 943,02","73,14",2822,0,15613
Data,Ocup,Opção,Cheg,Oferta/Uso Interno,Deduz. Individ.,Deduz. Grupos,% Ocup.,Receita Quartos,Preço Médio,Saídas,Quartos FdS,Adul. / Cri.,junho,Previsão,04-jun-2026 qui,27,24,1,0,0,8,19,"37,78","3 937,99","77,22",5,0,52,403,725,146,0,0,155,248,"27,85","61 872,26","54,85",150,0,772,Total jun,403,725,146,0,0,155,248,"27,85","61 872,26","54,85",150,0,772,Total,8013,3882,2696,0,0,6460,1553,"12,07","869 943,02","73,14",2822,0,15613
Data,Ocup,Opção,Cheg,Oferta/Uso Interno,Deduz. Individ.,Deduz. Grupos,% Ocup.,Receita Quartos,Preço Médio,Saídas,Quartos FdS,Adul. / Cri.,junho,Previsão,05-jun-2026 sex,26,35,2,0,0,9,17,"45,19","3 927,50","64,39",3,0,50,403,725,146,0,0,155,248,"27,85","61 872,26","54,85",150,0,772,Total jun,403,725,146,0,0,155,248,"27,85","61 872,26","54,85",150,0,772,Total,8013,3882,2696,0,0,6460,1553,"12,07","869 943,02","73,14",2822,0,15613
Data,Ocup,Opção,Cheg,Oferta/Uso Interno,Deduz. Individ.,Deduz. Grupos,% Ocup.,Receita Quartos,Preço Médio,Saídas,Quartos FdS,Adul. / Cri.,junho,Previsão,06-jun-2026 sáb,25,48,20,0,0,8,17,"54,07","4 988,84","68,34",21,0,46,403,725,146,0,0,155,248,"27,85","61 872,26","54,85",150,0,772,Total jun,403,725,146,0,0,155,248,"27,85","61 872,26","54,85",150,0,772,Total,8013,3882,2696,0,0,6460,1553,"12,07","869 943,02","73,14",2822,0,15613
Data,Ocup,Opção,Cheg,Oferta/Uso Interno,Deduz. Individ.,Deduz. Grupos,% Ocup.,Receita Quartos,Preço Médio,Saídas,Quartos FdS,Adul. / Cri.,junho,Previsão,07-jun-2026 dom,29,13,5,0,0,12,17,"31,11","5 732,54","136,49",1,0,56,403,725,146,0,0,155,248,"27,85","61 872,26","54,85",150,0,772,Total jun,403,725,146,0,0,155,248,"27,85","61 872,26","54,85",150,0,772,Total,8013,3882,2696,0,0,6460,1553,"12,07","869 943,02","73,14",2822,0,15613
Data,Ocup,Opção,Cheg,Oferta/Uso Interno,Deduz. Individ.,Deduz. Grupos,% Ocup.,Receita Quartos,Preço Médio,Saídas,Quartos FdS,Adul. / Cri.,junho,Previsão,08-jun-2026 seg,13,15,5,0,0,13,0,"20,74","1 919,92","68,57",21,0,26,403,725,146,0,0,155,248,"27,85","61 872,26","54,85",150,0,772,Total jun,403,725,146,0,0,155,248,"27,85","61 872,26","54,85",150,0,772,Total,8013,3882,2696,0,0,6460,1553,"12,07","869 943,02","73,14",2822,0,15613
Data,Ocup,Opção,Cheg,Oferta/Uso Interno,Deduz. Individ.,Deduz. Grupos,% Ocup.,Receita Quartos,Preço Médio,Saídas,Quartos FdS,Adul. / Cri.,junho,Previsão,09-jun-2026 ter,9,33,2,0,0,8,1,"31,11","1 268,02","30,19",6,0,15,403,725,146,0,0,155,248,"27,85","61 872,26","54,85",150,0,772,Total jun,403,725,146,0,0,155,248,"27,85","61 872,26","54,85",150,0,772,Total,8013,3882,2696,0,0,6460,1553,"12,07","869 943,02","73,14",2822,0,15613
Data,Ocup,Opção,Cheg,Oferta/Uso Interno,Deduz. Individ.,Deduz. Grupos,% Ocup.,Receita Quartos,Preço Médio,Saídas,Quartos FdS,Adul. / Cri.,junho,Previsão,10-jun-2026 qua,21,0,16,0,0,4,17,"15,56","3 076,10","146,48",4,0,41,403,725,146,0,0,155,248,"27,85","61 872,26","54,85",150,0,772,Total jun,403,725,146,0,0,155,248,"27,85","61 872,26","54,85",150,0,772,Total,8013,3882,2696,0,0,6460,1553,"12,07","869 943,02","73,14",2822,0,15613
Data,Ocup,Opção,Cheg,Oferta/Uso Interno,Deduz. Individ.,Deduz. Grupos,% Ocup.,Receita Quartos,Preço Médio,Saídas,Quartos FdS,Adul. / Cri.,junho,Previsão,11-jun-2026 qui,18,26,0,0,0,1,17,"32,59","2 662,88","60,52",3,0,35,403,725,146,0,0,155,248,"27,85","61 872,26","54,85",150,0,772,Total jun,403,725,146,0,0,155,248,"27,85","61 872,26","54,85",150,0,772,Total,8013,3882,2696,0,0,6460,1553,"12,07","869 943,02","73,14",2822,0,15613
Data,Ocup,Opção,Cheg,Oferta/Uso Interno,Deduz. Individ.,Deduz. Grupos,% Ocup.,Receita Quartos,Preço Médio,Saídas,Quartos FdS,Adul. / Cri.,junho,Previsão,12-jun-2026 sex,21,22,3,0,0,4,17,"31,85","3 191,89","74,23",0,0,40,403,725,146,0,0,155,248,"27,85","61 872,26","54,85",150,0,772,Total jun,403,725,146,0,0,155,248,"27,85","61 872,26","54,85",150,0,772,Total,8013,3882,2696,0,0,6460,1553,"12,07","869 943,02","73,14",2822,0,15613
Data,Ocup,Opção,Cheg,Oferta/Uso Interno,Deduz. Individ.,Deduz. Grupos,% Ocup.,Receita Quartos,Preço Médio,Saídas,Quartos FdS,Adul. / Cri.,junho,Previsão,13-jun-2026 sáb,5,22,2,0,0,5,0,"20,00","953,24","35,31",18,0,11,403,725,146,0,0,155,248,"27,85","61 872,26","54,85",150,0,772,Total jun,403,725,146,0,0,155,248,"27,85","61 872,26","54,85",150,0,772,Total,8013,3882,2696,0,0,6460,1553,"12,07","869 943,02","73,14",2822,0,15613
Data,Ocup,Opção,Cheg,Oferta/Uso Interno,Deduz. Individ.,Deduz. Grupos,% Ocup.,Receita Quartos,Preço Médio,Saídas,Quartos FdS,Adul. / Cri.,junho,Previsão,14-jun-2026 dom,3,22,1,0,0,3,0,"18,52","395,73","15,83",3,0,5,403,725,146,0,0,155,248,"27,85","61 872,26","54,85",150,0,772,Total jun,403,725,146,0,0,155,248,"27,85","61 872,26","54,85",150,0,772,Total,8013,3882,2696,0,0,6460,1553,"12,07","869 943,02","73,14",2822,0,15613
Data,Ocup,Opção,Cheg,Oferta/Uso Interno,Deduz. Individ.,Deduz. Grupos,% Ocup.,Receita Quartos,Preço Médio,Saídas,Quartos FdS,Adul. / Cri.,junho,Previsão,15-jun-2026 seg,4,22,2,0,0,4,0,"19,26","596,97","22,96",1,0,7,403,725,146,0,0,155,248,"27,85","61 872,26","54,85",150,0,772,Total jun,403,725,146,0,0,155,248,"27,85","61 872,26","54,85",150,0,772,Total,8013,3882,2696,0,0,6460,1553,"12,07","869 943,02","73,14",2822,0,15613
Data,Ocup,Opção,Cheg,Oferta/Uso Interno,Deduz. Individ.,Deduz. Grupos,% Ocup.,Receita Quartos,Preço Médio,Saídas,Quartos FdS,Adul. / Cri.,junho,Previsão,16-jun-2026 ter,6,57,4,0,0,5,1,"46,67","972,19","15,43",2,0,10,403,725,146,0,0,155,248,"27,85","61 872,26","54,85",150,0,772,Total jun,403,725,146,0,0,155,248,"27,85","61 872,26","54,85",150,0,772,Total,8013,3882,2696,0,0,6460,1553,"12,07","869 943,02","73,14",2822,0,15613
Data,Ocup,Opção,Cheg,Oferta/Uso Interno,Deduz. Individ.,Deduz. Grupos,% Ocup.,Receita Quartos,Preço Médio,Saídas,Quartos FdS,Adul. / Cri.,junho,Previsão,17-jun-2026 qua,20,0,16,0,0,3,17,"14,81","2 947,28","147,36",2,0,38,403,725,146,0,0,155,248,"27,85","61 872,26","54,85",150,0,772,Total jun,403,725,146,0,0,155,248,"27,85","61 872,26","54,85",150,0,772,Total,8013,3882,2696,0,0,6460,1553,"12,07","869 943,02","73,14",2822,0,15613
Data,Ocup,Opção,Cheg,Oferta/Uso Interno,Deduz. Individ.,Deduz. Grupos,% Ocup.,Receita Quartos,Preço Médio,Saídas,Quartos FdS,Adul. / Cri.,junho,Previsão,18-jun-2026 qui,19,4,0,0,0,2,17,"17,04","2 785,13","121,09",1,0,36,403,725,146,0,0,155,248,"27,85","61 872,26","54,85",150,0,772,Total jun,403,725,146,0,0,155,248,"27,85","61 872,26","54,85",150,0,772,Total,8013,3882,2696,0,0,6460,1553,"12,07","869 943,02","73,14",2822,0,15613
Data,Ocup,Opção,Cheg,Oferta/Uso Interno,Deduz. Individ.,Deduz. Grupos,% Ocup.,Receita Quartos,Preço Médio,Saídas,Quartos FdS,Adul. / Cri.,junho,Previsão,19-jun-2026 sex,20,17,1,0,0,3,17,"27,41","2 893,36","78,20",0,0,38,403,725,146,0,0,155,248,"27,85","61 872,26","54,85",150,0,772,Total jun,403,725,146,0,0,155,248,"27,85","61 872,26","54,85",150,0,772,Total,8013,3882,2696,0,0,6460,1553,"12,07","869 943,02","73,14",2822,0,15613
Data,Ocup,Opção,Cheg,Oferta/Uso Interno,Deduz. Individ.,Deduz. Grupos,% Ocup.,Receita Quartos,Preço Médio,Saídas,Quartos FdS,Adul. / Cri.,junho,Previsão,20-jun-2026 sáb,2,21,1,0,0,2,0,"17,04","198,28","8,62",19,0,4,403,725,146,0,0,155,248,"27,85","61 872,26","54,85",150,0,772,Total jun,403,725,146,0,0,155,248,"27,85","61 872,26","54,85",150,0,772,Total,8013,3882,2696,0,0,6460,1553,"12,07","869 943,02","73,14",2822,0,15613
Data,Ocup,Opção,Cheg,Oferta/Uso Interno,Deduz. Individ.,Deduz. Grupos,% Ocup.,Receita Quartos,Preço Médio,Saídas,Quartos FdS,Adul. / Cri.,junho,Previsão,21-jun-2026 dom,6,13,4,0,0,6,0,"14,07","574,83","30,25",0,0,12,403,725,146,0,0,155,248,"27,85","61 872,26","54,85",150,0,772,Total jun,403,725,146,0,0,155,248,"27,85","61 872,26","54,85",150,0,772,Total,8013,3882,2696,0,0,6460,1553,"12,07","869 943,02","73,14",2822,0,15613
Data,Ocup,Opção,Cheg,Oferta/Uso Interno,Deduz. Individ.,Deduz. Grupos,% Ocup.,Receita Quartos,Preço Médio,Saídas,Quartos FdS,Adul. / Cri.,junho,Previsão,22-jun-2026 seg,5,39,2,0,0,5,0,"32,59","627,84","14,27",3,0,10,403,725,146,0,0,155,248,"27,85","61 872,26","54,85",150,0,772,Total jun,403,725,146,0,0,155,248,"27,85","61 872,26","54,85",150,0,772,Total,8013,3882,2696,0,0,6460,1553,"12,07","869 943,02","73,14",2822,0,15613
Data,Ocup,Opção,Cheg,Oferta/Uso Interno,Deduz. Individ.,Deduz. Grupos,% Ocup.,Receita Quartos,Preço Médio,Saídas,Quartos FdS,Adul. / Cri.,junho,Previsão,23-jun-2026 ter,4,26,1,0,0,3,1,"22,22","599,77","19,99",2,0,7,403,725,146,0,0,155,248,"27,85","61 872,26","54,85",150,0,772,Total jun,403,725,146,0,0,155,248,"27,85","61 872,26","54,85",150,0,772,Total,8013,3882,2696,0,0,6460,1553,"12,07","869 943,02","73,14",2822,0,15613
Data,Ocup,Opção,Cheg,Oferta/Uso Interno,Deduz. Individ.,Deduz. Grupos,% Ocup.,Receita Quartos,Preço Médio,Saídas,Quartos FdS,Adul. / Cri.,junho,Previsão,24-jun-2026 qua,18,0,16,0,0,1,17,"13,33","2 609,67","144,98",2,0,35,403,725,146,0,0,155,248,"27,85","61 872,26","54,85",150,0,772,Total jun,403,725,146,0,0,155,248,"27,85","61 872,26","54,85",150,0,772,Total,8013,3882,2696,0,0,6460,1553,"12,07","869 943,02","73,14",2822,0,15613
Data,Ocup,Opção,Cheg,Oferta/Uso Interno,Deduz. Individ.,Deduz. Grupos,% Ocup.,Receita Quartos,Preço Médio,Saídas,Quartos FdS,Adul. / Cri.,junho,Previsão,25-jun-2026 qui,19,26,2,0,0,2,17,"33,33","2 770,04","61,56",1,0,37,403,725,146,0,0,155,248,"27,85","61 872,26","54,85",150,0,772,Total jun,403,725,146,0,0,155,248,"27,85","61 872,26","54,85",150,0,772,Total,8013,3882,2696,0,0,6460,1553,"12,07","869 943,02","73,14",2822,0,15613
Data,Ocup,Opção,Cheg,Oferta/Uso Interno,Deduz. Individ.,Deduz. Grupos,% Ocup.,Receita Quartos,Preço Médio,Saídas,Quartos FdS,Adul. / Cri.,junho,Previsão,26-jun-2026 sex,18,35,0,0,0,1,17,"39,26","2 635,02","49,72",1,0,35,403,725,146,0,0,155,248,"27,85","61 872,26","54,85",150,0,772,Total jun,403,725,146,0,0,155,248,"27,85","61 872,26","54,85",150,0,772,Total,8013,3882,2696,0,0,6460,1553,"12,07","869 943,02","73,14",2822,0,15613
Data,Ocup,Opção,Cheg,Oferta/Uso Interno,Deduz. Individ.,Deduz. Grupos,% Ocup.,Receita Quartos,Preço Médio,Saídas,Quartos FdS,Adul. / Cri.,junho,Previsão,27-jun-2026 sáb,3,37,2,0,0,1,2,"29,63","377,75","9,44",17,0,5,403,725,146,0,0,155,248,"27,85","61 872,26","54,85",150,0,772,Total jun,403,725,146,0,0,155,248,"27,85","61 872,26","54,85",150,0,772,Total,8013,3882,2696,0,0,6460,1553,"12,07","869 943,02","73,14",2822,0,15613
Data,Ocup,Opção,Cheg,Oferta/Uso Interno,Deduz. Individ.,Deduz. Grupos,% Ocup.,Receita Quartos,Preço Médio,Saídas,Quartos FdS,Adul. / Cri.,junho,Previsão,28-jun-2026 dom,0,37,0,0,0,0,0,"27,41",-,-,3,0,0,403,725,146,0,0,155,248,"27,85","61 872,26","54,85",150,0,772,Total jun,403,725,146,0,0,155,248,"27,85","61 872,26","54,85",150,0,772,Total,8013,3882,2696,0,0,6460,1553,"12,07","869 943,02","73,14",2822,0,15613
Data,Ocup,Opção,Cheg,Oferta/Uso Interno,Deduz. Individ.,Deduz. Grupos,% Ocup.,Receita Quartos,Preço Médio,Saídas,Quartos FdS,Adul. / Cri.,junho,Previsão,29-jun-2026 seg,1,37,1,0,0,1,0,"28,15","180,25","4,74",0,0,2,403,725,146,0,0,155,248,"27,85","61 872,26","54,85",150,0,772,Total jun,403,725,146,0,0,155,248,"27,85","61 872,26","54,85",150,0,772,Total,8013,3882,2696,0,0,6460,1553,"12,07","869 943,02","73,14",2822,0,15613
Data,Ocup,Opção,Cheg,Oferta/Uso Interno,Deduz. Individ.,Deduz. Grupos,% Ocup.,Receita Quartos,Preço Médio,Saídas,Quartos FdS,Adul. / Cri.,junho,Previsão,30-jun-2026 ter,4,72,3,0,0,4,0,"56,30","633,58","8,34",0,0,8,403,725,146,0,0,155,248,"27,85","61 872,26","54,85",150,0,772,Total jun,403,725,146,0,0,155,248,"27,85","61 872,26","54,85",150,0,772,Total,8013,3882,2696,0,0,6460,1553,"12,07","869 943,02","73,14",2822,0,15613
Data,Ocup,Opção,Cheg,Oferta/Uso Interno,Deduz. Individ.,Deduz. Grupos,% Ocup.,Receita Quartos,Preço Médio,Saídas,Quartos FdS,Adul. / Cri.,julho,Previsão,01-jul-2026 qua,3,22,1,0,0,3,0,"18,52","576,49","23,06",2,0,7,144,229,45,0,0,144,0,"8,91","22 693,75","60,84",45,0,309,Total jul,144,229,45,0,0,144,0,"8,91","22 693,75","60,84",45,0,309,Total,8013,3882,2696,0,0,6460,1553,"12,07","869 943,02","73,14",2822,0,15613
Data,Ocup,Opção,Cheg,Oferta/Uso Interno,Deduz. Individ.,Deduz. Grupos,% Ocup.,Receita Quartos,Preço Médio,Saídas,Quartos FdS,Adul. / Cri.,julho,Previsão,02-jul-2026 qui,2,22,1,0,0,2,0,"17,78","387,00","16,12",2,0,5,144,229,45,0,0,144,0,"8,91","22 693,75","60,84",45,0,309,Total jul,144,229,45,0,0,144,0,"8,91","22 693,75","60,84",45,0,309,Total,8013,3882,2696,0,0,6460,1553,"12,07","869 943,02","73,14",2822,0,15613
Data,Ocup,Opção,Cheg,Oferta/Uso Interno,Deduz. Individ.,Deduz. Grupos,% Ocup.,Receita Quartos,Preço Médio,Saídas,Quartos FdS,Adul. / Cri.,julho,Previsão,03-jul-2026 sex,9,0,7,0,0,9,0,"6,67","1 453,78","161,53",0,0,19,144,229,45,0,0,144,0,"8,91","22 693,75","60,84",45,0,309,Total jul,144,229,45,0,0,144,0,"8,91","22 693,75","60,84",45,0,309,Total,8013,3882,2696,0,0,6460,1553,"12,07","869 943,02","73,14",2822,0,15613
Data,Ocup,Opção,Cheg,Oferta/Uso Interno,Deduz. Individ.,Deduz. Grupos,% Ocup.,Receita Quartos,Preço Médio,Saídas,Quartos FdS,Adul. / Cri.,julho,Previsão,04-jul-2026 sáb,9,0,4,0,0,9,0,"6,67","1 418,20","157,58",4,0,16,144,229,45,0,0,144,0,"8,91","22 693,75","60,84",45,0,309,Total jul,144,229,45,0,0,144,0,"8,91","22 693,75","60,84",45,0,309,Total,8013,3882,2696,0,0,6460,1553,"12,07","869 943,02","73,14",2822,0,15613
Data,Ocup,Opção,Cheg,Oferta/Uso Interno,Deduz. Individ.,Deduz. Grupos,% Ocup.,Receita Quartos,Preço Médio,Saídas,Quartos FdS,Adul. / Cri.,julho,Previsão,05-jul-2026 dom,6,16,0,0,0,6,0,"16,30","867,00","39,41",3,0,10,144,229,45,0,0,144,0,"8,91","22 693,75","60,84",45,0,309,Total jul,144,229,45,0,0,144,0,"8,91","22 693,75","60,84",45,0,309,Total,8013,3882,2696,0,0,6460,1553,"12,07","869 943,02","73,14",2822,0,15613
Data,Ocup,Opção,Cheg,Oferta/Uso Interno,Deduz. Individ.,Deduz. Grupos,% Ocup.,Receita Quartos,Preço Médio,Saídas,Quartos FdS,Adul. / Cri.,julho,Previsão,06-jul-2026 seg,11,16,7,0,0,11,0,"20,00","1 701,95","63,04",2,0,20,144,229,45,0,0,144,0,"8,91","22 693,75","60,84",45,0,309,Total jul,144,229,45,0,0,144,0,"8,91","22 693,75","60,84",45,0,309,Total,8013,3882,2696,0,0,6460,1553,"12,07","869 943,02","73,14",2822,0,15613
Data,Ocup,Opção,Cheg,Oferta/Uso Interno,Deduz. Individ.,Deduz. Grupos,% Ocup.,Receita Quartos,Preço Médio,Saídas,Quartos FdS,Adul. / Cri.,julho,Previsão,07-jul-2026 ter,11,22,2,0,0,11,0,"24,44","1 642,08","49,76",2,0,20,144,229,45,0,0,144,0,"8,91","22 693,75","60,84",45,0,309,Total jul,144,229,45,0,0,144,0,"8,91","22 693,75","60,84",45,0,309,Total,8013,3882,2696,0,0,6460,1553,"12,07","869 943,02","73,14",2822,0,15613
Data,Ocup,Opção,Cheg,Oferta/Uso Interno,Deduz. Individ.,Deduz. Grupos,% Ocup.,Receita Quartos,Preço Médio,Saídas,Quartos FdS,Adul. / Cri.,julho,Previsão,08-jul-2026 qua,5,22,0,0,0,5,0,"20,00","894,95","33,15",6,0,10,144,229,45,0,0,144,0,"8,91","22 693,75","60,84",45,0,309,Total jul,144,229,45,0,0,144,0,"8,91","22 693,75","60,84",45,0,309,Total,8013,3882,2696,0,0,6460,1553,"12,07","869 943,02","73,14",2822,0,15613
Data,Ocup,Opção,Cheg,Oferta/Uso Interno,Deduz. Individ.,Deduz. Grupos,% Ocup.,Receita Quartos,Preço Médio,Saídas,Quartos FdS,Adul. / Cri.,julho,Previsão,09-jul-2026 qui,10,22,5,0,0,10,0,"23,70","1 525,31","47,67",0,0,20,144,229,45,0,0,144,0,"8,91","22 693,75","60,84",45,0,309,Total jul,144,229,45,0,0,144,0,"8,91","22 693,75","60,84",45,0,309,Total,8013,3882,2696,0,0,6460,1553,"12,07","869 943,02","73,14",2822,0,15613
Data,Ocup,Opção,Cheg,Oferta/Uso Interno,Deduz. Individ.,Deduz. Grupos,% Ocup.,Receita Quartos,Preço Médio,Saídas,Quartos FdS,Adul. / Cri.,julho,Previsão,10-jul-2026 sex,15,0,5,0,0,15,0,"11,11","2 326,96","155,13",0,0,31,144,229,45,0,0,144,0,"8,91","22 693,75","60,84",45,0,309,Total jul,144,229,45,0,0,144,0,"8,91","22 693,75","60,84",45,0,309,Total,8013,3882,2696,0,0,6460,1553,"12,07","869 943,02","73,14",2822,0,15613
Data,Ocup,Opção,Cheg,Oferta/Uso Interno,Deduz. Individ.,Deduz. Grupos,% Ocup.,Receita Quartos,Preço Médio,Saídas,Quartos FdS,Adul. / Cri.,julho,Previsão,11-jul-2026 sáb,10,4,0,0,0,10,0,"10,37","1 432,01","102,29",5,0,21,144,229,45,0,0,144,0,"8,91","22 693,75","60,84",45,0,309,Total jul,144,229,45,0,0,144,0,"8,91","22 693,75","60,84",45,0,309,Total,8013,3882,2696,0,0,6460,1553,"12,07","869 943,02","73,14",2822,0,15613
Data,Ocup,Opção,Cheg,Oferta/Uso Interno,Deduz. Individ.,Deduz. Grupos,% Ocup.,Receita Quartos,Preço Médio,Saídas,Quartos FdS,Adul. / Cri.,julho,Previsão,12-jul-2026 dom,7,13,2,0,0,7,0,"14,81","1 002,19","50,11",5,0,15,144,229,45,0,0,144,0,"8,91","22 693,75","60,84",45,0,309,Total jul,144,229,45,0,0,144,0,"8,91","22 693,75","60,84",45,0,309,Total,8013,3882,2696,0,0,6460,1553,"12,07","869 943,02","73,14",2822,0,15613
Data,Ocup,Opção,Cheg,Oferta/Uso Interno,Deduz. Individ.,Deduz. Grupos,% Ocup.,Receita Quartos,Preço Médio,Saídas,Quartos FdS,Adul. / Cri.,julho,Previsão,13-jul-2026 seg,6,13,0,0,0,6,0,"14,07","783,94","41,26",1,0,12,144,229,45,0,0,144,0,"8,91","22 693,75","60,84",45,0,309,Total jul,144,229,45,0,0,144,0,"8,91","22 693,75","60,84",45,0,309,Total,8013,3882,2696,0,0,6460,1553,"12,07","869 943,02","73,14",2822,0,15613
Data,Ocup,Opção,Cheg,Oferta/Uso Interno,Deduz. Individ.,Deduz. Grupos,% Ocup.,Receita Quartos,Preço Médio,Saídas,Quartos FdS,Adul. / Cri.,julho,Previsão,14-jul-2026 ter,6,0,0,0,0,6,0,"4,44","783,94","130,66",0,0,12,144,229,45,0,0,144,0,"8,91","22 693,75","60,84",45,0,309,Total jul,144,229,45,0,0,144,0,"8,91","22 693,75","60,84",45,0,309,Total,8013,3882,2696,0,0,6460,1553,"12,07","869 943,02","73,14",2822,0,15613
Data,Ocup,Opção,Cheg,Oferta/Uso Interno,Deduz. Individ.,Deduz. Grupos,% Ocup.,Receita Quartos,Preço Médio,Saídas,Quartos FdS,Adul. / Cri.,julho,Previsão,15-jul-2026 qua,0,0,0,0,0,0,0,-,-,NaN,6,0,0,144,229,45,0,0,144,0,"8,91","22 693,75","60,84",45,0,309,Total jul,144,229,45,0,0,144,0,"8,91","22 693,75","60,84",45,0,309,Total,8013,3882,2696,0,0,6460,1553,"12,07","869 943,02","73,14",2822,0,15613
Data,Ocup,Opção,Cheg,Oferta/Uso Interno,Deduz. Individ.,Deduz. Grupos,% Ocup.,Receita Quartos,Preço Médio,Saídas,Quartos FdS,Adul. / Cri.,julho,Previsão,16-jul-2026 qui,1,0,1,0,0,1,0,"0,74","116,40","116,40",0,0,2,144,229,45,0,0,144,0,"8,91","22 693,75","60,84",45,0,309,Total jul,144,229,45,0,0,144,0,"8,91","22 693,75","60,84",45,0,309,Total,8013,3882,2696,0,0,6460,1553,"12,07","869 943,02","73,14",2822,0,15613
Data,Ocup,Opção,Cheg,Oferta/Uso Interno,Deduz. Individ.,Deduz. Grupos,% Ocup.,Receita Quartos,Preço Médio,Saídas,Quartos FdS,Adul. / Cri.,julho,Previsão,17-jul-2026 sex,1,0,0,0,0,1,0,"0,74","116,40","116,40",0,0,2,144,229,45,0,0,144,0,"8,91","22 693,75","60,84",45,0,309,Total jul,144,229,45,0,0,144,0,"8,91","22 693,75","60,84",45,0,309,Total,8013,3882,2696,0,0,6460,1553,"12,07","869 943,02","73,14",2822,0,15613
Data,Ocup,Opção,Cheg,Oferta/Uso Interno,Deduz. Individ.,Deduz. Grupos,% Ocup.,Receita Quartos,Preço Médio,Saídas,Quartos FdS,Adul. / Cri.,julho,Previsão,18-jul-2026 sáb,0,4,0,0,0,0,0,"2,96",-,-,1,0,0,144,229,45,0,0,144,0,"8,91","22 693,75","60,84",45,0,309,Total jul,144,229,45,0,0,144,0,"8,91","22 693,75","60,84",45,0,309,Total,8013,3882,2696,0,0,6460,1553,"12,07","869 943,02","73,14",2822,0,15613
Data,Ocup,Opção,Cheg,Oferta/Uso Interno,Deduz. Individ.,Deduz. Grupos,% Ocup.,Receita Quartos,Preço Médio,Saídas,Quartos FdS,Adul. / Cri.,julho,Previsão,19-jul-2026 dom,0,13,0,0,0,0,0,"9,63",-,-,0,0,0,144,229,45,0,0,144,0,"8,91","22 693,75","60,84",45,0,309,Total jul,144,229,45,0,0,144,0,"8,91","22 693,75","60,84",45,0,309,Total,8013,3882,2696,0,0,6460,1553,"12,07","869 943,02","73,14",2822,0,15613
Data,Ocup,Opção,Cheg,Oferta/Uso Interno,Deduz. Individ.,Deduz. Grupos,% Ocup.,Receita Quartos,Preço Médio,Saídas,Quartos FdS,Adul. / Cri.,julho,Previsão,20-jul-2026 seg,1,18,1,0,0,1,0,"14,07","291,85","15,36",0,0,4,144,229,45,0,0,144,0,"8,91","22 693,75","60,84",45,0,309,Total jul,144,229,45,0,0,144,0,"8,91","22 693,75","60,84",45,0,309,Total,8013,3882,2696,0,0,6460,1553,"12,07","869 943,02","73,14",2822,0,15613
Data,Ocup,Opção,Cheg,Oferta/Uso Interno,Deduz. Individ.,Deduz. Grupos,% Ocup.,Receita Quartos,Preço Médio,Saídas,Quartos FdS,Adul. / Cri.,julho,Previsão,21-jul-2026 ter,1,15,0,0,0,1,0,"11,85","291,85","18,24",0,0,4,144,229,45,0,0,144,0,"8,91","22 693,75","60,84",45,0,309,Total jul,144,229,45,0,0,144,0,"8,91","22 693,75","60,84",45,0,309,Total,8013,3882,2696,0,0,6460,1553,"12,07","869 943,02","73,14",2822,0,15613
Data,Ocup,Opção,Cheg,Oferta/Uso Interno,Deduz. Individ.,Deduz. Grupos,% Ocup.,Receita Quartos,Preço Médio,Saídas,Quartos FdS,Adul. / Cri.,julho,Previsão,22-jul-2026 qua,1,5,0,0,0,1,0,"4,44","291,85","48,64",0,0,4,144,229,45,0,0,144,0,"8,91","22 693,75","60,84",45,0,309,Total jul,144,229,45,0,0,144,0,"8,91","22 693,75","60,84",45,0,309,Total,8013,3882,2696,0,0,6460,1553,"12,07","869 943,02","73,14",2822,0,15613
Data,Ocup,Opção,Cheg,Oferta/Uso Interno,Deduz. Individ.,Deduz. Grupos,% Ocup.,Receita Quartos,Preço Médio,Saídas,Quartos FdS,Adul. / Cri.,julho,Previsão,23-jul-2026 qui,2,0,1,0,0,2,0,"1,48","381,70","190,85",0,0,6,144,229,45,0,0,144,0,"8,91","22 693,75","60,84",45,0,309,Total jul,144,229,45,0,0,144,0,"8,91","22 693,75","60,84",45,0,309,Total,8013,3882,2696,0,0,6460,1553,"12,07","869 943,02","73,14",2822,0,15613
Data,Ocup,Opção,Cheg,Oferta/Uso Interno,Deduz. Individ.,Deduz. Grupos,% Ocup.,Receita Quartos,Preço Médio,Saídas,Quartos FdS,Adul. / Cri.,julho,Previsão,24-jul-2026 sex,3,0,2,0,0,3,0,"2,22","598,94","199,65",1,0,8,144,229,45,0,0,144,0,"8,91","22 693,75","60,84",45,0,309,Total jul,144,229,45,0,0,144,0,"8,91","22 693,75","60,84",45,0,309,Total,8013,3882,2696,0,0,6460,1553,"12,07","869 943,02","73,14",2822,0,15613
Data,Ocup,Opção,Cheg,Oferta/Uso Interno,Deduz. Individ.,Deduz. Grupos,% Ocup.,Receita Quartos,Preço Médio,Saídas,Quartos FdS,Adul. / Cri.,julho,Previsão,25-jul-2026 sáb,3,0,0,0,0,3,0,"2,22","598,94","199,65",0,0,8,144,229,45,0,0,144,0,"8,91","22 693,75","60,84",45,0,309,Total jul,144,229,45,0,0,144,0,"8,91","22 693,75","60,84",45,0,309,Total,8013,3882,2696,0,0,6460,1553,"12,07","869 943,02","73,14",2822,0,15613
Data,Ocup,Opção,Cheg,Oferta/Uso Interno,Deduz. Individ.,Deduz. Grupos,% Ocup.,Receita Quartos,Preço Médio,Saídas,Quartos FdS,Adul. / Cri.,julho,Previsão,26-jul-2026 dom,4,0,2,0,0,4,0,"2,96","483,90","120,97",1,0,8,144,229,45,0,0,144,0,"8,91","22 693,75","60,84",45,0,309,Total jul,144,229,45,0,0,144,0,"8,91","22 693,75","60,84",45,0,309,Total,8013,3882,2696,0,0,6460,1553,"12,07","869 943,02","73,14",2822,0,15613
Data,Ocup,Opção,Cheg,Oferta/Uso Interno,Deduz. Individ.,Deduz. Grupos,% Ocup.,Receita Quartos,Preço Médio,Saídas,Quartos FdS,Adul. / Cri.,julho,Previsão,27-jul-2026 seg,4,0,0,0,0,4,0,"2,96","483,90","120,97",0,0,8,144,229,45,0,0,144,0,"8,91","22 693,75","60,84",45,0,309,Total jul,144,229,45,0,0,144,0,"8,91","22 693,75","60,84",45,0,309,Total,8013,3882,2696,0,0,6460,1553,"12,07","869 943,02","73,14",2822,0,15613
Data,Ocup,Opção,Cheg,Oferta/Uso Interno,Deduz. Individ.,Deduz. Grupos,% Ocup.,Receita Quartos,Preço Médio,Saídas,Quartos FdS,Adul. / Cri.,julho,Previsão,28-jul-2026 ter,3,0,1,0,0,3,0,"2,22","429,36","143,12",2,0,8,144,229,45,0,0,144,0,"8,91","22 693,75","60,84",45,0,309,Total jul,144,229,45,0,0,144,0,"8,91","22 693,75","60,84",45,0,309,Total,8013,3882,2696,0,0,6460,1553,"12,07","869 943,02","73,14",2822,0,15613
Data,Ocup,Opção,Cheg,Oferta/Uso Interno,Deduz. Individ.,Deduz. Grupos,% Ocup.,Receita Quartos,Preço Médio,Saídas,Quartos FdS,Adul. / Cri.,julho,Previsão,29-jul-2026 qua,3,0,0,0,0,3,0,"2,22","429,36","143,12",0,0,8,144,229,45,0,0,144,0,"8,91","22 693,75","60,84",45,0,309,Total jul,144,229,45,0,0,144,0,"8,91","22 693,75","60,84",45,0,309,Total,8013,3882,2696,0,0,6460,1553,"12,07","869 943,02","73,14",2822,0,15613
Data,Ocup,Opção,Cheg,Oferta/Uso Interno,Deduz. Individ.,Deduz. Grupos,% Ocup.,Receita Quartos,Preço Médio,Saídas,Quartos FdS,Adul. / Cri.,julho,Previsão,30-jul-2026 qui,3,0,2,0,0,3,0,"2,22","521,43","173,81",2,0,8,144,229,45,0,0,144,0,"8,91","22 693,75","60,84",45,0,309,Total jul,144,229,45,0,0,144,0,"8,91","22 693,75","60,84",45,0,309,Total,8013,3882,2696,0,0,6460,1553,"12,07","869 943,02","73,14",2822,0,15613
Data,Ocup,Opção,Cheg,Oferta/Uso Interno,Deduz. Individ.,Deduz. Grupos,% Ocup.,Receita Quartos,Preço Médio,Saídas,Quartos FdS,Adul. / Cri.,julho,Previsão,31-jul-2026 sex,4,2,1,0,0,4,0,"4,44","862,07","143,68",0,0,13,144,229,45,0,0,144,0,"8,91","22 693,75","60,84",45,0,309,Total jul,144,229,45,0,0,144,0,"8,91","22 693,75","60,84",45,0,309,Total,8013,3882,2696,0,0,6460,1553,"12,07","869 943,02","73,14",2822,0,15613
Data,Ocup,Opção,Cheg,Oferta/Uso Interno,Deduz. Individ.,Deduz. Grupos,% Ocup.,Receita Quartos,Preço Médio,Saídas,Quartos FdS,Adul. / Cri.,agosto,Previsão,01-ago-2026 sáb,6,1,2,0,0,6,0,"5,19","1 062,41","151,77",0,0,17,124,171,49,0,0,72,52,"7,05","17 564,51","59,54",41,0,254,Total ago,124,171,49,0,0,72,52,"7,05","17 564,51","59,54",41,0,254,Total,8013,3882,2696,0,0,6460,1553,"12,07","869 943,02","73,14",2822,0,15613
Data,Ocup,Opção,Cheg,Oferta/Uso Interno,Deduz. Individ.,Deduz. Grupos,% Ocup.,Receita Quartos,Preço Médio,Saídas,Quartos FdS,Adul. / Cri.,agosto,Previsão,02-ago-2026 dom,5,0,1,0,0,5,0,"3,70","937,97","187,59",2,0,15,124,171,49,0,0,72,52,"7,05","17 564,51","59,54",41,0,254,Total ago,124,171,49,0,0,72,52,"7,05","17 564,51","59,54",41,0,254,Total,8013,3882,2696,0,0,6460,1553,"12,07","869 943,02","73,14",2822,0,15613
Data,Ocup,Opção,Cheg,Oferta/Uso Interno,Deduz. Individ.,Deduz. Grupos,% Ocup.,Receita Quartos,Preço Médio,Saídas,Quartos FdS,Adul. / Cri.,agosto,Previsão,03-ago-2026 seg,2,0,0,0,0,2,0,"1,48","474,95","237,48",3,0,7,124,171,49,0,0,72,52,"7,05","17 564,51","59,54",41,0,254,Total ago,124,171,49,0,0,72,52,"7,05","17 564,51","59,54",41,0,254,Total,8013,3882,2696,0,0,6460,1553,"12,07","869 943,02","73,14",2822,0,15613
Data,Ocup,Opção,Cheg,Oferta/Uso Interno,Deduz. Individ.,Deduz. Grupos,% Ocup.,Receita Quartos,Preço Médio,Saídas,Quartos FdS,Adul. / Cri.,agosto,Previsão,04-ago-2026 ter,2,0,1,0,0,2,0,"1,48","320,72","160,36",1,0,4,124,171,49,0,0,72,52,"7,05","17 564,51","59,54",41,0,254,Total ago,124,171,49,0,0,72,52,"7,05","17 564,51","59,54",41,0,254,Total,8013,3882,2696,0,0,6460,1553,"12,07","869 943,02","73,14",2822,0,15613
Data,Ocup,Opção,Cheg,Oferta/Uso Interno,Deduz. Individ.,Deduz. Grupos,% Ocup.,Receita Quartos,Preço Médio,Saídas,Quartos FdS,Adul. / Cri.,agosto,Previsão,05-ago-2026 qua,1,0,0,0,0,1,0,"0,74","163,75","163,75",1,0,2,124,171,49,0,0,72,52,"7,05","17 564,51","59,54",41,0,254,Total ago,124,171,49,0,0,72,52,"7,05","17 564,51","59,54",41,0,254,Total,8013,3882,2696,0,0,6460,1553,"12,07","869 943,02","73,14",2822,0,15613
Data,Ocup,Opção,Cheg,Oferta/Uso Interno,Deduz. Individ.,Deduz. Grupos,% Ocup.,Receita Quartos,Preço Médio,Saídas,Quartos FdS,Adul. / Cri.,agosto,Previsão,06-ago-2026 qui,3,0,2,0,0,3,0,"2,22","495,98","165,33",0,0,6,124,171,49,0,0,72,52,"7,05","17 564,51","59,54",41,0,254,Total ago,124,171,49,0,0,72,52,"7,05","17 564,51","59,54",41,0,254,Total,8013,3882,2696,0,0,6460,1553,"12,07","869 943,02","73,14",2822,0,15613
Data,Ocup,Opção,Cheg,Oferta/Uso Interno,Deduz. Individ.,Deduz. Grupos,% Ocup.,Receita Quartos,Preço Médio,Saídas,Quartos FdS,Adul. / Cri.,agosto,Previsão,07-ago-2026 sex,2,0,0,0,0,2,0,"1,48","318,64","159,32",1,0,4,124,171,49,0,0,72,52,"7,05","17 564,51","59,54",41,0,254,Total ago,124,171,49,0,0,72,52,"7,05","17 564,51","59,54",41,0,254,Total,8013,3882,2696,0,0,6460,1553,"12,07","869 943,02","73,14",2822,0,15613
Data,Ocup,Opção,Cheg,Oferta/Uso Interno,Deduz. Individ.,Deduz. Grupos,% Ocup.,Receita Quartos,Preço Médio,Saídas,Quartos FdS,Adul. / Cri.,agosto,Previsão,08-ago-2026 sáb,0,0,0,0,0,0,0,-,-,NaN,2,0,0,124,171,49,0,0,72,52,"7,05","17 564,51","59,54",41,0,254,Total ago,124,171,49,0,0,72,52,"7,05","17 564,51","59,54",41,0,254,Total,8013,3882,2696,0,0,6460,1553,"12,07","869 943,02","73,14",2822,0,15613
Data,Ocup,Opção,Cheg,Oferta/Uso Interno,Deduz. Individ.,Deduz. Grupos,% Ocup.,Receita Quartos,Preço Médio,Saídas,Quartos FdS,Adul. / Cri.,agosto,Previsão,09-ago-2026 dom,2,0,2,0,0,2,0,"1,48","239,96","119,98",0,0,4,124,171,49,0,0,72,52,"7,05","17 564,51","59,54",41,0,254,Total ago,124,171,49,0,0,72,52,"7,05","17 564,51","59,54",41,0,254,Total,8013,3882,2696,0,0,6460,1553,"12,07","869 943,02","73,14",2822,0,15613
Data,Ocup,Opção,Cheg,Oferta/Uso Interno,Deduz. Individ.,Deduz. Grupos,% Ocup.,Receita Quartos,Preço Médio,Saídas,Quartos FdS,Adul. / Cri.,agosto,Previsão,10-ago-2026 seg,0,0,0,0,0,0,0,-,-,NaN,2,0,0,124,171,49,0,0,72,52,"7,05","17 564,51","59,54",41,0,254,Total ago,124,171,49,0,0,72,52,"7,05","17 564,51","59,54",41,0,254,Total,8013,3882,2696,0,0,6460,1553,"12,07","869 943,02","73,14",2822,0,15613
Data,Ocup,Opção,Cheg,Oferta/Uso Interno,Deduz. Individ.,Deduz. Grupos,% Ocup.,Receita Quartos,Preço Médio,Saídas,Quartos FdS,Adul. / Cri.,agosto,Previsão,11-ago-2026 ter,1,15,1,0,0,1,0,"11,85","160,74","10,05",0,0,2,124,171,49,0,0,72,52,"7,05","17 564,51","59,54",41,0,254,Total ago,124,171,49,0,0,72,52,"7,05","17 564,51","59,54",41,0,254,Total,8013,3882,2696,0,0,6460,1553,"12,07","869 943,02","73,14",2822,0,15613
Data,Ocup,Opção,Cheg,Oferta/Uso Interno,Deduz. Individ.,Deduz. Grupos,% Ocup.,Receita Quartos,Preço Médio,Saídas,Quartos FdS,Adul. / Cri.,agosto,Previsão,12-ago-2026 qua,1,0,0,0,0,1,0,"0,74","160,74","160,74",0,0,2,124,171,49,0,0,72,52,"7,05","17 564,51","59,54",41,0,254,Total ago,124,171,49,0,0,72,52,"7,05","17 564,51","59,54",41,0,254,Total,8013,3882,2696,0,0,6460,1553,"12,07","869 943,02","73,14",2822,0,15613
Data,Ocup,Opção,Cheg,Oferta/Uso Interno,Deduz. Individ.,Deduz. Grupos,% Ocup.,Receita Quartos,Preço Médio,Saídas,Quartos FdS,Adul. / Cri.,agosto,Previsão,13-ago-2026 qui,1,0,0,0,0,1,0,"0,74","160,74","160,74",0,0,2,124,171,49,0,0,72,52,"7,05","17 564,51","59,54",41,0,254,Total ago,124,171,49,0,0,72,52,"7,05","17 564,51","59,54",41,0,254,Total,8013,3882,2696,0,0,6460,1553,"12,07","869 943,02","73,14",2822,0,15613
Data,Ocup,Opção,Cheg,Oferta/Uso Interno,Deduz. Individ.,Deduz. Grupos,% Ocup.,Receita Quartos,Preço Médio,Saídas,Quartos FdS,Adul. / Cri.,agosto,Previsão,14-ago-2026 sex,2,0,2,0,0,2,0,"1,48","236,01","118,00",1,0,3,124,171,49,0,0,72,52,"7,05","17 564,51","59,54",41,0,254,Total ago,124,171,49,0,0,72,52,"7,05","17 564,51","59,54",41,0,254,Total,8013,3882,2696,0,0,6460,1553,"12,07","869 943,02","73,14",2822,0,15613
Data,Ocup,Opção,Cheg,Oferta/Uso Interno,Deduz. Individ.,Deduz. Grupos,% Ocup.,Receita Quartos,Preço Médio,Saídas,Quartos FdS,Adul. / Cri.,agosto,Previsão,15-ago-2026 sáb,2,0,0,0,0,2,0,"1,48","236,01","118,00",0,0,3,124,171,49,0,0,72,52,"7,05","17 564,51","59,54",41,0,254,Total ago,124,171,49,0,0,72,52,"7,05","17 564,51","59,54",41,0,254,Total,8013,3882,2696,0,0,6460,1553,"12,07","869 943,02","73,14",2822,0,15613
Data,Ocup,Opção,Cheg,Oferta/Uso Interno,Deduz. Individ.,Deduz. Grupos,% Ocup.,Receita Quartos,Preço Médio,Saídas,Quartos FdS,Adul. / Cri.,agosto,Previsão,16-ago-2026 dom,0,0,0,0,0,0,0,-,-,NaN,2,0,0,124,171,49,0,0,72,52,"7,05","17 564,51","59,54",41,0,254,Total ago,124,171,49,0,0,72,52,"7,05","17 564,51","59,54",41,0,254,Total,8013,3882,2696,0,0,6460,1553,"12,07","869 943,02","73,14",2822,0,15613
Data,Ocup,Opção,Cheg,Oferta/Uso Interno,Deduz. Individ.,Deduz. Grupos,% Ocup.,Receita Quartos,Preço Médio,Saídas,Quartos FdS,Adul. / Cri.,agosto,Previsão,17-ago-2026 seg,0,0,0,0,0,0,0,-,-,NaN,0,0,0,124,171,49,0,0,72,52,"7,05","17 564,51","59,54",41,0,254,Total ago,124,171,49,0,0,72,52,"7,05","17 564,51","59,54",41,0,254,Total,8013,3882,2696,0,0,6460,1553,"12,07","869 943,02","73,14",2822,0,15613
Data,Ocup,Opção,Cheg,Oferta/Uso Interno,Deduz. Individ.,Deduz. Grupos,% Ocup.,Receita Quartos,Preço Médio,Saídas,Quartos FdS,Adul. / Cri.,agosto,Previsão,18-ago-2026 ter,2,0,2,0,0,2,0,"1,48","299,55","149,77",0,0,4,124,171,49,0,0,72,52,"7,05","17 564,51","59,54",41,0,254,Total ago,124,171,49,0,0,72,52,"7,05","17 564,51","59,54",41,0,254,Total,8013,3882,2696,0,0,6460,1553,"12,07","869 943,02","73,14",2822,0,15613
Data,Ocup,Opção,Cheg,Oferta/Uso Interno,Deduz. Individ.,Deduz. Grupos,% Ocup.,Receita Quartos,Preço Médio,Saídas,Quartos FdS,Adul. / Cri.,agosto,Previsão,19-ago-2026 qua,2,0,0,0,0,2,0,"1,48","299,55","149,77",0,0,4,124,171,49,0,0,72,52,"7,05","17 564,51","59,54",41,0,254,Total ago,124,171,49,0,0,72,52,"7,05","17 564,51","59,54",41,0,254,Total,8013,3882,2696,0,0,6460,1553,"12,07","869 943,02","73,14",2822,0,15613
Data,Ocup,Opção,Cheg,Oferta/Uso Interno,Deduz. Individ.,Deduz. Grupos,% Ocup.,Receita Quartos,Preço Médio,Saídas,Quartos FdS,Adul. / Cri.,agosto,Previsão,20-ago-2026 qui,2,0,0,0,0,2,0,"1,48","299,55","149,77",0,0,4,124,171,49,0,0,72,52,"7,05","17 564,51","59,54",41,0,254,Total ago,124,171,49,0,0,72,52,"7,05","17 564,51","59,54",41,0,254,Total,8013,3882,2696,0,0,6460,1553,"12,07","869 943,02","73,14",2822,0,15613
Data,Ocup,Opção,Cheg,Oferta/Uso Interno,Deduz. Individ.,Deduz. Grupos,% Ocup.,Receita Quartos,Preço Médio,Saídas,Quartos FdS,Adul. / Cri.,agosto,Previsão,21-ago-2026 sex,0,0,0,0,0,0,0,-,-,NaN,2,0,0,124,171,49,0,0,72,52,"7,05","17 564,51","59,54",41,0,254,Total ago,124,171,49,0,0,72,52,"7,05","17 564,51","59,54",41,0,254,Total,8013,3882,2696,0,0,6460,1553,"12,07","869 943,02","73,14",2822,0,15613
Data,Ocup,Opção,Cheg,Oferta/Uso Interno,Deduz. Individ.,Deduz. Grupos,% Ocup.,Receita Quartos,Preço Médio,Saídas,Quartos FdS,Adul. / Cri.,agosto,Previsão,22-ago-2026 sáb,3,0,3,0,0,3,0,"2,22","386,62","128,87",0,0,5,124,171,49,0,0,72,52,"7,05","17 564,51","59,54",41,0,254,Total ago,124,171,49,0,0,72,52,"7,05","17 564,51","59,54",41,0,254,Total,8013,3882,2696,0,0,6460,1553,"12,07","869 943,02","73,14",2822,0,15613
Data,Ocup,Opção,Cheg,Oferta/Uso Interno,Deduz. Individ.,Deduz. Grupos,% Ocup.,Receita Quartos,Preço Médio,Saídas,Quartos FdS,Adul. / Cri.,agosto,Previsão,23-ago-2026 dom,4,0,3,0,0,4,0,"2,96","766,36","191,59",2,0,8,124,171,49,0,0,72,52,"7,05","17 564,51","59,54",41,0,254,Total ago,124,171,49,0,0,72,52,"7,05","17 564,51","59,54",41,0,254,Total,8013,3882,2696,0,0,6460,1553,"12,07","869 943,02","73,14",2822,0,15613
Data,Ocup,Opção,Cheg,Oferta/Uso Interno,Deduz. Individ.,Deduz. Grupos,% Ocup.,Receita Quartos,Preço Médio,Saídas,Quartos FdS,Adul. / Cri.,agosto,Previsão,24-ago-2026 seg,3,15,0,0,0,3,0,"13,33","638,29","35,46",1,0,7,124,171,49,0,0,72,52,"7,05","17 564,51","59,54",41,0,254,Total ago,124,171,49,0,0,72,52,"7,05","17 564,51","59,54",41,0,254,Total,8013,3882,2696,0,0,6460,1553,"12,07","869 943,02","73,14",2822,0,15613
Data,Ocup,Opção,Cheg,Oferta/Uso Interno,Deduz. Individ.,Deduz. Grupos,% Ocup.,Receita Quartos,Preço Médio,Saídas,Quartos FdS,Adul. / Cri.,agosto,Previsão,25-ago-2026 ter,4,37,1,0,0,3,1,"30,37","751,68","18,33",0,0,8,124,171,49,0,0,72,52,"7,05","17 564,51","59,54",41,0,254,Total ago,124,171,49,0,0,72,52,"7,05","17 564,51","59,54",41,0,254,Total,8013,3882,2696,0,0,6460,1553,"12,07","869 943,02","73,14",2822,0,15613
Data,Ocup,Opção,Cheg,Oferta/Uso Interno,Deduz. Individ.,Deduz. Grupos,% Ocup.,Receita Quartos,Preço Médio,Saídas,Quartos FdS,Adul. / Cri.,agosto,Previsão,26-ago-2026 qua,18,37,16,0,0,1,17,"40,74","2 141,24","38,93",2,0,35,124,171,49,0,0,72,52,"7,05","17 564,51","59,54",41,0,254,Total ago,124,171,49,0,0,72,52,"7,05","17 564,51","59,54",41,0,254,Total,8013,3882,2696,0,0,6460,1553,"12,07","869 943,02","73,14",2822,0,15613
Data,Ocup,Opção,Cheg,Oferta/Uso Interno,Deduz. Individ.,Deduz. Grupos,% Ocup.,Receita Quartos,Preço Médio,Saídas,Quartos FdS,Adul. / Cri.,agosto,Previsão,27-ago-2026 qui,18,22,1,0,0,1,17,"29,63","2 100,24","52,51",1,0,35,124,171,49,0,0,72,52,"7,05","17 564,51","59,54",41,0,254,Total ago,124,171,49,0,0,72,52,"7,05","17 564,51","59,54",41,0,254,Total,8013,3882,2696,0,0,6460,1553,"12,07","869 943,02","73,14",2822,0,15613
Data,Ocup,Opção,Cheg,Oferta/Uso Interno,Deduz. Individ.,Deduz. Grupos,% Ocup.,Receita Quartos,Preço Médio,Saídas,Quartos FdS,Adul. / Cri.,agosto,Previsão,28-ago-2026 sex,17,0,0,0,0,0,17,"12,59","2 013,46","118,44",1,0,33,124,171,49,0,0,72,52,"7,05","17 564,51","59,54",41,0,254,Total ago,124,171,49,0,0,72,52,"7,05","17 564,51","59,54",41,0,254,Total,8013,3882,2696,0,0,6460,1553,"12,07","869 943,02","73,14",2822,0,15613
Data,Ocup,Opção,Cheg,Oferta/Uso Interno,Deduz. Individ.,Deduz. Grupos,% Ocup.,Receita Quartos,Preço Médio,Saídas,Quartos FdS,Adul. / Cri.,agosto,Previsão,29-ago-2026 sáb,1,0,1,0,0,1,0,"0,74","185,76","185,76",17,0,2,124,171,49,0,0,72,52,"7,05","17 564,51","59,54",41,0,254,Total ago,124,171,49,0,0,72,52,"7,05","17 564,51","59,54",41,0,254,Total,8013,3882,2696,0,0,6460,1553,"12,07","869 943,02","73,14",2822,0,15613
Data,Ocup,Opção,Cheg,Oferta/Uso Interno,Deduz. Individ.,Deduz. Grupos,% Ocup.,Receita Quartos,Preço Médio,Saídas,Quartos FdS,Adul. / Cri.,agosto,Previsão,30-ago-2026 dom,8,22,7,0,0,8,0,"22,22","1 059,24","35,31",0,0,15,124,171,49,0,0,72,52,"7,05","17 564,51","59,54",41,0,254,Total ago,124,171,49,0,0,72,52,"7,05","17 564,51","59,54",41,0,254,Total,8013,3882,2696,0,0,6460,1553,"12,07","869 943,02","73,14",2822,0,15613
Data,Ocup,Opção,Cheg,Oferta/Uso Interno,Deduz. Individ.,Deduz. Grupos,% Ocup.,Receita Quartos,Preço Médio,Saídas,Quartos FdS,Adul. / Cri.,agosto,Previsão,31-ago-2026 seg,12,22,4,0,0,12,0,"25,19","1 654,37","48,66",0,0,23,124,171,49,0,0,72,52,"7,05","17 564,51","59,54",41,0,254,Total ago,124,171,49,0,0,72,52,"7,05","17 564,51","59,54",41,0,254,Total,8013,3882,2696,0,0,6460,1553,"12,07","869 943,02","73,14",2822,0,15613
Data,Ocup,Opção,Cheg,Oferta/Uso Interno,Deduz. Individ.,Deduz. Grupos,% Ocup.,Receita Quartos,Preço Médio,Saídas,Quartos FdS,Adul. / Cri.,setembro,Previsão,01-set-2026 ter,15,44,3,0,0,14,1,"43,70","2 249,50","38,13",0,0,27,346,946,133,0,0,115,231,"31,90","54 859,68","42,46",128,0,686,Total set,346,946,133,0,0,115,231,"31,90","54 859,68","42,46",128,0,686,Total,8013,3882,2696,0,0,6460,1553,"12,07","869 943,02","73,14",2822,0,15613
Data,Ocup,Opção,Cheg,Oferta/Uso Interno,Deduz. Individ.,Deduz. Grupos,% Ocup.,Receita Quartos,Preço Médio,Saídas,Quartos FdS,Adul. / Cri.,setembro,Previsão,02-set-2026 qua,19,22,18,0,0,2,17,"30,37","2 833,35","69,11",14,0,37,346,946,133,0,0,115,231,"31,90","54 859,68","42,46",128,0,686,Total set,346,946,133,0,0,115,231,"31,90","54 859,68","42,46",128,0,686,Total,8013,3882,2696,0,0,6460,1553,"12,07","869 943,02","73,14",2822,0,15613
Data,Ocup,Opção,Cheg,Oferta/Uso Interno,Deduz. Individ.,Deduz. Grupos,% Ocup.,Receita Quartos,Preço Médio,Saídas,Quartos FdS,Adul. / Cri.,setembro,Previsão,03-set-2026 qui,20,47,1,0,0,2,18,"49,63","2 969,56","44,32",0,0,39,346,946,133,0,0,115,231,"31,90","54 859,68","42,46",128,0,686,Total set,346,946,133,0,0,115,231,"31,90","54 859,68","42,46",128,0,686,Total,8013,3882,2696,0,0,6460,1553,"12,07","869 943,02","73,14",2822,0,15613
Data,Ocup,Opção,Cheg,Oferta/Uso Interno,Deduz. Individ.,Deduz. Grupos,% Ocup.,Receita Quartos,Preço Médio,Saídas,Quartos FdS,Adul. / Cri.,setembro,Previsão,04-set-2026 sex,19,35,0,0,0,2,17,"40,00","2 832,88","52,46",1,0,37,346,946,133,0,0,115,231,"31,90","54 859,68","42,46",128,0,686,Total set,346,946,133,0,0,115,231,"31,90","54 859,68","42,46",128,0,686,Total,8013,3882,2696,0,0,6460,1553,"12,07","869 943,02","73,14",2822,0,15613
Data,Ocup,Opção,Cheg,Oferta/Uso Interno,Deduz. Individ.,Deduz. Grupos,% Ocup.,Receita Quartos,Preço Médio,Saídas,Quartos FdS,Adul. / Cri.,setembro,Previsão,05-set-2026 sáb,3,39,1,0,0,3,0,"31,11","436,09","10,38",17,0,6,346,946,133,0,0,115,231,"31,90","54 859,68","42,46",128,0,686,Total set,346,946,133,0,0,115,231,"31,90","54 859,68","42,46",128,0,686,Total,8013,3882,2696,0,0,6460,1553,"12,07","869 943,02","73,14",2822,0,15613
Data,Ocup,Opção,Cheg,Oferta/Uso Interno,Deduz. Individ.,Deduz. Grupos,% Ocup.,Receita Quartos,Preço Médio,Saídas,Quartos FdS,Adul. / Cri.,setembro,Previsão,06-set-2026 dom,6,13,5,0,0,6,0,"14,07","836,90","44,05",2,0,12,346,946,133,0,0,115,231,"31,90","54 859,68","42,46",128,0,686,Total set,346,946,133,0,0,115,231,"31,90","54 859,68","42,46",128,0,686,Total,8013,3882,2696,0,0,6460,1553,"12,07","869 943,02","73,14",2822,0,15613
Data,Ocup,Opção,Cheg,Oferta/Uso Interno,Deduz. Individ.,Deduz. Grupos,% Ocup.,Receita Quartos,Preço Médio,Saídas,Quartos FdS,Adul. / Cri.,setembro,Previsão,07-set-2026 seg,6,13,1,0,0,6,0,"14,07","917,17","48,27",1,0,12,346,946,133,0,0,115,231,"31,90","54 859,68","42,46",128,0,686,Total set,346,946,133,0,0,115,231,"31,90","54 859,68","42,46",128,0,686,Total,8013,3882,2696,0,0,6460,1553,"12,07","869 943,02","73,14",2822,0,15613
Data,Ocup,Opção,Cheg,Oferta/Uso Interno,Deduz. Individ.,Deduz. Grupos,% Ocup.,Receita Quartos,Preço Médio,Saídas,Quartos FdS,Adul. / Cri.,setembro,Previsão,08-set-2026 ter,6,26,3,0,0,5,1,"23,70","1 028,32","32,14",3,0,11,346,946,133,0,0,115,231,"31,90","54 859,68","42,46",128,0,686,Total set,346,946,133,0,0,115,231,"31,90","54 859,68","42,46",128,0,686,Total,8013,3882,2696,0,0,6460,1553,"12,07","869 943,02","73,14",2822,0,15613
Data,Ocup,Opção,Cheg,Oferta/Uso Interno,Deduz. Individ.,Deduz. Grupos,% Ocup.,Receita Quartos,Preço Médio,Saídas,Quartos FdS,Adul. / Cri.,setembro,Previsão,09-set-2026 qua,20,35,18,0,0,3,17,"40,74","3 044,25","55,35",4,0,39,346,946,133,0,0,115,231,"31,90","54 859,68","42,46",128,0,686,Total set,346,946,133,0,0,115,231,"31,90","54 859,68","42,46",128,0,686,Total,8013,3882,2696,0,0,6460,1553,"12,07","869 943,02","73,14",2822,0,15613
Data,Ocup,Opção,Cheg,Oferta/Uso Interno,Deduz. Individ.,Deduz. Grupos,% Ocup.,Receita Quartos,Preço Médio,Saídas,Quartos FdS,Adul. / Cri.,setembro,Previsão,10-set-2026 qui,20,39,0,0,0,3,17,"43,70","3 044,25","51,60",0,0,39,346,946,133,0,0,115,231,"31,90","54 859,68","42,46",128,0,686,Total set,346,946,133,0,0,115,231,"31,90","54 859,68","42,46",128,0,686,Total,8013,3882,2696,0,0,6460,1553,"12,07","869 943,02","73,14",2822,0,15613
Data,Ocup,Opção,Cheg,Oferta/Uso Interno,Deduz. Individ.,Deduz. Grupos,% Ocup.,Receita Quartos,Preço Médio,Saídas,Quartos FdS,Adul. / Cri.,setembro,Previsão,11-set-2026 sex,18,13,0,0,0,1,17,"22,96","2 700,91","87,13",2,0,35,346,946,133,0,0,115,231,"31,90","54 859,68","42,46",128,0,686,Total set,346,946,133,0,0,115,231,"31,90","54 859,68","42,46",128,0,686,Total,8013,3882,2696,0,0,6460,1553,"12,07","869 943,02","73,14",2822,0,15613
Data,Ocup,Opção,Cheg,Oferta/Uso Interno,Deduz. Individ.,Deduz. Grupos,% Ocup.,Receita Quartos,Preço Médio,Saídas,Quartos FdS,Adul. / Cri.,setembro,Previsão,12-set-2026 sáb,2,16,2,0,0,1,1,"13,33","318,48","17,69",18,0,3,346,946,133,0,0,115,231,"31,90","54 859,68","42,46",128,0,686,Total set,346,946,133,0,0,115,231,"31,90","54 859,68","42,46",128,0,686,Total,8013,3882,2696,0,0,6460,1553,"12,07","869 943,02","73,14",2822,0,15613
Data,Ocup,Opção,Cheg,Oferta/Uso Interno,Deduz. Individ.,Deduz. Grupos,% Ocup.,Receita Quartos,Preço Médio,Saídas,Quartos FdS,Adul. / Cri.,setembro,Previsão,13-set-2026 dom,1,35,0,0,0,1,0,"26,67","194,72","5,41",1,0,2,346,946,133,0,0,115,231,"31,90","54 859,68","42,46",128,0,686,Total set,346,946,133,0,0,115,231,"31,90","54 859,68","42,46",128,0,686,Total,8013,3882,2696,0,0,6460,1553,"12,07","869 943,02","73,14",2822,0,15613
Data,Ocup,Opção,Cheg,Oferta/Uso Interno,Deduz. Individ.,Deduz. Grupos,% Ocup.,Receita Quartos,Preço Médio,Saídas,Quartos FdS,Adul. / Cri.,setembro,Previsão,14-set-2026 seg,1,35,0,0,0,1,0,"26,67","194,72","5,41",0,0,2,346,946,133,0,0,115,231,"31,90","54 859,68","42,46",128,0,686,Total set,346,946,133,0,0,115,231,"31,90","54 859,68","42,46",128,0,686,Total,8013,3882,2696,0,0,6460,1553,"12,07","869 943,02","73,14",2822,0,15613
Data,Ocup,Opção,Cheg,Oferta/Uso Interno,Deduz. Individ.,Deduz. Grupos,% Ocup.,Receita Quartos,Preço Médio,Saídas,Quartos FdS,Adul. / Cri.,setembro,Previsão,15-set-2026 ter,3,26,3,0,0,2,1,"21,48","475,54","16,40",1,0,4,346,946,133,0,0,115,231,"31,90","54 859,68","42,46",128,0,686,Total set,346,946,133,0,0,115,231,"31,90","54 859,68","42,46",128,0,686,Total,8013,3882,2696,0,0,6460,1553,"12,07","869 943,02","73,14",2822,0,15613
Data,Ocup,Opção,Cheg,Oferta/Uso Interno,Deduz. Individ.,Deduz. Grupos,% Ocup.,Receita Quartos,Preço Médio,Saídas,Quartos FdS,Adul. / Cri.,setembro,Previsão,16-set-2026 qua,18,13,17,0,0,1,17,"22,96","2 588,83","83,51",2,0,35,346,946,133,0,0,115,231,"31,90","54 859,68","42,46",128,0,686,Total set,346,946,133,0,0,115,231,"31,90","54 859,68","42,46",128,0,686,Total,8013,3882,2696,0,0,6460,1553,"12,07","869 943,02","73,14",2822,0,15613
Data,Ocup,Opção,Cheg,Oferta/Uso Interno,Deduz. Individ.,Deduz. Grupos,% Ocup.,Receita Quartos,Preço Médio,Saídas,Quartos FdS,Adul. / Cri.,setembro,Previsão,17-set-2026 qui,20,16,2,0,0,2,18,"26,67","2 900,28","80,56",0,0,38,346,946,133,0,0,115,231,"31,90","54 859,68","42,46",128,0,686,Total set,346,946,133,0,0,115,231,"31,90","54 859,68","42,46",128,0,686,Total,8013,3882,2696,0,0,6460,1553,"12,07","869 943,02","73,14",2822,0,15613
Data,Ocup,Opção,Cheg,Oferta/Uso Interno,Deduz. Individ.,Deduz. Grupos,% Ocup.,Receita Quartos,Preço Médio,Saídas,Quartos FdS,Adul. / Cri.,setembro,Previsão,18-set-2026 sex,28,13,10,0,0,11,17,"30,37","5 060,82","123,43",2,0,60,346,946,133,0,0,115,231,"31,90","54 859,68","42,46",128,0,686,Total set,346,946,133,0,0,115,231,"31,90","54 859,68","42,46",128,0,686,Total,8013,3882,2696,0,0,6460,1553,"12,07","869 943,02","73,14",2822,0,15613
Data,Ocup,Opção,Cheg,Oferta/Uso Interno,Deduz. Individ.,Deduz. Grupos,% Ocup.,Receita Quartos,Preço Médio,Saídas,Quartos FdS,Adul. / Cri.,setembro,Previsão,19-set-2026 sáb,11,17,1,0,0,11,0,"20,74","2 827,47","100,98",18,0,28,346,946,133,0,0,115,231,"31,90","54 859,68","42,46",128,0,686,Total set,346,946,133,0,0,115,231,"31,90","54 859,68","42,46",128,0,686,Total,8013,3882,2696,0,0,6460,1553,"12,07","869 943,02","73,14",2822,0,15613
Data,Ocup,Opção,Cheg,Oferta/Uso Interno,Deduz. Individ.,Deduz. Grupos,% Ocup.,Receita Quartos,Preço Médio,Saídas,Quartos FdS,Adul. / Cri.,setembro,Previsão,20-set-2026 dom,11,35,0,0,0,11,0,"34,07","2 633,23","57,24",0,0,28,346,946,133,0,0,115,231,"31,90","54 859,68","42,46",128,0,686,Total set,346,946,133,0,0,115,231,"31,90","54 859,68","42,46",128,0,686,Total,8013,3882,2696,0,0,6460,1553,"12,07","869 943,02","73,14",2822,0,15613
Data,Ocup,Opção,Cheg,Oferta/Uso Interno,Deduz. Individ.,Deduz. Grupos,% Ocup.,Receita Quartos,Preço Médio,Saídas,Quartos FdS,Adul. / Cri.,setembro,Previsão,21-set-2026 seg,1,35,1,0,0,1,0,"26,67","219,79","6,11",11,0,2,346,946,133,0,0,115,231,"31,90","54 859,68","42,46",128,0,686,Total set,346,946,133,0,0,115,231,"31,90","54 859,68","42,46",128,0,686,Total,8013,3882,2696,0,0,6460,1553,"12,07","869 943,02","73,14",2822,0,15613
Data,Ocup,Opção,Cheg,Oferta/Uso Interno,Deduz. Individ.,Deduz. Grupos,% Ocup.,Receita Quartos,Preço Médio,Saídas,Quartos FdS,Adul. / Cri.,setembro,Previsão,22-set-2026 ter,4,46,3,0,0,3,1,"37,04","611,35","12,23",0,0,7,346,946,133,0,0,115,231,"31,90","54 859,68","42,46",128,0,686,Total set,346,946,133,0,0,115,231,"31,90","54 859,68","42,46",128,0,686,Total,8013,3882,2696,0,0,6460,1553,"12,07","869 943,02","73,14",2822,0,15613
Data,Ocup,Opção,Cheg,Oferta/Uso Interno,Deduz. Individ.,Deduz. Grupos,% Ocup.,Receita Quartos,Preço Médio,Saídas,Quartos FdS,Adul. / Cri.,setembro,Previsão,23-set-2026 qua,21,33,18,0,0,4,17,"40,00","3 036,97","56,24",1,0,41,346,946,133,0,0,115,231,"31,90","54 859,68","42,46",128,0,686,Total set,346,946,133,0,0,115,231,"31,90","54 859,68","42,46",128,0,686,Total,8013,3882,2696,0,0,6460,1553,"12,07","869 943,02","73,14",2822,0,15613
Data,Ocup,Opção,Cheg,Oferta/Uso Interno,Deduz. Individ.,Deduz. Grupos,% Ocup.,Receita Quartos,Preço Médio,Saídas,Quartos FdS,Adul. / Cri.,setembro,Previsão,24-set-2026 qui,22,37,2,0,0,5,17,"43,70","3 130,01","53,05",1,0,43,346,946,133,0,0,115,231,"31,90","54 859,68","42,46",128,0,686,Total set,346,946,133,0,0,115,231,"31,90","54 859,68","42,46",128,0,686,Total,8013,3882,2696,0,0,6460,1553,"12,07","869 943,02","73,14",2822,0,15613
Data,Ocup,Opção,Cheg,Oferta/Uso Interno,Deduz. Individ.,Deduz. Grupos,% Ocup.,Receita Quartos,Preço Médio,Saídas,Quartos FdS,Adul. / Cri.,setembro,Previsão,25-set-2026 sex,23,33,2,0,0,6,17,"41,48","3 410,35","60,90",1,0,45,346,946,133,0,0,115,231,"31,90","54 859,68","42,46",128,0,686,Total set,346,946,133,0,0,115,231,"31,90","54 859,68","42,46",128,0,686,Total,8013,3882,2696,0,0,6460,1553,"12,07","869 943,02","73,14",2822,0,15613
Data,Ocup,Opção,Cheg,Oferta/Uso Interno,Deduz. Individ.,Deduz. Grupos,% Ocup.,Receita Quartos,Preço Médio,Saídas,Quartos FdS,Adul. / Cri.,setembro,Previsão,26-set-2026 sáb,5,14,2,0,0,3,2,"14,07","655,38","34,49",20,0,10,346,946,133,0,0,115,231,"31,90","54 859,68","42,46",128,0,686,Total set,346,946,133,0,0,115,231,"31,90","54 859,68","42,46",128,0,686,Total,8013,3882,2696,0,0,6460,1553,"12,07","869 943,02","73,14",2822,0,15613
Data,Ocup,Opção,Cheg,Oferta/Uso Interno,Deduz. Individ.,Deduz. Grupos,% Ocup.,Receita Quartos,Preço Médio,Saídas,Quartos FdS,Adul. / Cri.,setembro,Previsão,27-set-2026 dom,0,36,0,0,0,0,0,"26,67",-,-,5,0,0,346,946,133,0,0,115,231,"31,90","54 859,68","42,46",128,0,686,Total set,346,946,133,0,0,115,231,"31,90","54 859,68","42,46",128,0,686,Total,8013,3882,2696,0,0,6460,1553,"12,07","869 943,02","73,14",2822,0,15613
Data,Ocup,Opção,Cheg,Oferta/Uso Interno,Deduz. Individ.,Deduz. Grupos,% Ocup.,Receita Quartos,Preço Médio,Saídas,Quartos FdS,Adul. / Cri.,setembro,Previsão,28-set-2026 seg,3,56,3,0,0,3,0,"43,70","557,89","9,46",0,0,6,346,946,133,0,0,115,231,"31,90","54 859,68","42,46",128,0,686,Total set,346,946,133,0,0,115,231,"31,90","54 859,68","42,46",128,0,686,Total,8013,3882,2696,0,0,6460,1553,"12,07","869 943,02","73,14",2822,0,15613
Data,Ocup,Opção,Cheg,Oferta/Uso Interno,Deduz. Individ.,Deduz. Grupos,% Ocup.,Receita Quartos,Preço Médio,Saídas,Quartos FdS,Adul. / Cri.,setembro,Previsão,29-set-2026 ter,3,69,1,0,0,2,1,"53,33","656,10","9,11",1,0,5,346,946,133,0,0,115,231,"31,90","54 859,68","42,46",128,0,686,Total set,346,946,133,0,0,115,231,"31,90","54 859,68","42,46",128,0,686,Total,8013,3882,2696,0,0,6460,1553,"12,07","869 943,02","73,14",2822,0,15613
Data,Ocup,Opção,Cheg,Oferta/Uso Interno,Deduz. Individ.,Deduz. Grupos,% Ocup.,Receita Quartos,Preço Médio,Saídas,Quartos FdS,Adul. / Cri.,setembro,Previsão,30-set-2026 qua,17,55,16,0,0,0,17,"53,33","2 494,59","34,65",2,0,33,346,946,133,0,0,115,231,"31,90","54 859,68","42,46",128,0,686,Total set,346,946,133,0,0,115,231,"31,90","54 859,68","42,46",128,0,686,Total,8013,3882,2696,0,0,6460,1553,"12,07","869 943,02","73,14",2822,0,15613
Data,Ocup,Opção,Cheg,Oferta/Uso Interno,Deduz. Individ.,Deduz. Grupos,% Ocup.,Receita Quartos,Preço Médio,Saídas,Quartos FdS,Adul. / Cri.,outubro,Previsão,01-out-2026 qui,17,39,0,0,0,0,17,"41,48","2 494,59","44,55",0,0,33,310,486,101,0,0,67,243,"19,02","46 628,79","58,58",118,0,610,Total out,310,486,101,0,0,67,243,"19,02","46 628,79","58,58",118,0,610,Total,8013,3882,2696,0,0,6460,1553,"12,07","869 943,02","73,14",2822,0,15613
Data,Ocup,Opção,Cheg,Oferta/Uso Interno,Deduz. Individ.,Deduz. Grupos,% Ocup.,Receita Quartos,Preço Médio,Saídas,Quartos FdS,Adul. / Cri.,outubro,Previsão,02-out-2026 sex,17,13,0,0,0,0,17,"22,22","2 494,59","83,15",0,0,33,310,486,101,0,0,67,243,"19,02","46 628,79","58,58",118,0,610,Total out,310,486,101,0,0,67,243,"19,02","46 628,79","58,58",118,0,610,Total,8013,3882,2696,0,0,6460,1553,"12,07","869 943,02","73,14",2822,0,15613
Data,Ocup,Opção,Cheg,Oferta/Uso Interno,Deduz. Individ.,Deduz. Grupos,% Ocup.,Receita Quartos,Preço Médio,Saídas,Quartos FdS,Adul. / Cri.,outubro,Previsão,03-out-2026 sáb,0,18,0,0,0,0,0,"13,33",-,-,17,0,0,310,486,101,0,0,67,243,"19,02","46 628,79","58,58",118,0,610,Total out,310,486,101,0,0,67,243,"19,02","46 628,79","58,58",118,0,610,Total,8013,3882,2696,0,0,6460,1553,"12,07","869 943,02","73,14",2822,0,15613
Data,Ocup,Opção,Cheg,Oferta/Uso Interno,Deduz. Individ.,Deduz. Grupos,% Ocup.,Receita Quartos,Preço Médio,Saídas,Quartos FdS,Adul. / Cri.,outubro,Previsão,04-out-2026 dom,2,14,2,0,0,2,0,"11,85","359,21","22,45",0,0,4,310,486,101,0,0,67,243,"19,02","46 628,79","58,58",118,0,610,Total out,310,486,101,0,0,67,243,"19,02","46 628,79","58,58",118,0,610,Total,8013,3882,2696,0,0,6460,1553,"12,07","869 943,02","73,14",2822,0,15613
Data,Ocup,Opção,Cheg,Oferta/Uso Interno,Deduz. Individ.,Deduz. Grupos,% Ocup.,Receita Quartos,Preço Médio,Saídas,Quartos FdS,Adul. / Cri.,outubro,Previsão,05-out-2026 seg,9,14,7,0,0,9,0,"17,04","1 459,99","63,48",0,0,15,310,486,101,0,0,67,243,"19,02","46 628,79","58,58",118,0,610,Total out,310,486,101,0,0,67,243,"19,02","46 628,79","58,58",118,0,610,Total,8013,3882,2696,0,0,6460,1553,"12,07","869 943,02","73,14",2822,0,15613
Data,Ocup,Opção,Cheg,Oferta/Uso Interno,Deduz. Individ.,Deduz. Grupos,% Ocup.,Receita Quartos,Preço Médio,Saídas,Quartos FdS,Adul. / Cri.,outubro,Previsão,06-out-2026 ter,12,5,3,0,0,10,2,"12,59","1 867,49","109,85",0,0,20,310,486,101,0,0,67,243,"19,02","46 628,79","58,58",118,0,610,Total out,310,486,101,0,0,67,243,"19,02","46 628,79","58,58",118,0,610,Total,8013,3882,2696,0,0,6460,1553,"12,07","869 943,02","73,14",2822,0,15613
Data,Ocup,Opção,Cheg,Oferta/Uso Interno,Deduz. Individ.,Deduz. Grupos,% Ocup.,Receita Quartos,Preço Médio,Saídas,Quartos FdS,Adul. / Cri.,outubro,Previsão,07-out-2026 qua,18,14,17,0,0,1,17,"23,70","2 603,73","81,37",11,0,35,310,486,101,0,0,67,243,"19,02","46 628,79","58,58",118,0,610,Total out,310,486,101,0,0,67,243,"19,02","46 628,79","58,58",118,0,610,Total,8013,3882,2696,0,0,6460,1553,"12,07","869 943,02","73,14",2822,0,15613
Data,Ocup,Opção,Cheg,Oferta/Uso Interno,Deduz. Individ.,Deduz. Grupos,% Ocup.,Receita Quartos,Preço Médio,Saídas,Quartos FdS,Adul. / Cri.,outubro,Previsão,08-out-2026 qui,18,18,0,0,0,1,17,"26,67","2 603,73","72,33",0,0,35,310,486,101,0,0,67,243,"19,02","46 628,79","58,58",118,0,610,Total out,310,486,101,0,0,67,243,"19,02","46 628,79","58,58",118,0,610,Total,8013,3882,2696,0,0,6460,1553,"12,07","869 943,02","73,14",2822,0,15613
Data,Ocup,Opção,Cheg,Oferta/Uso Interno,Deduz. Individ.,Deduz. Grupos,% Ocup.,Receita Quartos,Preço Médio,Saídas,Quartos FdS,Adul. / Cri.,outubro,Previsão,09-out-2026 sex,19,14,1,0,0,2,17,"24,44","2 759,91","83,63",0,0,37,310,486,101,0,0,67,243,"19,02","46 628,79","58,58",118,0,610,Total out,310,486,101,0,0,67,243,"19,02","46 628,79","58,58",118,0,610,Total,8013,3882,2696,0,0,6460,1553,"12,07","869 943,02","73,14",2822,0,15613
Data,Ocup,Opção,Cheg,Oferta/Uso Interno,Deduz. Individ.,Deduz. Grupos,% Ocup.,Receita Quartos,Preço Médio,Saídas,Quartos FdS,Adul. / Cri.,outubro,Previsão,10-out-2026 sáb,5,48,4,0,0,5,0,"39,26","1 525,96","28,79",18,0,17,310,486,101,0,0,67,243,"19,02","46 628,79","58,58",118,0,610,Total out,310,486,101,0,0,67,243,"19,02","46 628,79","58,58",118,0,610,Total,8013,3882,2696,0,0,6460,1553,"12,07","869 943,02","73,14",2822,0,15613
Data,Ocup,Opção,Cheg,Oferta/Uso Interno,Deduz. Individ.,Deduz. Grupos,% Ocup.,Receita Quartos,Preço Médio,Saídas,Quartos FdS,Adul. / Cri.,outubro,Previsão,11-out-2026 dom,4,44,0,0,0,4,0,"35,56","1 273,21","26,53",1,0,15,310,486,101,0,0,67,243,"19,02","46 628,79","58,58",118,0,610,Total out,310,486,101,0,0,67,243,"19,02","46 628,79","58,58",118,0,610,Total,8013,3882,2696,0,0,6460,1553,"12,07","869 943,02","73,14",2822,0,15613
Data,Ocup,Opção,Cheg,Oferta/Uso Interno,Deduz. Individ.,Deduz. Grupos,% Ocup.,Receita Quartos,Preço Médio,Saídas,Quartos FdS,Adul. / Cri.,outubro,Previsão,12-out-2026 seg,0,44,0,0,0,0,0,"32,59",-,-,4,0,0,310,486,101,0,0,67,243,"19,02","46 628,79","58,58",118,0,610,Total out,310,486,101,0,0,67,243,"19,02","46 628,79","58,58",118,0,610,Total,8013,3882,2696,0,0,6460,1553,"12,07","869 943,02","73,14",2822,0,15613
Data,Ocup,Opção,Cheg,Oferta/Uso Interno,Deduz. Individ.,Deduz. Grupos,% Ocup.,Receita Quartos,Preço Médio,Saídas,Quartos FdS,Adul. / Cri.,outubro,Previsão,13-out-2026 ter,4,35,4,0,0,3,1,"28,89","600,91","15,41",0,0,7,310,486,101,0,0,67,243,"19,02","46 628,79","58,58",118,0,610,Total out,310,486,101,0,0,67,243,"19,02","46 628,79","58,58",118,0,610,Total,8013,3882,2696,0,0,6460,1553,"12,07","869 943,02","73,14",2822,0,15613
Data,Ocup,Opção,Cheg,Oferta/Uso Interno,Deduz. Individ.,Deduz. Grupos,% Ocup.,Receita Quartos,Preço Médio,Saídas,Quartos FdS,Adul. / Cri.,outubro,Previsão,14-out-2026 qua,18,14,16,0,0,1,17,"23,70","2 607,75","81,49",2,0,35,310,486,101,0,0,67,243,"19,02","46 628,79","58,58",118,0,610,Total out,310,486,101,0,0,67,243,"19,02","46 628,79","58,58",118,0,610,Total,8013,3882,2696,0,0,6460,1553,"12,07","869 943,02","73,14",2822,0,15613
Data,Ocup,Opção,Cheg,Oferta/Uso Interno,Deduz. Individ.,Deduz. Grupos,% Ocup.,Receita Quartos,Preço Médio,Saídas,Quartos FdS,Adul. / Cri.,outubro,Previsão,15-out-2026 qui,17,19,0,0,0,0,17,"26,67","2 494,59","69,29",1,0,33,310,486,101,0,0,67,243,"19,02","46 628,79","58,58",118,0,610,Total out,310,486,101,0,0,67,243,"19,02","46 628,79","58,58",118,0,610,Total,8013,3882,2696,0,0,6460,1553,"12,07","869 943,02","73,14",2822,0,15613
Data,Ocup,Opção,Cheg,Oferta/Uso Interno,Deduz. Individ.,Deduz. Grupos,% Ocup.,Receita Quartos,Preço Médio,Saídas,Quartos FdS,Adul. / Cri.,outubro,Previsão,16-out-2026 sex,19,15,2,0,0,2,17,"25,19","2 833,37","83,33",0,0,37,310,486,101,0,0,67,243,"19,02","46 628,79","58,58",118,0,610,Total out,310,486,101,0,0,67,243,"19,02","46 628,79","58,58",118,0,610,Total,8013,3882,2696,0,0,6460,1553,"12,07","869 943,02","73,14",2822,0,15613
Data,Ocup,Opção,Cheg,Oferta/Uso Interno,Deduz. Individ.,Deduz. Grupos,% Ocup.,Receita Quartos,Preço Médio,Saídas,Quartos FdS,Adul. / Cri.,outubro,Previsão,17-out-2026 sáb,2,18,0,0,0,2,0,"14,81","338,77","16,94",17,0,4,310,486,101,0,0,67,243,"19,02","46 628,79","58,58",118,0,610,Total out,310,486,101,0,0,67,243,"19,02","46 628,79","58,58",118,0,610,Total,8013,3882,2696,0,0,6460,1553,"12,07","869 943,02","73,14",2822,0,15613
Data,Ocup,Opção,Cheg,Oferta/Uso Interno,Deduz. Individ.,Deduz. Grupos,% Ocup.,Receita Quartos,Preço Médio,Saídas,Quartos FdS,Adul. / Cri.,outubro,Previsão,18-out-2026 dom,2,14,2,0,0,2,0,"11,85","204,28","12,77",2,0,4,310,486,101,0,0,67,243,"19,02","46 628,79","58,58",118,0,610,Total out,310,486,101,0,0,67,243,"19,02","46 628,79","58,58",118,0,610,Total,8013,3882,2696,0,0,6460,1553,"12,07","869 943,02","73,14",2822,0,15613
Data,Ocup,Opção,Cheg,Oferta/Uso Interno,Deduz. Individ.,Deduz. Grupos,% Ocup.,Receita Quartos,Preço Médio,Saídas,Quartos FdS,Adul. / Cri.,outubro,Previsão,19-out-2026 seg,4,13,2,0,0,4,0,"12,59","422,55","24,86",0,0,8,310,486,101,0,0,67,243,"19,02","46 628,79","58,58",118,0,610,Total out,310,486,101,0,0,67,243,"19,02","46 628,79","58,58",118,0,610,Total,8013,3882,2696,0,0,6460,1553,"12,07","869 943,02","73,14",2822,0,15613
Data,Ocup,Opção,Cheg,Oferta/Uso Interno,Deduz. Individ.,Deduz. Grupos,% Ocup.,Receita Quartos,Preço Médio,Saídas,Quartos FdS,Adul. / Cri.,outubro,Previsão,20-out-2026 ter,8,0,5,0,0,7,1,"5,93","1 081,46","135,18",1,0,15,310,486,101,0,0,67,243,"19,02","46 628,79","58,58",118,0,610,Total out,310,486,101,0,0,67,243,"19,02","46 628,79","58,58",118,0,610,Total,8013,3882,2696,0,0,6460,1553,"12,07","869 943,02","73,14",2822,0,15613
Data,Ocup,Opção,Cheg,Oferta/Uso Interno,Deduz. Individ.,Deduz. Grupos,% Ocup.,Receita Quartos,Preço Médio,Saídas,Quartos FdS,Adul. / Cri.,outubro,Previsão,21-out-2026 qua,20,0,17,0,0,3,17,"14,81","2 821,99","141,10",5,0,39,310,486,101,0,0,67,243,"19,02","46 628,79","58,58",118,0,610,Total out,310,486,101,0,0,67,243,"19,02","46 628,79","58,58",118,0,610,Total,8013,3882,2696,0,0,6460,1553,"12,07","869 943,02","73,14",2822,0,15613
Data,Ocup,Opção,Cheg,Oferta/Uso Interno,Deduz. Individ.,Deduz. Grupos,% Ocup.,Receita Quartos,Preço Médio,Saídas,Quartos FdS,Adul. / Cri.,outubro,Previsão,22-out-2026 qui,19,4,1,0,0,2,17,"17,04","2 763,35","120,15",2,0,37,310,486,101,0,0,67,243,"19,02","46 628,79","58,58",118,0,610,Total out,310,486,101,0,0,67,243,"19,02","46 628,79","58,58",118,0,610,Total,8013,3882,2696,0,0,6460,1553,"12,07","869 943,02","73,14",2822,0,15613
Data,Ocup,Opção,Cheg,Oferta/Uso Interno,Deduz. Individ.,Deduz. Grupos,% Ocup.,Receita Quartos,Preço Médio,Saídas,Quartos FdS,Adul. / Cri.,outubro,Previsão,23-out-2026 sex,19,13,0,0,0,2,17,"23,70","2 772,41","86,64",0,0,37,310,486,101,0,0,67,243,"19,02","46 628,79","58,58",118,0,610,Total out,310,486,101,0,0,67,243,"19,02","46 628,79","58,58",118,0,610,Total,8013,3882,2696,0,0,6460,1553,"12,07","869 943,02","73,14",2822,0,15613
Data,Ocup,Opção,Cheg,Oferta/Uso Interno,Deduz. Individ.,Deduz. Grupos,% Ocup.,Receita Quartos,Preço Médio,Saídas,Quartos FdS,Adul. / Cri.,outubro,Previsão,24-out-2026 sáb,1,17,0,0,0,1,0,"13,33","146,04","8,11",18,0,2,310,486,101,0,0,67,243,"19,02","46 628,79","58,58",118,0,610,Total out,310,486,101,0,0,67,243,"19,02","46 628,79","58,58",118,0,610,Total,8013,3882,2696,0,0,6460,1553,"12,07","869 943,02","73,14",2822,0,15613
Data,Ocup,Opção,Cheg,Oferta/Uso Interno,Deduz. Individ.,Deduz. Grupos,% Ocup.,Receita Quartos,Preço Médio,Saídas,Quartos FdS,Adul. / Cri.,outubro,Previsão,25-out-2026 dom,1,26,0,0,0,1,0,"20,00","146,04","5,41",0,0,2,310,486,101,0,0,67,243,"19,02","46 628,79","58,58",118,0,610,Total out,310,486,101,0,0,67,243,"19,02","46 628,79","58,58",118,0,610,Total,8013,3882,2696,0,0,6460,1553,"12,07","869 943,02","73,14",2822,0,15613
Data,Ocup,Opção,Cheg,Oferta/Uso Interno,Deduz. Individ.,Deduz. Grupos,% Ocup.,Receita Quartos,Preço Médio,Saídas,Quartos FdS,Adul. / Cri.,outubro,Previsão,26-out-2026 seg,0,13,0,0,0,0,0,"9,63",-,-,1,0,0,310,486,101,0,0,67,243,"19,02","46 628,79","58,58",118,0,610,Total out,310,486,101,0,0,67,243,"19,02","46 628,79","58,58",118,0,610,Total,8013,3882,2696,0,0,6460,1553,"12,07","869 943,02","73,14",2822,0,15613
Data,Ocup,Opção,Cheg,Oferta/Uso Interno,Deduz. Individ.,Deduz. Grupos,% Ocup.,Receita Quartos,Preço Médio,Saídas,Quartos FdS,Adul. / Cri.,outubro,Previsão,27-out-2026 ter,2,0,2,0,0,1,1,"1,48","250,82","125,41",0,0,3,310,486,101,0,0,67,243,"19,02","46 628,79","58,58",118,0,610,Total out,310,486,101,0,0,67,243,"19,02","46 628,79","58,58",118,0,610,Total,8013,3882,2696,0,0,6460,1553,"12,07","869 943,02","73,14",2822,0,15613
Data,Ocup,Opção,Cheg,Oferta/Uso Interno,Deduz. Individ.,Deduz. Grupos,% Ocup.,Receita Quartos,Preço Médio,Saídas,Quartos FdS,Adul. / Cri.,outubro,Previsão,28-out-2026 qua,18,0,16,0,0,1,17,"13,33","2 603,73","144,65",0,0,35,310,486,101,0,0,67,243,"19,02","46 628,79","58,58",118,0,610,Total out,310,486,101,0,0,67,243,"19,02","46 628,79","58,58",118,0,610,Total,8013,3882,2696,0,0,6460,1553,"12,07","869 943,02","73,14",2822,0,15613
Data,Ocup,Opção,Cheg,Oferta/Uso Interno,Deduz. Individ.,Deduz. Grupos,% Ocup.,Receita Quartos,Preço Médio,Saídas,Quartos FdS,Adul. / Cri.,outubro,Previsão,29-out-2026 qui,18,0,0,0,0,1,17,"13,33","2 603,73","144,65",0,0,35,310,486,101,0,0,67,243,"19,02","46 628,79","58,58",118,0,610,Total out,310,486,101,0,0,67,243,"19,02","46 628,79","58,58",118,0,610,Total,8013,3882,2696,0,0,6460,1553,"12,07","869 943,02","73,14",2822,0,15613
Data,Ocup,Opção,Cheg,Oferta/Uso Interno,Deduz. Individ.,Deduz. Grupos,% Ocup.,Receita Quartos,Preço Médio,Saídas,Quartos FdS,Adul. / Cri.,outubro,Previsão,30-out-2026 sex,17,0,0,0,0,0,17,"12,59","2 494,59","146,74",1,0,33,310,486,101,0,0,67,243,"19,02","46 628,79","58,58",118,0,610,Total out,310,486,101,0,0,67,243,"19,02","46 628,79","58,58",118,0,610,Total,8013,3882,2696,0,0,6460,1553,"12,07","869 943,02","73,14",2822,0,15613
Data,Ocup,Opção,Cheg,Oferta/Uso Interno,Deduz. Individ.,Deduz. Grupos,% Ocup.,Receita Quartos,Preço Médio,Saídas,Quartos FdS,Adul. / Cri.,outubro,Previsão,31-out-2026 sáb,0,0,0,0,0,0,0,-,-,NaN,17,0,0,310,486,101,0,0,67,243,"19,02","46 628,79","58,58",118,0,610,Total out,310,486,101,0,0,67,243,"19,02","46 628,79","58,58",118,0,610,Total,8013,3882,2696,0,0,6460,1553,"12,07","869 943,02","73,14",2822,0,15613
Data,Ocup,Opção,Cheg,Oferta/Uso Interno,Deduz. Individ.,Deduz. Grupos,% Ocup.,Receita Quartos,Preço Médio,Saídas,Quartos FdS,Adul. / Cri.,novembro,Previsão,01-nov-2026 dom,1,0,1,0,0,1,0,"0,74","79,70","79,70",0,0,2,14,147,5,0,0,14,0,"3,98","1 457,61","9,05",5,0,23,Total nov,14,147,5,0,0,14,0,"3,98","1 457,61","9,05",5,0,23,Total,8013,3882,2696,0,0,6460,1553,"12,07","869 943,02","73,14",2822,0,15613
Data,Ocup,Opção,Cheg,Oferta/Uso Interno,Deduz. Individ.,Deduz. Grupos,% Ocup.,Receita Quartos,Preço Médio,Saídas,Quartos FdS,Adul. / Cri.,novembro,Previsão,02-nov-2026 seg,1,0,0,0,0,1,0,"0,74","79,70","79,70",0,0,2,14,147,5,0,0,14,0,"3,98","1 457,61","9,05",5,0,23,Total nov,14,147,5,0,0,14,0,"3,98","1 457,61","9,05",5,0,23,Total,8013,3882,2696,0,0,6460,1553,"12,07","869 943,02","73,14",2822,0,15613
Data,Ocup,Opção,Cheg,Oferta/Uso Interno,Deduz. Individ.,Deduz. Grupos,% Ocup.,Receita Quartos,Preço Médio,Saídas,Quartos FdS,Adul. / Cri.,novembro,Previsão,03-nov-2026 ter,1,0,0,0,0,1,0,"0,74","79,70","79,70",0,0,2,14,147,5,0,0,14,0,"3,98","1 457,61","9,05",5,0,23,Total nov,14,147,5,0,0,14,0,"3,98","1 457,61","9,05",5,0,23,Total,8013,3882,2696,0,0,6460,1553,"12,07","869 943,02","73,14",2822,0,15613
Data,Ocup,Opção,Cheg,Oferta/Uso Interno,Deduz. Individ.,Deduz. Grupos,% Ocup.,Receita Quartos,Preço Médio,Saídas,Quartos FdS,Adul. / Cri.,novembro,Previsão,04-nov-2026 qua,1,0,0,0,0,1,0,"0,74","79,70","79,70",0,0,2,14,147,5,0,0,14,0,"3,98","1 457,61","9,05",5,0,23,Total nov,14,147,5,0,0,14,0,"3,98","1 457,61","9,05",5,0,23,Total,8013,3882,2696,0,0,6460,1553,"12,07","869 943,02","73,14",2822,0,15613
Data,Ocup,Opção,Cheg,Oferta/Uso Interno,Deduz. Individ.,Deduz. Grupos,% Ocup.,Receita Quartos,Preço Médio,Saídas,Quartos FdS,Adul. / Cri.,novembro,Previsão,05-nov-2026 qui,0,0,0,0,0,0,0,-,-,NaN,1,0,0,14,147,5,0,0,14,0,"3,98","1 457,61","9,05",5,0,23,Total nov,14,147,5,0,0,14,0,"3,98","1 457,61","9,05",5,0,23,Total,8013,3882,2696,0,0,6460,1553,"12,07","869 943,02","73,14",2822,0,15613
Data,Ocup,Opção,Cheg,Oferta/Uso Interno,Deduz. Individ.,Deduz. Grupos,% Ocup.,Receita Quartos,Preço Médio,Saídas,Quartos FdS,Adul. / Cri.,novembro,Previsão,06-nov-2026 sex,1,0,1,0,0,1,0,"0,74","127,02","127,02",0,0,1,14,147,5,0,0,14,0,"3,98","1 457,61","9,05",5,0,23,Total nov,14,147,5,0,0,14,0,"3,98","1 457,61","9,05",5,0,23,Total,8013,3882,2696,0,0,6460,1553,"12,07","869 943,02","73,14",2822,0,15613
Data,Ocup,Opção,Cheg,Oferta/Uso Interno,Deduz. Individ.,Deduz. Grupos,% Ocup.,Receita Quartos,Preço Médio,Saídas,Quartos FdS,Adul. / Cri.,novembro,Previsão,07-nov-2026 sáb,1,0,0,0,0,1,0,"0,74","127,02","127,02",0,0,1,14,147,5,0,0,14,0,"3,98","1 457,61","9,05",5,0,23,Total nov,14,147,5,0,0,14,0,"3,98","1 457,61","9,05",5,0,23,Total,8013,3882,2696,0,0,6460,1553,"12,07","869 943,02","73,14",2822,0,15613
Data,Ocup,Opção,Cheg,Oferta/Uso Interno,Deduz. Individ.,Deduz. Grupos,% Ocup.,Receita Quartos,Preço Médio,Saídas,Quartos FdS,Adul. / Cri.,novembro,Previsão,08-nov-2026 dom,1,0,0,0,0,1,0,"0,74","112,58","112,58",0,0,1,14,147,5,0,0,14,0,"3,98","1 457,61","9,05",5,0,23,Total nov,14,147,5,0,0,14,0,"3,98","1 457,61","9,05",5,0,23,Total,8013,3882,2696,0,0,6460,1553,"12,07","869 943,02","73,14",2822,0,15613
Data,Ocup,Opção,Cheg,Oferta/Uso Interno,Deduz. Individ.,Deduz. Grupos,% Ocup.,Receita Quartos,Preço Médio,Saídas,Quartos FdS,Adul. / Cri.,novembro,Previsão,09-nov-2026 seg,0,0,0,0,0,0,0,-,-,NaN,1,0,0,14,147,5,0,0,14,0,"3,98","1 457,61","9,05",5,0,23,Total nov,14,147,5,0,0,14,0,"3,98","1 457,61","9,05",5,0,23,Total,8013,3882,2696,0,0,6460,1553,"12,07","869 943,02","73,14",2822,0,15613
Data,Ocup,Opção,Cheg,Oferta/Uso Interno,Deduz. Individ.,Deduz. Grupos,% Ocup.,Receita Quartos,Preço Médio,Saídas,Quartos FdS,Adul. / Cri.,novembro,Previsão,10-nov-2026 ter,0,0,0,0,0,0,0,-,-,NaN,0,0,0,14,147,5,0,0,14,0,"3,98","1 457,61","9,05",5,0,23,Total nov,14,147,5,0,0,14,0,"3,98","1 457,61","9,05",5,0,23,Total,8013,3882,2696,0,0,6460,1553,"12,07","869 943,02","73,14",2822,0,15613
Data,Ocup,Opção,Cheg,Oferta/Uso Interno,Deduz. Individ.,Deduz. Grupos,% Ocup.,Receita Quartos,Preço Médio,Saídas,Quartos FdS,Adul. / Cri.,novembro,Previsão,11-nov-2026 qua,0,0,0,0,0,0,0,-,-,NaN,0,0,0,14,147,5,0,0,14,0,"3,98","1 457,61","9,05",5,0,23,Total nov,14,147,5,0,0,14,0,"3,98","1 457,61","9,05",5,0,23,Total,8013,3882,2696,0,0,6460,1553,"12,07","869 943,02","73,14",2822,0,15613
Data,Ocup,Opção,Cheg,Oferta/Uso Interno,Deduz. Individ.,Deduz. Grupos,% Ocup.,Receita Quartos,Preço Médio,Saídas,Quartos FdS,Adul. / Cri.,novembro,Previsão,12-nov-2026 qui,0,0,0,0,0,0,0,-,-,NaN,0,0,0,14,147,5,0,0,14,0,"3,98","1 457,61","9,05",5,0,23,Total nov,14,147,5,0,0,14,0,"3,98","1 457,61","9,05",5,0,23,Total,8013,3882,2696,0,0,6460,1553,"12,07","869 943,02","73,14",2822,0,15613
Data,Ocup,Opção,Cheg,Oferta/Uso Interno,Deduz. Individ.,Deduz. Grupos,% Ocup.,Receita Quartos,Preço Médio,Saídas,Quartos FdS,Adul. / Cri.,novembro,Previsão,13-nov-2026 sex,0,0,0,0,0,0,0,-,-,NaN,0,0,0,14,147,5,0,0,14,0,"3,98","1 457,61","9,05",5,0,23,Total nov,14,147,5,0,0,14,0,"3,98","1 457,61","9,05",5,0,23,Total,8013,3882,2696,0,0,6460,1553,"12,07","869 943,02","73,14",2822,0,15613
Data,Ocup,Opção,Cheg,Oferta/Uso Interno,Deduz. Individ.,Deduz. Grupos,% Ocup.,Receita Quartos,Preço Médio,Saídas,Quartos FdS,Adul. / Cri.,novembro,Previsão,14-nov-2026 sáb,0,11,0,0,0,0,0,"8,15",-,-,0,0,0,14,147,5,0,0,14,0,"3,98","1 457,61","9,05",5,0,23,Total nov,14,147,5,0,0,14,0,"3,98","1 457,61","9,05",5,0,23,Total,8013,3882,2696,0,0,6460,1553,"12,07","869 943,02","73,14",2822,0,15613
Data,Ocup,Opção,Cheg,Oferta/Uso Interno,Deduz. Individ.,Deduz. Grupos,% Ocup.,Receita Quartos,Preço Médio,Saídas,Quartos FdS,Adul. / Cri.,novembro,Previsão,15-nov-2026 dom,0,13,0,0,0,0,0,"9,63",-,-,0,0,0,14,147,5,0,0,14,0,"3,98","1 457,61","9,05",5,0,23,Total nov,14,147,5,0,0,14,0,"3,98","1 457,61","9,05",5,0,23,Total,8013,3882,2696,0,0,6460,1553,"12,07","869 943,02","73,14",2822,0,15613
Data,Ocup,Opção,Cheg,Oferta/Uso Interno,Deduz. Individ.,Deduz. Grupos,% Ocup.,Receita Quartos,Preço Médio,Saídas,Quartos FdS,Adul. / Cri.,novembro,Previsão,16-nov-2026 seg,0,33,0,0,0,0,0,"24,44",-,-,0,0,0,14,147,5,0,0,14,0,"3,98","1 457,61","9,05",5,0,23,Total nov,14,147,5,0,0,14,0,"3,98","1 457,61","9,05",5,0,23,Total,8013,3882,2696,0,0,6460,1553,"12,07","869 943,02","73,14",2822,0,15613
Data,Ocup,Opção,Cheg,Oferta/Uso Interno,Deduz. Individ.,Deduz. Grupos,% Ocup.,Receita Quartos,Preço Médio,Saídas,Quartos FdS,Adul. / Cri.,novembro,Previsão,17-nov-2026 ter,1,20,1,0,0,1,0,"15,56","132,45","6,31",0,0,2,14,147,5,0,0,14,0,"3,98","1 457,61","9,05",5,0,23,Total nov,14,147,5,0,0,14,0,"3,98","1 457,61","9,05",5,0,23,Total,8013,3882,2696,0,0,6460,1553,"12,07","869 943,02","73,14",2822,0,15613
Data,Ocup,Opção,Cheg,Oferta/Uso Interno,Deduz. Individ.,Deduz. Grupos,% Ocup.,Receita Quartos,Preço Médio,Saídas,Quartos FdS,Adul. / Cri.,novembro,Previsão,18-nov-2026 qua,1,20,0,0,0,1,0,"15,56","132,45","6,31",0,0,2,14,147,5,0,0,14,0,"3,98","1 457,61","9,05",5,0,23,Total nov,14,147,5,0,0,14,0,"3,98","1 457,61","9,05",5,0,23,Total,8013,3882,2696,0,0,6460,1553,"12,07","869 943,02","73,14",2822,0,15613
Data,Ocup,Opção,Cheg,Oferta/Uso Interno,Deduz. Individ.,Deduz. Grupos,% Ocup.,Receita Quartos,Preço Médio,Saídas,Quartos FdS,Adul. / Cri.,novembro,Previsão,19-nov-2026 qui,0,20,0,0,0,0,0,"14,81",-,-,1,0,0,14,147,5,0,0,14,0,"3,98","1 457,61","9,05",5,0,23,Total nov,14,147,5,0,0,14,0,"3,98","1 457,61","9,05",5,0,23,Total,8013,3882,2696,0,0,6460,1553,"12,07","869 943,02","73,14",2822,0,15613
Data,Ocup,Opção,Cheg,Oferta/Uso Interno,Deduz. Individ.,Deduz. Grupos,% Ocup.,Receita Quartos,Preço Médio,Saídas,Quartos FdS,Adul. / Cri.,novembro,Previsão,20-nov-2026 sex,0,0,0,0,0,0,0,-,-,NaN,0,0,0,14,147,5,0,0,14,0,"3,98","1 457,61","9,05",5,0,23,Total nov,14,147,5,0,0,14,0,"3,98","1 457,61","9,05",5,0,23,Total,8013,3882,2696,0,0,6460,1553,"12,07","869 943,02","73,14",2822,0,15613
Data,Ocup,Opção,Cheg,Oferta/Uso Interno,Deduz. Individ.,Deduz. Grupos,% Ocup.,Receita Quartos,Preço Médio,Saídas,Quartos FdS,Adul. / Cri.,novembro,Previsão,21-nov-2026 sáb,0,4,0,0,0,0,0,"2,96",-,-,0,0,0,14,147,5,0,0,14,0,"3,98","1 457,61","9,05",5,0,23,Total nov,14,147,5,0,0,14,0,"3,98","1 457,61","9,05",5,0,23,Total,8013,3882,2696,0,0,6460,1553,"12,07","869 943,02","73,14",2822,0,15613
Data,Ocup,Opção,Cheg,Oferta/Uso Interno,Deduz. Individ.,Deduz. Grupos,% Ocup.,Receita Quartos,Preço Médio,Saídas,Quartos FdS,Adul. / Cri.,novembro,Previsão,22-nov-2026 dom,0,13,0,0,0,0,0,"9,63",-,-,0,0,0,14,147,5,0,0,14,0,"3,98","1 457,61","9,05",5,0,23,Total nov,14,147,5,0,0,14,0,"3,98","1 457,61","9,05",5,0,23,Total,8013,3882,2696,0,0,6460,1553,"12,07","869 943,02","73,14",2822,0,15613
Data,Ocup,Opção,Cheg,Oferta/Uso Interno,Deduz. Individ.,Deduz. Grupos,% Ocup.,Receita Quartos,Preço Médio,Saídas,Quartos FdS,Adul. / Cri.,novembro,Previsão,23-nov-2026 seg,1,13,1,0,0,1,0,"10,37","113,97","8,14",0,0,2,14,147,5,0,0,14,0,"3,98","1 457,61","9,05",5,0,23,Total nov,14,147,5,0,0,14,0,"3,98","1 457,61","9,05",5,0,23,Total,8013,3882,2696,0,0,6460,1553,"12,07","869 943,02","73,14",2822,0,15613
Data,Ocup,Opção,Cheg,Oferta/Uso Interno,Deduz. Individ.,Deduz. Grupos,% Ocup.,Receita Quartos,Preço Médio,Saídas,Quartos FdS,Adul. / Cri.,novembro,Previsão,24-nov-2026 ter,1,0,0,0,0,1,0,"0,74","92,14","92,14",0,0,2,14,147,5,0,0,14,0,"3,98","1 457,61","9,05",5,0,23,Total nov,14,147,5,0,0,14,0,"3,98","1 457,61","9,05",5,0,23,Total,8013,3882,2696,0,0,6460,1553,"12,07","869 943,02","73,14",2822,0,15613
Data,Ocup,Opção,Cheg,Oferta/Uso Interno,Deduz. Individ.,Deduz. Grupos,% Ocup.,Receita Quartos,Preço Médio,Saídas,Quartos FdS,Adul. / Cri.,novembro,Previsão,25-nov-2026 qua,1,0,0,0,0,1,0,"0,74","92,14","92,14",0,0,2,14,147,5,0,0,14,0,"3,98","1 457,61","9,05",5,0,23,Total nov,14,147,5,0,0,14,0,"3,98","1 457,61","9,05",5,0,23,Total,8013,3882,2696,0,0,6460,1553,"12,07","869 943,02","73,14",2822,0,15613
Data,Ocup,Opção,Cheg,Oferta/Uso Interno,Deduz. Individ.,Deduz. Grupos,% Ocup.,Receita Quartos,Preço Médio,Saídas,Quartos FdS,Adul. / Cri.,novembro,Previsão,26-nov-2026 qui,0,0,0,0,0,0,0,-,-,NaN,1,0,0,14,147,5,0,0,14,0,"3,98","1 457,61","9,05",5,0,23,Total nov,14,147,5,0,0,14,0,"3,98","1 457,61","9,05",5,0,23,Total,8013,3882,2696,0,0,6460,1553,"12,07","869 943,02","73,14",2822,0,15613
Data,Ocup,Opção,Cheg,Oferta/Uso Interno,Deduz. Individ.,Deduz. Grupos,% Ocup.,Receita Quartos,Preço Médio,Saídas,Quartos FdS,Adul. / Cri.,novembro,Previsão,27-nov-2026 sex,1,0,1,0,0,1,0,"0,74","104,52","104,52",0,0,1,14,147,5,0,0,14,0,"3,98","1 457,61","9,05",5,0,23,Total nov,14,147,5,0,0,14,0,"3,98","1 457,61","9,05",5,0,23,Total,8013,3882,2696,0,0,6460,1553,"12,07","869 943,02","73,14",2822,0,15613
Data,Ocup,Opção,Cheg,Oferta/Uso Interno,Deduz. Individ.,Deduz. Grupos,% Ocup.,Receita Quartos,Preço Médio,Saídas,Quartos FdS,Adul. / Cri.,novembro,Previsão,28-nov-2026 sáb,1,0,0,0,0,1,0,"0,74","104,52","104,52",0,0,1,14,147,5,0,0,14,0,"3,98","1 457,61","9,05",5,0,23,Total nov,14,147,5,0,0,14,0,"3,98","1 457,61","9,05",5,0,23,Total,8013,3882,2696,0,0,6460,1553,"12,07","869 943,02","73,14",2822,0,15613
Data,Ocup,Opção,Cheg,Oferta/Uso Interno,Deduz. Individ.,Deduz. Grupos,% Ocup.,Receita Quartos,Preço Médio,Saídas,Quartos FdS,Adul. / Cri.,novembro,Previsão,29-nov-2026 dom,0,0,0,0,0,0,0,-,-,NaN,1,0,0,14,147,5,0,0,14,0,"3,98","1 457,61","9,05",5,0,23,Total nov,14,147,5,0,0,14,0,"3,98","1 457,61","9,05",5,0,23,Total,8013,3882,2696,0,0,6460,1553,"12,07","869 943,02","73,14",2822,0,15613
Data,Ocup,Opção,Cheg,Oferta/Uso Interno,Deduz. Individ.,Deduz. Grupos,% Ocup.,Receita Quartos,Preço Médio,Saídas,Quartos FdS,Adul. / Cri.,novembro,Previsão,30-nov-2026 seg,0,0,0,0,0,0,0,-,-,NaN,0,0,0,14,147,5,0,0,14,0,"3,98","1 457,61","9,05",5,0,23,Total nov,14,147,5,0,0,14,0,"3,98","1 457,61","9,05",5,0,23,Total,8013,3882,2696,0,0,6460,1553,"12,07","869 943,02","73,14",2822,0,15613
Data,Ocup,Opção,Cheg,Oferta/Uso Interno,Deduz. Individ.,Deduz. Grupos,% Ocup.,Receita Quartos,Preço Médio,Saídas,Quartos FdS,Adul. / Cri.,dezembro,Previsão,01-dez-2026 ter,0,0,0,0,0,0,0,-,-,NaN,0,0,0,10,2,3,0,0,10,0,"0,29","1 325,17","110,43",3,0,16,Total dez,10,2,3,0,0,10,0,"0,29","1 325,17","110,43",3,0,16,Total,8013,3882,2696,0,0,6460,1553,"12,07","869 943,02","73,14",2822,0,15613
Data,Ocup,Opção,Cheg,Oferta/Uso Interno,Deduz. Individ.,Deduz. Grupos,% Ocup.,Receita Quartos,Preço Médio,Saídas,Quartos FdS,Adul. / Cri.,dezembro,Previsão,02-dez-2026 qua,0,0,0,0,0,0,0,-,-,NaN,0,0,0,10,2,3,0,0,10,0,"0,29","1 325,17","110,43",3,0,16,Total dez,10,2,3,0,0,10,0,"0,29","1 325,17","110,43",3,0,16,Total,8013,3882,2696,0,0,6460,1553,"12,07","869 943,02","73,14",2822,0,15613
Data,Ocup,Opção,Cheg,Oferta/Uso Interno,Deduz. Individ.,Deduz. Grupos,% Ocup.,Receita Quartos,Preço Médio,Saídas,Quartos FdS,Adul. / Cri.,dezembro,Previsão,03-dez-2026 qui,0,0,0,0,0,0,0,-,-,NaN,0,0,0,10,2,3,0,0,10,0,"0,29","1 325,17","110,43",3,0,16,Total dez,10,2,3,0,0,10,0,"0,29","1 325,17","110,43",3,0,16,Total,8013,3882,2696,0,0,6460,1553,"12,07","869 943,02","73,14",2822,0,15613
Data,Ocup,Opção,Cheg,Oferta/Uso Interno,Deduz. Individ.,Deduz. Grupos,% Ocup.,Receita Quartos,Preço Médio,Saídas,Quartos FdS,Adul. / Cri.,dezembro,Previsão,04-dez-2026 sex,0,0,0,0,0,0,0,-,-,NaN,0,0,0,10,2,3,0,0,10,0,"0,29","1 325,17","110,43",3,0,16,Total dez,10,2,3,0,0,10,0,"0,29","1 325,17","110,43",3,0,16,Total,8013,3882,2696,0,0,6460,1553,"12,07","869 943,02","73,14",2822,0,15613
Data,Ocup,Opção,Cheg,Oferta/Uso Interno,Deduz. Individ.,Deduz. Grupos,% Ocup.,Receita Quartos,Preço Médio,Saídas,Quartos FdS,Adul. / Cri.,dezembro,Previsão,05-dez-2026 sáb,0,0,0,0,0,0,0,-,-,NaN,0,0,0,10,2,3,0,0,10,0,"0,29","1 325,17","110,43",3,0,16,Total dez,10,2,3,0,0,10,0,"0,29","1 325,17","110,43",3,0,16,Total,8013,3882,2696,0,0,6460,1553,"12,07","869 943,02","73,14",2822,0,15613
Data,Ocup,Opção,Cheg,Oferta/Uso Interno,Deduz. Individ.,Deduz. Grupos,% Ocup.,Receita Quartos,Preço Médio,Saídas,Quartos FdS,Adul. / Cri.,dezembro,Previsão,06-dez-2026 dom,0,0,0,0,0,0,0,-,-,NaN,0,0,0,10,2,3,0,0,10,0,"0,29","1 325,17","110,43",3,0,16,Total dez,10,2,3,0,0,10,0,"0,29","1 325,17","110,43",3,0,16,Total,8013,3882,2696,0,0,6460,1553,"12,07","869 943,02","73,14",2822,0,15613
Data,Ocup,Opção,Cheg,Oferta/Uso Interno,Deduz. Individ.,Deduz. Grupos,% Ocup.,Receita Quartos,Preço Médio,Saídas,Quartos FdS,Adul. / Cri.,dezembro,Previsão,07-dez-2026 seg,0,0,0,0,0,0,0,-,-,NaN,0,0,0,10,2,3,0,0,10,0,"0,29","1 325,17","110,43",3,0,16,Total dez,10,2,3,0,0,10,0,"0,29","1 325,17","110,43",3,0,16,Total,8013,3882,2696,0,0,6460,1553,"12,07","869 943,02","73,14",2822,0,15613
Data,Ocup,Opção,Cheg,Oferta/Uso Interno,Deduz. Individ.,Deduz. Grupos,% Ocup.,Receita Quartos,Preço Médio,Saídas,Quartos FdS,Adul. / Cri.,dezembro,Previsão,08-dez-2026 ter,0,0,0,0,0,0,0,-,-,NaN,0,0,0,10,2,3,0,0,10,0,"0,29","1 325,17","110,43",3,0,16,Total dez,10,2,3,0,0,10,0,"0,29","1 325,17","110,43",3,0,16,Total,8013,3882,2696,0,0,6460,1553,"12,07","869 943,02","73,14",2822,0,15613
Data,Ocup,Opção,Cheg,Oferta/Uso Interno,Deduz. Individ.,Deduz. Grupos,% Ocup.,Receita Quartos,Preço Médio,Saídas,Quartos FdS,Adul. / Cri.,dezembro,Previsão,09-dez-2026 qua,0,0,0,0,0,0,0,-,-,NaN,0,0,0,10,2,3,0,0,10,0,"0,29","1 325,17","110,43",3,0,16,Total dez,10,2,3,0,0,10,0,"0,29","1 325,17","110,43",3,0,16,Total,8013,3882,2696,0,0,6460,1553,"12,07","869 943,02","73,14",2822,0,15613
Data,Ocup,Opção,Cheg,Oferta/Uso Interno,Deduz. Individ.,Deduz. Grupos,% Ocup.,Receita Quartos,Preço Médio,Saídas,Quartos FdS,Adul. / Cri.,dezembro,Previsão,10-dez-2026 qui,0,0,0,0,0,0,0,-,-,NaN,0,0,0,10,2,3,0,0,10,0,"0,29","1 325,17","110,43",3,0,16,Total dez,10,2,3,0,0,10,0,"0,29","1 325,17","110,43",3,0,16,Total,8013,3882,2696,0,0,6460,1553,"12,07","869 943,02","73,14",2822,0,15613
Data,Ocup,Opção,Cheg,Oferta/Uso Interno,Deduz. Individ.,Deduz. Grupos,% Ocup.,Receita Quartos,Preço Médio,Saídas,Quartos FdS,Adul. / Cri.,dezembro,Previsão,11-dez-2026 sex,1,0,1,0,0,1,0,"0,74","156,96","156,96",0,0,2,10,2,3,0,0,10,0,"0,29","1 325,17","110,43",3,0,16,Total dez,10,2,3,0,0,10,0,"0,29","1 325,17","110,43",3,0,16,Total,8013,3882,2696,0,0,6460,1553,"12,07","869 943,02","73,14",2822,0,15613
Data,Ocup,Opção,Cheg,Oferta/Uso Interno,Deduz. Individ.,Deduz. Grupos,% Ocup.,Receita Quartos,Preço Médio,Saídas,Quartos FdS,Adul. / Cri.,dezembro,Previsão,12-dez-2026 sáb,1,0,0,0,0,1,0,"0,74","156,96","156,96",0,0,2,10,2,3,0,0,10,0,"0,29","1 325,17","110,43",3,0,16,Total dez,10,2,3,0,0,10,0,"0,29","1 325,17","110,43",3,0,16,Total,8013,3882,2696,0,0,6460,1553,"12,07","869 943,02","73,14",2822,0,15613
Data,Ocup,Opção,Cheg,Oferta/Uso Interno,Deduz. Individ.,Deduz. Grupos,% Ocup.,Receita Quartos,Preço Médio,Saídas,Quartos FdS,Adul. / Cri.,dezembro,Previsão,13-dez-2026 dom,0,0,0,0,0,0,0,-,-,NaN,1,0,0,10,2,3,0,0,10,0,"0,29","1 325,17","110,43",3,0,16,Total dez,10,2,3,0,0,10,0,"0,29","1 325,17","110,43",3,0,16,Total,8013,3882,2696,0,0,6460,1553,"12,07","869 943,02","73,14",2822,0,15613
Data,Ocup,Opção,Cheg,Oferta/Uso Interno,Deduz. Individ.,Deduz. Grupos,% Ocup.,Receita Quartos,Preço Médio,Saídas,Quartos FdS,Adul. / Cri.,dezembro,Previsão,14-dez-2026 seg,0,0,0,0,0,0,0,-,-,NaN,0,0,0,10,2,3,0,0,10,0,"0,29","1 325,17","110,43",3,0,16,Total dez,10,2,3,0,0,10,0,"0,29","1 325,17","110,43",3,0,16,Total,8013,3882,2696,0,0,6460,1553,"12,07","869 943,02","73,14",2822,0,15613
Data,Ocup,Opção,Cheg,Oferta/Uso Interno,Deduz. Individ.,Deduz. Grupos,% Ocup.,Receita Quartos,Preço Médio,Saídas,Quartos FdS,Adul. / Cri.,dezembro,Previsão,15-dez-2026 ter,0,0,0,0,0,0,0,-,-,NaN,0,0,0,10,2,3,0,0,10,0,"0,29","1 325,17","110,43",3,0,16,Total dez,10,2,3,0,0,10,0,"0,29","1 325,17","110,43",3,0,16,Total,8013,3882,2696,0,0,6460,1553,"12,07","869 943,02","73,14",2822,0,15613
Data,Ocup,Opção,Cheg,Oferta/Uso Interno,Deduz. Individ.,Deduz. Grupos,% Ocup.,Receita Quartos,Preço Médio,Saídas,Quartos FdS,Adul. / Cri.,dezembro,Previsão,16-dez-2026 qua,0,0,0,0,0,0,0,-,-,NaN,0,0,0,10,2,3,0,0,10,0,"0,29","1 325,17","110,43",3,0,16,Total dez,10,2,3,0,0,10,0,"0,29","1 325,17","110,43",3,0,16,Total,8013,3882,2696,0,0,6460,1553,"12,07","869 943,02","73,14",2822,0,15613
Data,Ocup,Opção,Cheg,Oferta/Uso Interno,Deduz. Individ.,Deduz. Grupos,% Ocup.,Receita Quartos,Preço Médio,Saídas,Quartos FdS,Adul. / Cri.,dezembro,Previsão,17-dez-2026 qui,0,0,0,0,0,0,0,-,-,NaN,0,0,0,10,2,3,0,0,10,0,"0,29","1 325,17","110,43",3,0,16,Total dez,10,2,3,0,0,10,0,"0,29","1 325,17","110,43",3,0,16,Total,8013,3882,2696,0,0,6460,1553,"12,07","869 943,02","73,14",2822,0,15613
Data,Ocup,Opção,Cheg,Oferta/Uso Interno,Deduz. Individ.,Deduz. Grupos,% Ocup.,Receita Quartos,Preço Médio,Saídas,Quartos FdS,Adul. / Cri.,dezembro,Previsão,18-dez-2026 sex,0,0,0,0,0,0,0,-,-,NaN,0,0,0,10,2,3,0,0,10,0,"0,29","1 325,17","110,43",3,0,16,Total dez,10,2,3,0,0,10,0,"0,29","1 325,17","110,43",3,0,16,Total,8013,3882,2696,0,0,6460,1553,"12,07","869 943,02","73,14",2822,0,15613
Data,Ocup,Opção,Cheg,Oferta/Uso Interno,Deduz. Individ.,Deduz. Grupos,% Ocup.,Receita Quartos,Preço Médio,Saídas,Quartos FdS,Adul. / Cri.,dezembro,Previsão,19-dez-2026 sáb,2,1,2,0,0,2,0,"2,22","252,81","84,27",0,0,3,10,2,3,0,0,10,0,"0,29","1 325,17","110,43",3,0,16,Total dez,10,2,3,0,0,10,0,"0,29","1 325,17","110,43",3,0,16,Total,8013,3882,2696,0,0,6460,1553,"12,07","869 943,02","73,14",2822,0,15613
Data,Ocup,Opção,Cheg,Oferta/Uso Interno,Deduz. Individ.,Deduz. Grupos,% Ocup.,Receita Quartos,Preço Médio,Saídas,Quartos FdS,Adul. / Cri.,dezembro,Previsão,20-dez-2026 dom,2,1,0,0,0,2,0,"2,22","252,81","84,27",0,0,3,10,2,3,0,0,10,0,"0,29","1 325,17","110,43",3,0,16,Total dez,10,2,3,0,0,10,0,"0,29","1 325,17","110,43",3,0,16,Total,8013,3882,2696,0,0,6460,1553,"12,07","869 943,02","73,14",2822,0,15613
Data,Ocup,Opção,Cheg,Oferta/Uso Interno,Deduz. Individ.,Deduz. Grupos,% Ocup.,Receita Quartos,Preço Médio,Saídas,Quartos FdS,Adul. / Cri.,dezembro,Previsão,21-dez-2026 seg,2,0,0,0,0,2,0,"1,48","252,81","126,41",0,0,3,10,2,3,0,0,10,0,"0,29","1 325,17","110,43",3,0,16,Total dez,10,2,3,0,0,10,0,"0,29","1 325,17","110,43",3,0,16,Total,8013,3882,2696,0,0,6460,1553,"12,07","869 943,02","73,14",2822,0,15613
Data,Ocup,Opção,Cheg,Oferta/Uso Interno,Deduz. Individ.,Deduz. Grupos,% Ocup.,Receita Quartos,Preço Médio,Saídas,Quartos FdS,Adul. / Cri.,dezembro,Previsão,22-dez-2026 ter,2,0,0,0,0,2,0,"1,48","252,81","126,41",0,0,3,10,2,3,0,0,10,0,"0,29","1 325,17","110,43",3,0,16,Total dez,10,2,3,0,0,10,0,"0,29","1 325,17","110,43",3,0,16,Total,8013,3882,2696,0,0,6460,1553,"12,07","869 943,02","73,14",2822,0,15613
Data,Ocup,Opção,Cheg,Oferta/Uso Interno,Deduz. Individ.,Deduz. Grupos,% Ocup.,Receita Quartos,Preço Médio,Saídas,Quartos FdS,Adul. / Cri.,dezembro,Previsão,23-dez-2026 qua,0,0,0,0,0,0,0,-,-,NaN,2,0,0,10,2,3,0,0,10,0,"0,29","1 325,17","110,43",3,0,16,Total dez,10,2,3,0,0,10,0,"0,29","1 325,17","110,43",3,0,16,Total,8013,3882,2696,0,0,6460,1553,"12,07","869 943,02","73,14",2822,0,15613
Data,Ocup,Opção,Cheg,Oferta/Uso Interno,Deduz. Individ.,Deduz. Grupos,% Ocup.,Receita Quartos,Preço Médio,Saídas,Quartos FdS,Adul. / Cri.,dezembro,Previsão,24-dez-2026 qui,0,0,0,0,0,0,0,-,-,NaN,0,0,0,10,2,3,0,0,10,0,"0,29","1 325,17","110,43",3,0,16,Total dez,10,2,3,0,0,10,0,"0,29","1 325,17","110,43",3,0,16,Total,8013,3882,2696,0,0,6460,1553,"12,07","869 943,02","73,14",2822,0,15613
Data,Ocup,Opção,Cheg,Oferta/Uso Interno,Deduz. Individ.,Deduz. Grupos,% Ocup.,Receita Quartos,Preço Médio,Saídas,Quartos FdS,Adul. / Cri.,dezembro,Previsão,25-dez-2026 sex,0,0,0,0,0,0,0,-,-,NaN,0,0,0,10,2,3,0,0,10,0,"0,29","1 325,17","110,43",3,0,16,Total dez,10,2,3,0,0,10,0,"0,29","1 325,17","110,43",3,0,16,Total,8013,3882,2696,0,0,6460,1553,"12,07","869 943,02","73,14",2822,0,15613
Data,Ocup,Opção,Cheg,Oferta/Uso Interno,Deduz. Individ.,Deduz. Grupos,% Ocup.,Receita Quartos,Preço Médio,Saídas,Quartos FdS,Adul. / Cri.,dezembro,Previsão,26-dez-2026 sáb,0,0,0,0,0,0,0,-,-,NaN,0,0,0,10,2,3,0,0,10,0,"0,29","1 325,17","110,43",3,0,16,Total dez,10,2,3,0,0,10,0,"0,29","1 325,17","110,43",3,0,16,Total,8013,3882,2696,0,0,6460,1553,"12,07","869 943,02","73,14",2822,0,15613
Data,Ocup,Opção,Cheg,Oferta/Uso Interno,Deduz. Individ.,Deduz. Grupos,% Ocup.,Receita Quartos,Preço Médio,Saídas,Quartos FdS,Adul. / Cri.,dezembro,Previsão,27-dez-2026 dom,0,0,0,0,0,0,0,-,-,NaN,0,0,0,10,2,3,0,0,10,0,"0,29","1 325,17","110,43",3,0,16,Total dez,10,2,3,0,0,10,0,"0,29","1 325,17","110,43",3,0,16,Total,8013,3882,2696,0,0,6460,1553,"12,07","869 943,02","73,14",2822,0,15613
Data,Ocup,Opção,Cheg,Oferta/Uso Interno,Deduz. Individ.,Deduz. Grupos,% Ocup.,Receita Quartos,Preço Médio,Saídas,Quartos FdS,Adul. / Cri.,dezembro,Previsão,28-dez-2026 seg,0,0,0,0,0,0,0,-,-,NaN,0,0,0,10,2,3,0,0,10,0,"0,29","1 325,17","110,43",3,0,16,Total dez,10,2,3,0,0,10,0,"0,29","1 325,17","110,43",3,0,16,Total,8013,3882,2696,0,0,6460,1553,"12,07","869 943,02","73,14",2822,0,15613
Data,Ocup,Opção,Cheg,Oferta/Uso Interno,Deduz. Individ.,Deduz. Grupos,% Ocup.,Receita Quartos,Preço Médio,Saídas,Quartos FdS,Adul. / Cri.,dezembro,Previsão,29-dez-2026 ter,0,0,0,0,0,0,0,-,-,NaN,0,0,0,10,2,3,0,0,10,0,"0,29","1 325,17","110,43",3,0,16,Total dez,10,2,3,0,0,10,0,"0,29","1 325,17","110,43",3,0,16,Total,8013,3882,2696,0,0,6460,1553,"12,07","869 943,02","73,14",2822,0,15613
Data,Ocup,Opção,Cheg,Oferta/Uso Interno,Deduz. Individ.,Deduz. Grupos,% Ocup.,Receita Quartos,Preço Médio,Saídas,Quartos FdS,Adul. / Cri.,dezembro,Previsão,30-dez-2026 qua,0,0,0,0,0,0,0,-,-,NaN,0,0,0,10,2,3,0,0,10,0,"0,29","1 325,17","110,43",3,0,16,Total dez,10,2,3,0,0,10,0,"0,29","1 325,17","110,43",3,0,16,Total,8013,3882,2696,0,0,6460,1553,"12,07","869 943,02","73,14",2822,0,15613
Data,Ocup,Opção,Cheg,Oferta/Uso Interno,Deduz. Individ.,Deduz. Grupos,% Ocup.,Receita Quartos,Preço Médio,Saídas,Quartos FdS,Adul. / Cri.,dezembro,Previsão,31-dez-2026 qui,0,0,0,0,0,0,0,-,-,NaN,0,0,0,10,2,3,0,0,10,0,"0,29","1 325,17","110,43",3,0,16,Total dez,10,2,3,0,0,10,0,"0,29","1 325,17","110,43",3,0,16,Total,8013,3882,2696,0,0,6460,1553,"12,07","869 943,02","73,14",2822,0,15613
Data,Ocup,Opção,Cheg,Oferta/Uso Interno,Deduz. Individ.,Deduz. Grupos,% Ocup.,Receita Quartos,Preço Médio,Saídas,Quartos FdS,Adul. / Cri.,janeiro,Previsão,01-jan-2027 sex,0,0,0,0,0,0,0,-,-,NaN,0,0,0,0,0,0,0,0,0,0,-,-,NaN,0,0,0,Total jan,0,0,0,0,0,0,0,-,-,NaN,0,0,0,Total,8013,3882,2696,0,0,6460,1553,"12,07","869 943,02","73,14",2822,0,15613
Data,Ocup,Opção,Cheg,Oferta/Uso Interno,Deduz. Individ.,Deduz. Grupos,% Ocup.,Receita Quartos,Preço Médio,Saídas,Quartos FdS,Adul. / Cri.,janeiro,Previsão,02-jan-2027 sáb,0,0,0,0,0,0,0,-,-,NaN,0,0,0,0,0,0,0,0,0,0,-,-,NaN,0,0,0,Total jan,0,0,0,0,0,0,0,-,-,NaN,0,0,0,Total,8013,3882,2696,0,0,6460,1553,"12,07","869 943,02","73,14",2822,0,15613
Data,Ocup,Opção,Cheg,Oferta/Uso Interno,Deduz. Individ.,Deduz. Grupos,% Ocup.,Receita Quartos,Preço Médio,Saídas,Quartos FdS,Adul. / Cri.,janeiro,Previsão,03-jan-2027 dom,0,0,0,0,0,0,0,-,-,NaN,0,0,0,0,0,0,0,0,0,0,-,-,NaN,0,0,0,Total jan,0,0,0,0,0,0,0,-,-,NaN,0,0,0,Total,8013,3882,2696,0,0,6460,1553,"12,07","869 943,02","73,14",2822,0,15613
Data,Ocup,Opção,Cheg,Oferta/Uso Interno,Deduz. Individ.,Deduz. Grupos,% Ocup.,Receita Quartos,Preço Médio,Saídas,Quartos FdS,Adul. / Cri.,janeiro,Previsão,04-jan-2027 seg,0,0,0,0,0,0,0,-,-,NaN,0,0,0,0,0,0,0,0,0,0,-,-,NaN,0,0,0,Total jan,0,0,0,0,0,0,0,-,-,NaN,0,0,0,Total,8013,3882,2696,0,0,6460,1553,"12,07","869 943,02","73,14",2822,0,15613
Data,Ocup,Opção,Cheg,Oferta/Uso Interno,Deduz. Individ.,Deduz. Grupos,% Ocup.,Receita Quartos,Preço Médio,Saídas,Quartos FdS,Adul. / Cri.,janeiro,Previsão,05-jan-2027 ter,0,0,0,0,0,0,0,-,-,NaN,0,0,0,0,0,0,0,0,0,0,-,-,NaN,0,0,0,Total jan,0,0,0,0,0,0,0,-,-,NaN,0,0,0,Total,8013,3882,2696,0,0,6460,1553,"12,07","869 943,02","73,14",2822,0,15613
Data,Ocup,Opção,Cheg,Oferta/Uso Interno,Deduz. Individ.,Deduz. Grupos,% Ocup.,Receita Quartos,Preço Médio,Saídas,Quartos FdS,Adul. / Cri.,janeiro,Previsão,06-jan-2027 qua,0,0,0,0,0,0,0,-,-,NaN,0,0,0,0,0,0,0,0,0,0,-,-,NaN,0,0,0,Total jan,0,0,0,0,0,0,0,-,-,NaN,0,0,0,Total,8013,3882,2696,0,0,6460,1553,"12,07","869 943,02","73,14",2822,0,15613
Data,Ocup,Opção,Cheg,Oferta/Uso Interno,Deduz. Individ.,Deduz. Grupos,% Ocup.,Receita Quartos,Preço Médio,Saídas,Quartos FdS,Adul. / Cri.,janeiro,Previsão,07-jan-2027 qui,0,0,0,0,0,0,0,-,-,NaN,0,0,0,0,0,0,0,0,0,0,-,-,NaN,0,0,0,Total jan,0,0,0,0,0,0,0,-,-,NaN,0,0,0,Total,8013,3882,2696,0,0,6460,1553,"12,07","869 943,02","73,14",2822,0,15613
Data,Ocup,Opção,Cheg,Oferta/Uso Interno,Deduz. Individ.,Deduz. Grupos,% Ocup.,Receita Quartos,Preço Médio,Saídas,Quartos FdS,Adul. / Cri.,janeiro,Previsão,08-jan-2027 sex,0,0,0,0,0,0,0,-,-,NaN,0,0,0,0,0,0,0,0,0,0,-,-,NaN,0,0,0,Total jan,0,0,0,0,0,0,0,-,-,NaN,0,0,0,Total,8013,3882,2696,0,0,6460,1553,"12,07","869 943,02","73,14",2822,0,15613
Data,Ocup,Opção,Cheg,Oferta/Uso Interno,Deduz. Individ.,Deduz. Grupos,% Ocup.,Receita Quartos,Preço Médio,Saídas,Quartos FdS,Adul. / Cri.,janeiro,Previsão,09-jan-2027 sáb,0,0,0,0,0,0,0,-,-,NaN,0,0,0,0,0,0,0,0,0,0,-,-,NaN,0,0,0,Total jan,0,0,0,0,0,0,0,-,-,NaN,0,0,0,Total,8013,3882,2696,0,0,6460,1553,"12,07","869 943,02","73,14",2822,0,15613
Data,Ocup,Opção,Cheg,Oferta/Uso Interno,Deduz. Individ.,Deduz. Grupos,% Ocup.,Receita Quartos,Preço Médio,Saídas,Quartos FdS,Adul. / Cri.,janeiro,Previsão,10-jan-2027 dom,0,0,0,0,0,0,0,-,-,NaN,0,0,0,0,0,0,0,0,0,0,-,-,NaN,0,0,0,Total jan,0,0,0,0,0,0,0,-,-,NaN,0,0,0,Total,8013,3882,2696,0,0,6460,1553,"12,07","869 943,02","73,14",2822,0,15613
Data,Ocup,Opção,Cheg,Oferta/Uso Interno,Deduz. Individ.,Deduz. Grupos,% Ocup.,Receita Quartos,Preço Médio,Saídas,Quartos FdS,Adul. / Cri.,janeiro,Previsão,11-jan-2027 seg,0,0,0,0,0,0,0,-,-,NaN,0,0,0,0,0,0,0,0,0,0,-,-,NaN,0,0,0,Total jan,0,0,0,0,0,0,0,-,-,NaN,0,0,0,Total,8013,3882,2696,0,0,6460,1553,"12,07","869 943,02","73,14",2822,0,15613
Data,Ocup,Opção,Cheg,Oferta/Uso Interno,Deduz. Individ.,Deduz. Grupos,% Ocup.,Receita Quartos,Preço Médio,Saídas,Quartos FdS,Adul. / Cri.,janeiro,Previsão,12-jan-2027 ter,0,0,0,0,0,0,0,-,-,NaN,0,0,0,0,0,0,0,0,0,0,-,-,NaN,0,0,0,Total jan,0,0,0,0,0,0,0,-,-,NaN,0,0,0,Total,8013,3882,2696,0,0,6460,1553,"12,07","869 943,02","73,14",2822,0,15613
Data,Ocup,Opção,Cheg,Oferta/Uso Interno,Deduz. Individ.,Deduz. Grupos,% Ocup.,Receita Quartos,Preço Médio,Saídas,Quartos FdS,Adul. / Cri.,janeiro,Previsão,13-jan-2027 qua,0,0,0,0,0,0,0,-,-,NaN,0,0,0,0,0,0,0,0,0,0,-,-,NaN,0,0,0,Total jan,0,0,0,0,0,0,0,-,-,NaN,0,0,0,Total,8013,3882,2696,0,0,6460,1553,"12,07","869 943,02","73,14",2822,0,15613
Data,Ocup,Opção,Cheg,Oferta/Uso Interno,Deduz. Individ.,Deduz. Grupos,% Ocup.,Receita Quartos,Preço Médio,Saídas,Quartos FdS,Adul. / Cri.,janeiro,Previsão,14-jan-2027 qui,0,0,0,0,0,0,0,-,-,NaN,0,0,0,0,0,0,0,0,0,0,-,-,NaN,0,0,0,Total jan,0,0,0,0,0,0,0,-,-,NaN,0,0,0,Total,8013,3882,2696,0,0,6460,1553,"12,07","869 943,02","73,14",2822,0,15613
Data,Ocup,Opção,Cheg,Oferta/Uso Interno,Deduz. Individ.,Deduz. Grupos,% Ocup.,Receita Quartos,Preço Médio,Saídas,Quartos FdS,Adul. / Cri.,janeiro,Previsão,15-jan-2027 sex,0,0,0,0,0,0,0,-,-,NaN,0,0,0,0,0,0,0,0,0,0,-,-,NaN,0,0,0,Total jan,0,0,0,0,0,0,0,-,-,NaN,0,0,0,Total,8013,3882,2696,0,0,6460,1553,"12,07","869 943,02","73,14",2822,0,15613
Data,Ocup,Opção,Cheg,Oferta/Uso Interno,Deduz. Individ.,Deduz. Grupos,% Ocup.,Receita Quartos,Preço Médio,Saídas,Quartos FdS,Adul. / Cri.,janeiro,Previsão,16-jan-2027 sáb,0,0,0,0,0,0,0,-,-,NaN,0,0,0,0,0,0,0,0,0,0,-,-,NaN,0,0,0,Total jan,0,0,0,0,0,0,0,-,-,NaN,0,0,0,Total,8013,3882,2696,0,0,6460,1553,"12,07","869 943,02","73,14",2822,0,15613
Data,Ocup,Opção,Cheg,Oferta/Uso Interno,Deduz. Individ.,Deduz. Grupos,% Ocup.,Receita Quartos,Preço Médio,Saídas,Quartos FdS,Adul. / Cri.,janeiro,Previsão,17-jan-2027 dom,0,0,0,0,0,0,0,-,-,NaN,0,0,0,0,0,0,0,0,0,0,-,-,NaN,0,0,0,Total jan,0,0,0,0,0,0,0,-,-,NaN,0,0,0,Total,8013,3882,2696,0,0,6460,1553,"12,07","869 943,02","73,14",2822,0,15613
Data,Ocup,Opção,Cheg,Oferta/Uso Interno,Deduz. Individ.,Deduz. Grupos,% Ocup.,Receita Quartos,Preço Médio,Saídas,Quartos FdS,Adul. / Cri.,janeiro,Previsão,18-jan-2027 seg,0,0,0,0,0,0,0,-,-,NaN,0,0,0,0,0,0,0,0,0,0,-,-,NaN,0,0,0,Total jan,0,0,0,0,0,0,0,-,-,NaN,0,0,0,Total,8013,3882,2696,0,0,6460,1553,"12,07","869 943,02","73,14",2822,0,15613
Data,Ocup,Opção,Cheg,Oferta/Uso Interno,Deduz. Individ.,Deduz. Grupos,% Ocup.,Receita Quartos,Preço Médio,Saídas,Quartos FdS,Adul. / Cri.,janeiro,Previsão,19-jan-2027 ter,0,0,0,0,0,0,0,-,-,NaN,0,0,0,0,0,0,0,0,0,0,-,-,NaN,0,0,0,Total jan,0,0,0,0,0,0,0,-,-,NaN,0,0,0,Total,8013,3882,2696,0,0,6460,1553,"12,07","869 943,02","73,14",2822,0,15613
Data,Ocup,Opção,Cheg,Oferta/Uso Interno,Deduz. Individ.,Deduz. Grupos,% Ocup.,Receita Quartos,Preço Médio,Saídas,Quartos FdS,Adul. / Cri.,janeiro,Previsão,20-jan-2027 qua,0,0,0,0,0,0,0,-,-,NaN,0,0,0,0,0,0,0,0,0,0,-,-,NaN,0,0,0,Total jan,0,0,0,0,0,0,0,-,-,NaN,0,0,0,Total,8013,3882,2696,0,0,6460,1553,"12,07","869 943,02","73,14",2822,0,15613
Data,Ocup,Opção,Cheg,Oferta/Uso Interno,Deduz. Individ.,Deduz. Grupos,% Ocup.,Receita Quartos,Preço Médio,Saídas,Quartos FdS,Adul. / Cri.,janeiro,Previsão,21-jan-2027 qui,0,0,0,0,0,0,0,-,-,NaN,0,0,0,0,0,0,0,0,0,0,-,-,NaN,0,0,0,Total jan,0,0,0,0,0,0,0,-,-,NaN,0,0,0,Total,8013,3882,2696,0,0,6460,1553,"12,07","869 943,02","73,14",2822,0,15613
Data,Ocup,Opção,Cheg,Oferta/Uso Interno,Deduz. Individ.,Deduz. Grupos,% Ocup.,Receita Quartos,Preço Médio,Saídas,Quartos FdS,Adul. / Cri.,janeiro,Previsão,22-jan-2027 sex,0,0,0,0,0,0,0,-,-,NaN,0,0,0,0,0,0,0,0,0,0,-,-,NaN,0,0,0,Total jan,0,0,0,0,0,0,0,-,-,NaN,0,0,0,Total,8013,3882,2696,0,0,6460,1553,"12,07","869 943,02","73,14",2822,0,15613
Data,Ocup,Opção,Cheg,Oferta/Uso Interno,Deduz. Individ.,Deduz. Grupos,% Ocup.,Receita Quartos,Preço Médio,Saídas,Quartos FdS,Adul. / Cri.,janeiro,Previsão,23-jan-2027 sáb,0,0,0,0,0,0,0,-,-,NaN,0,0,0,0,0,0,0,0,0,0,-,-,NaN,0,0,0,Total jan,0,0,0,0,0,0,0,-,-,NaN,0,0,0,Total,8013,3882,2696,0,0,6460,1553,"12,07","869 943,02","73,14",2822,0,15613
Data,Ocup,Opção,Cheg,Oferta/Uso Interno,Deduz. Individ.,Deduz. Grupos,% Ocup.,Receita Quartos,Preço Médio,Saídas,Quartos FdS,Adul. / Cri.,janeiro,Previsão,24-jan-2027 dom,0,0,0,0,0,0,0,-,-,NaN,0,0,0,0,0,0,0,0,0,0,-,-,NaN,0,0,0,Total jan,0,0,0,0,0,0,0,-,-,NaN,0,0,0,Total,8013,3882,2696,0,0,6460,1553,"12,07","869 943,02","73,14",2822,0,15613
Data,Ocup,Opção,Cheg,Oferta/Uso Interno,Deduz. Individ.,Deduz. Grupos,% Ocup.,Receita Quartos,Preço Médio,Saídas,Quartos FdS,Adul. / Cri.,janeiro,Previsão,25-jan-2027 seg,0,0,0,0,0,0,0,-,-,NaN,0,0,0,0,0,0,0,0,0,0,-,-,NaN,0,0,0,Total jan,0,0,0,0,0,0,0,-,-,NaN,0,0,0,Total,8013,3882,2696,0,0,6460,1553,"12,07","869 943,02","73,14",2822,0,15613
Data,Ocup,Opção,Cheg,Oferta/Uso Interno,Deduz. Individ.,Deduz. Grupos,% Ocup.,Receita Quartos,Preço Médio,Saídas,Quartos FdS,Adul. / Cri.,janeiro,Previsão,26-jan-2027 ter,0,0,0,0,0,0,0,-,-,NaN,0,0,0,0,0,0,0,0,0,0,-,-,NaN,0,0,0,Total jan,0,0,0,0,0,0,0,-,-,NaN,0,0,0,Total,8013,3882,2696,0,0,6460,1553,"12,07","869 943,02","73,14",2822,0,15613
Data,Ocup,Opção,Cheg,Oferta/Uso Interno,Deduz. Individ.,Deduz. Grupos,% Ocup.,Receita Quartos,Preço Médio,Saídas,Quartos FdS,Adul. / Cri.,janeiro,Previsão,27-jan-2027 qua,0,0,0,0,0,0,0,-,-,NaN,0,0,0,0,0,0,0,0,0,0,-,-,NaN,0,0,0,Total jan,0,0,0,0,0,0,0,-,-,NaN,0,0,0,Total,8013,3882,2696,0,0,6460,1553,"12,07","869 943,02","73,14",2822,0,15613
Data,Ocup,Opção,Cheg,Oferta/Uso Interno,Deduz. Individ.,Deduz. Grupos,% Ocup.,Receita Quartos,Preço Médio,Saídas,Quartos FdS,Adul. / Cri.,janeiro,Previsão,28-jan-2027 qui,0,0,0,0,0,0,0,-,-,NaN,0,0,0,0,0,0,0,0,0,0,-,-,NaN,0,0,0,Total jan,0,0,0,0,0,0,0,-,-,NaN,0,0,0,Total,8013,3882,2696,0,0,6460,1553,"12,07","869 943,02","73,14",2822,0,15613
Data,Ocup,Opção,Cheg,Oferta/Uso Interno,Deduz. Individ.,Deduz. Grupos,% Ocup.,Receita Quartos,Preço Médio,Saídas,Quartos FdS,Adul. / Cri.,janeiro,Previsão,29-jan-2027 sex,0,0,0,0,0,0,0,-,-,NaN,0,0,0,0,0,0,0,0,0,0,-,-,NaN,0,0,0,Total jan,0,0,0,0,0,0,0,-,-,NaN,0,0,0,Total,8013,3882,2696,0,0,6460,1553,"12,07","869 943,02","73,14",2822,0,15613
Data,Ocup,Opção,Cheg,Oferta/Uso Interno,Deduz. Individ.,Deduz. Grupos,% Ocup.,Receita Quartos,Preço Médio,Saídas,Quartos FdS,Adul. / Cri.,janeiro,Previsão,30-jan-2027 sáb,0,0,0,0,0,0,0,-,-,NaN,0,0,0,0,0,0,0,0,0,0,-,-,NaN,0,0,0,Total jan,0,0,0,0,0,0,0,-,-,NaN,0,0,0,Total,8013,3882,2696,0,0,6460,1553,"12,07","869 943,02","73,14",2822,0,15613
Data,Ocup,Opção,Cheg,Oferta/Uso Interno,Deduz. Individ.,Deduz. Grupos,% Ocup.,Receita Quartos,Preço Médio,Saídas,Quartos FdS,Adul. / Cri.,janeiro,Previsão,31-jan-2027 dom,0,0,0,0,0,0,0,-,-,NaN,0,0,0,0,0,0,0,0,0,0,-,-,NaN,0,0,0,Total jan,0,0,0,0,0,0,0,-,-,NaN,0,0,0,Total,8013,3882,2696,0,0,6460,1553,"12,07","869 943,02","73,14",2822,0,15613
Data,Ocup,Opção,Cheg,Oferta/Uso Interno,Deduz. Individ.,Deduz. Grupos,% Ocup.,Receita Quartos,Preço Médio,Saídas,Quartos FdS,Adul. / Cri.,fevereiro,Previsão,01-fev-2027 seg,0,0,0,0,0,0,0,-,-,NaN,0,0,0,0,0,0,0,0,0,0,-,-,NaN,0,0,0,Total fev,0,0,0,0,0,0,0,-,-,NaN,0,0,0,Total,8013,3882,2696,0,0,6460,1553,"12,07","869 943,02","73,14",2822,0,15613
Data,Ocup,Opção,Cheg,Oferta/Uso Interno,Deduz. Individ.,Deduz. Grupos,% Ocup.,Receita Quartos,Preço Médio,Saídas,Quartos FdS,Adul. / Cri.,fevereiro,Previsão,02-fev-2027 ter,0,0,0,0,0,0,0,-,-,NaN,0,0,0,0,0,0,0,0,0,0,-,-,NaN,0,0,0,Total fev,0,0,0,0,0,0,0,-,-,NaN,0,0,0,Total,8013,3882,2696,0,0,6460,1553,"12,07","869 943,02","73,14",2822,0,15613
Data,Ocup,Opção,Cheg,Oferta/Uso Interno,Deduz. Individ.,Deduz. Grupos,% Ocup.,Receita Quartos,Preço Médio,Saídas,Quartos FdS,Adul. / Cri.,fevereiro,Previsão,03-fev-2027 qua,0,0,0,0,0,0,0,-,-,NaN,0,0,0,0,0,0,0,0,0,0,-,-,NaN,0,0,0,Total fev,0,0,0,0,0,0,0,-,-,NaN,0,0,0,Total,8013,3882,2696,0,0,6460,1553,"12,07","869 943,02","73,14",2822,0,15613
Data,Ocup,Opção,Cheg,Oferta/Uso Interno,Deduz. Individ.,Deduz. Grupos,% Ocup.,Receita Quartos,Preço Médio,Saídas,Quartos FdS,Adul. / Cri.,fevereiro,Previsão,04-fev-2027 qui,0,0,0,0,0,0,0,-,-,NaN,0,0,0,0,0,0,0,0,0,0,-,-,NaN,0,0,0,Total fev,0,0,0,0,0,0,0,-,-,NaN,0,0,0,Total,8013,3882,2696,0,0,6460,1553,"12,07","869 943,02","73,14",2822,0,15613
Data,Ocup,Opção,Cheg,Oferta/Uso Interno,Deduz. Individ.,Deduz. Grupos,% Ocup.,Receita Quartos,Preço Médio,Saídas,Quartos FdS,Adul. / Cri.,fevereiro,Previsão,05-fev-2027 sex,0,0,0,0,0,0,0,-,-,NaN,0,0,0,0,0,0,0,0,0,0,-,-,NaN,0,0,0,Total fev,0,0,0,0,0,0,0,-,-,NaN,0,0,0,Total,8013,3882,2696,0,0,6460,1553,"12,07","869 943,02","73,14",2822,0,15613
Data,Ocup,Opção,Cheg,Oferta/Uso Interno,Deduz. Individ.,Deduz. Grupos,% Ocup.,Receita Quartos,Preço Médio,Saídas,Quartos FdS,Adul. / Cri.,fevereiro,Previsão,06-fev-2027 sáb,0,0,0,0,0,0,0,-,-,NaN,0,0,0,0,0,0,0,0,0,0,-,-,NaN,0,0,0,Total fev,0,0,0,0,0,0,0,-,-,NaN,0,0,0,Total,8013,3882,2696,0,0,6460,1553,"12,07","869 943,02","73,14",2822,0,15613
Data,Ocup,Opção,Cheg,Oferta/Uso Interno,Deduz. Individ.,Deduz. Grupos,% Ocup.,Receita Quartos,Preço Médio,Saídas,Quartos FdS,Adul. / Cri.,fevereiro,Previsão,07-fev-2027 dom,0,0,0,0,0,0,0,-,-,NaN,0,0,0,0,0,0,0,0,0,0,-,-,NaN,0,0,0,Total fev,0,0,0,0,0,0,0,-,-,NaN,0,0,0,Total,8013,3882,2696,0,0,6460,1553,"12,07","869 943,02","73,14",2822,0,15613
Data,Ocup,Opção,Cheg,Oferta/Uso Interno,Deduz. Individ.,Deduz. Grupos,% Ocup.,Receita Quartos,Preço Médio,Saídas,Quartos FdS,Adul. / Cri.,fevereiro,Previsão,08-fev-2027 seg,0,0,0,0,0,0,0,-,-,NaN,0,0,0,0,0,0,0,0,0,0,-,-,NaN,0,0,0,Total fev,0,0,0,0,0,0,0,-,-,NaN,0,0,0,Total,8013,3882,2696,0,0,6460,1553,"12,07","869 943,02","73,14",2822,0,15613
Data,Ocup,Opção,Cheg,Oferta/Uso Interno,Deduz. Individ.,Deduz. Grupos,% Ocup.,Receita Quartos,Preço Médio,Saídas,Quartos FdS,Adul. / Cri.,fevereiro,Previsão,09-fev-2027 ter,0,0,0,0,0,0,0,-,-,NaN,0,0,0,0,0,0,0,0,0,0,-,-,NaN,0,0,0,Total fev,0,0,0,0,0,0,0,-,-,NaN,0,0,0,Total,8013,3882,2696,0,0,6460,1553,"12,07","869 943,02","73,14",2822,0,15613
Data,Ocup,Opção,Cheg,Oferta/Uso Interno,Deduz. Individ.,Deduz. Grupos,% Ocup.,Receita Quartos,Preço Médio,Saídas,Quartos FdS,Adul. / Cri.,fevereiro,Previsão,10-fev-2027 qua,0,0,0,0,0,0,0,-,-,NaN,0,0,0,0,0,0,0,0,0,0,-,-,NaN,0,0,0,Total fev,0,0,0,0,0,0,0,-,-,NaN,0,0,0,Total,8013,3882,2696,0,0,6460,1553,"12,07","869 943,02","73,14",2822,0,15613
Data,Ocup,Opção,Cheg,Oferta/Uso Interno,Deduz. Individ.,Deduz. Grupos,% Ocup.,Receita Quartos,Preço Médio,Saídas,Quartos FdS,Adul. / Cri.,fevereiro,Previsão,11-fev-2027 qui,0,0,0,0,0,0,0,-,-,NaN,0,0,0,0,0,0,0,0,0,0,-,-,NaN,0,0,0,Total fev,0,0,0,0,0,0,0,-,-,NaN,0,0,0,Total,8013,3882,2696,0,0,6460,1553,"12,07","869 943,02","73,14",2822,0,15613
Data,Ocup,Opção,Cheg,Oferta/Uso Interno,Deduz. Individ.,Deduz. Grupos,% Ocup.,Receita Quartos,Preço Médio,Saídas,Quartos FdS,Adul. / Cri.,fevereiro,Previsão,12-fev-2027 sex,0,0,0,0,0,0,0,-,-,NaN,0,0,0,0,0,0,0,0,0,0,-,-,NaN,0,0,0,Total fev,0,0,0,0,0,0,0,-,-,NaN,0,0,0,Total,8013,3882,2696,0,0,6460,1553,"12,07","869 943,02","73,14",2822,0,15613
Data,Ocup,Opção,Cheg,Oferta/Uso Interno,Deduz. Individ.,Deduz. Grupos,% Ocup.,Receita Quartos,Preço Médio,Saídas,Quartos FdS,Adul. / Cri.,fevereiro,Previsão,13-fev-2027 sáb,0,0,0,0,0,0,0,-,-,NaN,0,0,0,0,0,0,0,0,0,0,-,-,NaN,0,0,0,Total fev,0,0,0,0,0,0,0,-,-,NaN,0,0,0,Total,8013,3882,2696,0,0,6460,1553,"12,07","869 943,02","73,14",2822,0,15613
Data,Ocup,Opção,Cheg,Oferta/Uso Interno,Deduz. Individ.,Deduz. Grupos,% Ocup.,Receita Quartos,Preço Médio,Saídas,Quartos FdS,Adul. / Cri.,fevereiro,Previsão,14-fev-2027 dom,0,0,0,0,0,0,0,-,-,NaN,0,0,0,0,0,0,0,0,0,0,-,-,NaN,0,0,0,Total fev,0,0,0,0,0,0,0,-,-,NaN,0,0,0,Total,8013,3882,2696,0,0,6460,1553,"12,07","869 943,02","73,14",2822,0,15613
Data,Ocup,Opção,Cheg,Oferta/Uso Interno,Deduz. Individ.,Deduz. Grupos,% Ocup.,Receita Quartos,Preço Médio,Saídas,Quartos FdS,Adul. / Cri.,fevereiro,Previsão,15-fev-2027 seg,0,0,0,0,0,0,0,-,-,NaN,0,0,0,0,0,0,0,0,0,0,-,-,NaN,0,0,0,Total fev,0,0,0,0,0,0,0,-,-,NaN,0,0,0,Total,8013,3882,2696,0,0,6460,1553,"12,07","869 943,02","73,14",2822,0,15613
Data,Ocup,Opção,Cheg,Oferta/Uso Interno,Deduz. Individ.,Deduz. Grupos,% Ocup.,Receita Quartos,Preço Médio,Saídas,Quartos FdS,Adul. / Cri.,fevereiro,Previsão,16-fev-2027 ter,0,0,0,0,0,0,0,-,-,NaN,0,0,0,0,0,0,0,0,0,0,-,-,NaN,0,0,0,Total fev,0,0,0,0,0,0,0,-,-,NaN,0,0,0,Total,8013,3882,2696,0,0,6460,1553,"12,07","869 943,02","73,14",2822,0,15613
Data,Ocup,Opção,Cheg,Oferta/Uso Interno,Deduz. Individ.,Deduz. Grupos,% Ocup.,Receita Quartos,Preço Médio,Saídas,Quartos FdS,Adul. / Cri.,fevereiro,Previsão,17-fev-2027 qua,0,0,0,0,0,0,0,-,-,NaN,0,0,0,0,0,0,0,0,0,0,-,-,NaN,0,0,0,Total fev,0,0,0,0,0,0,0,-,-,NaN,0,0,0,Total,8013,3882,2696,0,0,6460,1553,"12,07","869 943,02","73,14",2822,0,15613
Data,Ocup,Opção,Cheg,Oferta/Uso Interno,Deduz. Individ.,Deduz. Grupos,% Ocup.,Receita Quartos,Preço Médio,Saídas,Quartos FdS,Adul. / Cri.,fevereiro,Previsão,18-fev-2027 qui,0,0,0,0,0,0,0,-,-,NaN,0,0,0,0,0,0,0,0,0,0,-,-,NaN,0,0,0,Total fev,0,0,0,0,0,0,0,-,-,NaN,0,0,0,Total,8013,3882,2696,0,0,6460,1553,"12,07","869 943,02","73,14",2822,0,15613
Data,Ocup,Opção,Cheg,Oferta/Uso Interno,Deduz. Individ.,Deduz. Grupos,% Ocup.,Receita Quartos,Preço Médio,Saídas,Quartos FdS,Adul. / Cri.,fevereiro,Previsão,19-fev-2027 sex,0,0,0,0,0,0,0,-,-,NaN,0,0,0,0,0,0,0,0,0,0,-,-,NaN,0,0,0,Total fev,0,0,0,0,0,0,0,-,-,NaN,0,0,0,Total,8013,3882,2696,0,0,6460,1553,"12,07","869 943,02","73,14",2822,0,15613
Data,Ocup,Opção,Cheg,Oferta/Uso Interno,Deduz. Individ.,Deduz. Grupos,% Ocup.,Receita Quartos,Preço Médio,Saídas,Quartos FdS,Adul. / Cri.,fevereiro,Previsão,20-fev-2027 sáb,0,0,0,0,0,0,0,-,-,NaN,0,0,0,0,0,0,0,0,0,0,-,-,NaN,0,0,0,Total fev,0,0,0,0,0,0,0,-,-,NaN,0,0,0,Total,8013,3882,2696,0,0,6460,1553,"12,07","869 943,02","73,14",2822,0,15613
Data,Ocup,Opção,Cheg,Oferta/Uso Interno,Deduz. Individ.,Deduz. Grupos,% Ocup.,Receita Quartos,Preço Médio,Saídas,Quartos FdS,Adul. / Cri.,fevereiro,Previsão,21-fev-2027 dom,0,0,0,0,0,0,0,-,-,NaN,0,0,0,0,0,0,0,0,0,0,-,-,NaN,0,0,0,Total fev,0,0,0,0,0,0,0,-,-,NaN,0,0,0,Total,8013,3882,2696,0,0,6460,1553,"12,07","869 943,02","73,14",2822,0,15613
Data,Ocup,Opção,Cheg,Oferta/Uso Interno,Deduz. Individ.,Deduz. Grupos,% Ocup.,Receita Quartos,Preço Médio,Saídas,Quartos FdS,Adul. / Cri.,fevereiro,Previsão,22-fev-2027 seg,0,0,0,0,0,0,0,-,-,NaN,0,0,0,0,0,0,0,0,0,0,-,-,NaN,0,0,0,Total fev,0,0,0,0,0,0,0,-,-,NaN,0,0,0,Total,8013,3882,2696,0,0,6460,1553,"12,07","869 943,02","73,14",2822,0,15613
Data,Ocup,Opção,Cheg,Oferta/Uso Interno,Deduz. Individ.,Deduz. Grupos,% Ocup.,Receita Quartos,Preço Médio,Saídas,Quartos FdS,Adul. / Cri.,fevereiro,Previsão,23-fev-2027 ter,0,0,0,0,0,0,0,-,-,NaN,0,0,0,0,0,0,0,0,0,0,-,-,NaN,0,0,0,Total fev,0,0,0,0,0,0,0,-,-,NaN,0,0,0,Total,8013,3882,2696,0,0,6460,1553,"12,07","869 943,02","73,14",2822,0,15613
Data,Ocup,Opção,Cheg,Oferta/Uso Interno,Deduz. Individ.,Deduz. Grupos,% Ocup.,Receita Quartos,Preço Médio,Saídas,Quartos FdS,Adul. / Cri.,fevereiro,Previsão,24-fev-2027 qua,0,0,0,0,0,0,0,-,-,NaN,0,0,0,0,0,0,0,0,0,0,-,-,NaN,0,0,0,Total fev,0,0,0,0,0,0,0,-,-,NaN,0,0,0,Total,8013,3882,2696,0,0,6460,1553,"12,07","869 943,02","73,14",2822,0,15613
Data,Ocup,Opção,Cheg,Oferta/Uso Interno,Deduz. Individ.,Deduz. Grupos,% Ocup.,Receita Quartos,Preço Médio,Saídas,Quartos FdS,Adul. / Cri.,fevereiro,Previsão,25-fev-2027 qui,0,0,0,0,0,0,0,-,-,NaN,0,0,0,0,0,0,0,0,0,0,-,-,NaN,0,0,0,Total fev,0,0,0,0,0,0,0,-,-,NaN,0,0,0,Total,8013,3882,2696,0,0,6460,1553,"12,07","869 943,02","73,14",2822,0,15613
Data,Ocup,Opção,Cheg,Oferta/Uso Interno,Deduz. Individ.,Deduz. Grupos,% Ocup.,Receita Quartos,Preço Médio,Saídas,Quartos FdS,Adul. / Cri.,fevereiro,Previsão,26-fev-2027 sex,0,0,0,0,0,0,0,-,-,NaN,0,0,0,0,0,0,0,0,0,0,-,-,NaN,0,0,0,Total fev,0,0,0,0,0,0,0,-,-,NaN,0,0,0,Total,8013,3882,2696,0,0,6460,1553,"12,07","869 943,02","73,14",2822,0,15613
Data,Ocup,Opção,Cheg,Oferta/Uso Interno,Deduz. Individ.,Deduz. Grupos,% Ocup.,Receita Quartos,Preço Médio,Saídas,Quartos FdS,Adul. / Cri.,fevereiro,Previsão,27-fev-2027 sáb,0,0,0,0,0,0,0,-,-,NaN,0,0,0,0,0,0,0,0,0,0,-,-,NaN,0,0,0,Total fev,0,0,0,0,0,0,0,-,-,NaN,0,0,0,Total,8013,3882,2696,0,0,6460,1553,"12,07","869 943,02","73,14",2822,0,15613
Data,Ocup,Opção,Cheg,Oferta/Uso Interno,Deduz. Individ.,Deduz. Grupos,% Ocup.,Receita Quartos,Preço Médio,Saídas,Quartos FdS,Adul. / Cri.,fevereiro,Previsão,28-fev-2027 dom,0,0,0,0,0,0,0,-,-,NaN,0,0,0,0,0,0,0,0,0,0,-,-,NaN,0,0,0,Total fev,0,0,0,0,0,0,0,-,-,NaN,0,0,0,Total,8013,3882,2696,0,0,6460,1553,"12,07","869 943,02","73,14",2822,0,15613
Data,Ocup,Opção,Cheg,Oferta/Uso Interno,Deduz. Individ.,Deduz. Grupos,% Ocup.,Receita Quartos,Preço Médio,Saídas,Quartos FdS,Adul. / Cri.,março,Previsão,01-mar-2027 seg,0,0,0,0,0,0,0,-,-,NaN,0,0,0,0,0,0,0,0,0,0,-,-,NaN,0,0,0,Total mar,0,0,0,0,0,0,0,-,-,NaN,0,0,0,Total,8013,3882,2696,0,0,6460,1553,"12,07","869 943,02","73,14",2822,0,15613
Data,Ocup,Opção,Cheg,Oferta/Uso Interno,Deduz. Individ.,Deduz. Grupos,% Ocup.,Receita Quartos,Preço Médio,Saídas,Quartos FdS,Adul. / Cri.,março,Previsão,02-mar-2027 ter,0,0,0,0,0,0,0,-,-,NaN,0,0,0,0,0,0,0,0,0,0,-,-,NaN,0,0,0,Total mar,0,0,0,0,0,0,0,-,-,NaN,0,0,0,Total,8013,3882,2696,0,0,6460,1553,"12,07","869 943,02","73,14",2822,0,15613
Data,Ocup,Opção,Cheg,Oferta/Uso Interno,Deduz. Individ.,Deduz. Grupos,% Ocup.,Receita Quartos,Preço Médio,Saídas,Quartos FdS,Adul. / Cri.,março,Previsão,03-mar-2027 qua,0,0,0,0,0,0,0,-,-,NaN,0,0,0,0,0,0,0,0,0,0,-,-,NaN,0,0,0,Total mar,0,0,0,0,0,0,0,-,-,NaN,0,0,0,Total,8013,3882,2696,0,0,6460,1553,"12,07","869 943,02","73,14",2822,0,15613
Data,Ocup,Opção,Cheg,Oferta/Uso Interno,Deduz. Individ.,Deduz. Grupos,% Ocup.,Receita Quartos,Preço Médio,Saídas,Quartos FdS,Adul. / Cri.,março,Previsão,04-mar-2027 qui,0,0,0,0,0,0,0,-,-,NaN,0,0,0,0,0,0,0,0,0,0,-,-,NaN,0,0,0,Total mar,0,0,0,0,0,0,0,-,-,NaN,0,0,0,Total,8013,3882,2696,0,0,6460,1553,"12,07","869 943,02","73,14",2822,0,15613
Data,Ocup,Opção,Cheg,Oferta/Uso Interno,Deduz. Individ.,Deduz. Grupos,% Ocup.,Receita Quartos,Preço Médio,Saídas,Quartos FdS,Adul. / Cri.,março,Previsão,05-mar-2027 sex,0,0,0,0,0,0,0,-,-,NaN,0,0,0,0,0,0,0,0,0,0,-,-,NaN,0,0,0,Total mar,0,0,0,0,0,0,0,-,-,NaN,0,0,0,Total,8013,3882,2696,0,0,6460,1553,"12,07","869 943,02","73,14",2822,0,15613
Data,Ocup,Opção,Cheg,Oferta/Uso Interno,Deduz. Individ.,Deduz. Grupos,% Ocup.,Receita Quartos,Preço Médio,Saídas,Quartos FdS,Adul. / Cri.,março,Previsão,06-mar-2027 sáb,0,0,0,0,0,0,0,-,-,NaN,0,0,0,0,0,0,0,0,0,0,-,-,NaN,0,0,0,Total mar,0,0,0,0,0,0,0,-,-,NaN,0,0,0,Total,8013,3882,2696,0,0,6460,1553,"12,07","869 943,02","73,14",2822,0,15613
Data,Ocup,Opção,Cheg,Oferta/Uso Interno,Deduz. Individ.,Deduz. Grupos,% Ocup.,Receita Quartos,Preço Médio,Saídas,Quartos FdS,Adul. / Cri.,março,Previsão,07-mar-2027 dom,0,0,0,0,0,0,0,-,-,NaN,0,0,0,0,0,0,0,0,0,0,-,-,NaN,0,0,0,Total mar,0,0,0,0,0,0,0,-,-,NaN,0,0,0,Total,8013,3882,2696,0,0,6460,1553,"12,07","869 943,02","73,14",2822,0,15613
Data,Ocup,Opção,Cheg,Oferta/Uso Interno,Deduz. Individ.,Deduz. Grupos,% Ocup.,Receita Quartos,Preço Médio,Saídas,Quartos FdS,Adul. / Cri.,março,Previsão,08-mar-2027 seg,0,0,0,0,0,0,0,-,-,NaN,0,0,0,0,0,0,0,0,0,0,-,-,NaN,0,0,0,Total mar,0,0,0,0,0,0,0,-,-,NaN,0,0,0,Total,8013,3882,2696,0,0,6460,1553,"12,07","869 943,02","73,14",2822,0,15613
Data,Ocup,Opção,Cheg,Oferta/Uso Interno,Deduz. Individ.,Deduz. Grupos,% Ocup.,Receita Quartos,Preço Médio,Saídas,Quartos FdS,Adul. / Cri.,março,Previsão,09-mar-2027 ter,0,0,0,0,0,0,0,-,-,NaN,0,0,0,0,0,0,0,0,0,0,-,-,NaN,0,0,0,Total mar,0,0,0,0,0,0,0,-,-,NaN,0,0,0,Total,8013,3882,2696,0,0,6460,1553,"12,07","869 943,02","73,14",2822,0,15613
Data,Ocup,Opção,Cheg,Oferta/Uso Interno,Deduz. Individ.,Deduz. Grupos,% Ocup.,Receita Quartos,Preço Médio,Saídas,Quartos FdS,Adul. / Cri.,março,Previsão,10-mar-2027 qua,0,0,0,0,0,0,0,-,-,NaN,0,0,0,0,0,0,0,0,0,0,-,-,NaN,0,0,0,Total mar,0,0,0,0,0,0,0,-,-,NaN,0,0,0,Total,8013,3882,2696,0,0,6460,1553,"12,07","869 943,02","73,14",2822,0,15613
Data,Ocup,Opção,Cheg,Oferta/Uso Interno,Deduz. Individ.,Deduz. Grupos,% Ocup.,Receita Quartos,Preço Médio,Saídas,Quartos FdS,Adul. / Cri.,março,Previsão,11-mar-2027 qui,0,0,0,0,0,0,0,-,-,NaN,0,0,0,0,0,0,0,0,0,0,-,-,NaN,0,0,0,Total mar,0,0,0,0,0,0,0,-,-,NaN,0,0,0,Total,8013,3882,2696,0,0,6460,1553,"12,07","869 943,02","73,14",2822,0,15613
Data,Ocup,Opção,Cheg,Oferta/Uso Interno,Deduz. Individ.,Deduz. Grupos,% Ocup.,Receita Quartos,Preço Médio,Saídas,Quartos FdS,Adul. / Cri.,março,Previsão,12-mar-2027 sex,0,0,0,0,0,0,0,-,-,NaN,0,0,0,0,0,0,0,0,0,0,-,-,NaN,0,0,0,Total mar,0,0,0,0,0,0,0,-,-,NaN,0,0,0,Total,8013,3882,2696,0,0,6460,1553,"12,07","869 943,02","73,14",2822,0,15613
Data,Ocup,Opção,Cheg,Oferta/Uso Interno,Deduz. Individ.,Deduz. Grupos,% Ocup.,Receita Quartos,Preço Médio,Saídas,Quartos FdS,Adul. / Cri.,março,Previsão,13-mar-2027 sáb,0,0,0,0,0,0,0,-,-,NaN,0,0,0,0,0,0,0,0,0,0,-,-,NaN,0,0,0,Total mar,0,0,0,0,0,0,0,-,-,NaN,0,0,0,Total,8013,3882,2696,0,0,6460,1553,"12,07","869 943,02","73,14",2822,0,15613
Data,Ocup,Opção,Cheg,Oferta/Uso Interno,Deduz. Individ.,Deduz. Grupos,% Ocup.,Receita Quartos,Preço Médio,Saídas,Quartos FdS,Adul. / Cri.,março,Previsão,14-mar-2027 dom,0,0,0,0,0,0,0,-,-,NaN,0,0,0,0,0,0,0,0,0,0,-,-,NaN,0,0,0,Total mar,0,0,0,0,0,0,0,-,-,NaN,0,0,0,Total,8013,3882,2696,0,0,6460,1553,"12,07","869 943,02","73,14",2822,0,15613
Data,Ocup,Opção,Cheg,Oferta/Uso Interno,Deduz. Individ.,Deduz. Grupos,% Ocup.,Receita Quartos,Preço Médio,Saídas,Quartos FdS,Adul. / Cri.,março,Previsão,15-mar-2027 seg,0,0,0,0,0,0,0,-,-,NaN,0,0,0,0,0,0,0,0,0,0,-,-,NaN,0,0,0,Total mar,0,0,0,0,0,0,0,-,-,NaN,0,0,0,Total,8013,3882,2696,0,0,6460,1553,"12,07","869 943,02","73,14",2822,0,15613
Data,Ocup,Opção,Cheg,Oferta/Uso Interno,Deduz. Individ.,Deduz. Grupos,% Ocup.,Receita Quartos,Preço Médio,Saídas,Quartos FdS,Adul. / Cri.,março,Previsão,16-mar-2027 ter,0,0,0,0,0,0,0,-,-,NaN,0,0,0,0,0,0,0,0,0,0,-,-,NaN,0,0,0,Total mar,0,0,0,0,0,0,0,-,-,NaN,0,0,0,Total,8013,3882,2696,0,0,6460,1553,"12,07","869 943,02","73,14",2822,0,15613
Data,Ocup,Opção,Cheg,Oferta/Uso Interno,Deduz. Individ.,Deduz. Grupos,% Ocup.,Receita Quartos,Preço Médio,Saídas,Quartos FdS,Adul. / Cri.,março,Previsão,17-mar-2027 qua,0,0,0,0,0,0,0,-,-,NaN,0,0,0,0,0,0,0,0,0,0,-,-,NaN,0,0,0,Total mar,0,0,0,0,0,0,0,-,-,NaN,0,0,0,Total,8013,3882,2696,0,0,6460,1553,"12,07","869 943,02","73,14",2822,0,15613
Data,Ocup,Opção,Cheg,Oferta/Uso Interno,Deduz. Individ.,Deduz. Grupos,% Ocup.,Receita Quartos,Preço Médio,Saídas,Quartos FdS,Adul. / Cri.,março,Previsão,18-mar-2027 qui,0,0,0,0,0,0,0,-,-,NaN,0,0,0,0,0,0,0,0,0,0,-,-,NaN,0,0,0,Total mar,0,0,0,0,0,0,0,-,-,NaN,0,0,0,Total,8013,3882,2696,0,0,6460,1553,"12,07","869 943,02","73,14",2822,0,15613
Data,Ocup,Opção,Cheg,Oferta/Uso Interno,Deduz. Individ.,Deduz. Grupos,% Ocup.,Receita Quartos,Preço Médio,Saídas,Quartos FdS,Adul. / Cri.,março,Previsão,19-mar-2027 sex,0,0,0,0,0,0,0,-,-,NaN,0,0,0,0,0,0,0,0,0,0,-,-,NaN,0,0,0,Total mar,0,0,0,0,0,0,0,-,-,NaN,0,0,0,Total,8013,3882,2696,0,0,6460,1553,"12,07","869 943,02","73,14",2822,0,15613
Data,Ocup,Opção,Cheg,Oferta/Uso Interno,Deduz. Individ.,Deduz. Grupos,% Ocup.,Receita Quartos,Preço Médio,Saídas,Quartos FdS,Adul. / Cri.,março,Previsão,20-mar-2027 sáb,0,0,0,0,0,0,0,-,-,NaN,0,0,0,0,0,0,0,0,0,0,-,-,NaN,0,0,0,Total mar,0,0,0,0,0,0,0,-,-,NaN,0,0,0,Total,8013,3882,2696,0,0,6460,1553,"12,07","869 943,02","73,14",2822,0,15613
Data,Ocup,Opção,Cheg,Oferta/Uso Interno,Deduz. Individ.,Deduz. Grupos,% Ocup.,Receita Quartos,Preço Médio,Saídas,Quartos FdS,Adul. / Cri.,março,Previsão,21-mar-2027 dom,0,0,0,0,0,0,0,-,-,NaN,0,0,0,0,0,0,0,0,0,0,-,-,NaN,0,0,0,Total mar,0,0,0,0,0,0,0,-,-,NaN,0,0,0,Total,8013,3882,2696,0,0,6460,1553,"12,07","869 943,02","73,14",2822,0,15613
Data,Ocup,Opção,Cheg,Oferta/Uso Interno,Deduz. Individ.,Deduz. Grupos,% Ocup.,Receita Quartos,Preço Médio,Saídas,Quartos FdS,Adul. / Cri.,março,Previsão,22-mar-2027 seg,0,0,0,0,0,0,0,-,-,NaN,0,0,0,0,0,0,0,0,0,0,-,-,NaN,0,0,0,Total mar,0,0,0,0,0,0,0,-,-,NaN,0,0,0,Total,8013,3882,2696,0,0,6460,1553,"12,07","869 943,02","73,14",2822,0,15613
Data,Ocup,Opção,Cheg,Oferta/Uso Interno,Deduz. Individ.,Deduz. Grupos,% Ocup.,Receita Quartos,Preço Médio,Saídas,Quartos FdS,Adul. / Cri.,março,Previsão,23-mar-2027 ter,0,0,0,0,0,0,0,-,-,NaN,0,0,0,0,0,0,0,0,0,0,-,-,NaN,0,0,0,Total mar,0,0,0,0,0,0,0,-,-,NaN,0,0,0,Total,8013,3882,2696,0,0,6460,1553,"12,07","869 943,02","73,14",2822,0,15613
Data,Ocup,Opção,Cheg,Oferta/Uso Interno,Deduz. Individ.,Deduz. Grupos,% Ocup.,Receita Quartos,Preço Médio,Saídas,Quartos FdS,Adul. / Cri.,março,Previsão,24-mar-2027 qua,0,0,0,0,0,0,0,-,-,NaN,0,0,0,0,0,0,0,0,0,0,-,-,NaN,0,0,0,Total mar,0,0,0,0,0,0,0,-,-,NaN,0,0,0,Total,8013,3882,2696,0,0,6460,1553,"12,07","869 943,02","73,14",2822,0,15613
Data,Ocup,Opção,Cheg,Oferta/Uso Interno,Deduz. Individ.,Deduz. Grupos,% Ocup.,Receita Quartos,Preço Médio,Saídas,Quartos FdS,Adul. / Cri.,março,Previsão,25-mar-2027 qui,0,0,0,0,0,0,0,-,-,NaN,0,0,0,0,0,0,0,0,0,0,-,-,NaN,0,0,0,Total mar,0,0,0,0,0,0,0,-,-,NaN,0,0,0,Total,8013,3882,2696,0,0,6460,1553,"12,07","869 943,02","73,14",2822,0,15613
Data,Ocup,Opção,Cheg,Oferta/Uso Interno,Deduz. Individ.,Deduz. Grupos,% Ocup.,Receita Quartos,Preço Médio,Saídas,Quartos FdS,Adul. / Cri.,março,Previsão,26-mar-2027 sex,0,0,0,0,0,0,0,-,-,NaN,0,0,0,0,0,0,0,0,0,0,-,-,NaN,0,0,0,Total mar,0,0,0,0,0,0,0,-,-,NaN,0,0,0,Total,8013,3882,2696,0,0,6460,1553,"12,07","869 943,02","73,14",2822,0,15613
Data,Ocup,Opção,Cheg,Oferta/Uso Interno,Deduz. Individ.,Deduz. Grupos,% Ocup.,Receita Quartos,Preço Médio,Saídas,Quartos FdS,Adul. / Cri.,março,Previsão,27-mar-2027 sáb,0,0,0,0,0,0,0,-,-,NaN,0,0,0,0,0,0,0,0,0,0,-,-,NaN,0,0,0,Total mar,0,0,0,0,0,0,0,-,-,NaN,0,0,0,Total,8013,3882,2696,0,0,6460,1553,"12,07","869 943,02","73,14",2822,0,15613
Data,Ocup,Opção,Cheg,Oferta/Uso Interno,Deduz. Individ.,Deduz. Grupos,% Ocup.,Receita Quartos,Preço Médio,Saídas,Quartos FdS,Adul. / Cri.,março,Previsão,28-mar-2027 dom,0,0,0,0,0,0,0,-,-,NaN,0,0,0,0,0,0,0,0,0,0,-,-,NaN,0,0,0,Total mar,0,0,0,0,0,0,0,-,-,NaN,0,0,0,Total,8013,3882,2696,0,0,6460,1553,"12,07","869 943,02","73,14",2822,0,15613
Data,Ocup,Opção,Cheg,Oferta/Uso Interno,Deduz. Individ.,Deduz. Grupos,% Ocup.,Receita Quartos,Preço Médio,Saídas,Quartos FdS,Adul. / Cri.,março,Previsão,29-mar-2027 seg,0,0,0,0,0,0,0,-,-,NaN,0,0,0,0,0,0,0,0,0,0,-,-,NaN,0,0,0,Total mar,0,0,0,0,0,0,0,-,-,NaN,0,0,0,Total,8013,3882,2696,0,0,6460,1553,"12,07","869 943,02","73,14",2822,0,15613
Data,Ocup,Opção,Cheg,Oferta/Uso Interno,Deduz. Individ.,Deduz. Grupos,% Ocup.,Receita Quartos,Preço Médio,Saídas,Quartos FdS,Adul. / Cri.,março,Previsão,30-mar-2027 ter,0,0,0,0,0,0,0,-,-,NaN,0,0,0,0,0,0,0,0,0,0,-,-,NaN,0,0,0,Total mar,0,0,0,0,0,0,0,-,-,NaN,0,0,0,Total,8013,3882,2696,0,0,6460,1553,"12,07","869 943,02","73,14",2822,0,15613
Data,Ocup,Opção,Cheg,Oferta/Uso Interno,Deduz. Individ.,Deduz. Grupos,% Ocup.,Receita Quartos,Preço Médio,Saídas,Quartos FdS,Adul. / Cri.,março,Previsão,31-mar-2027 qua,0,0,0,0,0,0,0,-,-,NaN,0,0,0,0,0,0,0,0,0,0,-,-,NaN,0,0,0,Total mar,0,0,0,0,0,0,0,-,-,NaN,0,0,0,Total,8013,3882,2696,0,0,6460,1553,"12,07","869 943,02","73,14",2822,0,15613
Data,Ocup,Opção,Cheg,Oferta/Uso Interno,Deduz. Individ.,Deduz. Grupos,% Ocup.,Receita Quartos,Preço Médio,Saídas,Quartos FdS,Adul. / Cri.,abril,Previsão,01-abr-2027 qui,0,0,0,0,0,0,0,-,-,NaN,0,0,0,0,0,0,0,0,0,0,-,-,NaN,0,0,0,Total abr,0,0,0,0,0,0,0,-,-,NaN,0,0,0,Total,8013,3882,2696,0,0,6460,1553,"12,07","869 943,02","73,14",2822,0,15613
Data,Ocup,Opção,Cheg,Oferta/Uso Interno,Deduz. Individ.,Deduz. Grupos,% Ocup.,Receita Quartos,Preço Médio,Saídas,Quartos FdS,Adul. / Cri.,abril,Previsão,02-abr-2027 sex,0,0,0,0,0,0,0,-,-,NaN,0,0,0,0,0,0,0,0,0,0,-,-,NaN,0,0,0,Total abr,0,0,0,0,0,0,0,-,-,NaN,0,0,0,Total,8013,3882,2696,0,0,6460,1553,"12,07","869 943,02","73,14",2822,0,15613
Data,Ocup,Opção,Cheg,Oferta/Uso Interno,Deduz. Individ.,Deduz. Grupos,% Ocup.,Receita Quartos,Preço Médio,Saídas,Quartos FdS,Adul. / Cri.,abril,Previsão,03-abr-2027 sáb,0,0,0,0,0,0,0,-,-,NaN,0,0,0,0,0,0,0,0,0,0,-,-,NaN,0,0,0,Total abr,0,0,0,0,0,0,0,-,-,NaN,0,0,0,Total,8013,3882,2696,0,0,6460,1553,"12,07","869 943,02","73,14",2822,0,15613
Data,Ocup,Opção,Cheg,Oferta/Uso Interno,Deduz. Individ.,Deduz. Grupos,% Ocup.,Receita Quartos,Preço Médio,Saídas,Quartos FdS,Adul. / Cri.,abril,Previsão,04-abr-2027 dom,0,0,0,0,0,0,0,-,-,NaN,0,0,0,0,0,0,0,0,0,0,-,-,NaN,0,0,0,Total abr,0,0,0,0,0,0,0,-,-,NaN,0,0,0,Total,8013,3882,2696,0,0,6460,1553,"12,07","869 943,02","73,14",2822,0,15613
Data,Ocup,Opção,Cheg,Oferta/Uso Interno,Deduz. Individ.,Deduz. Grupos,% Ocup.,Receita Quartos,Preço Médio,Saídas,Quartos FdS,Adul. / Cri.,abril,Previsão,05-abr-2027 seg,0,0,0,0,0,0,0,-,-,NaN,0,0,0,0,0,0,0,0,0,0,-,-,NaN,0,0,0,Total abr,0,0,0,0,0,0,0,-,-,NaN,0,0,0,Total,8013,3882,2696,0,0,6460,1553,"12,07","869 943,02","73,14",2822,0,15613
Data,Ocup,Opção,Cheg,Oferta/Uso Interno,Deduz. Individ.,Deduz. Grupos,% Ocup.,Receita Quartos,Preço Médio,Saídas,Quartos FdS,Adul. / Cri.,abril,Previsão,06-abr-2027 ter,0,0,0,0,0,0,0,-,-,NaN,0,0,0,0,0,0,0,0,0,0,-,-,NaN,0,0,0,Total abr,0,0,0,0,0,0,0,-,-,NaN,0,0,0,Total,8013,3882,2696,0,0,6460,1553,"12,07","869 943,02","73,14",2822,0,15613
Data,Ocup,Opção,Cheg,Oferta/Uso Interno,Deduz. Individ.,Deduz. Grupos,% Ocup.,Receita Quartos,Preço Médio,Saídas,Quartos FdS,Adul. / Cri.,abril,Previsão,07-abr-2027 qua,0,0,0,0,0,0,0,-,-,NaN,0,0,0,0,0,0,0,0,0,0,-,-,NaN,0,0,0,Total abr,0,0,0,0,0,0,0,-,-,NaN,0,0,0,Total,8013,3882,2696,0,0,6460,1553,"12,07","869 943,02","73,14",2822,0,15613
Data,Ocup,Opção,Cheg,Oferta/Uso Interno,Deduz. Individ.,Deduz. Grupos,% Ocup.,Receita Quartos,Preço Médio,Saídas,Quartos FdS,Adul. / Cri.,abril,Previsão,08-abr-2027 qui,0,0,0,0,0,0,0,-,-,NaN,0,0,0,0,0,0,0,0,0,0,-,-,NaN,0,0,0,Total abr,0,0,0,0,0,0,0,-,-,NaN,0,0,0,Total,8013,3882,2696,0,0,6460,1553,"12,07","869 943,02","73,14",2822,0,15613
Data,Ocup,Opção,Cheg,Oferta/Uso Interno,Deduz. Individ.,Deduz. Grupos,% Ocup.,Receita Quartos,Preço Médio,Saídas,Quartos FdS,Adul. / Cri.,abril,Previsão,09-abr-2027 sex,0,0,0,0,0,0,0,-,-,NaN,0,0,0,0,0,0,0,0,0,0,-,-,NaN,0,0,0,Total abr,0,0,0,0,0,0,0,-,-,NaN,0,0,0,Total,8013,3882,2696,0,0,6460,1553,"12,07","869 943,02","73,14",2822,0,15613
Data,Ocup,Opção,Cheg,Oferta/Uso Interno,Deduz. Individ.,Deduz. Grupos,% Ocup.,Receita Quartos,Preço Médio,Saídas,Quartos FdS,Adul. / Cri.,abril,Previsão,10-abr-2027 sáb,0,0,0,0,0,0,0,-,-,NaN,0,0,0,0,0,0,0,0,0,0,-,-,NaN,0,0,0,Total abr,0,0,0,0,0,0,0,-,-,NaN,0,0,0,Total,8013,3882,2696,0,0,6460,1553,"12,07","869 943,02","73,14",2822,0,15613
Data,Ocup,Opção,Cheg,Oferta/Uso Interno,Deduz. Individ.,Deduz. Grupos,% Ocup.,Receita Quartos,Preço Médio,Saídas,Quartos FdS,Adul. / Cri.,abril,Previsão,11-abr-2027 dom,0,0,0,0,0,0,0,-,-,NaN,0,0,0,0,0,0,0,0,0,0,-,-,NaN,0,0,0,Total abr,0,0,0,0,0,0,0,-,-,NaN,0,0,0,Total,8013,3882,2696,0,0,6460,1553,"12,07","869 943,02","73,14",2822,0,15613
Data,Ocup,Opção,Cheg,Oferta/Uso Interno,Deduz. Individ.,Deduz. Grupos,% Ocup.,Receita Quartos,Preço Médio,Saídas,Quartos FdS,Adul. / Cri.,abril,Previsão,12-abr-2027 seg,0,0,0,0,0,0,0,-,-,NaN,0,0,0,0,0,0,0,0,0,0,-,-,NaN,0,0,0,Total abr,0,0,0,0,0,0,0,-,-,NaN,0,0,0,Total,8013,3882,2696,0,0,6460,1553,"12,07","869 943,02","73,14",2822,0,15613
Data,Ocup,Opção,Cheg,Oferta/Uso Interno,Deduz. Individ.,Deduz. Grupos,% Ocup.,Receita Quartos,Preço Médio,Saídas,Quartos FdS,Adul. / Cri.,abril,Previsão,13-abr-2027 ter,0,0,0,0,0,0,0,-,-,NaN,0,0,0,0,0,0,0,0,0,0,-,-,NaN,0,0,0,Total abr,0,0,0,0,0,0,0,-,-,NaN,0,0,0,Total,8013,3882,2696,0,0,6460,1553,"12,07","869 943,02","73,14",2822,0,15613
Data,Ocup,Opção,Cheg,Oferta/Uso Interno,Deduz. Individ.,Deduz. Grupos,% Ocup.,Receita Quartos,Preço Médio,Saídas,Quartos FdS,Adul. / Cri.,abril,Previsão,14-abr-2027 qua,0,0,0,0,0,0,0,-,-,NaN,0,0,0,0,0,0,0,0,0,0,-,-,NaN,0,0,0,Total abr,0,0,0,0,0,0,0,-,-,NaN,0,0,0,Total,8013,3882,2696,0,0,6460,1553,"12,07","869 943,02","73,14",2822,0,15613
Data,Ocup,Opção,Cheg,Oferta/Uso Interno,Deduz. Individ.,Deduz. Grupos,% Ocup.,Receita Quartos,Preço Médio,Saídas,Quartos FdS,Adul. / Cri.,abril,Previsão,15-abr-2027 qui,0,0,0,0,0,0,0,-,-,NaN,0,0,0,0,0,0,0,0,0,0,-,-,NaN,0,0,0,Total abr,0,0,0,0,0,0,0,-,-,NaN,0,0,0,Total,8013,3882,2696,0,0,6460,1553,"12,07","869 943,02","73,14",2822,0,15613
Data,Ocup,Opção,Cheg,Oferta/Uso Interno,Deduz. Individ.,Deduz. Grupos,% Ocup.,Receita Quartos,Preço Médio,Saídas,Quartos FdS,Adul. / Cri.,abril,Previsão,16-abr-2027 sex,0,0,0,0,0,0,0,-,-,NaN,0,0,0,0,0,0,0,0,0,0,-,-,NaN,0,0,0,Total abr,0,0,0,0,0,0,0,-,-,NaN,0,0,0,Total,8013,3882,2696,0,0,6460,1553,"12,07","869 943,02","73,14",2822,0,15613
Data,Ocup,Opção,Cheg,Oferta/Uso Interno,Deduz. Individ.,Deduz. Grupos,% Ocup.,Receita Quartos,Preço Médio,Saídas,Quartos FdS,Adul. / Cri.,abril,Previsão,17-abr-2027 sáb,0,0,0,0,0,0,0,-,-,NaN,0,0,0,0,0,0,0,0,0,0,-,-,NaN,0,0,0,Total abr,0,0,0,0,0,0,0,-,-,NaN,0,0,0,Total,8013,3882,2696,0,0,6460,1553,"12,07","869 943,02","73,14",2822,0,15613
Data,Ocup,Opção,Cheg,Oferta/Uso Interno,Deduz. Individ.,Deduz. Grupos,% Ocup.,Receita Quartos,Preço Médio,Saídas,Quartos FdS,Adul. / Cri.,abril,Previsão,18-abr-2027 dom,0,0,0,0,0,0,0,-,-,NaN,0,0,0,0,0,0,0,0,0,0,-,-,NaN,0,0,0,Total abr,0,0,0,0,0,0,0,-,-,NaN,0,0,0,Total,8013,3882,2696,0,0,6460,1553,"12,07","869 943,02","73,14",2822,0,15613
Data,Ocup,Opção,Cheg,Oferta/Uso Interno,Deduz. Individ.,Deduz. Grupos,% Ocup.,Receita Quartos,Preço Médio,Saídas,Quartos FdS,Adul. / Cri.,abril,Previsão,19-abr-2027 seg,0,0,0,0,0,0,0,-,-,NaN,0,0,0,0,0,0,0,0,0,0,-,-,NaN,0,0,0,Total abr,0,0,0,0,0,0,0,-,-,NaN,0,0,0,Total,8013,3882,2696,0,0,6460,1553,"12,07","869 943,02","73,14",2822,0,15613
Data,Ocup,Opção,Cheg,Oferta/Uso Interno,Deduz. Individ.,Deduz. Grupos,% Ocup.,Receita Quartos,Preço Médio,Saídas,Quartos FdS,Adul. / Cri.,abril,Previsão,20-abr-2027 ter,0,0,0,0,0,0,0,-,-,NaN,0,0,0,0,0,0,0,0,0,0,-,-,NaN,0,0,0,Total abr,0,0,0,0,0,0,0,-,-,NaN,0,0,0,Total,8013,3882,2696,0,0,6460,1553,"12,07","869 943,02","73,14",2822,0,15613
Data,Ocup,Opção,Cheg,Oferta/Uso Interno,Deduz. Individ.,Deduz. Grupos,% Ocup.,Receita Quartos,Preço Médio,Saídas,Quartos FdS,Adul. / Cri.,abril,Previsão,21-abr-2027 qua,0,0,0,0,0,0,0,-,-,NaN,0,0,0,0,0,0,0,0,0,0,-,-,NaN,0,0,0,Total abr,0,0,0,0,0,0,0,-,-,NaN,0,0,0,Total,8013,3882,2696,0,0,6460,1553,"12,07","869 943,02","73,14",2822,0,15613
Data,Ocup,Opção,Cheg,Oferta/Uso Interno,Deduz. Individ.,Deduz. Grupos,% Ocup.,Receita Quartos,Preço Médio,Saídas,Quartos FdS,Adul. / Cri.,abril,Previsão,22-abr-2027 qui,0,0,0,0,0,0,0,-,-,NaN,0,0,0,0,0,0,0,0,0,0,-,-,NaN,0,0,0,Total abr,0,0,0,0,0,0,0,-,-,NaN,0,0,0,Total,8013,3882,2696,0,0,6460,1553,"12,07","869 943,02","73,14",2822,0,15613
Data,Ocup,Opção,Cheg,Oferta/Uso Interno,Deduz. Individ.,Deduz. Grupos,% Ocup.,Receita Quartos,Preço Médio,Saídas,Quartos FdS,Adul. / Cri.,abril,Previsão,23-abr-2027 sex,0,0,0,0,0,0,0,-,-,NaN,0,0,0,0,0,0,0,0,0,0,-,-,NaN,0,0,0,Total abr,0,0,0,0,0,0,0,-,-,NaN,0,0,0,Total,8013,3882,2696,0,0,6460,1553,"12,07","869 943,02","73,14",2822,0,15613
Data,Ocup,Opção,Cheg,Oferta/Uso Interno,Deduz. Individ.,Deduz. Grupos,% Ocup.,Receita Quartos,Preço Médio,Saídas,Quartos FdS,Adul. / Cri.,abril,Previsão,24-abr-2027 sáb,0,0,0,0,0,0,0,-,-,NaN,0,0,0,0,0,0,0,0,0,0,-,-,NaN,0,0,0,Total abr,0,0,0,0,0,0,0,-,-,NaN,0,0,0,Total,8013,3882,2696,0,0,6460,1553,"12,07","869 943,02","73,14",2822,0,15613
Data,Ocup,Opção,Cheg,Oferta/Uso Interno,Deduz. Individ.,Deduz. Grupos,% Ocup.,Receita Quartos,Preço Médio,Saídas,Quartos FdS,Adul. / Cri.,abril,Previsão,25-abr-2027 dom,0,0,0,0,0,0,0,-,-,NaN,0,0,0,0,0,0,0,0,0,0,-,-,NaN,0,0,0,Total abr,0,0,0,0,0,0,0,-,-,NaN,0,0,0,Total,8013,3882,2696,0,0,6460,1553,"12,07","869 943,02","73,14",2822,0,15613
Data,Ocup,Opção,Cheg,Oferta/Uso Interno,Deduz. Individ.,Deduz. Grupos,% Ocup.,Receita Quartos,Preço Médio,Saídas,Quartos FdS,Adul. / Cri.,abril,Previsão,26-abr-2027 seg,0,0,0,0,0,0,0,-,-,NaN,0,0,0,0,0,0,0,0,0,0,-,-,NaN,0,0,0,Total abr,0,0,0,0,0,0,0,-,-,NaN,0,0,0,Total,8013,3882,2696,0,0,6460,1553,"12,07","869 943,02","73,14",2822,0,15613
Data,Ocup,Opção,Cheg,Oferta/Uso Interno,Deduz. Individ.,Deduz. Grupos,% Ocup.,Receita Quartos,Preço Médio,Saídas,Quartos FdS,Adul. / Cri.,abril,Previsão,27-abr-2027 ter,0,0,0,0,0,0,0,-,-,NaN,0,0,0,0,0,0,0,0,0,0,-,-,NaN,0,0,0,Total abr,0,0,0,0,0,0,0,-,-,NaN,0,0,0,Total,8013,3882,2696,0,0,6460,1553,"12,07","869 943,02","73,14",2822,0,15613
Data,Ocup,Opção,Cheg,Oferta/Uso Interno,Deduz. Individ.,Deduz. Grupos,% Ocup.,Receita Quartos,Preço Médio,Saídas,Quartos FdS,Adul. / Cri.,abril,Previsão,28-abr-2027 qua,0,0,0,0,0,0,0,-,-,NaN,0,0,0,0,0,0,0,0,0,0,-,-,NaN,0,0,0,Total abr,0,0,0,0,0,0,0,-,-,NaN,0,0,0,Total,8013,3882,2696,0,0,6460,1553,"12,07","869 943,02","73,14",2822,0,15613
Data,Ocup,Opção,Cheg,Oferta/Uso Interno,Deduz. Individ.,Deduz. Grupos,% Ocup.,Receita Quartos,Preço Médio,Saídas,Quartos FdS,Adul. / Cri.,abril,Previsão,29-abr-2027 qui,0,0,0,0,0,0,0,-,-,NaN,0,0,0,0,0,0,0,0,0,0,-,-,NaN,0,0,0,Total abr,0,0,0,0,0,0,0,-,-,NaN,0,0,0,Total,8013,3882,2696,0,0,6460,1553,"12,07","869 943,02","73,14",2822,0,15613
Data,Ocup,Opção,Cheg,Oferta/Uso Interno,Deduz. Individ.,Deduz. Grupos,% Ocup.,Receita Quartos,Preço Médio,Saídas,Quartos FdS,Adul. / Cri.,abril,Previsão,30-abr-2027 sex,0,0,0,0,0,0,0,-,-,NaN,0,0,0,0,0,0,0,0,0,0,-,-,NaN,0,0,0,Total abr,0,0,0,0,0,0,0,-,-,NaN,0,0,0,Total,8013,3882,2696,0,0,6460,1553,"12,07","869 943,02","73,14",2822,0,15613
Data,Ocup,Opção,Cheg,Oferta/Uso Interno,Deduz. Individ.,Deduz. Grupos,% Ocup.,Receita Quartos,Preço Médio,Saídas,Quartos FdS,Adul. / Cri.,maio,Previsão,01-mai-2027 sáb,0,0,0,0,0,0,0,-,-,NaN,0,0,0,0,0,0,0,0,0,0,-,-,NaN,0,0,0,Total mai,0,0,0,0,0,0,0,-,-,NaN,0,0,0,Total,8013,3882,2696,0,0,6460,1553,"12,07","869 943,02","73,14",2822,0,15613
Data,Ocup,Opção,Cheg,Oferta/Uso Interno,Deduz. Individ.,Deduz. Grupos,% Ocup.,Receita Quartos,Preço Médio,Saídas,Quartos FdS,Adul. / Cri.,maio,Previsão,02-mai-2027 dom,0,0,0,0,0,0,0,-,-,NaN,0,0,0,0,0,0,0,0,0,0,-,-,NaN,0,0,0,Total mai,0,0,0,0,0,0,0,-,-,NaN,0,0,0,Total,8013,3882,2696,0,0,6460,1553,"12,07","869 943,02","73,14",2822,0,15613
Data,Ocup,Opção,Cheg,Oferta/Uso Interno,Deduz. Individ.,Deduz. Grupos,% Ocup.,Receita Quartos,Preço Médio,Saídas,Quartos FdS,Adul. / Cri.,maio,Previsão,03-mai-2027 seg,0,0,0,0,0,0,0,-,-,NaN,0,0,0,0,0,0,0,0,0,0,-,-,NaN,0,0,0,Total mai,0,0,0,0,0,0,0,-,-,NaN,0,0,0,Total,8013,3882,2696,0,0,6460,1553,"12,07","869 943,02","73,14",2822,0,15613
Data,Ocup,Opção,Cheg,Oferta/Uso Interno,Deduz. Individ.,Deduz. Grupos,% Ocup.,Receita Quartos,Preço Médio,Saídas,Quartos FdS,Adul. / Cri.,maio,Previsão,04-mai-2027 ter,0,0,0,0,0,0,0,-,-,NaN,0,0,0,0,0,0,0,0,0,0,-,-,NaN,0,0,0,Total mai,0,0,0,0,0,0,0,-,-,NaN,0,0,0,Total,8013,3882,2696,0,0,6460,1553,"12,07","869 943,02","73,14",2822,0,15613
Data,Ocup,Opção,Cheg,Oferta/Uso Interno,Deduz. Individ.,Deduz. Grupos,% Ocup.,Receita Quartos,Preço Médio,Saídas,Quartos FdS,Adul. / Cri.,maio,Previsão,05-mai-2027 qua,0,0,0,0,0,0,0,-,-,NaN,0,0,0,0,0,0,0,0,0,0,-,-,NaN,0,0,0,Total mai,0,0,0,0,0,0,0,-,-,NaN,0,0,0,Total,8013,3882,2696,0,0,6460,1553,"12,07","869 943,02","73,14",2822,0,15613
Data,Ocup,Opção,Cheg,Oferta/Uso Interno,Deduz. Individ.,Deduz. Grupos,% Ocup.,Receita Quartos,Preço Médio,Saídas,Quartos FdS,Adul. / Cri.,maio,Previsão,06-mai-2027 qui,0,0,0,0,0,0,0,-,-,NaN,0,0,0,0,0,0,0,0,0,0,-,-,NaN,0,0,0,Total mai,0,0,0,0,0,0,0,-,-,NaN,0,0,0,Total,8013,3882,2696,0,0,6460,1553,"12,07","869 943,02","73,14",2822,0,15613
Data,Ocup,Opção,Cheg,Oferta/Uso Interno,Deduz. Individ.,Deduz. Grupos,% Ocup.,Receita Quartos,Preço Médio,Saídas,Quartos FdS,Adul. / Cri.,maio,Previsão,07-mai-2027 sex,0,0,0,0,0,0,0,-,-,NaN,0,0,0,0,0,0,0,0,0,0,-,-,NaN,0,0,0,Total mai,0,0,0,0,0,0,0,-,-,NaN,0,0,0,Total,8013,3882,2696,0,0,6460,1553,"12,07","869 943,02","73,14",2822,0,15613
Data,Ocup,Opção,Cheg,Oferta/Uso Interno,Deduz. Individ.,Deduz. Grupos,% Ocup.,Receita Quartos,Preço Médio,Saídas,Quartos FdS,Adul. / Cri.,maio,Previsão,08-mai-2027 sáb,0,0,0,0,0,0,0,-,-,NaN,0,0,0,0,0,0,0,0,0,0,-,-,NaN,0,0,0,Total mai,0,0,0,0,0,0,0,-,-,NaN,0,0,0,Total,8013,3882,2696,0,0,6460,1553,"12,07","869 943,02","73,14",2822,0,15613
Data,Ocup,Opção,Cheg,Oferta/Uso Interno,Deduz. Individ.,Deduz. Grupos,% Ocup.,Receita Quartos,Preço Médio,Saídas,Quartos FdS,Adul. / Cri.,maio,Previsão,09-mai-2027 dom,0,0,0,0,0,0,0,-,-,NaN,0,0,0,0,0,0,0,0,0,0,-,-,NaN,0,0,0,Total mai,0,0,0,0,0,0,0,-,-,NaN,0,0,0,Total,8013,3882,2696,0,0,6460,1553,"12,07","869 943,02","73,14",2822,0,15613
Data,Ocup,Opção,Cheg,Oferta/Uso Interno,Deduz. Individ.,Deduz. Grupos,% Ocup.,Receita Quartos,Preço Médio,Saídas,Quartos FdS,Adul. / Cri.,maio,Previsão,10-mai-2027 seg,0,0,0,0,0,0,0,-,-,NaN,0,0,0,0,0,0,0,0,0,0,-,-,NaN,0,0,0,Total mai,0,0,0,0,0,0,0,-,-,NaN,0,0,0,Total,8013,3882,2696,0,0,6460,1553,"12,07","869 943,02","73,14",2822,0,15613
Data,Ocup,Opção,Cheg,Oferta/Uso Interno,Deduz. Individ.,Deduz. Grupos,% Ocup.,Receita Quartos,Preço Médio,Saídas,Quartos FdS,Adul. / Cri.,maio,Previsão,11-mai-2027 ter,0,0,0,0,0,0,0,-,-,NaN,0,0,0,0,0,0,0,0,0,0,-,-,NaN,0,0,0,Total mai,0,0,0,0,0,0,0,-,-,NaN,0,0,0,Total,8013,3882,2696,0,0,6460,1553,"12,07","869 943,02","73,14",2822,0,15613
Data,Ocup,Opção,Cheg,Oferta/Uso Interno,Deduz. Individ.,Deduz. Grupos,% Ocup.,Receita Quartos,Preço Médio,Saídas,Quartos FdS,Adul. / Cri.,maio,Previsão,12-mai-2027 qua,0,0,0,0,0,0,0,-,-,NaN,0,0,0,0,0,0,0,0,0,0,-,-,NaN,0,0,0,Total mai,0,0,0,0,0,0,0,-,-,NaN,0,0,0,Total,8013,3882,2696,0,0,6460,1553,"12,07","869 943,02","73,14",2822,0,15613
Data,Ocup,Opção,Cheg,Oferta/Uso Interno,Deduz. Individ.,Deduz. Grupos,% Ocup.,Receita Quartos,Preço Médio,Saídas,Quartos FdS,Adul. / Cri.,maio,Previsão,13-mai-2027 qui,0,0,0,0,0,0,0,-,-,NaN,0,0,0,0,0,0,0,0,0,0,-,-,NaN,0,0,0,Total mai,0,0,0,0,0,0,0,-,-,NaN,0,0,0,Total,8013,3882,2696,0,0,6460,1553,"12,07","869 943,02","73,14",2822,0,15613
Data,Ocup,Opção,Cheg,Oferta/Uso Interno,Deduz. Individ.,Deduz. Grupos,% Ocup.,Receita Quartos,Preço Médio,Saídas,Quartos FdS,Adul. / Cri.,maio,Previsão,14-mai-2027 sex,0,0,0,0,0,0,0,-,-,NaN,0,0,0,0,0,0,0,0,0,0,-,-,NaN,0,0,0,Total mai,0,0,0,0,0,0,0,-,-,NaN,0,0,0,Total,8013,3882,2696,0,0,6460,1553,"12,07","869 943,02","73,14",2822,0,15613
Data,Ocup,Opção,Cheg,Oferta/Uso Interno,Deduz. Individ.,Deduz. Grupos,% Ocup.,Receita Quartos,Preço Médio,Saídas,Quartos FdS,Adul. / Cri.,maio,Previsão,15-mai-2027 sáb,0,0,0,0,0,0,0,-,-,NaN,0,0,0,0,0,0,0,0,0,0,-,-,NaN,0,0,0,Total mai,0,0,0,0,0,0,0,-,-,NaN,0,0,0,Total,8013,3882,2696,0,0,6460,1553,"12,07","869 943,02","73,14",2822,0,15613
Data,Ocup,Opção,Cheg,Oferta/Uso Interno,Deduz. Individ.,Deduz. Grupos,% Ocup.,Receita Quartos,Preço Médio,Saídas,Quartos FdS,Adul. / Cri.,maio,Previsão,16-mai-2027 dom,0,0,0,0,0,0,0,-,-,NaN,0,0,0,0,0,0,0,0,0,0,-,-,NaN,0,0,0,Total mai,0,0,0,0,0,0,0,-,-,NaN,0,0,0,Total,8013,3882,2696,0,0,6460,1553,"12,07","869 943,02","73,14",2822,0,15613
Data,Ocup,Opção,Cheg,Oferta/Uso Interno,Deduz. Individ.,Deduz. Grupos,% Ocup.,Receita Quartos,Preço Médio,Saídas,Quartos FdS,Adul. / Cri.,maio,Previsão,17-mai-2027 seg,0,0,0,0,0,0,0,-,-,NaN,0,0,0,0,0,0,0,0,0,0,-,-,NaN,0,0,0,Total mai,0,0,0,0,0,0,0,-,-,NaN,0,0,0,Total,8013,3882,2696,0,0,6460,1553,"12,07","869 943,02","73,14",2822,0,15613
Data,Ocup,Opção,Cheg,Oferta/Uso Interno,Deduz. Individ.,Deduz. Grupos,% Ocup.,Receita Quartos,Preço Médio,Saídas,Quartos FdS,Adul. / Cri.,maio,Previsão,18-mai-2027 ter,0,0,0,0,0,0,0,-,-,NaN,0,0,0,0,0,0,0,0,0,0,-,-,NaN,0,0,0,Total mai,0,0,0,0,0,0,0,-,-,NaN,0,0,0,Total,8013,3882,2696,0,0,6460,1553,"12,07","869 943,02","73,14",2822,0,15613
Data,Ocup,Opção,Cheg,Oferta/Uso Interno,Deduz. Individ.,Deduz. Grupos,% Ocup.,Receita Quartos,Preço Médio,Saídas,Quartos FdS,Adul. / Cri.,maio,Previsão,19-mai-2027 qua,0,0,0,0,0,0,0,-,-,NaN,0,0,0,0,0,0,0,0,0,0,-,-,NaN,0,0,0,Total mai,0,0,0,0,0,0,0,-,-,NaN,0,0,0,Total,8013,3882,2696,0,0,6460,1553,"12,07","869 943,02","73,14",2822,0,15613
Data,Ocup,Opção,Cheg,Oferta/Uso Interno,Deduz. Individ.,Deduz. Grupos,% Ocup.,Receita Quartos,Preço Médio,Saídas,Quartos FdS,Adul. / Cri.,maio,Previsão,20-mai-2027 qui,0,0,0,0,0,0,0,-,-,NaN,0,0,0,0,0,0,0,0,0,0,-,-,NaN,0,0,0,Total mai,0,0,0,0,0,0,0,-,-,NaN,0,0,0,Total,8013,3882,2696,0,0,6460,1553,"12,07","869 943,02","73,14",2822,0,15613
Data,Ocup,Opção,Cheg,Oferta/Uso Interno,Deduz. Individ.,Deduz. Grupos,% Ocup.,Receita Quartos,Preço Médio,Saídas,Quartos FdS,Adul. / Cri.,maio,Previsão,21-mai-2027 sex,0,0,0,0,0,0,0,-,-,NaN,0,0,0,0,0,0,0,0,0,0,-,-,NaN,0,0,0,Total mai,0,0,0,0,0,0,0,-,-,NaN,0,0,0,Total,8013,3882,2696,0,0,6460,1553,"12,07","869 943,02","73,14",2822,0,15613
Data,Ocup,Opção,Cheg,Oferta/Uso Interno,Deduz. Individ.,Deduz. Grupos,% Ocup.,Receita Quartos,Preço Médio,Saídas,Quartos FdS,Adul. / Cri.,maio,Previsão,22-mai-2027 sáb,0,0,0,0,0,0,0,-,-,NaN,0,0,0,0,0,0,0,0,0,0,-,-,NaN,0,0,0,Total mai,0,0,0,0,0,0,0,-,-,NaN,0,0,0,Total,8013,3882,2696,0,0,6460,1553,"12,07","869 943,02","73,14",2822,0,15613
Data,Ocup,Opção,Cheg,Oferta/Uso Interno,Deduz. Individ.,Deduz. Grupos,% Ocup.,Receita Quartos,Preço Médio,Saídas,Quartos FdS,Adul. / Cri.,maio,Previsão,23-mai-2027 dom,0,0,0,0,0,0,0,-,-,NaN,0,0,0,0,0,0,0,0,0,0,-,-,NaN,0,0,0,Total mai,0,0,0,0,0,0,0,-,-,NaN,0,0,0,Total,8013,3882,2696,0,0,6460,1553,"12,07","869 943,02","73,14",2822,0,15613
Data,Ocup,Opção,Cheg,Oferta/Uso Interno,Deduz. Individ.,Deduz. Grupos,% Ocup.,Receita Quartos,Preço Médio,Saídas,Quartos FdS,Adul. / Cri.,maio,Previsão,24-mai-2027 seg,0,0,0,0,0,0,0,-,-,NaN,0,0,0,0,0,0,0,0,0,0,-,-,NaN,0,0,0,Total mai,0,0,0,0,0,0,0,-,-,NaN,0,0,0,Total,8013,3882,2696,0,0,6460,1553,"12,07","869 943,02","73,14",2822,0,15613
Data,Ocup,Opção,Cheg,Oferta/Uso Interno,Deduz. Individ.,Deduz. Grupos,% Ocup.,Receita Quartos,Preço Médio,Saídas,Quartos FdS,Adul. / Cri.,maio,Previsão,25-mai-2027 ter,0,0,0,0,0,0,0,-,-,NaN,0,0,0,0,0,0,0,0,0,0,-,-,NaN,0,0,0,Total mai,0,0,0,0,0,0,0,-,-,NaN,0,0,0,Total,8013,3882,2696,0,0,6460,1553,"12,07","869 943,02","73,14",2822,0,15613
Data,Ocup,Opção,Cheg,Oferta/Uso Interno,Deduz. Individ.,Deduz. Grupos,% Ocup.,Receita Quartos,Preço Médio,Saídas,Quartos FdS,Adul. / Cri.,maio,Previsão,26-mai-2027 qua,0,0,0,0,0,0,0,-,-,NaN,0,0,0,0,0,0,0,0,0,0,-,-,NaN,0,0,0,Total mai,0,0,0,0,0,0,0,-,-,NaN,0,0,0,Total,8013,3882,2696,0,0,6460,1553,"12,07","869 943,02","73,14",2822,0,15613
Data,Ocup,Opção,Cheg,Oferta/Uso Interno,Deduz. Individ.,Deduz. Grupos,% Ocup.,Receita Quartos,Preço Médio,Saídas,Quartos FdS,Adul. / Cri.,maio,Previsão,27-mai-2027 qui,0,0,0,0,0,0,0,-,-,NaN,0,0,0,0,0,0,0,0,0,0,-,-,NaN,0,0,0,Total mai,0,0,0,0,0,0,0,-,-,NaN,0,0,0,Total,8013,3882,2696,0,0,6460,1553,"12,07","869 943,02","73,14",2822,0,15613
Data,Ocup,Opção,Cheg,Oferta/Uso Interno,Deduz. Individ.,Deduz. Grupos,% Ocup.,Receita Quartos,Preço Médio,Saídas,Quartos FdS,Adul. / Cri.,maio,Previsão,28-mai-2027 sex,0,0,0,0,0,0,0,-,-,NaN,0,0,0,0,0,0,0,0,0,0,-,-,NaN,0,0,0,Total mai,0,0,0,0,0,0,0,-,-,NaN,0,0,0,Total,8013,3882,2696,0,0,6460,1553,"12,07","869 943,02","73,14",2822,0,15613
Data,Ocup,Opção,Cheg,Oferta/Uso Interno,Deduz. Individ.,Deduz. Grupos,% Ocup.,Receita Quartos,Preço Médio,Saídas,Quartos FdS,Adul. / Cri.,maio,Previsão,29-mai-2027 sáb,0,0,0,0,0,0,0,-,-,NaN,0,0,0,0,0,0,0,0,0,0,-,-,NaN,0,0,0,Total mai,0,0,0,0,0,0,0,-,-,NaN,0,0,0,Total,8013,3882,2696,0,0,6460,1553,"12,07","869 943,02","73,14",2822,0,15613
Data,Ocup,Opção,Cheg,Oferta/Uso Interno,Deduz. Individ.,Deduz. Grupos,% Ocup.,Receita Quartos,Preço Médio,Saídas,Quartos FdS,Adul. / Cri.,maio,Previsão,30-mai-2027 dom,0,0,0,0,0,0,0,-,-,NaN,0,0,0,0,0,0,0,0,0,0,-,-,NaN,0,0,0,Total mai,0,0,0,0,0,0,0,-,-,NaN,0,0,0,Total,8013,3882,2696,0,0,6460,1553,"12,07","869 943,02","73,14",2822,0,15613
Data,Ocup,Opção,Cheg,Oferta/Uso Interno,Deduz. Individ.,Deduz. Grupos,% Ocup.,Receita Quartos,Preço Médio,Saídas,Quartos FdS,Adul. / Cri.,maio,Previsão,31-mai-2027 seg,0,0,0,0,0,0,0,-,-,NaN,0,0,0,0,0,0,0,0,0,0,-,-,NaN,0,0,0,Total mai,0,0,0,0,0,0,0,-,-,NaN,0,0,0,Total,8013,3882,2696,0,0,6460,1553,"12,07","869 943,02","73,14",2822,0,15613
Data,Ocup,Opção,Cheg,Oferta/Uso Interno,Deduz. Individ.,Deduz. Grupos,% Ocup.,Receita Quartos,Preço Médio,Saídas,Quartos FdS,Adul. / Cri.,junho,Previsão,01-jun-2027 ter,0,0,0,0,0,0,0,-,-,NaN,0,0,0,0,45,0,0,0,0,0,"1,11",-,-,0,0,0,Total jun,0,45,0,0,0,0,0,"1,11",-,-,0,0,0,Total,8013,3882,2696,0,0,6460,1553,"12,07","869 943,02","73,14",2822,0,15613
Data,Ocup,Opção,Cheg,Oferta/Uso Interno,Deduz. Individ.,Deduz. Grupos,% Ocup.,Receita Quartos,Preço Médio,Saídas,Quartos FdS,Adul. / Cri.,junho,Previsão,02-jun-2027 qua,0,0,0,0,0,0,0,-,-,NaN,0,0,0,0,45,0,0,0,0,0,"1,11",-,-,0,0,0,Total jun,0,45,0,0,0,0,0,"1,11",-,-,0,0,0,Total,8013,3882,2696,0,0,6460,1553,"12,07","869 943,02","73,14",2822,0,15613
Data,Ocup,Opção,Cheg,Oferta/Uso Interno,Deduz. Individ.,Deduz. Grupos,% Ocup.,Receita Quartos,Preço Médio,Saídas,Quartos FdS,Adul. / Cri.,junho,Previsão,03-jun-2027 qui,0,0,0,0,0,0,0,-,-,NaN,0,0,0,0,45,0,0,0,0,0,"1,11",-,-,0,0,0,Total jun,0,45,0,0,0,0,0,"1,11",-,-,0,0,0,Total,8013,3882,2696,0,0,6460,1553,"12,07","869 943,02","73,14",2822,0,15613
Data,Ocup,Opção,Cheg,Oferta/Uso Interno,Deduz. Individ.,Deduz. Grupos,% Ocup.,Receita Quartos,Preço Médio,Saídas,Quartos FdS,Adul. / Cri.,junho,Previsão,04-jun-2027 sex,0,0,0,0,0,0,0,-,-,NaN,0,0,0,0,45,0,0,0,0,0,"1,11",-,-,0,0,0,Total jun,0,45,0,0,0,0,0,"1,11",-,-,0,0,0,Total,8013,3882,2696,0,0,6460,1553,"12,07","869 943,02","73,14",2822,0,15613
Data,Ocup,Opção,Cheg,Oferta/Uso Interno,Deduz. Individ.,Deduz. Grupos,% Ocup.,Receita Quartos,Preço Médio,Saídas,Quartos FdS,Adul. / Cri.,junho,Previsão,05-jun-2027 sáb,0,0,0,0,0,0,0,-,-,NaN,0,0,0,0,45,0,0,0,0,0,"1,11",-,-,0,0,0,Total jun,0,45,0,0,0,0,0,"1,11",-,-,0,0,0,Total,8013,3882,2696,0,0,6460,1553,"12,07","869 943,02","73,14",2822,0,15613
Data,Ocup,Opção,Cheg,Oferta/Uso Interno,Deduz. Individ.,Deduz. Grupos,% Ocup.,Receita Quartos,Preço Médio,Saídas,Quartos FdS,Adul. / Cri.,junho,Previsão,06-jun-2027 dom,0,0,0,0,0,0,0,-,-,NaN,0,0,0,0,45,0,0,0,0,0,"1,11",-,-,0,0,0,Total jun,0,45,0,0,0,0,0,"1,11",-,-,0,0,0,Total,8013,3882,2696,0,0,6460,1553,"12,07","869 943,02","73,14",2822,0,15613
Data,Ocup,Opção,Cheg,Oferta/Uso Interno,Deduz. Individ.,Deduz. Grupos,% Ocup.,Receita Quartos,Preço Médio,Saídas,Quartos FdS,Adul. / Cri.,junho,Previsão,07-jun-2027 seg,0,0,0,0,0,0,0,-,-,NaN,0,0,0,0,45,0,0,0,0,0,"1,11",-,-,0,0,0,Total jun,0,45,0,0,0,0,0,"1,11",-,-,0,0,0,Total,8013,3882,2696,0,0,6460,1553,"12,07","869 943,02","73,14",2822,0,15613
Data,Ocup,Opção,Cheg,Oferta/Uso Interno,Deduz. Individ.,Deduz. Grupos,% Ocup.,Receita Quartos,Preço Médio,Saídas,Quartos FdS,Adul. / Cri.,junho,Previsão,08-jun-2027 ter,0,0,0,0,0,0,0,-,-,NaN,0,0,0,0,45,0,0,0,0,0,"1,11",-,-,0,0,0,Total jun,0,45,0,0,0,0,0,"1,11",-,-,0,0,0,Total,8013,3882,2696,0,0,6460,1553,"12,07","869 943,02","73,14",2822,0,15613
Data,Ocup,Opção,Cheg,Oferta/Uso Interno,Deduz. Individ.,Deduz. Grupos,% Ocup.,Receita Quartos,Preço Médio,Saídas,Quartos FdS,Adul. / Cri.,junho,Previsão,09-jun-2027 qua,0,0,0,0,0,0,0,-,-,NaN,0,0,0,0,45,0,0,0,0,0,"1,11",-,-,0,0,0,Total jun,0,45,0,0,0,0,0,"1,11",-,-,0,0,0,Total,8013,3882,2696,0,0,6460,1553,"12,07","869 943,02","73,14",2822,0,15613
Data,Ocup,Opção,Cheg,Oferta/Uso Interno,Deduz. Individ.,Deduz. Grupos,% Ocup.,Receita Quartos,Preço Médio,Saídas,Quartos FdS,Adul. / Cri.,junho,Previsão,10-jun-2027 qui,0,0,0,0,0,0,0,-,-,NaN,0,0,0,0,45,0,0,0,0,0,"1,11",-,-,0,0,0,Total jun,0,45,0,0,0,0,0,"1,11",-,-,0,0,0,Total,8013,3882,2696,0,0,6460,1553,"12,07","869 943,02","73,14",2822,0,15613
Data,Ocup,Opção,Cheg,Oferta/Uso Interno,Deduz. Individ.,Deduz. Grupos,% Ocup.,Receita Quartos,Preço Médio,Saídas,Quartos FdS,Adul. / Cri.,junho,Previsão,11-jun-2027 sex,0,0,0,0,0,0,0,-,-,NaN,0,0,0,0,45,0,0,0,0,0,"1,11",-,-,0,0,0,Total jun,0,45,0,0,0,0,0,"1,11",-,-,0,0,0,Total,8013,3882,2696,0,0,6460,1553,"12,07","869 943,02","73,14",2822,0,15613
Data,Ocup,Opção,Cheg,Oferta/Uso Interno,Deduz. Individ.,Deduz. Grupos,% Ocup.,Receita Quartos,Preço Médio,Saídas,Quartos FdS,Adul. / Cri.,junho,Previsão,12-jun-2027 sáb,0,0,0,0,0,0,0,-,-,NaN,0,0,0,0,45,0,0,0,0,0,"1,11",-,-,0,0,0,Total jun,0,45,0,0,0,0,0,"1,11",-,-,0,0,0,Total,8013,3882,2696,0,0,6460,1553,"12,07","869 943,02","73,14",2822,0,15613
Data,Ocup,Opção,Cheg,Oferta/Uso Interno,Deduz. Individ.,Deduz. Grupos,% Ocup.,Receita Quartos,Preço Médio,Saídas,Quartos FdS,Adul. / Cri.,junho,Previsão,13-jun-2027 dom,0,0,0,0,0,0,0,-,-,NaN,0,0,0,0,45,0,0,0,0,0,"1,11",-,-,0,0,0,Total jun,0,45,0,0,0,0,0,"1,11",-,-,0,0,0,Total,8013,3882,2696,0,0,6460,1553,"12,07","869 943,02","73,14",2822,0,15613
Data,Ocup,Opção,Cheg,Oferta/Uso Interno,Deduz. Individ.,Deduz. Grupos,% Ocup.,Receita Quartos,Preço Médio,Saídas,Quartos FdS,Adul. / Cri.,junho,Previsão,14-jun-2027 seg,0,0,0,0,0,0,0,-,-,NaN,0,0,0,0,45,0,0,0,0,0,"1,11",-,-,0,0,0,Total jun,0,45,0,0,0,0,0,"1,11",-,-,0,0,0,Total,8013,3882,2696,0,0,6460,1553,"12,07","869 943,02","73,14",2822,0,15613
Data,Ocup,Opção,Cheg,Oferta/Uso Interno,Deduz. Individ.,Deduz. Grupos,% Ocup.,Receita Quartos,Preço Médio,Saídas,Quartos FdS,Adul. / Cri.,junho,Previsão,15-jun-2027 ter,0,0,0,0,0,0,0,-,-,NaN,0,0,0,0,45,0,0,0,0,0,"1,11",-,-,0,0,0,Total jun,0,45,0,0,0,0,0,"1,11",-,-,0,0,0,Total,8013,3882,2696,0,0,6460,1553,"12,07","869 943,02","73,14",2822,0,15613
Data,Ocup,Opção,Cheg,Oferta/Uso Interno,Deduz. Individ.,Deduz. Grupos,% Ocup.,Receita Quartos,Preço Médio,Saídas,Quartos FdS,Adul. / Cri.,junho,Previsão,16-jun-2027 qua,0,0,0,0,0,0,0,-,-,NaN,0,0,0,0,45,0,0,0,0,0,"1,11",-,-,0,0,0,Total jun,0,45,0,0,0,0,0,"1,11",-,-,0,0,0,Total,8013,3882,2696,0,0,6460,1553,"12,07","869 943,02","73,14",2822,0,15613
Data,Ocup,Opção,Cheg,Oferta/Uso Interno,Deduz. Individ.,Deduz. Grupos,% Ocup.,Receita Quartos,Preço Médio,Saídas,Quartos FdS,Adul. / Cri.,junho,Previsão,17-jun-2027 qui,0,0,0,0,0,0,0,-,-,NaN,0,0,0,0,45,0,0,0,0,0,"1,11",-,-,0,0,0,Total jun,0,45,0,0,0,0,0,"1,11",-,-,0,0,0,Total,8013,3882,2696,0,0,6460,1553,"12,07","869 943,02","73,14",2822,0,15613
Data,Ocup,Opção,Cheg,Oferta/Uso Interno,Deduz. Individ.,Deduz. Grupos,% Ocup.,Receita Quartos,Preço Médio,Saídas,Quartos FdS,Adul. / Cri.,junho,Previsão,18-jun-2027 sex,0,0,0,0,0,0,0,-,-,NaN,0,0,0,0,45,0,0,0,0,0,"1,11",-,-,0,0,0,Total jun,0,45,0,0,0,0,0,"1,11",-,-,0,0,0,Total,8013,3882,2696,0,0,6460,1553,"12,07","869 943,02","73,14",2822,0,15613
Data,Ocup,Opção,Cheg,Oferta/Uso Interno,Deduz. Individ.,Deduz. Grupos,% Ocup.,Receita Quartos,Preço Médio,Saídas,Quartos FdS,Adul. / Cri.,junho,Previsão,19-jun-2027 sáb,0,0,0,0,0,0,0,-,-,NaN,0,0,0,0,45,0,0,0,0,0,"1,11",-,-,0,0,0,Total jun,0,45,0,0,0,0,0,"1,11",-,-,0,0,0,Total,8013,3882,2696,0,0,6460,1553,"12,07","869 943,02","73,14",2822,0,15613
Data,Ocup,Opção,Cheg,Oferta/Uso Interno,Deduz. Individ.,Deduz. Grupos,% Ocup.,Receita Quartos,Preço Médio,Saídas,Quartos FdS,Adul. / Cri.,junho,Previsão,20-jun-2027 dom,0,0,0,0,0,0,0,-,-,NaN,0,0,0,0,45,0,0,0,0,0,"1,11",-,-,0,0,0,Total jun,0,45,0,0,0,0,0,"1,11",-,-,0,0,0,Total,8013,3882,2696,0,0,6460,1553,"12,07","869 943,02","73,14",2822,0,15613
Data,Ocup,Opção,Cheg,Oferta/Uso Interno,Deduz. Individ.,Deduz. Grupos,% Ocup.,Receita Quartos,Preço Médio,Saídas,Quartos FdS,Adul. / Cri.,junho,Previsão,21-jun-2027 seg,0,0,0,0,0,0,0,-,-,NaN,0,0,0,0,45,0,0,0,0,0,"1,11",-,-,0,0,0,Total jun,0,45,0,0,0,0,0,"1,11",-,-,0,0,0,Total,8013,3882,2696,0,0,6460,1553,"12,07","869 943,02","73,14",2822,0,15613
Data,Ocup,Opção,Cheg,Oferta/Uso Interno,Deduz. Individ.,Deduz. Grupos,% Ocup.,Receita Quartos,Preço Médio,Saídas,Quartos FdS,Adul. / Cri.,junho,Previsão,22-jun-2027 ter,0,0,0,0,0,0,0,-,-,NaN,0,0,0,0,45,0,0,0,0,0,"1,11",-,-,0,0,0,Total jun,0,45,0,0,0,0,0,"1,11",-,-,0,0,0,Total,8013,3882,2696,0,0,6460,1553,"12,07","869 943,02","73,14",2822,0,15613
Data,Ocup,Opção,Cheg,Oferta/Uso Interno,Deduz. Individ.,Deduz. Grupos,% Ocup.,Receita Quartos,Preço Médio,Saídas,Quartos FdS,Adul. / Cri.,junho,Previsão,23-jun-2027 qua,0,0,0,0,0,0,0,-,-,NaN,0,0,0,0,45,0,0,0,0,0,"1,11",-,-,0,0,0,Total jun,0,45,0,0,0,0,0,"1,11",-,-,0,0,0,Total,8013,3882,2696,0,0,6460,1553,"12,07","869 943,02","73,14",2822,0,15613
Data,Ocup,Opção,Cheg,Oferta/Uso Interno,Deduz. Individ.,Deduz. Grupos,% Ocup.,Receita Quartos,Preço Médio,Saídas,Quartos FdS,Adul. / Cri.,junho,Previsão,24-jun-2027 qui,0,0,0,0,0,0,0,-,-,NaN,0,0,0,0,45,0,0,0,0,0,"1,11",-,-,0,0,0,Total jun,0,45,0,0,0,0,0,"1,11",-,-,0,0,0,Total,8013,3882,2696,0,0,6460,1553,"12,07","869 943,02","73,14",2822,0,15613
Data,Ocup,Opção,Cheg,Oferta/Uso Interno,Deduz. Individ.,Deduz. Grupos,% Ocup.,Receita Quartos,Preço Médio,Saídas,Quartos FdS,Adul. / Cri.,junho,Previsão,25-jun-2027 sex,0,0,0,0,0,0,0,-,-,NaN,0,0,0,0,45,0,0,0,0,0,"1,11",-,-,0,0,0,Total jun,0,45,0,0,0,0,0,"1,11",-,-,0,0,0,Total,8013,3882,2696,0,0,6460,1553,"12,07","869 943,02","73,14",2822,0,15613
Data,Ocup,Opção,Cheg,Oferta/Uso Interno,Deduz. Individ.,Deduz. Grupos,% Ocup.,Receita Quartos,Preço Médio,Saídas,Quartos FdS,Adul. / Cri.,junho,Previsão,26-jun-2027 sáb,0,0,0,0,0,0,0,-,-,NaN,0,0,0,0,45,0,0,0,0,0,"1,11",-,-,0,0,0,Total jun,0,45,0,0,0,0,0,"1,11",-,-,0,0,0,Total,8013,3882,2696,0,0,6460,1553,"12,07","869 943,02","73,14",2822,0,15613
Data,Ocup,Opção,Cheg,Oferta/Uso Interno,Deduz. Individ.,Deduz. Grupos,% Ocup.,Receita Quartos,Preço Médio,Saídas,Quartos FdS,Adul. / Cri.,junho,Previsão,27-jun-2027 dom,0,0,0,0,0,0,0,-,-,NaN,0,0,0,0,45,0,0,0,0,0,"1,11",-,-,0,0,0,Total jun,0,45,0,0,0,0,0,"1,11",-,-,0,0,0,Total,8013,3882,2696,0,0,6460,1553,"12,07","869 943,02","73,14",2822,0,15613
Data,Ocup,Opção,Cheg,Oferta/Uso Interno,Deduz. Individ.,Deduz. Grupos,% Ocup.,Receita Quartos,Preço Médio,Saídas,Quartos FdS,Adul. / Cri.,junho,Previsão,28-jun-2027 seg,0,15,0,0,0,0,0,"11,11",-,-,0,0,0,0,45,0,0,0,0,0,"1,11",-,-,0,0,0,Total jun,0,45,0,0,0,0,0,"1,11",-,-,0,0,0,Total,8013,3882,2696,0,0,6460,1553,"12,07","869 943,02","73,14",2822,0,15613
Data,Ocup,Opção,Cheg,Oferta/Uso Interno,Deduz. Individ.,Deduz. Grupos,% Ocup.,Receita Quartos,Preço Médio,Saídas,Quartos FdS,Adul. / Cri.,junho,Previsão,29-jun-2027 ter,0,15,0,0,0,0,0,"11,11",-,-,0,0,0,0,45,0,0,0,0,0,"1,11",-,-,0,0,0,Total jun,0,45,0,0,0,0,0,"1,11",-,-,0,0,0,Total,8013,3882,2696,0,0,6460,1553,"12,07","869 943,02","73,14",2822,0,15613
Data,Ocup,Opção,Cheg,Oferta/Uso Interno,Deduz. Individ.,Deduz. Grupos,% Ocup.,Receita Quartos,Preço Médio,Saídas,Quartos FdS,Adul. / Cri.,junho,Previsão,30-jun-2027 qua,0,15,0,0,0,0,0,"11,11",-,-,0,0,0,0,45,0,0,0,0,0,"1,11",-,-,0,0,0,Total jun,0,45,0,0,0,0,0,"1,11",-,-,0,0,0,Total,8013,3882,2696,0,0,6460,1553,"12,07","869 943,02","73,14",2822,0,15613
Data,Ocup,Opção,Cheg,Oferta/Uso Interno,Deduz. Individ.,Deduz. Grupos,% Ocup.,Receita Quartos,Preço Médio,Saídas,Quartos FdS,Adul. / Cri.,julho,Previsão,01-jul-2027 qui,0,0,0,0,0,0,0,-,-,NaN,0,0,0,0,45,0,0,0,0,0,"1,08",-,-,0,0,0,Total jul,0,45,0,0,0,0,0,"1,08",-,-,0,0,0,Total,8013,3882,2696,0,0,6460,1553,"12,07","869 943,02","73,14",2822,0,15613
Data,Ocup,Opção,Cheg,Oferta/Uso Interno,Deduz. Individ.,Deduz. Grupos,% Ocup.,Receita Quartos,Preço Médio,Saídas,Quartos FdS,Adul. / Cri.,julho,Previsão,02-jul-2027 sex,0,0,0,0,0,0,0,-,-,NaN,0,0,0,0,45,0,0,0,0,0,"1,08",-,-,0,0,0,Total jul,0,45,0,0,0,0,0,"1,08",-,-,0,0,0,Total,8013,3882,2696,0,0,6460,1553,"12,07","869 943,02","73,14",2822,0,15613
Data,Ocup,Opção,Cheg,Oferta/Uso Interno,Deduz. Individ.,Deduz. Grupos,% Ocup.,Receita Quartos,Preço Médio,Saídas,Quartos FdS,Adul. / Cri.,julho,Previsão,03-jul-2027 sáb,0,0,0,0,0,0,0,-,-,NaN,0,0,0,0,45,0,0,0,0,0,"1,08",-,-,0,0,0,Total jul,0,45,0,0,0,0,0,"1,08",-,-,0,0,0,Total,8013,3882,2696,0,0,6460,1553,"12,07","869 943,02","73,14",2822,0,15613
Data,Ocup,Opção,Cheg,Oferta/Uso Interno,Deduz. Individ.,Deduz. Grupos,% Ocup.,Receita Quartos,Preço Médio,Saídas,Quartos FdS,Adul. / Cri.,julho,Previsão,04-jul-2027 dom,0,0,0,0,0,0,0,-,-,NaN,0,0,0,0,45,0,0,0,0,0,"1,08",-,-,0,0,0,Total jul,0,45,0,0,0,0,0,"1,08",-,-,0,0,0,Total,8013,3882,2696,0,0,6460,1553,"12,07","869 943,02","73,14",2822,0,15613
Data,Ocup,Opção,Cheg,Oferta/Uso Interno,Deduz. Individ.,Deduz. Grupos,% Ocup.,Receita Quartos,Preço Médio,Saídas,Quartos FdS,Adul. / Cri.,julho,Previsão,05-jul-2027 seg,0,0,0,0,0,0,0,-,-,NaN,0,0,0,0,45,0,0,0,0,0,"1,08",-,-,0,0,0,Total jul,0,45,0,0,0,0,0,"1,08",-,-,0,0,0,Total,8013,3882,2696,0,0,6460,1553,"12,07","869 943,02","73,14",2822,0,15613
Data,Ocup,Opção,Cheg,Oferta/Uso Interno,Deduz. Individ.,Deduz. Grupos,% Ocup.,Receita Quartos,Preço Médio,Saídas,Quartos FdS,Adul. / Cri.,julho,Previsão,06-jul-2027 ter,0,0,0,0,0,0,0,-,-,NaN,0,0,0,0,45,0,0,0,0,0,"1,08",-,-,0,0,0,Total jul,0,45,0,0,0,0,0,"1,08",-,-,0,0,0,Total,8013,3882,2696,0,0,6460,1553,"12,07","869 943,02","73,14",2822,0,15613
Data,Ocup,Opção,Cheg,Oferta/Uso Interno,Deduz. Individ.,Deduz. Grupos,% Ocup.,Receita Quartos,Preço Médio,Saídas,Quartos FdS,Adul. / Cri.,julho,Previsão,07-jul-2027 qua,0,0,0,0,0,0,0,-,-,NaN,0,0,0,0,45,0,0,0,0,0,"1,08",-,-,0,0,0,Total jul,0,45,0,0,0,0,0,"1,08",-,-,0,0,0,Total,8013,3882,2696,0,0,6460,1553,"12,07","869 943,02","73,14",2822,0,15613
Data,Ocup,Opção,Cheg,Oferta/Uso Interno,Deduz. Individ.,Deduz. Grupos,% Ocup.,Receita Quartos,Preço Médio,Saídas,Quartos FdS,Adul. / Cri.,julho,Previsão,08-jul-2027 qui,0,0,0,0,0,0,0,-,-,NaN,0,0,0,0,45,0,0,0,0,0,"1,08",-,-,0,0,0,Total jul,0,45,0,0,0,0,0,"1,08",-,-,0,0,0,Total,8013,3882,2696,0,0,6460,1553,"12,07","869 943,02","73,14",2822,0,15613
Data,Ocup,Opção,Cheg,Oferta/Uso Interno,Deduz. Individ.,Deduz. Grupos,% Ocup.,Receita Quartos,Preço Médio,Saídas,Quartos FdS,Adul. / Cri.,julho,Previsão,09-jul-2027 sex,0,0,0,0,0,0,0,-,-,NaN,0,0,0,0,45,0,0,0,0,0,"1,08",-,-,0,0,0,Total jul,0,45,0,0,0,0,0,"1,08",-,-,0,0,0,Total,8013,3882,2696,0,0,6460,1553,"12,07","869 943,02","73,14",2822,0,15613
Data,Ocup,Opção,Cheg,Oferta/Uso Interno,Deduz. Individ.,Deduz. Grupos,% Ocup.,Receita Quartos,Preço Médio,Saídas,Quartos FdS,Adul. / Cri.,julho,Previsão,10-jul-2027 sáb,0,0,0,0,0,0,0,-,-,NaN,0,0,0,0,45,0,0,0,0,0,"1,08",-,-,0,0,0,Total jul,0,45,0,0,0,0,0,"1,08",-,-,0,0,0,Total,8013,3882,2696,0,0,6460,1553,"12,07","869 943,02","73,14",2822,0,15613
Data,Ocup,Opção,Cheg,Oferta/Uso Interno,Deduz. Individ.,Deduz. Grupos,% Ocup.,Receita Quartos,Preço Médio,Saídas,Quartos FdS,Adul. / Cri.,julho,Previsão,11-jul-2027 dom,0,0,0,0,0,0,0,-,-,NaN,0,0,0,0,45,0,0,0,0,0,"1,08",-,-,0,0,0,Total jul,0,45,0,0,0,0,0,"1,08",-,-,0,0,0,Total,8013,3882,2696,0,0,6460,1553,"12,07","869 943,02","73,14",2822,0,15613
Data,Ocup,Opção,Cheg,Oferta/Uso Interno,Deduz. Individ.,Deduz. Grupos,% Ocup.,Receita Quartos,Preço Médio,Saídas,Quartos FdS,Adul. / Cri.,julho,Previsão,12-jul-2027 seg,0,0,0,0,0,0,0,-,-,NaN,0,0,0,0,45,0,0,0,0,0,"1,08",-,-,0,0,0,Total jul,0,45,0,0,0,0,0,"1,08",-,-,0,0,0,Total,8013,3882,2696,0,0,6460,1553,"12,07","869 943,02","73,14",2822,0,15613
Data,Ocup,Opção,Cheg,Oferta/Uso Interno,Deduz. Individ.,Deduz. Grupos,% Ocup.,Receita Quartos,Preço Médio,Saídas,Quartos FdS,Adul. / Cri.,julho,Previsão,13-jul-2027 ter,0,0,0,0,0,0,0,-,-,NaN,0,0,0,0,45,0,0,0,0,0,"1,08",-,-,0,0,0,Total jul,0,45,0,0,0,0,0,"1,08",-,-,0,0,0,Total,8013,3882,2696,0,0,6460,1553,"12,07","869 943,02","73,14",2822,0,15613
Data,Ocup,Opção,Cheg,Oferta/Uso Interno,Deduz. Individ.,Deduz. Grupos,% Ocup.,Receita Quartos,Preço Médio,Saídas,Quartos FdS,Adul. / Cri.,julho,Previsão,14-jul-2027 qua,0,0,0,0,0,0,0,-,-,NaN,0,0,0,0,45,0,0,0,0,0,"1,08",-,-,0,0,0,Total jul,0,45,0,0,0,0,0,"1,08",-,-,0,0,0,Total,8013,3882,2696,0,0,6460,1553,"12,07","869 943,02","73,14",2822,0,15613
Data,Ocup,Opção,Cheg,Oferta/Uso Interno,Deduz. Individ.,Deduz. Grupos,% Ocup.,Receita Quartos,Preço Médio,Saídas,Quartos FdS,Adul. / Cri.,julho,Previsão,15-jul-2027 qui,0,0,0,0,0,0,0,-,-,NaN,0,0,0,0,45,0,0,0,0,0,"1,08",-,-,0,0,0,Total jul,0,45,0,0,0,0,0,"1,08",-,-,0,0,0,Total,8013,3882,2696,0,0,6460,1553,"12,07","869 943,02","73,14",2822,0,15613
Data,Ocup,Opção,Cheg,Oferta/Uso Interno,Deduz. Individ.,Deduz. Grupos,% Ocup.,Receita Quartos,Preço Médio,Saídas,Quartos FdS,Adul. / Cri.,julho,Previsão,16-jul-2027 sex,0,0,0,0,0,0,0,-,-,NaN,0,0,0,0,45,0,0,0,0,0,"1,08",-,-,0,0,0,Total jul,0,45,0,0,0,0,0,"1,08",-,-,0,0,0,Total,8013,3882,2696,0,0,6460,1553,"12,07","869 943,02","73,14",2822,0,15613
Data,Ocup,Opção,Cheg,Oferta/Uso Interno,Deduz. Individ.,Deduz. Grupos,% Ocup.,Receita Quartos,Preço Médio,Saídas,Quartos FdS,Adul. / Cri.,julho,Previsão,17-jul-2027 sáb,0,0,0,0,0,0,0,-,-,NaN,0,0,0,0,45,0,0,0,0,0,"1,08",-,-,0,0,0,Total jul,0,45,0,0,0,0,0,"1,08",-,-,0,0,0,Total,8013,3882,2696,0,0,6460,1553,"12,07","869 943,02","73,14",2822,0,15613
Data,Ocup,Opção,Cheg,Oferta/Uso Interno,Deduz. Individ.,Deduz. Grupos,% Ocup.,Receita Quartos,Preço Médio,Saídas,Quartos FdS,Adul. / Cri.,julho,Previsão,18-jul-2027 dom,0,0,0,0,0,0,0,-,-,NaN,0,0,0,0,45,0,0,0,0,0,"1,08",-,-,0,0,0,Total jul,0,45,0,0,0,0,0,"1,08",-,-,0,0,0,Total,8013,3882,2696,0,0,6460,1553,"12,07","869 943,02","73,14",2822,0,15613
Data,Ocup,Opção,Cheg,Oferta/Uso Interno,Deduz. Individ.,Deduz. Grupos,% Ocup.,Receita Quartos,Preço Médio,Saídas,Quartos FdS,Adul. / Cri.,julho,Previsão,19-jul-2027 seg,0,15,0,0,0,0,0,"11,11",-,-,0,0,0,0,45,0,0,0,0,0,"1,08",-,-,0,0,0,Total jul,0,45,0,0,0,0,0,"1,08",-,-,0,0,0,Total,8013,3882,2696,0,0,6460,1553,"12,07","869 943,02","73,14",2822,0,15613
Data,Ocup,Opção,Cheg,Oferta/Uso Interno,Deduz. Individ.,Deduz. Grupos,% Ocup.,Receita Quartos,Preço Médio,Saídas,Quartos FdS,Adul. / Cri.,julho,Previsão,20-jul-2027 ter,0,15,0,0,0,0,0,"11,11",-,-,0,0,0,0,45,0,0,0,0,0,"1,08",-,-,0,0,0,Total jul,0,45,0,0,0,0,0,"1,08",-,-,0,0,0,Total,8013,3882,2696,0,0,6460,1553,"12,07","869 943,02","73,14",2822,0,15613
Data,Ocup,Opção,Cheg,Oferta/Uso Interno,Deduz. Individ.,Deduz. Grupos,% Ocup.,Receita Quartos,Preço Médio,Saídas,Quartos FdS,Adul. / Cri.,julho,Previsão,21-jul-2027 qua,0,15,0,0,0,0,0,"11,11",-,-,0,0,0,0,45,0,0,0,0,0,"1,08",-,-,0,0,0,Total jul,0,45,0,0,0,0,0,"1,08",-,-,0,0,0,Total,8013,3882,2696,0,0,6460,1553,"12,07","869 943,02","73,14",2822,0,15613
Data,Ocup,Opção,Cheg,Oferta/Uso Interno,Deduz. Individ.,Deduz. Grupos,% Ocup.,Receita Quartos,Preço Médio,Saídas,Quartos FdS,Adul. / Cri.,julho,Previsão,22-jul-2027 qui,0,0,0,0,0,0,0,-,-,NaN,0,0,0,0,45,0,0,0,0,0,"1,08",-,-,0,0,0,Total jul,0,45,0,0,0,0,0,"1,08",-,-,0,0,0,Total,8013,3882,2696,0,0,6460,1553,"12,07","869 943,02","73,14",2822,0,15613
Data,Ocup,Opção,Cheg,Oferta/Uso Interno,Deduz. Individ.,Deduz. Grupos,% Ocup.,Receita Quartos,Preço Médio,Saídas,Quartos FdS,Adul. / Cri.,julho,Previsão,23-jul-2027 sex,0,0,0,0,0,0,0,-,-,NaN,0,0,0,0,45,0,0,0,0,0,"1,08",-,-,0,0,0,Total jul,0,45,0,0,0,0,0,"1,08",-,-,0,0,0,Total,8013,3882,2696,0,0,6460,1553,"12,07","869 943,02","73,14",2822,0,15613
Data,Ocup,Opção,Cheg,Oferta/Uso Interno,Deduz. Individ.,Deduz. Grupos,% Ocup.,Receita Quartos,Preço Médio,Saídas,Quartos FdS,Adul. / Cri.,julho,Previsão,24-jul-2027 sáb,0,0,0,0,0,0,0,-,-,NaN,0,0,0,0,45,0,0,0,0,0,"1,08",-,-,0,0,0,Total jul,0,45,0,0,0,0,0,"1,08",-,-,0,0,0,Total,8013,3882,2696,0,0,6460,1553,"12,07","869 943,02","73,14",2822,0,15613
Data,Ocup,Opção,Cheg,Oferta/Uso Interno,Deduz. Individ.,Deduz. Grupos,% Ocup.,Receita Quartos,Preço Médio,Saídas,Quartos FdS,Adul. / Cri.,julho,Previsão,25-jul-2027 dom,0,0,0,0,0,0,0,-,-,NaN,0,0,0,0,45,0,0,0,0,0,"1,08",-,-,0,0,0,Total jul,0,45,0,0,0,0,0,"1,08",-,-,0,0,0,Total,8013,3882,2696,0,0,6460,1553,"12,07","869 943,02","73,14",2822,0,15613
Data,Ocup,Opção,Cheg,Oferta/Uso Interno,Deduz. Individ.,Deduz. Grupos,% Ocup.,Receita Quartos,Preço Médio,Saídas,Quartos FdS,Adul. / Cri.,julho,Previsão,26-jul-2027 seg,0,0,0,0,0,0,0,-,-,NaN,0,0,0,0,45,0,0,0,0,0,"1,08",-,-,0,0,0,Total jul,0,45,0,0,0,0,0,"1,08",-,-,0,0,0,Total,8013,3882,2696,0,0,6460,1553,"12,07","869 943,02","73,14",2822,0,15613
Data,Ocup,Opção,Cheg,Oferta/Uso Interno,Deduz. Individ.,Deduz. Grupos,% Ocup.,Receita Quartos,Preço Médio,Saídas,Quartos FdS,Adul. / Cri.,julho,Previsão,27-jul-2027 ter,0,0,0,0,0,0,0,-,-,NaN,0,0,0,0,45,0,0,0,0,0,"1,08",-,-,0,0,0,Total jul,0,45,0,0,0,0,0,"1,08",-,-,0,0,0,Total,8013,3882,2696,0,0,6460,1553,"12,07","869 943,02","73,14",2822,0,15613
Data,Ocup,Opção,Cheg,Oferta/Uso Interno,Deduz. Individ.,Deduz. Grupos,% Ocup.,Receita Quartos,Preço Médio,Saídas,Quartos FdS,Adul. / Cri.,julho,Previsão,28-jul-2027 qua,0,0,0,0,0,0,0,-,-,NaN,0,0,0,0,45,0,0,0,0,0,"1,08",-,-,0,0,0,Total jul,0,45,0,0,0,0,0,"1,08",-,-,0,0,0,Total,8013,3882,2696,0,0,6460,1553,"12,07","869 943,02","73,14",2822,0,15613
Data,Ocup,Opção,Cheg,Oferta/Uso Interno,Deduz. Individ.,Deduz. Grupos,% Ocup.,Receita Quartos,Preço Médio,Saídas,Quartos FdS,Adul. / Cri.,julho,Previsão,29-jul-2027 qui,0,0,0,0,0,0,0,-,-,NaN,0,0,0,0,45,0,0,0,0,0,"1,08",-,-,0,0,0,Total jul,0,45,0,0,0,0,0,"1,08",-,-,0,0,0,Total,8013,3882,2696,0,0,6460,1553,"12,07","869 943,02","73,14",2822,0,15613
Data,Ocup,Opção,Cheg,Oferta/Uso Interno,Deduz. Individ.,Deduz. Grupos,% Ocup.,Receita Quartos,Preço Médio,Saídas,Quartos FdS,Adul. / Cri.,julho,Previsão,30-jul-2027 sex,0,0,0,0,0,0,0,-,-,NaN,0,0,0,0,45,0,0,0,0,0,"1,08",-,-,0,0,0,Total jul,0,45,0,0,0,0,0,"1,08",-,-,0,0,0,Total,8013,3882,2696,0,0,6460,1553,"12,07","869 943,02","73,14",2822,0,15613
Data,Ocup,Opção,Cheg,Oferta/Uso Interno,Deduz. Individ.,Deduz. Grupos,% Ocup.,Receita Quartos,Preço Médio,Saídas,Quartos FdS,Adul. / Cri.,julho,Previsão,31-jul-2027 sáb,0,0,0,0,0,0,0,-,-,NaN,0,0,0,0,45,0,0,0,0,0,"1,08",-,-,0,0,0,Total jul,0,45,0,0,0,0,0,"1,08",-,-,0,0,0,Total,8013,3882,2696,0,0,6460,1553,"12,07","869 943,02","73,14",2822,0,15613
Data,Ocup,Opção,Cheg,Oferta/Uso Interno,Deduz. Individ.,Deduz. Grupos,% Ocup.,Receita Quartos,Preço Médio,Saídas,Quartos FdS,Adul. / Cri.,agosto,Previsão,01-ago-2027 dom,0,0,0,0,0,0,0,-,-,NaN,0,0,0,0,90,0,0,0,0,0,"2,15",-,-,0,0,0,Total ago,0,90,0,0,0,0,0,"2,15",-,-,0,0,0,Total,8013,3882,2696,0,0,6460,1553,"12,07","869 943,02","73,14",2822,0,15613
Data,Ocup,Opção,Cheg,Oferta/Uso Interno,Deduz. Individ.,Deduz. Grupos,% Ocup.,Receita Quartos,Preço Médio,Saídas,Quartos FdS,Adul. / Cri.,agosto,Previsão,02-ago-2027 seg,0,0,0,0,0,0,0,-,-,NaN,0,0,0,0,90,0,0,0,0,0,"2,15",-,-,0,0,0,Total ago,0,90,0,0,0,0,0,"2,15",-,-,0,0,0,Total,8013,3882,2696,0,0,6460,1553,"12,07","869 943,02","73,14",2822,0,15613
Data,Ocup,Opção,Cheg,Oferta/Uso Interno,Deduz. Individ.,Deduz. Grupos,% Ocup.,Receita Quartos,Preço Médio,Saídas,Quartos FdS,Adul. / Cri.,agosto,Previsão,03-ago-2027 ter,0,0,0,0,0,0,0,-,-,NaN,0,0,0,0,90,0,0,0,0,0,"2,15",-,-,0,0,0,Total ago,0,90,0,0,0,0,0,"2,15",-,-,0,0,0,Total,8013,3882,2696,0,0,6460,1553,"12,07","869 943,02","73,14",2822,0,15613
Data,Ocup,Opção,Cheg,Oferta/Uso Interno,Deduz. Individ.,Deduz. Grupos,% Ocup.,Receita Quartos,Preço Médio,Saídas,Quartos FdS,Adul. / Cri.,agosto,Previsão,04-ago-2027 qua,0,0,0,0,0,0,0,-,-,NaN,0,0,0,0,90,0,0,0,0,0,"2,15",-,-,0,0,0,Total ago,0,90,0,0,0,0,0,"2,15",-,-,0,0,0,Total,8013,3882,2696,0,0,6460,1553,"12,07","869 943,02","73,14",2822,0,15613
Data,Ocup,Opção,Cheg,Oferta/Uso Interno,Deduz. Individ.,Deduz. Grupos,% Ocup.,Receita Quartos,Preço Médio,Saídas,Quartos FdS,Adul. / Cri.,agosto,Previsão,05-ago-2027 qui,0,0,0,0,0,0,0,-,-,NaN,0,0,0,0,90,0,0,0,0,0,"2,15",-,-,0,0,0,Total ago,0,90,0,0,0,0,0,"2,15",-,-,0,0,0,Total,8013,3882,2696,0,0,6460,1553,"12,07","869 943,02","73,14",2822,0,15613
Data,Ocup,Opção,Cheg,Oferta/Uso Interno,Deduz. Individ.,Deduz. Grupos,% Ocup.,Receita Quartos,Preço Médio,Saídas,Quartos FdS,Adul. / Cri.,agosto,Previsão,06-ago-2027 sex,0,0,0,0,0,0,0,-,-,NaN,0,0,0,0,90,0,0,0,0,0,"2,15",-,-,0,0,0,Total ago,0,90,0,0,0,0,0,"2,15",-,-,0,0,0,Total,8013,3882,2696,0,0,6460,1553,"12,07","869 943,02","73,14",2822,0,15613
Data,Ocup,Opção,Cheg,Oferta/Uso Interno,Deduz. Individ.,Deduz. Grupos,% Ocup.,Receita Quartos,Preço Médio,Saídas,Quartos FdS,Adul. / Cri.,agosto,Previsão,07-ago-2027 sáb,0,0,0,0,0,0,0,-,-,NaN,0,0,0,0,90,0,0,0,0,0,"2,15",-,-,0,0,0,Total ago,0,90,0,0,0,0,0,"2,15",-,-,0,0,0,Total,8013,3882,2696,0,0,6460,1553,"12,07","869 943,02","73,14",2822,0,15613
Data,Ocup,Opção,Cheg,Oferta/Uso Interno,Deduz. Individ.,Deduz. Grupos,% Ocup.,Receita Quartos,Preço Médio,Saídas,Quartos FdS,Adul. / Cri.,agosto,Previsão,08-ago-2027 dom,0,0,0,0,0,0,0,-,-,NaN,0,0,0,0,90,0,0,0,0,0,"2,15",-,-,0,0,0,Total ago,0,90,0,0,0,0,0,"2,15",-,-,0,0,0,Total,8013,3882,2696,0,0,6460,1553,"12,07","869 943,02","73,14",2822,0,15613
Data,Ocup,Opção,Cheg,Oferta/Uso Interno,Deduz. Individ.,Deduz. Grupos,% Ocup.,Receita Quartos,Preço Médio,Saídas,Quartos FdS,Adul. / Cri.,agosto,Previsão,09-ago-2027 seg,0,15,0,0,0,0,0,"11,11",-,-,0,0,0,0,90,0,0,0,0,0,"2,15",-,-,0,0,0,Total ago,0,90,0,0,0,0,0,"2,15",-,-,0,0,0,Total,8013,3882,2696,0,0,6460,1553,"12,07","869 943,02","73,14",2822,0,15613
Data,Ocup,Opção,Cheg,Oferta/Uso Interno,Deduz. Individ.,Deduz. Grupos,% Ocup.,Receita Quartos,Preço Médio,Saídas,Quartos FdS,Adul. / Cri.,agosto,Previsão,10-ago-2027 ter,0,15,0,0,0,0,0,"11,11",-,-,0,0,0,0,90,0,0,0,0,0,"2,15",-,-,0,0,0,Total ago,0,90,0,0,0,0,0,"2,15",-,-,0,0,0,Total,8013,3882,2696,0,0,6460,1553,"12,07","869 943,02","73,14",2822,0,15613
Data,Ocup,Opção,Cheg,Oferta/Uso Interno,Deduz. Individ.,Deduz. Grupos,% Ocup.,Receita Quartos,Preço Médio,Saídas,Quartos FdS,Adul. / Cri.,agosto,Previsão,11-ago-2027 qua,0,15,0,0,0,0,0,"11,11",-,-,0,0,0,0,90,0,0,0,0,0,"2,15",-,-,0,0,0,Total ago,0,90,0,0,0,0,0,"2,15",-,-,0,0,0,Total,8013,3882,2696,0,0,6460,1553,"12,07","869 943,02","73,14",2822,0,15613
Data,Ocup,Opção,Cheg,Oferta/Uso Interno,Deduz. Individ.,Deduz. Grupos,% Ocup.,Receita Quartos,Preço Médio,Saídas,Quartos FdS,Adul. / Cri.,agosto,Previsão,12-ago-2027 qui,0,0,0,0,0,0,0,-,-,NaN,0,0,0,0,90,0,0,0,0,0,"2,15",-,-,0,0,0,Total ago,0,90,0,0,0,0,0,"2,15",-,-,0,0,0,Total,8013,3882,2696,0,0,6460,1553,"12,07","869 943,02","73,14",2822,0,15613
Data,Ocup,Opção,Cheg,Oferta/Uso Interno,Deduz. Individ.,Deduz. Grupos,% Ocup.,Receita Quartos,Preço Médio,Saídas,Quartos FdS,Adul. / Cri.,agosto,Previsão,13-ago-2027 sex,0,0,0,0,0,0,0,-,-,NaN,0,0,0,0,90,0,0,0,0,0,"2,15",-,-,0,0,0,Total ago,0,90,0,0,0,0,0,"2,15",-,-,0,0,0,Total,8013,3882,2696,0,0,6460,1553,"12,07","869 943,02","73,14",2822,0,15613
Data,Ocup,Opção,Cheg,Oferta/Uso Interno,Deduz. Individ.,Deduz. Grupos,% Ocup.,Receita Quartos,Preço Médio,Saídas,Quartos FdS,Adul. / Cri.,agosto,Previsão,14-ago-2027 sáb,0,0,0,0,0,0,0,-,-,NaN,0,0,0,0,90,0,0,0,0,0,"2,15",-,-,0,0,0,Total ago,0,90,0,0,0,0,0,"2,15",-,-,0,0,0,Total,8013,3882,2696,0,0,6460,1553,"12,07","869 943,02","73,14",2822,0,15613
Data,Ocup,Opção,Cheg,Oferta/Uso Interno,Deduz. Individ.,Deduz. Grupos,% Ocup.,Receita Quartos,Preço Médio,Saídas,Quartos FdS,Adul. / Cri.,agosto,Previsão,15-ago-2027 dom,0,0,0,0,0,0,0,-,-,NaN,0,0,0,0,90,0,0,0,0,0,"2,15",-,-,0,0,0,Total ago,0,90,0,0,0,0,0,"2,15",-,-,0,0,0,Total,8013,3882,2696,0,0,6460,1553,"12,07","869 943,02","73,14",2822,0,15613
Data,Ocup,Opção,Cheg,Oferta/Uso Interno,Deduz. Individ.,Deduz. Grupos,% Ocup.,Receita Quartos,Preço Médio,Saídas,Quartos FdS,Adul. / Cri.,agosto,Previsão,16-ago-2027 seg,0,0,0,0,0,0,0,-,-,NaN,0,0,0,0,90,0,0,0,0,0,"2,15",-,-,0,0,0,Total ago,0,90,0,0,0,0,0,"2,15",-,-,0,0,0,Total,8013,3882,2696,0,0,6460,1553,"12,07","869 943,02","73,14",2822,0,15613
Data,Ocup,Opção,Cheg,Oferta/Uso Interno,Deduz. Individ.,Deduz. Grupos,% Ocup.,Receita Quartos,Preço Médio,Saídas,Quartos FdS,Adul. / Cri.,agosto,Previsão,17-ago-2027 ter,0,0,0,0,0,0,0,-,-,NaN,0,0,0,0,90,0,0,0,0,0,"2,15",-,-,0,0,0,Total ago,0,90,0,0,0,0,0,"2,15",-,-,0,0,0,Total,8013,3882,2696,0,0,6460,1553,"12,07","869 943,02","73,14",2822,0,15613
Data,Ocup,Opção,Cheg,Oferta/Uso Interno,Deduz. Individ.,Deduz. Grupos,% Ocup.,Receita Quartos,Preço Médio,Saídas,Quartos FdS,Adul. / Cri.,agosto,Previsão,18-ago-2027 qua,0,0,0,0,0,0,0,-,-,NaN,0,0,0,0,90,0,0,0,0,0,"2,15",-,-,0,0,0,Total ago,0,90,0,0,0,0,0,"2,15",-,-,0,0,0,Total,8013,3882,2696,0,0,6460,1553,"12,07","869 943,02","73,14",2822,0,15613
Data,Ocup,Opção,Cheg,Oferta/Uso Interno,Deduz. Individ.,Deduz. Grupos,% Ocup.,Receita Quartos,Preço Médio,Saídas,Quartos FdS,Adul. / Cri.,agosto,Previsão,19-ago-2027 qui,0,0,0,0,0,0,0,-,-,NaN,0,0,0,0,90,0,0,0,0,0,"2,15",-,-,0,0,0,Total ago,0,90,0,0,0,0,0,"2,15",-,-,0,0,0,Total,8013,3882,2696,0,0,6460,1553,"12,07","869 943,02","73,14",2822,0,15613
Data,Ocup,Opção,Cheg,Oferta/Uso Interno,Deduz. Individ.,Deduz. Grupos,% Ocup.,Receita Quartos,Preço Médio,Saídas,Quartos FdS,Adul. / Cri.,agosto,Previsão,20-ago-2027 sex,0,0,0,0,0,0,0,-,-,NaN,0,0,0,0,90,0,0,0,0,0,"2,15",-,-,0,0,0,Total ago,0,90,0,0,0,0,0,"2,15",-,-,0,0,0,Total,8013,3882,2696,0,0,6460,1553,"12,07","869 943,02","73,14",2822,0,15613
Data,Ocup,Opção,Cheg,Oferta/Uso Interno,Deduz. Individ.,Deduz. Grupos,% Ocup.,Receita Quartos,Preço Médio,Saídas,Quartos FdS,Adul. / Cri.,agosto,Previsão,21-ago-2027 sáb,0,0,0,0,0,0,0,-,-,NaN,0,0,0,0,90,0,0,0,0,0,"2,15",-,-,0,0,0,Total ago,0,90,0,0,0,0,0,"2,15",-,-,0,0,0,Total,8013,3882,2696,0,0,6460,1553,"12,07","869 943,02","73,14",2822,0,15613
Data,Ocup,Opção,Cheg,Oferta/Uso Interno,Deduz. Individ.,Deduz. Grupos,% Ocup.,Receita Quartos,Preço Médio,Saídas,Quartos FdS,Adul. / Cri.,agosto,Previsão,22-ago-2027 dom,0,0,0,0,0,0,0,-,-,NaN,0,0,0,0,90,0,0,0,0,0,"2,15",-,-,0,0,0,Total ago,0,90,0,0,0,0,0,"2,15",-,-,0,0,0,Total,8013,3882,2696,0,0,6460,1553,"12,07","869 943,02","73,14",2822,0,15613
Data,Ocup,Opção,Cheg,Oferta/Uso Interno,Deduz. Individ.,Deduz. Grupos,% Ocup.,Receita Quartos,Preço Médio,Saídas,Quartos FdS,Adul. / Cri.,agosto,Previsão,23-ago-2027 seg,0,15,0,0,0,0,0,"11,11",-,-,0,0,0,0,90,0,0,0,0,0,"2,15",-,-,0,0,0,Total ago,0,90,0,0,0,0,0,"2,15",-,-,0,0,0,Total,8013,3882,2696,0,0,6460,1553,"12,07","869 943,02","73,14",2822,0,15613
Data,Ocup,Opção,Cheg,Oferta/Uso Interno,Deduz. Individ.,Deduz. Grupos,% Ocup.,Receita Quartos,Preço Médio,Saídas,Quartos FdS,Adul. / Cri.,agosto,Previsão,24-ago-2027 ter,0,15,0,0,0,0,0,"11,11",-,-,0,0,0,0,90,0,0,0,0,0,"2,15",-,-,0,0,0,Total ago,0,90,0,0,0,0,0,"2,15",-,-,0,0,0,Total,8013,3882,2696,0,0,6460,1553,"12,07","869 943,02","73,14",2822,0,15613
Data,Ocup,Opção,Cheg,Oferta/Uso Interno,Deduz. Individ.,Deduz. Grupos,% Ocup.,Receita Quartos,Preço Médio,Saídas,Quartos FdS,Adul. / Cri.,agosto,Previsão,25-ago-2027 qua,0,15,0,0,0,0,0,"11,11",-,-,0,0,0,0,90,0,0,0,0,0,"2,15",-,-,0,0,0,Total ago,0,90,0,0,0,0,0,"2,15",-,-,0,0,0,Total,8013,3882,2696,0,0,6460,1553,"12,07","869 943,02","73,14",2822,0,15613
Data,Ocup,Opção,Cheg,Oferta/Uso Interno,Deduz. Individ.,Deduz. Grupos,% Ocup.,Receita Quartos,Preço Médio,Saídas,Quartos FdS,Adul. / Cri.,agosto,Previsão,26-ago-2027 qui,0,0,0,0,0,0,0,-,-,NaN,0,0,0,0,90,0,0,0,0,0,"2,15",-,-,0,0,0,Total ago,0,90,0,0,0,0,0,"2,15",-,-,0,0,0,Total,8013,3882,2696,0,0,6460,1553,"12,07","869 943,02","73,14",2822,0,15613
Data,Ocup,Opção,Cheg,Oferta/Uso Interno,Deduz. Individ.,Deduz. Grupos,% Ocup.,Receita Quartos,Preço Médio,Saídas,Quartos FdS,Adul. / Cri.,agosto,Previsão,27-ago-2027 sex,0,0,0,0,0,0,0,-,-,NaN,0,0,0,0,90,0,0,0,0,0,"2,15",-,-,0,0,0,Total ago,0,90,0,0,0,0,0,"2,15",-,-,0,0,0,Total,8013,3882,2696,0,0,6460,1553,"12,07","869 943,02","73,14",2822,0,15613
Data,Ocup,Opção,Cheg,Oferta/Uso Interno,Deduz. Individ.,Deduz. Grupos,% Ocup.,Receita Quartos,Preço Médio,Saídas,Quartos FdS,Adul. / Cri.,agosto,Previsão,28-ago-2027 sáb,0,0,0,0,0,0,0,-,-,NaN,0,0,0,0,90,0,0,0,0,0,"2,15",-,-,0,0,0,Total ago,0,90,0,0,0,0,0,"2,15",-,-,0,0,0,Total,8013,3882,2696,0,0,6460,1553,"12,07","869 943,02","73,14",2822,0,15613
Data,Ocup,Opção,Cheg,Oferta/Uso Interno,Deduz. Individ.,Deduz. Grupos,% Ocup.,Receita Quartos,Preço Médio,Saídas,Quartos FdS,Adul. / Cri.,agosto,Previsão,29-ago-2027 dom,0,0,0,0,0,0,0,-,-,NaN,0,0,0,0,90,0,0,0,0,0,"2,15",-,-,0,0,0,Total ago,0,90,0,0,0,0,0,"2,15",-,-,0,0,0,Total,8013,3882,2696,0,0,6460,1553,"12,07","869 943,02","73,14",2822,0,15613
Data,Ocup,Opção,Cheg,Oferta/Uso Interno,Deduz. Individ.,Deduz. Grupos,% Ocup.,Receita Quartos,Preço Médio,Saídas,Quartos FdS,Adul. / Cri.,agosto,Previsão,30-ago-2027 seg,0,0,0,0,0,0,0,-,-,NaN,0,0,0,0,90,0,0,0,0,0,"2,15",-,-,0,0,0,Total ago,0,90,0,0,0,0,0,"2,15",-,-,0,0,0,Total,8013,3882,2696,0,0,6460,1553,"12,07","869 943,02","73,14",2822,0,15613
Data,Ocup,Opção,Cheg,Oferta/Uso Interno,Deduz. Individ.,Deduz. Grupos,% Ocup.,Receita Quartos,Preço Médio,Saídas,Quartos FdS,Adul. / Cri.,agosto,Previsão,31-ago-2027 ter,0,0,0,0,0,0,0,-,-,NaN,0,0,0,0,90,0,0,0,0,0,"2,15",-,-,0,0,0,Total ago,0,90,0,0,0,0,0,"2,15",-,-,0,0,0,Total,8013,3882,2696,0,0,6460,1553,"12,07","869 943,02","73,14",2822,0,15613
Data,Ocup,Opção,Cheg,Oferta/Uso Interno,Deduz. Individ.,Deduz. Grupos,% Ocup.,Receita Quartos,Preço Médio,Saídas,Quartos FdS,Adul. / Cri.,setembro,Previsão,01-set-2027 qua,0,0,0,0,0,0,0,-,-,NaN,0,0,0,0,0,0,0,0,0,0,-,-,NaN,0,0,0,Total set,0,0,0,0,0,0,0,-,-,NaN,0,0,0,Total,8013,3882,2696,0,0,6460,1553,"12,07","869 943,02","73,14",2822,0,15613
Data,Ocup,Opção,Cheg,Oferta/Uso Interno,Deduz. Individ.,Deduz. Grupos,% Ocup.,Receita Quartos,Preço Médio,Saídas,Quartos FdS,Adul. / Cri.,setembro,Previsão,02-set-2027 qui,0,0,0,0,0,0,0,-,-,NaN,0,0,0,0,0,0,0,0,0,0,-,-,NaN,0,0,0,Total set,0,0,0,0,0,0,0,-,-,NaN,0,0,0,Total,8013,3882,2696,0,0,6460,1553,"12,07","869 943,02","73,14",2822,0,15613
Data,Ocup,Opção,Cheg,Oferta/Uso Interno,Deduz. Individ.,Deduz. Grupos,% Ocup.,Receita Quartos,Preço Médio,Saídas,Quartos FdS,Adul. / Cri.,setembro,Previsão,03-set-2027 sex,0,0,0,0,0,0,0,-,-,NaN,0,0,0,0,0,0,0,0,0,0,-,-,NaN,0,0,0,Total set,0,0,0,0,0,0,0,-,-,NaN,0,0,0,Total,8013,3882,2696,0,0,6460,1553,"12,07","869 943,02","73,14",2822,0,15613
Data,Ocup,Opção,Cheg,Oferta/Uso Interno,Deduz. Individ.,Deduz. Grupos,% Ocup.,Receita Quartos,Preço Médio,Saídas,Quartos FdS,Adul. / Cri.,setembro,Previsão,04-set-2027 sáb,0,0,0,0,0,0,0,-,-,NaN,0,0,0,0,0,0,0,0,0,0,-,-,NaN,0,0,0,Total set,0,0,0,0,0,0,0,-,-,NaN,0,0,0,Total,8013,3882,2696,0,0,6460,1553,"12,07","869 943,02","73,14",2822,0,15613
Data,Ocup,Opção,Cheg,Oferta/Uso Interno,Deduz. Individ.,Deduz. Grupos,% Ocup.,Receita Quartos,Preço Médio,Saídas,Quartos FdS,Adul. / Cri.,setembro,Previsão,05-set-2027 dom,0,0,0,0,0,0,0,-,-,NaN,0,0,0,0,0,0,0,0,0,0,-,-,NaN,0,0,0,Total set,0,0,0,0,0,0,0,-,-,NaN,0,0,0,Total,8013,3882,2696,0,0,6460,1553,"12,07","869 943,02","73,14",2822,0,15613
Data,Ocup,Opção,Cheg,Oferta/Uso Interno,Deduz. Individ.,Deduz. Grupos,% Ocup.,Receita Quartos,Preço Médio,Saídas,Quartos FdS,Adul. / Cri.,setembro,Previsão,06-set-2027 seg,0,0,0,0,0,0,0,-,-,NaN,0,0,0,0,0,0,0,0,0,0,-,-,NaN,0,0,0,Total set,0,0,0,0,0,0,0,-,-,NaN,0,0,0,Total,8013,3882,2696,0,0,6460,1553,"12,07","869 943,02","73,14",2822,0,15613
Data,Ocup,Opção,Cheg,Oferta/Uso Interno,Deduz. Individ.,Deduz. Grupos,% Ocup.,Receita Quartos,Preço Médio,Saídas,Quartos FdS,Adul. / Cri.,setembro,Previsão,07-set-2027 ter,0,0,0,0,0,0,0,-,-,NaN,0,0,0,0,0,0,0,0,0,0,-,-,NaN,0,0,0,Total set,0,0,0,0,0,0,0,-,-,NaN,0,0,0,Total,8013,3882,2696,0,0,6460,1553,"12,07","869 943,02","73,14",2822,0,15613
Data,Ocup,Opção,Cheg,Oferta/Uso Interno,Deduz. Individ.,Deduz. Grupos,% Ocup.,Receita Quartos,Preço Médio,Saídas,Quartos FdS,Adul. / Cri.,setembro,Previsão,08-set-2027 qua,0,0,0,0,0,0,0,-,-,NaN,0,0,0,0,0,0,0,0,0,0,-,-,NaN,0,0,0,Total set,0,0,0,0,0,0,0,-,-,NaN,0,0,0,Total,8013,3882,2696,0,0,6460,1553,"12,07","869 943,02","73,14",2822,0,15613
Data,Ocup,Opção,Cheg,Oferta/Uso Interno,Deduz. Individ.,Deduz. Grupos,% Ocup.,Receita Quartos,Preço Médio,Saídas,Quartos FdS,Adul. / Cri.,setembro,Previsão,09-set-2027 qui,0,0,0,0,0,0,0,-,-,NaN,0,0,0,0,0,0,0,0,0,0,-,-,NaN,0,0,0,Total set,0,0,0,0,0,0,0,-,-,NaN,0,0,0,Total,8013,3882,2696,0,0,6460,1553,"12,07","869 943,02","73,14",2822,0,15613
Data,Ocup,Opção,Cheg,Oferta/Uso Interno,Deduz. Individ.,Deduz. Grupos,% Ocup.,Receita Quartos,Preço Médio,Saídas,Quartos FdS,Adul. / Cri.,setembro,Previsão,10-set-2027 sex,0,0,0,0,0,0,0,-,-,NaN,0,0,0,0,0,0,0,0,0,0,-,-,NaN,0,0,0,Total set,0,0,0,0,0,0,0,-,-,NaN,0,0,0,Total,8013,3882,2696,0,0,6460,1553,"12,07","869 943,02","73,14",2822,0,15613
Data,Ocup,Opção,Cheg,Oferta/Uso Interno,Deduz. Individ.,Deduz. Grupos,% Ocup.,Receita Quartos,Preço Médio,Saídas,Quartos FdS,Adul. / Cri.,setembro,Previsão,11-set-2027 sáb,0,0,0,0,0,0,0,-,-,NaN,0,0,0,0,0,0,0,0,0,0,-,-,NaN,0,0,0,Total set,0,0,0,0,0,0,0,-,-,NaN,0,0,0,Total,8013,3882,2696,0,0,6460,1553,"12,07","869 943,02","73,14",2822,0,15613
Data,Ocup,Opção,Cheg,Oferta/Uso Interno,Deduz. Individ.,Deduz. Grupos,% Ocup.,Receita Quartos,Preço Médio,Saídas,Quartos FdS,Adul. / Cri.,setembro,Previsão,12-set-2027 dom,0,0,0,0,0,0,0,-,-,NaN,0,0,0,0,0,0,0,0,0,0,-,-,NaN,0,0,0,Total set,0,0,0,0,0,0,0,-,-,NaN,0,0,0,Total,8013,3882,2696,0,0,6460,1553,"12,07","869 943,02","73,14",2822,0,15613
Data,Ocup,Opção,Cheg,Oferta/Uso Interno,Deduz. Individ.,Deduz. Grupos,% Ocup.,Receita Quartos,Preço Médio,Saídas,Quartos FdS,Adul. / Cri.,setembro,Previsão,13-set-2027 seg,0,0,0,0,0,0,0,-,-,NaN,0,0,0,0,0,0,0,0,0,0,-,-,NaN,0,0,0,Total set,0,0,0,0,0,0,0,-,-,NaN,0,0,0,Total,8013,3882,2696,0,0,6460,1553,"12,07","869 943,02","73,14",2822,0,15613
Data,Ocup,Opção,Cheg,Oferta/Uso Interno,Deduz. Individ.,Deduz. Grupos,% Ocup.,Receita Quartos,Preço Médio,Saídas,Quartos FdS,Adul. / Cri.,setembro,Previsão,14-set-2027 ter,0,0,0,0,0,0,0,-,-,NaN,0,0,0,0,0,0,0,0,0,0,-,-,NaN,0,0,0,Total set,0,0,0,0,0,0,0,-,-,NaN,0,0,0,Total,8013,3882,2696,0,0,6460,1553,"12,07","869 943,02","73,14",2822,0,15613
Data,Ocup,Opção,Cheg,Oferta/Uso Interno,Deduz. Individ.,Deduz. Grupos,% Ocup.,Receita Quartos,Preço Médio,Saídas,Quartos FdS,Adul. / Cri.,setembro,Previsão,15-set-2027 qua,0,0,0,0,0,0,0,-,-,NaN,0,0,0,0,0,0,0,0,0,0,-,-,NaN,0,0,0,Total set,0,0,0,0,0,0,0,-,-,NaN,0,0,0,Total,8013,3882,2696,0,0,6460,1553,"12,07","869 943,02","73,14",2822,0,15613
Data,Ocup,Opção,Cheg,Oferta/Uso Interno,Deduz. Individ.,Deduz. Grupos,% Ocup.,Receita Quartos,Preço Médio,Saídas,Quartos FdS,Adul. / Cri.,setembro,Previsão,16-set-2027 qui,0,0,0,0,0,0,0,-,-,NaN,0,0,0,0,0,0,0,0,0,0,-,-,NaN,0,0,0,Total set,0,0,0,0,0,0,0,-,-,NaN,0,0,0,Total,8013,3882,2696,0,0,6460,1553,"12,07","869 943,02","73,14",2822,0,15613
Data,Ocup,Opção,Cheg,Oferta/Uso Interno,Deduz. Individ.,Deduz. Grupos,% Ocup.,Receita Quartos,Preço Médio,Saídas,Quartos FdS,Adul. / Cri.,setembro,Previsão,17-set-2027 sex,0,0,0,0,0,0,0,-,-,NaN,0,0,0,0,0,0,0,0,0,0,-,-,NaN,0,0,0,Total set,0,0,0,0,0,0,0,-,-,NaN,0,0,0,Total,8013,3882,2696,0,0,6460,1553,"12,07","869 943,02","73,14",2822,0,15613
Data,Ocup,Opção,Cheg,Oferta/Uso Interno,Deduz. Individ.,Deduz. Grupos,% Ocup.,Receita Quartos,Preço Médio,Saídas,Quartos FdS,Adul. / Cri.,setembro,Previsão,18-set-2027 sáb,0,0,0,0,0,0,0,-,-,NaN,0,0,0,0,0,0,0,0,0,0,-,-,NaN,0,0,0,Total set,0,0,0,0,0,0,0,-,-,NaN,0,0,0,Total,8013,3882,2696,0,0,6460,1553,"12,07","869 943,02","73,14",2822,0,15613
Data,Ocup,Opção,Cheg,Oferta/Uso Interno,Deduz. Individ.,Deduz. Grupos,% Ocup.,Receita Quartos,Preço Médio,Saídas,Quartos FdS,Adul. / Cri.,setembro,Previsão,19-set-2027 dom,0,0,0,0,0,0,0,-,-,NaN,0,0,0,0,0,0,0,0,0,0,-,-,NaN,0,0,0,Total set,0,0,0,0,0,0,0,-,-,NaN,0,0,0,Total,8013,3882,2696,0,0,6460,1553,"12,07","869 943,02","73,14",2822,0,15613
Data,Ocup,Opção,Cheg,Oferta/Uso Interno,Deduz. Individ.,Deduz. Grupos,% Ocup.,Receita Quartos,Preço Médio,Saídas,Quartos FdS,Adul. / Cri.,setembro,Previsão,20-set-2027 seg,0,0,0,0,0,0,0,-,-,NaN,0,0,0,0,0,0,0,0,0,0,-,-,NaN,0,0,0,Total set,0,0,0,0,0,0,0,-,-,NaN,0,0,0,Total,8013,3882,2696,0,0,6460,1553,"12,07","869 943,02","73,14",2822,0,15613
Data,Ocup,Opção,Cheg,Oferta/Uso Interno,Deduz. Individ.,Deduz. Grupos,% Ocup.,Receita Quartos,Preço Médio,Saídas,Quartos FdS,Adul. / Cri.,setembro,Previsão,21-set-2027 ter,0,0,0,0,0,0,0,-,-,NaN,0,0,0,0,0,0,0,0,0,0,-,-,NaN,0,0,0,Total set,0,0,0,0,0,0,0,-,-,NaN,0,0,0,Total,8013,3882,2696,0,0,6460,1553,"12,07","869 943,02","73,14",2822,0,15613
Data,Ocup,Opção,Cheg,Oferta/Uso Interno,Deduz. Individ.,Deduz. Grupos,% Ocup.,Receita Quartos,Preço Médio,Saídas,Quartos FdS,Adul. / Cri.,setembro,Previsão,22-set-2027 qua,0,0,0,0,0,0,0,-,-,NaN,0,0,0,0,0,0,0,0,0,0,-,-,NaN,0,0,0,Total set,0,0,0,0,0,0,0,-,-,NaN,0,0,0,Total,8013,3882,2696,0,0,6460,1553,"12,07","869 943,02","73,14",2822,0,15613
Data,Ocup,Opção,Cheg,Oferta/Uso Interno,Deduz. Individ.,Deduz. Grupos,% Ocup.,Receita Quartos,Preço Médio,Saídas,Quartos FdS,Adul. / Cri.,setembro,Previsão,23-set-2027 qui,0,0,0,0,0,0,0,-,-,NaN,0,0,0,0,0,0,0,0,0,0,-,-,NaN,0,0,0,Total set,0,0,0,0,0,0,0,-,-,NaN,0,0,0,Total,8013,3882,2696,0,0,6460,1553,"12,07","869 943,02","73,14",2822,0,15613
Data,Ocup,Opção,Cheg,Oferta/Uso Interno,Deduz. Individ.,Deduz. Grupos,% Ocup.,Receita Quartos,Preço Médio,Saídas,Quartos FdS,Adul. / Cri.,setembro,Previsão,24-set-2027 sex,0,0,0,0,0,0,0,-,-,NaN,0,0,0,0,0,0,0,0,0,0,-,-,NaN,0,0,0,Total set,0,0,0,0,0,0,0,-,-,NaN,0,0,0,Total,8013,3882,2696,0,0,6460,1553,"12,07","869 943,02","73,14",2822,0,15613
Data,Ocup,Opção,Cheg,Oferta/Uso Interno,Deduz. Individ.,Deduz. Grupos,% Ocup.,Receita Quartos,Preço Médio,Saídas,Quartos FdS,Adul. / Cri.,setembro,Previsão,25-set-2027 sáb,0,0,0,0,0,0,0,-,-,NaN,0,0,0,0,0,0,0,0,0,0,-,-,NaN,0,0,0,Total set,0,0,0,0,0,0,0,-,-,NaN,0,0,0,Total,8013,3882,2696,0,0,6460,1553,"12,07","869 943,02","73,14",2822,0,15613
Data,Ocup,Opção,Cheg,Oferta/Uso Interno,Deduz. Individ.,Deduz. Grupos,% Ocup.,Receita Quartos,Preço Médio,Saídas,Quartos FdS,Adul. / Cri.,setembro,Previsão,26-set-2027 dom,0,0,0,0,0,0,0,-,-,NaN,0,0,0,0,0,0,0,0,0,0,-,-,NaN,0,0,0,Total set,0,0,0,0,0,0,0,-,-,NaN,0,0,0,Total,8013,3882,2696,0,0,6460,1553,"12,07","869 943,02","73,14",2822,0,15613
Data,Ocup,Opção,Cheg,Oferta/Uso Interno,Deduz. Individ.,Deduz. Grupos,% Ocup.,Receita Quartos,Preço Médio,Saídas,Quartos FdS,Adul. / Cri.,setembro,Previsão,27-set-2027 seg,0,0,0,0,0,0,0,-,-,NaN,0,0,0,0,0,0,0,0,0,0,-,-,NaN,0,0,0,Total set,0,0,0,0,0,0,0,-,-,NaN,0,0,0,Total,8013,3882,2696,0,0,6460,1553,"12,07","869 943,02","73,14",2822,0,15613
Data,Ocup,Opção,Cheg,Oferta/Uso Interno,Deduz. Individ.,Deduz. Grupos,% Ocup.,Receita Quartos,Preço Médio,Saídas,Quartos FdS,Adul. / Cri.,setembro,Previsão,28-set-2027 ter,0,0,0,0,0,0,0,-,-,NaN,0,0,0,0,0,0,0,0,0,0,-,-,NaN,0,0,0,Total set,0,0,0,0,0,0,0,-,-,NaN,0,0,0,Total,8013,3882,2696,0,0,6460,1553,"12,07","869 943,02","73,14",2822,0,15613
Data,Ocup,Opção,Cheg,Oferta/Uso Interno,Deduz. Individ.,Deduz. Grupos,% Ocup.,Receita Quartos,Preço Médio,Saídas,Quartos FdS,Adul. / Cri.,setembro,Previsão,29-set-2027 qua,0,0,0,0,0,0,0,-,-,NaN,0,0,0,0,0,0,0,0,0,0,-,-,NaN,0,0,0,Total set,0,0,0,0,0,0,0,-,-,NaN,0,0,0,Total,8013,3882,2696,0,0,6460,1553,"12,07","869 943,02","73,14",2822,0,15613
Data,Ocup,Opção,Cheg,Oferta/Uso Interno,Deduz. Individ.,Deduz. Grupos,% Ocup.,Receita Quartos,Preço Médio,Saídas,Quartos FdS,Adul. / Cri.,setembro,Previsão,30-set-2027 qui,0,0,0,0,0,0,0,-,-,NaN,0,0,0,0,0,0,0,0,0,0,-,-,NaN,0,0,0,Total set,0,0,0,0,0,0,0,-,-,NaN,0,0,0,Total,8013,3882,2696,0,0,6460,1553,"12,07","869 943,02","73,14",2822,0,15613
Data,Ocup,Opção,Cheg,Oferta/Uso Interno,Deduz. Individ.,Deduz. Grupos,% Ocup.,Receita Quartos,Preço Médio,Saídas,Quartos FdS,Adul. / Cri.,outubro,Previsão,01-out-2027 sex,0,0,0,0,0,0,0,-,-,NaN,0,0,0,0,0,0,0,0,0,0,-,-,NaN,0,0,0,Total out,0,0,0,0,0,0,0,-,-,NaN,0,0,0,Total,8013,3882,2696,0,0,6460,1553,"12,07","869 943,02","73,14",2822,0,15613
Data,Ocup,Opção,Cheg,Oferta/Uso Interno,Deduz. Individ.,Deduz. Grupos,% Ocup.,Receita Quartos,Preço Médio,Saídas,Quartos FdS,Adul. / Cri.,outubro,Previsão,02-out-2027 sáb,0,0,0,0,0,0,0,-,-,NaN,0,0,0,0,0,0,0,0,0,0,-,-,NaN,0,0,0,Total out,0,0,0,0,0,0,0,-,-,NaN,0,0,0,Total,8013,3882,2696,0,0,6460,1553,"12,07","869 943,02","73,14",2822,0,15613
Data,Ocup,Opção,Cheg,Oferta/Uso Interno,Deduz. Individ.,Deduz. Grupos,% Ocup.,Receita Quartos,Preço Médio,Saídas,Quartos FdS,Adul. / Cri.,outubro,Previsão,03-out-2027 dom,0,0,0,0,0,0,0,-,-,NaN,0,0,0,0,0,0,0,0,0,0,-,-,NaN,0,0,0,Total out,0,0,0,0,0,0,0,-,-,NaN,0,0,0,Total,8013,3882,2696,0,0,6460,1553,"12,07","869 943,02","73,14",2822,0,15613
Data,Ocup,Opção,Cheg,Oferta/Uso Interno,Deduz. Individ.,Deduz. Grupos,% Ocup.,Receita Quartos,Preço Médio,Saídas,Quartos FdS,Adul. / Cri.,outubro,Previsão,04-out-2027 seg,0,0,0,0,0,0,0,-,-,NaN,0,0,0,0,0,0,0,0,0,0,-,-,NaN,0,0,0,Total out,0,0,0,0,0,0,0,-,-,NaN,0,0,0,Total,8013,3882,2696,0,0,6460,1553,"12,07","869 943,02","73,14",2822,0,15613
Data,Ocup,Opção,Cheg,Oferta/Uso Interno,Deduz. Individ.,Deduz. Grupos,% Ocup.,Receita Quartos,Preço Médio,Saídas,Quartos FdS,Adul. / Cri.,outubro,Previsão,05-out-2027 ter,0,0,0,0,0,0,0,-,-,NaN,0,0,0,0,0,0,0,0,0,0,-,-,NaN,0,0,0,Total out,0,0,0,0,0,0,0,-,-,NaN,0,0,0,Total,8013,3882,2696,0,0,6460,1553,"12,07","869 943,02","73,14",2822,0,15613
Data,Ocup,Opção,Cheg,Oferta/Uso Interno,Deduz. Individ.,Deduz. Grupos,% Ocup.,Receita Quartos,Preço Médio,Saídas,Quartos FdS,Adul. / Cri.,outubro,Previsão,06-out-2027 qua,0,0,0,0,0,0,0,-,-,NaN,0,0,0,0,0,0,0,0,0,0,-,-,NaN,0,0,0,Total out,0,0,0,0,0,0,0,-,-,NaN,0,0,0,Total,8013,3882,2696,0,0,6460,1553,"12,07","869 943,02","73,14",2822,0,15613
Data,Ocup,Opção,Cheg,Oferta/Uso Interno,Deduz. Individ.,Deduz. Grupos,% Ocup.,Receita Quartos,Preço Médio,Saídas,Quartos FdS,Adul. / Cri.,outubro,Previsão,07-out-2027 qui,0,0,0,0,0,0,0,-,-,NaN,0,0,0,0,0,0,0,0,0,0,-,-,NaN,0,0,0,Total out,0,0,0,0,0,0,0,-,-,NaN,0,0,0,Total,8013,3882,2696,0,0,6460,1553,"12,07","869 943,02","73,14",2822,0,15613
Data,Ocup,Opção,Cheg,Oferta/Uso Interno,Deduz. Individ.,Deduz. Grupos,% Ocup.,Receita Quartos,Preço Médio,Saídas,Quartos FdS,Adul. / Cri.,outubro,Previsão,08-out-2027 sex,0,0,0,0,0,0,0,-,-,NaN,0,0,0,0,0,0,0,0,0,0,-,-,NaN,0,0,0,Total out,0,0,0,0,0,0,0,-,-,NaN,0,0,0,Total,8013,3882,2696,0,0,6460,1553,"12,07","869 943,02","73,14",2822,0,15613
Data,Ocup,Opção,Cheg,Oferta/Uso Interno,Deduz. Individ.,Deduz. Grupos,% Ocup.,Receita Quartos,Preço Médio,Saídas,Quartos FdS,Adul. / Cri.,outubro,Previsão,09-out-2027 sáb,0,0,0,0,0,0,0,-,-,NaN,0,0,0,0,0,0,0,0,0,0,-,-,NaN,0,0,0,Total out,0,0,0,0,0,0,0,-,-,NaN,0,0,0,Total,8013,3882,2696,0,0,6460,1553,"12,07","869 943,02","73,14",2822,0,15613
Data,Ocup,Opção,Cheg,Oferta/Uso Interno,Deduz. Individ.,Deduz. Grupos,% Ocup.,Receita Quartos,Preço Médio,Saídas,Quartos FdS,Adul. / Cri.,outubro,Previsão,10-out-2027 dom,0,0,0,0,0,0,0,-,-,NaN,0,0,0,0,0,0,0,0,0,0,-,-,NaN,0,0,0,Total out,0,0,0,0,0,0,0,-,-,NaN,0,0,0,Total,8013,3882,2696,0,0,6460,1553,"12,07","869 943,02","73,14",2822,0,15613
Data,Ocup,Opção,Cheg,Oferta/Uso Interno,Deduz. Individ.,Deduz. Grupos,% Ocup.,Receita Quartos,Preço Médio,Saídas,Quartos FdS,Adul. / Cri.,outubro,Previsão,11-out-2027 seg,0,0,0,0,0,0,0,-,-,NaN,0,0,0,0,0,0,0,0,0,0,-,-,NaN,0,0,0,Total out,0,0,0,0,0,0,0,-,-,NaN,0,0,0,Total,8013,3882,2696,0,0,6460,1553,"12,07","869 943,02","73,14",2822,0,15613
Data,Ocup,Opção,Cheg,Oferta/Uso Interno,Deduz. Individ.,Deduz. Grupos,% Ocup.,Receita Quartos,Preço Médio,Saídas,Quartos FdS,Adul. / Cri.,outubro,Previsão,12-out-2027 ter,0,0,0,0,0,0,0,-,-,NaN,0,0,0,0,0,0,0,0,0,0,-,-,NaN,0,0,0,Total out,0,0,0,0,0,0,0,-,-,NaN,0,0,0,Total,8013,3882,2696,0,0,6460,1553,"12,07","869 943,02","73,14",2822,0,15613
Data,Ocup,Opção,Cheg,Oferta/Uso Interno,Deduz. Individ.,Deduz. Grupos,% Ocup.,Receita Quartos,Preço Médio,Saídas,Quartos FdS,Adul. / Cri.,outubro,Previsão,13-out-2027 qua,0,0,0,0,0,0,0,-,-,NaN,0,0,0,0,0,0,0,0,0,0,-,-,NaN,0,0,0,Total out,0,0,0,0,0,0,0,-,-,NaN,0,0,0,Total,8013,3882,2696,0,0,6460,1553,"12,07","869 943,02","73,14",2822,0,15613
Data,Ocup,Opção,Cheg,Oferta/Uso Interno,Deduz. Individ.,Deduz. Grupos,% Ocup.,Receita Quartos,Preço Médio,Saídas,Quartos FdS,Adul. / Cri.,outubro,Previsão,14-out-2027 qui,0,0,0,0,0,0,0,-,-,NaN,0,0,0,0,0,0,0,0,0,0,-,-,NaN,0,0,0,Total out,0,0,0,0,0,0,0,-,-,NaN,0,0,0,Total,8013,3882,2696,0,0,6460,1553,"12,07","869 943,02","73,14",2822,0,15613
Data,Ocup,Opção,Cheg,Oferta/Uso Interno,Deduz. Individ.,Deduz. Grupos,% Ocup.,Receita Quartos,Preço Médio,Saídas,Quartos FdS,Adul. / Cri.,outubro,Previsão,15-out-2027 sex,0,0,0,0,0,0,0,-,-,NaN,0,0,0,0,0,0,0,0,0,0,-,-,NaN,0,0,0,Total out,0,0,0,0,0,0,0,-,-,NaN,0,0,0,Total,8013,3882,2696,0,0,6460,1553,"12,07","869 943,02","73,14",2822,0,15613
Data,Ocup,Opção,Cheg,Oferta/Uso Interno,Deduz. Individ.,Deduz. Grupos,% Ocup.,Receita Quartos,Preço Médio,Saídas,Quartos FdS,Adul. / Cri.,outubro,Previsão,16-out-2027 sáb,0,0,0,0,0,0,0,-,-,NaN,0,0,0,0,0,0,0,0,0,0,-,-,NaN,0,0,0,Total out,0,0,0,0,0,0,0,-,-,NaN,0,0,0,Total,8013,3882,2696,0,0,6460,1553,"12,07","869 943,02","73,14",2822,0,15613
Data,Ocup,Opção,Cheg,Oferta/Uso Interno,Deduz. Individ.,Deduz. Grupos,% Ocup.,Receita Quartos,Preço Médio,Saídas,Quartos FdS,Adul. / Cri.,outubro,Previsão,17-out-2027 dom,0,0,0,0,0,0,0,-,-,NaN,0,0,0,0,0,0,0,0,0,0,-,-,NaN,0,0,0,Total out,0,0,0,0,0,0,0,-,-,NaN,0,0,0,Total,8013,3882,2696,0,0,6460,1553,"12,07","869 943,02","73,14",2822,0,15613
Data,Ocup,Opção,Cheg,Oferta/Uso Interno,Deduz. Individ.,Deduz. Grupos,% Ocup.,Receita Quartos,Preço Médio,Saídas,Quartos FdS,Adul. / Cri.,outubro,Previsão,18-out-2027 seg,0,0,0,0,0,0,0,-,-,NaN,0,0,0,0,0,0,0,0,0,0,-,-,NaN,0,0,0,Total out,0,0,0,0,0,0,0,-,-,NaN,0,0,0,Total,8013,3882,2696,0,0,6460,1553,"12,07","869 943,02","73,14",2822,0,15613
Data,Ocup,Opção,Cheg,Oferta/Uso Interno,Deduz. Individ.,Deduz. Grupos,% Ocup.,Receita Quartos,Preço Médio,Saídas,Quartos FdS,Adul. / Cri.,outubro,Previsão,19-out-2027 ter,0,0,0,0,0,0,0,-,-,NaN,0,0,0,0,0,0,0,0,0,0,-,-,NaN,0,0,0,Total out,0,0,0,0,0,0,0,-,-,NaN,0,0,0,Total,8013,3882,2696,0,0,6460,1553,"12,07","869 943,02","73,14",2822,0,15613
Data,Ocup,Opção,Cheg,Oferta/Uso Interno,Deduz. Individ.,Deduz. Grupos,% Ocup.,Receita Quartos,Preço Médio,Saídas,Quartos FdS,Adul. / Cri.,outubro,Previsão,20-out-2027 qua,0,0,0,0,0,0,0,-,-,NaN,0,0,0,0,0,0,0,0,0,0,-,-,NaN,0,0,0,Total out,0,0,0,0,0,0,0,-,-,NaN,0,0,0,Total,8013,3882,2696,0,0,6460,1553,"12,07","869 943,02","73,14",2822,0,15613
Data,Ocup,Opção,Cheg,Oferta/Uso Interno,Deduz. Individ.,Deduz. Grupos,% Ocup.,Receita Quartos,Preço Médio,Saídas,Quartos FdS,Adul. / Cri.,outubro,Previsão,21-out-2027 qui,0,0,0,0,0,0,0,-,-,NaN,0,0,0,0,0,0,0,0,0,0,-,-,NaN,0,0,0,Total out,0,0,0,0,0,0,0,-,-,NaN,0,0,0,Total,8013,3882,2696,0,0,6460,1553,"12,07","869 943,02","73,14",2822,0,15613
Data,Ocup,Opção,Cheg,Oferta/Uso Interno,Deduz. Individ.,Deduz. Grupos,% Ocup.,Receita Quartos,Preço Médio,Saídas,Quartos FdS,Adul. / Cri.,outubro,Previsão,22-out-2027 sex,0,0,0,0,0,0,0,-,-,NaN,0,0,0,0,0,0,0,0,0,0,-,-,NaN,0,0,0,Total out,0,0,0,0,0,0,0,-,-,NaN,0,0,0,Total,8013,3882,2696,0,0,6460,1553,"12,07","869 943,02","73,14",2822,0,15613
Data,Ocup,Opção,Cheg,Oferta/Uso Interno,Deduz. Individ.,Deduz. Grupos,% Ocup.,Receita Quartos,Preço Médio,Saídas,Quartos FdS,Adul. / Cri.,outubro,Previsão,23-out-2027 sáb,0,0,0,0,0,0,0,-,-,NaN,0,0,0,0,0,0,0,0,0,0,-,-,NaN,0,0,0,Total out,0,0,0,0,0,0,0,-,-,NaN,0,0,0,Total,8013,3882,2696,0,0,6460,1553,"12,07","869 943,02","73,14",2822,0,15613
Data,Ocup,Opção,Cheg,Oferta/Uso Interno,Deduz. Individ.,Deduz. Grupos,% Ocup.,Receita Quartos,Preço Médio,Saídas,Quartos FdS,Adul. / Cri.,outubro,Previsão,24-out-2027 dom,0,0,0,0,0,0,0,-,-,NaN,0,0,0,0,0,0,0,0,0,0,-,-,NaN,0,0,0,Total out,0,0,0,0,0,0,0,-,-,NaN,0,0,0,Total,8013,3882,2696,0,0,6460,1553,"12,07","869 943,02","73,14",2822,0,15613
Data,Ocup,Opção,Cheg,Oferta/Uso Interno,Deduz. Individ.,Deduz. Grupos,% Ocup.,Receita Quartos,Preço Médio,Saídas,Quartos FdS,Adul. / Cri.,outubro,Previsão,25-out-2027 seg,0,0,0,0,0,0,0,-,-,NaN,0,0,0,0,0,0,0,0,0,0,-,-,NaN,0,0,0,Total out,0,0,0,0,0,0,0,-,-,NaN,0,0,0,Total,8013,3882,2696,0,0,6460,1553,"12,07","869 943,02","73,14",2822,0,15613
Data,Ocup,Opção,Cheg,Oferta/Uso Interno,Deduz. Individ.,Deduz. Grupos,% Ocup.,Receita Quartos,Preço Médio,Saídas,Quartos FdS,Adul. / Cri.,outubro,Previsão,26-out-2027 ter,0,0,0,0,0,0,0,-,-,NaN,0,0,0,0,0,0,0,0,0,0,-,-,NaN,0,0,0,Total out,0,0,0,0,0,0,0,-,-,NaN,0,0,0,Total,8013,3882,2696,0,0,6460,1553,"12,07","869 943,02","73,14",2822,0,15613
Data,Ocup,Opção,Cheg,Oferta/Uso Interno,Deduz. Individ.,Deduz. Grupos,% Ocup.,Receita Quartos,Preço Médio,Saídas,Quartos FdS,Adul. / Cri.,outubro,Previsão,27-out-2027 qua,0,0,0,0,0,0,0,-,-,NaN,0,0,0,0,0,0,0,0,0,0,-,-,NaN,0,0,0,Total out,0,0,0,0,0,0,0,-,-,NaN,0,0,0,Total,8013,3882,2696,0,0,6460,1553,"12,07","869 943,02","73,14",2822,0,15613
Data,Ocup,Opção,Cheg,Oferta/Uso Interno,Deduz. Individ.,Deduz. Grupos,% Ocup.,Receita Quartos,Preço Médio,Saídas,Quartos FdS,Adul. / Cri.,outubro,Previsão,28-out-2027 qui,0,0,0,0,0,0,0,-,-,NaN,0,0,0,0,0,0,0,0,0,0,-,-,NaN,0,0,0,Total out,0,0,0,0,0,0,0,-,-,NaN,0,0,0,Total,8013,3882,2696,0,0,6460,1553,"12,07","869 943,02","73,14",2822,0,15613
Data,Ocup,Opção,Cheg,Oferta/Uso Interno,Deduz. Individ.,Deduz. Grupos,% Ocup.,Receita Quartos,Preço Médio,Saídas,Quartos FdS,Adul. / Cri.,outubro,Previsão,29-out-2027 sex,0,0,0,0,0,0,0,-,-,NaN,0,0,0,0,0,0,0,0,0,0,-,-,NaN,0,0,0,Total out,0,0,0,0,0,0,0,-,-,NaN,0,0,0,Total,8013,3882,2696,0,0,6460,1553,"12,07","869 943,02","73,14",2822,0,15613
Data,Ocup,Opção,Cheg,Oferta/Uso Interno,Deduz. Individ.,Deduz. Grupos,% Ocup.,Receita Quartos,Preço Médio,Saídas,Quartos FdS,Adul. / Cri.,outubro,Previsão,30-out-2027 sáb,0,0,0,0,0,0,0,-,-,NaN,0,0,0,0,0,0,0,0,0,0,-,-,NaN,0,0,0,Total out,0,0,0,0,0,0,0,-,-,NaN,0,0,0,Total,8013,3882,2696,0,0,6460,1553,"12,07","869 943,02","73,14",2822,0,15613
Data,Ocup,Opção,Cheg,Oferta/Uso Interno,Deduz. Individ.,Deduz. Grupos,% Ocup.,Receita Quartos,Preço Médio,Saídas,Quartos FdS,Adul. / Cri.,outubro,Previsão,31-out-2027 dom,0,0,0,0,0,0,0,-,-,NaN,0,0,0,0,0,0,0,0,0,0,-,-,NaN,0,0,0,Total out,0,0,0,0,0,0,0,-,-,NaN,0,0,0,Total,8013,3882,2696,0,0,6460,1553,"12,07","869 943,02","73,14",2822,0,15613
Data,Ocup,Opção,Cheg,Oferta/Uso Interno,Deduz. Individ.,Deduz. Grupos,% Ocup.,Receita Quartos,Preço Médio,Saídas,Quartos FdS,Adul. / Cri.,novembro,Previsão,01-nov-2027 seg,0,0,0,0,0,0,0,-,-,NaN,0,0,0,0,0,0,0,0,0,0,-,-,NaN,0,0,0,Total nov,0,0,0,0,0,0,0,-,-,NaN,0,0,0,Total,8013,3882,2696,0,0,6460,1553,"12,07","869 943,02","73,14",2822,0,15613
Data,Ocup,Opção,Cheg,Oferta/Uso Interno,Deduz. Individ.,Deduz. Grupos,% Ocup.,Receita Quartos,Preço Médio,Saídas,Quartos FdS,Adul. / Cri.,novembro,Previsão,02-nov-2027 ter,0,0,0,0,0,0,0,-,-,NaN,0,0,0,0,0,0,0,0,0,0,-,-,NaN,0,0,0,Total nov,0,0,0,0,0,0,0,-,-,NaN,0,0,0,Total,8013,3882,2696,0,0,6460,1553,"12,07","869 943,02","73,14",2822,0,15613
Data,Ocup,Opção,Cheg,Oferta/Uso Interno,Deduz. Individ.,Deduz. Grupos,% Ocup.,Receita Quartos,Preço Médio,Saídas,Quartos FdS,Adul. / Cri.,novembro,Previsão,03-nov-2027 qua,0,0,0,0,0,0,0,-,-,NaN,0,0,0,0,0,0,0,0,0,0,-,-,NaN,0,0,0,Total nov,0,0,0,0,0,0,0,-,-,NaN,0,0,0,Total,8013,3882,2696,0,0,6460,1553,"12,07","869 943,02","73,14",2822,0,15613
Data,Ocup,Opção,Cheg,Oferta/Uso Interno,Deduz. Individ.,Deduz. Grupos,% Ocup.,Receita Quartos,Preço Médio,Saídas,Quartos FdS,Adul. / Cri.,novembro,Previsão,04-nov-2027 qui,0,0,0,0,0,0,0,-,-,NaN,0,0,0,0,0,0,0,0,0,0,-,-,NaN,0,0,0,Total nov,0,0,0,0,0,0,0,-,-,NaN,0,0,0,Total,8013,3882,2696,0,0,6460,1553,"12,07","869 943,02","73,14",2822,0,15613
Data,Ocup,Opção,Cheg,Oferta/Uso Interno,Deduz. Individ.,Deduz. Grupos,% Ocup.,Receita Quartos,Preço Médio,Saídas,Quartos FdS,Adul. / Cri.,novembro,Previsão,05-nov-2027 sex,0,0,0,0,0,0,0,-,-,NaN,0,0,0,0,0,0,0,0,0,0,-,-,NaN,0,0,0,Total nov,0,0,0,0,0,0,0,-,-,NaN,0,0,0,Total,8013,3882,2696,0,0,6460,1553,"12,07","869 943,02","73,14",2822,0,15613
Data,Ocup,Opção,Cheg,Oferta/Uso Interno,Deduz. Individ.,Deduz. Grupos,% Ocup.,Receita Quartos,Preço Médio,Saídas,Quartos FdS,Adul. / Cri.,novembro,Previsão,06-nov-2027 sáb,0,0,0,0,0,0,0,-,-,NaN,0,0,0,0,0,0,0,0,0,0,-,-,NaN,0,0,0,Total nov,0,0,0,0,0,0,0,-,-,NaN,0,0,0,Total,8013,3882,2696,0,0,6460,1553,"12,07","869 943,02","73,14",2822,0,15613
Data,Ocup,Opção,Cheg,Oferta/Uso Interno,Deduz. Individ.,Deduz. Grupos,% Ocup.,Receita Quartos,Preço Médio,Saídas,Quartos FdS,Adul. / Cri.,novembro,Previsão,07-nov-2027 dom,0,0,0,0,0,0,0,-,-,NaN,0,0,0,0,0,0,0,0,0,0,-,-,NaN,0,0,0,Total nov,0,0,0,0,0,0,0,-,-,NaN,0,0,0,Total,8013,3882,2696,0,0,6460,1553,"12,07","869 943,02","73,14",2822,0,15613
Data,Ocup,Opção,Cheg,Oferta/Uso Interno,Deduz. Individ.,Deduz. Grupos,% Ocup.,Receita Quartos,Preço Médio,Saídas,Quartos FdS,Adul. / Cri.,novembro,Previsão,08-nov-2027 seg,0,0,0,0,0,0,0,-,-,NaN,0,0,0,0,0,0,0,0,0,0,-,-,NaN,0,0,0,Total nov,0,0,0,0,0,0,0,-,-,NaN,0,0,0,Total,8013,3882,2696,0,0,6460,1553,"12,07","869 943,02","73,14",2822,0,15613
Data,Ocup,Opção,Cheg,Oferta/Uso Interno,Deduz. Individ.,Deduz. Grupos,% Ocup.,Receita Quartos,Preço Médio,Saídas,Quartos FdS,Adul. / Cri.,novembro,Previsão,09-nov-2027 ter,0,0,0,0,0,0,0,-,-,NaN,0,0,0,0,0,0,0,0,0,0,-,-,NaN,0,0,0,Total nov,0,0,0,0,0,0,0,-,-,NaN,0,0,0,Total,8013,3882,2696,0,0,6460,1553,"12,07","869 943,02","73,14",2822,0,15613
Data,Ocup,Opção,Cheg,Oferta/Uso Interno,Deduz. Individ.,Deduz. Grupos,% Ocup.,Receita Quartos,Preço Médio,Saídas,Quartos FdS,Adul. / Cri.,novembro,Previsão,10-nov-2027 qua,0,0,0,0,0,0,0,-,-,NaN,0,0,0,0,0,0,0,0,0,0,-,-,NaN,0,0,0,Total nov,0,0,0,0,0,0,0,-,-,NaN,0,0,0,Total,8013,3882,2696,0,0,6460,1553,"12,07","869 943,02","73,14",2822,0,15613
Data,Ocup,Opção,Cheg,Oferta/Uso Interno,Deduz. Individ.,Deduz. Grupos,% Ocup.,Receita Quartos,Preço Médio,Saídas,Quartos FdS,Adul. / Cri.,novembro,Previsão,11-nov-2027 qui,0,0,0,0,0,0,0,-,-,NaN,0,0,0,0,0,0,0,0,0,0,-,-,NaN,0,0,0,Total nov,0,0,0,0,0,0,0,-,-,NaN,0,0,0,Total,8013,3882,2696,0,0,6460,1553,"12,07","869 943,02","73,14",2822,0,15613
Data,Ocup,Opção,Cheg,Oferta/Uso Interno,Deduz. Individ.,Deduz. Grupos,% Ocup.,Receita Quartos,Preço Médio,Saídas,Quartos FdS,Adul. / Cri.,novembro,Previsão,12-nov-2027 sex,0,0,0,0,0,0,0,-,-,NaN,0,0,0,0,0,0,0,0,0,0,-,-,NaN,0,0,0,Total nov,0,0,0,0,0,0,0,-,-,NaN,0,0,0,Total,8013,3882,2696,0,0,6460,1553,"12,07","869 943,02","73,14",2822,0,15613
Data,Ocup,Opção,Cheg,Oferta/Uso Interno,Deduz. Individ.,Deduz. Grupos,% Ocup.,Receita Quartos,Preço Médio,Saídas,Quartos FdS,Adul. / Cri.,novembro,Previsão,13-nov-2027 sáb,0,0,0,0,0,0,0,-,-,NaN,0,0,0,0,0,0,0,0,0,0,-,-,NaN,0,0,0,Total nov,0,0,0,0,0,0,0,-,-,NaN,0,0,0,Total,8013,3882,2696,0,0,6460,1553,"12,07","869 943,02","73,14",2822,0,15613
Data,Ocup,Opção,Cheg,Oferta/Uso Interno,Deduz. Individ.,Deduz. Grupos,% Ocup.,Receita Quartos,Preço Médio,Saídas,Quartos FdS,Adul. / Cri.,novembro,Previsão,14-nov-2027 dom,0,0,0,0,0,0,0,-,-,NaN,0,0,0,0,0,0,0,0,0,0,-,-,NaN,0,0,0,Total nov,0,0,0,0,0,0,0,-,-,NaN,0,0,0,Total,8013,3882,2696,0,0,6460,1553,"12,07","869 943,02","73,14",2822,0,15613
Data,Ocup,Opção,Cheg,Oferta/Uso Interno,Deduz. Individ.,Deduz. Grupos,% Ocup.,Receita Quartos,Preço Médio,Saídas,Quartos FdS,Adul. / Cri.,novembro,Previsão,15-nov-2027 seg,0,0,0,0,0,0,0,-,-,NaN,0,0,0,0,0,0,0,0,0,0,-,-,NaN,0,0,0,Total nov,0,0,0,0,0,0,0,-,-,NaN,0,0,0,Total,8013,3882,2696,0,0,6460,1553,"12,07","869 943,02","73,14",2822,0,15613
Data,Ocup,Opção,Cheg,Oferta/Uso Interno,Deduz. Individ.,Deduz. Grupos,% Ocup.,Receita Quartos,Preço Médio,Saídas,Quartos FdS,Adul. / Cri.,novembro,Previsão,16-nov-2027 ter,0,0,0,0,0,0,0,-,-,NaN,0,0,0,0,0,0,0,0,0,0,-,-,NaN,0,0,0,Total nov,0,0,0,0,0,0,0,-,-,NaN,0,0,0,Total,8013,3882,2696,0,0,6460,1553,"12,07","869 943,02","73,14",2822,0,15613
Data,Ocup,Opção,Cheg,Oferta/Uso Interno,Deduz. Individ.,Deduz. Grupos,% Ocup.,Receita Quartos,Preço Médio,Saídas,Quartos FdS,Adul. / Cri.,novembro,Previsão,17-nov-2027 qua,0,0,0,0,0,0,0,-,-,NaN,0,0,0,0,0,0,0,0,0,0,-,-,NaN,0,0,0,Total nov,0,0,0,0,0,0,0,-,-,NaN,0,0,0,Total,8013,3882,2696,0,0,6460,1553,"12,07","869 943,02","73,14",2822,0,15613
Data,Ocup,Opção,Cheg,Oferta/Uso Interno,Deduz. Individ.,Deduz. Grupos,% Ocup.,Receita Quartos,Preço Médio,Saídas,Quartos FdS,Adul. / Cri.,novembro,Previsão,18-nov-2027 qui,0,0,0,0,0,0,0,-,-,NaN,0,0,0,0,0,0,0,0,0,0,-,-,NaN,0,0,0,Total nov,0,0,0,0,0,0,0,-,-,NaN,0,0,0,Total,8013,3882,2696,0,0,6460,1553,"12,07","869 943,02","73,14",2822,0,15613
Data,Ocup,Opção,Cheg,Oferta/Uso Interno,Deduz. Individ.,Deduz. Grupos,% Ocup.,Receita Quartos,Preço Médio,Saídas,Quartos FdS,Adul. / Cri.,novembro,Previsão,19-nov-2027 sex,0,0,0,0,0,0,0,-,-,NaN,0,0,0,0,0,0,0,0,0,0,-,-,NaN,0,0,0,Total nov,0,0,0,0,0,0,0,-,-,NaN,0,0,0,Total,8013,3882,2696,0,0,6460,1553,"12,07","869 943,02","73,14",2822,0,15613
Data,Ocup,Opção,Cheg,Oferta/Uso Interno,Deduz. Individ.,Deduz. Grupos,% Ocup.,Receita Quartos,Preço Médio,Saídas,Quartos FdS,Adul. / Cri.,novembro,Previsão,20-nov-2027 sáb,0,0,0,0,0,0,0,-,-,NaN,0,0,0,0,0,0,0,0,0,0,-,-,NaN,0,0,0,Total nov,0,0,0,0,0,0,0,-,-,NaN,0,0,0,Total,8013,3882,2696,0,0,6460,1553,"12,07","869 943,02","73,14",2822,0,15613
Data,Ocup,Opção,Cheg,Oferta/Uso Interno,Deduz. Individ.,Deduz. Grupos,% Ocup.,Receita Quartos,Preço Médio,Saídas,Quartos FdS,Adul. / Cri.,novembro,Previsão,21-nov-2027 dom,0,0,0,0,0,0,0,-,-,NaN,0,0,0,0,0,0,0,0,0,0,-,-,NaN,0,0,0,Total nov,0,0,0,0,0,0,0,-,-,NaN,0,0,0,Total,8013,3882,2696,0,0,6460,1553,"12,07","869 943,02","73,14",2822,0,15613
Data,Ocup,Opção,Cheg,Oferta/Uso Interno,Deduz. Individ.,Deduz. Grupos,% Ocup.,Receita Quartos,Preço Médio,Saídas,Quartos FdS,Adul. / Cri.,novembro,Previsão,22-nov-2027 seg,0,0,0,0,0,0,0,-,-,NaN,0,0,0,0,0,0,0,0,0,0,-,-,NaN,0,0,0,Total nov,0,0,0,0,0,0,0,-,-,NaN,0,0,0,Total,8013,3882,2696,0,0,6460,1553,"12,07","869 943,02","73,14",2822,0,15613
Data,Ocup,Opção,Cheg,Oferta/Uso Interno,Deduz. Individ.,Deduz. Grupos,% Ocup.,Receita Quartos,Preço Médio,Saídas,Quartos FdS,Adul. / Cri.,novembro,Previsão,23-nov-2027 ter,0,0,0,0,0,0,0,-,-,NaN,0,0,0,0,0,0,0,0,0,0,-,-,NaN,0,0,0,Total nov,0,0,0,0,0,0,0,-,-,NaN,0,0,0,Total,8013,3882,2696,0,0,6460,1553,"12,07","869 943,02","73,14",2822,0,15613
Data,Ocup,Opção,Cheg,Oferta/Uso Interno,Deduz. Individ.,Deduz. Grupos,% Ocup.,Receita Quartos,Preço Médio,Saídas,Quartos FdS,Adul. / Cri.,novembro,Previsão,24-nov-2027 qua,0,0,0,0,0,0,0,-,-,NaN,0,0,0,0,0,0,0,0,0,0,-,-,NaN,0,0,0,Total nov,0,0,0,0,0,0,0,-,-,NaN,0,0,0,Total,8013,3882,2696,0,0,6460,1553,"12,07","869 943,02","73,14",2822,0,15613
Data,Ocup,Opção,Cheg,Oferta/Uso Interno,Deduz. Individ.,Deduz. Grupos,% Ocup.,Receita Quartos,Preço Médio,Saídas,Quartos FdS,Adul. / Cri.,novembro,Previsão,25-nov-2027 qui,0,0,0,0,0,0,0,-,-,NaN,0,0,0,0,0,0,0,0,0,0,-,-,NaN,0,0,0,Total nov,0,0,0,0,0,0,0,-,-,NaN,0,0,0,Total,8013,3882,2696,0,0,6460,1553,"12,07","869 943,02","73,14",2822,0,15613
Data,Ocup,Opção,Cheg,Oferta/Uso Interno,Deduz. Individ.,Deduz. Grupos,% Ocup.,Receita Quartos,Preço Médio,Saídas,Quartos FdS,Adul. / Cri.,novembro,Previsão,26-nov-2027 sex,0,0,0,0,0,0,0,-,-,NaN,0,0,0,0,0,0,0,0,0,0,-,-,NaN,0,0,0,Total nov,0,0,0,0,0,0,0,-,-,NaN,0,0,0,Total,8013,3882,2696,0,0,6460,1553,"12,07","869 943,02","73,14",2822,0,15613
Data,Ocup,Opção,Cheg,Oferta/Uso Interno,Deduz. Individ.,Deduz. Grupos,% Ocup.,Receita Quartos,Preço Médio,Saídas,Quartos FdS,Adul. / Cri.,novembro,Previsão,27-nov-2027 sáb,0,0,0,0,0,0,0,-,-,NaN,0,0,0,0,0,0,0,0,0,0,-,-,NaN,0,0,0,Total nov,0,0,0,0,0,0,0,-,-,NaN,0,0,0,Total,8013,3882,2696,0,0,6460,1553,"12,07","869 943,02","73,14",2822,0,15613
Data,Ocup,Opção,Cheg,Oferta/Uso Interno,Deduz. Individ.,Deduz. Grupos,% Ocup.,Receita Quartos,Preço Médio,Saídas,Quartos FdS,Adul. / Cri.,novembro,Previsão,28-nov-2027 dom,0,0,0,0,0,0,0,-,-,NaN,0,0,0,0,0,0,0,0,0,0,-,-,NaN,0,0,0,Total nov,0,0,0,0,0,0,0,-,-,NaN,0,0,0,Total,8013,3882,2696,0,0,6460,1553,"12,07","869 943,02","73,14",2822,0,15613
Data,Ocup,Opção,Cheg,Oferta/Uso Interno,Deduz. Individ.,Deduz. Grupos,% Ocup.,Receita Quartos,Preço Médio,Saídas,Quartos FdS,Adul. / Cri.,novembro,Previsão,29-nov-2027 seg,0,0,0,0,0,0,0,-,-,NaN,0,0,0,0,0,0,0,0,0,0,-,-,NaN,0,0,0,Total nov,0,0,0,0,0,0,0,-,-,NaN,0,0,0,Total,8013,3882,2696,0,0,6460,1553,"12,07","869 943,02","73,14",2822,0,15613
Data,Ocup,Opção,Cheg,Oferta/Uso Interno,Deduz. Individ.,Deduz. Grupos,% Ocup.,Receita Quartos,Preço Médio,Saídas,Quartos FdS,Adul. / Cri.,novembro,Previsão,30-nov-2027 ter,0,0,0,0,0,0,0,-,-,NaN,0,0,0,0,0,0,0,0,0,0,-,-,NaN,0,0,0,Total nov,0,0,0,0,0,0,0,-,-,NaN,0,0,0,Total,8013,3882,2696,0,0,6460,1553,"12,07","869 943,02","73,14",2822,0,15613
Data,Ocup,Opção,Cheg,Oferta/Uso Interno,Deduz. Individ.,Deduz. Grupos,% Ocup.,Receita Quartos,Preço Médio,Saídas,Quartos FdS,Adul. / Cri.,dezembro,Previsão,01-dez-2027 qua,0,0,0,0,0,0,0,-,-,NaN,0,0,0,0,0,0,0,0,0,0,-,-,NaN,0,0,0,Total dez,0,0,0,0,0,0,0,-,-,NaN,0,0,0,Total,8013,3882,2696,0,0,6460,1553,"12,07","869 943,02","73,14",2822,0,15613
Data,Ocup,Opção,Cheg,Oferta/Uso Interno,Deduz. Individ.,Deduz. Grupos,% Ocup.,Receita Quartos,Preço Médio,Saídas,Quartos FdS,Adul. / Cri.,dezembro,Previsão,02-dez-2027 qui,0,0,0,0,0,0,0,-,-,NaN,0,0,0,0,0,0,0,0,0,0,-,-,NaN,0,0,0,Total dez,0,0,0,0,0,0,0,-,-,NaN,0,0,0,Total,8013,3882,2696,0,0,6460,1553,"12,07","869 943,02","73,14",2822,0,15613
Data,Ocup,Opção,Cheg,Oferta/Uso Interno,Deduz. Individ.,Deduz. Grupos,% Ocup.,Receita Quartos,Preço Médio,Saídas,Quartos FdS,Adul. / Cri.,dezembro,Previsão,03-dez-2027 sex,0,0,0,0,0,0,0,-,-,NaN,0,0,0,0,0,0,0,0,0,0,-,-,NaN,0,0,0,Total dez,0,0,0,0,0,0,0,-,-,NaN,0,0,0,Total,8013,3882,2696,0,0,6460,1553,"12,07","869 943,02","73,14",2822,0,15613
Data,Ocup,Opção,Cheg,Oferta/Uso Interno,Deduz. Individ.,Deduz. Grupos,% Ocup.,Receita Quartos,Preço Médio,Saídas,Quartos FdS,Adul. / Cri.,dezembro,Previsão,04-dez-2027 sáb,0,0,0,0,0,0,0,-,-,NaN,0,0,0,0,0,0,0,0,0,0,-,-,NaN,0,0,0,Total dez,0,0,0,0,0,0,0,-,-,NaN,0,0,0,Total,8013,3882,2696,0,0,6460,1553,"12,07","869 943,02","73,14",2822,0,15613
Data,Ocup,Opção,Cheg,Oferta/Uso Interno,Deduz. Individ.,Deduz. Grupos,% Ocup.,Receita Quartos,Preço Médio,Saídas,Quartos FdS,Adul. / Cri.,dezembro,Previsão,05-dez-2027 dom,0,0,0,0,0,0,0,-,-,NaN,0,0,0,0,0,0,0,0,0,0,-,-,NaN,0,0,0,Total dez,0,0,0,0,0,0,0,-,-,NaN,0,0,0,Total,8013,3882,2696,0,0,6460,1553,"12,07","869 943,02","73,14",2822,0,15613
Data,Ocup,Opção,Cheg,Oferta/Uso Interno,Deduz. Individ.,Deduz. Grupos,% Ocup.,Receita Quartos,Preço Médio,Saídas,Quartos FdS,Adul. / Cri.,dezembro,Previsão,06-dez-2027 seg,0,0,0,0,0,0,0,-,-,NaN,0,0,0,0,0,0,0,0,0,0,-,-,NaN,0,0,0,Total dez,0,0,0,0,0,0,0,-,-,NaN,0,0,0,Total,8013,3882,2696,0,0,6460,1553,"12,07","869 943,02","73,14",2822,0,15613
Data,Ocup,Opção,Cheg,Oferta/Uso Interno,Deduz. Individ.,Deduz. Grupos,% Ocup.,Receita Quartos,Preço Médio,Saídas,Quartos FdS,Adul. / Cri.,dezembro,Previsão,07-dez-2027 ter,0,0,0,0,0,0,0,-,-,NaN,0,0,0,0,0,0,0,0,0,0,-,-,NaN,0,0,0,Total dez,0,0,0,0,0,0,0,-,-,NaN,0,0,0,Total,8013,3882,2696,0,0,6460,1553,"12,07","869 943,02","73,14",2822,0,15613
Data,Ocup,Opção,Cheg,Oferta/Uso Interno,Deduz. Individ.,Deduz. Grupos,% Ocup.,Receita Quartos,Preço Médio,Saídas,Quartos FdS,Adul. / Cri.,dezembro,Previsão,08-dez-2027 qua,0,0,0,0,0,0,0,-,-,NaN,0,0,0,0,0,0,0,0,0,0,-,-,NaN,0,0,0,Total dez,0,0,0,0,0,0,0,-,-,NaN,0,0,0,Total,8013,3882,2696,0,0,6460,1553,"12,07","869 943,02","73,14",2822,0,15613
Data,Ocup,Opção,Cheg,Oferta/Uso Interno,Deduz. Individ.,Deduz. Grupos,% Ocup.,Receita Quartos,Preço Médio,Saídas,Quartos FdS,Adul. / Cri.,dezembro,Previsão,09-dez-2027 qui,0,0,0,0,0,0,0,-,-,NaN,0,0,0,0,0,0,0,0,0,0,-,-,NaN,0,0,0,Total dez,0,0,0,0,0,0,0,-,-,NaN,0,0,0,Total,8013,3882,2696,0,0,6460,1553,"12,07","869 943,02","73,14",2822,0,15613
Data,Ocup,Opção,Cheg,Oferta/Uso Interno,Deduz. Individ.,Deduz. Grupos,% Ocup.,Receita Quartos,Preço Médio,Saídas,Quartos FdS,Adul. / Cri.,dezembro,Previsão,10-dez-2027 sex,0,0,0,0,0,0,0,-,-,NaN,0,0,0,0,0,0,0,0,0,0,-,-,NaN,0,0,0,Total dez,0,0,0,0,0,0,0,-,-,NaN,0,0,0,Total,8013,3882,2696,0,0,6460,1553,"12,07","869 943,02","73,14",2822,0,15613
Data,Ocup,Opção,Cheg,Oferta/Uso Interno,Deduz. Individ.,Deduz. Grupos,% Ocup.,Receita Quartos,Preço Médio,Saídas,Quartos FdS,Adul. / Cri.,dezembro,Previsão,11-dez-2027 sáb,0,0,0,0,0,0,0,-,-,NaN,0,0,0,0,0,0,0,0,0,0,-,-,NaN,0,0,0,Total dez,0,0,0,0,0,0,0,-,-,NaN,0,0,0,Total,8013,3882,2696,0,0,6460,1553,"12,07","869 943,02","73,14",2822,0,15613
Data,Ocup,Opção,Cheg,Oferta/Uso Interno,Deduz. Individ.,Deduz. Grupos,% Ocup.,Receita Quartos,Preço Médio,Saídas,Quartos FdS,Adul. / Cri.,dezembro,Previsão,12-dez-2027 dom,0,0,0,0,0,0,0,-,-,NaN,0,0,0,0,0,0,0,0,0,0,-,-,NaN,0,0,0,Total dez,0,0,0,0,0,0,0,-,-,NaN,0,0,0,Total,8013,3882,2696,0,0,6460,1553,"12,07","869 943,02","73,14",2822,0,15613
Data,Ocup,Opção,Cheg,Oferta/Uso Interno,Deduz. Individ.,Deduz. Grupos,% Ocup.,Receita Quartos,Preço Médio,Saídas,Quartos FdS,Adul. / Cri.,dezembro,Previsão,13-dez-2027 seg,0,0,0,0,0,0,0,-,-,NaN,0,0,0,0,0,0,0,0,0,0,-,-,NaN,0,0,0,Total dez,0,0,0,0,0,0,0,-,-,NaN,0,0,0,Total,8013,3882,2696,0,0,6460,1553,"12,07","869 943,02","73,14",2822,0,15613
Data,Ocup,Opção,Cheg,Oferta/Uso Interno,Deduz. Individ.,Deduz. Grupos,% Ocup.,Receita Quartos,Preço Médio,Saídas,Quartos FdS,Adul. / Cri.,dezembro,Previsão,14-dez-2027 ter,0,0,0,0,0,0,0,-,-,NaN,0,0,0,0,0,0,0,0,0,0,-,-,NaN,0,0,0,Total dez,0,0,0,0,0,0,0,-,-,NaN,0,0,0,Total,8013,3882,2696,0,0,6460,1553,"12,07","869 943,02","73,14",2822,0,15613
Data,Ocup,Opção,Cheg,Oferta/Uso Interno,Deduz. Individ.,Deduz. Grupos,% Ocup.,Receita Quartos,Preço Médio,Saídas,Quartos FdS,Adul. / Cri.,dezembro,Previsão,15-dez-2027 qua,0,0,0,0,0,0,0,-,-,NaN,0,0,0,0,0,0,0,0,0,0,-,-,NaN,0,0,0,Total dez,0,0,0,0,0,0,0,-,-,NaN,0,0,0,Total,8013,3882,2696,0,0,6460,1553,"12,07","869 943,02","73,14",2822,0,15613
Data,Ocup,Opção,Cheg,Oferta/Uso Interno,Deduz. Individ.,Deduz. Grupos,% Ocup.,Receita Quartos,Preço Médio,Saídas,Quartos FdS,Adul. / Cri.,dezembro,Previsão,16-dez-2027 qui,0,0,0,0,0,0,0,-,-,NaN,0,0,0,0,0,0,0,0,0,0,-,-,NaN,0,0,0,Total dez,0,0,0,0,0,0,0,-,-,NaN,0,0,0,Total,8013,3882,2696,0,0,6460,1553,"12,07","869 943,02","73,14",2822,0,15613
Data,Ocup,Opção,Cheg,Oferta/Uso Interno,Deduz. Individ.,Deduz. Grupos,% Ocup.,Receita Quartos,Preço Médio,Saídas,Quartos FdS,Adul. / Cri.,dezembro,Previsão,17-dez-2027 sex,0,0,0,0,0,0,0,-,-,NaN,0,0,0,0,0,0,0,0,0,0,-,-,NaN,0,0,0,Total dez,0,0,0,0,0,0,0,-,-,NaN,0,0,0,Total,8013,3882,2696,0,0,6460,1553,"12,07","869 943,02","73,14",2822,0,15613
Data,Ocup,Opção,Cheg,Oferta/Uso Interno,Deduz. Individ.,Deduz. Grupos,% Ocup.,Receita Quartos,Preço Médio,Saídas,Quartos FdS,Adul. / Cri.,dezembro,Previsão,18-dez-2027 sáb,0,0,0,0,0,0,0,-,-,NaN,0,0,0,0,0,0,0,0,0,0,-,-,NaN,0,0,0,Total dez,0,0,0,0,0,0,0,-,-,NaN,0,0,0,Total,8013,3882,2696,0,0,6460,1553,"12,07","869 943,02","73,14",2822,0,15613
Data,Ocup,Opção,Cheg,Oferta/Uso Interno,Deduz. Individ.,Deduz. Grupos,% Ocup.,Receita Quartos,Preço Médio,Saídas,Quartos FdS,Adul. / Cri.,dezembro,Previsão,19-dez-2027 dom,0,0,0,0,0,0,0,-,-,NaN,0,0,0,0,0,0,0,0,0,0,-,-,NaN,0,0,0,Total dez,0,0,0,0,0,0,0,-,-,NaN,0,0,0,Total,8013,3882,2696,0,0,6460,1553,"12,07","869 943,02","73,14",2822,0,15613
Data,Ocup,Opção,Cheg,Oferta/Uso Interno,Deduz. Individ.,Deduz. Grupos,% Ocup.,Receita Quartos,Preço Médio,Saídas,Quartos FdS,Adul. / Cri.,dezembro,Previsão,20-dez-2027 seg,0,0,0,0,0,0,0,-,-,NaN,0,0,0,0,0,0,0,0,0,0,-,-,NaN,0,0,0,Total dez,0,0,0,0,0,0,0,-,-,NaN,0,0,0,Total,8013,3882,2696,0,0,6460,1553,"12,07","869 943,02","73,14",2822,0,15613
Data,Ocup,Opção,Cheg,Oferta/Uso Interno,Deduz. Individ.,Deduz. Grupos,% Ocup.,Receita Quartos,Preço Médio,Saídas,Quartos FdS,Adul. / Cri.,dezembro,Previsão,21-dez-2027 ter,0,0,0,0,0,0,0,-,-,NaN,0,0,0,0,0,0,0,0,0,0,-,-,NaN,0,0,0,Total dez,0,0,0,0,0,0,0,-,-,NaN,0,0,0,Total,8013,3882,2696,0,0,6460,1553,"12,07","869 943,02","73,14",2822,0,15613
Data,Ocup,Opção,Cheg,Oferta/Uso Interno,Deduz. Individ.,Deduz. Grupos,% Ocup.,Receita Quartos,Preço Médio,Saídas,Quartos FdS,Adul. / Cri.,dezembro,Previsão,22-dez-2027 qua,0,0,0,0,0,0,0,-,-,NaN,0,0,0,0,0,0,0,0,0,0,-,-,NaN,0,0,0,Total dez,0,0,0,0,0,0,0,-,-,NaN,0,0,0,Total,8013,3882,2696,0,0,6460,1553,"12,07","869 943,02","73,14",2822,0,15613
Data,Ocup,Opção,Cheg,Oferta/Uso Interno,Deduz. Individ.,Deduz. Grupos,% Ocup.,Receita Quartos,Preço Médio,Saídas,Quartos FdS,Adul. / Cri.,dezembro,Previsão,23-dez-2027 qui,0,0,0,0,0,0,0,-,-,NaN,0,0,0,0,0,0,0,0,0,0,-,-,NaN,0,0,0,Total dez,0,0,0,0,0,0,0,-,-,NaN,0,0,0,Total,8013,3882,2696,0,0,6460,1553,"12,07","869 943,02","73,14",2822,0,15613
Data,Ocup,Opção,Cheg,Oferta/Uso Interno,Deduz. Individ.,Deduz. Grupos,% Ocup.,Receita Quartos,Preço Médio,Saídas,Quartos FdS,Adul. / Cri.,dezembro,Previsão,24-dez-2027 sex,0,0,0,0,0,0,0,-,-,NaN,0,0,0,0,0,0,0,0,0,0,-,-,NaN,0,0,0,Total dez,0,0,0,0,0,0,0,-,-,NaN,0,0,0,Total,8013,3882,2696,0,0,6460,1553,"12,07","869 943,02","73,14",2822,0,15613
Data,Ocup,Opção,Cheg,Oferta/Uso Interno,Deduz. Individ.,Deduz. Grupos,% Ocup.,Receita Quartos,Preço Médio,Saídas,Quartos FdS,Adul. / Cri.,dezembro,Previsão,25-dez-2027 sáb,0,0,0,0,0,0,0,-,-,NaN,0,0,0,0,0,0,0,0,0,0,-,-,NaN,0,0,0,Total dez,0,0,0,0,0,0,0,-,-,NaN,0,0,0,Total,8013,3882,2696,0,0,6460,1553,"12,07","869 943,02","73,14",2822,0,15613
Data,Ocup,Opção,Cheg,Oferta/Uso Interno,Deduz. Individ.,Deduz. Grupos,% Ocup.,Receita Quartos,Preço Médio,Saídas,Quartos FdS,Adul. / Cri.,dezembro,Previsão,26-dez-2027 dom,0,0,0,0,0,0,0,-,-,NaN,0,0,0,0,0,0,0,0,0,0,-,-,NaN,0,0,0,Total dez,0,0,0,0,0,0,0,-,-,NaN,0,0,0,Total,8013,3882,2696,0,0,6460,1553,"12,07","869 943,02","73,14",2822,0,15613
Data,Ocup,Opção,Cheg,Oferta/Uso Interno,Deduz. Individ.,Deduz. Grupos,% Ocup.,Receita Quartos,Preço Médio,Saídas,Quartos FdS,Adul. / Cri.,dezembro,Previsão,27-dez-2027 seg,0,0,0,0,0,0,0,-,-,NaN,0,0,0,0,0,0,0,0,0,0,-,-,NaN,0,0,0,Total dez,0,0,0,0,0,0,0,-,-,NaN,0,0,0,Total,8013,3882,2696,0,0,6460,1553,"12,07","869 943,02","73,14",2822,0,15613
Data,Ocup,Opção,Cheg,Oferta/Uso Interno,Deduz. Individ.,Deduz. Grupos,% Ocup.,Receita Quartos,Preço Médio,Saídas,Quartos FdS,Adul. / Cri.,dezembro,Previsão,28-dez-2027 ter,0,0,0,0,0,0,0,-,-,NaN,0,0,0,0,0,0,0,0,0,0,-,-,NaN,0,0,0,Total dez,0,0,0,0,0,0,0,-,-,NaN,0,0,0,Total,8013,3882,2696,0,0,6460,1553,"12,07","869 943,02","73,14",2822,0,15613
Data,Ocup,Opção,Cheg,Oferta/Uso Interno,Deduz. Individ.,Deduz. Grupos,% Ocup.,Receita Quartos,Preço Médio,Saídas,Quartos FdS,Adul. / Cri.,dezembro,Previsão,29-dez-2027 qua,0,0,0,0,0,0,0,-,-,NaN,0,0,0,0,0,0,0,0,0,0,-,-,NaN,0,0,0,Total dez,0,0,0,0,0,0,0,-,-,NaN,0,0,0,Total,8013,3882,2696,0,0,6460,1553,"12,07","869 943,02","73,14",2822,0,15613
Data,Ocup,Opção,Cheg,Oferta/Uso Interno,Deduz. Individ.,Deduz. Grupos,% Ocup.,Receita Quartos,Preço Médio,Saídas,Quartos FdS,Adul. / Cri.,dezembro,Previsão,30-dez-2027 qui,0,0,0,0,0,0,0,-,-,NaN,0,0,0,0,0,0,0,0,0,0,-,-,NaN,0,0,0,Total dez,0,0,0,0,0,0,0,-,-,NaN,0,0,0,Total,8013,3882,2696,0,0,6460,1553,"12,07","869 943,02","73,14",2822,0,15613
Data,Ocup,Opção,Cheg,Oferta/Uso Interno,Deduz. Individ.,Deduz. Grupos,% Ocup.,Receita Quartos,Preço Médio,Saídas,Quartos FdS,Adul. / Cri.,dezembro,Previsão,31-dez-2027 sex,0,0,0,0,0,0,0,-,-,NaN,0,0,0,0,0,0,0,0,0,0,-,-,NaN,0,0,0,Total dez,0,0,0,0,0,0,0,-,-,NaN,0,0,0,Total,8013,3882,2696,0,0,6460,1553,"12,07","869 943,02","73,14",2822,0,15613

