Textbox53,Textbox55,Textbox3,Textbox57,Textbox59,Textbox63,Textbox65,Textbox67,Textbox69,Textbox77,Textbox73,Textbox75,Textbox79,Textbox23,Textbox100,hoteldate,Occ,xoption,Arr,Comp,House,Indiv,Group,Occ_perct,RoomRev,Avg,Dep,OOO,Ad_Ch,Textbox86,Textbox6,Textbox87,Textbox88,Textbox89,Textbox90,Textbox91,Textbox92,Textbox93,Textbox94,Textbox95,Textbox96,Textbox97,Textbox9,Textbox127,Textbox7,Textbox128,Textbox129,Textbox130,Textbox131,Textbox132,Textbox133,Textbox134,Textbox135,Textbox136,Textbox137,Textbox138,Textbox113,Textbox99,xoption1,Textbox139,Textbox140,Textbox141,Textbox142,Textbox143,Textbox144,Textbox145,Textbox146,Textbox147,Textbox148,Textbox149
Data,Ocup,Opção,Cheg,Oferta/Uso Interno,Deduz. Individ.,Deduz. Grupos,% Ocup.,Receita Quartos,Preço Médio,Saídas,Quartos FdS,Adul. / Cri.,janeiro,Histórico,01-jan-2025 qua,133,0,55,0,0,122,11,"98,52","16 530,15","124,29",57,0,250,2762,0,1012,0,5,2501,261,"66,00","252 681,65","91,49",1040,0,4978,Total jan,2762,0,1012,0,5,2501,261,"66,00","252 681,65","91,49",1040,0,4978,Total,47595,4649,16941,0,64,41053,6542,"53,02","6 309 992,65","120,78",17076,134,87094
Data,Ocup,Opção,Cheg,Oferta/Uso Interno,Deduz. Individ.,Deduz. Grupos,% Ocup.,Receita Quartos,Preço Médio,Saídas,Quartos FdS,Adul. / Cri.,janeiro,Histórico,02-jan-2025 qui,117,0,27,0,0,106,11,"86,67","13 204,43","112,86",43,0,219,2762,0,1012,0,5,2501,261,"66,00","252 681,65","91,49",1040,0,4978,Total jan,2762,0,1012,0,5,2501,261,"66,00","252 681,65","91,49",1040,0,4978,Total,47595,4649,16941,0,64,41053,6542,"53,02","6 309 992,65","120,78",17076,134,87094
Data,Ocup,Opção,Cheg,Oferta/Uso Interno,Deduz. Individ.,Deduz. Grupos,% Ocup.,Receita Quartos,Preço Médio,Saídas,Quartos FdS,Adul. / Cri.,janeiro,Histórico,03-jan-2025 sex,119,0,41,0,0,112,7,"88,15","12 141,25","102,03",39,0,227,2762,0,1012,0,5,2501,261,"66,00","252 681,65","91,49",1040,0,4978,Total jan,2762,0,1012,0,5,2501,261,"66,00","252 681,65","91,49",1040,0,4978,Total,47595,4649,16941,0,64,41053,6542,"53,02","6 309 992,65","120,78",17076,134,87094
Data,Ocup,Opção,Cheg,Oferta/Uso Interno,Deduz. Individ.,Deduz. Grupos,% Ocup.,Receita Quartos,Preço Médio,Saídas,Quartos FdS,Adul. / Cri.,janeiro,Histórico,04-jan-2025 sáb,103,0,19,0,0,96,7,"76,30","9 716,09","94,33",35,0,192,2762,0,1012,0,5,2501,261,"66,00","252 681,65","91,49",1040,0,4978,Total jan,2762,0,1012,0,5,2501,261,"66,00","252 681,65","91,49",1040,0,4978,Total,47595,4649,16941,0,64,41053,6542,"53,02","6 309 992,65","120,78",17076,134,87094
Data,Ocup,Opção,Cheg,Oferta/Uso Interno,Deduz. Individ.,Deduz. Grupos,% Ocup.,Receita Quartos,Preço Médio,Saídas,Quartos FdS,Adul. / Cri.,janeiro,Histórico,05-jan-2025 dom,91,0,37,0,0,84,7,"67,41","7 845,61","86,22",49,0,167,2762,0,1012,0,5,2501,261,"66,00","252 681,65","91,49",1040,0,4978,Total jan,2762,0,1012,0,5,2501,261,"66,00","252 681,65","91,49",1040,0,4978,Total,47595,4649,16941,0,64,41053,6542,"53,02","6 309 992,65","120,78",17076,134,87094
Data,Ocup,Opção,Cheg,Oferta/Uso Interno,Deduz. Individ.,Deduz. Grupos,% Ocup.,Receita Quartos,Preço Médio,Saídas,Quartos FdS,Adul. / Cri.,janeiro,Histórico,06-jan-2025 seg,69,0,18,0,0,69,0,"51,11","5 667,90","82,14",40,0,129,2762,0,1012,0,5,2501,261,"66,00","252 681,65","91,49",1040,0,4978,Total jan,2762,0,1012,0,5,2501,261,"66,00","252 681,65","91,49",1040,0,4978,Total,47595,4649,16941,0,64,41053,6542,"53,02","6 309 992,65","120,78",17076,134,87094
Data,Ocup,Opção,Cheg,Oferta/Uso Interno,Deduz. Individ.,Deduz. Grupos,% Ocup.,Receita Quartos,Preço Médio,Saídas,Quartos FdS,Adul. / Cri.,janeiro,Histórico,07-jan-2025 ter,71,0,15,0,0,71,0,"52,59","5 906,89","83,20",13,0,134,2762,0,1012,0,5,2501,261,"66,00","252 681,65","91,49",1040,0,4978,Total jan,2762,0,1012,0,5,2501,261,"66,00","252 681,65","91,49",1040,0,4978,Total,47595,4649,16941,0,64,41053,6542,"53,02","6 309 992,65","120,78",17076,134,87094
Data,Ocup,Opção,Cheg,Oferta/Uso Interno,Deduz. Individ.,Deduz. Grupos,% Ocup.,Receita Quartos,Preço Médio,Saídas,Quartos FdS,Adul. / Cri.,janeiro,Histórico,08-jan-2025 qua,79,0,34,0,0,79,0,"58,52","6 630,34","83,93",26,0,146,2762,0,1012,0,5,2501,261,"66,00","252 681,65","91,49",1040,0,4978,Total jan,2762,0,1012,0,5,2501,261,"66,00","252 681,65","91,49",1040,0,4978,Total,47595,4649,16941,0,64,41053,6542,"53,02","6 309 992,65","120,78",17076,134,87094
Data,Ocup,Opção,Cheg,Oferta/Uso Interno,Deduz. Individ.,Deduz. Grupos,% Ocup.,Receita Quartos,Preço Médio,Saídas,Quartos FdS,Adul. / Cri.,janeiro,Histórico,09-jan-2025 qui,84,0,25,0,0,84,0,"62,22","6 821,83","81,21",20,0,160,2762,0,1012,0,5,2501,261,"66,00","252 681,65","91,49",1040,0,4978,Total jan,2762,0,1012,0,5,2501,261,"66,00","252 681,65","91,49",1040,0,4978,Total,47595,4649,16941,0,64,41053,6542,"53,02","6 309 992,65","120,78",17076,134,87094
Data,Ocup,Opção,Cheg,Oferta/Uso Interno,Deduz. Individ.,Deduz. Grupos,% Ocup.,Receita Quartos,Preço Médio,Saídas,Quartos FdS,Adul. / Cri.,janeiro,Histórico,10-jan-2025 sex,75,0,24,0,0,75,0,"55,56","7 906,57","105,42",33,0,141,2762,0,1012,0,5,2501,261,"66,00","252 681,65","91,49",1040,0,4978,Total jan,2762,0,1012,0,5,2501,261,"66,00","252 681,65","91,49",1040,0,4978,Total,47595,4649,16941,0,64,41053,6542,"53,02","6 309 992,65","120,78",17076,134,87094
Data,Ocup,Opção,Cheg,Oferta/Uso Interno,Deduz. Individ.,Deduz. Grupos,% Ocup.,Receita Quartos,Preço Médio,Saídas,Quartos FdS,Adul. / Cri.,janeiro,Histórico,11-jan-2025 sáb,75,0,21,0,0,75,0,"55,56","7 879,27","105,06",21,0,137,2762,0,1012,0,5,2501,261,"66,00","252 681,65","91,49",1040,0,4978,Total jan,2762,0,1012,0,5,2501,261,"66,00","252 681,65","91,49",1040,0,4978,Total,47595,4649,16941,0,64,41053,6542,"53,02","6 309 992,65","120,78",17076,134,87094
Data,Ocup,Opção,Cheg,Oferta/Uso Interno,Deduz. Individ.,Deduz. Grupos,% Ocup.,Receita Quartos,Preço Médio,Saídas,Quartos FdS,Adul. / Cri.,janeiro,Histórico,12-jan-2025 dom,58,0,21,0,0,58,0,"42,96","4 788,00","82,55",38,0,107,2762,0,1012,0,5,2501,261,"66,00","252 681,65","91,49",1040,0,4978,Total jan,2762,0,1012,0,5,2501,261,"66,00","252 681,65","91,49",1040,0,4978,Total,47595,4649,16941,0,64,41053,6542,"53,02","6 309 992,65","120,78",17076,134,87094
Data,Ocup,Opção,Cheg,Oferta/Uso Interno,Deduz. Individ.,Deduz. Grupos,% Ocup.,Receita Quartos,Preço Médio,Saídas,Quartos FdS,Adul. / Cri.,janeiro,Histórico,13-jan-2025 seg,61,0,23,0,0,61,0,"45,19","4 930,84","80,83",20,0,111,2762,0,1012,0,5,2501,261,"66,00","252 681,65","91,49",1040,0,4978,Total jan,2762,0,1012,0,5,2501,261,"66,00","252 681,65","91,49",1040,0,4978,Total,47595,4649,16941,0,64,41053,6542,"53,02","6 309 992,65","120,78",17076,134,87094
Data,Ocup,Opção,Cheg,Oferta/Uso Interno,Deduz. Individ.,Deduz. Grupos,% Ocup.,Receita Quartos,Preço Médio,Saídas,Quartos FdS,Adul. / Cri.,janeiro,Histórico,14-jan-2025 ter,65,0,25,0,0,59,6,"48,15","5 525,91","85,01",21,0,117,2762,0,1012,0,5,2501,261,"66,00","252 681,65","91,49",1040,0,4978,Total jan,2762,0,1012,0,5,2501,261,"66,00","252 681,65","91,49",1040,0,4978,Total,47595,4649,16941,0,64,41053,6542,"53,02","6 309 992,65","120,78",17076,134,87094
Data,Ocup,Opção,Cheg,Oferta/Uso Interno,Deduz. Individ.,Deduz. Grupos,% Ocup.,Receita Quartos,Preço Médio,Saídas,Quartos FdS,Adul. / Cri.,janeiro,Histórico,15-jan-2025 qua,104,0,63,0,0,54,50,"77,04","9 031,85","86,84",24,0,153,2762,0,1012,0,5,2501,261,"66,00","252 681,65","91,49",1040,0,4978,Total jan,2762,0,1012,0,5,2501,261,"66,00","252 681,65","91,49",1040,0,4978,Total,47595,4649,16941,0,64,41053,6542,"53,02","6 309 992,65","120,78",17076,134,87094
Data,Ocup,Opção,Cheg,Oferta/Uso Interno,Deduz. Individ.,Deduz. Grupos,% Ocup.,Receita Quartos,Preço Médio,Saídas,Quartos FdS,Adul. / Cri.,janeiro,Histórico,16-jan-2025 qui,111,0,26,0,0,60,51,"82,22","9 678,76","87,20",19,0,165,2762,0,1012,0,5,2501,261,"66,00","252 681,65","91,49",1040,0,4978,Total jan,2762,0,1012,0,5,2501,261,"66,00","252 681,65","91,49",1040,0,4978,Total,47595,4649,16941,0,64,41053,6542,"53,02","6 309 992,65","120,78",17076,134,87094
Data,Ocup,Opção,Cheg,Oferta/Uso Interno,Deduz. Individ.,Deduz. Grupos,% Ocup.,Receita Quartos,Preço Médio,Saídas,Quartos FdS,Adul. / Cri.,janeiro,Histórico,17-jan-2025 sex,83,0,39,0,0,77,6,"61,48","7 792,91","93,89",67,0,149,2762,0,1012,0,5,2501,261,"66,00","252 681,65","91,49",1040,0,4978,Total jan,2762,0,1012,0,5,2501,261,"66,00","252 681,65","91,49",1040,0,4978,Total,47595,4649,16941,0,64,41053,6542,"53,02","6 309 992,65","120,78",17076,134,87094
Data,Ocup,Opção,Cheg,Oferta/Uso Interno,Deduz. Individ.,Deduz. Grupos,% Ocup.,Receita Quartos,Preço Médio,Saídas,Quartos FdS,Adul. / Cri.,janeiro,Histórico,18-jan-2025 sáb,100,0,38,0,0,95,5,"74,07","9 396,61","93,97",21,0,184,2762,0,1012,0,5,2501,261,"66,00","252 681,65","91,49",1040,0,4978,Total jan,2762,0,1012,0,5,2501,261,"66,00","252 681,65","91,49",1040,0,4978,Total,47595,4649,16941,0,64,41053,6542,"53,02","6 309 992,65","120,78",17076,134,87094
Data,Ocup,Opção,Cheg,Oferta/Uso Interno,Deduz. Individ.,Deduz. Grupos,% Ocup.,Receita Quartos,Preço Médio,Saídas,Quartos FdS,Adul. / Cri.,janeiro,Histórico,19-jan-2025 dom,79,0,30,0,0,79,0,"58,52","6 580,58","83,30",51,0,139,2762,0,1012,0,5,2501,261,"66,00","252 681,65","91,49",1040,0,4978,Total jan,2762,0,1012,0,5,2501,261,"66,00","252 681,65","91,49",1040,0,4978,Total,47595,4649,16941,0,64,41053,6542,"53,02","6 309 992,65","120,78",17076,134,87094
Data,Ocup,Opção,Cheg,Oferta/Uso Interno,Deduz. Individ.,Deduz. Grupos,% Ocup.,Receita Quartos,Preço Médio,Saídas,Quartos FdS,Adul. / Cri.,janeiro,Histórico,20-jan-2025 seg,98,0,40,0,0,88,10,"72,59","8 719,11","88,97",21,0,165,2762,0,1012,0,5,2501,261,"66,00","252 681,65","91,49",1040,0,4978,Total jan,2762,0,1012,0,5,2501,261,"66,00","252 681,65","91,49",1040,0,4978,Total,47595,4649,16941,0,64,41053,6542,"53,02","6 309 992,65","120,78",17076,134,87094
Data,Ocup,Opção,Cheg,Oferta/Uso Interno,Deduz. Individ.,Deduz. Grupos,% Ocup.,Receita Quartos,Preço Médio,Saídas,Quartos FdS,Adul. / Cri.,janeiro,Histórico,21-jan-2025 ter,97,0,31,0,0,87,10,"71,85","7 894,34","81,38",32,0,159,2762,0,1012,0,5,2501,261,"66,00","252 681,65","91,49",1040,0,4978,Total jan,2762,0,1012,0,5,2501,261,"66,00","252 681,65","91,49",1040,0,4978,Total,47595,4649,16941,0,64,41053,6542,"53,02","6 309 992,65","120,78",17076,134,87094
Data,Ocup,Opção,Cheg,Oferta/Uso Interno,Deduz. Individ.,Deduz. Grupos,% Ocup.,Receita Quartos,Preço Médio,Saídas,Quartos FdS,Adul. / Cri.,janeiro,Histórico,22-jan-2025 qua,55,0,20,0,0,55,0,"40,74","4 400,67","80,01",62,0,103,2762,0,1012,0,5,2501,261,"66,00","252 681,65","91,49",1040,0,4978,Total jan,2762,0,1012,0,5,2501,261,"66,00","252 681,65","91,49",1040,0,4978,Total,47595,4649,16941,0,64,41053,6542,"53,02","6 309 992,65","120,78",17076,134,87094
Data,Ocup,Opção,Cheg,Oferta/Uso Interno,Deduz. Individ.,Deduz. Grupos,% Ocup.,Receita Quartos,Preço Médio,Saídas,Quartos FdS,Adul. / Cri.,janeiro,Histórico,23-jan-2025 qui,77,0,34,0,2,77,0,"57,04","5 927,61","76,98",12,0,139,2762,0,1012,0,5,2501,261,"66,00","252 681,65","91,49",1040,0,4978,Total jan,2762,0,1012,0,5,2501,261,"66,00","252 681,65","91,49",1040,0,4978,Total,47595,4649,16941,0,64,41053,6542,"53,02","6 309 992,65","120,78",17076,134,87094
Data,Ocup,Opção,Cheg,Oferta/Uso Interno,Deduz. Individ.,Deduz. Grupos,% Ocup.,Receita Quartos,Preço Médio,Saídas,Quartos FdS,Adul. / Cri.,janeiro,Histórico,24-jan-2025 sex,101,0,51,0,2,85,16,"74,81","10 098,96","99,99",27,0,190,2762,0,1012,0,5,2501,261,"66,00","252 681,65","91,49",1040,0,4978,Total jan,2762,0,1012,0,5,2501,261,"66,00","252 681,65","91,49",1040,0,4978,Total,47595,4649,16941,0,64,41053,6542,"53,02","6 309 992,65","120,78",17076,134,87094
Data,Ocup,Opção,Cheg,Oferta/Uso Interno,Deduz. Individ.,Deduz. Grupos,% Ocup.,Receita Quartos,Preço Médio,Saídas,Quartos FdS,Adul. / Cri.,janeiro,Histórico,25-jan-2025 sáb,107,0,48,0,0,94,13,"79,26","10 066,30","94,08",42,0,196,2762,0,1012,0,5,2501,261,"66,00","252 681,65","91,49",1040,0,4978,Total jan,2762,0,1012,0,5,2501,261,"66,00","252 681,65","91,49",1040,0,4978,Total,47595,4649,16941,0,64,41053,6542,"53,02","6 309 992,65","120,78",17076,134,87094
Data,Ocup,Opção,Cheg,Oferta/Uso Interno,Deduz. Individ.,Deduz. Grupos,% Ocup.,Receita Quartos,Preço Médio,Saídas,Quartos FdS,Adul. / Cri.,janeiro,Histórico,26-jan-2025 dom,83,0,26,0,0,83,0,"61,48","7 092,58","85,45",50,0,160,2762,0,1012,0,5,2501,261,"66,00","252 681,65","91,49",1040,0,4978,Total jan,2762,0,1012,0,5,2501,261,"66,00","252 681,65","91,49",1040,0,4978,Total,47595,4649,16941,0,64,41053,6542,"53,02","6 309 992,65","120,78",17076,134,87094
Data,Ocup,Opção,Cheg,Oferta/Uso Interno,Deduz. Individ.,Deduz. Grupos,% Ocup.,Receita Quartos,Preço Médio,Saídas,Quartos FdS,Adul. / Cri.,janeiro,Histórico,27-jan-2025 seg,86,0,34,0,0,86,0,"63,70","7 275,19","84,60",31,0,161,2762,0,1012,0,5,2501,261,"66,00","252 681,65","91,49",1040,0,4978,Total jan,2762,0,1012,0,5,2501,261,"66,00","252 681,65","91,49",1040,0,4978,Total,47595,4649,16941,0,64,41053,6542,"53,02","6 309 992,65","120,78",17076,134,87094
Data,Ocup,Opção,Cheg,Oferta/Uso Interno,Deduz. Individ.,Deduz. Grupos,% Ocup.,Receita Quartos,Preço Médio,Saídas,Quartos FdS,Adul. / Cri.,janeiro,Histórico,28-jan-2025 ter,96,0,42,0,0,76,20,"71,11","8 116,76","84,55",32,0,164,2762,0,1012,0,5,2501,261,"66,00","252 681,65","91,49",1040,0,4978,Total jan,2762,0,1012,0,5,2501,261,"66,00","252 681,65","91,49",1040,0,4978,Total,47595,4649,16941,0,64,41053,6542,"53,02","6 309 992,65","120,78",17076,134,87094
Data,Ocup,Opção,Cheg,Oferta/Uso Interno,Deduz. Individ.,Deduz. Grupos,% Ocup.,Receita Quartos,Preço Médio,Saídas,Quartos FdS,Adul. / Cri.,janeiro,Histórico,29-jan-2025 qua,100,0,25,0,0,80,20,"74,07","8 322,78","83,23",21,0,165,2762,0,1012,0,5,2501,261,"66,00","252 681,65","91,49",1040,0,4978,Total jan,2762,0,1012,0,5,2501,261,"66,00","252 681,65","91,49",1040,0,4978,Total,47595,4649,16941,0,64,41053,6542,"53,02","6 309 992,65","120,78",17076,134,87094
Data,Ocup,Opção,Cheg,Oferta/Uso Interno,Deduz. Individ.,Deduz. Grupos,% Ocup.,Receita Quartos,Preço Médio,Saídas,Quartos FdS,Adul. / Cri.,janeiro,Histórico,30-jan-2025 qui,78,0,28,0,0,78,0,"57,78","6 710,14","86,03",50,0,147,2762,0,1012,0,5,2501,261,"66,00","252 681,65","91,49",1040,0,4978,Total jan,2762,0,1012,0,5,2501,261,"66,00","252 681,65","91,49",1040,0,4978,Total,47595,4649,16941,0,64,41053,6542,"53,02","6 309 992,65","120,78",17076,134,87094
Data,Ocup,Opção,Cheg,Oferta/Uso Interno,Deduz. Individ.,Deduz. Grupos,% Ocup.,Receita Quartos,Preço Médio,Saídas,Quartos FdS,Adul. / Cri.,janeiro,Histórico,31-jan-2025 sex,107,0,52,0,1,96,11,"79,26","10 081,41","94,22",23,0,202,2762,0,1012,0,5,2501,261,"66,00","252 681,65","91,49",1040,0,4978,Total jan,2762,0,1012,0,5,2501,261,"66,00","252 681,65","91,49",1040,0,4978,Total,47595,4649,16941,0,64,41053,6542,"53,02","6 309 992,65","120,78",17076,134,87094
Data,Ocup,Opção,Cheg,Oferta/Uso Interno,Deduz. Individ.,Deduz. Grupos,% Ocup.,Receita Quartos,Preço Médio,Saídas,Quartos FdS,Adul. / Cri.,fevereiro,Histórico,01-fev-2025 sáb,111,0,45,0,1,98,13,"82,22","10 741,26","96,77",41,0,204,2981,0,1037,0,7,2832,149,"78,86","282 906,35","94,90",1021,0,5468,Total fev,2981,0,1037,0,7,2832,149,"78,86","282 906,35","94,90",1021,0,5468,Total,47595,4649,16941,0,64,41053,6542,"53,02","6 309 992,65","120,78",17076,134,87094
Data,Ocup,Opção,Cheg,Oferta/Uso Interno,Deduz. Individ.,Deduz. Grupos,% Ocup.,Receita Quartos,Preço Médio,Saídas,Quartos FdS,Adul. / Cri.,fevereiro,Histórico,02-fev-2025 dom,75,0,18,0,1,75,0,"55,56","6 339,94","84,53",54,0,139,2981,0,1037,0,7,2832,149,"78,86","282 906,35","94,90",1021,0,5468,Total fev,2981,0,1037,0,7,2832,149,"78,86","282 906,35","94,90",1021,0,5468,Total,47595,4649,16941,0,64,41053,6542,"53,02","6 309 992,65","120,78",17076,134,87094
Data,Ocup,Opção,Cheg,Oferta/Uso Interno,Deduz. Individ.,Deduz. Grupos,% Ocup.,Receita Quartos,Preço Médio,Saídas,Quartos FdS,Adul. / Cri.,fevereiro,Histórico,03-fev-2025 seg,63,0,22,0,0,63,0,"46,67","5 469,23","86,81",34,0,117,2981,0,1037,0,7,2832,149,"78,86","282 906,35","94,90",1021,0,5468,Total fev,2981,0,1037,0,7,2832,149,"78,86","282 906,35","94,90",1021,0,5468,Total,47595,4649,16941,0,64,41053,6542,"53,02","6 309 992,65","120,78",17076,134,87094
Data,Ocup,Opção,Cheg,Oferta/Uso Interno,Deduz. Individ.,Deduz. Grupos,% Ocup.,Receita Quartos,Preço Médio,Saídas,Quartos FdS,Adul. / Cri.,fevereiro,Histórico,04-fev-2025 ter,61,0,24,0,0,61,0,"45,19","5 314,19","87,12",26,0,110,2981,0,1037,0,7,2832,149,"78,86","282 906,35","94,90",1021,0,5468,Total fev,2981,0,1037,0,7,2832,149,"78,86","282 906,35","94,90",1021,0,5468,Total,47595,4649,16941,0,64,41053,6542,"53,02","6 309 992,65","120,78",17076,134,87094
Data,Ocup,Opção,Cheg,Oferta/Uso Interno,Deduz. Individ.,Deduz. Grupos,% Ocup.,Receita Quartos,Preço Médio,Saídas,Quartos FdS,Adul. / Cri.,fevereiro,Histórico,05-fev-2025 qua,68,0,24,0,0,68,0,"50,37","5 891,52","86,64",17,0,123,2981,0,1037,0,7,2832,149,"78,86","282 906,35","94,90",1021,0,5468,Total fev,2981,0,1037,0,7,2832,149,"78,86","282 906,35","94,90",1021,0,5468,Total,47595,4649,16941,0,64,41053,6542,"53,02","6 309 992,65","120,78",17076,134,87094
Data,Ocup,Opção,Cheg,Oferta/Uso Interno,Deduz. Individ.,Deduz. Grupos,% Ocup.,Receita Quartos,Preço Médio,Saídas,Quartos FdS,Adul. / Cri.,fevereiro,Histórico,06-fev-2025 qui,87,0,39,0,0,87,0,"64,44","7 886,62","90,65",20,0,153,2981,0,1037,0,7,2832,149,"78,86","282 906,35","94,90",1021,0,5468,Total fev,2981,0,1037,0,7,2832,149,"78,86","282 906,35","94,90",1021,0,5468,Total,47595,4649,16941,0,64,41053,6542,"53,02","6 309 992,65","120,78",17076,134,87094
Data,Ocup,Opção,Cheg,Oferta/Uso Interno,Deduz. Individ.,Deduz. Grupos,% Ocup.,Receita Quartos,Preço Médio,Saídas,Quartos FdS,Adul. / Cri.,fevereiro,Histórico,07-fev-2025 sex,117,0,47,0,0,117,0,"86,67","11 341,63","96,94",17,0,210,2981,0,1037,0,7,2832,149,"78,86","282 906,35","94,90",1021,0,5468,Total fev,2981,0,1037,0,7,2832,149,"78,86","282 906,35","94,90",1021,0,5468,Total,47595,4649,16941,0,64,41053,6542,"53,02","6 309 992,65","120,78",17076,134,87094
Data,Ocup,Opção,Cheg,Oferta/Uso Interno,Deduz. Individ.,Deduz. Grupos,% Ocup.,Receita Quartos,Preço Médio,Saídas,Quartos FdS,Adul. / Cri.,fevereiro,Histórico,08-fev-2025 sáb,123,0,34,0,0,123,0,"91,11","12 118,45","98,52",28,0,227,2981,0,1037,0,7,2832,149,"78,86","282 906,35","94,90",1021,0,5468,Total fev,2981,0,1037,0,7,2832,149,"78,86","282 906,35","94,90",1021,0,5468,Total,47595,4649,16941,0,64,41053,6542,"53,02","6 309 992,65","120,78",17076,134,87094
Data,Ocup,Opção,Cheg,Oferta/Uso Interno,Deduz. Individ.,Deduz. Grupos,% Ocup.,Receita Quartos,Preço Médio,Saídas,Quartos FdS,Adul. / Cri.,fevereiro,Histórico,09-fev-2025 dom,108,0,35,0,0,107,1,"80,00","9 383,43","86,88",50,0,207,2981,0,1037,0,7,2832,149,"78,86","282 906,35","94,90",1021,0,5468,Total fev,2981,0,1037,0,7,2832,149,"78,86","282 906,35","94,90",1021,0,5468,Total,47595,4649,16941,0,64,41053,6542,"53,02","6 309 992,65","120,78",17076,134,87094
Data,Ocup,Opção,Cheg,Oferta/Uso Interno,Deduz. Individ.,Deduz. Grupos,% Ocup.,Receita Quartos,Preço Médio,Saídas,Quartos FdS,Adul. / Cri.,fevereiro,Histórico,10-fev-2025 seg,93,0,28,0,0,92,1,"68,89","7 755,84","83,40",43,0,173,2981,0,1037,0,7,2832,149,"78,86","282 906,35","94,90",1021,0,5468,Total fev,2981,0,1037,0,7,2832,149,"78,86","282 906,35","94,90",1021,0,5468,Total,47595,4649,16941,0,64,41053,6542,"53,02","6 309 992,65","120,78",17076,134,87094
Data,Ocup,Opção,Cheg,Oferta/Uso Interno,Deduz. Individ.,Deduz. Grupos,% Ocup.,Receita Quartos,Preço Médio,Saídas,Quartos FdS,Adul. / Cri.,fevereiro,Histórico,11-fev-2025 ter,90,0,26,0,0,87,3,"66,67","8 314,16","92,38",29,0,163,2981,0,1037,0,7,2832,149,"78,86","282 906,35","94,90",1021,0,5468,Total fev,2981,0,1037,0,7,2832,149,"78,86","282 906,35","94,90",1021,0,5468,Total,47595,4649,16941,0,64,41053,6542,"53,02","6 309 992,65","120,78",17076,134,87094
Data,Ocup,Opção,Cheg,Oferta/Uso Interno,Deduz. Individ.,Deduz. Grupos,% Ocup.,Receita Quartos,Preço Médio,Saídas,Quartos FdS,Adul. / Cri.,fevereiro,Histórico,12-fev-2025 qua,101,0,36,0,0,93,8,"74,81","9 385,41","92,92",25,0,182,2981,0,1037,0,7,2832,149,"78,86","282 906,35","94,90",1021,0,5468,Total fev,2981,0,1037,0,7,2832,149,"78,86","282 906,35","94,90",1021,0,5468,Total,47595,4649,16941,0,64,41053,6542,"53,02","6 309 992,65","120,78",17076,134,87094
Data,Ocup,Opção,Cheg,Oferta/Uso Interno,Deduz. Individ.,Deduz. Grupos,% Ocup.,Receita Quartos,Preço Médio,Saídas,Quartos FdS,Adul. / Cri.,fevereiro,Histórico,13-fev-2025 qui,121,0,40,0,0,108,13,"89,63","10 814,81","89,38",20,0,219,2981,0,1037,0,7,2832,149,"78,86","282 906,35","94,90",1021,0,5468,Total fev,2981,0,1037,0,7,2832,149,"78,86","282 906,35","94,90",1021,0,5468,Total,47595,4649,16941,0,64,41053,6542,"53,02","6 309 992,65","120,78",17076,134,87094
Data,Ocup,Opção,Cheg,Oferta/Uso Interno,Deduz. Individ.,Deduz. Grupos,% Ocup.,Receita Quartos,Preço Médio,Saídas,Quartos FdS,Adul. / Cri.,fevereiro,Histórico,14-fev-2025 sex,129,0,57,0,0,116,13,"95,56","13 445,90","104,23",49,0,236,2981,0,1037,0,7,2832,149,"78,86","282 906,35","94,90",1021,0,5468,Total fev,2981,0,1037,0,7,2832,149,"78,86","282 906,35","94,90",1021,0,5468,Total,47595,4649,16941,0,64,41053,6542,"53,02","6 309 992,65","120,78",17076,134,87094
Data,Ocup,Opção,Cheg,Oferta/Uso Interno,Deduz. Individ.,Deduz. Grupos,% Ocup.,Receita Quartos,Preço Médio,Saídas,Quartos FdS,Adul. / Cri.,fevereiro,Histórico,15-fev-2025 sáb,134,0,42,0,0,134,0,"99,26","13 957,46","104,16",37,0,256,2981,0,1037,0,7,2832,149,"78,86","282 906,35","94,90",1021,0,5468,Total fev,2981,0,1037,0,7,2832,149,"78,86","282 906,35","94,90",1021,0,5468,Total,47595,4649,16941,0,64,41053,6542,"53,02","6 309 992,65","120,78",17076,134,87094
Data,Ocup,Opção,Cheg,Oferta/Uso Interno,Deduz. Individ.,Deduz. Grupos,% Ocup.,Receita Quartos,Preço Médio,Saídas,Quartos FdS,Adul. / Cri.,fevereiro,Histórico,16-fev-2025 dom,125,0,36,0,0,125,0,"92,59","11 456,81","91,65",45,0,240,2981,0,1037,0,7,2832,149,"78,86","282 906,35","94,90",1021,0,5468,Total fev,2981,0,1037,0,7,2832,149,"78,86","282 906,35","94,90",1021,0,5468,Total,47595,4649,16941,0,64,41053,6542,"53,02","6 309 992,65","120,78",17076,134,87094
Data,Ocup,Opção,Cheg,Oferta/Uso Interno,Deduz. Individ.,Deduz. Grupos,% Ocup.,Receita Quartos,Preço Médio,Saídas,Quartos FdS,Adul. / Cri.,fevereiro,Histórico,17-fev-2025 seg,118,0,51,0,0,118,0,"87,41","11 356,57","96,24",58,0,224,2981,0,1037,0,7,2832,149,"78,86","282 906,35","94,90",1021,0,5468,Total fev,2981,0,1037,0,7,2832,149,"78,86","282 906,35","94,90",1021,0,5468,Total,47595,4649,16941,0,64,41053,6542,"53,02","6 309 992,65","120,78",17076,134,87094
Data,Ocup,Opção,Cheg,Oferta/Uso Interno,Deduz. Individ.,Deduz. Grupos,% Ocup.,Receita Quartos,Preço Médio,Saídas,Quartos FdS,Adul. / Cri.,fevereiro,Histórico,18-fev-2025 ter,118,0,23,0,0,118,0,"87,41","11 414,35","96,73",23,0,218,2981,0,1037,0,7,2832,149,"78,86","282 906,35","94,90",1021,0,5468,Total fev,2981,0,1037,0,7,2832,149,"78,86","282 906,35","94,90",1021,0,5468,Total,47595,4649,16941,0,64,41053,6542,"53,02","6 309 992,65","120,78",17076,134,87094
Data,Ocup,Opção,Cheg,Oferta/Uso Interno,Deduz. Individ.,Deduz. Grupos,% Ocup.,Receita Quartos,Preço Médio,Saídas,Quartos FdS,Adul. / Cri.,fevereiro,Histórico,19-fev-2025 qua,116,0,34,0,1,98,18,"85,93","10 899,95","93,97",36,0,209,2981,0,1037,0,7,2832,149,"78,86","282 906,35","94,90",1021,0,5468,Total fev,2981,0,1037,0,7,2832,149,"78,86","282 906,35","94,90",1021,0,5468,Total,47595,4649,16941,0,64,41053,6542,"53,02","6 309 992,65","120,78",17076,134,87094
Data,Ocup,Opção,Cheg,Oferta/Uso Interno,Deduz. Individ.,Deduz. Grupos,% Ocup.,Receita Quartos,Preço Médio,Saídas,Quartos FdS,Adul. / Cri.,fevereiro,Histórico,20-fev-2025 qui,129,0,59,0,1,99,30,"95,56","12 529,50","97,13",46,0,239,2981,0,1037,0,7,2832,149,"78,86","282 906,35","94,90",1021,0,5468,Total fev,2981,0,1037,0,7,2832,149,"78,86","282 906,35","94,90",1021,0,5468,Total,47595,4649,16941,0,64,41053,6542,"53,02","6 309 992,65","120,78",17076,134,87094
Data,Ocup,Opção,Cheg,Oferta/Uso Interno,Deduz. Individ.,Deduz. Grupos,% Ocup.,Receita Quartos,Preço Médio,Saídas,Quartos FdS,Adul. / Cri.,fevereiro,Histórico,21-fev-2025 sex,131,0,50,0,0,118,13,"97,04","13 917,85","106,24",48,0,246,2981,0,1037,0,7,2832,149,"78,86","282 906,35","94,90",1021,0,5468,Total fev,2981,0,1037,0,7,2832,149,"78,86","282 906,35","94,90",1021,0,5468,Total,47595,4649,16941,0,64,41053,6542,"53,02","6 309 992,65","120,78",17076,134,87094
Data,Ocup,Opção,Cheg,Oferta/Uso Interno,Deduz. Individ.,Deduz. Grupos,% Ocup.,Receita Quartos,Preço Médio,Saídas,Quartos FdS,Adul. / Cri.,fevereiro,Histórico,22-fev-2025 sáb,135,0,30,0,1,123,12,"100,00","14 010,27","103,78",26,0,248,2981,0,1037,0,7,2832,149,"78,86","282 906,35","94,90",1021,0,5468,Total fev,2981,0,1037,0,7,2832,149,"78,86","282 906,35","94,90",1021,0,5468,Total,47595,4649,16941,0,64,41053,6542,"53,02","6 309 992,65","120,78",17076,134,87094
Data,Ocup,Opção,Cheg,Oferta/Uso Interno,Deduz. Individ.,Deduz. Grupos,% Ocup.,Receita Quartos,Preço Médio,Saídas,Quartos FdS,Adul. / Cri.,fevereiro,Histórico,23-fev-2025 dom,113,0,46,0,1,102,11,"83,70","10 018,24","88,66",68,0,199,2981,0,1037,0,7,2832,149,"78,86","282 906,35","94,90",1021,0,5468,Total fev,2981,0,1037,0,7,2832,149,"78,86","282 906,35","94,90",1021,0,5468,Total,47595,4649,16941,0,64,41053,6542,"53,02","6 309 992,65","120,78",17076,134,87094
Data,Ocup,Opção,Cheg,Oferta/Uso Interno,Deduz. Individ.,Deduz. Grupos,% Ocup.,Receita Quartos,Preço Médio,Saídas,Quartos FdS,Adul. / Cri.,fevereiro,Histórico,24-fev-2025 seg,102,0,37,0,1,97,5,"75,56","8 944,80","87,69",48,0,181,2981,0,1037,0,7,2832,149,"78,86","282 906,35","94,90",1021,0,5468,Total fev,2981,0,1037,0,7,2832,149,"78,86","282 906,35","94,90",1021,0,5468,Total,47595,4649,16941,0,64,41053,6542,"53,02","6 309 992,65","120,78",17076,134,87094
Data,Ocup,Opção,Cheg,Oferta/Uso Interno,Deduz. Individ.,Deduz. Grupos,% Ocup.,Receita Quartos,Preço Médio,Saídas,Quartos FdS,Adul. / Cri.,fevereiro,Histórico,25-fev-2025 ter,95,0,29,0,0,91,4,"70,37","8 728,69","91,88",36,0,164,2981,0,1037,0,7,2832,149,"78,86","282 906,35","94,90",1021,0,5468,Total fev,2981,0,1037,0,7,2832,149,"78,86","282 906,35","94,90",1021,0,5468,Total,47595,4649,16941,0,64,41053,6542,"53,02","6 309 992,65","120,78",17076,134,87094
Data,Ocup,Opção,Cheg,Oferta/Uso Interno,Deduz. Individ.,Deduz. Grupos,% Ocup.,Receita Quartos,Preço Médio,Saídas,Quartos FdS,Adul. / Cri.,fevereiro,Histórico,26-fev-2025 qua,92,0,32,0,0,90,2,"68,15","8 608,78","93,57",35,0,166,2981,0,1037,0,7,2832,149,"78,86","282 906,35","94,90",1021,0,5468,Total fev,2981,0,1037,0,7,2832,149,"78,86","282 906,35","94,90",1021,0,5468,Total,47595,4649,16941,0,64,41053,6542,"53,02","6 309 992,65","120,78",17076,134,87094
Data,Ocup,Opção,Cheg,Oferta/Uso Interno,Deduz. Individ.,Deduz. Grupos,% Ocup.,Receita Quartos,Preço Médio,Saídas,Quartos FdS,Adul. / Cri.,fevereiro,Histórico,27-fev-2025 qui,103,0,46,0,0,101,2,"76,30","9 703,55","94,21",35,0,187,2981,0,1037,0,7,2832,149,"78,86","282 906,35","94,90",1021,0,5468,Total fev,2981,0,1037,0,7,2832,149,"78,86","282 906,35","94,90",1021,0,5468,Total,47595,4649,16941,0,64,41053,6542,"53,02","6 309 992,65","120,78",17076,134,87094
Data,Ocup,Opção,Cheg,Oferta/Uso Interno,Deduz. Individ.,Deduz. Grupos,% Ocup.,Receita Quartos,Preço Médio,Saídas,Quartos FdS,Adul. / Cri.,fevereiro,Histórico,28-fev-2025 sex,123,0,47,0,0,123,0,"91,11","13 157,14","106,97",27,0,228,2981,0,1037,0,7,2832,149,"78,86","282 906,35","94,90",1021,0,5468,Total fev,2981,0,1037,0,7,2832,149,"78,86","282 906,35","94,90",1021,0,5468,Total,47595,4649,16941,0,64,41053,6542,"53,02","6 309 992,65","120,78",17076,134,87094
Data,Ocup,Opção,Cheg,Oferta/Uso Interno,Deduz. Individ.,Deduz. Grupos,% Ocup.,Receita Quartos,Preço Médio,Saídas,Quartos FdS,Adul. / Cri.,março,Histórico,01-mar-2025 sáb,135,0,44,0,0,135,0,"100,00","16 404,58","121,52",32,0,247,3999,0,1365,0,0,3392,607,"95,69","465 689,30","116,45",1356,9,7323,Total mar,3999,0,1365,0,0,3392,607,"95,69","465 689,30","116,45",1356,9,7323,Total,47595,4649,16941,0,64,41053,6542,"53,02","6 309 992,65","120,78",17076,134,87094
Data,Ocup,Opção,Cheg,Oferta/Uso Interno,Deduz. Individ.,Deduz. Grupos,% Ocup.,Receita Quartos,Preço Médio,Saídas,Quartos FdS,Adul. / Cri.,março,Histórico,02-mar-2025 dom,127,0,47,0,0,125,2,"94,07","14 152,39","111,44",55,0,236,3999,0,1365,0,0,3392,607,"95,69","465 689,30","116,45",1356,9,7323,Total mar,3999,0,1365,0,0,3392,607,"95,69","465 689,30","116,45",1356,9,7323,Total,47595,4649,16941,0,64,41053,6542,"53,02","6 309 992,65","120,78",17076,134,87094
Data,Ocup,Opção,Cheg,Oferta/Uso Interno,Deduz. Individ.,Deduz. Grupos,% Ocup.,Receita Quartos,Preço Médio,Saídas,Quartos FdS,Adul. / Cri.,março,Histórico,03-mar-2025 seg,129,0,45,0,0,123,6,"95,56","14 399,92","111,63",43,0,239,3999,0,1365,0,0,3392,607,"95,69","465 689,30","116,45",1356,9,7323,Total mar,3999,0,1365,0,0,3392,607,"95,69","465 689,30","116,45",1356,9,7323,Total,47595,4649,16941,0,64,41053,6542,"53,02","6 309 992,65","120,78",17076,134,87094
Data,Ocup,Opção,Cheg,Oferta/Uso Interno,Deduz. Individ.,Deduz. Grupos,% Ocup.,Receita Quartos,Preço Médio,Saídas,Quartos FdS,Adul. / Cri.,março,Histórico,04-mar-2025 ter,120,0,25,0,0,114,6,"88,89","13 472,25","112,27",34,0,218,3999,0,1365,0,0,3392,607,"95,69","465 689,30","116,45",1356,9,7323,Total mar,3999,0,1365,0,0,3392,607,"95,69","465 689,30","116,45",1356,9,7323,Total,47595,4649,16941,0,64,41053,6542,"53,02","6 309 992,65","120,78",17076,134,87094
Data,Ocup,Opção,Cheg,Oferta/Uso Interno,Deduz. Individ.,Deduz. Grupos,% Ocup.,Receita Quartos,Preço Médio,Saídas,Quartos FdS,Adul. / Cri.,março,Histórico,05-mar-2025 qua,111,0,22,0,0,104,7,"82,22","12 341,51","111,18",31,0,204,3999,0,1365,0,0,3392,607,"95,69","465 689,30","116,45",1356,9,7323,Total mar,3999,0,1365,0,0,3392,607,"95,69","465 689,30","116,45",1356,9,7323,Total,47595,4649,16941,0,64,41053,6542,"53,02","6 309 992,65","120,78",17076,134,87094
Data,Ocup,Opção,Cheg,Oferta/Uso Interno,Deduz. Individ.,Deduz. Grupos,% Ocup.,Receita Quartos,Preço Médio,Saídas,Quartos FdS,Adul. / Cri.,março,Histórico,06-mar-2025 qui,128,0,52,0,0,112,16,"94,81","14 833,79","115,89",35,0,233,3999,0,1365,0,0,3392,607,"95,69","465 689,30","116,45",1356,9,7323,Total mar,3999,0,1365,0,0,3392,607,"95,69","465 689,30","116,45",1356,9,7323,Total,47595,4649,16941,0,64,41053,6542,"53,02","6 309 992,65","120,78",17076,134,87094
Data,Ocup,Opção,Cheg,Oferta/Uso Interno,Deduz. Individ.,Deduz. Grupos,% Ocup.,Receita Quartos,Preço Médio,Saídas,Quartos FdS,Adul. / Cri.,março,Histórico,07-mar-2025 sex,134,0,58,0,0,108,26,"99,26","16 974,74","126,68",52,0,243,3999,0,1365,0,0,3392,607,"95,69","465 689,30","116,45",1356,9,7323,Total mar,3999,0,1365,0,0,3392,607,"95,69","465 689,30","116,45",1356,9,7323,Total,47595,4649,16941,0,64,41053,6542,"53,02","6 309 992,65","120,78",17076,134,87094
Data,Ocup,Opção,Cheg,Oferta/Uso Interno,Deduz. Individ.,Deduz. Grupos,% Ocup.,Receita Quartos,Preço Médio,Saídas,Quartos FdS,Adul. / Cri.,março,Histórico,08-mar-2025 sáb,133,0,25,0,0,107,26,"98,52","16 638,47","125,10",26,0,243,3999,0,1365,0,0,3392,607,"95,69","465 689,30","116,45",1356,9,7323,Total mar,3999,0,1365,0,0,3392,607,"95,69","465 689,30","116,45",1356,9,7323,Total,47595,4649,16941,0,64,41053,6542,"53,02","6 309 992,65","120,78",17076,134,87094
Data,Ocup,Opção,Cheg,Oferta/Uso Interno,Deduz. Individ.,Deduz. Grupos,% Ocup.,Receita Quartos,Preço Médio,Saídas,Quartos FdS,Adul. / Cri.,março,Histórico,09-mar-2025 dom,130,0,43,0,0,108,22,"96,30","15 012,07","115,48",46,0,237,3999,0,1365,0,0,3392,607,"95,69","465 689,30","116,45",1356,9,7323,Total mar,3999,0,1365,0,0,3392,607,"95,69","465 689,30","116,45",1356,9,7323,Total,47595,4649,16941,0,64,41053,6542,"53,02","6 309 992,65","120,78",17076,134,87094
Data,Ocup,Opção,Cheg,Oferta/Uso Interno,Deduz. Individ.,Deduz. Grupos,% Ocup.,Receita Quartos,Preço Médio,Saídas,Quartos FdS,Adul. / Cri.,março,Histórico,10-mar-2025 seg,112,0,52,0,0,97,15,"82,96","12 829,45","114,55",70,0,202,3999,0,1365,0,0,3392,607,"95,69","465 689,30","116,45",1356,9,7323,Total mar,3999,0,1365,0,0,3392,607,"95,69","465 689,30","116,45",1356,9,7323,Total,47595,4649,16941,0,64,41053,6542,"53,02","6 309 992,65","120,78",17076,134,87094
Data,Ocup,Opção,Cheg,Oferta/Uso Interno,Deduz. Individ.,Deduz. Grupos,% Ocup.,Receita Quartos,Preço Médio,Saídas,Quartos FdS,Adul. / Cri.,março,Histórico,11-mar-2025 ter,125,0,40,0,0,116,9,"92,59","13 620,69","108,97",27,0,221,3999,0,1365,0,0,3392,607,"95,69","465 689,30","116,45",1356,9,7323,Total mar,3999,0,1365,0,0,3392,607,"95,69","465 689,30","116,45",1356,9,7323,Total,47595,4649,16941,0,64,41053,6542,"53,02","6 309 992,65","120,78",17076,134,87094
Data,Ocup,Opção,Cheg,Oferta/Uso Interno,Deduz. Individ.,Deduz. Grupos,% Ocup.,Receita Quartos,Preço Médio,Saídas,Quartos FdS,Adul. / Cri.,março,Histórico,12-mar-2025 qua,119,0,34,0,0,110,9,"88,15","12 844,61","107,94",40,0,204,3999,0,1365,0,0,3392,607,"95,69","465 689,30","116,45",1356,9,7323,Total mar,3999,0,1365,0,0,3392,607,"95,69","465 689,30","116,45",1356,9,7323,Total,47595,4649,16941,0,64,41053,6542,"53,02","6 309 992,65","120,78",17076,134,87094
Data,Ocup,Opção,Cheg,Oferta/Uso Interno,Deduz. Individ.,Deduz. Grupos,% Ocup.,Receita Quartos,Preço Médio,Saídas,Quartos FdS,Adul. / Cri.,março,Histórico,13-mar-2025 qui,132,0,64,0,0,108,24,"97,78","15 282,21","115,77",51,0,232,3999,0,1365,0,0,3392,607,"95,69","465 689,30","116,45",1356,9,7323,Total mar,3999,0,1365,0,0,3392,607,"95,69","465 689,30","116,45",1356,9,7323,Total,47595,4649,16941,0,64,41053,6542,"53,02","6 309 992,65","120,78",17076,134,87094
Data,Ocup,Opção,Cheg,Oferta/Uso Interno,Deduz. Individ.,Deduz. Grupos,% Ocup.,Receita Quartos,Preço Médio,Saídas,Quartos FdS,Adul. / Cri.,março,Histórico,14-mar-2025 sex,133,0,45,0,0,95,38,"98,52","15 309,45","115,11",44,0,239,3999,0,1365,0,0,3392,607,"95,69","465 689,30","116,45",1356,9,7323,Total mar,3999,0,1365,0,0,3392,607,"95,69","465 689,30","116,45",1356,9,7323,Total,47595,4649,16941,0,64,41053,6542,"53,02","6 309 992,65","120,78",17076,134,87094
Data,Ocup,Opção,Cheg,Oferta/Uso Interno,Deduz. Individ.,Deduz. Grupos,% Ocup.,Receita Quartos,Preço Médio,Saídas,Quartos FdS,Adul. / Cri.,março,Histórico,15-mar-2025 sáb,132,0,39,0,0,111,21,"98,51","15 428,48","116,88",40,0,243,3999,0,1365,0,0,3392,607,"95,69","465 689,30","116,45",1356,9,7323,Total mar,3999,0,1365,0,0,3392,607,"95,69","465 689,30","116,45",1356,9,7323,Total,47595,4649,16941,0,64,41053,6542,"53,02","6 309 992,65","120,78",17076,134,87094
Data,Ocup,Opção,Cheg,Oferta/Uso Interno,Deduz. Individ.,Deduz. Grupos,% Ocup.,Receita Quartos,Preço Médio,Saídas,Quartos FdS,Adul. / Cri.,março,Histórico,16-mar-2025 dom,118,0,44,0,0,111,7,"88,06","13 216,88","112,01",58,0,223,3999,0,1365,0,0,3392,607,"95,69","465 689,30","116,45",1356,9,7323,Total mar,3999,0,1365,0,0,3392,607,"95,69","465 689,30","116,45",1356,9,7323,Total,47595,4649,16941,0,64,41053,6542,"53,02","6 309 992,65","120,78",17076,134,87094
Data,Ocup,Opção,Cheg,Oferta/Uso Interno,Deduz. Individ.,Deduz. Grupos,% Ocup.,Receita Quartos,Preço Médio,Saídas,Quartos FdS,Adul. / Cri.,março,Histórico,17-mar-2025 seg,130,0,55,0,0,101,29,"97,74","14 681,70","112,94",43,0,233,3999,0,1365,0,0,3392,607,"95,69","465 689,30","116,45",1356,9,7323,Total mar,3999,0,1365,0,0,3392,607,"95,69","465 689,30","116,45",1356,9,7323,Total,47595,4649,16941,0,64,41053,6542,"53,02","6 309 992,65","120,78",17076,134,87094
Data,Ocup,Opção,Cheg,Oferta/Uso Interno,Deduz. Individ.,Deduz. Grupos,% Ocup.,Receita Quartos,Preço Médio,Saídas,Quartos FdS,Adul. / Cri.,março,Histórico,18-mar-2025 ter,126,0,23,0,0,97,29,"94,03","14 358,95","113,96",27,0,227,3999,0,1365,0,0,3392,607,"95,69","465 689,30","116,45",1356,9,7323,Total mar,3999,0,1365,0,0,3392,607,"95,69","465 689,30","116,45",1356,9,7323,Total,47595,4649,16941,0,64,41053,6542,"53,02","6 309 992,65","120,78",17076,134,87094
Data,Ocup,Opção,Cheg,Oferta/Uso Interno,Deduz. Individ.,Deduz. Grupos,% Ocup.,Receita Quartos,Preço Médio,Saídas,Quartos FdS,Adul. / Cri.,março,Histórico,19-mar-2025 qua,135,0,53,0,0,89,46,"100,00","15 387,39","113,98",44,0,239,3999,0,1365,0,0,3392,607,"95,69","465 689,30","116,45",1356,9,7323,Total mar,3999,0,1365,0,0,3392,607,"95,69","465 689,30","116,45",1356,9,7323,Total,47595,4649,16941,0,64,41053,6542,"53,02","6 309 992,65","120,78",17076,134,87094
Data,Ocup,Opção,Cheg,Oferta/Uso Interno,Deduz. Individ.,Deduz. Grupos,% Ocup.,Receita Quartos,Preço Médio,Saídas,Quartos FdS,Adul. / Cri.,março,Histórico,20-mar-2025 qui,128,0,52,0,0,78,50,"94,81","14 233,13","111,20",59,0,235,3999,0,1365,0,0,3392,607,"95,69","465 689,30","116,45",1356,9,7323,Total mar,3999,0,1365,0,0,3392,607,"95,69","465 689,30","116,45",1356,9,7323,Total,47595,4649,16941,0,64,41053,6542,"53,02","6 309 992,65","120,78",17076,134,87094
Data,Ocup,Opção,Cheg,Oferta/Uso Interno,Deduz. Individ.,Deduz. Grupos,% Ocup.,Receita Quartos,Preço Médio,Saídas,Quartos FdS,Adul. / Cri.,março,Histórico,21-mar-2025 sex,133,0,36,0,0,92,41,"98,52","16 341,56","122,87",31,0,248,3999,0,1365,0,0,3392,607,"95,69","465 689,30","116,45",1356,9,7323,Total mar,3999,0,1365,0,0,3392,607,"95,69","465 689,30","116,45",1356,9,7323,Total,47595,4649,16941,0,64,41053,6542,"53,02","6 309 992,65","120,78",17076,134,87094
Data,Ocup,Opção,Cheg,Oferta/Uso Interno,Deduz. Individ.,Deduz. Grupos,% Ocup.,Receita Quartos,Preço Médio,Saídas,Quartos FdS,Adul. / Cri.,março,Histórico,22-mar-2025 sáb,134,0,60,0,0,134,0,"99,26","17 464,34","130,33",59,0,253,3999,0,1365,0,0,3392,607,"95,69","465 689,30","116,45",1356,9,7323,Total mar,3999,0,1365,0,0,3392,607,"95,69","465 689,30","116,45",1356,9,7323,Total,47595,4649,16941,0,64,41053,6542,"53,02","6 309 992,65","120,78",17076,134,87094
Data,Ocup,Opção,Cheg,Oferta/Uso Interno,Deduz. Individ.,Deduz. Grupos,% Ocup.,Receita Quartos,Preço Médio,Saídas,Quartos FdS,Adul. / Cri.,março,Histórico,23-mar-2025 dom,132,0,48,0,0,121,11,"97,78","15 271,75","115,70",50,1,256,3999,0,1365,0,0,3392,607,"95,69","465 689,30","116,45",1356,9,7323,Total mar,3999,0,1365,0,0,3392,607,"95,69","465 689,30","116,45",1356,9,7323,Total,47595,4649,16941,0,64,41053,6542,"53,02","6 309 992,65","120,78",17076,134,87094
Data,Ocup,Opção,Cheg,Oferta/Uso Interno,Deduz. Individ.,Deduz. Grupos,% Ocup.,Receita Quartos,Preço Médio,Saídas,Quartos FdS,Adul. / Cri.,março,Histórico,24-mar-2025 seg,133,0,35,0,0,122,11,"98,52","15 630,92","117,53",34,1,253,3999,0,1365,0,0,3392,607,"95,69","465 689,30","116,45",1356,9,7323,Total mar,3999,0,1365,0,0,3392,607,"95,69","465 689,30","116,45",1356,9,7323,Total,47595,4649,16941,0,64,41053,6542,"53,02","6 309 992,65","120,78",17076,134,87094
Data,Ocup,Opção,Cheg,Oferta/Uso Interno,Deduz. Individ.,Deduz. Grupos,% Ocup.,Receita Quartos,Preço Médio,Saídas,Quartos FdS,Adul. / Cri.,março,Histórico,25-mar-2025 ter,131,0,51,0,0,122,9,"97,76","14 960,13","114,20",53,1,235,3999,0,1365,0,0,3392,607,"95,69","465 689,30","116,45",1356,9,7323,Total mar,3999,0,1365,0,0,3392,607,"95,69","465 689,30","116,45",1356,9,7323,Total,47595,4649,16941,0,64,41053,6542,"53,02","6 309 992,65","120,78",17076,134,87094
Data,Ocup,Opção,Cheg,Oferta/Uso Interno,Deduz. Individ.,Deduz. Grupos,% Ocup.,Receita Quartos,Preço Médio,Saídas,Quartos FdS,Adul. / Cri.,março,Histórico,26-mar-2025 qua,134,0,47,0,0,105,29,"99,26","15 111,77","112,77",44,1,240,3999,0,1365,0,0,3392,607,"95,69","465 689,30","116,45",1356,9,7323,Total mar,3999,0,1365,0,0,3392,607,"95,69","465 689,30","116,45",1356,9,7323,Total,47595,4649,16941,0,64,41053,6542,"53,02","6 309 992,65","120,78",17076,134,87094
Data,Ocup,Opção,Cheg,Oferta/Uso Interno,Deduz. Individ.,Deduz. Grupos,% Ocup.,Receita Quartos,Preço Médio,Saídas,Quartos FdS,Adul. / Cri.,março,Histórico,27-mar-2025 qui,133,0,38,0,0,101,32,"98,52","15 045,48","113,12",39,1,244,3999,0,1365,0,0,3392,607,"95,69","465 689,30","116,45",1356,9,7323,Total mar,3999,0,1365,0,0,3392,607,"95,69","465 689,30","116,45",1356,9,7323,Total,47595,4649,16941,0,64,41053,6542,"53,02","6 309 992,65","120,78",17076,134,87094
Data,Ocup,Opção,Cheg,Oferta/Uso Interno,Deduz. Individ.,Deduz. Grupos,% Ocup.,Receita Quartos,Preço Médio,Saídas,Quartos FdS,Adul. / Cri.,março,Histórico,28-mar-2025 sex,133,0,28,0,0,101,32,"98,52","16 405,07","123,35",28,1,243,3999,0,1365,0,0,3392,607,"95,69","465 689,30","116,45",1356,9,7323,Total mar,3999,0,1365,0,0,3392,607,"95,69","465 689,30","116,45",1356,9,7323,Total,47595,4649,16941,0,64,41053,6542,"53,02","6 309 992,65","120,78",17076,134,87094
Data,Ocup,Opção,Cheg,Oferta/Uso Interno,Deduz. Individ.,Deduz. Grupos,% Ocup.,Receita Quartos,Preço Médio,Saídas,Quartos FdS,Adul. / Cri.,março,Histórico,29-mar-2025 sáb,133,0,59,0,0,126,7,"98,52","17 054,70","128,23",59,1,248,3999,0,1365,0,0,3392,607,"95,69","465 689,30","116,45",1356,9,7323,Total mar,3999,0,1365,0,0,3392,607,"95,69","465 689,30","116,45",1356,9,7323,Total,47595,4649,16941,0,64,41053,6542,"53,02","6 309 992,65","120,78",17076,134,87094
Data,Ocup,Opção,Cheg,Oferta/Uso Interno,Deduz. Individ.,Deduz. Grupos,% Ocup.,Receita Quartos,Preço Médio,Saídas,Quartos FdS,Adul. / Cri.,março,Histórico,30-mar-2025 dom,134,0,60,0,0,111,23,"99,26","15 341,76","114,49",59,1,254,3999,0,1365,0,0,3392,607,"95,69","465 689,30","116,45",1356,9,7323,Total mar,3999,0,1365,0,0,3392,607,"95,69","465 689,30","116,45",1356,9,7323,Total,47595,4649,16941,0,64,41053,6542,"53,02","6 309 992,65","120,78",17076,134,87094
Data,Ocup,Opção,Cheg,Oferta/Uso Interno,Deduz. Individ.,Deduz. Grupos,% Ocup.,Receita Quartos,Preço Médio,Saídas,Quartos FdS,Adul. / Cri.,março,Histórico,31-mar-2025 seg,132,0,41,0,0,108,24,"97,78","15 639,16","118,48",43,1,251,3999,0,1365,0,0,3392,607,"95,69","465 689,30","116,45",1356,9,7323,Total mar,3999,0,1365,0,0,3392,607,"95,69","465 689,30","116,45",1356,9,7323,Total,47595,4649,16941,0,64,41053,6542,"53,02","6 309 992,65","120,78",17076,134,87094
Data,Ocup,Opção,Cheg,Oferta/Uso Interno,Deduz. Individ.,Deduz. Grupos,% Ocup.,Receita Quartos,Preço Médio,Saídas,Quartos FdS,Adul. / Cri.,abril,Histórico,01-abr-2025 ter,132,0,36,0,0,103,29,"97,78","16 534,33","125,26",36,1,248,3859,0,1344,0,14,3385,474,"95,28","554 075,08","143,58",1342,34,7407,Total abr,3859,0,1344,0,14,3385,474,"95,28","554 075,08","143,58",1342,34,7407,Total,47595,4649,16941,0,64,41053,6542,"53,02","6 309 992,65","120,78",17076,134,87094
Data,Ocup,Opção,Cheg,Oferta/Uso Interno,Deduz. Individ.,Deduz. Grupos,% Ocup.,Receita Quartos,Preço Médio,Saídas,Quartos FdS,Adul. / Cri.,abril,Histórico,02-abr-2025 qua,124,0,44,0,0,95,29,"91,85","16 638,29","134,18",52,1,229,3859,0,1344,0,14,3385,474,"95,28","554 075,08","143,58",1342,34,7407,Total abr,3859,0,1344,0,14,3385,474,"95,28","554 075,08","143,58",1342,34,7407,Total,47595,4649,16941,0,64,41053,6542,"53,02","6 309 992,65","120,78",17076,134,87094
Data,Ocup,Opção,Cheg,Oferta/Uso Interno,Deduz. Individ.,Deduz. Grupos,% Ocup.,Receita Quartos,Preço Médio,Saídas,Quartos FdS,Adul. / Cri.,abril,Histórico,03-abr-2025 qui,127,0,42,0,0,96,31,"94,07","17 268,88","135,98",39,1,236,3859,0,1344,0,14,3385,474,"95,28","554 075,08","143,58",1342,34,7407,Total abr,3859,0,1344,0,14,3385,474,"95,28","554 075,08","143,58",1342,34,7407,Total,47595,4649,16941,0,64,41053,6542,"53,02","6 309 992,65","120,78",17076,134,87094
Data,Ocup,Opção,Cheg,Oferta/Uso Interno,Deduz. Individ.,Deduz. Grupos,% Ocup.,Receita Quartos,Preço Médio,Saídas,Quartos FdS,Adul. / Cri.,abril,Histórico,04-abr-2025 sex,133,0,43,0,0,98,35,"98,52","19 318,56","145,25",37,1,251,3859,0,1344,0,14,3385,474,"95,28","554 075,08","143,58",1342,34,7407,Total abr,3859,0,1344,0,14,3385,474,"95,28","554 075,08","143,58",1342,34,7407,Total,47595,4649,16941,0,64,41053,6542,"53,02","6 309 992,65","120,78",17076,134,87094
Data,Ocup,Opção,Cheg,Oferta/Uso Interno,Deduz. Individ.,Deduz. Grupos,% Ocup.,Receita Quartos,Preço Médio,Saídas,Quartos FdS,Adul. / Cri.,abril,Histórico,05-abr-2025 sáb,133,0,61,0,0,107,26,"98,52","19 832,17","149,11",61,2,260,3859,0,1344,0,14,3385,474,"95,28","554 075,08","143,58",1342,34,7407,Total abr,3859,0,1344,0,14,3385,474,"95,28","554 075,08","143,58",1342,34,7407,Total,47595,4649,16941,0,64,41053,6542,"53,02","6 309 992,65","120,78",17076,134,87094
Data,Ocup,Opção,Cheg,Oferta/Uso Interno,Deduz. Individ.,Deduz. Grupos,% Ocup.,Receita Quartos,Preço Médio,Saídas,Quartos FdS,Adul. / Cri.,abril,Histórico,06-abr-2025 dom,131,0,34,0,1,97,34,"97,04","18 352,47","140,10",36,2,255,3859,0,1344,0,14,3385,474,"95,28","554 075,08","143,58",1342,34,7407,Total abr,3859,0,1344,0,14,3385,474,"95,28","554 075,08","143,58",1342,34,7407,Total,47595,4649,16941,0,64,41053,6542,"53,02","6 309 992,65","120,78",17076,134,87094
Data,Ocup,Opção,Cheg,Oferta/Uso Interno,Deduz. Individ.,Deduz. Grupos,% Ocup.,Receita Quartos,Preço Médio,Saídas,Quartos FdS,Adul. / Cri.,abril,Histórico,07-abr-2025 seg,112,0,58,0,1,103,9,"82,96","14 815,17","132,28",77,2,215,3859,0,1344,0,14,3385,474,"95,28","554 075,08","143,58",1342,34,7407,Total abr,3859,0,1344,0,14,3385,474,"95,28","554 075,08","143,58",1342,34,7407,Total,47595,4649,16941,0,64,41053,6542,"53,02","6 309 992,65","120,78",17076,134,87094
Data,Ocup,Opção,Cheg,Oferta/Uso Interno,Deduz. Individ.,Deduz. Grupos,% Ocup.,Receita Quartos,Preço Médio,Saídas,Quartos FdS,Adul. / Cri.,abril,Histórico,08-abr-2025 ter,130,0,40,0,1,120,10,"96,30","17 611,40","135,47",22,2,243,3859,0,1344,0,14,3385,474,"95,28","554 075,08","143,58",1342,34,7407,Total abr,3859,0,1344,0,14,3385,474,"95,28","554 075,08","143,58",1342,34,7407,Total,47595,4649,16941,0,64,41053,6542,"53,02","6 309 992,65","120,78",17076,134,87094
Data,Ocup,Opção,Cheg,Oferta/Uso Interno,Deduz. Individ.,Deduz. Grupos,% Ocup.,Receita Quartos,Preço Médio,Saídas,Quartos FdS,Adul. / Cri.,abril,Histórico,09-abr-2025 qua,128,0,41,0,0,102,26,"94,81","17 630,43","137,74",43,1,239,3859,0,1344,0,14,3385,474,"95,28","554 075,08","143,58",1342,34,7407,Total abr,3859,0,1344,0,14,3385,474,"95,28","554 075,08","143,58",1342,34,7407,Total,47595,4649,16941,0,64,41053,6542,"53,02","6 309 992,65","120,78",17076,134,87094
Data,Ocup,Opção,Cheg,Oferta/Uso Interno,Deduz. Individ.,Deduz. Grupos,% Ocup.,Receita Quartos,Preço Médio,Saídas,Quartos FdS,Adul. / Cri.,abril,Histórico,10-abr-2025 qui,127,0,45,0,1,110,17,"94,07","17 649,89","138,98",46,1,239,3859,0,1344,0,14,3385,474,"95,28","554 075,08","143,58",1342,34,7407,Total abr,3859,0,1344,0,14,3385,474,"95,28","554 075,08","143,58",1342,34,7407,Total,47595,4649,16941,0,64,41053,6542,"53,02","6 309 992,65","120,78",17076,134,87094
Data,Ocup,Opção,Cheg,Oferta/Uso Interno,Deduz. Individ.,Deduz. Grupos,% Ocup.,Receita Quartos,Preço Médio,Saídas,Quartos FdS,Adul. / Cri.,abril,Histórico,11-abr-2025 sex,133,0,48,0,1,116,17,"98,52","20 739,87","155,94",42,1,248,3859,0,1344,0,14,3385,474,"95,28","554 075,08","143,58",1342,34,7407,Total abr,3859,0,1344,0,14,3385,474,"95,28","554 075,08","143,58",1342,34,7407,Total,47595,4649,16941,0,64,41053,6542,"53,02","6 309 992,65","120,78",17076,134,87094
Data,Ocup,Opção,Cheg,Oferta/Uso Interno,Deduz. Individ.,Deduz. Grupos,% Ocup.,Receita Quartos,Preço Médio,Saídas,Quartos FdS,Adul. / Cri.,abril,Histórico,12-abr-2025 sáb,122,0,47,0,1,122,0,"90,37","19 170,75","157,14",58,1,230,3859,0,1344,0,14,3385,474,"95,28","554 075,08","143,58",1342,34,7407,Total abr,3859,0,1344,0,14,3385,474,"95,28","554 075,08","143,58",1342,34,7407,Total,47595,4649,16941,0,64,41053,6542,"53,02","6 309 992,65","120,78",17076,134,87094
Data,Ocup,Opção,Cheg,Oferta/Uso Interno,Deduz. Individ.,Deduz. Grupos,% Ocup.,Receita Quartos,Preço Médio,Saídas,Quartos FdS,Adul. / Cri.,abril,Histórico,13-abr-2025 dom,126,0,47,0,0,126,0,"93,33","17 346,22","137,67",43,1,241,3859,0,1344,0,14,3385,474,"95,28","554 075,08","143,58",1342,34,7407,Total abr,3859,0,1344,0,14,3385,474,"95,28","554 075,08","143,58",1342,34,7407,Total,47595,4649,16941,0,64,41053,6542,"53,02","6 309 992,65","120,78",17076,134,87094
Data,Ocup,Opção,Cheg,Oferta/Uso Interno,Deduz. Individ.,Deduz. Grupos,% Ocup.,Receita Quartos,Preço Médio,Saídas,Quartos FdS,Adul. / Cri.,abril,Histórico,14-abr-2025 seg,130,0,53,0,0,116,14,"96,30","18 079,67","139,07",49,1,249,3859,0,1344,0,14,3385,474,"95,28","554 075,08","143,58",1342,34,7407,Total abr,3859,0,1344,0,14,3385,474,"95,28","554 075,08","143,58",1342,34,7407,Total,47595,4649,16941,0,64,41053,6542,"53,02","6 309 992,65","120,78",17076,134,87094
Data,Ocup,Opção,Cheg,Oferta/Uso Interno,Deduz. Individ.,Deduz. Grupos,% Ocup.,Receita Quartos,Preço Médio,Saídas,Quartos FdS,Adul. / Cri.,abril,Histórico,15-abr-2025 ter,129,0,32,0,0,115,14,"95,56","17 934,63","139,03",33,1,251,3859,0,1344,0,14,3385,474,"95,28","554 075,08","143,58",1342,34,7407,Total abr,3859,0,1344,0,14,3385,474,"95,28","554 075,08","143,58",1342,34,7407,Total,47595,4649,16941,0,64,41053,6542,"53,02","6 309 992,65","120,78",17076,134,87094
Data,Ocup,Opção,Cheg,Oferta/Uso Interno,Deduz. Individ.,Deduz. Grupos,% Ocup.,Receita Quartos,Preço Médio,Saídas,Quartos FdS,Adul. / Cri.,abril,Histórico,16-abr-2025 qua,133,0,34,0,1,119,14,"98,52","18 878,71","141,95",30,1,261,3859,0,1344,0,14,3385,474,"95,28","554 075,08","143,58",1342,34,7407,Total abr,3859,0,1344,0,14,3385,474,"95,28","554 075,08","143,58",1342,34,7407,Total,47595,4649,16941,0,64,41053,6542,"53,02","6 309 992,65","120,78",17076,134,87094
Data,Ocup,Opção,Cheg,Oferta/Uso Interno,Deduz. Individ.,Deduz. Grupos,% Ocup.,Receita Quartos,Preço Médio,Saídas,Quartos FdS,Adul. / Cri.,abril,Histórico,17-abr-2025 qui,130,0,27,0,1,116,14,"96,30","19 254,47","148,11",30,1,255,3859,0,1344,0,14,3385,474,"95,28","554 075,08","143,58",1342,34,7407,Total abr,3859,0,1344,0,14,3385,474,"95,28","554 075,08","143,58",1342,34,7407,Total,47595,4649,16941,0,64,41053,6542,"53,02","6 309 992,65","120,78",17076,134,87094
Data,Ocup,Opção,Cheg,Oferta/Uso Interno,Deduz. Individ.,Deduz. Grupos,% Ocup.,Receita Quartos,Preço Médio,Saídas,Quartos FdS,Adul. / Cri.,abril,Histórico,18-abr-2025 sex,128,0,53,0,1,110,18,"94,81","20 057,92","156,70",55,1,255,3859,0,1344,0,14,3385,474,"95,28","554 075,08","143,58",1342,34,7407,Total abr,3859,0,1344,0,14,3385,474,"95,28","554 075,08","143,58",1342,34,7407,Total,47595,4649,16941,0,64,41053,6542,"53,02","6 309 992,65","120,78",17076,134,87094
Data,Ocup,Opção,Cheg,Oferta/Uso Interno,Deduz. Individ.,Deduz. Grupos,% Ocup.,Receita Quartos,Preço Médio,Saídas,Quartos FdS,Adul. / Cri.,abril,Histórico,19-abr-2025 sáb,134,0,44,0,1,114,20,"99,26","20 992,33","156,66",38,1,264,3859,0,1344,0,14,3385,474,"95,28","554 075,08","143,58",1342,34,7407,Total abr,3859,0,1344,0,14,3385,474,"95,28","554 075,08","143,58",1342,34,7407,Total,47595,4649,16941,0,64,41053,6542,"53,02","6 309 992,65","120,78",17076,134,87094
Data,Ocup,Opção,Cheg,Oferta/Uso Interno,Deduz. Individ.,Deduz. Grupos,% Ocup.,Receita Quartos,Preço Médio,Saídas,Quartos FdS,Adul. / Cri.,abril,Histórico,20-abr-2025 dom,133,0,65,0,0,123,10,"98,52","19 137,96","143,89",66,1,265,3859,0,1344,0,14,3385,474,"95,28","554 075,08","143,58",1342,34,7407,Total abr,3859,0,1344,0,14,3385,474,"95,28","554 075,08","143,58",1342,34,7407,Total,47595,4649,16941,0,64,41053,6542,"53,02","6 309 992,65","120,78",17076,134,87094
Data,Ocup,Opção,Cheg,Oferta/Uso Interno,Deduz. Individ.,Deduz. Grupos,% Ocup.,Receita Quartos,Preço Médio,Saídas,Quartos FdS,Adul. / Cri.,abril,Histórico,21-abr-2025 seg,125,0,32,0,0,115,10,"92,59","17 690,07","141,52",40,1,250,3859,0,1344,0,14,3385,474,"95,28","554 075,08","143,58",1342,34,7407,Total abr,3859,0,1344,0,14,3385,474,"95,28","554 075,08","143,58",1342,34,7407,Total,47595,4649,16941,0,64,41053,6542,"53,02","6 309 992,65","120,78",17076,134,87094
Data,Ocup,Opção,Cheg,Oferta/Uso Interno,Deduz. Individ.,Deduz. Grupos,% Ocup.,Receita Quartos,Preço Médio,Saídas,Quartos FdS,Adul. / Cri.,abril,Histórico,22-abr-2025 ter,118,0,39,0,0,116,2,"87,41","16 965,72","143,78",46,1,232,3859,0,1344,0,14,3385,474,"95,28","554 075,08","143,58",1342,34,7407,Total abr,3859,0,1344,0,14,3385,474,"95,28","554 075,08","143,58",1342,34,7407,Total,47595,4649,16941,0,64,41053,6542,"53,02","6 309 992,65","120,78",17076,134,87094
Data,Ocup,Opção,Cheg,Oferta/Uso Interno,Deduz. Individ.,Deduz. Grupos,% Ocup.,Receita Quartos,Preço Médio,Saídas,Quartos FdS,Adul. / Cri.,abril,Histórico,23-abr-2025 qua,130,0,50,0,0,110,20,"96,30","19 020,12","146,31",38,1,252,3859,0,1344,0,14,3385,474,"95,28","554 075,08","143,58",1342,34,7407,Total abr,3859,0,1344,0,14,3385,474,"95,28","554 075,08","143,58",1342,34,7407,Total,47595,4649,16941,0,64,41053,6542,"53,02","6 309 992,65","120,78",17076,134,87094
Data,Ocup,Opção,Cheg,Oferta/Uso Interno,Deduz. Individ.,Deduz. Grupos,% Ocup.,Receita Quartos,Preço Médio,Saídas,Quartos FdS,Adul. / Cri.,abril,Histórico,24-abr-2025 qui,128,0,35,0,1,105,23,"94,81","18 921,87","147,83",37,1,243,3859,0,1344,0,14,3385,474,"95,28","554 075,08","143,58",1342,34,7407,Total abr,3859,0,1344,0,14,3385,474,"95,28","554 075,08","143,58",1342,34,7407,Total,47595,4649,16941,0,64,41053,6542,"53,02","6 309 992,65","120,78",17076,134,87094
Data,Ocup,Opção,Cheg,Oferta/Uso Interno,Deduz. Individ.,Deduz. Grupos,% Ocup.,Receita Quartos,Preço Médio,Saídas,Quartos FdS,Adul. / Cri.,abril,Histórico,25-abr-2025 sex,132,0,44,0,0,106,26,"97,78","19 778,26","149,84",40,1,256,3859,0,1344,0,14,3385,474,"95,28","554 075,08","143,58",1342,34,7407,Total abr,3859,0,1344,0,14,3385,474,"95,28","554 075,08","143,58",1342,34,7407,Total,47595,4649,16941,0,64,41053,6542,"53,02","6 309 992,65","120,78",17076,134,87094
Data,Ocup,Opção,Cheg,Oferta/Uso Interno,Deduz. Individ.,Deduz. Grupos,% Ocup.,Receita Quartos,Preço Médio,Saídas,Quartos FdS,Adul. / Cri.,abril,Histórico,26-abr-2025 sáb,133,0,48,0,0,124,9,"98,52","20 645,65","155,23",47,1,258,3859,0,1344,0,14,3385,474,"95,28","554 075,08","143,58",1342,34,7407,Total abr,3859,0,1344,0,14,3385,474,"95,28","554 075,08","143,58",1342,34,7407,Total,47595,4649,16941,0,64,41053,6542,"53,02","6 309 992,65","120,78",17076,134,87094
Data,Ocup,Opção,Cheg,Oferta/Uso Interno,Deduz. Individ.,Deduz. Grupos,% Ocup.,Receita Quartos,Preço Médio,Saídas,Quartos FdS,Adul. / Cri.,abril,Histórico,27-abr-2025 dom,131,0,49,0,0,131,0,"97,04","17 924,56","136,83",51,1,249,3859,0,1344,0,14,3385,474,"95,28","554 075,08","143,58",1342,34,7407,Total abr,3859,0,1344,0,14,3385,474,"95,28","554 075,08","143,58",1342,34,7407,Total,47595,4649,16941,0,64,41053,6542,"53,02","6 309 992,65","120,78",17076,134,87094
Data,Ocup,Opção,Cheg,Oferta/Uso Interno,Deduz. Individ.,Deduz. Grupos,% Ocup.,Receita Quartos,Preço Médio,Saídas,Quartos FdS,Adul. / Cri.,abril,Histórico,28-abr-2025 seg,123,0,38,0,1,123,0,"91,11","18 972,67","154,25",46,1,230,3859,0,1344,0,14,3385,474,"95,28","554 075,08","143,58",1342,34,7407,Total abr,3859,0,1344,0,14,3385,474,"95,28","554 075,08","143,58",1342,34,7407,Total,47595,4649,16941,0,64,41053,6542,"53,02","6 309 992,65","120,78",17076,134,87094
Data,Ocup,Opção,Cheg,Oferta/Uso Interno,Deduz. Individ.,Deduz. Grupos,% Ocup.,Receita Quartos,Preço Médio,Saídas,Quartos FdS,Adul. / Cri.,abril,Histórico,29-abr-2025 ter,130,0,50,0,1,130,0,"96,30","18 119,90","139,38",43,1,247,3859,0,1344,0,14,3385,474,"95,28","554 075,08","143,58",1342,34,7407,Total abr,3859,0,1344,0,14,3385,474,"95,28","554 075,08","143,58",1342,34,7407,Total,47595,4649,16941,0,64,41053,6542,"53,02","6 309 992,65","120,78",17076,134,87094
Data,Ocup,Opção,Cheg,Oferta/Uso Interno,Deduz. Individ.,Deduz. Grupos,% Ocup.,Receita Quartos,Preço Médio,Saídas,Quartos FdS,Adul. / Cri.,abril,Histórico,30-abr-2025 qua,134,0,65,0,1,117,17,"99,26","18 792,15","140,24",61,1,256,3859,0,1344,0,14,3385,474,"95,28","554 075,08","143,58",1342,34,7407,Total abr,3859,0,1344,0,14,3385,474,"95,28","554 075,08","143,58",1342,34,7407,Total,47595,4649,16941,0,64,41053,6542,"53,02","6 309 992,65","120,78",17076,134,87094
Data,Ocup,Opção,Cheg,Oferta/Uso Interno,Deduz. Individ.,Deduz. Grupos,% Ocup.,Receita Quartos,Preço Médio,Saídas,Quartos FdS,Adul. / Cri.,maio,Histórico,01-mai-2025 qui,130,0,50,0,1,102,28,"96,30","21 115,34","162,43",54,1,238,4007,0,1500,0,2,3281,726,"95,77","655 674,79","163,63",1501,77,7395,Total mai,4007,0,1500,0,2,3281,726,"95,77","655 674,79","163,63",1501,77,7395,Total,47595,4649,16941,0,64,41053,6542,"53,02","6 309 992,65","120,78",17076,134,87094
Data,Ocup,Opção,Cheg,Oferta/Uso Interno,Deduz. Individ.,Deduz. Grupos,% Ocup.,Receita Quartos,Preço Médio,Saídas,Quartos FdS,Adul. / Cri.,maio,Histórico,02-mai-2025 sex,132,0,26,0,0,104,28,"97,78","21 566,82","163,39",24,1,246,4007,0,1500,0,2,3281,726,"95,77","655 674,79","163,63",1501,77,7395,Total mai,4007,0,1500,0,2,3281,726,"95,77","655 674,79","163,63",1501,77,7395,Total,47595,4649,16941,0,64,41053,6542,"53,02","6 309 992,65","120,78",17076,134,87094
Data,Ocup,Opção,Cheg,Oferta/Uso Interno,Deduz. Individ.,Deduz. Grupos,% Ocup.,Receita Quartos,Preço Médio,Saídas,Quartos FdS,Adul. / Cri.,maio,Histórico,03-mai-2025 sáb,132,0,57,0,0,132,0,"97,78","22 662,82","171,69",57,1,247,4007,0,1500,0,2,3281,726,"95,77","655 674,79","163,63",1501,77,7395,Total mai,4007,0,1500,0,2,3281,726,"95,77","655 674,79","163,63",1501,77,7395,Total,47595,4649,16941,0,64,41053,6542,"53,02","6 309 992,65","120,78",17076,134,87094
Data,Ocup,Opção,Cheg,Oferta/Uso Interno,Deduz. Individ.,Deduz. Grupos,% Ocup.,Receita Quartos,Preço Médio,Saídas,Quartos FdS,Adul. / Cri.,maio,Histórico,04-mai-2025 dom,120,0,44,0,0,111,9,"88,89","18 262,63","152,19",56,1,222,4007,0,1500,0,2,3281,726,"95,77","655 674,79","163,63",1501,77,7395,Total mai,4007,0,1500,0,2,3281,726,"95,77","655 674,79","163,63",1501,77,7395,Total,47595,4649,16941,0,64,41053,6542,"53,02","6 309 992,65","120,78",17076,134,87094
Data,Ocup,Opção,Cheg,Oferta/Uso Interno,Deduz. Individ.,Deduz. Grupos,% Ocup.,Receita Quartos,Preço Médio,Saídas,Quartos FdS,Adul. / Cri.,maio,Histórico,05-mai-2025 seg,117,0,39,0,0,108,9,"86,67","18 593,64","158,92",42,17,220,4007,0,1500,0,2,3281,726,"95,77","655 674,79","163,63",1501,77,7395,Total mai,4007,0,1500,0,2,3281,726,"95,77","655 674,79","163,63",1501,77,7395,Total,47595,4649,16941,0,64,41053,6542,"53,02","6 309 992,65","120,78",17076,134,87094
Data,Ocup,Opção,Cheg,Oferta/Uso Interno,Deduz. Individ.,Deduz. Grupos,% Ocup.,Receita Quartos,Preço Médio,Saídas,Quartos FdS,Adul. / Cri.,maio,Histórico,06-mai-2025 ter,109,0,32,0,0,109,0,"81,34","17 471,08","160,29",40,16,205,4007,0,1500,0,2,3281,726,"95,77","655 674,79","163,63",1501,77,7395,Total mai,4007,0,1500,0,2,3281,726,"95,77","655 674,79","163,63",1501,77,7395,Total,47595,4649,16941,0,64,41053,6542,"53,02","6 309 992,65","120,78",17076,134,87094
Data,Ocup,Opção,Cheg,Oferta/Uso Interno,Deduz. Individ.,Deduz. Grupos,% Ocup.,Receita Quartos,Preço Médio,Saídas,Quartos FdS,Adul. / Cri.,maio,Histórico,07-mai-2025 qua,118,0,64,0,0,101,17,"87,41","19 208,84","162,79",55,16,212,4007,0,1500,0,2,3281,726,"95,77","655 674,79","163,63",1501,77,7395,Total mai,4007,0,1500,0,2,3281,726,"95,77","655 674,79","163,63",1501,77,7395,Total,47595,4649,16941,0,64,41053,6542,"53,02","6 309 992,65","120,78",17076,134,87094
Data,Ocup,Opção,Cheg,Oferta/Uso Interno,Deduz. Individ.,Deduz. Grupos,% Ocup.,Receita Quartos,Preço Médio,Saídas,Quartos FdS,Adul. / Cri.,maio,Histórico,08-mai-2025 qui,118,0,33,0,0,101,17,"87,41","20 068,94","170,08",33,7,216,4007,0,1500,0,2,3281,726,"95,77","655 674,79","163,63",1501,77,7395,Total mai,4007,0,1500,0,2,3281,726,"95,77","655 674,79","163,63",1501,77,7395,Total,47595,4649,16941,0,64,41053,6542,"53,02","6 309 992,65","120,78",17076,134,87094
Data,Ocup,Opção,Cheg,Oferta/Uso Interno,Deduz. Individ.,Deduz. Grupos,% Ocup.,Receita Quartos,Preço Médio,Saídas,Quartos FdS,Adul. / Cri.,maio,Histórico,09-mai-2025 sex,127,0,49,0,0,110,17,"94,07","22 940,91","180,64",40,3,243,4007,0,1500,0,2,3281,726,"95,77","655 674,79","163,63",1501,77,7395,Total mai,4007,0,1500,0,2,3281,726,"95,77","655 674,79","163,63",1501,77,7395,Total,47595,4649,16941,0,64,41053,6542,"53,02","6 309 992,65","120,78",17076,134,87094
Data,Ocup,Opção,Cheg,Oferta/Uso Interno,Deduz. Individ.,Deduz. Grupos,% Ocup.,Receita Quartos,Preço Médio,Saídas,Quartos FdS,Adul. / Cri.,maio,Histórico,10-mai-2025 sáb,133,0,46,0,1,133,0,"98,52","25 471,11","191,51",40,2,256,4007,0,1500,0,2,3281,726,"95,77","655 674,79","163,63",1501,77,7395,Total mai,4007,0,1500,0,2,3281,726,"95,77","655 674,79","163,63",1501,77,7395,Total,47595,4649,16941,0,64,41053,6542,"53,02","6 309 992,65","120,78",17076,134,87094
Data,Ocup,Opção,Cheg,Oferta/Uso Interno,Deduz. Individ.,Deduz. Grupos,% Ocup.,Receita Quartos,Preço Médio,Saídas,Quartos FdS,Adul. / Cri.,maio,Histórico,11-mai-2025 dom,126,0,50,0,0,126,0,"93,33","20 522,59","162,88",57,2,236,4007,0,1500,0,2,3281,726,"95,77","655 674,79","163,63",1501,77,7395,Total mai,4007,0,1500,0,2,3281,726,"95,77","655 674,79","163,63",1501,77,7395,Total,47595,4649,16941,0,64,41053,6542,"53,02","6 309 992,65","120,78",17076,134,87094
Data,Ocup,Opção,Cheg,Oferta/Uso Interno,Deduz. Individ.,Deduz. Grupos,% Ocup.,Receita Quartos,Preço Médio,Saídas,Quartos FdS,Adul. / Cri.,maio,Histórico,12-mai-2025 seg,129,0,34,0,0,129,0,"95,56","21 618,95","167,59",31,2,233,4007,0,1500,0,2,3281,726,"95,77","655 674,79","163,63",1501,77,7395,Total mai,4007,0,1500,0,2,3281,726,"95,77","655 674,79","163,63",1501,77,7395,Total,47595,4649,16941,0,64,41053,6542,"53,02","6 309 992,65","120,78",17076,134,87094
Data,Ocup,Opção,Cheg,Oferta/Uso Interno,Deduz. Individ.,Deduz. Grupos,% Ocup.,Receita Quartos,Preço Médio,Saídas,Quartos FdS,Adul. / Cri.,maio,Histórico,13-mai-2025 ter,134,0,62,0,0,102,32,"99,26","20 877,36","155,80",57,1,231,4007,0,1500,0,2,3281,726,"95,77","655 674,79","163,63",1501,77,7395,Total mai,4007,0,1500,0,2,3281,726,"95,77","655 674,79","163,63",1501,77,7395,Total,47595,4649,16941,0,64,41053,6542,"53,02","6 309 992,65","120,78",17076,134,87094
Data,Ocup,Opção,Cheg,Oferta/Uso Interno,Deduz. Individ.,Deduz. Grupos,% Ocup.,Receita Quartos,Preço Médio,Saídas,Quartos FdS,Adul. / Cri.,maio,Histórico,14-mai-2025 qua,132,0,53,0,0,77,55,"97,78","19 672,23","149,03",55,1,231,4007,0,1500,0,2,3281,726,"95,77","655 674,79","163,63",1501,77,7395,Total mai,4007,0,1500,0,2,3281,726,"95,77","655 674,79","163,63",1501,77,7395,Total,47595,4649,16941,0,64,41053,6542,"53,02","6 309 992,65","120,78",17076,134,87094
Data,Ocup,Opção,Cheg,Oferta/Uso Interno,Deduz. Individ.,Deduz. Grupos,% Ocup.,Receita Quartos,Preço Médio,Saídas,Quartos FdS,Adul. / Cri.,maio,Histórico,15-mai-2025 qui,130,0,47,0,0,86,44,"96,30","20 494,28","157,65",49,1,233,4007,0,1500,0,2,3281,726,"95,77","655 674,79","163,63",1501,77,7395,Total mai,4007,0,1500,0,2,3281,726,"95,77","655 674,79","163,63",1501,77,7395,Total,47595,4649,16941,0,64,41053,6542,"53,02","6 309 992,65","120,78",17076,134,87094
Data,Ocup,Opção,Cheg,Oferta/Uso Interno,Deduz. Individ.,Deduz. Grupos,% Ocup.,Receita Quartos,Preço Médio,Saídas,Quartos FdS,Adul. / Cri.,maio,Histórico,16-mai-2025 sex,133,0,59,0,0,102,31,"98,52","22 681,08","170,53",56,1,241,4007,0,1500,0,2,3281,726,"95,77","655 674,79","163,63",1501,77,7395,Total mai,4007,0,1500,0,2,3281,726,"95,77","655 674,79","163,63",1501,77,7395,Total,47595,4649,16941,0,64,41053,6542,"53,02","6 309 992,65","120,78",17076,134,87094
Data,Ocup,Opção,Cheg,Oferta/Uso Interno,Deduz. Individ.,Deduz. Grupos,% Ocup.,Receita Quartos,Preço Médio,Saídas,Quartos FdS,Adul. / Cri.,maio,Histórico,17-mai-2025 sáb,132,0,60,0,0,120,12,"97,78","21 448,91","162,49",61,1,247,4007,0,1500,0,2,3281,726,"95,77","655 674,79","163,63",1501,77,7395,Total mai,4007,0,1500,0,2,3281,726,"95,77","655 674,79","163,63",1501,77,7395,Total,47595,4649,16941,0,64,41053,6542,"53,02","6 309 992,65","120,78",17076,134,87094
Data,Ocup,Opção,Cheg,Oferta/Uso Interno,Deduz. Individ.,Deduz. Grupos,% Ocup.,Receita Quartos,Preço Médio,Saídas,Quartos FdS,Adul. / Cri.,maio,Histórico,18-mai-2025 dom,132,0,58,0,0,96,36,"97,78","20 352,40","154,18",58,1,245,4007,0,1500,0,2,3281,726,"95,77","655 674,79","163,63",1501,77,7395,Total mai,4007,0,1500,0,2,3281,726,"95,77","655 674,79","163,63",1501,77,7395,Total,47595,4649,16941,0,64,41053,6542,"53,02","6 309 992,65","120,78",17076,134,87094
Data,Ocup,Opção,Cheg,Oferta/Uso Interno,Deduz. Individ.,Deduz. Grupos,% Ocup.,Receita Quartos,Preço Médio,Saídas,Quartos FdS,Adul. / Cri.,maio,Histórico,19-mai-2025 seg,131,0,47,0,0,106,25,"97,04","19 911,19","151,99",48,2,246,4007,0,1500,0,2,3281,726,"95,77","655 674,79","163,63",1501,77,7395,Total mai,4007,0,1500,0,2,3281,726,"95,77","655 674,79","163,63",1501,77,7395,Total,47595,4649,16941,0,64,41053,6542,"53,02","6 309 992,65","120,78",17076,134,87094
Data,Ocup,Opção,Cheg,Oferta/Uso Interno,Deduz. Individ.,Deduz. Grupos,% Ocup.,Receita Quartos,Preço Médio,Saídas,Quartos FdS,Adul. / Cri.,maio,Histórico,20-mai-2025 ter,135,0,42,0,0,108,27,"100,00","22 274,18","164,99",38,0,249,4007,0,1500,0,2,3281,726,"95,77","655 674,79","163,63",1501,77,7395,Total mai,4007,0,1500,0,2,3281,726,"95,77","655 674,79","163,63",1501,77,7395,Total,47595,4649,16941,0,64,41053,6542,"53,02","6 309 992,65","120,78",17076,134,87094
Data,Ocup,Opção,Cheg,Oferta/Uso Interno,Deduz. Individ.,Deduz. Grupos,% Ocup.,Receita Quartos,Preço Médio,Saídas,Quartos FdS,Adul. / Cri.,maio,Histórico,21-mai-2025 qua,132,0,67,0,0,109,23,"97,78","19 928,45","150,97",70,0,245,4007,0,1500,0,2,3281,726,"95,77","655 674,79","163,63",1501,77,7395,Total mai,4007,0,1500,0,2,3281,726,"95,77","655 674,79","163,63",1501,77,7395,Total,47595,4649,16941,0,64,41053,6542,"53,02","6 309 992,65","120,78",17076,134,87094
Data,Ocup,Opção,Cheg,Oferta/Uso Interno,Deduz. Individ.,Deduz. Grupos,% Ocup.,Receita Quartos,Preço Médio,Saídas,Quartos FdS,Adul. / Cri.,maio,Histórico,22-mai-2025 qui,132,0,49,0,0,89,43,"97,78","21 895,69","165,88",49,0,239,4007,0,1500,0,2,3281,726,"95,77","655 674,79","163,63",1501,77,7395,Total mai,4007,0,1500,0,2,3281,726,"95,77","655 674,79","163,63",1501,77,7395,Total,47595,4649,16941,0,64,41053,6542,"53,02","6 309 992,65","120,78",17076,134,87094
Data,Ocup,Opção,Cheg,Oferta/Uso Interno,Deduz. Individ.,Deduz. Grupos,% Ocup.,Receita Quartos,Preço Médio,Saídas,Quartos FdS,Adul. / Cri.,maio,Histórico,23-mai-2025 sex,132,0,37,0,0,96,36,"97,78","22 971,93","174,03",37,0,244,4007,0,1500,0,2,3281,726,"95,77","655 674,79","163,63",1501,77,7395,Total mai,4007,0,1500,0,2,3281,726,"95,77","655 674,79","163,63",1501,77,7395,Total,47595,4649,16941,0,64,41053,6542,"53,02","6 309 992,65","120,78",17076,134,87094
Data,Ocup,Opção,Cheg,Oferta/Uso Interno,Deduz. Individ.,Deduz. Grupos,% Ocup.,Receita Quartos,Preço Médio,Saídas,Quartos FdS,Adul. / Cri.,maio,Histórico,24-mai-2025 sáb,130,0,64,0,0,127,3,"96,30","23 800,96","183,08",66,0,231,4007,0,1500,0,2,3281,726,"95,77","655 674,79","163,63",1501,77,7395,Total mai,4007,0,1500,0,2,3281,726,"95,77","655 674,79","163,63",1501,77,7395,Total,47595,4649,16941,0,64,41053,6542,"53,02","6 309 992,65","120,78",17076,134,87094
Data,Ocup,Opção,Cheg,Oferta/Uso Interno,Deduz. Individ.,Deduz. Grupos,% Ocup.,Receita Quartos,Preço Médio,Saídas,Quartos FdS,Adul. / Cri.,maio,Histórico,25-mai-2025 dom,131,0,65,0,0,110,21,"97,04","21 013,46","160,41",64,0,227,4007,0,1500,0,2,3281,726,"95,77","655 674,79","163,63",1501,77,7395,Total mai,4007,0,1500,0,2,3281,726,"95,77","655 674,79","163,63",1501,77,7395,Total,47595,4649,16941,0,64,41053,6542,"53,02","6 309 992,65","120,78",17076,134,87094
Data,Ocup,Opção,Cheg,Oferta/Uso Interno,Deduz. Individ.,Deduz. Grupos,% Ocup.,Receita Quartos,Preço Médio,Saídas,Quartos FdS,Adul. / Cri.,maio,Histórico,26-mai-2025 seg,134,0,43,0,0,125,9,"99,26","20 719,07","154,62",40,0,237,4007,0,1500,0,2,3281,726,"95,77","655 674,79","163,63",1501,77,7395,Total mai,4007,0,1500,0,2,3281,726,"95,77","655 674,79","163,63",1501,77,7395,Total,47595,4649,16941,0,64,41053,6542,"53,02","6 309 992,65","120,78",17076,134,87094
Data,Ocup,Opção,Cheg,Oferta/Uso Interno,Deduz. Individ.,Deduz. Grupos,% Ocup.,Receita Quartos,Preço Médio,Saídas,Quartos FdS,Adul. / Cri.,maio,Histórico,27-mai-2025 ter,133,0,46,0,0,133,0,"98,52","21 011,14","157,98",47,0,243,4007,0,1500,0,2,3281,726,"95,77","655 674,79","163,63",1501,77,7395,Total mai,4007,0,1500,0,2,3281,726,"95,77","655 674,79","163,63",1501,77,7395,Total,47595,4649,16941,0,64,41053,6542,"53,02","6 309 992,65","120,78",17076,134,87094
Data,Ocup,Opção,Cheg,Oferta/Uso Interno,Deduz. Individ.,Deduz. Grupos,% Ocup.,Receita Quartos,Preço Médio,Saídas,Quartos FdS,Adul. / Cri.,maio,Histórico,28-mai-2025 qua,131,0,54,0,0,97,34,"97,04","21 629,60","165,11",56,0,256,4007,0,1500,0,2,3281,726,"95,77","655 674,79","163,63",1501,77,7395,Total mai,4007,0,1500,0,2,3281,726,"95,77","655 674,79","163,63",1501,77,7395,Total,47595,4649,16941,0,64,41053,6542,"53,02","6 309 992,65","120,78",17076,134,87094
Data,Ocup,Opção,Cheg,Oferta/Uso Interno,Deduz. Individ.,Deduz. Grupos,% Ocup.,Receita Quartos,Preço Médio,Saídas,Quartos FdS,Adul. / Cri.,maio,Histórico,29-mai-2025 qui,135,0,57,0,0,73,62,"100,00","21 395,29","158,48",53,0,256,4007,0,1500,0,2,3281,726,"95,77","655 674,79","163,63",1501,77,7395,Total mai,4007,0,1500,0,2,3281,726,"95,77","655 674,79","163,63",1501,77,7395,Total,47595,4649,16941,0,64,41053,6542,"53,02","6 309 992,65","120,78",17076,134,87094
Data,Ocup,Opção,Cheg,Oferta/Uso Interno,Deduz. Individ.,Deduz. Grupos,% Ocup.,Receita Quartos,Preço Médio,Saídas,Quartos FdS,Adul. / Cri.,maio,Histórico,30-mai-2025 sex,134,0,26,0,0,72,62,"99,26","21 611,94","161,28",27,0,262,4007,0,1500,0,2,3281,726,"95,77","655 674,79","163,63",1501,77,7395,Total mai,4007,0,1500,0,2,3281,726,"95,77","655 674,79","163,63",1501,77,7395,Total,47595,4649,16941,0,64,41053,6542,"53,02","6 309 992,65","120,78",17076,134,87094
Data,Ocup,Opção,Cheg,Oferta/Uso Interno,Deduz. Individ.,Deduz. Grupos,% Ocup.,Receita Quartos,Preço Médio,Saídas,Quartos FdS,Adul. / Cri.,maio,Histórico,31-mai-2025 sáb,133,0,40,0,0,87,46,"98,52","22 481,97","169,04",41,0,258,4007,0,1500,0,2,3281,726,"95,77","655 674,79","163,63",1501,77,7395,Total mai,4007,0,1500,0,2,3281,726,"95,77","655 674,79","163,63",1501,77,7395,Total,47595,4649,16941,0,64,41053,6542,"53,02","6 309 992,65","120,78",17076,134,87094
Data,Ocup,Opção,Cheg,Oferta/Uso Interno,Deduz. Individ.,Deduz. Grupos,% Ocup.,Receita Quartos,Preço Médio,Saídas,Quartos FdS,Adul. / Cri.,junho,Histórico,01-jun-2025 dom,130,0,74,0,0,130,0,"96,30","19 503,59","150,03",77,0,238,3969,2,1513,0,7,3268,701,"98,05","595 507,63","149,96",1512,1,7340,Total jun,3969,2,1513,0,7,3268,701,"98,05","595 507,63","149,96",1512,1,7340,Total,47595,4649,16941,0,64,41053,6542,"53,02","6 309 992,65","120,78",17076,134,87094
Data,Ocup,Opção,Cheg,Oferta/Uso Interno,Deduz. Individ.,Deduz. Grupos,% Ocup.,Receita Quartos,Preço Médio,Saídas,Quartos FdS,Adul. / Cri.,junho,Histórico,02-jun-2025 seg,134,0,47,0,0,134,0,"99,26","20 287,43","151,40",43,0,254,3969,2,1513,0,7,3268,701,"98,05","595 507,63","149,96",1512,1,7340,Total jun,3969,2,1513,0,7,3268,701,"98,05","595 507,63","149,96",1512,1,7340,Total,47595,4649,16941,0,64,41053,6542,"53,02","6 309 992,65","120,78",17076,134,87094
Data,Ocup,Opção,Cheg,Oferta/Uso Interno,Deduz. Individ.,Deduz. Grupos,% Ocup.,Receita Quartos,Preço Médio,Saídas,Quartos FdS,Adul. / Cri.,junho,Histórico,03-jun-2025 ter,132,0,38,0,0,132,0,"97,78","19 500,43","147,73",40,0,249,3969,2,1513,0,7,3268,701,"98,05","595 507,63","149,96",1512,1,7340,Total jun,3969,2,1513,0,7,3268,701,"98,05","595 507,63","149,96",1512,1,7340,Total,47595,4649,16941,0,64,41053,6542,"53,02","6 309 992,65","120,78",17076,134,87094
Data,Ocup,Opção,Cheg,Oferta/Uso Interno,Deduz. Individ.,Deduz. Grupos,% Ocup.,Receita Quartos,Preço Médio,Saídas,Quartos FdS,Adul. / Cri.,junho,Histórico,04-jun-2025 qua,134,0,53,0,0,108,26,"99,26","19 729,52","147,24",51,0,246,3969,2,1513,0,7,3268,701,"98,05","595 507,63","149,96",1512,1,7340,Total jun,3969,2,1513,0,7,3268,701,"98,05","595 507,63","149,96",1512,1,7340,Total,47595,4649,16941,0,64,41053,6542,"53,02","6 309 992,65","120,78",17076,134,87094
Data,Ocup,Opção,Cheg,Oferta/Uso Interno,Deduz. Individ.,Deduz. Grupos,% Ocup.,Receita Quartos,Preço Médio,Saídas,Quartos FdS,Adul. / Cri.,junho,Histórico,05-jun-2025 qui,132,0,49,0,0,93,39,"97,78","19 499,52","147,72",51,0,230,3969,2,1513,0,7,3268,701,"98,05","595 507,63","149,96",1512,1,7340,Total jun,3969,2,1513,0,7,3268,701,"98,05","595 507,63","149,96",1512,1,7340,Total,47595,4649,16941,0,64,41053,6542,"53,02","6 309 992,65","120,78",17076,134,87094
Data,Ocup,Opção,Cheg,Oferta/Uso Interno,Deduz. Individ.,Deduz. Grupos,% Ocup.,Receita Quartos,Preço Médio,Saídas,Quartos FdS,Adul. / Cri.,junho,Histórico,06-jun-2025 sex,134,0,75,0,0,69,65,"99,26","20 544,22","153,32",73,0,248,3969,2,1513,0,7,3268,701,"98,05","595 507,63","149,96",1512,1,7340,Total jun,3969,2,1513,0,7,3268,701,"98,05","595 507,63","149,96",1512,1,7340,Total,47595,4649,16941,0,64,41053,6542,"53,02","6 309 992,65","120,78",17076,134,87094
Data,Ocup,Opção,Cheg,Oferta/Uso Interno,Deduz. Individ.,Deduz. Grupos,% Ocup.,Receita Quartos,Preço Médio,Saídas,Quartos FdS,Adul. / Cri.,junho,Histórico,07-jun-2025 sáb,135,0,45,0,0,86,49,"100,00","21 138,88","156,58",44,0,254,3969,2,1513,0,7,3268,701,"98,05","595 507,63","149,96",1512,1,7340,Total jun,3969,2,1513,0,7,3268,701,"98,05","595 507,63","149,96",1512,1,7340,Total,47595,4649,16941,0,64,41053,6542,"53,02","6 309 992,65","120,78",17076,134,87094
Data,Ocup,Opção,Cheg,Oferta/Uso Interno,Deduz. Individ.,Deduz. Grupos,% Ocup.,Receita Quartos,Preço Médio,Saídas,Quartos FdS,Adul. / Cri.,junho,Histórico,08-jun-2025 dom,135,0,34,0,0,80,55,"100,00","19 459,15","144,14",34,0,253,3969,2,1513,0,7,3268,701,"98,05","595 507,63","149,96",1512,1,7340,Total jun,3969,2,1513,0,7,3268,701,"98,05","595 507,63","149,96",1512,1,7340,Total,47595,4649,16941,0,64,41053,6542,"53,02","6 309 992,65","120,78",17076,134,87094
Data,Ocup,Opção,Cheg,Oferta/Uso Interno,Deduz. Individ.,Deduz. Grupos,% Ocup.,Receita Quartos,Preço Médio,Saídas,Quartos FdS,Adul. / Cri.,junho,Histórico,09-jun-2025 seg,131,0,80,0,1,102,29,"97,04","18 173,91","138,73",84,0,246,3969,2,1513,0,7,3268,701,"98,05","595 507,63","149,96",1512,1,7340,Total jun,3969,2,1513,0,7,3268,701,"98,05","595 507,63","149,96",1512,1,7340,Total,47595,4649,16941,0,64,41053,6542,"53,02","6 309 992,65","120,78",17076,134,87094
Data,Ocup,Opção,Cheg,Oferta/Uso Interno,Deduz. Individ.,Deduz. Grupos,% Ocup.,Receita Quartos,Preço Médio,Saídas,Quartos FdS,Adul. / Cri.,junho,Histórico,10-jun-2025 ter,130,0,44,0,1,97,33,"96,30","18 719,77","144,00",45,1,234,3969,2,1513,0,7,3268,701,"98,05","595 507,63","149,96",1512,1,7340,Total jun,3969,2,1513,0,7,3268,701,"98,05","595 507,63","149,96",1512,1,7340,Total,47595,4649,16941,0,64,41053,6542,"53,02","6 309 992,65","120,78",17076,134,87094
Data,Ocup,Opção,Cheg,Oferta/Uso Interno,Deduz. Individ.,Deduz. Grupos,% Ocup.,Receita Quartos,Preço Médio,Saídas,Quartos FdS,Adul. / Cri.,junho,Histórico,11-jun-2025 qua,131,0,40,0,0,84,47,"97,04","19 240,22","146,87",39,0,235,3969,2,1513,0,7,3268,701,"98,05","595 507,63","149,96",1512,1,7340,Total jun,3969,2,1513,0,7,3268,701,"98,05","595 507,63","149,96",1512,1,7340,Total,47595,4649,16941,0,64,41053,6542,"53,02","6 309 992,65","120,78",17076,134,87094
Data,Ocup,Opção,Cheg,Oferta/Uso Interno,Deduz. Individ.,Deduz. Grupos,% Ocup.,Receita Quartos,Preço Médio,Saídas,Quartos FdS,Adul. / Cri.,junho,Histórico,12-jun-2025 qui,125,0,52,0,0,110,15,"92,59","18 370,47","146,96",58,0,225,3969,2,1513,0,7,3268,701,"98,05","595 507,63","149,96",1512,1,7340,Total jun,3969,2,1513,0,7,3268,701,"98,05","595 507,63","149,96",1512,1,7340,Total,47595,4649,16941,0,64,41053,6542,"53,02","6 309 992,65","120,78",17076,134,87094
Data,Ocup,Opção,Cheg,Oferta/Uso Interno,Deduz. Individ.,Deduz. Grupos,% Ocup.,Receita Quartos,Preço Médio,Saídas,Quartos FdS,Adul. / Cri.,junho,Histórico,13-jun-2025 sex,133,0,49,0,0,102,31,"98,52","21 936,13","164,93",41,0,244,3969,2,1513,0,7,3268,701,"98,05","595 507,63","149,96",1512,1,7340,Total jun,3969,2,1513,0,7,3268,701,"98,05","595 507,63","149,96",1512,1,7340,Total,47595,4649,16941,0,64,41053,6542,"53,02","6 309 992,65","120,78",17076,134,87094
Data,Ocup,Opção,Cheg,Oferta/Uso Interno,Deduz. Individ.,Deduz. Grupos,% Ocup.,Receita Quartos,Preço Médio,Saídas,Quartos FdS,Adul. / Cri.,junho,Histórico,14-jun-2025 sáb,134,0,47,0,0,118,16,"99,26","22 237,24","165,95",46,0,246,3969,2,1513,0,7,3268,701,"98,05","595 507,63","149,96",1512,1,7340,Total jun,3969,2,1513,0,7,3268,701,"98,05","595 507,63","149,96",1512,1,7340,Total,47595,4649,16941,0,64,41053,6542,"53,02","6 309 992,65","120,78",17076,134,87094
Data,Ocup,Opção,Cheg,Oferta/Uso Interno,Deduz. Individ.,Deduz. Grupos,% Ocup.,Receita Quartos,Preço Médio,Saídas,Quartos FdS,Adul. / Cri.,junho,Histórico,15-jun-2025 dom,130,0,60,0,2,120,10,"96,30","19 071,08","146,70",64,0,241,3969,2,1513,0,7,3268,701,"98,05","595 507,63","149,96",1512,1,7340,Total jun,3969,2,1513,0,7,3268,701,"98,05","595 507,63","149,96",1512,1,7340,Total,47595,4649,16941,0,64,41053,6542,"53,02","6 309 992,65","120,78",17076,134,87094
Data,Ocup,Opção,Cheg,Oferta/Uso Interno,Deduz. Individ.,Deduz. Grupos,% Ocup.,Receita Quartos,Preço Médio,Saídas,Quartos FdS,Adul. / Cri.,junho,Histórico,16-jun-2025 seg,135,0,60,0,0,133,2,"100,00","19 569,51","144,96",55,0,249,3969,2,1513,0,7,3268,701,"98,05","595 507,63","149,96",1512,1,7340,Total jun,3969,2,1513,0,7,3268,701,"98,05","595 507,63","149,96",1512,1,7340,Total,47595,4649,16941,0,64,41053,6542,"53,02","6 309 992,65","120,78",17076,134,87094
Data,Ocup,Opção,Cheg,Oferta/Uso Interno,Deduz. Individ.,Deduz. Grupos,% Ocup.,Receita Quartos,Preço Médio,Saídas,Quartos FdS,Adul. / Cri.,junho,Histórico,17-jun-2025 ter,135,0,38,0,0,135,0,"100,00","19 599,92","145,18",38,0,247,3969,2,1513,0,7,3268,701,"98,05","595 507,63","149,96",1512,1,7340,Total jun,3969,2,1513,0,7,3268,701,"98,05","595 507,63","149,96",1512,1,7340,Total,47595,4649,16941,0,64,41053,6542,"53,02","6 309 992,65","120,78",17076,134,87094
Data,Ocup,Opção,Cheg,Oferta/Uso Interno,Deduz. Individ.,Deduz. Grupos,% Ocup.,Receita Quartos,Preço Médio,Saídas,Quartos FdS,Adul. / Cri.,junho,Histórico,18-jun-2025 qua,134,0,56,0,0,117,17,"99,26","21 903,95","163,46",57,0,247,3969,2,1513,0,7,3268,701,"98,05","595 507,63","149,96",1512,1,7340,Total jun,3969,2,1513,0,7,3268,701,"98,05","595 507,63","149,96",1512,1,7340,Total,47595,4649,16941,0,64,41053,6542,"53,02","6 309 992,65","120,78",17076,134,87094
Data,Ocup,Opção,Cheg,Oferta/Uso Interno,Deduz. Individ.,Deduz. Grupos,% Ocup.,Receita Quartos,Preço Médio,Saídas,Quartos FdS,Adul. / Cri.,junho,Histórico,19-jun-2025 qui,129,0,37,0,0,99,30,"95,56","20 962,14","162,50",42,0,243,3969,2,1513,0,7,3268,701,"98,05","595 507,63","149,96",1512,1,7340,Total jun,3969,2,1513,0,7,3268,701,"98,05","595 507,63","149,96",1512,1,7340,Total,47595,4649,16941,0,64,41053,6542,"53,02","6 309 992,65","120,78",17076,134,87094
Data,Ocup,Opção,Cheg,Oferta/Uso Interno,Deduz. Individ.,Deduz. Grupos,% Ocup.,Receita Quartos,Preço Médio,Saídas,Quartos FdS,Adul. / Cri.,junho,Histórico,20-jun-2025 sex,134,0,45,0,0,96,38,"99,26","21 233,60","158,46",40,0,251,3969,2,1513,0,7,3268,701,"98,05","595 507,63","149,96",1512,1,7340,Total jun,3969,2,1513,0,7,3268,701,"98,05","595 507,63","149,96",1512,1,7340,Total,47595,4649,16941,0,64,41053,6542,"53,02","6 309 992,65","120,78",17076,134,87094
Data,Ocup,Opção,Cheg,Oferta/Uso Interno,Deduz. Individ.,Deduz. Grupos,% Ocup.,Receita Quartos,Preço Médio,Saídas,Quartos FdS,Adul. / Cri.,junho,Histórico,21-jun-2025 sáb,131,0,46,0,1,122,9,"97,04","21 081,76","160,93",49,0,247,3969,2,1513,0,7,3268,701,"98,05","595 507,63","149,96",1512,1,7340,Total jun,3969,2,1513,0,7,3268,701,"98,05","595 507,63","149,96",1512,1,7340,Total,47595,4649,16941,0,64,41053,6542,"53,02","6 309 992,65","120,78",17076,134,87094
Data,Ocup,Opção,Cheg,Oferta/Uso Interno,Deduz. Individ.,Deduz. Grupos,% Ocup.,Receita Quartos,Preço Médio,Saídas,Quartos FdS,Adul. / Cri.,junho,Histórico,22-jun-2025 dom,134,0,59,0,0,108,26,"99,26","19 889,32","148,43",56,0,249,3969,2,1513,0,7,3268,701,"98,05","595 507,63","149,96",1512,1,7340,Total jun,3969,2,1513,0,7,3268,701,"98,05","595 507,63","149,96",1512,1,7340,Total,47595,4649,16941,0,64,41053,6542,"53,02","6 309 992,65","120,78",17076,134,87094
Data,Ocup,Opção,Cheg,Oferta/Uso Interno,Deduz. Individ.,Deduz. Grupos,% Ocup.,Receita Quartos,Preço Médio,Saídas,Quartos FdS,Adul. / Cri.,junho,Histórico,23-jun-2025 seg,132,0,41,0,0,106,26,"97,78","18 902,86","143,20",43,0,243,3969,2,1513,0,7,3268,701,"98,05","595 507,63","149,96",1512,1,7340,Total jun,3969,2,1513,0,7,3268,701,"98,05","595 507,63","149,96",1512,1,7340,Total,47595,4649,16941,0,64,41053,6542,"53,02","6 309 992,65","120,78",17076,134,87094
Data,Ocup,Opção,Cheg,Oferta/Uso Interno,Deduz. Individ.,Deduz. Grupos,% Ocup.,Receita Quartos,Preço Médio,Saídas,Quartos FdS,Adul. / Cri.,junho,Histórico,24-jun-2025 ter,130,0,39,0,1,111,19,"96,30","19 243,52","148,03",41,0,242,3969,2,1513,0,7,3268,701,"98,05","595 507,63","149,96",1512,1,7340,Total jun,3969,2,1513,0,7,3268,701,"98,05","595 507,63","149,96",1512,1,7340,Total,47595,4649,16941,0,64,41053,6542,"53,02","6 309 992,65","120,78",17076,134,87094
Data,Ocup,Opção,Cheg,Oferta/Uso Interno,Deduz. Individ.,Deduz. Grupos,% Ocup.,Receita Quartos,Preço Médio,Saídas,Quartos FdS,Adul. / Cri.,junho,Histórico,25-jun-2025 qua,133,0,66,0,1,117,16,"98,52","19 682,21","147,99",63,0,246,3969,2,1513,0,7,3268,701,"98,05","595 507,63","149,96",1512,1,7340,Total jun,3969,2,1513,0,7,3268,701,"98,05","595 507,63","149,96",1512,1,7340,Total,47595,4649,16941,0,64,41053,6542,"53,02","6 309 992,65","120,78",17076,134,87094
Data,Ocup,Opção,Cheg,Oferta/Uso Interno,Deduz. Individ.,Deduz. Grupos,% Ocup.,Receita Quartos,Preço Médio,Saídas,Quartos FdS,Adul. / Cri.,junho,Histórico,26-jun-2025 qui,134,0,42,0,0,118,16,"99,26","16 905,54","126,16",41,0,243,3969,2,1513,0,7,3268,701,"98,05","595 507,63","149,96",1512,1,7340,Total jun,3969,2,1513,0,7,3268,701,"98,05","595 507,63","149,96",1512,1,7340,Total,47595,4649,16941,0,64,41053,6542,"53,02","6 309 992,65","120,78",17076,134,87094
Data,Ocup,Opção,Cheg,Oferta/Uso Interno,Deduz. Individ.,Deduz. Grupos,% Ocup.,Receita Quartos,Preço Médio,Saídas,Quartos FdS,Adul. / Cri.,junho,Histórico,27-jun-2025 sex,133,0,58,0,0,101,32,"98,52","20 836,45","156,67",59,0,243,3969,2,1513,0,7,3268,701,"98,05","595 507,63","149,96",1512,1,7340,Total jun,3969,2,1513,0,7,3268,701,"98,05","595 507,63","149,96",1512,1,7340,Total,47595,4649,16941,0,64,41053,6542,"53,02","6 309 992,65","120,78",17076,134,87094
Data,Ocup,Opção,Cheg,Oferta/Uso Interno,Deduz. Individ.,Deduz. Grupos,% Ocup.,Receita Quartos,Preço Médio,Saídas,Quartos FdS,Adul. / Cri.,junho,Histórico,28-jun-2025 sáb,131,0,56,0,0,102,29,"97,04","21 188,45","161,74",58,0,247,3969,2,1513,0,7,3268,701,"98,05","595 507,63","149,96",1512,1,7340,Total jun,3969,2,1513,0,7,3268,701,"98,05","595 507,63","149,96",1512,1,7340,Total,47595,4649,16941,0,64,41053,6542,"53,02","6 309 992,65","120,78",17076,134,87094
Data,Ocup,Opção,Cheg,Oferta/Uso Interno,Deduz. Individ.,Deduz. Grupos,% Ocup.,Receita Quartos,Preço Médio,Saídas,Quartos FdS,Adul. / Cri.,junho,Histórico,29-jun-2025 dom,130,0,47,0,0,117,13,"96,30","18 140,57","139,54",48,0,249,3969,2,1513,0,7,3268,701,"98,05","595 507,63","149,96",1512,1,7340,Total jun,3969,2,1513,0,7,3268,701,"98,05","595 507,63","149,96",1512,1,7340,Total,47595,4649,16941,0,64,41053,6542,"53,02","6 309 992,65","120,78",17076,134,87094
Data,Ocup,Opção,Cheg,Oferta/Uso Interno,Deduz. Individ.,Deduz. Grupos,% Ocup.,Receita Quartos,Preço Médio,Saídas,Quartos FdS,Adul. / Cri.,junho,Histórico,30-jun-2025 seg,134,2,36,0,0,121,13,"100,74","18 956,25","139,38",32,0,251,3969,2,1513,0,7,3268,701,"98,05","595 507,63","149,96",1512,1,7340,Total jun,3969,2,1513,0,7,3268,701,"98,05","595 507,63","149,96",1512,1,7340,Total,47595,4649,16941,0,64,41053,6542,"53,02","6 309 992,65","120,78",17076,134,87094
Data,Ocup,Opção,Cheg,Oferta/Uso Interno,Deduz. Individ.,Deduz. Grupos,% Ocup.,Receita Quartos,Preço Médio,Saídas,Quartos FdS,Adul. / Cri.,julho,Histórico,01-jul-2025 ter,116,2,34,0,0,116,0,"87,41","15 858,92","134,40",52,0,215,3720,2,1314,0,5,3623,97,"88,94","505 479,96","135,81",1329,0,6973,Total jul,3720,2,1314,0,5,3623,97,"88,94","505 479,96","135,81",1329,0,6973,Total,47595,4649,16941,0,64,41053,6542,"53,02","6 309 992,65","120,78",17076,134,87094
Data,Ocup,Opção,Cheg,Oferta/Uso Interno,Deduz. Individ.,Deduz. Grupos,% Ocup.,Receita Quartos,Preço Médio,Saídas,Quartos FdS,Adul. / Cri.,julho,Histórico,02-jul-2025 qua,112,0,39,0,0,112,0,"82,96","15 261,02","136,26",43,0,200,3720,2,1314,0,5,3623,97,"88,94","505 479,96","135,81",1329,0,6973,Total jul,3720,2,1314,0,5,3623,97,"88,94","505 479,96","135,81",1329,0,6973,Total,47595,4649,16941,0,64,41053,6542,"53,02","6 309 992,65","120,78",17076,134,87094
Data,Ocup,Opção,Cheg,Oferta/Uso Interno,Deduz. Individ.,Deduz. Grupos,% Ocup.,Receita Quartos,Preço Médio,Saídas,Quartos FdS,Adul. / Cri.,julho,Histórico,03-jul-2025 qui,130,0,44,0,0,130,0,"96,30","18 091,24","139,16",26,0,238,3720,2,1314,0,5,3623,97,"88,94","505 479,96","135,81",1329,0,6973,Total jul,3720,2,1314,0,5,3623,97,"88,94","505 479,96","135,81",1329,0,6973,Total,47595,4649,16941,0,64,41053,6542,"53,02","6 309 992,65","120,78",17076,134,87094
Data,Ocup,Opção,Cheg,Oferta/Uso Interno,Deduz. Individ.,Deduz. Grupos,% Ocup.,Receita Quartos,Preço Médio,Saídas,Quartos FdS,Adul. / Cri.,julho,Histórico,04-jul-2025 sex,130,0,38,0,0,130,0,"96,30","21 304,92","163,88",38,0,239,3720,2,1314,0,5,3623,97,"88,94","505 479,96","135,81",1329,0,6973,Total jul,3720,2,1314,0,5,3623,97,"88,94","505 479,96","135,81",1329,0,6973,Total,47595,4649,16941,0,64,41053,6542,"53,02","6 309 992,65","120,78",17076,134,87094
Data,Ocup,Opção,Cheg,Oferta/Uso Interno,Deduz. Individ.,Deduz. Grupos,% Ocup.,Receita Quartos,Preço Médio,Saídas,Quartos FdS,Adul. / Cri.,julho,Histórico,05-jul-2025 sáb,132,0,52,0,0,132,0,"97,78","20 263,24","153,51",50,0,253,3720,2,1314,0,5,3623,97,"88,94","505 479,96","135,81",1329,0,6973,Total jul,3720,2,1314,0,5,3623,97,"88,94","505 479,96","135,81",1329,0,6973,Total,47595,4649,16941,0,64,41053,6542,"53,02","6 309 992,65","120,78",17076,134,87094
Data,Ocup,Opção,Cheg,Oferta/Uso Interno,Deduz. Individ.,Deduz. Grupos,% Ocup.,Receita Quartos,Preço Médio,Saídas,Quartos FdS,Adul. / Cri.,julho,Histórico,06-jul-2025 dom,111,0,27,0,1,111,0,"82,22","15 239,70","137,29",48,0,215,3720,2,1314,0,5,3623,97,"88,94","505 479,96","135,81",1329,0,6973,Total jul,3720,2,1314,0,5,3623,97,"88,94","505 479,96","135,81",1329,0,6973,Total,47595,4649,16941,0,64,41053,6542,"53,02","6 309 992,65","120,78",17076,134,87094
Data,Ocup,Opção,Cheg,Oferta/Uso Interno,Deduz. Individ.,Deduz. Grupos,% Ocup.,Receita Quartos,Preço Médio,Saídas,Quartos FdS,Adul. / Cri.,julho,Histórico,07-jul-2025 seg,106,0,29,0,1,106,0,"78,52","14 308,59","134,99",34,0,199,3720,2,1314,0,5,3623,97,"88,94","505 479,96","135,81",1329,0,6973,Total jul,3720,2,1314,0,5,3623,97,"88,94","505 479,96","135,81",1329,0,6973,Total,47595,4649,16941,0,64,41053,6542,"53,02","6 309 992,65","120,78",17076,134,87094
Data,Ocup,Opção,Cheg,Oferta/Uso Interno,Deduz. Individ.,Deduz. Grupos,% Ocup.,Receita Quartos,Preço Médio,Saídas,Quartos FdS,Adul. / Cri.,julho,Histórico,08-jul-2025 ter,101,0,41,0,0,89,12,"74,81","14 503,10","143,60",46,0,185,3720,2,1314,0,5,3623,97,"88,94","505 479,96","135,81",1329,0,6973,Total jul,3720,2,1314,0,5,3623,97,"88,94","505 479,96","135,81",1329,0,6973,Total,47595,4649,16941,0,64,41053,6542,"53,02","6 309 992,65","120,78",17076,134,87094
Data,Ocup,Opção,Cheg,Oferta/Uso Interno,Deduz. Individ.,Deduz. Grupos,% Ocup.,Receita Quartos,Preço Médio,Saídas,Quartos FdS,Adul. / Cri.,julho,Histórico,09-jul-2025 qua,99,0,40,0,0,87,12,"73,33","14 756,73","149,06",42,0,186,3720,2,1314,0,5,3623,97,"88,94","505 479,96","135,81",1329,0,6973,Total jul,3720,2,1314,0,5,3623,97,"88,94","505 479,96","135,81",1329,0,6973,Total,47595,4649,16941,0,64,41053,6542,"53,02","6 309 992,65","120,78",17076,134,87094
Data,Ocup,Opção,Cheg,Oferta/Uso Interno,Deduz. Individ.,Deduz. Grupos,% Ocup.,Receita Quartos,Preço Médio,Saídas,Quartos FdS,Adul. / Cri.,julho,Histórico,10-jul-2025 qui,113,0,42,0,0,101,12,"83,70","16 231,75","143,64",28,0,209,3720,2,1314,0,5,3623,97,"88,94","505 479,96","135,81",1329,0,6973,Total jul,3720,2,1314,0,5,3623,97,"88,94","505 479,96","135,81",1329,0,6973,Total,47595,4649,16941,0,64,41053,6542,"53,02","6 309 992,65","120,78",17076,134,87094
Data,Ocup,Opção,Cheg,Oferta/Uso Interno,Deduz. Individ.,Deduz. Grupos,% Ocup.,Receita Quartos,Preço Médio,Saídas,Quartos FdS,Adul. / Cri.,julho,Histórico,11-jul-2025 sex,125,0,54,0,0,125,0,"92,59","18 890,41","151,12",42,0,231,3720,2,1314,0,5,3623,97,"88,94","505 479,96","135,81",1329,0,6973,Total jul,3720,2,1314,0,5,3623,97,"88,94","505 479,96","135,81",1329,0,6973,Total,47595,4649,16941,0,64,41053,6542,"53,02","6 309 992,65","120,78",17076,134,87094
Data,Ocup,Opção,Cheg,Oferta/Uso Interno,Deduz. Individ.,Deduz. Grupos,% Ocup.,Receita Quartos,Preço Médio,Saídas,Quartos FdS,Adul. / Cri.,julho,Histórico,12-jul-2025 sáb,133,0,37,0,0,133,0,"98,52","20 335,89","152,90",29,0,252,3720,2,1314,0,5,3623,97,"88,94","505 479,96","135,81",1329,0,6973,Total jul,3720,2,1314,0,5,3623,97,"88,94","505 479,96","135,81",1329,0,6973,Total,47595,4649,16941,0,64,41053,6542,"53,02","6 309 992,65","120,78",17076,134,87094
Data,Ocup,Opção,Cheg,Oferta/Uso Interno,Deduz. Individ.,Deduz. Grupos,% Ocup.,Receita Quartos,Preço Médio,Saídas,Quartos FdS,Adul. / Cri.,julho,Histórico,13-jul-2025 dom,106,0,38,0,0,106,0,"78,52","13 434,68","126,74",65,0,196,3720,2,1314,0,5,3623,97,"88,94","505 479,96","135,81",1329,0,6973,Total jul,3720,2,1314,0,5,3623,97,"88,94","505 479,96","135,81",1329,0,6973,Total,47595,4649,16941,0,64,41053,6542,"53,02","6 309 992,65","120,78",17076,134,87094
Data,Ocup,Opção,Cheg,Oferta/Uso Interno,Deduz. Individ.,Deduz. Grupos,% Ocup.,Receita Quartos,Preço Médio,Saídas,Quartos FdS,Adul. / Cri.,julho,Histórico,14-jul-2025 seg,104,0,36,0,0,104,0,"77,04","12 588,15","121,04",38,0,198,3720,2,1314,0,5,3623,97,"88,94","505 479,96","135,81",1329,0,6973,Total jul,3720,2,1314,0,5,3623,97,"88,94","505 479,96","135,81",1329,0,6973,Total,47595,4649,16941,0,64,41053,6542,"53,02","6 309 992,65","120,78",17076,134,87094
Data,Ocup,Opção,Cheg,Oferta/Uso Interno,Deduz. Individ.,Deduz. Grupos,% Ocup.,Receita Quartos,Preço Médio,Saídas,Quartos FdS,Adul. / Cri.,julho,Histórico,15-jul-2025 ter,120,0,51,0,0,105,15,"88,89","16 802,77","140,02",35,0,232,3720,2,1314,0,5,3623,97,"88,94","505 479,96","135,81",1329,0,6973,Total jul,3720,2,1314,0,5,3623,97,"88,94","505 479,96","135,81",1329,0,6973,Total,47595,4649,16941,0,64,41053,6542,"53,02","6 309 992,65","120,78",17076,134,87094
Data,Ocup,Opção,Cheg,Oferta/Uso Interno,Deduz. Individ.,Deduz. Grupos,% Ocup.,Receita Quartos,Preço Médio,Saídas,Quartos FdS,Adul. / Cri.,julho,Histórico,16-jul-2025 qua,115,0,49,0,0,102,13,"85,19","16 342,26","142,11",54,0,214,3720,2,1314,0,5,3623,97,"88,94","505 479,96","135,81",1329,0,6973,Total jul,3720,2,1314,0,5,3623,97,"88,94","505 479,96","135,81",1329,0,6973,Total,47595,4649,16941,0,64,41053,6542,"53,02","6 309 992,65","120,78",17076,134,87094
Data,Ocup,Opção,Cheg,Oferta/Uso Interno,Deduz. Individ.,Deduz. Grupos,% Ocup.,Receita Quartos,Preço Médio,Saídas,Quartos FdS,Adul. / Cri.,julho,Histórico,17-jul-2025 qui,118,0,43,0,0,105,13,"87,41","16 739,96","141,86",40,0,218,3720,2,1314,0,5,3623,97,"88,94","505 479,96","135,81",1329,0,6973,Total jul,3720,2,1314,0,5,3623,97,"88,94","505 479,96","135,81",1329,0,6973,Total,47595,4649,16941,0,64,41053,6542,"53,02","6 309 992,65","120,78",17076,134,87094
Data,Ocup,Opção,Cheg,Oferta/Uso Interno,Deduz. Individ.,Deduz. Grupos,% Ocup.,Receita Quartos,Preço Médio,Saídas,Quartos FdS,Adul. / Cri.,julho,Histórico,18-jul-2025 sex,106,0,30,0,0,106,0,"78,52","15 957,00","150,54",42,0,195,3720,2,1314,0,5,3623,97,"88,94","505 479,96","135,81",1329,0,6973,Total jul,3720,2,1314,0,5,3623,97,"88,94","505 479,96","135,81",1329,0,6973,Total,47595,4649,16941,0,64,41053,6542,"53,02","6 309 992,65","120,78",17076,134,87094
Data,Ocup,Opção,Cheg,Oferta/Uso Interno,Deduz. Individ.,Deduz. Grupos,% Ocup.,Receita Quartos,Preço Médio,Saídas,Quartos FdS,Adul. / Cri.,julho,Histórico,19-jul-2025 sáb,124,0,53,0,0,124,0,"91,85","16 819,18","135,64",35,0,235,3720,2,1314,0,5,3623,97,"88,94","505 479,96","135,81",1329,0,6973,Total jul,3720,2,1314,0,5,3623,97,"88,94","505 479,96","135,81",1329,0,6973,Total,47595,4649,16941,0,64,41053,6542,"53,02","6 309 992,65","120,78",17076,134,87094
Data,Ocup,Opção,Cheg,Oferta/Uso Interno,Deduz. Individ.,Deduz. Grupos,% Ocup.,Receita Quartos,Preço Médio,Saídas,Quartos FdS,Adul. / Cri.,julho,Histórico,20-jul-2025 dom,117,0,49,0,0,117,0,"86,67","15 116,65","129,20",56,0,226,3720,2,1314,0,5,3623,97,"88,94","505 479,96","135,81",1329,0,6973,Total jul,3720,2,1314,0,5,3623,97,"88,94","505 479,96","135,81",1329,0,6973,Total,47595,4649,16941,0,64,41053,6542,"53,02","6 309 992,65","120,78",17076,134,87094
Data,Ocup,Opção,Cheg,Oferta/Uso Interno,Deduz. Individ.,Deduz. Grupos,% Ocup.,Receita Quartos,Preço Médio,Saídas,Quartos FdS,Adul. / Cri.,julho,Histórico,21-jul-2025 seg,122,0,44,0,0,122,0,"90,37","15 200,14","124,59",39,0,238,3720,2,1314,0,5,3623,97,"88,94","505 479,96","135,81",1329,0,6973,Total jul,3720,2,1314,0,5,3623,97,"88,94","505 479,96","135,81",1329,0,6973,Total,47595,4649,16941,0,64,41053,6542,"53,02","6 309 992,65","120,78",17076,134,87094
Data,Ocup,Opção,Cheg,Oferta/Uso Interno,Deduz. Individ.,Deduz. Grupos,% Ocup.,Receita Quartos,Preço Médio,Saídas,Quartos FdS,Adul. / Cri.,julho,Histórico,22-jul-2025 ter,133,0,45,0,0,133,0,"98,52","17 069,26","128,34",34,0,254,3720,2,1314,0,5,3623,97,"88,94","505 479,96","135,81",1329,0,6973,Total jul,3720,2,1314,0,5,3623,97,"88,94","505 479,96","135,81",1329,0,6973,Total,47595,4649,16941,0,64,41053,6542,"53,02","6 309 992,65","120,78",17076,134,87094
Data,Ocup,Opção,Cheg,Oferta/Uso Interno,Deduz. Individ.,Deduz. Grupos,% Ocup.,Receita Quartos,Preço Médio,Saídas,Quartos FdS,Adul. / Cri.,julho,Histórico,23-jul-2025 qua,121,0,39,0,0,121,0,"89,63","13 816,99","114,19",51,0,227,3720,2,1314,0,5,3623,97,"88,94","505 479,96","135,81",1329,0,6973,Total jul,3720,2,1314,0,5,3623,97,"88,94","505 479,96","135,81",1329,0,6973,Total,47595,4649,16941,0,64,41053,6542,"53,02","6 309 992,65","120,78",17076,134,87094
Data,Ocup,Opção,Cheg,Oferta/Uso Interno,Deduz. Individ.,Deduz. Grupos,% Ocup.,Receita Quartos,Preço Médio,Saídas,Quartos FdS,Adul. / Cri.,julho,Histórico,24-jul-2025 qui,132,0,57,0,0,132,0,"97,78","16 137,37","122,25",46,0,246,3720,2,1314,0,5,3623,97,"88,94","505 479,96","135,81",1329,0,6973,Total jul,3720,2,1314,0,5,3623,97,"88,94","505 479,96","135,81",1329,0,6973,Total,47595,4649,16941,0,64,41053,6542,"53,02","6 309 992,65","120,78",17076,134,87094
Data,Ocup,Opção,Cheg,Oferta/Uso Interno,Deduz. Individ.,Deduz. Grupos,% Ocup.,Receita Quartos,Preço Médio,Saídas,Quartos FdS,Adul. / Cri.,julho,Histórico,25-jul-2025 sex,133,0,37,0,0,133,0,"98,52","16 550,10","124,44",36,0,246,3720,2,1314,0,5,3623,97,"88,94","505 479,96","135,81",1329,0,6973,Total jul,3720,2,1314,0,5,3623,97,"88,94","505 479,96","135,81",1329,0,6973,Total,47595,4649,16941,0,64,41053,6542,"53,02","6 309 992,65","120,78",17076,134,87094
Data,Ocup,Opção,Cheg,Oferta/Uso Interno,Deduz. Individ.,Deduz. Grupos,% Ocup.,Receita Quartos,Preço Médio,Saídas,Quartos FdS,Adul. / Cri.,julho,Histórico,26-jul-2025 sáb,133,0,54,0,1,133,0,"98,52","18 303,29","137,62",54,0,241,3720,2,1314,0,5,3623,97,"88,94","505 479,96","135,81",1329,0,6973,Total jul,3720,2,1314,0,5,3623,97,"88,94","505 479,96","135,81",1329,0,6973,Total,47595,4649,16941,0,64,41053,6542,"53,02","6 309 992,65","120,78",17076,134,87094
Data,Ocup,Opção,Cheg,Oferta/Uso Interno,Deduz. Individ.,Deduz. Grupos,% Ocup.,Receita Quartos,Preço Médio,Saídas,Quartos FdS,Adul. / Cri.,julho,Histórico,27-jul-2025 dom,127,0,46,0,1,127,0,"94,07","15 647,13","123,21",52,0,232,3720,2,1314,0,5,3623,97,"88,94","505 479,96","135,81",1329,0,6973,Total jul,3720,2,1314,0,5,3623,97,"88,94","505 479,96","135,81",1329,0,6973,Total,47595,4649,16941,0,64,41053,6542,"53,02","6 309 992,65","120,78",17076,134,87094
Data,Ocup,Opção,Cheg,Oferta/Uso Interno,Deduz. Individ.,Deduz. Grupos,% Ocup.,Receita Quartos,Preço Médio,Saídas,Quartos FdS,Adul. / Cri.,julho,Histórico,28-jul-2025 seg,133,0,47,0,1,133,0,"98,52","17 049,58","128,19",41,0,253,3720,2,1314,0,5,3623,97,"88,94","505 479,96","135,81",1329,0,6973,Total jul,3720,2,1314,0,5,3623,97,"88,94","505 479,96","135,81",1329,0,6973,Total,47595,4649,16941,0,64,41053,6542,"53,02","6 309 992,65","120,78",17076,134,87094
Data,Ocup,Opção,Cheg,Oferta/Uso Interno,Deduz. Individ.,Deduz. Grupos,% Ocup.,Receita Quartos,Preço Médio,Saídas,Quartos FdS,Adul. / Cri.,julho,Histórico,29-jul-2025 ter,120,0,32,0,0,120,0,"88,89","15 618,63","130,16",45,0,236,3720,2,1314,0,5,3623,97,"88,94","505 479,96","135,81",1329,0,6973,Total jul,3720,2,1314,0,5,3623,97,"88,94","505 479,96","135,81",1329,0,6973,Total,47595,4649,16941,0,64,41053,6542,"53,02","6 309 992,65","120,78",17076,134,87094
Data,Ocup,Opção,Cheg,Oferta/Uso Interno,Deduz. Individ.,Deduz. Grupos,% Ocup.,Receita Quartos,Preço Médio,Saídas,Quartos FdS,Adul. / Cri.,julho,Histórico,30-jul-2025 qua,129,0,53,0,0,119,10,"95,56","15 972,20","123,82",44,0,246,3720,2,1314,0,5,3623,97,"88,94","505 479,96","135,81",1329,0,6973,Total jul,3720,2,1314,0,5,3623,97,"88,94","505 479,96","135,81",1329,0,6973,Total,47595,4649,16941,0,64,41053,6542,"53,02","6 309 992,65","120,78",17076,134,87094
Data,Ocup,Opção,Cheg,Oferta/Uso Interno,Deduz. Individ.,Deduz. Grupos,% Ocup.,Receita Quartos,Preço Médio,Saídas,Quartos FdS,Adul. / Cri.,julho,Histórico,31-jul-2025 qui,119,0,34,0,0,109,10,"88,15","15 269,13","128,31",44,0,218,3720,2,1314,0,5,3623,97,"88,94","505 479,96","135,81",1329,0,6973,Total jul,3720,2,1314,0,5,3623,97,"88,94","505 479,96","135,81",1329,0,6973,Total,47595,4649,16941,0,64,41053,6542,"53,02","6 309 992,65","120,78",17076,134,87094
Data,Ocup,Opção,Cheg,Oferta/Uso Interno,Deduz. Individ.,Deduz. Grupos,% Ocup.,Receita Quartos,Preço Médio,Saídas,Quartos FdS,Adul. / Cri.,agosto,Histórico,01-ago-2025 sex,122,0,57,0,0,122,0,"90,37","15 311,70","125,51",54,0,228,3971,9,1442,0,15,3621,350,"95,10","515 412,47","129,50",1441,5,7494,Total ago,3971,9,1442,0,15,3621,350,"95,10","515 412,47","129,50",1441,5,7494,Total,47595,4649,16941,0,64,41053,6542,"53,02","6 309 992,65","120,78",17076,134,87094
Data,Ocup,Opção,Cheg,Oferta/Uso Interno,Deduz. Individ.,Deduz. Grupos,% Ocup.,Receita Quartos,Preço Médio,Saídas,Quartos FdS,Adul. / Cri.,agosto,Histórico,02-ago-2025 sáb,129,0,48,0,0,129,0,"95,56","17 236,12","133,61",41,0,245,3971,9,1442,0,15,3621,350,"95,10","515 412,47","129,50",1441,5,7494,Total ago,3971,9,1442,0,15,3621,350,"95,10","515 412,47","129,50",1441,5,7494,Total,47595,4649,16941,0,64,41053,6542,"53,02","6 309 992,65","120,78",17076,134,87094
Data,Ocup,Opção,Cheg,Oferta/Uso Interno,Deduz. Individ.,Deduz. Grupos,% Ocup.,Receita Quartos,Preço Médio,Saídas,Quartos FdS,Adul. / Cri.,agosto,Histórico,03-ago-2025 dom,117,0,34,0,0,117,0,"86,67","14 368,42","122,81",46,0,229,3971,9,1442,0,15,3621,350,"95,10","515 412,47","129,50",1441,5,7494,Total ago,3971,9,1442,0,15,3621,350,"95,10","515 412,47","129,50",1441,5,7494,Total,47595,4649,16941,0,64,41053,6542,"53,02","6 309 992,65","120,78",17076,134,87094
Data,Ocup,Opção,Cheg,Oferta/Uso Interno,Deduz. Individ.,Deduz. Grupos,% Ocup.,Receita Quartos,Preço Médio,Saídas,Quartos FdS,Adul. / Cri.,agosto,Histórico,04-ago-2025 seg,122,0,59,0,0,122,0,"90,37","15 649,63","128,28",54,1,236,3971,9,1442,0,15,3621,350,"95,10","515 412,47","129,50",1441,5,7494,Total ago,3971,9,1442,0,15,3621,350,"95,10","515 412,47","129,50",1441,5,7494,Total,47595,4649,16941,0,64,41053,6542,"53,02","6 309 992,65","120,78",17076,134,87094
Data,Ocup,Opção,Cheg,Oferta/Uso Interno,Deduz. Individ.,Deduz. Grupos,% Ocup.,Receita Quartos,Preço Médio,Saídas,Quartos FdS,Adul. / Cri.,agosto,Histórico,05-ago-2025 ter,131,1,53,0,0,116,15,"97,78","17 798,95","134,84",44,1,249,3971,9,1442,0,15,3621,350,"95,10","515 412,47","129,50",1441,5,7494,Total ago,3971,9,1442,0,15,3621,350,"95,10","515 412,47","129,50",1441,5,7494,Total,47595,4649,16941,0,64,41053,6542,"53,02","6 309 992,65","120,78",17076,134,87094
Data,Ocup,Opção,Cheg,Oferta/Uso Interno,Deduz. Individ.,Deduz. Grupos,% Ocup.,Receita Quartos,Preço Médio,Saídas,Quartos FdS,Adul. / Cri.,agosto,Histórico,06-ago-2025 qua,125,1,48,0,0,125,0,"93,33","16 059,32","127,45",54,1,242,3971,9,1442,0,15,3621,350,"95,10","515 412,47","129,50",1441,5,7494,Total ago,3971,9,1442,0,15,3621,350,"95,10","515 412,47","129,50",1441,5,7494,Total,47595,4649,16941,0,64,41053,6542,"53,02","6 309 992,65","120,78",17076,134,87094
Data,Ocup,Opção,Cheg,Oferta/Uso Interno,Deduz. Individ.,Deduz. Grupos,% Ocup.,Receita Quartos,Preço Médio,Saídas,Quartos FdS,Adul. / Cri.,agosto,Histórico,07-ago-2025 qui,118,1,37,0,0,118,0,"88,15","14 934,70","125,50",44,0,230,3971,9,1442,0,15,3621,350,"95,10","515 412,47","129,50",1441,5,7494,Total ago,3971,9,1442,0,15,3621,350,"95,10","515 412,47","129,50",1441,5,7494,Total,47595,4649,16941,0,64,41053,6542,"53,02","6 309 992,65","120,78",17076,134,87094
Data,Ocup,Opção,Cheg,Oferta/Uso Interno,Deduz. Individ.,Deduz. Grupos,% Ocup.,Receita Quartos,Preço Médio,Saídas,Quartos FdS,Adul. / Cri.,agosto,Histórico,08-ago-2025 sex,133,0,52,0,0,133,0,"98,52","17 054,09","128,23",37,0,258,3971,9,1442,0,15,3621,350,"95,10","515 412,47","129,50",1441,5,7494,Total ago,3971,9,1442,0,15,3621,350,"95,10","515 412,47","129,50",1441,5,7494,Total,47595,4649,16941,0,64,41053,6542,"53,02","6 309 992,65","120,78",17076,134,87094
Data,Ocup,Opção,Cheg,Oferta/Uso Interno,Deduz. Individ.,Deduz. Grupos,% Ocup.,Receita Quartos,Preço Médio,Saídas,Quartos FdS,Adul. / Cri.,agosto,Histórico,09-ago-2025 sáb,132,0,49,0,0,132,0,"97,78","18 336,47","138,91",50,0,253,3971,9,1442,0,15,3621,350,"95,10","515 412,47","129,50",1441,5,7494,Total ago,3971,9,1442,0,15,3621,350,"95,10","515 412,47","129,50",1441,5,7494,Total,47595,4649,16941,0,64,41053,6542,"53,02","6 309 992,65","120,78",17076,134,87094
Data,Ocup,Opção,Cheg,Oferta/Uso Interno,Deduz. Individ.,Deduz. Grupos,% Ocup.,Receita Quartos,Preço Médio,Saídas,Quartos FdS,Adul. / Cri.,agosto,Histórico,10-ago-2025 dom,134,0,47,0,1,134,0,"99,26","16 045,67","119,74",45,0,256,3971,9,1442,0,15,3621,350,"95,10","515 412,47","129,50",1441,5,7494,Total ago,3971,9,1442,0,15,3621,350,"95,10","515 412,47","129,50",1441,5,7494,Total,47595,4649,16941,0,64,41053,6542,"53,02","6 309 992,65","120,78",17076,134,87094
Data,Ocup,Opção,Cheg,Oferta/Uso Interno,Deduz. Individ.,Deduz. Grupos,% Ocup.,Receita Quartos,Preço Médio,Saídas,Quartos FdS,Adul. / Cri.,agosto,Histórico,11-ago-2025 seg,134,0,49,0,2,112,22,"99,26","16 685,60","124,52",49,0,263,3971,9,1442,0,15,3621,350,"95,10","515 412,47","129,50",1441,5,7494,Total ago,3971,9,1442,0,15,3621,350,"95,10","515 412,47","129,50",1441,5,7494,Total,47595,4649,16941,0,64,41053,6542,"53,02","6 309 992,65","120,78",17076,134,87094
Data,Ocup,Opção,Cheg,Oferta/Uso Interno,Deduz. Individ.,Deduz. Grupos,% Ocup.,Receita Quartos,Preço Médio,Saídas,Quartos FdS,Adul. / Cri.,agosto,Histórico,12-ago-2025 ter,134,0,64,0,2,134,0,"99,26","16 323,71","121,82",64,0,268,3971,9,1442,0,15,3621,350,"95,10","515 412,47","129,50",1441,5,7494,Total ago,3971,9,1442,0,15,3621,350,"95,10","515 412,47","129,50",1441,5,7494,Total,47595,4649,16941,0,64,41053,6542,"53,02","6 309 992,65","120,78",17076,134,87094
Data,Ocup,Opção,Cheg,Oferta/Uso Interno,Deduz. Individ.,Deduz. Grupos,% Ocup.,Receita Quartos,Preço Médio,Saídas,Quartos FdS,Adul. / Cri.,agosto,Histórico,13-ago-2025 qua,131,0,50,0,1,125,6,"97,04","15 305,53","116,84",53,0,250,3971,9,1442,0,15,3621,350,"95,10","515 412,47","129,50",1441,5,7494,Total ago,3971,9,1442,0,15,3621,350,"95,10","515 412,47","129,50",1441,5,7494,Total,47595,4649,16941,0,64,41053,6542,"53,02","6 309 992,65","120,78",17076,134,87094
Data,Ocup,Opção,Cheg,Oferta/Uso Interno,Deduz. Individ.,Deduz. Grupos,% Ocup.,Receita Quartos,Preço Médio,Saídas,Quartos FdS,Adul. / Cri.,agosto,Histórico,14-ago-2025 qui,134,0,46,0,1,128,6,"99,26","16 224,11","121,08",43,0,258,3971,9,1442,0,15,3621,350,"95,10","515 412,47","129,50",1441,5,7494,Total ago,3971,9,1442,0,15,3621,350,"95,10","515 412,47","129,50",1441,5,7494,Total,47595,4649,16941,0,64,41053,6542,"53,02","6 309 992,65","120,78",17076,134,87094
Data,Ocup,Opção,Cheg,Oferta/Uso Interno,Deduz. Individ.,Deduz. Grupos,% Ocup.,Receita Quartos,Preço Médio,Saídas,Quartos FdS,Adul. / Cri.,agosto,Histórico,15-ago-2025 sex,132,0,44,0,1,126,6,"97,78","17 812,39","134,94",46,0,257,3971,9,1442,0,15,3621,350,"95,10","515 412,47","129,50",1441,5,7494,Total ago,3971,9,1442,0,15,3621,350,"95,10","515 412,47","129,50",1441,5,7494,Total,47595,4649,16941,0,64,41053,6542,"53,02","6 309 992,65","120,78",17076,134,87094
Data,Ocup,Opção,Cheg,Oferta/Uso Interno,Deduz. Individ.,Deduz. Grupos,% Ocup.,Receita Quartos,Preço Médio,Saídas,Quartos FdS,Adul. / Cri.,agosto,Histórico,16-ago-2025 sáb,130,1,37,0,3,130,0,"97,04","17 339,25","132,36",38,0,255,3971,9,1442,0,15,3621,350,"95,10","515 412,47","129,50",1441,5,7494,Total ago,3971,9,1442,0,15,3621,350,"95,10","515 412,47","129,50",1441,5,7494,Total,47595,4649,16941,0,64,41053,6542,"53,02","6 309 992,65","120,78",17076,134,87094
Data,Ocup,Opção,Cheg,Oferta/Uso Interno,Deduz. Individ.,Deduz. Grupos,% Ocup.,Receita Quartos,Preço Médio,Saídas,Quartos FdS,Adul. / Cri.,agosto,Histórico,17-ago-2025 dom,127,1,39,0,2,127,0,"94,81","15 379,49","120,15",42,0,250,3971,9,1442,0,15,3621,350,"95,10","515 412,47","129,50",1441,5,7494,Total ago,3971,9,1442,0,15,3621,350,"95,10","515 412,47","129,50",1441,5,7494,Total,47595,4649,16941,0,64,41053,6542,"53,02","6 309 992,65","120,78",17076,134,87094
Data,Ocup,Opção,Cheg,Oferta/Uso Interno,Deduz. Individ.,Deduz. Grupos,% Ocup.,Receita Quartos,Preço Médio,Saídas,Quartos FdS,Adul. / Cri.,agosto,Histórico,18-ago-2025 seg,131,1,55,0,1,131,0,"97,78","16 276,40","123,31",52,1,247,3971,9,1442,0,15,3621,350,"95,10","515 412,47","129,50",1441,5,7494,Total ago,3971,9,1442,0,15,3621,350,"95,10","515 412,47","129,50",1441,5,7494,Total,47595,4649,16941,0,64,41053,6542,"53,02","6 309 992,65","120,78",17076,134,87094
Data,Ocup,Opção,Cheg,Oferta/Uso Interno,Deduz. Individ.,Deduz. Grupos,% Ocup.,Receita Quartos,Preço Médio,Saídas,Quartos FdS,Adul. / Cri.,agosto,Histórico,19-ago-2025 ter,129,1,51,0,0,127,2,"96,30","16 329,84","125,61",53,0,239,3971,9,1442,0,15,3621,350,"95,10","515 412,47","129,50",1441,5,7494,Total ago,3971,9,1442,0,15,3621,350,"95,10","515 412,47","129,50",1441,5,7494,Total,47595,4649,16941,0,64,41053,6542,"53,02","6 309 992,65","120,78",17076,134,87094
Data,Ocup,Opção,Cheg,Oferta/Uso Interno,Deduz. Individ.,Deduz. Grupos,% Ocup.,Receita Quartos,Preço Médio,Saídas,Quartos FdS,Adul. / Cri.,agosto,Histórico,20-ago-2025 qua,132,0,60,0,0,102,30,"97,78","17 267,59","130,82",57,0,241,3971,9,1442,0,15,3621,350,"95,10","515 412,47","129,50",1441,5,7494,Total ago,3971,9,1442,0,15,3621,350,"95,10","515 412,47","129,50",1441,5,7494,Total,47595,4649,16941,0,64,41053,6542,"53,02","6 309 992,65","120,78",17076,134,87094
Data,Ocup,Opção,Cheg,Oferta/Uso Interno,Deduz. Individ.,Deduz. Grupos,% Ocup.,Receita Quartos,Preço Médio,Saídas,Quartos FdS,Adul. / Cri.,agosto,Histórico,21-ago-2025 qui,127,0,32,0,0,97,30,"94,07","16 408,64","129,20",37,0,234,3971,9,1442,0,15,3621,350,"95,10","515 412,47","129,50",1441,5,7494,Total ago,3971,9,1442,0,15,3621,350,"95,10","515 412,47","129,50",1441,5,7494,Total,47595,4649,16941,0,64,41053,6542,"53,02","6 309 992,65","120,78",17076,134,87094
Data,Ocup,Opção,Cheg,Oferta/Uso Interno,Deduz. Individ.,Deduz. Grupos,% Ocup.,Receita Quartos,Preço Médio,Saídas,Quartos FdS,Adul. / Cri.,agosto,Histórico,22-ago-2025 sex,128,0,37,0,0,98,30,"94,81","17 421,08","136,10",36,0,242,3971,9,1442,0,15,3621,350,"95,10","515 412,47","129,50",1441,5,7494,Total ago,3971,9,1442,0,15,3621,350,"95,10","515 412,47","129,50",1441,5,7494,Total,47595,4649,16941,0,64,41053,6542,"53,02","6 309 992,65","120,78",17076,134,87094
Data,Ocup,Opção,Cheg,Oferta/Uso Interno,Deduz. Individ.,Deduz. Grupos,% Ocup.,Receita Quartos,Preço Médio,Saídas,Quartos FdS,Adul. / Cri.,agosto,Histórico,23-ago-2025 sáb,135,0,48,0,0,121,14,"100,00","17 606,46","130,42",41,0,250,3971,9,1442,0,15,3621,350,"95,10","515 412,47","129,50",1441,5,7494,Total ago,3971,9,1442,0,15,3621,350,"95,10","515 412,47","129,50",1441,5,7494,Total,47595,4649,16941,0,64,41053,6542,"53,02","6 309 992,65","120,78",17076,134,87094
Data,Ocup,Opção,Cheg,Oferta/Uso Interno,Deduz. Individ.,Deduz. Grupos,% Ocup.,Receita Quartos,Preço Médio,Saídas,Quartos FdS,Adul. / Cri.,agosto,Histórico,24-ago-2025 dom,130,0,42,0,0,116,14,"96,30","16 701,65","128,47",47,0,245,3971,9,1442,0,15,3621,350,"95,10","515 412,47","129,50",1441,5,7494,Total ago,3971,9,1442,0,15,3621,350,"95,10","515 412,47","129,50",1441,5,7494,Total,47595,4649,16941,0,64,41053,6542,"53,02","6 309 992,65","120,78",17076,134,87094
Data,Ocup,Opção,Cheg,Oferta/Uso Interno,Deduz. Individ.,Deduz. Grupos,% Ocup.,Receita Quartos,Preço Médio,Saídas,Quartos FdS,Adul. / Cri.,agosto,Histórico,25-ago-2025 seg,120,0,26,0,0,106,14,"88,89","15 731,88","131,10",36,0,226,3971,9,1442,0,15,3621,350,"95,10","515 412,47","129,50",1441,5,7494,Total ago,3971,9,1442,0,15,3621,350,"95,10","515 412,47","129,50",1441,5,7494,Total,47595,4649,16941,0,64,41053,6542,"53,02","6 309 992,65","120,78",17076,134,87094
Data,Ocup,Opção,Cheg,Oferta/Uso Interno,Deduz. Individ.,Deduz. Grupos,% Ocup.,Receita Quartos,Preço Médio,Saídas,Quartos FdS,Adul. / Cri.,agosto,Histórico,26-ago-2025 ter,123,0,48,0,0,95,28,"91,11","17 469,15","142,03",45,0,231,3971,9,1442,0,15,3621,350,"95,10","515 412,47","129,50",1441,5,7494,Total ago,3971,9,1442,0,15,3621,350,"95,10","515 412,47","129,50",1441,5,7494,Total,47595,4649,16941,0,64,41053,6542,"53,02","6 309 992,65","120,78",17076,134,87094
Data,Ocup,Opção,Cheg,Oferta/Uso Interno,Deduz. Individ.,Deduz. Grupos,% Ocup.,Receita Quartos,Preço Médio,Saídas,Quartos FdS,Adul. / Cri.,agosto,Histórico,27-ago-2025 qua,124,0,66,0,1,97,27,"91,85","14 701,65","118,56",65,0,225,3971,9,1442,0,15,3621,350,"95,10","515 412,47","129,50",1441,5,7494,Total ago,3971,9,1442,0,15,3621,350,"95,10","515 412,47","129,50",1441,5,7494,Total,47595,4649,16941,0,64,41053,6542,"53,02","6 309 992,65","120,78",17076,134,87094
Data,Ocup,Opção,Cheg,Oferta/Uso Interno,Deduz. Individ.,Deduz. Grupos,% Ocup.,Receita Quartos,Preço Médio,Saídas,Quartos FdS,Adul. / Cri.,agosto,Histórico,28-ago-2025 qui,124,0,37,0,0,94,30,"91,85","16 225,08","130,85",37,0,228,3971,9,1442,0,15,3621,350,"95,10","515 412,47","129,50",1441,5,7494,Total ago,3971,9,1442,0,15,3621,350,"95,10","515 412,47","129,50",1441,5,7494,Total,47595,4649,16941,0,64,41053,6542,"53,02","6 309 992,65","120,78",17076,134,87094
Data,Ocup,Opção,Cheg,Oferta/Uso Interno,Deduz. Individ.,Deduz. Grupos,% Ocup.,Receita Quartos,Preço Médio,Saídas,Quartos FdS,Adul. / Cri.,agosto,Histórico,29-ago-2025 sex,130,0,53,0,0,98,32,"96,30","18 863,86","145,11",47,0,228,3971,9,1442,0,15,3621,350,"95,10","515 412,47","129,50",1441,5,7494,Total ago,3971,9,1442,0,15,3621,350,"95,10","515 412,47","129,50",1441,5,7494,Total,47595,4649,16941,0,64,41053,6542,"53,02","6 309 992,65","120,78",17076,134,87094
Data,Ocup,Opção,Cheg,Oferta/Uso Interno,Deduz. Individ.,Deduz. Grupos,% Ocup.,Receita Quartos,Preço Médio,Saídas,Quartos FdS,Adul. / Cri.,agosto,Histórico,30-ago-2025 sáb,133,0,47,0,0,113,20,"98,52","19 323,09","145,29",44,0,226,3971,9,1442,0,15,3621,350,"95,10","515 412,47","129,50",1441,5,7494,Total ago,3971,9,1442,0,15,3621,350,"95,10","515 412,47","129,50",1441,5,7494,Total,47595,4649,16941,0,64,41053,6542,"53,02","6 309 992,65","120,78",17076,134,87094
Data,Ocup,Opção,Cheg,Oferta/Uso Interno,Deduz. Individ.,Deduz. Grupos,% Ocup.,Receita Quartos,Preço Médio,Saídas,Quartos FdS,Adul. / Cri.,agosto,Histórico,31-ago-2025 dom,120,2,27,0,0,96,24,"90,37","17 220,95","141,16",40,1,205,3971,9,1442,0,15,3621,350,"95,10","515 412,47","129,50",1441,5,7494,Total ago,3971,9,1442,0,15,3621,350,"95,10","515 412,47","129,50",1441,5,7494,Total,47595,4649,16941,0,64,41053,6542,"53,02","6 309 992,65","120,78",17076,134,87094
Data,Ocup,Opção,Cheg,Oferta/Uso Interno,Deduz. Individ.,Deduz. Grupos,% Ocup.,Receita Quartos,Preço Médio,Saídas,Quartos FdS,Adul. / Cri.,setembro,Histórico,01-set-2025 seg,117,2,33,0,0,100,17,"88,15","19 066,02","160,22",36,0,202,3615,5,1319,0,1,2924,691,"89,38","620 068,16","171,29",1320,2,6313,Total set,3615,5,1319,0,1,2924,691,"89,38","620 068,16","171,29",1320,2,6313,Total,47595,4649,16941,0,64,41053,6542,"53,02","6 309 992,65","120,78",17076,134,87094
Data,Ocup,Opção,Cheg,Oferta/Uso Interno,Deduz. Individ.,Deduz. Grupos,% Ocup.,Receita Quartos,Preço Médio,Saídas,Quartos FdS,Adul. / Cri.,setembro,Histórico,02-set-2025 ter,100,0,32,0,1,100,0,"74,07","15 518,42","155,18",49,0,176,3615,5,1319,0,1,2924,691,"89,38","620 068,16","171,29",1320,2,6313,Total set,3615,5,1319,0,1,2924,691,"89,38","620 068,16","171,29",1320,2,6313,Total,47595,4649,16941,0,64,41053,6542,"53,02","6 309 992,65","120,78",17076,134,87094
Data,Ocup,Opção,Cheg,Oferta/Uso Interno,Deduz. Individ.,Deduz. Grupos,% Ocup.,Receita Quartos,Preço Médio,Saídas,Quartos FdS,Adul. / Cri.,setembro,Histórico,03-set-2025 qua,104,0,49,0,0,87,17,"77,04","16 368,32","157,39",45,0,190,3615,5,1319,0,1,2924,691,"89,38","620 068,16","171,29",1320,2,6313,Total set,3615,5,1319,0,1,2924,691,"89,38","620 068,16","171,29",1320,2,6313,Total,47595,4649,16941,0,64,41053,6542,"53,02","6 309 992,65","120,78",17076,134,87094
Data,Ocup,Opção,Cheg,Oferta/Uso Interno,Deduz. Individ.,Deduz. Grupos,% Ocup.,Receita Quartos,Preço Médio,Saídas,Quartos FdS,Adul. / Cri.,setembro,Histórico,04-set-2025 qui,108,0,32,0,0,87,21,"80,00","18 026,52","166,91",28,0,196,3615,5,1319,0,1,2924,691,"89,38","620 068,16","171,29",1320,2,6313,Total set,3615,5,1319,0,1,2924,691,"89,38","620 068,16","171,29",1320,2,6313,Total,47595,4649,16941,0,64,41053,6542,"53,02","6 309 992,65","120,78",17076,134,87094
Data,Ocup,Opção,Cheg,Oferta/Uso Interno,Deduz. Individ.,Deduz. Grupos,% Ocup.,Receita Quartos,Preço Médio,Saídas,Quartos FdS,Adul. / Cri.,setembro,Histórico,05-set-2025 sex,115,0,38,0,0,88,27,"85,19","19 455,00","169,17",31,1,210,3615,5,1319,0,1,2924,691,"89,38","620 068,16","171,29",1320,2,6313,Total set,3615,5,1319,0,1,2924,691,"89,38","620 068,16","171,29",1320,2,6313,Total,47595,4649,16941,0,64,41053,6542,"53,02","6 309 992,65","120,78",17076,134,87094
Data,Ocup,Opção,Cheg,Oferta/Uso Interno,Deduz. Individ.,Deduz. Grupos,% Ocup.,Receita Quartos,Preço Médio,Saídas,Quartos FdS,Adul. / Cri.,setembro,Histórico,06-set-2025 sáb,103,0,31,0,0,92,11,"76,30","17 095,96","165,98",43,0,179,3615,5,1319,0,1,2924,691,"89,38","620 068,16","171,29",1320,2,6313,Total set,3615,5,1319,0,1,2924,691,"89,38","620 068,16","171,29",1320,2,6313,Total,47595,4649,16941,0,64,41053,6542,"53,02","6 309 992,65","120,78",17076,134,87094
Data,Ocup,Opção,Cheg,Oferta/Uso Interno,Deduz. Individ.,Deduz. Grupos,% Ocup.,Receita Quartos,Preço Médio,Saídas,Quartos FdS,Adul. / Cri.,setembro,Histórico,07-set-2025 dom,103,0,36,0,0,103,0,"76,30","15 957,73","154,93",36,0,179,3615,5,1319,0,1,2924,691,"89,38","620 068,16","171,29",1320,2,6313,Total set,3615,5,1319,0,1,2924,691,"89,38","620 068,16","171,29",1320,2,6313,Total,47595,4649,16941,0,64,41053,6542,"53,02","6 309 992,65","120,78",17076,134,87094
Data,Ocup,Opção,Cheg,Oferta/Uso Interno,Deduz. Individ.,Deduz. Grupos,% Ocup.,Receita Quartos,Preço Médio,Saídas,Quartos FdS,Adul. / Cri.,setembro,Histórico,08-set-2025 seg,105,0,42,0,0,105,0,"77,78","16 753,64","159,56",40,0,182,3615,5,1319,0,1,2924,691,"89,38","620 068,16","171,29",1320,2,6313,Total set,3615,5,1319,0,1,2924,691,"89,38","620 068,16","171,29",1320,2,6313,Total,47595,4649,16941,0,64,41053,6542,"53,02","6 309 992,65","120,78",17076,134,87094
Data,Ocup,Opção,Cheg,Oferta/Uso Interno,Deduz. Individ.,Deduz. Grupos,% Ocup.,Receita Quartos,Preço Médio,Saídas,Quartos FdS,Adul. / Cri.,setembro,Histórico,09-set-2025 ter,112,0,44,0,0,112,0,"82,96","18 842,15","168,23",37,0,194,3615,5,1319,0,1,2924,691,"89,38","620 068,16","171,29",1320,2,6313,Total set,3615,5,1319,0,1,2924,691,"89,38","620 068,16","171,29",1320,2,6313,Total,47595,4649,16941,0,64,41053,6542,"53,02","6 309 992,65","120,78",17076,134,87094
Data,Ocup,Opção,Cheg,Oferta/Uso Interno,Deduz. Individ.,Deduz. Grupos,% Ocup.,Receita Quartos,Preço Médio,Saídas,Quartos FdS,Adul. / Cri.,setembro,Histórico,10-set-2025 qua,113,0,45,0,0,95,18,"83,70","17 865,24","158,10",44,0,196,3615,5,1319,0,1,2924,691,"89,38","620 068,16","171,29",1320,2,6313,Total set,3615,5,1319,0,1,2924,691,"89,38","620 068,16","171,29",1320,2,6313,Total,47595,4649,16941,0,64,41053,6542,"53,02","6 309 992,65","120,78",17076,134,87094
Data,Ocup,Opção,Cheg,Oferta/Uso Interno,Deduz. Individ.,Deduz. Grupos,% Ocup.,Receita Quartos,Preço Médio,Saídas,Quartos FdS,Adul. / Cri.,setembro,Histórico,11-set-2025 qui,120,0,36,0,0,89,31,"88,89","18 453,95","153,78",29,0,213,3615,5,1319,0,1,2924,691,"89,38","620 068,16","171,29",1320,2,6313,Total set,3615,5,1319,0,1,2924,691,"89,38","620 068,16","171,29",1320,2,6313,Total,47595,4649,16941,0,64,41053,6542,"53,02","6 309 992,65","120,78",17076,134,87094
Data,Ocup,Opção,Cheg,Oferta/Uso Interno,Deduz. Individ.,Deduz. Grupos,% Ocup.,Receita Quartos,Preço Médio,Saídas,Quartos FdS,Adul. / Cri.,setembro,Histórico,12-set-2025 sex,129,0,49,0,0,74,55,"95,56","22 349,19","173,25",40,0,229,3615,5,1319,0,1,2924,691,"89,38","620 068,16","171,29",1320,2,6313,Total set,3615,5,1319,0,1,2924,691,"89,38","620 068,16","171,29",1320,2,6313,Total,47595,4649,16941,0,64,41053,6542,"53,02","6 309 992,65","120,78",17076,134,87094
Data,Ocup,Opção,Cheg,Oferta/Uso Interno,Deduz. Individ.,Deduz. Grupos,% Ocup.,Receita Quartos,Preço Médio,Saídas,Quartos FdS,Adul. / Cri.,setembro,Histórico,13-set-2025 sáb,126,0,33,0,0,85,41,"93,33","23 175,51","183,93",36,0,228,3615,5,1319,0,1,2924,691,"89,38","620 068,16","171,29",1320,2,6313,Total set,3615,5,1319,0,1,2924,691,"89,38","620 068,16","171,29",1320,2,6313,Total,47595,4649,16941,0,64,41053,6542,"53,02","6 309 992,65","120,78",17076,134,87094
Data,Ocup,Opção,Cheg,Oferta/Uso Interno,Deduz. Individ.,Deduz. Grupos,% Ocup.,Receita Quartos,Preço Médio,Saídas,Quartos FdS,Adul. / Cri.,setembro,Histórico,14-set-2025 dom,87,0,22,0,0,64,23,"64,44","15 188,94","174,59",61,0,152,3615,5,1319,0,1,2924,691,"89,38","620 068,16","171,29",1320,2,6313,Total set,3615,5,1319,0,1,2924,691,"89,38","620 068,16","171,29",1320,2,6313,Total,47595,4649,16941,0,64,41053,6542,"53,02","6 309 992,65","120,78",17076,134,87094
Data,Ocup,Opção,Cheg,Oferta/Uso Interno,Deduz. Individ.,Deduz. Grupos,% Ocup.,Receita Quartos,Preço Médio,Saídas,Quartos FdS,Adul. / Cri.,setembro,Histórico,15-set-2025 seg,133,0,104,0,0,51,82,"98,52","22 798,18","171,41",58,0,244,3615,5,1319,0,1,2924,691,"89,38","620 068,16","171,29",1320,2,6313,Total set,3615,5,1319,0,1,2924,691,"89,38","620 068,16","171,29",1320,2,6313,Total,47595,4649,16941,0,64,41053,6542,"53,02","6 309 992,65","120,78",17076,134,87094
Data,Ocup,Opção,Cheg,Oferta/Uso Interno,Deduz. Individ.,Deduz. Grupos,% Ocup.,Receita Quartos,Preço Médio,Saídas,Quartos FdS,Adul. / Cri.,setembro,Histórico,16-set-2025 ter,135,0,15,0,0,53,82,"100,00","22 590,98","167,34",13,0,247,3615,5,1319,0,1,2924,691,"89,38","620 068,16","171,29",1320,2,6313,Total set,3615,5,1319,0,1,2924,691,"89,38","620 068,16","171,29",1320,2,6313,Total,47595,4649,16941,0,64,41053,6542,"53,02","6 309 992,65","120,78",17076,134,87094
Data,Ocup,Opção,Cheg,Oferta/Uso Interno,Deduz. Individ.,Deduz. Grupos,% Ocup.,Receita Quartos,Preço Médio,Saídas,Quartos FdS,Adul. / Cri.,setembro,Histórico,17-set-2025 qua,133,0,28,0,0,36,97,"98,52","21 823,81","164,09",30,0,245,3615,5,1319,0,1,2924,691,"89,38","620 068,16","171,29",1320,2,6313,Total set,3615,5,1319,0,1,2924,691,"89,38","620 068,16","171,29",1320,2,6313,Total,47595,4649,16941,0,64,41053,6542,"53,02","6 309 992,65","120,78",17076,134,87094
Data,Ocup,Opção,Cheg,Oferta/Uso Interno,Deduz. Individ.,Deduz. Grupos,% Ocup.,Receita Quartos,Preço Médio,Saídas,Quartos FdS,Adul. / Cri.,setembro,Histórico,18-set-2025 qui,132,0,93,0,0,115,17,"97,78","25 853,21","195,86",94,0,218,3615,5,1319,0,1,2924,691,"89,38","620 068,16","171,29",1320,2,6313,Total set,3615,5,1319,0,1,2924,691,"89,38","620 068,16","171,29",1320,2,6313,Total,47595,4649,16941,0,64,41053,6542,"53,02","6 309 992,65","120,78",17076,134,87094
Data,Ocup,Opção,Cheg,Oferta/Uso Interno,Deduz. Individ.,Deduz. Grupos,% Ocup.,Receita Quartos,Preço Médio,Saídas,Quartos FdS,Adul. / Cri.,setembro,Histórico,19-set-2025 sex,131,0,49,0,0,105,26,"97,04","26 816,32","204,70",50,0,228,3615,5,1319,0,1,2924,691,"89,38","620 068,16","171,29",1320,2,6313,Total set,3615,5,1319,0,1,2924,691,"89,38","620 068,16","171,29",1320,2,6313,Total,47595,4649,16941,0,64,41053,6542,"53,02","6 309 992,65","120,78",17076,134,87094
Data,Ocup,Opção,Cheg,Oferta/Uso Interno,Deduz. Individ.,Deduz. Grupos,% Ocup.,Receita Quartos,Preço Médio,Saídas,Quartos FdS,Adul. / Cri.,setembro,Histórico,20-set-2025 sáb,129,1,47,0,0,115,14,"96,30","25 765,82","198,20",49,0,222,3615,5,1319,0,1,2924,691,"89,38","620 068,16","171,29",1320,2,6313,Total set,3615,5,1319,0,1,2924,691,"89,38","620 068,16","171,29",1320,2,6313,Total,47595,4649,16941,0,64,41053,6542,"53,02","6 309 992,65","120,78",17076,134,87094
Data,Ocup,Opção,Cheg,Oferta/Uso Interno,Deduz. Individ.,Deduz. Grupos,% Ocup.,Receita Quartos,Preço Médio,Saídas,Quartos FdS,Adul. / Cri.,setembro,Histórico,21-set-2025 dom,121,1,46,0,0,111,10,"90,37","21 108,76","173,02",54,0,212,3615,5,1319,0,1,2924,691,"89,38","620 068,16","171,29",1320,2,6313,Total set,3615,5,1319,0,1,2924,691,"89,38","620 068,16","171,29",1320,2,6313,Total,47595,4649,16941,0,64,41053,6542,"53,02","6 309 992,65","120,78",17076,134,87094
Data,Ocup,Opção,Cheg,Oferta/Uso Interno,Deduz. Individ.,Deduz. Grupos,% Ocup.,Receita Quartos,Preço Médio,Saídas,Quartos FdS,Adul. / Cri.,setembro,Histórico,22-set-2025 seg,124,1,27,0,0,114,10,"92,59","20 080,42","160,64",24,0,214,3615,5,1319,0,1,2924,691,"89,38","620 068,16","171,29",1320,2,6313,Total set,3615,5,1319,0,1,2924,691,"89,38","620 068,16","171,29",1320,2,6313,Total,47595,4649,16941,0,64,41053,6542,"53,02","6 309 992,65","120,78",17076,134,87094
Data,Ocup,Opção,Cheg,Oferta/Uso Interno,Deduz. Individ.,Deduz. Grupos,% Ocup.,Receita Quartos,Preço Médio,Saídas,Quartos FdS,Adul. / Cri.,setembro,Histórico,23-set-2025 ter,134,0,66,0,0,134,0,"99,26","21 802,86","162,71",56,0,222,3615,5,1319,0,1,2924,691,"89,38","620 068,16","171,29",1320,2,6313,Total set,3615,5,1319,0,1,2924,691,"89,38","620 068,16","171,29",1320,2,6313,Total,47595,4649,16941,0,64,41053,6542,"53,02","6 309 992,65","120,78",17076,134,87094
Data,Ocup,Opção,Cheg,Oferta/Uso Interno,Deduz. Individ.,Deduz. Grupos,% Ocup.,Receita Quartos,Preço Médio,Saídas,Quartos FdS,Adul. / Cri.,setembro,Histórico,24-set-2025 qua,135,0,55,0,0,119,16,"100,00","22 290,01","165,11",54,0,224,3615,5,1319,0,1,2924,691,"89,38","620 068,16","171,29",1320,2,6313,Total set,3615,5,1319,0,1,2924,691,"89,38","620 068,16","171,29",1320,2,6313,Total,47595,4649,16941,0,64,41053,6542,"53,02","6 309 992,65","120,78",17076,134,87094
Data,Ocup,Opção,Cheg,Oferta/Uso Interno,Deduz. Individ.,Deduz. Grupos,% Ocup.,Receita Quartos,Preço Médio,Saídas,Quartos FdS,Adul. / Cri.,setembro,Histórico,25-set-2025 qui,133,0,40,0,0,115,18,"98,52","23 208,43","174,50",42,0,235,3615,5,1319,0,1,2924,691,"89,38","620 068,16","171,29",1320,2,6313,Total set,3615,5,1319,0,1,2924,691,"89,38","620 068,16","171,29",1320,2,6313,Total,47595,4649,16941,0,64,41053,6542,"53,02","6 309 992,65","120,78",17076,134,87094
Data,Ocup,Opção,Cheg,Oferta/Uso Interno,Deduz. Individ.,Deduz. Grupos,% Ocup.,Receita Quartos,Preço Médio,Saídas,Quartos FdS,Adul. / Cri.,setembro,Histórico,26-set-2025 sex,131,0,46,0,0,113,18,"97,04","24 197,35","184,71",48,0,235,3615,5,1319,0,1,2924,691,"89,38","620 068,16","171,29",1320,2,6313,Total set,3615,5,1319,0,1,2924,691,"89,38","620 068,16","171,29",1320,2,6313,Total,47595,4649,16941,0,64,41053,6542,"53,02","6 309 992,65","120,78",17076,134,87094
Data,Ocup,Opção,Cheg,Oferta/Uso Interno,Deduz. Individ.,Deduz. Grupos,% Ocup.,Receita Quartos,Preço Médio,Saídas,Quartos FdS,Adul. / Cri.,setembro,Histórico,27-set-2025 sáb,131,0,47,0,0,127,4,"97,04","24 952,89","190,48",47,0,224,3615,5,1319,0,1,2924,691,"89,38","620 068,16","171,29",1320,2,6313,Total set,3615,5,1319,0,1,2924,691,"89,38","620 068,16","171,29",1320,2,6313,Total,47595,4649,16941,0,64,41053,6542,"53,02","6 309 992,65","120,78",17076,134,87094
Data,Ocup,Opção,Cheg,Oferta/Uso Interno,Deduz. Individ.,Deduz. Grupos,% Ocup.,Receita Quartos,Preço Médio,Saídas,Quartos FdS,Adul. / Cri.,setembro,Histórico,28-set-2025 dom,130,0,52,0,0,120,10,"96,30","22 177,99","170,60",53,0,224,3615,5,1319,0,1,2924,691,"89,38","620 068,16","171,29",1320,2,6313,Total set,3615,5,1319,0,1,2924,691,"89,38","620 068,16","171,29",1320,2,6313,Total,47595,4649,16941,0,64,41053,6542,"53,02","6 309 992,65","120,78",17076,134,87094
Data,Ocup,Opção,Cheg,Oferta/Uso Interno,Deduz. Individ.,Deduz. Grupos,% Ocup.,Receita Quartos,Preço Médio,Saídas,Quartos FdS,Adul. / Cri.,setembro,Histórico,29-set-2025 seg,122,0,36,0,0,111,11,"90,37","20 496,06","168,00",44,1,198,3615,5,1319,0,1,2924,691,"89,38","620 068,16","171,29",1320,2,6313,Total set,3615,5,1319,0,1,2924,691,"89,38","620 068,16","171,29",1320,2,6313,Total,47595,4649,16941,0,64,41053,6542,"53,02","6 309 992,65","120,78",17076,134,87094
Data,Ocup,Opção,Cheg,Oferta/Uso Interno,Deduz. Individ.,Deduz. Grupos,% Ocup.,Receita Quartos,Preço Médio,Saídas,Quartos FdS,Adul. / Cri.,setembro,Histórico,30-set-2025 ter,119,0,46,0,0,104,15,"88,15","19 988,49","167,97",49,0,195,3615,5,1319,0,1,2924,691,"89,38","620 068,16","171,29",1320,2,6313,Total set,3615,5,1319,0,1,2924,691,"89,38","620 068,16","171,29",1320,2,6313,Total,47595,4649,16941,0,64,41053,6542,"53,02","6 309 992,65","120,78",17076,134,87094
Data,Ocup,Opção,Cheg,Oferta/Uso Interno,Deduz. Individ.,Deduz. Grupos,% Ocup.,Receita Quartos,Preço Médio,Saídas,Quartos FdS,Adul. / Cri.,outubro,Histórico,01-out-2025 qua,128,0,58,0,0,76,52,"94,81","21 668,14","169,28",49,0,219,3832,16,1433,0,7,3127,705,"91,95","636 684,71","165,46",1457,1,6564,Total out,3832,16,1433,0,7,3127,705,"91,95","636 684,71","165,46",1457,1,6564,Total,47595,4649,16941,0,64,41053,6542,"53,02","6 309 992,65","120,78",17076,134,87094
Data,Ocup,Opção,Cheg,Oferta/Uso Interno,Deduz. Individ.,Deduz. Grupos,% Ocup.,Receita Quartos,Preço Médio,Saídas,Quartos FdS,Adul. / Cri.,outubro,Histórico,02-out-2025 qui,131,0,45,0,0,92,39,"97,04","22 103,75","168,73",42,0,228,3832,16,1433,0,7,3127,705,"91,95","636 684,71","165,46",1457,1,6564,Total out,3832,16,1433,0,7,3127,705,"91,95","636 684,71","165,46",1457,1,6564,Total,47595,4649,16941,0,64,41053,6542,"53,02","6 309 992,65","120,78",17076,134,87094
Data,Ocup,Opção,Cheg,Oferta/Uso Interno,Deduz. Individ.,Deduz. Grupos,% Ocup.,Receita Quartos,Preço Médio,Saídas,Quartos FdS,Adul. / Cri.,outubro,Histórico,03-out-2025 sex,134,0,35,0,0,90,44,"99,26","26 009,17","194,10",32,0,230,3832,16,1433,0,7,3127,705,"91,95","636 684,71","165,46",1457,1,6564,Total out,3832,16,1433,0,7,3127,705,"91,95","636 684,71","165,46",1457,1,6564,Total,47595,4649,16941,0,64,41053,6542,"53,02","6 309 992,65","120,78",17076,134,87094
Data,Ocup,Opção,Cheg,Oferta/Uso Interno,Deduz. Individ.,Deduz. Grupos,% Ocup.,Receita Quartos,Preço Médio,Saídas,Quartos FdS,Adul. / Cri.,outubro,Histórico,04-out-2025 sáb,132,0,39,0,0,105,27,"97,78","23 672,45","179,34",41,0,223,3832,16,1433,0,7,3127,705,"91,95","636 684,71","165,46",1457,1,6564,Total out,3832,16,1433,0,7,3127,705,"91,95","636 684,71","165,46",1457,1,6564,Total,47595,4649,16941,0,64,41053,6542,"53,02","6 309 992,65","120,78",17076,134,87094
Data,Ocup,Opção,Cheg,Oferta/Uso Interno,Deduz. Individ.,Deduz. Grupos,% Ocup.,Receita Quartos,Preço Médio,Saídas,Quartos FdS,Adul. / Cri.,outubro,Histórico,05-out-2025 dom,119,0,66,0,0,106,13,"88,15","19 080,12","160,34",79,0,201,3832,16,1433,0,7,3127,705,"91,95","636 684,71","165,46",1457,1,6564,Total out,3832,16,1433,0,7,3127,705,"91,95","636 684,71","165,46",1457,1,6564,Total,47595,4649,16941,0,64,41053,6542,"53,02","6 309 992,65","120,78",17076,134,87094
Data,Ocup,Opção,Cheg,Oferta/Uso Interno,Deduz. Individ.,Deduz. Grupos,% Ocup.,Receita Quartos,Preço Médio,Saídas,Quartos FdS,Adul. / Cri.,outubro,Histórico,06-out-2025 seg,133,0,55,0,0,129,4,"98,52","22 825,49","171,62",41,0,228,3832,16,1433,0,7,3127,705,"91,95","636 684,71","165,46",1457,1,6564,Total out,3832,16,1433,0,7,3127,705,"91,95","636 684,71","165,46",1457,1,6564,Total,47595,4649,16941,0,64,41053,6542,"53,02","6 309 992,65","120,78",17076,134,87094
Data,Ocup,Opção,Cheg,Oferta/Uso Interno,Deduz. Individ.,Deduz. Grupos,% Ocup.,Receita Quartos,Preço Médio,Saídas,Quartos FdS,Adul. / Cri.,outubro,Histórico,07-out-2025 ter,135,4,46,0,0,133,2,"102,96","25 143,54","180,89",44,0,229,3832,16,1433,0,7,3127,705,"91,95","636 684,71","165,46",1457,1,6564,Total out,3832,16,1433,0,7,3127,705,"91,95","636 684,71","165,46",1457,1,6564,Total,47595,4649,16941,0,64,41053,6542,"53,02","6 309 992,65","120,78",17076,134,87094
Data,Ocup,Opção,Cheg,Oferta/Uso Interno,Deduz. Individ.,Deduz. Grupos,% Ocup.,Receita Quartos,Preço Médio,Saídas,Quartos FdS,Adul. / Cri.,outubro,Histórico,08-out-2025 qua,135,0,64,0,0,94,41,"100,00","23 522,23","174,24",64,0,236,3832,16,1433,0,7,3127,705,"91,95","636 684,71","165,46",1457,1,6564,Total out,3832,16,1433,0,7,3127,705,"91,95","636 684,71","165,46",1457,1,6564,Total,47595,4649,16941,0,64,41053,6542,"53,02","6 309 992,65","120,78",17076,134,87094
Data,Ocup,Opção,Cheg,Oferta/Uso Interno,Deduz. Individ.,Deduz. Grupos,% Ocup.,Receita Quartos,Preço Médio,Saídas,Quartos FdS,Adul. / Cri.,outubro,Histórico,09-out-2025 qui,127,0,51,0,0,110,17,"94,07","21 729,92","171,10",59,0,224,3832,16,1433,0,7,3127,705,"91,95","636 684,71","165,46",1457,1,6564,Total out,3832,16,1433,0,7,3127,705,"91,95","636 684,71","165,46",1457,1,6564,Total,47595,4649,16941,0,64,41053,6542,"53,02","6 309 992,65","120,78",17076,134,87094
Data,Ocup,Opção,Cheg,Oferta/Uso Interno,Deduz. Individ.,Deduz. Grupos,% Ocup.,Receita Quartos,Preço Médio,Saídas,Quartos FdS,Adul. / Cri.,outubro,Histórico,10-out-2025 sex,133,0,50,0,0,96,37,"98,52","23 874,61","179,51",44,0,237,3832,16,1433,0,7,3127,705,"91,95","636 684,71","165,46",1457,1,6564,Total out,3832,16,1433,0,7,3127,705,"91,95","636 684,71","165,46",1457,1,6564,Total,47595,4649,16941,0,64,41053,6542,"53,02","6 309 992,65","120,78",17076,134,87094
Data,Ocup,Opção,Cheg,Oferta/Uso Interno,Deduz. Individ.,Deduz. Grupos,% Ocup.,Receita Quartos,Preço Médio,Saídas,Quartos FdS,Adul. / Cri.,outubro,Histórico,11-out-2025 sáb,135,0,45,0,0,102,33,"100,00","26 022,04","192,76",43,0,239,3832,16,1433,0,7,3127,705,"91,95","636 684,71","165,46",1457,1,6564,Total out,3832,16,1433,0,7,3127,705,"91,95","636 684,71","165,46",1457,1,6564,Total,47595,4649,16941,0,64,41053,6542,"53,02","6 309 992,65","120,78",17076,134,87094
Data,Ocup,Opção,Cheg,Oferta/Uso Interno,Deduz. Individ.,Deduz. Grupos,% Ocup.,Receita Quartos,Preço Médio,Saídas,Quartos FdS,Adul. / Cri.,outubro,Histórico,12-out-2025 dom,107,0,49,0,0,89,18,"79,26","17 009,71","158,97",77,0,189,3832,16,1433,0,7,3127,705,"91,95","636 684,71","165,46",1457,1,6564,Total out,3832,16,1433,0,7,3127,705,"91,95","636 684,71","165,46",1457,1,6564,Total,47595,4649,16941,0,64,41053,6542,"53,02","6 309 992,65","120,78",17076,134,87094
Data,Ocup,Opção,Cheg,Oferta/Uso Interno,Deduz. Individ.,Deduz. Grupos,% Ocup.,Receita Quartos,Preço Médio,Saídas,Quartos FdS,Adul. / Cri.,outubro,Histórico,13-out-2025 seg,133,0,59,0,0,123,10,"98,52","21 100,38","158,65",33,0,232,3832,16,1433,0,7,3127,705,"91,95","636 684,71","165,46",1457,1,6564,Total out,3832,16,1433,0,7,3127,705,"91,95","636 684,71","165,46",1457,1,6564,Total,47595,4649,16941,0,64,41053,6542,"53,02","6 309 992,65","120,78",17076,134,87094
Data,Ocup,Opção,Cheg,Oferta/Uso Interno,Deduz. Individ.,Deduz. Grupos,% Ocup.,Receita Quartos,Preço Médio,Saídas,Quartos FdS,Adul. / Cri.,outubro,Histórico,14-out-2025 ter,134,1,54,0,0,121,13,"100,00","21 174,42","156,85",53,0,235,3832,16,1433,0,7,3127,705,"91,95","636 684,71","165,46",1457,1,6564,Total out,3832,16,1433,0,7,3127,705,"91,95","636 684,71","165,46",1457,1,6564,Total,47595,4649,16941,0,64,41053,6542,"53,02","6 309 992,65","120,78",17076,134,87094
Data,Ocup,Opção,Cheg,Oferta/Uso Interno,Deduz. Individ.,Deduz. Grupos,% Ocup.,Receita Quartos,Preço Médio,Saídas,Quartos FdS,Adul. / Cri.,outubro,Histórico,15-out-2025 qua,131,1,50,0,0,102,29,"97,78","19 798,38","149,99",53,0,231,3832,16,1433,0,7,3127,705,"91,95","636 684,71","165,46",1457,1,6564,Total out,3832,16,1433,0,7,3127,705,"91,95","636 684,71","165,46",1457,1,6564,Total,47595,4649,16941,0,64,41053,6542,"53,02","6 309 992,65","120,78",17076,134,87094
Data,Ocup,Opção,Cheg,Oferta/Uso Interno,Deduz. Individ.,Deduz. Grupos,% Ocup.,Receita Quartos,Preço Médio,Saídas,Quartos FdS,Adul. / Cri.,outubro,Histórico,16-out-2025 qui,132,1,64,0,0,76,56,"98,52","21 580,77","162,26",63,1,237,3832,16,1433,0,7,3127,705,"91,95","636 684,71","165,46",1457,1,6564,Total out,3832,16,1433,0,7,3127,705,"91,95","636 684,71","165,46",1457,1,6564,Total,47595,4649,16941,0,64,41053,6542,"53,02","6 309 992,65","120,78",17076,134,87094
Data,Ocup,Opção,Cheg,Oferta/Uso Interno,Deduz. Individ.,Deduz. Grupos,% Ocup.,Receita Quartos,Preço Médio,Saídas,Quartos FdS,Adul. / Cri.,outubro,Histórico,17-out-2025 sex,134,0,38,0,0,78,56,"99,26","22 837,83","170,43",36,0,240,3832,16,1433,0,7,3127,705,"91,95","636 684,71","165,46",1457,1,6564,Total out,3832,16,1433,0,7,3127,705,"91,95","636 684,71","165,46",1457,1,6564,Total,47595,4649,16941,0,64,41053,6542,"53,02","6 309 992,65","120,78",17076,134,87094
Data,Ocup,Opção,Cheg,Oferta/Uso Interno,Deduz. Individ.,Deduz. Grupos,% Ocup.,Receita Quartos,Preço Médio,Saídas,Quartos FdS,Adul. / Cri.,outubro,Histórico,18-out-2025 sáb,123,0,32,0,0,79,44,"91,11","21 785,28","177,12",43,0,215,3832,16,1433,0,7,3127,705,"91,95","636 684,71","165,46",1457,1,6564,Total out,3832,16,1433,0,7,3127,705,"91,95","636 684,71","165,46",1457,1,6564,Total,47595,4649,16941,0,64,41053,6542,"53,02","6 309 992,65","120,78",17076,134,87094
Data,Ocup,Opção,Cheg,Oferta/Uso Interno,Deduz. Individ.,Deduz. Grupos,% Ocup.,Receita Quartos,Preço Médio,Saídas,Quartos FdS,Adul. / Cri.,outubro,Histórico,19-out-2025 dom,117,0,67,0,0,96,21,"86,67","18 738,57","160,16",73,0,188,3832,16,1433,0,7,3127,705,"91,95","636 684,71","165,46",1457,1,6564,Total out,3832,16,1433,0,7,3127,705,"91,95","636 684,71","165,46",1457,1,6564,Total,47595,4649,16941,0,64,41053,6542,"53,02","6 309 992,65","120,78",17076,134,87094
Data,Ocup,Opção,Cheg,Oferta/Uso Interno,Deduz. Individ.,Deduz. Grupos,% Ocup.,Receita Quartos,Preço Médio,Saídas,Quartos FdS,Adul. / Cri.,outubro,Histórico,20-out-2025 seg,122,0,42,0,0,112,10,"90,37","19 639,68","160,98",37,0,197,3832,16,1433,0,7,3127,705,"91,95","636 684,71","165,46",1457,1,6564,Total out,3832,16,1433,0,7,3127,705,"91,95","636 684,71","165,46",1457,1,6564,Total,47595,4649,16941,0,64,41053,6542,"53,02","6 309 992,65","120,78",17076,134,87094
Data,Ocup,Opção,Cheg,Oferta/Uso Interno,Deduz. Individ.,Deduz. Grupos,% Ocup.,Receita Quartos,Preço Médio,Saídas,Quartos FdS,Adul. / Cri.,outubro,Histórico,21-out-2025 ter,126,0,42,0,0,104,22,"93,33","19 984,61","158,61",38,0,203,3832,16,1433,0,7,3127,705,"91,95","636 684,71","165,46",1457,1,6564,Total out,3832,16,1433,0,7,3127,705,"91,95","636 684,71","165,46",1457,1,6564,Total,47595,4649,16941,0,64,41053,6542,"53,02","6 309 992,65","120,78",17076,134,87094
Data,Ocup,Opção,Cheg,Oferta/Uso Interno,Deduz. Individ.,Deduz. Grupos,% Ocup.,Receita Quartos,Preço Médio,Saídas,Quartos FdS,Adul. / Cri.,outubro,Histórico,22-out-2025 qua,134,0,55,0,1,106,28,"99,26","21 233,11","158,46",47,0,203,3832,16,1433,0,7,3127,705,"91,95","636 684,71","165,46",1457,1,6564,Total out,3832,16,1433,0,7,3127,705,"91,95","636 684,71","165,46",1457,1,6564,Total,47595,4649,16941,0,64,41053,6542,"53,02","6 309 992,65","120,78",17076,134,87094
Data,Ocup,Opção,Cheg,Oferta/Uso Interno,Deduz. Individ.,Deduz. Grupos,% Ocup.,Receita Quartos,Preço Médio,Saídas,Quartos FdS,Adul. / Cri.,outubro,Histórico,23-out-2025 qui,126,0,38,0,1,103,23,"93,33","20 048,76","159,12",46,0,195,3832,16,1433,0,7,3127,705,"91,95","636 684,71","165,46",1457,1,6564,Total out,3832,16,1433,0,7,3127,705,"91,95","636 684,71","165,46",1457,1,6564,Total,47595,4649,16941,0,64,41053,6542,"53,02","6 309 992,65","120,78",17076,134,87094
Data,Ocup,Opção,Cheg,Oferta/Uso Interno,Deduz. Individ.,Deduz. Grupos,% Ocup.,Receita Quartos,Preço Médio,Saídas,Quartos FdS,Adul. / Cri.,outubro,Histórico,24-out-2025 sex,135,0,53,0,1,102,33,"100,00","22 109,50","163,77",44,0,223,3832,16,1433,0,7,3127,705,"91,95","636 684,71","165,46",1457,1,6564,Total out,3832,16,1433,0,7,3127,705,"91,95","636 684,71","165,46",1457,1,6564,Total,47595,4649,16941,0,64,41053,6542,"53,02","6 309 992,65","120,78",17076,134,87094
Data,Ocup,Opção,Cheg,Oferta/Uso Interno,Deduz. Individ.,Deduz. Grupos,% Ocup.,Receita Quartos,Preço Médio,Saídas,Quartos FdS,Adul. / Cri.,outubro,Histórico,25-out-2025 sáb,129,0,30,0,1,114,15,"95,56","22 204,85","172,13",36,0,220,3832,16,1433,0,7,3127,705,"91,95","636 684,71","165,46",1457,1,6564,Total out,3832,16,1433,0,7,3127,705,"91,95","636 684,71","165,46",1457,1,6564,Total,47595,4649,16941,0,64,41053,6542,"53,02","6 309 992,65","120,78",17076,134,87094
Data,Ocup,Opção,Cheg,Oferta/Uso Interno,Deduz. Individ.,Deduz. Grupos,% Ocup.,Receita Quartos,Preço Médio,Saídas,Quartos FdS,Adul. / Cri.,outubro,Histórico,26-out-2025 dom,122,0,48,0,1,113,9,"90,37","18 650,36","152,87",55,0,215,3832,16,1433,0,7,3127,705,"91,95","636 684,71","165,46",1457,1,6564,Total out,3832,16,1433,0,7,3127,705,"91,95","636 684,71","165,46",1457,1,6564,Total,47595,4649,16941,0,64,41053,6542,"53,02","6 309 992,65","120,78",17076,134,87094
Data,Ocup,Opção,Cheg,Oferta/Uso Interno,Deduz. Individ.,Deduz. Grupos,% Ocup.,Receita Quartos,Preço Médio,Saídas,Quartos FdS,Adul. / Cri.,outubro,Histórico,27-out-2025 seg,114,0,23,0,0,105,9,"84,44","17 616,94","154,53",31,0,202,3832,16,1433,0,7,3127,705,"91,95","636 684,71","165,46",1457,1,6564,Total out,3832,16,1433,0,7,3127,705,"91,95","636 684,71","165,46",1457,1,6564,Total,47595,4649,16941,0,64,41053,6542,"53,02","6 309 992,65","120,78",17076,134,87094
Data,Ocup,Opção,Cheg,Oferta/Uso Interno,Deduz. Individ.,Deduz. Grupos,% Ocup.,Receita Quartos,Preço Médio,Saídas,Quartos FdS,Adul. / Cri.,outubro,Histórico,28-out-2025 ter,101,1,28,0,0,101,0,"75,56","15 227,99","149,29",41,0,173,3832,16,1433,0,7,3127,705,"91,95","636 684,71","165,46",1457,1,6564,Total out,3832,16,1433,0,7,3127,705,"91,95","636 684,71","165,46",1457,1,6564,Total,47595,4649,16941,0,64,41053,6542,"53,02","6 309 992,65","120,78",17076,134,87094
Data,Ocup,Opção,Cheg,Oferta/Uso Interno,Deduz. Individ.,Deduz. Grupos,% Ocup.,Receita Quartos,Preço Médio,Saídas,Quartos FdS,Adul. / Cri.,outubro,Histórico,29-out-2025 qua,91,2,29,0,0,91,0,"68,89","13 432,93","144,44",39,0,159,3832,16,1433,0,7,3127,705,"91,95","636 684,71","165,46",1457,1,6564,Total out,3832,16,1433,0,7,3127,705,"91,95","636 684,71","165,46",1457,1,6564,Total,47595,4649,16941,0,64,41053,6542,"53,02","6 309 992,65","120,78",17076,134,87094
Data,Ocup,Opção,Cheg,Oferta/Uso Interno,Deduz. Individ.,Deduz. Grupos,% Ocup.,Receita Quartos,Preço Médio,Saídas,Quartos FdS,Adul. / Cri.,outubro,Histórico,30-out-2025 qui,84,3,31,0,1,84,0,"64,44","12 391,65","142,43",38,0,151,3832,16,1433,0,7,3127,705,"91,95","636 684,71","165,46",1457,1,6564,Total out,3832,16,1433,0,7,3127,705,"91,95","636 684,71","165,46",1457,1,6564,Total,47595,4649,16941,0,64,41053,6542,"53,02","6 309 992,65","120,78",17076,134,87094
Data,Ocup,Opção,Cheg,Oferta/Uso Interno,Deduz. Individ.,Deduz. Grupos,% Ocup.,Receita Quartos,Preço Médio,Saídas,Quartos FdS,Adul. / Cri.,outubro,Histórico,31-out-2025 sex,95,3,47,0,1,95,0,"72,59","14 467,52","147,63",36,0,162,3832,16,1433,0,7,3127,705,"91,95","636 684,71","165,46",1457,1,6564,Total out,3832,16,1433,0,7,3127,705,"91,95","636 684,71","165,46",1457,1,6564,Total,47595,4649,16941,0,64,41053,6542,"53,02","6 309 992,65","120,78",17076,134,87094
Data,Ocup,Opção,Cheg,Oferta/Uso Interno,Deduz. Individ.,Deduz. Grupos,% Ocup.,Receita Quartos,Preço Médio,Saídas,Quartos FdS,Adul. / Cri.,novembro,Histórico,01-nov-2025 sáb,114,3,32,0,1,114,0,"86,67","15 553,34","132,93",13,0,190,3299,3,1145,0,1,3080,219,"84,49","375 324,65","113,67",1127,5,5136,Total nov,3397,3,1185,0,1,3178,219,"84,10","383 386,72","112,76",1182,5,5312,Total,47595,4649,16941,0,64,41053,6542,"53,02","6 309 992,65","120,78",17076,134,87094
Data,Ocup,Opção,Cheg,Oferta/Uso Interno,Deduz. Individ.,Deduz. Grupos,% Ocup.,Receita Quartos,Preço Médio,Saídas,Quartos FdS,Adul. / Cri.,novembro,Histórico,02-nov-2025 dom,101,0,35,0,0,101,0,"74,81","12 459,28","123,36",48,0,166,3299,3,1145,0,1,3080,219,"84,49","375 324,65","113,67",1127,5,5136,Total nov,3397,3,1185,0,1,3178,219,"84,10","383 386,72","112,76",1182,5,5312,Total,47595,4649,16941,0,64,41053,6542,"53,02","6 309 992,65","120,78",17076,134,87094
Data,Ocup,Opção,Cheg,Oferta/Uso Interno,Deduz. Individ.,Deduz. Grupos,% Ocup.,Receita Quartos,Preço Médio,Saídas,Quartos FdS,Adul. / Cri.,novembro,Histórico,03-nov-2025 seg,101,0,47,0,0,95,6,"74,81","11 423,39","113,10",47,0,156,3299,3,1145,0,1,3080,219,"84,49","375 324,65","113,67",1127,5,5136,Total nov,3397,3,1185,0,1,3178,219,"84,10","383 386,72","112,76",1182,5,5312,Total,47595,4649,16941,0,64,41053,6542,"53,02","6 309 992,65","120,78",17076,134,87094
Data,Ocup,Opção,Cheg,Oferta/Uso Interno,Deduz. Individ.,Deduz. Grupos,% Ocup.,Receita Quartos,Preço Médio,Saídas,Quartos FdS,Adul. / Cri.,novembro,Histórico,04-nov-2025 ter,102,0,27,0,0,96,6,"75,56","11 010,89","107,95",26,0,154,3299,3,1145,0,1,3080,219,"84,49","375 324,65","113,67",1127,5,5136,Total nov,3397,3,1185,0,1,3178,219,"84,10","383 386,72","112,76",1182,5,5312,Total,47595,4649,16941,0,64,41053,6542,"53,02","6 309 992,65","120,78",17076,134,87094
Data,Ocup,Opção,Cheg,Oferta/Uso Interno,Deduz. Individ.,Deduz. Grupos,% Ocup.,Receita Quartos,Preço Médio,Saídas,Quartos FdS,Adul. / Cri.,novembro,Histórico,05-nov-2025 qua,121,0,40,0,0,115,6,"89,63","12 516,51","103,44",21,0,185,3299,3,1145,0,1,3080,219,"84,49","375 324,65","113,67",1127,5,5136,Total nov,3397,3,1185,0,1,3178,219,"84,10","383 386,72","112,76",1182,5,5312,Total,47595,4649,16941,0,64,41053,6542,"53,02","6 309 992,65","120,78",17076,134,87094
Data,Ocup,Opção,Cheg,Oferta/Uso Interno,Deduz. Individ.,Deduz. Grupos,% Ocup.,Receita Quartos,Preço Médio,Saídas,Quartos FdS,Adul. / Cri.,novembro,Histórico,06-nov-2025 qui,128,0,49,0,0,112,16,"94,81","15 843,67","123,78",42,0,209,3299,3,1145,0,1,3080,219,"84,49","375 324,65","113,67",1127,5,5136,Total nov,3397,3,1185,0,1,3178,219,"84,10","383 386,72","112,76",1182,5,5312,Total,47595,4649,16941,0,64,41053,6542,"53,02","6 309 992,65","120,78",17076,134,87094
Data,Ocup,Opção,Cheg,Oferta/Uso Interno,Deduz. Individ.,Deduz. Grupos,% Ocup.,Receita Quartos,Preço Médio,Saídas,Quartos FdS,Adul. / Cri.,novembro,Histórico,07-nov-2025 sex,128,0,34,0,0,117,11,"94,81","15 987,08","124,90",34,0,210,3299,3,1145,0,1,3080,219,"84,49","375 324,65","113,67",1127,5,5136,Total nov,3397,3,1185,0,1,3178,219,"84,10","383 386,72","112,76",1182,5,5312,Total,47595,4649,16941,0,64,41053,6542,"53,02","6 309 992,65","120,78",17076,134,87094
Data,Ocup,Opção,Cheg,Oferta/Uso Interno,Deduz. Individ.,Deduz. Grupos,% Ocup.,Receita Quartos,Preço Médio,Saídas,Quartos FdS,Adul. / Cri.,novembro,Histórico,08-nov-2025 sáb,125,0,43,0,0,115,10,"92,59","15 789,03","126,31",46,1,199,3299,3,1145,0,1,3080,219,"84,49","375 324,65","113,67",1127,5,5136,Total nov,3397,3,1185,0,1,3178,219,"84,10","383 386,72","112,76",1182,5,5312,Total,47595,4649,16941,0,64,41053,6542,"53,02","6 309 992,65","120,78",17076,134,87094
Data,Ocup,Opção,Cheg,Oferta/Uso Interno,Deduz. Individ.,Deduz. Grupos,% Ocup.,Receita Quartos,Preço Médio,Saídas,Quartos FdS,Adul. / Cri.,novembro,Histórico,09-nov-2025 dom,129,0,67,0,0,119,10,"95,56","18 674,07","144,76",63,0,180,3299,3,1145,0,1,3080,219,"84,49","375 324,65","113,67",1127,5,5136,Total nov,3397,3,1185,0,1,3178,219,"84,10","383 386,72","112,76",1182,5,5312,Total,47595,4649,16941,0,64,41053,6542,"53,02","6 309 992,65","120,78",17076,134,87094
Data,Ocup,Opção,Cheg,Oferta/Uso Interno,Deduz. Individ.,Deduz. Grupos,% Ocup.,Receita Quartos,Preço Médio,Saídas,Quartos FdS,Adul. / Cri.,novembro,Histórico,10-nov-2025 seg,133,0,45,0,0,133,0,"98,52","21 109,66","158,72",41,0,166,3299,3,1145,0,1,3080,219,"84,49","375 324,65","113,67",1127,5,5136,Total nov,3397,3,1185,0,1,3178,219,"84,10","383 386,72","112,76",1182,5,5312,Total,47595,4649,16941,0,64,41053,6542,"53,02","6 309 992,65","120,78",17076,134,87094
Data,Ocup,Opção,Cheg,Oferta/Uso Interno,Deduz. Individ.,Deduz. Grupos,% Ocup.,Receita Quartos,Preço Médio,Saídas,Quartos FdS,Adul. / Cri.,novembro,Histórico,11-nov-2025 ter,135,0,22,0,0,135,0,"100,00","21 708,45","160,80",20,0,170,3299,3,1145,0,1,3080,219,"84,49","375 324,65","113,67",1127,5,5136,Total nov,3397,3,1185,0,1,3178,219,"84,10","383 386,72","112,76",1182,5,5312,Total,47595,4649,16941,0,64,41053,6542,"53,02","6 309 992,65","120,78",17076,134,87094
Data,Ocup,Opção,Cheg,Oferta/Uso Interno,Deduz. Individ.,Deduz. Grupos,% Ocup.,Receita Quartos,Preço Médio,Saídas,Quartos FdS,Adul. / Cri.,novembro,Histórico,12-nov-2025 qua,135,0,26,0,0,135,0,"100,00","19 983,88","148,03",26,0,162,3299,3,1145,0,1,3080,219,"84,49","375 324,65","113,67",1127,5,5136,Total nov,3397,3,1185,0,1,3178,219,"84,10","383 386,72","112,76",1182,5,5312,Total,47595,4649,16941,0,64,41053,6542,"53,02","6 309 992,65","120,78",17076,134,87094
Data,Ocup,Opção,Cheg,Oferta/Uso Interno,Deduz. Individ.,Deduz. Grupos,% Ocup.,Receita Quartos,Preço Médio,Saídas,Quartos FdS,Adul. / Cri.,novembro,Histórico,13-nov-2025 qui,130,0,28,0,0,130,0,"96,30","16 917,75","130,14",33,1,156,3299,3,1145,0,1,3080,219,"84,49","375 324,65","113,67",1127,5,5136,Total nov,3397,3,1185,0,1,3178,219,"84,10","383 386,72","112,76",1182,5,5312,Total,47595,4649,16941,0,64,41053,6542,"53,02","6 309 992,65","120,78",17076,134,87094
Data,Ocup,Opção,Cheg,Oferta/Uso Interno,Deduz. Individ.,Deduz. Grupos,% Ocup.,Receita Quartos,Preço Médio,Saídas,Quartos FdS,Adul. / Cri.,novembro,Histórico,14-nov-2025 sex,109,0,67,0,0,109,0,"80,74","11 634,63","106,74",88,1,160,3299,3,1145,0,1,3080,219,"84,49","375 324,65","113,67",1127,5,5136,Total nov,3397,3,1185,0,1,3178,219,"84,10","383 386,72","112,76",1182,5,5312,Total,47595,4649,16941,0,64,41053,6542,"53,02","6 309 992,65","120,78",17076,134,87094
Data,Ocup,Opção,Cheg,Oferta/Uso Interno,Deduz. Individ.,Deduz. Grupos,% Ocup.,Receita Quartos,Preço Médio,Saídas,Quartos FdS,Adul. / Cri.,novembro,Histórico,15-nov-2025 sáb,125,0,51,0,0,125,0,"92,59","14 101,24","112,81",35,1,205,3299,3,1145,0,1,3080,219,"84,49","375 324,65","113,67",1127,5,5136,Total nov,3397,3,1185,0,1,3178,219,"84,10","383 386,72","112,76",1182,5,5312,Total,47595,4649,16941,0,64,41053,6542,"53,02","6 309 992,65","120,78",17076,134,87094
Data,Ocup,Opção,Cheg,Oferta/Uso Interno,Deduz. Individ.,Deduz. Grupos,% Ocup.,Receita Quartos,Preço Médio,Saídas,Quartos FdS,Adul. / Cri.,novembro,Histórico,16-nov-2025 dom,106,0,27,0,0,106,0,"78,52","10 915,59","102,98",46,1,185,3299,3,1145,0,1,3080,219,"84,49","375 324,65","113,67",1127,5,5136,Total nov,3397,3,1185,0,1,3178,219,"84,10","383 386,72","112,76",1182,5,5312,Total,47595,4649,16941,0,64,41053,6542,"53,02","6 309 992,65","120,78",17076,134,87094
Data,Ocup,Opção,Cheg,Oferta/Uso Interno,Deduz. Individ.,Deduz. Grupos,% Ocup.,Receita Quartos,Preço Médio,Saídas,Quartos FdS,Adul. / Cri.,novembro,Histórico,17-nov-2025 seg,101,0,39,0,0,99,2,"74,81","9 354,04","92,61",44,0,175,3299,3,1145,0,1,3080,219,"84,49","375 324,65","113,67",1127,5,5136,Total nov,3397,3,1185,0,1,3178,219,"84,10","383 386,72","112,76",1182,5,5312,Total,47595,4649,16941,0,64,41053,6542,"53,02","6 309 992,65","120,78",17076,134,87094
Data,Ocup,Opção,Cheg,Oferta/Uso Interno,Deduz. Individ.,Deduz. Grupos,% Ocup.,Receita Quartos,Preço Médio,Saídas,Quartos FdS,Adul. / Cri.,novembro,Histórico,18-nov-2025 ter,88,0,23,0,0,85,3,"65,19","6 214,98","70,62",36,0,142,3299,3,1145,0,1,3080,219,"84,49","375 324,65","113,67",1127,5,5136,Total nov,3397,3,1185,0,1,3178,219,"84,10","383 386,72","112,76",1182,5,5312,Total,47595,4649,16941,0,64,41053,6542,"53,02","6 309 992,65","120,78",17076,134,87094
Data,Ocup,Opção,Cheg,Oferta/Uso Interno,Deduz. Individ.,Deduz. Grupos,% Ocup.,Receita Quartos,Preço Médio,Saídas,Quartos FdS,Adul. / Cri.,novembro,Histórico,19-nov-2025 qua,118,0,62,0,0,103,15,"87,41","11 198,75","94,90",32,0,178,3299,3,1145,0,1,3080,219,"84,49","375 324,65","113,67",1127,5,5136,Total nov,3397,3,1185,0,1,3178,219,"84,10","383 386,72","112,76",1182,5,5312,Total,47595,4649,16941,0,64,41053,6542,"53,02","6 309 992,65","120,78",17076,134,87094
Data,Ocup,Opção,Cheg,Oferta/Uso Interno,Deduz. Individ.,Deduz. Grupos,% Ocup.,Receita Quartos,Preço Médio,Saídas,Quartos FdS,Adul. / Cri.,novembro,Histórico,20-nov-2025 qui,135,0,50,0,0,114,21,"100,00","13 521,91","100,16",33,0,215,3299,3,1145,0,1,3080,219,"84,49","375 324,65","113,67",1127,5,5136,Total nov,3397,3,1185,0,1,3178,219,"84,10","383 386,72","112,76",1182,5,5312,Total,47595,4649,16941,0,64,41053,6542,"53,02","6 309 992,65","120,78",17076,134,87094
Data,Ocup,Opção,Cheg,Oferta/Uso Interno,Deduz. Individ.,Deduz. Grupos,% Ocup.,Receita Quartos,Preço Médio,Saídas,Quartos FdS,Adul. / Cri.,novembro,Histórico,21-nov-2025 sex,133,0,39,0,0,114,19,"98,52","14 584,61","109,66",41,0,214,3299,3,1145,0,1,3080,219,"84,49","375 324,65","113,67",1127,5,5136,Total nov,3397,3,1185,0,1,3178,219,"84,10","383 386,72","112,76",1182,5,5312,Total,47595,4649,16941,0,64,41053,6542,"53,02","6 309 992,65","120,78",17076,134,87094
Data,Ocup,Opção,Cheg,Oferta/Uso Interno,Deduz. Individ.,Deduz. Grupos,% Ocup.,Receita Quartos,Preço Médio,Saídas,Quartos FdS,Adul. / Cri.,novembro,Histórico,22-nov-2025 sáb,126,0,31,0,0,108,18,"93,33","13 664,80","108,45",38,0,203,3299,3,1145,0,1,3080,219,"84,49","375 324,65","113,67",1127,5,5136,Total nov,3397,3,1185,0,1,3178,219,"84,10","383 386,72","112,76",1182,5,5312,Total,47595,4649,16941,0,64,41053,6542,"53,02","6 309 992,65","120,78",17076,134,87094
Data,Ocup,Opção,Cheg,Oferta/Uso Interno,Deduz. Individ.,Deduz. Grupos,% Ocup.,Receita Quartos,Preço Médio,Saídas,Quartos FdS,Adul. / Cri.,novembro,Histórico,23-nov-2025 dom,109,0,53,0,0,94,15,"80,74","9 440,45","86,61",70,0,181,3299,3,1145,0,1,3080,219,"84,49","375 324,65","113,67",1127,5,5136,Total nov,3397,3,1185,0,1,3178,219,"84,10","383 386,72","112,76",1182,5,5312,Total,47595,4649,16941,0,64,41053,6542,"53,02","6 309 992,65","120,78",17076,134,87094
Data,Ocup,Opção,Cheg,Oferta/Uso Interno,Deduz. Individ.,Deduz. Grupos,% Ocup.,Receita Quartos,Preço Médio,Saídas,Quartos FdS,Adul. / Cri.,novembro,Histórico,24-nov-2025 seg,97,0,27,0,0,82,15,"72,93","8 332,55","85,90",39,0,161,3299,3,1145,0,1,3080,219,"84,49","375 324,65","113,67",1127,5,5136,Total nov,3397,3,1185,0,1,3178,219,"84,10","383 386,72","112,76",1182,5,5312,Total,47595,4649,16941,0,64,41053,6542,"53,02","6 309 992,65","120,78",17076,134,87094
Data,Ocup,Opção,Cheg,Oferta/Uso Interno,Deduz. Individ.,Deduz. Grupos,% Ocup.,Receita Quartos,Preço Médio,Saídas,Quartos FdS,Adul. / Cri.,novembro,Histórico,25-nov-2025 ter,85,0,24,0,0,70,15,"63,91","7 293,68","85,81",36,0,137,3299,3,1145,0,1,3080,219,"84,49","375 324,65","113,67",1127,5,5136,Total nov,3397,3,1185,0,1,3178,219,"84,10","383 386,72","112,76",1182,5,5312,Total,47595,4649,16941,0,64,41053,6542,"53,02","6 309 992,65","120,78",17076,134,87094
Data,Ocup,Opção,Cheg,Oferta/Uso Interno,Deduz. Individ.,Deduz. Grupos,% Ocup.,Receita Quartos,Preço Médio,Saídas,Quartos FdS,Adul. / Cri.,novembro,Histórico,26-nov-2025 qua,77,0,24,0,0,62,15,"57,46","6 074,63","78,89",32,0,129,3299,3,1145,0,1,3080,219,"84,49","375 324,65","113,67",1127,5,5136,Total nov,3397,3,1185,0,1,3178,219,"84,10","383 386,72","112,76",1182,5,5312,Total,47595,4649,16941,0,64,41053,6542,"53,02","6 309 992,65","120,78",17076,134,87094
Data,Ocup,Opção,Cheg,Oferta/Uso Interno,Deduz. Individ.,Deduz. Grupos,% Ocup.,Receita Quartos,Preço Médio,Saídas,Quartos FdS,Adul. / Cri.,novembro,Histórico,27-nov-2025 qui,92,0,46,0,0,92,0,"68,66","7 560,00","82,17",31,0,160,3299,3,1145,0,1,3080,219,"84,49","375 324,65","113,67",1127,5,5136,Total nov,3397,3,1185,0,1,3178,219,"84,10","383 386,72","112,76",1182,5,5312,Total,47595,4649,16941,0,64,41053,6542,"53,02","6 309 992,65","120,78",17076,134,87094
Data,Ocup,Opção,Cheg,Oferta/Uso Interno,Deduz. Individ.,Deduz. Grupos,% Ocup.,Receita Quartos,Preço Médio,Saídas,Quartos FdS,Adul. / Cri.,novembro,Histórico,28-nov-2025 sex,103,0,54,0,0,95,8,"76,30","10 712,49","104,00",43,0,184,3299,3,1145,0,1,3080,219,"84,49","375 324,65","113,67",1127,5,5136,Total nov,3397,3,1185,0,1,3178,219,"84,10","383 386,72","112,76",1182,5,5312,Total,47595,4649,16941,0,64,41053,6542,"53,02","6 309 992,65","120,78",17076,134,87094
Data,Ocup,Opção,Cheg,Oferta/Uso Interno,Deduz. Individ.,Deduz. Grupos,% Ocup.,Receita Quartos,Preço Médio,Saídas,Quartos FdS,Adul. / Cri.,novembro,Histórico,29-nov-2025 sáb,113,0,33,0,0,105,8,"84,33","11 743,31","103,92",23,0,204,3299,3,1145,0,1,3080,219,"84,49","375 324,65","113,67",1127,5,5136,Total nov,3397,3,1185,0,1,3178,219,"84,10","383 386,72","112,76",1182,5,5312,Total,47595,4649,16941,0,64,41053,6542,"53,02","6 309 992,65","120,78",17076,134,87094
Data,Ocup,Opção,Cheg,Oferta/Uso Interno,Deduz. Individ.,Deduz. Grupos,% Ocup.,Receita Quartos,Preço Médio,Saídas,Quartos FdS,Adul. / Cri.,novembro,Previsão,30-nov-2025 dom,98,0,40,0,0,98,0,"72,59","8 062,06","82,27",55,0,176,98,0,40,0,0,98,0,"72,59","8 062,06","82,27",55,0,176,Total nov,3397,3,1185,0,1,3178,219,"84,10","383 386,72","112,76",1182,5,5312,Total,47595,4649,16941,0,64,41053,6542,"53,02","6 309 992,65","120,78",17076,134,87094
Data,Ocup,Opção,Cheg,Oferta/Uso Interno,Deduz. Individ.,Deduz. Grupos,% Ocup.,Receita Quartos,Preço Médio,Saídas,Quartos FdS,Adul. / Cri.,dezembro,Previsão,01-dez-2025 seg,74,0,17,0,0,74,0,"54,81","5 709,82","77,16",41,0,130,2378,6,768,0,0,2352,26,"56,97","242 759,22","101,83",776,0,4443,Total dez,2378,6,768,0,0,2352,26,"56,97","242 759,22","101,83",776,0,4443,Total,47595,4649,16941,0,64,41053,6542,"53,02","6 309 992,65","120,78",17076,134,87094
Data,Ocup,Opção,Cheg,Oferta/Uso Interno,Deduz. Individ.,Deduz. Grupos,% Ocup.,Receita Quartos,Preço Médio,Saídas,Quartos FdS,Adul. / Cri.,dezembro,Previsão,02-dez-2025 ter,75,0,24,0,0,75,0,"55,56","5 790,81","77,21",23,0,129,2378,6,768,0,0,2352,26,"56,97","242 759,22","101,83",776,0,4443,Total dez,2378,6,768,0,0,2352,26,"56,97","242 759,22","101,83",776,0,4443,Total,47595,4649,16941,0,64,41053,6542,"53,02","6 309 992,65","120,78",17076,134,87094
Data,Ocup,Opção,Cheg,Oferta/Uso Interno,Deduz. Individ.,Deduz. Grupos,% Ocup.,Receita Quartos,Preço Médio,Saídas,Quartos FdS,Adul. / Cri.,dezembro,Previsão,03-dez-2025 qua,70,0,30,0,0,70,0,"51,85","6 225,36","88,93",35,0,121,2378,6,768,0,0,2352,26,"56,97","242 759,22","101,83",776,0,4443,Total dez,2378,6,768,0,0,2352,26,"56,97","242 759,22","101,83",776,0,4443,Total,47595,4649,16941,0,64,41053,6542,"53,02","6 309 992,65","120,78",17076,134,87094
Data,Ocup,Opção,Cheg,Oferta/Uso Interno,Deduz. Individ.,Deduz. Grupos,% Ocup.,Receita Quartos,Preço Médio,Saídas,Quartos FdS,Adul. / Cri.,dezembro,Previsão,04-dez-2025 qui,88,0,38,0,0,88,0,"65,19","8 967,52","101,90",20,0,146,2378,6,768,0,0,2352,26,"56,97","242 759,22","101,83",776,0,4443,Total dez,2378,6,768,0,0,2352,26,"56,97","242 759,22","101,83",776,0,4443,Total,47595,4649,16941,0,64,41053,6542,"53,02","6 309 992,65","120,78",17076,134,87094
Data,Ocup,Opção,Cheg,Oferta/Uso Interno,Deduz. Individ.,Deduz. Grupos,% Ocup.,Receita Quartos,Preço Médio,Saídas,Quartos FdS,Adul. / Cri.,dezembro,Previsão,05-dez-2025 sex,111,0,43,0,0,111,0,"82,22","12 587,37","113,40",20,0,198,2378,6,768,0,0,2352,26,"56,97","242 759,22","101,83",776,0,4443,Total dez,2378,6,768,0,0,2352,26,"56,97","242 759,22","101,83",776,0,4443,Total,47595,4649,16941,0,64,41053,6542,"53,02","6 309 992,65","120,78",17076,134,87094
Data,Ocup,Opção,Cheg,Oferta/Uso Interno,Deduz. Individ.,Deduz. Grupos,% Ocup.,Receita Quartos,Preço Médio,Saídas,Quartos FdS,Adul. / Cri.,dezembro,Previsão,06-dez-2025 sáb,123,0,41,0,0,123,0,"91,11","13 734,62","111,66",29,0,221,2378,6,768,0,0,2352,26,"56,97","242 759,22","101,83",776,0,4443,Total dez,2378,6,768,0,0,2352,26,"56,97","242 759,22","101,83",776,0,4443,Total,47595,4649,16941,0,64,41053,6542,"53,02","6 309 992,65","120,78",17076,134,87094
Data,Ocup,Opção,Cheg,Oferta/Uso Interno,Deduz. Individ.,Deduz. Grupos,% Ocup.,Receita Quartos,Preço Médio,Saídas,Quartos FdS,Adul. / Cri.,dezembro,Previsão,07-dez-2025 dom,109,0,25,0,0,109,0,"80,74","9 774,71","89,68",39,0,207,2378,6,768,0,0,2352,26,"56,97","242 759,22","101,83",776,0,4443,Total dez,2378,6,768,0,0,2352,26,"56,97","242 759,22","101,83",776,0,4443,Total,47595,4649,16941,0,64,41053,6542,"53,02","6 309 992,65","120,78",17076,134,87094
Data,Ocup,Opção,Cheg,Oferta/Uso Interno,Deduz. Individ.,Deduz. Grupos,% Ocup.,Receita Quartos,Preço Médio,Saídas,Quartos FdS,Adul. / Cri.,dezembro,Previsão,08-dez-2025 seg,74,0,17,0,0,74,0,"54,81","5 677,86","76,73",52,0,134,2378,6,768,0,0,2352,26,"56,97","242 759,22","101,83",776,0,4443,Total dez,2378,6,768,0,0,2352,26,"56,97","242 759,22","101,83",776,0,4443,Total,47595,4649,16941,0,64,41053,6542,"53,02","6 309 992,65","120,78",17076,134,87094
Data,Ocup,Opção,Cheg,Oferta/Uso Interno,Deduz. Individ.,Deduz. Grupos,% Ocup.,Receita Quartos,Preço Médio,Saídas,Quartos FdS,Adul. / Cri.,dezembro,Previsão,09-dez-2025 ter,60,0,17,0,0,60,0,"44,44","4 354,65","72,58",31,0,105,2378,6,768,0,0,2352,26,"56,97","242 759,22","101,83",776,0,4443,Total dez,2378,6,768,0,0,2352,26,"56,97","242 759,22","101,83",776,0,4443,Total,47595,4649,16941,0,64,41053,6542,"53,02","6 309 992,65","120,78",17076,134,87094
Data,Ocup,Opção,Cheg,Oferta/Uso Interno,Deduz. Individ.,Deduz. Grupos,% Ocup.,Receita Quartos,Preço Médio,Saídas,Quartos FdS,Adul. / Cri.,dezembro,Previsão,10-dez-2025 qua,62,0,24,0,0,62,0,"45,93","4 484,97","72,34",22,0,108,2378,6,768,0,0,2352,26,"56,97","242 759,22","101,83",776,0,4443,Total dez,2378,6,768,0,0,2352,26,"56,97","242 759,22","101,83",776,0,4443,Total,47595,4649,16941,0,64,41053,6542,"53,02","6 309 992,65","120,78",17076,134,87094
Data,Ocup,Opção,Cheg,Oferta/Uso Interno,Deduz. Individ.,Deduz. Grupos,% Ocup.,Receita Quartos,Preço Médio,Saídas,Quartos FdS,Adul. / Cri.,dezembro,Previsão,11-dez-2025 qui,71,0,32,0,0,71,0,"52,59","5 302,57","74,68",23,0,128,2378,6,768,0,0,2352,26,"56,97","242 759,22","101,83",776,0,4443,Total dez,2378,6,768,0,0,2352,26,"56,97","242 759,22","101,83",776,0,4443,Total,47595,4649,16941,0,64,41053,6542,"53,02","6 309 992,65","120,78",17076,134,87094
Data,Ocup,Opção,Cheg,Oferta/Uso Interno,Deduz. Individ.,Deduz. Grupos,% Ocup.,Receita Quartos,Preço Médio,Saídas,Quartos FdS,Adul. / Cri.,dezembro,Previsão,12-dez-2025 sex,83,0,35,0,0,83,0,"61,48","7 053,26","84,98",23,0,156,2378,6,768,0,0,2352,26,"56,97","242 759,22","101,83",776,0,4443,Total dez,2378,6,768,0,0,2352,26,"56,97","242 759,22","101,83",776,0,4443,Total,47595,4649,16941,0,64,41053,6542,"53,02","6 309 992,65","120,78",17076,134,87094
Data,Ocup,Opção,Cheg,Oferta/Uso Interno,Deduz. Individ.,Deduz. Grupos,% Ocup.,Receita Quartos,Preço Médio,Saídas,Quartos FdS,Adul. / Cri.,dezembro,Previsão,13-dez-2025 sáb,90,0,23,0,0,90,0,"66,67","7 942,48","88,25",16,0,175,2378,6,768,0,0,2352,26,"56,97","242 759,22","101,83",776,0,4443,Total dez,2378,6,768,0,0,2352,26,"56,97","242 759,22","101,83",776,0,4443,Total,47595,4649,16941,0,64,41053,6542,"53,02","6 309 992,65","120,78",17076,134,87094
Data,Ocup,Opção,Cheg,Oferta/Uso Interno,Deduz. Individ.,Deduz. Grupos,% Ocup.,Receita Quartos,Preço Médio,Saídas,Quartos FdS,Adul. / Cri.,dezembro,Previsão,14-dez-2025 dom,63,0,16,0,0,63,0,"46,67","4 538,08","72,03",43,0,125,2378,6,768,0,0,2352,26,"56,97","242 759,22","101,83",776,0,4443,Total dez,2378,6,768,0,0,2352,26,"56,97","242 759,22","101,83",776,0,4443,Total,47595,4649,16941,0,64,41053,6542,"53,02","6 309 992,65","120,78",17076,134,87094
Data,Ocup,Opção,Cheg,Oferta/Uso Interno,Deduz. Individ.,Deduz. Grupos,% Ocup.,Receita Quartos,Preço Médio,Saídas,Quartos FdS,Adul. / Cri.,dezembro,Previsão,15-dez-2025 seg,40,0,12,0,0,40,0,"29,63","2 953,64","73,84",35,0,81,2378,6,768,0,0,2352,26,"56,97","242 759,22","101,83",776,0,4443,Total dez,2378,6,768,0,0,2352,26,"56,97","242 759,22","101,83",776,0,4443,Total,47595,4649,16941,0,64,41053,6542,"53,02","6 309 992,65","120,78",17076,134,87094
Data,Ocup,Opção,Cheg,Oferta/Uso Interno,Deduz. Individ.,Deduz. Grupos,% Ocup.,Receita Quartos,Preço Médio,Saídas,Quartos FdS,Adul. / Cri.,dezembro,Previsão,16-dez-2025 ter,41,0,12,0,0,41,0,"30,37","2 846,99","69,44",11,0,76,2378,6,768,0,0,2352,26,"56,97","242 759,22","101,83",776,0,4443,Total dez,2378,6,768,0,0,2352,26,"56,97","242 759,22","101,83",776,0,4443,Total,47595,4649,16941,0,64,41053,6542,"53,02","6 309 992,65","120,78",17076,134,87094
Data,Ocup,Opção,Cheg,Oferta/Uso Interno,Deduz. Individ.,Deduz. Grupos,% Ocup.,Receita Quartos,Preço Médio,Saídas,Quartos FdS,Adul. / Cri.,dezembro,Previsão,17-dez-2025 qua,41,0,13,0,0,41,0,"30,37","2 858,22","69,71",13,0,74,2378,6,768,0,0,2352,26,"56,97","242 759,22","101,83",776,0,4443,Total dez,2378,6,768,0,0,2352,26,"56,97","242 759,22","101,83",776,0,4443,Total,47595,4649,16941,0,64,41053,6542,"53,02","6 309 992,65","120,78",17076,134,87094
Data,Ocup,Opção,Cheg,Oferta/Uso Interno,Deduz. Individ.,Deduz. Grupos,% Ocup.,Receita Quartos,Preço Médio,Saídas,Quartos FdS,Adul. / Cri.,dezembro,Previsão,18-dez-2025 qui,44,0,18,0,0,44,0,"32,59","3 128,04","71,09",15,0,75,2378,6,768,0,0,2352,26,"56,97","242 759,22","101,83",776,0,4443,Total dez,2378,6,768,0,0,2352,26,"56,97","242 759,22","101,83",776,0,4443,Total,47595,4649,16941,0,64,41053,6542,"53,02","6 309 992,65","120,78",17076,134,87094
Data,Ocup,Opção,Cheg,Oferta/Uso Interno,Deduz. Individ.,Deduz. Grupos,% Ocup.,Receita Quartos,Preço Médio,Saídas,Quartos FdS,Adul. / Cri.,dezembro,Previsão,19-dez-2025 sex,65,0,31,0,0,65,0,"48,15","5 235,77","80,55",10,0,122,2378,6,768,0,0,2352,26,"56,97","242 759,22","101,83",776,0,4443,Total dez,2378,6,768,0,0,2352,26,"56,97","242 759,22","101,83",776,0,4443,Total,47595,4649,16941,0,64,41053,6542,"53,02","6 309 992,65","120,78",17076,134,87094
Data,Ocup,Opção,Cheg,Oferta/Uso Interno,Deduz. Individ.,Deduz. Grupos,% Ocup.,Receita Quartos,Preço Médio,Saídas,Quartos FdS,Adul. / Cri.,dezembro,Previsão,20-dez-2025 sáb,73,0,23,0,0,73,0,"54,07","6 269,23","85,88",15,0,143,2378,6,768,0,0,2352,26,"56,97","242 759,22","101,83",776,0,4443,Total dez,2378,6,768,0,0,2352,26,"56,97","242 759,22","101,83",776,0,4443,Total,47595,4649,16941,0,64,41053,6542,"53,02","6 309 992,65","120,78",17076,134,87094
Data,Ocup,Opção,Cheg,Oferta/Uso Interno,Deduz. Individ.,Deduz. Grupos,% Ocup.,Receita Quartos,Preço Médio,Saídas,Quartos FdS,Adul. / Cri.,dezembro,Previsão,21-dez-2025 dom,74,0,29,0,0,74,0,"54,81","6 591,57","89,08",28,0,139,2378,6,768,0,0,2352,26,"56,97","242 759,22","101,83",776,0,4443,Total dez,2378,6,768,0,0,2352,26,"56,97","242 759,22","101,83",776,0,4443,Total,47595,4649,16941,0,64,41053,6542,"53,02","6 309 992,65","120,78",17076,134,87094
Data,Ocup,Opção,Cheg,Oferta/Uso Interno,Deduz. Individ.,Deduz. Grupos,% Ocup.,Receita Quartos,Preço Médio,Saídas,Quartos FdS,Adul. / Cri.,dezembro,Previsão,22-dez-2025 seg,72,0,15,0,0,72,0,"53,33","6 488,11","90,11",17,0,139,2378,6,768,0,0,2352,26,"56,97","242 759,22","101,83",776,0,4443,Total dez,2378,6,768,0,0,2352,26,"56,97","242 759,22","101,83",776,0,4443,Total,47595,4649,16941,0,64,41053,6542,"53,02","6 309 992,65","120,78",17076,134,87094
Data,Ocup,Opção,Cheg,Oferta/Uso Interno,Deduz. Individ.,Deduz. Grupos,% Ocup.,Receita Quartos,Preço Médio,Saídas,Quartos FdS,Adul. / Cri.,dezembro,Previsão,23-dez-2025 ter,64,0,20,0,0,64,0,"47,41","5 830,09","91,10",28,0,123,2378,6,768,0,0,2352,26,"56,97","242 759,22","101,83",776,0,4443,Total dez,2378,6,768,0,0,2352,26,"56,97","242 759,22","101,83",776,0,4443,Total,47595,4649,16941,0,64,41053,6542,"53,02","6 309 992,65","120,78",17076,134,87094
Data,Ocup,Opção,Cheg,Oferta/Uso Interno,Deduz. Individ.,Deduz. Grupos,% Ocup.,Receita Quartos,Preço Médio,Saídas,Quartos FdS,Adul. / Cri.,dezembro,Previsão,24-dez-2025 qua,63,0,24,0,0,63,0,"46,67","6 414,77","101,82",25,0,123,2378,6,768,0,0,2352,26,"56,97","242 759,22","101,83",776,0,4443,Total dez,2378,6,768,0,0,2352,26,"56,97","242 759,22","101,83",776,0,4443,Total,47595,4649,16941,0,64,41053,6542,"53,02","6 309 992,65","120,78",17076,134,87094
Data,Ocup,Opção,Cheg,Oferta/Uso Interno,Deduz. Individ.,Deduz. Grupos,% Ocup.,Receita Quartos,Preço Médio,Saídas,Quartos FdS,Adul. / Cri.,dezembro,Previsão,25-dez-2025 qui,64,0,11,0,0,64,0,"47,41","6 660,11","104,06",10,0,123,2378,6,768,0,0,2352,26,"56,97","242 759,22","101,83",776,0,4443,Total dez,2378,6,768,0,0,2352,26,"56,97","242 759,22","101,83",776,0,4443,Total,47595,4649,16941,0,64,41053,6542,"53,02","6 309 992,65","120,78",17076,134,87094
Data,Ocup,Opção,Cheg,Oferta/Uso Interno,Deduz. Individ.,Deduz. Grupos,% Ocup.,Receita Quartos,Preço Médio,Saídas,Quartos FdS,Adul. / Cri.,dezembro,Previsão,26-dez-2025 sex,95,0,44,0,0,95,0,"70,37","11 655,78","122,69",13,0,175,2378,6,768,0,0,2352,26,"56,97","242 759,22","101,83",776,0,4443,Total dez,2378,6,768,0,0,2352,26,"56,97","242 759,22","101,83",776,0,4443,Total,47595,4649,16941,0,64,41053,6542,"53,02","6 309 992,65","120,78",17076,134,87094
Data,Ocup,Opção,Cheg,Oferta/Uso Interno,Deduz. Individ.,Deduz. Grupos,% Ocup.,Receita Quartos,Preço Médio,Saídas,Quartos FdS,Adul. / Cri.,dezembro,Previsão,27-dez-2025 sáb,106,0,32,0,0,106,0,"78,52","13 255,66","125,05",21,0,202,2378,6,768,0,0,2352,26,"56,97","242 759,22","101,83",776,0,4443,Total dez,2378,6,768,0,0,2352,26,"56,97","242 759,22","101,83",776,0,4443,Total,47595,4649,16941,0,64,41053,6542,"53,02","6 309 992,65","120,78",17076,134,87094
Data,Ocup,Opção,Cheg,Oferta/Uso Interno,Deduz. Individ.,Deduz. Grupos,% Ocup.,Receita Quartos,Preço Médio,Saídas,Quartos FdS,Adul. / Cri.,dezembro,Previsão,28-dez-2025 dom,94,0,23,0,0,94,0,"69,63","12 129,62","129,04",35,0,182,2378,6,768,0,0,2352,26,"56,97","242 759,22","101,83",776,0,4443,Total dez,2378,6,768,0,0,2352,26,"56,97","242 759,22","101,83",776,0,4443,Total,47595,4649,16941,0,64,41053,6542,"53,02","6 309 992,65","120,78",17076,134,87094
Data,Ocup,Opção,Cheg,Oferta/Uso Interno,Deduz. Individ.,Deduz. Grupos,% Ocup.,Receita Quartos,Preço Médio,Saídas,Quartos FdS,Adul. / Cri.,dezembro,Previsão,29-dez-2025 seg,102,0,34,0,0,102,0,"75,56","13 975,38","137,01",26,0,205,2378,6,768,0,0,2352,26,"56,97","242 759,22","101,83",776,0,4443,Total dez,2378,6,768,0,0,2352,26,"56,97","242 759,22","101,83",776,0,4443,Total,47595,4649,16941,0,64,41053,6542,"53,02","6 309 992,65","120,78",17076,134,87094
Data,Ocup,Opção,Cheg,Oferta/Uso Interno,Deduz. Individ.,Deduz. Grupos,% Ocup.,Receita Quartos,Preço Médio,Saídas,Quartos FdS,Adul. / Cri.,dezembro,Previsão,30-dez-2025 ter,97,2,33,0,0,84,13,"73,33","16 277,80","164,42",38,0,195,2378,6,768,0,0,2352,26,"56,97","242 759,22","101,83",776,0,4443,Total dez,2378,6,768,0,0,2352,26,"56,97","242 759,22","101,83",776,0,4443,Total,47595,4649,16941,0,64,41053,6542,"53,02","6 309 992,65","120,78",17076,134,87094
Data,Ocup,Opção,Cheg,Oferta/Uso Interno,Deduz. Individ.,Deduz. Grupos,% Ocup.,Receita Quartos,Preço Médio,Saídas,Quartos FdS,Adul. / Cri.,dezembro,Previsão,31-dez-2025 qua,90,4,12,0,0,77,13,"69,63","18 044,35","191,96",19,0,183,2378,6,768,0,0,2352,26,"56,97","242 759,22","101,83",776,0,4443,Total dez,2378,6,768,0,0,2352,26,"56,97","242 759,22","101,83",776,0,4443,Total,47595,4649,16941,0,64,41053,6542,"53,02","6 309 992,65","120,78",17076,134,87094
Data,Ocup,Opção,Cheg,Oferta/Uso Interno,Deduz. Individ.,Deduz. Grupos,% Ocup.,Receita Quartos,Preço Médio,Saídas,Quartos FdS,Adul. / Cri.,janeiro,Previsão,01-jan-2026 qui,83,4,15,0,0,70,13,"64,44","13 830,45","158,97",22,0,175,1150,35,364,0,0,1108,42,"28,32","99 558,05","84,02",413,0,2332,Total jan,1150,35,364,0,0,1108,42,"28,32","99 558,05","84,02",413,0,2332,Total,47595,4649,16941,0,64,41053,6542,"53,02","6 309 992,65","120,78",17076,134,87094
Data,Ocup,Opção,Cheg,Oferta/Uso Interno,Deduz. Individ.,Deduz. Grupos,% Ocup.,Receita Quartos,Preço Médio,Saídas,Quartos FdS,Adul. / Cri.,janeiro,Previsão,02-jan-2026 sex,69,2,16,0,0,56,13,"52,59","9 392,09","132,28",30,0,139,1150,35,364,0,0,1108,42,"28,32","99 558,05","84,02",413,0,2332,Total jan,1150,35,364,0,0,1108,42,"28,32","99 558,05","84,02",413,0,2332,Total,47595,4649,16941,0,64,41053,6542,"53,02","6 309 992,65","120,78",17076,134,87094
Data,Ocup,Opção,Cheg,Oferta/Uso Interno,Deduz. Individ.,Deduz. Grupos,% Ocup.,Receita Quartos,Preço Médio,Saídas,Quartos FdS,Adul. / Cri.,janeiro,Previsão,03-jan-2026 sáb,57,2,11,0,0,44,13,"43,70","7 440,13","126,10",23,0,117,1150,35,364,0,0,1108,42,"28,32","99 558,05","84,02",413,0,2332,Total jan,1150,35,364,0,0,1108,42,"28,32","99 558,05","84,02",413,0,2332,Total,47595,4649,16941,0,64,41053,6542,"53,02","6 309 992,65","120,78",17076,134,87094
Data,Ocup,Opção,Cheg,Oferta/Uso Interno,Deduz. Individ.,Deduz. Grupos,% Ocup.,Receita Quartos,Preço Médio,Saídas,Quartos FdS,Adul. / Cri.,janeiro,Previsão,04-jan-2026 dom,41,0,13,0,0,41,0,"30,37","3 997,83","97,51",29,0,93,1150,35,364,0,0,1108,42,"28,32","99 558,05","84,02",413,0,2332,Total jan,1150,35,364,0,0,1108,42,"28,32","99 558,05","84,02",413,0,2332,Total,47595,4649,16941,0,64,41053,6542,"53,02","6 309 992,65","120,78",17076,134,87094
Data,Ocup,Opção,Cheg,Oferta/Uso Interno,Deduz. Individ.,Deduz. Grupos,% Ocup.,Receita Quartos,Preço Médio,Saídas,Quartos FdS,Adul. / Cri.,janeiro,Previsão,05-jan-2026 seg,36,0,13,0,0,36,0,"26,67","3 224,77","89,58",18,0,83,1150,35,364,0,0,1108,42,"28,32","99 558,05","84,02",413,0,2332,Total jan,1150,35,364,0,0,1108,42,"28,32","99 558,05","84,02",413,0,2332,Total,47595,4649,16941,0,64,41053,6542,"53,02","6 309 992,65","120,78",17076,134,87094
Data,Ocup,Opção,Cheg,Oferta/Uso Interno,Deduz. Individ.,Deduz. Grupos,% Ocup.,Receita Quartos,Preço Médio,Saídas,Quartos FdS,Adul. / Cri.,janeiro,Previsão,06-jan-2026 ter,42,0,11,0,0,42,0,"31,11","3 326,78","79,21",5,0,91,1150,35,364,0,0,1108,42,"28,32","99 558,05","84,02",413,0,2332,Total jan,1150,35,364,0,0,1108,42,"28,32","99 558,05","84,02",413,0,2332,Total,47595,4649,16941,0,64,41053,6542,"53,02","6 309 992,65","120,78",17076,134,87094
Data,Ocup,Opção,Cheg,Oferta/Uso Interno,Deduz. Individ.,Deduz. Grupos,% Ocup.,Receita Quartos,Preço Médio,Saídas,Quartos FdS,Adul. / Cri.,janeiro,Previsão,07-jan-2026 qua,37,0,10,0,0,37,0,"27,41","2 687,19","72,63",15,0,77,1150,35,364,0,0,1108,42,"28,32","99 558,05","84,02",413,0,2332,Total jan,1150,35,364,0,0,1108,42,"28,32","99 558,05","84,02",413,0,2332,Total,47595,4649,16941,0,64,41053,6542,"53,02","6 309 992,65","120,78",17076,134,87094
Data,Ocup,Opção,Cheg,Oferta/Uso Interno,Deduz. Individ.,Deduz. Grupos,% Ocup.,Receita Quartos,Preço Médio,Saídas,Quartos FdS,Adul. / Cri.,janeiro,Previsão,08-jan-2026 qui,25,0,4,0,0,25,0,"18,52","1 827,53","73,10",16,0,51,1150,35,364,0,0,1108,42,"28,32","99 558,05","84,02",413,0,2332,Total jan,1150,35,364,0,0,1108,42,"28,32","99 558,05","84,02",413,0,2332,Total,47595,4649,16941,0,64,41053,6542,"53,02","6 309 992,65","120,78",17076,134,87094
Data,Ocup,Opção,Cheg,Oferta/Uso Interno,Deduz. Individ.,Deduz. Grupos,% Ocup.,Receita Quartos,Preço Médio,Saídas,Quartos FdS,Adul. / Cri.,janeiro,Previsão,09-jan-2026 sex,41,0,22,0,0,41,0,"30,37","2 934,47","71,57",6,0,83,1150,35,364,0,0,1108,42,"28,32","99 558,05","84,02",413,0,2332,Total jan,1150,35,364,0,0,1108,42,"28,32","99 558,05","84,02",413,0,2332,Total,47595,4649,16941,0,64,41053,6542,"53,02","6 309 992,65","120,78",17076,134,87094
Data,Ocup,Opção,Cheg,Oferta/Uso Interno,Deduz. Individ.,Deduz. Grupos,% Ocup.,Receita Quartos,Preço Médio,Saídas,Quartos FdS,Adul. / Cri.,janeiro,Previsão,10-jan-2026 sáb,35,1,9,0,0,32,3,"26,67","2 494,59","69,29",15,0,68,1150,35,364,0,0,1108,42,"28,32","99 558,05","84,02",413,0,2332,Total jan,1150,35,364,0,0,1108,42,"28,32","99 558,05","84,02",413,0,2332,Total,47595,4649,16941,0,64,41053,6542,"53,02","6 309 992,65","120,78",17076,134,87094
Data,Ocup,Opção,Cheg,Oferta/Uso Interno,Deduz. Individ.,Deduz. Grupos,% Ocup.,Receita Quartos,Preço Médio,Saídas,Quartos FdS,Adul. / Cri.,janeiro,Previsão,11-jan-2026 dom,28,13,7,0,0,28,0,"30,37","1 905,40","46,47",14,0,57,1150,35,364,0,0,1108,42,"28,32","99 558,05","84,02",413,0,2332,Total jan,1150,35,364,0,0,1108,42,"28,32","99 558,05","84,02",413,0,2332,Total,47595,4649,16941,0,64,41053,6542,"53,02","6 309 992,65","120,78",17076,134,87094
Data,Ocup,Opção,Cheg,Oferta/Uso Interno,Deduz. Individ.,Deduz. Grupos,% Ocup.,Receita Quartos,Preço Médio,Saídas,Quartos FdS,Adul. / Cri.,janeiro,Previsão,12-jan-2026 seg,20,13,6,0,0,20,0,"24,44","1 264,31","38,31",14,0,41,1150,35,364,0,0,1108,42,"28,32","99 558,05","84,02",413,0,2332,Total jan,1150,35,364,0,0,1108,42,"28,32","99 558,05","84,02",413,0,2332,Total,47595,4649,16941,0,64,41053,6542,"53,02","6 309 992,65","120,78",17076,134,87094
Data,Ocup,Opção,Cheg,Oferta/Uso Interno,Deduz. Individ.,Deduz. Grupos,% Ocup.,Receita Quartos,Preço Médio,Saídas,Quartos FdS,Adul. / Cri.,janeiro,Previsão,13-jan-2026 ter,17,0,4,0,0,17,0,"12,59","1 047,06","61,59",7,0,36,1150,35,364,0,0,1108,42,"28,32","99 558,05","84,02",413,0,2332,Total jan,1150,35,364,0,0,1108,42,"28,32","99 558,05","84,02",413,0,2332,Total,47595,4649,16941,0,64,41053,6542,"53,02","6 309 992,65","120,78",17076,134,87094
Data,Ocup,Opção,Cheg,Oferta/Uso Interno,Deduz. Individ.,Deduz. Grupos,% Ocup.,Receita Quartos,Preço Médio,Saídas,Quartos FdS,Adul. / Cri.,janeiro,Previsão,14-jan-2026 qua,22,0,13,0,0,22,0,"16,30","1 653,87","75,18",8,0,45,1150,35,364,0,0,1108,42,"28,32","99 558,05","84,02",413,0,2332,Total jan,1150,35,364,0,0,1108,42,"28,32","99 558,05","84,02",413,0,2332,Total,47595,4649,16941,0,64,41053,6542,"53,02","6 309 992,65","120,78",17076,134,87094
Data,Ocup,Opção,Cheg,Oferta/Uso Interno,Deduz. Individ.,Deduz. Grupos,% Ocup.,Receita Quartos,Preço Médio,Saídas,Quartos FdS,Adul. / Cri.,janeiro,Previsão,15-jan-2026 qui,24,0,10,0,0,24,0,"17,78","1 642,38","68,43",8,0,44,1150,35,364,0,0,1108,42,"28,32","99 558,05","84,02",413,0,2332,Total jan,1150,35,364,0,0,1108,42,"28,32","99 558,05","84,02",413,0,2332,Total,47595,4649,16941,0,64,41053,6542,"53,02","6 309 992,65","120,78",17076,134,87094
Data,Ocup,Opção,Cheg,Oferta/Uso Interno,Deduz. Individ.,Deduz. Grupos,% Ocup.,Receita Quartos,Preço Médio,Saídas,Quartos FdS,Adul. / Cri.,janeiro,Previsão,16-jan-2026 sex,36,0,17,0,0,36,0,"26,67","2 537,99","70,50",5,0,69,1150,35,364,0,0,1108,42,"28,32","99 558,05","84,02",413,0,2332,Total jan,1150,35,364,0,0,1108,42,"28,32","99 558,05","84,02",413,0,2332,Total,47595,4649,16941,0,64,41053,6542,"53,02","6 309 992,65","120,78",17076,134,87094
Data,Ocup,Opção,Cheg,Oferta/Uso Interno,Deduz. Individ.,Deduz. Grupos,% Ocup.,Receita Quartos,Preço Médio,Saídas,Quartos FdS,Adul. / Cri.,janeiro,Previsão,17-jan-2026 sáb,43,0,17,0,0,43,0,"31,85","3 115,25","72,45",10,0,89,1150,35,364,0,0,1108,42,"28,32","99 558,05","84,02",413,0,2332,Total jan,1150,35,364,0,0,1108,42,"28,32","99 558,05","84,02",413,0,2332,Total,47595,4649,16941,0,64,41053,6542,"53,02","6 309 992,65","120,78",17076,134,87094
Data,Ocup,Opção,Cheg,Oferta/Uso Interno,Deduz. Individ.,Deduz. Grupos,% Ocup.,Receita Quartos,Preço Médio,Saídas,Quartos FdS,Adul. / Cri.,janeiro,Previsão,18-jan-2026 dom,36,0,6,0,0,36,0,"26,67","2 363,45","65,65",13,0,72,1150,35,364,0,0,1108,42,"28,32","99 558,05","84,02",413,0,2332,Total jan,1150,35,364,0,0,1108,42,"28,32","99 558,05","84,02",413,0,2332,Total,47595,4649,16941,0,64,41053,6542,"53,02","6 309 992,65","120,78",17076,134,87094
Data,Ocup,Opção,Cheg,Oferta/Uso Interno,Deduz. Individ.,Deduz. Grupos,% Ocup.,Receita Quartos,Preço Médio,Saídas,Quartos FdS,Adul. / Cri.,janeiro,Previsão,19-jan-2026 seg,35,0,13,0,0,35,0,"25,93","2 289,24","65,41",14,0,64,1150,35,364,0,0,1108,42,"28,32","99 558,05","84,02",413,0,2332,Total jan,1150,35,364,0,0,1108,42,"28,32","99 558,05","84,02",413,0,2332,Total,47595,4649,16941,0,64,41053,6542,"53,02","6 309 992,65","120,78",17076,134,87094
Data,Ocup,Opção,Cheg,Oferta/Uso Interno,Deduz. Individ.,Deduz. Grupos,% Ocup.,Receita Quartos,Preço Médio,Saídas,Quartos FdS,Adul. / Cri.,janeiro,Previsão,20-jan-2026 ter,24,0,5,0,0,24,0,"17,78","1 474,64","61,44",16,0,41,1150,35,364,0,0,1108,42,"28,32","99 558,05","84,02",413,0,2332,Total jan,1150,35,364,0,0,1108,42,"28,32","99 558,05","84,02",413,0,2332,Total,47595,4649,16941,0,64,41053,6542,"53,02","6 309 992,65","120,78",17076,134,87094
Data,Ocup,Opção,Cheg,Oferta/Uso Interno,Deduz. Individ.,Deduz. Grupos,% Ocup.,Receita Quartos,Preço Médio,Saídas,Quartos FdS,Adul. / Cri.,janeiro,Previsão,21-jan-2026 qua,30,0,14,0,0,30,0,"22,22","1 840,33","61,34",8,0,53,1150,35,364,0,0,1108,42,"28,32","99 558,05","84,02",413,0,2332,Total jan,1150,35,364,0,0,1108,42,"28,32","99 558,05","84,02",413,0,2332,Total,47595,4649,16941,0,64,41053,6542,"53,02","6 309 992,65","120,78",17076,134,87094
Data,Ocup,Opção,Cheg,Oferta/Uso Interno,Deduz. Individ.,Deduz. Grupos,% Ocup.,Receita Quartos,Preço Médio,Saídas,Quartos FdS,Adul. / Cri.,janeiro,Previsão,22-jan-2026 qui,36,0,11,0,0,36,0,"26,67","2 453,33","68,15",5,0,67,1150,35,364,0,0,1108,42,"28,32","99 558,05","84,02",413,0,2332,Total jan,1150,35,364,0,0,1108,42,"28,32","99 558,05","84,02",413,0,2332,Total,47595,4649,16941,0,64,41053,6542,"53,02","6 309 992,65","120,78",17076,134,87094
Data,Ocup,Opção,Cheg,Oferta/Uso Interno,Deduz. Individ.,Deduz. Grupos,% Ocup.,Receita Quartos,Preço Médio,Saídas,Quartos FdS,Adul. / Cri.,janeiro,Previsão,23-jan-2026 sex,40,0,17,0,0,40,0,"29,63","2 827,21","70,68",13,0,79,1150,35,364,0,0,1108,42,"28,32","99 558,05","84,02",413,0,2332,Total jan,1150,35,364,0,0,1108,42,"28,32","99 558,05","84,02",413,0,2332,Total,47595,4649,16941,0,64,41053,6542,"53,02","6 309 992,65","120,78",17076,134,87094
Data,Ocup,Opção,Cheg,Oferta/Uso Interno,Deduz. Individ.,Deduz. Grupos,% Ocup.,Receita Quartos,Preço Médio,Saídas,Quartos FdS,Adul. / Cri.,janeiro,Previsão,24-jan-2026 sáb,46,0,17,0,0,46,0,"34,07","3 454,18","75,09",11,0,95,1150,35,364,0,0,1108,42,"28,32","99 558,05","84,02",413,0,2332,Total jan,1150,35,364,0,0,1108,42,"28,32","99 558,05","84,02",413,0,2332,Total,47595,4649,16941,0,64,41053,6542,"53,02","6 309 992,65","120,78",17076,134,87094
Data,Ocup,Opção,Cheg,Oferta/Uso Interno,Deduz. Individ.,Deduz. Grupos,% Ocup.,Receita Quartos,Preço Médio,Saídas,Quartos FdS,Adul. / Cri.,janeiro,Previsão,25-jan-2026 dom,36,0,11,0,0,36,0,"26,67","2 832,65","78,68",21,0,79,1150,35,364,0,0,1108,42,"28,32","99 558,05","84,02",413,0,2332,Total jan,1150,35,364,0,0,1108,42,"28,32","99 558,05","84,02",413,0,2332,Total,47595,4649,16941,0,64,41053,6542,"53,02","6 309 992,65","120,78",17076,134,87094
Data,Ocup,Opção,Cheg,Oferta/Uso Interno,Deduz. Individ.,Deduz. Grupos,% Ocup.,Receita Quartos,Preço Médio,Saídas,Quartos FdS,Adul. / Cri.,janeiro,Previsão,26-jan-2026 seg,28,0,8,0,0,28,0,"20,74","2 171,12","77,54",16,0,61,1150,35,364,0,0,1108,42,"28,32","99 558,05","84,02",413,0,2332,Total jan,1150,35,364,0,0,1108,42,"28,32","99 558,05","84,02",413,0,2332,Total,47595,4649,16941,0,64,41053,6542,"53,02","6 309 992,65","120,78",17076,134,87094
Data,Ocup,Opção,Cheg,Oferta/Uso Interno,Deduz. Individ.,Deduz. Grupos,% Ocup.,Receita Quartos,Preço Médio,Saídas,Quartos FdS,Adul. / Cri.,janeiro,Previsão,27-jan-2026 ter,27,0,12,0,0,27,0,"20,00","1 743,99","64,59",13,0,49,1150,35,364,0,0,1108,42,"28,32","99 558,05","84,02",413,0,2332,Total jan,1150,35,364,0,0,1108,42,"28,32","99 558,05","84,02",413,0,2332,Total,47595,4649,16941,0,64,41053,6542,"53,02","6 309 992,65","120,78",17076,134,87094
Data,Ocup,Opção,Cheg,Oferta/Uso Interno,Deduz. Individ.,Deduz. Grupos,% Ocup.,Receita Quartos,Preço Médio,Saídas,Quartos FdS,Adul. / Cri.,janeiro,Previsão,28-jan-2026 qua,33,0,12,0,0,33,0,"24,44","2 251,14","68,22",6,0,61,1150,35,364,0,0,1108,42,"28,32","99 558,05","84,02",413,0,2332,Total jan,1150,35,364,0,0,1108,42,"28,32","99 558,05","84,02",413,0,2332,Total,47595,4649,16941,0,64,41053,6542,"53,02","6 309 992,65","120,78",17076,134,87094
Data,Ocup,Opção,Cheg,Oferta/Uso Interno,Deduz. Individ.,Deduz. Grupos,% Ocup.,Receita Quartos,Preço Médio,Saídas,Quartos FdS,Adul. / Cri.,janeiro,Previsão,29-jan-2026 qui,37,0,13,0,0,37,0,"27,41","2 793,33","75,50",9,0,72,1150,35,364,0,0,1108,42,"28,32","99 558,05","84,02",413,0,2332,Total jan,1150,35,364,0,0,1108,42,"28,32","99 558,05","84,02",413,0,2332,Total,47595,4649,16941,0,64,41053,6542,"53,02","6 309 992,65","120,78",17076,134,87094
Data,Ocup,Opção,Cheg,Oferta/Uso Interno,Deduz. Individ.,Deduz. Grupos,% Ocup.,Receita Quartos,Preço Médio,Saídas,Quartos FdS,Adul. / Cri.,janeiro,Previsão,30-jan-2026 sex,45,0,17,0,0,45,0,"33,33","3 501,74","77,82",9,0,94,1150,35,364,0,0,1108,42,"28,32","99 558,05","84,02",413,0,2332,Total jan,1150,35,364,0,0,1108,42,"28,32","99 558,05","84,02",413,0,2332,Total,47595,4649,16941,0,64,41053,6542,"53,02","6 309 992,65","120,78",17076,134,87094
Data,Ocup,Opção,Cheg,Oferta/Uso Interno,Deduz. Individ.,Deduz. Grupos,% Ocup.,Receita Quartos,Preço Médio,Saídas,Quartos FdS,Adul. / Cri.,janeiro,Previsão,31-jan-2026 sáb,41,0,10,0,0,41,0,"30,37","3 239,63","79,02",14,0,87,1150,35,364,0,0,1108,42,"28,32","99 558,05","84,02",413,0,2332,Total jan,1150,35,364,0,0,1108,42,"28,32","99 558,05","84,02",413,0,2332,Total,47595,4649,16941,0,64,41053,6542,"53,02","6 309 992,65","120,78",17076,134,87094
Data,Ocup,Opção,Cheg,Oferta/Uso Interno,Deduz. Individ.,Deduz. Grupos,% Ocup.,Receita Quartos,Preço Médio,Saídas,Quartos FdS,Adul. / Cri.,fevereiro,Previsão,01-fev-2026 dom,34,0,13,0,0,34,0,"25,19","2 392,12","70,36",20,0,68,813,75,279,0,0,811,2,"23,49","62 577,61","70,47",280,0,1632,Total fev,813,75,279,0,0,811,2,"23,49","62 577,61","70,47",280,0,1632,Total,47595,4649,16941,0,64,41053,6542,"53,02","6 309 992,65","120,78",17076,134,87094
Data,Ocup,Opção,Cheg,Oferta/Uso Interno,Deduz. Individ.,Deduz. Grupos,% Ocup.,Receita Quartos,Preço Médio,Saídas,Quartos FdS,Adul. / Cri.,fevereiro,Previsão,02-fev-2026 seg,34,10,13,0,0,34,0,"32,59","2 464,93","56,02",13,0,67,813,75,279,0,0,811,2,"23,49","62 577,61","70,47",280,0,1632,Total fev,813,75,279,0,0,811,2,"23,49","62 577,61","70,47",280,0,1632,Total,47595,4649,16941,0,64,41053,6542,"53,02","6 309 992,65","120,78",17076,134,87094
Data,Ocup,Opção,Cheg,Oferta/Uso Interno,Deduz. Individ.,Deduz. Grupos,% Ocup.,Receita Quartos,Preço Médio,Saídas,Quartos FdS,Adul. / Cri.,fevereiro,Previsão,03-fev-2026 ter,34,10,9,0,0,34,0,"32,59","2 408,40","54,74",9,0,68,813,75,279,0,0,811,2,"23,49","62 577,61","70,47",280,0,1632,Total fev,813,75,279,0,0,811,2,"23,49","62 577,61","70,47",280,0,1632,Total,47595,4649,16941,0,64,41053,6542,"53,02","6 309 992,65","120,78",17076,134,87094
Data,Ocup,Opção,Cheg,Oferta/Uso Interno,Deduz. Individ.,Deduz. Grupos,% Ocup.,Receita Quartos,Preço Médio,Saídas,Quartos FdS,Adul. / Cri.,fevereiro,Previsão,04-fev-2026 qua,27,0,6,0,0,27,0,"20,00","1 959,58","72,58",13,0,53,813,75,279,0,0,811,2,"23,49","62 577,61","70,47",280,0,1632,Total fev,813,75,279,0,0,811,2,"23,49","62 577,61","70,47",280,0,1632,Total,47595,4649,16941,0,64,41053,6542,"53,02","6 309 992,65","120,78",17076,134,87094
Data,Ocup,Opção,Cheg,Oferta/Uso Interno,Deduz. Individ.,Deduz. Grupos,% Ocup.,Receita Quartos,Preço Médio,Saídas,Quartos FdS,Adul. / Cri.,fevereiro,Previsão,05-fev-2026 qui,35,0,15,0,0,35,0,"25,93","2 259,13","64,55",7,0,69,813,75,279,0,0,811,2,"23,49","62 577,61","70,47",280,0,1632,Total fev,813,75,279,0,0,811,2,"23,49","62 577,61","70,47",280,0,1632,Total,47595,4649,16941,0,64,41053,6542,"53,02","6 309 992,65","120,78",17076,134,87094
Data,Ocup,Opção,Cheg,Oferta/Uso Interno,Deduz. Individ.,Deduz. Grupos,% Ocup.,Receita Quartos,Preço Médio,Saídas,Quartos FdS,Adul. / Cri.,fevereiro,Previsão,06-fev-2026 sex,45,0,20,0,0,45,0,"33,33","3 252,06","72,27",10,0,90,813,75,279,0,0,811,2,"23,49","62 577,61","70,47",280,0,1632,Total fev,813,75,279,0,0,811,2,"23,49","62 577,61","70,47",280,0,1632,Total,47595,4649,16941,0,64,41053,6542,"53,02","6 309 992,65","120,78",17076,134,87094
Data,Ocup,Opção,Cheg,Oferta/Uso Interno,Deduz. Individ.,Deduz. Grupos,% Ocup.,Receita Quartos,Preço Médio,Saídas,Quartos FdS,Adul. / Cri.,fevereiro,Previsão,07-fev-2026 sáb,52,13,15,0,0,52,0,"48,15","3 617,78","55,66",8,0,102,813,75,279,0,0,811,2,"23,49","62 577,61","70,47",280,0,1632,Total fev,813,75,279,0,0,811,2,"23,49","62 577,61","70,47",280,0,1632,Total,47595,4649,16941,0,64,41053,6542,"53,02","6 309 992,65","120,78",17076,134,87094
Data,Ocup,Opção,Cheg,Oferta/Uso Interno,Deduz. Individ.,Deduz. Grupos,% Ocup.,Receita Quartos,Preço Médio,Saídas,Quartos FdS,Adul. / Cri.,fevereiro,Previsão,08-fev-2026 dom,32,13,2,0,0,32,0,"33,33","1 996,02","44,36",22,0,62,813,75,279,0,0,811,2,"23,49","62 577,61","70,47",280,0,1632,Total fev,813,75,279,0,0,811,2,"23,49","62 577,61","70,47",280,0,1632,Total,47595,4649,16941,0,64,41053,6542,"53,02","6 309 992,65","120,78",17076,134,87094
Data,Ocup,Opção,Cheg,Oferta/Uso Interno,Deduz. Individ.,Deduz. Grupos,% Ocup.,Receita Quartos,Preço Médio,Saídas,Quartos FdS,Adul. / Cri.,fevereiro,Previsão,09-fev-2026 seg,21,0,8,0,0,21,0,"15,56","1 300,66","61,94",19,0,34,813,75,279,0,0,811,2,"23,49","62 577,61","70,47",280,0,1632,Total fev,813,75,279,0,0,811,2,"23,49","62 577,61","70,47",280,0,1632,Total,47595,4649,16941,0,64,41053,6542,"53,02","6 309 992,65","120,78",17076,134,87094
Data,Ocup,Opção,Cheg,Oferta/Uso Interno,Deduz. Individ.,Deduz. Grupos,% Ocup.,Receita Quartos,Preço Médio,Saídas,Quartos FdS,Adul. / Cri.,fevereiro,Previsão,10-fev-2026 ter,25,0,12,0,0,25,0,"18,52","1 604,13","64,17",8,0,44,813,75,279,0,0,811,2,"23,49","62 577,61","70,47",280,0,1632,Total fev,813,75,279,0,0,811,2,"23,49","62 577,61","70,47",280,0,1632,Total,47595,4649,16941,0,64,41053,6542,"53,02","6 309 992,65","120,78",17076,134,87094
Data,Ocup,Opção,Cheg,Oferta/Uso Interno,Deduz. Individ.,Deduz. Grupos,% Ocup.,Receita Quartos,Preço Médio,Saídas,Quartos FdS,Adul. / Cri.,fevereiro,Previsão,11-fev-2026 qua,23,13,3,0,0,23,0,"26,67","1 511,70","41,99",5,0,42,813,75,279,0,0,811,2,"23,49","62 577,61","70,47",280,0,1632,Total fev,813,75,279,0,0,811,2,"23,49","62 577,61","70,47",280,0,1632,Total,47595,4649,16941,0,64,41053,6542,"53,02","6 309 992,65","120,78",17076,134,87094
Data,Ocup,Opção,Cheg,Oferta/Uso Interno,Deduz. Individ.,Deduz. Grupos,% Ocup.,Receita Quartos,Preço Médio,Saídas,Quartos FdS,Adul. / Cri.,fevereiro,Previsão,12-fev-2026 qui,22,13,12,0,0,22,0,"25,93","1 593,16","45,52",13,0,42,813,75,279,0,0,811,2,"23,49","62 577,61","70,47",280,0,1632,Total fev,813,75,279,0,0,811,2,"23,49","62 577,61","70,47",280,0,1632,Total,47595,4649,16941,0,64,41053,6542,"53,02","6 309 992,65","120,78",17076,134,87094
Data,Ocup,Opção,Cheg,Oferta/Uso Interno,Deduz. Individ.,Deduz. Grupos,% Ocup.,Receita Quartos,Preço Médio,Saídas,Quartos FdS,Adul. / Cri.,fevereiro,Previsão,13-fev-2026 sex,28,0,10,0,0,28,0,"20,74","2 231,11","79,68",4,0,60,813,75,279,0,0,811,2,"23,49","62 577,61","70,47",280,0,1632,Total fev,813,75,279,0,0,811,2,"23,49","62 577,61","70,47",280,0,1632,Total,47595,4649,16941,0,64,41053,6542,"53,02","6 309 992,65","120,78",17076,134,87094
Data,Ocup,Opção,Cheg,Oferta/Uso Interno,Deduz. Individ.,Deduz. Grupos,% Ocup.,Receita Quartos,Preço Médio,Saídas,Quartos FdS,Adul. / Cri.,fevereiro,Previsão,14-fev-2026 sáb,26,0,6,0,0,26,0,"19,26","2 509,15","96,51",8,0,56,813,75,279,0,0,811,2,"23,49","62 577,61","70,47",280,0,1632,Total fev,813,75,279,0,0,811,2,"23,49","62 577,61","70,47",280,0,1632,Total,47595,4649,16941,0,64,41053,6542,"53,02","6 309 992,65","120,78",17076,134,87094
Data,Ocup,Opção,Cheg,Oferta/Uso Interno,Deduz. Individ.,Deduz. Grupos,% Ocup.,Receita Quartos,Preço Médio,Saídas,Quartos FdS,Adul. / Cri.,fevereiro,Previsão,15-fev-2026 dom,29,0,15,0,0,29,0,"21,48","2 930,83","101,06",12,0,67,813,75,279,0,0,811,2,"23,49","62 577,61","70,47",280,0,1632,Total fev,813,75,279,0,0,811,2,"23,49","62 577,61","70,47",280,0,1632,Total,47595,4649,16941,0,64,41053,6542,"53,02","6 309 992,65","120,78",17076,134,87094
Data,Ocup,Opção,Cheg,Oferta/Uso Interno,Deduz. Individ.,Deduz. Grupos,% Ocup.,Receita Quartos,Preço Médio,Saídas,Quartos FdS,Adul. / Cri.,fevereiro,Previsão,16-fev-2026 seg,30,0,8,0,0,30,0,"22,22","3 300,60","110,02",7,0,75,813,75,279,0,0,811,2,"23,49","62 577,61","70,47",280,0,1632,Total fev,813,75,279,0,0,811,2,"23,49","62 577,61","70,47",280,0,1632,Total,47595,4649,16941,0,64,41053,6542,"53,02","6 309 992,65","120,78",17076,134,87094
Data,Ocup,Opção,Cheg,Oferta/Uso Interno,Deduz. Individ.,Deduz. Grupos,% Ocup.,Receita Quartos,Preço Médio,Saídas,Quartos FdS,Adul. / Cri.,fevereiro,Previsão,17-fev-2026 ter,33,0,13,0,0,33,0,"24,44","2 733,39","82,83",10,0,75,813,75,279,0,0,811,2,"23,49","62 577,61","70,47",280,0,1632,Total fev,813,75,279,0,0,811,2,"23,49","62 577,61","70,47",280,0,1632,Total,47595,4649,16941,0,64,41053,6542,"53,02","6 309 992,65","120,78",17076,134,87094
Data,Ocup,Opção,Cheg,Oferta/Uso Interno,Deduz. Individ.,Deduz. Grupos,% Ocup.,Receita Quartos,Preço Médio,Saídas,Quartos FdS,Adul. / Cri.,fevereiro,Previsão,18-fev-2026 qua,30,0,14,0,0,30,0,"22,22","2 443,24","81,44",17,0,65,813,75,279,0,0,811,2,"23,49","62 577,61","70,47",280,0,1632,Total fev,813,75,279,0,0,811,2,"23,49","62 577,61","70,47",280,0,1632,Total,47595,4649,16941,0,64,41053,6542,"53,02","6 309 992,65","120,78",17076,134,87094
Data,Ocup,Opção,Cheg,Oferta/Uso Interno,Deduz. Individ.,Deduz. Grupos,% Ocup.,Receita Quartos,Preço Médio,Saídas,Quartos FdS,Adul. / Cri.,fevereiro,Previsão,19-fev-2026 qui,34,0,6,0,0,34,0,"25,19","2 890,82","85,02",2,0,73,813,75,279,0,0,811,2,"23,49","62 577,61","70,47",280,0,1632,Total fev,813,75,279,0,0,811,2,"23,49","62 577,61","70,47",280,0,1632,Total,47595,4649,16941,0,64,41053,6542,"53,02","6 309 992,65","120,78",17076,134,87094
Data,Ocup,Opção,Cheg,Oferta/Uso Interno,Deduz. Individ.,Deduz. Grupos,% Ocup.,Receita Quartos,Preço Médio,Saídas,Quartos FdS,Adul. / Cri.,fevereiro,Previsão,20-fev-2026 sex,33,0,10,0,0,33,0,"24,44","2 885,56","87,44",11,0,70,813,75,279,0,0,811,2,"23,49","62 577,61","70,47",280,0,1632,Total fev,813,75,279,0,0,811,2,"23,49","62 577,61","70,47",280,0,1632,Total,47595,4649,16941,0,64,41053,6542,"53,02","6 309 992,65","120,78",17076,134,87094
Data,Ocup,Opção,Cheg,Oferta/Uso Interno,Deduz. Individ.,Deduz. Grupos,% Ocup.,Receita Quartos,Preço Médio,Saídas,Quartos FdS,Adul. / Cri.,fevereiro,Previsão,21-fev-2026 sáb,28,0,9,0,0,28,0,"20,74","2 592,04","92,57",14,0,61,813,75,279,0,0,811,2,"23,49","62 577,61","70,47",280,0,1632,Total fev,813,75,279,0,0,811,2,"23,49","62 577,61","70,47",280,0,1632,Total,47595,4649,16941,0,64,41053,6542,"53,02","6 309 992,65","120,78",17076,134,87094
Data,Ocup,Opção,Cheg,Oferta/Uso Interno,Deduz. Individ.,Deduz. Grupos,% Ocup.,Receita Quartos,Preço Médio,Saídas,Quartos FdS,Adul. / Cri.,fevereiro,Previsão,22-fev-2026 dom,21,0,5,0,0,21,0,"15,56","1 634,26","77,82",12,0,43,813,75,279,0,0,811,2,"23,49","62 577,61","70,47",280,0,1632,Total fev,813,75,279,0,0,811,2,"23,49","62 577,61","70,47",280,0,1632,Total,47595,4649,16941,0,64,41053,6542,"53,02","6 309 992,65","120,78",17076,134,87094
Data,Ocup,Opção,Cheg,Oferta/Uso Interno,Deduz. Individ.,Deduz. Grupos,% Ocup.,Receita Quartos,Preço Médio,Saídas,Quartos FdS,Adul. / Cri.,fevereiro,Previsão,23-fev-2026 seg,14,0,6,0,0,14,0,"10,37","950,36","67,88",13,0,24,813,75,279,0,0,811,2,"23,49","62 577,61","70,47",280,0,1632,Total fev,813,75,279,0,0,811,2,"23,49","62 577,61","70,47",280,0,1632,Total,47595,4649,16941,0,64,41053,6542,"53,02","6 309 992,65","120,78",17076,134,87094
Data,Ocup,Opção,Cheg,Oferta/Uso Interno,Deduz. Individ.,Deduz. Grupos,% Ocup.,Receita Quartos,Preço Médio,Saídas,Quartos FdS,Adul. / Cri.,fevereiro,Previsão,24-fev-2026 ter,17,0,6,0,0,17,0,"12,59","1 259,76","74,10",3,0,28,813,75,279,0,0,811,2,"23,49","62 577,61","70,47",280,0,1632,Total fev,813,75,279,0,0,811,2,"23,49","62 577,61","70,47",280,0,1632,Total,47595,4649,16941,0,64,41053,6542,"53,02","6 309 992,65","120,78",17076,134,87094
Data,Ocup,Opção,Cheg,Oferta/Uso Interno,Deduz. Individ.,Deduz. Grupos,% Ocup.,Receita Quartos,Preço Médio,Saídas,Quartos FdS,Adul. / Cri.,fevereiro,Previsão,25-fev-2026 qua,13,0,3,0,0,13,0,"9,63","912,96","70,23",7,0,21,813,75,279,0,0,811,2,"23,49","62 577,61","70,47",280,0,1632,Total fev,813,75,279,0,0,811,2,"23,49","62 577,61","70,47",280,0,1632,Total,47595,4649,16941,0,64,41053,6542,"53,02","6 309 992,65","120,78",17076,134,87094
Data,Ocup,Opção,Cheg,Oferta/Uso Interno,Deduz. Individ.,Deduz. Grupos,% Ocup.,Receita Quartos,Preço Médio,Saídas,Quartos FdS,Adul. / Cri.,fevereiro,Previsão,26-fev-2026 qui,21,0,12,0,0,21,0,"15,56","1 508,89","71,85",4,0,36,813,75,279,0,0,811,2,"23,49","62 577,61","70,47",280,0,1632,Total fev,813,75,279,0,0,811,2,"23,49","62 577,61","70,47",280,0,1632,Total,47595,4649,16941,0,64,41053,6542,"53,02","6 309 992,65","120,78",17076,134,87094
Data,Ocup,Opção,Cheg,Oferta/Uso Interno,Deduz. Individ.,Deduz. Grupos,% Ocup.,Receita Quartos,Preço Médio,Saídas,Quartos FdS,Adul. / Cri.,fevereiro,Previsão,27-fev-2026 sex,32,0,17,0,0,31,1,"23,70","2 479,15","77,47",6,0,61,813,75,279,0,0,811,2,"23,49","62 577,61","70,47",280,0,1632,Total fev,813,75,279,0,0,811,2,"23,49","62 577,61","70,47",280,0,1632,Total,47595,4649,16941,0,64,41053,6542,"53,02","6 309 992,65","120,78",17076,134,87094
Data,Ocup,Opção,Cheg,Oferta/Uso Interno,Deduz. Individ.,Deduz. Grupos,% Ocup.,Receita Quartos,Preço Médio,Saídas,Quartos FdS,Adul. / Cri.,fevereiro,Previsão,28-fev-2026 sáb,40,3,11,0,0,39,1,"31,85","2 955,81","68,74",3,0,76,813,75,279,0,0,811,2,"23,49","62 577,61","70,47",280,0,1632,Total fev,813,75,279,0,0,811,2,"23,49","62 577,61","70,47",280,0,1632,Total,47595,4649,16941,0,64,41053,6542,"53,02","6 309 992,65","120,78",17076,134,87094
Data,Ocup,Opção,Cheg,Oferta/Uso Interno,Deduz. Individ.,Deduz. Grupos,% Ocup.,Receita Quartos,Preço Médio,Saídas,Quartos FdS,Adul. / Cri.,março,Previsão,01-mar-2026 dom,29,13,5,0,0,29,0,"31,11","2 563,93","61,05",16,0,56,820,186,258,0,0,582,238,"24,04","90 068,81","89,53",282,0,1572,Total mar,820,186,258,0,0,582,238,"24,04","90 068,81","89,53",282,0,1572,Total,47595,4649,16941,0,64,41053,6542,"53,02","6 309 992,65","120,78",17076,134,87094
Data,Ocup,Opção,Cheg,Oferta/Uso Interno,Deduz. Individ.,Deduz. Grupos,% Ocup.,Receita Quartos,Preço Médio,Saídas,Quartos FdS,Adul. / Cri.,março,Previsão,02-mar-2026 seg,25,13,8,0,0,25,0,"28,15","2 170,99","57,13",12,0,51,820,186,258,0,0,582,238,"24,04","90 068,81","89,53",282,0,1572,Total mar,820,186,258,0,0,582,238,"24,04","90 068,81","89,53",282,0,1572,Total,47595,4649,16941,0,64,41053,6542,"53,02","6 309 992,65","120,78",17076,134,87094
Data,Ocup,Opção,Cheg,Oferta/Uso Interno,Deduz. Individ.,Deduz. Grupos,% Ocup.,Receita Quartos,Preço Médio,Saídas,Quartos FdS,Adul. / Cri.,março,Previsão,03-mar-2026 ter,23,0,3,0,0,23,0,"17,04","2 030,13","88,27",5,0,47,820,186,258,0,0,582,238,"24,04","90 068,81","89,53",282,0,1572,Total mar,820,186,258,0,0,582,238,"24,04","90 068,81","89,53",282,0,1572,Total,47595,4649,16941,0,64,41053,6542,"53,02","6 309 992,65","120,78",17076,134,87094
Data,Ocup,Opção,Cheg,Oferta/Uso Interno,Deduz. Individ.,Deduz. Grupos,% Ocup.,Receita Quartos,Preço Médio,Saídas,Quartos FdS,Adul. / Cri.,março,Previsão,04-mar-2026 qua,17,0,6,0,0,17,0,"12,59","1 471,01","86,53",12,0,32,820,186,258,0,0,582,238,"24,04","90 068,81","89,53",282,0,1572,Total mar,820,186,258,0,0,582,238,"24,04","90 068,81","89,53",282,0,1572,Total,47595,4649,16941,0,64,41053,6542,"53,02","6 309 992,65","120,78",17076,134,87094
Data,Ocup,Opção,Cheg,Oferta/Uso Interno,Deduz. Individ.,Deduz. Grupos,% Ocup.,Receita Quartos,Preço Médio,Saídas,Quartos FdS,Adul. / Cri.,março,Previsão,05-mar-2026 qui,18,0,5,0,0,18,0,"13,33","1 536,04","85,34",4,0,34,820,186,258,0,0,582,238,"24,04","90 068,81","89,53",282,0,1572,Total mar,820,186,258,0,0,582,238,"24,04","90 068,81","89,53",282,0,1572,Total,47595,4649,16941,0,64,41053,6542,"53,02","6 309 992,65","120,78",17076,134,87094
Data,Ocup,Opção,Cheg,Oferta/Uso Interno,Deduz. Individ.,Deduz. Grupos,% Ocup.,Receita Quartos,Preço Médio,Saídas,Quartos FdS,Adul. / Cri.,março,Previsão,06-mar-2026 sex,39,0,26,0,0,36,3,"28,89","3 804,57","97,55",5,0,69,820,186,258,0,0,582,238,"24,04","90 068,81","89,53",282,0,1572,Total mar,820,186,258,0,0,582,238,"24,04","90 068,81","89,53",282,0,1572,Total,47595,4649,16941,0,64,41053,6542,"53,02","6 309 992,65","120,78",17076,134,87094
Data,Ocup,Opção,Cheg,Oferta/Uso Interno,Deduz. Individ.,Deduz. Grupos,% Ocup.,Receita Quartos,Preço Médio,Saídas,Quartos FdS,Adul. / Cri.,março,Previsão,07-mar-2026 sáb,39,0,6,0,0,36,3,"28,89","3 836,34","98,37",6,0,71,820,186,258,0,0,582,238,"24,04","90 068,81","89,53",282,0,1572,Total mar,820,186,258,0,0,582,238,"24,04","90 068,81","89,53",282,0,1572,Total,47595,4649,16941,0,64,41053,6542,"53,02","6 309 992,65","120,78",17076,134,87094
Data,Ocup,Opção,Cheg,Oferta/Uso Interno,Deduz. Individ.,Deduz. Grupos,% Ocup.,Receita Quartos,Preço Médio,Saídas,Quartos FdS,Adul. / Cri.,março,Previsão,08-mar-2026 dom,29,0,5,0,0,29,0,"21,48","2 779,32","95,84",15,0,57,820,186,258,0,0,582,238,"24,04","90 068,81","89,53",282,0,1572,Total mar,820,186,258,0,0,582,238,"24,04","90 068,81","89,53",282,0,1572,Total,47595,4649,16941,0,64,41053,6542,"53,02","6 309 992,65","120,78",17076,134,87094
Data,Ocup,Opção,Cheg,Oferta/Uso Interno,Deduz. Individ.,Deduz. Grupos,% Ocup.,Receita Quartos,Preço Médio,Saídas,Quartos FdS,Adul. / Cri.,março,Previsão,09-mar-2026 seg,20,0,3,0,0,20,0,"14,81","1 818,28","90,91",12,0,41,820,186,258,0,0,582,238,"24,04","90 068,81","89,53",282,0,1572,Total mar,820,186,258,0,0,582,238,"24,04","90 068,81","89,53",282,0,1572,Total,47595,4649,16941,0,64,41053,6542,"53,02","6 309 992,65","120,78",17076,134,87094
Data,Ocup,Opção,Cheg,Oferta/Uso Interno,Deduz. Individ.,Deduz. Grupos,% Ocup.,Receita Quartos,Preço Médio,Saídas,Quartos FdS,Adul. / Cri.,março,Previsão,10-mar-2026 ter,12,0,2,0,0,11,1,"8,89","1 147,61","95,63",10,0,23,820,186,258,0,0,582,238,"24,04","90 068,81","89,53",282,0,1572,Total mar,820,186,258,0,0,582,238,"24,04","90 068,81","89,53",282,0,1572,Total,47595,4649,16941,0,64,41053,6542,"53,02","6 309 992,65","120,78",17076,134,87094
Data,Ocup,Opção,Cheg,Oferta/Uso Interno,Deduz. Individ.,Deduz. Grupos,% Ocup.,Receita Quartos,Preço Médio,Saídas,Quartos FdS,Adul. / Cri.,março,Previsão,11-mar-2026 qua,23,0,18,0,0,6,17,"17,04","2 705,42","117,63",7,0,45,820,186,258,0,0,582,238,"24,04","90 068,81","89,53",282,0,1572,Total mar,820,186,258,0,0,582,238,"24,04","90 068,81","89,53",282,0,1572,Total,47595,4649,16941,0,64,41053,6542,"53,02","6 309 992,65","120,78",17076,134,87094
Data,Ocup,Opção,Cheg,Oferta/Uso Interno,Deduz. Individ.,Deduz. Grupos,% Ocup.,Receita Quartos,Preço Médio,Saídas,Quartos FdS,Adul. / Cri.,março,Previsão,12-mar-2026 qui,27,0,6,0,0,10,17,"20,00","3 080,41","114,09",2,0,50,820,186,258,0,0,582,238,"24,04","90 068,81","89,53",282,0,1572,Total mar,820,186,258,0,0,582,238,"24,04","90 068,81","89,53",282,0,1572,Total,47595,4649,16941,0,64,41053,6542,"53,02","6 309 992,65","120,78",17076,134,87094
Data,Ocup,Opção,Cheg,Oferta/Uso Interno,Deduz. Individ.,Deduz. Grupos,% Ocup.,Receita Quartos,Preço Médio,Saídas,Quartos FdS,Adul. / Cri.,março,Previsão,13-mar-2026 sex,32,0,6,0,0,15,17,"23,70","4 027,65","125,86",1,0,60,820,186,258,0,0,582,238,"24,04","90 068,81","89,53",282,0,1572,Total mar,820,186,258,0,0,582,238,"24,04","90 068,81","89,53",282,0,1572,Total,47595,4649,16941,0,64,41053,6542,"53,02","6 309 992,65","120,78",17076,134,87094
Data,Ocup,Opção,Cheg,Oferta/Uso Interno,Deduz. Individ.,Deduz. Grupos,% Ocup.,Receita Quartos,Preço Médio,Saídas,Quartos FdS,Adul. / Cri.,março,Previsão,14-mar-2026 sáb,23,4,10,0,0,23,0,"20,00","2 762,45","102,31",19,0,45,820,186,258,0,0,582,238,"24,04","90 068,81","89,53",282,0,1572,Total mar,820,186,258,0,0,582,238,"24,04","90 068,81","89,53",282,0,1572,Total,47595,4649,16941,0,64,41053,6542,"53,02","6 309 992,65","120,78",17076,134,87094
Data,Ocup,Opção,Cheg,Oferta/Uso Interno,Deduz. Individ.,Deduz. Grupos,% Ocup.,Receita Quartos,Preço Médio,Saídas,Quartos FdS,Adul. / Cri.,março,Previsão,15-mar-2026 dom,20,13,2,0,0,20,0,"24,44","2 060,80","62,45",5,0,37,820,186,258,0,0,582,238,"24,04","90 068,81","89,53",282,0,1572,Total mar,820,186,258,0,0,582,238,"24,04","90 068,81","89,53",282,0,1572,Total,47595,4649,16941,0,64,41053,6542,"53,02","6 309 992,65","120,78",17076,134,87094
Data,Ocup,Opção,Cheg,Oferta/Uso Interno,Deduz. Individ.,Deduz. Grupos,% Ocup.,Receita Quartos,Preço Médio,Saídas,Quartos FdS,Adul. / Cri.,março,Previsão,16-mar-2026 seg,33,13,24,0,0,14,19,"34,07","4 946,41","107,53",11,0,59,820,186,258,0,0,582,238,"24,04","90 068,81","89,53",282,0,1572,Total mar,820,186,258,0,0,582,238,"24,04","90 068,81","89,53",282,0,1572,Total,47595,4649,16941,0,64,41053,6542,"53,02","6 309 992,65","120,78",17076,134,87094
Data,Ocup,Opção,Cheg,Oferta/Uso Interno,Deduz. Individ.,Deduz. Grupos,% Ocup.,Receita Quartos,Preço Médio,Saídas,Quartos FdS,Adul. / Cri.,março,Previsão,17-mar-2026 ter,35,0,6,0,0,15,20,"25,93","5 224,60","149,27",4,0,62,820,186,258,0,0,582,238,"24,04","90 068,81","89,53",282,0,1572,Total mar,820,186,258,0,0,582,238,"24,04","90 068,81","89,53",282,0,1572,Total,47595,4649,16941,0,64,41053,6542,"53,02","6 309 992,65","120,78",17076,134,87094
Data,Ocup,Opção,Cheg,Oferta/Uso Interno,Deduz. Individ.,Deduz. Grupos,% Ocup.,Receita Quartos,Preço Médio,Saídas,Quartos FdS,Adul. / Cri.,março,Previsão,18-mar-2026 qua,44,0,20,0,0,8,36,"32,59","6 062,53","137,78",11,0,80,820,186,258,0,0,582,238,"24,04","90 068,81","89,53",282,0,1572,Total mar,820,186,258,0,0,582,238,"24,04","90 068,81","89,53",282,0,1572,Total,47595,4649,16941,0,64,41053,6542,"53,02","6 309 992,65","120,78",17076,134,87094
Data,Ocup,Opção,Cheg,Oferta/Uso Interno,Deduz. Individ.,Deduz. Grupos,% Ocup.,Receita Quartos,Preço Médio,Saídas,Quartos FdS,Adul. / Cri.,março,Previsão,19-mar-2026 qui,48,0,6,0,0,12,36,"35,56","6 736,86","140,35",2,0,91,820,186,258,0,0,582,238,"24,04","90 068,81","89,53",282,0,1572,Total mar,820,186,258,0,0,582,238,"24,04","90 068,81","89,53",282,0,1572,Total,47595,4649,16941,0,64,41053,6542,"53,02","6 309 992,65","120,78",17076,134,87094
Data,Ocup,Opção,Cheg,Oferta/Uso Interno,Deduz. Individ.,Deduz. Grupos,% Ocup.,Receita Quartos,Preço Médio,Saídas,Quartos FdS,Adul. / Cri.,março,Previsão,20-mar-2026 sex,41,0,12,0,0,24,17,"30,37","4 899,10","119,49",19,0,84,820,186,258,0,0,582,238,"24,04","90 068,81","89,53",282,0,1572,Total mar,820,186,258,0,0,582,238,"24,04","90 068,81","89,53",282,0,1572,Total,47595,4649,16941,0,64,41053,6542,"53,02","6 309 992,65","120,78",17076,134,87094
Data,Ocup,Opção,Cheg,Oferta/Uso Interno,Deduz. Individ.,Deduz. Grupos,% Ocup.,Receita Quartos,Preço Médio,Saídas,Quartos FdS,Adul. / Cri.,março,Previsão,21-mar-2026 sáb,25,4,8,0,0,25,0,"21,48","2 346,49","80,91",24,0,51,820,186,258,0,0,582,238,"24,04","90 068,81","89,53",282,0,1572,Total mar,820,186,258,0,0,582,238,"24,04","90 068,81","89,53",282,0,1572,Total,47595,4649,16941,0,64,41053,6542,"53,02","6 309 992,65","120,78",17076,134,87094
Data,Ocup,Opção,Cheg,Oferta/Uso Interno,Deduz. Individ.,Deduz. Grupos,% Ocup.,Receita Quartos,Preço Médio,Saídas,Quartos FdS,Adul. / Cri.,março,Previsão,22-mar-2026 dom,20,13,5,0,0,20,0,"24,44","1 608,31","48,74",10,0,39,820,186,258,0,0,582,238,"24,04","90 068,81","89,53",282,0,1572,Total mar,820,186,258,0,0,582,238,"24,04","90 068,81","89,53",282,0,1572,Total,47595,4649,16941,0,64,41053,6542,"53,02","6 309 992,65","120,78",17076,134,87094
Data,Ocup,Opção,Cheg,Oferta/Uso Interno,Deduz. Individ.,Deduz. Grupos,% Ocup.,Receita Quartos,Preço Médio,Saídas,Quartos FdS,Adul. / Cri.,março,Previsão,23-mar-2026 seg,21,13,5,0,0,21,0,"25,19","1 663,68","48,93",4,0,41,820,186,258,0,0,582,238,"24,04","90 068,81","89,53",282,0,1572,Total mar,820,186,258,0,0,582,238,"24,04","90 068,81","89,53",282,0,1572,Total,47595,4649,16941,0,64,41053,6542,"53,02","6 309 992,65","120,78",17076,134,87094
Data,Ocup,Opção,Cheg,Oferta/Uso Interno,Deduz. Individ.,Deduz. Grupos,% Ocup.,Receita Quartos,Preço Médio,Saídas,Quartos FdS,Adul. / Cri.,março,Previsão,24-mar-2026 ter,20,0,8,0,0,19,1,"14,81","2 140,93","107,05",9,0,37,820,186,258,0,0,582,238,"24,04","90 068,81","89,53",282,0,1572,Total mar,820,186,258,0,0,582,238,"24,04","90 068,81","89,53",282,0,1572,Total,47595,4649,16941,0,64,41053,6542,"53,02","6 309 992,65","120,78",17076,134,87094
Data,Ocup,Opção,Cheg,Oferta/Uso Interno,Deduz. Individ.,Deduz. Grupos,% Ocup.,Receita Quartos,Preço Médio,Saídas,Quartos FdS,Adul. / Cri.,março,Previsão,25-mar-2026 qua,22,0,18,0,0,5,17,"16,30","2 708,22","123,10",16,0,44,820,186,258,0,0,582,238,"24,04","90 068,81","89,53",282,0,1572,Total mar,820,186,258,0,0,582,238,"24,04","90 068,81","89,53",282,0,1572,Total,47595,4649,16941,0,64,41053,6542,"53,02","6 309 992,65","120,78",17076,134,87094
Data,Ocup,Opção,Cheg,Oferta/Uso Interno,Deduz. Individ.,Deduz. Grupos,% Ocup.,Receita Quartos,Preço Médio,Saídas,Quartos FdS,Adul. / Cri.,março,Previsão,26-mar-2026 qui,23,0,1,0,0,6,17,"17,04","2 818,06","122,52",0,0,46,820,186,258,0,0,582,238,"24,04","90 068,81","89,53",282,0,1572,Total mar,820,186,258,0,0,582,238,"24,04","90 068,81","89,53",282,0,1572,Total,47595,4649,16941,0,64,41053,6542,"53,02","6 309 992,65","120,78",17076,134,87094
Data,Ocup,Opção,Cheg,Oferta/Uso Interno,Deduz. Individ.,Deduz. Grupos,% Ocup.,Receita Quartos,Preço Médio,Saídas,Quartos FdS,Adul. / Cri.,março,Previsão,27-mar-2026 sex,27,25,7,0,0,10,17,"38,52","3 315,69","63,76",3,0,53,820,186,258,0,0,582,238,"24,04","90 068,81","89,53",282,0,1572,Total mar,820,186,258,0,0,582,238,"24,04","90 068,81","89,53",282,0,1572,Total,47595,4649,16941,0,64,41053,6542,"53,02","6 309 992,65","120,78",17076,134,87094
Data,Ocup,Opção,Cheg,Oferta/Uso Interno,Deduz. Individ.,Deduz. Grupos,% Ocup.,Receita Quartos,Preço Médio,Saídas,Quartos FdS,Adul. / Cri.,março,Previsão,28-mar-2026 sáb,21,25,13,0,0,21,0,"34,07","2 051,20","44,59",19,0,39,820,186,258,0,0,582,238,"24,04","90 068,81","89,53",282,0,1572,Total mar,820,186,258,0,0,582,238,"24,04","90 068,81","89,53",282,0,1572,Total,47595,4649,16941,0,64,41053,6542,"53,02","6 309 992,65","120,78",17076,134,87094
Data,Ocup,Opção,Cheg,Oferta/Uso Interno,Deduz. Individ.,Deduz. Grupos,% Ocup.,Receita Quartos,Preço Médio,Saídas,Quartos FdS,Adul. / Cri.,março,Previsão,29-mar-2026 dom,23,25,5,0,0,23,0,"35,56","2 131,16","44,40",3,0,44,820,186,258,0,0,582,238,"24,04","90 068,81","89,53",282,0,1572,Total mar,820,186,258,0,0,582,238,"24,04","90 068,81","89,53",282,0,1572,Total,47595,4649,16941,0,64,41053,6542,"53,02","6 309 992,65","120,78",17076,134,87094
Data,Ocup,Opção,Cheg,Oferta/Uso Interno,Deduz. Individ.,Deduz. Grupos,% Ocup.,Receita Quartos,Preço Médio,Saídas,Quartos FdS,Adul. / Cri.,março,Previsão,30-mar-2026 seg,25,25,7,0,0,25,0,"37,04","2 193,56","43,87",5,0,50,820,186,258,0,0,582,238,"24,04","90 068,81","89,53",282,0,1572,Total mar,820,186,258,0,0,582,238,"24,04","90 068,81","89,53",282,0,1572,Total,47595,4649,16941,0,64,41053,6542,"53,02","6 309 992,65","120,78",17076,134,87094
Data,Ocup,Opção,Cheg,Oferta/Uso Interno,Deduz. Individ.,Deduz. Grupos,% Ocup.,Receita Quartos,Preço Médio,Saídas,Quartos FdS,Adul. / Cri.,março,Previsão,31-mar-2026 ter,16,0,2,0,0,16,0,"11,85","1 427,07","89,19",11,0,34,820,186,258,0,0,582,238,"24,04","90 068,81","89,53",282,0,1572,Total mar,820,186,258,0,0,582,238,"24,04","90 068,81","89,53",282,0,1572,Total,47595,4649,16941,0,64,41053,6542,"53,02","6 309 992,65","120,78",17076,134,87094
Data,Ocup,Opção,Cheg,Oferta/Uso Interno,Deduz. Individ.,Deduz. Grupos,% Ocup.,Receita Quartos,Preço Médio,Saídas,Quartos FdS,Adul. / Cri.,abril,Previsão,01-abr-2026 qua,22,13,11,0,0,13,9,"25,93","2 944,18","84,12",5,0,46,627,690,215,0,0,371,256,"32,52","89 140,37","67,68",204,0,1241,Total abr,627,690,215,0,0,371,256,"32,52","89 140,37","67,68",204,0,1241,Total,47595,4649,16941,0,64,41053,6542,"53,02","6 309 992,65","120,78",17076,134,87094
Data,Ocup,Opção,Cheg,Oferta/Uso Interno,Deduz. Individ.,Deduz. Grupos,% Ocup.,Receita Quartos,Preço Médio,Saídas,Quartos FdS,Adul. / Cri.,abril,Previsão,02-abr-2026 qui,18,13,1,0,0,9,9,"22,96","2 493,19","80,43",5,0,37,627,690,215,0,0,371,256,"32,52","89 140,37","67,68",204,0,1241,Total abr,627,690,215,0,0,371,256,"32,52","89 140,37","67,68",204,0,1241,Total,47595,4649,16941,0,64,41053,6542,"53,02","6 309 992,65","120,78",17076,134,87094
Data,Ocup,Opção,Cheg,Oferta/Uso Interno,Deduz. Individ.,Deduz. Grupos,% Ocup.,Receita Quartos,Preço Médio,Saídas,Quartos FdS,Adul. / Cri.,abril,Previsão,03-abr-2026 sex,13,13,1,0,0,4,9,"19,26","1 830,55","70,41",6,0,25,627,690,215,0,0,371,256,"32,52","89 140,37","67,68",204,0,1241,Total abr,627,690,215,0,0,371,256,"32,52","89 140,37","67,68",204,0,1241,Total,47595,4649,16941,0,64,41053,6542,"53,02","6 309 992,65","120,78",17076,134,87094
Data,Ocup,Opção,Cheg,Oferta/Uso Interno,Deduz. Individ.,Deduz. Grupos,% Ocup.,Receita Quartos,Preço Médio,Saídas,Quartos FdS,Adul. / Cri.,abril,Previsão,04-abr-2026 sáb,6,0,3,0,0,6,0,"4,44","948,41","158,07",10,0,13,627,690,215,0,0,371,256,"32,52","89 140,37","67,68",204,0,1241,Total abr,627,690,215,0,0,371,256,"32,52","89 140,37","67,68",204,0,1241,Total,47595,4649,16941,0,64,41053,6542,"53,02","6 309 992,65","120,78",17076,134,87094
Data,Ocup,Opção,Cheg,Oferta/Uso Interno,Deduz. Individ.,Deduz. Grupos,% Ocup.,Receita Quartos,Preço Médio,Saídas,Quartos FdS,Adul. / Cri.,abril,Previsão,05-abr-2026 dom,8,22,2,0,0,8,0,"22,22","1 050,70","35,02",0,0,17,627,690,215,0,0,371,256,"32,52","89 140,37","67,68",204,0,1241,Total abr,627,690,215,0,0,371,256,"32,52","89 140,37","67,68",204,0,1241,Total,47595,4649,16941,0,64,41053,6542,"53,02","6 309 992,65","120,78",17076,134,87094
Data,Ocup,Opção,Cheg,Oferta/Uso Interno,Deduz. Individ.,Deduz. Grupos,% Ocup.,Receita Quartos,Preço Médio,Saídas,Quartos FdS,Adul. / Cri.,abril,Previsão,06-abr-2026 seg,10,22,3,0,0,10,0,"23,70","1 186,93","37,09",1,0,19,627,690,215,0,0,371,256,"32,52","89 140,37","67,68",204,0,1241,Total abr,627,690,215,0,0,371,256,"32,52","89 140,37","67,68",204,0,1241,Total,47595,4649,16941,0,64,41053,6542,"53,02","6 309 992,65","120,78",17076,134,87094
Data,Ocup,Opção,Cheg,Oferta/Uso Interno,Deduz. Individ.,Deduz. Grupos,% Ocup.,Receita Quartos,Preço Médio,Saídas,Quartos FdS,Adul. / Cri.,abril,Previsão,07-abr-2026 ter,11,34,4,0,0,10,1,"33,33","1 310,85","29,13",3,0,23,627,690,215,0,0,371,256,"32,52","89 140,37","67,68",204,0,1241,Total abr,627,690,215,0,0,371,256,"32,52","89 140,37","67,68",204,0,1241,Total,47595,4649,16941,0,64,41053,6542,"53,02","6 309 992,65","120,78",17076,134,87094
Data,Ocup,Opção,Cheg,Oferta/Uso Interno,Deduz. Individ.,Deduz. Grupos,% Ocup.,Receita Quartos,Preço Médio,Saídas,Quartos FdS,Adul. / Cri.,abril,Previsão,08-abr-2026 qua,19,12,17,0,0,2,17,"22,96","2 781,69","89,73",9,0,37,627,690,215,0,0,371,256,"32,52","89 140,37","67,68",204,0,1241,Total abr,627,690,215,0,0,371,256,"32,52","89 140,37","67,68",204,0,1241,Total,47595,4649,16941,0,64,41053,6542,"53,02","6 309 992,65","120,78",17076,134,87094
Data,Ocup,Opção,Cheg,Oferta/Uso Interno,Deduz. Individ.,Deduz. Grupos,% Ocup.,Receita Quartos,Preço Médio,Saídas,Quartos FdS,Adul. / Cri.,abril,Previsão,09-abr-2026 qui,20,12,1,0,0,3,17,"23,70","2 868,46","89,64",0,0,39,627,690,215,0,0,371,256,"32,52","89 140,37","67,68",204,0,1241,Total abr,627,690,215,0,0,371,256,"32,52","89 140,37","67,68",204,0,1241,Total,47595,4649,16941,0,64,41053,6542,"53,02","6 309 992,65","120,78",17076,134,87094
Data,Ocup,Opção,Cheg,Oferta/Uso Interno,Deduz. Individ.,Deduz. Grupos,% Ocup.,Receita Quartos,Preço Médio,Saídas,Quartos FdS,Adul. / Cri.,abril,Previsão,10-abr-2026 sex,29,22,9,0,0,12,17,"37,78","4 401,52","86,30",0,0,57,627,690,215,0,0,371,256,"32,52","89 140,37","67,68",204,0,1241,Total abr,627,690,215,0,0,371,256,"32,52","89 140,37","67,68",204,0,1241,Total,47595,4649,16941,0,64,41053,6542,"53,02","6 309 992,65","120,78",17076,134,87094
Data,Ocup,Opção,Cheg,Oferta/Uso Interno,Deduz. Individ.,Deduz. Grupos,% Ocup.,Receita Quartos,Preço Médio,Saídas,Quartos FdS,Adul. / Cri.,abril,Previsão,11-abr-2026 sáb,22,24,12,0,0,20,2,"34,07","2 957,96","64,30",19,0,43,627,690,215,0,0,371,256,"32,52","89 140,37","67,68",204,0,1241,Total abr,627,690,215,0,0,371,256,"32,52","89 140,37","67,68",204,0,1241,Total,47595,4649,16941,0,64,41053,6542,"53,02","6 309 992,65","120,78",17076,134,87094
Data,Ocup,Opção,Cheg,Oferta/Uso Interno,Deduz. Individ.,Deduz. Grupos,% Ocup.,Receita Quartos,Preço Médio,Saídas,Quartos FdS,Adul. / Cri.,abril,Previsão,12-abr-2026 dom,16,35,4,0,0,16,0,"37,78","2 051,54","40,23",10,0,31,627,690,215,0,0,371,256,"32,52","89 140,37","67,68",204,0,1241,Total abr,627,690,215,0,0,371,256,"32,52","89 140,37","67,68",204,0,1241,Total,47595,4649,16941,0,64,41053,6542,"53,02","6 309 992,65","120,78",17076,134,87094
Data,Ocup,Opção,Cheg,Oferta/Uso Interno,Deduz. Individ.,Deduz. Grupos,% Ocup.,Receita Quartos,Preço Médio,Saídas,Quartos FdS,Adul. / Cri.,abril,Previsão,13-abr-2026 seg,14,13,2,0,0,14,0,"20,00","1 842,46","68,24",4,0,27,627,690,215,0,0,371,256,"32,52","89 140,37","67,68",204,0,1241,Total abr,627,690,215,0,0,371,256,"32,52","89 140,37","67,68",204,0,1241,Total,47595,4649,16941,0,64,41053,6542,"53,02","6 309 992,65","120,78",17076,134,87094
Data,Ocup,Opção,Cheg,Oferta/Uso Interno,Deduz. Individ.,Deduz. Grupos,% Ocup.,Receita Quartos,Preço Médio,Saídas,Quartos FdS,Adul. / Cri.,abril,Previsão,14-abr-2026 ter,18,22,10,0,0,17,1,"29,63","2 252,32","56,31",6,0,33,627,690,215,0,0,371,256,"32,52","89 140,37","67,68",204,0,1241,Total abr,627,690,215,0,0,371,256,"32,52","89 140,37","67,68",204,0,1241,Total,47595,4649,16941,0,64,41053,6542,"53,02","6 309 992,65","120,78",17076,134,87094
Data,Ocup,Opção,Cheg,Oferta/Uso Interno,Deduz. Individ.,Deduz. Grupos,% Ocup.,Receita Quartos,Preço Médio,Saídas,Quartos FdS,Adul. / Cri.,abril,Previsão,15-abr-2026 qua,27,22,19,0,0,10,17,"36,30","3 898,13","79,55",10,0,53,627,690,215,0,0,371,256,"32,52","89 140,37","67,68",204,0,1241,Total abr,627,690,215,0,0,371,256,"32,52","89 140,37","67,68",204,0,1241,Total,47595,4649,16941,0,64,41053,6542,"53,02","6 309 992,65","120,78",17076,134,87094
Data,Ocup,Opção,Cheg,Oferta/Uso Interno,Deduz. Individ.,Deduz. Grupos,% Ocup.,Receita Quartos,Preço Médio,Saídas,Quartos FdS,Adul. / Cri.,abril,Previsão,16-abr-2026 qui,29,48,3,0,0,12,17,"57,04","4 109,48","53,37",1,0,57,627,690,215,0,0,371,256,"32,52","89 140,37","67,68",204,0,1241,Total abr,627,690,215,0,0,371,256,"32,52","89 140,37","67,68",204,0,1241,Total,47595,4649,16941,0,64,41053,6542,"53,02","6 309 992,65","120,78",17076,134,87094
Data,Ocup,Opção,Cheg,Oferta/Uso Interno,Deduz. Individ.,Deduz. Grupos,% Ocup.,Receita Quartos,Preço Médio,Saídas,Quartos FdS,Adul. / Cri.,abril,Previsão,17-abr-2026 sex,29,35,4,0,0,12,17,"47,41","4 023,57","62,87",4,0,57,627,690,215,0,0,371,256,"32,52","89 140,37","67,68",204,0,1241,Total abr,627,690,215,0,0,371,256,"32,52","89 140,37","67,68",204,0,1241,Total,47595,4649,16941,0,64,41053,6542,"53,02","6 309 992,65","120,78",17076,134,87094
Data,Ocup,Opção,Cheg,Oferta/Uso Interno,Deduz. Individ.,Deduz. Grupos,% Ocup.,Receita Quartos,Preço Médio,Saídas,Quartos FdS,Adul. / Cri.,abril,Previsão,18-abr-2026 sáb,22,35,11,0,0,22,0,"42,22","2 487,33","43,64",18,0,44,627,690,215,0,0,371,256,"32,52","89 140,37","67,68",204,0,1241,Total abr,627,690,215,0,0,371,256,"32,52","89 140,37","67,68",204,0,1241,Total,47595,4649,16941,0,64,41053,6542,"53,02","6 309 992,65","120,78",17076,134,87094
Data,Ocup,Opção,Cheg,Oferta/Uso Interno,Deduz. Individ.,Deduz. Grupos,% Ocup.,Receita Quartos,Preço Médio,Saídas,Quartos FdS,Adul. / Cri.,abril,Previsão,19-abr-2026 dom,19,22,7,0,0,19,0,"30,37","2 102,21","51,27",10,0,38,627,690,215,0,0,371,256,"32,52","89 140,37","67,68",204,0,1241,Total abr,627,690,215,0,0,371,256,"32,52","89 140,37","67,68",204,0,1241,Total,47595,4649,16941,0,64,41053,6542,"53,02","6 309 992,65","120,78",17076,134,87094
Data,Ocup,Opção,Cheg,Oferta/Uso Interno,Deduz. Individ.,Deduz. Grupos,% Ocup.,Receita Quartos,Preço Médio,Saídas,Quartos FdS,Adul. / Cri.,abril,Previsão,20-abr-2026 seg,21,22,5,0,0,21,0,"31,85","2 439,75","56,74",3,0,44,627,690,215,0,0,371,256,"32,52","89 140,37","67,68",204,0,1241,Total abr,627,690,215,0,0,371,256,"32,52","89 140,37","67,68",204,0,1241,Total,47595,4649,16941,0,64,41053,6542,"53,02","6 309 992,65","120,78",17076,134,87094
Data,Ocup,Opção,Cheg,Oferta/Uso Interno,Deduz. Individ.,Deduz. Grupos,% Ocup.,Receita Quartos,Preço Médio,Saídas,Quartos FdS,Adul. / Cri.,abril,Previsão,21-abr-2026 ter,17,22,5,0,0,16,1,"28,89","2 201,04","56,44",9,0,34,627,690,215,0,0,371,256,"32,52","89 140,37","67,68",204,0,1241,Total abr,627,690,215,0,0,371,256,"32,52","89 140,37","67,68",204,0,1241,Total,47595,4649,16941,0,64,41053,6542,"53,02","6 309 992,65","120,78",17076,134,87094
Data,Ocup,Opção,Cheg,Oferta/Uso Interno,Deduz. Individ.,Deduz. Grupos,% Ocup.,Receita Quartos,Preço Médio,Saídas,Quartos FdS,Adul. / Cri.,abril,Previsão,22-abr-2026 qua,40,22,31,0,0,11,29,"45,93","6 964,44","112,33",8,0,78,627,690,215,0,0,371,256,"32,52","89 140,37","67,68",204,0,1241,Total abr,627,690,215,0,0,371,256,"32,52","89 140,37","67,68",204,0,1241,Total,47595,4649,16941,0,64,41053,6542,"53,02","6 309 992,65","120,78",17076,134,87094
Data,Ocup,Opção,Cheg,Oferta/Uso Interno,Deduz. Individ.,Deduz. Grupos,% Ocup.,Receita Quartos,Preço Médio,Saídas,Quartos FdS,Adul. / Cri.,abril,Previsão,23-abr-2026 qui,40,17,4,0,0,11,29,"42,22","7 066,21","123,97",4,0,78,627,690,215,0,0,371,256,"32,52","89 140,37","67,68",204,0,1241,Total abr,627,690,215,0,0,371,256,"32,52","89 140,37","67,68",204,0,1241,Total,47595,4649,16941,0,64,41053,6542,"53,02","6 309 992,65","120,78",17076,134,87094
Data,Ocup,Opção,Cheg,Oferta/Uso Interno,Deduz. Individ.,Deduz. Grupos,% Ocup.,Receita Quartos,Preço Médio,Saídas,Quartos FdS,Adul. / Cri.,abril,Previsão,24-abr-2026 sex,40,17,3,0,0,11,29,"42,22","7 153,43","125,50",3,0,78,627,690,215,0,0,371,256,"32,52","89 140,37","67,68",204,0,1241,Total abr,627,690,215,0,0,371,256,"32,52","89 140,37","67,68",204,0,1241,Total,47595,4649,16941,0,64,41053,6542,"53,02","6 309 992,65","120,78",17076,134,87094
Data,Ocup,Opção,Cheg,Oferta/Uso Interno,Deduz. Individ.,Deduz. Grupos,% Ocup.,Receita Quartos,Preço Médio,Saídas,Quartos FdS,Adul. / Cri.,abril,Previsão,25-abr-2026 sáb,13,37,5,0,0,13,0,"37,04","1 710,77","34,22",32,0,26,627,690,215,0,0,371,256,"32,52","89 140,37","67,68",204,0,1241,Total abr,627,690,215,0,0,371,256,"32,52","89 140,37","67,68",204,0,1241,Total,47595,4649,16941,0,64,41053,6542,"53,02","6 309 992,65","120,78",17076,134,87094
Data,Ocup,Opção,Cheg,Oferta/Uso Interno,Deduz. Individ.,Deduz. Grupos,% Ocup.,Receita Quartos,Preço Médio,Saídas,Quartos FdS,Adul. / Cri.,abril,Previsão,26-abr-2026 dom,10,42,3,0,0,10,0,"38,52","1 257,86","24,19",6,0,21,627,690,215,0,0,371,256,"32,52","89 140,37","67,68",204,0,1241,Total abr,627,690,215,0,0,371,256,"32,52","89 140,37","67,68",204,0,1241,Total,47595,4649,16941,0,64,41053,6542,"53,02","6 309 992,65","120,78",17076,134,87094
Data,Ocup,Opção,Cheg,Oferta/Uso Interno,Deduz. Individ.,Deduz. Grupos,% Ocup.,Receita Quartos,Preço Médio,Saídas,Quartos FdS,Adul. / Cri.,abril,Previsão,27-abr-2026 seg,16,22,7,0,0,16,0,"28,15","1 900,90","50,02",1,0,32,627,690,215,0,0,371,256,"32,52","89 140,37","67,68",204,0,1241,Total abr,627,690,215,0,0,371,256,"32,52","89 140,37","67,68",204,0,1241,Total,47595,4649,16941,0,64,41053,6542,"53,02","6 309 992,65","120,78",17076,134,87094
Data,Ocup,Opção,Cheg,Oferta/Uso Interno,Deduz. Individ.,Deduz. Grupos,% Ocup.,Receita Quartos,Preço Médio,Saídas,Quartos FdS,Adul. / Cri.,abril,Previsão,28-abr-2026 ter,20,22,7,0,0,19,1,"31,11","2 426,79","57,78",3,0,39,627,690,215,0,0,371,256,"32,52","89 140,37","67,68",204,0,1241,Total abr,627,690,215,0,0,371,256,"32,52","89 140,37","67,68",204,0,1241,Total,47595,4649,16941,0,64,41053,6542,"53,02","6 309 992,65","120,78",17076,134,87094
Data,Ocup,Opção,Cheg,Oferta/Uso Interno,Deduz. Individ.,Deduz. Grupos,% Ocup.,Receita Quartos,Preço Médio,Saídas,Quartos FdS,Adul. / Cri.,abril,Previsão,29-abr-2026 qua,31,22,19,0,0,14,17,"39,26","4 502,67","84,96",8,0,62,627,690,215,0,0,371,256,"32,52","89 140,37","67,68",204,0,1241,Total abr,627,690,215,0,0,371,256,"32,52","89 140,37","67,68",204,0,1241,Total,47595,4649,16941,0,64,41053,6542,"53,02","6 309 992,65","120,78",17076,134,87094
Data,Ocup,Opção,Cheg,Oferta/Uso Interno,Deduz. Individ.,Deduz. Grupos,% Ocup.,Receita Quartos,Preço Médio,Saídas,Quartos FdS,Adul. / Cri.,abril,Previsão,30-abr-2026 qui,27,26,2,0,0,10,17,"39,26","3 975,03","75,00",6,0,53,627,690,215,0,0,371,256,"32,52","89 140,37","67,68",204,0,1241,Total abr,627,690,215,0,0,371,256,"32,52","89 140,37","67,68",204,0,1241,Total,47595,4649,16941,0,64,41053,6542,"53,02","6 309 992,65","120,78",17076,134,87094
Data,Ocup,Opção,Cheg,Oferta/Uso Interno,Deduz. Individ.,Deduz. Grupos,% Ocup.,Receita Quartos,Preço Médio,Saídas,Quartos FdS,Adul. / Cri.,maio,Previsão,01-mai-2026 sex,25,35,4,0,0,8,17,"44,44","3 895,00","64,92",6,0,48,481,754,167,0,0,250,231,"29,51","73 761,70","59,73",186,0,908,Total mai,481,754,167,0,0,250,231,"29,51","73 761,70","59,73",186,0,908,Total,47595,4649,16941,0,64,41053,6542,"53,02","6 309 992,65","120,78",17076,134,87094
Data,Ocup,Opção,Cheg,Oferta/Uso Interno,Deduz. Individ.,Deduz. Grupos,% Ocup.,Receita Quartos,Preço Médio,Saídas,Quartos FdS,Adul. / Cri.,maio,Previsão,02-mai-2026 sáb,9,13,3,0,0,9,0,"16,30","1 531,39","69,61",19,0,16,481,754,167,0,0,250,231,"29,51","73 761,70","59,73",186,0,908,Total mai,481,754,167,0,0,250,231,"29,51","73 761,70","59,73",186,0,908,Total,47595,4649,16941,0,64,41053,6542,"53,02","6 309 992,65","120,78",17076,134,87094
Data,Ocup,Opção,Cheg,Oferta/Uso Interno,Deduz. Individ.,Deduz. Grupos,% Ocup.,Receita Quartos,Preço Médio,Saídas,Quartos FdS,Adul. / Cri.,maio,Previsão,03-mai-2026 dom,8,47,3,0,0,8,0,"40,74","1 090,98","19,84",4,0,16,481,754,167,0,0,250,231,"29,51","73 761,70","59,73",186,0,908,Total mai,481,754,167,0,0,250,231,"29,51","73 761,70","59,73",186,0,908,Total,47595,4649,16941,0,64,41053,6542,"53,02","6 309 992,65","120,78",17076,134,87094
Data,Ocup,Opção,Cheg,Oferta/Uso Interno,Deduz. Individ.,Deduz. Grupos,% Ocup.,Receita Quartos,Preço Médio,Saídas,Quartos FdS,Adul. / Cri.,maio,Previsão,04-mai-2026 seg,11,47,5,0,0,11,0,"42,96","1 604,72","27,67",2,0,21,481,754,167,0,0,250,231,"29,51","73 761,70","59,73",186,0,908,Total mai,481,754,167,0,0,250,231,"29,51","73 761,70","59,73",186,0,908,Total,47595,4649,16941,0,64,41053,6542,"53,02","6 309 992,65","120,78",17076,134,87094
Data,Ocup,Opção,Cheg,Oferta/Uso Interno,Deduz. Individ.,Deduz. Grupos,% Ocup.,Receita Quartos,Preço Médio,Saídas,Quartos FdS,Adul. / Cri.,maio,Previsão,05-mai-2026 ter,13,47,5,0,0,11,2,"44,44","1 936,83","32,28",3,0,25,481,754,167,0,0,250,231,"29,51","73 761,70","59,73",186,0,908,Total mai,481,754,167,0,0,250,231,"29,51","73 761,70","59,73",186,0,908,Total,47595,4649,16941,0,64,41053,6542,"53,02","6 309 992,65","120,78",17076,134,87094
Data,Ocup,Opção,Cheg,Oferta/Uso Interno,Deduz. Individ.,Deduz. Grupos,% Ocup.,Receita Quartos,Preço Médio,Saídas,Quartos FdS,Adul. / Cri.,maio,Previsão,06-mai-2026 qua,27,0,20,0,0,8,19,"20,00","3 857,06","142,85",6,0,53,481,754,167,0,0,250,231,"29,51","73 761,70","59,73",186,0,908,Total mai,481,754,167,0,0,250,231,"29,51","73 761,70","59,73",186,0,908,Total,47595,4649,16941,0,64,41053,6542,"53,02","6 309 992,65","120,78",17076,134,87094
Data,Ocup,Opção,Cheg,Oferta/Uso Interno,Deduz. Individ.,Deduz. Grupos,% Ocup.,Receita Quartos,Preço Médio,Saídas,Quartos FdS,Adul. / Cri.,maio,Previsão,07-mai-2026 qui,24,2,2,0,0,5,19,"19,26","3 460,83","133,11",5,0,47,481,754,167,0,0,250,231,"29,51","73 761,70","59,73",186,0,908,Total mai,481,754,167,0,0,250,231,"29,51","73 761,70","59,73",186,0,908,Total,47595,4649,16941,0,64,41053,6542,"53,02","6 309 992,65","120,78",17076,134,87094
Data,Ocup,Opção,Cheg,Oferta/Uso Interno,Deduz. Individ.,Deduz. Grupos,% Ocup.,Receita Quartos,Preço Médio,Saídas,Quartos FdS,Adul. / Cri.,maio,Previsão,08-mai-2026 sex,22,13,2,0,0,5,17,"25,93","3 342,54","95,50",4,0,43,481,754,167,0,0,250,231,"29,51","73 761,70","59,73",186,0,908,Total mai,481,754,167,0,0,250,231,"29,51","73 761,70","59,73",186,0,908,Total,47595,4649,16941,0,64,41053,6542,"53,02","6 309 992,65","120,78",17076,134,87094
Data,Ocup,Opção,Cheg,Oferta/Uso Interno,Deduz. Individ.,Deduz. Grupos,% Ocup.,Receita Quartos,Preço Médio,Saídas,Quartos FdS,Adul. / Cri.,maio,Previsão,09-mai-2026 sáb,7,35,3,0,0,7,0,"31,11","1 147,31","27,32",18,0,13,481,754,167,0,0,250,231,"29,51","73 761,70","59,73",186,0,908,Total mai,481,754,167,0,0,250,231,"29,51","73 761,70","59,73",186,0,908,Total,47595,4649,16941,0,64,41053,6542,"53,02","6 309 992,65","120,78",17076,134,87094
Data,Ocup,Opção,Cheg,Oferta/Uso Interno,Deduz. Individ.,Deduz. Grupos,% Ocup.,Receita Quartos,Preço Médio,Saídas,Quartos FdS,Adul. / Cri.,maio,Previsão,10-mai-2026 dom,4,22,0,0,0,4,0,"19,26","569,92","21,92",3,0,8,481,754,167,0,0,250,231,"29,51","73 761,70","59,73",186,0,908,Total mai,481,754,167,0,0,250,231,"29,51","73 761,70","59,73",186,0,908,Total,47595,4649,16941,0,64,41053,6542,"53,02","6 309 992,65","120,78",17076,134,87094
Data,Ocup,Opção,Cheg,Oferta/Uso Interno,Deduz. Individ.,Deduz. Grupos,% Ocup.,Receita Quartos,Preço Médio,Saídas,Quartos FdS,Adul. / Cri.,maio,Previsão,11-mai-2026 seg,5,22,2,0,0,5,0,"20,00","794,62","29,43",1,0,10,481,754,167,0,0,250,231,"29,51","73 761,70","59,73",186,0,908,Total mai,481,754,167,0,0,250,231,"29,51","73 761,70","59,73",186,0,908,Total,47595,4649,16941,0,64,41053,6542,"53,02","6 309 992,65","120,78",17076,134,87094
Data,Ocup,Opção,Cheg,Oferta/Uso Interno,Deduz. Individ.,Deduz. Grupos,% Ocup.,Receita Quartos,Preço Médio,Saídas,Quartos FdS,Adul. / Cri.,maio,Previsão,12-mai-2026 ter,12,22,7,0,0,11,1,"25,19","1 912,58","56,25",0,0,23,481,754,167,0,0,250,231,"29,51","73 761,70","59,73",186,0,908,Total mai,481,754,167,0,0,250,231,"29,51","73 761,70","59,73",186,0,908,Total,47595,4649,16941,0,64,41053,6542,"53,02","6 309 992,65","120,78",17076,134,87094
Data,Ocup,Opção,Cheg,Oferta/Uso Interno,Deduz. Individ.,Deduz. Grupos,% Ocup.,Receita Quartos,Preço Médio,Saídas,Quartos FdS,Adul. / Cri.,maio,Previsão,13-mai-2026 qua,23,22,19,0,0,6,17,"33,33","3 437,87","76,40",8,0,44,481,754,167,0,0,250,231,"29,51","73 761,70","59,73",186,0,908,Total mai,481,754,167,0,0,250,231,"29,51","73 761,70","59,73",186,0,908,Total,47595,4649,16941,0,64,41053,6542,"53,02","6 309 992,65","120,78",17076,134,87094
Data,Ocup,Opção,Cheg,Oferta/Uso Interno,Deduz. Individ.,Deduz. Grupos,% Ocup.,Receita Quartos,Preço Médio,Saídas,Quartos FdS,Adul. / Cri.,maio,Previsão,14-mai-2026 qui,28,48,5,0,0,11,17,"56,30","4 101,24","53,96",0,0,54,481,754,167,0,0,250,231,"29,51","73 761,70","59,73",186,0,908,Total mai,481,754,167,0,0,250,231,"29,51","73 761,70","59,73",186,0,908,Total,47595,4649,16941,0,64,41053,6542,"53,02","6 309 992,65","120,78",17076,134,87094
Data,Ocup,Opção,Cheg,Oferta/Uso Interno,Deduz. Individ.,Deduz. Grupos,% Ocup.,Receita Quartos,Preço Médio,Saídas,Quartos FdS,Adul. / Cri.,maio,Previsão,15-mai-2026 sex,27,35,1,0,0,10,17,"45,93","4 093,66","66,03",2,0,53,481,754,167,0,0,250,231,"29,51","73 761,70","59,73",186,0,908,Total mai,481,754,167,0,0,250,231,"29,51","73 761,70","59,73",186,0,908,Total,47595,4649,16941,0,64,41053,6542,"53,02","6 309 992,65","120,78",17076,134,87094
Data,Ocup,Opção,Cheg,Oferta/Uso Interno,Deduz. Individ.,Deduz. Grupos,% Ocup.,Receita Quartos,Preço Médio,Saídas,Quartos FdS,Adul. / Cri.,maio,Previsão,16-mai-2026 sáb,9,38,1,0,0,8,1,"34,81","1 383,67","29,44",19,0,18,481,754,167,0,0,250,231,"29,51","73 761,70","59,73",186,0,908,Total mai,481,754,167,0,0,250,231,"29,51","73 761,70","59,73",186,0,908,Total,47595,4649,16941,0,64,41053,6542,"53,02","6 309 992,65","120,78",17076,134,87094
Data,Ocup,Opção,Cheg,Oferta/Uso Interno,Deduz. Individ.,Deduz. Grupos,% Ocup.,Receita Quartos,Preço Médio,Saídas,Quartos FdS,Adul. / Cri.,maio,Previsão,17-mai-2026 dom,7,23,6,0,0,7,0,"22,22","883,61","29,45",8,0,13,481,754,167,0,0,250,231,"29,51","73 761,70","59,73",186,0,908,Total mai,481,754,167,0,0,250,231,"29,51","73 761,70","59,73",186,0,908,Total,47595,4649,16941,0,64,41053,6542,"53,02","6 309 992,65","120,78",17076,134,87094
Data,Ocup,Opção,Cheg,Oferta/Uso Interno,Deduz. Individ.,Deduz. Grupos,% Ocup.,Receita Quartos,Preço Médio,Saídas,Quartos FdS,Adul. / Cri.,maio,Previsão,18-mai-2026 seg,12,23,6,0,0,12,0,"25,93","1 790,82","51,17",1,0,22,481,754,167,0,0,250,231,"29,51","73 761,70","59,73",186,0,908,Total mai,481,754,167,0,0,250,231,"29,51","73 761,70","59,73",186,0,908,Total,47595,4649,16941,0,64,41053,6542,"53,02","6 309 992,65","120,78",17076,134,87094
Data,Ocup,Opção,Cheg,Oferta/Uso Interno,Deduz. Individ.,Deduz. Grupos,% Ocup.,Receita Quartos,Preço Médio,Saídas,Quartos FdS,Adul. / Cri.,maio,Previsão,19-mai-2026 ter,15,10,5,0,0,14,1,"18,52","2 220,85","88,83",2,0,26,481,754,167,0,0,250,231,"29,51","73 761,70","59,73",186,0,908,Total mai,481,754,167,0,0,250,231,"29,51","73 761,70","59,73",186,0,908,Total,47595,4649,16941,0,64,41053,6542,"53,02","6 309 992,65","120,78",17076,134,87094
Data,Ocup,Opção,Cheg,Oferta/Uso Interno,Deduz. Individ.,Deduz. Grupos,% Ocup.,Receita Quartos,Preço Médio,Saídas,Quartos FdS,Adul. / Cri.,maio,Previsão,20-mai-2026 qua,24,10,19,0,0,7,17,"25,19","3 404,36","100,13",10,0,44,481,754,167,0,0,250,231,"29,51","73 761,70","59,73",186,0,908,Total mai,481,754,167,0,0,250,231,"29,51","73 761,70","59,73",186,0,908,Total,47595,4649,16941,0,64,41053,6542,"53,02","6 309 992,65","120,78",17076,134,87094
Data,Ocup,Opção,Cheg,Oferta/Uso Interno,Deduz. Individ.,Deduz. Grupos,% Ocup.,Receita Quartos,Preço Médio,Saídas,Quartos FdS,Adul. / Cri.,maio,Previsão,21-mai-2026 qui,28,14,5,0,0,11,17,"31,11","4 021,12","95,74",1,0,47,481,754,167,0,0,250,231,"29,51","73 761,70","59,73",186,0,908,Total mai,481,754,167,0,0,250,231,"29,51","73 761,70","59,73",186,0,908,Total,47595,4649,16941,0,64,41053,6542,"53,02","6 309 992,65","120,78",17076,134,87094
Data,Ocup,Opção,Cheg,Oferta/Uso Interno,Deduz. Individ.,Deduz. Grupos,% Ocup.,Receita Quartos,Preço Médio,Saídas,Quartos FdS,Adul. / Cri.,maio,Previsão,22-mai-2026 sex,27,23,3,0,0,10,17,"37,04","4 375,75","87,52",4,0,50,481,754,167,0,0,250,231,"29,51","73 761,70","59,73",186,0,908,Total mai,481,754,167,0,0,250,231,"29,51","73 761,70","59,73",186,0,908,Total,47595,4649,16941,0,64,41053,6542,"53,02","6 309 992,65","120,78",17076,134,87094
Data,Ocup,Opção,Cheg,Oferta/Uso Interno,Deduz. Individ.,Deduz. Grupos,% Ocup.,Receita Quartos,Preço Médio,Saídas,Quartos FdS,Adul. / Cri.,maio,Previsão,23-mai-2026 sáb,9,27,1,0,0,9,0,"26,67","1 788,25","49,67",19,0,15,481,754,167,0,0,250,231,"29,51","73 761,70","59,73",186,0,908,Total mai,481,754,167,0,0,250,231,"29,51","73 761,70","59,73",186,0,908,Total,47595,4649,16941,0,64,41053,6542,"53,02","6 309 992,65","120,78",17076,134,87094
Data,Ocup,Opção,Cheg,Oferta/Uso Interno,Deduz. Individ.,Deduz. Grupos,% Ocup.,Receita Quartos,Preço Médio,Saídas,Quartos FdS,Adul. / Cri.,maio,Previsão,24-mai-2026 dom,4,23,3,0,0,4,0,"20,00","720,59","26,69",8,0,7,481,754,167,0,0,250,231,"29,51","73 761,70","59,73",186,0,908,Total mai,481,754,167,0,0,250,231,"29,51","73 761,70","59,73",186,0,908,Total,47595,4649,16941,0,64,41053,6542,"53,02","6 309 992,65","120,78",17076,134,87094
Data,Ocup,Opção,Cheg,Oferta/Uso Interno,Deduz. Individ.,Deduz. Grupos,% Ocup.,Receita Quartos,Preço Médio,Saídas,Quartos FdS,Adul. / Cri.,maio,Previsão,25-mai-2026 seg,6,13,2,0,0,6,0,"14,07","1 223,50","64,39",0,0,11,481,754,167,0,0,250,231,"29,51","73 761,70","59,73",186,0,908,Total mai,481,754,167,0,0,250,231,"29,51","73 761,70","59,73",186,0,908,Total,47595,4649,16941,0,64,41053,6542,"53,02","6 309 992,65","120,78",17076,134,87094
Data,Ocup,Opção,Cheg,Oferta/Uso Interno,Deduz. Individ.,Deduz. Grupos,% Ocup.,Receita Quartos,Preço Médio,Saídas,Quartos FdS,Adul. / Cri.,maio,Previsão,26-mai-2026 ter,14,22,9,0,0,13,1,"26,67","2 496,39","69,34",1,0,25,481,754,167,0,0,250,231,"29,51","73 761,70","59,73",186,0,908,Total mai,481,754,167,0,0,250,231,"29,51","73 761,70","59,73",186,0,908,Total,47595,4649,16941,0,64,41053,6542,"53,02","6 309 992,65","120,78",17076,134,87094
Data,Ocup,Opção,Cheg,Oferta/Uso Interno,Deduz. Individ.,Deduz. Grupos,% Ocup.,Receita Quartos,Preço Médio,Saídas,Quartos FdS,Adul. / Cri.,maio,Previsão,27-mai-2026 qua,23,22,17,0,0,6,17,"33,33","3 501,08","77,80",8,0,44,481,754,167,0,0,250,231,"29,51","73 761,70","59,73",186,0,908,Total mai,481,754,167,0,0,250,231,"29,51","73 761,70","59,73",186,0,908,Total,47595,4649,16941,0,64,41053,6542,"53,02","6 309 992,65","120,78",17076,134,87094
Data,Ocup,Opção,Cheg,Oferta/Uso Interno,Deduz. Individ.,Deduz. Grupos,% Ocup.,Receita Quartos,Preço Médio,Saídas,Quartos FdS,Adul. / Cri.,maio,Previsão,28-mai-2026 qui,23,26,2,0,0,6,17,"36,30","3 563,63","72,73",2,0,44,481,754,167,0,0,250,231,"29,51","73 761,70","59,73",186,0,908,Total mai,481,754,167,0,0,250,231,"29,51","73 761,70","59,73",186,0,908,Total,47595,4649,16941,0,64,41053,6542,"53,02","6 309 992,65","120,78",17076,134,87094
Data,Ocup,Opção,Cheg,Oferta/Uso Interno,Deduz. Individ.,Deduz. Grupos,% Ocup.,Receita Quartos,Preço Médio,Saídas,Quartos FdS,Adul. / Cri.,maio,Previsão,29-mai-2026 sex,23,13,0,0,0,6,17,"26,67","3 665,74","101,83",0,0,44,481,754,167,0,0,250,231,"29,51","73 761,70","59,73",186,0,908,Total mai,481,754,167,0,0,250,231,"29,51","73 761,70","59,73",186,0,908,Total,47595,4649,16941,0,64,41053,6542,"53,02","6 309 992,65","120,78",17076,134,87094
Data,Ocup,Opção,Cheg,Oferta/Uso Interno,Deduz. Individ.,Deduz. Grupos,% Ocup.,Receita Quartos,Preço Médio,Saídas,Quartos FdS,Adul. / Cri.,maio,Previsão,30-mai-2026 sáb,4,35,2,0,0,4,0,"28,89","670,39","17,19",21,0,8,481,754,167,0,0,250,231,"29,51","73 761,70","59,73",186,0,908,Total mai,481,754,167,0,0,250,231,"29,51","73 761,70","59,73",186,0,908,Total,47595,4649,16941,0,64,41053,6542,"53,02","6 309 992,65","120,78",17076,134,87094
Data,Ocup,Opção,Cheg,Oferta/Uso Interno,Deduz. Individ.,Deduz. Grupos,% Ocup.,Receita Quartos,Preço Médio,Saídas,Quartos FdS,Adul. / Cri.,maio,Previsão,31-mai-2026 dom,8,22,5,0,0,8,0,"22,22","1 275,40","42,51",1,0,16,481,754,167,0,0,250,231,"29,51","73 761,70","59,73",186,0,908,Total mai,481,754,167,0,0,250,231,"29,51","73 761,70","59,73",186,0,908,Total,47595,4649,16941,0,64,41053,6542,"53,02","6 309 992,65","120,78",17076,134,87094
Data,Ocup,Opção,Cheg,Oferta/Uso Interno,Deduz. Individ.,Deduz. Grupos,% Ocup.,Receita Quartos,Preço Médio,Saídas,Quartos FdS,Adul. / Cri.,junho,Previsão,01-jun-2026 seg,8,22,2,0,0,8,0,"22,22","1 271,49","42,38",2,0,16,375,733,130,0,0,133,242,"27,36","57 247,28","51,67",135,0,720,Total jun,375,733,130,0,0,133,242,"27,36","57 247,28","51,67",135,0,720,Total,47595,4649,16941,0,64,41053,6542,"53,02","6 309 992,65","120,78",17076,134,87094
Data,Ocup,Opção,Cheg,Oferta/Uso Interno,Deduz. Individ.,Deduz. Grupos,% Ocup.,Receita Quartos,Preço Médio,Saídas,Quartos FdS,Adul. / Cri.,junho,Previsão,02-jun-2026 ter,10,0,4,0,0,9,1,"7,41","1 453,97","145,40",2,0,19,375,733,130,0,0,133,242,"27,36","57 247,28","51,67",135,0,720,Total jun,375,733,130,0,0,133,242,"27,36","57 247,28","51,67",135,0,720,Total,47595,4649,16941,0,64,41053,6542,"53,02","6 309 992,65","120,78",17076,134,87094
Data,Ocup,Opção,Cheg,Oferta/Uso Interno,Deduz. Individ.,Deduz. Grupos,% Ocup.,Receita Quartos,Preço Médio,Saídas,Quartos FdS,Adul. / Cri.,junho,Previsão,03-jun-2026 qua,27,0,21,0,0,10,17,"20,00","3 880,06","143,71",4,0,52,375,733,130,0,0,133,242,"27,36","57 247,28","51,67",135,0,720,Total jun,375,733,130,0,0,133,242,"27,36","57 247,28","51,67",135,0,720,Total,47595,4649,16941,0,64,41053,6542,"53,02","6 309 992,65","120,78",17076,134,87094
Data,Ocup,Opção,Cheg,Oferta/Uso Interno,Deduz. Individ.,Deduz. Grupos,% Ocup.,Receita Quartos,Preço Médio,Saídas,Quartos FdS,Adul. / Cri.,junho,Previsão,04-jun-2026 qui,24,26,1,0,0,7,17,"37,04","3 486,61","69,73",4,0,46,375,733,130,0,0,133,242,"27,36","57 247,28","51,67",135,0,720,Total jun,375,733,130,0,0,133,242,"27,36","57 247,28","51,67",135,0,720,Total,47595,4649,16941,0,64,41053,6542,"53,02","6 309 992,65","120,78",17076,134,87094
Data,Ocup,Opção,Cheg,Oferta/Uso Interno,Deduz. Individ.,Deduz. Grupos,% Ocup.,Receita Quartos,Preço Médio,Saídas,Quartos FdS,Adul. / Cri.,junho,Previsão,05-jun-2026 sex,25,35,2,0,0,8,17,"44,44","3 750,52","62,51",1,0,48,375,733,130,0,0,133,242,"27,36","57 247,28","51,67",135,0,720,Total jun,375,733,130,0,0,133,242,"27,36","57 247,28","51,67",135,0,720,Total,47595,4649,16941,0,64,41053,6542,"53,02","6 309 992,65","120,78",17076,134,87094
Data,Ocup,Opção,Cheg,Oferta/Uso Interno,Deduz. Individ.,Deduz. Grupos,% Ocup.,Receita Quartos,Preço Médio,Saídas,Quartos FdS,Adul. / Cri.,junho,Previsão,06-jun-2026 sáb,23,48,19,0,0,6,17,"52,59","4 678,02","65,89",21,0,43,375,733,130,0,0,133,242,"27,36","57 247,28","51,67",135,0,720,Total jun,375,733,130,0,0,133,242,"27,36","57 247,28","51,67",135,0,720,Total,47595,4649,16941,0,64,41053,6542,"53,02","6 309 992,65","120,78",17076,134,87094
Data,Ocup,Opção,Cheg,Oferta/Uso Interno,Deduz. Individ.,Deduz. Grupos,% Ocup.,Receita Quartos,Preço Médio,Saídas,Quartos FdS,Adul. / Cri.,junho,Previsão,07-jun-2026 dom,26,13,4,0,0,9,17,"28,89","5 279,99","135,38",1,0,51,375,733,130,0,0,133,242,"27,36","57 247,28","51,67",135,0,720,Total jun,375,733,130,0,0,133,242,"27,36","57 247,28","51,67",135,0,720,Total,47595,4649,16941,0,64,41053,6542,"53,02","6 309 992,65","120,78",17076,134,87094
Data,Ocup,Opção,Cheg,Oferta/Uso Interno,Deduz. Individ.,Deduz. Grupos,% Ocup.,Receita Quartos,Preço Médio,Saídas,Quartos FdS,Adul. / Cri.,junho,Previsão,08-jun-2026 seg,11,15,5,0,0,11,0,"19,26","1 645,24","63,28",20,0,22,375,733,130,0,0,133,242,"27,36","57 247,28","51,67",135,0,720,Total jun,375,733,130,0,0,133,242,"27,36","57 247,28","51,67",135,0,720,Total,47595,4649,16941,0,64,41053,6542,"53,02","6 309 992,65","120,78",17076,134,87094
Data,Ocup,Opção,Cheg,Oferta/Uso Interno,Deduz. Individ.,Deduz. Grupos,% Ocup.,Receita Quartos,Preço Médio,Saídas,Quartos FdS,Adul. / Cri.,junho,Previsão,09-jun-2026 ter,8,33,2,0,0,7,1,"30,37","1 135,97","27,71",5,0,13,375,733,130,0,0,133,242,"27,36","57 247,28","51,67",135,0,720,Total jun,375,733,130,0,0,133,242,"27,36","57 247,28","51,67",135,0,720,Total,47595,4649,16941,0,64,41053,6542,"53,02","6 309 992,65","120,78",17076,134,87094
Data,Ocup,Opção,Cheg,Oferta/Uso Interno,Deduz. Individ.,Deduz. Grupos,% Ocup.,Receita Quartos,Preço Médio,Saídas,Quartos FdS,Adul. / Cri.,junho,Previsão,10-jun-2026 qua,21,0,16,0,0,4,17,"15,56","3 076,10","146,48",3,0,41,375,733,130,0,0,133,242,"27,36","57 247,28","51,67",135,0,720,Total jun,375,733,130,0,0,133,242,"27,36","57 247,28","51,67",135,0,720,Total,47595,4649,16941,0,64,41053,6542,"53,02","6 309 992,65","120,78",17076,134,87094
Data,Ocup,Opção,Cheg,Oferta/Uso Interno,Deduz. Individ.,Deduz. Grupos,% Ocup.,Receita Quartos,Preço Médio,Saídas,Quartos FdS,Adul. / Cri.,junho,Previsão,11-jun-2026 qui,19,26,1,0,0,2,17,"33,33","2 798,78","62,20",3,0,37,375,733,130,0,0,133,242,"27,36","57 247,28","51,67",135,0,720,Total jun,375,733,130,0,0,133,242,"27,36","57 247,28","51,67",135,0,720,Total,47595,4649,16941,0,64,41053,6542,"53,02","6 309 992,65","120,78",17076,134,87094
Data,Ocup,Opção,Cheg,Oferta/Uso Interno,Deduz. Individ.,Deduz. Grupos,% Ocup.,Receita Quartos,Preço Médio,Saídas,Quartos FdS,Adul. / Cri.,junho,Previsão,12-jun-2026 sex,21,22,2,0,0,4,17,"31,85","3 216,39","74,80",0,0,41,375,733,130,0,0,133,242,"27,36","57 247,28","51,67",135,0,720,Total jun,375,733,130,0,0,133,242,"27,36","57 247,28","51,67",135,0,720,Total,47595,4649,16941,0,64,41053,6542,"53,02","6 309 992,65","120,78",17076,134,87094
Data,Ocup,Opção,Cheg,Oferta/Uso Interno,Deduz. Individ.,Deduz. Grupos,% Ocup.,Receita Quartos,Preço Médio,Saídas,Quartos FdS,Adul. / Cri.,junho,Previsão,13-jun-2026 sáb,4,22,1,0,0,4,0,"19,26","657,26","25,28",18,0,8,375,733,130,0,0,133,242,"27,36","57 247,28","51,67",135,0,720,Total jun,375,733,130,0,0,133,242,"27,36","57 247,28","51,67",135,0,720,Total,47595,4649,16941,0,64,41053,6542,"53,02","6 309 992,65","120,78",17076,134,87094
Data,Ocup,Opção,Cheg,Oferta/Uso Interno,Deduz. Individ.,Deduz. Grupos,% Ocup.,Receita Quartos,Preço Médio,Saídas,Quartos FdS,Adul. / Cri.,junho,Previsão,14-jun-2026 dom,3,22,1,0,0,3,0,"18,52","407,19","16,29",2,0,6,375,733,130,0,0,133,242,"27,36","57 247,28","51,67",135,0,720,Total jun,375,733,130,0,0,133,242,"27,36","57 247,28","51,67",135,0,720,Total,47595,4649,16941,0,64,41053,6542,"53,02","6 309 992,65","120,78",17076,134,87094
Data,Ocup,Opção,Cheg,Oferta/Uso Interno,Deduz. Individ.,Deduz. Grupos,% Ocup.,Receita Quartos,Preço Médio,Saídas,Quartos FdS,Adul. / Cri.,junho,Previsão,15-jun-2026 seg,4,22,1,0,0,4,0,"19,26","590,58","22,71",0,0,7,375,733,130,0,0,133,242,"27,36","57 247,28","51,67",135,0,720,Total jun,375,733,130,0,0,133,242,"27,36","57 247,28","51,67",135,0,720,Total,47595,4649,16941,0,64,41053,6542,"53,02","6 309 992,65","120,78",17076,134,87094
Data,Ocup,Opção,Cheg,Oferta/Uso Interno,Deduz. Individ.,Deduz. Grupos,% Ocup.,Receita Quartos,Preço Médio,Saídas,Quartos FdS,Adul. / Cri.,junho,Previsão,16-jun-2026 ter,6,57,3,0,0,5,1,"46,67","883,11","14,02",1,0,10,375,733,130,0,0,133,242,"27,36","57 247,28","51,67",135,0,720,Total jun,375,733,130,0,0,133,242,"27,36","57 247,28","51,67",135,0,720,Total,47595,4649,16941,0,64,41053,6542,"53,02","6 309 992,65","120,78",17076,134,87094
Data,Ocup,Opção,Cheg,Oferta/Uso Interno,Deduz. Individ.,Deduz. Grupos,% Ocup.,Receita Quartos,Preço Médio,Saídas,Quartos FdS,Adul. / Cri.,junho,Previsão,17-jun-2026 qua,21,0,16,0,0,4,17,"15,56","3 056,41","145,54",1,0,40,375,733,130,0,0,133,242,"27,36","57 247,28","51,67",135,0,720,Total jun,375,733,130,0,0,133,242,"27,36","57 247,28","51,67",135,0,720,Total,47595,4649,16941,0,64,41053,6542,"53,02","6 309 992,65","120,78",17076,134,87094
Data,Ocup,Opção,Cheg,Oferta/Uso Interno,Deduz. Individ.,Deduz. Grupos,% Ocup.,Receita Quartos,Preço Médio,Saídas,Quartos FdS,Adul. / Cri.,junho,Previsão,18-jun-2026 qui,20,4,0,0,0,3,17,"17,78","2 894,26","120,59",1,0,38,375,733,130,0,0,133,242,"27,36","57 247,28","51,67",135,0,720,Total jun,375,733,130,0,0,133,242,"27,36","57 247,28","51,67",135,0,720,Total,47595,4649,16941,0,64,41053,6542,"53,02","6 309 992,65","120,78",17076,134,87094
Data,Ocup,Opção,Cheg,Oferta/Uso Interno,Deduz. Individ.,Deduz. Grupos,% Ocup.,Receita Quartos,Preço Médio,Saídas,Quartos FdS,Adul. / Cri.,junho,Previsão,19-jun-2026 sex,21,17,1,0,0,4,17,"28,15","3 003,40","79,04",0,0,40,375,733,130,0,0,133,242,"27,36","57 247,28","51,67",135,0,720,Total jun,375,733,130,0,0,133,242,"27,36","57 247,28","51,67",135,0,720,Total,47595,4649,16941,0,64,41053,6542,"53,02","6 309 992,65","120,78",17076,134,87094
Data,Ocup,Opção,Cheg,Oferta/Uso Interno,Deduz. Individ.,Deduz. Grupos,% Ocup.,Receita Quartos,Preço Médio,Saídas,Quartos FdS,Adul. / Cri.,junho,Previsão,20-jun-2026 sáb,3,21,1,0,0,3,0,"17,78","308,33","12,85",19,0,6,375,733,130,0,0,133,242,"27,36","57 247,28","51,67",135,0,720,Total jun,375,733,130,0,0,133,242,"27,36","57 247,28","51,67",135,0,720,Total,47595,4649,16941,0,64,41053,6542,"53,02","6 309 992,65","120,78",17076,134,87094
Data,Ocup,Opção,Cheg,Oferta/Uso Interno,Deduz. Individ.,Deduz. Grupos,% Ocup.,Receita Quartos,Preço Médio,Saídas,Quartos FdS,Adul. / Cri.,junho,Previsão,21-jun-2026 dom,5,13,3,0,0,5,0,"13,33","487,62","27,09",1,0,10,375,733,130,0,0,133,242,"27,36","57 247,28","51,67",135,0,720,Total jun,375,733,130,0,0,133,242,"27,36","57 247,28","51,67",135,0,720,Total,47595,4649,16941,0,64,41053,6542,"53,02","6 309 992,65","120,78",17076,134,87094
Data,Ocup,Opção,Cheg,Oferta/Uso Interno,Deduz. Individ.,Deduz. Grupos,% Ocup.,Receita Quartos,Preço Médio,Saídas,Quartos FdS,Adul. / Cri.,junho,Previsão,22-jun-2026 seg,2,39,0,0,0,2,0,"30,37","174,16","4,25",3,0,4,375,733,130,0,0,133,242,"27,36","57 247,28","51,67",135,0,720,Total jun,375,733,130,0,0,133,242,"27,36","57 247,28","51,67",135,0,720,Total,47595,4649,16941,0,64,41053,6542,"53,02","6 309 992,65","120,78",17076,134,87094
Data,Ocup,Opção,Cheg,Oferta/Uso Interno,Deduz. Individ.,Deduz. Grupos,% Ocup.,Receita Quartos,Preço Médio,Saídas,Quartos FdS,Adul. / Cri.,junho,Previsão,23-jun-2026 ter,2,26,1,0,0,1,1,"20,74","234,12","8,36",1,0,3,375,733,130,0,0,133,242,"27,36","57 247,28","51,67",135,0,720,Total jun,375,733,130,0,0,133,242,"27,36","57 247,28","51,67",135,0,720,Total,47595,4649,16941,0,64,41053,6542,"53,02","6 309 992,65","120,78",17076,134,87094
Data,Ocup,Opção,Cheg,Oferta/Uso Interno,Deduz. Individ.,Deduz. Grupos,% Ocup.,Receita Quartos,Preço Médio,Saídas,Quartos FdS,Adul. / Cri.,junho,Previsão,24-jun-2026 qua,18,0,16,0,0,1,17,"13,33","2 609,67","144,98",0,0,35,375,733,130,0,0,133,242,"27,36","57 247,28","51,67",135,0,720,Total jun,375,733,130,0,0,133,242,"27,36","57 247,28","51,67",135,0,720,Total,47595,4649,16941,0,64,41053,6542,"53,02","6 309 992,65","120,78",17076,134,87094
Data,Ocup,Opção,Cheg,Oferta/Uso Interno,Deduz. Individ.,Deduz. Grupos,% Ocup.,Receita Quartos,Preço Médio,Saídas,Quartos FdS,Adul. / Cri.,junho,Previsão,25-jun-2026 qui,21,26,4,0,0,4,17,"34,81","3 061,89","65,15",1,0,41,375,733,130,0,0,133,242,"27,36","57 247,28","51,67",135,0,720,Total jun,375,733,130,0,0,133,242,"27,36","57 247,28","51,67",135,0,720,Total,47595,4649,16941,0,64,41053,6542,"53,02","6 309 992,65","120,78",17076,134,87094
Data,Ocup,Opção,Cheg,Oferta/Uso Interno,Deduz. Individ.,Deduz. Grupos,% Ocup.,Receita Quartos,Preço Médio,Saídas,Quartos FdS,Adul. / Cri.,junho,Previsão,26-jun-2026 sex,18,35,0,0,0,1,17,"39,26","2 635,02","49,72",3,0,35,375,733,130,0,0,133,242,"27,36","57 247,28","51,67",135,0,720,Total jun,375,733,130,0,0,133,242,"27,36","57 247,28","51,67",135,0,720,Total,47595,4649,16941,0,64,41053,6542,"53,02","6 309 992,65","120,78",17076,134,87094
Data,Ocup,Opção,Cheg,Oferta/Uso Interno,Deduz. Individ.,Deduz. Grupos,% Ocup.,Receita Quartos,Preço Médio,Saídas,Quartos FdS,Adul. / Cri.,junho,Previsão,27-jun-2026 sáb,1,39,0,0,0,1,0,"29,63","117,78","2,94",17,0,2,375,733,130,0,0,133,242,"27,36","57 247,28","51,67",135,0,720,Total jun,375,733,130,0,0,133,242,"27,36","57 247,28","51,67",135,0,720,Total,47595,4649,16941,0,64,41053,6542,"53,02","6 309 992,65","120,78",17076,134,87094
Data,Ocup,Opção,Cheg,Oferta/Uso Interno,Deduz. Individ.,Deduz. Grupos,% Ocup.,Receita Quartos,Preço Médio,Saídas,Quartos FdS,Adul. / Cri.,junho,Previsão,28-jun-2026 dom,0,39,0,0,0,0,0,"28,89",-,-,1,0,0,375,733,130,0,0,133,242,"27,36","57 247,28","51,67",135,0,720,Total jun,375,733,130,0,0,133,242,"27,36","57 247,28","51,67",135,0,720,Total,47595,4649,16941,0,64,41053,6542,"53,02","6 309 992,65","120,78",17076,134,87094
Data,Ocup,Opção,Cheg,Oferta/Uso Interno,Deduz. Individ.,Deduz. Grupos,% Ocup.,Receita Quartos,Preço Médio,Saídas,Quartos FdS,Adul. / Cri.,junho,Previsão,29-jun-2026 seg,0,39,0,0,0,0,0,"28,89",-,-,0,0,0,375,733,130,0,0,133,242,"27,36","57 247,28","51,67",135,0,720,Total jun,375,733,130,0,0,133,242,"27,36","57 247,28","51,67",135,0,720,Total,47595,4649,16941,0,64,41053,6542,"53,02","6 309 992,65","120,78",17076,134,87094
Data,Ocup,Opção,Cheg,Oferta/Uso Interno,Deduz. Individ.,Deduz. Grupos,% Ocup.,Receita Quartos,Preço Médio,Saídas,Quartos FdS,Adul. / Cri.,junho,Previsão,30-jun-2026 ter,3,72,3,0,0,3,0,"55,56","453,34","6,04",0,0,6,375,733,130,0,0,133,242,"27,36","57 247,28","51,67",135,0,720,Total jun,375,733,130,0,0,133,242,"27,36","57 247,28","51,67",135,0,720,Total,47595,4649,16941,0,64,41053,6542,"53,02","6 309 992,65","120,78",17076,134,87094
Data,Ocup,Opção,Cheg,Oferta/Uso Interno,Deduz. Individ.,Deduz. Grupos,% Ocup.,Receita Quartos,Preço Médio,Saídas,Quartos FdS,Adul. / Cri.,julho,Previsão,01-jul-2026 qua,2,22,1,0,0,2,0,"17,78","396,25","16,51",2,0,5,118,229,37,0,0,118,0,"8,29","17 872,53","51,51",37,0,244,Total jul,118,229,37,0,0,118,0,"8,29","17 872,53","51,51",37,0,244,Total,47595,4649,16941,0,64,41053,6542,"53,02","6 309 992,65","120,78",17076,134,87094
Data,Ocup,Opção,Cheg,Oferta/Uso Interno,Deduz. Individ.,Deduz. Grupos,% Ocup.,Receita Quartos,Preço Médio,Saídas,Quartos FdS,Adul. / Cri.,julho,Previsão,02-jul-2026 qui,2,22,1,0,0,2,0,"17,78","387,00","16,12",1,0,5,118,229,37,0,0,118,0,"8,29","17 872,53","51,51",37,0,244,Total jul,118,229,37,0,0,118,0,"8,29","17 872,53","51,51",37,0,244,Total,47595,4649,16941,0,64,41053,6542,"53,02","6 309 992,65","120,78",17076,134,87094
Data,Ocup,Opção,Cheg,Oferta/Uso Interno,Deduz. Individ.,Deduz. Grupos,% Ocup.,Receita Quartos,Preço Médio,Saídas,Quartos FdS,Adul. / Cri.,julho,Previsão,03-jul-2026 sex,7,0,5,0,0,7,0,"5,19","1 142,84","163,26",0,0,15,118,229,37,0,0,118,0,"8,29","17 872,53","51,51",37,0,244,Total jul,118,229,37,0,0,118,0,"8,29","17 872,53","51,51",37,0,244,Total,47595,4649,16941,0,64,41053,6542,"53,02","6 309 992,65","120,78",17076,134,87094
Data,Ocup,Opção,Cheg,Oferta/Uso Interno,Deduz. Individ.,Deduz. Grupos,% Ocup.,Receita Quartos,Preço Médio,Saídas,Quartos FdS,Adul. / Cri.,julho,Previsão,04-jul-2026 sáb,7,0,4,0,0,7,0,"5,19","1 107,25","158,18",4,0,12,118,229,37,0,0,118,0,"8,29","17 872,53","51,51",37,0,244,Total jul,118,229,37,0,0,118,0,"8,29","17 872,53","51,51",37,0,244,Total,47595,4649,16941,0,64,41053,6542,"53,02","6 309 992,65","120,78",17076,134,87094
Data,Ocup,Opção,Cheg,Oferta/Uso Interno,Deduz. Individ.,Deduz. Grupos,% Ocup.,Receita Quartos,Preço Médio,Saídas,Quartos FdS,Adul. / Cri.,julho,Previsão,05-jul-2026 dom,6,16,0,0,0,6,0,"16,30","867,00","39,41",1,0,10,118,229,37,0,0,118,0,"8,29","17 872,53","51,51",37,0,244,Total jul,118,229,37,0,0,118,0,"8,29","17 872,53","51,51",37,0,244,Total,47595,4649,16941,0,64,41053,6542,"53,02","6 309 992,65","120,78",17076,134,87094
Data,Ocup,Opção,Cheg,Oferta/Uso Interno,Deduz. Individ.,Deduz. Grupos,% Ocup.,Receita Quartos,Preço Médio,Saídas,Quartos FdS,Adul. / Cri.,julho,Previsão,06-jul-2026 seg,6,16,2,0,0,6,0,"16,30","807,00","36,68",2,0,10,118,229,37,0,0,118,0,"8,29","17 872,53","51,51",37,0,244,Total jul,118,229,37,0,0,118,0,"8,29","17 872,53","51,51",37,0,244,Total,47595,4649,16941,0,64,41053,6542,"53,02","6 309 992,65","120,78",17076,134,87094
Data,Ocup,Opção,Cheg,Oferta/Uso Interno,Deduz. Individ.,Deduz. Grupos,% Ocup.,Receita Quartos,Preço Médio,Saídas,Quartos FdS,Adul. / Cri.,julho,Previsão,07-jul-2026 ter,6,22,2,0,0,6,0,"20,74","747,13","26,68",2,0,10,118,229,37,0,0,118,0,"8,29","17 872,53","51,51",37,0,244,Total jul,118,229,37,0,0,118,0,"8,29","17 872,53","51,51",37,0,244,Total,47595,4649,16941,0,64,41053,6542,"53,02","6 309 992,65","120,78",17076,134,87094
Data,Ocup,Opção,Cheg,Oferta/Uso Interno,Deduz. Individ.,Deduz. Grupos,% Ocup.,Receita Quartos,Preço Médio,Saídas,Quartos FdS,Adul. / Cri.,julho,Previsão,08-jul-2026 qua,0,22,0,0,0,0,0,"16,30",-,-,6,0,0,118,229,37,0,0,118,0,"8,29","17 872,53","51,51",37,0,244,Total jul,118,229,37,0,0,118,0,"8,29","17 872,53","51,51",37,0,244,Total,47595,4649,16941,0,64,41053,6542,"53,02","6 309 992,65","120,78",17076,134,87094
Data,Ocup,Opção,Cheg,Oferta/Uso Interno,Deduz. Individ.,Deduz. Grupos,% Ocup.,Receita Quartos,Preço Médio,Saídas,Quartos FdS,Adul. / Cri.,julho,Previsão,09-jul-2026 qui,5,22,5,0,0,5,0,"20,00","630,36","23,35",0,0,10,118,229,37,0,0,118,0,"8,29","17 872,53","51,51",37,0,244,Total jul,118,229,37,0,0,118,0,"8,29","17 872,53","51,51",37,0,244,Total,47595,4649,16941,0,64,41053,6542,"53,02","6 309 992,65","120,78",17076,134,87094
Data,Ocup,Opção,Cheg,Oferta/Uso Interno,Deduz. Individ.,Deduz. Grupos,% Ocup.,Receita Quartos,Preço Médio,Saídas,Quartos FdS,Adul. / Cri.,julho,Previsão,10-jul-2026 sex,9,0,4,0,0,9,0,"6,67","1 183,45","131,49",0,0,18,118,229,37,0,0,118,0,"8,29","17 872,53","51,51",37,0,244,Total jul,118,229,37,0,0,118,0,"8,29","17 872,53","51,51",37,0,244,Total,47595,4649,16941,0,64,41053,6542,"53,02","6 309 992,65","120,78",17076,134,87094
Data,Ocup,Opção,Cheg,Oferta/Uso Interno,Deduz. Individ.,Deduz. Grupos,% Ocup.,Receita Quartos,Preço Médio,Saídas,Quartos FdS,Adul. / Cri.,julho,Previsão,11-jul-2026 sáb,9,4,0,0,0,9,0,"9,63","1 183,45","91,03",0,0,18,118,229,37,0,0,118,0,"8,29","17 872,53","51,51",37,0,244,Total jul,118,229,37,0,0,118,0,"8,29","17 872,53","51,51",37,0,244,Total,47595,4649,16941,0,64,41053,6542,"53,02","6 309 992,65","120,78",17076,134,87094
Data,Ocup,Opção,Cheg,Oferta/Uso Interno,Deduz. Individ.,Deduz. Grupos,% Ocup.,Receita Quartos,Preço Médio,Saídas,Quartos FdS,Adul. / Cri.,julho,Previsão,12-jul-2026 dom,6,13,2,0,0,6,0,"14,07","783,94","41,26",5,0,12,118,229,37,0,0,118,0,"8,29","17 872,53","51,51",37,0,244,Total jul,118,229,37,0,0,118,0,"8,29","17 872,53","51,51",37,0,244,Total,47595,4649,16941,0,64,41053,6542,"53,02","6 309 992,65","120,78",17076,134,87094
Data,Ocup,Opção,Cheg,Oferta/Uso Interno,Deduz. Individ.,Deduz. Grupos,% Ocup.,Receita Quartos,Preço Médio,Saídas,Quartos FdS,Adul. / Cri.,julho,Previsão,13-jul-2026 seg,6,13,0,0,0,6,0,"14,07","783,94","41,26",0,0,12,118,229,37,0,0,118,0,"8,29","17 872,53","51,51",37,0,244,Total jul,118,229,37,0,0,118,0,"8,29","17 872,53","51,51",37,0,244,Total,47595,4649,16941,0,64,41053,6542,"53,02","6 309 992,65","120,78",17076,134,87094
Data,Ocup,Opção,Cheg,Oferta/Uso Interno,Deduz. Individ.,Deduz. Grupos,% Ocup.,Receita Quartos,Preço Médio,Saídas,Quartos FdS,Adul. / Cri.,julho,Previsão,14-jul-2026 ter,6,0,0,0,0,6,0,"4,44","783,94","130,66",0,0,12,118,229,37,0,0,118,0,"8,29","17 872,53","51,51",37,0,244,Total jul,118,229,37,0,0,118,0,"8,29","17 872,53","51,51",37,0,244,Total,47595,4649,16941,0,64,41053,6542,"53,02","6 309 992,65","120,78",17076,134,87094
Data,Ocup,Opção,Cheg,Oferta/Uso Interno,Deduz. Individ.,Deduz. Grupos,% Ocup.,Receita Quartos,Preço Médio,Saídas,Quartos FdS,Adul. / Cri.,julho,Previsão,15-jul-2026 qua,0,0,0,0,0,0,0,-,-,NaN,6,0,0,118,229,37,0,0,118,0,"8,29","17 872,53","51,51",37,0,244,Total jul,118,229,37,0,0,118,0,"8,29","17 872,53","51,51",37,0,244,Total,47595,4649,16941,0,64,41053,6542,"53,02","6 309 992,65","120,78",17076,134,87094
Data,Ocup,Opção,Cheg,Oferta/Uso Interno,Deduz. Individ.,Deduz. Grupos,% Ocup.,Receita Quartos,Preço Médio,Saídas,Quartos FdS,Adul. / Cri.,julho,Previsão,16-jul-2026 qui,1,0,1,0,0,1,0,"0,74","116,40","116,40",0,0,2,118,229,37,0,0,118,0,"8,29","17 872,53","51,51",37,0,244,Total jul,118,229,37,0,0,118,0,"8,29","17 872,53","51,51",37,0,244,Total,47595,4649,16941,0,64,41053,6542,"53,02","6 309 992,65","120,78",17076,134,87094
Data,Ocup,Opção,Cheg,Oferta/Uso Interno,Deduz. Individ.,Deduz. Grupos,% Ocup.,Receita Quartos,Preço Médio,Saídas,Quartos FdS,Adul. / Cri.,julho,Previsão,17-jul-2026 sex,1,0,0,0,0,1,0,"0,74","116,40","116,40",0,0,2,118,229,37,0,0,118,0,"8,29","17 872,53","51,51",37,0,244,Total jul,118,229,37,0,0,118,0,"8,29","17 872,53","51,51",37,0,244,Total,47595,4649,16941,0,64,41053,6542,"53,02","6 309 992,65","120,78",17076,134,87094
Data,Ocup,Opção,Cheg,Oferta/Uso Interno,Deduz. Individ.,Deduz. Grupos,% Ocup.,Receita Quartos,Preço Médio,Saídas,Quartos FdS,Adul. / Cri.,julho,Previsão,18-jul-2026 sáb,0,4,0,0,0,0,0,"2,96",-,-,1,0,0,118,229,37,0,0,118,0,"8,29","17 872,53","51,51",37,0,244,Total jul,118,229,37,0,0,118,0,"8,29","17 872,53","51,51",37,0,244,Total,47595,4649,16941,0,64,41053,6542,"53,02","6 309 992,65","120,78",17076,134,87094
Data,Ocup,Opção,Cheg,Oferta/Uso Interno,Deduz. Individ.,Deduz. Grupos,% Ocup.,Receita Quartos,Preço Médio,Saídas,Quartos FdS,Adul. / Cri.,julho,Previsão,19-jul-2026 dom,0,13,0,0,0,0,0,"9,63",-,-,0,0,0,118,229,37,0,0,118,0,"8,29","17 872,53","51,51",37,0,244,Total jul,118,229,37,0,0,118,0,"8,29","17 872,53","51,51",37,0,244,Total,47595,4649,16941,0,64,41053,6542,"53,02","6 309 992,65","120,78",17076,134,87094
Data,Ocup,Opção,Cheg,Oferta/Uso Interno,Deduz. Individ.,Deduz. Grupos,% Ocup.,Receita Quartos,Preço Médio,Saídas,Quartos FdS,Adul. / Cri.,julho,Previsão,20-jul-2026 seg,1,18,1,0,0,1,0,"14,07","291,85","15,36",0,0,4,118,229,37,0,0,118,0,"8,29","17 872,53","51,51",37,0,244,Total jul,118,229,37,0,0,118,0,"8,29","17 872,53","51,51",37,0,244,Total,47595,4649,16941,0,64,41053,6542,"53,02","6 309 992,65","120,78",17076,134,87094
Data,Ocup,Opção,Cheg,Oferta/Uso Interno,Deduz. Individ.,Deduz. Grupos,% Ocup.,Receita Quartos,Preço Médio,Saídas,Quartos FdS,Adul. / Cri.,julho,Previsão,21-jul-2026 ter,1,15,0,0,0,1,0,"11,85","291,85","18,24",0,0,4,118,229,37,0,0,118,0,"8,29","17 872,53","51,51",37,0,244,Total jul,118,229,37,0,0,118,0,"8,29","17 872,53","51,51",37,0,244,Total,47595,4649,16941,0,64,41053,6542,"53,02","6 309 992,65","120,78",17076,134,87094
Data,Ocup,Opção,Cheg,Oferta/Uso Interno,Deduz. Individ.,Deduz. Grupos,% Ocup.,Receita Quartos,Preço Médio,Saídas,Quartos FdS,Adul. / Cri.,julho,Previsão,22-jul-2026 qua,1,5,0,0,0,1,0,"4,44","291,85","48,64",0,0,4,118,229,37,0,0,118,0,"8,29","17 872,53","51,51",37,0,244,Total jul,118,229,37,0,0,118,0,"8,29","17 872,53","51,51",37,0,244,Total,47595,4649,16941,0,64,41053,6542,"53,02","6 309 992,65","120,78",17076,134,87094
Data,Ocup,Opção,Cheg,Oferta/Uso Interno,Deduz. Individ.,Deduz. Grupos,% Ocup.,Receita Quartos,Preço Médio,Saídas,Quartos FdS,Adul. / Cri.,julho,Previsão,23-jul-2026 qui,3,0,2,0,0,3,0,"2,22","595,98","198,66",0,0,6,118,229,37,0,0,118,0,"8,29","17 872,53","51,51",37,0,244,Total jul,118,229,37,0,0,118,0,"8,29","17 872,53","51,51",37,0,244,Total,47595,4649,16941,0,64,41053,6542,"53,02","6 309 992,65","120,78",17076,134,87094
Data,Ocup,Opção,Cheg,Oferta/Uso Interno,Deduz. Individ.,Deduz. Grupos,% Ocup.,Receita Quartos,Preço Médio,Saídas,Quartos FdS,Adul. / Cri.,julho,Previsão,24-jul-2026 sex,5,0,2,0,0,5,0,"3,70","936,09","187,22",0,0,10,118,229,37,0,0,118,0,"8,29","17 872,53","51,51",37,0,244,Total jul,118,229,37,0,0,118,0,"8,29","17 872,53","51,51",37,0,244,Total,47595,4649,16941,0,64,41053,6542,"53,02","6 309 992,65","120,78",17076,134,87094
Data,Ocup,Opção,Cheg,Oferta/Uso Interno,Deduz. Individ.,Deduz. Grupos,% Ocup.,Receita Quartos,Preço Médio,Saídas,Quartos FdS,Adul. / Cri.,julho,Previsão,25-jul-2026 sáb,5,0,0,0,0,5,0,"3,70","936,09","187,22",0,0,10,118,229,37,0,0,118,0,"8,29","17 872,53","51,51",37,0,244,Total jul,118,229,37,0,0,118,0,"8,29","17 872,53","51,51",37,0,244,Total,47595,4649,16941,0,64,41053,6542,"53,02","6 309 992,65","120,78",17076,134,87094
Data,Ocup,Opção,Cheg,Oferta/Uso Interno,Deduz. Individ.,Deduz. Grupos,% Ocup.,Receita Quartos,Preço Médio,Saídas,Quartos FdS,Adul. / Cri.,julho,Previsão,26-jul-2026 dom,6,0,2,0,0,6,0,"4,44","788,03","131,34",1,0,10,118,229,37,0,0,118,0,"8,29","17 872,53","51,51",37,0,244,Total jul,118,229,37,0,0,118,0,"8,29","17 872,53","51,51",37,0,244,Total,47595,4649,16941,0,64,41053,6542,"53,02","6 309 992,65","120,78",17076,134,87094
Data,Ocup,Opção,Cheg,Oferta/Uso Interno,Deduz. Individ.,Deduz. Grupos,% Ocup.,Receita Quartos,Preço Médio,Saídas,Quartos FdS,Adul. / Cri.,julho,Previsão,27-jul-2026 seg,6,0,0,0,0,6,0,"4,44","788,03","131,34",0,0,10,118,229,37,0,0,118,0,"8,29","17 872,53","51,51",37,0,244,Total jul,118,229,37,0,0,118,0,"8,29","17 872,53","51,51",37,0,244,Total,47595,4649,16941,0,64,41053,6542,"53,02","6 309 992,65","120,78",17076,134,87094
Data,Ocup,Opção,Cheg,Oferta/Uso Interno,Deduz. Individ.,Deduz. Grupos,% Ocup.,Receita Quartos,Preço Médio,Saídas,Quartos FdS,Adul. / Cri.,julho,Previsão,28-jul-2026 ter,3,0,1,0,0,3,0,"2,22","429,36","143,12",4,0,8,118,229,37,0,0,118,0,"8,29","17 872,53","51,51",37,0,244,Total jul,118,229,37,0,0,118,0,"8,29","17 872,53","51,51",37,0,244,Total,47595,4649,16941,0,64,41053,6542,"53,02","6 309 992,65","120,78",17076,134,87094
Data,Ocup,Opção,Cheg,Oferta/Uso Interno,Deduz. Individ.,Deduz. Grupos,% Ocup.,Receita Quartos,Preço Médio,Saídas,Quartos FdS,Adul. / Cri.,julho,Previsão,29-jul-2026 qua,3,0,0,0,0,3,0,"2,22","429,36","143,12",0,0,8,118,229,37,0,0,118,0,"8,29","17 872,53","51,51",37,0,244,Total jul,118,229,37,0,0,118,0,"8,29","17 872,53","51,51",37,0,244,Total,47595,4649,16941,0,64,41053,6542,"53,02","6 309 992,65","120,78",17076,134,87094
Data,Ocup,Opção,Cheg,Oferta/Uso Interno,Deduz. Individ.,Deduz. Grupos,% Ocup.,Receita Quartos,Preço Médio,Saídas,Quartos FdS,Adul. / Cri.,julho,Previsão,30-jul-2026 qui,2,0,1,0,0,2,0,"1,48","350,89","175,44",2,0,6,118,229,37,0,0,118,0,"8,29","17 872,53","51,51",37,0,244,Total jul,118,229,37,0,0,118,0,"8,29","17 872,53","51,51",37,0,244,Total,47595,4649,16941,0,64,41053,6542,"53,02","6 309 992,65","120,78",17076,134,87094
Data,Ocup,Opção,Cheg,Oferta/Uso Interno,Deduz. Individ.,Deduz. Grupos,% Ocup.,Receita Quartos,Preço Médio,Saídas,Quartos FdS,Adul. / Cri.,julho,Previsão,31-jul-2026 sex,3,2,1,0,0,3,0,"3,70","706,80","141,36",0,0,11,118,229,37,0,0,118,0,"8,29","17 872,53","51,51",37,0,244,Total jul,118,229,37,0,0,118,0,"8,29","17 872,53","51,51",37,0,244,Total,47595,4649,16941,0,64,41053,6542,"53,02","6 309 992,65","120,78",17076,134,87094
Data,Ocup,Opção,Cheg,Oferta/Uso Interno,Deduz. Individ.,Deduz. Grupos,% Ocup.,Receita Quartos,Preço Médio,Saídas,Quartos FdS,Adul. / Cri.,agosto,Previsão,01-ago-2026 sáb,4,1,1,0,0,4,0,"3,70","813,95","162,79",0,0,13,98,171,37,0,0,46,52,"6,43","14 466,35","53,78",35,0,210,Total ago,98,171,37,0,0,46,52,"6,43","14 466,35","53,78",35,0,210,Total,47595,4649,16941,0,64,41053,6542,"53,02","6 309 992,65","120,78",17076,134,87094
Data,Ocup,Opção,Cheg,Oferta/Uso Interno,Deduz. Individ.,Deduz. Grupos,% Ocup.,Receita Quartos,Preço Médio,Saídas,Quartos FdS,Adul. / Cri.,agosto,Previsão,02-ago-2026 dom,3,0,1,0,0,3,0,"2,22","670,58","223,53",2,0,11,98,171,37,0,0,46,52,"6,43","14 466,35","53,78",35,0,210,Total ago,98,171,37,0,0,46,52,"6,43","14 466,35","53,78",35,0,210,Total,47595,4649,16941,0,64,41053,6542,"53,02","6 309 992,65","120,78",17076,134,87094
Data,Ocup,Opção,Cheg,Oferta/Uso Interno,Deduz. Individ.,Deduz. Grupos,% Ocup.,Receita Quartos,Preço Médio,Saídas,Quartos FdS,Adul. / Cri.,agosto,Previsão,03-ago-2026 seg,2,0,0,0,0,2,0,"1,48","474,95","237,48",1,0,7,98,171,37,0,0,46,52,"6,43","14 466,35","53,78",35,0,210,Total ago,98,171,37,0,0,46,52,"6,43","14 466,35","53,78",35,0,210,Total,47595,4649,16941,0,64,41053,6542,"53,02","6 309 992,65","120,78",17076,134,87094
Data,Ocup,Opção,Cheg,Oferta/Uso Interno,Deduz. Individ.,Deduz. Grupos,% Ocup.,Receita Quartos,Preço Médio,Saídas,Quartos FdS,Adul. / Cri.,agosto,Previsão,04-ago-2026 ter,1,0,0,0,0,1,0,"0,74","156,96","156,96",1,0,2,98,171,37,0,0,46,52,"6,43","14 466,35","53,78",35,0,210,Total ago,98,171,37,0,0,46,52,"6,43","14 466,35","53,78",35,0,210,Total,47595,4649,16941,0,64,41053,6542,"53,02","6 309 992,65","120,78",17076,134,87094
Data,Ocup,Opção,Cheg,Oferta/Uso Interno,Deduz. Individ.,Deduz. Grupos,% Ocup.,Receita Quartos,Preço Médio,Saídas,Quartos FdS,Adul. / Cri.,agosto,Previsão,05-ago-2026 qua,0,0,0,0,0,0,0,-,-,NaN,1,0,0,98,171,37,0,0,46,52,"6,43","14 466,35","53,78",35,0,210,Total ago,98,171,37,0,0,46,52,"6,43","14 466,35","53,78",35,0,210,Total,47595,4649,16941,0,64,41053,6542,"53,02","6 309 992,65","120,78",17076,134,87094
Data,Ocup,Opção,Cheg,Oferta/Uso Interno,Deduz. Individ.,Deduz. Grupos,% Ocup.,Receita Quartos,Preço Médio,Saídas,Quartos FdS,Adul. / Cri.,agosto,Previsão,06-ago-2026 qui,2,0,2,0,0,2,0,"1,48","318,64","159,32",0,0,4,98,171,37,0,0,46,52,"6,43","14 466,35","53,78",35,0,210,Total ago,98,171,37,0,0,46,52,"6,43","14 466,35","53,78",35,0,210,Total,47595,4649,16941,0,64,41053,6542,"53,02","6 309 992,65","120,78",17076,134,87094
Data,Ocup,Opção,Cheg,Oferta/Uso Interno,Deduz. Individ.,Deduz. Grupos,% Ocup.,Receita Quartos,Preço Médio,Saídas,Quartos FdS,Adul. / Cri.,agosto,Previsão,07-ago-2026 sex,2,0,0,0,0,2,0,"1,48","318,64","159,32",0,0,4,98,171,37,0,0,46,52,"6,43","14 466,35","53,78",35,0,210,Total ago,98,171,37,0,0,46,52,"6,43","14 466,35","53,78",35,0,210,Total,47595,4649,16941,0,64,41053,6542,"53,02","6 309 992,65","120,78",17076,134,87094
Data,Ocup,Opção,Cheg,Oferta/Uso Interno,Deduz. Individ.,Deduz. Grupos,% Ocup.,Receita Quartos,Preço Médio,Saídas,Quartos FdS,Adul. / Cri.,agosto,Previsão,08-ago-2026 sáb,0,0,0,0,0,0,0,-,-,NaN,2,0,0,98,171,37,0,0,46,52,"6,43","14 466,35","53,78",35,0,210,Total ago,98,171,37,0,0,46,52,"6,43","14 466,35","53,78",35,0,210,Total,47595,4649,16941,0,64,41053,6542,"53,02","6 309 992,65","120,78",17076,134,87094
Data,Ocup,Opção,Cheg,Oferta/Uso Interno,Deduz. Individ.,Deduz. Grupos,% Ocup.,Receita Quartos,Preço Médio,Saídas,Quartos FdS,Adul. / Cri.,agosto,Previsão,09-ago-2026 dom,2,0,2,0,0,2,0,"1,48","239,96","119,98",0,0,4,98,171,37,0,0,46,52,"6,43","14 466,35","53,78",35,0,210,Total ago,98,171,37,0,0,46,52,"6,43","14 466,35","53,78",35,0,210,Total,47595,4649,16941,0,64,41053,6542,"53,02","6 309 992,65","120,78",17076,134,87094
Data,Ocup,Opção,Cheg,Oferta/Uso Interno,Deduz. Individ.,Deduz. Grupos,% Ocup.,Receita Quartos,Preço Médio,Saídas,Quartos FdS,Adul. / Cri.,agosto,Previsão,10-ago-2026 seg,0,0,0,0,0,0,0,-,-,NaN,2,0,0,98,171,37,0,0,46,52,"6,43","14 466,35","53,78",35,0,210,Total ago,98,171,37,0,0,46,52,"6,43","14 466,35","53,78",35,0,210,Total,47595,4649,16941,0,64,41053,6542,"53,02","6 309 992,65","120,78",17076,134,87094
Data,Ocup,Opção,Cheg,Oferta/Uso Interno,Deduz. Individ.,Deduz. Grupos,% Ocup.,Receita Quartos,Preço Médio,Saídas,Quartos FdS,Adul. / Cri.,agosto,Previsão,11-ago-2026 ter,1,15,1,0,0,1,0,"11,85","360,74","22,55",0,0,4,98,171,37,0,0,46,52,"6,43","14 466,35","53,78",35,0,210,Total ago,98,171,37,0,0,46,52,"6,43","14 466,35","53,78",35,0,210,Total,47595,4649,16941,0,64,41053,6542,"53,02","6 309 992,65","120,78",17076,134,87094
Data,Ocup,Opção,Cheg,Oferta/Uso Interno,Deduz. Individ.,Deduz. Grupos,% Ocup.,Receita Quartos,Preço Médio,Saídas,Quartos FdS,Adul. / Cri.,agosto,Previsão,12-ago-2026 qua,1,0,0,0,0,1,0,"0,74","360,74","360,74",0,0,4,98,171,37,0,0,46,52,"6,43","14 466,35","53,78",35,0,210,Total ago,98,171,37,0,0,46,52,"6,43","14 466,35","53,78",35,0,210,Total,47595,4649,16941,0,64,41053,6542,"53,02","6 309 992,65","120,78",17076,134,87094
Data,Ocup,Opção,Cheg,Oferta/Uso Interno,Deduz. Individ.,Deduz. Grupos,% Ocup.,Receita Quartos,Preço Médio,Saídas,Quartos FdS,Adul. / Cri.,agosto,Previsão,13-ago-2026 qui,1,0,0,0,0,1,0,"0,74","360,74","360,74",0,0,4,98,171,37,0,0,46,52,"6,43","14 466,35","53,78",35,0,210,Total ago,98,171,37,0,0,46,52,"6,43","14 466,35","53,78",35,0,210,Total,47595,4649,16941,0,64,41053,6542,"53,02","6 309 992,65","120,78",17076,134,87094
Data,Ocup,Opção,Cheg,Oferta/Uso Interno,Deduz. Individ.,Deduz. Grupos,% Ocup.,Receita Quartos,Preço Médio,Saídas,Quartos FdS,Adul. / Cri.,agosto,Previsão,14-ago-2026 sex,1,0,0,0,0,1,0,"0,74","394,70","394,70",0,0,4,98,171,37,0,0,46,52,"6,43","14 466,35","53,78",35,0,210,Total ago,98,171,37,0,0,46,52,"6,43","14 466,35","53,78",35,0,210,Total,47595,4649,16941,0,64,41053,6542,"53,02","6 309 992,65","120,78",17076,134,87094
Data,Ocup,Opção,Cheg,Oferta/Uso Interno,Deduz. Individ.,Deduz. Grupos,% Ocup.,Receita Quartos,Preço Médio,Saídas,Quartos FdS,Adul. / Cri.,agosto,Previsão,15-ago-2026 sáb,1,0,0,0,0,1,0,"0,74","394,70","394,70",0,0,4,98,171,37,0,0,46,52,"6,43","14 466,35","53,78",35,0,210,Total ago,98,171,37,0,0,46,52,"6,43","14 466,35","53,78",35,0,210,Total,47595,4649,16941,0,64,41053,6542,"53,02","6 309 992,65","120,78",17076,134,87094
Data,Ocup,Opção,Cheg,Oferta/Uso Interno,Deduz. Individ.,Deduz. Grupos,% Ocup.,Receita Quartos,Preço Médio,Saídas,Quartos FdS,Adul. / Cri.,agosto,Previsão,16-ago-2026 dom,0,0,0,0,0,0,0,-,-,NaN,1,0,0,98,171,37,0,0,46,52,"6,43","14 466,35","53,78",35,0,210,Total ago,98,171,37,0,0,46,52,"6,43","14 466,35","53,78",35,0,210,Total,47595,4649,16941,0,64,41053,6542,"53,02","6 309 992,65","120,78",17076,134,87094
Data,Ocup,Opção,Cheg,Oferta/Uso Interno,Deduz. Individ.,Deduz. Grupos,% Ocup.,Receita Quartos,Preço Médio,Saídas,Quartos FdS,Adul. / Cri.,agosto,Previsão,17-ago-2026 seg,0,0,0,0,0,0,0,-,-,NaN,0,0,0,98,171,37,0,0,46,52,"6,43","14 466,35","53,78",35,0,210,Total ago,98,171,37,0,0,46,52,"6,43","14 466,35","53,78",35,0,210,Total,47595,4649,16941,0,64,41053,6542,"53,02","6 309 992,65","120,78",17076,134,87094
Data,Ocup,Opção,Cheg,Oferta/Uso Interno,Deduz. Individ.,Deduz. Grupos,% Ocup.,Receita Quartos,Preço Médio,Saídas,Quartos FdS,Adul. / Cri.,agosto,Previsão,18-ago-2026 ter,2,0,2,0,0,2,0,"1,48","299,55","149,77",0,0,4,98,171,37,0,0,46,52,"6,43","14 466,35","53,78",35,0,210,Total ago,98,171,37,0,0,46,52,"6,43","14 466,35","53,78",35,0,210,Total,47595,4649,16941,0,64,41053,6542,"53,02","6 309 992,65","120,78",17076,134,87094
Data,Ocup,Opção,Cheg,Oferta/Uso Interno,Deduz. Individ.,Deduz. Grupos,% Ocup.,Receita Quartos,Preço Médio,Saídas,Quartos FdS,Adul. / Cri.,agosto,Previsão,19-ago-2026 qua,2,0,0,0,0,2,0,"1,48","299,55","149,77",0,0,4,98,171,37,0,0,46,52,"6,43","14 466,35","53,78",35,0,210,Total ago,98,171,37,0,0,46,52,"6,43","14 466,35","53,78",35,0,210,Total,47595,4649,16941,0,64,41053,6542,"53,02","6 309 992,65","120,78",17076,134,87094
Data,Ocup,Opção,Cheg,Oferta/Uso Interno,Deduz. Individ.,Deduz. Grupos,% Ocup.,Receita Quartos,Preço Médio,Saídas,Quartos FdS,Adul. / Cri.,agosto,Previsão,20-ago-2026 qui,2,0,0,0,0,2,0,"1,48","299,55","149,77",0,0,4,98,171,37,0,0,46,52,"6,43","14 466,35","53,78",35,0,210,Total ago,98,171,37,0,0,46,52,"6,43","14 466,35","53,78",35,0,210,Total,47595,4649,16941,0,64,41053,6542,"53,02","6 309 992,65","120,78",17076,134,87094
Data,Ocup,Opção,Cheg,Oferta/Uso Interno,Deduz. Individ.,Deduz. Grupos,% Ocup.,Receita Quartos,Preço Médio,Saídas,Quartos FdS,Adul. / Cri.,agosto,Previsão,21-ago-2026 sex,0,0,0,0,0,0,0,-,-,NaN,2,0,0,98,171,37,0,0,46,52,"6,43","14 466,35","53,78",35,0,210,Total ago,98,171,37,0,0,46,52,"6,43","14 466,35","53,78",35,0,210,Total,47595,4649,16941,0,64,41053,6542,"53,02","6 309 992,65","120,78",17076,134,87094
Data,Ocup,Opção,Cheg,Oferta/Uso Interno,Deduz. Individ.,Deduz. Grupos,% Ocup.,Receita Quartos,Preço Médio,Saídas,Quartos FdS,Adul. / Cri.,agosto,Previsão,22-ago-2026 sáb,3,0,3,0,0,3,0,"2,22","386,62","128,87",0,0,5,98,171,37,0,0,46,52,"6,43","14 466,35","53,78",35,0,210,Total ago,98,171,37,0,0,46,52,"6,43","14 466,35","53,78",35,0,210,Total,47595,4649,16941,0,64,41053,6542,"53,02","6 309 992,65","120,78",17076,134,87094
Data,Ocup,Opção,Cheg,Oferta/Uso Interno,Deduz. Individ.,Deduz. Grupos,% Ocup.,Receita Quartos,Preço Médio,Saídas,Quartos FdS,Adul. / Cri.,agosto,Previsão,23-ago-2026 dom,3,0,2,0,0,3,0,"2,22","358,09","119,36",2,0,4,98,171,37,0,0,46,52,"6,43","14 466,35","53,78",35,0,210,Total ago,98,171,37,0,0,46,52,"6,43","14 466,35","53,78",35,0,210,Total,47595,4649,16941,0,64,41053,6542,"53,02","6 309 992,65","120,78",17076,134,87094
Data,Ocup,Opção,Cheg,Oferta/Uso Interno,Deduz. Individ.,Deduz. Grupos,% Ocup.,Receita Quartos,Preço Médio,Saídas,Quartos FdS,Adul. / Cri.,agosto,Previsão,24-ago-2026 seg,2,15,0,0,0,2,0,"12,59","230,03","13,53",1,0,3,98,171,37,0,0,46,52,"6,43","14 466,35","53,78",35,0,210,Total ago,98,171,37,0,0,46,52,"6,43","14 466,35","53,78",35,0,210,Total,47595,4649,16941,0,64,41053,6542,"53,02","6 309 992,65","120,78",17076,134,87094
Data,Ocup,Opção,Cheg,Oferta/Uso Interno,Deduz. Individ.,Deduz. Grupos,% Ocup.,Receita Quartos,Preço Médio,Saídas,Quartos FdS,Adul. / Cri.,agosto,Previsão,25-ago-2026 ter,3,37,1,0,0,2,1,"29,63","343,41","8,59",0,0,4,98,171,37,0,0,46,52,"6,43","14 466,35","53,78",35,0,210,Total ago,98,171,37,0,0,46,52,"6,43","14 466,35","53,78",35,0,210,Total,47595,4649,16941,0,64,41053,6542,"53,02","6 309 992,65","120,78",17076,134,87094
Data,Ocup,Opção,Cheg,Oferta/Uso Interno,Deduz. Individ.,Deduz. Grupos,% Ocup.,Receita Quartos,Preço Médio,Saídas,Quartos FdS,Adul. / Cri.,agosto,Previsão,26-ago-2026 qua,18,37,16,0,0,1,17,"40,74","2 141,24","38,93",1,0,35,98,171,37,0,0,46,52,"6,43","14 466,35","53,78",35,0,210,Total ago,98,171,37,0,0,46,52,"6,43","14 466,35","53,78",35,0,210,Total,47595,4649,16941,0,64,41053,6542,"53,02","6 309 992,65","120,78",17076,134,87094
Data,Ocup,Opção,Cheg,Oferta/Uso Interno,Deduz. Individ.,Deduz. Grupos,% Ocup.,Receita Quartos,Preço Médio,Saídas,Quartos FdS,Adul. / Cri.,agosto,Previsão,27-ago-2026 qui,18,22,1,0,0,1,17,"29,63","2 100,24","52,51",1,0,35,98,171,37,0,0,46,52,"6,43","14 466,35","53,78",35,0,210,Total ago,98,171,37,0,0,46,52,"6,43","14 466,35","53,78",35,0,210,Total,47595,4649,16941,0,64,41053,6542,"53,02","6 309 992,65","120,78",17076,134,87094
Data,Ocup,Opção,Cheg,Oferta/Uso Interno,Deduz. Individ.,Deduz. Grupos,% Ocup.,Receita Quartos,Preço Médio,Saídas,Quartos FdS,Adul. / Cri.,agosto,Previsão,28-ago-2026 sex,17,0,0,0,0,0,17,"12,59","2 013,46","118,44",1,0,33,98,171,37,0,0,46,52,"6,43","14 466,35","53,78",35,0,210,Total ago,98,171,37,0,0,46,52,"6,43","14 466,35","53,78",35,0,210,Total,47595,4649,16941,0,64,41053,6542,"53,02","6 309 992,65","120,78",17076,134,87094
Data,Ocup,Opção,Cheg,Oferta/Uso Interno,Deduz. Individ.,Deduz. Grupos,% Ocup.,Receita Quartos,Preço Médio,Saídas,Quartos FdS,Adul. / Cri.,agosto,Previsão,29-ago-2026 sáb,1,0,1,0,0,1,0,"0,74","185,76","185,76",17,0,2,98,171,37,0,0,46,52,"6,43","14 466,35","53,78",35,0,210,Total ago,98,171,37,0,0,46,52,"6,43","14 466,35","53,78",35,0,210,Total,47595,4649,16941,0,64,41053,6542,"53,02","6 309 992,65","120,78",17076,134,87094
Data,Ocup,Opção,Cheg,Oferta/Uso Interno,Deduz. Individ.,Deduz. Grupos,% Ocup.,Receita Quartos,Preço Médio,Saídas,Quartos FdS,Adul. / Cri.,agosto,Previsão,30-ago-2026 dom,1,22,0,0,0,1,0,"17,04","174,22","7,57",0,0,2,98,171,37,0,0,46,52,"6,43","14 466,35","53,78",35,0,210,Total ago,98,171,37,0,0,46,52,"6,43","14 466,35","53,78",35,0,210,Total,47595,4649,16941,0,64,41053,6542,"53,02","6 309 992,65","120,78",17076,134,87094
Data,Ocup,Opção,Cheg,Oferta/Uso Interno,Deduz. Individ.,Deduz. Grupos,% Ocup.,Receita Quartos,Preço Médio,Saídas,Quartos FdS,Adul. / Cri.,agosto,Previsão,31-ago-2026 seg,5,22,4,0,0,5,0,"20,00","769,34","28,49",0,0,10,98,171,37,0,0,46,52,"6,43","14 466,35","53,78",35,0,210,Total ago,98,171,37,0,0,46,52,"6,43","14 466,35","53,78",35,0,210,Total,47595,4649,16941,0,64,41053,6542,"53,02","6 309 992,65","120,78",17076,134,87094
Data,Ocup,Opção,Cheg,Oferta/Uso Interno,Deduz. Individ.,Deduz. Grupos,% Ocup.,Receita Quartos,Preço Médio,Saídas,Quartos FdS,Adul. / Cri.,setembro,Previsão,01-set-2026 ter,8,44,3,0,0,7,1,"38,52","1 222,91","23,52",0,0,14,304,1107,119,0,0,74,230,"34,84","47 501,15","33,66",107,0,603,Total set,304,1107,119,0,0,74,230,"34,84","47 501,15","33,66",107,0,603,Total,47595,4649,16941,0,64,41053,6542,"53,02","6 309 992,65","120,78",17076,134,87094
Data,Ocup,Opção,Cheg,Oferta/Uso Interno,Deduz. Individ.,Deduz. Grupos,% Ocup.,Receita Quartos,Preço Médio,Saídas,Quartos FdS,Adul. / Cri.,setembro,Previsão,02-set-2026 qua,18,22,17,0,0,1,17,"29,63","2 674,20","66,85",7,0,35,304,1107,119,0,0,74,230,"34,84","47 501,15","33,66",107,0,603,Total set,304,1107,119,0,0,74,230,"34,84","47 501,15","33,66",107,0,603,Total,47595,4649,16941,0,64,41053,6542,"53,02","6 309 992,65","120,78",17076,134,87094
Data,Ocup,Opção,Cheg,Oferta/Uso Interno,Deduz. Individ.,Deduz. Grupos,% Ocup.,Receita Quartos,Preço Médio,Saídas,Quartos FdS,Adul. / Cri.,setembro,Previsão,03-set-2026 qui,19,47,1,0,0,1,18,"48,89","2 810,41","42,58",0,0,37,304,1107,119,0,0,74,230,"34,84","47 501,15","33,66",107,0,603,Total set,304,1107,119,0,0,74,230,"34,84","47 501,15","33,66",107,0,603,Total,47595,4649,16941,0,64,41053,6542,"53,02","6 309 992,65","120,78",17076,134,87094
Data,Ocup,Opção,Cheg,Oferta/Uso Interno,Deduz. Individ.,Deduz. Grupos,% Ocup.,Receita Quartos,Preço Médio,Saídas,Quartos FdS,Adul. / Cri.,setembro,Previsão,04-set-2026 sex,18,35,0,0,0,1,17,"39,26","2 690,24","50,76",1,0,35,304,1107,119,0,0,74,230,"34,84","47 501,15","33,66",107,0,603,Total set,304,1107,119,0,0,74,230,"34,84","47 501,15","33,66",107,0,603,Total,47595,4649,16941,0,64,41053,6542,"53,02","6 309 992,65","120,78",17076,134,87094
Data,Ocup,Opção,Cheg,Oferta/Uso Interno,Deduz. Individ.,Deduz. Grupos,% Ocup.,Receita Quartos,Preço Médio,Saídas,Quartos FdS,Adul. / Cri.,setembro,Previsão,05-set-2026 sáb,2,39,1,0,0,2,0,"30,37","293,45","7,16",17,0,4,304,1107,119,0,0,74,230,"34,84","47 501,15","33,66",107,0,603,Total set,304,1107,119,0,0,74,230,"34,84","47 501,15","33,66",107,0,603,Total,47595,4649,16941,0,64,41053,6542,"53,02","6 309 992,65","120,78",17076,134,87094
Data,Ocup,Opção,Cheg,Oferta/Uso Interno,Deduz. Individ.,Deduz. Grupos,% Ocup.,Receita Quartos,Preço Médio,Saídas,Quartos FdS,Adul. / Cri.,setembro,Previsão,06-set-2026 dom,2,13,2,0,0,2,0,"11,11","248,79","16,59",2,0,4,304,1107,119,0,0,74,230,"34,84","47 501,15","33,66",107,0,603,Total set,304,1107,119,0,0,74,230,"34,84","47 501,15","33,66",107,0,603,Total,47595,4649,16941,0,64,41053,6542,"53,02","6 309 992,65","120,78",17076,134,87094
Data,Ocup,Opção,Cheg,Oferta/Uso Interno,Deduz. Individ.,Deduz. Grupos,% Ocup.,Receita Quartos,Preço Médio,Saídas,Quartos FdS,Adul. / Cri.,setembro,Previsão,07-set-2026 seg,2,13,1,0,0,2,0,"11,11","329,07","21,94",1,0,4,304,1107,119,0,0,74,230,"34,84","47 501,15","33,66",107,0,603,Total set,304,1107,119,0,0,74,230,"34,84","47 501,15","33,66",107,0,603,Total,47595,4649,16941,0,64,41053,6542,"53,02","6 309 992,65","120,78",17076,134,87094
Data,Ocup,Opção,Cheg,Oferta/Uso Interno,Deduz. Individ.,Deduz. Grupos,% Ocup.,Receita Quartos,Preço Médio,Saídas,Quartos FdS,Adul. / Cri.,setembro,Previsão,08-set-2026 ter,5,26,3,0,0,4,1,"22,96","836,77","26,99",0,0,9,304,1107,119,0,0,74,230,"34,84","47 501,15","33,66",107,0,603,Total set,304,1107,119,0,0,74,230,"34,84","47 501,15","33,66",107,0,603,Total,47595,4649,16941,0,64,41053,6542,"53,02","6 309 992,65","120,78",17076,134,87094
Data,Ocup,Opção,Cheg,Oferta/Uso Interno,Deduz. Individ.,Deduz. Grupos,% Ocup.,Receita Quartos,Preço Médio,Saídas,Quartos FdS,Adul. / Cri.,setembro,Previsão,09-set-2026 qua,20,35,18,0,0,3,17,"40,74","3 044,25","55,35",3,0,39,304,1107,119,0,0,74,230,"34,84","47 501,15","33,66",107,0,603,Total set,304,1107,119,0,0,74,230,"34,84","47 501,15","33,66",107,0,603,Total,47595,4649,16941,0,64,41053,6542,"53,02","6 309 992,65","120,78",17076,134,87094
Data,Ocup,Opção,Cheg,Oferta/Uso Interno,Deduz. Individ.,Deduz. Grupos,% Ocup.,Receita Quartos,Preço Médio,Saídas,Quartos FdS,Adul. / Cri.,setembro,Previsão,10-set-2026 qui,20,39,0,0,0,3,17,"43,70","3 044,25","51,60",0,0,39,304,1107,119,0,0,74,230,"34,84","47 501,15","33,66",107,0,603,Total set,304,1107,119,0,0,74,230,"34,84","47 501,15","33,66",107,0,603,Total,47595,4649,16941,0,64,41053,6542,"53,02","6 309 992,65","120,78",17076,134,87094
Data,Ocup,Opção,Cheg,Oferta/Uso Interno,Deduz. Individ.,Deduz. Grupos,% Ocup.,Receita Quartos,Preço Médio,Saídas,Quartos FdS,Adul. / Cri.,setembro,Previsão,11-set-2026 sex,18,13,0,0,0,1,17,"22,96","2 700,91","87,13",2,0,35,304,1107,119,0,0,74,230,"34,84","47 501,15","33,66",107,0,603,Total set,304,1107,119,0,0,74,230,"34,84","47 501,15","33,66",107,0,603,Total,47595,4649,16941,0,64,41053,6542,"53,02","6 309 992,65","120,78",17076,134,87094
Data,Ocup,Opção,Cheg,Oferta/Uso Interno,Deduz. Individ.,Deduz. Grupos,% Ocup.,Receita Quartos,Preço Médio,Saídas,Quartos FdS,Adul. / Cri.,setembro,Previsão,12-set-2026 sáb,1,16,1,0,0,0,1,"12,59","123,76","7,28",18,0,1,304,1107,119,0,0,74,230,"34,84","47 501,15","33,66",107,0,603,Total set,304,1107,119,0,0,74,230,"34,84","47 501,15","33,66",107,0,603,Total,47595,4649,16941,0,64,41053,6542,"53,02","6 309 992,65","120,78",17076,134,87094
Data,Ocup,Opção,Cheg,Oferta/Uso Interno,Deduz. Individ.,Deduz. Grupos,% Ocup.,Receita Quartos,Preço Médio,Saídas,Quartos FdS,Adul. / Cri.,setembro,Previsão,13-set-2026 dom,0,35,0,0,0,0,0,"25,93",-,-,1,0,0,304,1107,119,0,0,74,230,"34,84","47 501,15","33,66",107,0,603,Total set,304,1107,119,0,0,74,230,"34,84","47 501,15","33,66",107,0,603,Total,47595,4649,16941,0,64,41053,6542,"53,02","6 309 992,65","120,78",17076,134,87094
Data,Ocup,Opção,Cheg,Oferta/Uso Interno,Deduz. Individ.,Deduz. Grupos,% Ocup.,Receita Quartos,Preço Médio,Saídas,Quartos FdS,Adul. / Cri.,setembro,Previsão,14-set-2026 seg,0,35,0,0,0,0,0,"25,93",-,-,0,0,0,304,1107,119,0,0,74,230,"34,84","47 501,15","33,66",107,0,603,Total set,304,1107,119,0,0,74,230,"34,84","47 501,15","33,66",107,0,603,Total,47595,4649,16941,0,64,41053,6542,"53,02","6 309 992,65","120,78",17076,134,87094
Data,Ocup,Opção,Cheg,Oferta/Uso Interno,Deduz. Individ.,Deduz. Grupos,% Ocup.,Receita Quartos,Preço Médio,Saídas,Quartos FdS,Adul. / Cri.,setembro,Previsão,15-set-2026 ter,2,66,2,0,0,1,1,"50,37","309,26","4,55",0,0,3,304,1107,119,0,0,74,230,"34,84","47 501,15","33,66",107,0,603,Total set,304,1107,119,0,0,74,230,"34,84","47 501,15","33,66",107,0,603,Total,47595,4649,16941,0,64,41053,6542,"53,02","6 309 992,65","120,78",17076,134,87094
Data,Ocup,Opção,Cheg,Oferta/Uso Interno,Deduz. Individ.,Deduz. Grupos,% Ocup.,Receita Quartos,Preço Médio,Saídas,Quartos FdS,Adul. / Cri.,setembro,Previsão,16-set-2026 qua,18,53,17,0,0,1,17,"52,59","2 588,83","36,46",1,0,35,304,1107,119,0,0,74,230,"34,84","47 501,15","33,66",107,0,603,Total set,304,1107,119,0,0,74,230,"34,84","47 501,15","33,66",107,0,603,Total,47595,4649,16941,0,64,41053,6542,"53,02","6 309 992,65","120,78",17076,134,87094
Data,Ocup,Opção,Cheg,Oferta/Uso Interno,Deduz. Individ.,Deduz. Grupos,% Ocup.,Receita Quartos,Preço Médio,Saídas,Quartos FdS,Adul. / Cri.,setembro,Previsão,17-set-2026 qui,19,56,1,0,0,1,18,"55,56","2 725,04","36,33",0,0,37,304,1107,119,0,0,74,230,"34,84","47 501,15","33,66",107,0,603,Total set,304,1107,119,0,0,74,230,"34,84","47 501,15","33,66",107,0,603,Total,47595,4649,16941,0,64,41053,6542,"53,02","6 309 992,65","120,78",17076,134,87094
Data,Ocup,Opção,Cheg,Oferta/Uso Interno,Deduz. Individ.,Deduz. Grupos,% Ocup.,Receita Quartos,Preço Médio,Saídas,Quartos FdS,Adul. / Cri.,setembro,Previsão,18-set-2026 sex,26,53,8,0,0,9,17,"58,52","4 600,63","58,24",1,0,56,304,1107,119,0,0,74,230,"34,84","47 501,15","33,66",107,0,603,Total set,304,1107,119,0,0,74,230,"34,84","47 501,15","33,66",107,0,603,Total,47595,4649,16941,0,64,41053,6542,"53,02","6 309 992,65","120,78",17076,134,87094
Data,Ocup,Opção,Cheg,Oferta/Uso Interno,Deduz. Individ.,Deduz. Grupos,% Ocup.,Receita Quartos,Preço Médio,Saídas,Quartos FdS,Adul. / Cri.,setembro,Previsão,19-set-2026 sáb,8,17,0,0,0,8,0,"18,52","2 003,46","80,14",18,0,21,304,1107,119,0,0,74,230,"34,84","47 501,15","33,66",107,0,603,Total set,304,1107,119,0,0,74,230,"34,84","47 501,15","33,66",107,0,603,Total,47595,4649,16941,0,64,41053,6542,"53,02","6 309 992,65","120,78",17076,134,87094
Data,Ocup,Opção,Cheg,Oferta/Uso Interno,Deduz. Individ.,Deduz. Grupos,% Ocup.,Receita Quartos,Preço Médio,Saídas,Quartos FdS,Adul. / Cri.,setembro,Previsão,20-set-2026 dom,8,35,0,0,0,8,0,"31,85","1 843,18","42,86",0,0,21,304,1107,119,0,0,74,230,"34,84","47 501,15","33,66",107,0,603,Total set,304,1107,119,0,0,74,230,"34,84","47 501,15","33,66",107,0,603,Total,47595,4649,16941,0,64,41053,6542,"53,02","6 309 992,65","120,78",17076,134,87094
Data,Ocup,Opção,Cheg,Oferta/Uso Interno,Deduz. Individ.,Deduz. Grupos,% Ocup.,Receita Quartos,Preço Médio,Saídas,Quartos FdS,Adul. / Cri.,setembro,Previsão,21-set-2026 seg,1,35,1,0,0,1,0,"26,67","219,79","6,11",8,0,2,304,1107,119,0,0,74,230,"34,84","47 501,15","33,66",107,0,603,Total set,304,1107,119,0,0,74,230,"34,84","47 501,15","33,66",107,0,603,Total,47595,4649,16941,0,64,41053,6542,"53,02","6 309 992,65","120,78",17076,134,87094
Data,Ocup,Opção,Cheg,Oferta/Uso Interno,Deduz. Individ.,Deduz. Grupos,% Ocup.,Receita Quartos,Preço Médio,Saídas,Quartos FdS,Adul. / Cri.,setembro,Previsão,22-set-2026 ter,4,46,3,0,0,3,1,"37,04","611,35","12,23",0,0,7,304,1107,119,0,0,74,230,"34,84","47 501,15","33,66",107,0,603,Total set,304,1107,119,0,0,74,230,"34,84","47 501,15","33,66",107,0,603,Total,47595,4649,16941,0,64,41053,6542,"53,02","6 309 992,65","120,78",17076,134,87094
Data,Ocup,Opção,Cheg,Oferta/Uso Interno,Deduz. Individ.,Deduz. Grupos,% Ocup.,Receita Quartos,Preço Médio,Saídas,Quartos FdS,Adul. / Cri.,setembro,Previsão,23-set-2026 qua,21,33,18,0,0,4,17,"40,00","3 036,97","56,24",1,0,41,304,1107,119,0,0,74,230,"34,84","47 501,15","33,66",107,0,603,Total set,304,1107,119,0,0,74,230,"34,84","47 501,15","33,66",107,0,603,Total,47595,4649,16941,0,64,41053,6542,"53,02","6 309 992,65","120,78",17076,134,87094
Data,Ocup,Opção,Cheg,Oferta/Uso Interno,Deduz. Individ.,Deduz. Grupos,% Ocup.,Receita Quartos,Preço Médio,Saídas,Quartos FdS,Adul. / Cri.,setembro,Previsão,24-set-2026 qui,20,37,0,0,0,3,17,"42,22","2 889,44","50,69",1,0,39,304,1107,119,0,0,74,230,"34,84","47 501,15","33,66",107,0,603,Total set,304,1107,119,0,0,74,230,"34,84","47 501,15","33,66",107,0,603,Total,47595,4649,16941,0,64,41053,6542,"53,02","6 309 992,65","120,78",17076,134,87094
Data,Ocup,Opção,Cheg,Oferta/Uso Interno,Deduz. Individ.,Deduz. Grupos,% Ocup.,Receita Quartos,Preço Médio,Saídas,Quartos FdS,Adul. / Cri.,setembro,Previsão,25-set-2026 sex,21,33,2,0,0,4,17,"40,00","3 155,52","58,44",1,0,41,304,1107,119,0,0,74,230,"34,84","47 501,15","33,66",107,0,603,Total set,304,1107,119,0,0,74,230,"34,84","47 501,15","33,66",107,0,603,Total,47595,4649,16941,0,64,41053,6542,"53,02","6 309 992,65","120,78",17076,134,87094
Data,Ocup,Opção,Cheg,Oferta/Uso Interno,Deduz. Individ.,Deduz. Grupos,% Ocup.,Receita Quartos,Preço Médio,Saídas,Quartos FdS,Adul. / Cri.,setembro,Previsão,26-set-2026 sáb,2,15,1,0,0,1,1,"12,59","263,40","15,49",20,0,4,304,1107,119,0,0,74,230,"34,84","47 501,15","33,66",107,0,603,Total set,304,1107,119,0,0,74,230,"34,84","47 501,15","33,66",107,0,603,Total,47595,4649,16941,0,64,41053,6542,"53,02","6 309 992,65","120,78",17076,134,87094
Data,Ocup,Opção,Cheg,Oferta/Uso Interno,Deduz. Individ.,Deduz. Grupos,% Ocup.,Receita Quartos,Preço Médio,Saídas,Quartos FdS,Adul. / Cri.,setembro,Previsão,27-set-2026 dom,0,36,0,0,0,0,0,"26,67",-,-,2,0,0,304,1107,119,0,0,74,230,"34,84","47 501,15","33,66",107,0,603,Total set,304,1107,119,0,0,74,230,"34,84","47 501,15","33,66",107,0,603,Total,47595,4649,16941,0,64,41053,6542,"53,02","6 309 992,65","120,78",17076,134,87094
Data,Ocup,Opção,Cheg,Oferta/Uso Interno,Deduz. Individ.,Deduz. Grupos,% Ocup.,Receita Quartos,Preço Médio,Saídas,Quartos FdS,Adul. / Cri.,setembro,Previsão,28-set-2026 seg,2,56,2,0,0,2,0,"42,96","392,13","6,76",0,0,4,304,1107,119,0,0,74,230,"34,84","47 501,15","33,66",107,0,603,Total set,304,1107,119,0,0,74,230,"34,84","47 501,15","33,66",107,0,603,Total,47595,4649,16941,0,64,41053,6542,"53,02","6 309 992,65","120,78",17076,134,87094
Data,Ocup,Opção,Cheg,Oferta/Uso Interno,Deduz. Individ.,Deduz. Grupos,% Ocup.,Receita Quartos,Preço Médio,Saídas,Quartos FdS,Adul. / Cri.,setembro,Previsão,29-set-2026 ter,2,69,1,0,0,1,1,"52,59","348,56","4,91",1,0,3,304,1107,119,0,0,74,230,"34,84","47 501,15","33,66",107,0,603,Total set,304,1107,119,0,0,74,230,"34,84","47 501,15","33,66",107,0,603,Total,47595,4649,16941,0,64,41053,6542,"53,02","6 309 992,65","120,78",17076,134,87094
Data,Ocup,Opção,Cheg,Oferta/Uso Interno,Deduz. Individ.,Deduz. Grupos,% Ocup.,Receita Quartos,Preço Médio,Saídas,Quartos FdS,Adul. / Cri.,setembro,Previsão,30-set-2026 qua,17,55,16,0,0,0,17,"53,33","2 494,59","34,65",1,0,33,304,1107,119,0,0,74,230,"34,84","47 501,15","33,66",107,0,603,Total set,304,1107,119,0,0,74,230,"34,84","47 501,15","33,66",107,0,603,Total,47595,4649,16941,0,64,41053,6542,"53,02","6 309 992,65","120,78",17076,134,87094
Data,Ocup,Opção,Cheg,Oferta/Uso Interno,Deduz. Individ.,Deduz. Grupos,% Ocup.,Receita Quartos,Preço Médio,Saídas,Quartos FdS,Adul. / Cri.,outubro,Previsão,01-out-2026 qui,17,39,0,0,0,0,17,"41,48","2 494,59","44,55",0,0,33,297,486,95,0,0,54,243,"18,71","44 760,99","57,17",112,0,584,Total out,297,486,95,0,0,54,243,"18,71","44 760,99","57,17",112,0,584,Total,47595,4649,16941,0,64,41053,6542,"53,02","6 309 992,65","120,78",17076,134,87094
Data,Ocup,Opção,Cheg,Oferta/Uso Interno,Deduz. Individ.,Deduz. Grupos,% Ocup.,Receita Quartos,Preço Médio,Saídas,Quartos FdS,Adul. / Cri.,outubro,Previsão,02-out-2026 sex,17,13,0,0,0,0,17,"22,22","2 494,59","83,15",0,0,33,297,486,95,0,0,54,243,"18,71","44 760,99","57,17",112,0,584,Total out,297,486,95,0,0,54,243,"18,71","44 760,99","57,17",112,0,584,Total,47595,4649,16941,0,64,41053,6542,"53,02","6 309 992,65","120,78",17076,134,87094
Data,Ocup,Opção,Cheg,Oferta/Uso Interno,Deduz. Individ.,Deduz. Grupos,% Ocup.,Receita Quartos,Preço Médio,Saídas,Quartos FdS,Adul. / Cri.,outubro,Previsão,03-out-2026 sáb,0,18,0,0,0,0,0,"13,33",-,-,17,0,0,297,486,95,0,0,54,243,"18,71","44 760,99","57,17",112,0,584,Total out,297,486,95,0,0,54,243,"18,71","44 760,99","57,17",112,0,584,Total,47595,4649,16941,0,64,41053,6542,"53,02","6 309 992,65","120,78",17076,134,87094
Data,Ocup,Opção,Cheg,Oferta/Uso Interno,Deduz. Individ.,Deduz. Grupos,% Ocup.,Receita Quartos,Preço Médio,Saídas,Quartos FdS,Adul. / Cri.,outubro,Previsão,04-out-2026 dom,2,14,2,0,0,2,0,"11,85","359,21","22,45",0,0,4,297,486,95,0,0,54,243,"18,71","44 760,99","57,17",112,0,584,Total out,297,486,95,0,0,54,243,"18,71","44 760,99","57,17",112,0,584,Total,47595,4649,16941,0,64,41053,6542,"53,02","6 309 992,65","120,78",17076,134,87094
Data,Ocup,Opção,Cheg,Oferta/Uso Interno,Deduz. Individ.,Deduz. Grupos,% Ocup.,Receita Quartos,Preço Médio,Saídas,Quartos FdS,Adul. / Cri.,outubro,Previsão,05-out-2026 seg,9,14,7,0,0,9,0,"17,04","1 459,99","63,48",0,0,15,297,486,95,0,0,54,243,"18,71","44 760,99","57,17",112,0,584,Total out,297,486,95,0,0,54,243,"18,71","44 760,99","57,17",112,0,584,Total,47595,4649,16941,0,64,41053,6542,"53,02","6 309 992,65","120,78",17076,134,87094
Data,Ocup,Opção,Cheg,Oferta/Uso Interno,Deduz. Individ.,Deduz. Grupos,% Ocup.,Receita Quartos,Preço Médio,Saídas,Quartos FdS,Adul. / Cri.,outubro,Previsão,06-out-2026 ter,11,5,2,0,0,9,2,"11,85","1 738,83","108,68",0,0,18,297,486,95,0,0,54,243,"18,71","44 760,99","57,17",112,0,584,Total out,297,486,95,0,0,54,243,"18,71","44 760,99","57,17",112,0,584,Total,47595,4649,16941,0,64,41053,6542,"53,02","6 309 992,65","120,78",17076,134,87094
Data,Ocup,Opção,Cheg,Oferta/Uso Interno,Deduz. Individ.,Deduz. Grupos,% Ocup.,Receita Quartos,Preço Médio,Saídas,Quartos FdS,Adul. / Cri.,outubro,Previsão,07-out-2026 qua,18,14,17,0,0,1,17,"23,70","2 603,73","81,37",10,0,35,297,486,95,0,0,54,243,"18,71","44 760,99","57,17",112,0,584,Total out,297,486,95,0,0,54,243,"18,71","44 760,99","57,17",112,0,584,Total,47595,4649,16941,0,64,41053,6542,"53,02","6 309 992,65","120,78",17076,134,87094
Data,Ocup,Opção,Cheg,Oferta/Uso Interno,Deduz. Individ.,Deduz. Grupos,% Ocup.,Receita Quartos,Preço Médio,Saídas,Quartos FdS,Adul. / Cri.,outubro,Previsão,08-out-2026 qui,18,18,0,0,0,1,17,"26,67","2 603,73","72,33",0,0,35,297,486,95,0,0,54,243,"18,71","44 760,99","57,17",112,0,584,Total out,297,486,95,0,0,54,243,"18,71","44 760,99","57,17",112,0,584,Total,47595,4649,16941,0,64,41053,6542,"53,02","6 309 992,65","120,78",17076,134,87094
Data,Ocup,Opção,Cheg,Oferta/Uso Interno,Deduz. Individ.,Deduz. Grupos,% Ocup.,Receita Quartos,Preço Médio,Saídas,Quartos FdS,Adul. / Cri.,outubro,Previsão,09-out-2026 sex,19,14,1,0,0,2,17,"24,44","2 759,91","83,63",0,0,37,297,486,95,0,0,54,243,"18,71","44 760,99","57,17",112,0,584,Total out,297,486,95,0,0,54,243,"18,71","44 760,99","57,17",112,0,584,Total,47595,4649,16941,0,64,41053,6542,"53,02","6 309 992,65","120,78",17076,134,87094
Data,Ocup,Opção,Cheg,Oferta/Uso Interno,Deduz. Individ.,Deduz. Grupos,% Ocup.,Receita Quartos,Preço Médio,Saídas,Quartos FdS,Adul. / Cri.,outubro,Previsão,10-out-2026 sáb,5,48,4,0,0,5,0,"39,26","1 525,96","28,79",18,0,17,297,486,95,0,0,54,243,"18,71","44 760,99","57,17",112,0,584,Total out,297,486,95,0,0,54,243,"18,71","44 760,99","57,17",112,0,584,Total,47595,4649,16941,0,64,41053,6542,"53,02","6 309 992,65","120,78",17076,134,87094
Data,Ocup,Opção,Cheg,Oferta/Uso Interno,Deduz. Individ.,Deduz. Grupos,% Ocup.,Receita Quartos,Preço Médio,Saídas,Quartos FdS,Adul. / Cri.,outubro,Previsão,11-out-2026 dom,4,44,0,0,0,4,0,"35,56","1 273,21","26,53",1,0,15,297,486,95,0,0,54,243,"18,71","44 760,99","57,17",112,0,584,Total out,297,486,95,0,0,54,243,"18,71","44 760,99","57,17",112,0,584,Total,47595,4649,16941,0,64,41053,6542,"53,02","6 309 992,65","120,78",17076,134,87094
Data,Ocup,Opção,Cheg,Oferta/Uso Interno,Deduz. Individ.,Deduz. Grupos,% Ocup.,Receita Quartos,Preço Médio,Saídas,Quartos FdS,Adul. / Cri.,outubro,Previsão,12-out-2026 seg,0,44,0,0,0,0,0,"32,59",-,-,4,0,0,297,486,95,0,0,54,243,"18,71","44 760,99","57,17",112,0,584,Total out,297,486,95,0,0,54,243,"18,71","44 760,99","57,17",112,0,584,Total,47595,4649,16941,0,64,41053,6542,"53,02","6 309 992,65","120,78",17076,134,87094
Data,Ocup,Opção,Cheg,Oferta/Uso Interno,Deduz. Individ.,Deduz. Grupos,% Ocup.,Receita Quartos,Preço Médio,Saídas,Quartos FdS,Adul. / Cri.,outubro,Previsão,13-out-2026 ter,4,35,4,0,0,3,1,"28,89","600,91","15,41",0,0,7,297,486,95,0,0,54,243,"18,71","44 760,99","57,17",112,0,584,Total out,297,486,95,0,0,54,243,"18,71","44 760,99","57,17",112,0,584,Total,47595,4649,16941,0,64,41053,6542,"53,02","6 309 992,65","120,78",17076,134,87094
Data,Ocup,Opção,Cheg,Oferta/Uso Interno,Deduz. Individ.,Deduz. Grupos,% Ocup.,Receita Quartos,Preço Médio,Saídas,Quartos FdS,Adul. / Cri.,outubro,Previsão,14-out-2026 qua,18,14,16,0,0,1,17,"23,70","2 607,75","81,49",2,0,35,297,486,95,0,0,54,243,"18,71","44 760,99","57,17",112,0,584,Total out,297,486,95,0,0,54,243,"18,71","44 760,99","57,17",112,0,584,Total,47595,4649,16941,0,64,41053,6542,"53,02","6 309 992,65","120,78",17076,134,87094
Data,Ocup,Opção,Cheg,Oferta/Uso Interno,Deduz. Individ.,Deduz. Grupos,% Ocup.,Receita Quartos,Preço Médio,Saídas,Quartos FdS,Adul. / Cri.,outubro,Previsão,15-out-2026 qui,17,19,0,0,0,0,17,"26,67","2 494,59","69,29",1,0,33,297,486,95,0,0,54,243,"18,71","44 760,99","57,17",112,0,584,Total out,297,486,95,0,0,54,243,"18,71","44 760,99","57,17",112,0,584,Total,47595,4649,16941,0,64,41053,6542,"53,02","6 309 992,65","120,78",17076,134,87094
Data,Ocup,Opção,Cheg,Oferta/Uso Interno,Deduz. Individ.,Deduz. Grupos,% Ocup.,Receita Quartos,Preço Médio,Saídas,Quartos FdS,Adul. / Cri.,outubro,Previsão,16-out-2026 sex,18,15,1,0,0,1,17,"24,44","2 641,73","80,05",0,0,35,297,486,95,0,0,54,243,"18,71","44 760,99","57,17",112,0,584,Total out,297,486,95,0,0,54,243,"18,71","44 760,99","57,17",112,0,584,Total,47595,4649,16941,0,64,41053,6542,"53,02","6 309 992,65","120,78",17076,134,87094
Data,Ocup,Opção,Cheg,Oferta/Uso Interno,Deduz. Individ.,Deduz. Grupos,% Ocup.,Receita Quartos,Preço Médio,Saídas,Quartos FdS,Adul. / Cri.,outubro,Previsão,17-out-2026 sáb,1,18,0,0,0,1,0,"14,07","147,13","7,74",17,0,2,297,486,95,0,0,54,243,"18,71","44 760,99","57,17",112,0,584,Total out,297,486,95,0,0,54,243,"18,71","44 760,99","57,17",112,0,584,Total,47595,4649,16941,0,64,41053,6542,"53,02","6 309 992,65","120,78",17076,134,87094
Data,Ocup,Opção,Cheg,Oferta/Uso Interno,Deduz. Individ.,Deduz. Grupos,% Ocup.,Receita Quartos,Preço Médio,Saídas,Quartos FdS,Adul. / Cri.,outubro,Previsão,18-out-2026 dom,2,14,2,0,0,2,0,"11,85","204,28","12,77",1,0,4,297,486,95,0,0,54,243,"18,71","44 760,99","57,17",112,0,584,Total out,297,486,95,0,0,54,243,"18,71","44 760,99","57,17",112,0,584,Total,47595,4649,16941,0,64,41053,6542,"53,02","6 309 992,65","120,78",17076,134,87094
Data,Ocup,Opção,Cheg,Oferta/Uso Interno,Deduz. Individ.,Deduz. Grupos,% Ocup.,Receita Quartos,Preço Médio,Saídas,Quartos FdS,Adul. / Cri.,outubro,Previsão,19-out-2026 seg,3,13,1,0,0,3,0,"11,85","313,41","19,59",0,0,6,297,486,95,0,0,54,243,"18,71","44 760,99","57,17",112,0,584,Total out,297,486,95,0,0,54,243,"18,71","44 760,99","57,17",112,0,584,Total,47595,4649,16941,0,64,41053,6542,"53,02","6 309 992,65","120,78",17076,134,87094
Data,Ocup,Opção,Cheg,Oferta/Uso Interno,Deduz. Individ.,Deduz. Grupos,% Ocup.,Receita Quartos,Preço Médio,Saídas,Quartos FdS,Adul. / Cri.,outubro,Previsão,20-out-2026 ter,5,0,3,0,0,4,1,"3,70","597,39","119,48",1,0,9,297,486,95,0,0,54,243,"18,71","44 760,99","57,17",112,0,584,Total out,297,486,95,0,0,54,243,"18,71","44 760,99","57,17",112,0,584,Total,47595,4649,16941,0,64,41053,6542,"53,02","6 309 992,65","120,78",17076,134,87094
Data,Ocup,Opção,Cheg,Oferta/Uso Interno,Deduz. Individ.,Deduz. Grupos,% Ocup.,Receita Quartos,Preço Médio,Saídas,Quartos FdS,Adul. / Cri.,outubro,Previsão,21-out-2026 qua,18,0,16,0,0,1,17,"13,33","2 603,73","144,65",3,0,35,297,486,95,0,0,54,243,"18,71","44 760,99","57,17",112,0,584,Total out,297,486,95,0,0,54,243,"18,71","44 760,99","57,17",112,0,584,Total,47595,4649,16941,0,64,41053,6542,"53,02","6 309 992,65","120,78",17076,134,87094
Data,Ocup,Opção,Cheg,Oferta/Uso Interno,Deduz. Individ.,Deduz. Grupos,% Ocup.,Receita Quartos,Preço Médio,Saídas,Quartos FdS,Adul. / Cri.,outubro,Previsão,22-out-2026 qui,17,4,0,0,0,0,17,"15,56","2 494,59","118,79",1,0,33,297,486,95,0,0,54,243,"18,71","44 760,99","57,17",112,0,584,Total out,297,486,95,0,0,54,243,"18,71","44 760,99","57,17",112,0,584,Total,47595,4649,16941,0,64,41053,6542,"53,02","6 309 992,65","120,78",17076,134,87094
Data,Ocup,Opção,Cheg,Oferta/Uso Interno,Deduz. Individ.,Deduz. Grupos,% Ocup.,Receita Quartos,Preço Médio,Saídas,Quartos FdS,Adul. / Cri.,outubro,Previsão,23-out-2026 sex,18,13,1,0,0,1,17,"22,96","2 641,73","85,22",0,0,35,297,486,95,0,0,54,243,"18,71","44 760,99","57,17",112,0,584,Total out,297,486,95,0,0,54,243,"18,71","44 760,99","57,17",112,0,584,Total,47595,4649,16941,0,64,41053,6542,"53,02","6 309 992,65","120,78",17076,134,87094
Data,Ocup,Opção,Cheg,Oferta/Uso Interno,Deduz. Individ.,Deduz. Grupos,% Ocup.,Receita Quartos,Preço Médio,Saídas,Quartos FdS,Adul. / Cri.,outubro,Previsão,24-out-2026 sáb,1,17,0,0,0,1,0,"13,33","147,13","8,17",17,0,2,297,486,95,0,0,54,243,"18,71","44 760,99","57,17",112,0,584,Total out,297,486,95,0,0,54,243,"18,71","44 760,99","57,17",112,0,584,Total,47595,4649,16941,0,64,41053,6542,"53,02","6 309 992,65","120,78",17076,134,87094
Data,Ocup,Opção,Cheg,Oferta/Uso Interno,Deduz. Individ.,Deduz. Grupos,% Ocup.,Receita Quartos,Preço Médio,Saídas,Quartos FdS,Adul. / Cri.,outubro,Previsão,25-out-2026 dom,0,26,0,0,0,0,0,"19,26",-,-,1,0,0,297,486,95,0,0,54,243,"18,71","44 760,99","57,17",112,0,584,Total out,297,486,95,0,0,54,243,"18,71","44 760,99","57,17",112,0,584,Total,47595,4649,16941,0,64,41053,6542,"53,02","6 309 992,65","120,78",17076,134,87094
Data,Ocup,Opção,Cheg,Oferta/Uso Interno,Deduz. Individ.,Deduz. Grupos,% Ocup.,Receita Quartos,Preço Médio,Saídas,Quartos FdS,Adul. / Cri.,outubro,Previsão,26-out-2026 seg,0,13,0,0,0,0,0,"9,63",-,-,0,0,0,297,486,95,0,0,54,243,"18,71","44 760,99","57,17",112,0,584,Total out,297,486,95,0,0,54,243,"18,71","44 760,99","57,17",112,0,584,Total,47595,4649,16941,0,64,41053,6542,"53,02","6 309 992,65","120,78",17076,134,87094
Data,Ocup,Opção,Cheg,Oferta/Uso Interno,Deduz. Individ.,Deduz. Grupos,% Ocup.,Receita Quartos,Preço Médio,Saídas,Quartos FdS,Adul. / Cri.,outubro,Previsão,27-out-2026 ter,2,0,2,0,0,1,1,"1,48","250,82","125,41",0,0,3,297,486,95,0,0,54,243,"18,71","44 760,99","57,17",112,0,584,Total out,297,486,95,0,0,54,243,"18,71","44 760,99","57,17",112,0,584,Total,47595,4649,16941,0,64,41053,6542,"53,02","6 309 992,65","120,78",17076,134,87094
Data,Ocup,Opção,Cheg,Oferta/Uso Interno,Deduz. Individ.,Deduz. Grupos,% Ocup.,Receita Quartos,Preço Médio,Saídas,Quartos FdS,Adul. / Cri.,outubro,Previsão,28-out-2026 qua,18,0,16,0,0,1,17,"13,33","2 603,73","144,65",0,0,35,297,486,95,0,0,54,243,"18,71","44 760,99","57,17",112,0,584,Total out,297,486,95,0,0,54,243,"18,71","44 760,99","57,17",112,0,584,Total,47595,4649,16941,0,64,41053,6542,"53,02","6 309 992,65","120,78",17076,134,87094
Data,Ocup,Opção,Cheg,Oferta/Uso Interno,Deduz. Individ.,Deduz. Grupos,% Ocup.,Receita Quartos,Preço Médio,Saídas,Quartos FdS,Adul. / Cri.,outubro,Previsão,29-out-2026 qui,18,0,0,0,0,1,17,"13,33","2 603,73","144,65",0,0,35,297,486,95,0,0,54,243,"18,71","44 760,99","57,17",112,0,584,Total out,297,486,95,0,0,54,243,"18,71","44 760,99","57,17",112,0,584,Total,47595,4649,16941,0,64,41053,6542,"53,02","6 309 992,65","120,78",17076,134,87094
Data,Ocup,Opção,Cheg,Oferta/Uso Interno,Deduz. Individ.,Deduz. Grupos,% Ocup.,Receita Quartos,Preço Médio,Saídas,Quartos FdS,Adul. / Cri.,outubro,Previsão,30-out-2026 sex,17,0,0,0,0,0,17,"12,59","2 494,59","146,74",1,0,33,297,486,95,0,0,54,243,"18,71","44 760,99","57,17",112,0,584,Total out,297,486,95,0,0,54,243,"18,71","44 760,99","57,17",112,0,584,Total,47595,4649,16941,0,64,41053,6542,"53,02","6 309 992,65","120,78",17076,134,87094
Data,Ocup,Opção,Cheg,Oferta/Uso Interno,Deduz. Individ.,Deduz. Grupos,% Ocup.,Receita Quartos,Preço Médio,Saídas,Quartos FdS,Adul. / Cri.,outubro,Previsão,31-out-2026 sáb,0,0,0,0,0,0,0,-,-,NaN,17,0,0,297,486,95,0,0,54,243,"18,71","44 760,99","57,17",112,0,584,Total out,297,486,95,0,0,54,243,"18,71","44 760,99","57,17",112,0,584,Total,47595,4649,16941,0,64,41053,6542,"53,02","6 309 992,65","120,78",17076,134,87094
Data,Ocup,Opção,Cheg,Oferta/Uso Interno,Deduz. Individ.,Deduz. Grupos,% Ocup.,Receita Quartos,Preço Médio,Saídas,Quartos FdS,Adul. / Cri.,novembro,Previsão,01-nov-2026 dom,0,0,0,0,0,0,0,-,-,NaN,0,0,0,7,140,3,0,0,7,0,"3,63","840,57","5,72",3,0,9,Total nov,7,140,3,0,0,7,0,"3,63","840,57","5,72",3,0,9,Total,47595,4649,16941,0,64,41053,6542,"53,02","6 309 992,65","120,78",17076,134,87094
Data,Ocup,Opção,Cheg,Oferta/Uso Interno,Deduz. Individ.,Deduz. Grupos,% Ocup.,Receita Quartos,Preço Médio,Saídas,Quartos FdS,Adul. / Cri.,novembro,Previsão,02-nov-2026 seg,0,0,0,0,0,0,0,-,-,NaN,0,0,0,7,140,3,0,0,7,0,"3,63","840,57","5,72",3,0,9,Total nov,7,140,3,0,0,7,0,"3,63","840,57","5,72",3,0,9,Total,47595,4649,16941,0,64,41053,6542,"53,02","6 309 992,65","120,78",17076,134,87094
Data,Ocup,Opção,Cheg,Oferta/Uso Interno,Deduz. Individ.,Deduz. Grupos,% Ocup.,Receita Quartos,Preço Médio,Saídas,Quartos FdS,Adul. / Cri.,novembro,Previsão,03-nov-2026 ter,0,0,0,0,0,0,0,-,-,NaN,0,0,0,7,140,3,0,0,7,0,"3,63","840,57","5,72",3,0,9,Total nov,7,140,3,0,0,7,0,"3,63","840,57","5,72",3,0,9,Total,47595,4649,16941,0,64,41053,6542,"53,02","6 309 992,65","120,78",17076,134,87094
Data,Ocup,Opção,Cheg,Oferta/Uso Interno,Deduz. Individ.,Deduz. Grupos,% Ocup.,Receita Quartos,Preço Médio,Saídas,Quartos FdS,Adul. / Cri.,novembro,Previsão,04-nov-2026 qua,0,0,0,0,0,0,0,-,-,NaN,0,0,0,7,140,3,0,0,7,0,"3,63","840,57","5,72",3,0,9,Total nov,7,140,3,0,0,7,0,"3,63","840,57","5,72",3,0,9,Total,47595,4649,16941,0,64,41053,6542,"53,02","6 309 992,65","120,78",17076,134,87094
Data,Ocup,Opção,Cheg,Oferta/Uso Interno,Deduz. Individ.,Deduz. Grupos,% Ocup.,Receita Quartos,Preço Médio,Saídas,Quartos FdS,Adul. / Cri.,novembro,Previsão,05-nov-2026 qui,0,0,0,0,0,0,0,-,-,NaN,0,0,0,7,140,3,0,0,7,0,"3,63","840,57","5,72",3,0,9,Total nov,7,140,3,0,0,7,0,"3,63","840,57","5,72",3,0,9,Total,47595,4649,16941,0,64,41053,6542,"53,02","6 309 992,65","120,78",17076,134,87094
Data,Ocup,Opção,Cheg,Oferta/Uso Interno,Deduz. Individ.,Deduz. Grupos,% Ocup.,Receita Quartos,Preço Médio,Saídas,Quartos FdS,Adul. / Cri.,novembro,Previsão,06-nov-2026 sex,1,0,1,0,0,1,0,"0,74","127,02","127,02",0,0,1,7,140,3,0,0,7,0,"3,63","840,57","5,72",3,0,9,Total nov,7,140,3,0,0,7,0,"3,63","840,57","5,72",3,0,9,Total,47595,4649,16941,0,64,41053,6542,"53,02","6 309 992,65","120,78",17076,134,87094
Data,Ocup,Opção,Cheg,Oferta/Uso Interno,Deduz. Individ.,Deduz. Grupos,% Ocup.,Receita Quartos,Preço Médio,Saídas,Quartos FdS,Adul. / Cri.,novembro,Previsão,07-nov-2026 sáb,1,0,0,0,0,1,0,"0,74","127,02","127,02",0,0,1,7,140,3,0,0,7,0,"3,63","840,57","5,72",3,0,9,Total nov,7,140,3,0,0,7,0,"3,63","840,57","5,72",3,0,9,Total,47595,4649,16941,0,64,41053,6542,"53,02","6 309 992,65","120,78",17076,134,87094
Data,Ocup,Opção,Cheg,Oferta/Uso Interno,Deduz. Individ.,Deduz. Grupos,% Ocup.,Receita Quartos,Preço Médio,Saídas,Quartos FdS,Adul. / Cri.,novembro,Previsão,08-nov-2026 dom,1,0,0,0,0,1,0,"0,74","112,58","112,58",0,0,1,7,140,3,0,0,7,0,"3,63","840,57","5,72",3,0,9,Total nov,7,140,3,0,0,7,0,"3,63","840,57","5,72",3,0,9,Total,47595,4649,16941,0,64,41053,6542,"53,02","6 309 992,65","120,78",17076,134,87094
Data,Ocup,Opção,Cheg,Oferta/Uso Interno,Deduz. Individ.,Deduz. Grupos,% Ocup.,Receita Quartos,Preço Médio,Saídas,Quartos FdS,Adul. / Cri.,novembro,Previsão,09-nov-2026 seg,0,0,0,0,0,0,0,-,-,NaN,1,0,0,7,140,3,0,0,7,0,"3,63","840,57","5,72",3,0,9,Total nov,7,140,3,0,0,7,0,"3,63","840,57","5,72",3,0,9,Total,47595,4649,16941,0,64,41053,6542,"53,02","6 309 992,65","120,78",17076,134,87094
Data,Ocup,Opção,Cheg,Oferta/Uso Interno,Deduz. Individ.,Deduz. Grupos,% Ocup.,Receita Quartos,Preço Médio,Saídas,Quartos FdS,Adul. / Cri.,novembro,Previsão,10-nov-2026 ter,0,0,0,0,0,0,0,-,-,NaN,0,0,0,7,140,3,0,0,7,0,"3,63","840,57","5,72",3,0,9,Total nov,7,140,3,0,0,7,0,"3,63","840,57","5,72",3,0,9,Total,47595,4649,16941,0,64,41053,6542,"53,02","6 309 992,65","120,78",17076,134,87094
Data,Ocup,Opção,Cheg,Oferta/Uso Interno,Deduz. Individ.,Deduz. Grupos,% Ocup.,Receita Quartos,Preço Médio,Saídas,Quartos FdS,Adul. / Cri.,novembro,Previsão,11-nov-2026 qua,0,0,0,0,0,0,0,-,-,NaN,0,0,0,7,140,3,0,0,7,0,"3,63","840,57","5,72",3,0,9,Total nov,7,140,3,0,0,7,0,"3,63","840,57","5,72",3,0,9,Total,47595,4649,16941,0,64,41053,6542,"53,02","6 309 992,65","120,78",17076,134,87094
Data,Ocup,Opção,Cheg,Oferta/Uso Interno,Deduz. Individ.,Deduz. Grupos,% Ocup.,Receita Quartos,Preço Médio,Saídas,Quartos FdS,Adul. / Cri.,novembro,Previsão,12-nov-2026 qui,0,0,0,0,0,0,0,-,-,NaN,0,0,0,7,140,3,0,0,7,0,"3,63","840,57","5,72",3,0,9,Total nov,7,140,3,0,0,7,0,"3,63","840,57","5,72",3,0,9,Total,47595,4649,16941,0,64,41053,6542,"53,02","6 309 992,65","120,78",17076,134,87094
Data,Ocup,Opção,Cheg,Oferta/Uso Interno,Deduz. Individ.,Deduz. Grupos,% Ocup.,Receita Quartos,Preço Médio,Saídas,Quartos FdS,Adul. / Cri.,novembro,Previsão,13-nov-2026 sex,0,0,0,0,0,0,0,-,-,NaN,0,0,0,7,140,3,0,0,7,0,"3,63","840,57","5,72",3,0,9,Total nov,7,140,3,0,0,7,0,"3,63","840,57","5,72",3,0,9,Total,47595,4649,16941,0,64,41053,6542,"53,02","6 309 992,65","120,78",17076,134,87094
Data,Ocup,Opção,Cheg,Oferta/Uso Interno,Deduz. Individ.,Deduz. Grupos,% Ocup.,Receita Quartos,Preço Médio,Saídas,Quartos FdS,Adul. / Cri.,novembro,Previsão,14-nov-2026 sáb,0,4,0,0,0,0,0,"2,96",-,-,0,0,0,7,140,3,0,0,7,0,"3,63","840,57","5,72",3,0,9,Total nov,7,140,3,0,0,7,0,"3,63","840,57","5,72",3,0,9,Total,47595,4649,16941,0,64,41053,6542,"53,02","6 309 992,65","120,78",17076,134,87094
Data,Ocup,Opção,Cheg,Oferta/Uso Interno,Deduz. Individ.,Deduz. Grupos,% Ocup.,Receita Quartos,Preço Médio,Saídas,Quartos FdS,Adul. / Cri.,novembro,Previsão,15-nov-2026 dom,0,13,0,0,0,0,0,"9,63",-,-,0,0,0,7,140,3,0,0,7,0,"3,63","840,57","5,72",3,0,9,Total nov,7,140,3,0,0,7,0,"3,63","840,57","5,72",3,0,9,Total,47595,4649,16941,0,64,41053,6542,"53,02","6 309 992,65","120,78",17076,134,87094
Data,Ocup,Opção,Cheg,Oferta/Uso Interno,Deduz. Individ.,Deduz. Grupos,% Ocup.,Receita Quartos,Preço Médio,Saídas,Quartos FdS,Adul. / Cri.,novembro,Previsão,16-nov-2026 seg,0,33,0,0,0,0,0,"24,44",-,-,0,0,0,7,140,3,0,0,7,0,"3,63","840,57","5,72",3,0,9,Total nov,7,140,3,0,0,7,0,"3,63","840,57","5,72",3,0,9,Total,47595,4649,16941,0,64,41053,6542,"53,02","6 309 992,65","120,78",17076,134,87094
Data,Ocup,Opção,Cheg,Oferta/Uso Interno,Deduz. Individ.,Deduz. Grupos,% Ocup.,Receita Quartos,Preço Médio,Saídas,Quartos FdS,Adul. / Cri.,novembro,Previsão,17-nov-2026 ter,1,20,1,0,0,1,0,"15,56","132,45","6,31",0,0,2,7,140,3,0,0,7,0,"3,63","840,57","5,72",3,0,9,Total nov,7,140,3,0,0,7,0,"3,63","840,57","5,72",3,0,9,Total,47595,4649,16941,0,64,41053,6542,"53,02","6 309 992,65","120,78",17076,134,87094
Data,Ocup,Opção,Cheg,Oferta/Uso Interno,Deduz. Individ.,Deduz. Grupos,% Ocup.,Receita Quartos,Preço Médio,Saídas,Quartos FdS,Adul. / Cri.,novembro,Previsão,18-nov-2026 qua,1,20,0,0,0,1,0,"15,56","132,45","6,31",0,0,2,7,140,3,0,0,7,0,"3,63","840,57","5,72",3,0,9,Total nov,7,140,3,0,0,7,0,"3,63","840,57","5,72",3,0,9,Total,47595,4649,16941,0,64,41053,6542,"53,02","6 309 992,65","120,78",17076,134,87094
Data,Ocup,Opção,Cheg,Oferta/Uso Interno,Deduz. Individ.,Deduz. Grupos,% Ocup.,Receita Quartos,Preço Médio,Saídas,Quartos FdS,Adul. / Cri.,novembro,Previsão,19-nov-2026 qui,0,20,0,0,0,0,0,"14,81",-,-,1,0,0,7,140,3,0,0,7,0,"3,63","840,57","5,72",3,0,9,Total nov,7,140,3,0,0,7,0,"3,63","840,57","5,72",3,0,9,Total,47595,4649,16941,0,64,41053,6542,"53,02","6 309 992,65","120,78",17076,134,87094
Data,Ocup,Opção,Cheg,Oferta/Uso Interno,Deduz. Individ.,Deduz. Grupos,% Ocup.,Receita Quartos,Preço Médio,Saídas,Quartos FdS,Adul. / Cri.,novembro,Previsão,20-nov-2026 sex,0,0,0,0,0,0,0,-,-,NaN,0,0,0,7,140,3,0,0,7,0,"3,63","840,57","5,72",3,0,9,Total nov,7,140,3,0,0,7,0,"3,63","840,57","5,72",3,0,9,Total,47595,4649,16941,0,64,41053,6542,"53,02","6 309 992,65","120,78",17076,134,87094
Data,Ocup,Opção,Cheg,Oferta/Uso Interno,Deduz. Individ.,Deduz. Grupos,% Ocup.,Receita Quartos,Preço Médio,Saídas,Quartos FdS,Adul. / Cri.,novembro,Previsão,21-nov-2026 sáb,0,4,0,0,0,0,0,"2,96",-,-,0,0,0,7,140,3,0,0,7,0,"3,63","840,57","5,72",3,0,9,Total nov,7,140,3,0,0,7,0,"3,63","840,57","5,72",3,0,9,Total,47595,4649,16941,0,64,41053,6542,"53,02","6 309 992,65","120,78",17076,134,87094
Data,Ocup,Opção,Cheg,Oferta/Uso Interno,Deduz. Individ.,Deduz. Grupos,% Ocup.,Receita Quartos,Preço Médio,Saídas,Quartos FdS,Adul. / Cri.,novembro,Previsão,22-nov-2026 dom,0,13,0,0,0,0,0,"9,63",-,-,0,0,0,7,140,3,0,0,7,0,"3,63","840,57","5,72",3,0,9,Total nov,7,140,3,0,0,7,0,"3,63","840,57","5,72",3,0,9,Total,47595,4649,16941,0,64,41053,6542,"53,02","6 309 992,65","120,78",17076,134,87094
Data,Ocup,Opção,Cheg,Oferta/Uso Interno,Deduz. Individ.,Deduz. Grupos,% Ocup.,Receita Quartos,Preço Médio,Saídas,Quartos FdS,Adul. / Cri.,novembro,Previsão,23-nov-2026 seg,0,13,0,0,0,0,0,"9,63",-,-,0,0,0,7,140,3,0,0,7,0,"3,63","840,57","5,72",3,0,9,Total nov,7,140,3,0,0,7,0,"3,63","840,57","5,72",3,0,9,Total,47595,4649,16941,0,64,41053,6542,"53,02","6 309 992,65","120,78",17076,134,87094
Data,Ocup,Opção,Cheg,Oferta/Uso Interno,Deduz. Individ.,Deduz. Grupos,% Ocup.,Receita Quartos,Preço Médio,Saídas,Quartos FdS,Adul. / Cri.,novembro,Previsão,24-nov-2026 ter,0,0,0,0,0,0,0,-,-,NaN,0,0,0,7,140,3,0,0,7,0,"3,63","840,57","5,72",3,0,9,Total nov,7,140,3,0,0,7,0,"3,63","840,57","5,72",3,0,9,Total,47595,4649,16941,0,64,41053,6542,"53,02","6 309 992,65","120,78",17076,134,87094
Data,Ocup,Opção,Cheg,Oferta/Uso Interno,Deduz. Individ.,Deduz. Grupos,% Ocup.,Receita Quartos,Preço Médio,Saídas,Quartos FdS,Adul. / Cri.,novembro,Previsão,25-nov-2026 qua,0,0,0,0,0,0,0,-,-,NaN,0,0,0,7,140,3,0,0,7,0,"3,63","840,57","5,72",3,0,9,Total nov,7,140,3,0,0,7,0,"3,63","840,57","5,72",3,0,9,Total,47595,4649,16941,0,64,41053,6542,"53,02","6 309 992,65","120,78",17076,134,87094
Data,Ocup,Opção,Cheg,Oferta/Uso Interno,Deduz. Individ.,Deduz. Grupos,% Ocup.,Receita Quartos,Preço Médio,Saídas,Quartos FdS,Adul. / Cri.,novembro,Previsão,26-nov-2026 qui,0,0,0,0,0,0,0,-,-,NaN,0,0,0,7,140,3,0,0,7,0,"3,63","840,57","5,72",3,0,9,Total nov,7,140,3,0,0,7,0,"3,63","840,57","5,72",3,0,9,Total,47595,4649,16941,0,64,41053,6542,"53,02","6 309 992,65","120,78",17076,134,87094
Data,Ocup,Opção,Cheg,Oferta/Uso Interno,Deduz. Individ.,Deduz. Grupos,% Ocup.,Receita Quartos,Preço Médio,Saídas,Quartos FdS,Adul. / Cri.,novembro,Previsão,27-nov-2026 sex,1,0,1,0,0,1,0,"0,74","104,52","104,52",0,0,1,7,140,3,0,0,7,0,"3,63","840,57","5,72",3,0,9,Total nov,7,140,3,0,0,7,0,"3,63","840,57","5,72",3,0,9,Total,47595,4649,16941,0,64,41053,6542,"53,02","6 309 992,65","120,78",17076,134,87094
Data,Ocup,Opção,Cheg,Oferta/Uso Interno,Deduz. Individ.,Deduz. Grupos,% Ocup.,Receita Quartos,Preço Médio,Saídas,Quartos FdS,Adul. / Cri.,novembro,Previsão,28-nov-2026 sáb,1,0,0,0,0,1,0,"0,74","104,52","104,52",0,0,1,7,140,3,0,0,7,0,"3,63","840,57","5,72",3,0,9,Total nov,7,140,3,0,0,7,0,"3,63","840,57","5,72",3,0,9,Total,47595,4649,16941,0,64,41053,6542,"53,02","6 309 992,65","120,78",17076,134,87094
Data,Ocup,Opção,Cheg,Oferta/Uso Interno,Deduz. Individ.,Deduz. Grupos,% Ocup.,Receita Quartos,Preço Médio,Saídas,Quartos FdS,Adul. / Cri.,novembro,Previsão,29-nov-2026 dom,0,0,0,0,0,0,0,-,-,NaN,1,0,0,7,140,3,0,0,7,0,"3,63","840,57","5,72",3,0,9,Total nov,7,140,3,0,0,7,0,"3,63","840,57","5,72",3,0,9,Total,47595,4649,16941,0,64,41053,6542,"53,02","6 309 992,65","120,78",17076,134,87094
Data,Ocup,Opção,Cheg,Oferta/Uso Interno,Deduz. Individ.,Deduz. Grupos,% Ocup.,Receita Quartos,Preço Médio,Saídas,Quartos FdS,Adul. / Cri.,novembro,Previsão,30-nov-2026 seg,0,0,0,0,0,0,0,-,-,NaN,0,0,0,7,140,3,0,0,7,0,"3,63","840,57","5,72",3,0,9,Total nov,7,140,3,0,0,7,0,"3,63","840,57","5,72",3,0,9,Total,47595,4649,16941,0,64,41053,6542,"53,02","6 309 992,65","120,78",17076,134,87094
Data,Ocup,Opção,Cheg,Oferta/Uso Interno,Deduz. Individ.,Deduz. Grupos,% Ocup.,Receita Quartos,Preço Médio,Saídas,Quartos FdS,Adul. / Cri.,dezembro,Previsão,01-dez-2026 ter,0,0,0,0,0,0,0,-,-,NaN,0,0,0,15,0,5,0,0,15,0,"0,36","1 871,18","124,75",5,0,29,Total dez,15,0,5,0,0,15,0,"0,36","1 871,18","124,75",5,0,29,Total,47595,4649,16941,0,64,41053,6542,"53,02","6 309 992,65","120,78",17076,134,87094
Data,Ocup,Opção,Cheg,Oferta/Uso Interno,Deduz. Individ.,Deduz. Grupos,% Ocup.,Receita Quartos,Preço Médio,Saídas,Quartos FdS,Adul. / Cri.,dezembro,Previsão,02-dez-2026 qua,0,0,0,0,0,0,0,-,-,NaN,0,0,0,15,0,5,0,0,15,0,"0,36","1 871,18","124,75",5,0,29,Total dez,15,0,5,0,0,15,0,"0,36","1 871,18","124,75",5,0,29,Total,47595,4649,16941,0,64,41053,6542,"53,02","6 309 992,65","120,78",17076,134,87094
Data,Ocup,Opção,Cheg,Oferta/Uso Interno,Deduz. Individ.,Deduz. Grupos,% Ocup.,Receita Quartos,Preço Médio,Saídas,Quartos FdS,Adul. / Cri.,dezembro,Previsão,03-dez-2026 qui,0,0,0,0,0,0,0,-,-,NaN,0,0,0,15,0,5,0,0,15,0,"0,36","1 871,18","124,75",5,0,29,Total dez,15,0,5,0,0,15,0,"0,36","1 871,18","124,75",5,0,29,Total,47595,4649,16941,0,64,41053,6542,"53,02","6 309 992,65","120,78",17076,134,87094
Data,Ocup,Opção,Cheg,Oferta/Uso Interno,Deduz. Individ.,Deduz. Grupos,% Ocup.,Receita Quartos,Preço Médio,Saídas,Quartos FdS,Adul. / Cri.,dezembro,Previsão,04-dez-2026 sex,0,0,0,0,0,0,0,-,-,NaN,0,0,0,15,0,5,0,0,15,0,"0,36","1 871,18","124,75",5,0,29,Total dez,15,0,5,0,0,15,0,"0,36","1 871,18","124,75",5,0,29,Total,47595,4649,16941,0,64,41053,6542,"53,02","6 309 992,65","120,78",17076,134,87094
Data,Ocup,Opção,Cheg,Oferta/Uso Interno,Deduz. Individ.,Deduz. Grupos,% Ocup.,Receita Quartos,Preço Médio,Saídas,Quartos FdS,Adul. / Cri.,dezembro,Previsão,05-dez-2026 sáb,0,0,0,0,0,0,0,-,-,NaN,0,0,0,15,0,5,0,0,15,0,"0,36","1 871,18","124,75",5,0,29,Total dez,15,0,5,0,0,15,0,"0,36","1 871,18","124,75",5,0,29,Total,47595,4649,16941,0,64,41053,6542,"53,02","6 309 992,65","120,78",17076,134,87094
Data,Ocup,Opção,Cheg,Oferta/Uso Interno,Deduz. Individ.,Deduz. Grupos,% Ocup.,Receita Quartos,Preço Médio,Saídas,Quartos FdS,Adul. / Cri.,dezembro,Previsão,06-dez-2026 dom,0,0,0,0,0,0,0,-,-,NaN,0,0,0,15,0,5,0,0,15,0,"0,36","1 871,18","124,75",5,0,29,Total dez,15,0,5,0,0,15,0,"0,36","1 871,18","124,75",5,0,29,Total,47595,4649,16941,0,64,41053,6542,"53,02","6 309 992,65","120,78",17076,134,87094
Data,Ocup,Opção,Cheg,Oferta/Uso Interno,Deduz. Individ.,Deduz. Grupos,% Ocup.,Receita Quartos,Preço Médio,Saídas,Quartos FdS,Adul. / Cri.,dezembro,Previsão,07-dez-2026 seg,0,0,0,0,0,0,0,-,-,NaN,0,0,0,15,0,5,0,0,15,0,"0,36","1 871,18","124,75",5,0,29,Total dez,15,0,5,0,0,15,0,"0,36","1 871,18","124,75",5,0,29,Total,47595,4649,16941,0,64,41053,6542,"53,02","6 309 992,65","120,78",17076,134,87094
Data,Ocup,Opção,Cheg,Oferta/Uso Interno,Deduz. Individ.,Deduz. Grupos,% Ocup.,Receita Quartos,Preço Médio,Saídas,Quartos FdS,Adul. / Cri.,dezembro,Previsão,08-dez-2026 ter,0,0,0,0,0,0,0,-,-,NaN,0,0,0,15,0,5,0,0,15,0,"0,36","1 871,18","124,75",5,0,29,Total dez,15,0,5,0,0,15,0,"0,36","1 871,18","124,75",5,0,29,Total,47595,4649,16941,0,64,41053,6542,"53,02","6 309 992,65","120,78",17076,134,87094
Data,Ocup,Opção,Cheg,Oferta/Uso Interno,Deduz. Individ.,Deduz. Grupos,% Ocup.,Receita Quartos,Preço Médio,Saídas,Quartos FdS,Adul. / Cri.,dezembro,Previsão,09-dez-2026 qua,0,0,0,0,0,0,0,-,-,NaN,0,0,0,15,0,5,0,0,15,0,"0,36","1 871,18","124,75",5,0,29,Total dez,15,0,5,0,0,15,0,"0,36","1 871,18","124,75",5,0,29,Total,47595,4649,16941,0,64,41053,6542,"53,02","6 309 992,65","120,78",17076,134,87094
Data,Ocup,Opção,Cheg,Oferta/Uso Interno,Deduz. Individ.,Deduz. Grupos,% Ocup.,Receita Quartos,Preço Médio,Saídas,Quartos FdS,Adul. / Cri.,dezembro,Previsão,10-dez-2026 qui,0,0,0,0,0,0,0,-,-,NaN,0,0,0,15,0,5,0,0,15,0,"0,36","1 871,18","124,75",5,0,29,Total dez,15,0,5,0,0,15,0,"0,36","1 871,18","124,75",5,0,29,Total,47595,4649,16941,0,64,41053,6542,"53,02","6 309 992,65","120,78",17076,134,87094
Data,Ocup,Opção,Cheg,Oferta/Uso Interno,Deduz. Individ.,Deduz. Grupos,% Ocup.,Receita Quartos,Preço Médio,Saídas,Quartos FdS,Adul. / Cri.,dezembro,Previsão,11-dez-2026 sex,0,0,0,0,0,0,0,-,-,NaN,0,0,0,15,0,5,0,0,15,0,"0,36","1 871,18","124,75",5,0,29,Total dez,15,0,5,0,0,15,0,"0,36","1 871,18","124,75",5,0,29,Total,47595,4649,16941,0,64,41053,6542,"53,02","6 309 992,65","120,78",17076,134,87094
Data,Ocup,Opção,Cheg,Oferta/Uso Interno,Deduz. Individ.,Deduz. Grupos,% Ocup.,Receita Quartos,Preço Médio,Saídas,Quartos FdS,Adul. / Cri.,dezembro,Previsão,12-dez-2026 sáb,0,0,0,0,0,0,0,-,-,NaN,0,0,0,15,0,5,0,0,15,0,"0,36","1 871,18","124,75",5,0,29,Total dez,15,0,5,0,0,15,0,"0,36","1 871,18","124,75",5,0,29,Total,47595,4649,16941,0,64,41053,6542,"53,02","6 309 992,65","120,78",17076,134,87094
Data,Ocup,Opção,Cheg,Oferta/Uso Interno,Deduz. Individ.,Deduz. Grupos,% Ocup.,Receita Quartos,Preço Médio,Saídas,Quartos FdS,Adul. / Cri.,dezembro,Previsão,13-dez-2026 dom,0,0,0,0,0,0,0,-,-,NaN,0,0,0,15,0,5,0,0,15,0,"0,36","1 871,18","124,75",5,0,29,Total dez,15,0,5,0,0,15,0,"0,36","1 871,18","124,75",5,0,29,Total,47595,4649,16941,0,64,41053,6542,"53,02","6 309 992,65","120,78",17076,134,87094
Data,Ocup,Opção,Cheg,Oferta/Uso Interno,Deduz. Individ.,Deduz. Grupos,% Ocup.,Receita Quartos,Preço Médio,Saídas,Quartos FdS,Adul. / Cri.,dezembro,Previsão,14-dez-2026 seg,0,0,0,0,0,0,0,-,-,NaN,0,0,0,15,0,5,0,0,15,0,"0,36","1 871,18","124,75",5,0,29,Total dez,15,0,5,0,0,15,0,"0,36","1 871,18","124,75",5,0,29,Total,47595,4649,16941,0,64,41053,6542,"53,02","6 309 992,65","120,78",17076,134,87094
Data,Ocup,Opção,Cheg,Oferta/Uso Interno,Deduz. Individ.,Deduz. Grupos,% Ocup.,Receita Quartos,Preço Médio,Saídas,Quartos FdS,Adul. / Cri.,dezembro,Previsão,15-dez-2026 ter,0,0,0,0,0,0,0,-,-,NaN,0,0,0,15,0,5,0,0,15,0,"0,36","1 871,18","124,75",5,0,29,Total dez,15,0,5,0,0,15,0,"0,36","1 871,18","124,75",5,0,29,Total,47595,4649,16941,0,64,41053,6542,"53,02","6 309 992,65","120,78",17076,134,87094
Data,Ocup,Opção,Cheg,Oferta/Uso Interno,Deduz. Individ.,Deduz. Grupos,% Ocup.,Receita Quartos,Preço Médio,Saídas,Quartos FdS,Adul. / Cri.,dezembro,Previsão,16-dez-2026 qua,0,0,0,0,0,0,0,-,-,NaN,0,0,0,15,0,5,0,0,15,0,"0,36","1 871,18","124,75",5,0,29,Total dez,15,0,5,0,0,15,0,"0,36","1 871,18","124,75",5,0,29,Total,47595,4649,16941,0,64,41053,6542,"53,02","6 309 992,65","120,78",17076,134,87094
Data,Ocup,Opção,Cheg,Oferta/Uso Interno,Deduz. Individ.,Deduz. Grupos,% Ocup.,Receita Quartos,Preço Médio,Saídas,Quartos FdS,Adul. / Cri.,dezembro,Previsão,17-dez-2026 qui,0,0,0,0,0,0,0,-,-,NaN,0,0,0,15,0,5,0,0,15,0,"0,36","1 871,18","124,75",5,0,29,Total dez,15,0,5,0,0,15,0,"0,36","1 871,18","124,75",5,0,29,Total,47595,4649,16941,0,64,41053,6542,"53,02","6 309 992,65","120,78",17076,134,87094
Data,Ocup,Opção,Cheg,Oferta/Uso Interno,Deduz. Individ.,Deduz. Grupos,% Ocup.,Receita Quartos,Preço Médio,Saídas,Quartos FdS,Adul. / Cri.,dezembro,Previsão,18-dez-2026 sex,0,0,0,0,0,0,0,-,-,NaN,0,0,0,15,0,5,0,0,15,0,"0,36","1 871,18","124,75",5,0,29,Total dez,15,0,5,0,0,15,0,"0,36","1 871,18","124,75",5,0,29,Total,47595,4649,16941,0,64,41053,6542,"53,02","6 309 992,65","120,78",17076,134,87094
Data,Ocup,Opção,Cheg,Oferta/Uso Interno,Deduz. Individ.,Deduz. Grupos,% Ocup.,Receita Quartos,Preço Médio,Saídas,Quartos FdS,Adul. / Cri.,dezembro,Previsão,19-dez-2026 sáb,0,0,0,0,0,0,0,-,-,NaN,0,0,0,15,0,5,0,0,15,0,"0,36","1 871,18","124,75",5,0,29,Total dez,15,0,5,0,0,15,0,"0,36","1 871,18","124,75",5,0,29,Total,47595,4649,16941,0,64,41053,6542,"53,02","6 309 992,65","120,78",17076,134,87094
Data,Ocup,Opção,Cheg,Oferta/Uso Interno,Deduz. Individ.,Deduz. Grupos,% Ocup.,Receita Quartos,Preço Médio,Saídas,Quartos FdS,Adul. / Cri.,dezembro,Previsão,20-dez-2026 dom,0,0,0,0,0,0,0,-,-,NaN,0,0,0,15,0,5,0,0,15,0,"0,36","1 871,18","124,75",5,0,29,Total dez,15,0,5,0,0,15,0,"0,36","1 871,18","124,75",5,0,29,Total,47595,4649,16941,0,64,41053,6542,"53,02","6 309 992,65","120,78",17076,134,87094
Data,Ocup,Opção,Cheg,Oferta/Uso Interno,Deduz. Individ.,Deduz. Grupos,% Ocup.,Receita Quartos,Preço Médio,Saídas,Quartos FdS,Adul. / Cri.,dezembro,Previsão,21-dez-2026 seg,0,0,0,0,0,0,0,-,-,NaN,0,0,0,15,0,5,0,0,15,0,"0,36","1 871,18","124,75",5,0,29,Total dez,15,0,5,0,0,15,0,"0,36","1 871,18","124,75",5,0,29,Total,47595,4649,16941,0,64,41053,6542,"53,02","6 309 992,65","120,78",17076,134,87094
Data,Ocup,Opção,Cheg,Oferta/Uso Interno,Deduz. Individ.,Deduz. Grupos,% Ocup.,Receita Quartos,Preço Médio,Saídas,Quartos FdS,Adul. / Cri.,dezembro,Previsão,22-dez-2026 ter,2,0,2,0,0,2,0,"1,48","282,68","141,34",0,0,8,15,0,5,0,0,15,0,"0,36","1 871,18","124,75",5,0,29,Total dez,15,0,5,0,0,15,0,"0,36","1 871,18","124,75",5,0,29,Total,47595,4649,16941,0,64,41053,6542,"53,02","6 309 992,65","120,78",17076,134,87094
Data,Ocup,Opção,Cheg,Oferta/Uso Interno,Deduz. Individ.,Deduz. Grupos,% Ocup.,Receita Quartos,Preço Médio,Saídas,Quartos FdS,Adul. / Cri.,dezembro,Previsão,23-dez-2026 qua,0,0,0,0,0,0,0,-,-,NaN,2,0,0,15,0,5,0,0,15,0,"0,36","1 871,18","124,75",5,0,29,Total dez,15,0,5,0,0,15,0,"0,36","1 871,18","124,75",5,0,29,Total,47595,4649,16941,0,64,41053,6542,"53,02","6 309 992,65","120,78",17076,134,87094
Data,Ocup,Opção,Cheg,Oferta/Uso Interno,Deduz. Individ.,Deduz. Grupos,% Ocup.,Receita Quartos,Preço Médio,Saídas,Quartos FdS,Adul. / Cri.,dezembro,Previsão,24-dez-2026 qui,0,0,0,0,0,0,0,-,-,NaN,0,0,0,15,0,5,0,0,15,0,"0,36","1 871,18","124,75",5,0,29,Total dez,15,0,5,0,0,15,0,"0,36","1 871,18","124,75",5,0,29,Total,47595,4649,16941,0,64,41053,6542,"53,02","6 309 992,65","120,78",17076,134,87094
Data,Ocup,Opção,Cheg,Oferta/Uso Interno,Deduz. Individ.,Deduz. Grupos,% Ocup.,Receita Quartos,Preço Médio,Saídas,Quartos FdS,Adul. / Cri.,dezembro,Previsão,25-dez-2026 sex,1,0,1,0,0,1,0,"0,74","97,57","97,57",0,0,2,15,0,5,0,0,15,0,"0,36","1 871,18","124,75",5,0,29,Total dez,15,0,5,0,0,15,0,"0,36","1 871,18","124,75",5,0,29,Total,47595,4649,16941,0,64,41053,6542,"53,02","6 309 992,65","120,78",17076,134,87094
Data,Ocup,Opção,Cheg,Oferta/Uso Interno,Deduz. Individ.,Deduz. Grupos,% Ocup.,Receita Quartos,Preço Médio,Saídas,Quartos FdS,Adul. / Cri.,dezembro,Previsão,26-dez-2026 sáb,3,0,2,0,0,3,0,"2,22","333,63","111,21",0,0,5,15,0,5,0,0,15,0,"0,36","1 871,18","124,75",5,0,29,Total dez,15,0,5,0,0,15,0,"0,36","1 871,18","124,75",5,0,29,Total,47595,4649,16941,0,64,41053,6542,"53,02","6 309 992,65","120,78",17076,134,87094
Data,Ocup,Opção,Cheg,Oferta/Uso Interno,Deduz. Individ.,Deduz. Grupos,% Ocup.,Receita Quartos,Preço Médio,Saídas,Quartos FdS,Adul. / Cri.,dezembro,Previsão,27-dez-2026 dom,3,0,0,0,0,3,0,"2,22","333,63","111,21",0,0,5,15,0,5,0,0,15,0,"0,36","1 871,18","124,75",5,0,29,Total dez,15,0,5,0,0,15,0,"0,36","1 871,18","124,75",5,0,29,Total,47595,4649,16941,0,64,41053,6542,"53,02","6 309 992,65","120,78",17076,134,87094
Data,Ocup,Opção,Cheg,Oferta/Uso Interno,Deduz. Individ.,Deduz. Grupos,% Ocup.,Receita Quartos,Preço Médio,Saídas,Quartos FdS,Adul. / Cri.,dezembro,Previsão,28-dez-2026 seg,2,0,0,0,0,2,0,"1,48","264,93","132,47",1,0,3,15,0,5,0,0,15,0,"0,36","1 871,18","124,75",5,0,29,Total dez,15,0,5,0,0,15,0,"0,36","1 871,18","124,75",5,0,29,Total,47595,4649,16941,0,64,41053,6542,"53,02","6 309 992,65","120,78",17076,134,87094
Data,Ocup,Opção,Cheg,Oferta/Uso Interno,Deduz. Individ.,Deduz. Grupos,% Ocup.,Receita Quartos,Preço Médio,Saídas,Quartos FdS,Adul. / Cri.,dezembro,Previsão,29-dez-2026 ter,2,0,0,0,0,2,0,"1,48","264,93","132,47",0,0,3,15,0,5,0,0,15,0,"0,36","1 871,18","124,75",5,0,29,Total dez,15,0,5,0,0,15,0,"0,36","1 871,18","124,75",5,0,29,Total,47595,4649,16941,0,64,41053,6542,"53,02","6 309 992,65","120,78",17076,134,87094
Data,Ocup,Opção,Cheg,Oferta/Uso Interno,Deduz. Individ.,Deduz. Grupos,% Ocup.,Receita Quartos,Preço Médio,Saídas,Quartos FdS,Adul. / Cri.,dezembro,Previsão,30-dez-2026 qua,2,0,0,0,0,2,0,"1,48","293,80","146,90",0,0,3,15,0,5,0,0,15,0,"0,36","1 871,18","124,75",5,0,29,Total dez,15,0,5,0,0,15,0,"0,36","1 871,18","124,75",5,0,29,Total,47595,4649,16941,0,64,41053,6542,"53,02","6 309 992,65","120,78",17076,134,87094
Data,Ocup,Opção,Cheg,Oferta/Uso Interno,Deduz. Individ.,Deduz. Grupos,% Ocup.,Receita Quartos,Preço Médio,Saídas,Quartos FdS,Adul. / Cri.,dezembro,Previsão,31-dez-2026 qui,0,0,0,0,0,0,0,-,-,NaN,2,0,0,15,0,5,0,0,15,0,"0,36","1 871,18","124,75",5,0,29,Total dez,15,0,5,0,0,15,0,"0,36","1 871,18","124,75",5,0,29,Total,47595,4649,16941,0,64,41053,6542,"53,02","6 309 992,65","120,78",17076,134,87094

