Textbox53,Textbox55,Textbox3,Textbox57,Textbox59,Textbox63,Textbox65,Textbox67,Textbox69,Textbox77,Textbox73,Textbox75,Textbox79,Textbox23,Textbox100,hoteldate,Occ,xoption,Arr,Comp,House,Indiv,Group,Occ_perct,RoomRev,Avg,Dep,OOO,Ad_Ch,Textbox86,Textbox6,Textbox87,Textbox88,Textbox89,Textbox90,Textbox91,Textbox92,Textbox93,Textbox94,Textbox95,Textbox96,Textbox97,Textbox9,Textbox127,Textbox7,Textbox128,Textbox129,Textbox130,Textbox131,Textbox132,Textbox133,Textbox134,Textbox135,Textbox136,Textbox137,Textbox138,Textbox113,Textbox99,xoption1,Textbox139,Textbox140,Textbox141,Textbox142,Textbox143,Textbox144,Textbox145,Textbox146,Textbox147,Textbox148,Textbox149
Data,Ocup,Opção,Cheg,Oferta/Uso Interno,Deduz. Individ.,Deduz. Grupos,% Ocup.,Receita Quartos,Preço Médio,Saídas,Quartos FdS,Adul. / Cri.,janeiro,Histórico,01-jan-2026 qui,125,4,29,0,0,111,14,"95,56","17 526,25","135,86",31,0,244,1116,8,339,0,0,1051,65,"59,47","96 976,43","86,28",415,0,2085,Total jan,2367,8,799,0,0,2302,65,"56,75","183 049,86","77,07",836,0,4469,Total,9169,4278,3084,0,0,7614,1555,"13,64","990 695,49","73,67",3210,0,17782
Data,Ocup,Opção,Cheg,Oferta/Uso Interno,Deduz. Individ.,Deduz. Grupos,% Ocup.,Receita Quartos,Preço Médio,Saídas,Quartos FdS,Adul. / Cri.,janeiro,Histórico,02-jan-2026 sex,114,2,36,0,0,100,14,"85,93","13 052,25","112,52",46,0,218,1116,8,339,0,0,1051,65,"59,47","96 976,43","86,28",415,0,2085,Total jan,2367,8,799,0,0,2302,65,"56,75","183 049,86","77,07",836,0,4469,Total,9169,4278,3084,0,0,7614,1555,"13,64","990 695,49","73,67",3210,0,17782
Data,Ocup,Opção,Cheg,Oferta/Uso Interno,Deduz. Individ.,Deduz. Grupos,% Ocup.,Receita Quartos,Preço Médio,Saídas,Quartos FdS,Adul. / Cri.,janeiro,Histórico,03-jan-2026 sáb,111,2,31,0,0,97,14,"83,70","11 061,34","97,89",34,0,209,1116,8,339,0,0,1051,65,"59,47","96 976,43","86,28",415,0,2085,Total jan,2367,8,799,0,0,2302,65,"56,75","183 049,86","77,07",836,0,4469,Total,9169,4278,3084,0,0,7614,1555,"13,64","990 695,49","73,67",3210,0,17782
Data,Ocup,Opção,Cheg,Oferta/Uso Interno,Deduz. Individ.,Deduz. Grupos,% Ocup.,Receita Quartos,Preço Médio,Saídas,Quartos FdS,Adul. / Cri.,janeiro,Histórico,04-jan-2026 dom,86,0,19,0,0,86,0,"63,70","7 348,92","85,45",43,0,168,1116,8,339,0,0,1051,65,"59,47","96 976,43","86,28",415,0,2085,Total jan,2367,8,799,0,0,2302,65,"56,75","183 049,86","77,07",836,0,4469,Total,9169,4278,3084,0,0,7614,1555,"13,64","990 695,49","73,67",3210,0,17782
Data,Ocup,Opção,Cheg,Oferta/Uso Interno,Deduz. Individ.,Deduz. Grupos,% Ocup.,Receita Quartos,Preço Médio,Saídas,Quartos FdS,Adul. / Cri.,janeiro,Histórico,05-jan-2026 seg,80,0,26,0,0,80,0,"59,26","6 322,70","79,03",32,0,155,1116,8,339,0,0,1051,65,"59,47","96 976,43","86,28",415,0,2085,Total jan,2367,8,799,0,0,2302,65,"56,75","183 049,86","77,07",836,0,4469,Total,9169,4278,3084,0,0,7614,1555,"13,64","990 695,49","73,67",3210,0,17782
Data,Ocup,Opção,Cheg,Oferta/Uso Interno,Deduz. Individ.,Deduz. Grupos,% Ocup.,Receita Quartos,Preço Médio,Saídas,Quartos FdS,Adul. / Cri.,janeiro,Histórico,06-jan-2026 ter,78,0,21,0,0,78,0,"57,78","5 885,19","75,45",24,0,150,1116,8,339,0,0,1051,65,"59,47","96 976,43","86,28",415,0,2085,Total jan,2367,8,799,0,0,2302,65,"56,75","183 049,86","77,07",836,0,4469,Total,9169,4278,3084,0,0,7614,1555,"13,64","990 695,49","73,67",3210,0,17782
Data,Ocup,Opção,Cheg,Oferta/Uso Interno,Deduz. Individ.,Deduz. Grupos,% Ocup.,Receita Quartos,Preço Médio,Saídas,Quartos FdS,Adul. / Cri.,janeiro,Histórico,07-jan-2026 qua,63,0,18,0,0,63,0,"46,67","4 231,60","67,17",33,0,118,1116,8,339,0,0,1051,65,"59,47","96 976,43","86,28",415,0,2085,Total jan,2367,8,799,0,0,2302,65,"56,75","183 049,86","77,07",836,0,4469,Total,9169,4278,3084,0,0,7614,1555,"13,64","990 695,49","73,67",3210,0,17782
Data,Ocup,Opção,Cheg,Oferta/Uso Interno,Deduz. Individ.,Deduz. Grupos,% Ocup.,Receita Quartos,Preço Médio,Saídas,Quartos FdS,Adul. / Cri.,janeiro,Histórico,08-jan-2026 qui,59,0,23,0,0,59,0,"43,70","3 948,81","66,93",27,0,109,1116,8,339,0,0,1051,65,"59,47","96 976,43","86,28",415,0,2085,Total jan,2367,8,799,0,0,2302,65,"56,75","183 049,86","77,07",836,0,4469,Total,9169,4278,3084,0,0,7614,1555,"13,64","990 695,49","73,67",3210,0,17782
Data,Ocup,Opção,Cheg,Oferta/Uso Interno,Deduz. Individ.,Deduz. Grupos,% Ocup.,Receita Quartos,Preço Médio,Saídas,Quartos FdS,Adul. / Cri.,janeiro,Histórico,09-jan-2026 sex,89,0,39,0,0,89,0,"65,93","5 777,03","64,91",9,0,166,1116,8,339,0,0,1051,65,"59,47","96 976,43","86,28",415,0,2085,Total jan,2367,8,799,0,0,2302,65,"56,75","183 049,86","77,07",836,0,4469,Total,9169,4278,3084,0,0,7614,1555,"13,64","990 695,49","73,67",3210,0,17782
Data,Ocup,Opção,Cheg,Oferta/Uso Interno,Deduz. Individ.,Deduz. Grupos,% Ocup.,Receita Quartos,Preço Médio,Saídas,Quartos FdS,Adul. / Cri.,janeiro,Histórico,10-jan-2026 sáb,89,0,23,0,0,84,5,"65,93","6 272,27","70,47",23,0,158,1116,8,339,0,0,1051,65,"59,47","96 976,43","86,28",415,0,2085,Total jan,2367,8,799,0,0,2302,65,"56,75","183 049,86","77,07",836,0,4469,Total,9169,4278,3084,0,0,7614,1555,"13,64","990 695,49","73,67",3210,0,17782
Data,Ocup,Opção,Cheg,Oferta/Uso Interno,Deduz. Individ.,Deduz. Grupos,% Ocup.,Receita Quartos,Preço Médio,Saídas,Quartos FdS,Adul. / Cri.,janeiro,Histórico,11-jan-2026 dom,71,0,20,0,0,62,9,"52,59","5 322,95","74,97",38,0,125,1116,8,339,0,0,1051,65,"59,47","96 976,43","86,28",415,0,2085,Total jan,2367,8,799,0,0,2302,65,"56,75","183 049,86","77,07",836,0,4469,Total,9169,4278,3084,0,0,7614,1555,"13,64","990 695,49","73,67",3210,0,17782
Data,Ocup,Opção,Cheg,Oferta/Uso Interno,Deduz. Individ.,Deduz. Grupos,% Ocup.,Receita Quartos,Preço Médio,Saídas,Quartos FdS,Adul. / Cri.,janeiro,Histórico,12-jan-2026 seg,54,0,14,0,0,45,9,"40,00","3 890,92","72,05",31,0,96,1116,8,339,0,0,1051,65,"59,47","96 976,43","86,28",415,0,2085,Total jan,2367,8,799,0,0,2302,65,"56,75","183 049,86","77,07",836,0,4469,Total,9169,4278,3084,0,0,7614,1555,"13,64","990 695,49","73,67",3210,0,17782
Data,Ocup,Opção,Cheg,Oferta/Uso Interno,Deduz. Individ.,Deduz. Grupos,% Ocup.,Receita Quartos,Preço Médio,Saídas,Quartos FdS,Adul. / Cri.,janeiro,Histórico,13-jan-2026 ter,47,0,15,0,0,47,0,"34,81","3 046,02","64,81",22,0,83,1116,8,339,0,0,1051,65,"59,47","96 976,43","86,28",415,0,2085,Total jan,2367,8,799,0,0,2302,65,"56,75","183 049,86","77,07",836,0,4469,Total,9169,4278,3084,0,0,7614,1555,"13,64","990 695,49","73,67",3210,0,17782
Data,Ocup,Opção,Cheg,Oferta/Uso Interno,Deduz. Individ.,Deduz. Grupos,% Ocup.,Receita Quartos,Preço Médio,Saídas,Quartos FdS,Adul. / Cri.,janeiro,Histórico,14-jan-2026 qua,50,0,25,0,0,50,0,"37,04","3 290,17","65,80",22,0,86,1116,8,339,0,0,1051,65,"59,47","96 976,43","86,28",415,0,2085,Total jan,2367,8,799,0,0,2302,65,"56,75","183 049,86","77,07",836,0,4469,Total,9169,4278,3084,0,0,7614,1555,"13,64","990 695,49","73,67",3210,0,17782
Data,Ocup,Opção,Cheg,Oferta/Uso Interno,Deduz. Individ.,Deduz. Grupos,% Ocup.,Receita Quartos,Preço Médio,Saídas,Quartos FdS,Adul. / Cri.,janeiro,Previsão,15-jan-2026 qui,61,0,23,0,0,61,0,"45,19","3 953,11","64,81",12,0,106,1251,0,460,0,0,1251,0,"54,51","86 073,43","68,80",421,0,2384,Total jan,2367,8,799,0,0,2302,65,"56,75","183 049,86","77,07",836,0,4469,Total,9169,4278,3084,0,0,7614,1555,"13,64","990 695,49","73,67",3210,0,17782
Data,Ocup,Opção,Cheg,Oferta/Uso Interno,Deduz. Individ.,Deduz. Grupos,% Ocup.,Receita Quartos,Preço Médio,Saídas,Quartos FdS,Adul. / Cri.,janeiro,Previsão,16-jan-2026 sex,79,0,38,0,0,79,0,"58,52","5 074,38","64,23",20,0,147,1251,0,460,0,0,1251,0,"54,51","86 073,43","68,80",421,0,2384,Total jan,2367,8,799,0,0,2302,65,"56,75","183 049,86","77,07",836,0,4469,Total,9169,4278,3084,0,0,7614,1555,"13,64","990 695,49","73,67",3210,0,17782
Data,Ocup,Opção,Cheg,Oferta/Uso Interno,Deduz. Individ.,Deduz. Grupos,% Ocup.,Receita Quartos,Preço Médio,Saídas,Quartos FdS,Adul. / Cri.,janeiro,Previsão,17-jan-2026 sáb,92,0,36,0,0,92,0,"68,15","6 009,91","65,33",23,0,170,1251,0,460,0,0,1251,0,"54,51","86 073,43","68,80",421,0,2384,Total jan,2367,8,799,0,0,2302,65,"56,75","183 049,86","77,07",836,0,4469,Total,9169,4278,3084,0,0,7614,1555,"13,64","990 695,49","73,67",3210,0,17782
Data,Ocup,Opção,Cheg,Oferta/Uso Interno,Deduz. Individ.,Deduz. Grupos,% Ocup.,Receita Quartos,Preço Médio,Saídas,Quartos FdS,Adul. / Cri.,janeiro,Previsão,18-jan-2026 dom,73,0,18,0,0,73,0,"54,07","4 617,87","63,26",37,0,131,1251,0,460,0,0,1251,0,"54,51","86 073,43","68,80",421,0,2384,Total jan,2367,8,799,0,0,2302,65,"56,75","183 049,86","77,07",836,0,4469,Total,9169,4278,3084,0,0,7614,1555,"13,64","990 695,49","73,67",3210,0,17782
Data,Ocup,Opção,Cheg,Oferta/Uso Interno,Deduz. Individ.,Deduz. Grupos,% Ocup.,Receita Quartos,Preço Médio,Saídas,Quartos FdS,Adul. / Cri.,janeiro,Previsão,19-jan-2026 seg,73,0,24,0,0,73,0,"54,07","4 721,00","64,67",24,0,128,1251,0,460,0,0,1251,0,"54,51","86 073,43","68,80",421,0,2384,Total jan,2367,8,799,0,0,2302,65,"56,75","183 049,86","77,07",836,0,4469,Total,9169,4278,3084,0,0,7614,1555,"13,64","990 695,49","73,67",3210,0,17782
Data,Ocup,Opção,Cheg,Oferta/Uso Interno,Deduz. Individ.,Deduz. Grupos,% Ocup.,Receita Quartos,Preço Médio,Saídas,Quartos FdS,Adul. / Cri.,janeiro,Previsão,20-jan-2026 ter,51,0,10,0,0,51,0,"37,78","3 369,63","66,07",32,0,89,1251,0,460,0,0,1251,0,"54,51","86 073,43","68,80",421,0,2384,Total jan,2367,8,799,0,0,2302,65,"56,75","183 049,86","77,07",836,0,4469,Total,9169,4278,3084,0,0,7614,1555,"13,64","990 695,49","73,67",3210,0,17782
Data,Ocup,Opção,Cheg,Oferta/Uso Interno,Deduz. Individ.,Deduz. Grupos,% Ocup.,Receita Quartos,Preço Médio,Saídas,Quartos FdS,Adul. / Cri.,janeiro,Previsão,21-jan-2026 qua,58,0,27,0,0,58,0,"42,96","3 732,82","64,36",20,0,107,1251,0,460,0,0,1251,0,"54,51","86 073,43","68,80",421,0,2384,Total jan,2367,8,799,0,0,2302,65,"56,75","183 049,86","77,07",836,0,4469,Total,9169,4278,3084,0,0,7614,1555,"13,64","990 695,49","73,67",3210,0,17782
Data,Ocup,Opção,Cheg,Oferta/Uso Interno,Deduz. Individ.,Deduz. Grupos,% Ocup.,Receita Quartos,Preço Médio,Saídas,Quartos FdS,Adul. / Cri.,janeiro,Previsão,22-jan-2026 qui,73,0,32,0,0,73,0,"54,07","5 050,53","69,19",17,0,144,1251,0,460,0,0,1251,0,"54,51","86 073,43","68,80",421,0,2384,Total jan,2367,8,799,0,0,2302,65,"56,75","183 049,86","77,07",836,0,4469,Total,9169,4278,3084,0,0,7614,1555,"13,64","990 695,49","73,67",3210,0,17782
Data,Ocup,Opção,Cheg,Oferta/Uso Interno,Deduz. Individ.,Deduz. Grupos,% Ocup.,Receita Quartos,Preço Médio,Saídas,Quartos FdS,Adul. / Cri.,janeiro,Previsão,23-jan-2026 sex,96,0,41,0,0,96,0,"71,11","6 719,27","69,99",18,0,189,1251,0,460,0,0,1251,0,"54,51","86 073,43","68,80",421,0,2384,Total jan,2367,8,799,0,0,2302,65,"56,75","183 049,86","77,07",836,0,4469,Total,9169,4278,3084,0,0,7614,1555,"13,64","990 695,49","73,67",3210,0,17782
Data,Ocup,Opção,Cheg,Oferta/Uso Interno,Deduz. Individ.,Deduz. Grupos,% Ocup.,Receita Quartos,Preço Médio,Saídas,Quartos FdS,Adul. / Cri.,janeiro,Previsão,24-jan-2026 sáb,93,0,25,0,0,93,0,"68,89","6 755,16","72,64",28,0,187,1251,0,460,0,0,1251,0,"54,51","86 073,43","68,80",421,0,2384,Total jan,2367,8,799,0,0,2302,65,"56,75","183 049,86","77,07",836,0,4469,Total,9169,4278,3084,0,0,7614,1555,"13,64","990 695,49","73,67",3210,0,17782
Data,Ocup,Opção,Cheg,Oferta/Uso Interno,Deduz. Individ.,Deduz. Grupos,% Ocup.,Receita Quartos,Preço Médio,Saídas,Quartos FdS,Adul. / Cri.,janeiro,Previsão,25-jan-2026 dom,68,0,22,0,0,68,0,"50,37","5 060,91","74,43",47,0,143,1251,0,460,0,0,1251,0,"54,51","86 073,43","68,80",421,0,2384,Total jan,2367,8,799,0,0,2302,65,"56,75","183 049,86","77,07",836,0,4469,Total,9169,4278,3084,0,0,7614,1555,"13,64","990 695,49","73,67",3210,0,17782
Data,Ocup,Opção,Cheg,Oferta/Uso Interno,Deduz. Individ.,Deduz. Grupos,% Ocup.,Receita Quartos,Preço Médio,Saídas,Quartos FdS,Adul. / Cri.,janeiro,Previsão,26-jan-2026 seg,54,0,13,0,0,54,0,"40,00","4 051,57","75,03",27,0,110,1251,0,460,0,0,1251,0,"54,51","86 073,43","68,80",421,0,2384,Total jan,2367,8,799,0,0,2302,65,"56,75","183 049,86","77,07",836,0,4469,Total,9169,4278,3084,0,0,7614,1555,"13,64","990 695,49","73,67",3210,0,17782
Data,Ocup,Opção,Cheg,Oferta/Uso Interno,Deduz. Individ.,Deduz. Grupos,% Ocup.,Receita Quartos,Preço Médio,Saídas,Quartos FdS,Adul. / Cri.,janeiro,Previsão,27-jan-2026 ter,53,0,24,0,0,53,0,"39,26","3 573,35","67,42",25,0,96,1251,0,460,0,0,1251,0,"54,51","86 073,43","68,80",421,0,2384,Total jan,2367,8,799,0,0,2302,65,"56,75","183 049,86","77,07",836,0,4469,Total,9169,4278,3084,0,0,7614,1555,"13,64","990 695,49","73,67",3210,0,17782
Data,Ocup,Opção,Cheg,Oferta/Uso Interno,Deduz. Individ.,Deduz. Grupos,% Ocup.,Receita Quartos,Preço Médio,Saídas,Quartos FdS,Adul. / Cri.,janeiro,Previsão,28-jan-2026 qua,66,0,32,0,0,66,0,"48,89","4 498,85","68,16",19,0,121,1251,0,460,0,0,1251,0,"54,51","86 073,43","68,80",421,0,2384,Total jan,2367,8,799,0,0,2302,65,"56,75","183 049,86","77,07",836,0,4469,Total,9169,4278,3084,0,0,7614,1555,"13,64","990 695,49","73,67",3210,0,17782
Data,Ocup,Opção,Cheg,Oferta/Uso Interno,Deduz. Individ.,Deduz. Grupos,% Ocup.,Receita Quartos,Preço Médio,Saídas,Quartos FdS,Adul. / Cri.,janeiro,Previsão,29-jan-2026 qui,83,0,37,0,0,83,0,"61,48","5 667,45","68,28",20,0,158,1251,0,460,0,0,1251,0,"54,51","86 073,43","68,80",421,0,2384,Total jan,2367,8,799,0,0,2302,65,"56,75","183 049,86","77,07",836,0,4469,Total,9169,4278,3084,0,0,7614,1555,"13,64","990 695,49","73,67",3210,0,17782
Data,Ocup,Opção,Cheg,Oferta/Uso Interno,Deduz. Individ.,Deduz. Grupos,% Ocup.,Receita Quartos,Preço Médio,Saídas,Quartos FdS,Adul. / Cri.,janeiro,Previsão,30-jan-2026 sex,89,0,31,0,0,89,0,"65,93","6 495,20","72,98",25,0,179,1251,0,460,0,0,1251,0,"54,51","86 073,43","68,80",421,0,2384,Total jan,2367,8,799,0,0,2302,65,"56,75","183 049,86","77,07",836,0,4469,Total,9169,4278,3084,0,0,7614,1555,"13,64","990 695,49","73,67",3210,0,17782
Data,Ocup,Opção,Cheg,Oferta/Uso Interno,Deduz. Individ.,Deduz. Grupos,% Ocup.,Receita Quartos,Preço Médio,Saídas,Quartos FdS,Adul. / Cri.,janeiro,Previsão,31-jan-2026 sáb,89,0,27,0,0,89,0,"65,93","6 722,42","75,53",27,0,179,1251,0,460,0,0,1251,0,"54,51","86 073,43","68,80",421,0,2384,Total jan,2367,8,799,0,0,2302,65,"56,75","183 049,86","77,07",836,0,4469,Total,9169,4278,3084,0,0,7614,1555,"13,64","990 695,49","73,67",3210,0,17782
Data,Ocup,Opção,Cheg,Oferta/Uso Interno,Deduz. Individ.,Deduz. Grupos,% Ocup.,Receita Quartos,Preço Médio,Saídas,Quartos FdS,Adul. / Cri.,fevereiro,Previsão,01-fev-2026 dom,62,0,17,0,0,62,0,"45,93","4 279,84","69,03",44,0,119,1884,1,620,0,0,1880,4,"49,87","147 770,71","78,39",635,0,3666,Total fev,1884,1,620,0,0,1880,4,"49,87","147 770,71","78,39",635,0,3666,Total,9169,4278,3084,0,0,7614,1555,"13,64","990 695,49","73,67",3210,0,17782
Data,Ocup,Opção,Cheg,Oferta/Uso Interno,Deduz. Individ.,Deduz. Grupos,% Ocup.,Receita Quartos,Preço Médio,Saídas,Quartos FdS,Adul. / Cri.,fevereiro,Previsão,02-fev-2026 seg,56,0,19,0,0,56,0,"41,48","3 746,50","66,90",25,0,104,1884,1,620,0,0,1880,4,"49,87","147 770,71","78,39",635,0,3666,Total fev,1884,1,620,0,0,1880,4,"49,87","147 770,71","78,39",635,0,3666,Total,9169,4278,3084,0,0,7614,1555,"13,64","990 695,49","73,67",3210,0,17782
Data,Ocup,Opção,Cheg,Oferta/Uso Interno,Deduz. Individ.,Deduz. Grupos,% Ocup.,Receita Quartos,Preço Médio,Saídas,Quartos FdS,Adul. / Cri.,fevereiro,Previsão,03-fev-2026 ter,51,0,12,0,0,51,0,"37,78","3 384,54","66,36",17,0,96,1884,1,620,0,0,1880,4,"49,87","147 770,71","78,39",635,0,3666,Total fev,1884,1,620,0,0,1880,4,"49,87","147 770,71","78,39",635,0,3666,Total,9169,4278,3084,0,0,7614,1555,"13,64","990 695,49","73,67",3210,0,17782
Data,Ocup,Opção,Cheg,Oferta/Uso Interno,Deduz. Individ.,Deduz. Grupos,% Ocup.,Receita Quartos,Preço Médio,Saídas,Quartos FdS,Adul. / Cri.,fevereiro,Previsão,04-fev-2026 qua,47,0,19,0,0,47,0,"34,81","3 337,40","71,01",23,0,95,1884,1,620,0,0,1880,4,"49,87","147 770,71","78,39",635,0,3666,Total fev,1884,1,620,0,0,1880,4,"49,87","147 770,71","78,39",635,0,3666,Total,9169,4278,3084,0,0,7614,1555,"13,64","990 695,49","73,67",3210,0,17782
Data,Ocup,Opção,Cheg,Oferta/Uso Interno,Deduz. Individ.,Deduz. Grupos,% Ocup.,Receita Quartos,Preço Médio,Saídas,Quartos FdS,Adul. / Cri.,fevereiro,Previsão,05-fev-2026 qui,55,0,21,0,0,55,0,"40,74","3 529,57","64,17",13,0,106,1884,1,620,0,0,1880,4,"49,87","147 770,71","78,39",635,0,3666,Total fev,1884,1,620,0,0,1880,4,"49,87","147 770,71","78,39",635,0,3666,Total,9169,4278,3084,0,0,7614,1555,"13,64","990 695,49","73,67",3210,0,17782
Data,Ocup,Opção,Cheg,Oferta/Uso Interno,Deduz. Individ.,Deduz. Grupos,% Ocup.,Receita Quartos,Preço Médio,Saídas,Quartos FdS,Adul. / Cri.,fevereiro,Previsão,06-fev-2026 sex,73,0,33,0,0,73,0,"54,07","5 539,82","75,89",15,0,146,1884,1,620,0,0,1880,4,"49,87","147 770,71","78,39",635,0,3666,Total fev,1884,1,620,0,0,1880,4,"49,87","147 770,71","78,39",635,0,3666,Total,9169,4278,3084,0,0,7614,1555,"13,64","990 695,49","73,67",3210,0,17782
Data,Ocup,Opção,Cheg,Oferta/Uso Interno,Deduz. Individ.,Deduz. Grupos,% Ocup.,Receita Quartos,Preço Médio,Saídas,Quartos FdS,Adul. / Cri.,fevereiro,Previsão,07-fev-2026 sáb,78,0,22,0,0,78,0,"57,78","6 007,02","77,01",17,0,157,1884,1,620,0,0,1880,4,"49,87","147 770,71","78,39",635,0,3666,Total fev,1884,1,620,0,0,1880,4,"49,87","147 770,71","78,39",635,0,3666,Total,9169,4278,3084,0,0,7614,1555,"13,64","990 695,49","73,67",3210,0,17782
Data,Ocup,Opção,Cheg,Oferta/Uso Interno,Deduz. Individ.,Deduz. Grupos,% Ocup.,Receita Quartos,Preço Médio,Saídas,Quartos FdS,Adul. / Cri.,fevereiro,Previsão,08-fev-2026 dom,54,0,12,0,0,54,0,"40,00","3 638,24","67,37",36,0,109,1884,1,620,0,0,1880,4,"49,87","147 770,71","78,39",635,0,3666,Total fev,1884,1,620,0,0,1880,4,"49,87","147 770,71","78,39",635,0,3666,Total,9169,4278,3084,0,0,7614,1555,"13,64","990 695,49","73,67",3210,0,17782
Data,Ocup,Opção,Cheg,Oferta/Uso Interno,Deduz. Individ.,Deduz. Grupos,% Ocup.,Receita Quartos,Preço Médio,Saídas,Quartos FdS,Adul. / Cri.,fevereiro,Previsão,09-fev-2026 seg,46,0,18,0,0,46,0,"34,07","3 059,82","66,52",26,0,83,1884,1,620,0,0,1880,4,"49,87","147 770,71","78,39",635,0,3666,Total fev,1884,1,620,0,0,1880,4,"49,87","147 770,71","78,39",635,0,3666,Total,9169,4278,3084,0,0,7614,1555,"13,64","990 695,49","73,67",3210,0,17782
Data,Ocup,Opção,Cheg,Oferta/Uso Interno,Deduz. Individ.,Deduz. Grupos,% Ocup.,Receita Quartos,Preço Médio,Saídas,Quartos FdS,Adul. / Cri.,fevereiro,Previsão,10-fev-2026 ter,48,0,17,0,0,48,0,"35,56","3 198,94","66,64",15,0,88,1884,1,620,0,0,1880,4,"49,87","147 770,71","78,39",635,0,3666,Total fev,1884,1,620,0,0,1880,4,"49,87","147 770,71","78,39",635,0,3666,Total,9169,4278,3084,0,0,7614,1555,"13,64","990 695,49","73,67",3210,0,17782
Data,Ocup,Opção,Cheg,Oferta/Uso Interno,Deduz. Individ.,Deduz. Grupos,% Ocup.,Receita Quartos,Preço Médio,Saídas,Quartos FdS,Adul. / Cri.,fevereiro,Previsão,11-fev-2026 qua,57,0,21,0,0,57,0,"42,22","3 860,91","67,74",12,0,105,1884,1,620,0,0,1880,4,"49,87","147 770,71","78,39",635,0,3666,Total fev,1884,1,620,0,0,1880,4,"49,87","147 770,71","78,39",635,0,3666,Total,9169,4278,3084,0,0,7614,1555,"13,64","990 695,49","73,67",3210,0,17782
Data,Ocup,Opção,Cheg,Oferta/Uso Interno,Deduz. Individ.,Deduz. Grupos,% Ocup.,Receita Quartos,Preço Médio,Saídas,Quartos FdS,Adul. / Cri.,fevereiro,Previsão,12-fev-2026 qui,63,0,28,0,0,63,0,"46,67","4 542,94","72,11",22,0,120,1884,1,620,0,0,1880,4,"49,87","147 770,71","78,39",635,0,3666,Total fev,1884,1,620,0,0,1880,4,"49,87","147 770,71","78,39",635,0,3666,Total,9169,4278,3084,0,0,7614,1555,"13,64","990 695,49","73,67",3210,0,17782
Data,Ocup,Opção,Cheg,Oferta/Uso Interno,Deduz. Individ.,Deduz. Grupos,% Ocup.,Receita Quartos,Preço Médio,Saídas,Quartos FdS,Adul. / Cri.,fevereiro,Previsão,13-fev-2026 sex,81,0,34,0,0,81,0,"60,00","6 993,53","86,34",16,0,165,1884,1,620,0,0,1880,4,"49,87","147 770,71","78,39",635,0,3666,Total fev,1884,1,620,0,0,1880,4,"49,87","147 770,71","78,39",635,0,3666,Total,9169,4278,3084,0,0,7614,1555,"13,64","990 695,49","73,67",3210,0,17782
Data,Ocup,Opção,Cheg,Oferta/Uso Interno,Deduz. Individ.,Deduz. Grupos,% Ocup.,Receita Quartos,Preço Médio,Saídas,Quartos FdS,Adul. / Cri.,fevereiro,Previsão,14-fev-2026 sáb,91,0,32,0,0,91,0,"67,41","8 762,36","96,29",22,0,180,1884,1,620,0,0,1880,4,"49,87","147 770,71","78,39",635,0,3666,Total fev,1884,1,620,0,0,1880,4,"49,87","147 770,71","78,39",635,0,3666,Total,9169,4278,3084,0,0,7614,1555,"13,64","990 695,49","73,67",3210,0,17782
Data,Ocup,Opção,Cheg,Oferta/Uso Interno,Deduz. Individ.,Deduz. Grupos,% Ocup.,Receita Quartos,Preço Médio,Saídas,Quartos FdS,Adul. / Cri.,fevereiro,Previsão,15-fev-2026 dom,91,0,26,0,0,91,0,"67,41","8 460,51","92,97",26,0,184,1884,1,620,0,0,1880,4,"49,87","147 770,71","78,39",635,0,3666,Total fev,1884,1,620,0,0,1880,4,"49,87","147 770,71","78,39",635,0,3666,Total,9169,4278,3084,0,0,7614,1555,"13,64","990 695,49","73,67",3210,0,17782
Data,Ocup,Opção,Cheg,Oferta/Uso Interno,Deduz. Individ.,Deduz. Grupos,% Ocup.,Receita Quartos,Preço Médio,Saídas,Quartos FdS,Adul. / Cri.,fevereiro,Previsão,16-fev-2026 seg,77,0,18,0,0,77,0,"57,04","6 869,21","89,21",32,0,165,1884,1,620,0,0,1880,4,"49,87","147 770,71","78,39",635,0,3666,Total fev,1884,1,620,0,0,1880,4,"49,87","147 770,71","78,39",635,0,3666,Total,9169,4278,3084,0,0,7614,1555,"13,64","990 695,49","73,67",3210,0,17782
Data,Ocup,Opção,Cheg,Oferta/Uso Interno,Deduz. Individ.,Deduz. Grupos,% Ocup.,Receita Quartos,Preço Médio,Saídas,Quartos FdS,Adul. / Cri.,fevereiro,Previsão,17-fev-2026 ter,86,0,32,0,0,86,0,"63,70","7 162,01","83,28",23,0,177,1884,1,620,0,0,1880,4,"49,87","147 770,71","78,39",635,0,3666,Total fev,1884,1,620,0,0,1880,4,"49,87","147 770,71","78,39",635,0,3666,Total,9169,4278,3084,0,0,7614,1555,"13,64","990 695,49","73,67",3210,0,17782
Data,Ocup,Opção,Cheg,Oferta/Uso Interno,Deduz. Individ.,Deduz. Grupos,% Ocup.,Receita Quartos,Preço Médio,Saídas,Quartos FdS,Adul. / Cri.,fevereiro,Previsão,18-fev-2026 qua,67,0,18,0,0,67,0,"49,63","5 460,57","81,50",37,0,138,1884,1,620,0,0,1880,4,"49,87","147 770,71","78,39",635,0,3666,Total fev,1884,1,620,0,0,1880,4,"49,87","147 770,71","78,39",635,0,3666,Total,9169,4278,3084,0,0,7614,1555,"13,64","990 695,49","73,67",3210,0,17782
Data,Ocup,Opção,Cheg,Oferta/Uso Interno,Deduz. Individ.,Deduz. Grupos,% Ocup.,Receita Quartos,Preço Médio,Saídas,Quartos FdS,Adul. / Cri.,fevereiro,Previsão,19-fev-2026 qui,76,0,28,0,0,76,0,"56,30","6 919,80","91,05",19,0,155,1884,1,620,0,0,1880,4,"49,87","147 770,71","78,39",635,0,3666,Total fev,1884,1,620,0,0,1880,4,"49,87","147 770,71","78,39",635,0,3666,Total,9169,4278,3084,0,0,7614,1555,"13,64","990 695,49","73,67",3210,0,17782
Data,Ocup,Opção,Cheg,Oferta/Uso Interno,Deduz. Individ.,Deduz. Grupos,% Ocup.,Receita Quartos,Preço Médio,Saídas,Quartos FdS,Adul. / Cri.,fevereiro,Previsão,20-fev-2026 sex,77,0,21,0,0,77,0,"57,04","6 962,19","90,42",20,0,154,1884,1,620,0,0,1880,4,"49,87","147 770,71","78,39",635,0,3666,Total fev,1884,1,620,0,0,1880,4,"49,87","147 770,71","78,39",635,0,3666,Total,9169,4278,3084,0,0,7614,1555,"13,64","990 695,49","73,67",3210,0,17782
Data,Ocup,Opção,Cheg,Oferta/Uso Interno,Deduz. Individ.,Deduz. Grupos,% Ocup.,Receita Quartos,Preço Médio,Saídas,Quartos FdS,Adul. / Cri.,fevereiro,Previsão,21-fev-2026 sáb,75,0,21,0,0,75,0,"55,56","6 899,35","91,99",23,0,153,1884,1,620,0,0,1880,4,"49,87","147 770,71","78,39",635,0,3666,Total fev,1884,1,620,0,0,1880,4,"49,87","147 770,71","78,39",635,0,3666,Total,9169,4278,3084,0,0,7614,1555,"13,64","990 695,49","73,67",3210,0,17782
Data,Ocup,Opção,Cheg,Oferta/Uso Interno,Deduz. Individ.,Deduz. Grupos,% Ocup.,Receita Quartos,Preço Médio,Saídas,Quartos FdS,Adul. / Cri.,fevereiro,Previsão,22-fev-2026 dom,74,0,21,0,0,74,0,"54,81","5 954,97","80,47",22,0,146,1884,1,620,0,0,1880,4,"49,87","147 770,71","78,39",635,0,3666,Total fev,1884,1,620,0,0,1880,4,"49,87","147 770,71","78,39",635,0,3666,Total,9169,4278,3084,0,0,7614,1555,"13,64","990 695,49","73,67",3210,0,17782
Data,Ocup,Opção,Cheg,Oferta/Uso Interno,Deduz. Individ.,Deduz. Grupos,% Ocup.,Receita Quartos,Preço Médio,Saídas,Quartos FdS,Adul. / Cri.,fevereiro,Previsão,23-fev-2026 seg,65,0,24,0,0,65,0,"48,15","4 909,31","75,53",33,0,117,1884,1,620,0,0,1880,4,"49,87","147 770,71","78,39",635,0,3666,Total fev,1884,1,620,0,0,1880,4,"49,87","147 770,71","78,39",635,0,3666,Total,9169,4278,3084,0,0,7614,1555,"13,64","990 695,49","73,67",3210,0,17782
Data,Ocup,Opção,Cheg,Oferta/Uso Interno,Deduz. Individ.,Deduz. Grupos,% Ocup.,Receita Quartos,Preço Médio,Saídas,Quartos FdS,Adul. / Cri.,fevereiro,Previsão,24-fev-2026 ter,76,0,20,0,0,76,0,"56,30","5 678,30","74,71",9,0,134,1884,1,620,0,0,1880,4,"49,87","147 770,71","78,39",635,0,3666,Total fev,1884,1,620,0,0,1880,4,"49,87","147 770,71","78,39",635,0,3666,Total,9169,4278,3084,0,0,7614,1555,"13,64","990 695,49","73,67",3210,0,17782
Data,Ocup,Opção,Cheg,Oferta/Uso Interno,Deduz. Individ.,Deduz. Grupos,% Ocup.,Receita Quartos,Preço Médio,Saídas,Quartos FdS,Adul. / Cri.,fevereiro,Previsão,25-fev-2026 qua,60,0,15,0,0,60,0,"44,44","4 212,21","70,20",31,0,105,1884,1,620,0,0,1880,4,"49,87","147 770,71","78,39",635,0,3666,Total fev,1884,1,620,0,0,1880,4,"49,87","147 770,71","78,39",635,0,3666,Total,9169,4278,3084,0,0,7614,1555,"13,64","990 695,49","73,67",3210,0,17782
Data,Ocup,Opção,Cheg,Oferta/Uso Interno,Deduz. Individ.,Deduz. Grupos,% Ocup.,Receita Quartos,Preço Médio,Saídas,Quartos FdS,Adul. / Cri.,fevereiro,Previsão,26-fev-2026 qui,56,0,15,0,0,56,0,"41,48","3 807,05","67,98",19,0,99,1884,1,620,0,0,1880,4,"49,87","147 770,71","78,39",635,0,3666,Total fev,1884,1,620,0,0,1880,4,"49,87","147 770,71","78,39",635,0,3666,Total,9169,4278,3084,0,0,7614,1555,"13,64","990 695,49","73,67",3210,0,17782
Data,Ocup,Opção,Cheg,Oferta/Uso Interno,Deduz. Individ.,Deduz. Grupos,% Ocup.,Receita Quartos,Preço Médio,Saídas,Quartos FdS,Adul. / Cri.,fevereiro,Previsão,27-fev-2026 sex,68,0,35,0,0,67,1,"50,37","4 960,39","72,95",23,0,127,1884,1,620,0,0,1880,4,"49,87","147 770,71","78,39",635,0,3666,Total fev,1884,1,620,0,0,1880,4,"49,87","147 770,71","78,39",635,0,3666,Total,9169,4278,3084,0,0,7614,1555,"13,64","990 695,49","73,67",3210,0,17782
Data,Ocup,Opção,Cheg,Oferta/Uso Interno,Deduz. Individ.,Deduz. Grupos,% Ocup.,Receita Quartos,Preço Médio,Saídas,Quartos FdS,Adul. / Cri.,fevereiro,Previsão,28-fev-2026 sáb,74,1,21,0,0,71,3,"55,56","5 633,39","75,11",15,0,139,1884,1,620,0,0,1880,4,"49,87","147 770,71","78,39",635,0,3666,Total fev,1884,1,620,0,0,1880,4,"49,87","147 770,71","78,39",635,0,3666,Total,9169,4278,3084,0,0,7614,1555,"13,64","990 695,49","73,67",3210,0,17782
Data,Ocup,Opção,Cheg,Oferta/Uso Interno,Deduz. Individ.,Deduz. Grupos,% Ocup.,Receita Quartos,Preço Médio,Saídas,Quartos FdS,Adul. / Cri.,março,Previsão,01-mar-2026 dom,52,13,14,0,0,52,0,"48,15","4 379,88","67,38",36,0,101,1700,105,551,0,0,1459,241,"43,13","176 631,59","97,86",586,0,3303,Total mar,1700,105,551,0,0,1459,241,"43,13","176 631,59","97,86",586,0,3303,Total,9169,4278,3084,0,0,7614,1555,"13,64","990 695,49","73,67",3210,0,17782
Data,Ocup,Opção,Cheg,Oferta/Uso Interno,Deduz. Individ.,Deduz. Grupos,% Ocup.,Receita Quartos,Preço Médio,Saídas,Quartos FdS,Adul. / Cri.,março,Previsão,02-mar-2026 seg,50,24,20,0,0,50,0,"54,81","4 295,28","58,04",22,0,101,1700,105,551,0,0,1459,241,"43,13","176 631,59","97,86",586,0,3303,Total mar,1700,105,551,0,0,1459,241,"43,13","176 631,59","97,86",586,0,3303,Total,9169,4278,3084,0,0,7614,1555,"13,64","990 695,49","73,67",3210,0,17782
Data,Ocup,Opção,Cheg,Oferta/Uso Interno,Deduz. Individ.,Deduz. Grupos,% Ocup.,Receita Quartos,Preço Médio,Saídas,Quartos FdS,Adul. / Cri.,março,Previsão,03-mar-2026 ter,50,11,12,0,0,50,0,"45,19","4 396,61","72,08",12,0,99,1700,105,551,0,0,1459,241,"43,13","176 631,59","97,86",586,0,3303,Total mar,1700,105,551,0,0,1459,241,"43,13","176 631,59","97,86",586,0,3303,Total,9169,4278,3084,0,0,7614,1555,"13,64","990 695,49","73,67",3210,0,17782
Data,Ocup,Opção,Cheg,Oferta/Uso Interno,Deduz. Individ.,Deduz. Grupos,% Ocup.,Receita Quartos,Preço Médio,Saídas,Quartos FdS,Adul. / Cri.,março,Previsão,04-mar-2026 qua,48,0,16,0,0,48,0,"35,56","4 163,15","86,73",18,0,91,1700,105,551,0,0,1459,241,"43,13","176 631,59","97,86",586,0,3303,Total mar,1700,105,551,0,0,1459,241,"43,13","176 631,59","97,86",586,0,3303,Total,9169,4278,3084,0,0,7614,1555,"13,64","990 695,49","73,67",3210,0,17782
Data,Ocup,Opção,Cheg,Oferta/Uso Interno,Deduz. Individ.,Deduz. Grupos,% Ocup.,Receita Quartos,Preço Médio,Saídas,Quartos FdS,Adul. / Cri.,março,Previsão,05-mar-2026 qui,54,0,13,0,0,54,0,"40,00","4 735,44","87,69",7,0,103,1700,105,551,0,0,1459,241,"43,13","176 631,59","97,86",586,0,3303,Total mar,1700,105,551,0,0,1459,241,"43,13","176 631,59","97,86",586,0,3303,Total,9169,4278,3084,0,0,7614,1555,"13,64","990 695,49","73,67",3210,0,17782
Data,Ocup,Opção,Cheg,Oferta/Uso Interno,Deduz. Individ.,Deduz. Grupos,% Ocup.,Receita Quartos,Preço Médio,Saídas,Quartos FdS,Adul. / Cri.,março,Previsão,06-mar-2026 sex,72,0,37,0,0,69,3,"53,33","7 644,73","106,18",19,0,133,1700,105,551,0,0,1459,241,"43,13","176 631,59","97,86",586,0,3303,Total mar,1700,105,551,0,0,1459,241,"43,13","176 631,59","97,86",586,0,3303,Total,9169,4278,3084,0,0,7614,1555,"13,64","990 695,49","73,67",3210,0,17782
Data,Ocup,Opção,Cheg,Oferta/Uso Interno,Deduz. Individ.,Deduz. Grupos,% Ocup.,Receita Quartos,Preço Médio,Saídas,Quartos FdS,Adul. / Cri.,março,Previsão,07-mar-2026 sáb,71,0,16,0,0,68,3,"52,59","7 443,44","104,84",17,0,134,1700,105,551,0,0,1459,241,"43,13","176 631,59","97,86",586,0,3303,Total mar,1700,105,551,0,0,1459,241,"43,13","176 631,59","97,86",586,0,3303,Total,9169,4278,3084,0,0,7614,1555,"13,64","990 695,49","73,67",3210,0,17782
Data,Ocup,Opção,Cheg,Oferta/Uso Interno,Deduz. Individ.,Deduz. Grupos,% Ocup.,Receita Quartos,Preço Médio,Saídas,Quartos FdS,Adul. / Cri.,março,Previsão,08-mar-2026 dom,60,0,15,0,0,60,0,"44,44","5 269,91","87,83",26,0,117,1700,105,551,0,0,1459,241,"43,13","176 631,59","97,86",586,0,3303,Total mar,1700,105,551,0,0,1459,241,"43,13","176 631,59","97,86",586,0,3303,Total,9169,4278,3084,0,0,7614,1555,"13,64","990 695,49","73,67",3210,0,17782
Data,Ocup,Opção,Cheg,Oferta/Uso Interno,Deduz. Individ.,Deduz. Grupos,% Ocup.,Receita Quartos,Preço Médio,Saídas,Quartos FdS,Adul. / Cri.,março,Previsão,09-mar-2026 seg,52,0,13,0,0,52,0,"38,52","4 511,96","86,77",21,0,102,1700,105,551,0,0,1459,241,"43,13","176 631,59","97,86",586,0,3303,Total mar,1700,105,551,0,0,1459,241,"43,13","176 631,59","97,86",586,0,3303,Total,9169,4278,3084,0,0,7614,1555,"13,64","990 695,49","73,67",3210,0,17782
Data,Ocup,Opção,Cheg,Oferta/Uso Interno,Deduz. Individ.,Deduz. Grupos,% Ocup.,Receita Quartos,Preço Médio,Saídas,Quartos FdS,Adul. / Cri.,março,Previsão,10-mar-2026 ter,40,0,13,0,0,39,1,"29,63","3 608,87","90,22",25,0,73,1700,105,551,0,0,1459,241,"43,13","176 631,59","97,86",586,0,3303,Total mar,1700,105,551,0,0,1459,241,"43,13","176 631,59","97,86",586,0,3303,Total,9169,4278,3084,0,0,7614,1555,"13,64","990 695,49","73,67",3210,0,17782
Data,Ocup,Opção,Cheg,Oferta/Uso Interno,Deduz. Individ.,Deduz. Grupos,% Ocup.,Receita Quartos,Preço Médio,Saídas,Quartos FdS,Adul. / Cri.,março,Previsão,11-mar-2026 qua,44,0,24,0,0,27,17,"32,59","4 461,13","101,39",20,0,87,1700,105,551,0,0,1459,241,"43,13","176 631,59","97,86",586,0,3303,Total mar,1700,105,551,0,0,1459,241,"43,13","176 631,59","97,86",586,0,3303,Total,9169,4278,3084,0,0,7614,1555,"13,64","990 695,49","73,67",3210,0,17782
Data,Ocup,Opção,Cheg,Oferta/Uso Interno,Deduz. Individ.,Deduz. Grupos,% Ocup.,Receita Quartos,Preço Médio,Saídas,Quartos FdS,Adul. / Cri.,março,Previsão,12-mar-2026 qui,55,0,21,0,0,38,17,"40,74","5 781,00","105,11",10,0,108,1700,105,551,0,0,1459,241,"43,13","176 631,59","97,86",586,0,3303,Total mar,1700,105,551,0,0,1459,241,"43,13","176 631,59","97,86",586,0,3303,Total,9169,4278,3084,0,0,7614,1555,"13,64","990 695,49","73,67",3210,0,17782
Data,Ocup,Opção,Cheg,Oferta/Uso Interno,Deduz. Individ.,Deduz. Grupos,% Ocup.,Receita Quartos,Preço Médio,Saídas,Quartos FdS,Adul. / Cri.,março,Previsão,13-mar-2026 sex,72,0,21,0,0,55,17,"53,33","8 147,59","113,16",4,0,143,1700,105,551,0,0,1459,241,"43,13","176 631,59","97,86",586,0,3303,Total mar,1700,105,551,0,0,1459,241,"43,13","176 631,59","97,86",586,0,3303,Total,9169,4278,3084,0,0,7614,1555,"13,64","990 695,49","73,67",3210,0,17782
Data,Ocup,Opção,Cheg,Oferta/Uso Interno,Deduz. Individ.,Deduz. Grupos,% Ocup.,Receita Quartos,Preço Médio,Saídas,Quartos FdS,Adul. / Cri.,março,Previsão,14-mar-2026 sáb,73,2,29,0,0,71,2,"55,56","7 793,04","103,91",28,0,146,1700,105,551,0,0,1459,241,"43,13","176 631,59","97,86",586,0,3303,Total mar,1700,105,551,0,0,1459,241,"43,13","176 631,59","97,86",586,0,3303,Total,9169,4278,3084,0,0,7614,1555,"13,64","990 695,49","73,67",3210,0,17782
Data,Ocup,Opção,Cheg,Oferta/Uso Interno,Deduz. Individ.,Deduz. Grupos,% Ocup.,Receita Quartos,Preço Médio,Saídas,Quartos FdS,Adul. / Cri.,março,Previsão,15-mar-2026 dom,56,13,8,0,0,56,0,"51,11","5 236,19","75,89",25,0,109,1700,105,551,0,0,1459,241,"43,13","176 631,59","97,86",586,0,3303,Total mar,1700,105,551,0,0,1459,241,"43,13","176 631,59","97,86",586,0,3303,Total,9169,4278,3084,0,0,7614,1555,"13,64","990 695,49","73,67",3210,0,17782
Data,Ocup,Opção,Cheg,Oferta/Uso Interno,Deduz. Individ.,Deduz. Grupos,% Ocup.,Receita Quartos,Preço Médio,Saídas,Quartos FdS,Adul. / Cri.,março,Previsão,16-mar-2026 seg,54,13,30,0,0,35,19,"49,63","6 698,01","99,97",32,0,102,1700,105,551,0,0,1459,241,"43,13","176 631,59","97,86",586,0,3303,Total mar,1700,105,551,0,0,1459,241,"43,13","176 631,59","97,86",586,0,3303,Total,9169,4278,3084,0,0,7614,1555,"13,64","990 695,49","73,67",3210,0,17782
Data,Ocup,Opção,Cheg,Oferta/Uso Interno,Deduz. Individ.,Deduz. Grupos,% Ocup.,Receita Quartos,Preço Médio,Saídas,Quartos FdS,Adul. / Cri.,março,Previsão,17-mar-2026 ter,55,0,8,0,0,35,20,"40,74","6 931,00","126,02",7,0,103,1700,105,551,0,0,1459,241,"43,13","176 631,59","97,86",586,0,3303,Total mar,1700,105,551,0,0,1459,241,"43,13","176 631,59","97,86",586,0,3303,Total,9169,4278,3084,0,0,7614,1555,"13,64","990 695,49","73,67",3210,0,17782
Data,Ocup,Opção,Cheg,Oferta/Uso Interno,Deduz. Individ.,Deduz. Grupos,% Ocup.,Receita Quartos,Preço Médio,Saídas,Quartos FdS,Adul. / Cri.,março,Previsão,18-mar-2026 qua,59,0,25,0,0,23,36,"43,70","7 580,50","128,48",21,0,111,1700,105,551,0,0,1459,241,"43,13","176 631,59","97,86",586,0,3303,Total mar,1700,105,551,0,0,1459,241,"43,13","176 631,59","97,86",586,0,3303,Total,9169,4278,3084,0,0,7614,1555,"13,64","990 695,49","73,67",3210,0,17782
Data,Ocup,Opção,Cheg,Oferta/Uso Interno,Deduz. Individ.,Deduz. Grupos,% Ocup.,Receita Quartos,Preço Médio,Saídas,Quartos FdS,Adul. / Cri.,março,Previsão,19-mar-2026 qui,57,0,8,0,0,21,36,"42,22","7 677,09","134,69",10,0,108,1700,105,551,0,0,1459,241,"43,13","176 631,59","97,86",586,0,3303,Total mar,1700,105,551,0,0,1459,241,"43,13","176 631,59","97,86",586,0,3303,Total,9169,4278,3084,0,0,7614,1555,"13,64","990 695,49","73,67",3210,0,17782
Data,Ocup,Opção,Cheg,Oferta/Uso Interno,Deduz. Individ.,Deduz. Grupos,% Ocup.,Receita Quartos,Preço Médio,Saídas,Quartos FdS,Adul. / Cri.,março,Previsão,20-mar-2026 sex,65,0,30,0,0,48,17,"48,15","8 135,68","125,16",22,0,131,1700,105,551,0,0,1459,241,"43,13","176 631,59","97,86",586,0,3303,Total mar,1700,105,551,0,0,1459,241,"43,13","176 631,59","97,86",586,0,3303,Total,9169,4278,3084,0,0,7614,1555,"13,64","990 695,49","73,67",3210,0,17782
Data,Ocup,Opção,Cheg,Oferta/Uso Interno,Deduz. Individ.,Deduz. Grupos,% Ocup.,Receita Quartos,Preço Médio,Saídas,Quartos FdS,Adul. / Cri.,março,Previsão,21-mar-2026 sáb,62,3,24,0,0,61,1,"48,15","6 387,44","98,27",27,0,123,1700,105,551,0,0,1459,241,"43,13","176 631,59","97,86",586,0,3303,Total mar,1700,105,551,0,0,1459,241,"43,13","176 631,59","97,86",586,0,3303,Total,9169,4278,3084,0,0,7614,1555,"13,64","990 695,49","73,67",3210,0,17782
Data,Ocup,Opção,Cheg,Oferta/Uso Interno,Deduz. Individ.,Deduz. Grupos,% Ocup.,Receita Quartos,Preço Médio,Saídas,Quartos FdS,Adul. / Cri.,março,Previsão,22-mar-2026 dom,56,13,17,0,0,56,0,"51,11","4 756,10","68,93",23,0,109,1700,105,551,0,0,1459,241,"43,13","176 631,59","97,86",586,0,3303,Total mar,1700,105,551,0,0,1459,241,"43,13","176 631,59","97,86",586,0,3303,Total,9169,4278,3084,0,0,7614,1555,"13,64","990 695,49","73,67",3210,0,17782
Data,Ocup,Opção,Cheg,Oferta/Uso Interno,Deduz. Individ.,Deduz. Grupos,% Ocup.,Receita Quartos,Preço Médio,Saídas,Quartos FdS,Adul. / Cri.,março,Previsão,23-mar-2026 seg,60,13,16,0,0,60,0,"54,07","5 168,48","70,80",12,0,116,1700,105,551,0,0,1459,241,"43,13","176 631,59","97,86",586,0,3303,Total mar,1700,105,551,0,0,1459,241,"43,13","176 631,59","97,86",586,0,3303,Total,9169,4278,3084,0,0,7614,1555,"13,64","990 695,49","73,67",3210,0,17782
Data,Ocup,Opção,Cheg,Oferta/Uso Interno,Deduz. Individ.,Deduz. Grupos,% Ocup.,Receita Quartos,Preço Médio,Saídas,Quartos FdS,Adul. / Cri.,março,Previsão,24-mar-2026 ter,68,0,25,0,0,67,1,"50,37","6 619,70","97,35",17,0,127,1700,105,551,0,0,1459,241,"43,13","176 631,59","97,86",586,0,3303,Total mar,1700,105,551,0,0,1459,241,"43,13","176 631,59","97,86",586,0,3303,Total,9169,4278,3084,0,0,7614,1555,"13,64","990 695,49","73,67",3210,0,17782
Data,Ocup,Opção,Cheg,Oferta/Uso Interno,Deduz. Individ.,Deduz. Grupos,% Ocup.,Receita Quartos,Preço Médio,Saídas,Quartos FdS,Adul. / Cri.,março,Previsão,25-mar-2026 qua,57,0,21,0,0,40,17,"42,22","6 154,48","107,97",32,0,110,1700,105,551,0,0,1459,241,"43,13","176 631,59","97,86",586,0,3303,Total mar,1700,105,551,0,0,1459,241,"43,13","176 631,59","97,86",586,0,3303,Total,9169,4278,3084,0,0,7614,1555,"13,64","990 695,49","73,67",3210,0,17782
Data,Ocup,Opção,Cheg,Oferta/Uso Interno,Deduz. Individ.,Deduz. Grupos,% Ocup.,Receita Quartos,Preço Médio,Saídas,Quartos FdS,Adul. / Cri.,março,Previsão,26-mar-2026 qui,48,0,3,0,0,31,17,"35,56","5 316,26","110,76",12,0,95,1700,105,551,0,0,1459,241,"43,13","176 631,59","97,86",586,0,3303,Total mar,1700,105,551,0,0,1459,241,"43,13","176 631,59","97,86",586,0,3303,Total,9169,4278,3084,0,0,7614,1555,"13,64","990 695,49","73,67",3210,0,17782
Data,Ocup,Opção,Cheg,Oferta/Uso Interno,Deduz. Individ.,Deduz. Grupos,% Ocup.,Receita Quartos,Preço Médio,Saídas,Quartos FdS,Adul. / Cri.,março,Previsão,27-mar-2026 sex,34,0,8,0,0,17,17,"25,19","4 239,57","124,69",22,0,66,1700,105,551,0,0,1459,241,"43,13","176 631,59","97,86",586,0,3303,Total mar,1700,105,551,0,0,1459,241,"43,13","176 631,59","97,86",586,0,3303,Total,9169,4278,3084,0,0,7614,1555,"13,64","990 695,49","73,67",3210,0,17782
Data,Ocup,Opção,Cheg,Oferta/Uso Interno,Deduz. Individ.,Deduz. Grupos,% Ocup.,Receita Quartos,Preço Médio,Saídas,Quartos FdS,Adul. / Cri.,março,Previsão,28-mar-2026 sáb,33,0,22,0,0,33,0,"24,44","3 863,24","117,07",23,0,64,1700,105,551,0,0,1459,241,"43,13","176 631,59","97,86",586,0,3303,Total mar,1700,105,551,0,0,1459,241,"43,13","176 631,59","97,86",586,0,3303,Total,9169,4278,3084,0,0,7614,1555,"13,64","990 695,49","73,67",3210,0,17782
Data,Ocup,Opção,Cheg,Oferta/Uso Interno,Deduz. Individ.,Deduz. Grupos,% Ocup.,Receita Quartos,Preço Médio,Saídas,Quartos FdS,Adul. / Cri.,março,Previsão,29-mar-2026 dom,53,0,23,0,0,53,0,"39,26","5 717,60","107,88",3,0,105,1700,105,551,0,0,1459,241,"43,13","176 631,59","97,86",586,0,3303,Total mar,1700,105,551,0,0,1459,241,"43,13","176 631,59","97,86",586,0,3303,Total,9169,4278,3084,0,0,7614,1555,"13,64","990 695,49","73,67",3210,0,17782
Data,Ocup,Opção,Cheg,Oferta/Uso Interno,Deduz. Individ.,Deduz. Grupos,% Ocup.,Receita Quartos,Preço Médio,Saídas,Quartos FdS,Adul. / Cri.,março,Previsão,30-mar-2026 seg,51,0,9,0,0,51,0,"37,78","5 322,56","104,36",11,0,105,1700,105,551,0,0,1459,241,"43,13","176 631,59","97,86",586,0,3303,Total mar,1700,105,551,0,0,1459,241,"43,13","176 631,59","97,86",586,0,3303,Total,9169,4278,3084,0,0,7614,1555,"13,64","990 695,49","73,67",3210,0,17782
Data,Ocup,Opção,Cheg,Oferta/Uso Interno,Deduz. Individ.,Deduz. Grupos,% Ocup.,Receita Quartos,Preço Médio,Saídas,Quartos FdS,Adul. / Cri.,março,Previsão,31-mar-2026 ter,39,0,10,0,0,39,0,"28,89","4 195,65","107,58",22,0,81,1700,105,551,0,0,1459,241,"43,13","176 631,59","97,86",586,0,3303,Total mar,1700,105,551,0,0,1459,241,"43,13","176 631,59","97,86",586,0,3303,Total,9169,4278,3084,0,0,7614,1555,"13,64","990 695,49","73,67",3210,0,17782
Data,Ocup,Opção,Cheg,Oferta/Uso Interno,Deduz. Individ.,Deduz. Grupos,% Ocup.,Receita Quartos,Preço Médio,Saídas,Quartos FdS,Adul. / Cri.,abril,Previsão,01-abr-2026 qua,33,0,7,0,0,33,0,"24,44","5 078,05","153,88",13,0,75,984,160,319,0,0,748,236,"28,25","141 915,17","124,05",325,0,1994,Total abr,984,160,319,0,0,748,236,"28,25","141 915,17","124,05",325,0,1994,Total,9169,4278,3084,0,0,7614,1555,"13,64","990 695,49","73,67",3210,0,17782
Data,Ocup,Opção,Cheg,Oferta/Uso Interno,Deduz. Individ.,Deduz. Grupos,% Ocup.,Receita Quartos,Preço Médio,Saídas,Quartos FdS,Adul. / Cri.,abril,Previsão,02-abr-2026 qui,24,0,4,0,0,24,0,"17,78","4 285,59","178,57",13,0,59,984,160,319,0,0,748,236,"28,25","141 915,17","124,05",325,0,1994,Total abr,984,160,319,0,0,748,236,"28,25","141 915,17","124,05",325,0,1994,Total,9169,4278,3084,0,0,7614,1555,"13,64","990 695,49","73,67",3210,0,17782
Data,Ocup,Opção,Cheg,Oferta/Uso Interno,Deduz. Individ.,Deduz. Grupos,% Ocup.,Receita Quartos,Preço Médio,Saídas,Quartos FdS,Adul. / Cri.,abril,Previsão,03-abr-2026 sex,14,0,1,0,0,14,0,"10,37","3 367,22","240,52",11,0,37,984,160,319,0,0,748,236,"28,25","141 915,17","124,05",325,0,1994,Total abr,984,160,319,0,0,748,236,"28,25","141 915,17","124,05",325,0,1994,Total,9169,4278,3084,0,0,7614,1555,"13,64","990 695,49","73,67",3210,0,17782
Data,Ocup,Opção,Cheg,Oferta/Uso Interno,Deduz. Individ.,Deduz. Grupos,% Ocup.,Receita Quartos,Preço Médio,Saídas,Quartos FdS,Adul. / Cri.,abril,Previsão,04-abr-2026 sáb,11,0,4,0,0,11,0,"8,15","2 677,74","243,43",7,0,32,984,160,319,0,0,748,236,"28,25","141 915,17","124,05",325,0,1994,Total abr,984,160,319,0,0,748,236,"28,25","141 915,17","124,05",325,0,1994,Total,9169,4278,3084,0,0,7614,1555,"13,64","990 695,49","73,67",3210,0,17782
Data,Ocup,Opção,Cheg,Oferta/Uso Interno,Deduz. Individ.,Deduz. Grupos,% Ocup.,Receita Quartos,Preço Médio,Saídas,Quartos FdS,Adul. / Cri.,abril,Previsão,05-abr-2026 dom,18,0,8,0,0,18,0,"13,33","3 172,38","176,24",1,0,44,984,160,319,0,0,748,236,"28,25","141 915,17","124,05",325,0,1994,Total abr,984,160,319,0,0,748,236,"28,25","141 915,17","124,05",325,0,1994,Total,9169,4278,3084,0,0,7614,1555,"13,64","990 695,49","73,67",3210,0,17782
Data,Ocup,Opção,Cheg,Oferta/Uso Interno,Deduz. Individ.,Deduz. Grupos,% Ocup.,Receita Quartos,Preço Médio,Saídas,Quartos FdS,Adul. / Cri.,abril,Previsão,06-abr-2026 seg,29,0,15,0,0,29,0,"21,48","3 771,23","130,04",4,0,60,984,160,319,0,0,748,236,"28,25","141 915,17","124,05",325,0,1994,Total abr,984,160,319,0,0,748,236,"28,25","141 915,17","124,05",325,0,1994,Total,9169,4278,3084,0,0,7614,1555,"13,64","990 695,49","73,67",3210,0,17782
Data,Ocup,Opção,Cheg,Oferta/Uso Interno,Deduz. Individ.,Deduz. Grupos,% Ocup.,Receita Quartos,Preço Médio,Saídas,Quartos FdS,Adul. / Cri.,abril,Previsão,07-abr-2026 ter,35,12,9,0,0,34,1,"34,81","4 574,63","97,33",3,0,72,984,160,319,0,0,748,236,"28,25","141 915,17","124,05",325,0,1994,Total abr,984,160,319,0,0,748,236,"28,25","141 915,17","124,05",325,0,1994,Total,9169,4278,3084,0,0,7614,1555,"13,64","990 695,49","73,67",3210,0,17782
Data,Ocup,Opção,Cheg,Oferta/Uso Interno,Deduz. Individ.,Deduz. Grupos,% Ocup.,Receita Quartos,Preço Médio,Saídas,Quartos FdS,Adul. / Cri.,abril,Previsão,08-abr-2026 qua,34,12,21,0,0,17,17,"34,07","4 832,00","105,04",22,0,67,984,160,319,0,0,748,236,"28,25","141 915,17","124,05",325,0,1994,Total abr,984,160,319,0,0,748,236,"28,25","141 915,17","124,05",325,0,1994,Total,9169,4278,3084,0,0,7614,1555,"13,64","990 695,49","73,67",3210,0,17782
Data,Ocup,Opção,Cheg,Oferta/Uso Interno,Deduz. Individ.,Deduz. Grupos,% Ocup.,Receita Quartos,Preço Médio,Saídas,Quartos FdS,Adul. / Cri.,abril,Previsão,09-abr-2026 qui,33,12,4,0,0,16,17,"33,33","4 555,77","101,24",5,0,64,984,160,319,0,0,748,236,"28,25","141 915,17","124,05",325,0,1994,Total abr,984,160,319,0,0,748,236,"28,25","141 915,17","124,05",325,0,1994,Total,9169,4278,3084,0,0,7614,1555,"13,64","990 695,49","73,67",3210,0,17782
Data,Ocup,Opção,Cheg,Oferta/Uso Interno,Deduz. Individ.,Deduz. Grupos,% Ocup.,Receita Quartos,Preço Médio,Saídas,Quartos FdS,Adul. / Cri.,abril,Previsão,10-abr-2026 sex,40,0,12,0,0,23,17,"29,63","6 000,80","150,02",5,0,79,984,160,319,0,0,748,236,"28,25","141 915,17","124,05",325,0,1994,Total abr,984,160,319,0,0,748,236,"28,25","141 915,17","124,05",325,0,1994,Total,9169,4278,3084,0,0,7614,1555,"13,64","990 695,49","73,67",3210,0,17782
Data,Ocup,Opção,Cheg,Oferta/Uso Interno,Deduz. Individ.,Deduz. Grupos,% Ocup.,Receita Quartos,Preço Médio,Saídas,Quartos FdS,Adul. / Cri.,abril,Previsão,11-abr-2026 sáb,36,1,19,0,0,33,3,"27,41","4 675,84","126,37",23,0,68,984,160,319,0,0,748,236,"28,25","141 915,17","124,05",325,0,1994,Total abr,984,160,319,0,0,748,236,"28,25","141 915,17","124,05",325,0,1994,Total,9169,4278,3084,0,0,7614,1555,"13,64","990 695,49","73,67",3210,0,17782
Data,Ocup,Opção,Cheg,Oferta/Uso Interno,Deduz. Individ.,Deduz. Grupos,% Ocup.,Receita Quartos,Preço Médio,Saídas,Quartos FdS,Adul. / Cri.,abril,Previsão,12-abr-2026 dom,34,13,9,0,0,34,0,"34,81","4 064,30","86,47",11,0,64,984,160,319,0,0,748,236,"28,25","141 915,17","124,05",325,0,1994,Total abr,984,160,319,0,0,748,236,"28,25","141 915,17","124,05",325,0,1994,Total,9169,4278,3084,0,0,7614,1555,"13,64","990 695,49","73,67",3210,0,17782
Data,Ocup,Opção,Cheg,Oferta/Uso Interno,Deduz. Individ.,Deduz. Grupos,% Ocup.,Receita Quartos,Preço Médio,Saídas,Quartos FdS,Adul. / Cri.,abril,Previsão,13-abr-2026 seg,34,13,3,0,0,34,0,"34,81","4 081,79","86,85",3,0,63,984,160,319,0,0,748,236,"28,25","141 915,17","124,05",325,0,1994,Total abr,984,160,319,0,0,748,236,"28,25","141 915,17","124,05",325,0,1994,Total,9169,4278,3084,0,0,7614,1555,"13,64","990 695,49","73,67",3210,0,17782
Data,Ocup,Opção,Cheg,Oferta/Uso Interno,Deduz. Individ.,Deduz. Grupos,% Ocup.,Receita Quartos,Preço Médio,Saídas,Quartos FdS,Adul. / Cri.,abril,Previsão,14-abr-2026 ter,33,22,15,0,0,32,1,"40,74","4 157,19","75,59",16,0,61,984,160,319,0,0,748,236,"28,25","141 915,17","124,05",325,0,1994,Total abr,984,160,319,0,0,748,236,"28,25","141 915,17","124,05",325,0,1994,Total,9169,4278,3084,0,0,7614,1555,"13,64","990 695,49","73,67",3210,0,17782
Data,Ocup,Opção,Cheg,Oferta/Uso Interno,Deduz. Individ.,Deduz. Grupos,% Ocup.,Receita Quartos,Preço Médio,Saídas,Quartos FdS,Adul. / Cri.,abril,Previsão,15-abr-2026 qua,36,22,22,0,0,17,19,"42,96","5 367,89","92,55",19,0,71,984,160,319,0,0,748,236,"28,25","141 915,17","124,05",325,0,1994,Total abr,984,160,319,0,0,748,236,"28,25","141 915,17","124,05",325,0,1994,Total,9169,4278,3084,0,0,7614,1555,"13,64","990 695,49","73,67",3210,0,17782
Data,Ocup,Opção,Cheg,Oferta/Uso Interno,Deduz. Individ.,Deduz. Grupos,% Ocup.,Receita Quartos,Preço Médio,Saídas,Quartos FdS,Adul. / Cri.,abril,Previsão,16-abr-2026 qui,44,23,11,0,0,24,20,"49,63","6 616,37","98,75",3,0,86,984,160,319,0,0,748,236,"28,25","141 915,17","124,05",325,0,1994,Total abr,984,160,319,0,0,748,236,"28,25","141 915,17","124,05",325,0,1994,Total,9169,4278,3084,0,0,7614,1555,"13,64","990 695,49","73,67",3210,0,17782
Data,Ocup,Opção,Cheg,Oferta/Uso Interno,Deduz. Individ.,Deduz. Grupos,% Ocup.,Receita Quartos,Preço Médio,Saídas,Quartos FdS,Adul. / Cri.,abril,Previsão,17-abr-2026 sex,46,13,10,0,0,29,17,"43,70","6 670,48","113,06",8,0,91,984,160,319,0,0,748,236,"28,25","141 915,17","124,05",325,0,1994,Total abr,984,160,319,0,0,748,236,"28,25","141 915,17","124,05",325,0,1994,Total,9169,4278,3084,0,0,7614,1555,"13,64","990 695,49","73,67",3210,0,17782
Data,Ocup,Opção,Cheg,Oferta/Uso Interno,Deduz. Individ.,Deduz. Grupos,% Ocup.,Receita Quartos,Preço Médio,Saídas,Quartos FdS,Adul. / Cri.,abril,Previsão,18-abr-2026 sáb,41,13,14,0,0,40,1,"40,00","4 912,36","90,97",19,0,81,984,160,319,0,0,748,236,"28,25","141 915,17","124,05",325,0,1994,Total abr,984,160,319,0,0,748,236,"28,25","141 915,17","124,05",325,0,1994,Total,9169,4278,3084,0,0,7614,1555,"13,64","990 695,49","73,67",3210,0,17782
Data,Ocup,Opção,Cheg,Oferta/Uso Interno,Deduz. Individ.,Deduz. Grupos,% Ocup.,Receita Quartos,Preço Médio,Saídas,Quartos FdS,Adul. / Cri.,abril,Previsão,19-abr-2026 dom,35,0,8,0,0,35,0,"25,93","3 884,55","110,99",14,0,69,984,160,319,0,0,748,236,"28,25","141 915,17","124,05",325,0,1994,Total abr,984,160,319,0,0,748,236,"28,25","141 915,17","124,05",325,0,1994,Total,9169,4278,3084,0,0,7614,1555,"13,64","990 695,49","73,67",3210,0,17782
Data,Ocup,Opção,Cheg,Oferta/Uso Interno,Deduz. Individ.,Deduz. Grupos,% Ocup.,Receita Quartos,Preço Médio,Saídas,Quartos FdS,Adul. / Cri.,abril,Previsão,20-abr-2026 seg,29,0,5,0,0,29,0,"21,48","3 324,63","114,64",11,0,59,984,160,319,0,0,748,236,"28,25","141 915,17","124,05",325,0,1994,Total abr,984,160,319,0,0,748,236,"28,25","141 915,17","124,05",325,0,1994,Total,9169,4278,3084,0,0,7614,1555,"13,64","990 695,49","73,67",3210,0,17782
Data,Ocup,Opção,Cheg,Oferta/Uso Interno,Deduz. Individ.,Deduz. Grupos,% Ocup.,Receita Quartos,Preço Médio,Saídas,Quartos FdS,Adul. / Cri.,abril,Previsão,21-abr-2026 ter,26,0,8,0,0,25,1,"19,26","3 317,05","127,58",11,0,52,984,160,319,0,0,748,236,"28,25","141 915,17","124,05",325,0,1994,Total abr,984,160,319,0,0,748,236,"28,25","141 915,17","124,05",325,0,1994,Total,9169,4278,3084,0,0,7614,1555,"13,64","990 695,49","73,67",3210,0,17782
Data,Ocup,Opção,Cheg,Oferta/Uso Interno,Deduz. Individ.,Deduz. Grupos,% Ocup.,Receita Quartos,Preço Médio,Saídas,Quartos FdS,Adul. / Cri.,abril,Previsão,22-abr-2026 qua,45,0,33,0,0,16,29,"33,33","7 846,74","174,37",14,0,88,984,160,319,0,0,748,236,"28,25","141 915,17","124,05",325,0,1994,Total abr,984,160,319,0,0,748,236,"28,25","141 915,17","124,05",325,0,1994,Total,9169,4278,3084,0,0,7614,1555,"13,64","990 695,49","73,67",3210,0,17782
Data,Ocup,Opção,Cheg,Oferta/Uso Interno,Deduz. Individ.,Deduz. Grupos,% Ocup.,Receita Quartos,Preço Médio,Saídas,Quartos FdS,Adul. / Cri.,abril,Previsão,23-abr-2026 qui,44,0,7,0,0,15,29,"32,59","7 579,97","172,27",8,0,86,984,160,319,0,0,748,236,"28,25","141 915,17","124,05",325,0,1994,Total abr,984,160,319,0,0,748,236,"28,25","141 915,17","124,05",325,0,1994,Total,9169,4278,3084,0,0,7614,1555,"13,64","990 695,49","73,67",3210,0,17782
Data,Ocup,Opção,Cheg,Oferta/Uso Interno,Deduz. Individ.,Deduz. Grupos,% Ocup.,Receita Quartos,Preço Médio,Saídas,Quartos FdS,Adul. / Cri.,abril,Previsão,24-abr-2026 sex,46,0,6,0,0,17,29,"34,07","8 349,79","181,52",4,0,91,984,160,319,0,0,748,236,"28,25","141 915,17","124,05",325,0,1994,Total abr,984,160,319,0,0,748,236,"28,25","141 915,17","124,05",325,0,1994,Total,9169,4278,3084,0,0,7614,1555,"13,64","990 695,49","73,67",3210,0,17782
Data,Ocup,Opção,Cheg,Oferta/Uso Interno,Deduz. Individ.,Deduz. Grupos,% Ocup.,Receita Quartos,Preço Médio,Saídas,Quartos FdS,Adul. / Cri.,abril,Previsão,25-abr-2026 sáb,24,0,10,0,0,24,0,"17,78","3 307,93","137,83",32,0,51,984,160,319,0,0,748,236,"28,25","141 915,17","124,05",325,0,1994,Total abr,984,160,319,0,0,748,236,"28,25","141 915,17","124,05",325,0,1994,Total,9169,4278,3084,0,0,7614,1555,"13,64","990 695,49","73,67",3210,0,17782
Data,Ocup,Opção,Cheg,Oferta/Uso Interno,Deduz. Individ.,Deduz. Grupos,% Ocup.,Receita Quartos,Preço Médio,Saídas,Quartos FdS,Adul. / Cri.,abril,Previsão,26-abr-2026 dom,25,0,9,0,0,25,0,"18,52","3 179,79","127,19",8,0,54,984,160,319,0,0,748,236,"28,25","141 915,17","124,05",325,0,1994,Total abr,984,160,319,0,0,748,236,"28,25","141 915,17","124,05",325,0,1994,Total,9169,4278,3084,0,0,7614,1555,"13,64","990 695,49","73,67",3210,0,17782
Data,Ocup,Opção,Cheg,Oferta/Uso Interno,Deduz. Individ.,Deduz. Grupos,% Ocup.,Receita Quartos,Preço Médio,Saídas,Quartos FdS,Adul. / Cri.,abril,Previsão,27-abr-2026 seg,30,0,10,0,0,30,0,"22,22","3 630,36","121,01",5,0,61,984,160,319,0,0,748,236,"28,25","141 915,17","124,05",325,0,1994,Total abr,984,160,319,0,0,748,236,"28,25","141 915,17","124,05",325,0,1994,Total,9169,4278,3084,0,0,7614,1555,"13,64","990 695,49","73,67",3210,0,17782
Data,Ocup,Opção,Cheg,Oferta/Uso Interno,Deduz. Individ.,Deduz. Grupos,% Ocup.,Receita Quartos,Preço Médio,Saídas,Quartos FdS,Adul. / Cri.,abril,Previsão,28-abr-2026 ter,33,0,12,0,0,32,1,"24,44","4 116,74","124,75",9,0,66,984,160,319,0,0,748,236,"28,25","141 915,17","124,05",325,0,1994,Total abr,984,160,319,0,0,748,236,"28,25","141 915,17","124,05",325,0,1994,Total,9169,4278,3084,0,0,7614,1555,"13,64","990 695,49","73,67",3210,0,17782
Data,Ocup,Opção,Cheg,Oferta/Uso Interno,Deduz. Individ.,Deduz. Grupos,% Ocup.,Receita Quartos,Preço Médio,Saídas,Quartos FdS,Adul. / Cri.,abril,Previsão,29-abr-2026 qua,39,0,21,0,0,22,17,"28,89","5 789,18","148,44",15,0,78,984,160,319,0,0,748,236,"28,25","141 915,17","124,05",325,0,1994,Total abr,984,160,319,0,0,748,236,"28,25","141 915,17","124,05",325,0,1994,Total,9169,4278,3084,0,0,7614,1555,"13,64","990 695,49","73,67",3210,0,17782
Data,Ocup,Opção,Cheg,Oferta/Uso Interno,Deduz. Individ.,Deduz. Grupos,% Ocup.,Receita Quartos,Preço Médio,Saídas,Quartos FdS,Adul. / Cri.,abril,Previsão,30-abr-2026 qui,33,4,2,0,0,16,17,"27,41","4 726,83","127,75",8,0,65,984,160,319,0,0,748,236,"28,25","141 915,17","124,05",325,0,1994,Total abr,984,160,319,0,0,748,236,"28,25","141 915,17","124,05",325,0,1994,Total,9169,4278,3084,0,0,7614,1555,"13,64","990 695,49","73,67",3210,0,17782
Data,Ocup,Opção,Cheg,Oferta/Uso Interno,Deduz. Individ.,Deduz. Grupos,% Ocup.,Receita Quartos,Preço Médio,Saídas,Quartos FdS,Adul. / Cri.,maio,Previsão,01-mai-2026 sex,27,13,4,0,0,10,17,"29,63","4 176,74","104,42",10,0,52,725,648,252,0,0,490,235,"32,81","114 949,99","83,72",276,0,1362,Total mai,725,648,252,0,0,490,235,"32,81","114 949,99","83,72",276,0,1362,Total,9169,4278,3084,0,0,7614,1555,"13,64","990 695,49","73,67",3210,0,17782
Data,Ocup,Opção,Cheg,Oferta/Uso Interno,Deduz. Individ.,Deduz. Grupos,% Ocup.,Receita Quartos,Preço Médio,Saídas,Quartos FdS,Adul. / Cri.,maio,Previsão,02-mai-2026 sáb,14,13,8,0,0,14,0,"20,00","2 500,87","92,62",21,0,25,725,648,252,0,0,490,235,"32,81","114 949,99","83,72",276,0,1362,Total mai,725,648,252,0,0,490,235,"32,81","114 949,99","83,72",276,0,1362,Total,9169,4278,3084,0,0,7614,1555,"13,64","990 695,49","73,67",3210,0,17782
Data,Ocup,Opção,Cheg,Oferta/Uso Interno,Deduz. Individ.,Deduz. Grupos,% Ocup.,Receita Quartos,Preço Médio,Saídas,Quartos FdS,Adul. / Cri.,maio,Previsão,03-mai-2026 dom,14,47,5,0,0,14,0,"45,19","2 023,40","33,17",5,0,27,725,648,252,0,0,490,235,"32,81","114 949,99","83,72",276,0,1362,Total mai,725,648,252,0,0,490,235,"32,81","114 949,99","83,72",276,0,1362,Total,9169,4278,3084,0,0,7614,1555,"13,64","990 695,49","73,67",3210,0,17782
Data,Ocup,Opção,Cheg,Oferta/Uso Interno,Deduz. Individ.,Deduz. Grupos,% Ocup.,Receita Quartos,Preço Médio,Saídas,Quartos FdS,Adul. / Cri.,maio,Previsão,04-mai-2026 seg,17,47,6,0,0,17,0,"47,41","2 658,23","41,53",3,0,33,725,648,252,0,0,490,235,"32,81","114 949,99","83,72",276,0,1362,Total mai,725,648,252,0,0,490,235,"32,81","114 949,99","83,72",276,0,1362,Total,9169,4278,3084,0,0,7614,1555,"13,64","990 695,49","73,67",3210,0,17782
Data,Ocup,Opção,Cheg,Oferta/Uso Interno,Deduz. Individ.,Deduz. Grupos,% Ocup.,Receita Quartos,Preço Médio,Saídas,Quartos FdS,Adul. / Cri.,maio,Previsão,05-mai-2026 ter,21,47,7,0,0,19,2,"50,37","3 279,09","48,22",3,0,41,725,648,252,0,0,490,235,"32,81","114 949,99","83,72",276,0,1362,Total mai,725,648,252,0,0,490,235,"32,81","114 949,99","83,72",276,0,1362,Total,9169,4278,3084,0,0,7614,1555,"13,64","990 695,49","73,67",3210,0,17782
Data,Ocup,Opção,Cheg,Oferta/Uso Interno,Deduz. Individ.,Deduz. Grupos,% Ocup.,Receita Quartos,Preço Médio,Saídas,Quartos FdS,Adul. / Cri.,maio,Previsão,06-mai-2026 qua,32,0,21,0,0,13,19,"23,70","4 593,62","143,55",10,0,63,725,648,252,0,0,490,235,"32,81","114 949,99","83,72",276,0,1362,Total mai,725,648,252,0,0,490,235,"32,81","114 949,99","83,72",276,0,1362,Total,9169,4278,3084,0,0,7614,1555,"13,64","990 695,49","73,67",3210,0,17782
Data,Ocup,Opção,Cheg,Oferta/Uso Interno,Deduz. Individ.,Deduz. Grupos,% Ocup.,Receita Quartos,Preço Médio,Saídas,Quartos FdS,Adul. / Cri.,maio,Previsão,07-mai-2026 qui,50,1,26,0,0,30,20,"37,78","7 386,24","144,83",8,0,90,725,648,252,0,0,490,235,"32,81","114 949,99","83,72",276,0,1362,Total mai,725,648,252,0,0,490,235,"32,81","114 949,99","83,72",276,0,1362,Total,9169,4278,3084,0,0,7614,1555,"13,64","990 695,49","73,67",3210,0,17782
Data,Ocup,Opção,Cheg,Oferta/Uso Interno,Deduz. Individ.,Deduz. Grupos,% Ocup.,Receita Quartos,Preço Médio,Saídas,Quartos FdS,Adul. / Cri.,maio,Previsão,08-mai-2026 sex,51,13,6,0,0,34,17,"47,41","7 922,18","123,78",5,0,93,725,648,252,0,0,490,235,"32,81","114 949,99","83,72",276,0,1362,Total mai,725,648,252,0,0,490,235,"32,81","114 949,99","83,72",276,0,1362,Total,9169,4278,3084,0,0,7614,1555,"13,64","990 695,49","73,67",3210,0,17782
Data,Ocup,Opção,Cheg,Oferta/Uso Interno,Deduz. Individ.,Deduz. Grupos,% Ocup.,Receita Quartos,Preço Médio,Saídas,Quartos FdS,Adul. / Cri.,maio,Previsão,09-mai-2026 sáb,37,35,6,0,0,37,0,"53,33","6 200,61","86,12",20,0,65,725,648,252,0,0,490,235,"32,81","114 949,99","83,72",276,0,1362,Total mai,725,648,252,0,0,490,235,"32,81","114 949,99","83,72",276,0,1362,Total,9169,4278,3084,0,0,7614,1555,"13,64","990 695,49","73,67",3210,0,17782
Data,Ocup,Opção,Cheg,Oferta/Uso Interno,Deduz. Individ.,Deduz. Grupos,% Ocup.,Receita Quartos,Preço Médio,Saídas,Quartos FdS,Adul. / Cri.,maio,Previsão,10-mai-2026 dom,10,22,1,0,0,10,0,"23,70","1 508,17","47,13",28,0,20,725,648,252,0,0,490,235,"32,81","114 949,99","83,72",276,0,1362,Total mai,725,648,252,0,0,490,235,"32,81","114 949,99","83,72",276,0,1362,Total,9169,4278,3084,0,0,7614,1555,"13,64","990 695,49","73,67",3210,0,17782
Data,Ocup,Opção,Cheg,Oferta/Uso Interno,Deduz. Individ.,Deduz. Grupos,% Ocup.,Receita Quartos,Preço Médio,Saídas,Quartos FdS,Adul. / Cri.,maio,Previsão,11-mai-2026 seg,12,22,5,0,0,12,0,"25,19","1 751,27","51,51",3,0,22,725,648,252,0,0,490,235,"32,81","114 949,99","83,72",276,0,1362,Total mai,725,648,252,0,0,490,235,"32,81","114 949,99","83,72",276,0,1362,Total,9169,4278,3084,0,0,7614,1555,"13,64","990 695,49","73,67",3210,0,17782
Data,Ocup,Opção,Cheg,Oferta/Uso Interno,Deduz. Individ.,Deduz. Grupos,% Ocup.,Receita Quartos,Preço Médio,Saídas,Quartos FdS,Adul. / Cri.,maio,Previsão,12-mai-2026 ter,19,22,10,0,0,18,1,"30,37","2 897,88","70,68",3,0,35,725,648,252,0,0,490,235,"32,81","114 949,99","83,72",276,0,1362,Total mai,725,648,252,0,0,490,235,"32,81","114 949,99","83,72",276,0,1362,Total,9169,4278,3084,0,0,7614,1555,"13,64","990 695,49","73,67",3210,0,17782
Data,Ocup,Opção,Cheg,Oferta/Uso Interno,Deduz. Individ.,Deduz. Grupos,% Ocup.,Receita Quartos,Preço Médio,Saídas,Quartos FdS,Adul. / Cri.,maio,Previsão,13-mai-2026 qua,28,22,18,0,0,11,17,"37,04","4 138,45","82,77",9,0,53,725,648,252,0,0,490,235,"32,81","114 949,99","83,72",276,0,1362,Total mai,725,648,252,0,0,490,235,"32,81","114 949,99","83,72",276,0,1362,Total,9169,4278,3084,0,0,7614,1555,"13,64","990 695,49","73,67",3210,0,17782
Data,Ocup,Opção,Cheg,Oferta/Uso Interno,Deduz. Individ.,Deduz. Grupos,% Ocup.,Receita Quartos,Preço Médio,Saídas,Quartos FdS,Adul. / Cri.,maio,Previsão,14-mai-2026 qui,32,48,6,0,0,15,17,"59,26","4 788,15","59,85",2,0,63,725,648,252,0,0,490,235,"32,81","114 949,99","83,72",276,0,1362,Total mai,725,648,252,0,0,490,235,"32,81","114 949,99","83,72",276,0,1362,Total,9169,4278,3084,0,0,7614,1555,"13,64","990 695,49","73,67",3210,0,17782
Data,Ocup,Opção,Cheg,Oferta/Uso Interno,Deduz. Individ.,Deduz. Grupos,% Ocup.,Receita Quartos,Preço Médio,Saídas,Quartos FdS,Adul. / Cri.,maio,Previsão,15-mai-2026 sex,32,35,3,0,0,15,17,"49,63","5 085,13","75,90",3,0,63,725,648,252,0,0,490,235,"32,81","114 949,99","83,72",276,0,1362,Total mai,725,648,252,0,0,490,235,"32,81","114 949,99","83,72",276,0,1362,Total,9169,4278,3084,0,0,7614,1555,"13,64","990 695,49","73,67",3210,0,17782
Data,Ocup,Opção,Cheg,Oferta/Uso Interno,Deduz. Individ.,Deduz. Grupos,% Ocup.,Receita Quartos,Preço Médio,Saídas,Quartos FdS,Adul. / Cri.,maio,Previsão,16-mai-2026 sáb,15,37,3,0,0,14,1,"38,52","2 432,18","46,77",20,0,30,725,648,252,0,0,490,235,"32,81","114 949,99","83,72",276,0,1362,Total mai,725,648,252,0,0,490,235,"32,81","114 949,99","83,72",276,0,1362,Total,9169,4278,3084,0,0,7614,1555,"13,64","990 695,49","73,67",3210,0,17782
Data,Ocup,Opção,Cheg,Oferta/Uso Interno,Deduz. Individ.,Deduz. Grupos,% Ocup.,Receita Quartos,Preço Médio,Saídas,Quartos FdS,Adul. / Cri.,maio,Previsão,17-mai-2026 dom,11,13,8,0,0,11,0,"17,78","1 466,66","61,11",12,0,21,725,648,252,0,0,490,235,"32,81","114 949,99","83,72",276,0,1362,Total mai,725,648,252,0,0,490,235,"32,81","114 949,99","83,72",276,0,1362,Total,9169,4278,3084,0,0,7614,1555,"13,64","990 695,49","73,67",3210,0,17782
Data,Ocup,Opção,Cheg,Oferta/Uso Interno,Deduz. Individ.,Deduz. Grupos,% Ocup.,Receita Quartos,Preço Médio,Saídas,Quartos FdS,Adul. / Cri.,maio,Previsão,18-mai-2026 seg,17,13,7,0,0,17,0,"22,22","2 510,26","83,68",1,0,32,725,648,252,0,0,490,235,"32,81","114 949,99","83,72",276,0,1362,Total mai,725,648,252,0,0,490,235,"32,81","114 949,99","83,72",276,0,1362,Total,9169,4278,3084,0,0,7614,1555,"13,64","990 695,49","73,67",3210,0,17782
Data,Ocup,Opção,Cheg,Oferta/Uso Interno,Deduz. Individ.,Deduz. Grupos,% Ocup.,Receita Quartos,Preço Médio,Saídas,Quartos FdS,Adul. / Cri.,maio,Previsão,19-mai-2026 ter,22,0,10,0,0,21,1,"16,30","3 490,82","158,67",5,0,42,725,648,252,0,0,490,235,"32,81","114 949,99","83,72",276,0,1362,Total mai,725,648,252,0,0,490,235,"32,81","114 949,99","83,72",276,0,1362,Total,9169,4278,3084,0,0,7614,1555,"13,64","990 695,49","73,67",3210,0,17782
Data,Ocup,Opção,Cheg,Oferta/Uso Interno,Deduz. Individ.,Deduz. Grupos,% Ocup.,Receita Quartos,Preço Médio,Saídas,Quartos FdS,Adul. / Cri.,maio,Previsão,20-mai-2026 qua,30,0,21,0,0,13,17,"22,22","4 861,05","162,03",13,0,58,725,648,252,0,0,490,235,"32,81","114 949,99","83,72",276,0,1362,Total mai,725,648,252,0,0,490,235,"32,81","114 949,99","83,72",276,0,1362,Total,9169,4278,3084,0,0,7614,1555,"13,64","990 695,49","73,67",3210,0,17782
Data,Ocup,Opção,Cheg,Oferta/Uso Interno,Deduz. Individ.,Deduz. Grupos,% Ocup.,Receita Quartos,Preço Médio,Saídas,Quartos FdS,Adul. / Cri.,maio,Previsão,21-mai-2026 qui,35,4,6,0,0,18,17,"28,89","5 638,41","144,57",1,0,63,725,648,252,0,0,490,235,"32,81","114 949,99","83,72",276,0,1362,Total mai,725,648,252,0,0,490,235,"32,81","114 949,99","83,72",276,0,1362,Total,9169,4278,3084,0,0,7614,1555,"13,64","990 695,49","73,67",3210,0,17782
Data,Ocup,Opção,Cheg,Oferta/Uso Interno,Deduz. Individ.,Deduz. Grupos,% Ocup.,Receita Quartos,Preço Médio,Saídas,Quartos FdS,Adul. / Cri.,maio,Previsão,22-mai-2026 sex,33,13,5,0,0,15,18,"34,07","5 690,92","123,72",7,0,62,725,648,252,0,0,490,235,"32,81","114 949,99","83,72",276,0,1362,Total mai,725,648,252,0,0,490,235,"32,81","114 949,99","83,72",276,0,1362,Total,9169,4278,3084,0,0,7614,1555,"13,64","990 695,49","73,67",3210,0,17782
Data,Ocup,Opção,Cheg,Oferta/Uso Interno,Deduz. Individ.,Deduz. Grupos,% Ocup.,Receita Quartos,Preço Médio,Saídas,Quartos FdS,Adul. / Cri.,maio,Previsão,23-mai-2026 sáb,15,15,3,0,0,13,2,"22,22","2 718,46","90,62",21,0,27,725,648,252,0,0,490,235,"32,81","114 949,99","83,72",276,0,1362,Total mai,725,648,252,0,0,490,235,"32,81","114 949,99","83,72",276,0,1362,Total,9169,4278,3084,0,0,7614,1555,"13,64","990 695,49","73,67",3210,0,17782
Data,Ocup,Opção,Cheg,Oferta/Uso Interno,Deduz. Individ.,Deduz. Grupos,% Ocup.,Receita Quartos,Preço Médio,Saídas,Quartos FdS,Adul. / Cri.,maio,Previsão,24-mai-2026 dom,12,13,7,0,0,12,0,"18,52","2 004,83","80,19",10,0,22,725,648,252,0,0,490,235,"32,81","114 949,99","83,72",276,0,1362,Total mai,725,648,252,0,0,490,235,"32,81","114 949,99","83,72",276,0,1362,Total,9169,4278,3084,0,0,7614,1555,"13,64","990 695,49","73,67",3210,0,17782
Data,Ocup,Opção,Cheg,Oferta/Uso Interno,Deduz. Individ.,Deduz. Grupos,% Ocup.,Receita Quartos,Preço Médio,Saídas,Quartos FdS,Adul. / Cri.,maio,Previsão,25-mai-2026 seg,17,13,7,0,0,17,0,"22,22","3 068,79","102,29",2,0,31,725,648,252,0,0,490,235,"32,81","114 949,99","83,72",276,0,1362,Total mai,725,648,252,0,0,490,235,"32,81","114 949,99","83,72",276,0,1362,Total,9169,4278,3084,0,0,7614,1555,"13,64","990 695,49","73,67",3210,0,17782
Data,Ocup,Opção,Cheg,Oferta/Uso Interno,Deduz. Individ.,Deduz. Grupos,% Ocup.,Receita Quartos,Preço Médio,Saídas,Quartos FdS,Adul. / Cri.,maio,Previsão,26-mai-2026 ter,22,22,10,0,0,21,1,"32,59","4 030,03","91,59",5,0,39,725,648,252,0,0,490,235,"32,81","114 949,99","83,72",276,0,1362,Total mai,725,648,252,0,0,490,235,"32,81","114 949,99","83,72",276,0,1362,Total,9169,4278,3084,0,0,7614,1555,"13,64","990 695,49","73,67",3210,0,17782
Data,Ocup,Opção,Cheg,Oferta/Uso Interno,Deduz. Individ.,Deduz. Grupos,% Ocup.,Receita Quartos,Preço Médio,Saídas,Quartos FdS,Adul. / Cri.,maio,Previsão,27-mai-2026 qua,29,22,18,0,0,12,17,"37,78","4 831,85","94,74",11,0,56,725,648,252,0,0,490,235,"32,81","114 949,99","83,72",276,0,1362,Total mai,725,648,252,0,0,490,235,"32,81","114 949,99","83,72",276,0,1362,Total,9169,4278,3084,0,0,7614,1555,"13,64","990 695,49","73,67",3210,0,17782
Data,Ocup,Opção,Cheg,Oferta/Uso Interno,Deduz. Individ.,Deduz. Grupos,% Ocup.,Receita Quartos,Preço Médio,Saídas,Quartos FdS,Adul. / Cri.,maio,Previsão,28-mai-2026 qui,24,26,3,0,0,7,17,"37,04","3 745,59","74,91",8,0,46,725,648,252,0,0,490,235,"32,81","114 949,99","83,72",276,0,1362,Total mai,725,648,252,0,0,490,235,"32,81","114 949,99","83,72",276,0,1362,Total,9169,4278,3084,0,0,7614,1555,"13,64","990 695,49","73,67",3210,0,17782
Data,Ocup,Opção,Cheg,Oferta/Uso Interno,Deduz. Individ.,Deduz. Grupos,% Ocup.,Receita Quartos,Preço Médio,Saídas,Quartos FdS,Adul. / Cri.,maio,Previsão,29-mai-2026 sex,29,13,5,0,0,12,17,"31,11","4 640,23","110,48",0,0,54,725,648,252,0,0,490,235,"32,81","114 949,99","83,72",276,0,1362,Total mai,725,648,252,0,0,490,235,"32,81","114 949,99","83,72",276,0,1362,Total,9169,4278,3084,0,0,7614,1555,"13,64","990 695,49","73,67",3210,0,17782
Data,Ocup,Opção,Cheg,Oferta/Uso Interno,Deduz. Individ.,Deduz. Grupos,% Ocup.,Receita Quartos,Preço Médio,Saídas,Quartos FdS,Adul. / Cri.,maio,Previsão,30-mai-2026 sáb,9,35,1,0,0,9,0,"32,59","1 460,88","33,20",21,0,16,725,648,252,0,0,490,235,"32,81","114 949,99","83,72",276,0,1362,Total mai,725,648,252,0,0,490,235,"32,81","114 949,99","83,72",276,0,1362,Total,9169,4278,3084,0,0,7614,1555,"13,64","990 695,49","73,67",3210,0,17782
Data,Ocup,Opção,Cheg,Oferta/Uso Interno,Deduz. Individ.,Deduz. Grupos,% Ocup.,Receita Quartos,Preço Médio,Saídas,Quartos FdS,Adul. / Cri.,maio,Previsão,31-mai-2026 dom,9,22,6,0,0,9,0,"22,96","1 449,01","46,74",6,0,18,725,648,252,0,0,490,235,"32,81","114 949,99","83,72",276,0,1362,Total mai,725,648,252,0,0,490,235,"32,81","114 949,99","83,72",276,0,1362,Total,9169,4278,3084,0,0,7614,1555,"13,64","990 695,49","73,67",3210,0,17782
Data,Ocup,Opção,Cheg,Oferta/Uso Interno,Deduz. Individ.,Deduz. Grupos,% Ocup.,Receita Quartos,Preço Médio,Saídas,Quartos FdS,Adul. / Cri.,junho,Previsão,01-jun-2026 seg,14,22,6,0,0,14,0,"26,67","2 251,41","62,54",1,0,28,443,725,164,0,0,195,248,"28,84","67 651,56","57,92",168,0,852,Total jun,443,725,164,0,0,195,248,"28,84","67 651,56","57,92",168,0,852,Total,9169,4278,3084,0,0,7614,1555,"13,64","990 695,49","73,67",3210,0,17782
Data,Ocup,Opção,Cheg,Oferta/Uso Interno,Deduz. Individ.,Deduz. Grupos,% Ocup.,Receita Quartos,Preço Médio,Saídas,Quartos FdS,Adul. / Cri.,junho,Previsão,02-jun-2026 ter,18,0,7,0,0,17,1,"13,33","2 539,97","141,11",3,0,35,443,725,164,0,0,195,248,"28,84","67 651,56","57,92",168,0,852,Total jun,443,725,164,0,0,195,248,"28,84","67 651,56","57,92",168,0,852,Total,9169,4278,3084,0,0,7614,1555,"13,64","990 695,49","73,67",3210,0,17782
Data,Ocup,Opção,Cheg,Oferta/Uso Interno,Deduz. Individ.,Deduz. Grupos,% Ocup.,Receita Quartos,Preço Médio,Saídas,Quartos FdS,Adul. / Cri.,junho,Previsão,03-jun-2026 qua,33,0,25,0,0,14,19,"24,44","4 802,32","145,52",10,0,64,443,725,164,0,0,195,248,"28,84","67 651,56","57,92",168,0,852,Total jun,443,725,164,0,0,195,248,"28,84","67 651,56","57,92",168,0,852,Total,9169,4278,3084,0,0,7614,1555,"13,64","990 695,49","73,67",3210,0,17782
Data,Ocup,Opção,Cheg,Oferta/Uso Interno,Deduz. Individ.,Deduz. Grupos,% Ocup.,Receita Quartos,Preço Médio,Saídas,Quartos FdS,Adul. / Cri.,junho,Previsão,04-jun-2026 qui,28,24,1,0,0,9,19,"38,52","4 082,18","78,50",6,0,54,443,725,164,0,0,195,248,"28,84","67 651,56","57,92",168,0,852,Total jun,443,725,164,0,0,195,248,"28,84","67 651,56","57,92",168,0,852,Total,9169,4278,3084,0,0,7614,1555,"13,64","990 695,49","73,67",3210,0,17782
Data,Ocup,Opção,Cheg,Oferta/Uso Interno,Deduz. Individ.,Deduz. Grupos,% Ocup.,Receita Quartos,Preço Médio,Saídas,Quartos FdS,Adul. / Cri.,junho,Previsão,05-jun-2026 sex,26,35,2,0,0,9,17,"45,19","3 927,50","64,39",4,0,50,443,725,164,0,0,195,248,"28,84","67 651,56","57,92",168,0,852,Total jun,443,725,164,0,0,195,248,"28,84","67 651,56","57,92",168,0,852,Total,9169,4278,3084,0,0,7614,1555,"13,64","990 695,49","73,67",3210,0,17782
Data,Ocup,Opção,Cheg,Oferta/Uso Interno,Deduz. Individ.,Deduz. Grupos,% Ocup.,Receita Quartos,Preço Médio,Saídas,Quartos FdS,Adul. / Cri.,junho,Previsão,06-jun-2026 sáb,25,48,20,0,0,8,17,"54,07","4 988,84","68,34",21,0,46,443,725,164,0,0,195,248,"28,84","67 651,56","57,92",168,0,852,Total jun,443,725,164,0,0,195,248,"28,84","67 651,56","57,92",168,0,852,Total,9169,4278,3084,0,0,7614,1555,"13,64","990 695,49","73,67",3210,0,17782
Data,Ocup,Opção,Cheg,Oferta/Uso Interno,Deduz. Individ.,Deduz. Grupos,% Ocup.,Receita Quartos,Preço Médio,Saídas,Quartos FdS,Adul. / Cri.,junho,Previsão,07-jun-2026 dom,30,13,6,0,0,13,17,"31,85","5 864,43","136,38",1,0,58,443,725,164,0,0,195,248,"28,84","67 651,56","57,92",168,0,852,Total jun,443,725,164,0,0,195,248,"28,84","67 651,56","57,92",168,0,852,Total,9169,4278,3084,0,0,7614,1555,"13,64","990 695,49","73,67",3210,0,17782
Data,Ocup,Opção,Cheg,Oferta/Uso Interno,Deduz. Individ.,Deduz. Grupos,% Ocup.,Receita Quartos,Preço Médio,Saídas,Quartos FdS,Adul. / Cri.,junho,Previsão,08-jun-2026 seg,14,15,5,0,0,14,0,"21,48","2 051,79","70,75",21,0,28,443,725,164,0,0,195,248,"28,84","67 651,56","57,92",168,0,852,Total jun,443,725,164,0,0,195,248,"28,84","67 651,56","57,92",168,0,852,Total,9169,4278,3084,0,0,7614,1555,"13,64","990 695,49","73,67",3210,0,17782
Data,Ocup,Opção,Cheg,Oferta/Uso Interno,Deduz. Individ.,Deduz. Grupos,% Ocup.,Receita Quartos,Preço Médio,Saídas,Quartos FdS,Adul. / Cri.,junho,Previsão,09-jun-2026 ter,12,33,4,0,0,11,1,"33,33","1 713,40","38,08",6,0,21,443,725,164,0,0,195,248,"28,84","67 651,56","57,92",168,0,852,Total jun,443,725,164,0,0,195,248,"28,84","67 651,56","57,92",168,0,852,Total,9169,4278,3084,0,0,7614,1555,"13,64","990 695,49","73,67",3210,0,17782
Data,Ocup,Opção,Cheg,Oferta/Uso Interno,Deduz. Individ.,Deduz. Grupos,% Ocup.,Receita Quartos,Preço Médio,Saídas,Quartos FdS,Adul. / Cri.,junho,Previsão,10-jun-2026 qua,23,0,17,0,0,6,17,"17,04","3 364,48","146,28",6,0,45,443,725,164,0,0,195,248,"28,84","67 651,56","57,92",168,0,852,Total jun,443,725,164,0,0,195,248,"28,84","67 651,56","57,92",168,0,852,Total,9169,4278,3084,0,0,7614,1555,"13,64","990 695,49","73,67",3210,0,17782
Data,Ocup,Opção,Cheg,Oferta/Uso Interno,Deduz. Individ.,Deduz. Grupos,% Ocup.,Receita Quartos,Preço Médio,Saídas,Quartos FdS,Adul. / Cri.,junho,Previsão,11-jun-2026 qui,19,26,0,0,0,2,17,"33,33","2 807,07","62,38",4,0,37,443,725,164,0,0,195,248,"28,84","67 651,56","57,92",168,0,852,Total jun,443,725,164,0,0,195,248,"28,84","67 651,56","57,92",168,0,852,Total,9169,4278,3084,0,0,7614,1555,"13,64","990 695,49","73,67",3210,0,17782
Data,Ocup,Opção,Cheg,Oferta/Uso Interno,Deduz. Individ.,Deduz. Grupos,% Ocup.,Receita Quartos,Preço Médio,Saídas,Quartos FdS,Adul. / Cri.,junho,Previsão,12-jun-2026 sex,23,22,4,0,0,6,17,"33,33","3 466,32","77,03",0,0,44,443,725,164,0,0,195,248,"28,84","67 651,56","57,92",168,0,852,Total jun,443,725,164,0,0,195,248,"28,84","67 651,56","57,92",168,0,852,Total,9169,4278,3084,0,0,7614,1555,"13,64","990 695,49","73,67",3210,0,17782
Data,Ocup,Opção,Cheg,Oferta/Uso Interno,Deduz. Individ.,Deduz. Grupos,% Ocup.,Receita Quartos,Preço Médio,Saídas,Quartos FdS,Adul. / Cri.,junho,Previsão,13-jun-2026 sáb,6,22,2,0,0,6,0,"20,74","1 072,41","38,30",19,0,13,443,725,164,0,0,195,248,"28,84","67 651,56","57,92",168,0,852,Total jun,443,725,164,0,0,195,248,"28,84","67 651,56","57,92",168,0,852,Total,9169,4278,3084,0,0,7614,1555,"13,64","990 695,49","73,67",3210,0,17782
Data,Ocup,Opção,Cheg,Oferta/Uso Interno,Deduz. Individ.,Deduz. Grupos,% Ocup.,Receita Quartos,Preço Médio,Saídas,Quartos FdS,Adul. / Cri.,junho,Previsão,14-jun-2026 dom,4,22,2,0,0,4,0,"19,26","550,90","21,19",4,0,7,443,725,164,0,0,195,248,"28,84","67 651,56","57,92",168,0,852,Total jun,443,725,164,0,0,195,248,"28,84","67 651,56","57,92",168,0,852,Total,9169,4278,3084,0,0,7614,1555,"13,64","990 695,49","73,67",3210,0,17782
Data,Ocup,Opção,Cheg,Oferta/Uso Interno,Deduz. Individ.,Deduz. Grupos,% Ocup.,Receita Quartos,Preço Médio,Saídas,Quartos FdS,Adul. / Cri.,junho,Previsão,15-jun-2026 seg,6,22,3,0,0,6,0,"20,74","908,90","32,46",1,0,11,443,725,164,0,0,195,248,"28,84","67 651,56","57,92",168,0,852,Total jun,443,725,164,0,0,195,248,"28,84","67 651,56","57,92",168,0,852,Total,9169,4278,3084,0,0,7614,1555,"13,64","990 695,49","73,67",3210,0,17782
Data,Ocup,Opção,Cheg,Oferta/Uso Interno,Deduz. Individ.,Deduz. Grupos,% Ocup.,Receita Quartos,Preço Médio,Saídas,Quartos FdS,Adul. / Cri.,junho,Previsão,16-jun-2026 ter,6,57,4,0,0,5,1,"46,67","972,19","15,43",4,0,10,443,725,164,0,0,195,248,"28,84","67 651,56","57,92",168,0,852,Total jun,443,725,164,0,0,195,248,"28,84","67 651,56","57,92",168,0,852,Total,9169,4278,3084,0,0,7614,1555,"13,64","990 695,49","73,67",3210,0,17782
Data,Ocup,Opção,Cheg,Oferta/Uso Interno,Deduz. Individ.,Deduz. Grupos,% Ocup.,Receita Quartos,Preço Médio,Saídas,Quartos FdS,Adul. / Cri.,junho,Previsão,17-jun-2026 qua,20,0,16,0,0,3,17,"14,81","2 947,28","147,36",2,0,38,443,725,164,0,0,195,248,"28,84","67 651,56","57,92",168,0,852,Total jun,443,725,164,0,0,195,248,"28,84","67 651,56","57,92",168,0,852,Total,9169,4278,3084,0,0,7614,1555,"13,64","990 695,49","73,67",3210,0,17782
Data,Ocup,Opção,Cheg,Oferta/Uso Interno,Deduz. Individ.,Deduz. Grupos,% Ocup.,Receita Quartos,Preço Médio,Saídas,Quartos FdS,Adul. / Cri.,junho,Previsão,18-jun-2026 qui,19,4,0,0,0,2,17,"17,04","2 785,13","121,09",1,0,36,443,725,164,0,0,195,248,"28,84","67 651,56","57,92",168,0,852,Total jun,443,725,164,0,0,195,248,"28,84","67 651,56","57,92",168,0,852,Total,9169,4278,3084,0,0,7614,1555,"13,64","990 695,49","73,67",3210,0,17782
Data,Ocup,Opção,Cheg,Oferta/Uso Interno,Deduz. Individ.,Deduz. Grupos,% Ocup.,Receita Quartos,Preço Médio,Saídas,Quartos FdS,Adul. / Cri.,junho,Previsão,19-jun-2026 sex,22,17,3,0,0,5,17,"28,89","3 193,22","81,88",0,0,42,443,725,164,0,0,195,248,"28,84","67 651,56","57,92",168,0,852,Total jun,443,725,164,0,0,195,248,"28,84","67 651,56","57,92",168,0,852,Total,9169,4278,3084,0,0,7614,1555,"13,64","990 695,49","73,67",3210,0,17782
Data,Ocup,Opção,Cheg,Oferta/Uso Interno,Deduz. Individ.,Deduz. Grupos,% Ocup.,Receita Quartos,Preço Médio,Saídas,Quartos FdS,Adul. / Cri.,junho,Previsão,20-jun-2026 sáb,3,21,1,0,0,3,0,"17,78","318,57","13,27",20,0,6,443,725,164,0,0,195,248,"28,84","67 651,56","57,92",168,0,852,Total jun,443,725,164,0,0,195,248,"28,84","67 651,56","57,92",168,0,852,Total,9169,4278,3084,0,0,7614,1555,"13,64","990 695,49","73,67",3210,0,17782
Data,Ocup,Opção,Cheg,Oferta/Uso Interno,Deduz. Individ.,Deduz. Grupos,% Ocup.,Receita Quartos,Preço Médio,Saídas,Quartos FdS,Adul. / Cri.,junho,Previsão,21-jun-2026 dom,7,13,4,0,0,7,0,"14,81","695,11","34,76",0,0,14,443,725,164,0,0,195,248,"28,84","67 651,56","57,92",168,0,852,Total jun,443,725,164,0,0,195,248,"28,84","67 651,56","57,92",168,0,852,Total,9169,4278,3084,0,0,7614,1555,"13,64","990 695,49","73,67",3210,0,17782
Data,Ocup,Opção,Cheg,Oferta/Uso Interno,Deduz. Individ.,Deduz. Grupos,% Ocup.,Receita Quartos,Preço Médio,Saídas,Quartos FdS,Adul. / Cri.,junho,Previsão,22-jun-2026 seg,7,39,3,0,0,7,0,"34,07","967,05","21,02",3,0,14,443,725,164,0,0,195,248,"28,84","67 651,56","57,92",168,0,852,Total jun,443,725,164,0,0,195,248,"28,84","67 651,56","57,92",168,0,852,Total,9169,4278,3084,0,0,7614,1555,"13,64","990 695,49","73,67",3210,0,17782
Data,Ocup,Opção,Cheg,Oferta/Uso Interno,Deduz. Individ.,Deduz. Grupos,% Ocup.,Receita Quartos,Preço Médio,Saídas,Quartos FdS,Adul. / Cri.,junho,Previsão,23-jun-2026 ter,6,26,1,0,0,5,1,"23,70","938,98","29,34",2,0,11,443,725,164,0,0,195,248,"28,84","67 651,56","57,92",168,0,852,Total jun,443,725,164,0,0,195,248,"28,84","67 651,56","57,92",168,0,852,Total,9169,4278,3084,0,0,7614,1555,"13,64","990 695,49","73,67",3210,0,17782
Data,Ocup,Opção,Cheg,Oferta/Uso Interno,Deduz. Individ.,Deduz. Grupos,% Ocup.,Receita Quartos,Preço Médio,Saídas,Quartos FdS,Adul. / Cri.,junho,Previsão,24-jun-2026 qua,22,0,19,0,0,5,17,"16,30","3 088,02","140,36",3,0,43,443,725,164,0,0,195,248,"28,84","67 651,56","57,92",168,0,852,Total jun,443,725,164,0,0,195,248,"28,84","67 651,56","57,92",168,0,852,Total,9169,4278,3084,0,0,7614,1555,"13,64","990 695,49","73,67",3210,0,17782
Data,Ocup,Opção,Cheg,Oferta/Uso Interno,Deduz. Individ.,Deduz. Grupos,% Ocup.,Receita Quartos,Preço Médio,Saídas,Quartos FdS,Adul. / Cri.,junho,Previsão,25-jun-2026 qui,23,26,2,0,0,6,17,"36,30","3 362,08","68,61",1,0,45,443,725,164,0,0,195,248,"28,84","67 651,56","57,92",168,0,852,Total jun,443,725,164,0,0,195,248,"28,84","67 651,56","57,92",168,0,852,Total,9169,4278,3084,0,0,7614,1555,"13,64","990 695,49","73,67",3210,0,17782
Data,Ocup,Opção,Cheg,Oferta/Uso Interno,Deduz. Individ.,Deduz. Grupos,% Ocup.,Receita Quartos,Preço Médio,Saídas,Quartos FdS,Adul. / Cri.,junho,Previsão,26-jun-2026 sex,18,35,0,0,0,1,17,"39,26","2 635,02","49,72",5,0,35,443,725,164,0,0,195,248,"28,84","67 651,56","57,92",168,0,852,Total jun,443,725,164,0,0,195,248,"28,84","67 651,56","57,92",168,0,852,Total,9169,4278,3084,0,0,7614,1555,"13,64","990 695,49","73,67",3210,0,17782
Data,Ocup,Opção,Cheg,Oferta/Uso Interno,Deduz. Individ.,Deduz. Grupos,% Ocup.,Receita Quartos,Preço Médio,Saídas,Quartos FdS,Adul. / Cri.,junho,Previsão,27-jun-2026 sáb,3,37,2,0,0,1,2,"29,63","377,75","9,44",17,0,5,443,725,164,0,0,195,248,"28,84","67 651,56","57,92",168,0,852,Total jun,443,725,164,0,0,195,248,"28,84","67 651,56","57,92",168,0,852,Total,9169,4278,3084,0,0,7614,1555,"13,64","990 695,49","73,67",3210,0,17782
Data,Ocup,Opção,Cheg,Oferta/Uso Interno,Deduz. Individ.,Deduz. Grupos,% Ocup.,Receita Quartos,Preço Médio,Saídas,Quartos FdS,Adul. / Cri.,junho,Previsão,28-jun-2026 dom,0,37,0,0,0,0,0,"27,41",-,-,3,0,0,443,725,164,0,0,195,248,"28,84","67 651,56","57,92",168,0,852,Total jun,443,725,164,0,0,195,248,"28,84","67 651,56","57,92",168,0,852,Total,9169,4278,3084,0,0,7614,1555,"13,64","990 695,49","73,67",3210,0,17782
Data,Ocup,Opção,Cheg,Oferta/Uso Interno,Deduz. Individ.,Deduz. Grupos,% Ocup.,Receita Quartos,Preço Médio,Saídas,Quartos FdS,Adul. / Cri.,junho,Previsão,29-jun-2026 seg,1,37,1,0,0,1,0,"28,15","180,25","4,74",0,0,2,443,725,164,0,0,195,248,"28,84","67 651,56","57,92",168,0,852,Total jun,443,725,164,0,0,195,248,"28,84","67 651,56","57,92",168,0,852,Total,9169,4278,3084,0,0,7614,1555,"13,64","990 695,49","73,67",3210,0,17782
Data,Ocup,Opção,Cheg,Oferta/Uso Interno,Deduz. Individ.,Deduz. Grupos,% Ocup.,Receita Quartos,Preço Médio,Saídas,Quartos FdS,Adul. / Cri.,junho,Previsão,30-jun-2026 ter,5,72,4,0,0,5,0,"57,04","799,02","10,38",0,0,10,443,725,164,0,0,195,248,"28,84","67 651,56","57,92",168,0,852,Total jun,443,725,164,0,0,195,248,"28,84","67 651,56","57,92",168,0,852,Total,9169,4278,3084,0,0,7614,1555,"13,64","990 695,49","73,67",3210,0,17782
Data,Ocup,Opção,Cheg,Oferta/Uso Interno,Deduz. Individ.,Deduz. Grupos,% Ocup.,Receita Quartos,Preço Médio,Saídas,Quartos FdS,Adul. / Cri.,julho,Previsão,01-jul-2026 qua,3,22,1,0,0,3,0,"18,52","576,49","23,06",3,0,7,200,219,63,0,0,200,0,"10,01","29 180,72","69,64",64,0,419,Total jul,200,219,63,0,0,200,0,"10,01","29 180,72","69,64",64,0,419,Total,9169,4278,3084,0,0,7614,1555,"13,64","990 695,49","73,67",3210,0,17782
Data,Ocup,Opção,Cheg,Oferta/Uso Interno,Deduz. Individ.,Deduz. Grupos,% Ocup.,Receita Quartos,Preço Médio,Saídas,Quartos FdS,Adul. / Cri.,julho,Previsão,02-jul-2026 qui,2,22,1,0,0,2,0,"17,78","387,00","16,12",2,0,5,200,219,63,0,0,200,0,"10,01","29 180,72","69,64",64,0,419,Total jul,200,219,63,0,0,200,0,"10,01","29 180,72","69,64",64,0,419,Total,9169,4278,3084,0,0,7614,1555,"13,64","990 695,49","73,67",3210,0,17782
Data,Ocup,Opção,Cheg,Oferta/Uso Interno,Deduz. Individ.,Deduz. Grupos,% Ocup.,Receita Quartos,Preço Médio,Saídas,Quartos FdS,Adul. / Cri.,julho,Previsão,03-jul-2026 sex,9,0,7,0,0,9,0,"6,67","1 453,78","161,53",0,0,19,200,219,63,0,0,200,0,"10,01","29 180,72","69,64",64,0,419,Total jul,200,219,63,0,0,200,0,"10,01","29 180,72","69,64",64,0,419,Total,9169,4278,3084,0,0,7614,1555,"13,64","990 695,49","73,67",3210,0,17782
Data,Ocup,Opção,Cheg,Oferta/Uso Interno,Deduz. Individ.,Deduz. Grupos,% Ocup.,Receita Quartos,Preço Médio,Saídas,Quartos FdS,Adul. / Cri.,julho,Previsão,04-jul-2026 sáb,9,0,4,0,0,9,0,"6,67","1 418,20","157,58",4,0,16,200,219,63,0,0,200,0,"10,01","29 180,72","69,64",64,0,419,Total jul,200,219,63,0,0,200,0,"10,01","29 180,72","69,64",64,0,419,Total,9169,4278,3084,0,0,7614,1555,"13,64","990 695,49","73,67",3210,0,17782
Data,Ocup,Opção,Cheg,Oferta/Uso Interno,Deduz. Individ.,Deduz. Grupos,% Ocup.,Receita Quartos,Preço Médio,Saídas,Quartos FdS,Adul. / Cri.,julho,Previsão,05-jul-2026 dom,6,16,0,0,0,6,0,"16,30","867,00","39,41",3,0,10,200,219,63,0,0,200,0,"10,01","29 180,72","69,64",64,0,419,Total jul,200,219,63,0,0,200,0,"10,01","29 180,72","69,64",64,0,419,Total,9169,4278,3084,0,0,7614,1555,"13,64","990 695,49","73,67",3210,0,17782
Data,Ocup,Opção,Cheg,Oferta/Uso Interno,Deduz. Individ.,Deduz. Grupos,% Ocup.,Receita Quartos,Preço Médio,Saídas,Quartos FdS,Adul. / Cri.,julho,Previsão,06-jul-2026 seg,12,16,8,0,0,12,0,"20,74","1 912,33","68,30",2,0,24,200,219,63,0,0,200,0,"10,01","29 180,72","69,64",64,0,419,Total jul,200,219,63,0,0,200,0,"10,01","29 180,72","69,64",64,0,419,Total,9169,4278,3084,0,0,7614,1555,"13,64","990 695,49","73,67",3210,0,17782
Data,Ocup,Opção,Cheg,Oferta/Uso Interno,Deduz. Individ.,Deduz. Grupos,% Ocup.,Receita Quartos,Preço Médio,Saídas,Quartos FdS,Adul. / Cri.,julho,Previsão,07-jul-2026 ter,12,22,2,0,0,12,0,"25,19","1 852,46","54,48",2,0,24,200,219,63,0,0,200,0,"10,01","29 180,72","69,64",64,0,419,Total jul,200,219,63,0,0,200,0,"10,01","29 180,72","69,64",64,0,419,Total,9169,4278,3084,0,0,7614,1555,"13,64","990 695,49","73,67",3210,0,17782
Data,Ocup,Opção,Cheg,Oferta/Uso Interno,Deduz. Individ.,Deduz. Grupos,% Ocup.,Receita Quartos,Preço Médio,Saídas,Quartos FdS,Adul. / Cri.,julho,Previsão,08-jul-2026 qua,6,22,0,0,0,6,0,"20,74","1 105,33","39,48",6,0,14,200,219,63,0,0,200,0,"10,01","29 180,72","69,64",64,0,419,Total jul,200,219,63,0,0,200,0,"10,01","29 180,72","69,64",64,0,419,Total,9169,4278,3084,0,0,7614,1555,"13,64","990 695,49","73,67",3210,0,17782
Data,Ocup,Opção,Cheg,Oferta/Uso Interno,Deduz. Individ.,Deduz. Grupos,% Ocup.,Receita Quartos,Preço Médio,Saídas,Quartos FdS,Adul. / Cri.,julho,Previsão,09-jul-2026 qui,14,22,9,0,0,14,0,"26,67","2 086,84","57,97",1,0,28,200,219,63,0,0,200,0,"10,01","29 180,72","69,64",64,0,419,Total jul,200,219,63,0,0,200,0,"10,01","29 180,72","69,64",64,0,419,Total,9169,4278,3084,0,0,7614,1555,"13,64","990 695,49","73,67",3210,0,17782
Data,Ocup,Opção,Cheg,Oferta/Uso Interno,Deduz. Individ.,Deduz. Grupos,% Ocup.,Receita Quartos,Preço Médio,Saídas,Quartos FdS,Adul. / Cri.,julho,Previsão,10-jul-2026 sex,20,0,6,0,0,20,0,"14,81","3 029,78","151,49",0,0,41,200,219,63,0,0,200,0,"10,01","29 180,72","69,64",64,0,419,Total jul,200,219,63,0,0,200,0,"10,01","29 180,72","69,64",64,0,419,Total,9169,4278,3084,0,0,7614,1555,"13,64","990 695,49","73,67",3210,0,17782
Data,Ocup,Opção,Cheg,Oferta/Uso Interno,Deduz. Individ.,Deduz. Grupos,% Ocup.,Receita Quartos,Preço Médio,Saídas,Quartos FdS,Adul. / Cri.,julho,Previsão,11-jul-2026 sáb,14,4,0,0,0,14,0,"13,33","1 939,87","107,77",6,0,29,200,219,63,0,0,200,0,"10,01","29 180,72","69,64",64,0,419,Total jul,200,219,63,0,0,200,0,"10,01","29 180,72","69,64",64,0,419,Total,9169,4278,3084,0,0,7614,1555,"13,64","990 695,49","73,67",3210,0,17782
Data,Ocup,Opção,Cheg,Oferta/Uso Interno,Deduz. Individ.,Deduz. Grupos,% Ocup.,Receita Quartos,Preço Médio,Saídas,Quartos FdS,Adul. / Cri.,julho,Previsão,12-jul-2026 dom,11,13,2,0,0,11,0,"17,78","1 510,05","62,92",5,0,23,200,219,63,0,0,200,0,"10,01","29 180,72","69,64",64,0,419,Total jul,200,219,63,0,0,200,0,"10,01","29 180,72","69,64",64,0,419,Total,9169,4278,3084,0,0,7614,1555,"13,64","990 695,49","73,67",3210,0,17782
Data,Ocup,Opção,Cheg,Oferta/Uso Interno,Deduz. Individ.,Deduz. Grupos,% Ocup.,Receita Quartos,Preço Médio,Saídas,Quartos FdS,Adul. / Cri.,julho,Previsão,13-jul-2026 seg,9,13,2,0,0,9,0,"16,30","1 119,80","50,90",4,0,18,200,219,63,0,0,200,0,"10,01","29 180,72","69,64",64,0,419,Total jul,200,219,63,0,0,200,0,"10,01","29 180,72","69,64",64,0,419,Total,9169,4278,3084,0,0,7614,1555,"13,64","990 695,49","73,67",3210,0,17782
Data,Ocup,Opção,Cheg,Oferta/Uso Interno,Deduz. Individ.,Deduz. Grupos,% Ocup.,Receita Quartos,Preço Médio,Saídas,Quartos FdS,Adul. / Cri.,julho,Previsão,14-jul-2026 ter,11,0,2,0,0,11,0,"8,15","1 313,00","119,36",0,0,21,200,219,63,0,0,200,0,"10,01","29 180,72","69,64",64,0,419,Total jul,200,219,63,0,0,200,0,"10,01","29 180,72","69,64",64,0,419,Total,9169,4278,3084,0,0,7614,1555,"13,64","990 695,49","73,67",3210,0,17782
Data,Ocup,Opção,Cheg,Oferta/Uso Interno,Deduz. Individ.,Deduz. Grupos,% Ocup.,Receita Quartos,Preço Médio,Saídas,Quartos FdS,Adul. / Cri.,julho,Previsão,15-jul-2026 qua,5,0,0,0,0,5,0,"3,70","529,06","105,81",6,0,9,200,219,63,0,0,200,0,"10,01","29 180,72","69,64",64,0,419,Total jul,200,219,63,0,0,200,0,"10,01","29 180,72","69,64",64,0,419,Total,9169,4278,3084,0,0,7614,1555,"13,64","990 695,49","73,67",3210,0,17782
Data,Ocup,Opção,Cheg,Oferta/Uso Interno,Deduz. Individ.,Deduz. Grupos,% Ocup.,Receita Quartos,Preço Médio,Saídas,Quartos FdS,Adul. / Cri.,julho,Previsão,16-jul-2026 qui,3,0,1,0,0,3,0,"2,22","309,59","103,20",3,0,5,200,219,63,0,0,200,0,"10,01","29 180,72","69,64",64,0,419,Total jul,200,219,63,0,0,200,0,"10,01","29 180,72","69,64",64,0,419,Total,9169,4278,3084,0,0,7614,1555,"13,64","990 695,49","73,67",3210,0,17782
Data,Ocup,Opção,Cheg,Oferta/Uso Interno,Deduz. Individ.,Deduz. Grupos,% Ocup.,Receita Quartos,Preço Médio,Saídas,Quartos FdS,Adul. / Cri.,julho,Previsão,17-jul-2026 sex,1,0,0,0,0,1,0,"0,74","116,40","116,40",2,0,2,200,219,63,0,0,200,0,"10,01","29 180,72","69,64",64,0,419,Total jul,200,219,63,0,0,200,0,"10,01","29 180,72","69,64",64,0,419,Total,9169,4278,3084,0,0,7614,1555,"13,64","990 695,49","73,67",3210,0,17782
Data,Ocup,Opção,Cheg,Oferta/Uso Interno,Deduz. Individ.,Deduz. Grupos,% Ocup.,Receita Quartos,Preço Médio,Saídas,Quartos FdS,Adul. / Cri.,julho,Previsão,18-jul-2026 sáb,0,4,0,0,0,0,0,"2,96",-,-,1,0,0,200,219,63,0,0,200,0,"10,01","29 180,72","69,64",64,0,419,Total jul,200,219,63,0,0,200,0,"10,01","29 180,72","69,64",64,0,419,Total,9169,4278,3084,0,0,7614,1555,"13,64","990 695,49","73,67",3210,0,17782
Data,Ocup,Opção,Cheg,Oferta/Uso Interno,Deduz. Individ.,Deduz. Grupos,% Ocup.,Receita Quartos,Preço Médio,Saídas,Quartos FdS,Adul. / Cri.,julho,Previsão,19-jul-2026 dom,0,13,0,0,0,0,0,"9,63",-,-,0,0,0,200,219,63,0,0,200,0,"10,01","29 180,72","69,64",64,0,419,Total jul,200,219,63,0,0,200,0,"10,01","29 180,72","69,64",64,0,419,Total,9169,4278,3084,0,0,7614,1555,"13,64","990 695,49","73,67",3210,0,17782
Data,Ocup,Opção,Cheg,Oferta/Uso Interno,Deduz. Individ.,Deduz. Grupos,% Ocup.,Receita Quartos,Preço Médio,Saídas,Quartos FdS,Adul. / Cri.,julho,Previsão,20-jul-2026 seg,4,13,4,0,0,4,0,"12,59","558,51","32,85",0,0,9,200,219,63,0,0,200,0,"10,01","29 180,72","69,64",64,0,419,Total jul,200,219,63,0,0,200,0,"10,01","29 180,72","69,64",64,0,419,Total,9169,4278,3084,0,0,7614,1555,"13,64","990 695,49","73,67",3210,0,17782
Data,Ocup,Opção,Cheg,Oferta/Uso Interno,Deduz. Individ.,Deduz. Grupos,% Ocup.,Receita Quartos,Preço Médio,Saídas,Quartos FdS,Adul. / Cri.,julho,Previsão,21-jul-2026 ter,4,15,0,0,0,4,0,"14,07","558,51","29,40",0,0,9,200,219,63,0,0,200,0,"10,01","29 180,72","69,64",64,0,419,Total jul,200,219,63,0,0,200,0,"10,01","29 180,72","69,64",64,0,419,Total,9169,4278,3084,0,0,7614,1555,"13,64","990 695,49","73,67",3210,0,17782
Data,Ocup,Opção,Cheg,Oferta/Uso Interno,Deduz. Individ.,Deduz. Grupos,% Ocup.,Receita Quartos,Preço Médio,Saídas,Quartos FdS,Adul. / Cri.,julho,Previsão,22-jul-2026 qua,6,0,2,0,0,6,0,"4,44","781,74","130,29",0,0,13,200,219,63,0,0,200,0,"10,01","29 180,72","69,64",64,0,419,Total jul,200,219,63,0,0,200,0,"10,01","29 180,72","69,64",64,0,419,Total,9169,4278,3084,0,0,7614,1555,"13,64","990 695,49","73,67",3210,0,17782
Data,Ocup,Opção,Cheg,Oferta/Uso Interno,Deduz. Individ.,Deduz. Grupos,% Ocup.,Receita Quartos,Preço Médio,Saídas,Quartos FdS,Adul. / Cri.,julho,Previsão,23-jul-2026 qui,4,0,1,0,0,4,0,"2,96","604,92","151,23",3,0,10,200,219,63,0,0,200,0,"10,01","29 180,72","69,64",64,0,419,Total jul,200,219,63,0,0,200,0,"10,01","29 180,72","69,64",64,0,419,Total,9169,4278,3084,0,0,7614,1555,"13,64","990 695,49","73,67",3210,0,17782
Data,Ocup,Opção,Cheg,Oferta/Uso Interno,Deduz. Individ.,Deduz. Grupos,% Ocup.,Receita Quartos,Preço Médio,Saídas,Quartos FdS,Adul. / Cri.,julho,Previsão,24-jul-2026 sex,5,0,2,0,0,5,0,"3,70","822,17","164,43",1,0,12,200,219,63,0,0,200,0,"10,01","29 180,72","69,64",64,0,419,Total jul,200,219,63,0,0,200,0,"10,01","29 180,72","69,64",64,0,419,Total,9169,4278,3084,0,0,7614,1555,"13,64","990 695,49","73,67",3210,0,17782
Data,Ocup,Opção,Cheg,Oferta/Uso Interno,Deduz. Individ.,Deduz. Grupos,% Ocup.,Receita Quartos,Preço Médio,Saídas,Quartos FdS,Adul. / Cri.,julho,Previsão,25-jul-2026 sáb,6,0,3,0,0,6,0,"4,44","896,60","149,43",2,0,13,200,219,63,0,0,200,0,"10,01","29 180,72","69,64",64,0,419,Total jul,200,219,63,0,0,200,0,"10,01","29 180,72","69,64",64,0,419,Total,9169,4278,3084,0,0,7614,1555,"13,64","990 695,49","73,67",3210,0,17782
Data,Ocup,Opção,Cheg,Oferta/Uso Interno,Deduz. Individ.,Deduz. Grupos,% Ocup.,Receita Quartos,Preço Médio,Saídas,Quartos FdS,Adul. / Cri.,julho,Previsão,26-jul-2026 dom,7,0,2,0,0,7,0,"5,19","781,56","111,65",1,0,13,200,219,63,0,0,200,0,"10,01","29 180,72","69,64",64,0,419,Total jul,200,219,63,0,0,200,0,"10,01","29 180,72","69,64",64,0,419,Total,9169,4278,3084,0,0,7614,1555,"13,64","990 695,49","73,67",3210,0,17782
Data,Ocup,Opção,Cheg,Oferta/Uso Interno,Deduz. Individ.,Deduz. Grupos,% Ocup.,Receita Quartos,Preço Médio,Saídas,Quartos FdS,Adul. / Cri.,julho,Previsão,27-jul-2026 seg,4,0,0,0,0,4,0,"2,96","483,90","120,97",3,0,8,200,219,63,0,0,200,0,"10,01","29 180,72","69,64",64,0,419,Total jul,200,219,63,0,0,200,0,"10,01","29 180,72","69,64",64,0,419,Total,9169,4278,3084,0,0,7614,1555,"13,64","990 695,49","73,67",3210,0,17782
Data,Ocup,Opção,Cheg,Oferta/Uso Interno,Deduz. Individ.,Deduz. Grupos,% Ocup.,Receita Quartos,Preço Médio,Saídas,Quartos FdS,Adul. / Cri.,julho,Previsão,28-jul-2026 ter,3,0,1,0,0,3,0,"2,22","429,36","143,12",2,0,8,200,219,63,0,0,200,0,"10,01","29 180,72","69,64",64,0,419,Total jul,200,219,63,0,0,200,0,"10,01","29 180,72","69,64",64,0,419,Total,9169,4278,3084,0,0,7614,1555,"13,64","990 695,49","73,67",3210,0,17782
Data,Ocup,Opção,Cheg,Oferta/Uso Interno,Deduz. Individ.,Deduz. Grupos,% Ocup.,Receita Quartos,Preço Médio,Saídas,Quartos FdS,Adul. / Cri.,julho,Previsão,29-jul-2026 qua,3,0,0,0,0,3,0,"2,22","429,36","143,12",0,0,8,200,219,63,0,0,200,0,"10,01","29 180,72","69,64",64,0,419,Total jul,200,219,63,0,0,200,0,"10,01","29 180,72","69,64",64,0,419,Total,9169,4278,3084,0,0,7614,1555,"13,64","990 695,49","73,67",3210,0,17782
Data,Ocup,Opção,Cheg,Oferta/Uso Interno,Deduz. Individ.,Deduz. Grupos,% Ocup.,Receita Quartos,Preço Médio,Saídas,Quartos FdS,Adul. / Cri.,julho,Previsão,30-jul-2026 qui,3,0,2,0,0,3,0,"2,22","483,25","161,08",2,0,8,200,219,63,0,0,200,0,"10,01","29 180,72","69,64",64,0,419,Total jul,200,219,63,0,0,200,0,"10,01","29 180,72","69,64",64,0,419,Total,9169,4278,3084,0,0,7614,1555,"13,64","990 695,49","73,67",3210,0,17782
Data,Ocup,Opção,Cheg,Oferta/Uso Interno,Deduz. Individ.,Deduz. Grupos,% Ocup.,Receita Quartos,Preço Médio,Saídas,Quartos FdS,Adul. / Cri.,julho,Previsão,31-jul-2026 sex,4,2,1,0,0,4,0,"4,44","823,88","137,31",0,0,13,200,219,63,0,0,200,0,"10,01","29 180,72","69,64",64,0,419,Total jul,200,219,63,0,0,200,0,"10,01","29 180,72","69,64",64,0,419,Total,9169,4278,3084,0,0,7614,1555,"13,64","990 695,49","73,67",3210,0,17782
Data,Ocup,Opção,Cheg,Oferta/Uso Interno,Deduz. Individ.,Deduz. Grupos,% Ocup.,Receita Quartos,Preço Médio,Saídas,Quartos FdS,Adul. / Cri.,agosto,Previsão,01-ago-2026 sáb,7,1,3,0,0,7,0,"5,93","1 150,23","143,78",0,0,19,152,171,63,0,0,100,52,"7,72","20 766,67","64,29",54,0,312,Total ago,152,171,63,0,0,100,52,"7,72","20 766,67","64,29",54,0,312,Total,9169,4278,3084,0,0,7614,1555,"13,64","990 695,49","73,67",3210,0,17782
Data,Ocup,Opção,Cheg,Oferta/Uso Interno,Deduz. Individ.,Deduz. Grupos,% Ocup.,Receita Quartos,Preço Médio,Saídas,Quartos FdS,Adul. / Cri.,agosto,Previsão,02-ago-2026 dom,9,0,4,0,0,9,0,"6,67","1 437,61","159,73",2,0,24,152,171,63,0,0,100,52,"7,72","20 766,67","64,29",54,0,312,Total ago,152,171,63,0,0,100,52,"7,72","20 766,67","64,29",54,0,312,Total,9169,4278,3084,0,0,7614,1555,"13,64","990 695,49","73,67",3210,0,17782
Data,Ocup,Opção,Cheg,Oferta/Uso Interno,Deduz. Individ.,Deduz. Grupos,% Ocup.,Receita Quartos,Preço Médio,Saídas,Quartos FdS,Adul. / Cri.,agosto,Previsão,03-ago-2026 seg,4,0,0,0,0,4,0,"2,96","679,23","169,81",5,0,11,152,171,63,0,0,100,52,"7,72","20 766,67","64,29",54,0,312,Total ago,152,171,63,0,0,100,52,"7,72","20 766,67","64,29",54,0,312,Total,9169,4278,3084,0,0,7614,1555,"13,64","990 695,49","73,67",3210,0,17782
Data,Ocup,Opção,Cheg,Oferta/Uso Interno,Deduz. Individ.,Deduz. Grupos,% Ocup.,Receita Quartos,Preço Médio,Saídas,Quartos FdS,Adul. / Cri.,agosto,Previsão,04-ago-2026 ter,2,0,1,0,0,2,0,"1,48","320,72","160,36",3,0,4,152,171,63,0,0,100,52,"7,72","20 766,67","64,29",54,0,312,Total ago,152,171,63,0,0,100,52,"7,72","20 766,67","64,29",54,0,312,Total,9169,4278,3084,0,0,7614,1555,"13,64","990 695,49","73,67",3210,0,17782
Data,Ocup,Opção,Cheg,Oferta/Uso Interno,Deduz. Individ.,Deduz. Grupos,% Ocup.,Receita Quartos,Preço Médio,Saídas,Quartos FdS,Adul. / Cri.,agosto,Previsão,05-ago-2026 qua,1,0,0,0,0,1,0,"0,74","163,75","163,75",1,0,2,152,171,63,0,0,100,52,"7,72","20 766,67","64,29",54,0,312,Total ago,152,171,63,0,0,100,52,"7,72","20 766,67","64,29",54,0,312,Total,9169,4278,3084,0,0,7614,1555,"13,64","990 695,49","73,67",3210,0,17782
Data,Ocup,Opção,Cheg,Oferta/Uso Interno,Deduz. Individ.,Deduz. Grupos,% Ocup.,Receita Quartos,Preço Médio,Saídas,Quartos FdS,Adul. / Cri.,agosto,Previsão,06-ago-2026 qui,3,0,2,0,0,3,0,"2,22","495,98","165,33",0,0,6,152,171,63,0,0,100,52,"7,72","20 766,67","64,29",54,0,312,Total ago,152,171,63,0,0,100,52,"7,72","20 766,67","64,29",54,0,312,Total,9169,4278,3084,0,0,7614,1555,"13,64","990 695,49","73,67",3210,0,17782
Data,Ocup,Opção,Cheg,Oferta/Uso Interno,Deduz. Individ.,Deduz. Grupos,% Ocup.,Receita Quartos,Preço Médio,Saídas,Quartos FdS,Adul. / Cri.,agosto,Previsão,07-ago-2026 sex,3,0,1,0,0,3,0,"2,22","424,36","141,45",1,0,6,152,171,63,0,0,100,52,"7,72","20 766,67","64,29",54,0,312,Total ago,152,171,63,0,0,100,52,"7,72","20 766,67","64,29",54,0,312,Total,9169,4278,3084,0,0,7614,1555,"13,64","990 695,49","73,67",3210,0,17782
Data,Ocup,Opção,Cheg,Oferta/Uso Interno,Deduz. Individ.,Deduz. Grupos,% Ocup.,Receita Quartos,Preço Médio,Saídas,Quartos FdS,Adul. / Cri.,agosto,Previsão,08-ago-2026 sáb,0,0,0,0,0,0,0,-,-,NaN,3,0,0,152,171,63,0,0,100,52,"7,72","20 766,67","64,29",54,0,312,Total ago,152,171,63,0,0,100,52,"7,72","20 766,67","64,29",54,0,312,Total,9169,4278,3084,0,0,7614,1555,"13,64","990 695,49","73,67",3210,0,17782
Data,Ocup,Opção,Cheg,Oferta/Uso Interno,Deduz. Individ.,Deduz. Grupos,% Ocup.,Receita Quartos,Preço Médio,Saídas,Quartos FdS,Adul. / Cri.,agosto,Previsão,09-ago-2026 dom,2,0,2,0,0,2,0,"1,48","239,96","119,98",0,0,4,152,171,63,0,0,100,52,"7,72","20 766,67","64,29",54,0,312,Total ago,152,171,63,0,0,100,52,"7,72","20 766,67","64,29",54,0,312,Total,9169,4278,3084,0,0,7614,1555,"13,64","990 695,49","73,67",3210,0,17782
Data,Ocup,Opção,Cheg,Oferta/Uso Interno,Deduz. Individ.,Deduz. Grupos,% Ocup.,Receita Quartos,Preço Médio,Saídas,Quartos FdS,Adul. / Cri.,agosto,Previsão,10-ago-2026 seg,2,0,2,0,0,2,0,"1,48","210,38","105,19",2,0,4,152,171,63,0,0,100,52,"7,72","20 766,67","64,29",54,0,312,Total ago,152,171,63,0,0,100,52,"7,72","20 766,67","64,29",54,0,312,Total,9169,4278,3084,0,0,7614,1555,"13,64","990 695,49","73,67",3210,0,17782
Data,Ocup,Opção,Cheg,Oferta/Uso Interno,Deduz. Individ.,Deduz. Grupos,% Ocup.,Receita Quartos,Preço Médio,Saídas,Quartos FdS,Adul. / Cri.,agosto,Previsão,11-ago-2026 ter,3,15,1,0,0,3,0,"13,33","371,11","20,62",0,0,6,152,171,63,0,0,100,52,"7,72","20 766,67","64,29",54,0,312,Total ago,152,171,63,0,0,100,52,"7,72","20 766,67","64,29",54,0,312,Total,9169,4278,3084,0,0,7614,1555,"13,64","990 695,49","73,67",3210,0,17782
Data,Ocup,Opção,Cheg,Oferta/Uso Interno,Deduz. Individ.,Deduz. Grupos,% Ocup.,Receita Quartos,Preço Médio,Saídas,Quartos FdS,Adul. / Cri.,agosto,Previsão,12-ago-2026 qua,2,0,0,0,0,2,0,"1,48","265,92","132,96",1,0,4,152,171,63,0,0,100,52,"7,72","20 766,67","64,29",54,0,312,Total ago,152,171,63,0,0,100,52,"7,72","20 766,67","64,29",54,0,312,Total,9169,4278,3084,0,0,7614,1555,"13,64","990 695,49","73,67",3210,0,17782
Data,Ocup,Opção,Cheg,Oferta/Uso Interno,Deduz. Individ.,Deduz. Grupos,% Ocup.,Receita Quartos,Preço Médio,Saídas,Quartos FdS,Adul. / Cri.,agosto,Previsão,13-ago-2026 qui,4,0,3,0,0,4,0,"2,96","477,92","119,48",1,0,8,152,171,63,0,0,100,52,"7,72","20 766,67","64,29",54,0,312,Total ago,152,171,63,0,0,100,52,"7,72","20 766,67","64,29",54,0,312,Total,9169,4278,3084,0,0,7614,1555,"13,64","990 695,49","73,67",3210,0,17782
Data,Ocup,Opção,Cheg,Oferta/Uso Interno,Deduz. Individ.,Deduz. Grupos,% Ocup.,Receita Quartos,Preço Médio,Saídas,Quartos FdS,Adul. / Cri.,agosto,Previsão,14-ago-2026 sex,5,0,2,0,0,5,0,"3,70","553,16","110,63",1,0,9,152,171,63,0,0,100,52,"7,72","20 766,67","64,29",54,0,312,Total ago,152,171,63,0,0,100,52,"7,72","20 766,67","64,29",54,0,312,Total,9169,4278,3084,0,0,7614,1555,"13,64","990 695,49","73,67",3210,0,17782
Data,Ocup,Opção,Cheg,Oferta/Uso Interno,Deduz. Individ.,Deduz. Grupos,% Ocup.,Receita Quartos,Preço Médio,Saídas,Quartos FdS,Adul. / Cri.,agosto,Previsão,15-ago-2026 sáb,5,0,0,0,0,5,0,"3,70","553,16","110,63",0,0,9,152,171,63,0,0,100,52,"7,72","20 766,67","64,29",54,0,312,Total ago,152,171,63,0,0,100,52,"7,72","20 766,67","64,29",54,0,312,Total,9169,4278,3084,0,0,7614,1555,"13,64","990 695,49","73,67",3210,0,17782
Data,Ocup,Opção,Cheg,Oferta/Uso Interno,Deduz. Individ.,Deduz. Grupos,% Ocup.,Receita Quartos,Preço Médio,Saídas,Quartos FdS,Adul. / Cri.,agosto,Previsão,16-ago-2026 dom,0,0,0,0,0,0,0,-,-,NaN,5,0,0,152,171,63,0,0,100,52,"7,72","20 766,67","64,29",54,0,312,Total ago,152,171,63,0,0,100,52,"7,72","20 766,67","64,29",54,0,312,Total,9169,4278,3084,0,0,7614,1555,"13,64","990 695,49","73,67",3210,0,17782
Data,Ocup,Opção,Cheg,Oferta/Uso Interno,Deduz. Individ.,Deduz. Grupos,% Ocup.,Receita Quartos,Preço Médio,Saídas,Quartos FdS,Adul. / Cri.,agosto,Previsão,17-ago-2026 seg,0,0,0,0,0,0,0,-,-,NaN,0,0,0,152,171,63,0,0,100,52,"7,72","20 766,67","64,29",54,0,312,Total ago,152,171,63,0,0,100,52,"7,72","20 766,67","64,29",54,0,312,Total,9169,4278,3084,0,0,7614,1555,"13,64","990 695,49","73,67",3210,0,17782
Data,Ocup,Opção,Cheg,Oferta/Uso Interno,Deduz. Individ.,Deduz. Grupos,% Ocup.,Receita Quartos,Preço Médio,Saídas,Quartos FdS,Adul. / Cri.,agosto,Previsão,18-ago-2026 ter,2,0,2,0,0,2,0,"1,48","299,55","149,77",0,0,4,152,171,63,0,0,100,52,"7,72","20 766,67","64,29",54,0,312,Total ago,152,171,63,0,0,100,52,"7,72","20 766,67","64,29",54,0,312,Total,9169,4278,3084,0,0,7614,1555,"13,64","990 695,49","73,67",3210,0,17782
Data,Ocup,Opção,Cheg,Oferta/Uso Interno,Deduz. Individ.,Deduz. Grupos,% Ocup.,Receita Quartos,Preço Médio,Saídas,Quartos FdS,Adul. / Cri.,agosto,Previsão,19-ago-2026 qua,3,0,1,0,0,3,0,"2,22","468,91","156,30",0,0,7,152,171,63,0,0,100,52,"7,72","20 766,67","64,29",54,0,312,Total ago,152,171,63,0,0,100,52,"7,72","20 766,67","64,29",54,0,312,Total,9169,4278,3084,0,0,7614,1555,"13,64","990 695,49","73,67",3210,0,17782
Data,Ocup,Opção,Cheg,Oferta/Uso Interno,Deduz. Individ.,Deduz. Grupos,% Ocup.,Receita Quartos,Preço Médio,Saídas,Quartos FdS,Adul. / Cri.,agosto,Previsão,20-ago-2026 qui,2,0,0,0,0,2,0,"1,48","299,55","149,77",1,0,4,152,171,63,0,0,100,52,"7,72","20 766,67","64,29",54,0,312,Total ago,152,171,63,0,0,100,52,"7,72","20 766,67","64,29",54,0,312,Total,9169,4278,3084,0,0,7614,1555,"13,64","990 695,49","73,67",3210,0,17782
Data,Ocup,Opção,Cheg,Oferta/Uso Interno,Deduz. Individ.,Deduz. Grupos,% Ocup.,Receita Quartos,Preço Médio,Saídas,Quartos FdS,Adul. / Cri.,agosto,Previsão,21-ago-2026 sex,0,0,0,0,0,0,0,-,-,NaN,2,0,0,152,171,63,0,0,100,52,"7,72","20 766,67","64,29",54,0,312,Total ago,152,171,63,0,0,100,52,"7,72","20 766,67","64,29",54,0,312,Total,9169,4278,3084,0,0,7614,1555,"13,64","990 695,49","73,67",3210,0,17782
Data,Ocup,Opção,Cheg,Oferta/Uso Interno,Deduz. Individ.,Deduz. Grupos,% Ocup.,Receita Quartos,Preço Médio,Saídas,Quartos FdS,Adul. / Cri.,agosto,Previsão,22-ago-2026 sáb,4,0,4,0,0,4,0,"2,96","481,77","120,44",0,0,7,152,171,63,0,0,100,52,"7,72","20 766,67","64,29",54,0,312,Total ago,152,171,63,0,0,100,52,"7,72","20 766,67","64,29",54,0,312,Total,9169,4278,3084,0,0,7614,1555,"13,64","990 695,49","73,67",3210,0,17782
Data,Ocup,Opção,Cheg,Oferta/Uso Interno,Deduz. Individ.,Deduz. Grupos,% Ocup.,Receita Quartos,Preço Médio,Saídas,Quartos FdS,Adul. / Cri.,agosto,Previsão,23-ago-2026 dom,4,0,3,0,0,4,0,"2,96","766,36","191,59",3,0,8,152,171,63,0,0,100,52,"7,72","20 766,67","64,29",54,0,312,Total ago,152,171,63,0,0,100,52,"7,72","20 766,67","64,29",54,0,312,Total,9169,4278,3084,0,0,7614,1555,"13,64","990 695,49","73,67",3210,0,17782
Data,Ocup,Opção,Cheg,Oferta/Uso Interno,Deduz. Individ.,Deduz. Grupos,% Ocup.,Receita Quartos,Preço Médio,Saídas,Quartos FdS,Adul. / Cri.,agosto,Previsão,24-ago-2026 seg,4,15,1,0,0,4,0,"14,07","762,92","40,15",1,0,9,152,171,63,0,0,100,52,"7,72","20 766,67","64,29",54,0,312,Total ago,152,171,63,0,0,100,52,"7,72","20 766,67","64,29",54,0,312,Total,9169,4278,3084,0,0,7614,1555,"13,64","990 695,49","73,67",3210,0,17782
Data,Ocup,Opção,Cheg,Oferta/Uso Interno,Deduz. Individ.,Deduz. Grupos,% Ocup.,Receita Quartos,Preço Médio,Saídas,Quartos FdS,Adul. / Cri.,agosto,Previsão,25-ago-2026 ter,5,37,1,0,0,4,1,"31,11","876,31","20,86",0,0,10,152,171,63,0,0,100,52,"7,72","20 766,67","64,29",54,0,312,Total ago,152,171,63,0,0,100,52,"7,72","20 766,67","64,29",54,0,312,Total,9169,4278,3084,0,0,7614,1555,"13,64","990 695,49","73,67",3210,0,17782
Data,Ocup,Opção,Cheg,Oferta/Uso Interno,Deduz. Individ.,Deduz. Grupos,% Ocup.,Receita Quartos,Preço Médio,Saídas,Quartos FdS,Adul. / Cri.,agosto,Previsão,26-ago-2026 qua,18,37,16,0,0,1,17,"40,74","2 141,24","38,93",3,0,35,152,171,63,0,0,100,52,"7,72","20 766,67","64,29",54,0,312,Total ago,152,171,63,0,0,100,52,"7,72","20 766,67","64,29",54,0,312,Total,9169,4278,3084,0,0,7614,1555,"13,64","990 695,49","73,67",3210,0,17782
Data,Ocup,Opção,Cheg,Oferta/Uso Interno,Deduz. Individ.,Deduz. Grupos,% Ocup.,Receita Quartos,Preço Médio,Saídas,Quartos FdS,Adul. / Cri.,agosto,Previsão,27-ago-2026 qui,18,22,1,0,0,1,17,"29,63","2 100,24","52,51",1,0,35,152,171,63,0,0,100,52,"7,72","20 766,67","64,29",54,0,312,Total ago,152,171,63,0,0,100,52,"7,72","20 766,67","64,29",54,0,312,Total,9169,4278,3084,0,0,7614,1555,"13,64","990 695,49","73,67",3210,0,17782
Data,Ocup,Opção,Cheg,Oferta/Uso Interno,Deduz. Individ.,Deduz. Grupos,% Ocup.,Receita Quartos,Preço Médio,Saídas,Quartos FdS,Adul. / Cri.,agosto,Previsão,28-ago-2026 sex,17,0,0,0,0,0,17,"12,59","2 013,46","118,44",1,0,33,152,171,63,0,0,100,52,"7,72","20 766,67","64,29",54,0,312,Total ago,152,171,63,0,0,100,52,"7,72","20 766,67","64,29",54,0,312,Total,9169,4278,3084,0,0,7614,1555,"13,64","990 695,49","73,67",3210,0,17782
Data,Ocup,Opção,Cheg,Oferta/Uso Interno,Deduz. Individ.,Deduz. Grupos,% Ocup.,Receita Quartos,Preço Médio,Saídas,Quartos FdS,Adul. / Cri.,agosto,Previsão,29-ago-2026 sáb,1,0,1,0,0,1,0,"0,74","185,76","185,76",17,0,2,152,171,63,0,0,100,52,"7,72","20 766,67","64,29",54,0,312,Total ago,152,171,63,0,0,100,52,"7,72","20 766,67","64,29",54,0,312,Total,9169,4278,3084,0,0,7614,1555,"13,64","990 695,49","73,67",3210,0,17782
Data,Ocup,Opção,Cheg,Oferta/Uso Interno,Deduz. Individ.,Deduz. Grupos,% Ocup.,Receita Quartos,Preço Médio,Saídas,Quartos FdS,Adul. / Cri.,agosto,Previsão,30-ago-2026 dom,9,22,8,0,0,9,0,"22,96","1 216,00","39,23",0,0,17,152,171,63,0,0,100,52,"7,72","20 766,67","64,29",54,0,312,Total ago,152,171,63,0,0,100,52,"7,72","20 766,67","64,29",54,0,312,Total,9169,4278,3084,0,0,7614,1555,"13,64","990 695,49","73,67",3210,0,17782
Data,Ocup,Opção,Cheg,Oferta/Uso Interno,Deduz. Individ.,Deduz. Grupos,% Ocup.,Receita Quartos,Preço Médio,Saídas,Quartos FdS,Adul. / Cri.,agosto,Previsão,31-ago-2026 seg,13,22,4,0,0,13,0,"25,93","1 811,12","51,75",0,0,25,152,171,63,0,0,100,52,"7,72","20 766,67","64,29",54,0,312,Total ago,152,171,63,0,0,100,52,"7,72","20 766,67","64,29",54,0,312,Total,9169,4278,3084,0,0,7614,1555,"13,64","990 695,49","73,67",3210,0,17782
Data,Ocup,Opção,Cheg,Oferta/Uso Interno,Deduz. Individ.,Deduz. Grupos,% Ocup.,Receita Quartos,Preço Médio,Saídas,Quartos FdS,Adul. / Cri.,setembro,Previsão,01-set-2026 ter,16,44,3,0,0,15,1,"44,44","2 476,35","41,27",0,0,29,363,946,139,0,0,132,231,"32,32","57 217,00","43,71",135,0,720,Total set,363,946,139,0,0,132,231,"32,32","57 217,00","43,71",135,0,720,Total,9169,4278,3084,0,0,7614,1555,"13,64","990 695,49","73,67",3210,0,17782
Data,Ocup,Opção,Cheg,Oferta/Uso Interno,Deduz. Individ.,Deduz. Grupos,% Ocup.,Receita Quartos,Preço Médio,Saídas,Quartos FdS,Adul. / Cri.,setembro,Previsão,02-set-2026 qua,19,22,18,0,0,2,17,"30,37","2 833,35","69,11",15,0,37,363,946,139,0,0,132,231,"32,32","57 217,00","43,71",135,0,720,Total set,363,946,139,0,0,132,231,"32,32","57 217,00","43,71",135,0,720,Total,9169,4278,3084,0,0,7614,1555,"13,64","990 695,49","73,67",3210,0,17782
Data,Ocup,Opção,Cheg,Oferta/Uso Interno,Deduz. Individ.,Deduz. Grupos,% Ocup.,Receita Quartos,Preço Médio,Saídas,Quartos FdS,Adul. / Cri.,setembro,Previsão,03-set-2026 qui,20,47,1,0,0,2,18,"49,63","2 969,56","44,32",0,0,39,363,946,139,0,0,132,231,"32,32","57 217,00","43,71",135,0,720,Total set,363,946,139,0,0,132,231,"32,32","57 217,00","43,71",135,0,720,Total,9169,4278,3084,0,0,7614,1555,"13,64","990 695,49","73,67",3210,0,17782
Data,Ocup,Opção,Cheg,Oferta/Uso Interno,Deduz. Individ.,Deduz. Grupos,% Ocup.,Receita Quartos,Preço Médio,Saídas,Quartos FdS,Adul. / Cri.,setembro,Previsão,04-set-2026 sex,19,35,0,0,0,2,17,"40,00","2 832,88","52,46",1,0,37,363,946,139,0,0,132,231,"32,32","57 217,00","43,71",135,0,720,Total set,363,946,139,0,0,132,231,"32,32","57 217,00","43,71",135,0,720,Total,9169,4278,3084,0,0,7614,1555,"13,64","990 695,49","73,67",3210,0,17782
Data,Ocup,Opção,Cheg,Oferta/Uso Interno,Deduz. Individ.,Deduz. Grupos,% Ocup.,Receita Quartos,Preço Médio,Saídas,Quartos FdS,Adul. / Cri.,setembro,Previsão,05-set-2026 sáb,4,39,2,0,0,4,0,"31,85","600,07","13,96",17,0,8,363,946,139,0,0,132,231,"32,32","57 217,00","43,71",135,0,720,Total set,363,946,139,0,0,132,231,"32,32","57 217,00","43,71",135,0,720,Total,9169,4278,3084,0,0,7614,1555,"13,64","990 695,49","73,67",3210,0,17782
Data,Ocup,Opção,Cheg,Oferta/Uso Interno,Deduz. Individ.,Deduz. Grupos,% Ocup.,Receita Quartos,Preço Médio,Saídas,Quartos FdS,Adul. / Cri.,setembro,Previsão,06-set-2026 dom,7,13,5,0,0,7,0,"14,81","934,52","46,73",2,0,14,363,946,139,0,0,132,231,"32,32","57 217,00","43,71",135,0,720,Total set,363,946,139,0,0,132,231,"32,32","57 217,00","43,71",135,0,720,Total,9169,4278,3084,0,0,7614,1555,"13,64","990 695,49","73,67",3210,0,17782
Data,Ocup,Opção,Cheg,Oferta/Uso Interno,Deduz. Individ.,Deduz. Grupos,% Ocup.,Receita Quartos,Preço Médio,Saídas,Quartos FdS,Adul. / Cri.,setembro,Previsão,07-set-2026 seg,7,13,1,0,0,7,0,"14,81","1 014,79","50,74",1,0,14,363,946,139,0,0,132,231,"32,32","57 217,00","43,71",135,0,720,Total set,363,946,139,0,0,132,231,"32,32","57 217,00","43,71",135,0,720,Total,9169,4278,3084,0,0,7614,1555,"13,64","990 695,49","73,67",3210,0,17782
Data,Ocup,Opção,Cheg,Oferta/Uso Interno,Deduz. Individ.,Deduz. Grupos,% Ocup.,Receita Quartos,Preço Médio,Saídas,Quartos FdS,Adul. / Cri.,setembro,Previsão,08-set-2026 ter,7,26,3,0,0,6,1,"24,44","1 125,92","34,12",3,0,13,363,946,139,0,0,132,231,"32,32","57 217,00","43,71",135,0,720,Total set,363,946,139,0,0,132,231,"32,32","57 217,00","43,71",135,0,720,Total,9169,4278,3084,0,0,7614,1555,"13,64","990 695,49","73,67",3210,0,17782
Data,Ocup,Opção,Cheg,Oferta/Uso Interno,Deduz. Individ.,Deduz. Grupos,% Ocup.,Receita Quartos,Preço Médio,Saídas,Quartos FdS,Adul. / Cri.,setembro,Previsão,09-set-2026 qua,20,35,18,0,0,3,17,"40,74","3 044,25","55,35",5,0,39,363,946,139,0,0,132,231,"32,32","57 217,00","43,71",135,0,720,Total set,363,946,139,0,0,132,231,"32,32","57 217,00","43,71",135,0,720,Total,9169,4278,3084,0,0,7614,1555,"13,64","990 695,49","73,67",3210,0,17782
Data,Ocup,Opção,Cheg,Oferta/Uso Interno,Deduz. Individ.,Deduz. Grupos,% Ocup.,Receita Quartos,Preço Médio,Saídas,Quartos FdS,Adul. / Cri.,setembro,Previsão,10-set-2026 qui,20,39,0,0,0,3,17,"43,70","3 044,25","51,60",0,0,39,363,946,139,0,0,132,231,"32,32","57 217,00","43,71",135,0,720,Total set,363,946,139,0,0,132,231,"32,32","57 217,00","43,71",135,0,720,Total,9169,4278,3084,0,0,7614,1555,"13,64","990 695,49","73,67",3210,0,17782
Data,Ocup,Opção,Cheg,Oferta/Uso Interno,Deduz. Individ.,Deduz. Grupos,% Ocup.,Receita Quartos,Preço Médio,Saídas,Quartos FdS,Adul. / Cri.,setembro,Previsão,11-set-2026 sex,18,13,0,0,0,1,17,"22,96","2 700,91","87,13",2,0,35,363,946,139,0,0,132,231,"32,32","57 217,00","43,71",135,0,720,Total set,363,946,139,0,0,132,231,"32,32","57 217,00","43,71",135,0,720,Total,9169,4278,3084,0,0,7614,1555,"13,64","990 695,49","73,67",3210,0,17782
Data,Ocup,Opção,Cheg,Oferta/Uso Interno,Deduz. Individ.,Deduz. Grupos,% Ocup.,Receita Quartos,Preço Médio,Saídas,Quartos FdS,Adul. / Cri.,setembro,Previsão,12-set-2026 sáb,4,16,4,0,0,3,1,"14,81","628,82","31,44",18,0,7,363,946,139,0,0,132,231,"32,32","57 217,00","43,71",135,0,720,Total set,363,946,139,0,0,132,231,"32,32","57 217,00","43,71",135,0,720,Total,9169,4278,3084,0,0,7614,1555,"13,64","990 695,49","73,67",3210,0,17782
Data,Ocup,Opção,Cheg,Oferta/Uso Interno,Deduz. Individ.,Deduz. Grupos,% Ocup.,Receita Quartos,Preço Médio,Saídas,Quartos FdS,Adul. / Cri.,setembro,Previsão,13-set-2026 dom,3,35,0,0,0,3,0,"28,15","505,06","13,29",1,0,6,363,946,139,0,0,132,231,"32,32","57 217,00","43,71",135,0,720,Total set,363,946,139,0,0,132,231,"32,32","57 217,00","43,71",135,0,720,Total,9169,4278,3084,0,0,7614,1555,"13,64","990 695,49","73,67",3210,0,17782
Data,Ocup,Opção,Cheg,Oferta/Uso Interno,Deduz. Individ.,Deduz. Grupos,% Ocup.,Receita Quartos,Preço Médio,Saídas,Quartos FdS,Adul. / Cri.,setembro,Previsão,14-set-2026 seg,4,35,1,0,0,4,0,"28,89","636,93","16,33",0,0,8,363,946,139,0,0,132,231,"32,32","57 217,00","43,71",135,0,720,Total set,363,946,139,0,0,132,231,"32,32","57 217,00","43,71",135,0,720,Total,9169,4278,3084,0,0,7614,1555,"13,64","990 695,49","73,67",3210,0,17782
Data,Ocup,Opção,Cheg,Oferta/Uso Interno,Deduz. Individ.,Deduz. Grupos,% Ocup.,Receita Quartos,Preço Médio,Saídas,Quartos FdS,Adul. / Cri.,setembro,Previsão,15-set-2026 ter,7,26,4,0,0,6,1,"24,44","1 082,05","32,79",1,0,12,363,946,139,0,0,132,231,"32,32","57 217,00","43,71",135,0,720,Total set,363,946,139,0,0,132,231,"32,32","57 217,00","43,71",135,0,720,Total,9169,4278,3084,0,0,7614,1555,"13,64","990 695,49","73,67",3210,0,17782
Data,Ocup,Opção,Cheg,Oferta/Uso Interno,Deduz. Individ.,Deduz. Grupos,% Ocup.,Receita Quartos,Preço Médio,Saídas,Quartos FdS,Adul. / Cri.,setembro,Previsão,16-set-2026 qua,18,13,17,0,0,1,17,"22,96","2 588,83","83,51",6,0,35,363,946,139,0,0,132,231,"32,32","57 217,00","43,71",135,0,720,Total set,363,946,139,0,0,132,231,"32,32","57 217,00","43,71",135,0,720,Total,9169,4278,3084,0,0,7614,1555,"13,64","990 695,49","73,67",3210,0,17782
Data,Ocup,Opção,Cheg,Oferta/Uso Interno,Deduz. Individ.,Deduz. Grupos,% Ocup.,Receita Quartos,Preço Médio,Saídas,Quartos FdS,Adul. / Cri.,setembro,Previsão,17-set-2026 qui,20,16,2,0,0,2,18,"26,67","2 900,28","80,56",0,0,38,363,946,139,0,0,132,231,"32,32","57 217,00","43,71",135,0,720,Total set,363,946,139,0,0,132,231,"32,32","57 217,00","43,71",135,0,720,Total,9169,4278,3084,0,0,7614,1555,"13,64","990 695,49","73,67",3210,0,17782
Data,Ocup,Opção,Cheg,Oferta/Uso Interno,Deduz. Individ.,Deduz. Grupos,% Ocup.,Receita Quartos,Preço Médio,Saídas,Quartos FdS,Adul. / Cri.,setembro,Previsão,18-set-2026 sex,28,13,10,0,0,11,17,"30,37","5 060,82","123,43",2,0,60,363,946,139,0,0,132,231,"32,32","57 217,00","43,71",135,0,720,Total set,363,946,139,0,0,132,231,"32,32","57 217,00","43,71",135,0,720,Total,9169,4278,3084,0,0,7614,1555,"13,64","990 695,49","73,67",3210,0,17782
Data,Ocup,Opção,Cheg,Oferta/Uso Interno,Deduz. Individ.,Deduz. Grupos,% Ocup.,Receita Quartos,Preço Médio,Saídas,Quartos FdS,Adul. / Cri.,setembro,Previsão,19-set-2026 sáb,12,17,2,0,0,12,0,"21,48","2 853,00","98,38",18,0,30,363,946,139,0,0,132,231,"32,32","57 217,00","43,71",135,0,720,Total set,363,946,139,0,0,132,231,"32,32","57 217,00","43,71",135,0,720,Total,9169,4278,3084,0,0,7614,1555,"13,64","990 695,49","73,67",3210,0,17782
Data,Ocup,Opção,Cheg,Oferta/Uso Interno,Deduz. Individ.,Deduz. Grupos,% Ocup.,Receita Quartos,Preço Médio,Saídas,Quartos FdS,Adul. / Cri.,setembro,Previsão,20-set-2026 dom,11,35,0,0,0,11,0,"34,07","2 611,94","56,78",1,0,28,363,946,139,0,0,132,231,"32,32","57 217,00","43,71",135,0,720,Total set,363,946,139,0,0,132,231,"32,32","57 217,00","43,71",135,0,720,Total,9169,4278,3084,0,0,7614,1555,"13,64","990 695,49","73,67",3210,0,17782
Data,Ocup,Opção,Cheg,Oferta/Uso Interno,Deduz. Individ.,Deduz. Grupos,% Ocup.,Receita Quartos,Preço Médio,Saídas,Quartos FdS,Adul. / Cri.,setembro,Previsão,21-set-2026 seg,1,35,1,0,0,1,0,"26,67","219,79","6,11",11,0,2,363,946,139,0,0,132,231,"32,32","57 217,00","43,71",135,0,720,Total set,363,946,139,0,0,132,231,"32,32","57 217,00","43,71",135,0,720,Total,9169,4278,3084,0,0,7614,1555,"13,64","990 695,49","73,67",3210,0,17782
Data,Ocup,Opção,Cheg,Oferta/Uso Interno,Deduz. Individ.,Deduz. Grupos,% Ocup.,Receita Quartos,Preço Médio,Saídas,Quartos FdS,Adul. / Cri.,setembro,Previsão,22-set-2026 ter,4,46,3,0,0,3,1,"37,04","611,35","12,23",0,0,7,363,946,139,0,0,132,231,"32,32","57 217,00","43,71",135,0,720,Total set,363,946,139,0,0,132,231,"32,32","57 217,00","43,71",135,0,720,Total,9169,4278,3084,0,0,7614,1555,"13,64","990 695,49","73,67",3210,0,17782
Data,Ocup,Opção,Cheg,Oferta/Uso Interno,Deduz. Individ.,Deduz. Grupos,% Ocup.,Receita Quartos,Preço Médio,Saídas,Quartos FdS,Adul. / Cri.,setembro,Previsão,23-set-2026 qua,21,33,18,0,0,4,17,"40,00","3 036,97","56,24",1,0,41,363,946,139,0,0,132,231,"32,32","57 217,00","43,71",135,0,720,Total set,363,946,139,0,0,132,231,"32,32","57 217,00","43,71",135,0,720,Total,9169,4278,3084,0,0,7614,1555,"13,64","990 695,49","73,67",3210,0,17782
Data,Ocup,Opção,Cheg,Oferta/Uso Interno,Deduz. Individ.,Deduz. Grupos,% Ocup.,Receita Quartos,Preço Médio,Saídas,Quartos FdS,Adul. / Cri.,setembro,Previsão,24-set-2026 qui,22,37,2,0,0,5,17,"43,70","3 130,01","53,05",1,0,43,363,946,139,0,0,132,231,"32,32","57 217,00","43,71",135,0,720,Total set,363,946,139,0,0,132,231,"32,32","57 217,00","43,71",135,0,720,Total,9169,4278,3084,0,0,7614,1555,"13,64","990 695,49","73,67",3210,0,17782
Data,Ocup,Opção,Cheg,Oferta/Uso Interno,Deduz. Individ.,Deduz. Grupos,% Ocup.,Receita Quartos,Preço Médio,Saídas,Quartos FdS,Adul. / Cri.,setembro,Previsão,25-set-2026 sex,23,33,2,0,0,6,17,"41,48","3 410,35","60,90",1,0,45,363,946,139,0,0,132,231,"32,32","57 217,00","43,71",135,0,720,Total set,363,946,139,0,0,132,231,"32,32","57 217,00","43,71",135,0,720,Total,9169,4278,3084,0,0,7614,1555,"13,64","990 695,49","73,67",3210,0,17782
Data,Ocup,Opção,Cheg,Oferta/Uso Interno,Deduz. Individ.,Deduz. Grupos,% Ocup.,Receita Quartos,Preço Médio,Saídas,Quartos FdS,Adul. / Cri.,setembro,Previsão,26-set-2026 sáb,5,14,2,0,0,3,2,"14,07","655,38","34,49",20,0,10,363,946,139,0,0,132,231,"32,32","57 217,00","43,71",135,0,720,Total set,363,946,139,0,0,132,231,"32,32","57 217,00","43,71",135,0,720,Total,9169,4278,3084,0,0,7614,1555,"13,64","990 695,49","73,67",3210,0,17782
Data,Ocup,Opção,Cheg,Oferta/Uso Interno,Deduz. Individ.,Deduz. Grupos,% Ocup.,Receita Quartos,Preço Médio,Saídas,Quartos FdS,Adul. / Cri.,setembro,Previsão,27-set-2026 dom,0,36,0,0,0,0,0,"26,67",-,-,5,0,0,363,946,139,0,0,132,231,"32,32","57 217,00","43,71",135,0,720,Total set,363,946,139,0,0,132,231,"32,32","57 217,00","43,71",135,0,720,Total,9169,4278,3084,0,0,7614,1555,"13,64","990 695,49","73,67",3210,0,17782
Data,Ocup,Opção,Cheg,Oferta/Uso Interno,Deduz. Individ.,Deduz. Grupos,% Ocup.,Receita Quartos,Preço Médio,Saídas,Quartos FdS,Adul. / Cri.,setembro,Previsão,28-set-2026 seg,3,56,3,0,0,3,0,"43,70","557,89","9,46",0,0,6,363,946,139,0,0,132,231,"32,32","57 217,00","43,71",135,0,720,Total set,363,946,139,0,0,132,231,"32,32","57 217,00","43,71",135,0,720,Total,9169,4278,3084,0,0,7614,1555,"13,64","990 695,49","73,67",3210,0,17782
Data,Ocup,Opção,Cheg,Oferta/Uso Interno,Deduz. Individ.,Deduz. Grupos,% Ocup.,Receita Quartos,Preço Médio,Saídas,Quartos FdS,Adul. / Cri.,setembro,Previsão,29-set-2026 ter,3,69,1,0,0,2,1,"53,33","656,10","9,11",1,0,5,363,946,139,0,0,132,231,"32,32","57 217,00","43,71",135,0,720,Total set,363,946,139,0,0,132,231,"32,32","57 217,00","43,71",135,0,720,Total,9169,4278,3084,0,0,7614,1555,"13,64","990 695,49","73,67",3210,0,17782
Data,Ocup,Opção,Cheg,Oferta/Uso Interno,Deduz. Individ.,Deduz. Grupos,% Ocup.,Receita Quartos,Preço Médio,Saídas,Quartos FdS,Adul. / Cri.,setembro,Previsão,30-set-2026 qua,17,55,16,0,0,0,17,"53,33","2 494,59","34,65",2,0,33,363,946,139,0,0,132,231,"32,32","57 217,00","43,71",135,0,720,Total set,363,946,139,0,0,132,231,"32,32","57 217,00","43,71",135,0,720,Total,9169,4278,3084,0,0,7614,1555,"13,64","990 695,49","73,67",3210,0,17782
Data,Ocup,Opção,Cheg,Oferta/Uso Interno,Deduz. Individ.,Deduz. Grupos,% Ocup.,Receita Quartos,Preço Médio,Saídas,Quartos FdS,Adul. / Cri.,outubro,Previsão,01-out-2026 qui,17,39,0,0,0,0,17,"41,48","2 494,59","44,55",0,0,33,320,486,104,0,0,77,243,"19,26","48 083,16","59,66",121,0,630,Total out,320,486,104,0,0,77,243,"19,26","48 083,16","59,66",121,0,630,Total,9169,4278,3084,0,0,7614,1555,"13,64","990 695,49","73,67",3210,0,17782
Data,Ocup,Opção,Cheg,Oferta/Uso Interno,Deduz. Individ.,Deduz. Grupos,% Ocup.,Receita Quartos,Preço Médio,Saídas,Quartos FdS,Adul. / Cri.,outubro,Previsão,02-out-2026 sex,17,13,0,0,0,0,17,"22,22","2 494,59","83,15",0,0,33,320,486,104,0,0,77,243,"19,26","48 083,16","59,66",121,0,630,Total out,320,486,104,0,0,77,243,"19,26","48 083,16","59,66",121,0,630,Total,9169,4278,3084,0,0,7614,1555,"13,64","990 695,49","73,67",3210,0,17782
Data,Ocup,Opção,Cheg,Oferta/Uso Interno,Deduz. Individ.,Deduz. Grupos,% Ocup.,Receita Quartos,Preço Médio,Saídas,Quartos FdS,Adul. / Cri.,outubro,Previsão,03-out-2026 sáb,0,18,0,0,0,0,0,"13,33",-,-,17,0,0,320,486,104,0,0,77,243,"19,26","48 083,16","59,66",121,0,630,Total out,320,486,104,0,0,77,243,"19,26","48 083,16","59,66",121,0,630,Total,9169,4278,3084,0,0,7614,1555,"13,64","990 695,49","73,67",3210,0,17782
Data,Ocup,Opção,Cheg,Oferta/Uso Interno,Deduz. Individ.,Deduz. Grupos,% Ocup.,Receita Quartos,Preço Médio,Saídas,Quartos FdS,Adul. / Cri.,outubro,Previsão,04-out-2026 dom,2,14,2,0,0,2,0,"11,85","359,21","22,45",0,0,4,320,486,104,0,0,77,243,"19,26","48 083,16","59,66",121,0,630,Total out,320,486,104,0,0,77,243,"19,26","48 083,16","59,66",121,0,630,Total,9169,4278,3084,0,0,7614,1555,"13,64","990 695,49","73,67",3210,0,17782
Data,Ocup,Opção,Cheg,Oferta/Uso Interno,Deduz. Individ.,Deduz. Grupos,% Ocup.,Receita Quartos,Preço Médio,Saídas,Quartos FdS,Adul. / Cri.,outubro,Previsão,05-out-2026 seg,10,14,8,0,0,10,0,"17,78","1 604,72","66,86",0,0,17,320,486,104,0,0,77,243,"19,26","48 083,16","59,66",121,0,630,Total out,320,486,104,0,0,77,243,"19,26","48 083,16","59,66",121,0,630,Total,9169,4278,3084,0,0,7614,1555,"13,64","990 695,49","73,67",3210,0,17782
Data,Ocup,Opção,Cheg,Oferta/Uso Interno,Deduz. Individ.,Deduz. Grupos,% Ocup.,Receita Quartos,Preço Médio,Saídas,Quartos FdS,Adul. / Cri.,outubro,Previsão,06-out-2026 ter,13,5,3,0,0,11,2,"13,33","2 012,22","111,79",0,0,22,320,486,104,0,0,77,243,"19,26","48 083,16","59,66",121,0,630,Total out,320,486,104,0,0,77,243,"19,26","48 083,16","59,66",121,0,630,Total,9169,4278,3084,0,0,7614,1555,"13,64","990 695,49","73,67",3210,0,17782
Data,Ocup,Opção,Cheg,Oferta/Uso Interno,Deduz. Individ.,Deduz. Grupos,% Ocup.,Receita Quartos,Preço Médio,Saídas,Quartos FdS,Adul. / Cri.,outubro,Previsão,07-out-2026 qua,19,14,17,0,0,2,17,"24,44","2 760,76","83,66",11,0,37,320,486,104,0,0,77,243,"19,26","48 083,16","59,66",121,0,630,Total out,320,486,104,0,0,77,243,"19,26","48 083,16","59,66",121,0,630,Total,9169,4278,3084,0,0,7614,1555,"13,64","990 695,49","73,67",3210,0,17782
Data,Ocup,Opção,Cheg,Oferta/Uso Interno,Deduz. Individ.,Deduz. Grupos,% Ocup.,Receita Quartos,Preço Médio,Saídas,Quartos FdS,Adul. / Cri.,outubro,Previsão,08-out-2026 qui,19,18,0,0,0,2,17,"27,41","2 800,03","75,68",0,0,37,320,486,104,0,0,77,243,"19,26","48 083,16","59,66",121,0,630,Total out,320,486,104,0,0,77,243,"19,26","48 083,16","59,66",121,0,630,Total,9169,4278,3084,0,0,7614,1555,"13,64","990 695,49","73,67",3210,0,17782
Data,Ocup,Opção,Cheg,Oferta/Uso Interno,Deduz. Individ.,Deduz. Grupos,% Ocup.,Receita Quartos,Preço Médio,Saídas,Quartos FdS,Adul. / Cri.,outubro,Previsão,09-out-2026 sex,19,14,1,0,0,2,17,"24,44","2 759,91","83,63",1,0,37,320,486,104,0,0,77,243,"19,26","48 083,16","59,66",121,0,630,Total out,320,486,104,0,0,77,243,"19,26","48 083,16","59,66",121,0,630,Total,9169,4278,3084,0,0,7614,1555,"13,64","990 695,49","73,67",3210,0,17782
Data,Ocup,Opção,Cheg,Oferta/Uso Interno,Deduz. Individ.,Deduz. Grupos,% Ocup.,Receita Quartos,Preço Médio,Saídas,Quartos FdS,Adul. / Cri.,outubro,Previsão,10-out-2026 sáb,5,48,4,0,0,5,0,"39,26","1 525,96","28,79",18,0,17,320,486,104,0,0,77,243,"19,26","48 083,16","59,66",121,0,630,Total out,320,486,104,0,0,77,243,"19,26","48 083,16","59,66",121,0,630,Total,9169,4278,3084,0,0,7614,1555,"13,64","990 695,49","73,67",3210,0,17782
Data,Ocup,Opção,Cheg,Oferta/Uso Interno,Deduz. Individ.,Deduz. Grupos,% Ocup.,Receita Quartos,Preço Médio,Saídas,Quartos FdS,Adul. / Cri.,outubro,Previsão,11-out-2026 dom,4,44,0,0,0,4,0,"35,56","1 273,21","26,53",1,0,15,320,486,104,0,0,77,243,"19,26","48 083,16","59,66",121,0,630,Total out,320,486,104,0,0,77,243,"19,26","48 083,16","59,66",121,0,630,Total,9169,4278,3084,0,0,7614,1555,"13,64","990 695,49","73,67",3210,0,17782
Data,Ocup,Opção,Cheg,Oferta/Uso Interno,Deduz. Individ.,Deduz. Grupos,% Ocup.,Receita Quartos,Preço Médio,Saídas,Quartos FdS,Adul. / Cri.,outubro,Previsão,12-out-2026 seg,0,44,0,0,0,0,0,"32,59",-,-,4,0,0,320,486,104,0,0,77,243,"19,26","48 083,16","59,66",121,0,630,Total out,320,486,104,0,0,77,243,"19,26","48 083,16","59,66",121,0,630,Total,9169,4278,3084,0,0,7614,1555,"13,64","990 695,49","73,67",3210,0,17782
Data,Ocup,Opção,Cheg,Oferta/Uso Interno,Deduz. Individ.,Deduz. Grupos,% Ocup.,Receita Quartos,Preço Médio,Saídas,Quartos FdS,Adul. / Cri.,outubro,Previsão,13-out-2026 ter,4,35,4,0,0,3,1,"28,89","600,91","15,41",0,0,7,320,486,104,0,0,77,243,"19,26","48 083,16","59,66",121,0,630,Total out,320,486,104,0,0,77,243,"19,26","48 083,16","59,66",121,0,630,Total,9169,4278,3084,0,0,7614,1555,"13,64","990 695,49","73,67",3210,0,17782
Data,Ocup,Opção,Cheg,Oferta/Uso Interno,Deduz. Individ.,Deduz. Grupos,% Ocup.,Receita Quartos,Preço Médio,Saídas,Quartos FdS,Adul. / Cri.,outubro,Previsão,14-out-2026 qua,18,14,16,0,0,1,17,"23,70","2 607,75","81,49",2,0,35,320,486,104,0,0,77,243,"19,26","48 083,16","59,66",121,0,630,Total out,320,486,104,0,0,77,243,"19,26","48 083,16","59,66",121,0,630,Total,9169,4278,3084,0,0,7614,1555,"13,64","990 695,49","73,67",3210,0,17782
Data,Ocup,Opção,Cheg,Oferta/Uso Interno,Deduz. Individ.,Deduz. Grupos,% Ocup.,Receita Quartos,Preço Médio,Saídas,Quartos FdS,Adul. / Cri.,outubro,Previsão,15-out-2026 qui,17,19,0,0,0,0,17,"26,67","2 494,59","69,29",1,0,33,320,486,104,0,0,77,243,"19,26","48 083,16","59,66",121,0,630,Total out,320,486,104,0,0,77,243,"19,26","48 083,16","59,66",121,0,630,Total,9169,4278,3084,0,0,7614,1555,"13,64","990 695,49","73,67",3210,0,17782
Data,Ocup,Opção,Cheg,Oferta/Uso Interno,Deduz. Individ.,Deduz. Grupos,% Ocup.,Receita Quartos,Preço Médio,Saídas,Quartos FdS,Adul. / Cri.,outubro,Previsão,16-out-2026 sex,19,15,2,0,0,2,17,"25,19","2 833,37","83,33",0,0,37,320,486,104,0,0,77,243,"19,26","48 083,16","59,66",121,0,630,Total out,320,486,104,0,0,77,243,"19,26","48 083,16","59,66",121,0,630,Total,9169,4278,3084,0,0,7614,1555,"13,64","990 695,49","73,67",3210,0,17782
Data,Ocup,Opção,Cheg,Oferta/Uso Interno,Deduz. Individ.,Deduz. Grupos,% Ocup.,Receita Quartos,Preço Médio,Saídas,Quartos FdS,Adul. / Cri.,outubro,Previsão,17-out-2026 sáb,2,18,0,0,0,2,0,"14,81","338,77","16,94",17,0,4,320,486,104,0,0,77,243,"19,26","48 083,16","59,66",121,0,630,Total out,320,486,104,0,0,77,243,"19,26","48 083,16","59,66",121,0,630,Total,9169,4278,3084,0,0,7614,1555,"13,64","990 695,49","73,67",3210,0,17782
Data,Ocup,Opção,Cheg,Oferta/Uso Interno,Deduz. Individ.,Deduz. Grupos,% Ocup.,Receita Quartos,Preço Médio,Saídas,Quartos FdS,Adul. / Cri.,outubro,Previsão,18-out-2026 dom,2,14,2,0,0,2,0,"11,85","204,28","12,77",2,0,4,320,486,104,0,0,77,243,"19,26","48 083,16","59,66",121,0,630,Total out,320,486,104,0,0,77,243,"19,26","48 083,16","59,66",121,0,630,Total,9169,4278,3084,0,0,7614,1555,"13,64","990 695,49","73,67",3210,0,17782
Data,Ocup,Opção,Cheg,Oferta/Uso Interno,Deduz. Individ.,Deduz. Grupos,% Ocup.,Receita Quartos,Preço Médio,Saídas,Quartos FdS,Adul. / Cri.,outubro,Previsão,19-out-2026 seg,4,13,2,0,0,4,0,"12,59","422,55","24,86",0,0,8,320,486,104,0,0,77,243,"19,26","48 083,16","59,66",121,0,630,Total out,320,486,104,0,0,77,243,"19,26","48 083,16","59,66",121,0,630,Total,9169,4278,3084,0,0,7614,1555,"13,64","990 695,49","73,67",3210,0,17782
Data,Ocup,Opção,Cheg,Oferta/Uso Interno,Deduz. Individ.,Deduz. Grupos,% Ocup.,Receita Quartos,Preço Médio,Saídas,Quartos FdS,Adul. / Cri.,outubro,Previsão,20-out-2026 ter,8,0,5,0,0,7,1,"5,93","1 081,46","135,18",1,0,15,320,486,104,0,0,77,243,"19,26","48 083,16","59,66",121,0,630,Total out,320,486,104,0,0,77,243,"19,26","48 083,16","59,66",121,0,630,Total,9169,4278,3084,0,0,7614,1555,"13,64","990 695,49","73,67",3210,0,17782
Data,Ocup,Opção,Cheg,Oferta/Uso Interno,Deduz. Individ.,Deduz. Grupos,% Ocup.,Receita Quartos,Preço Médio,Saídas,Quartos FdS,Adul. / Cri.,outubro,Previsão,21-out-2026 qua,20,0,17,0,0,3,17,"14,81","2 821,99","141,10",5,0,39,320,486,104,0,0,77,243,"19,26","48 083,16","59,66",121,0,630,Total out,320,486,104,0,0,77,243,"19,26","48 083,16","59,66",121,0,630,Total,9169,4278,3084,0,0,7614,1555,"13,64","990 695,49","73,67",3210,0,17782
Data,Ocup,Opção,Cheg,Oferta/Uso Interno,Deduz. Individ.,Deduz. Grupos,% Ocup.,Receita Quartos,Preço Médio,Saídas,Quartos FdS,Adul. / Cri.,outubro,Previsão,22-out-2026 qui,19,4,1,0,0,2,17,"17,04","2 763,35","120,15",2,0,37,320,486,104,0,0,77,243,"19,26","48 083,16","59,66",121,0,630,Total out,320,486,104,0,0,77,243,"19,26","48 083,16","59,66",121,0,630,Total,9169,4278,3084,0,0,7614,1555,"13,64","990 695,49","73,67",3210,0,17782
Data,Ocup,Opção,Cheg,Oferta/Uso Interno,Deduz. Individ.,Deduz. Grupos,% Ocup.,Receita Quartos,Preço Médio,Saídas,Quartos FdS,Adul. / Cri.,outubro,Previsão,23-out-2026 sex,20,13,1,0,0,3,17,"24,44","2 902,65","87,96",0,0,39,320,486,104,0,0,77,243,"19,26","48 083,16","59,66",121,0,630,Total out,320,486,104,0,0,77,243,"19,26","48 083,16","59,66",121,0,630,Total,9169,4278,3084,0,0,7614,1555,"13,64","990 695,49","73,67",3210,0,17782
Data,Ocup,Opção,Cheg,Oferta/Uso Interno,Deduz. Individ.,Deduz. Grupos,% Ocup.,Receita Quartos,Preço Médio,Saídas,Quartos FdS,Adul. / Cri.,outubro,Previsão,24-out-2026 sáb,2,17,0,0,0,2,0,"14,07","265,21","13,96",18,0,4,320,486,104,0,0,77,243,"19,26","48 083,16","59,66",121,0,630,Total out,320,486,104,0,0,77,243,"19,26","48 083,16","59,66",121,0,630,Total,9169,4278,3084,0,0,7614,1555,"13,64","990 695,49","73,67",3210,0,17782
Data,Ocup,Opção,Cheg,Oferta/Uso Interno,Deduz. Individ.,Deduz. Grupos,% Ocup.,Receita Quartos,Preço Médio,Saídas,Quartos FdS,Adul. / Cri.,outubro,Previsão,25-out-2026 dom,2,26,0,0,0,2,0,"20,74","265,21","9,47",0,0,4,320,486,104,0,0,77,243,"19,26","48 083,16","59,66",121,0,630,Total out,320,486,104,0,0,77,243,"19,26","48 083,16","59,66",121,0,630,Total,9169,4278,3084,0,0,7614,1555,"13,64","990 695,49","73,67",3210,0,17782
Data,Ocup,Opção,Cheg,Oferta/Uso Interno,Deduz. Individ.,Deduz. Grupos,% Ocup.,Receita Quartos,Preço Médio,Saídas,Quartos FdS,Adul. / Cri.,outubro,Previsão,26-out-2026 seg,2,13,1,0,0,2,0,"11,11","305,85","20,39",1,0,4,320,486,104,0,0,77,243,"19,26","48 083,16","59,66",121,0,630,Total out,320,486,104,0,0,77,243,"19,26","48 083,16","59,66",121,0,630,Total,9169,4278,3084,0,0,7614,1555,"13,64","990 695,49","73,67",3210,0,17782
Data,Ocup,Opção,Cheg,Oferta/Uso Interno,Deduz. Individ.,Deduz. Grupos,% Ocup.,Receita Quartos,Preço Médio,Saídas,Quartos FdS,Adul. / Cri.,outubro,Previsão,27-out-2026 ter,3,0,2,0,0,2,1,"2,22","387,97","129,32",1,0,5,320,486,104,0,0,77,243,"19,26","48 083,16","59,66",121,0,630,Total out,320,486,104,0,0,77,243,"19,26","48 083,16","59,66",121,0,630,Total,9169,4278,3084,0,0,7614,1555,"13,64","990 695,49","73,67",3210,0,17782
Data,Ocup,Opção,Cheg,Oferta/Uso Interno,Deduz. Individ.,Deduz. Grupos,% Ocup.,Receita Quartos,Preço Médio,Saídas,Quartos FdS,Adul. / Cri.,outubro,Previsão,28-out-2026 qua,18,0,16,0,0,1,17,"13,33","2 603,73","144,65",1,0,35,320,486,104,0,0,77,243,"19,26","48 083,16","59,66",121,0,630,Total out,320,486,104,0,0,77,243,"19,26","48 083,16","59,66",121,0,630,Total,9169,4278,3084,0,0,7614,1555,"13,64","990 695,49","73,67",3210,0,17782
Data,Ocup,Opção,Cheg,Oferta/Uso Interno,Deduz. Individ.,Deduz. Grupos,% Ocup.,Receita Quartos,Preço Médio,Saídas,Quartos FdS,Adul. / Cri.,outubro,Previsão,29-out-2026 qui,18,0,0,0,0,1,17,"13,33","2 603,73","144,65",0,0,35,320,486,104,0,0,77,243,"19,26","48 083,16","59,66",121,0,630,Total out,320,486,104,0,0,77,243,"19,26","48 083,16","59,66",121,0,630,Total,9169,4278,3084,0,0,7614,1555,"13,64","990 695,49","73,67",3210,0,17782
Data,Ocup,Opção,Cheg,Oferta/Uso Interno,Deduz. Individ.,Deduz. Grupos,% Ocup.,Receita Quartos,Preço Médio,Saídas,Quartos FdS,Adul. / Cri.,outubro,Previsão,30-out-2026 sex,17,0,0,0,0,0,17,"12,59","2 494,59","146,74",1,0,33,320,486,104,0,0,77,243,"19,26","48 083,16","59,66",121,0,630,Total out,320,486,104,0,0,77,243,"19,26","48 083,16","59,66",121,0,630,Total,9169,4278,3084,0,0,7614,1555,"13,64","990 695,49","73,67",3210,0,17782
Data,Ocup,Opção,Cheg,Oferta/Uso Interno,Deduz. Individ.,Deduz. Grupos,% Ocup.,Receita Quartos,Preço Médio,Saídas,Quartos FdS,Adul. / Cri.,outubro,Previsão,31-out-2026 sáb,0,0,0,0,0,0,0,-,-,NaN,17,0,0,320,486,104,0,0,77,243,"19,26","48 083,16","59,66",121,0,630,Total out,320,486,104,0,0,77,243,"19,26","48 083,16","59,66",121,0,630,Total,9169,4278,3084,0,0,7614,1555,"13,64","990 695,49","73,67",3210,0,17782
Data,Ocup,Opção,Cheg,Oferta/Uso Interno,Deduz. Individ.,Deduz. Grupos,% Ocup.,Receita Quartos,Preço Médio,Saídas,Quartos FdS,Adul. / Cri.,novembro,Previsão,01-nov-2026 dom,1,0,1,0,0,1,0,"0,74","79,70","79,70",0,0,2,17,67,6,0,0,17,0,"2,07","1 727,79","20,57",6,0,31,Total nov,17,67,6,0,0,17,0,"2,07","1 727,79","20,57",6,0,31,Total,9169,4278,3084,0,0,7614,1555,"13,64","990 695,49","73,67",3210,0,17782
Data,Ocup,Opção,Cheg,Oferta/Uso Interno,Deduz. Individ.,Deduz. Grupos,% Ocup.,Receita Quartos,Preço Médio,Saídas,Quartos FdS,Adul. / Cri.,novembro,Previsão,02-nov-2026 seg,2,0,1,0,0,2,0,"1,48","166,55","83,27",0,0,4,17,67,6,0,0,17,0,"2,07","1 727,79","20,57",6,0,31,Total nov,17,67,6,0,0,17,0,"2,07","1 727,79","20,57",6,0,31,Total,9169,4278,3084,0,0,7614,1555,"13,64","990 695,49","73,67",3210,0,17782
Data,Ocup,Opção,Cheg,Oferta/Uso Interno,Deduz. Individ.,Deduz. Grupos,% Ocup.,Receita Quartos,Preço Médio,Saídas,Quartos FdS,Adul. / Cri.,novembro,Previsão,03-nov-2026 ter,2,0,0,0,0,2,0,"1,48","166,53","83,26",0,0,4,17,67,6,0,0,17,0,"2,07","1 727,79","20,57",6,0,31,Total nov,17,67,6,0,0,17,0,"2,07","1 727,79","20,57",6,0,31,Total,9169,4278,3084,0,0,7614,1555,"13,64","990 695,49","73,67",3210,0,17782
Data,Ocup,Opção,Cheg,Oferta/Uso Interno,Deduz. Individ.,Deduz. Grupos,% Ocup.,Receita Quartos,Preço Médio,Saídas,Quartos FdS,Adul. / Cri.,novembro,Previsão,04-nov-2026 qua,2,0,0,0,0,2,0,"1,48","166,53","83,26",0,0,4,17,67,6,0,0,17,0,"2,07","1 727,79","20,57",6,0,31,Total nov,17,67,6,0,0,17,0,"2,07","1 727,79","20,57",6,0,31,Total,9169,4278,3084,0,0,7614,1555,"13,64","990 695,49","73,67",3210,0,17782
Data,Ocup,Opção,Cheg,Oferta/Uso Interno,Deduz. Individ.,Deduz. Grupos,% Ocup.,Receita Quartos,Preço Médio,Saídas,Quartos FdS,Adul. / Cri.,novembro,Previsão,05-nov-2026 qui,1,0,0,0,0,1,0,"0,74","86,83","86,83",1,0,2,17,67,6,0,0,17,0,"2,07","1 727,79","20,57",6,0,31,Total nov,17,67,6,0,0,17,0,"2,07","1 727,79","20,57",6,0,31,Total,9169,4278,3084,0,0,7614,1555,"13,64","990 695,49","73,67",3210,0,17782
Data,Ocup,Opção,Cheg,Oferta/Uso Interno,Deduz. Individ.,Deduz. Grupos,% Ocup.,Receita Quartos,Preço Médio,Saídas,Quartos FdS,Adul. / Cri.,novembro,Previsão,06-nov-2026 sex,1,0,1,0,0,1,0,"0,74","127,02","127,02",1,0,1,17,67,6,0,0,17,0,"2,07","1 727,79","20,57",6,0,31,Total nov,17,67,6,0,0,17,0,"2,07","1 727,79","20,57",6,0,31,Total,9169,4278,3084,0,0,7614,1555,"13,64","990 695,49","73,67",3210,0,17782
Data,Ocup,Opção,Cheg,Oferta/Uso Interno,Deduz. Individ.,Deduz. Grupos,% Ocup.,Receita Quartos,Preço Médio,Saídas,Quartos FdS,Adul. / Cri.,novembro,Previsão,07-nov-2026 sáb,1,0,0,0,0,1,0,"0,74","127,02","127,02",0,0,1,17,67,6,0,0,17,0,"2,07","1 727,79","20,57",6,0,31,Total nov,17,67,6,0,0,17,0,"2,07","1 727,79","20,57",6,0,31,Total,9169,4278,3084,0,0,7614,1555,"13,64","990 695,49","73,67",3210,0,17782
Data,Ocup,Opção,Cheg,Oferta/Uso Interno,Deduz. Individ.,Deduz. Grupos,% Ocup.,Receita Quartos,Preço Médio,Saídas,Quartos FdS,Adul. / Cri.,novembro,Previsão,08-nov-2026 dom,1,0,0,0,0,1,0,"0,74","112,58","112,58",0,0,1,17,67,6,0,0,17,0,"2,07","1 727,79","20,57",6,0,31,Total nov,17,67,6,0,0,17,0,"2,07","1 727,79","20,57",6,0,31,Total,9169,4278,3084,0,0,7614,1555,"13,64","990 695,49","73,67",3210,0,17782
Data,Ocup,Opção,Cheg,Oferta/Uso Interno,Deduz. Individ.,Deduz. Grupos,% Ocup.,Receita Quartos,Preço Médio,Saídas,Quartos FdS,Adul. / Cri.,novembro,Previsão,09-nov-2026 seg,0,0,0,0,0,0,0,-,-,NaN,1,0,0,17,67,6,0,0,17,0,"2,07","1 727,79","20,57",6,0,31,Total nov,17,67,6,0,0,17,0,"2,07","1 727,79","20,57",6,0,31,Total,9169,4278,3084,0,0,7614,1555,"13,64","990 695,49","73,67",3210,0,17782
Data,Ocup,Opção,Cheg,Oferta/Uso Interno,Deduz. Individ.,Deduz. Grupos,% Ocup.,Receita Quartos,Preço Médio,Saídas,Quartos FdS,Adul. / Cri.,novembro,Previsão,10-nov-2026 ter,0,0,0,0,0,0,0,-,-,NaN,0,0,0,17,67,6,0,0,17,0,"2,07","1 727,79","20,57",6,0,31,Total nov,17,67,6,0,0,17,0,"2,07","1 727,79","20,57",6,0,31,Total,9169,4278,3084,0,0,7614,1555,"13,64","990 695,49","73,67",3210,0,17782
Data,Ocup,Opção,Cheg,Oferta/Uso Interno,Deduz. Individ.,Deduz. Grupos,% Ocup.,Receita Quartos,Preço Médio,Saídas,Quartos FdS,Adul. / Cri.,novembro,Previsão,11-nov-2026 qua,0,0,0,0,0,0,0,-,-,NaN,0,0,0,17,67,6,0,0,17,0,"2,07","1 727,79","20,57",6,0,31,Total nov,17,67,6,0,0,17,0,"2,07","1 727,79","20,57",6,0,31,Total,9169,4278,3084,0,0,7614,1555,"13,64","990 695,49","73,67",3210,0,17782
Data,Ocup,Opção,Cheg,Oferta/Uso Interno,Deduz. Individ.,Deduz. Grupos,% Ocup.,Receita Quartos,Preço Médio,Saídas,Quartos FdS,Adul. / Cri.,novembro,Previsão,12-nov-2026 qui,1,0,1,0,0,1,0,"0,74","131,88","131,88",0,0,2,17,67,6,0,0,17,0,"2,07","1 727,79","20,57",6,0,31,Total nov,17,67,6,0,0,17,0,"2,07","1 727,79","20,57",6,0,31,Total,9169,4278,3084,0,0,7614,1555,"13,64","990 695,49","73,67",3210,0,17782
Data,Ocup,Opção,Cheg,Oferta/Uso Interno,Deduz. Individ.,Deduz. Grupos,% Ocup.,Receita Quartos,Preço Médio,Saídas,Quartos FdS,Adul. / Cri.,novembro,Previsão,13-nov-2026 sex,0,0,0,0,0,0,0,-,-,NaN,1,0,0,17,67,6,0,0,17,0,"2,07","1 727,79","20,57",6,0,31,Total nov,17,67,6,0,0,17,0,"2,07","1 727,79","20,57",6,0,31,Total,9169,4278,3084,0,0,7614,1555,"13,64","990 695,49","73,67",3210,0,17782
Data,Ocup,Opção,Cheg,Oferta/Uso Interno,Deduz. Individ.,Deduz. Grupos,% Ocup.,Receita Quartos,Preço Médio,Saídas,Quartos FdS,Adul. / Cri.,novembro,Previsão,14-nov-2026 sáb,0,11,0,0,0,0,0,"8,15",-,-,0,0,0,17,67,6,0,0,17,0,"2,07","1 727,79","20,57",6,0,31,Total nov,17,67,6,0,0,17,0,"2,07","1 727,79","20,57",6,0,31,Total,9169,4278,3084,0,0,7614,1555,"13,64","990 695,49","73,67",3210,0,17782
Data,Ocup,Opção,Cheg,Oferta/Uso Interno,Deduz. Individ.,Deduz. Grupos,% Ocup.,Receita Quartos,Preço Médio,Saídas,Quartos FdS,Adul. / Cri.,novembro,Previsão,15-nov-2026 dom,0,13,0,0,0,0,0,"9,63",-,-,0,0,0,17,67,6,0,0,17,0,"2,07","1 727,79","20,57",6,0,31,Total nov,17,67,6,0,0,17,0,"2,07","1 727,79","20,57",6,0,31,Total,9169,4278,3084,0,0,7614,1555,"13,64","990 695,49","73,67",3210,0,17782
Data,Ocup,Opção,Cheg,Oferta/Uso Interno,Deduz. Individ.,Deduz. Grupos,% Ocup.,Receita Quartos,Preço Médio,Saídas,Quartos FdS,Adul. / Cri.,novembro,Previsão,16-nov-2026 seg,0,13,0,0,0,0,0,"9,63",-,-,0,0,0,17,67,6,0,0,17,0,"2,07","1 727,79","20,57",6,0,31,Total nov,17,67,6,0,0,17,0,"2,07","1 727,79","20,57",6,0,31,Total,9169,4278,3084,0,0,7614,1555,"13,64","990 695,49","73,67",3210,0,17782
Data,Ocup,Opção,Cheg,Oferta/Uso Interno,Deduz. Individ.,Deduz. Grupos,% Ocup.,Receita Quartos,Preço Médio,Saídas,Quartos FdS,Adul. / Cri.,novembro,Previsão,17-nov-2026 ter,1,0,1,0,0,1,0,"0,74","132,45","132,45",0,0,2,17,67,6,0,0,17,0,"2,07","1 727,79","20,57",6,0,31,Total nov,17,67,6,0,0,17,0,"2,07","1 727,79","20,57",6,0,31,Total,9169,4278,3084,0,0,7614,1555,"13,64","990 695,49","73,67",3210,0,17782
Data,Ocup,Opção,Cheg,Oferta/Uso Interno,Deduz. Individ.,Deduz. Grupos,% Ocup.,Receita Quartos,Preço Médio,Saídas,Quartos FdS,Adul. / Cri.,novembro,Previsão,18-nov-2026 qua,1,0,0,0,0,1,0,"0,74","132,45","132,45",0,0,2,17,67,6,0,0,17,0,"2,07","1 727,79","20,57",6,0,31,Total nov,17,67,6,0,0,17,0,"2,07","1 727,79","20,57",6,0,31,Total,9169,4278,3084,0,0,7614,1555,"13,64","990 695,49","73,67",3210,0,17782
Data,Ocup,Opção,Cheg,Oferta/Uso Interno,Deduz. Individ.,Deduz. Grupos,% Ocup.,Receita Quartos,Preço Médio,Saídas,Quartos FdS,Adul. / Cri.,novembro,Previsão,19-nov-2026 qui,0,0,0,0,0,0,0,-,-,NaN,1,0,0,17,67,6,0,0,17,0,"2,07","1 727,79","20,57",6,0,31,Total nov,17,67,6,0,0,17,0,"2,07","1 727,79","20,57",6,0,31,Total,9169,4278,3084,0,0,7614,1555,"13,64","990 695,49","73,67",3210,0,17782
Data,Ocup,Opção,Cheg,Oferta/Uso Interno,Deduz. Individ.,Deduz. Grupos,% Ocup.,Receita Quartos,Preço Médio,Saídas,Quartos FdS,Adul. / Cri.,novembro,Previsão,20-nov-2026 sex,0,0,0,0,0,0,0,-,-,NaN,0,0,0,17,67,6,0,0,17,0,"2,07","1 727,79","20,57",6,0,31,Total nov,17,67,6,0,0,17,0,"2,07","1 727,79","20,57",6,0,31,Total,9169,4278,3084,0,0,7614,1555,"13,64","990 695,49","73,67",3210,0,17782
Data,Ocup,Opção,Cheg,Oferta/Uso Interno,Deduz. Individ.,Deduz. Grupos,% Ocup.,Receita Quartos,Preço Médio,Saídas,Quartos FdS,Adul. / Cri.,novembro,Previsão,21-nov-2026 sáb,0,4,0,0,0,0,0,"2,96",-,-,0,0,0,17,67,6,0,0,17,0,"2,07","1 727,79","20,57",6,0,31,Total nov,17,67,6,0,0,17,0,"2,07","1 727,79","20,57",6,0,31,Total,9169,4278,3084,0,0,7614,1555,"13,64","990 695,49","73,67",3210,0,17782
Data,Ocup,Opção,Cheg,Oferta/Uso Interno,Deduz. Individ.,Deduz. Grupos,% Ocup.,Receita Quartos,Preço Médio,Saídas,Quartos FdS,Adul. / Cri.,novembro,Previsão,22-nov-2026 dom,0,13,0,0,0,0,0,"9,63",-,-,0,0,0,17,67,6,0,0,17,0,"2,07","1 727,79","20,57",6,0,31,Total nov,17,67,6,0,0,17,0,"2,07","1 727,79","20,57",6,0,31,Total,9169,4278,3084,0,0,7614,1555,"13,64","990 695,49","73,67",3210,0,17782
Data,Ocup,Opção,Cheg,Oferta/Uso Interno,Deduz. Individ.,Deduz. Grupos,% Ocup.,Receita Quartos,Preço Médio,Saídas,Quartos FdS,Adul. / Cri.,novembro,Previsão,23-nov-2026 seg,1,13,1,0,0,1,0,"10,37","113,97","8,14",0,0,2,17,67,6,0,0,17,0,"2,07","1 727,79","20,57",6,0,31,Total nov,17,67,6,0,0,17,0,"2,07","1 727,79","20,57",6,0,31,Total,9169,4278,3084,0,0,7614,1555,"13,64","990 695,49","73,67",3210,0,17782
Data,Ocup,Opção,Cheg,Oferta/Uso Interno,Deduz. Individ.,Deduz. Grupos,% Ocup.,Receita Quartos,Preço Médio,Saídas,Quartos FdS,Adul. / Cri.,novembro,Previsão,24-nov-2026 ter,1,0,0,0,0,1,0,"0,74","92,14","92,14",0,0,2,17,67,6,0,0,17,0,"2,07","1 727,79","20,57",6,0,31,Total nov,17,67,6,0,0,17,0,"2,07","1 727,79","20,57",6,0,31,Total,9169,4278,3084,0,0,7614,1555,"13,64","990 695,49","73,67",3210,0,17782
Data,Ocup,Opção,Cheg,Oferta/Uso Interno,Deduz. Individ.,Deduz. Grupos,% Ocup.,Receita Quartos,Preço Médio,Saídas,Quartos FdS,Adul. / Cri.,novembro,Previsão,25-nov-2026 qua,1,0,0,0,0,1,0,"0,74","92,14","92,14",0,0,2,17,67,6,0,0,17,0,"2,07","1 727,79","20,57",6,0,31,Total nov,17,67,6,0,0,17,0,"2,07","1 727,79","20,57",6,0,31,Total,9169,4278,3084,0,0,7614,1555,"13,64","990 695,49","73,67",3210,0,17782
Data,Ocup,Opção,Cheg,Oferta/Uso Interno,Deduz. Individ.,Deduz. Grupos,% Ocup.,Receita Quartos,Preço Médio,Saídas,Quartos FdS,Adul. / Cri.,novembro,Previsão,26-nov-2026 qui,0,0,0,0,0,0,0,-,-,NaN,1,0,0,17,67,6,0,0,17,0,"2,07","1 727,79","20,57",6,0,31,Total nov,17,67,6,0,0,17,0,"2,07","1 727,79","20,57",6,0,31,Total,9169,4278,3084,0,0,7614,1555,"13,64","990 695,49","73,67",3210,0,17782
Data,Ocup,Opção,Cheg,Oferta/Uso Interno,Deduz. Individ.,Deduz. Grupos,% Ocup.,Receita Quartos,Preço Médio,Saídas,Quartos FdS,Adul. / Cri.,novembro,Previsão,27-nov-2026 sex,0,0,0,0,0,0,0,-,-,NaN,0,0,0,17,67,6,0,0,17,0,"2,07","1 727,79","20,57",6,0,31,Total nov,17,67,6,0,0,17,0,"2,07","1 727,79","20,57",6,0,31,Total,9169,4278,3084,0,0,7614,1555,"13,64","990 695,49","73,67",3210,0,17782
Data,Ocup,Opção,Cheg,Oferta/Uso Interno,Deduz. Individ.,Deduz. Grupos,% Ocup.,Receita Quartos,Preço Médio,Saídas,Quartos FdS,Adul. / Cri.,novembro,Previsão,28-nov-2026 sáb,0,0,0,0,0,0,0,-,-,NaN,0,0,0,17,67,6,0,0,17,0,"2,07","1 727,79","20,57",6,0,31,Total nov,17,67,6,0,0,17,0,"2,07","1 727,79","20,57",6,0,31,Total,9169,4278,3084,0,0,7614,1555,"13,64","990 695,49","73,67",3210,0,17782
Data,Ocup,Opção,Cheg,Oferta/Uso Interno,Deduz. Individ.,Deduz. Grupos,% Ocup.,Receita Quartos,Preço Médio,Saídas,Quartos FdS,Adul. / Cri.,novembro,Previsão,29-nov-2026 dom,0,0,0,0,0,0,0,-,-,NaN,0,0,0,17,67,6,0,0,17,0,"2,07","1 727,79","20,57",6,0,31,Total nov,17,67,6,0,0,17,0,"2,07","1 727,79","20,57",6,0,31,Total,9169,4278,3084,0,0,7614,1555,"13,64","990 695,49","73,67",3210,0,17782
Data,Ocup,Opção,Cheg,Oferta/Uso Interno,Deduz. Individ.,Deduz. Grupos,% Ocup.,Receita Quartos,Preço Médio,Saídas,Quartos FdS,Adul. / Cri.,novembro,Previsão,30-nov-2026 seg,0,0,0,0,0,0,0,-,-,NaN,0,0,0,17,67,6,0,0,17,0,"2,07","1 727,79","20,57",6,0,31,Total nov,17,67,6,0,0,17,0,"2,07","1 727,79","20,57",6,0,31,Total,9169,4278,3084,0,0,7614,1555,"13,64","990 695,49","73,67",3210,0,17782
Data,Ocup,Opção,Cheg,Oferta/Uso Interno,Deduz. Individ.,Deduz. Grupos,% Ocup.,Receita Quartos,Preço Médio,Saídas,Quartos FdS,Adul. / Cri.,dezembro,Previsão,01-dez-2026 ter,0,0,0,0,0,0,0,-,-,NaN,0,0,0,14,2,4,0,0,14,0,"0,38","1 751,26","109,45",3,0,24,Total dez,14,2,4,0,0,14,0,"0,38","1 751,26","109,45",3,0,24,Total,9169,4278,3084,0,0,7614,1555,"13,64","990 695,49","73,67",3210,0,17782
Data,Ocup,Opção,Cheg,Oferta/Uso Interno,Deduz. Individ.,Deduz. Grupos,% Ocup.,Receita Quartos,Preço Médio,Saídas,Quartos FdS,Adul. / Cri.,dezembro,Previsão,02-dez-2026 qua,0,0,0,0,0,0,0,-,-,NaN,0,0,0,14,2,4,0,0,14,0,"0,38","1 751,26","109,45",3,0,24,Total dez,14,2,4,0,0,14,0,"0,38","1 751,26","109,45",3,0,24,Total,9169,4278,3084,0,0,7614,1555,"13,64","990 695,49","73,67",3210,0,17782
Data,Ocup,Opção,Cheg,Oferta/Uso Interno,Deduz. Individ.,Deduz. Grupos,% Ocup.,Receita Quartos,Preço Médio,Saídas,Quartos FdS,Adul. / Cri.,dezembro,Previsão,03-dez-2026 qui,0,0,0,0,0,0,0,-,-,NaN,0,0,0,14,2,4,0,0,14,0,"0,38","1 751,26","109,45",3,0,24,Total dez,14,2,4,0,0,14,0,"0,38","1 751,26","109,45",3,0,24,Total,9169,4278,3084,0,0,7614,1555,"13,64","990 695,49","73,67",3210,0,17782
Data,Ocup,Opção,Cheg,Oferta/Uso Interno,Deduz. Individ.,Deduz. Grupos,% Ocup.,Receita Quartos,Preço Médio,Saídas,Quartos FdS,Adul. / Cri.,dezembro,Previsão,04-dez-2026 sex,0,0,0,0,0,0,0,-,-,NaN,0,0,0,14,2,4,0,0,14,0,"0,38","1 751,26","109,45",3,0,24,Total dez,14,2,4,0,0,14,0,"0,38","1 751,26","109,45",3,0,24,Total,9169,4278,3084,0,0,7614,1555,"13,64","990 695,49","73,67",3210,0,17782
Data,Ocup,Opção,Cheg,Oferta/Uso Interno,Deduz. Individ.,Deduz. Grupos,% Ocup.,Receita Quartos,Preço Médio,Saídas,Quartos FdS,Adul. / Cri.,dezembro,Previsão,05-dez-2026 sáb,0,0,0,0,0,0,0,-,-,NaN,0,0,0,14,2,4,0,0,14,0,"0,38","1 751,26","109,45",3,0,24,Total dez,14,2,4,0,0,14,0,"0,38","1 751,26","109,45",3,0,24,Total,9169,4278,3084,0,0,7614,1555,"13,64","990 695,49","73,67",3210,0,17782
Data,Ocup,Opção,Cheg,Oferta/Uso Interno,Deduz. Individ.,Deduz. Grupos,% Ocup.,Receita Quartos,Preço Médio,Saídas,Quartos FdS,Adul. / Cri.,dezembro,Previsão,06-dez-2026 dom,0,0,0,0,0,0,0,-,-,NaN,0,0,0,14,2,4,0,0,14,0,"0,38","1 751,26","109,45",3,0,24,Total dez,14,2,4,0,0,14,0,"0,38","1 751,26","109,45",3,0,24,Total,9169,4278,3084,0,0,7614,1555,"13,64","990 695,49","73,67",3210,0,17782
Data,Ocup,Opção,Cheg,Oferta/Uso Interno,Deduz. Individ.,Deduz. Grupos,% Ocup.,Receita Quartos,Preço Médio,Saídas,Quartos FdS,Adul. / Cri.,dezembro,Previsão,07-dez-2026 seg,0,0,0,0,0,0,0,-,-,NaN,0,0,0,14,2,4,0,0,14,0,"0,38","1 751,26","109,45",3,0,24,Total dez,14,2,4,0,0,14,0,"0,38","1 751,26","109,45",3,0,24,Total,9169,4278,3084,0,0,7614,1555,"13,64","990 695,49","73,67",3210,0,17782
Data,Ocup,Opção,Cheg,Oferta/Uso Interno,Deduz. Individ.,Deduz. Grupos,% Ocup.,Receita Quartos,Preço Médio,Saídas,Quartos FdS,Adul. / Cri.,dezembro,Previsão,08-dez-2026 ter,0,0,0,0,0,0,0,-,-,NaN,0,0,0,14,2,4,0,0,14,0,"0,38","1 751,26","109,45",3,0,24,Total dez,14,2,4,0,0,14,0,"0,38","1 751,26","109,45",3,0,24,Total,9169,4278,3084,0,0,7614,1555,"13,64","990 695,49","73,67",3210,0,17782
Data,Ocup,Opção,Cheg,Oferta/Uso Interno,Deduz. Individ.,Deduz. Grupos,% Ocup.,Receita Quartos,Preço Médio,Saídas,Quartos FdS,Adul. / Cri.,dezembro,Previsão,09-dez-2026 qua,0,0,0,0,0,0,0,-,-,NaN,0,0,0,14,2,4,0,0,14,0,"0,38","1 751,26","109,45",3,0,24,Total dez,14,2,4,0,0,14,0,"0,38","1 751,26","109,45",3,0,24,Total,9169,4278,3084,0,0,7614,1555,"13,64","990 695,49","73,67",3210,0,17782
Data,Ocup,Opção,Cheg,Oferta/Uso Interno,Deduz. Individ.,Deduz. Grupos,% Ocup.,Receita Quartos,Preço Médio,Saídas,Quartos FdS,Adul. / Cri.,dezembro,Previsão,10-dez-2026 qui,0,0,0,0,0,0,0,-,-,NaN,0,0,0,14,2,4,0,0,14,0,"0,38","1 751,26","109,45",3,0,24,Total dez,14,2,4,0,0,14,0,"0,38","1 751,26","109,45",3,0,24,Total,9169,4278,3084,0,0,7614,1555,"13,64","990 695,49","73,67",3210,0,17782
Data,Ocup,Opção,Cheg,Oferta/Uso Interno,Deduz. Individ.,Deduz. Grupos,% Ocup.,Receita Quartos,Preço Médio,Saídas,Quartos FdS,Adul. / Cri.,dezembro,Previsão,11-dez-2026 sex,1,0,1,0,0,1,0,"0,74","156,96","156,96",0,0,2,14,2,4,0,0,14,0,"0,38","1 751,26","109,45",3,0,24,Total dez,14,2,4,0,0,14,0,"0,38","1 751,26","109,45",3,0,24,Total,9169,4278,3084,0,0,7614,1555,"13,64","990 695,49","73,67",3210,0,17782
Data,Ocup,Opção,Cheg,Oferta/Uso Interno,Deduz. Individ.,Deduz. Grupos,% Ocup.,Receita Quartos,Preço Médio,Saídas,Quartos FdS,Adul. / Cri.,dezembro,Previsão,12-dez-2026 sáb,1,0,0,0,0,1,0,"0,74","156,96","156,96",0,0,2,14,2,4,0,0,14,0,"0,38","1 751,26","109,45",3,0,24,Total dez,14,2,4,0,0,14,0,"0,38","1 751,26","109,45",3,0,24,Total,9169,4278,3084,0,0,7614,1555,"13,64","990 695,49","73,67",3210,0,17782
Data,Ocup,Opção,Cheg,Oferta/Uso Interno,Deduz. Individ.,Deduz. Grupos,% Ocup.,Receita Quartos,Preço Médio,Saídas,Quartos FdS,Adul. / Cri.,dezembro,Previsão,13-dez-2026 dom,0,0,0,0,0,0,0,-,-,NaN,1,0,0,14,2,4,0,0,14,0,"0,38","1 751,26","109,45",3,0,24,Total dez,14,2,4,0,0,14,0,"0,38","1 751,26","109,45",3,0,24,Total,9169,4278,3084,0,0,7614,1555,"13,64","990 695,49","73,67",3210,0,17782
Data,Ocup,Opção,Cheg,Oferta/Uso Interno,Deduz. Individ.,Deduz. Grupos,% Ocup.,Receita Quartos,Preço Médio,Saídas,Quartos FdS,Adul. / Cri.,dezembro,Previsão,14-dez-2026 seg,0,0,0,0,0,0,0,-,-,NaN,0,0,0,14,2,4,0,0,14,0,"0,38","1 751,26","109,45",3,0,24,Total dez,14,2,4,0,0,14,0,"0,38","1 751,26","109,45",3,0,24,Total,9169,4278,3084,0,0,7614,1555,"13,64","990 695,49","73,67",3210,0,17782
Data,Ocup,Opção,Cheg,Oferta/Uso Interno,Deduz. Individ.,Deduz. Grupos,% Ocup.,Receita Quartos,Preço Médio,Saídas,Quartos FdS,Adul. / Cri.,dezembro,Previsão,15-dez-2026 ter,0,0,0,0,0,0,0,-,-,NaN,0,0,0,14,2,4,0,0,14,0,"0,38","1 751,26","109,45",3,0,24,Total dez,14,2,4,0,0,14,0,"0,38","1 751,26","109,45",3,0,24,Total,9169,4278,3084,0,0,7614,1555,"13,64","990 695,49","73,67",3210,0,17782
Data,Ocup,Opção,Cheg,Oferta/Uso Interno,Deduz. Individ.,Deduz. Grupos,% Ocup.,Receita Quartos,Preço Médio,Saídas,Quartos FdS,Adul. / Cri.,dezembro,Previsão,16-dez-2026 qua,0,0,0,0,0,0,0,-,-,NaN,0,0,0,14,2,4,0,0,14,0,"0,38","1 751,26","109,45",3,0,24,Total dez,14,2,4,0,0,14,0,"0,38","1 751,26","109,45",3,0,24,Total,9169,4278,3084,0,0,7614,1555,"13,64","990 695,49","73,67",3210,0,17782
Data,Ocup,Opção,Cheg,Oferta/Uso Interno,Deduz. Individ.,Deduz. Grupos,% Ocup.,Receita Quartos,Preço Médio,Saídas,Quartos FdS,Adul. / Cri.,dezembro,Previsão,17-dez-2026 qui,0,0,0,0,0,0,0,-,-,NaN,0,0,0,14,2,4,0,0,14,0,"0,38","1 751,26","109,45",3,0,24,Total dez,14,2,4,0,0,14,0,"0,38","1 751,26","109,45",3,0,24,Total,9169,4278,3084,0,0,7614,1555,"13,64","990 695,49","73,67",3210,0,17782
Data,Ocup,Opção,Cheg,Oferta/Uso Interno,Deduz. Individ.,Deduz. Grupos,% Ocup.,Receita Quartos,Preço Médio,Saídas,Quartos FdS,Adul. / Cri.,dezembro,Previsão,18-dez-2026 sex,0,0,0,0,0,0,0,-,-,NaN,0,0,0,14,2,4,0,0,14,0,"0,38","1 751,26","109,45",3,0,24,Total dez,14,2,4,0,0,14,0,"0,38","1 751,26","109,45",3,0,24,Total,9169,4278,3084,0,0,7614,1555,"13,64","990 695,49","73,67",3210,0,17782
Data,Ocup,Opção,Cheg,Oferta/Uso Interno,Deduz. Individ.,Deduz. Grupos,% Ocup.,Receita Quartos,Preço Médio,Saídas,Quartos FdS,Adul. / Cri.,dezembro,Previsão,19-dez-2026 sáb,2,1,2,0,0,2,0,"2,22","252,81","84,27",0,0,3,14,2,4,0,0,14,0,"0,38","1 751,26","109,45",3,0,24,Total dez,14,2,4,0,0,14,0,"0,38","1 751,26","109,45",3,0,24,Total,9169,4278,3084,0,0,7614,1555,"13,64","990 695,49","73,67",3210,0,17782
Data,Ocup,Opção,Cheg,Oferta/Uso Interno,Deduz. Individ.,Deduz. Grupos,% Ocup.,Receita Quartos,Preço Médio,Saídas,Quartos FdS,Adul. / Cri.,dezembro,Previsão,20-dez-2026 dom,2,1,0,0,0,2,0,"2,22","252,81","84,27",0,0,3,14,2,4,0,0,14,0,"0,38","1 751,26","109,45",3,0,24,Total dez,14,2,4,0,0,14,0,"0,38","1 751,26","109,45",3,0,24,Total,9169,4278,3084,0,0,7614,1555,"13,64","990 695,49","73,67",3210,0,17782
Data,Ocup,Opção,Cheg,Oferta/Uso Interno,Deduz. Individ.,Deduz. Grupos,% Ocup.,Receita Quartos,Preço Médio,Saídas,Quartos FdS,Adul. / Cri.,dezembro,Previsão,21-dez-2026 seg,2,0,0,0,0,2,0,"1,48","252,81","126,41",0,0,3,14,2,4,0,0,14,0,"0,38","1 751,26","109,45",3,0,24,Total dez,14,2,4,0,0,14,0,"0,38","1 751,26","109,45",3,0,24,Total,9169,4278,3084,0,0,7614,1555,"13,64","990 695,49","73,67",3210,0,17782
Data,Ocup,Opção,Cheg,Oferta/Uso Interno,Deduz. Individ.,Deduz. Grupos,% Ocup.,Receita Quartos,Preço Médio,Saídas,Quartos FdS,Adul. / Cri.,dezembro,Previsão,22-dez-2026 ter,2,0,0,0,0,2,0,"1,48","252,81","126,41",0,0,3,14,2,4,0,0,14,0,"0,38","1 751,26","109,45",3,0,24,Total dez,14,2,4,0,0,14,0,"0,38","1 751,26","109,45",3,0,24,Total,9169,4278,3084,0,0,7614,1555,"13,64","990 695,49","73,67",3210,0,17782
Data,Ocup,Opção,Cheg,Oferta/Uso Interno,Deduz. Individ.,Deduz. Grupos,% Ocup.,Receita Quartos,Preço Médio,Saídas,Quartos FdS,Adul. / Cri.,dezembro,Previsão,23-dez-2026 qua,0,0,0,0,0,0,0,-,-,NaN,2,0,0,14,2,4,0,0,14,0,"0,38","1 751,26","109,45",3,0,24,Total dez,14,2,4,0,0,14,0,"0,38","1 751,26","109,45",3,0,24,Total,9169,4278,3084,0,0,7614,1555,"13,64","990 695,49","73,67",3210,0,17782
Data,Ocup,Opção,Cheg,Oferta/Uso Interno,Deduz. Individ.,Deduz. Grupos,% Ocup.,Receita Quartos,Preço Médio,Saídas,Quartos FdS,Adul. / Cri.,dezembro,Previsão,24-dez-2026 qui,0,0,0,0,0,0,0,-,-,NaN,0,0,0,14,2,4,0,0,14,0,"0,38","1 751,26","109,45",3,0,24,Total dez,14,2,4,0,0,14,0,"0,38","1 751,26","109,45",3,0,24,Total,9169,4278,3084,0,0,7614,1555,"13,64","990 695,49","73,67",3210,0,17782
Data,Ocup,Opção,Cheg,Oferta/Uso Interno,Deduz. Individ.,Deduz. Grupos,% Ocup.,Receita Quartos,Preço Médio,Saídas,Quartos FdS,Adul. / Cri.,dezembro,Previsão,25-dez-2026 sex,0,0,0,0,0,0,0,-,-,NaN,0,0,0,14,2,4,0,0,14,0,"0,38","1 751,26","109,45",3,0,24,Total dez,14,2,4,0,0,14,0,"0,38","1 751,26","109,45",3,0,24,Total,9169,4278,3084,0,0,7614,1555,"13,64","990 695,49","73,67",3210,0,17782
Data,Ocup,Opção,Cheg,Oferta/Uso Interno,Deduz. Individ.,Deduz. Grupos,% Ocup.,Receita Quartos,Preço Médio,Saídas,Quartos FdS,Adul. / Cri.,dezembro,Previsão,26-dez-2026 sáb,0,0,0,0,0,0,0,-,-,NaN,0,0,0,14,2,4,0,0,14,0,"0,38","1 751,26","109,45",3,0,24,Total dez,14,2,4,0,0,14,0,"0,38","1 751,26","109,45",3,0,24,Total,9169,4278,3084,0,0,7614,1555,"13,64","990 695,49","73,67",3210,0,17782
Data,Ocup,Opção,Cheg,Oferta/Uso Interno,Deduz. Individ.,Deduz. Grupos,% Ocup.,Receita Quartos,Preço Médio,Saídas,Quartos FdS,Adul. / Cri.,dezembro,Previsão,27-dez-2026 dom,0,0,0,0,0,0,0,-,-,NaN,0,0,0,14,2,4,0,0,14,0,"0,38","1 751,26","109,45",3,0,24,Total dez,14,2,4,0,0,14,0,"0,38","1 751,26","109,45",3,0,24,Total,9169,4278,3084,0,0,7614,1555,"13,64","990 695,49","73,67",3210,0,17782
Data,Ocup,Opção,Cheg,Oferta/Uso Interno,Deduz. Individ.,Deduz. Grupos,% Ocup.,Receita Quartos,Preço Médio,Saídas,Quartos FdS,Adul. / Cri.,dezembro,Previsão,28-dez-2026 seg,1,0,1,0,0,1,0,"0,74","92,38","92,38",0,0,2,14,2,4,0,0,14,0,"0,38","1 751,26","109,45",3,0,24,Total dez,14,2,4,0,0,14,0,"0,38","1 751,26","109,45",3,0,24,Total,9169,4278,3084,0,0,7614,1555,"13,64","990 695,49","73,67",3210,0,17782
Data,Ocup,Opção,Cheg,Oferta/Uso Interno,Deduz. Individ.,Deduz. Grupos,% Ocup.,Receita Quartos,Preço Médio,Saídas,Quartos FdS,Adul. / Cri.,dezembro,Previsão,29-dez-2026 ter,1,0,0,0,0,1,0,"0,74","92,38","92,38",0,0,2,14,2,4,0,0,14,0,"0,38","1 751,26","109,45",3,0,24,Total dez,14,2,4,0,0,14,0,"0,38","1 751,26","109,45",3,0,24,Total,9169,4278,3084,0,0,7614,1555,"13,64","990 695,49","73,67",3210,0,17782
Data,Ocup,Opção,Cheg,Oferta/Uso Interno,Deduz. Individ.,Deduz. Grupos,% Ocup.,Receita Quartos,Preço Médio,Saídas,Quartos FdS,Adul. / Cri.,dezembro,Previsão,30-dez-2026 qua,1,0,0,0,0,1,0,"0,74","92,38","92,38",0,0,2,14,2,4,0,0,14,0,"0,38","1 751,26","109,45",3,0,24,Total dez,14,2,4,0,0,14,0,"0,38","1 751,26","109,45",3,0,24,Total,9169,4278,3084,0,0,7614,1555,"13,64","990 695,49","73,67",3210,0,17782
Data,Ocup,Opção,Cheg,Oferta/Uso Interno,Deduz. Individ.,Deduz. Grupos,% Ocup.,Receita Quartos,Preço Médio,Saídas,Quartos FdS,Adul. / Cri.,dezembro,Previsão,31-dez-2026 qui,1,0,0,0,0,1,0,"0,74","148,96","148,96",0,0,2,14,2,4,0,0,14,0,"0,38","1 751,26","109,45",3,0,24,Total dez,14,2,4,0,0,14,0,"0,38","1 751,26","109,45",3,0,24,Total,9169,4278,3084,0,0,7614,1555,"13,64","990 695,49","73,67",3210,0,17782
Data,Ocup,Opção,Cheg,Oferta/Uso Interno,Deduz. Individ.,Deduz. Grupos,% Ocup.,Receita Quartos,Preço Médio,Saídas,Quartos FdS,Adul. / Cri.,janeiro,Previsão,01-jan-2027 sex,0,0,0,0,0,0,0,-,-,NaN,1,0,0,0,560,0,0,0,0,0,"13,38",-,-,1,0,0,Total jan,0,560,0,0,0,0,0,"13,38",-,-,1,0,0,Total,9169,4278,3084,0,0,7614,1555,"13,64","990 695,49","73,67",3210,0,17782
Data,Ocup,Opção,Cheg,Oferta/Uso Interno,Deduz. Individ.,Deduz. Grupos,% Ocup.,Receita Quartos,Preço Médio,Saídas,Quartos FdS,Adul. / Cri.,janeiro,Previsão,02-jan-2027 sáb,0,0,0,0,0,0,0,-,-,NaN,0,0,0,0,560,0,0,0,0,0,"13,38",-,-,1,0,0,Total jan,0,560,0,0,0,0,0,"13,38",-,-,1,0,0,Total,9169,4278,3084,0,0,7614,1555,"13,64","990 695,49","73,67",3210,0,17782
Data,Ocup,Opção,Cheg,Oferta/Uso Interno,Deduz. Individ.,Deduz. Grupos,% Ocup.,Receita Quartos,Preço Médio,Saídas,Quartos FdS,Adul. / Cri.,janeiro,Previsão,03-jan-2027 dom,0,0,0,0,0,0,0,-,-,NaN,0,0,0,0,560,0,0,0,0,0,"13,38",-,-,1,0,0,Total jan,0,560,0,0,0,0,0,"13,38",-,-,1,0,0,Total,9169,4278,3084,0,0,7614,1555,"13,64","990 695,49","73,67",3210,0,17782
Data,Ocup,Opção,Cheg,Oferta/Uso Interno,Deduz. Individ.,Deduz. Grupos,% Ocup.,Receita Quartos,Preço Médio,Saídas,Quartos FdS,Adul. / Cri.,janeiro,Previsão,04-jan-2027 seg,0,0,0,0,0,0,0,-,-,NaN,0,0,0,0,560,0,0,0,0,0,"13,38",-,-,1,0,0,Total jan,0,560,0,0,0,0,0,"13,38",-,-,1,0,0,Total,9169,4278,3084,0,0,7614,1555,"13,64","990 695,49","73,67",3210,0,17782
Data,Ocup,Opção,Cheg,Oferta/Uso Interno,Deduz. Individ.,Deduz. Grupos,% Ocup.,Receita Quartos,Preço Médio,Saídas,Quartos FdS,Adul. / Cri.,janeiro,Previsão,05-jan-2027 ter,0,0,0,0,0,0,0,-,-,NaN,0,0,0,0,560,0,0,0,0,0,"13,38",-,-,1,0,0,Total jan,0,560,0,0,0,0,0,"13,38",-,-,1,0,0,Total,9169,4278,3084,0,0,7614,1555,"13,64","990 695,49","73,67",3210,0,17782
Data,Ocup,Opção,Cheg,Oferta/Uso Interno,Deduz. Individ.,Deduz. Grupos,% Ocup.,Receita Quartos,Preço Médio,Saídas,Quartos FdS,Adul. / Cri.,janeiro,Previsão,06-jan-2027 qua,0,0,0,0,0,0,0,-,-,NaN,0,0,0,0,560,0,0,0,0,0,"13,38",-,-,1,0,0,Total jan,0,560,0,0,0,0,0,"13,38",-,-,1,0,0,Total,9169,4278,3084,0,0,7614,1555,"13,64","990 695,49","73,67",3210,0,17782
Data,Ocup,Opção,Cheg,Oferta/Uso Interno,Deduz. Individ.,Deduz. Grupos,% Ocup.,Receita Quartos,Preço Médio,Saídas,Quartos FdS,Adul. / Cri.,janeiro,Previsão,07-jan-2027 qui,0,0,0,0,0,0,0,-,-,NaN,0,0,0,0,560,0,0,0,0,0,"13,38",-,-,1,0,0,Total jan,0,560,0,0,0,0,0,"13,38",-,-,1,0,0,Total,9169,4278,3084,0,0,7614,1555,"13,64","990 695,49","73,67",3210,0,17782
Data,Ocup,Opção,Cheg,Oferta/Uso Interno,Deduz. Individ.,Deduz. Grupos,% Ocup.,Receita Quartos,Preço Médio,Saídas,Quartos FdS,Adul. / Cri.,janeiro,Previsão,08-jan-2027 sex,0,0,0,0,0,0,0,-,-,NaN,0,0,0,0,560,0,0,0,0,0,"13,38",-,-,1,0,0,Total jan,0,560,0,0,0,0,0,"13,38",-,-,1,0,0,Total,9169,4278,3084,0,0,7614,1555,"13,64","990 695,49","73,67",3210,0,17782
Data,Ocup,Opção,Cheg,Oferta/Uso Interno,Deduz. Individ.,Deduz. Grupos,% Ocup.,Receita Quartos,Preço Médio,Saídas,Quartos FdS,Adul. / Cri.,janeiro,Previsão,09-jan-2027 sáb,0,0,0,0,0,0,0,-,-,NaN,0,0,0,0,560,0,0,0,0,0,"13,38",-,-,1,0,0,Total jan,0,560,0,0,0,0,0,"13,38",-,-,1,0,0,Total,9169,4278,3084,0,0,7614,1555,"13,64","990 695,49","73,67",3210,0,17782
Data,Ocup,Opção,Cheg,Oferta/Uso Interno,Deduz. Individ.,Deduz. Grupos,% Ocup.,Receita Quartos,Preço Médio,Saídas,Quartos FdS,Adul. / Cri.,janeiro,Previsão,10-jan-2027 dom,0,0,0,0,0,0,0,-,-,NaN,0,0,0,0,560,0,0,0,0,0,"13,38",-,-,1,0,0,Total jan,0,560,0,0,0,0,0,"13,38",-,-,1,0,0,Total,9169,4278,3084,0,0,7614,1555,"13,64","990 695,49","73,67",3210,0,17782
Data,Ocup,Opção,Cheg,Oferta/Uso Interno,Deduz. Individ.,Deduz. Grupos,% Ocup.,Receita Quartos,Preço Médio,Saídas,Quartos FdS,Adul. / Cri.,janeiro,Previsão,11-jan-2027 seg,0,0,0,0,0,0,0,-,-,NaN,0,0,0,0,560,0,0,0,0,0,"13,38",-,-,1,0,0,Total jan,0,560,0,0,0,0,0,"13,38",-,-,1,0,0,Total,9169,4278,3084,0,0,7614,1555,"13,64","990 695,49","73,67",3210,0,17782
Data,Ocup,Opção,Cheg,Oferta/Uso Interno,Deduz. Individ.,Deduz. Grupos,% Ocup.,Receita Quartos,Preço Médio,Saídas,Quartos FdS,Adul. / Cri.,janeiro,Previsão,12-jan-2027 ter,0,0,0,0,0,0,0,-,-,NaN,0,0,0,0,560,0,0,0,0,0,"13,38",-,-,1,0,0,Total jan,0,560,0,0,0,0,0,"13,38",-,-,1,0,0,Total,9169,4278,3084,0,0,7614,1555,"13,64","990 695,49","73,67",3210,0,17782
Data,Ocup,Opção,Cheg,Oferta/Uso Interno,Deduz. Individ.,Deduz. Grupos,% Ocup.,Receita Quartos,Preço Médio,Saídas,Quartos FdS,Adul. / Cri.,janeiro,Previsão,13-jan-2027 qua,0,0,0,0,0,0,0,-,-,NaN,0,0,0,0,560,0,0,0,0,0,"13,38",-,-,1,0,0,Total jan,0,560,0,0,0,0,0,"13,38",-,-,1,0,0,Total,9169,4278,3084,0,0,7614,1555,"13,64","990 695,49","73,67",3210,0,17782
Data,Ocup,Opção,Cheg,Oferta/Uso Interno,Deduz. Individ.,Deduz. Grupos,% Ocup.,Receita Quartos,Preço Médio,Saídas,Quartos FdS,Adul. / Cri.,janeiro,Previsão,14-jan-2027 qui,0,0,0,0,0,0,0,-,-,NaN,0,0,0,0,560,0,0,0,0,0,"13,38",-,-,1,0,0,Total jan,0,560,0,0,0,0,0,"13,38",-,-,1,0,0,Total,9169,4278,3084,0,0,7614,1555,"13,64","990 695,49","73,67",3210,0,17782
Data,Ocup,Opção,Cheg,Oferta/Uso Interno,Deduz. Individ.,Deduz. Grupos,% Ocup.,Receita Quartos,Preço Médio,Saídas,Quartos FdS,Adul. / Cri.,janeiro,Previsão,15-jan-2027 sex,0,0,0,0,0,0,0,-,-,NaN,0,0,0,0,560,0,0,0,0,0,"13,38",-,-,1,0,0,Total jan,0,560,0,0,0,0,0,"13,38",-,-,1,0,0,Total,9169,4278,3084,0,0,7614,1555,"13,64","990 695,49","73,67",3210,0,17782
Data,Ocup,Opção,Cheg,Oferta/Uso Interno,Deduz. Individ.,Deduz. Grupos,% Ocup.,Receita Quartos,Preço Médio,Saídas,Quartos FdS,Adul. / Cri.,janeiro,Previsão,16-jan-2027 sáb,0,0,0,0,0,0,0,-,-,NaN,0,0,0,0,560,0,0,0,0,0,"13,38",-,-,1,0,0,Total jan,0,560,0,0,0,0,0,"13,38",-,-,1,0,0,Total,9169,4278,3084,0,0,7614,1555,"13,64","990 695,49","73,67",3210,0,17782
Data,Ocup,Opção,Cheg,Oferta/Uso Interno,Deduz. Individ.,Deduz. Grupos,% Ocup.,Receita Quartos,Preço Médio,Saídas,Quartos FdS,Adul. / Cri.,janeiro,Previsão,17-jan-2027 dom,0,0,0,0,0,0,0,-,-,NaN,0,0,0,0,560,0,0,0,0,0,"13,38",-,-,1,0,0,Total jan,0,560,0,0,0,0,0,"13,38",-,-,1,0,0,Total,9169,4278,3084,0,0,7614,1555,"13,64","990 695,49","73,67",3210,0,17782
Data,Ocup,Opção,Cheg,Oferta/Uso Interno,Deduz. Individ.,Deduz. Grupos,% Ocup.,Receita Quartos,Preço Médio,Saídas,Quartos FdS,Adul. / Cri.,janeiro,Previsão,18-jan-2027 seg,0,0,0,0,0,0,0,-,-,NaN,0,0,0,0,560,0,0,0,0,0,"13,38",-,-,1,0,0,Total jan,0,560,0,0,0,0,0,"13,38",-,-,1,0,0,Total,9169,4278,3084,0,0,7614,1555,"13,64","990 695,49","73,67",3210,0,17782
Data,Ocup,Opção,Cheg,Oferta/Uso Interno,Deduz. Individ.,Deduz. Grupos,% Ocup.,Receita Quartos,Preço Médio,Saídas,Quartos FdS,Adul. / Cri.,janeiro,Previsão,19-jan-2027 ter,0,0,0,0,0,0,0,-,-,NaN,0,0,0,0,560,0,0,0,0,0,"13,38",-,-,1,0,0,Total jan,0,560,0,0,0,0,0,"13,38",-,-,1,0,0,Total,9169,4278,3084,0,0,7614,1555,"13,64","990 695,49","73,67",3210,0,17782
Data,Ocup,Opção,Cheg,Oferta/Uso Interno,Deduz. Individ.,Deduz. Grupos,% Ocup.,Receita Quartos,Preço Médio,Saídas,Quartos FdS,Adul. / Cri.,janeiro,Previsão,20-jan-2027 qua,0,0,0,0,0,0,0,-,-,NaN,0,0,0,0,560,0,0,0,0,0,"13,38",-,-,1,0,0,Total jan,0,560,0,0,0,0,0,"13,38",-,-,1,0,0,Total,9169,4278,3084,0,0,7614,1555,"13,64","990 695,49","73,67",3210,0,17782
Data,Ocup,Opção,Cheg,Oferta/Uso Interno,Deduz. Individ.,Deduz. Grupos,% Ocup.,Receita Quartos,Preço Médio,Saídas,Quartos FdS,Adul. / Cri.,janeiro,Previsão,21-jan-2027 qui,0,0,0,0,0,0,0,-,-,NaN,0,0,0,0,560,0,0,0,0,0,"13,38",-,-,1,0,0,Total jan,0,560,0,0,0,0,0,"13,38",-,-,1,0,0,Total,9169,4278,3084,0,0,7614,1555,"13,64","990 695,49","73,67",3210,0,17782
Data,Ocup,Opção,Cheg,Oferta/Uso Interno,Deduz. Individ.,Deduz. Grupos,% Ocup.,Receita Quartos,Preço Médio,Saídas,Quartos FdS,Adul. / Cri.,janeiro,Previsão,22-jan-2027 sex,0,0,0,0,0,0,0,-,-,NaN,0,0,0,0,560,0,0,0,0,0,"13,38",-,-,1,0,0,Total jan,0,560,0,0,0,0,0,"13,38",-,-,1,0,0,Total,9169,4278,3084,0,0,7614,1555,"13,64","990 695,49","73,67",3210,0,17782
Data,Ocup,Opção,Cheg,Oferta/Uso Interno,Deduz. Individ.,Deduz. Grupos,% Ocup.,Receita Quartos,Preço Médio,Saídas,Quartos FdS,Adul. / Cri.,janeiro,Previsão,23-jan-2027 sáb,0,80,0,0,0,0,0,"59,26",-,-,0,0,0,0,560,0,0,0,0,0,"13,38",-,-,1,0,0,Total jan,0,560,0,0,0,0,0,"13,38",-,-,1,0,0,Total,9169,4278,3084,0,0,7614,1555,"13,64","990 695,49","73,67",3210,0,17782
Data,Ocup,Opção,Cheg,Oferta/Uso Interno,Deduz. Individ.,Deduz. Grupos,% Ocup.,Receita Quartos,Preço Médio,Saídas,Quartos FdS,Adul. / Cri.,janeiro,Previsão,24-jan-2027 dom,0,80,0,0,0,0,0,"59,26",-,-,0,0,0,0,560,0,0,0,0,0,"13,38",-,-,1,0,0,Total jan,0,560,0,0,0,0,0,"13,38",-,-,1,0,0,Total,9169,4278,3084,0,0,7614,1555,"13,64","990 695,49","73,67",3210,0,17782
Data,Ocup,Opção,Cheg,Oferta/Uso Interno,Deduz. Individ.,Deduz. Grupos,% Ocup.,Receita Quartos,Preço Médio,Saídas,Quartos FdS,Adul. / Cri.,janeiro,Previsão,25-jan-2027 seg,0,80,0,0,0,0,0,"59,26",-,-,0,0,0,0,560,0,0,0,0,0,"13,38",-,-,1,0,0,Total jan,0,560,0,0,0,0,0,"13,38",-,-,1,0,0,Total,9169,4278,3084,0,0,7614,1555,"13,64","990 695,49","73,67",3210,0,17782
Data,Ocup,Opção,Cheg,Oferta/Uso Interno,Deduz. Individ.,Deduz. Grupos,% Ocup.,Receita Quartos,Preço Médio,Saídas,Quartos FdS,Adul. / Cri.,janeiro,Previsão,26-jan-2027 ter,0,80,0,0,0,0,0,"59,26",-,-,0,0,0,0,560,0,0,0,0,0,"13,38",-,-,1,0,0,Total jan,0,560,0,0,0,0,0,"13,38",-,-,1,0,0,Total,9169,4278,3084,0,0,7614,1555,"13,64","990 695,49","73,67",3210,0,17782
Data,Ocup,Opção,Cheg,Oferta/Uso Interno,Deduz. Individ.,Deduz. Grupos,% Ocup.,Receita Quartos,Preço Médio,Saídas,Quartos FdS,Adul. / Cri.,janeiro,Previsão,27-jan-2027 qua,0,80,0,0,0,0,0,"59,26",-,-,0,0,0,0,560,0,0,0,0,0,"13,38",-,-,1,0,0,Total jan,0,560,0,0,0,0,0,"13,38",-,-,1,0,0,Total,9169,4278,3084,0,0,7614,1555,"13,64","990 695,49","73,67",3210,0,17782
Data,Ocup,Opção,Cheg,Oferta/Uso Interno,Deduz. Individ.,Deduz. Grupos,% Ocup.,Receita Quartos,Preço Médio,Saídas,Quartos FdS,Adul. / Cri.,janeiro,Previsão,28-jan-2027 qui,0,80,0,0,0,0,0,"59,26",-,-,0,0,0,0,560,0,0,0,0,0,"13,38",-,-,1,0,0,Total jan,0,560,0,0,0,0,0,"13,38",-,-,1,0,0,Total,9169,4278,3084,0,0,7614,1555,"13,64","990 695,49","73,67",3210,0,17782
Data,Ocup,Opção,Cheg,Oferta/Uso Interno,Deduz. Individ.,Deduz. Grupos,% Ocup.,Receita Quartos,Preço Médio,Saídas,Quartos FdS,Adul. / Cri.,janeiro,Previsão,29-jan-2027 sex,0,80,0,0,0,0,0,"59,26",-,-,0,0,0,0,560,0,0,0,0,0,"13,38",-,-,1,0,0,Total jan,0,560,0,0,0,0,0,"13,38",-,-,1,0,0,Total,9169,4278,3084,0,0,7614,1555,"13,64","990 695,49","73,67",3210,0,17782
Data,Ocup,Opção,Cheg,Oferta/Uso Interno,Deduz. Individ.,Deduz. Grupos,% Ocup.,Receita Quartos,Preço Médio,Saídas,Quartos FdS,Adul. / Cri.,janeiro,Previsão,30-jan-2027 sáb,0,0,0,0,0,0,0,-,-,NaN,0,0,0,0,560,0,0,0,0,0,"13,38",-,-,1,0,0,Total jan,0,560,0,0,0,0,0,"13,38",-,-,1,0,0,Total,9169,4278,3084,0,0,7614,1555,"13,64","990 695,49","73,67",3210,0,17782
Data,Ocup,Opção,Cheg,Oferta/Uso Interno,Deduz. Individ.,Deduz. Grupos,% Ocup.,Receita Quartos,Preço Médio,Saídas,Quartos FdS,Adul. / Cri.,janeiro,Previsão,31-jan-2027 dom,0,0,0,0,0,0,0,-,-,NaN,0,0,0,0,560,0,0,0,0,0,"13,38",-,-,1,0,0,Total jan,0,560,0,0,0,0,0,"13,38",-,-,1,0,0,Total,9169,4278,3084,0,0,7614,1555,"13,64","990 695,49","73,67",3210,0,17782
Data,Ocup,Opção,Cheg,Oferta/Uso Interno,Deduz. Individ.,Deduz. Grupos,% Ocup.,Receita Quartos,Preço Médio,Saídas,Quartos FdS,Adul. / Cri.,fevereiro,Previsão,01-fev-2027 seg,0,0,0,0,0,0,0,-,-,NaN,0,0,0,0,0,0,0,0,0,0,-,-,NaN,0,0,0,Total fev,0,0,0,0,0,0,0,-,-,NaN,0,0,0,Total,9169,4278,3084,0,0,7614,1555,"13,64","990 695,49","73,67",3210,0,17782
Data,Ocup,Opção,Cheg,Oferta/Uso Interno,Deduz. Individ.,Deduz. Grupos,% Ocup.,Receita Quartos,Preço Médio,Saídas,Quartos FdS,Adul. / Cri.,fevereiro,Previsão,02-fev-2027 ter,0,0,0,0,0,0,0,-,-,NaN,0,0,0,0,0,0,0,0,0,0,-,-,NaN,0,0,0,Total fev,0,0,0,0,0,0,0,-,-,NaN,0,0,0,Total,9169,4278,3084,0,0,7614,1555,"13,64","990 695,49","73,67",3210,0,17782
Data,Ocup,Opção,Cheg,Oferta/Uso Interno,Deduz. Individ.,Deduz. Grupos,% Ocup.,Receita Quartos,Preço Médio,Saídas,Quartos FdS,Adul. / Cri.,fevereiro,Previsão,03-fev-2027 qua,0,0,0,0,0,0,0,-,-,NaN,0,0,0,0,0,0,0,0,0,0,-,-,NaN,0,0,0,Total fev,0,0,0,0,0,0,0,-,-,NaN,0,0,0,Total,9169,4278,3084,0,0,7614,1555,"13,64","990 695,49","73,67",3210,0,17782
Data,Ocup,Opção,Cheg,Oferta/Uso Interno,Deduz. Individ.,Deduz. Grupos,% Ocup.,Receita Quartos,Preço Médio,Saídas,Quartos FdS,Adul. / Cri.,fevereiro,Previsão,04-fev-2027 qui,0,0,0,0,0,0,0,-,-,NaN,0,0,0,0,0,0,0,0,0,0,-,-,NaN,0,0,0,Total fev,0,0,0,0,0,0,0,-,-,NaN,0,0,0,Total,9169,4278,3084,0,0,7614,1555,"13,64","990 695,49","73,67",3210,0,17782
Data,Ocup,Opção,Cheg,Oferta/Uso Interno,Deduz. Individ.,Deduz. Grupos,% Ocup.,Receita Quartos,Preço Médio,Saídas,Quartos FdS,Adul. / Cri.,fevereiro,Previsão,05-fev-2027 sex,0,0,0,0,0,0,0,-,-,NaN,0,0,0,0,0,0,0,0,0,0,-,-,NaN,0,0,0,Total fev,0,0,0,0,0,0,0,-,-,NaN,0,0,0,Total,9169,4278,3084,0,0,7614,1555,"13,64","990 695,49","73,67",3210,0,17782
Data,Ocup,Opção,Cheg,Oferta/Uso Interno,Deduz. Individ.,Deduz. Grupos,% Ocup.,Receita Quartos,Preço Médio,Saídas,Quartos FdS,Adul. / Cri.,fevereiro,Previsão,06-fev-2027 sáb,0,0,0,0,0,0,0,-,-,NaN,0,0,0,0,0,0,0,0,0,0,-,-,NaN,0,0,0,Total fev,0,0,0,0,0,0,0,-,-,NaN,0,0,0,Total,9169,4278,3084,0,0,7614,1555,"13,64","990 695,49","73,67",3210,0,17782
Data,Ocup,Opção,Cheg,Oferta/Uso Interno,Deduz. Individ.,Deduz. Grupos,% Ocup.,Receita Quartos,Preço Médio,Saídas,Quartos FdS,Adul. / Cri.,fevereiro,Previsão,07-fev-2027 dom,0,0,0,0,0,0,0,-,-,NaN,0,0,0,0,0,0,0,0,0,0,-,-,NaN,0,0,0,Total fev,0,0,0,0,0,0,0,-,-,NaN,0,0,0,Total,9169,4278,3084,0,0,7614,1555,"13,64","990 695,49","73,67",3210,0,17782
Data,Ocup,Opção,Cheg,Oferta/Uso Interno,Deduz. Individ.,Deduz. Grupos,% Ocup.,Receita Quartos,Preço Médio,Saídas,Quartos FdS,Adul. / Cri.,fevereiro,Previsão,08-fev-2027 seg,0,0,0,0,0,0,0,-,-,NaN,0,0,0,0,0,0,0,0,0,0,-,-,NaN,0,0,0,Total fev,0,0,0,0,0,0,0,-,-,NaN,0,0,0,Total,9169,4278,3084,0,0,7614,1555,"13,64","990 695,49","73,67",3210,0,17782
Data,Ocup,Opção,Cheg,Oferta/Uso Interno,Deduz. Individ.,Deduz. Grupos,% Ocup.,Receita Quartos,Preço Médio,Saídas,Quartos FdS,Adul. / Cri.,fevereiro,Previsão,09-fev-2027 ter,0,0,0,0,0,0,0,-,-,NaN,0,0,0,0,0,0,0,0,0,0,-,-,NaN,0,0,0,Total fev,0,0,0,0,0,0,0,-,-,NaN,0,0,0,Total,9169,4278,3084,0,0,7614,1555,"13,64","990 695,49","73,67",3210,0,17782
Data,Ocup,Opção,Cheg,Oferta/Uso Interno,Deduz. Individ.,Deduz. Grupos,% Ocup.,Receita Quartos,Preço Médio,Saídas,Quartos FdS,Adul. / Cri.,fevereiro,Previsão,10-fev-2027 qua,0,0,0,0,0,0,0,-,-,NaN,0,0,0,0,0,0,0,0,0,0,-,-,NaN,0,0,0,Total fev,0,0,0,0,0,0,0,-,-,NaN,0,0,0,Total,9169,4278,3084,0,0,7614,1555,"13,64","990 695,49","73,67",3210,0,17782
Data,Ocup,Opção,Cheg,Oferta/Uso Interno,Deduz. Individ.,Deduz. Grupos,% Ocup.,Receita Quartos,Preço Médio,Saídas,Quartos FdS,Adul. / Cri.,fevereiro,Previsão,11-fev-2027 qui,0,0,0,0,0,0,0,-,-,NaN,0,0,0,0,0,0,0,0,0,0,-,-,NaN,0,0,0,Total fev,0,0,0,0,0,0,0,-,-,NaN,0,0,0,Total,9169,4278,3084,0,0,7614,1555,"13,64","990 695,49","73,67",3210,0,17782
Data,Ocup,Opção,Cheg,Oferta/Uso Interno,Deduz. Individ.,Deduz. Grupos,% Ocup.,Receita Quartos,Preço Médio,Saídas,Quartos FdS,Adul. / Cri.,fevereiro,Previsão,12-fev-2027 sex,0,0,0,0,0,0,0,-,-,NaN,0,0,0,0,0,0,0,0,0,0,-,-,NaN,0,0,0,Total fev,0,0,0,0,0,0,0,-,-,NaN,0,0,0,Total,9169,4278,3084,0,0,7614,1555,"13,64","990 695,49","73,67",3210,0,17782
Data,Ocup,Opção,Cheg,Oferta/Uso Interno,Deduz. Individ.,Deduz. Grupos,% Ocup.,Receita Quartos,Preço Médio,Saídas,Quartos FdS,Adul. / Cri.,fevereiro,Previsão,13-fev-2027 sáb,0,0,0,0,0,0,0,-,-,NaN,0,0,0,0,0,0,0,0,0,0,-,-,NaN,0,0,0,Total fev,0,0,0,0,0,0,0,-,-,NaN,0,0,0,Total,9169,4278,3084,0,0,7614,1555,"13,64","990 695,49","73,67",3210,0,17782
Data,Ocup,Opção,Cheg,Oferta/Uso Interno,Deduz. Individ.,Deduz. Grupos,% Ocup.,Receita Quartos,Preço Médio,Saídas,Quartos FdS,Adul. / Cri.,fevereiro,Previsão,14-fev-2027 dom,0,0,0,0,0,0,0,-,-,NaN,0,0,0,0,0,0,0,0,0,0,-,-,NaN,0,0,0,Total fev,0,0,0,0,0,0,0,-,-,NaN,0,0,0,Total,9169,4278,3084,0,0,7614,1555,"13,64","990 695,49","73,67",3210,0,17782
Data,Ocup,Opção,Cheg,Oferta/Uso Interno,Deduz. Individ.,Deduz. Grupos,% Ocup.,Receita Quartos,Preço Médio,Saídas,Quartos FdS,Adul. / Cri.,fevereiro,Previsão,15-fev-2027 seg,0,0,0,0,0,0,0,-,-,NaN,0,0,0,0,0,0,0,0,0,0,-,-,NaN,0,0,0,Total fev,0,0,0,0,0,0,0,-,-,NaN,0,0,0,Total,9169,4278,3084,0,0,7614,1555,"13,64","990 695,49","73,67",3210,0,17782
Data,Ocup,Opção,Cheg,Oferta/Uso Interno,Deduz. Individ.,Deduz. Grupos,% Ocup.,Receita Quartos,Preço Médio,Saídas,Quartos FdS,Adul. / Cri.,fevereiro,Previsão,16-fev-2027 ter,0,0,0,0,0,0,0,-,-,NaN,0,0,0,0,0,0,0,0,0,0,-,-,NaN,0,0,0,Total fev,0,0,0,0,0,0,0,-,-,NaN,0,0,0,Total,9169,4278,3084,0,0,7614,1555,"13,64","990 695,49","73,67",3210,0,17782
Data,Ocup,Opção,Cheg,Oferta/Uso Interno,Deduz. Individ.,Deduz. Grupos,% Ocup.,Receita Quartos,Preço Médio,Saídas,Quartos FdS,Adul. / Cri.,fevereiro,Previsão,17-fev-2027 qua,0,0,0,0,0,0,0,-,-,NaN,0,0,0,0,0,0,0,0,0,0,-,-,NaN,0,0,0,Total fev,0,0,0,0,0,0,0,-,-,NaN,0,0,0,Total,9169,4278,3084,0,0,7614,1555,"13,64","990 695,49","73,67",3210,0,17782
Data,Ocup,Opção,Cheg,Oferta/Uso Interno,Deduz. Individ.,Deduz. Grupos,% Ocup.,Receita Quartos,Preço Médio,Saídas,Quartos FdS,Adul. / Cri.,fevereiro,Previsão,18-fev-2027 qui,0,0,0,0,0,0,0,-,-,NaN,0,0,0,0,0,0,0,0,0,0,-,-,NaN,0,0,0,Total fev,0,0,0,0,0,0,0,-,-,NaN,0,0,0,Total,9169,4278,3084,0,0,7614,1555,"13,64","990 695,49","73,67",3210,0,17782
Data,Ocup,Opção,Cheg,Oferta/Uso Interno,Deduz. Individ.,Deduz. Grupos,% Ocup.,Receita Quartos,Preço Médio,Saídas,Quartos FdS,Adul. / Cri.,fevereiro,Previsão,19-fev-2027 sex,0,0,0,0,0,0,0,-,-,NaN,0,0,0,0,0,0,0,0,0,0,-,-,NaN,0,0,0,Total fev,0,0,0,0,0,0,0,-,-,NaN,0,0,0,Total,9169,4278,3084,0,0,7614,1555,"13,64","990 695,49","73,67",3210,0,17782
Data,Ocup,Opção,Cheg,Oferta/Uso Interno,Deduz. Individ.,Deduz. Grupos,% Ocup.,Receita Quartos,Preço Médio,Saídas,Quartos FdS,Adul. / Cri.,fevereiro,Previsão,20-fev-2027 sáb,0,0,0,0,0,0,0,-,-,NaN,0,0,0,0,0,0,0,0,0,0,-,-,NaN,0,0,0,Total fev,0,0,0,0,0,0,0,-,-,NaN,0,0,0,Total,9169,4278,3084,0,0,7614,1555,"13,64","990 695,49","73,67",3210,0,17782
Data,Ocup,Opção,Cheg,Oferta/Uso Interno,Deduz. Individ.,Deduz. Grupos,% Ocup.,Receita Quartos,Preço Médio,Saídas,Quartos FdS,Adul. / Cri.,fevereiro,Previsão,21-fev-2027 dom,0,0,0,0,0,0,0,-,-,NaN,0,0,0,0,0,0,0,0,0,0,-,-,NaN,0,0,0,Total fev,0,0,0,0,0,0,0,-,-,NaN,0,0,0,Total,9169,4278,3084,0,0,7614,1555,"13,64","990 695,49","73,67",3210,0,17782
Data,Ocup,Opção,Cheg,Oferta/Uso Interno,Deduz. Individ.,Deduz. Grupos,% Ocup.,Receita Quartos,Preço Médio,Saídas,Quartos FdS,Adul. / Cri.,fevereiro,Previsão,22-fev-2027 seg,0,0,0,0,0,0,0,-,-,NaN,0,0,0,0,0,0,0,0,0,0,-,-,NaN,0,0,0,Total fev,0,0,0,0,0,0,0,-,-,NaN,0,0,0,Total,9169,4278,3084,0,0,7614,1555,"13,64","990 695,49","73,67",3210,0,17782
Data,Ocup,Opção,Cheg,Oferta/Uso Interno,Deduz. Individ.,Deduz. Grupos,% Ocup.,Receita Quartos,Preço Médio,Saídas,Quartos FdS,Adul. / Cri.,fevereiro,Previsão,23-fev-2027 ter,0,0,0,0,0,0,0,-,-,NaN,0,0,0,0,0,0,0,0,0,0,-,-,NaN,0,0,0,Total fev,0,0,0,0,0,0,0,-,-,NaN,0,0,0,Total,9169,4278,3084,0,0,7614,1555,"13,64","990 695,49","73,67",3210,0,17782
Data,Ocup,Opção,Cheg,Oferta/Uso Interno,Deduz. Individ.,Deduz. Grupos,% Ocup.,Receita Quartos,Preço Médio,Saídas,Quartos FdS,Adul. / Cri.,fevereiro,Previsão,24-fev-2027 qua,0,0,0,0,0,0,0,-,-,NaN,0,0,0,0,0,0,0,0,0,0,-,-,NaN,0,0,0,Total fev,0,0,0,0,0,0,0,-,-,NaN,0,0,0,Total,9169,4278,3084,0,0,7614,1555,"13,64","990 695,49","73,67",3210,0,17782
Data,Ocup,Opção,Cheg,Oferta/Uso Interno,Deduz. Individ.,Deduz. Grupos,% Ocup.,Receita Quartos,Preço Médio,Saídas,Quartos FdS,Adul. / Cri.,fevereiro,Previsão,25-fev-2027 qui,0,0,0,0,0,0,0,-,-,NaN,0,0,0,0,0,0,0,0,0,0,-,-,NaN,0,0,0,Total fev,0,0,0,0,0,0,0,-,-,NaN,0,0,0,Total,9169,4278,3084,0,0,7614,1555,"13,64","990 695,49","73,67",3210,0,17782
Data,Ocup,Opção,Cheg,Oferta/Uso Interno,Deduz. Individ.,Deduz. Grupos,% Ocup.,Receita Quartos,Preço Médio,Saídas,Quartos FdS,Adul. / Cri.,fevereiro,Previsão,26-fev-2027 sex,0,0,0,0,0,0,0,-,-,NaN,0,0,0,0,0,0,0,0,0,0,-,-,NaN,0,0,0,Total fev,0,0,0,0,0,0,0,-,-,NaN,0,0,0,Total,9169,4278,3084,0,0,7614,1555,"13,64","990 695,49","73,67",3210,0,17782
Data,Ocup,Opção,Cheg,Oferta/Uso Interno,Deduz. Individ.,Deduz. Grupos,% Ocup.,Receita Quartos,Preço Médio,Saídas,Quartos FdS,Adul. / Cri.,fevereiro,Previsão,27-fev-2027 sáb,0,0,0,0,0,0,0,-,-,NaN,0,0,0,0,0,0,0,0,0,0,-,-,NaN,0,0,0,Total fev,0,0,0,0,0,0,0,-,-,NaN,0,0,0,Total,9169,4278,3084,0,0,7614,1555,"13,64","990 695,49","73,67",3210,0,17782
Data,Ocup,Opção,Cheg,Oferta/Uso Interno,Deduz. Individ.,Deduz. Grupos,% Ocup.,Receita Quartos,Preço Médio,Saídas,Quartos FdS,Adul. / Cri.,fevereiro,Previsão,28-fev-2027 dom,0,0,0,0,0,0,0,-,-,NaN,0,0,0,0,0,0,0,0,0,0,-,-,NaN,0,0,0,Total fev,0,0,0,0,0,0,0,-,-,NaN,0,0,0,Total,9169,4278,3084,0,0,7614,1555,"13,64","990 695,49","73,67",3210,0,17782
Data,Ocup,Opção,Cheg,Oferta/Uso Interno,Deduz. Individ.,Deduz. Grupos,% Ocup.,Receita Quartos,Preço Médio,Saídas,Quartos FdS,Adul. / Cri.,março,Previsão,01-mar-2027 seg,0,0,0,0,0,0,0,-,-,NaN,0,0,0,0,0,0,0,0,0,0,-,-,NaN,0,0,0,Total mar,0,0,0,0,0,0,0,-,-,NaN,0,0,0,Total,9169,4278,3084,0,0,7614,1555,"13,64","990 695,49","73,67",3210,0,17782
Data,Ocup,Opção,Cheg,Oferta/Uso Interno,Deduz. Individ.,Deduz. Grupos,% Ocup.,Receita Quartos,Preço Médio,Saídas,Quartos FdS,Adul. / Cri.,março,Previsão,02-mar-2027 ter,0,0,0,0,0,0,0,-,-,NaN,0,0,0,0,0,0,0,0,0,0,-,-,NaN,0,0,0,Total mar,0,0,0,0,0,0,0,-,-,NaN,0,0,0,Total,9169,4278,3084,0,0,7614,1555,"13,64","990 695,49","73,67",3210,0,17782
Data,Ocup,Opção,Cheg,Oferta/Uso Interno,Deduz. Individ.,Deduz. Grupos,% Ocup.,Receita Quartos,Preço Médio,Saídas,Quartos FdS,Adul. / Cri.,março,Previsão,03-mar-2027 qua,0,0,0,0,0,0,0,-,-,NaN,0,0,0,0,0,0,0,0,0,0,-,-,NaN,0,0,0,Total mar,0,0,0,0,0,0,0,-,-,NaN,0,0,0,Total,9169,4278,3084,0,0,7614,1555,"13,64","990 695,49","73,67",3210,0,17782
Data,Ocup,Opção,Cheg,Oferta/Uso Interno,Deduz. Individ.,Deduz. Grupos,% Ocup.,Receita Quartos,Preço Médio,Saídas,Quartos FdS,Adul. / Cri.,março,Previsão,04-mar-2027 qui,0,0,0,0,0,0,0,-,-,NaN,0,0,0,0,0,0,0,0,0,0,-,-,NaN,0,0,0,Total mar,0,0,0,0,0,0,0,-,-,NaN,0,0,0,Total,9169,4278,3084,0,0,7614,1555,"13,64","990 695,49","73,67",3210,0,17782
Data,Ocup,Opção,Cheg,Oferta/Uso Interno,Deduz. Individ.,Deduz. Grupos,% Ocup.,Receita Quartos,Preço Médio,Saídas,Quartos FdS,Adul. / Cri.,março,Previsão,05-mar-2027 sex,0,0,0,0,0,0,0,-,-,NaN,0,0,0,0,0,0,0,0,0,0,-,-,NaN,0,0,0,Total mar,0,0,0,0,0,0,0,-,-,NaN,0,0,0,Total,9169,4278,3084,0,0,7614,1555,"13,64","990 695,49","73,67",3210,0,17782
Data,Ocup,Opção,Cheg,Oferta/Uso Interno,Deduz. Individ.,Deduz. Grupos,% Ocup.,Receita Quartos,Preço Médio,Saídas,Quartos FdS,Adul. / Cri.,março,Previsão,06-mar-2027 sáb,0,0,0,0,0,0,0,-,-,NaN,0,0,0,0,0,0,0,0,0,0,-,-,NaN,0,0,0,Total mar,0,0,0,0,0,0,0,-,-,NaN,0,0,0,Total,9169,4278,3084,0,0,7614,1555,"13,64","990 695,49","73,67",3210,0,17782
Data,Ocup,Opção,Cheg,Oferta/Uso Interno,Deduz. Individ.,Deduz. Grupos,% Ocup.,Receita Quartos,Preço Médio,Saídas,Quartos FdS,Adul. / Cri.,março,Previsão,07-mar-2027 dom,0,0,0,0,0,0,0,-,-,NaN,0,0,0,0,0,0,0,0,0,0,-,-,NaN,0,0,0,Total mar,0,0,0,0,0,0,0,-,-,NaN,0,0,0,Total,9169,4278,3084,0,0,7614,1555,"13,64","990 695,49","73,67",3210,0,17782
Data,Ocup,Opção,Cheg,Oferta/Uso Interno,Deduz. Individ.,Deduz. Grupos,% Ocup.,Receita Quartos,Preço Médio,Saídas,Quartos FdS,Adul. / Cri.,março,Previsão,08-mar-2027 seg,0,0,0,0,0,0,0,-,-,NaN,0,0,0,0,0,0,0,0,0,0,-,-,NaN,0,0,0,Total mar,0,0,0,0,0,0,0,-,-,NaN,0,0,0,Total,9169,4278,3084,0,0,7614,1555,"13,64","990 695,49","73,67",3210,0,17782
Data,Ocup,Opção,Cheg,Oferta/Uso Interno,Deduz. Individ.,Deduz. Grupos,% Ocup.,Receita Quartos,Preço Médio,Saídas,Quartos FdS,Adul. / Cri.,março,Previsão,09-mar-2027 ter,0,0,0,0,0,0,0,-,-,NaN,0,0,0,0,0,0,0,0,0,0,-,-,NaN,0,0,0,Total mar,0,0,0,0,0,0,0,-,-,NaN,0,0,0,Total,9169,4278,3084,0,0,7614,1555,"13,64","990 695,49","73,67",3210,0,17782
Data,Ocup,Opção,Cheg,Oferta/Uso Interno,Deduz. Individ.,Deduz. Grupos,% Ocup.,Receita Quartos,Preço Médio,Saídas,Quartos FdS,Adul. / Cri.,março,Previsão,10-mar-2027 qua,0,0,0,0,0,0,0,-,-,NaN,0,0,0,0,0,0,0,0,0,0,-,-,NaN,0,0,0,Total mar,0,0,0,0,0,0,0,-,-,NaN,0,0,0,Total,9169,4278,3084,0,0,7614,1555,"13,64","990 695,49","73,67",3210,0,17782
Data,Ocup,Opção,Cheg,Oferta/Uso Interno,Deduz. Individ.,Deduz. Grupos,% Ocup.,Receita Quartos,Preço Médio,Saídas,Quartos FdS,Adul. / Cri.,março,Previsão,11-mar-2027 qui,0,0,0,0,0,0,0,-,-,NaN,0,0,0,0,0,0,0,0,0,0,-,-,NaN,0,0,0,Total mar,0,0,0,0,0,0,0,-,-,NaN,0,0,0,Total,9169,4278,3084,0,0,7614,1555,"13,64","990 695,49","73,67",3210,0,17782
Data,Ocup,Opção,Cheg,Oferta/Uso Interno,Deduz. Individ.,Deduz. Grupos,% Ocup.,Receita Quartos,Preço Médio,Saídas,Quartos FdS,Adul. / Cri.,março,Previsão,12-mar-2027 sex,0,0,0,0,0,0,0,-,-,NaN,0,0,0,0,0,0,0,0,0,0,-,-,NaN,0,0,0,Total mar,0,0,0,0,0,0,0,-,-,NaN,0,0,0,Total,9169,4278,3084,0,0,7614,1555,"13,64","990 695,49","73,67",3210,0,17782
Data,Ocup,Opção,Cheg,Oferta/Uso Interno,Deduz. Individ.,Deduz. Grupos,% Ocup.,Receita Quartos,Preço Médio,Saídas,Quartos FdS,Adul. / Cri.,março,Previsão,13-mar-2027 sáb,0,0,0,0,0,0,0,-,-,NaN,0,0,0,0,0,0,0,0,0,0,-,-,NaN,0,0,0,Total mar,0,0,0,0,0,0,0,-,-,NaN,0,0,0,Total,9169,4278,3084,0,0,7614,1555,"13,64","990 695,49","73,67",3210,0,17782
Data,Ocup,Opção,Cheg,Oferta/Uso Interno,Deduz. Individ.,Deduz. Grupos,% Ocup.,Receita Quartos,Preço Médio,Saídas,Quartos FdS,Adul. / Cri.,março,Previsão,14-mar-2027 dom,0,0,0,0,0,0,0,-,-,NaN,0,0,0,0,0,0,0,0,0,0,-,-,NaN,0,0,0,Total mar,0,0,0,0,0,0,0,-,-,NaN,0,0,0,Total,9169,4278,3084,0,0,7614,1555,"13,64","990 695,49","73,67",3210,0,17782
Data,Ocup,Opção,Cheg,Oferta/Uso Interno,Deduz. Individ.,Deduz. Grupos,% Ocup.,Receita Quartos,Preço Médio,Saídas,Quartos FdS,Adul. / Cri.,março,Previsão,15-mar-2027 seg,0,0,0,0,0,0,0,-,-,NaN,0,0,0,0,0,0,0,0,0,0,-,-,NaN,0,0,0,Total mar,0,0,0,0,0,0,0,-,-,NaN,0,0,0,Total,9169,4278,3084,0,0,7614,1555,"13,64","990 695,49","73,67",3210,0,17782
Data,Ocup,Opção,Cheg,Oferta/Uso Interno,Deduz. Individ.,Deduz. Grupos,% Ocup.,Receita Quartos,Preço Médio,Saídas,Quartos FdS,Adul. / Cri.,março,Previsão,16-mar-2027 ter,0,0,0,0,0,0,0,-,-,NaN,0,0,0,0,0,0,0,0,0,0,-,-,NaN,0,0,0,Total mar,0,0,0,0,0,0,0,-,-,NaN,0,0,0,Total,9169,4278,3084,0,0,7614,1555,"13,64","990 695,49","73,67",3210,0,17782
Data,Ocup,Opção,Cheg,Oferta/Uso Interno,Deduz. Individ.,Deduz. Grupos,% Ocup.,Receita Quartos,Preço Médio,Saídas,Quartos FdS,Adul. / Cri.,março,Previsão,17-mar-2027 qua,0,0,0,0,0,0,0,-,-,NaN,0,0,0,0,0,0,0,0,0,0,-,-,NaN,0,0,0,Total mar,0,0,0,0,0,0,0,-,-,NaN,0,0,0,Total,9169,4278,3084,0,0,7614,1555,"13,64","990 695,49","73,67",3210,0,17782
Data,Ocup,Opção,Cheg,Oferta/Uso Interno,Deduz. Individ.,Deduz. Grupos,% Ocup.,Receita Quartos,Preço Médio,Saídas,Quartos FdS,Adul. / Cri.,março,Previsão,18-mar-2027 qui,0,0,0,0,0,0,0,-,-,NaN,0,0,0,0,0,0,0,0,0,0,-,-,NaN,0,0,0,Total mar,0,0,0,0,0,0,0,-,-,NaN,0,0,0,Total,9169,4278,3084,0,0,7614,1555,"13,64","990 695,49","73,67",3210,0,17782
Data,Ocup,Opção,Cheg,Oferta/Uso Interno,Deduz. Individ.,Deduz. Grupos,% Ocup.,Receita Quartos,Preço Médio,Saídas,Quartos FdS,Adul. / Cri.,março,Previsão,19-mar-2027 sex,0,0,0,0,0,0,0,-,-,NaN,0,0,0,0,0,0,0,0,0,0,-,-,NaN,0,0,0,Total mar,0,0,0,0,0,0,0,-,-,NaN,0,0,0,Total,9169,4278,3084,0,0,7614,1555,"13,64","990 695,49","73,67",3210,0,17782
Data,Ocup,Opção,Cheg,Oferta/Uso Interno,Deduz. Individ.,Deduz. Grupos,% Ocup.,Receita Quartos,Preço Médio,Saídas,Quartos FdS,Adul. / Cri.,março,Previsão,20-mar-2027 sáb,0,0,0,0,0,0,0,-,-,NaN,0,0,0,0,0,0,0,0,0,0,-,-,NaN,0,0,0,Total mar,0,0,0,0,0,0,0,-,-,NaN,0,0,0,Total,9169,4278,3084,0,0,7614,1555,"13,64","990 695,49","73,67",3210,0,17782
Data,Ocup,Opção,Cheg,Oferta/Uso Interno,Deduz. Individ.,Deduz. Grupos,% Ocup.,Receita Quartos,Preço Médio,Saídas,Quartos FdS,Adul. / Cri.,março,Previsão,21-mar-2027 dom,0,0,0,0,0,0,0,-,-,NaN,0,0,0,0,0,0,0,0,0,0,-,-,NaN,0,0,0,Total mar,0,0,0,0,0,0,0,-,-,NaN,0,0,0,Total,9169,4278,3084,0,0,7614,1555,"13,64","990 695,49","73,67",3210,0,17782
Data,Ocup,Opção,Cheg,Oferta/Uso Interno,Deduz. Individ.,Deduz. Grupos,% Ocup.,Receita Quartos,Preço Médio,Saídas,Quartos FdS,Adul. / Cri.,março,Previsão,22-mar-2027 seg,0,0,0,0,0,0,0,-,-,NaN,0,0,0,0,0,0,0,0,0,0,-,-,NaN,0,0,0,Total mar,0,0,0,0,0,0,0,-,-,NaN,0,0,0,Total,9169,4278,3084,0,0,7614,1555,"13,64","990 695,49","73,67",3210,0,17782
Data,Ocup,Opção,Cheg,Oferta/Uso Interno,Deduz. Individ.,Deduz. Grupos,% Ocup.,Receita Quartos,Preço Médio,Saídas,Quartos FdS,Adul. / Cri.,março,Previsão,23-mar-2027 ter,0,0,0,0,0,0,0,-,-,NaN,0,0,0,0,0,0,0,0,0,0,-,-,NaN,0,0,0,Total mar,0,0,0,0,0,0,0,-,-,NaN,0,0,0,Total,9169,4278,3084,0,0,7614,1555,"13,64","990 695,49","73,67",3210,0,17782
Data,Ocup,Opção,Cheg,Oferta/Uso Interno,Deduz. Individ.,Deduz. Grupos,% Ocup.,Receita Quartos,Preço Médio,Saídas,Quartos FdS,Adul. / Cri.,março,Previsão,24-mar-2027 qua,0,0,0,0,0,0,0,-,-,NaN,0,0,0,0,0,0,0,0,0,0,-,-,NaN,0,0,0,Total mar,0,0,0,0,0,0,0,-,-,NaN,0,0,0,Total,9169,4278,3084,0,0,7614,1555,"13,64","990 695,49","73,67",3210,0,17782
Data,Ocup,Opção,Cheg,Oferta/Uso Interno,Deduz. Individ.,Deduz. Grupos,% Ocup.,Receita Quartos,Preço Médio,Saídas,Quartos FdS,Adul. / Cri.,março,Previsão,25-mar-2027 qui,0,0,0,0,0,0,0,-,-,NaN,0,0,0,0,0,0,0,0,0,0,-,-,NaN,0,0,0,Total mar,0,0,0,0,0,0,0,-,-,NaN,0,0,0,Total,9169,4278,3084,0,0,7614,1555,"13,64","990 695,49","73,67",3210,0,17782
Data,Ocup,Opção,Cheg,Oferta/Uso Interno,Deduz. Individ.,Deduz. Grupos,% Ocup.,Receita Quartos,Preço Médio,Saídas,Quartos FdS,Adul. / Cri.,março,Previsão,26-mar-2027 sex,0,0,0,0,0,0,0,-,-,NaN,0,0,0,0,0,0,0,0,0,0,-,-,NaN,0,0,0,Total mar,0,0,0,0,0,0,0,-,-,NaN,0,0,0,Total,9169,4278,3084,0,0,7614,1555,"13,64","990 695,49","73,67",3210,0,17782
Data,Ocup,Opção,Cheg,Oferta/Uso Interno,Deduz. Individ.,Deduz. Grupos,% Ocup.,Receita Quartos,Preço Médio,Saídas,Quartos FdS,Adul. / Cri.,março,Previsão,27-mar-2027 sáb,0,0,0,0,0,0,0,-,-,NaN,0,0,0,0,0,0,0,0,0,0,-,-,NaN,0,0,0,Total mar,0,0,0,0,0,0,0,-,-,NaN,0,0,0,Total,9169,4278,3084,0,0,7614,1555,"13,64","990 695,49","73,67",3210,0,17782
Data,Ocup,Opção,Cheg,Oferta/Uso Interno,Deduz. Individ.,Deduz. Grupos,% Ocup.,Receita Quartos,Preço Médio,Saídas,Quartos FdS,Adul. / Cri.,março,Previsão,28-mar-2027 dom,0,0,0,0,0,0,0,-,-,NaN,0,0,0,0,0,0,0,0,0,0,-,-,NaN,0,0,0,Total mar,0,0,0,0,0,0,0,-,-,NaN,0,0,0,Total,9169,4278,3084,0,0,7614,1555,"13,64","990 695,49","73,67",3210,0,17782
Data,Ocup,Opção,Cheg,Oferta/Uso Interno,Deduz. Individ.,Deduz. Grupos,% Ocup.,Receita Quartos,Preço Médio,Saídas,Quartos FdS,Adul. / Cri.,março,Previsão,29-mar-2027 seg,0,0,0,0,0,0,0,-,-,NaN,0,0,0,0,0,0,0,0,0,0,-,-,NaN,0,0,0,Total mar,0,0,0,0,0,0,0,-,-,NaN,0,0,0,Total,9169,4278,3084,0,0,7614,1555,"13,64","990 695,49","73,67",3210,0,17782
Data,Ocup,Opção,Cheg,Oferta/Uso Interno,Deduz. Individ.,Deduz. Grupos,% Ocup.,Receita Quartos,Preço Médio,Saídas,Quartos FdS,Adul. / Cri.,março,Previsão,30-mar-2027 ter,0,0,0,0,0,0,0,-,-,NaN,0,0,0,0,0,0,0,0,0,0,-,-,NaN,0,0,0,Total mar,0,0,0,0,0,0,0,-,-,NaN,0,0,0,Total,9169,4278,3084,0,0,7614,1555,"13,64","990 695,49","73,67",3210,0,17782
Data,Ocup,Opção,Cheg,Oferta/Uso Interno,Deduz. Individ.,Deduz. Grupos,% Ocup.,Receita Quartos,Preço Médio,Saídas,Quartos FdS,Adul. / Cri.,março,Previsão,31-mar-2027 qua,0,0,0,0,0,0,0,-,-,NaN,0,0,0,0,0,0,0,0,0,0,-,-,NaN,0,0,0,Total mar,0,0,0,0,0,0,0,-,-,NaN,0,0,0,Total,9169,4278,3084,0,0,7614,1555,"13,64","990 695,49","73,67",3210,0,17782
Data,Ocup,Opção,Cheg,Oferta/Uso Interno,Deduz. Individ.,Deduz. Grupos,% Ocup.,Receita Quartos,Preço Médio,Saídas,Quartos FdS,Adul. / Cri.,abril,Previsão,01-abr-2027 qui,0,0,0,0,0,0,0,-,-,NaN,0,0,0,0,0,0,0,0,0,0,-,-,NaN,0,0,0,Total abr,0,0,0,0,0,0,0,-,-,NaN,0,0,0,Total,9169,4278,3084,0,0,7614,1555,"13,64","990 695,49","73,67",3210,0,17782
Data,Ocup,Opção,Cheg,Oferta/Uso Interno,Deduz. Individ.,Deduz. Grupos,% Ocup.,Receita Quartos,Preço Médio,Saídas,Quartos FdS,Adul. / Cri.,abril,Previsão,02-abr-2027 sex,0,0,0,0,0,0,0,-,-,NaN,0,0,0,0,0,0,0,0,0,0,-,-,NaN,0,0,0,Total abr,0,0,0,0,0,0,0,-,-,NaN,0,0,0,Total,9169,4278,3084,0,0,7614,1555,"13,64","990 695,49","73,67",3210,0,17782
Data,Ocup,Opção,Cheg,Oferta/Uso Interno,Deduz. Individ.,Deduz. Grupos,% Ocup.,Receita Quartos,Preço Médio,Saídas,Quartos FdS,Adul. / Cri.,abril,Previsão,03-abr-2027 sáb,0,0,0,0,0,0,0,-,-,NaN,0,0,0,0,0,0,0,0,0,0,-,-,NaN,0,0,0,Total abr,0,0,0,0,0,0,0,-,-,NaN,0,0,0,Total,9169,4278,3084,0,0,7614,1555,"13,64","990 695,49","73,67",3210,0,17782
Data,Ocup,Opção,Cheg,Oferta/Uso Interno,Deduz. Individ.,Deduz. Grupos,% Ocup.,Receita Quartos,Preço Médio,Saídas,Quartos FdS,Adul. / Cri.,abril,Previsão,04-abr-2027 dom,0,0,0,0,0,0,0,-,-,NaN,0,0,0,0,0,0,0,0,0,0,-,-,NaN,0,0,0,Total abr,0,0,0,0,0,0,0,-,-,NaN,0,0,0,Total,9169,4278,3084,0,0,7614,1555,"13,64","990 695,49","73,67",3210,0,17782
Data,Ocup,Opção,Cheg,Oferta/Uso Interno,Deduz. Individ.,Deduz. Grupos,% Ocup.,Receita Quartos,Preço Médio,Saídas,Quartos FdS,Adul. / Cri.,abril,Previsão,05-abr-2027 seg,0,0,0,0,0,0,0,-,-,NaN,0,0,0,0,0,0,0,0,0,0,-,-,NaN,0,0,0,Total abr,0,0,0,0,0,0,0,-,-,NaN,0,0,0,Total,9169,4278,3084,0,0,7614,1555,"13,64","990 695,49","73,67",3210,0,17782
Data,Ocup,Opção,Cheg,Oferta/Uso Interno,Deduz. Individ.,Deduz. Grupos,% Ocup.,Receita Quartos,Preço Médio,Saídas,Quartos FdS,Adul. / Cri.,abril,Previsão,06-abr-2027 ter,0,0,0,0,0,0,0,-,-,NaN,0,0,0,0,0,0,0,0,0,0,-,-,NaN,0,0,0,Total abr,0,0,0,0,0,0,0,-,-,NaN,0,0,0,Total,9169,4278,3084,0,0,7614,1555,"13,64","990 695,49","73,67",3210,0,17782
Data,Ocup,Opção,Cheg,Oferta/Uso Interno,Deduz. Individ.,Deduz. Grupos,% Ocup.,Receita Quartos,Preço Médio,Saídas,Quartos FdS,Adul. / Cri.,abril,Previsão,07-abr-2027 qua,0,0,0,0,0,0,0,-,-,NaN,0,0,0,0,0,0,0,0,0,0,-,-,NaN,0,0,0,Total abr,0,0,0,0,0,0,0,-,-,NaN,0,0,0,Total,9169,4278,3084,0,0,7614,1555,"13,64","990 695,49","73,67",3210,0,17782
Data,Ocup,Opção,Cheg,Oferta/Uso Interno,Deduz. Individ.,Deduz. Grupos,% Ocup.,Receita Quartos,Preço Médio,Saídas,Quartos FdS,Adul. / Cri.,abril,Previsão,08-abr-2027 qui,0,0,0,0,0,0,0,-,-,NaN,0,0,0,0,0,0,0,0,0,0,-,-,NaN,0,0,0,Total abr,0,0,0,0,0,0,0,-,-,NaN,0,0,0,Total,9169,4278,3084,0,0,7614,1555,"13,64","990 695,49","73,67",3210,0,17782
Data,Ocup,Opção,Cheg,Oferta/Uso Interno,Deduz. Individ.,Deduz. Grupos,% Ocup.,Receita Quartos,Preço Médio,Saídas,Quartos FdS,Adul. / Cri.,abril,Previsão,09-abr-2027 sex,0,0,0,0,0,0,0,-,-,NaN,0,0,0,0,0,0,0,0,0,0,-,-,NaN,0,0,0,Total abr,0,0,0,0,0,0,0,-,-,NaN,0,0,0,Total,9169,4278,3084,0,0,7614,1555,"13,64","990 695,49","73,67",3210,0,17782
Data,Ocup,Opção,Cheg,Oferta/Uso Interno,Deduz. Individ.,Deduz. Grupos,% Ocup.,Receita Quartos,Preço Médio,Saídas,Quartos FdS,Adul. / Cri.,abril,Previsão,10-abr-2027 sáb,0,0,0,0,0,0,0,-,-,NaN,0,0,0,0,0,0,0,0,0,0,-,-,NaN,0,0,0,Total abr,0,0,0,0,0,0,0,-,-,NaN,0,0,0,Total,9169,4278,3084,0,0,7614,1555,"13,64","990 695,49","73,67",3210,0,17782
Data,Ocup,Opção,Cheg,Oferta/Uso Interno,Deduz. Individ.,Deduz. Grupos,% Ocup.,Receita Quartos,Preço Médio,Saídas,Quartos FdS,Adul. / Cri.,abril,Previsão,11-abr-2027 dom,0,0,0,0,0,0,0,-,-,NaN,0,0,0,0,0,0,0,0,0,0,-,-,NaN,0,0,0,Total abr,0,0,0,0,0,0,0,-,-,NaN,0,0,0,Total,9169,4278,3084,0,0,7614,1555,"13,64","990 695,49","73,67",3210,0,17782
Data,Ocup,Opção,Cheg,Oferta/Uso Interno,Deduz. Individ.,Deduz. Grupos,% Ocup.,Receita Quartos,Preço Médio,Saídas,Quartos FdS,Adul. / Cri.,abril,Previsão,12-abr-2027 seg,0,0,0,0,0,0,0,-,-,NaN,0,0,0,0,0,0,0,0,0,0,-,-,NaN,0,0,0,Total abr,0,0,0,0,0,0,0,-,-,NaN,0,0,0,Total,9169,4278,3084,0,0,7614,1555,"13,64","990 695,49","73,67",3210,0,17782
Data,Ocup,Opção,Cheg,Oferta/Uso Interno,Deduz. Individ.,Deduz. Grupos,% Ocup.,Receita Quartos,Preço Médio,Saídas,Quartos FdS,Adul. / Cri.,abril,Previsão,13-abr-2027 ter,0,0,0,0,0,0,0,-,-,NaN,0,0,0,0,0,0,0,0,0,0,-,-,NaN,0,0,0,Total abr,0,0,0,0,0,0,0,-,-,NaN,0,0,0,Total,9169,4278,3084,0,0,7614,1555,"13,64","990 695,49","73,67",3210,0,17782
Data,Ocup,Opção,Cheg,Oferta/Uso Interno,Deduz. Individ.,Deduz. Grupos,% Ocup.,Receita Quartos,Preço Médio,Saídas,Quartos FdS,Adul. / Cri.,abril,Previsão,14-abr-2027 qua,0,0,0,0,0,0,0,-,-,NaN,0,0,0,0,0,0,0,0,0,0,-,-,NaN,0,0,0,Total abr,0,0,0,0,0,0,0,-,-,NaN,0,0,0,Total,9169,4278,3084,0,0,7614,1555,"13,64","990 695,49","73,67",3210,0,17782
Data,Ocup,Opção,Cheg,Oferta/Uso Interno,Deduz. Individ.,Deduz. Grupos,% Ocup.,Receita Quartos,Preço Médio,Saídas,Quartos FdS,Adul. / Cri.,abril,Previsão,15-abr-2027 qui,0,0,0,0,0,0,0,-,-,NaN,0,0,0,0,0,0,0,0,0,0,-,-,NaN,0,0,0,Total abr,0,0,0,0,0,0,0,-,-,NaN,0,0,0,Total,9169,4278,3084,0,0,7614,1555,"13,64","990 695,49","73,67",3210,0,17782
Data,Ocup,Opção,Cheg,Oferta/Uso Interno,Deduz. Individ.,Deduz. Grupos,% Ocup.,Receita Quartos,Preço Médio,Saídas,Quartos FdS,Adul. / Cri.,abril,Previsão,16-abr-2027 sex,0,0,0,0,0,0,0,-,-,NaN,0,0,0,0,0,0,0,0,0,0,-,-,NaN,0,0,0,Total abr,0,0,0,0,0,0,0,-,-,NaN,0,0,0,Total,9169,4278,3084,0,0,7614,1555,"13,64","990 695,49","73,67",3210,0,17782
Data,Ocup,Opção,Cheg,Oferta/Uso Interno,Deduz. Individ.,Deduz. Grupos,% Ocup.,Receita Quartos,Preço Médio,Saídas,Quartos FdS,Adul. / Cri.,abril,Previsão,17-abr-2027 sáb,0,0,0,0,0,0,0,-,-,NaN,0,0,0,0,0,0,0,0,0,0,-,-,NaN,0,0,0,Total abr,0,0,0,0,0,0,0,-,-,NaN,0,0,0,Total,9169,4278,3084,0,0,7614,1555,"13,64","990 695,49","73,67",3210,0,17782
Data,Ocup,Opção,Cheg,Oferta/Uso Interno,Deduz. Individ.,Deduz. Grupos,% Ocup.,Receita Quartos,Preço Médio,Saídas,Quartos FdS,Adul. / Cri.,abril,Previsão,18-abr-2027 dom,0,0,0,0,0,0,0,-,-,NaN,0,0,0,0,0,0,0,0,0,0,-,-,NaN,0,0,0,Total abr,0,0,0,0,0,0,0,-,-,NaN,0,0,0,Total,9169,4278,3084,0,0,7614,1555,"13,64","990 695,49","73,67",3210,0,17782
Data,Ocup,Opção,Cheg,Oferta/Uso Interno,Deduz. Individ.,Deduz. Grupos,% Ocup.,Receita Quartos,Preço Médio,Saídas,Quartos FdS,Adul. / Cri.,abril,Previsão,19-abr-2027 seg,0,0,0,0,0,0,0,-,-,NaN,0,0,0,0,0,0,0,0,0,0,-,-,NaN,0,0,0,Total abr,0,0,0,0,0,0,0,-,-,NaN,0,0,0,Total,9169,4278,3084,0,0,7614,1555,"13,64","990 695,49","73,67",3210,0,17782
Data,Ocup,Opção,Cheg,Oferta/Uso Interno,Deduz. Individ.,Deduz. Grupos,% Ocup.,Receita Quartos,Preço Médio,Saídas,Quartos FdS,Adul. / Cri.,abril,Previsão,20-abr-2027 ter,0,0,0,0,0,0,0,-,-,NaN,0,0,0,0,0,0,0,0,0,0,-,-,NaN,0,0,0,Total abr,0,0,0,0,0,0,0,-,-,NaN,0,0,0,Total,9169,4278,3084,0,0,7614,1555,"13,64","990 695,49","73,67",3210,0,17782
Data,Ocup,Opção,Cheg,Oferta/Uso Interno,Deduz. Individ.,Deduz. Grupos,% Ocup.,Receita Quartos,Preço Médio,Saídas,Quartos FdS,Adul. / Cri.,abril,Previsão,21-abr-2027 qua,0,0,0,0,0,0,0,-,-,NaN,0,0,0,0,0,0,0,0,0,0,-,-,NaN,0,0,0,Total abr,0,0,0,0,0,0,0,-,-,NaN,0,0,0,Total,9169,4278,3084,0,0,7614,1555,"13,64","990 695,49","73,67",3210,0,17782
Data,Ocup,Opção,Cheg,Oferta/Uso Interno,Deduz. Individ.,Deduz. Grupos,% Ocup.,Receita Quartos,Preço Médio,Saídas,Quartos FdS,Adul. / Cri.,abril,Previsão,22-abr-2027 qui,0,0,0,0,0,0,0,-,-,NaN,0,0,0,0,0,0,0,0,0,0,-,-,NaN,0,0,0,Total abr,0,0,0,0,0,0,0,-,-,NaN,0,0,0,Total,9169,4278,3084,0,0,7614,1555,"13,64","990 695,49","73,67",3210,0,17782
Data,Ocup,Opção,Cheg,Oferta/Uso Interno,Deduz. Individ.,Deduz. Grupos,% Ocup.,Receita Quartos,Preço Médio,Saídas,Quartos FdS,Adul. / Cri.,abril,Previsão,23-abr-2027 sex,0,0,0,0,0,0,0,-,-,NaN,0,0,0,0,0,0,0,0,0,0,-,-,NaN,0,0,0,Total abr,0,0,0,0,0,0,0,-,-,NaN,0,0,0,Total,9169,4278,3084,0,0,7614,1555,"13,64","990 695,49","73,67",3210,0,17782
Data,Ocup,Opção,Cheg,Oferta/Uso Interno,Deduz. Individ.,Deduz. Grupos,% Ocup.,Receita Quartos,Preço Médio,Saídas,Quartos FdS,Adul. / Cri.,abril,Previsão,24-abr-2027 sáb,0,0,0,0,0,0,0,-,-,NaN,0,0,0,0,0,0,0,0,0,0,-,-,NaN,0,0,0,Total abr,0,0,0,0,0,0,0,-,-,NaN,0,0,0,Total,9169,4278,3084,0,0,7614,1555,"13,64","990 695,49","73,67",3210,0,17782
Data,Ocup,Opção,Cheg,Oferta/Uso Interno,Deduz. Individ.,Deduz. Grupos,% Ocup.,Receita Quartos,Preço Médio,Saídas,Quartos FdS,Adul. / Cri.,abril,Previsão,25-abr-2027 dom,0,0,0,0,0,0,0,-,-,NaN,0,0,0,0,0,0,0,0,0,0,-,-,NaN,0,0,0,Total abr,0,0,0,0,0,0,0,-,-,NaN,0,0,0,Total,9169,4278,3084,0,0,7614,1555,"13,64","990 695,49","73,67",3210,0,17782
Data,Ocup,Opção,Cheg,Oferta/Uso Interno,Deduz. Individ.,Deduz. Grupos,% Ocup.,Receita Quartos,Preço Médio,Saídas,Quartos FdS,Adul. / Cri.,abril,Previsão,26-abr-2027 seg,0,0,0,0,0,0,0,-,-,NaN,0,0,0,0,0,0,0,0,0,0,-,-,NaN,0,0,0,Total abr,0,0,0,0,0,0,0,-,-,NaN,0,0,0,Total,9169,4278,3084,0,0,7614,1555,"13,64","990 695,49","73,67",3210,0,17782
Data,Ocup,Opção,Cheg,Oferta/Uso Interno,Deduz. Individ.,Deduz. Grupos,% Ocup.,Receita Quartos,Preço Médio,Saídas,Quartos FdS,Adul. / Cri.,abril,Previsão,27-abr-2027 ter,0,0,0,0,0,0,0,-,-,NaN,0,0,0,0,0,0,0,0,0,0,-,-,NaN,0,0,0,Total abr,0,0,0,0,0,0,0,-,-,NaN,0,0,0,Total,9169,4278,3084,0,0,7614,1555,"13,64","990 695,49","73,67",3210,0,17782
Data,Ocup,Opção,Cheg,Oferta/Uso Interno,Deduz. Individ.,Deduz. Grupos,% Ocup.,Receita Quartos,Preço Médio,Saídas,Quartos FdS,Adul. / Cri.,abril,Previsão,28-abr-2027 qua,0,0,0,0,0,0,0,-,-,NaN,0,0,0,0,0,0,0,0,0,0,-,-,NaN,0,0,0,Total abr,0,0,0,0,0,0,0,-,-,NaN,0,0,0,Total,9169,4278,3084,0,0,7614,1555,"13,64","990 695,49","73,67",3210,0,17782
Data,Ocup,Opção,Cheg,Oferta/Uso Interno,Deduz. Individ.,Deduz. Grupos,% Ocup.,Receita Quartos,Preço Médio,Saídas,Quartos FdS,Adul. / Cri.,abril,Previsão,29-abr-2027 qui,0,0,0,0,0,0,0,-,-,NaN,0,0,0,0,0,0,0,0,0,0,-,-,NaN,0,0,0,Total abr,0,0,0,0,0,0,0,-,-,NaN,0,0,0,Total,9169,4278,3084,0,0,7614,1555,"13,64","990 695,49","73,67",3210,0,17782
Data,Ocup,Opção,Cheg,Oferta/Uso Interno,Deduz. Individ.,Deduz. Grupos,% Ocup.,Receita Quartos,Preço Médio,Saídas,Quartos FdS,Adul. / Cri.,abril,Previsão,30-abr-2027 sex,0,0,0,0,0,0,0,-,-,NaN,0,0,0,0,0,0,0,0,0,0,-,-,NaN,0,0,0,Total abr,0,0,0,0,0,0,0,-,-,NaN,0,0,0,Total,9169,4278,3084,0,0,7614,1555,"13,64","990 695,49","73,67",3210,0,17782
Data,Ocup,Opção,Cheg,Oferta/Uso Interno,Deduz. Individ.,Deduz. Grupos,% Ocup.,Receita Quartos,Preço Médio,Saídas,Quartos FdS,Adul. / Cri.,maio,Previsão,01-mai-2027 sáb,0,0,0,0,0,0,0,-,-,NaN,0,0,0,0,0,0,0,0,0,0,-,-,NaN,0,0,0,Total mai,0,0,0,0,0,0,0,-,-,NaN,0,0,0,Total,9169,4278,3084,0,0,7614,1555,"13,64","990 695,49","73,67",3210,0,17782
Data,Ocup,Opção,Cheg,Oferta/Uso Interno,Deduz. Individ.,Deduz. Grupos,% Ocup.,Receita Quartos,Preço Médio,Saídas,Quartos FdS,Adul. / Cri.,maio,Previsão,02-mai-2027 dom,0,0,0,0,0,0,0,-,-,NaN,0,0,0,0,0,0,0,0,0,0,-,-,NaN,0,0,0,Total mai,0,0,0,0,0,0,0,-,-,NaN,0,0,0,Total,9169,4278,3084,0,0,7614,1555,"13,64","990 695,49","73,67",3210,0,17782
Data,Ocup,Opção,Cheg,Oferta/Uso Interno,Deduz. Individ.,Deduz. Grupos,% Ocup.,Receita Quartos,Preço Médio,Saídas,Quartos FdS,Adul. / Cri.,maio,Previsão,03-mai-2027 seg,0,0,0,0,0,0,0,-,-,NaN,0,0,0,0,0,0,0,0,0,0,-,-,NaN,0,0,0,Total mai,0,0,0,0,0,0,0,-,-,NaN,0,0,0,Total,9169,4278,3084,0,0,7614,1555,"13,64","990 695,49","73,67",3210,0,17782
Data,Ocup,Opção,Cheg,Oferta/Uso Interno,Deduz. Individ.,Deduz. Grupos,% Ocup.,Receita Quartos,Preço Médio,Saídas,Quartos FdS,Adul. / Cri.,maio,Previsão,04-mai-2027 ter,0,0,0,0,0,0,0,-,-,NaN,0,0,0,0,0,0,0,0,0,0,-,-,NaN,0,0,0,Total mai,0,0,0,0,0,0,0,-,-,NaN,0,0,0,Total,9169,4278,3084,0,0,7614,1555,"13,64","990 695,49","73,67",3210,0,17782
Data,Ocup,Opção,Cheg,Oferta/Uso Interno,Deduz. Individ.,Deduz. Grupos,% Ocup.,Receita Quartos,Preço Médio,Saídas,Quartos FdS,Adul. / Cri.,maio,Previsão,05-mai-2027 qua,0,0,0,0,0,0,0,-,-,NaN,0,0,0,0,0,0,0,0,0,0,-,-,NaN,0,0,0,Total mai,0,0,0,0,0,0,0,-,-,NaN,0,0,0,Total,9169,4278,3084,0,0,7614,1555,"13,64","990 695,49","73,67",3210,0,17782
Data,Ocup,Opção,Cheg,Oferta/Uso Interno,Deduz. Individ.,Deduz. Grupos,% Ocup.,Receita Quartos,Preço Médio,Saídas,Quartos FdS,Adul. / Cri.,maio,Previsão,06-mai-2027 qui,0,0,0,0,0,0,0,-,-,NaN,0,0,0,0,0,0,0,0,0,0,-,-,NaN,0,0,0,Total mai,0,0,0,0,0,0,0,-,-,NaN,0,0,0,Total,9169,4278,3084,0,0,7614,1555,"13,64","990 695,49","73,67",3210,0,17782
Data,Ocup,Opção,Cheg,Oferta/Uso Interno,Deduz. Individ.,Deduz. Grupos,% Ocup.,Receita Quartos,Preço Médio,Saídas,Quartos FdS,Adul. / Cri.,maio,Previsão,07-mai-2027 sex,0,0,0,0,0,0,0,-,-,NaN,0,0,0,0,0,0,0,0,0,0,-,-,NaN,0,0,0,Total mai,0,0,0,0,0,0,0,-,-,NaN,0,0,0,Total,9169,4278,3084,0,0,7614,1555,"13,64","990 695,49","73,67",3210,0,17782
Data,Ocup,Opção,Cheg,Oferta/Uso Interno,Deduz. Individ.,Deduz. Grupos,% Ocup.,Receita Quartos,Preço Médio,Saídas,Quartos FdS,Adul. / Cri.,maio,Previsão,08-mai-2027 sáb,0,0,0,0,0,0,0,-,-,NaN,0,0,0,0,0,0,0,0,0,0,-,-,NaN,0,0,0,Total mai,0,0,0,0,0,0,0,-,-,NaN,0,0,0,Total,9169,4278,3084,0,0,7614,1555,"13,64","990 695,49","73,67",3210,0,17782
Data,Ocup,Opção,Cheg,Oferta/Uso Interno,Deduz. Individ.,Deduz. Grupos,% Ocup.,Receita Quartos,Preço Médio,Saídas,Quartos FdS,Adul. / Cri.,maio,Previsão,09-mai-2027 dom,0,0,0,0,0,0,0,-,-,NaN,0,0,0,0,0,0,0,0,0,0,-,-,NaN,0,0,0,Total mai,0,0,0,0,0,0,0,-,-,NaN,0,0,0,Total,9169,4278,3084,0,0,7614,1555,"13,64","990 695,49","73,67",3210,0,17782
Data,Ocup,Opção,Cheg,Oferta/Uso Interno,Deduz. Individ.,Deduz. Grupos,% Ocup.,Receita Quartos,Preço Médio,Saídas,Quartos FdS,Adul. / Cri.,maio,Previsão,10-mai-2027 seg,0,0,0,0,0,0,0,-,-,NaN,0,0,0,0,0,0,0,0,0,0,-,-,NaN,0,0,0,Total mai,0,0,0,0,0,0,0,-,-,NaN,0,0,0,Total,9169,4278,3084,0,0,7614,1555,"13,64","990 695,49","73,67",3210,0,17782
Data,Ocup,Opção,Cheg,Oferta/Uso Interno,Deduz. Individ.,Deduz. Grupos,% Ocup.,Receita Quartos,Preço Médio,Saídas,Quartos FdS,Adul. / Cri.,maio,Previsão,11-mai-2027 ter,0,0,0,0,0,0,0,-,-,NaN,0,0,0,0,0,0,0,0,0,0,-,-,NaN,0,0,0,Total mai,0,0,0,0,0,0,0,-,-,NaN,0,0,0,Total,9169,4278,3084,0,0,7614,1555,"13,64","990 695,49","73,67",3210,0,17782
Data,Ocup,Opção,Cheg,Oferta/Uso Interno,Deduz. Individ.,Deduz. Grupos,% Ocup.,Receita Quartos,Preço Médio,Saídas,Quartos FdS,Adul. / Cri.,maio,Previsão,12-mai-2027 qua,0,0,0,0,0,0,0,-,-,NaN,0,0,0,0,0,0,0,0,0,0,-,-,NaN,0,0,0,Total mai,0,0,0,0,0,0,0,-,-,NaN,0,0,0,Total,9169,4278,3084,0,0,7614,1555,"13,64","990 695,49","73,67",3210,0,17782
Data,Ocup,Opção,Cheg,Oferta/Uso Interno,Deduz. Individ.,Deduz. Grupos,% Ocup.,Receita Quartos,Preço Médio,Saídas,Quartos FdS,Adul. / Cri.,maio,Previsão,13-mai-2027 qui,0,0,0,0,0,0,0,-,-,NaN,0,0,0,0,0,0,0,0,0,0,-,-,NaN,0,0,0,Total mai,0,0,0,0,0,0,0,-,-,NaN,0,0,0,Total,9169,4278,3084,0,0,7614,1555,"13,64","990 695,49","73,67",3210,0,17782
Data,Ocup,Opção,Cheg,Oferta/Uso Interno,Deduz. Individ.,Deduz. Grupos,% Ocup.,Receita Quartos,Preço Médio,Saídas,Quartos FdS,Adul. / Cri.,maio,Previsão,14-mai-2027 sex,0,0,0,0,0,0,0,-,-,NaN,0,0,0,0,0,0,0,0,0,0,-,-,NaN,0,0,0,Total mai,0,0,0,0,0,0,0,-,-,NaN,0,0,0,Total,9169,4278,3084,0,0,7614,1555,"13,64","990 695,49","73,67",3210,0,17782
Data,Ocup,Opção,Cheg,Oferta/Uso Interno,Deduz. Individ.,Deduz. Grupos,% Ocup.,Receita Quartos,Preço Médio,Saídas,Quartos FdS,Adul. / Cri.,maio,Previsão,15-mai-2027 sáb,0,0,0,0,0,0,0,-,-,NaN,0,0,0,0,0,0,0,0,0,0,-,-,NaN,0,0,0,Total mai,0,0,0,0,0,0,0,-,-,NaN,0,0,0,Total,9169,4278,3084,0,0,7614,1555,"13,64","990 695,49","73,67",3210,0,17782
Data,Ocup,Opção,Cheg,Oferta/Uso Interno,Deduz. Individ.,Deduz. Grupos,% Ocup.,Receita Quartos,Preço Médio,Saídas,Quartos FdS,Adul. / Cri.,maio,Previsão,16-mai-2027 dom,0,0,0,0,0,0,0,-,-,NaN,0,0,0,0,0,0,0,0,0,0,-,-,NaN,0,0,0,Total mai,0,0,0,0,0,0,0,-,-,NaN,0,0,0,Total,9169,4278,3084,0,0,7614,1555,"13,64","990 695,49","73,67",3210,0,17782
Data,Ocup,Opção,Cheg,Oferta/Uso Interno,Deduz. Individ.,Deduz. Grupos,% Ocup.,Receita Quartos,Preço Médio,Saídas,Quartos FdS,Adul. / Cri.,maio,Previsão,17-mai-2027 seg,0,0,0,0,0,0,0,-,-,NaN,0,0,0,0,0,0,0,0,0,0,-,-,NaN,0,0,0,Total mai,0,0,0,0,0,0,0,-,-,NaN,0,0,0,Total,9169,4278,3084,0,0,7614,1555,"13,64","990 695,49","73,67",3210,0,17782
Data,Ocup,Opção,Cheg,Oferta/Uso Interno,Deduz. Individ.,Deduz. Grupos,% Ocup.,Receita Quartos,Preço Médio,Saídas,Quartos FdS,Adul. / Cri.,maio,Previsão,18-mai-2027 ter,0,0,0,0,0,0,0,-,-,NaN,0,0,0,0,0,0,0,0,0,0,-,-,NaN,0,0,0,Total mai,0,0,0,0,0,0,0,-,-,NaN,0,0,0,Total,9169,4278,3084,0,0,7614,1555,"13,64","990 695,49","73,67",3210,0,17782
Data,Ocup,Opção,Cheg,Oferta/Uso Interno,Deduz. Individ.,Deduz. Grupos,% Ocup.,Receita Quartos,Preço Médio,Saídas,Quartos FdS,Adul. / Cri.,maio,Previsão,19-mai-2027 qua,0,0,0,0,0,0,0,-,-,NaN,0,0,0,0,0,0,0,0,0,0,-,-,NaN,0,0,0,Total mai,0,0,0,0,0,0,0,-,-,NaN,0,0,0,Total,9169,4278,3084,0,0,7614,1555,"13,64","990 695,49","73,67",3210,0,17782
Data,Ocup,Opção,Cheg,Oferta/Uso Interno,Deduz. Individ.,Deduz. Grupos,% Ocup.,Receita Quartos,Preço Médio,Saídas,Quartos FdS,Adul. / Cri.,maio,Previsão,20-mai-2027 qui,0,0,0,0,0,0,0,-,-,NaN,0,0,0,0,0,0,0,0,0,0,-,-,NaN,0,0,0,Total mai,0,0,0,0,0,0,0,-,-,NaN,0,0,0,Total,9169,4278,3084,0,0,7614,1555,"13,64","990 695,49","73,67",3210,0,17782
Data,Ocup,Opção,Cheg,Oferta/Uso Interno,Deduz. Individ.,Deduz. Grupos,% Ocup.,Receita Quartos,Preço Médio,Saídas,Quartos FdS,Adul. / Cri.,maio,Previsão,21-mai-2027 sex,0,0,0,0,0,0,0,-,-,NaN,0,0,0,0,0,0,0,0,0,0,-,-,NaN,0,0,0,Total mai,0,0,0,0,0,0,0,-,-,NaN,0,0,0,Total,9169,4278,3084,0,0,7614,1555,"13,64","990 695,49","73,67",3210,0,17782
Data,Ocup,Opção,Cheg,Oferta/Uso Interno,Deduz. Individ.,Deduz. Grupos,% Ocup.,Receita Quartos,Preço Médio,Saídas,Quartos FdS,Adul. / Cri.,maio,Previsão,22-mai-2027 sáb,0,0,0,0,0,0,0,-,-,NaN,0,0,0,0,0,0,0,0,0,0,-,-,NaN,0,0,0,Total mai,0,0,0,0,0,0,0,-,-,NaN,0,0,0,Total,9169,4278,3084,0,0,7614,1555,"13,64","990 695,49","73,67",3210,0,17782
Data,Ocup,Opção,Cheg,Oferta/Uso Interno,Deduz. Individ.,Deduz. Grupos,% Ocup.,Receita Quartos,Preço Médio,Saídas,Quartos FdS,Adul. / Cri.,maio,Previsão,23-mai-2027 dom,0,0,0,0,0,0,0,-,-,NaN,0,0,0,0,0,0,0,0,0,0,-,-,NaN,0,0,0,Total mai,0,0,0,0,0,0,0,-,-,NaN,0,0,0,Total,9169,4278,3084,0,0,7614,1555,"13,64","990 695,49","73,67",3210,0,17782
Data,Ocup,Opção,Cheg,Oferta/Uso Interno,Deduz. Individ.,Deduz. Grupos,% Ocup.,Receita Quartos,Preço Médio,Saídas,Quartos FdS,Adul. / Cri.,maio,Previsão,24-mai-2027 seg,0,0,0,0,0,0,0,-,-,NaN,0,0,0,0,0,0,0,0,0,0,-,-,NaN,0,0,0,Total mai,0,0,0,0,0,0,0,-,-,NaN,0,0,0,Total,9169,4278,3084,0,0,7614,1555,"13,64","990 695,49","73,67",3210,0,17782
Data,Ocup,Opção,Cheg,Oferta/Uso Interno,Deduz. Individ.,Deduz. Grupos,% Ocup.,Receita Quartos,Preço Médio,Saídas,Quartos FdS,Adul. / Cri.,maio,Previsão,25-mai-2027 ter,0,0,0,0,0,0,0,-,-,NaN,0,0,0,0,0,0,0,0,0,0,-,-,NaN,0,0,0,Total mai,0,0,0,0,0,0,0,-,-,NaN,0,0,0,Total,9169,4278,3084,0,0,7614,1555,"13,64","990 695,49","73,67",3210,0,17782
Data,Ocup,Opção,Cheg,Oferta/Uso Interno,Deduz. Individ.,Deduz. Grupos,% Ocup.,Receita Quartos,Preço Médio,Saídas,Quartos FdS,Adul. / Cri.,maio,Previsão,26-mai-2027 qua,0,0,0,0,0,0,0,-,-,NaN,0,0,0,0,0,0,0,0,0,0,-,-,NaN,0,0,0,Total mai,0,0,0,0,0,0,0,-,-,NaN,0,0,0,Total,9169,4278,3084,0,0,7614,1555,"13,64","990 695,49","73,67",3210,0,17782
Data,Ocup,Opção,Cheg,Oferta/Uso Interno,Deduz. Individ.,Deduz. Grupos,% Ocup.,Receita Quartos,Preço Médio,Saídas,Quartos FdS,Adul. / Cri.,maio,Previsão,27-mai-2027 qui,0,0,0,0,0,0,0,-,-,NaN,0,0,0,0,0,0,0,0,0,0,-,-,NaN,0,0,0,Total mai,0,0,0,0,0,0,0,-,-,NaN,0,0,0,Total,9169,4278,3084,0,0,7614,1555,"13,64","990 695,49","73,67",3210,0,17782
Data,Ocup,Opção,Cheg,Oferta/Uso Interno,Deduz. Individ.,Deduz. Grupos,% Ocup.,Receita Quartos,Preço Médio,Saídas,Quartos FdS,Adul. / Cri.,maio,Previsão,28-mai-2027 sex,0,0,0,0,0,0,0,-,-,NaN,0,0,0,0,0,0,0,0,0,0,-,-,NaN,0,0,0,Total mai,0,0,0,0,0,0,0,-,-,NaN,0,0,0,Total,9169,4278,3084,0,0,7614,1555,"13,64","990 695,49","73,67",3210,0,17782
Data,Ocup,Opção,Cheg,Oferta/Uso Interno,Deduz. Individ.,Deduz. Grupos,% Ocup.,Receita Quartos,Preço Médio,Saídas,Quartos FdS,Adul. / Cri.,maio,Previsão,29-mai-2027 sáb,0,0,0,0,0,0,0,-,-,NaN,0,0,0,0,0,0,0,0,0,0,-,-,NaN,0,0,0,Total mai,0,0,0,0,0,0,0,-,-,NaN,0,0,0,Total,9169,4278,3084,0,0,7614,1555,"13,64","990 695,49","73,67",3210,0,17782
Data,Ocup,Opção,Cheg,Oferta/Uso Interno,Deduz. Individ.,Deduz. Grupos,% Ocup.,Receita Quartos,Preço Médio,Saídas,Quartos FdS,Adul. / Cri.,maio,Previsão,30-mai-2027 dom,0,0,0,0,0,0,0,-,-,NaN,0,0,0,0,0,0,0,0,0,0,-,-,NaN,0,0,0,Total mai,0,0,0,0,0,0,0,-,-,NaN,0,0,0,Total,9169,4278,3084,0,0,7614,1555,"13,64","990 695,49","73,67",3210,0,17782
Data,Ocup,Opção,Cheg,Oferta/Uso Interno,Deduz. Individ.,Deduz. Grupos,% Ocup.,Receita Quartos,Preço Médio,Saídas,Quartos FdS,Adul. / Cri.,maio,Previsão,31-mai-2027 seg,0,0,0,0,0,0,0,-,-,NaN,0,0,0,0,0,0,0,0,0,0,-,-,NaN,0,0,0,Total mai,0,0,0,0,0,0,0,-,-,NaN,0,0,0,Total,9169,4278,3084,0,0,7614,1555,"13,64","990 695,49","73,67",3210,0,17782
Data,Ocup,Opção,Cheg,Oferta/Uso Interno,Deduz. Individ.,Deduz. Grupos,% Ocup.,Receita Quartos,Preço Médio,Saídas,Quartos FdS,Adul. / Cri.,junho,Previsão,01-jun-2027 ter,0,0,0,0,0,0,0,-,-,NaN,0,0,0,0,45,0,0,0,0,0,"1,11",-,-,0,0,0,Total jun,0,45,0,0,0,0,0,"1,11",-,-,0,0,0,Total,9169,4278,3084,0,0,7614,1555,"13,64","990 695,49","73,67",3210,0,17782
Data,Ocup,Opção,Cheg,Oferta/Uso Interno,Deduz. Individ.,Deduz. Grupos,% Ocup.,Receita Quartos,Preço Médio,Saídas,Quartos FdS,Adul. / Cri.,junho,Previsão,02-jun-2027 qua,0,0,0,0,0,0,0,-,-,NaN,0,0,0,0,45,0,0,0,0,0,"1,11",-,-,0,0,0,Total jun,0,45,0,0,0,0,0,"1,11",-,-,0,0,0,Total,9169,4278,3084,0,0,7614,1555,"13,64","990 695,49","73,67",3210,0,17782
Data,Ocup,Opção,Cheg,Oferta/Uso Interno,Deduz. Individ.,Deduz. Grupos,% Ocup.,Receita Quartos,Preço Médio,Saídas,Quartos FdS,Adul. / Cri.,junho,Previsão,03-jun-2027 qui,0,0,0,0,0,0,0,-,-,NaN,0,0,0,0,45,0,0,0,0,0,"1,11",-,-,0,0,0,Total jun,0,45,0,0,0,0,0,"1,11",-,-,0,0,0,Total,9169,4278,3084,0,0,7614,1555,"13,64","990 695,49","73,67",3210,0,17782
Data,Ocup,Opção,Cheg,Oferta/Uso Interno,Deduz. Individ.,Deduz. Grupos,% Ocup.,Receita Quartos,Preço Médio,Saídas,Quartos FdS,Adul. / Cri.,junho,Previsão,04-jun-2027 sex,0,0,0,0,0,0,0,-,-,NaN,0,0,0,0,45,0,0,0,0,0,"1,11",-,-,0,0,0,Total jun,0,45,0,0,0,0,0,"1,11",-,-,0,0,0,Total,9169,4278,3084,0,0,7614,1555,"13,64","990 695,49","73,67",3210,0,17782
Data,Ocup,Opção,Cheg,Oferta/Uso Interno,Deduz. Individ.,Deduz. Grupos,% Ocup.,Receita Quartos,Preço Médio,Saídas,Quartos FdS,Adul. / Cri.,junho,Previsão,05-jun-2027 sáb,0,0,0,0,0,0,0,-,-,NaN,0,0,0,0,45,0,0,0,0,0,"1,11",-,-,0,0,0,Total jun,0,45,0,0,0,0,0,"1,11",-,-,0,0,0,Total,9169,4278,3084,0,0,7614,1555,"13,64","990 695,49","73,67",3210,0,17782
Data,Ocup,Opção,Cheg,Oferta/Uso Interno,Deduz. Individ.,Deduz. Grupos,% Ocup.,Receita Quartos,Preço Médio,Saídas,Quartos FdS,Adul. / Cri.,junho,Previsão,06-jun-2027 dom,0,0,0,0,0,0,0,-,-,NaN,0,0,0,0,45,0,0,0,0,0,"1,11",-,-,0,0,0,Total jun,0,45,0,0,0,0,0,"1,11",-,-,0,0,0,Total,9169,4278,3084,0,0,7614,1555,"13,64","990 695,49","73,67",3210,0,17782
Data,Ocup,Opção,Cheg,Oferta/Uso Interno,Deduz. Individ.,Deduz. Grupos,% Ocup.,Receita Quartos,Preço Médio,Saídas,Quartos FdS,Adul. / Cri.,junho,Previsão,07-jun-2027 seg,0,0,0,0,0,0,0,-,-,NaN,0,0,0,0,45,0,0,0,0,0,"1,11",-,-,0,0,0,Total jun,0,45,0,0,0,0,0,"1,11",-,-,0,0,0,Total,9169,4278,3084,0,0,7614,1555,"13,64","990 695,49","73,67",3210,0,17782
Data,Ocup,Opção,Cheg,Oferta/Uso Interno,Deduz. Individ.,Deduz. Grupos,% Ocup.,Receita Quartos,Preço Médio,Saídas,Quartos FdS,Adul. / Cri.,junho,Previsão,08-jun-2027 ter,0,0,0,0,0,0,0,-,-,NaN,0,0,0,0,45,0,0,0,0,0,"1,11",-,-,0,0,0,Total jun,0,45,0,0,0,0,0,"1,11",-,-,0,0,0,Total,9169,4278,3084,0,0,7614,1555,"13,64","990 695,49","73,67",3210,0,17782
Data,Ocup,Opção,Cheg,Oferta/Uso Interno,Deduz. Individ.,Deduz. Grupos,% Ocup.,Receita Quartos,Preço Médio,Saídas,Quartos FdS,Adul. / Cri.,junho,Previsão,09-jun-2027 qua,0,0,0,0,0,0,0,-,-,NaN,0,0,0,0,45,0,0,0,0,0,"1,11",-,-,0,0,0,Total jun,0,45,0,0,0,0,0,"1,11",-,-,0,0,0,Total,9169,4278,3084,0,0,7614,1555,"13,64","990 695,49","73,67",3210,0,17782
Data,Ocup,Opção,Cheg,Oferta/Uso Interno,Deduz. Individ.,Deduz. Grupos,% Ocup.,Receita Quartos,Preço Médio,Saídas,Quartos FdS,Adul. / Cri.,junho,Previsão,10-jun-2027 qui,0,0,0,0,0,0,0,-,-,NaN,0,0,0,0,45,0,0,0,0,0,"1,11",-,-,0,0,0,Total jun,0,45,0,0,0,0,0,"1,11",-,-,0,0,0,Total,9169,4278,3084,0,0,7614,1555,"13,64","990 695,49","73,67",3210,0,17782
Data,Ocup,Opção,Cheg,Oferta/Uso Interno,Deduz. Individ.,Deduz. Grupos,% Ocup.,Receita Quartos,Preço Médio,Saídas,Quartos FdS,Adul. / Cri.,junho,Previsão,11-jun-2027 sex,0,0,0,0,0,0,0,-,-,NaN,0,0,0,0,45,0,0,0,0,0,"1,11",-,-,0,0,0,Total jun,0,45,0,0,0,0,0,"1,11",-,-,0,0,0,Total,9169,4278,3084,0,0,7614,1555,"13,64","990 695,49","73,67",3210,0,17782
Data,Ocup,Opção,Cheg,Oferta/Uso Interno,Deduz. Individ.,Deduz. Grupos,% Ocup.,Receita Quartos,Preço Médio,Saídas,Quartos FdS,Adul. / Cri.,junho,Previsão,12-jun-2027 sáb,0,0,0,0,0,0,0,-,-,NaN,0,0,0,0,45,0,0,0,0,0,"1,11",-,-,0,0,0,Total jun,0,45,0,0,0,0,0,"1,11",-,-,0,0,0,Total,9169,4278,3084,0,0,7614,1555,"13,64","990 695,49","73,67",3210,0,17782
Data,Ocup,Opção,Cheg,Oferta/Uso Interno,Deduz. Individ.,Deduz. Grupos,% Ocup.,Receita Quartos,Preço Médio,Saídas,Quartos FdS,Adul. / Cri.,junho,Previsão,13-jun-2027 dom,0,0,0,0,0,0,0,-,-,NaN,0,0,0,0,45,0,0,0,0,0,"1,11",-,-,0,0,0,Total jun,0,45,0,0,0,0,0,"1,11",-,-,0,0,0,Total,9169,4278,3084,0,0,7614,1555,"13,64","990 695,49","73,67",3210,0,17782
Data,Ocup,Opção,Cheg,Oferta/Uso Interno,Deduz. Individ.,Deduz. Grupos,% Ocup.,Receita Quartos,Preço Médio,Saídas,Quartos FdS,Adul. / Cri.,junho,Previsão,14-jun-2027 seg,0,0,0,0,0,0,0,-,-,NaN,0,0,0,0,45,0,0,0,0,0,"1,11",-,-,0,0,0,Total jun,0,45,0,0,0,0,0,"1,11",-,-,0,0,0,Total,9169,4278,3084,0,0,7614,1555,"13,64","990 695,49","73,67",3210,0,17782
Data,Ocup,Opção,Cheg,Oferta/Uso Interno,Deduz. Individ.,Deduz. Grupos,% Ocup.,Receita Quartos,Preço Médio,Saídas,Quartos FdS,Adul. / Cri.,junho,Previsão,15-jun-2027 ter,0,0,0,0,0,0,0,-,-,NaN,0,0,0,0,45,0,0,0,0,0,"1,11",-,-,0,0,0,Total jun,0,45,0,0,0,0,0,"1,11",-,-,0,0,0,Total,9169,4278,3084,0,0,7614,1555,"13,64","990 695,49","73,67",3210,0,17782
Data,Ocup,Opção,Cheg,Oferta/Uso Interno,Deduz. Individ.,Deduz. Grupos,% Ocup.,Receita Quartos,Preço Médio,Saídas,Quartos FdS,Adul. / Cri.,junho,Previsão,16-jun-2027 qua,0,0,0,0,0,0,0,-,-,NaN,0,0,0,0,45,0,0,0,0,0,"1,11",-,-,0,0,0,Total jun,0,45,0,0,0,0,0,"1,11",-,-,0,0,0,Total,9169,4278,3084,0,0,7614,1555,"13,64","990 695,49","73,67",3210,0,17782
Data,Ocup,Opção,Cheg,Oferta/Uso Interno,Deduz. Individ.,Deduz. Grupos,% Ocup.,Receita Quartos,Preço Médio,Saídas,Quartos FdS,Adul. / Cri.,junho,Previsão,17-jun-2027 qui,0,0,0,0,0,0,0,-,-,NaN,0,0,0,0,45,0,0,0,0,0,"1,11",-,-,0,0,0,Total jun,0,45,0,0,0,0,0,"1,11",-,-,0,0,0,Total,9169,4278,3084,0,0,7614,1555,"13,64","990 695,49","73,67",3210,0,17782
Data,Ocup,Opção,Cheg,Oferta/Uso Interno,Deduz. Individ.,Deduz. Grupos,% Ocup.,Receita Quartos,Preço Médio,Saídas,Quartos FdS,Adul. / Cri.,junho,Previsão,18-jun-2027 sex,0,0,0,0,0,0,0,-,-,NaN,0,0,0,0,45,0,0,0,0,0,"1,11",-,-,0,0,0,Total jun,0,45,0,0,0,0,0,"1,11",-,-,0,0,0,Total,9169,4278,3084,0,0,7614,1555,"13,64","990 695,49","73,67",3210,0,17782
Data,Ocup,Opção,Cheg,Oferta/Uso Interno,Deduz. Individ.,Deduz. Grupos,% Ocup.,Receita Quartos,Preço Médio,Saídas,Quartos FdS,Adul. / Cri.,junho,Previsão,19-jun-2027 sáb,0,0,0,0,0,0,0,-,-,NaN,0,0,0,0,45,0,0,0,0,0,"1,11",-,-,0,0,0,Total jun,0,45,0,0,0,0,0,"1,11",-,-,0,0,0,Total,9169,4278,3084,0,0,7614,1555,"13,64","990 695,49","73,67",3210,0,17782
Data,Ocup,Opção,Cheg,Oferta/Uso Interno,Deduz. Individ.,Deduz. Grupos,% Ocup.,Receita Quartos,Preço Médio,Saídas,Quartos FdS,Adul. / Cri.,junho,Previsão,20-jun-2027 dom,0,0,0,0,0,0,0,-,-,NaN,0,0,0,0,45,0,0,0,0,0,"1,11",-,-,0,0,0,Total jun,0,45,0,0,0,0,0,"1,11",-,-,0,0,0,Total,9169,4278,3084,0,0,7614,1555,"13,64","990 695,49","73,67",3210,0,17782
Data,Ocup,Opção,Cheg,Oferta/Uso Interno,Deduz. Individ.,Deduz. Grupos,% Ocup.,Receita Quartos,Preço Médio,Saídas,Quartos FdS,Adul. / Cri.,junho,Previsão,21-jun-2027 seg,0,0,0,0,0,0,0,-,-,NaN,0,0,0,0,45,0,0,0,0,0,"1,11",-,-,0,0,0,Total jun,0,45,0,0,0,0,0,"1,11",-,-,0,0,0,Total,9169,4278,3084,0,0,7614,1555,"13,64","990 695,49","73,67",3210,0,17782
Data,Ocup,Opção,Cheg,Oferta/Uso Interno,Deduz. Individ.,Deduz. Grupos,% Ocup.,Receita Quartos,Preço Médio,Saídas,Quartos FdS,Adul. / Cri.,junho,Previsão,22-jun-2027 ter,0,0,0,0,0,0,0,-,-,NaN,0,0,0,0,45,0,0,0,0,0,"1,11",-,-,0,0,0,Total jun,0,45,0,0,0,0,0,"1,11",-,-,0,0,0,Total,9169,4278,3084,0,0,7614,1555,"13,64","990 695,49","73,67",3210,0,17782
Data,Ocup,Opção,Cheg,Oferta/Uso Interno,Deduz. Individ.,Deduz. Grupos,% Ocup.,Receita Quartos,Preço Médio,Saídas,Quartos FdS,Adul. / Cri.,junho,Previsão,23-jun-2027 qua,0,0,0,0,0,0,0,-,-,NaN,0,0,0,0,45,0,0,0,0,0,"1,11",-,-,0,0,0,Total jun,0,45,0,0,0,0,0,"1,11",-,-,0,0,0,Total,9169,4278,3084,0,0,7614,1555,"13,64","990 695,49","73,67",3210,0,17782
Data,Ocup,Opção,Cheg,Oferta/Uso Interno,Deduz. Individ.,Deduz. Grupos,% Ocup.,Receita Quartos,Preço Médio,Saídas,Quartos FdS,Adul. / Cri.,junho,Previsão,24-jun-2027 qui,0,0,0,0,0,0,0,-,-,NaN,0,0,0,0,45,0,0,0,0,0,"1,11",-,-,0,0,0,Total jun,0,45,0,0,0,0,0,"1,11",-,-,0,0,0,Total,9169,4278,3084,0,0,7614,1555,"13,64","990 695,49","73,67",3210,0,17782
Data,Ocup,Opção,Cheg,Oferta/Uso Interno,Deduz. Individ.,Deduz. Grupos,% Ocup.,Receita Quartos,Preço Médio,Saídas,Quartos FdS,Adul. / Cri.,junho,Previsão,25-jun-2027 sex,0,0,0,0,0,0,0,-,-,NaN,0,0,0,0,45,0,0,0,0,0,"1,11",-,-,0,0,0,Total jun,0,45,0,0,0,0,0,"1,11",-,-,0,0,0,Total,9169,4278,3084,0,0,7614,1555,"13,64","990 695,49","73,67",3210,0,17782
Data,Ocup,Opção,Cheg,Oferta/Uso Interno,Deduz. Individ.,Deduz. Grupos,% Ocup.,Receita Quartos,Preço Médio,Saídas,Quartos FdS,Adul. / Cri.,junho,Previsão,26-jun-2027 sáb,0,0,0,0,0,0,0,-,-,NaN,0,0,0,0,45,0,0,0,0,0,"1,11",-,-,0,0,0,Total jun,0,45,0,0,0,0,0,"1,11",-,-,0,0,0,Total,9169,4278,3084,0,0,7614,1555,"13,64","990 695,49","73,67",3210,0,17782
Data,Ocup,Opção,Cheg,Oferta/Uso Interno,Deduz. Individ.,Deduz. Grupos,% Ocup.,Receita Quartos,Preço Médio,Saídas,Quartos FdS,Adul. / Cri.,junho,Previsão,27-jun-2027 dom,0,0,0,0,0,0,0,-,-,NaN,0,0,0,0,45,0,0,0,0,0,"1,11",-,-,0,0,0,Total jun,0,45,0,0,0,0,0,"1,11",-,-,0,0,0,Total,9169,4278,3084,0,0,7614,1555,"13,64","990 695,49","73,67",3210,0,17782
Data,Ocup,Opção,Cheg,Oferta/Uso Interno,Deduz. Individ.,Deduz. Grupos,% Ocup.,Receita Quartos,Preço Médio,Saídas,Quartos FdS,Adul. / Cri.,junho,Previsão,28-jun-2027 seg,0,15,0,0,0,0,0,"11,11",-,-,0,0,0,0,45,0,0,0,0,0,"1,11",-,-,0,0,0,Total jun,0,45,0,0,0,0,0,"1,11",-,-,0,0,0,Total,9169,4278,3084,0,0,7614,1555,"13,64","990 695,49","73,67",3210,0,17782
Data,Ocup,Opção,Cheg,Oferta/Uso Interno,Deduz. Individ.,Deduz. Grupos,% Ocup.,Receita Quartos,Preço Médio,Saídas,Quartos FdS,Adul. / Cri.,junho,Previsão,29-jun-2027 ter,0,15,0,0,0,0,0,"11,11",-,-,0,0,0,0,45,0,0,0,0,0,"1,11",-,-,0,0,0,Total jun,0,45,0,0,0,0,0,"1,11",-,-,0,0,0,Total,9169,4278,3084,0,0,7614,1555,"13,64","990 695,49","73,67",3210,0,17782
Data,Ocup,Opção,Cheg,Oferta/Uso Interno,Deduz. Individ.,Deduz. Grupos,% Ocup.,Receita Quartos,Preço Médio,Saídas,Quartos FdS,Adul. / Cri.,junho,Previsão,30-jun-2027 qua,0,15,0,0,0,0,0,"11,11",-,-,0,0,0,0,45,0,0,0,0,0,"1,11",-,-,0,0,0,Total jun,0,45,0,0,0,0,0,"1,11",-,-,0,0,0,Total,9169,4278,3084,0,0,7614,1555,"13,64","990 695,49","73,67",3210,0,17782
Data,Ocup,Opção,Cheg,Oferta/Uso Interno,Deduz. Individ.,Deduz. Grupos,% Ocup.,Receita Quartos,Preço Médio,Saídas,Quartos FdS,Adul. / Cri.,julho,Previsão,01-jul-2027 qui,0,0,0,0,0,0,0,-,-,NaN,0,0,0,0,45,0,0,0,0,0,"1,08",-,-,0,0,0,Total jul,0,45,0,0,0,0,0,"1,08",-,-,0,0,0,Total,9169,4278,3084,0,0,7614,1555,"13,64","990 695,49","73,67",3210,0,17782
Data,Ocup,Opção,Cheg,Oferta/Uso Interno,Deduz. Individ.,Deduz. Grupos,% Ocup.,Receita Quartos,Preço Médio,Saídas,Quartos FdS,Adul. / Cri.,julho,Previsão,02-jul-2027 sex,0,0,0,0,0,0,0,-,-,NaN,0,0,0,0,45,0,0,0,0,0,"1,08",-,-,0,0,0,Total jul,0,45,0,0,0,0,0,"1,08",-,-,0,0,0,Total,9169,4278,3084,0,0,7614,1555,"13,64","990 695,49","73,67",3210,0,17782
Data,Ocup,Opção,Cheg,Oferta/Uso Interno,Deduz. Individ.,Deduz. Grupos,% Ocup.,Receita Quartos,Preço Médio,Saídas,Quartos FdS,Adul. / Cri.,julho,Previsão,03-jul-2027 sáb,0,0,0,0,0,0,0,-,-,NaN,0,0,0,0,45,0,0,0,0,0,"1,08",-,-,0,0,0,Total jul,0,45,0,0,0,0,0,"1,08",-,-,0,0,0,Total,9169,4278,3084,0,0,7614,1555,"13,64","990 695,49","73,67",3210,0,17782
Data,Ocup,Opção,Cheg,Oferta/Uso Interno,Deduz. Individ.,Deduz. Grupos,% Ocup.,Receita Quartos,Preço Médio,Saídas,Quartos FdS,Adul. / Cri.,julho,Previsão,04-jul-2027 dom,0,0,0,0,0,0,0,-,-,NaN,0,0,0,0,45,0,0,0,0,0,"1,08",-,-,0,0,0,Total jul,0,45,0,0,0,0,0,"1,08",-,-,0,0,0,Total,9169,4278,3084,0,0,7614,1555,"13,64","990 695,49","73,67",3210,0,17782
Data,Ocup,Opção,Cheg,Oferta/Uso Interno,Deduz. Individ.,Deduz. Grupos,% Ocup.,Receita Quartos,Preço Médio,Saídas,Quartos FdS,Adul. / Cri.,julho,Previsão,05-jul-2027 seg,0,0,0,0,0,0,0,-,-,NaN,0,0,0,0,45,0,0,0,0,0,"1,08",-,-,0,0,0,Total jul,0,45,0,0,0,0,0,"1,08",-,-,0,0,0,Total,9169,4278,3084,0,0,7614,1555,"13,64","990 695,49","73,67",3210,0,17782
Data,Ocup,Opção,Cheg,Oferta/Uso Interno,Deduz. Individ.,Deduz. Grupos,% Ocup.,Receita Quartos,Preço Médio,Saídas,Quartos FdS,Adul. / Cri.,julho,Previsão,06-jul-2027 ter,0,0,0,0,0,0,0,-,-,NaN,0,0,0,0,45,0,0,0,0,0,"1,08",-,-,0,0,0,Total jul,0,45,0,0,0,0,0,"1,08",-,-,0,0,0,Total,9169,4278,3084,0,0,7614,1555,"13,64","990 695,49","73,67",3210,0,17782
Data,Ocup,Opção,Cheg,Oferta/Uso Interno,Deduz. Individ.,Deduz. Grupos,% Ocup.,Receita Quartos,Preço Médio,Saídas,Quartos FdS,Adul. / Cri.,julho,Previsão,07-jul-2027 qua,0,0,0,0,0,0,0,-,-,NaN,0,0,0,0,45,0,0,0,0,0,"1,08",-,-,0,0,0,Total jul,0,45,0,0,0,0,0,"1,08",-,-,0,0,0,Total,9169,4278,3084,0,0,7614,1555,"13,64","990 695,49","73,67",3210,0,17782
Data,Ocup,Opção,Cheg,Oferta/Uso Interno,Deduz. Individ.,Deduz. Grupos,% Ocup.,Receita Quartos,Preço Médio,Saídas,Quartos FdS,Adul. / Cri.,julho,Previsão,08-jul-2027 qui,0,0,0,0,0,0,0,-,-,NaN,0,0,0,0,45,0,0,0,0,0,"1,08",-,-,0,0,0,Total jul,0,45,0,0,0,0,0,"1,08",-,-,0,0,0,Total,9169,4278,3084,0,0,7614,1555,"13,64","990 695,49","73,67",3210,0,17782
Data,Ocup,Opção,Cheg,Oferta/Uso Interno,Deduz. Individ.,Deduz. Grupos,% Ocup.,Receita Quartos,Preço Médio,Saídas,Quartos FdS,Adul. / Cri.,julho,Previsão,09-jul-2027 sex,0,0,0,0,0,0,0,-,-,NaN,0,0,0,0,45,0,0,0,0,0,"1,08",-,-,0,0,0,Total jul,0,45,0,0,0,0,0,"1,08",-,-,0,0,0,Total,9169,4278,3084,0,0,7614,1555,"13,64","990 695,49","73,67",3210,0,17782
Data,Ocup,Opção,Cheg,Oferta/Uso Interno,Deduz. Individ.,Deduz. Grupos,% Ocup.,Receita Quartos,Preço Médio,Saídas,Quartos FdS,Adul. / Cri.,julho,Previsão,10-jul-2027 sáb,0,0,0,0,0,0,0,-,-,NaN,0,0,0,0,45,0,0,0,0,0,"1,08",-,-,0,0,0,Total jul,0,45,0,0,0,0,0,"1,08",-,-,0,0,0,Total,9169,4278,3084,0,0,7614,1555,"13,64","990 695,49","73,67",3210,0,17782
Data,Ocup,Opção,Cheg,Oferta/Uso Interno,Deduz. Individ.,Deduz. Grupos,% Ocup.,Receita Quartos,Preço Médio,Saídas,Quartos FdS,Adul. / Cri.,julho,Previsão,11-jul-2027 dom,0,0,0,0,0,0,0,-,-,NaN,0,0,0,0,45,0,0,0,0,0,"1,08",-,-,0,0,0,Total jul,0,45,0,0,0,0,0,"1,08",-,-,0,0,0,Total,9169,4278,3084,0,0,7614,1555,"13,64","990 695,49","73,67",3210,0,17782
Data,Ocup,Opção,Cheg,Oferta/Uso Interno,Deduz. Individ.,Deduz. Grupos,% Ocup.,Receita Quartos,Preço Médio,Saídas,Quartos FdS,Adul. / Cri.,julho,Previsão,12-jul-2027 seg,0,0,0,0,0,0,0,-,-,NaN,0,0,0,0,45,0,0,0,0,0,"1,08",-,-,0,0,0,Total jul,0,45,0,0,0,0,0,"1,08",-,-,0,0,0,Total,9169,4278,3084,0,0,7614,1555,"13,64","990 695,49","73,67",3210,0,17782
Data,Ocup,Opção,Cheg,Oferta/Uso Interno,Deduz. Individ.,Deduz. Grupos,% Ocup.,Receita Quartos,Preço Médio,Saídas,Quartos FdS,Adul. / Cri.,julho,Previsão,13-jul-2027 ter,0,0,0,0,0,0,0,-,-,NaN,0,0,0,0,45,0,0,0,0,0,"1,08",-,-,0,0,0,Total jul,0,45,0,0,0,0,0,"1,08",-,-,0,0,0,Total,9169,4278,3084,0,0,7614,1555,"13,64","990 695,49","73,67",3210,0,17782
Data,Ocup,Opção,Cheg,Oferta/Uso Interno,Deduz. Individ.,Deduz. Grupos,% Ocup.,Receita Quartos,Preço Médio,Saídas,Quartos FdS,Adul. / Cri.,julho,Previsão,14-jul-2027 qua,0,0,0,0,0,0,0,-,-,NaN,0,0,0,0,45,0,0,0,0,0,"1,08",-,-,0,0,0,Total jul,0,45,0,0,0,0,0,"1,08",-,-,0,0,0,Total,9169,4278,3084,0,0,7614,1555,"13,64","990 695,49","73,67",3210,0,17782
Data,Ocup,Opção,Cheg,Oferta/Uso Interno,Deduz. Individ.,Deduz. Grupos,% Ocup.,Receita Quartos,Preço Médio,Saídas,Quartos FdS,Adul. / Cri.,julho,Previsão,15-jul-2027 qui,0,0,0,0,0,0,0,-,-,NaN,0,0,0,0,45,0,0,0,0,0,"1,08",-,-,0,0,0,Total jul,0,45,0,0,0,0,0,"1,08",-,-,0,0,0,Total,9169,4278,3084,0,0,7614,1555,"13,64","990 695,49","73,67",3210,0,17782
Data,Ocup,Opção,Cheg,Oferta/Uso Interno,Deduz. Individ.,Deduz. Grupos,% Ocup.,Receita Quartos,Preço Médio,Saídas,Quartos FdS,Adul. / Cri.,julho,Previsão,16-jul-2027 sex,0,0,0,0,0,0,0,-,-,NaN,0,0,0,0,45,0,0,0,0,0,"1,08",-,-,0,0,0,Total jul,0,45,0,0,0,0,0,"1,08",-,-,0,0,0,Total,9169,4278,3084,0,0,7614,1555,"13,64","990 695,49","73,67",3210,0,17782
Data,Ocup,Opção,Cheg,Oferta/Uso Interno,Deduz. Individ.,Deduz. Grupos,% Ocup.,Receita Quartos,Preço Médio,Saídas,Quartos FdS,Adul. / Cri.,julho,Previsão,17-jul-2027 sáb,0,0,0,0,0,0,0,-,-,NaN,0,0,0,0,45,0,0,0,0,0,"1,08",-,-,0,0,0,Total jul,0,45,0,0,0,0,0,"1,08",-,-,0,0,0,Total,9169,4278,3084,0,0,7614,1555,"13,64","990 695,49","73,67",3210,0,17782
Data,Ocup,Opção,Cheg,Oferta/Uso Interno,Deduz. Individ.,Deduz. Grupos,% Ocup.,Receita Quartos,Preço Médio,Saídas,Quartos FdS,Adul. / Cri.,julho,Previsão,18-jul-2027 dom,0,0,0,0,0,0,0,-,-,NaN,0,0,0,0,45,0,0,0,0,0,"1,08",-,-,0,0,0,Total jul,0,45,0,0,0,0,0,"1,08",-,-,0,0,0,Total,9169,4278,3084,0,0,7614,1555,"13,64","990 695,49","73,67",3210,0,17782
Data,Ocup,Opção,Cheg,Oferta/Uso Interno,Deduz. Individ.,Deduz. Grupos,% Ocup.,Receita Quartos,Preço Médio,Saídas,Quartos FdS,Adul. / Cri.,julho,Previsão,19-jul-2027 seg,0,15,0,0,0,0,0,"11,11",-,-,0,0,0,0,45,0,0,0,0,0,"1,08",-,-,0,0,0,Total jul,0,45,0,0,0,0,0,"1,08",-,-,0,0,0,Total,9169,4278,3084,0,0,7614,1555,"13,64","990 695,49","73,67",3210,0,17782
Data,Ocup,Opção,Cheg,Oferta/Uso Interno,Deduz. Individ.,Deduz. Grupos,% Ocup.,Receita Quartos,Preço Médio,Saídas,Quartos FdS,Adul. / Cri.,julho,Previsão,20-jul-2027 ter,0,15,0,0,0,0,0,"11,11",-,-,0,0,0,0,45,0,0,0,0,0,"1,08",-,-,0,0,0,Total jul,0,45,0,0,0,0,0,"1,08",-,-,0,0,0,Total,9169,4278,3084,0,0,7614,1555,"13,64","990 695,49","73,67",3210,0,17782
Data,Ocup,Opção,Cheg,Oferta/Uso Interno,Deduz. Individ.,Deduz. Grupos,% Ocup.,Receita Quartos,Preço Médio,Saídas,Quartos FdS,Adul. / Cri.,julho,Previsão,21-jul-2027 qua,0,15,0,0,0,0,0,"11,11",-,-,0,0,0,0,45,0,0,0,0,0,"1,08",-,-,0,0,0,Total jul,0,45,0,0,0,0,0,"1,08",-,-,0,0,0,Total,9169,4278,3084,0,0,7614,1555,"13,64","990 695,49","73,67",3210,0,17782
Data,Ocup,Opção,Cheg,Oferta/Uso Interno,Deduz. Individ.,Deduz. Grupos,% Ocup.,Receita Quartos,Preço Médio,Saídas,Quartos FdS,Adul. / Cri.,julho,Previsão,22-jul-2027 qui,0,0,0,0,0,0,0,-,-,NaN,0,0,0,0,45,0,0,0,0,0,"1,08",-,-,0,0,0,Total jul,0,45,0,0,0,0,0,"1,08",-,-,0,0,0,Total,9169,4278,3084,0,0,7614,1555,"13,64","990 695,49","73,67",3210,0,17782
Data,Ocup,Opção,Cheg,Oferta/Uso Interno,Deduz. Individ.,Deduz. Grupos,% Ocup.,Receita Quartos,Preço Médio,Saídas,Quartos FdS,Adul. / Cri.,julho,Previsão,23-jul-2027 sex,0,0,0,0,0,0,0,-,-,NaN,0,0,0,0,45,0,0,0,0,0,"1,08",-,-,0,0,0,Total jul,0,45,0,0,0,0,0,"1,08",-,-,0,0,0,Total,9169,4278,3084,0,0,7614,1555,"13,64","990 695,49","73,67",3210,0,17782
Data,Ocup,Opção,Cheg,Oferta/Uso Interno,Deduz. Individ.,Deduz. Grupos,% Ocup.,Receita Quartos,Preço Médio,Saídas,Quartos FdS,Adul. / Cri.,julho,Previsão,24-jul-2027 sáb,0,0,0,0,0,0,0,-,-,NaN,0,0,0,0,45,0,0,0,0,0,"1,08",-,-,0,0,0,Total jul,0,45,0,0,0,0,0,"1,08",-,-,0,0,0,Total,9169,4278,3084,0,0,7614,1555,"13,64","990 695,49","73,67",3210,0,17782
Data,Ocup,Opção,Cheg,Oferta/Uso Interno,Deduz. Individ.,Deduz. Grupos,% Ocup.,Receita Quartos,Preço Médio,Saídas,Quartos FdS,Adul. / Cri.,julho,Previsão,25-jul-2027 dom,0,0,0,0,0,0,0,-,-,NaN,0,0,0,0,45,0,0,0,0,0,"1,08",-,-,0,0,0,Total jul,0,45,0,0,0,0,0,"1,08",-,-,0,0,0,Total,9169,4278,3084,0,0,7614,1555,"13,64","990 695,49","73,67",3210,0,17782
Data,Ocup,Opção,Cheg,Oferta/Uso Interno,Deduz. Individ.,Deduz. Grupos,% Ocup.,Receita Quartos,Preço Médio,Saídas,Quartos FdS,Adul. / Cri.,julho,Previsão,26-jul-2027 seg,0,0,0,0,0,0,0,-,-,NaN,0,0,0,0,45,0,0,0,0,0,"1,08",-,-,0,0,0,Total jul,0,45,0,0,0,0,0,"1,08",-,-,0,0,0,Total,9169,4278,3084,0,0,7614,1555,"13,64","990 695,49","73,67",3210,0,17782
Data,Ocup,Opção,Cheg,Oferta/Uso Interno,Deduz. Individ.,Deduz. Grupos,% Ocup.,Receita Quartos,Preço Médio,Saídas,Quartos FdS,Adul. / Cri.,julho,Previsão,27-jul-2027 ter,0,0,0,0,0,0,0,-,-,NaN,0,0,0,0,45,0,0,0,0,0,"1,08",-,-,0,0,0,Total jul,0,45,0,0,0,0,0,"1,08",-,-,0,0,0,Total,9169,4278,3084,0,0,7614,1555,"13,64","990 695,49","73,67",3210,0,17782
Data,Ocup,Opção,Cheg,Oferta/Uso Interno,Deduz. Individ.,Deduz. Grupos,% Ocup.,Receita Quartos,Preço Médio,Saídas,Quartos FdS,Adul. / Cri.,julho,Previsão,28-jul-2027 qua,0,0,0,0,0,0,0,-,-,NaN,0,0,0,0,45,0,0,0,0,0,"1,08",-,-,0,0,0,Total jul,0,45,0,0,0,0,0,"1,08",-,-,0,0,0,Total,9169,4278,3084,0,0,7614,1555,"13,64","990 695,49","73,67",3210,0,17782
Data,Ocup,Opção,Cheg,Oferta/Uso Interno,Deduz. Individ.,Deduz. Grupos,% Ocup.,Receita Quartos,Preço Médio,Saídas,Quartos FdS,Adul. / Cri.,julho,Previsão,29-jul-2027 qui,0,0,0,0,0,0,0,-,-,NaN,0,0,0,0,45,0,0,0,0,0,"1,08",-,-,0,0,0,Total jul,0,45,0,0,0,0,0,"1,08",-,-,0,0,0,Total,9169,4278,3084,0,0,7614,1555,"13,64","990 695,49","73,67",3210,0,17782
Data,Ocup,Opção,Cheg,Oferta/Uso Interno,Deduz. Individ.,Deduz. Grupos,% Ocup.,Receita Quartos,Preço Médio,Saídas,Quartos FdS,Adul. / Cri.,julho,Previsão,30-jul-2027 sex,0,0,0,0,0,0,0,-,-,NaN,0,0,0,0,45,0,0,0,0,0,"1,08",-,-,0,0,0,Total jul,0,45,0,0,0,0,0,"1,08",-,-,0,0,0,Total,9169,4278,3084,0,0,7614,1555,"13,64","990 695,49","73,67",3210,0,17782
Data,Ocup,Opção,Cheg,Oferta/Uso Interno,Deduz. Individ.,Deduz. Grupos,% Ocup.,Receita Quartos,Preço Médio,Saídas,Quartos FdS,Adul. / Cri.,julho,Previsão,31-jul-2027 sáb,0,0,0,0,0,0,0,-,-,NaN,0,0,0,0,45,0,0,0,0,0,"1,08",-,-,0,0,0,Total jul,0,45,0,0,0,0,0,"1,08",-,-,0,0,0,Total,9169,4278,3084,0,0,7614,1555,"13,64","990 695,49","73,67",3210,0,17782
Data,Ocup,Opção,Cheg,Oferta/Uso Interno,Deduz. Individ.,Deduz. Grupos,% Ocup.,Receita Quartos,Preço Médio,Saídas,Quartos FdS,Adul. / Cri.,agosto,Previsão,01-ago-2027 dom,0,0,0,0,0,0,0,-,-,NaN,0,0,0,0,90,0,0,0,0,0,"2,15",-,-,0,0,0,Total ago,0,90,0,0,0,0,0,"2,15",-,-,0,0,0,Total,9169,4278,3084,0,0,7614,1555,"13,64","990 695,49","73,67",3210,0,17782
Data,Ocup,Opção,Cheg,Oferta/Uso Interno,Deduz. Individ.,Deduz. Grupos,% Ocup.,Receita Quartos,Preço Médio,Saídas,Quartos FdS,Adul. / Cri.,agosto,Previsão,02-ago-2027 seg,0,0,0,0,0,0,0,-,-,NaN,0,0,0,0,90,0,0,0,0,0,"2,15",-,-,0,0,0,Total ago,0,90,0,0,0,0,0,"2,15",-,-,0,0,0,Total,9169,4278,3084,0,0,7614,1555,"13,64","990 695,49","73,67",3210,0,17782
Data,Ocup,Opção,Cheg,Oferta/Uso Interno,Deduz. Individ.,Deduz. Grupos,% Ocup.,Receita Quartos,Preço Médio,Saídas,Quartos FdS,Adul. / Cri.,agosto,Previsão,03-ago-2027 ter,0,0,0,0,0,0,0,-,-,NaN,0,0,0,0,90,0,0,0,0,0,"2,15",-,-,0,0,0,Total ago,0,90,0,0,0,0,0,"2,15",-,-,0,0,0,Total,9169,4278,3084,0,0,7614,1555,"13,64","990 695,49","73,67",3210,0,17782
Data,Ocup,Opção,Cheg,Oferta/Uso Interno,Deduz. Individ.,Deduz. Grupos,% Ocup.,Receita Quartos,Preço Médio,Saídas,Quartos FdS,Adul. / Cri.,agosto,Previsão,04-ago-2027 qua,0,0,0,0,0,0,0,-,-,NaN,0,0,0,0,90,0,0,0,0,0,"2,15",-,-,0,0,0,Total ago,0,90,0,0,0,0,0,"2,15",-,-,0,0,0,Total,9169,4278,3084,0,0,7614,1555,"13,64","990 695,49","73,67",3210,0,17782
Data,Ocup,Opção,Cheg,Oferta/Uso Interno,Deduz. Individ.,Deduz. Grupos,% Ocup.,Receita Quartos,Preço Médio,Saídas,Quartos FdS,Adul. / Cri.,agosto,Previsão,05-ago-2027 qui,0,0,0,0,0,0,0,-,-,NaN,0,0,0,0,90,0,0,0,0,0,"2,15",-,-,0,0,0,Total ago,0,90,0,0,0,0,0,"2,15",-,-,0,0,0,Total,9169,4278,3084,0,0,7614,1555,"13,64","990 695,49","73,67",3210,0,17782
Data,Ocup,Opção,Cheg,Oferta/Uso Interno,Deduz. Individ.,Deduz. Grupos,% Ocup.,Receita Quartos,Preço Médio,Saídas,Quartos FdS,Adul. / Cri.,agosto,Previsão,06-ago-2027 sex,0,0,0,0,0,0,0,-,-,NaN,0,0,0,0,90,0,0,0,0,0,"2,15",-,-,0,0,0,Total ago,0,90,0,0,0,0,0,"2,15",-,-,0,0,0,Total,9169,4278,3084,0,0,7614,1555,"13,64","990 695,49","73,67",3210,0,17782
Data,Ocup,Opção,Cheg,Oferta/Uso Interno,Deduz. Individ.,Deduz. Grupos,% Ocup.,Receita Quartos,Preço Médio,Saídas,Quartos FdS,Adul. / Cri.,agosto,Previsão,07-ago-2027 sáb,0,0,0,0,0,0,0,-,-,NaN,0,0,0,0,90,0,0,0,0,0,"2,15",-,-,0,0,0,Total ago,0,90,0,0,0,0,0,"2,15",-,-,0,0,0,Total,9169,4278,3084,0,0,7614,1555,"13,64","990 695,49","73,67",3210,0,17782
Data,Ocup,Opção,Cheg,Oferta/Uso Interno,Deduz. Individ.,Deduz. Grupos,% Ocup.,Receita Quartos,Preço Médio,Saídas,Quartos FdS,Adul. / Cri.,agosto,Previsão,08-ago-2027 dom,0,0,0,0,0,0,0,-,-,NaN,0,0,0,0,90,0,0,0,0,0,"2,15",-,-,0,0,0,Total ago,0,90,0,0,0,0,0,"2,15",-,-,0,0,0,Total,9169,4278,3084,0,0,7614,1555,"13,64","990 695,49","73,67",3210,0,17782
Data,Ocup,Opção,Cheg,Oferta/Uso Interno,Deduz. Individ.,Deduz. Grupos,% Ocup.,Receita Quartos,Preço Médio,Saídas,Quartos FdS,Adul. / Cri.,agosto,Previsão,09-ago-2027 seg,0,15,0,0,0,0,0,"11,11",-,-,0,0,0,0,90,0,0,0,0,0,"2,15",-,-,0,0,0,Total ago,0,90,0,0,0,0,0,"2,15",-,-,0,0,0,Total,9169,4278,3084,0,0,7614,1555,"13,64","990 695,49","73,67",3210,0,17782
Data,Ocup,Opção,Cheg,Oferta/Uso Interno,Deduz. Individ.,Deduz. Grupos,% Ocup.,Receita Quartos,Preço Médio,Saídas,Quartos FdS,Adul. / Cri.,agosto,Previsão,10-ago-2027 ter,0,15,0,0,0,0,0,"11,11",-,-,0,0,0,0,90,0,0,0,0,0,"2,15",-,-,0,0,0,Total ago,0,90,0,0,0,0,0,"2,15",-,-,0,0,0,Total,9169,4278,3084,0,0,7614,1555,"13,64","990 695,49","73,67",3210,0,17782
Data,Ocup,Opção,Cheg,Oferta/Uso Interno,Deduz. Individ.,Deduz. Grupos,% Ocup.,Receita Quartos,Preço Médio,Saídas,Quartos FdS,Adul. / Cri.,agosto,Previsão,11-ago-2027 qua,0,15,0,0,0,0,0,"11,11",-,-,0,0,0,0,90,0,0,0,0,0,"2,15",-,-,0,0,0,Total ago,0,90,0,0,0,0,0,"2,15",-,-,0,0,0,Total,9169,4278,3084,0,0,7614,1555,"13,64","990 695,49","73,67",3210,0,17782
Data,Ocup,Opção,Cheg,Oferta/Uso Interno,Deduz. Individ.,Deduz. Grupos,% Ocup.,Receita Quartos,Preço Médio,Saídas,Quartos FdS,Adul. / Cri.,agosto,Previsão,12-ago-2027 qui,0,0,0,0,0,0,0,-,-,NaN,0,0,0,0,90,0,0,0,0,0,"2,15",-,-,0,0,0,Total ago,0,90,0,0,0,0,0,"2,15",-,-,0,0,0,Total,9169,4278,3084,0,0,7614,1555,"13,64","990 695,49","73,67",3210,0,17782
Data,Ocup,Opção,Cheg,Oferta/Uso Interno,Deduz. Individ.,Deduz. Grupos,% Ocup.,Receita Quartos,Preço Médio,Saídas,Quartos FdS,Adul. / Cri.,agosto,Previsão,13-ago-2027 sex,0,0,0,0,0,0,0,-,-,NaN,0,0,0,0,90,0,0,0,0,0,"2,15",-,-,0,0,0,Total ago,0,90,0,0,0,0,0,"2,15",-,-,0,0,0,Total,9169,4278,3084,0,0,7614,1555,"13,64","990 695,49","73,67",3210,0,17782
Data,Ocup,Opção,Cheg,Oferta/Uso Interno,Deduz. Individ.,Deduz. Grupos,% Ocup.,Receita Quartos,Preço Médio,Saídas,Quartos FdS,Adul. / Cri.,agosto,Previsão,14-ago-2027 sáb,0,0,0,0,0,0,0,-,-,NaN,0,0,0,0,90,0,0,0,0,0,"2,15",-,-,0,0,0,Total ago,0,90,0,0,0,0,0,"2,15",-,-,0,0,0,Total,9169,4278,3084,0,0,7614,1555,"13,64","990 695,49","73,67",3210,0,17782
Data,Ocup,Opção,Cheg,Oferta/Uso Interno,Deduz. Individ.,Deduz. Grupos,% Ocup.,Receita Quartos,Preço Médio,Saídas,Quartos FdS,Adul. / Cri.,agosto,Previsão,15-ago-2027 dom,0,0,0,0,0,0,0,-,-,NaN,0,0,0,0,90,0,0,0,0,0,"2,15",-,-,0,0,0,Total ago,0,90,0,0,0,0,0,"2,15",-,-,0,0,0,Total,9169,4278,3084,0,0,7614,1555,"13,64","990 695,49","73,67",3210,0,17782
Data,Ocup,Opção,Cheg,Oferta/Uso Interno,Deduz. Individ.,Deduz. Grupos,% Ocup.,Receita Quartos,Preço Médio,Saídas,Quartos FdS,Adul. / Cri.,agosto,Previsão,16-ago-2027 seg,0,0,0,0,0,0,0,-,-,NaN,0,0,0,0,90,0,0,0,0,0,"2,15",-,-,0,0,0,Total ago,0,90,0,0,0,0,0,"2,15",-,-,0,0,0,Total,9169,4278,3084,0,0,7614,1555,"13,64","990 695,49","73,67",3210,0,17782
Data,Ocup,Opção,Cheg,Oferta/Uso Interno,Deduz. Individ.,Deduz. Grupos,% Ocup.,Receita Quartos,Preço Médio,Saídas,Quartos FdS,Adul. / Cri.,agosto,Previsão,17-ago-2027 ter,0,0,0,0,0,0,0,-,-,NaN,0,0,0,0,90,0,0,0,0,0,"2,15",-,-,0,0,0,Total ago,0,90,0,0,0,0,0,"2,15",-,-,0,0,0,Total,9169,4278,3084,0,0,7614,1555,"13,64","990 695,49","73,67",3210,0,17782
Data,Ocup,Opção,Cheg,Oferta/Uso Interno,Deduz. Individ.,Deduz. Grupos,% Ocup.,Receita Quartos,Preço Médio,Saídas,Quartos FdS,Adul. / Cri.,agosto,Previsão,18-ago-2027 qua,0,0,0,0,0,0,0,-,-,NaN,0,0,0,0,90,0,0,0,0,0,"2,15",-,-,0,0,0,Total ago,0,90,0,0,0,0,0,"2,15",-,-,0,0,0,Total,9169,4278,3084,0,0,7614,1555,"13,64","990 695,49","73,67",3210,0,17782
Data,Ocup,Opção,Cheg,Oferta/Uso Interno,Deduz. Individ.,Deduz. Grupos,% Ocup.,Receita Quartos,Preço Médio,Saídas,Quartos FdS,Adul. / Cri.,agosto,Previsão,19-ago-2027 qui,0,0,0,0,0,0,0,-,-,NaN,0,0,0,0,90,0,0,0,0,0,"2,15",-,-,0,0,0,Total ago,0,90,0,0,0,0,0,"2,15",-,-,0,0,0,Total,9169,4278,3084,0,0,7614,1555,"13,64","990 695,49","73,67",3210,0,17782
Data,Ocup,Opção,Cheg,Oferta/Uso Interno,Deduz. Individ.,Deduz. Grupos,% Ocup.,Receita Quartos,Preço Médio,Saídas,Quartos FdS,Adul. / Cri.,agosto,Previsão,20-ago-2027 sex,0,0,0,0,0,0,0,-,-,NaN,0,0,0,0,90,0,0,0,0,0,"2,15",-,-,0,0,0,Total ago,0,90,0,0,0,0,0,"2,15",-,-,0,0,0,Total,9169,4278,3084,0,0,7614,1555,"13,64","990 695,49","73,67",3210,0,17782
Data,Ocup,Opção,Cheg,Oferta/Uso Interno,Deduz. Individ.,Deduz. Grupos,% Ocup.,Receita Quartos,Preço Médio,Saídas,Quartos FdS,Adul. / Cri.,agosto,Previsão,21-ago-2027 sáb,0,0,0,0,0,0,0,-,-,NaN,0,0,0,0,90,0,0,0,0,0,"2,15",-,-,0,0,0,Total ago,0,90,0,0,0,0,0,"2,15",-,-,0,0,0,Total,9169,4278,3084,0,0,7614,1555,"13,64","990 695,49","73,67",3210,0,17782
Data,Ocup,Opção,Cheg,Oferta/Uso Interno,Deduz. Individ.,Deduz. Grupos,% Ocup.,Receita Quartos,Preço Médio,Saídas,Quartos FdS,Adul. / Cri.,agosto,Previsão,22-ago-2027 dom,0,0,0,0,0,0,0,-,-,NaN,0,0,0,0,90,0,0,0,0,0,"2,15",-,-,0,0,0,Total ago,0,90,0,0,0,0,0,"2,15",-,-,0,0,0,Total,9169,4278,3084,0,0,7614,1555,"13,64","990 695,49","73,67",3210,0,17782
Data,Ocup,Opção,Cheg,Oferta/Uso Interno,Deduz. Individ.,Deduz. Grupos,% Ocup.,Receita Quartos,Preço Médio,Saídas,Quartos FdS,Adul. / Cri.,agosto,Previsão,23-ago-2027 seg,0,15,0,0,0,0,0,"11,11",-,-,0,0,0,0,90,0,0,0,0,0,"2,15",-,-,0,0,0,Total ago,0,90,0,0,0,0,0,"2,15",-,-,0,0,0,Total,9169,4278,3084,0,0,7614,1555,"13,64","990 695,49","73,67",3210,0,17782
Data,Ocup,Opção,Cheg,Oferta/Uso Interno,Deduz. Individ.,Deduz. Grupos,% Ocup.,Receita Quartos,Preço Médio,Saídas,Quartos FdS,Adul. / Cri.,agosto,Previsão,24-ago-2027 ter,0,15,0,0,0,0,0,"11,11",-,-,0,0,0,0,90,0,0,0,0,0,"2,15",-,-,0,0,0,Total ago,0,90,0,0,0,0,0,"2,15",-,-,0,0,0,Total,9169,4278,3084,0,0,7614,1555,"13,64","990 695,49","73,67",3210,0,17782
Data,Ocup,Opção,Cheg,Oferta/Uso Interno,Deduz. Individ.,Deduz. Grupos,% Ocup.,Receita Quartos,Preço Médio,Saídas,Quartos FdS,Adul. / Cri.,agosto,Previsão,25-ago-2027 qua,0,15,0,0,0,0,0,"11,11",-,-,0,0,0,0,90,0,0,0,0,0,"2,15",-,-,0,0,0,Total ago,0,90,0,0,0,0,0,"2,15",-,-,0,0,0,Total,9169,4278,3084,0,0,7614,1555,"13,64","990 695,49","73,67",3210,0,17782
Data,Ocup,Opção,Cheg,Oferta/Uso Interno,Deduz. Individ.,Deduz. Grupos,% Ocup.,Receita Quartos,Preço Médio,Saídas,Quartos FdS,Adul. / Cri.,agosto,Previsão,26-ago-2027 qui,0,0,0,0,0,0,0,-,-,NaN,0,0,0,0,90,0,0,0,0,0,"2,15",-,-,0,0,0,Total ago,0,90,0,0,0,0,0,"2,15",-,-,0,0,0,Total,9169,4278,3084,0,0,7614,1555,"13,64","990 695,49","73,67",3210,0,17782
Data,Ocup,Opção,Cheg,Oferta/Uso Interno,Deduz. Individ.,Deduz. Grupos,% Ocup.,Receita Quartos,Preço Médio,Saídas,Quartos FdS,Adul. / Cri.,agosto,Previsão,27-ago-2027 sex,0,0,0,0,0,0,0,-,-,NaN,0,0,0,0,90,0,0,0,0,0,"2,15",-,-,0,0,0,Total ago,0,90,0,0,0,0,0,"2,15",-,-,0,0,0,Total,9169,4278,3084,0,0,7614,1555,"13,64","990 695,49","73,67",3210,0,17782
Data,Ocup,Opção,Cheg,Oferta/Uso Interno,Deduz. Individ.,Deduz. Grupos,% Ocup.,Receita Quartos,Preço Médio,Saídas,Quartos FdS,Adul. / Cri.,agosto,Previsão,28-ago-2027 sáb,0,0,0,0,0,0,0,-,-,NaN,0,0,0,0,90,0,0,0,0,0,"2,15",-,-,0,0,0,Total ago,0,90,0,0,0,0,0,"2,15",-,-,0,0,0,Total,9169,4278,3084,0,0,7614,1555,"13,64","990 695,49","73,67",3210,0,17782
Data,Ocup,Opção,Cheg,Oferta/Uso Interno,Deduz. Individ.,Deduz. Grupos,% Ocup.,Receita Quartos,Preço Médio,Saídas,Quartos FdS,Adul. / Cri.,agosto,Previsão,29-ago-2027 dom,0,0,0,0,0,0,0,-,-,NaN,0,0,0,0,90,0,0,0,0,0,"2,15",-,-,0,0,0,Total ago,0,90,0,0,0,0,0,"2,15",-,-,0,0,0,Total,9169,4278,3084,0,0,7614,1555,"13,64","990 695,49","73,67",3210,0,17782
Data,Ocup,Opção,Cheg,Oferta/Uso Interno,Deduz. Individ.,Deduz. Grupos,% Ocup.,Receita Quartos,Preço Médio,Saídas,Quartos FdS,Adul. / Cri.,agosto,Previsão,30-ago-2027 seg,0,0,0,0,0,0,0,-,-,NaN,0,0,0,0,90,0,0,0,0,0,"2,15",-,-,0,0,0,Total ago,0,90,0,0,0,0,0,"2,15",-,-,0,0,0,Total,9169,4278,3084,0,0,7614,1555,"13,64","990 695,49","73,67",3210,0,17782
Data,Ocup,Opção,Cheg,Oferta/Uso Interno,Deduz. Individ.,Deduz. Grupos,% Ocup.,Receita Quartos,Preço Médio,Saídas,Quartos FdS,Adul. / Cri.,agosto,Previsão,31-ago-2027 ter,0,0,0,0,0,0,0,-,-,NaN,0,0,0,0,90,0,0,0,0,0,"2,15",-,-,0,0,0,Total ago,0,90,0,0,0,0,0,"2,15",-,-,0,0,0,Total,9169,4278,3084,0,0,7614,1555,"13,64","990 695,49","73,67",3210,0,17782
Data,Ocup,Opção,Cheg,Oferta/Uso Interno,Deduz. Individ.,Deduz. Grupos,% Ocup.,Receita Quartos,Preço Médio,Saídas,Quartos FdS,Adul. / Cri.,setembro,Previsão,01-set-2027 qua,0,0,0,0,0,0,0,-,-,NaN,0,0,0,0,0,0,0,0,0,0,-,-,NaN,0,0,0,Total set,0,0,0,0,0,0,0,-,-,NaN,0,0,0,Total,9169,4278,3084,0,0,7614,1555,"13,64","990 695,49","73,67",3210,0,17782
Data,Ocup,Opção,Cheg,Oferta/Uso Interno,Deduz. Individ.,Deduz. Grupos,% Ocup.,Receita Quartos,Preço Médio,Saídas,Quartos FdS,Adul. / Cri.,setembro,Previsão,02-set-2027 qui,0,0,0,0,0,0,0,-,-,NaN,0,0,0,0,0,0,0,0,0,0,-,-,NaN,0,0,0,Total set,0,0,0,0,0,0,0,-,-,NaN,0,0,0,Total,9169,4278,3084,0,0,7614,1555,"13,64","990 695,49","73,67",3210,0,17782
Data,Ocup,Opção,Cheg,Oferta/Uso Interno,Deduz. Individ.,Deduz. Grupos,% Ocup.,Receita Quartos,Preço Médio,Saídas,Quartos FdS,Adul. / Cri.,setembro,Previsão,03-set-2027 sex,0,0,0,0,0,0,0,-,-,NaN,0,0,0,0,0,0,0,0,0,0,-,-,NaN,0,0,0,Total set,0,0,0,0,0,0,0,-,-,NaN,0,0,0,Total,9169,4278,3084,0,0,7614,1555,"13,64","990 695,49","73,67",3210,0,17782
Data,Ocup,Opção,Cheg,Oferta/Uso Interno,Deduz. Individ.,Deduz. Grupos,% Ocup.,Receita Quartos,Preço Médio,Saídas,Quartos FdS,Adul. / Cri.,setembro,Previsão,04-set-2027 sáb,0,0,0,0,0,0,0,-,-,NaN,0,0,0,0,0,0,0,0,0,0,-,-,NaN,0,0,0,Total set,0,0,0,0,0,0,0,-,-,NaN,0,0,0,Total,9169,4278,3084,0,0,7614,1555,"13,64","990 695,49","73,67",3210,0,17782
Data,Ocup,Opção,Cheg,Oferta/Uso Interno,Deduz. Individ.,Deduz. Grupos,% Ocup.,Receita Quartos,Preço Médio,Saídas,Quartos FdS,Adul. / Cri.,setembro,Previsão,05-set-2027 dom,0,0,0,0,0,0,0,-,-,NaN,0,0,0,0,0,0,0,0,0,0,-,-,NaN,0,0,0,Total set,0,0,0,0,0,0,0,-,-,NaN,0,0,0,Total,9169,4278,3084,0,0,7614,1555,"13,64","990 695,49","73,67",3210,0,17782
Data,Ocup,Opção,Cheg,Oferta/Uso Interno,Deduz. Individ.,Deduz. Grupos,% Ocup.,Receita Quartos,Preço Médio,Saídas,Quartos FdS,Adul. / Cri.,setembro,Previsão,06-set-2027 seg,0,0,0,0,0,0,0,-,-,NaN,0,0,0,0,0,0,0,0,0,0,-,-,NaN,0,0,0,Total set,0,0,0,0,0,0,0,-,-,NaN,0,0,0,Total,9169,4278,3084,0,0,7614,1555,"13,64","990 695,49","73,67",3210,0,17782
Data,Ocup,Opção,Cheg,Oferta/Uso Interno,Deduz. Individ.,Deduz. Grupos,% Ocup.,Receita Quartos,Preço Médio,Saídas,Quartos FdS,Adul. / Cri.,setembro,Previsão,07-set-2027 ter,0,0,0,0,0,0,0,-,-,NaN,0,0,0,0,0,0,0,0,0,0,-,-,NaN,0,0,0,Total set,0,0,0,0,0,0,0,-,-,NaN,0,0,0,Total,9169,4278,3084,0,0,7614,1555,"13,64","990 695,49","73,67",3210,0,17782
Data,Ocup,Opção,Cheg,Oferta/Uso Interno,Deduz. Individ.,Deduz. Grupos,% Ocup.,Receita Quartos,Preço Médio,Saídas,Quartos FdS,Adul. / Cri.,setembro,Previsão,08-set-2027 qua,0,0,0,0,0,0,0,-,-,NaN,0,0,0,0,0,0,0,0,0,0,-,-,NaN,0,0,0,Total set,0,0,0,0,0,0,0,-,-,NaN,0,0,0,Total,9169,4278,3084,0,0,7614,1555,"13,64","990 695,49","73,67",3210,0,17782
Data,Ocup,Opção,Cheg,Oferta/Uso Interno,Deduz. Individ.,Deduz. Grupos,% Ocup.,Receita Quartos,Preço Médio,Saídas,Quartos FdS,Adul. / Cri.,setembro,Previsão,09-set-2027 qui,0,0,0,0,0,0,0,-,-,NaN,0,0,0,0,0,0,0,0,0,0,-,-,NaN,0,0,0,Total set,0,0,0,0,0,0,0,-,-,NaN,0,0,0,Total,9169,4278,3084,0,0,7614,1555,"13,64","990 695,49","73,67",3210,0,17782
Data,Ocup,Opção,Cheg,Oferta/Uso Interno,Deduz. Individ.,Deduz. Grupos,% Ocup.,Receita Quartos,Preço Médio,Saídas,Quartos FdS,Adul. / Cri.,setembro,Previsão,10-set-2027 sex,0,0,0,0,0,0,0,-,-,NaN,0,0,0,0,0,0,0,0,0,0,-,-,NaN,0,0,0,Total set,0,0,0,0,0,0,0,-,-,NaN,0,0,0,Total,9169,4278,3084,0,0,7614,1555,"13,64","990 695,49","73,67",3210,0,17782
Data,Ocup,Opção,Cheg,Oferta/Uso Interno,Deduz. Individ.,Deduz. Grupos,% Ocup.,Receita Quartos,Preço Médio,Saídas,Quartos FdS,Adul. / Cri.,setembro,Previsão,11-set-2027 sáb,0,0,0,0,0,0,0,-,-,NaN,0,0,0,0,0,0,0,0,0,0,-,-,NaN,0,0,0,Total set,0,0,0,0,0,0,0,-,-,NaN,0,0,0,Total,9169,4278,3084,0,0,7614,1555,"13,64","990 695,49","73,67",3210,0,17782
Data,Ocup,Opção,Cheg,Oferta/Uso Interno,Deduz. Individ.,Deduz. Grupos,% Ocup.,Receita Quartos,Preço Médio,Saídas,Quartos FdS,Adul. / Cri.,setembro,Previsão,12-set-2027 dom,0,0,0,0,0,0,0,-,-,NaN,0,0,0,0,0,0,0,0,0,0,-,-,NaN,0,0,0,Total set,0,0,0,0,0,0,0,-,-,NaN,0,0,0,Total,9169,4278,3084,0,0,7614,1555,"13,64","990 695,49","73,67",3210,0,17782
Data,Ocup,Opção,Cheg,Oferta/Uso Interno,Deduz. Individ.,Deduz. Grupos,% Ocup.,Receita Quartos,Preço Médio,Saídas,Quartos FdS,Adul. / Cri.,setembro,Previsão,13-set-2027 seg,0,0,0,0,0,0,0,-,-,NaN,0,0,0,0,0,0,0,0,0,0,-,-,NaN,0,0,0,Total set,0,0,0,0,0,0,0,-,-,NaN,0,0,0,Total,9169,4278,3084,0,0,7614,1555,"13,64","990 695,49","73,67",3210,0,17782
Data,Ocup,Opção,Cheg,Oferta/Uso Interno,Deduz. Individ.,Deduz. Grupos,% Ocup.,Receita Quartos,Preço Médio,Saídas,Quartos FdS,Adul. / Cri.,setembro,Previsão,14-set-2027 ter,0,0,0,0,0,0,0,-,-,NaN,0,0,0,0,0,0,0,0,0,0,-,-,NaN,0,0,0,Total set,0,0,0,0,0,0,0,-,-,NaN,0,0,0,Total,9169,4278,3084,0,0,7614,1555,"13,64","990 695,49","73,67",3210,0,17782
Data,Ocup,Opção,Cheg,Oferta/Uso Interno,Deduz. Individ.,Deduz. Grupos,% Ocup.,Receita Quartos,Preço Médio,Saídas,Quartos FdS,Adul. / Cri.,setembro,Previsão,15-set-2027 qua,0,0,0,0,0,0,0,-,-,NaN,0,0,0,0,0,0,0,0,0,0,-,-,NaN,0,0,0,Total set,0,0,0,0,0,0,0,-,-,NaN,0,0,0,Total,9169,4278,3084,0,0,7614,1555,"13,64","990 695,49","73,67",3210,0,17782
Data,Ocup,Opção,Cheg,Oferta/Uso Interno,Deduz. Individ.,Deduz. Grupos,% Ocup.,Receita Quartos,Preço Médio,Saídas,Quartos FdS,Adul. / Cri.,setembro,Previsão,16-set-2027 qui,0,0,0,0,0,0,0,-,-,NaN,0,0,0,0,0,0,0,0,0,0,-,-,NaN,0,0,0,Total set,0,0,0,0,0,0,0,-,-,NaN,0,0,0,Total,9169,4278,3084,0,0,7614,1555,"13,64","990 695,49","73,67",3210,0,17782
Data,Ocup,Opção,Cheg,Oferta/Uso Interno,Deduz. Individ.,Deduz. Grupos,% Ocup.,Receita Quartos,Preço Médio,Saídas,Quartos FdS,Adul. / Cri.,setembro,Previsão,17-set-2027 sex,0,0,0,0,0,0,0,-,-,NaN,0,0,0,0,0,0,0,0,0,0,-,-,NaN,0,0,0,Total set,0,0,0,0,0,0,0,-,-,NaN,0,0,0,Total,9169,4278,3084,0,0,7614,1555,"13,64","990 695,49","73,67",3210,0,17782
Data,Ocup,Opção,Cheg,Oferta/Uso Interno,Deduz. Individ.,Deduz. Grupos,% Ocup.,Receita Quartos,Preço Médio,Saídas,Quartos FdS,Adul. / Cri.,setembro,Previsão,18-set-2027 sáb,0,0,0,0,0,0,0,-,-,NaN,0,0,0,0,0,0,0,0,0,0,-,-,NaN,0,0,0,Total set,0,0,0,0,0,0,0,-,-,NaN,0,0,0,Total,9169,4278,3084,0,0,7614,1555,"13,64","990 695,49","73,67",3210,0,17782
Data,Ocup,Opção,Cheg,Oferta/Uso Interno,Deduz. Individ.,Deduz. Grupos,% Ocup.,Receita Quartos,Preço Médio,Saídas,Quartos FdS,Adul. / Cri.,setembro,Previsão,19-set-2027 dom,0,0,0,0,0,0,0,-,-,NaN,0,0,0,0,0,0,0,0,0,0,-,-,NaN,0,0,0,Total set,0,0,0,0,0,0,0,-,-,NaN,0,0,0,Total,9169,4278,3084,0,0,7614,1555,"13,64","990 695,49","73,67",3210,0,17782
Data,Ocup,Opção,Cheg,Oferta/Uso Interno,Deduz. Individ.,Deduz. Grupos,% Ocup.,Receita Quartos,Preço Médio,Saídas,Quartos FdS,Adul. / Cri.,setembro,Previsão,20-set-2027 seg,0,0,0,0,0,0,0,-,-,NaN,0,0,0,0,0,0,0,0,0,0,-,-,NaN,0,0,0,Total set,0,0,0,0,0,0,0,-,-,NaN,0,0,0,Total,9169,4278,3084,0,0,7614,1555,"13,64","990 695,49","73,67",3210,0,17782
Data,Ocup,Opção,Cheg,Oferta/Uso Interno,Deduz. Individ.,Deduz. Grupos,% Ocup.,Receita Quartos,Preço Médio,Saídas,Quartos FdS,Adul. / Cri.,setembro,Previsão,21-set-2027 ter,0,0,0,0,0,0,0,-,-,NaN,0,0,0,0,0,0,0,0,0,0,-,-,NaN,0,0,0,Total set,0,0,0,0,0,0,0,-,-,NaN,0,0,0,Total,9169,4278,3084,0,0,7614,1555,"13,64","990 695,49","73,67",3210,0,17782
Data,Ocup,Opção,Cheg,Oferta/Uso Interno,Deduz. Individ.,Deduz. Grupos,% Ocup.,Receita Quartos,Preço Médio,Saídas,Quartos FdS,Adul. / Cri.,setembro,Previsão,22-set-2027 qua,0,0,0,0,0,0,0,-,-,NaN,0,0,0,0,0,0,0,0,0,0,-,-,NaN,0,0,0,Total set,0,0,0,0,0,0,0,-,-,NaN,0,0,0,Total,9169,4278,3084,0,0,7614,1555,"13,64","990 695,49","73,67",3210,0,17782
Data,Ocup,Opção,Cheg,Oferta/Uso Interno,Deduz. Individ.,Deduz. Grupos,% Ocup.,Receita Quartos,Preço Médio,Saídas,Quartos FdS,Adul. / Cri.,setembro,Previsão,23-set-2027 qui,0,0,0,0,0,0,0,-,-,NaN,0,0,0,0,0,0,0,0,0,0,-,-,NaN,0,0,0,Total set,0,0,0,0,0,0,0,-,-,NaN,0,0,0,Total,9169,4278,3084,0,0,7614,1555,"13,64","990 695,49","73,67",3210,0,17782
Data,Ocup,Opção,Cheg,Oferta/Uso Interno,Deduz. Individ.,Deduz. Grupos,% Ocup.,Receita Quartos,Preço Médio,Saídas,Quartos FdS,Adul. / Cri.,setembro,Previsão,24-set-2027 sex,0,0,0,0,0,0,0,-,-,NaN,0,0,0,0,0,0,0,0,0,0,-,-,NaN,0,0,0,Total set,0,0,0,0,0,0,0,-,-,NaN,0,0,0,Total,9169,4278,3084,0,0,7614,1555,"13,64","990 695,49","73,67",3210,0,17782
Data,Ocup,Opção,Cheg,Oferta/Uso Interno,Deduz. Individ.,Deduz. Grupos,% Ocup.,Receita Quartos,Preço Médio,Saídas,Quartos FdS,Adul. / Cri.,setembro,Previsão,25-set-2027 sáb,0,0,0,0,0,0,0,-,-,NaN,0,0,0,0,0,0,0,0,0,0,-,-,NaN,0,0,0,Total set,0,0,0,0,0,0,0,-,-,NaN,0,0,0,Total,9169,4278,3084,0,0,7614,1555,"13,64","990 695,49","73,67",3210,0,17782
Data,Ocup,Opção,Cheg,Oferta/Uso Interno,Deduz. Individ.,Deduz. Grupos,% Ocup.,Receita Quartos,Preço Médio,Saídas,Quartos FdS,Adul. / Cri.,setembro,Previsão,26-set-2027 dom,0,0,0,0,0,0,0,-,-,NaN,0,0,0,0,0,0,0,0,0,0,-,-,NaN,0,0,0,Total set,0,0,0,0,0,0,0,-,-,NaN,0,0,0,Total,9169,4278,3084,0,0,7614,1555,"13,64","990 695,49","73,67",3210,0,17782
Data,Ocup,Opção,Cheg,Oferta/Uso Interno,Deduz. Individ.,Deduz. Grupos,% Ocup.,Receita Quartos,Preço Médio,Saídas,Quartos FdS,Adul. / Cri.,setembro,Previsão,27-set-2027 seg,0,0,0,0,0,0,0,-,-,NaN,0,0,0,0,0,0,0,0,0,0,-,-,NaN,0,0,0,Total set,0,0,0,0,0,0,0,-,-,NaN,0,0,0,Total,9169,4278,3084,0,0,7614,1555,"13,64","990 695,49","73,67",3210,0,17782
Data,Ocup,Opção,Cheg,Oferta/Uso Interno,Deduz. Individ.,Deduz. Grupos,% Ocup.,Receita Quartos,Preço Médio,Saídas,Quartos FdS,Adul. / Cri.,setembro,Previsão,28-set-2027 ter,0,0,0,0,0,0,0,-,-,NaN,0,0,0,0,0,0,0,0,0,0,-,-,NaN,0,0,0,Total set,0,0,0,0,0,0,0,-,-,NaN,0,0,0,Total,9169,4278,3084,0,0,7614,1555,"13,64","990 695,49","73,67",3210,0,17782
Data,Ocup,Opção,Cheg,Oferta/Uso Interno,Deduz. Individ.,Deduz. Grupos,% Ocup.,Receita Quartos,Preço Médio,Saídas,Quartos FdS,Adul. / Cri.,setembro,Previsão,29-set-2027 qua,0,0,0,0,0,0,0,-,-,NaN,0,0,0,0,0,0,0,0,0,0,-,-,NaN,0,0,0,Total set,0,0,0,0,0,0,0,-,-,NaN,0,0,0,Total,9169,4278,3084,0,0,7614,1555,"13,64","990 695,49","73,67",3210,0,17782
Data,Ocup,Opção,Cheg,Oferta/Uso Interno,Deduz. Individ.,Deduz. Grupos,% Ocup.,Receita Quartos,Preço Médio,Saídas,Quartos FdS,Adul. / Cri.,setembro,Previsão,30-set-2027 qui,0,0,0,0,0,0,0,-,-,NaN,0,0,0,0,0,0,0,0,0,0,-,-,NaN,0,0,0,Total set,0,0,0,0,0,0,0,-,-,NaN,0,0,0,Total,9169,4278,3084,0,0,7614,1555,"13,64","990 695,49","73,67",3210,0,17782
Data,Ocup,Opção,Cheg,Oferta/Uso Interno,Deduz. Individ.,Deduz. Grupos,% Ocup.,Receita Quartos,Preço Médio,Saídas,Quartos FdS,Adul. / Cri.,outubro,Previsão,01-out-2027 sex,0,0,0,0,0,0,0,-,-,NaN,0,0,0,0,0,0,0,0,0,0,-,-,NaN,0,0,0,Total out,0,0,0,0,0,0,0,-,-,NaN,0,0,0,Total,9169,4278,3084,0,0,7614,1555,"13,64","990 695,49","73,67",3210,0,17782
Data,Ocup,Opção,Cheg,Oferta/Uso Interno,Deduz. Individ.,Deduz. Grupos,% Ocup.,Receita Quartos,Preço Médio,Saídas,Quartos FdS,Adul. / Cri.,outubro,Previsão,02-out-2027 sáb,0,0,0,0,0,0,0,-,-,NaN,0,0,0,0,0,0,0,0,0,0,-,-,NaN,0,0,0,Total out,0,0,0,0,0,0,0,-,-,NaN,0,0,0,Total,9169,4278,3084,0,0,7614,1555,"13,64","990 695,49","73,67",3210,0,17782
Data,Ocup,Opção,Cheg,Oferta/Uso Interno,Deduz. Individ.,Deduz. Grupos,% Ocup.,Receita Quartos,Preço Médio,Saídas,Quartos FdS,Adul. / Cri.,outubro,Previsão,03-out-2027 dom,0,0,0,0,0,0,0,-,-,NaN,0,0,0,0,0,0,0,0,0,0,-,-,NaN,0,0,0,Total out,0,0,0,0,0,0,0,-,-,NaN,0,0,0,Total,9169,4278,3084,0,0,7614,1555,"13,64","990 695,49","73,67",3210,0,17782
Data,Ocup,Opção,Cheg,Oferta/Uso Interno,Deduz. Individ.,Deduz. Grupos,% Ocup.,Receita Quartos,Preço Médio,Saídas,Quartos FdS,Adul. / Cri.,outubro,Previsão,04-out-2027 seg,0,0,0,0,0,0,0,-,-,NaN,0,0,0,0,0,0,0,0,0,0,-,-,NaN,0,0,0,Total out,0,0,0,0,0,0,0,-,-,NaN,0,0,0,Total,9169,4278,3084,0,0,7614,1555,"13,64","990 695,49","73,67",3210,0,17782
Data,Ocup,Opção,Cheg,Oferta/Uso Interno,Deduz. Individ.,Deduz. Grupos,% Ocup.,Receita Quartos,Preço Médio,Saídas,Quartos FdS,Adul. / Cri.,outubro,Previsão,05-out-2027 ter,0,0,0,0,0,0,0,-,-,NaN,0,0,0,0,0,0,0,0,0,0,-,-,NaN,0,0,0,Total out,0,0,0,0,0,0,0,-,-,NaN,0,0,0,Total,9169,4278,3084,0,0,7614,1555,"13,64","990 695,49","73,67",3210,0,17782
Data,Ocup,Opção,Cheg,Oferta/Uso Interno,Deduz. Individ.,Deduz. Grupos,% Ocup.,Receita Quartos,Preço Médio,Saídas,Quartos FdS,Adul. / Cri.,outubro,Previsão,06-out-2027 qua,0,0,0,0,0,0,0,-,-,NaN,0,0,0,0,0,0,0,0,0,0,-,-,NaN,0,0,0,Total out,0,0,0,0,0,0,0,-,-,NaN,0,0,0,Total,9169,4278,3084,0,0,7614,1555,"13,64","990 695,49","73,67",3210,0,17782
Data,Ocup,Opção,Cheg,Oferta/Uso Interno,Deduz. Individ.,Deduz. Grupos,% Ocup.,Receita Quartos,Preço Médio,Saídas,Quartos FdS,Adul. / Cri.,outubro,Previsão,07-out-2027 qui,0,0,0,0,0,0,0,-,-,NaN,0,0,0,0,0,0,0,0,0,0,-,-,NaN,0,0,0,Total out,0,0,0,0,0,0,0,-,-,NaN,0,0,0,Total,9169,4278,3084,0,0,7614,1555,"13,64","990 695,49","73,67",3210,0,17782
Data,Ocup,Opção,Cheg,Oferta/Uso Interno,Deduz. Individ.,Deduz. Grupos,% Ocup.,Receita Quartos,Preço Médio,Saídas,Quartos FdS,Adul. / Cri.,outubro,Previsão,08-out-2027 sex,0,0,0,0,0,0,0,-,-,NaN,0,0,0,0,0,0,0,0,0,0,-,-,NaN,0,0,0,Total out,0,0,0,0,0,0,0,-,-,NaN,0,0,0,Total,9169,4278,3084,0,0,7614,1555,"13,64","990 695,49","73,67",3210,0,17782
Data,Ocup,Opção,Cheg,Oferta/Uso Interno,Deduz. Individ.,Deduz. Grupos,% Ocup.,Receita Quartos,Preço Médio,Saídas,Quartos FdS,Adul. / Cri.,outubro,Previsão,09-out-2027 sáb,0,0,0,0,0,0,0,-,-,NaN,0,0,0,0,0,0,0,0,0,0,-,-,NaN,0,0,0,Total out,0,0,0,0,0,0,0,-,-,NaN,0,0,0,Total,9169,4278,3084,0,0,7614,1555,"13,64","990 695,49","73,67",3210,0,17782
Data,Ocup,Opção,Cheg,Oferta/Uso Interno,Deduz. Individ.,Deduz. Grupos,% Ocup.,Receita Quartos,Preço Médio,Saídas,Quartos FdS,Adul. / Cri.,outubro,Previsão,10-out-2027 dom,0,0,0,0,0,0,0,-,-,NaN,0,0,0,0,0,0,0,0,0,0,-,-,NaN,0,0,0,Total out,0,0,0,0,0,0,0,-,-,NaN,0,0,0,Total,9169,4278,3084,0,0,7614,1555,"13,64","990 695,49","73,67",3210,0,17782
Data,Ocup,Opção,Cheg,Oferta/Uso Interno,Deduz. Individ.,Deduz. Grupos,% Ocup.,Receita Quartos,Preço Médio,Saídas,Quartos FdS,Adul. / Cri.,outubro,Previsão,11-out-2027 seg,0,0,0,0,0,0,0,-,-,NaN,0,0,0,0,0,0,0,0,0,0,-,-,NaN,0,0,0,Total out,0,0,0,0,0,0,0,-,-,NaN,0,0,0,Total,9169,4278,3084,0,0,7614,1555,"13,64","990 695,49","73,67",3210,0,17782
Data,Ocup,Opção,Cheg,Oferta/Uso Interno,Deduz. Individ.,Deduz. Grupos,% Ocup.,Receita Quartos,Preço Médio,Saídas,Quartos FdS,Adul. / Cri.,outubro,Previsão,12-out-2027 ter,0,0,0,0,0,0,0,-,-,NaN,0,0,0,0,0,0,0,0,0,0,-,-,NaN,0,0,0,Total out,0,0,0,0,0,0,0,-,-,NaN,0,0,0,Total,9169,4278,3084,0,0,7614,1555,"13,64","990 695,49","73,67",3210,0,17782
Data,Ocup,Opção,Cheg,Oferta/Uso Interno,Deduz. Individ.,Deduz. Grupos,% Ocup.,Receita Quartos,Preço Médio,Saídas,Quartos FdS,Adul. / Cri.,outubro,Previsão,13-out-2027 qua,0,0,0,0,0,0,0,-,-,NaN,0,0,0,0,0,0,0,0,0,0,-,-,NaN,0,0,0,Total out,0,0,0,0,0,0,0,-,-,NaN,0,0,0,Total,9169,4278,3084,0,0,7614,1555,"13,64","990 695,49","73,67",3210,0,17782
Data,Ocup,Opção,Cheg,Oferta/Uso Interno,Deduz. Individ.,Deduz. Grupos,% Ocup.,Receita Quartos,Preço Médio,Saídas,Quartos FdS,Adul. / Cri.,outubro,Previsão,14-out-2027 qui,0,0,0,0,0,0,0,-,-,NaN,0,0,0,0,0,0,0,0,0,0,-,-,NaN,0,0,0,Total out,0,0,0,0,0,0,0,-,-,NaN,0,0,0,Total,9169,4278,3084,0,0,7614,1555,"13,64","990 695,49","73,67",3210,0,17782
Data,Ocup,Opção,Cheg,Oferta/Uso Interno,Deduz. Individ.,Deduz. Grupos,% Ocup.,Receita Quartos,Preço Médio,Saídas,Quartos FdS,Adul. / Cri.,outubro,Previsão,15-out-2027 sex,0,0,0,0,0,0,0,-,-,NaN,0,0,0,0,0,0,0,0,0,0,-,-,NaN,0,0,0,Total out,0,0,0,0,0,0,0,-,-,NaN,0,0,0,Total,9169,4278,3084,0,0,7614,1555,"13,64","990 695,49","73,67",3210,0,17782
Data,Ocup,Opção,Cheg,Oferta/Uso Interno,Deduz. Individ.,Deduz. Grupos,% Ocup.,Receita Quartos,Preço Médio,Saídas,Quartos FdS,Adul. / Cri.,outubro,Previsão,16-out-2027 sáb,0,0,0,0,0,0,0,-,-,NaN,0,0,0,0,0,0,0,0,0,0,-,-,NaN,0,0,0,Total out,0,0,0,0,0,0,0,-,-,NaN,0,0,0,Total,9169,4278,3084,0,0,7614,1555,"13,64","990 695,49","73,67",3210,0,17782
Data,Ocup,Opção,Cheg,Oferta/Uso Interno,Deduz. Individ.,Deduz. Grupos,% Ocup.,Receita Quartos,Preço Médio,Saídas,Quartos FdS,Adul. / Cri.,outubro,Previsão,17-out-2027 dom,0,0,0,0,0,0,0,-,-,NaN,0,0,0,0,0,0,0,0,0,0,-,-,NaN,0,0,0,Total out,0,0,0,0,0,0,0,-,-,NaN,0,0,0,Total,9169,4278,3084,0,0,7614,1555,"13,64","990 695,49","73,67",3210,0,17782
Data,Ocup,Opção,Cheg,Oferta/Uso Interno,Deduz. Individ.,Deduz. Grupos,% Ocup.,Receita Quartos,Preço Médio,Saídas,Quartos FdS,Adul. / Cri.,outubro,Previsão,18-out-2027 seg,0,0,0,0,0,0,0,-,-,NaN,0,0,0,0,0,0,0,0,0,0,-,-,NaN,0,0,0,Total out,0,0,0,0,0,0,0,-,-,NaN,0,0,0,Total,9169,4278,3084,0,0,7614,1555,"13,64","990 695,49","73,67",3210,0,17782
Data,Ocup,Opção,Cheg,Oferta/Uso Interno,Deduz. Individ.,Deduz. Grupos,% Ocup.,Receita Quartos,Preço Médio,Saídas,Quartos FdS,Adul. / Cri.,outubro,Previsão,19-out-2027 ter,0,0,0,0,0,0,0,-,-,NaN,0,0,0,0,0,0,0,0,0,0,-,-,NaN,0,0,0,Total out,0,0,0,0,0,0,0,-,-,NaN,0,0,0,Total,9169,4278,3084,0,0,7614,1555,"13,64","990 695,49","73,67",3210,0,17782
Data,Ocup,Opção,Cheg,Oferta/Uso Interno,Deduz. Individ.,Deduz. Grupos,% Ocup.,Receita Quartos,Preço Médio,Saídas,Quartos FdS,Adul. / Cri.,outubro,Previsão,20-out-2027 qua,0,0,0,0,0,0,0,-,-,NaN,0,0,0,0,0,0,0,0,0,0,-,-,NaN,0,0,0,Total out,0,0,0,0,0,0,0,-,-,NaN,0,0,0,Total,9169,4278,3084,0,0,7614,1555,"13,64","990 695,49","73,67",3210,0,17782
Data,Ocup,Opção,Cheg,Oferta/Uso Interno,Deduz. Individ.,Deduz. Grupos,% Ocup.,Receita Quartos,Preço Médio,Saídas,Quartos FdS,Adul. / Cri.,outubro,Previsão,21-out-2027 qui,0,0,0,0,0,0,0,-,-,NaN,0,0,0,0,0,0,0,0,0,0,-,-,NaN,0,0,0,Total out,0,0,0,0,0,0,0,-,-,NaN,0,0,0,Total,9169,4278,3084,0,0,7614,1555,"13,64","990 695,49","73,67",3210,0,17782
Data,Ocup,Opção,Cheg,Oferta/Uso Interno,Deduz. Individ.,Deduz. Grupos,% Ocup.,Receita Quartos,Preço Médio,Saídas,Quartos FdS,Adul. / Cri.,outubro,Previsão,22-out-2027 sex,0,0,0,0,0,0,0,-,-,NaN,0,0,0,0,0,0,0,0,0,0,-,-,NaN,0,0,0,Total out,0,0,0,0,0,0,0,-,-,NaN,0,0,0,Total,9169,4278,3084,0,0,7614,1555,"13,64","990 695,49","73,67",3210,0,17782
Data,Ocup,Opção,Cheg,Oferta/Uso Interno,Deduz. Individ.,Deduz. Grupos,% Ocup.,Receita Quartos,Preço Médio,Saídas,Quartos FdS,Adul. / Cri.,outubro,Previsão,23-out-2027 sáb,0,0,0,0,0,0,0,-,-,NaN,0,0,0,0,0,0,0,0,0,0,-,-,NaN,0,0,0,Total out,0,0,0,0,0,0,0,-,-,NaN,0,0,0,Total,9169,4278,3084,0,0,7614,1555,"13,64","990 695,49","73,67",3210,0,17782
Data,Ocup,Opção,Cheg,Oferta/Uso Interno,Deduz. Individ.,Deduz. Grupos,% Ocup.,Receita Quartos,Preço Médio,Saídas,Quartos FdS,Adul. / Cri.,outubro,Previsão,24-out-2027 dom,0,0,0,0,0,0,0,-,-,NaN,0,0,0,0,0,0,0,0,0,0,-,-,NaN,0,0,0,Total out,0,0,0,0,0,0,0,-,-,NaN,0,0,0,Total,9169,4278,3084,0,0,7614,1555,"13,64","990 695,49","73,67",3210,0,17782
Data,Ocup,Opção,Cheg,Oferta/Uso Interno,Deduz. Individ.,Deduz. Grupos,% Ocup.,Receita Quartos,Preço Médio,Saídas,Quartos FdS,Adul. / Cri.,outubro,Previsão,25-out-2027 seg,0,0,0,0,0,0,0,-,-,NaN,0,0,0,0,0,0,0,0,0,0,-,-,NaN,0,0,0,Total out,0,0,0,0,0,0,0,-,-,NaN,0,0,0,Total,9169,4278,3084,0,0,7614,1555,"13,64","990 695,49","73,67",3210,0,17782
Data,Ocup,Opção,Cheg,Oferta/Uso Interno,Deduz. Individ.,Deduz. Grupos,% Ocup.,Receita Quartos,Preço Médio,Saídas,Quartos FdS,Adul. / Cri.,outubro,Previsão,26-out-2027 ter,0,0,0,0,0,0,0,-,-,NaN,0,0,0,0,0,0,0,0,0,0,-,-,NaN,0,0,0,Total out,0,0,0,0,0,0,0,-,-,NaN,0,0,0,Total,9169,4278,3084,0,0,7614,1555,"13,64","990 695,49","73,67",3210,0,17782
Data,Ocup,Opção,Cheg,Oferta/Uso Interno,Deduz. Individ.,Deduz. Grupos,% Ocup.,Receita Quartos,Preço Médio,Saídas,Quartos FdS,Adul. / Cri.,outubro,Previsão,27-out-2027 qua,0,0,0,0,0,0,0,-,-,NaN,0,0,0,0,0,0,0,0,0,0,-,-,NaN,0,0,0,Total out,0,0,0,0,0,0,0,-,-,NaN,0,0,0,Total,9169,4278,3084,0,0,7614,1555,"13,64","990 695,49","73,67",3210,0,17782
Data,Ocup,Opção,Cheg,Oferta/Uso Interno,Deduz. Individ.,Deduz. Grupos,% Ocup.,Receita Quartos,Preço Médio,Saídas,Quartos FdS,Adul. / Cri.,outubro,Previsão,28-out-2027 qui,0,0,0,0,0,0,0,-,-,NaN,0,0,0,0,0,0,0,0,0,0,-,-,NaN,0,0,0,Total out,0,0,0,0,0,0,0,-,-,NaN,0,0,0,Total,9169,4278,3084,0,0,7614,1555,"13,64","990 695,49","73,67",3210,0,17782
Data,Ocup,Opção,Cheg,Oferta/Uso Interno,Deduz. Individ.,Deduz. Grupos,% Ocup.,Receita Quartos,Preço Médio,Saídas,Quartos FdS,Adul. / Cri.,outubro,Previsão,29-out-2027 sex,0,0,0,0,0,0,0,-,-,NaN,0,0,0,0,0,0,0,0,0,0,-,-,NaN,0,0,0,Total out,0,0,0,0,0,0,0,-,-,NaN,0,0,0,Total,9169,4278,3084,0,0,7614,1555,"13,64","990 695,49","73,67",3210,0,17782
Data,Ocup,Opção,Cheg,Oferta/Uso Interno,Deduz. Individ.,Deduz. Grupos,% Ocup.,Receita Quartos,Preço Médio,Saídas,Quartos FdS,Adul. / Cri.,outubro,Previsão,30-out-2027 sáb,0,0,0,0,0,0,0,-,-,NaN,0,0,0,0,0,0,0,0,0,0,-,-,NaN,0,0,0,Total out,0,0,0,0,0,0,0,-,-,NaN,0,0,0,Total,9169,4278,3084,0,0,7614,1555,"13,64","990 695,49","73,67",3210,0,17782
Data,Ocup,Opção,Cheg,Oferta/Uso Interno,Deduz. Individ.,Deduz. Grupos,% Ocup.,Receita Quartos,Preço Médio,Saídas,Quartos FdS,Adul. / Cri.,outubro,Previsão,31-out-2027 dom,0,0,0,0,0,0,0,-,-,NaN,0,0,0,0,0,0,0,0,0,0,-,-,NaN,0,0,0,Total out,0,0,0,0,0,0,0,-,-,NaN,0,0,0,Total,9169,4278,3084,0,0,7614,1555,"13,64","990 695,49","73,67",3210,0,17782
Data,Ocup,Opção,Cheg,Oferta/Uso Interno,Deduz. Individ.,Deduz. Grupos,% Ocup.,Receita Quartos,Preço Médio,Saídas,Quartos FdS,Adul. / Cri.,novembro,Previsão,01-nov-2027 seg,0,0,0,0,0,0,0,-,-,NaN,0,0,0,0,0,0,0,0,0,0,-,-,NaN,0,0,0,Total nov,0,0,0,0,0,0,0,-,-,NaN,0,0,0,Total,9169,4278,3084,0,0,7614,1555,"13,64","990 695,49","73,67",3210,0,17782
Data,Ocup,Opção,Cheg,Oferta/Uso Interno,Deduz. Individ.,Deduz. Grupos,% Ocup.,Receita Quartos,Preço Médio,Saídas,Quartos FdS,Adul. / Cri.,novembro,Previsão,02-nov-2027 ter,0,0,0,0,0,0,0,-,-,NaN,0,0,0,0,0,0,0,0,0,0,-,-,NaN,0,0,0,Total nov,0,0,0,0,0,0,0,-,-,NaN,0,0,0,Total,9169,4278,3084,0,0,7614,1555,"13,64","990 695,49","73,67",3210,0,17782
Data,Ocup,Opção,Cheg,Oferta/Uso Interno,Deduz. Individ.,Deduz. Grupos,% Ocup.,Receita Quartos,Preço Médio,Saídas,Quartos FdS,Adul. / Cri.,novembro,Previsão,03-nov-2027 qua,0,0,0,0,0,0,0,-,-,NaN,0,0,0,0,0,0,0,0,0,0,-,-,NaN,0,0,0,Total nov,0,0,0,0,0,0,0,-,-,NaN,0,0,0,Total,9169,4278,3084,0,0,7614,1555,"13,64","990 695,49","73,67",3210,0,17782
Data,Ocup,Opção,Cheg,Oferta/Uso Interno,Deduz. Individ.,Deduz. Grupos,% Ocup.,Receita Quartos,Preço Médio,Saídas,Quartos FdS,Adul. / Cri.,novembro,Previsão,04-nov-2027 qui,0,0,0,0,0,0,0,-,-,NaN,0,0,0,0,0,0,0,0,0,0,-,-,NaN,0,0,0,Total nov,0,0,0,0,0,0,0,-,-,NaN,0,0,0,Total,9169,4278,3084,0,0,7614,1555,"13,64","990 695,49","73,67",3210,0,17782
Data,Ocup,Opção,Cheg,Oferta/Uso Interno,Deduz. Individ.,Deduz. Grupos,% Ocup.,Receita Quartos,Preço Médio,Saídas,Quartos FdS,Adul. / Cri.,novembro,Previsão,05-nov-2027 sex,0,0,0,0,0,0,0,-,-,NaN,0,0,0,0,0,0,0,0,0,0,-,-,NaN,0,0,0,Total nov,0,0,0,0,0,0,0,-,-,NaN,0,0,0,Total,9169,4278,3084,0,0,7614,1555,"13,64","990 695,49","73,67",3210,0,17782
Data,Ocup,Opção,Cheg,Oferta/Uso Interno,Deduz. Individ.,Deduz. Grupos,% Ocup.,Receita Quartos,Preço Médio,Saídas,Quartos FdS,Adul. / Cri.,novembro,Previsão,06-nov-2027 sáb,0,0,0,0,0,0,0,-,-,NaN,0,0,0,0,0,0,0,0,0,0,-,-,NaN,0,0,0,Total nov,0,0,0,0,0,0,0,-,-,NaN,0,0,0,Total,9169,4278,3084,0,0,7614,1555,"13,64","990 695,49","73,67",3210,0,17782
Data,Ocup,Opção,Cheg,Oferta/Uso Interno,Deduz. Individ.,Deduz. Grupos,% Ocup.,Receita Quartos,Preço Médio,Saídas,Quartos FdS,Adul. / Cri.,novembro,Previsão,07-nov-2027 dom,0,0,0,0,0,0,0,-,-,NaN,0,0,0,0,0,0,0,0,0,0,-,-,NaN,0,0,0,Total nov,0,0,0,0,0,0,0,-,-,NaN,0,0,0,Total,9169,4278,3084,0,0,7614,1555,"13,64","990 695,49","73,67",3210,0,17782
Data,Ocup,Opção,Cheg,Oferta/Uso Interno,Deduz. Individ.,Deduz. Grupos,% Ocup.,Receita Quartos,Preço Médio,Saídas,Quartos FdS,Adul. / Cri.,novembro,Previsão,08-nov-2027 seg,0,0,0,0,0,0,0,-,-,NaN,0,0,0,0,0,0,0,0,0,0,-,-,NaN,0,0,0,Total nov,0,0,0,0,0,0,0,-,-,NaN,0,0,0,Total,9169,4278,3084,0,0,7614,1555,"13,64","990 695,49","73,67",3210,0,17782
Data,Ocup,Opção,Cheg,Oferta/Uso Interno,Deduz. Individ.,Deduz. Grupos,% Ocup.,Receita Quartos,Preço Médio,Saídas,Quartos FdS,Adul. / Cri.,novembro,Previsão,09-nov-2027 ter,0,0,0,0,0,0,0,-,-,NaN,0,0,0,0,0,0,0,0,0,0,-,-,NaN,0,0,0,Total nov,0,0,0,0,0,0,0,-,-,NaN,0,0,0,Total,9169,4278,3084,0,0,7614,1555,"13,64","990 695,49","73,67",3210,0,17782
Data,Ocup,Opção,Cheg,Oferta/Uso Interno,Deduz. Individ.,Deduz. Grupos,% Ocup.,Receita Quartos,Preço Médio,Saídas,Quartos FdS,Adul. / Cri.,novembro,Previsão,10-nov-2027 qua,0,0,0,0,0,0,0,-,-,NaN,0,0,0,0,0,0,0,0,0,0,-,-,NaN,0,0,0,Total nov,0,0,0,0,0,0,0,-,-,NaN,0,0,0,Total,9169,4278,3084,0,0,7614,1555,"13,64","990 695,49","73,67",3210,0,17782
Data,Ocup,Opção,Cheg,Oferta/Uso Interno,Deduz. Individ.,Deduz. Grupos,% Ocup.,Receita Quartos,Preço Médio,Saídas,Quartos FdS,Adul. / Cri.,novembro,Previsão,11-nov-2027 qui,0,0,0,0,0,0,0,-,-,NaN,0,0,0,0,0,0,0,0,0,0,-,-,NaN,0,0,0,Total nov,0,0,0,0,0,0,0,-,-,NaN,0,0,0,Total,9169,4278,3084,0,0,7614,1555,"13,64","990 695,49","73,67",3210,0,17782
Data,Ocup,Opção,Cheg,Oferta/Uso Interno,Deduz. Individ.,Deduz. Grupos,% Ocup.,Receita Quartos,Preço Médio,Saídas,Quartos FdS,Adul. / Cri.,novembro,Previsão,12-nov-2027 sex,0,0,0,0,0,0,0,-,-,NaN,0,0,0,0,0,0,0,0,0,0,-,-,NaN,0,0,0,Total nov,0,0,0,0,0,0,0,-,-,NaN,0,0,0,Total,9169,4278,3084,0,0,7614,1555,"13,64","990 695,49","73,67",3210,0,17782
Data,Ocup,Opção,Cheg,Oferta/Uso Interno,Deduz. Individ.,Deduz. Grupos,% Ocup.,Receita Quartos,Preço Médio,Saídas,Quartos FdS,Adul. / Cri.,novembro,Previsão,13-nov-2027 sáb,0,0,0,0,0,0,0,-,-,NaN,0,0,0,0,0,0,0,0,0,0,-,-,NaN,0,0,0,Total nov,0,0,0,0,0,0,0,-,-,NaN,0,0,0,Total,9169,4278,3084,0,0,7614,1555,"13,64","990 695,49","73,67",3210,0,17782
Data,Ocup,Opção,Cheg,Oferta/Uso Interno,Deduz. Individ.,Deduz. Grupos,% Ocup.,Receita Quartos,Preço Médio,Saídas,Quartos FdS,Adul. / Cri.,novembro,Previsão,14-nov-2027 dom,0,0,0,0,0,0,0,-,-,NaN,0,0,0,0,0,0,0,0,0,0,-,-,NaN,0,0,0,Total nov,0,0,0,0,0,0,0,-,-,NaN,0,0,0,Total,9169,4278,3084,0,0,7614,1555,"13,64","990 695,49","73,67",3210,0,17782
Data,Ocup,Opção,Cheg,Oferta/Uso Interno,Deduz. Individ.,Deduz. Grupos,% Ocup.,Receita Quartos,Preço Médio,Saídas,Quartos FdS,Adul. / Cri.,novembro,Previsão,15-nov-2027 seg,0,0,0,0,0,0,0,-,-,NaN,0,0,0,0,0,0,0,0,0,0,-,-,NaN,0,0,0,Total nov,0,0,0,0,0,0,0,-,-,NaN,0,0,0,Total,9169,4278,3084,0,0,7614,1555,"13,64","990 695,49","73,67",3210,0,17782
Data,Ocup,Opção,Cheg,Oferta/Uso Interno,Deduz. Individ.,Deduz. Grupos,% Ocup.,Receita Quartos,Preço Médio,Saídas,Quartos FdS,Adul. / Cri.,novembro,Previsão,16-nov-2027 ter,0,0,0,0,0,0,0,-,-,NaN,0,0,0,0,0,0,0,0,0,0,-,-,NaN,0,0,0,Total nov,0,0,0,0,0,0,0,-,-,NaN,0,0,0,Total,9169,4278,3084,0,0,7614,1555,"13,64","990 695,49","73,67",3210,0,17782
Data,Ocup,Opção,Cheg,Oferta/Uso Interno,Deduz. Individ.,Deduz. Grupos,% Ocup.,Receita Quartos,Preço Médio,Saídas,Quartos FdS,Adul. / Cri.,novembro,Previsão,17-nov-2027 qua,0,0,0,0,0,0,0,-,-,NaN,0,0,0,0,0,0,0,0,0,0,-,-,NaN,0,0,0,Total nov,0,0,0,0,0,0,0,-,-,NaN,0,0,0,Total,9169,4278,3084,0,0,7614,1555,"13,64","990 695,49","73,67",3210,0,17782
Data,Ocup,Opção,Cheg,Oferta/Uso Interno,Deduz. Individ.,Deduz. Grupos,% Ocup.,Receita Quartos,Preço Médio,Saídas,Quartos FdS,Adul. / Cri.,novembro,Previsão,18-nov-2027 qui,0,0,0,0,0,0,0,-,-,NaN,0,0,0,0,0,0,0,0,0,0,-,-,NaN,0,0,0,Total nov,0,0,0,0,0,0,0,-,-,NaN,0,0,0,Total,9169,4278,3084,0,0,7614,1555,"13,64","990 695,49","73,67",3210,0,17782
Data,Ocup,Opção,Cheg,Oferta/Uso Interno,Deduz. Individ.,Deduz. Grupos,% Ocup.,Receita Quartos,Preço Médio,Saídas,Quartos FdS,Adul. / Cri.,novembro,Previsão,19-nov-2027 sex,0,0,0,0,0,0,0,-,-,NaN,0,0,0,0,0,0,0,0,0,0,-,-,NaN,0,0,0,Total nov,0,0,0,0,0,0,0,-,-,NaN,0,0,0,Total,9169,4278,3084,0,0,7614,1555,"13,64","990 695,49","73,67",3210,0,17782
Data,Ocup,Opção,Cheg,Oferta/Uso Interno,Deduz. Individ.,Deduz. Grupos,% Ocup.,Receita Quartos,Preço Médio,Saídas,Quartos FdS,Adul. / Cri.,novembro,Previsão,20-nov-2027 sáb,0,0,0,0,0,0,0,-,-,NaN,0,0,0,0,0,0,0,0,0,0,-,-,NaN,0,0,0,Total nov,0,0,0,0,0,0,0,-,-,NaN,0,0,0,Total,9169,4278,3084,0,0,7614,1555,"13,64","990 695,49","73,67",3210,0,17782
Data,Ocup,Opção,Cheg,Oferta/Uso Interno,Deduz. Individ.,Deduz. Grupos,% Ocup.,Receita Quartos,Preço Médio,Saídas,Quartos FdS,Adul. / Cri.,novembro,Previsão,21-nov-2027 dom,0,0,0,0,0,0,0,-,-,NaN,0,0,0,0,0,0,0,0,0,0,-,-,NaN,0,0,0,Total nov,0,0,0,0,0,0,0,-,-,NaN,0,0,0,Total,9169,4278,3084,0,0,7614,1555,"13,64","990 695,49","73,67",3210,0,17782
Data,Ocup,Opção,Cheg,Oferta/Uso Interno,Deduz. Individ.,Deduz. Grupos,% Ocup.,Receita Quartos,Preço Médio,Saídas,Quartos FdS,Adul. / Cri.,novembro,Previsão,22-nov-2027 seg,0,0,0,0,0,0,0,-,-,NaN,0,0,0,0,0,0,0,0,0,0,-,-,NaN,0,0,0,Total nov,0,0,0,0,0,0,0,-,-,NaN,0,0,0,Total,9169,4278,3084,0,0,7614,1555,"13,64","990 695,49","73,67",3210,0,17782
Data,Ocup,Opção,Cheg,Oferta/Uso Interno,Deduz. Individ.,Deduz. Grupos,% Ocup.,Receita Quartos,Preço Médio,Saídas,Quartos FdS,Adul. / Cri.,novembro,Previsão,23-nov-2027 ter,0,0,0,0,0,0,0,-,-,NaN,0,0,0,0,0,0,0,0,0,0,-,-,NaN,0,0,0,Total nov,0,0,0,0,0,0,0,-,-,NaN,0,0,0,Total,9169,4278,3084,0,0,7614,1555,"13,64","990 695,49","73,67",3210,0,17782
Data,Ocup,Opção,Cheg,Oferta/Uso Interno,Deduz. Individ.,Deduz. Grupos,% Ocup.,Receita Quartos,Preço Médio,Saídas,Quartos FdS,Adul. / Cri.,novembro,Previsão,24-nov-2027 qua,0,0,0,0,0,0,0,-,-,NaN,0,0,0,0,0,0,0,0,0,0,-,-,NaN,0,0,0,Total nov,0,0,0,0,0,0,0,-,-,NaN,0,0,0,Total,9169,4278,3084,0,0,7614,1555,"13,64","990 695,49","73,67",3210,0,17782
Data,Ocup,Opção,Cheg,Oferta/Uso Interno,Deduz. Individ.,Deduz. Grupos,% Ocup.,Receita Quartos,Preço Médio,Saídas,Quartos FdS,Adul. / Cri.,novembro,Previsão,25-nov-2027 qui,0,0,0,0,0,0,0,-,-,NaN,0,0,0,0,0,0,0,0,0,0,-,-,NaN,0,0,0,Total nov,0,0,0,0,0,0,0,-,-,NaN,0,0,0,Total,9169,4278,3084,0,0,7614,1555,"13,64","990 695,49","73,67",3210,0,17782
Data,Ocup,Opção,Cheg,Oferta/Uso Interno,Deduz. Individ.,Deduz. Grupos,% Ocup.,Receita Quartos,Preço Médio,Saídas,Quartos FdS,Adul. / Cri.,novembro,Previsão,26-nov-2027 sex,0,0,0,0,0,0,0,-,-,NaN,0,0,0,0,0,0,0,0,0,0,-,-,NaN,0,0,0,Total nov,0,0,0,0,0,0,0,-,-,NaN,0,0,0,Total,9169,4278,3084,0,0,7614,1555,"13,64","990 695,49","73,67",3210,0,17782
Data,Ocup,Opção,Cheg,Oferta/Uso Interno,Deduz. Individ.,Deduz. Grupos,% Ocup.,Receita Quartos,Preço Médio,Saídas,Quartos FdS,Adul. / Cri.,novembro,Previsão,27-nov-2027 sáb,0,0,0,0,0,0,0,-,-,NaN,0,0,0,0,0,0,0,0,0,0,-,-,NaN,0,0,0,Total nov,0,0,0,0,0,0,0,-,-,NaN,0,0,0,Total,9169,4278,3084,0,0,7614,1555,"13,64","990 695,49","73,67",3210,0,17782
Data,Ocup,Opção,Cheg,Oferta/Uso Interno,Deduz. Individ.,Deduz. Grupos,% Ocup.,Receita Quartos,Preço Médio,Saídas,Quartos FdS,Adul. / Cri.,novembro,Previsão,28-nov-2027 dom,0,0,0,0,0,0,0,-,-,NaN,0,0,0,0,0,0,0,0,0,0,-,-,NaN,0,0,0,Total nov,0,0,0,0,0,0,0,-,-,NaN,0,0,0,Total,9169,4278,3084,0,0,7614,1555,"13,64","990 695,49","73,67",3210,0,17782
Data,Ocup,Opção,Cheg,Oferta/Uso Interno,Deduz. Individ.,Deduz. Grupos,% Ocup.,Receita Quartos,Preço Médio,Saídas,Quartos FdS,Adul. / Cri.,novembro,Previsão,29-nov-2027 seg,0,0,0,0,0,0,0,-,-,NaN,0,0,0,0,0,0,0,0,0,0,-,-,NaN,0,0,0,Total nov,0,0,0,0,0,0,0,-,-,NaN,0,0,0,Total,9169,4278,3084,0,0,7614,1555,"13,64","990 695,49","73,67",3210,0,17782
Data,Ocup,Opção,Cheg,Oferta/Uso Interno,Deduz. Individ.,Deduz. Grupos,% Ocup.,Receita Quartos,Preço Médio,Saídas,Quartos FdS,Adul. / Cri.,novembro,Previsão,30-nov-2027 ter,0,0,0,0,0,0,0,-,-,NaN,0,0,0,0,0,0,0,0,0,0,-,-,NaN,0,0,0,Total nov,0,0,0,0,0,0,0,-,-,NaN,0,0,0,Total,9169,4278,3084,0,0,7614,1555,"13,64","990 695,49","73,67",3210,0,17782
Data,Ocup,Opção,Cheg,Oferta/Uso Interno,Deduz. Individ.,Deduz. Grupos,% Ocup.,Receita Quartos,Preço Médio,Saídas,Quartos FdS,Adul. / Cri.,dezembro,Previsão,01-dez-2027 qua,0,0,0,0,0,0,0,-,-,NaN,0,0,0,0,0,0,0,0,0,0,-,-,NaN,0,0,0,Total dez,0,0,0,0,0,0,0,-,-,NaN,0,0,0,Total,9169,4278,3084,0,0,7614,1555,"13,64","990 695,49","73,67",3210,0,17782
Data,Ocup,Opção,Cheg,Oferta/Uso Interno,Deduz. Individ.,Deduz. Grupos,% Ocup.,Receita Quartos,Preço Médio,Saídas,Quartos FdS,Adul. / Cri.,dezembro,Previsão,02-dez-2027 qui,0,0,0,0,0,0,0,-,-,NaN,0,0,0,0,0,0,0,0,0,0,-,-,NaN,0,0,0,Total dez,0,0,0,0,0,0,0,-,-,NaN,0,0,0,Total,9169,4278,3084,0,0,7614,1555,"13,64","990 695,49","73,67",3210,0,17782
Data,Ocup,Opção,Cheg,Oferta/Uso Interno,Deduz. Individ.,Deduz. Grupos,% Ocup.,Receita Quartos,Preço Médio,Saídas,Quartos FdS,Adul. / Cri.,dezembro,Previsão,03-dez-2027 sex,0,0,0,0,0,0,0,-,-,NaN,0,0,0,0,0,0,0,0,0,0,-,-,NaN,0,0,0,Total dez,0,0,0,0,0,0,0,-,-,NaN,0,0,0,Total,9169,4278,3084,0,0,7614,1555,"13,64","990 695,49","73,67",3210,0,17782
Data,Ocup,Opção,Cheg,Oferta/Uso Interno,Deduz. Individ.,Deduz. Grupos,% Ocup.,Receita Quartos,Preço Médio,Saídas,Quartos FdS,Adul. / Cri.,dezembro,Previsão,04-dez-2027 sáb,0,0,0,0,0,0,0,-,-,NaN,0,0,0,0,0,0,0,0,0,0,-,-,NaN,0,0,0,Total dez,0,0,0,0,0,0,0,-,-,NaN,0,0,0,Total,9169,4278,3084,0,0,7614,1555,"13,64","990 695,49","73,67",3210,0,17782
Data,Ocup,Opção,Cheg,Oferta/Uso Interno,Deduz. Individ.,Deduz. Grupos,% Ocup.,Receita Quartos,Preço Médio,Saídas,Quartos FdS,Adul. / Cri.,dezembro,Previsão,05-dez-2027 dom,0,0,0,0,0,0,0,-,-,NaN,0,0,0,0,0,0,0,0,0,0,-,-,NaN,0,0,0,Total dez,0,0,0,0,0,0,0,-,-,NaN,0,0,0,Total,9169,4278,3084,0,0,7614,1555,"13,64","990 695,49","73,67",3210,0,17782
Data,Ocup,Opção,Cheg,Oferta/Uso Interno,Deduz. Individ.,Deduz. Grupos,% Ocup.,Receita Quartos,Preço Médio,Saídas,Quartos FdS,Adul. / Cri.,dezembro,Previsão,06-dez-2027 seg,0,0,0,0,0,0,0,-,-,NaN,0,0,0,0,0,0,0,0,0,0,-,-,NaN,0,0,0,Total dez,0,0,0,0,0,0,0,-,-,NaN,0,0,0,Total,9169,4278,3084,0,0,7614,1555,"13,64","990 695,49","73,67",3210,0,17782
Data,Ocup,Opção,Cheg,Oferta/Uso Interno,Deduz. Individ.,Deduz. Grupos,% Ocup.,Receita Quartos,Preço Médio,Saídas,Quartos FdS,Adul. / Cri.,dezembro,Previsão,07-dez-2027 ter,0,0,0,0,0,0,0,-,-,NaN,0,0,0,0,0,0,0,0,0,0,-,-,NaN,0,0,0,Total dez,0,0,0,0,0,0,0,-,-,NaN,0,0,0,Total,9169,4278,3084,0,0,7614,1555,"13,64","990 695,49","73,67",3210,0,17782
Data,Ocup,Opção,Cheg,Oferta/Uso Interno,Deduz. Individ.,Deduz. Grupos,% Ocup.,Receita Quartos,Preço Médio,Saídas,Quartos FdS,Adul. / Cri.,dezembro,Previsão,08-dez-2027 qua,0,0,0,0,0,0,0,-,-,NaN,0,0,0,0,0,0,0,0,0,0,-,-,NaN,0,0,0,Total dez,0,0,0,0,0,0,0,-,-,NaN,0,0,0,Total,9169,4278,3084,0,0,7614,1555,"13,64","990 695,49","73,67",3210,0,17782
Data,Ocup,Opção,Cheg,Oferta/Uso Interno,Deduz. Individ.,Deduz. Grupos,% Ocup.,Receita Quartos,Preço Médio,Saídas,Quartos FdS,Adul. / Cri.,dezembro,Previsão,09-dez-2027 qui,0,0,0,0,0,0,0,-,-,NaN,0,0,0,0,0,0,0,0,0,0,-,-,NaN,0,0,0,Total dez,0,0,0,0,0,0,0,-,-,NaN,0,0,0,Total,9169,4278,3084,0,0,7614,1555,"13,64","990 695,49","73,67",3210,0,17782
Data,Ocup,Opção,Cheg,Oferta/Uso Interno,Deduz. Individ.,Deduz. Grupos,% Ocup.,Receita Quartos,Preço Médio,Saídas,Quartos FdS,Adul. / Cri.,dezembro,Previsão,10-dez-2027 sex,0,0,0,0,0,0,0,-,-,NaN,0,0,0,0,0,0,0,0,0,0,-,-,NaN,0,0,0,Total dez,0,0,0,0,0,0,0,-,-,NaN,0,0,0,Total,9169,4278,3084,0,0,7614,1555,"13,64","990 695,49","73,67",3210,0,17782
Data,Ocup,Opção,Cheg,Oferta/Uso Interno,Deduz. Individ.,Deduz. Grupos,% Ocup.,Receita Quartos,Preço Médio,Saídas,Quartos FdS,Adul. / Cri.,dezembro,Previsão,11-dez-2027 sáb,0,0,0,0,0,0,0,-,-,NaN,0,0,0,0,0,0,0,0,0,0,-,-,NaN,0,0,0,Total dez,0,0,0,0,0,0,0,-,-,NaN,0,0,0,Total,9169,4278,3084,0,0,7614,1555,"13,64","990 695,49","73,67",3210,0,17782
Data,Ocup,Opção,Cheg,Oferta/Uso Interno,Deduz. Individ.,Deduz. Grupos,% Ocup.,Receita Quartos,Preço Médio,Saídas,Quartos FdS,Adul. / Cri.,dezembro,Previsão,12-dez-2027 dom,0,0,0,0,0,0,0,-,-,NaN,0,0,0,0,0,0,0,0,0,0,-,-,NaN,0,0,0,Total dez,0,0,0,0,0,0,0,-,-,NaN,0,0,0,Total,9169,4278,3084,0,0,7614,1555,"13,64","990 695,49","73,67",3210,0,17782
Data,Ocup,Opção,Cheg,Oferta/Uso Interno,Deduz. Individ.,Deduz. Grupos,% Ocup.,Receita Quartos,Preço Médio,Saídas,Quartos FdS,Adul. / Cri.,dezembro,Previsão,13-dez-2027 seg,0,0,0,0,0,0,0,-,-,NaN,0,0,0,0,0,0,0,0,0,0,-,-,NaN,0,0,0,Total dez,0,0,0,0,0,0,0,-,-,NaN,0,0,0,Total,9169,4278,3084,0,0,7614,1555,"13,64","990 695,49","73,67",3210,0,17782
Data,Ocup,Opção,Cheg,Oferta/Uso Interno,Deduz. Individ.,Deduz. Grupos,% Ocup.,Receita Quartos,Preço Médio,Saídas,Quartos FdS,Adul. / Cri.,dezembro,Previsão,14-dez-2027 ter,0,0,0,0,0,0,0,-,-,NaN,0,0,0,0,0,0,0,0,0,0,-,-,NaN,0,0,0,Total dez,0,0,0,0,0,0,0,-,-,NaN,0,0,0,Total,9169,4278,3084,0,0,7614,1555,"13,64","990 695,49","73,67",3210,0,17782
Data,Ocup,Opção,Cheg,Oferta/Uso Interno,Deduz. Individ.,Deduz. Grupos,% Ocup.,Receita Quartos,Preço Médio,Saídas,Quartos FdS,Adul. / Cri.,dezembro,Previsão,15-dez-2027 qua,0,0,0,0,0,0,0,-,-,NaN,0,0,0,0,0,0,0,0,0,0,-,-,NaN,0,0,0,Total dez,0,0,0,0,0,0,0,-,-,NaN,0,0,0,Total,9169,4278,3084,0,0,7614,1555,"13,64","990 695,49","73,67",3210,0,17782
Data,Ocup,Opção,Cheg,Oferta/Uso Interno,Deduz. Individ.,Deduz. Grupos,% Ocup.,Receita Quartos,Preço Médio,Saídas,Quartos FdS,Adul. / Cri.,dezembro,Previsão,16-dez-2027 qui,0,0,0,0,0,0,0,-,-,NaN,0,0,0,0,0,0,0,0,0,0,-,-,NaN,0,0,0,Total dez,0,0,0,0,0,0,0,-,-,NaN,0,0,0,Total,9169,4278,3084,0,0,7614,1555,"13,64","990 695,49","73,67",3210,0,17782
Data,Ocup,Opção,Cheg,Oferta/Uso Interno,Deduz. Individ.,Deduz. Grupos,% Ocup.,Receita Quartos,Preço Médio,Saídas,Quartos FdS,Adul. / Cri.,dezembro,Previsão,17-dez-2027 sex,0,0,0,0,0,0,0,-,-,NaN,0,0,0,0,0,0,0,0,0,0,-,-,NaN,0,0,0,Total dez,0,0,0,0,0,0,0,-,-,NaN,0,0,0,Total,9169,4278,3084,0,0,7614,1555,"13,64","990 695,49","73,67",3210,0,17782
Data,Ocup,Opção,Cheg,Oferta/Uso Interno,Deduz. Individ.,Deduz. Grupos,% Ocup.,Receita Quartos,Preço Médio,Saídas,Quartos FdS,Adul. / Cri.,dezembro,Previsão,18-dez-2027 sáb,0,0,0,0,0,0,0,-,-,NaN,0,0,0,0,0,0,0,0,0,0,-,-,NaN,0,0,0,Total dez,0,0,0,0,0,0,0,-,-,NaN,0,0,0,Total,9169,4278,3084,0,0,7614,1555,"13,64","990 695,49","73,67",3210,0,17782
Data,Ocup,Opção,Cheg,Oferta/Uso Interno,Deduz. Individ.,Deduz. Grupos,% Ocup.,Receita Quartos,Preço Médio,Saídas,Quartos FdS,Adul. / Cri.,dezembro,Previsão,19-dez-2027 dom,0,0,0,0,0,0,0,-,-,NaN,0,0,0,0,0,0,0,0,0,0,-,-,NaN,0,0,0,Total dez,0,0,0,0,0,0,0,-,-,NaN,0,0,0,Total,9169,4278,3084,0,0,7614,1555,"13,64","990 695,49","73,67",3210,0,17782
Data,Ocup,Opção,Cheg,Oferta/Uso Interno,Deduz. Individ.,Deduz. Grupos,% Ocup.,Receita Quartos,Preço Médio,Saídas,Quartos FdS,Adul. / Cri.,dezembro,Previsão,20-dez-2027 seg,0,0,0,0,0,0,0,-,-,NaN,0,0,0,0,0,0,0,0,0,0,-,-,NaN,0,0,0,Total dez,0,0,0,0,0,0,0,-,-,NaN,0,0,0,Total,9169,4278,3084,0,0,7614,1555,"13,64","990 695,49","73,67",3210,0,17782
Data,Ocup,Opção,Cheg,Oferta/Uso Interno,Deduz. Individ.,Deduz. Grupos,% Ocup.,Receita Quartos,Preço Médio,Saídas,Quartos FdS,Adul. / Cri.,dezembro,Previsão,21-dez-2027 ter,0,0,0,0,0,0,0,-,-,NaN,0,0,0,0,0,0,0,0,0,0,-,-,NaN,0,0,0,Total dez,0,0,0,0,0,0,0,-,-,NaN,0,0,0,Total,9169,4278,3084,0,0,7614,1555,"13,64","990 695,49","73,67",3210,0,17782
Data,Ocup,Opção,Cheg,Oferta/Uso Interno,Deduz. Individ.,Deduz. Grupos,% Ocup.,Receita Quartos,Preço Médio,Saídas,Quartos FdS,Adul. / Cri.,dezembro,Previsão,22-dez-2027 qua,0,0,0,0,0,0,0,-,-,NaN,0,0,0,0,0,0,0,0,0,0,-,-,NaN,0,0,0,Total dez,0,0,0,0,0,0,0,-,-,NaN,0,0,0,Total,9169,4278,3084,0,0,7614,1555,"13,64","990 695,49","73,67",3210,0,17782
Data,Ocup,Opção,Cheg,Oferta/Uso Interno,Deduz. Individ.,Deduz. Grupos,% Ocup.,Receita Quartos,Preço Médio,Saídas,Quartos FdS,Adul. / Cri.,dezembro,Previsão,23-dez-2027 qui,0,0,0,0,0,0,0,-,-,NaN,0,0,0,0,0,0,0,0,0,0,-,-,NaN,0,0,0,Total dez,0,0,0,0,0,0,0,-,-,NaN,0,0,0,Total,9169,4278,3084,0,0,7614,1555,"13,64","990 695,49","73,67",3210,0,17782
Data,Ocup,Opção,Cheg,Oferta/Uso Interno,Deduz. Individ.,Deduz. Grupos,% Ocup.,Receita Quartos,Preço Médio,Saídas,Quartos FdS,Adul. / Cri.,dezembro,Previsão,24-dez-2027 sex,0,0,0,0,0,0,0,-,-,NaN,0,0,0,0,0,0,0,0,0,0,-,-,NaN,0,0,0,Total dez,0,0,0,0,0,0,0,-,-,NaN,0,0,0,Total,9169,4278,3084,0,0,7614,1555,"13,64","990 695,49","73,67",3210,0,17782
Data,Ocup,Opção,Cheg,Oferta/Uso Interno,Deduz. Individ.,Deduz. Grupos,% Ocup.,Receita Quartos,Preço Médio,Saídas,Quartos FdS,Adul. / Cri.,dezembro,Previsão,25-dez-2027 sáb,0,0,0,0,0,0,0,-,-,NaN,0,0,0,0,0,0,0,0,0,0,-,-,NaN,0,0,0,Total dez,0,0,0,0,0,0,0,-,-,NaN,0,0,0,Total,9169,4278,3084,0,0,7614,1555,"13,64","990 695,49","73,67",3210,0,17782
Data,Ocup,Opção,Cheg,Oferta/Uso Interno,Deduz. Individ.,Deduz. Grupos,% Ocup.,Receita Quartos,Preço Médio,Saídas,Quartos FdS,Adul. / Cri.,dezembro,Previsão,26-dez-2027 dom,0,0,0,0,0,0,0,-,-,NaN,0,0,0,0,0,0,0,0,0,0,-,-,NaN,0,0,0,Total dez,0,0,0,0,0,0,0,-,-,NaN,0,0,0,Total,9169,4278,3084,0,0,7614,1555,"13,64","990 695,49","73,67",3210,0,17782
Data,Ocup,Opção,Cheg,Oferta/Uso Interno,Deduz. Individ.,Deduz. Grupos,% Ocup.,Receita Quartos,Preço Médio,Saídas,Quartos FdS,Adul. / Cri.,dezembro,Previsão,27-dez-2027 seg,0,0,0,0,0,0,0,-,-,NaN,0,0,0,0,0,0,0,0,0,0,-,-,NaN,0,0,0,Total dez,0,0,0,0,0,0,0,-,-,NaN,0,0,0,Total,9169,4278,3084,0,0,7614,1555,"13,64","990 695,49","73,67",3210,0,17782
Data,Ocup,Opção,Cheg,Oferta/Uso Interno,Deduz. Individ.,Deduz. Grupos,% Ocup.,Receita Quartos,Preço Médio,Saídas,Quartos FdS,Adul. / Cri.,dezembro,Previsão,28-dez-2027 ter,0,0,0,0,0,0,0,-,-,NaN,0,0,0,0,0,0,0,0,0,0,-,-,NaN,0,0,0,Total dez,0,0,0,0,0,0,0,-,-,NaN,0,0,0,Total,9169,4278,3084,0,0,7614,1555,"13,64","990 695,49","73,67",3210,0,17782
Data,Ocup,Opção,Cheg,Oferta/Uso Interno,Deduz. Individ.,Deduz. Grupos,% Ocup.,Receita Quartos,Preço Médio,Saídas,Quartos FdS,Adul. / Cri.,dezembro,Previsão,29-dez-2027 qua,0,0,0,0,0,0,0,-,-,NaN,0,0,0,0,0,0,0,0,0,0,-,-,NaN,0,0,0,Total dez,0,0,0,0,0,0,0,-,-,NaN,0,0,0,Total,9169,4278,3084,0,0,7614,1555,"13,64","990 695,49","73,67",3210,0,17782
Data,Ocup,Opção,Cheg,Oferta/Uso Interno,Deduz. Individ.,Deduz. Grupos,% Ocup.,Receita Quartos,Preço Médio,Saídas,Quartos FdS,Adul. / Cri.,dezembro,Previsão,30-dez-2027 qui,0,0,0,0,0,0,0,-,-,NaN,0,0,0,0,0,0,0,0,0,0,-,-,NaN,0,0,0,Total dez,0,0,0,0,0,0,0,-,-,NaN,0,0,0,Total,9169,4278,3084,0,0,7614,1555,"13,64","990 695,49","73,67",3210,0,17782
Data,Ocup,Opção,Cheg,Oferta/Uso Interno,Deduz. Individ.,Deduz. Grupos,% Ocup.,Receita Quartos,Preço Médio,Saídas,Quartos FdS,Adul. / Cri.,dezembro,Previsão,31-dez-2027 sex,0,0,0,0,0,0,0,-,-,NaN,0,0,0,0,0,0,0,0,0,0,-,-,NaN,0,0,0,Total dez,0,0,0,0,0,0,0,-,-,NaN,0,0,0,Total,9169,4278,3084,0,0,7614,1555,"13,64","990 695,49","73,67",3210,0,17782

