Textbox53,Textbox55,Textbox3,Textbox57,Textbox59,Textbox63,Textbox65,Textbox67,Textbox69,Textbox77,Textbox73,Textbox75,Textbox79,Textbox23,Textbox100,hoteldate,Occ,xoption,Arr,Comp,House,Indiv,Group,Occ_perct,RoomRev,Avg,Dep,OOO,Ad_Ch,Textbox86,Textbox6,Textbox87,Textbox88,Textbox89,Textbox90,Textbox91,Textbox92,Textbox93,Textbox94,Textbox95,Textbox96,Textbox97,Textbox9,Textbox127,Textbox7,Textbox128,Textbox129,Textbox130,Textbox131,Textbox132,Textbox133,Textbox134,Textbox135,Textbox136,Textbox137,Textbox138,Textbox113,Textbox99,xoption1,Textbox139,Textbox140,Textbox141,Textbox142,Textbox143,Textbox144,Textbox145,Textbox146,Textbox147,Textbox148,Textbox149
Data,Ocup,Opção,Cheg,Oferta/Uso Interno,Deduz. Individ.,Deduz. Grupos,% Ocup.,Receita Quartos,Preço Médio,Saídas,Quartos FdS,Adul. / Cri.,janeiro,Histórico,01-jan-2026 qui,125,4,29,0,0,111,14,"92,59","17 526,25","140,21",31,0,244,894,8,265,0,0,847,47,"66,22","81 426,37","91,08",302,0,1695,Total jan,2308,8,769,0,0,2243,65,"55,15","180 137,80","78,05",820,0,4393,Total,8572,4410,2891,0,0,7018,1554,"8,70","928 400,44","108,31",3017,0,16646
Data,Ocup,Opção,Cheg,Oferta/Uso Interno,Deduz. Individ.,Deduz. Grupos,% Ocup.,Receita Quartos,Preço Médio,Saídas,Quartos FdS,Adul. / Cri.,janeiro,Histórico,02-jan-2026 sex,114,2,36,0,0,100,14,"84,44","13 052,25","114,49",46,0,218,894,8,265,0,0,847,47,"66,22","81 426,37","91,08",302,0,1695,Total jan,2308,8,769,0,0,2243,65,"55,15","180 137,80","78,05",820,0,4393,Total,8572,4410,2891,0,0,7018,1554,"8,70","928 400,44","108,31",3017,0,16646
Data,Ocup,Opção,Cheg,Oferta/Uso Interno,Deduz. Individ.,Deduz. Grupos,% Ocup.,Receita Quartos,Preço Médio,Saídas,Quartos FdS,Adul. / Cri.,janeiro,Histórico,03-jan-2026 sáb,111,2,31,0,0,97,14,"82,22","11 061,34","99,65",34,0,209,894,8,265,0,0,847,47,"66,22","81 426,37","91,08",302,0,1695,Total jan,2308,8,769,0,0,2243,65,"55,15","180 137,80","78,05",820,0,4393,Total,8572,4410,2891,0,0,7018,1554,"8,70","928 400,44","108,31",3017,0,16646
Data,Ocup,Opção,Cheg,Oferta/Uso Interno,Deduz. Individ.,Deduz. Grupos,% Ocup.,Receita Quartos,Preço Médio,Saídas,Quartos FdS,Adul. / Cri.,janeiro,Histórico,04-jan-2026 dom,86,0,19,0,0,86,0,"63,70","7 348,92","85,45",43,0,168,894,8,265,0,0,847,47,"66,22","81 426,37","91,08",302,0,1695,Total jan,2308,8,769,0,0,2243,65,"55,15","180 137,80","78,05",820,0,4393,Total,8572,4410,2891,0,0,7018,1554,"8,70","928 400,44","108,31",3017,0,16646
Data,Ocup,Opção,Cheg,Oferta/Uso Interno,Deduz. Individ.,Deduz. Grupos,% Ocup.,Receita Quartos,Preço Médio,Saídas,Quartos FdS,Adul. / Cri.,janeiro,Histórico,05-jan-2026 seg,80,0,26,0,0,80,0,"59,26","6 322,70","79,03",32,0,155,894,8,265,0,0,847,47,"66,22","81 426,37","91,08",302,0,1695,Total jan,2308,8,769,0,0,2243,65,"55,15","180 137,80","78,05",820,0,4393,Total,8572,4410,2891,0,0,7018,1554,"8,70","928 400,44","108,31",3017,0,16646
Data,Ocup,Opção,Cheg,Oferta/Uso Interno,Deduz. Individ.,Deduz. Grupos,% Ocup.,Receita Quartos,Preço Médio,Saídas,Quartos FdS,Adul. / Cri.,janeiro,Histórico,06-jan-2026 ter,78,0,21,0,0,78,0,"57,78","5 885,19","75,45",24,0,150,894,8,265,0,0,847,47,"66,22","81 426,37","91,08",302,0,1695,Total jan,2308,8,769,0,0,2243,65,"55,15","180 137,80","78,05",820,0,4393,Total,8572,4410,2891,0,0,7018,1554,"8,70","928 400,44","108,31",3017,0,16646
Data,Ocup,Opção,Cheg,Oferta/Uso Interno,Deduz. Individ.,Deduz. Grupos,% Ocup.,Receita Quartos,Preço Médio,Saídas,Quartos FdS,Adul. / Cri.,janeiro,Histórico,07-jan-2026 qua,63,0,18,0,0,63,0,"46,67","4 231,60","67,17",33,0,118,894,8,265,0,0,847,47,"66,22","81 426,37","91,08",302,0,1695,Total jan,2308,8,769,0,0,2243,65,"55,15","180 137,80","78,05",820,0,4393,Total,8572,4410,2891,0,0,7018,1554,"8,70","928 400,44","108,31",3017,0,16646
Data,Ocup,Opção,Cheg,Oferta/Uso Interno,Deduz. Individ.,Deduz. Grupos,% Ocup.,Receita Quartos,Preço Médio,Saídas,Quartos FdS,Adul. / Cri.,janeiro,Histórico,08-jan-2026 qui,59,0,23,0,0,59,0,"43,70","3 948,81","66,93",27,0,109,894,8,265,0,0,847,47,"66,22","81 426,37","91,08",302,0,1695,Total jan,2308,8,769,0,0,2243,65,"55,15","180 137,80","78,05",820,0,4393,Total,8572,4410,2891,0,0,7018,1554,"8,70","928 400,44","108,31",3017,0,16646
Data,Ocup,Opção,Cheg,Oferta/Uso Interno,Deduz. Individ.,Deduz. Grupos,% Ocup.,Receita Quartos,Preço Médio,Saídas,Quartos FdS,Adul. / Cri.,janeiro,Histórico,09-jan-2026 sex,89,0,39,0,0,89,0,"65,93","5 777,03","64,91",9,0,166,894,8,265,0,0,847,47,"66,22","81 426,37","91,08",302,0,1695,Total jan,2308,8,769,0,0,2243,65,"55,15","180 137,80","78,05",820,0,4393,Total,8572,4410,2891,0,0,7018,1554,"8,70","928 400,44","108,31",3017,0,16646
Data,Ocup,Opção,Cheg,Oferta/Uso Interno,Deduz. Individ.,Deduz. Grupos,% Ocup.,Receita Quartos,Preço Médio,Saídas,Quartos FdS,Adul. / Cri.,janeiro,Histórico,10-jan-2026 sáb,89,0,23,0,0,84,5,"65,93","6 272,27","70,47",23,0,158,894,8,265,0,0,847,47,"66,22","81 426,37","91,08",302,0,1695,Total jan,2308,8,769,0,0,2243,65,"55,15","180 137,80","78,05",820,0,4393,Total,8572,4410,2891,0,0,7018,1554,"8,70","928 400,44","108,31",3017,0,16646
Data,Ocup,Opção,Cheg,Oferta/Uso Interno,Deduz. Individ.,Deduz. Grupos,% Ocup.,Receita Quartos,Preço Médio,Saídas,Quartos FdS,Adul. / Cri.,janeiro,Previsão,11-jan-2026 dom,74,0,23,0,0,65,9,"54,81","5 322,95","71,93",38,0,131,1414,0,504,0,0,1396,18,"49,88","98 711,44","69,81",518,0,2698,Total jan,2308,8,769,0,0,2243,65,"55,15","180 137,80","78,05",820,0,4393,Total,8572,4410,2891,0,0,7018,1554,"8,70","928 400,44","108,31",3017,0,16646
Data,Ocup,Opção,Cheg,Oferta/Uso Interno,Deduz. Individ.,Deduz. Grupos,% Ocup.,Receita Quartos,Preço Médio,Saídas,Quartos FdS,Adul. / Cri.,janeiro,Previsão,12-jan-2026 seg,55,0,14,0,0,46,9,"40,74","3 895,63","70,83",33,0,98,1414,0,504,0,0,1396,18,"49,88","98 711,44","69,81",518,0,2698,Total jan,2308,8,769,0,0,2243,65,"55,15","180 137,80","78,05",820,0,4393,Total,8572,4410,2891,0,0,7018,1554,"8,70","928 400,44","108,31",3017,0,16646
Data,Ocup,Opção,Cheg,Oferta/Uso Interno,Deduz. Individ.,Deduz. Grupos,% Ocup.,Receita Quartos,Preço Médio,Saídas,Quartos FdS,Adul. / Cri.,janeiro,Previsão,13-jan-2026 ter,48,0,15,0,0,48,0,"35,56","3 102,62","64,64",22,0,84,1414,0,504,0,0,1396,18,"49,88","98 711,44","69,81",518,0,2698,Total jan,2308,8,769,0,0,2243,65,"55,15","180 137,80","78,05",820,0,4393,Total,8572,4410,2891,0,0,7018,1554,"8,70","928 400,44","108,31",3017,0,16646
Data,Ocup,Opção,Cheg,Oferta/Uso Interno,Deduz. Individ.,Deduz. Grupos,% Ocup.,Receita Quartos,Preço Médio,Saídas,Quartos FdS,Adul. / Cri.,janeiro,Previsão,14-jan-2026 qua,46,0,20,0,0,46,0,"34,07","3 089,46","67,16",22,0,86,1414,0,504,0,0,1396,18,"49,88","98 711,44","69,81",518,0,2698,Total jan,2308,8,769,0,0,2243,65,"55,15","180 137,80","78,05",820,0,4393,Total,8572,4410,2891,0,0,7018,1554,"8,70","928 400,44","108,31",3017,0,16646
Data,Ocup,Opção,Cheg,Oferta/Uso Interno,Deduz. Individ.,Deduz. Grupos,% Ocup.,Receita Quartos,Preço Médio,Saídas,Quartos FdS,Adul. / Cri.,janeiro,Previsão,15-jan-2026 qui,57,0,21,0,0,57,0,"42,22","3 837,40","67,32",10,0,104,1414,0,504,0,0,1396,18,"49,88","98 711,44","69,81",518,0,2698,Total jan,2308,8,769,0,0,2243,65,"55,15","180 137,80","78,05",820,0,4393,Total,8572,4410,2891,0,0,7018,1554,"8,70","928 400,44","108,31",3017,0,16646
Data,Ocup,Opção,Cheg,Oferta/Uso Interno,Deduz. Individ.,Deduz. Grupos,% Ocup.,Receita Quartos,Preço Médio,Saídas,Quartos FdS,Adul. / Cri.,janeiro,Previsão,16-jan-2026 sex,72,0,34,0,0,72,0,"53,33","4 838,35","67,20",19,0,139,1414,0,504,0,0,1396,18,"49,88","98 711,44","69,81",518,0,2698,Total jan,2308,8,769,0,0,2243,65,"55,15","180 137,80","78,05",820,0,4393,Total,8572,4410,2891,0,0,7018,1554,"8,70","928 400,44","108,31",3017,0,16646
Data,Ocup,Opção,Cheg,Oferta/Uso Interno,Deduz. Individ.,Deduz. Grupos,% Ocup.,Receita Quartos,Preço Médio,Saídas,Quartos FdS,Adul. / Cri.,janeiro,Previsão,17-jan-2026 sáb,86,0,34,0,0,86,0,"63,70","5 900,13","68,61",20,0,165,1414,0,504,0,0,1396,18,"49,88","98 711,44","69,81",518,0,2698,Total jan,2308,8,769,0,0,2243,65,"55,15","180 137,80","78,05",820,0,4393,Total,8572,4410,2891,0,0,7018,1554,"8,70","928 400,44","108,31",3017,0,16646
Data,Ocup,Opção,Cheg,Oferta/Uso Interno,Deduz. Individ.,Deduz. Grupos,% Ocup.,Receita Quartos,Preço Médio,Saídas,Quartos FdS,Adul. / Cri.,janeiro,Previsão,18-jan-2026 dom,72,0,18,0,0,72,0,"53,33","4 682,53","65,04",32,0,132,1414,0,504,0,0,1396,18,"49,88","98 711,44","69,81",518,0,2698,Total jan,2308,8,769,0,0,2243,65,"55,15","180 137,80","78,05",820,0,4393,Total,8572,4410,2891,0,0,7018,1554,"8,70","928 400,44","108,31",3017,0,16646
Data,Ocup,Opção,Cheg,Oferta/Uso Interno,Deduz. Individ.,Deduz. Grupos,% Ocup.,Receita Quartos,Preço Médio,Saídas,Quartos FdS,Adul. / Cri.,janeiro,Previsão,19-jan-2026 seg,73,0,25,0,0,73,0,"54,07","4 820,17","66,03",24,0,130,1414,0,504,0,0,1396,18,"49,88","98 711,44","69,81",518,0,2698,Total jan,2308,8,769,0,0,2243,65,"55,15","180 137,80","78,05",820,0,4393,Total,8572,4410,2891,0,0,7018,1554,"8,70","928 400,44","108,31",3017,0,16646
Data,Ocup,Opção,Cheg,Oferta/Uso Interno,Deduz. Individ.,Deduz. Grupos,% Ocup.,Receita Quartos,Preço Médio,Saídas,Quartos FdS,Adul. / Cri.,janeiro,Previsão,20-jan-2026 ter,51,0,9,0,0,51,0,"37,78","3 413,38","66,93",31,0,90,1414,0,504,0,0,1396,18,"49,88","98 711,44","69,81",518,0,2698,Total jan,2308,8,769,0,0,2243,65,"55,15","180 137,80","78,05",820,0,4393,Total,8572,4410,2891,0,0,7018,1554,"8,70","928 400,44","108,31",3017,0,16646
Data,Ocup,Opção,Cheg,Oferta/Uso Interno,Deduz. Individ.,Deduz. Grupos,% Ocup.,Receita Quartos,Preço Médio,Saídas,Quartos FdS,Adul. / Cri.,janeiro,Previsão,21-jan-2026 qua,59,0,28,0,0,59,0,"43,70","3 893,35","65,99",20,0,110,1414,0,504,0,0,1396,18,"49,88","98 711,44","69,81",518,0,2698,Total jan,2308,8,769,0,0,2243,65,"55,15","180 137,80","78,05",820,0,4393,Total,8572,4410,2891,0,0,7018,1554,"8,70","928 400,44","108,31",3017,0,16646
Data,Ocup,Opção,Cheg,Oferta/Uso Interno,Deduz. Individ.,Deduz. Grupos,% Ocup.,Receita Quartos,Preço Médio,Saídas,Quartos FdS,Adul. / Cri.,janeiro,Previsão,22-jan-2026 qui,72,0,30,0,0,72,0,"53,33","4 975,79","69,11",17,0,142,1414,0,504,0,0,1396,18,"49,88","98 711,44","69,81",518,0,2698,Total jan,2308,8,769,0,0,2243,65,"55,15","180 137,80","78,05",820,0,4393,Total,8572,4410,2891,0,0,7018,1554,"8,70","928 400,44","108,31",3017,0,16646
Data,Ocup,Opção,Cheg,Oferta/Uso Interno,Deduz. Individ.,Deduz. Grupos,% Ocup.,Receita Quartos,Preço Médio,Saídas,Quartos FdS,Adul. / Cri.,janeiro,Previsão,23-jan-2026 sex,91,0,37,0,0,91,0,"67,41","6 328,39","69,54",18,0,180,1414,0,504,0,0,1396,18,"49,88","98 711,44","69,81",518,0,2698,Total jan,2308,8,769,0,0,2243,65,"55,15","180 137,80","78,05",820,0,4393,Total,8572,4410,2891,0,0,7018,1554,"8,70","928 400,44","108,31",3017,0,16646
Data,Ocup,Opção,Cheg,Oferta/Uso Interno,Deduz. Individ.,Deduz. Grupos,% Ocup.,Receita Quartos,Preço Médio,Saídas,Quartos FdS,Adul. / Cri.,janeiro,Previsão,24-jan-2026 sáb,90,0,26,0,0,90,0,"66,67","6 527,66","72,53",27,0,182,1414,0,504,0,0,1396,18,"49,88","98 711,44","69,81",518,0,2698,Total jan,2308,8,769,0,0,2243,65,"55,15","180 137,80","78,05",820,0,4393,Total,8572,4410,2891,0,0,7018,1554,"8,70","928 400,44","108,31",3017,0,16646
Data,Ocup,Opção,Cheg,Oferta/Uso Interno,Deduz. Individ.,Deduz. Grupos,% Ocup.,Receita Quartos,Preço Médio,Saídas,Quartos FdS,Adul. / Cri.,janeiro,Previsão,25-jan-2026 dom,68,0,22,0,0,68,0,"50,37","5 085,84","74,79",44,0,143,1414,0,504,0,0,1396,18,"49,88","98 711,44","69,81",518,0,2698,Total jan,2308,8,769,0,0,2243,65,"55,15","180 137,80","78,05",820,0,4393,Total,8572,4410,2891,0,0,7018,1554,"8,70","928 400,44","108,31",3017,0,16646
Data,Ocup,Opção,Cheg,Oferta/Uso Interno,Deduz. Individ.,Deduz. Grupos,% Ocup.,Receita Quartos,Preço Médio,Saídas,Quartos FdS,Adul. / Cri.,janeiro,Previsão,26-jan-2026 seg,54,0,13,0,0,54,0,"40,00","4 051,57","75,03",27,0,110,1414,0,504,0,0,1396,18,"49,88","98 711,44","69,81",518,0,2698,Total jan,2308,8,769,0,0,2243,65,"55,15","180 137,80","78,05",820,0,4393,Total,8572,4410,2891,0,0,7018,1554,"8,70","928 400,44","108,31",3017,0,16646
Data,Ocup,Opção,Cheg,Oferta/Uso Interno,Deduz. Individ.,Deduz. Grupos,% Ocup.,Receita Quartos,Preço Médio,Saídas,Quartos FdS,Adul. / Cri.,janeiro,Previsão,27-jan-2026 ter,53,0,24,0,0,53,0,"39,26","3 589,59","67,73",25,0,96,1414,0,504,0,0,1396,18,"49,88","98 711,44","69,81",518,0,2698,Total jan,2308,8,769,0,0,2243,65,"55,15","180 137,80","78,05",820,0,4393,Total,8572,4410,2891,0,0,7018,1554,"8,70","928 400,44","108,31",3017,0,16646
Data,Ocup,Opção,Cheg,Oferta/Uso Interno,Deduz. Individ.,Deduz. Grupos,% Ocup.,Receita Quartos,Preço Médio,Saídas,Quartos FdS,Adul. / Cri.,janeiro,Previsão,28-jan-2026 qua,64,0,30,0,0,64,0,"47,41","4 386,55","68,54",19,0,117,1414,0,504,0,0,1396,18,"49,88","98 711,44","69,81",518,0,2698,Total jan,2308,8,769,0,0,2243,65,"55,15","180 137,80","78,05",820,0,4393,Total,8572,4410,2891,0,0,7018,1554,"8,70","928 400,44","108,31",3017,0,16646
Data,Ocup,Opção,Cheg,Oferta/Uso Interno,Deduz. Individ.,Deduz. Grupos,% Ocup.,Receita Quartos,Preço Médio,Saídas,Quartos FdS,Adul. / Cri.,janeiro,Previsão,29-jan-2026 qui,75,0,31,0,0,75,0,"55,56","5 244,13","69,92",20,0,144,1414,0,504,0,0,1396,18,"49,88","98 711,44","69,81",518,0,2698,Total jan,2308,8,769,0,0,2243,65,"55,15","180 137,80","78,05",820,0,4393,Total,8572,4410,2891,0,0,7018,1554,"8,70","928 400,44","108,31",3017,0,16646
Data,Ocup,Opção,Cheg,Oferta/Uso Interno,Deduz. Individ.,Deduz. Grupos,% Ocup.,Receita Quartos,Preço Médio,Saídas,Quartos FdS,Adul. / Cri.,janeiro,Previsão,30-jan-2026 sex,79,0,28,0,0,79,0,"58,52","5 914,00","74,86",24,0,161,1414,0,504,0,0,1396,18,"49,88","98 711,44","69,81",518,0,2698,Total jan,2308,8,769,0,0,2243,65,"55,15","180 137,80","78,05",820,0,4393,Total,8572,4410,2891,0,0,7018,1554,"8,70","928 400,44","108,31",3017,0,16646
Data,Ocup,Opção,Cheg,Oferta/Uso Interno,Deduz. Individ.,Deduz. Grupos,% Ocup.,Receita Quartos,Preço Médio,Saídas,Quartos FdS,Adul. / Cri.,janeiro,Previsão,31-jan-2026 sáb,75,0,22,0,0,75,0,"55,56","5 811,94","77,49",26,0,154,1414,0,504,0,0,1396,18,"49,88","98 711,44","69,81",518,0,2698,Total jan,2308,8,769,0,0,2243,65,"55,15","180 137,80","78,05",820,0,4393,Total,8572,4410,2891,0,0,7018,1554,"8,70","928 400,44","108,31",3017,0,16646
Data,Ocup,Opção,Cheg,Oferta/Uso Interno,Deduz. Individ.,Deduz. Grupos,% Ocup.,Receita Quartos,Preço Médio,Saídas,Quartos FdS,Adul. / Cri.,fevereiro,Previsão,01-fev-2026 dom,57,0,17,0,0,57,0,"42,22","3 944,52","69,20",35,0,109,1706,1,569,0,0,1702,4,"45,13","133 667,24","78,35",573,0,3324,Total fev,1706,1,569,0,0,1702,4,"45,13","133 667,24","78,35",573,0,3324,Total,8572,4410,2891,0,0,7018,1554,"8,70","928 400,44","108,31",3017,0,16646
Data,Ocup,Opção,Cheg,Oferta/Uso Interno,Deduz. Individ.,Deduz. Grupos,% Ocup.,Receita Quartos,Preço Médio,Saídas,Quartos FdS,Adul. / Cri.,fevereiro,Previsão,02-fev-2026 seg,51,0,18,0,0,51,0,"37,78","3 418,86","67,04",24,0,94,1706,1,569,0,0,1702,4,"45,13","133 667,24","78,35",573,0,3324,Total fev,1706,1,569,0,0,1702,4,"45,13","133 667,24","78,35",573,0,3324,Total,8572,4410,2891,0,0,7018,1554,"8,70","928 400,44","108,31",3017,0,16646
Data,Ocup,Opção,Cheg,Oferta/Uso Interno,Deduz. Individ.,Deduz. Grupos,% Ocup.,Receita Quartos,Preço Médio,Saídas,Quartos FdS,Adul. / Cri.,fevereiro,Previsão,03-fev-2026 ter,48,0,12,0,0,48,0,"35,56","3 195,86","66,58",15,0,90,1706,1,569,0,0,1702,4,"45,13","133 667,24","78,35",573,0,3324,Total fev,1706,1,569,0,0,1702,4,"45,13","133 667,24","78,35",573,0,3324,Total,8572,4410,2891,0,0,7018,1554,"8,70","928 400,44","108,31",3017,0,16646
Data,Ocup,Opção,Cheg,Oferta/Uso Interno,Deduz. Individ.,Deduz. Grupos,% Ocup.,Receita Quartos,Preço Médio,Saídas,Quartos FdS,Adul. / Cri.,fevereiro,Previsão,04-fev-2026 qua,46,0,18,0,0,46,0,"34,07","3 323,82","72,26",20,0,92,1706,1,569,0,0,1702,4,"45,13","133 667,24","78,35",573,0,3324,Total fev,1706,1,569,0,0,1702,4,"45,13","133 667,24","78,35",573,0,3324,Total,8572,4410,2891,0,0,7018,1554,"8,70","928 400,44","108,31",3017,0,16646
Data,Ocup,Opção,Cheg,Oferta/Uso Interno,Deduz. Individ.,Deduz. Grupos,% Ocup.,Receita Quartos,Preço Médio,Saídas,Quartos FdS,Adul. / Cri.,fevereiro,Previsão,05-fev-2026 qui,52,0,20,0,0,52,0,"38,52","3 366,84","64,75",14,0,101,1706,1,569,0,0,1702,4,"45,13","133 667,24","78,35",573,0,3324,Total fev,1706,1,569,0,0,1702,4,"45,13","133 667,24","78,35",573,0,3324,Total,8572,4410,2891,0,0,7018,1554,"8,70","928 400,44","108,31",3017,0,16646
Data,Ocup,Opção,Cheg,Oferta/Uso Interno,Deduz. Individ.,Deduz. Grupos,% Ocup.,Receita Quartos,Preço Médio,Saídas,Quartos FdS,Adul. / Cri.,fevereiro,Previsão,06-fev-2026 sex,71,0,32,0,0,71,0,"52,59","5 391,68","75,94",13,0,144,1706,1,569,0,0,1702,4,"45,13","133 667,24","78,35",573,0,3324,Total fev,1706,1,569,0,0,1702,4,"45,13","133 667,24","78,35",573,0,3324,Total,8572,4410,2891,0,0,7018,1554,"8,70","928 400,44","108,31",3017,0,16646
Data,Ocup,Opção,Cheg,Oferta/Uso Interno,Deduz. Individ.,Deduz. Grupos,% Ocup.,Receita Quartos,Preço Médio,Saídas,Quartos FdS,Adul. / Cri.,fevereiro,Previsão,07-fev-2026 sáb,75,0,21,0,0,75,0,"55,56","5 750,14","76,67",17,0,153,1706,1,569,0,0,1702,4,"45,13","133 667,24","78,35",573,0,3324,Total fev,1706,1,569,0,0,1702,4,"45,13","133 667,24","78,35",573,0,3324,Total,8572,4410,2891,0,0,7018,1554,"8,70","928 400,44","108,31",3017,0,16646
Data,Ocup,Opção,Cheg,Oferta/Uso Interno,Deduz. Individ.,Deduz. Grupos,% Ocup.,Receita Quartos,Preço Médio,Saídas,Quartos FdS,Adul. / Cri.,fevereiro,Previsão,08-fev-2026 dom,49,0,9,0,0,49,0,"36,30","3 251,71","66,36",35,0,100,1706,1,569,0,0,1702,4,"45,13","133 667,24","78,35",573,0,3324,Total fev,1706,1,569,0,0,1702,4,"45,13","133 667,24","78,35",573,0,3324,Total,8572,4410,2891,0,0,7018,1554,"8,70","928 400,44","108,31",3017,0,16646
Data,Ocup,Opção,Cheg,Oferta/Uso Interno,Deduz. Individ.,Deduz. Grupos,% Ocup.,Receita Quartos,Preço Médio,Saídas,Quartos FdS,Adul. / Cri.,fevereiro,Previsão,09-fev-2026 seg,37,0,14,0,0,37,0,"27,41","2 468,49","66,72",26,0,65,1706,1,569,0,0,1702,4,"45,13","133 667,24","78,35",573,0,3324,Total fev,1706,1,569,0,0,1702,4,"45,13","133 667,24","78,35",573,0,3324,Total,8572,4410,2891,0,0,7018,1554,"8,70","928 400,44","108,31",3017,0,16646
Data,Ocup,Opção,Cheg,Oferta/Uso Interno,Deduz. Individ.,Deduz. Grupos,% Ocup.,Receita Quartos,Preço Médio,Saídas,Quartos FdS,Adul. / Cri.,fevereiro,Previsão,10-fev-2026 ter,41,0,17,0,0,41,0,"30,37","2 737,00","66,76",13,0,72,1706,1,569,0,0,1702,4,"45,13","133 667,24","78,35",573,0,3324,Total fev,1706,1,569,0,0,1702,4,"45,13","133 667,24","78,35",573,0,3324,Total,8572,4410,2891,0,0,7018,1554,"8,70","928 400,44","108,31",3017,0,16646
Data,Ocup,Opção,Cheg,Oferta/Uso Interno,Deduz. Individ.,Deduz. Grupos,% Ocup.,Receita Quartos,Preço Médio,Saídas,Quartos FdS,Adul. / Cri.,fevereiro,Previsão,11-fev-2026 qua,50,0,20,0,0,50,0,"37,04","3 393,85","67,88",11,0,89,1706,1,569,0,0,1702,4,"45,13","133 667,24","78,35",573,0,3324,Total fev,1706,1,569,0,0,1702,4,"45,13","133 667,24","78,35",573,0,3324,Total,8572,4410,2891,0,0,7018,1554,"8,70","928 400,44","108,31",3017,0,16646
Data,Ocup,Opção,Cheg,Oferta/Uso Interno,Deduz. Individ.,Deduz. Grupos,% Ocup.,Receita Quartos,Preço Médio,Saídas,Quartos FdS,Adul. / Cri.,fevereiro,Previsão,12-fev-2026 qui,58,0,26,0,0,58,0,"42,96","4 212,30","72,63",18,0,110,1706,1,569,0,0,1702,4,"45,13","133 667,24","78,35",573,0,3324,Total fev,1706,1,569,0,0,1702,4,"45,13","133 667,24","78,35",573,0,3324,Total,8572,4410,2891,0,0,7018,1554,"8,70","928 400,44","108,31",3017,0,16646
Data,Ocup,Opção,Cheg,Oferta/Uso Interno,Deduz. Individ.,Deduz. Grupos,% Ocup.,Receita Quartos,Preço Médio,Saídas,Quartos FdS,Adul. / Cri.,fevereiro,Previsão,13-fev-2026 sex,75,0,33,0,0,75,0,"55,56","6 489,15","86,52",16,0,154,1706,1,569,0,0,1702,4,"45,13","133 667,24","78,35",573,0,3324,Total fev,1706,1,569,0,0,1702,4,"45,13","133 667,24","78,35",573,0,3324,Total,8572,4410,2891,0,0,7018,1554,"8,70","928 400,44","108,31",3017,0,16646
Data,Ocup,Opção,Cheg,Oferta/Uso Interno,Deduz. Individ.,Deduz. Grupos,% Ocup.,Receita Quartos,Preço Médio,Saídas,Quartos FdS,Adul. / Cri.,fevereiro,Previsão,14-fev-2026 sáb,81,0,26,0,0,81,0,"60,00","7 767,96","95,90",20,0,160,1706,1,569,0,0,1702,4,"45,13","133 667,24","78,35",573,0,3324,Total fev,1706,1,569,0,0,1702,4,"45,13","133 667,24","78,35",573,0,3324,Total,8572,4410,2891,0,0,7018,1554,"8,70","928 400,44","108,31",3017,0,16646
Data,Ocup,Opção,Cheg,Oferta/Uso Interno,Deduz. Individ.,Deduz. Grupos,% Ocup.,Receita Quartos,Preço Médio,Saídas,Quartos FdS,Adul. / Cri.,fevereiro,Previsão,15-fev-2026 dom,81,0,23,0,0,81,0,"60,00","7 552,75","93,24",23,0,166,1706,1,569,0,0,1702,4,"45,13","133 667,24","78,35",573,0,3324,Total fev,1706,1,569,0,0,1702,4,"45,13","133 667,24","78,35",573,0,3324,Total,8572,4410,2891,0,0,7018,1554,"8,70","928 400,44","108,31",3017,0,16646
Data,Ocup,Opção,Cheg,Oferta/Uso Interno,Deduz. Individ.,Deduz. Grupos,% Ocup.,Receita Quartos,Preço Médio,Saídas,Quartos FdS,Adul. / Cri.,fevereiro,Previsão,16-fev-2026 seg,64,0,14,0,0,64,0,"47,41","5 870,77","91,73",31,0,139,1706,1,569,0,0,1702,4,"45,13","133 667,24","78,35",573,0,3324,Total fev,1706,1,569,0,0,1702,4,"45,13","133 667,24","78,35",573,0,3324,Total,8572,4410,2891,0,0,7018,1554,"8,70","928 400,44","108,31",3017,0,16646
Data,Ocup,Opção,Cheg,Oferta/Uso Interno,Deduz. Individ.,Deduz. Grupos,% Ocup.,Receita Quartos,Preço Médio,Saídas,Quartos FdS,Adul. / Cri.,fevereiro,Previsão,17-fev-2026 ter,70,0,29,0,0,70,0,"51,85","5 743,62","82,05",23,0,147,1706,1,569,0,0,1702,4,"45,13","133 667,24","78,35",573,0,3324,Total fev,1706,1,569,0,0,1702,4,"45,13","133 667,24","78,35",573,0,3324,Total,8572,4410,2891,0,0,7018,1554,"8,70","928 400,44","108,31",3017,0,16646
Data,Ocup,Opção,Cheg,Oferta/Uso Interno,Deduz. Individ.,Deduz. Grupos,% Ocup.,Receita Quartos,Preço Médio,Saídas,Quartos FdS,Adul. / Cri.,fevereiro,Previsão,18-fev-2026 qua,57,0,17,0,0,57,0,"42,22","4 643,29","81,46",30,0,119,1706,1,569,0,0,1702,4,"45,13","133 667,24","78,35",573,0,3324,Total fev,1706,1,569,0,0,1702,4,"45,13","133 667,24","78,35",573,0,3324,Total,8572,4410,2891,0,0,7018,1554,"8,70","928 400,44","108,31",3017,0,16646
Data,Ocup,Opção,Cheg,Oferta/Uso Interno,Deduz. Individ.,Deduz. Grupos,% Ocup.,Receita Quartos,Preço Médio,Saídas,Quartos FdS,Adul. / Cri.,fevereiro,Previsão,19-fev-2026 qui,64,0,25,0,0,64,0,"47,41","5 675,39","88,68",18,0,133,1706,1,569,0,0,1702,4,"45,13","133 667,24","78,35",573,0,3324,Total fev,1706,1,569,0,0,1702,4,"45,13","133 667,24","78,35",573,0,3324,Total,8572,4410,2891,0,0,7018,1554,"8,70","928 400,44","108,31",3017,0,16646
Data,Ocup,Opção,Cheg,Oferta/Uso Interno,Deduz. Individ.,Deduz. Grupos,% Ocup.,Receita Quartos,Preço Médio,Saídas,Quartos FdS,Adul. / Cri.,fevereiro,Previsão,20-fev-2026 sex,70,0,21,0,0,70,0,"51,85","6 356,65","90,81",15,0,143,1706,1,569,0,0,1702,4,"45,13","133 667,24","78,35",573,0,3324,Total fev,1706,1,569,0,0,1702,4,"45,13","133 667,24","78,35",573,0,3324,Total,8572,4410,2891,0,0,7018,1554,"8,70","928 400,44","108,31",3017,0,16646
Data,Ocup,Opção,Cheg,Oferta/Uso Interno,Deduz. Individ.,Deduz. Grupos,% Ocup.,Receita Quartos,Preço Médio,Saídas,Quartos FdS,Adul. / Cri.,fevereiro,Previsão,21-fev-2026 sáb,70,0,21,0,0,70,0,"51,85","6 356,89","90,81",21,0,143,1706,1,569,0,0,1702,4,"45,13","133 667,24","78,35",573,0,3324,Total fev,1706,1,569,0,0,1702,4,"45,13","133 667,24","78,35",573,0,3324,Total,8572,4410,2891,0,0,7018,1554,"8,70","928 400,44","108,31",3017,0,16646
Data,Ocup,Opção,Cheg,Oferta/Uso Interno,Deduz. Individ.,Deduz. Grupos,% Ocup.,Receita Quartos,Preço Médio,Saídas,Quartos FdS,Adul. / Cri.,fevereiro,Previsão,22-fev-2026 dom,69,0,18,0,0,69,0,"51,11","5 440,50","78,85",19,0,134,1706,1,569,0,0,1702,4,"45,13","133 667,24","78,35",573,0,3324,Total fev,1706,1,569,0,0,1702,4,"45,13","133 667,24","78,35",573,0,3324,Total,8572,4410,2891,0,0,7018,1554,"8,70","928 400,44","108,31",3017,0,16646
Data,Ocup,Opção,Cheg,Oferta/Uso Interno,Deduz. Individ.,Deduz. Grupos,% Ocup.,Receita Quartos,Preço Médio,Saídas,Quartos FdS,Adul. / Cri.,fevereiro,Previsão,23-fev-2026 seg,59,0,20,0,0,59,0,"43,70","4 529,25","76,77",30,0,107,1706,1,569,0,0,1702,4,"45,13","133 667,24","78,35",573,0,3324,Total fev,1706,1,569,0,0,1702,4,"45,13","133 667,24","78,35",573,0,3324,Total,8572,4410,2891,0,0,7018,1554,"8,70","928 400,44","108,31",3017,0,16646
Data,Ocup,Opção,Cheg,Oferta/Uso Interno,Deduz. Individ.,Deduz. Grupos,% Ocup.,Receita Quartos,Preço Médio,Saídas,Quartos FdS,Adul. / Cri.,fevereiro,Previsão,24-fev-2026 ter,69,0,17,0,0,69,0,"51,11","5 236,63","75,89",7,0,122,1706,1,569,0,0,1702,4,"45,13","133 667,24","78,35",573,0,3324,Total fev,1706,1,569,0,0,1702,4,"45,13","133 667,24","78,35",573,0,3324,Total,8572,4410,2891,0,0,7018,1554,"8,70","928 400,44","108,31",3017,0,16646
Data,Ocup,Opção,Cheg,Oferta/Uso Interno,Deduz. Individ.,Deduz. Grupos,% Ocup.,Receita Quartos,Preço Médio,Saídas,Quartos FdS,Adul. / Cri.,fevereiro,Previsão,25-fev-2026 qua,52,0,13,0,0,52,0,"38,52","3 680,57","70,78",30,0,91,1706,1,569,0,0,1702,4,"45,13","133 667,24","78,35",573,0,3324,Total fev,1706,1,569,0,0,1702,4,"45,13","133 667,24","78,35",573,0,3324,Total,8572,4410,2891,0,0,7018,1554,"8,70","928 400,44","108,31",3017,0,16646
Data,Ocup,Opção,Cheg,Oferta/Uso Interno,Deduz. Individ.,Deduz. Grupos,% Ocup.,Receita Quartos,Preço Médio,Saídas,Quartos FdS,Adul. / Cri.,fevereiro,Previsão,26-fev-2026 qui,51,0,15,0,0,51,0,"37,78","3 496,53","68,56",16,0,89,1706,1,569,0,0,1702,4,"45,13","133 667,24","78,35",573,0,3324,Total fev,1706,1,569,0,0,1702,4,"45,13","133 667,24","78,35",573,0,3324,Total,8572,4410,2891,0,0,7018,1554,"8,70","928 400,44","108,31",3017,0,16646
Data,Ocup,Opção,Cheg,Oferta/Uso Interno,Deduz. Individ.,Deduz. Grupos,% Ocup.,Receita Quartos,Preço Médio,Saídas,Quartos FdS,Adul. / Cri.,fevereiro,Previsão,27-fev-2026 sex,68,0,33,0,0,67,1,"50,37","4 970,20","73,09",16,0,125,1706,1,569,0,0,1702,4,"45,13","133 667,24","78,35",573,0,3324,Total fev,1706,1,569,0,0,1702,4,"45,13","133 667,24","78,35",573,0,3324,Total,8572,4410,2891,0,0,7018,1554,"8,70","928 400,44","108,31",3017,0,16646
Data,Ocup,Opção,Cheg,Oferta/Uso Interno,Deduz. Individ.,Deduz. Grupos,% Ocup.,Receita Quartos,Preço Médio,Saídas,Quartos FdS,Adul. / Cri.,fevereiro,Previsão,28-fev-2026 sáb,71,1,20,0,0,68,3,"52,59","5 402,04","76,09",17,0,133,1706,1,569,0,0,1702,4,"45,13","133 667,24","78,35",573,0,3324,Total fev,1706,1,569,0,0,1702,4,"45,13","133 667,24","78,35",573,0,3324,Total,8572,4410,2891,0,0,7018,1554,"8,70","928 400,44","108,31",3017,0,16646
Data,Ocup,Opção,Cheg,Oferta/Uso Interno,Deduz. Individ.,Deduz. Grupos,% Ocup.,Receita Quartos,Preço Médio,Saídas,Quartos FdS,Adul. / Cri.,março,Previsão,01-mar-2026 dom,48,13,12,0,0,48,0,"35,56","4 071,26","84,82",35,0,94,1570,106,507,0,0,1330,240,"37,51","164 086,45","104,51",541,0,3051,Total mar,1570,106,507,0,0,1330,240,"37,51","164 086,45","104,51",541,0,3051,Total,8572,4410,2891,0,0,7018,1554,"8,70","928 400,44","108,31",3017,0,16646
Data,Ocup,Opção,Cheg,Oferta/Uso Interno,Deduz. Individ.,Deduz. Grupos,% Ocup.,Receita Quartos,Preço Médio,Saídas,Quartos FdS,Adul. / Cri.,março,Previsão,02-mar-2026 seg,47,24,18,0,0,47,0,"34,81","4 057,53","86,33",19,0,95,1570,106,507,0,0,1330,240,"37,51","164 086,45","104,51",541,0,3051,Total mar,1570,106,507,0,0,1330,240,"37,51","164 086,45","104,51",541,0,3051,Total,8572,4410,2891,0,0,7018,1554,"8,70","928 400,44","108,31",3017,0,16646
Data,Ocup,Opção,Cheg,Oferta/Uso Interno,Deduz. Individ.,Deduz. Grupos,% Ocup.,Receita Quartos,Preço Médio,Saídas,Quartos FdS,Adul. / Cri.,março,Previsão,03-mar-2026 ter,46,11,11,0,0,46,0,"34,07","4 063,49","88,34",12,0,91,1570,106,507,0,0,1330,240,"37,51","164 086,45","104,51",541,0,3051,Total mar,1570,106,507,0,0,1330,240,"37,51","164 086,45","104,51",541,0,3051,Total,8572,4410,2891,0,0,7018,1554,"8,70","928 400,44","108,31",3017,0,16646
Data,Ocup,Opção,Cheg,Oferta/Uso Interno,Deduz. Individ.,Deduz. Grupos,% Ocup.,Receita Quartos,Preço Médio,Saídas,Quartos FdS,Adul. / Cri.,março,Previsão,04-mar-2026 qua,45,0,16,0,0,45,0,"33,33","3 900,32","86,67",17,0,85,1570,106,507,0,0,1330,240,"37,51","164 086,45","104,51",541,0,3051,Total mar,1570,106,507,0,0,1330,240,"37,51","164 086,45","104,51",541,0,3051,Total,8572,4410,2891,0,0,7018,1554,"8,70","928 400,44","108,31",3017,0,16646
Data,Ocup,Opção,Cheg,Oferta/Uso Interno,Deduz. Individ.,Deduz. Grupos,% Ocup.,Receita Quartos,Preço Médio,Saídas,Quartos FdS,Adul. / Cri.,março,Previsão,05-mar-2026 qui,49,0,11,0,0,49,0,"36,30","4 294,80","87,65",7,0,93,1570,106,507,0,0,1330,240,"37,51","164 086,45","104,51",541,0,3051,Total mar,1570,106,507,0,0,1330,240,"37,51","164 086,45","104,51",541,0,3051,Total,8572,4410,2891,0,0,7018,1554,"8,70","928 400,44","108,31",3017,0,16646
Data,Ocup,Opção,Cheg,Oferta/Uso Interno,Deduz. Individ.,Deduz. Grupos,% Ocup.,Receita Quartos,Preço Médio,Saídas,Quartos FdS,Adul. / Cri.,março,Previsão,06-mar-2026 sex,70,0,37,0,0,67,3,"51,85","7 415,57","105,94",16,0,128,1570,106,507,0,0,1330,240,"37,51","164 086,45","104,51",541,0,3051,Total mar,1570,106,507,0,0,1330,240,"37,51","164 086,45","104,51",541,0,3051,Total,8572,4410,2891,0,0,7018,1554,"8,70","928 400,44","108,31",3017,0,16646
Data,Ocup,Opção,Cheg,Oferta/Uso Interno,Deduz. Individ.,Deduz. Grupos,% Ocup.,Receita Quartos,Preço Médio,Saídas,Quartos FdS,Adul. / Cri.,março,Previsão,07-mar-2026 sáb,64,0,12,0,0,61,3,"47,41","6 709,88","104,84",18,0,120,1570,106,507,0,0,1330,240,"37,51","164 086,45","104,51",541,0,3051,Total mar,1570,106,507,0,0,1330,240,"37,51","164 086,45","104,51",541,0,3051,Total,8572,4410,2891,0,0,7018,1554,"8,70","928 400,44","108,31",3017,0,16646
Data,Ocup,Opção,Cheg,Oferta/Uso Interno,Deduz. Individ.,Deduz. Grupos,% Ocup.,Receita Quartos,Preço Médio,Saídas,Quartos FdS,Adul. / Cri.,março,Previsão,08-mar-2026 dom,55,0,15,0,0,55,0,"40,74","4 844,83","88,09",24,0,107,1570,106,507,0,0,1330,240,"37,51","164 086,45","104,51",541,0,3051,Total mar,1570,106,507,0,0,1330,240,"37,51","164 086,45","104,51",541,0,3051,Total,8572,4410,2891,0,0,7018,1554,"8,70","928 400,44","108,31",3017,0,16646
Data,Ocup,Opção,Cheg,Oferta/Uso Interno,Deduz. Individ.,Deduz. Grupos,% Ocup.,Receita Quartos,Preço Médio,Saídas,Quartos FdS,Adul. / Cri.,março,Previsão,09-mar-2026 seg,46,0,10,0,0,46,0,"34,07","4 015,33","87,29",19,0,90,1570,106,507,0,0,1330,240,"37,51","164 086,45","104,51",541,0,3051,Total mar,1570,106,507,0,0,1330,240,"37,51","164 086,45","104,51",541,0,3051,Total,8572,4410,2891,0,0,7018,1554,"8,70","928 400,44","108,31",3017,0,16646
Data,Ocup,Opção,Cheg,Oferta/Uso Interno,Deduz. Individ.,Deduz. Grupos,% Ocup.,Receita Quartos,Preço Médio,Saídas,Quartos FdS,Adul. / Cri.,março,Previsão,10-mar-2026 ter,35,0,11,0,0,34,1,"25,93","3 202,41","91,50",22,0,63,1570,106,507,0,0,1330,240,"37,51","164 086,45","104,51",541,0,3051,Total mar,1570,106,507,0,0,1330,240,"37,51","164 086,45","104,51",541,0,3051,Total,8572,4410,2891,0,0,7018,1554,"8,70","928 400,44","108,31",3017,0,16646
Data,Ocup,Opção,Cheg,Oferta/Uso Interno,Deduz. Individ.,Deduz. Grupos,% Ocup.,Receita Quartos,Preço Médio,Saídas,Quartos FdS,Adul. / Cri.,março,Previsão,11-mar-2026 qua,40,0,23,0,0,23,17,"29,63","4 172,90","104,32",18,0,79,1570,106,507,0,0,1330,240,"37,51","164 086,45","104,51",541,0,3051,Total mar,1570,106,507,0,0,1330,240,"37,51","164 086,45","104,51",541,0,3051,Total,8572,4410,2891,0,0,7018,1554,"8,70","928 400,44","108,31",3017,0,16646
Data,Ocup,Opção,Cheg,Oferta/Uso Interno,Deduz. Individ.,Deduz. Grupos,% Ocup.,Receita Quartos,Preço Médio,Saídas,Quartos FdS,Adul. / Cri.,março,Previsão,12-mar-2026 qui,48,0,18,0,0,31,17,"35,56","5 213,20","108,61",10,0,94,1570,106,507,0,0,1330,240,"37,51","164 086,45","104,51",541,0,3051,Total mar,1570,106,507,0,0,1330,240,"37,51","164 086,45","104,51",541,0,3051,Total,8572,4410,2891,0,0,7018,1554,"8,70","928 400,44","108,31",3017,0,16646
Data,Ocup,Opção,Cheg,Oferta/Uso Interno,Deduz. Individ.,Deduz. Grupos,% Ocup.,Receita Quartos,Preço Médio,Saídas,Quartos FdS,Adul. / Cri.,março,Previsão,13-mar-2026 sex,64,0,18,0,0,47,17,"47,41","7 222,26","112,85",2,0,125,1570,106,507,0,0,1330,240,"37,51","164 086,45","104,51",541,0,3051,Total mar,1570,106,507,0,0,1330,240,"37,51","164 086,45","104,51",541,0,3051,Total,8572,4410,2891,0,0,7018,1554,"8,70","928 400,44","108,31",3017,0,16646
Data,Ocup,Opção,Cheg,Oferta/Uso Interno,Deduz. Individ.,Deduz. Grupos,% Ocup.,Receita Quartos,Preço Médio,Saídas,Quartos FdS,Adul. / Cri.,março,Previsão,14-mar-2026 sáb,66,2,26,0,0,64,2,"48,89","6 991,69","105,93",24,0,132,1570,106,507,0,0,1330,240,"37,51","164 086,45","104,51",541,0,3051,Total mar,1570,106,507,0,0,1330,240,"37,51","164 086,45","104,51",541,0,3051,Total,8572,4410,2891,0,0,7018,1554,"8,70","928 400,44","108,31",3017,0,16646
Data,Ocup,Opção,Cheg,Oferta/Uso Interno,Deduz. Individ.,Deduz. Grupos,% Ocup.,Receita Quartos,Preço Médio,Saídas,Quartos FdS,Adul. / Cri.,março,Previsão,15-mar-2026 dom,50,13,7,0,0,50,0,"37,04","4 703,58","94,07",23,0,99,1570,106,507,0,0,1330,240,"37,51","164 086,45","104,51",541,0,3051,Total mar,1570,106,507,0,0,1330,240,"37,51","164 086,45","104,51",541,0,3051,Total,8572,4410,2891,0,0,7018,1554,"8,70","928 400,44","108,31",3017,0,16646
Data,Ocup,Opção,Cheg,Oferta/Uso Interno,Deduz. Individ.,Deduz. Grupos,% Ocup.,Receita Quartos,Preço Médio,Saídas,Quartos FdS,Adul. / Cri.,março,Previsão,16-mar-2026 seg,49,13,28,0,0,30,19,"36,30","6 325,35","129,09",29,0,93,1570,106,507,0,0,1330,240,"37,51","164 086,45","104,51",541,0,3051,Total mar,1570,106,507,0,0,1330,240,"37,51","164 086,45","104,51",541,0,3051,Total,8572,4410,2891,0,0,7018,1554,"8,70","928 400,44","108,31",3017,0,16646
Data,Ocup,Opção,Cheg,Oferta/Uso Interno,Deduz. Individ.,Deduz. Grupos,% Ocup.,Receita Quartos,Preço Médio,Saídas,Quartos FdS,Adul. / Cri.,março,Previsão,17-mar-2026 ter,52,0,8,0,0,32,20,"38,52","6 714,83","129,13",5,0,97,1570,106,507,0,0,1330,240,"37,51","164 086,45","104,51",541,0,3051,Total mar,1570,106,507,0,0,1330,240,"37,51","164 086,45","104,51",541,0,3051,Total,8572,4410,2891,0,0,7018,1554,"8,70","928 400,44","108,31",3017,0,16646
Data,Ocup,Opção,Cheg,Oferta/Uso Interno,Deduz. Individ.,Deduz. Grupos,% Ocup.,Receita Quartos,Preço Médio,Saídas,Quartos FdS,Adul. / Cri.,março,Previsão,18-mar-2026 qua,55,0,23,0,0,19,36,"40,74","7 192,88","130,78",20,0,104,1570,106,507,0,0,1330,240,"37,51","164 086,45","104,51",541,0,3051,Total mar,1570,106,507,0,0,1330,240,"37,51","164 086,45","104,51",541,0,3051,Total,8572,4410,2891,0,0,7018,1554,"8,70","928 400,44","108,31",3017,0,16646
Data,Ocup,Opção,Cheg,Oferta/Uso Interno,Deduz. Individ.,Deduz. Grupos,% Ocup.,Receita Quartos,Preço Médio,Saídas,Quartos FdS,Adul. / Cri.,março,Previsão,19-mar-2026 qui,54,0,8,0,0,18,36,"40,00","7 380,04","136,67",9,0,103,1570,106,507,0,0,1330,240,"37,51","164 086,45","104,51",541,0,3051,Total mar,1570,106,507,0,0,1330,240,"37,51","164 086,45","104,51",541,0,3051,Total,8572,4410,2891,0,0,7018,1554,"8,70","928 400,44","108,31",3017,0,16646
Data,Ocup,Opção,Cheg,Oferta/Uso Interno,Deduz. Individ.,Deduz. Grupos,% Ocup.,Receita Quartos,Preço Médio,Saídas,Quartos FdS,Adul. / Cri.,março,Previsão,20-mar-2026 sex,62,0,29,0,0,45,17,"45,93","7 744,91","124,92",21,0,126,1570,106,507,0,0,1330,240,"37,51","164 086,45","104,51",541,0,3051,Total mar,1570,106,507,0,0,1330,240,"37,51","164 086,45","104,51",541,0,3051,Total,8572,4410,2891,0,0,7018,1554,"8,70","928 400,44","108,31",3017,0,16646
Data,Ocup,Opção,Cheg,Oferta/Uso Interno,Deduz. Individ.,Deduz. Grupos,% Ocup.,Receita Quartos,Preço Médio,Saídas,Quartos FdS,Adul. / Cri.,março,Previsão,21-mar-2026 sáb,58,4,21,0,0,58,0,"42,96","5 865,49","101,13",25,0,115,1570,106,507,0,0,1330,240,"37,51","164 086,45","104,51",541,0,3051,Total mar,1570,106,507,0,0,1330,240,"37,51","164 086,45","104,51",541,0,3051,Total,8572,4410,2891,0,0,7018,1554,"8,70","928 400,44","108,31",3017,0,16646
Data,Ocup,Opção,Cheg,Oferta/Uso Interno,Deduz. Individ.,Deduz. Grupos,% Ocup.,Receita Quartos,Preço Médio,Saídas,Quartos FdS,Adul. / Cri.,março,Previsão,22-mar-2026 dom,51,13,15,0,0,51,0,"37,78","4 212,05","82,59",22,0,99,1570,106,507,0,0,1330,240,"37,51","164 086,45","104,51",541,0,3051,Total mar,1570,106,507,0,0,1330,240,"37,51","164 086,45","104,51",541,0,3051,Total,8572,4410,2891,0,0,7018,1554,"8,70","928 400,44","108,31",3017,0,16646
Data,Ocup,Opção,Cheg,Oferta/Uso Interno,Deduz. Individ.,Deduz. Grupos,% Ocup.,Receita Quartos,Preço Médio,Saídas,Quartos FdS,Adul. / Cri.,março,Previsão,23-mar-2026 seg,53,13,14,0,0,53,0,"39,26","4 464,87","84,24",12,0,102,1570,106,507,0,0,1330,240,"37,51","164 086,45","104,51",541,0,3051,Total mar,1570,106,507,0,0,1330,240,"37,51","164 086,45","104,51",541,0,3051,Total,8572,4410,2891,0,0,7018,1554,"8,70","928 400,44","108,31",3017,0,16646
Data,Ocup,Opção,Cheg,Oferta/Uso Interno,Deduz. Individ.,Deduz. Grupos,% Ocup.,Receita Quartos,Preço Médio,Saídas,Quartos FdS,Adul. / Cri.,março,Previsão,24-mar-2026 ter,59,0,21,0,0,58,1,"43,70","5 679,10","96,26",15,0,111,1570,106,507,0,0,1330,240,"37,51","164 086,45","104,51",541,0,3051,Total mar,1570,106,507,0,0,1330,240,"37,51","164 086,45","104,51",541,0,3051,Total,8572,4410,2891,0,0,7018,1554,"8,70","928 400,44","108,31",3017,0,16646
Data,Ocup,Opção,Cheg,Oferta/Uso Interno,Deduz. Individ.,Deduz. Grupos,% Ocup.,Receita Quartos,Preço Médio,Saídas,Quartos FdS,Adul. / Cri.,março,Previsão,25-mar-2026 qua,51,0,21,0,0,34,17,"37,78","5 599,14","109,79",29,0,100,1570,106,507,0,0,1330,240,"37,51","164 086,45","104,51",541,0,3051,Total mar,1570,106,507,0,0,1330,240,"37,51","164 086,45","104,51",541,0,3051,Total,8572,4410,2891,0,0,7018,1554,"8,70","928 400,44","108,31",3017,0,16646
Data,Ocup,Opção,Cheg,Oferta/Uso Interno,Deduz. Individ.,Deduz. Grupos,% Ocup.,Receita Quartos,Preço Médio,Saídas,Quartos FdS,Adul. / Cri.,março,Previsão,26-mar-2026 qui,47,0,3,0,0,30,17,"34,81","5 246,49","111,63",7,0,93,1570,106,507,0,0,1330,240,"37,51","164 086,45","104,51",541,0,3051,Total mar,1570,106,507,0,0,1330,240,"37,51","164 086,45","104,51",541,0,3051,Total,8572,4410,2891,0,0,7018,1554,"8,70","928 400,44","108,31",3017,0,16646
Data,Ocup,Opção,Cheg,Oferta/Uso Interno,Deduz. Individ.,Deduz. Grupos,% Ocup.,Receita Quartos,Preço Médio,Saídas,Quartos FdS,Adul. / Cri.,março,Previsão,27-mar-2026 sex,34,0,8,0,0,17,17,"25,19","4 247,27","124,92",21,0,66,1570,106,507,0,0,1330,240,"37,51","164 086,45","104,51",541,0,3051,Total mar,1570,106,507,0,0,1330,240,"37,51","164 086,45","104,51",541,0,3051,Total,8572,4410,2891,0,0,7018,1554,"8,70","928 400,44","108,31",3017,0,16646
Data,Ocup,Opção,Cheg,Oferta/Uso Interno,Deduz. Individ.,Deduz. Grupos,% Ocup.,Receita Quartos,Preço Médio,Saídas,Quartos FdS,Adul. / Cri.,março,Previsão,28-mar-2026 sáb,33,0,22,0,0,33,0,"24,44","3 870,94","117,30",23,0,64,1570,106,507,0,0,1330,240,"37,51","164 086,45","104,51",541,0,3051,Total mar,1570,106,507,0,0,1330,240,"37,51","164 086,45","104,51",541,0,3051,Total,8572,4410,2891,0,0,7018,1554,"8,70","928 400,44","108,31",3017,0,16646
Data,Ocup,Opção,Cheg,Oferta/Uso Interno,Deduz. Individ.,Deduz. Grupos,% Ocup.,Receita Quartos,Preço Médio,Saídas,Quartos FdS,Adul. / Cri.,março,Previsão,29-mar-2026 dom,52,0,22,0,0,52,0,"38,52","5 597,02","107,63",3,0,103,1570,106,507,0,0,1330,240,"37,51","164 086,45","104,51",541,0,3051,Total mar,1570,106,507,0,0,1330,240,"37,51","164 086,45","104,51",541,0,3051,Total,8572,4410,2891,0,0,7018,1554,"8,70","928 400,44","108,31",3017,0,16646
Data,Ocup,Opção,Cheg,Oferta/Uso Interno,Deduz. Individ.,Deduz. Grupos,% Ocup.,Receita Quartos,Preço Médio,Saídas,Quartos FdS,Adul. / Cri.,março,Previsão,30-mar-2026 seg,50,0,9,0,0,50,0,"37,04","5 126,81","102,54",11,0,103,1570,106,507,0,0,1330,240,"37,51","164 086,45","104,51",541,0,3051,Total mar,1570,106,507,0,0,1330,240,"37,51","164 086,45","104,51",541,0,3051,Total,8572,4410,2891,0,0,7018,1554,"8,70","928 400,44","108,31",3017,0,16646
Data,Ocup,Opção,Cheg,Oferta/Uso Interno,Deduz. Individ.,Deduz. Grupos,% Ocup.,Receita Quartos,Preço Médio,Saídas,Quartos FdS,Adul. / Cri.,março,Previsão,31-mar-2026 ter,37,0,10,0,0,37,0,"27,41","3 940,22","106,49",23,0,77,1570,106,507,0,0,1330,240,"37,51","164 086,45","104,51",541,0,3051,Total mar,1570,106,507,0,0,1330,240,"37,51","164 086,45","104,51",541,0,3051,Total,8572,4410,2891,0,0,7018,1554,"8,70","928 400,44","108,31",3017,0,16646
Data,Ocup,Opção,Cheg,Oferta/Uso Interno,Deduz. Individ.,Deduz. Grupos,% Ocup.,Receita Quartos,Preço Médio,Saídas,Quartos FdS,Adul. / Cri.,abril,Previsão,01-abr-2026 qua,31,0,6,0,0,31,0,"22,96","4 765,76","153,73",12,0,71,896,211,296,0,0,660,236,"22,12","129 533,55","144,57",303,0,1818,Total abr,896,211,296,0,0,660,236,"22,12","129 533,55","144,57",303,0,1818,Total,8572,4410,2891,0,0,7018,1554,"8,70","928 400,44","108,31",3017,0,16646
Data,Ocup,Opção,Cheg,Oferta/Uso Interno,Deduz. Individ.,Deduz. Grupos,% Ocup.,Receita Quartos,Preço Médio,Saídas,Quartos FdS,Adul. / Cri.,abril,Previsão,02-abr-2026 qui,23,0,4,0,0,23,0,"17,04","4 134,64","179,77",12,0,57,896,211,296,0,0,660,236,"22,12","129 533,55","144,57",303,0,1818,Total abr,896,211,296,0,0,660,236,"22,12","129 533,55","144,57",303,0,1818,Total,8572,4410,2891,0,0,7018,1554,"8,70","928 400,44","108,31",3017,0,16646
Data,Ocup,Opção,Cheg,Oferta/Uso Interno,Deduz. Individ.,Deduz. Grupos,% Ocup.,Receita Quartos,Preço Médio,Saídas,Quartos FdS,Adul. / Cri.,abril,Previsão,03-abr-2026 sex,13,0,1,0,0,13,0,"9,63","3 186,19","245,09",11,0,35,896,211,296,0,0,660,236,"22,12","129 533,55","144,57",303,0,1818,Total abr,896,211,296,0,0,660,236,"22,12","129 533,55","144,57",303,0,1818,Total,8572,4410,2891,0,0,7018,1554,"8,70","928 400,44","108,31",3017,0,16646
Data,Ocup,Opção,Cheg,Oferta/Uso Interno,Deduz. Individ.,Deduz. Grupos,% Ocup.,Receita Quartos,Preço Médio,Saídas,Quartos FdS,Adul. / Cri.,abril,Previsão,04-abr-2026 sáb,11,0,4,0,0,11,0,"8,15","2 677,74","243,43",6,0,32,896,211,296,0,0,660,236,"22,12","129 533,55","144,57",303,0,1818,Total abr,896,211,296,0,0,660,236,"22,12","129 533,55","144,57",303,0,1818,Total,8572,4410,2891,0,0,7018,1554,"8,70","928 400,44","108,31",3017,0,16646
Data,Ocup,Opção,Cheg,Oferta/Uso Interno,Deduz. Individ.,Deduz. Grupos,% Ocup.,Receita Quartos,Preço Médio,Saídas,Quartos FdS,Adul. / Cri.,abril,Previsão,05-abr-2026 dom,18,0,8,0,0,18,0,"13,33","3 172,38","176,24",1,0,44,896,211,296,0,0,660,236,"22,12","129 533,55","144,57",303,0,1818,Total abr,896,211,296,0,0,660,236,"22,12","129 533,55","144,57",303,0,1818,Total,8572,4410,2891,0,0,7018,1554,"8,70","928 400,44","108,31",3017,0,16646
Data,Ocup,Opção,Cheg,Oferta/Uso Interno,Deduz. Individ.,Deduz. Grupos,% Ocup.,Receita Quartos,Preço Médio,Saídas,Quartos FdS,Adul. / Cri.,abril,Previsão,06-abr-2026 seg,26,0,12,0,0,26,0,"19,26","3 353,38","128,98",4,0,55,896,211,296,0,0,660,236,"22,12","129 533,55","144,57",303,0,1818,Total abr,896,211,296,0,0,660,236,"22,12","129 533,55","144,57",303,0,1818,Total,8572,4410,2891,0,0,7018,1554,"8,70","928 400,44","108,31",3017,0,16646
Data,Ocup,Opção,Cheg,Oferta/Uso Interno,Deduz. Individ.,Deduz. Grupos,% Ocup.,Receita Quartos,Preço Médio,Saídas,Quartos FdS,Adul. / Cri.,abril,Previsão,07-abr-2026 ter,32,12,9,0,0,31,1,"23,70","4 156,77","129,90",3,0,67,896,211,296,0,0,660,236,"22,12","129 533,55","144,57",303,0,1818,Total abr,896,211,296,0,0,660,236,"22,12","129 533,55","144,57",303,0,1818,Total,8572,4410,2891,0,0,7018,1554,"8,70","928 400,44","108,31",3017,0,16646
Data,Ocup,Opção,Cheg,Oferta/Uso Interno,Deduz. Individ.,Deduz. Grupos,% Ocup.,Receita Quartos,Preço Médio,Saídas,Quartos FdS,Adul. / Cri.,abril,Previsão,08-abr-2026 qua,32,12,20,0,0,15,17,"23,70","4 591,88","143,50",20,0,64,896,211,296,0,0,660,236,"22,12","129 533,55","144,57",303,0,1818,Total abr,896,211,296,0,0,660,236,"22,12","129 533,55","144,57",303,0,1818,Total,8572,4410,2891,0,0,7018,1554,"8,70","928 400,44","108,31",3017,0,16646
Data,Ocup,Opção,Cheg,Oferta/Uso Interno,Deduz. Individ.,Deduz. Grupos,% Ocup.,Receita Quartos,Preço Médio,Saídas,Quartos FdS,Adul. / Cri.,abril,Previsão,09-abr-2026 qui,30,12,2,0,0,13,17,"22,22","4 207,57","140,25",4,0,59,896,211,296,0,0,660,236,"22,12","129 533,55","144,57",303,0,1818,Total abr,896,211,296,0,0,660,236,"22,12","129 533,55","144,57",303,0,1818,Total,8572,4410,2891,0,0,7018,1554,"8,70","928 400,44","108,31",3017,0,16646
Data,Ocup,Opção,Cheg,Oferta/Uso Interno,Deduz. Individ.,Deduz. Grupos,% Ocup.,Receita Quartos,Preço Médio,Saídas,Quartos FdS,Adul. / Cri.,abril,Previsão,10-abr-2026 sex,35,0,9,0,0,18,17,"25,93","5 329,16","152,26",4,0,69,896,211,296,0,0,660,236,"22,12","129 533,55","144,57",303,0,1818,Total abr,896,211,296,0,0,660,236,"22,12","129 533,55","144,57",303,0,1818,Total,8572,4410,2891,0,0,7018,1554,"8,70","928 400,44","108,31",3017,0,16646
Data,Ocup,Opção,Cheg,Oferta/Uso Interno,Deduz. Individ.,Deduz. Grupos,% Ocup.,Receita Quartos,Preço Médio,Saídas,Quartos FdS,Adul. / Cri.,abril,Previsão,11-abr-2026 sáb,31,1,19,0,0,28,3,"22,96","4 084,67","131,76",23,0,58,896,211,296,0,0,660,236,"22,12","129 533,55","144,57",303,0,1818,Total abr,896,211,296,0,0,660,236,"22,12","129 533,55","144,57",303,0,1818,Total,8572,4410,2891,0,0,7018,1554,"8,70","928 400,44","108,31",3017,0,16646
Data,Ocup,Opção,Cheg,Oferta/Uso Interno,Deduz. Individ.,Deduz. Grupos,% Ocup.,Receita Quartos,Preço Médio,Saídas,Quartos FdS,Adul. / Cri.,abril,Previsão,12-abr-2026 dom,29,13,9,0,0,29,0,"21,48","3 499,42","120,67",11,0,54,896,211,296,0,0,660,236,"22,12","129 533,55","144,57",303,0,1818,Total abr,896,211,296,0,0,660,236,"22,12","129 533,55","144,57",303,0,1818,Total,8572,4410,2891,0,0,7018,1554,"8,70","928 400,44","108,31",3017,0,16646
Data,Ocup,Opção,Cheg,Oferta/Uso Interno,Deduz. Individ.,Deduz. Grupos,% Ocup.,Receita Quartos,Preço Médio,Saídas,Quartos FdS,Adul. / Cri.,abril,Previsão,13-abr-2026 seg,28,13,2,0,0,28,0,"20,74","3 399,23","121,40",3,0,52,896,211,296,0,0,660,236,"22,12","129 533,55","144,57",303,0,1818,Total abr,896,211,296,0,0,660,236,"22,12","129 533,55","144,57",303,0,1818,Total,8572,4410,2891,0,0,7018,1554,"8,70","928 400,44","108,31",3017,0,16646
Data,Ocup,Opção,Cheg,Oferta/Uso Interno,Deduz. Individ.,Deduz. Grupos,% Ocup.,Receita Quartos,Preço Médio,Saídas,Quartos FdS,Adul. / Cri.,abril,Previsão,14-abr-2026 ter,28,22,14,0,0,27,1,"20,74","3 498,56","124,95",14,0,52,896,211,296,0,0,660,236,"22,12","129 533,55","144,57",303,0,1818,Total abr,896,211,296,0,0,660,236,"22,12","129 533,55","144,57",303,0,1818,Total,8572,4410,2891,0,0,7018,1554,"8,70","928 400,44","108,31",3017,0,16646
Data,Ocup,Opção,Cheg,Oferta/Uso Interno,Deduz. Individ.,Deduz. Grupos,% Ocup.,Receita Quartos,Preço Médio,Saídas,Quartos FdS,Adul. / Cri.,abril,Previsão,15-abr-2026 qua,33,22,22,0,0,14,19,"24,44","4 746,50","143,83",17,0,65,896,211,296,0,0,660,236,"22,12","129 533,55","144,57",303,0,1818,Total abr,896,211,296,0,0,660,236,"22,12","129 533,55","144,57",303,0,1818,Total,8572,4410,2891,0,0,7018,1554,"8,70","928 400,44","108,31",3017,0,16646
Data,Ocup,Opção,Cheg,Oferta/Uso Interno,Deduz. Individ.,Deduz. Grupos,% Ocup.,Receita Quartos,Preço Médio,Saídas,Quartos FdS,Adul. / Cri.,abril,Previsão,16-abr-2026 qui,40,23,10,0,0,20,20,"29,63","5 750,76","143,77",3,0,78,896,211,296,0,0,660,236,"22,12","129 533,55","144,57",303,0,1818,Total abr,896,211,296,0,0,660,236,"22,12","129 533,55","144,57",303,0,1818,Total,8572,4410,2891,0,0,7018,1554,"8,70","928 400,44","108,31",3017,0,16646
Data,Ocup,Opção,Cheg,Oferta/Uso Interno,Deduz. Individ.,Deduz. Grupos,% Ocup.,Receita Quartos,Preço Médio,Saídas,Quartos FdS,Adul. / Cri.,abril,Previsão,17-abr-2026 sex,41,13,9,0,0,24,17,"30,37","5 817,35","141,89",8,0,81,896,211,296,0,0,660,236,"22,12","129 533,55","144,57",303,0,1818,Total abr,896,211,296,0,0,660,236,"22,12","129 533,55","144,57",303,0,1818,Total,8572,4410,2891,0,0,7018,1554,"8,70","928 400,44","108,31",3017,0,16646
Data,Ocup,Opção,Cheg,Oferta/Uso Interno,Deduz. Individ.,Deduz. Grupos,% Ocup.,Receita Quartos,Preço Médio,Saídas,Quartos FdS,Adul. / Cri.,abril,Previsão,18-abr-2026 sáb,36,13,14,0,0,35,1,"26,67","4 202,13","116,73",19,0,71,896,211,296,0,0,660,236,"22,12","129 533,55","144,57",303,0,1818,Total abr,896,211,296,0,0,660,236,"22,12","129 533,55","144,57",303,0,1818,Total,8572,4410,2891,0,0,7018,1554,"8,70","928 400,44","108,31",3017,0,16646
Data,Ocup,Opção,Cheg,Oferta/Uso Interno,Deduz. Individ.,Deduz. Grupos,% Ocup.,Receita Quartos,Preço Médio,Saídas,Quartos FdS,Adul. / Cri.,abril,Previsão,19-abr-2026 dom,30,0,7,0,0,30,0,"22,22","3 324,39","110,81",13,0,59,896,211,296,0,0,660,236,"22,12","129 533,55","144,57",303,0,1818,Total abr,896,211,296,0,0,660,236,"22,12","129 533,55","144,57",303,0,1818,Total,8572,4410,2891,0,0,7018,1554,"8,70","928 400,44","108,31",3017,0,16646
Data,Ocup,Opção,Cheg,Oferta/Uso Interno,Deduz. Individ.,Deduz. Grupos,% Ocup.,Receita Quartos,Preço Médio,Saídas,Quartos FdS,Adul. / Cri.,abril,Previsão,20-abr-2026 seg,25,0,5,0,0,25,0,"18,52","2 870,19","114,81",10,0,51,896,211,296,0,0,660,236,"22,12","129 533,55","144,57",303,0,1818,Total abr,896,211,296,0,0,660,236,"22,12","129 533,55","144,57",303,0,1818,Total,8572,4410,2891,0,0,7018,1554,"8,70","928 400,44","108,31",3017,0,16646
Data,Ocup,Opção,Cheg,Oferta/Uso Interno,Deduz. Individ.,Deduz. Grupos,% Ocup.,Receita Quartos,Preço Médio,Saídas,Quartos FdS,Adul. / Cri.,abril,Previsão,21-abr-2026 ter,23,0,7,0,0,22,1,"17,04","2 957,75","128,60",9,0,46,896,211,296,0,0,660,236,"22,12","129 533,55","144,57",303,0,1818,Total abr,896,211,296,0,0,660,236,"22,12","129 533,55","144,57",303,0,1818,Total,8572,4410,2891,0,0,7018,1554,"8,70","928 400,44","108,31",3017,0,16646
Data,Ocup,Opção,Cheg,Oferta/Uso Interno,Deduz. Individ.,Deduz. Grupos,% Ocup.,Receita Quartos,Preço Médio,Saídas,Quartos FdS,Adul. / Cri.,abril,Previsão,22-abr-2026 qua,43,0,33,0,0,14,29,"31,85","7 415,67","172,46",13,0,84,896,211,296,0,0,660,236,"22,12","129 533,55","144,57",303,0,1818,Total abr,896,211,296,0,0,660,236,"22,12","129 533,55","144,57",303,0,1818,Total,8572,4410,2891,0,0,7018,1554,"8,70","928 400,44","108,31",3017,0,16646
Data,Ocup,Opção,Cheg,Oferta/Uso Interno,Deduz. Individ.,Deduz. Grupos,% Ocup.,Receita Quartos,Preço Médio,Saídas,Quartos FdS,Adul. / Cri.,abril,Previsão,23-abr-2026 qui,44,17,7,0,0,15,29,"32,59","7 579,97","172,27",6,0,86,896,211,296,0,0,660,236,"22,12","129 533,55","144,57",303,0,1818,Total abr,896,211,296,0,0,660,236,"22,12","129 533,55","144,57",303,0,1818,Total,8572,4410,2891,0,0,7018,1554,"8,70","928 400,44","108,31",3017,0,16646
Data,Ocup,Opção,Cheg,Oferta/Uso Interno,Deduz. Individ.,Deduz. Grupos,% Ocup.,Receita Quartos,Preço Médio,Saídas,Quartos FdS,Adul. / Cri.,abril,Previsão,24-abr-2026 sex,46,17,6,0,0,17,29,"34,07","8 349,79","181,52",4,0,91,896,211,296,0,0,660,236,"22,12","129 533,55","144,57",303,0,1818,Total abr,896,211,296,0,0,660,236,"22,12","129 533,55","144,57",303,0,1818,Total,8572,4410,2891,0,0,7018,1554,"8,70","928 400,44","108,31",3017,0,16646
Data,Ocup,Opção,Cheg,Oferta/Uso Interno,Deduz. Individ.,Deduz. Grupos,% Ocup.,Receita Quartos,Preço Médio,Saídas,Quartos FdS,Adul. / Cri.,abril,Previsão,25-abr-2026 sáb,23,17,9,0,0,23,0,"17,04","3 021,18","131,36",32,0,47,896,211,296,0,0,660,236,"22,12","129 533,55","144,57",303,0,1818,Total abr,896,211,296,0,0,660,236,"22,12","129 533,55","144,57",303,0,1818,Total,8572,4410,2891,0,0,7018,1554,"8,70","928 400,44","108,31",3017,0,16646
Data,Ocup,Opção,Cheg,Oferta/Uso Interno,Deduz. Individ.,Deduz. Grupos,% Ocup.,Receita Quartos,Preço Médio,Saídas,Quartos FdS,Adul. / Cri.,abril,Previsão,26-abr-2026 dom,24,0,9,0,0,24,0,"17,78","2 993,02","124,71",8,0,50,896,211,296,0,0,660,236,"22,12","129 533,55","144,57",303,0,1818,Total abr,896,211,296,0,0,660,236,"22,12","129 533,55","144,57",303,0,1818,Total,8572,4410,2891,0,0,7018,1554,"8,70","928 400,44","108,31",3017,0,16646
Data,Ocup,Opção,Cheg,Oferta/Uso Interno,Deduz. Individ.,Deduz. Grupos,% Ocup.,Receita Quartos,Preço Médio,Saídas,Quartos FdS,Adul. / Cri.,abril,Previsão,27-abr-2026 seg,27,0,8,0,0,27,0,"20,00","3 192,63","118,25",5,0,53,896,211,296,0,0,660,236,"22,12","129 533,55","144,57",303,0,1818,Total abr,896,211,296,0,0,660,236,"22,12","129 533,55","144,57",303,0,1818,Total,8572,4410,2891,0,0,7018,1554,"8,70","928 400,44","108,31",3017,0,16646
Data,Ocup,Opção,Cheg,Oferta/Uso Interno,Deduz. Individ.,Deduz. Grupos,% Ocup.,Receita Quartos,Preço Médio,Saídas,Quartos FdS,Adul. / Cri.,abril,Previsão,28-abr-2026 ter,28,0,9,0,0,27,1,"20,74","3 547,64","126,70",8,0,56,896,211,296,0,0,660,236,"22,12","129 533,55","144,57",303,0,1818,Total abr,896,211,296,0,0,660,236,"22,12","129 533,55","144,57",303,0,1818,Total,8572,4410,2891,0,0,7018,1554,"8,70","928 400,44","108,31",3017,0,16646
Data,Ocup,Opção,Cheg,Oferta/Uso Interno,Deduz. Individ.,Deduz. Grupos,% Ocup.,Receita Quartos,Preço Médio,Saídas,Quartos FdS,Adul. / Cri.,abril,Previsão,29-abr-2026 qua,36,0,20,0,0,19,17,"26,67","5 326,54","147,96",12,0,72,896,211,296,0,0,660,236,"22,12","129 533,55","144,57",303,0,1818,Total abr,896,211,296,0,0,660,236,"22,12","129 533,55","144,57",303,0,1818,Total,8572,4410,2891,0,0,7018,1554,"8,70","928 400,44","108,31",3017,0,16646
Data,Ocup,Opção,Cheg,Oferta/Uso Interno,Deduz. Individ.,Deduz. Grupos,% Ocup.,Receita Quartos,Preço Médio,Saídas,Quartos FdS,Adul. / Cri.,abril,Previsão,30-abr-2026 qui,30,4,2,0,0,13,17,"22,22","4 380,73","146,02",8,0,59,896,211,296,0,0,660,236,"22,12","129 533,55","144,57",303,0,1818,Total abr,896,211,296,0,0,660,236,"22,12","129 533,55","144,57",303,0,1818,Total,8572,4410,2891,0,0,7018,1554,"8,70","928 400,44","108,31",3017,0,16646
Data,Ocup,Opção,Cheg,Oferta/Uso Interno,Deduz. Individ.,Deduz. Grupos,% Ocup.,Receita Quartos,Preço Médio,Saídas,Quartos FdS,Adul. / Cri.,maio,Previsão,01-mai-2026 sex,26,13,4,0,0,9,17,"19,26","4 035,87","155,23",8,0,50,674,648,238,0,0,439,235,"16,11","106 660,31","158,25",259,0,1254,Total mai,674,648,238,0,0,439,235,"16,11","106 660,31","158,25",259,0,1254,Total,8572,4410,2891,0,0,7018,1554,"8,70","928 400,44","108,31",3017,0,16646
Data,Ocup,Opção,Cheg,Oferta/Uso Interno,Deduz. Individ.,Deduz. Grupos,% Ocup.,Receita Quartos,Preço Médio,Saídas,Quartos FdS,Adul. / Cri.,maio,Previsão,02-mai-2026 sáb,13,13,7,0,0,13,0,"9,63","2 344,87","180,37",20,0,23,674,648,238,0,0,439,235,"16,11","106 660,31","158,25",259,0,1254,Total mai,674,648,238,0,0,439,235,"16,11","106 660,31","158,25",259,0,1254,Total,8572,4410,2891,0,0,7018,1554,"8,70","928 400,44","108,31",3017,0,16646
Data,Ocup,Opção,Cheg,Oferta/Uso Interno,Deduz. Individ.,Deduz. Grupos,% Ocup.,Receita Quartos,Preço Médio,Saídas,Quartos FdS,Adul. / Cri.,maio,Previsão,03-mai-2026 dom,11,47,3,0,0,11,0,"8,15","1 611,93","146,54",5,0,21,674,648,238,0,0,439,235,"16,11","106 660,31","158,25",259,0,1254,Total mai,674,648,238,0,0,439,235,"16,11","106 660,31","158,25",259,0,1254,Total,8572,4410,2891,0,0,7018,1554,"8,70","928 400,44","108,31",3017,0,16646
Data,Ocup,Opção,Cheg,Oferta/Uso Interno,Deduz. Individ.,Deduz. Grupos,% Ocup.,Receita Quartos,Preço Médio,Saídas,Quartos FdS,Adul. / Cri.,maio,Previsão,04-mai-2026 seg,13,47,5,0,0,13,0,"9,63","1 979,46","152,27",3,0,25,674,648,238,0,0,439,235,"16,11","106 660,31","158,25",259,0,1254,Total mai,674,648,238,0,0,439,235,"16,11","106 660,31","158,25",259,0,1254,Total,8572,4410,2891,0,0,7018,1554,"8,70","928 400,44","108,31",3017,0,16646
Data,Ocup,Opção,Cheg,Oferta/Uso Interno,Deduz. Individ.,Deduz. Grupos,% Ocup.,Receita Quartos,Preço Médio,Saídas,Quartos FdS,Adul. / Cri.,maio,Previsão,05-mai-2026 ter,17,47,7,0,0,15,2,"12,59","2 640,35","155,31",3,0,33,674,648,238,0,0,439,235,"16,11","106 660,31","158,25",259,0,1254,Total mai,674,648,238,0,0,439,235,"16,11","106 660,31","158,25",259,0,1254,Total,8572,4410,2891,0,0,7018,1554,"8,70","928 400,44","108,31",3017,0,16646
Data,Ocup,Opção,Cheg,Oferta/Uso Interno,Deduz. Individ.,Deduz. Grupos,% Ocup.,Receita Quartos,Preço Médio,Saídas,Quartos FdS,Adul. / Cri.,maio,Previsão,06-mai-2026 qua,29,0,21,0,0,10,19,"21,48","4 159,57","143,43",9,0,57,674,648,238,0,0,439,235,"16,11","106 660,31","158,25",259,0,1254,Total mai,674,648,238,0,0,439,235,"16,11","106 660,31","158,25",259,0,1254,Total,8572,4410,2891,0,0,7018,1554,"8,70","928 400,44","108,31",3017,0,16646
Data,Ocup,Opção,Cheg,Oferta/Uso Interno,Deduz. Individ.,Deduz. Grupos,% Ocup.,Receita Quartos,Preço Médio,Saídas,Quartos FdS,Adul. / Cri.,maio,Previsão,07-mai-2026 qui,50,1,26,0,0,30,20,"37,04","7 386,24","147,72",5,0,90,674,648,238,0,0,439,235,"16,11","106 660,31","158,25",259,0,1254,Total mai,674,648,238,0,0,439,235,"16,11","106 660,31","158,25",259,0,1254,Total,8572,4410,2891,0,0,7018,1554,"8,70","928 400,44","108,31",3017,0,16646
Data,Ocup,Opção,Cheg,Oferta/Uso Interno,Deduz. Individ.,Deduz. Grupos,% Ocup.,Receita Quartos,Preço Médio,Saídas,Quartos FdS,Adul. / Cri.,maio,Previsão,08-mai-2026 sex,49,13,4,0,0,32,17,"36,30","7 611,47","155,34",5,0,89,674,648,238,0,0,439,235,"16,11","106 660,31","158,25",259,0,1254,Total mai,674,648,238,0,0,439,235,"16,11","106 660,31","158,25",259,0,1254,Total,8572,4410,2891,0,0,7018,1554,"8,70","928 400,44","108,31",3017,0,16646
Data,Ocup,Opção,Cheg,Oferta/Uso Interno,Deduz. Individ.,Deduz. Grupos,% Ocup.,Receita Quartos,Preço Médio,Saídas,Quartos FdS,Adul. / Cri.,maio,Previsão,09-mai-2026 sáb,34,35,5,0,0,34,0,"25,19","5 739,50","168,81",20,0,59,674,648,238,0,0,439,235,"16,11","106 660,31","158,25",259,0,1254,Total mai,674,648,238,0,0,439,235,"16,11","106 660,31","158,25",259,0,1254,Total,8572,4410,2891,0,0,7018,1554,"8,70","928 400,44","108,31",3017,0,16646
Data,Ocup,Opção,Cheg,Oferta/Uso Interno,Deduz. Individ.,Deduz. Grupos,% Ocup.,Receita Quartos,Preço Médio,Saídas,Quartos FdS,Adul. / Cri.,maio,Previsão,10-mai-2026 dom,7,22,1,0,0,7,0,"5,19","1 130,40","161,49",28,0,14,674,648,238,0,0,439,235,"16,11","106 660,31","158,25",259,0,1254,Total mai,674,648,238,0,0,439,235,"16,11","106 660,31","158,25",259,0,1254,Total,8572,4410,2891,0,0,7018,1554,"8,70","928 400,44","108,31",3017,0,16646
Data,Ocup,Opção,Cheg,Oferta/Uso Interno,Deduz. Individ.,Deduz. Grupos,% Ocup.,Receita Quartos,Preço Médio,Saídas,Quartos FdS,Adul. / Cri.,maio,Previsão,11-mai-2026 seg,9,22,5,0,0,9,0,"6,67","1 373,50","152,61",3,0,16,674,648,238,0,0,439,235,"16,11","106 660,31","158,25",259,0,1254,Total mai,674,648,238,0,0,439,235,"16,11","106 660,31","158,25",259,0,1254,Total,8572,4410,2891,0,0,7018,1554,"8,70","928 400,44","108,31",3017,0,16646
Data,Ocup,Opção,Cheg,Oferta/Uso Interno,Deduz. Individ.,Deduz. Grupos,% Ocup.,Receita Quartos,Preço Médio,Saídas,Quartos FdS,Adul. / Cri.,maio,Previsão,12-mai-2026 ter,17,22,10,0,0,16,1,"12,59","2 637,51","155,15",2,0,31,674,648,238,0,0,439,235,"16,11","106 660,31","158,25",259,0,1254,Total mai,674,648,238,0,0,439,235,"16,11","106 660,31","158,25",259,0,1254,Total,8572,4410,2891,0,0,7018,1554,"8,70","928 400,44","108,31",3017,0,16646
Data,Ocup,Opção,Cheg,Oferta/Uso Interno,Deduz. Individ.,Deduz. Grupos,% Ocup.,Receita Quartos,Preço Médio,Saídas,Quartos FdS,Adul. / Cri.,maio,Previsão,13-mai-2026 qua,28,22,19,0,0,11,17,"20,74","4 162,79","148,67",8,0,52,674,648,238,0,0,439,235,"16,11","106 660,31","158,25",259,0,1254,Total mai,674,648,238,0,0,439,235,"16,11","106 660,31","158,25",259,0,1254,Total,8572,4410,2891,0,0,7018,1554,"8,70","928 400,44","108,31",3017,0,16646
Data,Ocup,Opção,Cheg,Oferta/Uso Interno,Deduz. Individ.,Deduz. Grupos,% Ocup.,Receita Quartos,Preço Médio,Saídas,Quartos FdS,Adul. / Cri.,maio,Previsão,14-mai-2026 qui,32,48,6,0,0,15,17,"23,70","4 788,19","149,63",2,0,62,674,648,238,0,0,439,235,"16,11","106 660,31","158,25",259,0,1254,Total mai,674,648,238,0,0,439,235,"16,11","106 660,31","158,25",259,0,1254,Total,8572,4410,2891,0,0,7018,1554,"8,70","928 400,44","108,31",3017,0,16646
Data,Ocup,Opção,Cheg,Oferta/Uso Interno,Deduz. Individ.,Deduz. Grupos,% Ocup.,Receita Quartos,Preço Médio,Saídas,Quartos FdS,Adul. / Cri.,maio,Previsão,15-mai-2026 sex,32,35,3,0,0,15,17,"23,70","5 121,39","160,04",3,0,63,674,648,238,0,0,439,235,"16,11","106 660,31","158,25",259,0,1254,Total mai,674,648,238,0,0,439,235,"16,11","106 660,31","158,25",259,0,1254,Total,8572,4410,2891,0,0,7018,1554,"8,70","928 400,44","108,31",3017,0,16646
Data,Ocup,Opção,Cheg,Oferta/Uso Interno,Deduz. Individ.,Deduz. Grupos,% Ocup.,Receita Quartos,Preço Médio,Saídas,Quartos FdS,Adul. / Cri.,maio,Previsão,16-mai-2026 sáb,14,37,2,0,0,13,1,"10,37","2 290,35","163,60",20,0,28,674,648,238,0,0,439,235,"16,11","106 660,31","158,25",259,0,1254,Total mai,674,648,238,0,0,439,235,"16,11","106 660,31","158,25",259,0,1254,Total,8572,4410,2891,0,0,7018,1554,"8,70","928 400,44","108,31",3017,0,16646
Data,Ocup,Opção,Cheg,Oferta/Uso Interno,Deduz. Individ.,Deduz. Grupos,% Ocup.,Receita Quartos,Preço Médio,Saídas,Quartos FdS,Adul. / Cri.,maio,Previsão,17-mai-2026 dom,11,13,8,0,0,11,0,"8,15","1 466,66","133,33",11,0,21,674,648,238,0,0,439,235,"16,11","106 660,31","158,25",259,0,1254,Total mai,674,648,238,0,0,439,235,"16,11","106 660,31","158,25",259,0,1254,Total,8572,4410,2891,0,0,7018,1554,"8,70","928 400,44","108,31",3017,0,16646
Data,Ocup,Opção,Cheg,Oferta/Uso Interno,Deduz. Individ.,Deduz. Grupos,% Ocup.,Receita Quartos,Preço Médio,Saídas,Quartos FdS,Adul. / Cri.,maio,Previsão,18-mai-2026 seg,16,13,6,0,0,16,0,"11,85","2 378,38","148,65",1,0,30,674,648,238,0,0,439,235,"16,11","106 660,31","158,25",259,0,1254,Total mai,674,648,238,0,0,439,235,"16,11","106 660,31","158,25",259,0,1254,Total,8572,4410,2891,0,0,7018,1554,"8,70","928 400,44","108,31",3017,0,16646
Data,Ocup,Opção,Cheg,Oferta/Uso Interno,Deduz. Individ.,Deduz. Grupos,% Ocup.,Receita Quartos,Preço Médio,Saídas,Quartos FdS,Adul. / Cri.,maio,Previsão,19-mai-2026 ter,18,0,7,0,0,17,1,"13,33","2 956,90","164,27",5,0,33,674,648,238,0,0,439,235,"16,11","106 660,31","158,25",259,0,1254,Total mai,674,648,238,0,0,439,235,"16,11","106 660,31","158,25",259,0,1254,Total,8572,4410,2891,0,0,7018,1554,"8,70","928 400,44","108,31",3017,0,16646
Data,Ocup,Opção,Cheg,Oferta/Uso Interno,Deduz. Individ.,Deduz. Grupos,% Ocup.,Receita Quartos,Preço Médio,Saídas,Quartos FdS,Adul. / Cri.,maio,Previsão,20-mai-2026 qua,28,0,21,0,0,11,17,"20,74","4 386,63","156,67",11,0,53,674,648,238,0,0,439,235,"16,11","106 660,31","158,25",259,0,1254,Total mai,674,648,238,0,0,439,235,"16,11","106 660,31","158,25",259,0,1254,Total,8572,4410,2891,0,0,7018,1554,"8,70","928 400,44","108,31",3017,0,16646
Data,Ocup,Opção,Cheg,Oferta/Uso Interno,Deduz. Individ.,Deduz. Grupos,% Ocup.,Receita Quartos,Preço Médio,Saídas,Quartos FdS,Adul. / Cri.,maio,Previsão,21-mai-2026 qui,33,4,6,0,0,16,17,"24,44","5 164,00","156,48",1,0,58,674,648,238,0,0,439,235,"16,11","106 660,31","158,25",259,0,1254,Total mai,674,648,238,0,0,439,235,"16,11","106 660,31","158,25",259,0,1254,Total,8572,4410,2891,0,0,7018,1554,"8,70","928 400,44","108,31",3017,0,16646
Data,Ocup,Opção,Cheg,Oferta/Uso Interno,Deduz. Individ.,Deduz. Grupos,% Ocup.,Receita Quartos,Preço Médio,Saídas,Quartos FdS,Adul. / Cri.,maio,Previsão,22-mai-2026 sex,30,13,4,0,0,12,18,"22,22","4 820,50","160,68",7,0,55,674,648,238,0,0,439,235,"16,11","106 660,31","158,25",259,0,1254,Total mai,674,648,238,0,0,439,235,"16,11","106 660,31","158,25",259,0,1254,Total,8572,4410,2891,0,0,7018,1554,"8,70","928 400,44","108,31",3017,0,16646
Data,Ocup,Opção,Cheg,Oferta/Uso Interno,Deduz. Individ.,Deduz. Grupos,% Ocup.,Receita Quartos,Preço Médio,Saídas,Quartos FdS,Adul. / Cri.,maio,Previsão,23-mai-2026 sáb,14,15,3,0,0,12,2,"10,37","2 540,38","181,46",19,0,25,674,648,238,0,0,439,235,"16,11","106 660,31","158,25",259,0,1254,Total mai,674,648,238,0,0,439,235,"16,11","106 660,31","158,25",259,0,1254,Total,8572,4410,2891,0,0,7018,1554,"8,70","928 400,44","108,31",3017,0,16646
Data,Ocup,Opção,Cheg,Oferta/Uso Interno,Deduz. Individ.,Deduz. Grupos,% Ocup.,Receita Quartos,Preço Médio,Saídas,Quartos FdS,Adul. / Cri.,maio,Previsão,24-mai-2026 dom,11,13,7,0,0,11,0,"8,15","1 865,18","169,56",10,0,20,674,648,238,0,0,439,235,"16,11","106 660,31","158,25",259,0,1254,Total mai,674,648,238,0,0,439,235,"16,11","106 660,31","158,25",259,0,1254,Total,8572,4410,2891,0,0,7018,1554,"8,70","928 400,44","108,31",3017,0,16646
Data,Ocup,Opção,Cheg,Oferta/Uso Interno,Deduz. Individ.,Deduz. Grupos,% Ocup.,Receita Quartos,Preço Médio,Saídas,Quartos FdS,Adul. / Cri.,maio,Previsão,25-mai-2026 seg,14,13,5,0,0,14,0,"10,37","2 636,71","188,34",2,0,25,674,648,238,0,0,439,235,"16,11","106 660,31","158,25",259,0,1254,Total mai,674,648,238,0,0,439,235,"16,11","106 660,31","158,25",259,0,1254,Total,8572,4410,2891,0,0,7018,1554,"8,70","928 400,44","108,31",3017,0,16646
Data,Ocup,Opção,Cheg,Oferta/Uso Interno,Deduz. Individ.,Deduz. Grupos,% Ocup.,Receita Quartos,Preço Médio,Saídas,Quartos FdS,Adul. / Cri.,maio,Previsão,26-mai-2026 ter,20,22,10,0,0,19,1,"14,81","3 737,59","186,88",4,0,35,674,648,238,0,0,439,235,"16,11","106 660,31","158,25",259,0,1254,Total mai,674,648,238,0,0,439,235,"16,11","106 660,31","158,25",259,0,1254,Total,8572,4410,2891,0,0,7018,1554,"8,70","928 400,44","108,31",3017,0,16646
Data,Ocup,Opção,Cheg,Oferta/Uso Interno,Deduz. Individ.,Deduz. Grupos,% Ocup.,Receita Quartos,Preço Médio,Saídas,Quartos FdS,Adul. / Cri.,maio,Previsão,27-mai-2026 qua,27,22,18,0,0,10,17,"20,00","4 398,31","162,90",11,0,52,674,648,238,0,0,439,235,"16,11","106 660,31","158,25",259,0,1254,Total mai,674,648,238,0,0,439,235,"16,11","106 660,31","158,25",259,0,1254,Total,8572,4410,2891,0,0,7018,1554,"8,70","928 400,44","108,31",3017,0,16646
Data,Ocup,Opção,Cheg,Oferta/Uso Interno,Deduz. Individ.,Deduz. Grupos,% Ocup.,Receita Quartos,Preço Médio,Saídas,Quartos FdS,Adul. / Cri.,maio,Previsão,28-mai-2026 qui,24,26,3,0,0,7,17,"17,78","3 745,59","156,07",6,0,46,674,648,238,0,0,439,235,"16,11","106 660,31","158,25",259,0,1254,Total mai,674,648,238,0,0,439,235,"16,11","106 660,31","158,25",259,0,1254,Total,8572,4410,2891,0,0,7018,1554,"8,70","928 400,44","108,31",3017,0,16646
Data,Ocup,Opção,Cheg,Oferta/Uso Interno,Deduz. Individ.,Deduz. Grupos,% Ocup.,Receita Quartos,Preço Médio,Saídas,Quartos FdS,Adul. / Cri.,maio,Previsão,29-mai-2026 sex,29,13,5,0,0,12,17,"21,48","4 640,23","160,01",0,0,54,674,648,238,0,0,439,235,"16,11","106 660,31","158,25",259,0,1254,Total mai,674,648,238,0,0,439,235,"16,11","106 660,31","158,25",259,0,1254,Total,8572,4410,2891,0,0,7018,1554,"8,70","928 400,44","108,31",3017,0,16646
Data,Ocup,Opção,Cheg,Oferta/Uso Interno,Deduz. Individ.,Deduz. Grupos,% Ocup.,Receita Quartos,Preço Médio,Saídas,Quartos FdS,Adul. / Cri.,maio,Previsão,30-mai-2026 sáb,9,35,1,0,0,9,0,"6,67","1 460,88","162,32",21,0,16,674,648,238,0,0,439,235,"16,11","106 660,31","158,25",259,0,1254,Total mai,674,648,238,0,0,439,235,"16,11","106 660,31","158,25",259,0,1254,Total,8572,4410,2891,0,0,7018,1554,"8,70","928 400,44","108,31",3017,0,16646
Data,Ocup,Opção,Cheg,Oferta/Uso Interno,Deduz. Individ.,Deduz. Grupos,% Ocup.,Receita Quartos,Preço Médio,Saídas,Quartos FdS,Adul. / Cri.,maio,Previsão,31-mai-2026 dom,9,22,6,0,0,9,0,"6,67","1 449,01","161,00",6,0,18,674,648,238,0,0,439,235,"16,11","106 660,31","158,25",259,0,1254,Total mai,674,648,238,0,0,439,235,"16,11","106 660,31","158,25",259,0,1254,Total,8572,4410,2891,0,0,7018,1554,"8,70","928 400,44","108,31",3017,0,16646
Data,Ocup,Opção,Cheg,Oferta/Uso Interno,Deduz. Individ.,Deduz. Grupos,% Ocup.,Receita Quartos,Preço Médio,Saídas,Quartos FdS,Adul. / Cri.,junho,Previsão,01-jun-2026 seg,14,22,6,0,0,14,0,"10,37","2 251,41","160,82",1,0,28,425,725,156,0,0,177,248,"10,49","64 835,74","152,55",161,0,816,Total jun,425,725,156,0,0,177,248,"10,49","64 835,74","152,55",161,0,816,Total,8572,4410,2891,0,0,7018,1554,"8,70","928 400,44","108,31",3017,0,16646
Data,Ocup,Opção,Cheg,Oferta/Uso Interno,Deduz. Individ.,Deduz. Grupos,% Ocup.,Receita Quartos,Preço Médio,Saídas,Quartos FdS,Adul. / Cri.,junho,Previsão,02-jun-2026 ter,18,0,7,0,0,17,1,"13,33","2 539,97","141,11",3,0,35,425,725,156,0,0,177,248,"10,49","64 835,74","152,55",161,0,816,Total jun,425,725,156,0,0,177,248,"10,49","64 835,74","152,55",161,0,816,Total,8572,4410,2891,0,0,7018,1554,"8,70","928 400,44","108,31",3017,0,16646
Data,Ocup,Opção,Cheg,Oferta/Uso Interno,Deduz. Individ.,Deduz. Grupos,% Ocup.,Receita Quartos,Preço Médio,Saídas,Quartos FdS,Adul. / Cri.,junho,Previsão,03-jun-2026 qua,33,0,25,0,0,14,19,"24,44","4 802,32","145,52",10,0,64,425,725,156,0,0,177,248,"10,49","64 835,74","152,55",161,0,816,Total jun,425,725,156,0,0,177,248,"10,49","64 835,74","152,55",161,0,816,Total,8572,4410,2891,0,0,7018,1554,"8,70","928 400,44","108,31",3017,0,16646
Data,Ocup,Opção,Cheg,Oferta/Uso Interno,Deduz. Individ.,Deduz. Grupos,% Ocup.,Receita Quartos,Preço Médio,Saídas,Quartos FdS,Adul. / Cri.,junho,Previsão,04-jun-2026 qui,28,24,1,0,0,9,19,"20,74","4 082,18","145,79",6,0,54,425,725,156,0,0,177,248,"10,49","64 835,74","152,55",161,0,816,Total jun,425,725,156,0,0,177,248,"10,49","64 835,74","152,55",161,0,816,Total,8572,4410,2891,0,0,7018,1554,"8,70","928 400,44","108,31",3017,0,16646
Data,Ocup,Opção,Cheg,Oferta/Uso Interno,Deduz. Individ.,Deduz. Grupos,% Ocup.,Receita Quartos,Preço Médio,Saídas,Quartos FdS,Adul. / Cri.,junho,Previsão,05-jun-2026 sex,26,35,2,0,0,9,17,"19,26","3 927,50","151,06",4,0,50,425,725,156,0,0,177,248,"10,49","64 835,74","152,55",161,0,816,Total jun,425,725,156,0,0,177,248,"10,49","64 835,74","152,55",161,0,816,Total,8572,4410,2891,0,0,7018,1554,"8,70","928 400,44","108,31",3017,0,16646
Data,Ocup,Opção,Cheg,Oferta/Uso Interno,Deduz. Individ.,Deduz. Grupos,% Ocup.,Receita Quartos,Preço Médio,Saídas,Quartos FdS,Adul. / Cri.,junho,Previsão,06-jun-2026 sáb,25,48,20,0,0,8,17,"18,52","4 988,84","199,55",21,0,46,425,725,156,0,0,177,248,"10,49","64 835,74","152,55",161,0,816,Total jun,425,725,156,0,0,177,248,"10,49","64 835,74","152,55",161,0,816,Total,8572,4410,2891,0,0,7018,1554,"8,70","928 400,44","108,31",3017,0,16646
Data,Ocup,Opção,Cheg,Oferta/Uso Interno,Deduz. Individ.,Deduz. Grupos,% Ocup.,Receita Quartos,Preço Médio,Saídas,Quartos FdS,Adul. / Cri.,junho,Previsão,07-jun-2026 dom,29,13,5,0,0,12,17,"21,48","5 732,54","197,67",1,0,56,425,725,156,0,0,177,248,"10,49","64 835,74","152,55",161,0,816,Total jun,425,725,156,0,0,177,248,"10,49","64 835,74","152,55",161,0,816,Total,8572,4410,2891,0,0,7018,1554,"8,70","928 400,44","108,31",3017,0,16646
Data,Ocup,Opção,Cheg,Oferta/Uso Interno,Deduz. Individ.,Deduz. Grupos,% Ocup.,Receita Quartos,Preço Médio,Saídas,Quartos FdS,Adul. / Cri.,junho,Previsão,08-jun-2026 seg,13,15,5,0,0,13,0,"9,63","1 919,92","147,69",21,0,26,425,725,156,0,0,177,248,"10,49","64 835,74","152,55",161,0,816,Total jun,425,725,156,0,0,177,248,"10,49","64 835,74","152,55",161,0,816,Total,8572,4410,2891,0,0,7018,1554,"8,70","928 400,44","108,31",3017,0,16646
Data,Ocup,Opção,Cheg,Oferta/Uso Interno,Deduz. Individ.,Deduz. Grupos,% Ocup.,Receita Quartos,Preço Médio,Saídas,Quartos FdS,Adul. / Cri.,junho,Previsão,09-jun-2026 ter,11,33,4,0,0,10,1,"8,15","1 581,53","143,78",6,0,19,425,725,156,0,0,177,248,"10,49","64 835,74","152,55",161,0,816,Total jun,425,725,156,0,0,177,248,"10,49","64 835,74","152,55",161,0,816,Total,8572,4410,2891,0,0,7018,1554,"8,70","928 400,44","108,31",3017,0,16646
Data,Ocup,Opção,Cheg,Oferta/Uso Interno,Deduz. Individ.,Deduz. Grupos,% Ocup.,Receita Quartos,Preço Médio,Saídas,Quartos FdS,Adul. / Cri.,junho,Previsão,10-jun-2026 qua,21,0,16,0,0,4,17,"15,56","3 076,10","146,48",6,0,41,425,725,156,0,0,177,248,"10,49","64 835,74","152,55",161,0,816,Total jun,425,725,156,0,0,177,248,"10,49","64 835,74","152,55",161,0,816,Total,8572,4410,2891,0,0,7018,1554,"8,70","928 400,44","108,31",3017,0,16646
Data,Ocup,Opção,Cheg,Oferta/Uso Interno,Deduz. Individ.,Deduz. Grupos,% Ocup.,Receita Quartos,Preço Médio,Saídas,Quartos FdS,Adul. / Cri.,junho,Previsão,11-jun-2026 qui,18,26,0,0,0,1,17,"13,33","2 662,88","147,94",3,0,35,425,725,156,0,0,177,248,"10,49","64 835,74","152,55",161,0,816,Total jun,425,725,156,0,0,177,248,"10,49","64 835,74","152,55",161,0,816,Total,8572,4410,2891,0,0,7018,1554,"8,70","928 400,44","108,31",3017,0,16646
Data,Ocup,Opção,Cheg,Oferta/Uso Interno,Deduz. Individ.,Deduz. Grupos,% Ocup.,Receita Quartos,Preço Médio,Saídas,Quartos FdS,Adul. / Cri.,junho,Previsão,12-jun-2026 sex,21,22,3,0,0,4,17,"15,56","3 191,89","151,99",0,0,40,425,725,156,0,0,177,248,"10,49","64 835,74","152,55",161,0,816,Total jun,425,725,156,0,0,177,248,"10,49","64 835,74","152,55",161,0,816,Total,8572,4410,2891,0,0,7018,1554,"8,70","928 400,44","108,31",3017,0,16646
Data,Ocup,Opção,Cheg,Oferta/Uso Interno,Deduz. Individ.,Deduz. Grupos,% Ocup.,Receita Quartos,Preço Médio,Saídas,Quartos FdS,Adul. / Cri.,junho,Previsão,13-jun-2026 sáb,5,22,2,0,0,5,0,"3,70","953,24","190,65",18,0,11,425,725,156,0,0,177,248,"10,49","64 835,74","152,55",161,0,816,Total jun,425,725,156,0,0,177,248,"10,49","64 835,74","152,55",161,0,816,Total,8572,4410,2891,0,0,7018,1554,"8,70","928 400,44","108,31",3017,0,16646
Data,Ocup,Opção,Cheg,Oferta/Uso Interno,Deduz. Individ.,Deduz. Grupos,% Ocup.,Receita Quartos,Preço Médio,Saídas,Quartos FdS,Adul. / Cri.,junho,Previsão,14-jun-2026 dom,3,22,1,0,0,3,0,"2,22","395,73","131,91",3,0,5,425,725,156,0,0,177,248,"10,49","64 835,74","152,55",161,0,816,Total jun,425,725,156,0,0,177,248,"10,49","64 835,74","152,55",161,0,816,Total,8572,4410,2891,0,0,7018,1554,"8,70","928 400,44","108,31",3017,0,16646
Data,Ocup,Opção,Cheg,Oferta/Uso Interno,Deduz. Individ.,Deduz. Grupos,% Ocup.,Receita Quartos,Preço Médio,Saídas,Quartos FdS,Adul. / Cri.,junho,Previsão,15-jun-2026 seg,4,22,2,0,0,4,0,"2,96","596,97","149,24",1,0,7,425,725,156,0,0,177,248,"10,49","64 835,74","152,55",161,0,816,Total jun,425,725,156,0,0,177,248,"10,49","64 835,74","152,55",161,0,816,Total,8572,4410,2891,0,0,7018,1554,"8,70","928 400,44","108,31",3017,0,16646
Data,Ocup,Opção,Cheg,Oferta/Uso Interno,Deduz. Individ.,Deduz. Grupos,% Ocup.,Receita Quartos,Preço Médio,Saídas,Quartos FdS,Adul. / Cri.,junho,Previsão,16-jun-2026 ter,6,57,4,0,0,5,1,"4,44","972,19","162,03",2,0,10,425,725,156,0,0,177,248,"10,49","64 835,74","152,55",161,0,816,Total jun,425,725,156,0,0,177,248,"10,49","64 835,74","152,55",161,0,816,Total,8572,4410,2891,0,0,7018,1554,"8,70","928 400,44","108,31",3017,0,16646
Data,Ocup,Opção,Cheg,Oferta/Uso Interno,Deduz. Individ.,Deduz. Grupos,% Ocup.,Receita Quartos,Preço Médio,Saídas,Quartos FdS,Adul. / Cri.,junho,Previsão,17-jun-2026 qua,20,0,16,0,0,3,17,"14,81","2 947,28","147,36",2,0,38,425,725,156,0,0,177,248,"10,49","64 835,74","152,55",161,0,816,Total jun,425,725,156,0,0,177,248,"10,49","64 835,74","152,55",161,0,816,Total,8572,4410,2891,0,0,7018,1554,"8,70","928 400,44","108,31",3017,0,16646
Data,Ocup,Opção,Cheg,Oferta/Uso Interno,Deduz. Individ.,Deduz. Grupos,% Ocup.,Receita Quartos,Preço Médio,Saídas,Quartos FdS,Adul. / Cri.,junho,Previsão,18-jun-2026 qui,19,4,0,0,0,2,17,"14,07","2 785,13","146,59",1,0,36,425,725,156,0,0,177,248,"10,49","64 835,74","152,55",161,0,816,Total jun,425,725,156,0,0,177,248,"10,49","64 835,74","152,55",161,0,816,Total,8572,4410,2891,0,0,7018,1554,"8,70","928 400,44","108,31",3017,0,16646
Data,Ocup,Opção,Cheg,Oferta/Uso Interno,Deduz. Individ.,Deduz. Grupos,% Ocup.,Receita Quartos,Preço Médio,Saídas,Quartos FdS,Adul. / Cri.,junho,Previsão,19-jun-2026 sex,21,17,2,0,0,4,17,"15,56","3 023,61","143,98",0,0,40,425,725,156,0,0,177,248,"10,49","64 835,74","152,55",161,0,816,Total jun,425,725,156,0,0,177,248,"10,49","64 835,74","152,55",161,0,816,Total,8572,4410,2891,0,0,7018,1554,"8,70","928 400,44","108,31",3017,0,16646
Data,Ocup,Opção,Cheg,Oferta/Uso Interno,Deduz. Individ.,Deduz. Grupos,% Ocup.,Receita Quartos,Preço Médio,Saídas,Quartos FdS,Adul. / Cri.,junho,Previsão,20-jun-2026 sáb,2,21,1,0,0,2,0,"1,48","198,28","99,14",20,0,4,425,725,156,0,0,177,248,"10,49","64 835,74","152,55",161,0,816,Total jun,425,725,156,0,0,177,248,"10,49","64 835,74","152,55",161,0,816,Total,8572,4410,2891,0,0,7018,1554,"8,70","928 400,44","108,31",3017,0,16646
Data,Ocup,Opção,Cheg,Oferta/Uso Interno,Deduz. Individ.,Deduz. Grupos,% Ocup.,Receita Quartos,Preço Médio,Saídas,Quartos FdS,Adul. / Cri.,junho,Previsão,21-jun-2026 dom,8,13,6,0,0,8,0,"5,93","780,14","97,52",0,0,16,425,725,156,0,0,177,248,"10,49","64 835,74","152,55",161,0,816,Total jun,425,725,156,0,0,177,248,"10,49","64 835,74","152,55",161,0,816,Total,8572,4410,2891,0,0,7018,1554,"8,70","928 400,44","108,31",3017,0,16646
Data,Ocup,Opção,Cheg,Oferta/Uso Interno,Deduz. Individ.,Deduz. Grupos,% Ocup.,Receita Quartos,Preço Médio,Saídas,Quartos FdS,Adul. / Cri.,junho,Previsão,22-jun-2026 seg,7,39,2,0,0,7,0,"5,19","917,27","131,04",3,0,14,425,725,156,0,0,177,248,"10,49","64 835,74","152,55",161,0,816,Total jun,425,725,156,0,0,177,248,"10,49","64 835,74","152,55",161,0,816,Total,8572,4410,2891,0,0,7018,1554,"8,70","928 400,44","108,31",3017,0,16646
Data,Ocup,Opção,Cheg,Oferta/Uso Interno,Deduz. Individ.,Deduz. Grupos,% Ocup.,Receita Quartos,Preço Médio,Saídas,Quartos FdS,Adul. / Cri.,junho,Previsão,23-jun-2026 ter,6,26,1,0,0,5,1,"4,44","889,21","148,20",2,0,11,425,725,156,0,0,177,248,"10,49","64 835,74","152,55",161,0,816,Total jun,425,725,156,0,0,177,248,"10,49","64 835,74","152,55",161,0,816,Total,8572,4410,2891,0,0,7018,1554,"8,70","928 400,44","108,31",3017,0,16646
Data,Ocup,Opção,Cheg,Oferta/Uso Interno,Deduz. Individ.,Deduz. Grupos,% Ocup.,Receita Quartos,Preço Médio,Saídas,Quartos FdS,Adul. / Cri.,junho,Previsão,24-jun-2026 qua,21,0,17,0,0,4,17,"15,56","2 905,57","138,36",2,0,41,425,725,156,0,0,177,248,"10,49","64 835,74","152,55",161,0,816,Total jun,425,725,156,0,0,177,248,"10,49","64 835,74","152,55",161,0,816,Total,8572,4410,2891,0,0,7018,1554,"8,70","928 400,44","108,31",3017,0,16646
Data,Ocup,Opção,Cheg,Oferta/Uso Interno,Deduz. Individ.,Deduz. Grupos,% Ocup.,Receita Quartos,Preço Médio,Saídas,Quartos FdS,Adul. / Cri.,junho,Previsão,25-jun-2026 qui,20,26,2,0,0,3,17,"14,81","2 887,44","144,37",3,0,39,425,725,156,0,0,177,248,"10,49","64 835,74","152,55",161,0,816,Total jun,425,725,156,0,0,177,248,"10,49","64 835,74","152,55",161,0,816,Total,8572,4410,2891,0,0,7018,1554,"8,70","928 400,44","108,31",3017,0,16646
Data,Ocup,Opção,Cheg,Oferta/Uso Interno,Deduz. Individ.,Deduz. Grupos,% Ocup.,Receita Quartos,Preço Médio,Saídas,Quartos FdS,Adul. / Cri.,junho,Previsão,26-jun-2026 sex,18,35,0,0,0,1,17,"13,33","2 635,02","146,39",2,0,35,425,725,156,0,0,177,248,"10,49","64 835,74","152,55",161,0,816,Total jun,425,725,156,0,0,177,248,"10,49","64 835,74","152,55",161,0,816,Total,8572,4410,2891,0,0,7018,1554,"8,70","928 400,44","108,31",3017,0,16646
Data,Ocup,Opção,Cheg,Oferta/Uso Interno,Deduz. Individ.,Deduz. Grupos,% Ocup.,Receita Quartos,Preço Médio,Saídas,Quartos FdS,Adul. / Cri.,junho,Previsão,27-jun-2026 sáb,3,37,2,0,0,1,2,"2,22","377,75","125,92",17,0,5,425,725,156,0,0,177,248,"10,49","64 835,74","152,55",161,0,816,Total jun,425,725,156,0,0,177,248,"10,49","64 835,74","152,55",161,0,816,Total,8572,4410,2891,0,0,7018,1554,"8,70","928 400,44","108,31",3017,0,16646
Data,Ocup,Opção,Cheg,Oferta/Uso Interno,Deduz. Individ.,Deduz. Grupos,% Ocup.,Receita Quartos,Preço Médio,Saídas,Quartos FdS,Adul. / Cri.,junho,Previsão,28-jun-2026 dom,0,37,0,0,0,0,0,-,-,NaN,3,0,0,425,725,156,0,0,177,248,"10,49","64 835,74","152,55",161,0,816,Total jun,425,725,156,0,0,177,248,"10,49","64 835,74","152,55",161,0,816,Total,8572,4410,2891,0,0,7018,1554,"8,70","928 400,44","108,31",3017,0,16646
Data,Ocup,Opção,Cheg,Oferta/Uso Interno,Deduz. Individ.,Deduz. Grupos,% Ocup.,Receita Quartos,Preço Médio,Saídas,Quartos FdS,Adul. / Cri.,junho,Previsão,29-jun-2026 seg,1,37,1,0,0,1,0,"0,74","180,25","180,25",0,0,2,425,725,156,0,0,177,248,"10,49","64 835,74","152,55",161,0,816,Total jun,425,725,156,0,0,177,248,"10,49","64 835,74","152,55",161,0,816,Total,8572,4410,2891,0,0,7018,1554,"8,70","928 400,44","108,31",3017,0,16646
Data,Ocup,Opção,Cheg,Oferta/Uso Interno,Deduz. Individ.,Deduz. Grupos,% Ocup.,Receita Quartos,Preço Médio,Saídas,Quartos FdS,Adul. / Cri.,junho,Previsão,30-jun-2026 ter,4,72,3,0,0,4,0,"2,96","633,58","158,40",0,0,8,425,725,156,0,0,177,248,"10,49","64 835,74","152,55",161,0,816,Total jun,425,725,156,0,0,177,248,"10,49","64 835,74","152,55",161,0,816,Total,8572,4410,2891,0,0,7018,1554,"8,70","928 400,44","108,31",3017,0,16646
Data,Ocup,Opção,Cheg,Oferta/Uso Interno,Deduz. Individ.,Deduz. Grupos,% Ocup.,Receita Quartos,Preço Médio,Saídas,Quartos FdS,Adul. / Cri.,julho,Previsão,01-jul-2026 qua,3,22,1,0,0,3,0,"2,22","576,49","192,16",2,0,7,161,219,51,0,0,161,0,"3,85","24 410,88","151,62",51,0,341,Total jul,161,219,51,0,0,161,0,"3,85","24 410,88","151,62",51,0,341,Total,8572,4410,2891,0,0,7018,1554,"8,70","928 400,44","108,31",3017,0,16646
Data,Ocup,Opção,Cheg,Oferta/Uso Interno,Deduz. Individ.,Deduz. Grupos,% Ocup.,Receita Quartos,Preço Médio,Saídas,Quartos FdS,Adul. / Cri.,julho,Previsão,02-jul-2026 qui,2,22,1,0,0,2,0,"1,48","387,00","193,50",2,0,5,161,219,51,0,0,161,0,"3,85","24 410,88","151,62",51,0,341,Total jul,161,219,51,0,0,161,0,"3,85","24 410,88","151,62",51,0,341,Total,8572,4410,2891,0,0,7018,1554,"8,70","928 400,44","108,31",3017,0,16646
Data,Ocup,Opção,Cheg,Oferta/Uso Interno,Deduz. Individ.,Deduz. Grupos,% Ocup.,Receita Quartos,Preço Médio,Saídas,Quartos FdS,Adul. / Cri.,julho,Previsão,03-jul-2026 sex,9,0,7,0,0,9,0,"6,67","1 453,78","161,53",0,0,19,161,219,51,0,0,161,0,"3,85","24 410,88","151,62",51,0,341,Total jul,161,219,51,0,0,161,0,"3,85","24 410,88","151,62",51,0,341,Total,8572,4410,2891,0,0,7018,1554,"8,70","928 400,44","108,31",3017,0,16646
Data,Ocup,Opção,Cheg,Oferta/Uso Interno,Deduz. Individ.,Deduz. Grupos,% Ocup.,Receita Quartos,Preço Médio,Saídas,Quartos FdS,Adul. / Cri.,julho,Previsão,04-jul-2026 sáb,9,0,4,0,0,9,0,"6,67","1 418,20","157,58",4,0,16,161,219,51,0,0,161,0,"3,85","24 410,88","151,62",51,0,341,Total jul,161,219,51,0,0,161,0,"3,85","24 410,88","151,62",51,0,341,Total,8572,4410,2891,0,0,7018,1554,"8,70","928 400,44","108,31",3017,0,16646
Data,Ocup,Opção,Cheg,Oferta/Uso Interno,Deduz. Individ.,Deduz. Grupos,% Ocup.,Receita Quartos,Preço Médio,Saídas,Quartos FdS,Adul. / Cri.,julho,Previsão,05-jul-2026 dom,6,16,0,0,0,6,0,"4,44","867,00","144,50",3,0,10,161,219,51,0,0,161,0,"3,85","24 410,88","151,62",51,0,341,Total jul,161,219,51,0,0,161,0,"3,85","24 410,88","151,62",51,0,341,Total,8572,4410,2891,0,0,7018,1554,"8,70","928 400,44","108,31",3017,0,16646
Data,Ocup,Opção,Cheg,Oferta/Uso Interno,Deduz. Individ.,Deduz. Grupos,% Ocup.,Receita Quartos,Preço Médio,Saídas,Quartos FdS,Adul. / Cri.,julho,Previsão,06-jul-2026 seg,11,16,7,0,0,11,0,"8,15","1 701,95","154,72",2,0,20,161,219,51,0,0,161,0,"3,85","24 410,88","151,62",51,0,341,Total jul,161,219,51,0,0,161,0,"3,85","24 410,88","151,62",51,0,341,Total,8572,4410,2891,0,0,7018,1554,"8,70","928 400,44","108,31",3017,0,16646
Data,Ocup,Opção,Cheg,Oferta/Uso Interno,Deduz. Individ.,Deduz. Grupos,% Ocup.,Receita Quartos,Preço Médio,Saídas,Quartos FdS,Adul. / Cri.,julho,Previsão,07-jul-2026 ter,11,22,2,0,0,11,0,"8,15","1 642,08","149,28",2,0,20,161,219,51,0,0,161,0,"3,85","24 410,88","151,62",51,0,341,Total jul,161,219,51,0,0,161,0,"3,85","24 410,88","151,62",51,0,341,Total,8572,4410,2891,0,0,7018,1554,"8,70","928 400,44","108,31",3017,0,16646
Data,Ocup,Opção,Cheg,Oferta/Uso Interno,Deduz. Individ.,Deduz. Grupos,% Ocup.,Receita Quartos,Preço Médio,Saídas,Quartos FdS,Adul. / Cri.,julho,Previsão,08-jul-2026 qua,5,22,0,0,0,5,0,"3,70","894,95","178,99",6,0,10,161,219,51,0,0,161,0,"3,85","24 410,88","151,62",51,0,341,Total jul,161,219,51,0,0,161,0,"3,85","24 410,88","151,62",51,0,341,Total,8572,4410,2891,0,0,7018,1554,"8,70","928 400,44","108,31",3017,0,16646
Data,Ocup,Opção,Cheg,Oferta/Uso Interno,Deduz. Individ.,Deduz. Grupos,% Ocup.,Receita Quartos,Preço Médio,Saídas,Quartos FdS,Adul. / Cri.,julho,Previsão,09-jul-2026 qui,10,22,5,0,0,10,0,"7,41","1 525,31","152,53",0,0,20,161,219,51,0,0,161,0,"3,85","24 410,88","151,62",51,0,341,Total jul,161,219,51,0,0,161,0,"3,85","24 410,88","151,62",51,0,341,Total,8572,4410,2891,0,0,7018,1554,"8,70","928 400,44","108,31",3017,0,16646
Data,Ocup,Opção,Cheg,Oferta/Uso Interno,Deduz. Individ.,Deduz. Grupos,% Ocup.,Receita Quartos,Preço Médio,Saídas,Quartos FdS,Adul. / Cri.,julho,Previsão,10-jul-2026 sex,16,0,6,0,0,16,0,"11,85","2 434,72","152,17",0,0,33,161,219,51,0,0,161,0,"3,85","24 410,88","151,62",51,0,341,Total jul,161,219,51,0,0,161,0,"3,85","24 410,88","151,62",51,0,341,Total,8572,4410,2891,0,0,7018,1554,"8,70","928 400,44","108,31",3017,0,16646
Data,Ocup,Opção,Cheg,Oferta/Uso Interno,Deduz. Individ.,Deduz. Grupos,% Ocup.,Receita Quartos,Preço Médio,Saídas,Quartos FdS,Adul. / Cri.,julho,Previsão,11-jul-2026 sáb,11,4,0,0,0,11,0,"8,15","1 537,20","139,75",5,0,23,161,219,51,0,0,161,0,"3,85","24 410,88","151,62",51,0,341,Total jul,161,219,51,0,0,161,0,"3,85","24 410,88","151,62",51,0,341,Total,8572,4410,2891,0,0,7018,1554,"8,70","928 400,44","108,31",3017,0,16646
Data,Ocup,Opção,Cheg,Oferta/Uso Interno,Deduz. Individ.,Deduz. Grupos,% Ocup.,Receita Quartos,Preço Médio,Saídas,Quartos FdS,Adul. / Cri.,julho,Previsão,12-jul-2026 dom,8,13,2,0,0,8,0,"5,93","1 107,38","138,42",5,0,17,161,219,51,0,0,161,0,"3,85","24 410,88","151,62",51,0,341,Total jul,161,219,51,0,0,161,0,"3,85","24 410,88","151,62",51,0,341,Total,8572,4410,2891,0,0,7018,1554,"8,70","928 400,44","108,31",3017,0,16646
Data,Ocup,Opção,Cheg,Oferta/Uso Interno,Deduz. Individ.,Deduz. Grupos,% Ocup.,Receita Quartos,Preço Médio,Saídas,Quartos FdS,Adul. / Cri.,julho,Previsão,13-jul-2026 seg,7,13,0,0,0,7,0,"5,19","889,13","127,02",1,0,14,161,219,51,0,0,161,0,"3,85","24 410,88","151,62",51,0,341,Total jul,161,219,51,0,0,161,0,"3,85","24 410,88","151,62",51,0,341,Total,8572,4410,2891,0,0,7018,1554,"8,70","928 400,44","108,31",3017,0,16646
Data,Ocup,Opção,Cheg,Oferta/Uso Interno,Deduz. Individ.,Deduz. Grupos,% Ocup.,Receita Quartos,Preço Médio,Saídas,Quartos FdS,Adul. / Cri.,julho,Previsão,14-jul-2026 ter,7,0,0,0,0,7,0,"5,19","889,13","127,02",0,0,14,161,219,51,0,0,161,0,"3,85","24 410,88","151,62",51,0,341,Total jul,161,219,51,0,0,161,0,"3,85","24 410,88","151,62",51,0,341,Total,8572,4410,2891,0,0,7018,1554,"8,70","928 400,44","108,31",3017,0,16646
Data,Ocup,Opção,Cheg,Oferta/Uso Interno,Deduz. Individ.,Deduz. Grupos,% Ocup.,Receita Quartos,Preço Médio,Saídas,Quartos FdS,Adul. / Cri.,julho,Previsão,15-jul-2026 qua,0,0,0,0,0,0,0,-,-,NaN,7,0,0,161,219,51,0,0,161,0,"3,85","24 410,88","151,62",51,0,341,Total jul,161,219,51,0,0,161,0,"3,85","24 410,88","151,62",51,0,341,Total,8572,4410,2891,0,0,7018,1554,"8,70","928 400,44","108,31",3017,0,16646
Data,Ocup,Opção,Cheg,Oferta/Uso Interno,Deduz. Individ.,Deduz. Grupos,% Ocup.,Receita Quartos,Preço Médio,Saídas,Quartos FdS,Adul. / Cri.,julho,Previsão,16-jul-2026 qui,1,0,1,0,0,1,0,"0,74","116,40","116,40",0,0,2,161,219,51,0,0,161,0,"3,85","24 410,88","151,62",51,0,341,Total jul,161,219,51,0,0,161,0,"3,85","24 410,88","151,62",51,0,341,Total,8572,4410,2891,0,0,7018,1554,"8,70","928 400,44","108,31",3017,0,16646
Data,Ocup,Opção,Cheg,Oferta/Uso Interno,Deduz. Individ.,Deduz. Grupos,% Ocup.,Receita Quartos,Preço Médio,Saídas,Quartos FdS,Adul. / Cri.,julho,Previsão,17-jul-2026 sex,1,0,0,0,0,1,0,"0,74","116,40","116,40",0,0,2,161,219,51,0,0,161,0,"3,85","24 410,88","151,62",51,0,341,Total jul,161,219,51,0,0,161,0,"3,85","24 410,88","151,62",51,0,341,Total,8572,4410,2891,0,0,7018,1554,"8,70","928 400,44","108,31",3017,0,16646
Data,Ocup,Opção,Cheg,Oferta/Uso Interno,Deduz. Individ.,Deduz. Grupos,% Ocup.,Receita Quartos,Preço Médio,Saídas,Quartos FdS,Adul. / Cri.,julho,Previsão,18-jul-2026 sáb,0,4,0,0,0,0,0,-,-,NaN,1,0,0,161,219,51,0,0,161,0,"3,85","24 410,88","151,62",51,0,341,Total jul,161,219,51,0,0,161,0,"3,85","24 410,88","151,62",51,0,341,Total,8572,4410,2891,0,0,7018,1554,"8,70","928 400,44","108,31",3017,0,16646
Data,Ocup,Opção,Cheg,Oferta/Uso Interno,Deduz. Individ.,Deduz. Grupos,% Ocup.,Receita Quartos,Preço Médio,Saídas,Quartos FdS,Adul. / Cri.,julho,Previsão,19-jul-2026 dom,0,13,0,0,0,0,0,-,-,NaN,0,0,0,161,219,51,0,0,161,0,"3,85","24 410,88","151,62",51,0,341,Total jul,161,219,51,0,0,161,0,"3,85","24 410,88","151,62",51,0,341,Total,8572,4410,2891,0,0,7018,1554,"8,70","928 400,44","108,31",3017,0,16646
Data,Ocup,Opção,Cheg,Oferta/Uso Interno,Deduz. Individ.,Deduz. Grupos,% Ocup.,Receita Quartos,Preço Médio,Saídas,Quartos FdS,Adul. / Cri.,julho,Previsão,20-jul-2026 seg,1,13,1,0,0,1,0,"0,74","291,85","291,85",0,0,4,161,219,51,0,0,161,0,"3,85","24 410,88","151,62",51,0,341,Total jul,161,219,51,0,0,161,0,"3,85","24 410,88","151,62",51,0,341,Total,8572,4410,2891,0,0,7018,1554,"8,70","928 400,44","108,31",3017,0,16646
Data,Ocup,Opção,Cheg,Oferta/Uso Interno,Deduz. Individ.,Deduz. Grupos,% Ocup.,Receita Quartos,Preço Médio,Saídas,Quartos FdS,Adul. / Cri.,julho,Previsão,21-jul-2026 ter,1,15,0,0,0,1,0,"0,74","291,85","291,85",0,0,4,161,219,51,0,0,161,0,"3,85","24 410,88","151,62",51,0,341,Total jul,161,219,51,0,0,161,0,"3,85","24 410,88","151,62",51,0,341,Total,8572,4410,2891,0,0,7018,1554,"8,70","928 400,44","108,31",3017,0,16646
Data,Ocup,Opção,Cheg,Oferta/Uso Interno,Deduz. Individ.,Deduz. Grupos,% Ocup.,Receita Quartos,Preço Médio,Saídas,Quartos FdS,Adul. / Cri.,julho,Previsão,22-jul-2026 qua,3,0,2,0,0,3,0,"2,22","515,08","171,69",0,0,8,161,219,51,0,0,161,0,"3,85","24 410,88","151,62",51,0,341,Total jul,161,219,51,0,0,161,0,"3,85","24 410,88","151,62",51,0,341,Total,8572,4410,2891,0,0,7018,1554,"8,70","928 400,44","108,31",3017,0,16646
Data,Ocup,Opção,Cheg,Oferta/Uso Interno,Deduz. Individ.,Deduz. Grupos,% Ocup.,Receita Quartos,Preço Médio,Saídas,Quartos FdS,Adul. / Cri.,julho,Previsão,23-jul-2026 qui,4,0,1,0,0,4,0,"2,96","604,92","151,23",0,0,10,161,219,51,0,0,161,0,"3,85","24 410,88","151,62",51,0,341,Total jul,161,219,51,0,0,161,0,"3,85","24 410,88","151,62",51,0,341,Total,8572,4410,2891,0,0,7018,1554,"8,70","928 400,44","108,31",3017,0,16646
Data,Ocup,Opção,Cheg,Oferta/Uso Interno,Deduz. Individ.,Deduz. Grupos,% Ocup.,Receita Quartos,Preço Médio,Saídas,Quartos FdS,Adul. / Cri.,julho,Previsão,24-jul-2026 sex,5,0,2,0,0,5,0,"3,70","822,17","164,43",1,0,12,161,219,51,0,0,161,0,"3,85","24 410,88","151,62",51,0,341,Total jul,161,219,51,0,0,161,0,"3,85","24 410,88","151,62",51,0,341,Total,8572,4410,2891,0,0,7018,1554,"8,70","928 400,44","108,31",3017,0,16646
Data,Ocup,Opção,Cheg,Oferta/Uso Interno,Deduz. Individ.,Deduz. Grupos,% Ocup.,Receita Quartos,Preço Médio,Saídas,Quartos FdS,Adul. / Cri.,julho,Previsão,25-jul-2026 sáb,6,0,3,0,0,6,0,"4,44","896,60","149,43",2,0,13,161,219,51,0,0,161,0,"3,85","24 410,88","151,62",51,0,341,Total jul,161,219,51,0,0,161,0,"3,85","24 410,88","151,62",51,0,341,Total,8572,4410,2891,0,0,7018,1554,"8,70","928 400,44","108,31",3017,0,16646
Data,Ocup,Opção,Cheg,Oferta/Uso Interno,Deduz. Individ.,Deduz. Grupos,% Ocup.,Receita Quartos,Preço Médio,Saídas,Quartos FdS,Adul. / Cri.,julho,Previsão,26-jul-2026 dom,7,0,2,0,0,7,0,"5,19","781,56","111,65",1,0,13,161,219,51,0,0,161,0,"3,85","24 410,88","151,62",51,0,341,Total jul,161,219,51,0,0,161,0,"3,85","24 410,88","151,62",51,0,341,Total,8572,4410,2891,0,0,7018,1554,"8,70","928 400,44","108,31",3017,0,16646
Data,Ocup,Opção,Cheg,Oferta/Uso Interno,Deduz. Individ.,Deduz. Grupos,% Ocup.,Receita Quartos,Preço Médio,Saídas,Quartos FdS,Adul. / Cri.,julho,Previsão,27-jul-2026 seg,4,0,0,0,0,4,0,"2,96","483,90","120,97",3,0,8,161,219,51,0,0,161,0,"3,85","24 410,88","151,62",51,0,341,Total jul,161,219,51,0,0,161,0,"3,85","24 410,88","151,62",51,0,341,Total,8572,4410,2891,0,0,7018,1554,"8,70","928 400,44","108,31",3017,0,16646
Data,Ocup,Opção,Cheg,Oferta/Uso Interno,Deduz. Individ.,Deduz. Grupos,% Ocup.,Receita Quartos,Preço Médio,Saídas,Quartos FdS,Adul. / Cri.,julho,Previsão,28-jul-2026 ter,3,0,1,0,0,3,0,"2,22","429,36","143,12",2,0,8,161,219,51,0,0,161,0,"3,85","24 410,88","151,62",51,0,341,Total jul,161,219,51,0,0,161,0,"3,85","24 410,88","151,62",51,0,341,Total,8572,4410,2891,0,0,7018,1554,"8,70","928 400,44","108,31",3017,0,16646
Data,Ocup,Opção,Cheg,Oferta/Uso Interno,Deduz. Individ.,Deduz. Grupos,% Ocup.,Receita Quartos,Preço Médio,Saídas,Quartos FdS,Adul. / Cri.,julho,Previsão,29-jul-2026 qua,3,0,0,0,0,3,0,"2,22","429,36","143,12",0,0,8,161,219,51,0,0,161,0,"3,85","24 410,88","151,62",51,0,341,Total jul,161,219,51,0,0,161,0,"3,85","24 410,88","151,62",51,0,341,Total,8572,4410,2891,0,0,7018,1554,"8,70","928 400,44","108,31",3017,0,16646
Data,Ocup,Opção,Cheg,Oferta/Uso Interno,Deduz. Individ.,Deduz. Grupos,% Ocup.,Receita Quartos,Preço Médio,Saídas,Quartos FdS,Adul. / Cri.,julho,Previsão,30-jul-2026 qui,3,0,2,0,0,3,0,"2,22","483,25","161,08",2,0,8,161,219,51,0,0,161,0,"3,85","24 410,88","151,62",51,0,341,Total jul,161,219,51,0,0,161,0,"3,85","24 410,88","151,62",51,0,341,Total,8572,4410,2891,0,0,7018,1554,"8,70","928 400,44","108,31",3017,0,16646
Data,Ocup,Opção,Cheg,Oferta/Uso Interno,Deduz. Individ.,Deduz. Grupos,% Ocup.,Receita Quartos,Preço Médio,Saídas,Quartos FdS,Adul. / Cri.,julho,Previsão,31-jul-2026 sex,4,2,1,0,0,4,0,"2,96","823,88","205,97",0,0,13,161,219,51,0,0,161,0,"3,85","24 410,88","151,62",51,0,341,Total jul,161,219,51,0,0,161,0,"3,85","24 410,88","151,62",51,0,341,Total,8572,4410,2891,0,0,7018,1554,"8,70","928 400,44","108,31",3017,0,16646
Data,Ocup,Opção,Cheg,Oferta/Uso Interno,Deduz. Individ.,Deduz. Grupos,% Ocup.,Receita Quartos,Preço Médio,Saídas,Quartos FdS,Adul. / Cri.,agosto,Previsão,01-ago-2026 sáb,6,1,2,0,0,6,0,"4,44","1 024,22","170,70",0,0,17,143,171,59,0,0,91,52,"3,42","19 774,62","138,28",50,0,294,Total ago,143,171,59,0,0,91,52,"3,42","19 774,62","138,28",50,0,294,Total,8572,4410,2891,0,0,7018,1554,"8,70","928 400,44","108,31",3017,0,16646
Data,Ocup,Opção,Cheg,Oferta/Uso Interno,Deduz. Individ.,Deduz. Grupos,% Ocup.,Receita Quartos,Preço Médio,Saídas,Quartos FdS,Adul. / Cri.,agosto,Previsão,02-ago-2026 dom,8,0,4,0,0,8,0,"5,93","1 311,60","163,95",2,0,22,143,171,59,0,0,91,52,"3,42","19 774,62","138,28",50,0,294,Total ago,143,171,59,0,0,91,52,"3,42","19 774,62","138,28",50,0,294,Total,8572,4410,2891,0,0,7018,1554,"8,70","928 400,44","108,31",3017,0,16646
Data,Ocup,Opção,Cheg,Oferta/Uso Interno,Deduz. Individ.,Deduz. Grupos,% Ocup.,Receita Quartos,Preço Médio,Saídas,Quartos FdS,Adul. / Cri.,agosto,Previsão,03-ago-2026 seg,4,0,0,0,0,4,0,"2,96","679,23","169,81",4,0,11,143,171,59,0,0,91,52,"3,42","19 774,62","138,28",50,0,294,Total ago,143,171,59,0,0,91,52,"3,42","19 774,62","138,28",50,0,294,Total,8572,4410,2891,0,0,7018,1554,"8,70","928 400,44","108,31",3017,0,16646
Data,Ocup,Opção,Cheg,Oferta/Uso Interno,Deduz. Individ.,Deduz. Grupos,% Ocup.,Receita Quartos,Preço Médio,Saídas,Quartos FdS,Adul. / Cri.,agosto,Previsão,04-ago-2026 ter,2,0,1,0,0,2,0,"1,48","320,72","160,36",3,0,4,143,171,59,0,0,91,52,"3,42","19 774,62","138,28",50,0,294,Total ago,143,171,59,0,0,91,52,"3,42","19 774,62","138,28",50,0,294,Total,8572,4410,2891,0,0,7018,1554,"8,70","928 400,44","108,31",3017,0,16646
Data,Ocup,Opção,Cheg,Oferta/Uso Interno,Deduz. Individ.,Deduz. Grupos,% Ocup.,Receita Quartos,Preço Médio,Saídas,Quartos FdS,Adul. / Cri.,agosto,Previsão,05-ago-2026 qua,1,0,0,0,0,1,0,"0,74","163,75","163,75",1,0,2,143,171,59,0,0,91,52,"3,42","19 774,62","138,28",50,0,294,Total ago,143,171,59,0,0,91,52,"3,42","19 774,62","138,28",50,0,294,Total,8572,4410,2891,0,0,7018,1554,"8,70","928 400,44","108,31",3017,0,16646
Data,Ocup,Opção,Cheg,Oferta/Uso Interno,Deduz. Individ.,Deduz. Grupos,% Ocup.,Receita Quartos,Preço Médio,Saídas,Quartos FdS,Adul. / Cri.,agosto,Previsão,06-ago-2026 qui,3,0,2,0,0,3,0,"2,22","495,98","165,33",0,0,6,143,171,59,0,0,91,52,"3,42","19 774,62","138,28",50,0,294,Total ago,143,171,59,0,0,91,52,"3,42","19 774,62","138,28",50,0,294,Total,8572,4410,2891,0,0,7018,1554,"8,70","928 400,44","108,31",3017,0,16646
Data,Ocup,Opção,Cheg,Oferta/Uso Interno,Deduz. Individ.,Deduz. Grupos,% Ocup.,Receita Quartos,Preço Médio,Saídas,Quartos FdS,Adul. / Cri.,agosto,Previsão,07-ago-2026 sex,2,0,0,0,0,2,0,"1,48","318,64","159,32",1,0,4,143,171,59,0,0,91,52,"3,42","19 774,62","138,28",50,0,294,Total ago,143,171,59,0,0,91,52,"3,42","19 774,62","138,28",50,0,294,Total,8572,4410,2891,0,0,7018,1554,"8,70","928 400,44","108,31",3017,0,16646
Data,Ocup,Opção,Cheg,Oferta/Uso Interno,Deduz. Individ.,Deduz. Grupos,% Ocup.,Receita Quartos,Preço Médio,Saídas,Quartos FdS,Adul. / Cri.,agosto,Previsão,08-ago-2026 sáb,0,0,0,0,0,0,0,-,-,NaN,2,0,0,143,171,59,0,0,91,52,"3,42","19 774,62","138,28",50,0,294,Total ago,143,171,59,0,0,91,52,"3,42","19 774,62","138,28",50,0,294,Total,8572,4410,2891,0,0,7018,1554,"8,70","928 400,44","108,31",3017,0,16646
Data,Ocup,Opção,Cheg,Oferta/Uso Interno,Deduz. Individ.,Deduz. Grupos,% Ocup.,Receita Quartos,Preço Médio,Saídas,Quartos FdS,Adul. / Cri.,agosto,Previsão,09-ago-2026 dom,2,0,2,0,0,2,0,"1,48","239,96","119,98",0,0,4,143,171,59,0,0,91,52,"3,42","19 774,62","138,28",50,0,294,Total ago,143,171,59,0,0,91,52,"3,42","19 774,62","138,28",50,0,294,Total,8572,4410,2891,0,0,7018,1554,"8,70","928 400,44","108,31",3017,0,16646
Data,Ocup,Opção,Cheg,Oferta/Uso Interno,Deduz. Individ.,Deduz. Grupos,% Ocup.,Receita Quartos,Preço Médio,Saídas,Quartos FdS,Adul. / Cri.,agosto,Previsão,10-ago-2026 seg,2,0,2,0,0,2,0,"1,48","210,38","105,19",2,0,4,143,171,59,0,0,91,52,"3,42","19 774,62","138,28",50,0,294,Total ago,143,171,59,0,0,91,52,"3,42","19 774,62","138,28",50,0,294,Total,8572,4410,2891,0,0,7018,1554,"8,70","928 400,44","108,31",3017,0,16646
Data,Ocup,Opção,Cheg,Oferta/Uso Interno,Deduz. Individ.,Deduz. Grupos,% Ocup.,Receita Quartos,Preço Médio,Saídas,Quartos FdS,Adul. / Cri.,agosto,Previsão,11-ago-2026 ter,3,15,1,0,0,3,0,"2,22","371,11","123,70",0,0,6,143,171,59,0,0,91,52,"3,42","19 774,62","138,28",50,0,294,Total ago,143,171,59,0,0,91,52,"3,42","19 774,62","138,28",50,0,294,Total,8572,4410,2891,0,0,7018,1554,"8,70","928 400,44","108,31",3017,0,16646
Data,Ocup,Opção,Cheg,Oferta/Uso Interno,Deduz. Individ.,Deduz. Grupos,% Ocup.,Receita Quartos,Preço Médio,Saídas,Quartos FdS,Adul. / Cri.,agosto,Previsão,12-ago-2026 qua,2,0,0,0,0,2,0,"1,48","265,92","132,96",1,0,4,143,171,59,0,0,91,52,"3,42","19 774,62","138,28",50,0,294,Total ago,143,171,59,0,0,91,52,"3,42","19 774,62","138,28",50,0,294,Total,8572,4410,2891,0,0,7018,1554,"8,70","928 400,44","108,31",3017,0,16646
Data,Ocup,Opção,Cheg,Oferta/Uso Interno,Deduz. Individ.,Deduz. Grupos,% Ocup.,Receita Quartos,Preço Médio,Saídas,Quartos FdS,Adul. / Cri.,agosto,Previsão,13-ago-2026 qui,2,0,1,0,0,2,0,"1,48","266,46","133,23",1,0,4,143,171,59,0,0,91,52,"3,42","19 774,62","138,28",50,0,294,Total ago,143,171,59,0,0,91,52,"3,42","19 774,62","138,28",50,0,294,Total,8572,4410,2891,0,0,7018,1554,"8,70","928 400,44","108,31",3017,0,16646
Data,Ocup,Opção,Cheg,Oferta/Uso Interno,Deduz. Individ.,Deduz. Grupos,% Ocup.,Receita Quartos,Preço Médio,Saídas,Quartos FdS,Adul. / Cri.,agosto,Previsão,14-ago-2026 sex,3,0,2,0,0,3,0,"2,22","341,73","113,91",1,0,5,143,171,59,0,0,91,52,"3,42","19 774,62","138,28",50,0,294,Total ago,143,171,59,0,0,91,52,"3,42","19 774,62","138,28",50,0,294,Total,8572,4410,2891,0,0,7018,1554,"8,70","928 400,44","108,31",3017,0,16646
Data,Ocup,Opção,Cheg,Oferta/Uso Interno,Deduz. Individ.,Deduz. Grupos,% Ocup.,Receita Quartos,Preço Médio,Saídas,Quartos FdS,Adul. / Cri.,agosto,Previsão,15-ago-2026 sáb,3,0,0,0,0,3,0,"2,22","341,73","113,91",0,0,5,143,171,59,0,0,91,52,"3,42","19 774,62","138,28",50,0,294,Total ago,143,171,59,0,0,91,52,"3,42","19 774,62","138,28",50,0,294,Total,8572,4410,2891,0,0,7018,1554,"8,70","928 400,44","108,31",3017,0,16646
Data,Ocup,Opção,Cheg,Oferta/Uso Interno,Deduz. Individ.,Deduz. Grupos,% Ocup.,Receita Quartos,Preço Médio,Saídas,Quartos FdS,Adul. / Cri.,agosto,Previsão,16-ago-2026 dom,0,0,0,0,0,0,0,-,-,NaN,3,0,0,143,171,59,0,0,91,52,"3,42","19 774,62","138,28",50,0,294,Total ago,143,171,59,0,0,91,52,"3,42","19 774,62","138,28",50,0,294,Total,8572,4410,2891,0,0,7018,1554,"8,70","928 400,44","108,31",3017,0,16646
Data,Ocup,Opção,Cheg,Oferta/Uso Interno,Deduz. Individ.,Deduz. Grupos,% Ocup.,Receita Quartos,Preço Médio,Saídas,Quartos FdS,Adul. / Cri.,agosto,Previsão,17-ago-2026 seg,0,0,0,0,0,0,0,-,-,NaN,0,0,0,143,171,59,0,0,91,52,"3,42","19 774,62","138,28",50,0,294,Total ago,143,171,59,0,0,91,52,"3,42","19 774,62","138,28",50,0,294,Total,8572,4410,2891,0,0,7018,1554,"8,70","928 400,44","108,31",3017,0,16646
Data,Ocup,Opção,Cheg,Oferta/Uso Interno,Deduz. Individ.,Deduz. Grupos,% Ocup.,Receita Quartos,Preço Médio,Saídas,Quartos FdS,Adul. / Cri.,agosto,Previsão,18-ago-2026 ter,2,0,2,0,0,2,0,"1,48","299,55","149,77",0,0,4,143,171,59,0,0,91,52,"3,42","19 774,62","138,28",50,0,294,Total ago,143,171,59,0,0,91,52,"3,42","19 774,62","138,28",50,0,294,Total,8572,4410,2891,0,0,7018,1554,"8,70","928 400,44","108,31",3017,0,16646
Data,Ocup,Opção,Cheg,Oferta/Uso Interno,Deduz. Individ.,Deduz. Grupos,% Ocup.,Receita Quartos,Preço Médio,Saídas,Quartos FdS,Adul. / Cri.,agosto,Previsão,19-ago-2026 qua,3,0,1,0,0,3,0,"2,22","468,91","156,30",0,0,7,143,171,59,0,0,91,52,"3,42","19 774,62","138,28",50,0,294,Total ago,143,171,59,0,0,91,52,"3,42","19 774,62","138,28",50,0,294,Total,8572,4410,2891,0,0,7018,1554,"8,70","928 400,44","108,31",3017,0,16646
Data,Ocup,Opção,Cheg,Oferta/Uso Interno,Deduz. Individ.,Deduz. Grupos,% Ocup.,Receita Quartos,Preço Médio,Saídas,Quartos FdS,Adul. / Cri.,agosto,Previsão,20-ago-2026 qui,2,0,0,0,0,2,0,"1,48","299,55","149,77",1,0,4,143,171,59,0,0,91,52,"3,42","19 774,62","138,28",50,0,294,Total ago,143,171,59,0,0,91,52,"3,42","19 774,62","138,28",50,0,294,Total,8572,4410,2891,0,0,7018,1554,"8,70","928 400,44","108,31",3017,0,16646
Data,Ocup,Opção,Cheg,Oferta/Uso Interno,Deduz. Individ.,Deduz. Grupos,% Ocup.,Receita Quartos,Preço Médio,Saídas,Quartos FdS,Adul. / Cri.,agosto,Previsão,21-ago-2026 sex,0,0,0,0,0,0,0,-,-,NaN,2,0,0,143,171,59,0,0,91,52,"3,42","19 774,62","138,28",50,0,294,Total ago,143,171,59,0,0,91,52,"3,42","19 774,62","138,28",50,0,294,Total,8572,4410,2891,0,0,7018,1554,"8,70","928 400,44","108,31",3017,0,16646
Data,Ocup,Opção,Cheg,Oferta/Uso Interno,Deduz. Individ.,Deduz. Grupos,% Ocup.,Receita Quartos,Preço Médio,Saídas,Quartos FdS,Adul. / Cri.,agosto,Previsão,22-ago-2026 sáb,4,0,4,0,0,4,0,"2,96","481,77","120,44",0,0,7,143,171,59,0,0,91,52,"3,42","19 774,62","138,28",50,0,294,Total ago,143,171,59,0,0,91,52,"3,42","19 774,62","138,28",50,0,294,Total,8572,4410,2891,0,0,7018,1554,"8,70","928 400,44","108,31",3017,0,16646
Data,Ocup,Opção,Cheg,Oferta/Uso Interno,Deduz. Individ.,Deduz. Grupos,% Ocup.,Receita Quartos,Preço Médio,Saídas,Quartos FdS,Adul. / Cri.,agosto,Previsão,23-ago-2026 dom,4,0,3,0,0,4,0,"2,96","766,36","191,59",3,0,8,143,171,59,0,0,91,52,"3,42","19 774,62","138,28",50,0,294,Total ago,143,171,59,0,0,91,52,"3,42","19 774,62","138,28",50,0,294,Total,8572,4410,2891,0,0,7018,1554,"8,70","928 400,44","108,31",3017,0,16646
Data,Ocup,Opção,Cheg,Oferta/Uso Interno,Deduz. Individ.,Deduz. Grupos,% Ocup.,Receita Quartos,Preço Médio,Saídas,Quartos FdS,Adul. / Cri.,agosto,Previsão,24-ago-2026 seg,4,15,1,0,0,4,0,"2,96","762,92","190,73",1,0,9,143,171,59,0,0,91,52,"3,42","19 774,62","138,28",50,0,294,Total ago,143,171,59,0,0,91,52,"3,42","19 774,62","138,28",50,0,294,Total,8572,4410,2891,0,0,7018,1554,"8,70","928 400,44","108,31",3017,0,16646
Data,Ocup,Opção,Cheg,Oferta/Uso Interno,Deduz. Individ.,Deduz. Grupos,% Ocup.,Receita Quartos,Preço Médio,Saídas,Quartos FdS,Adul. / Cri.,agosto,Previsão,25-ago-2026 ter,5,37,1,0,0,4,1,"3,70","876,31","175,26",0,0,10,143,171,59,0,0,91,52,"3,42","19 774,62","138,28",50,0,294,Total ago,143,171,59,0,0,91,52,"3,42","19 774,62","138,28",50,0,294,Total,8572,4410,2891,0,0,7018,1554,"8,70","928 400,44","108,31",3017,0,16646
Data,Ocup,Opção,Cheg,Oferta/Uso Interno,Deduz. Individ.,Deduz. Grupos,% Ocup.,Receita Quartos,Preço Médio,Saídas,Quartos FdS,Adul. / Cri.,agosto,Previsão,26-ago-2026 qua,18,37,16,0,0,1,17,"13,33","2 141,24","118,96",3,0,35,143,171,59,0,0,91,52,"3,42","19 774,62","138,28",50,0,294,Total ago,143,171,59,0,0,91,52,"3,42","19 774,62","138,28",50,0,294,Total,8572,4410,2891,0,0,7018,1554,"8,70","928 400,44","108,31",3017,0,16646
Data,Ocup,Opção,Cheg,Oferta/Uso Interno,Deduz. Individ.,Deduz. Grupos,% Ocup.,Receita Quartos,Preço Médio,Saídas,Quartos FdS,Adul. / Cri.,agosto,Previsão,27-ago-2026 qui,18,22,1,0,0,1,17,"13,33","2 100,24","116,68",1,0,35,143,171,59,0,0,91,52,"3,42","19 774,62","138,28",50,0,294,Total ago,143,171,59,0,0,91,52,"3,42","19 774,62","138,28",50,0,294,Total,8572,4410,2891,0,0,7018,1554,"8,70","928 400,44","108,31",3017,0,16646
Data,Ocup,Opção,Cheg,Oferta/Uso Interno,Deduz. Individ.,Deduz. Grupos,% Ocup.,Receita Quartos,Preço Médio,Saídas,Quartos FdS,Adul. / Cri.,agosto,Previsão,28-ago-2026 sex,17,0,0,0,0,0,17,"12,59","2 013,46","118,44",1,0,33,143,171,59,0,0,91,52,"3,42","19 774,62","138,28",50,0,294,Total ago,143,171,59,0,0,91,52,"3,42","19 774,62","138,28",50,0,294,Total,8572,4410,2891,0,0,7018,1554,"8,70","928 400,44","108,31",3017,0,16646
Data,Ocup,Opção,Cheg,Oferta/Uso Interno,Deduz. Individ.,Deduz. Grupos,% Ocup.,Receita Quartos,Preço Médio,Saídas,Quartos FdS,Adul. / Cri.,agosto,Previsão,29-ago-2026 sáb,1,0,1,0,0,1,0,"0,74","185,76","185,76",17,0,2,143,171,59,0,0,91,52,"3,42","19 774,62","138,28",50,0,294,Total ago,143,171,59,0,0,91,52,"3,42","19 774,62","138,28",50,0,294,Total,8572,4410,2891,0,0,7018,1554,"8,70","928 400,44","108,31",3017,0,16646
Data,Ocup,Opção,Cheg,Oferta/Uso Interno,Deduz. Individ.,Deduz. Grupos,% Ocup.,Receita Quartos,Preço Médio,Saídas,Quartos FdS,Adul. / Cri.,agosto,Previsão,30-ago-2026 dom,9,22,8,0,0,9,0,"6,67","1 216,00","135,11",0,0,17,143,171,59,0,0,91,52,"3,42","19 774,62","138,28",50,0,294,Total ago,143,171,59,0,0,91,52,"3,42","19 774,62","138,28",50,0,294,Total,8572,4410,2891,0,0,7018,1554,"8,70","928 400,44","108,31",3017,0,16646
Data,Ocup,Opção,Cheg,Oferta/Uso Interno,Deduz. Individ.,Deduz. Grupos,% Ocup.,Receita Quartos,Preço Médio,Saídas,Quartos FdS,Adul. / Cri.,agosto,Previsão,31-ago-2026 seg,13,22,4,0,0,13,0,"9,63","1 811,12","139,32",0,0,25,143,171,59,0,0,91,52,"3,42","19 774,62","138,28",50,0,294,Total ago,143,171,59,0,0,91,52,"3,42","19 774,62","138,28",50,0,294,Total,8572,4410,2891,0,0,7018,1554,"8,70","928 400,44","108,31",3017,0,16646
Data,Ocup,Opção,Cheg,Oferta/Uso Interno,Deduz. Individ.,Deduz. Grupos,% Ocup.,Receita Quartos,Preço Médio,Saídas,Quartos FdS,Adul. / Cri.,setembro,Previsão,01-set-2026 ter,16,44,3,0,0,15,1,"11,85","2 476,35","154,77",0,0,29,351,946,136,0,0,120,231,"8,67","55 341,41","157,67",132,0,696,Total set,351,946,136,0,0,120,231,"8,67","55 341,41","157,67",132,0,696,Total,8572,4410,2891,0,0,7018,1554,"8,70","928 400,44","108,31",3017,0,16646
Data,Ocup,Opção,Cheg,Oferta/Uso Interno,Deduz. Individ.,Deduz. Grupos,% Ocup.,Receita Quartos,Preço Médio,Saídas,Quartos FdS,Adul. / Cri.,setembro,Previsão,02-set-2026 qua,19,22,18,0,0,2,17,"14,07","2 833,35","149,12",15,0,37,351,946,136,0,0,120,231,"8,67","55 341,41","157,67",132,0,696,Total set,351,946,136,0,0,120,231,"8,67","55 341,41","157,67",132,0,696,Total,8572,4410,2891,0,0,7018,1554,"8,70","928 400,44","108,31",3017,0,16646
Data,Ocup,Opção,Cheg,Oferta/Uso Interno,Deduz. Individ.,Deduz. Grupos,% Ocup.,Receita Quartos,Preço Médio,Saídas,Quartos FdS,Adul. / Cri.,setembro,Previsão,03-set-2026 qui,20,47,1,0,0,2,18,"14,81","2 969,56","148,48",0,0,39,351,946,136,0,0,120,231,"8,67","55 341,41","157,67",132,0,696,Total set,351,946,136,0,0,120,231,"8,67","55 341,41","157,67",132,0,696,Total,8572,4410,2891,0,0,7018,1554,"8,70","928 400,44","108,31",3017,0,16646
Data,Ocup,Opção,Cheg,Oferta/Uso Interno,Deduz. Individ.,Deduz. Grupos,% Ocup.,Receita Quartos,Preço Médio,Saídas,Quartos FdS,Adul. / Cri.,setembro,Previsão,04-set-2026 sex,19,35,0,0,0,2,17,"14,07","2 832,88","149,10",1,0,37,351,946,136,0,0,120,231,"8,67","55 341,41","157,67",132,0,696,Total set,351,946,136,0,0,120,231,"8,67","55 341,41","157,67",132,0,696,Total,8572,4410,2891,0,0,7018,1554,"8,70","928 400,44","108,31",3017,0,16646
Data,Ocup,Opção,Cheg,Oferta/Uso Interno,Deduz. Individ.,Deduz. Grupos,% Ocup.,Receita Quartos,Preço Médio,Saídas,Quartos FdS,Adul. / Cri.,setembro,Previsão,05-set-2026 sáb,3,39,1,0,0,3,0,"2,22","436,09","145,36",17,0,6,351,946,136,0,0,120,231,"8,67","55 341,41","157,67",132,0,696,Total set,351,946,136,0,0,120,231,"8,67","55 341,41","157,67",132,0,696,Total,8572,4410,2891,0,0,7018,1554,"8,70","928 400,44","108,31",3017,0,16646
Data,Ocup,Opção,Cheg,Oferta/Uso Interno,Deduz. Individ.,Deduz. Grupos,% Ocup.,Receita Quartos,Preço Médio,Saídas,Quartos FdS,Adul. / Cri.,setembro,Previsão,06-set-2026 dom,6,13,5,0,0,6,0,"4,44","777,76","129,63",2,0,12,351,946,136,0,0,120,231,"8,67","55 341,41","157,67",132,0,696,Total set,351,946,136,0,0,120,231,"8,67","55 341,41","157,67",132,0,696,Total,8572,4410,2891,0,0,7018,1554,"8,70","928 400,44","108,31",3017,0,16646
Data,Ocup,Opção,Cheg,Oferta/Uso Interno,Deduz. Individ.,Deduz. Grupos,% Ocup.,Receita Quartos,Preço Médio,Saídas,Quartos FdS,Adul. / Cri.,setembro,Previsão,07-set-2026 seg,6,13,1,0,0,6,0,"4,44","858,04","143,01",1,0,12,351,946,136,0,0,120,231,"8,67","55 341,41","157,67",132,0,696,Total set,351,946,136,0,0,120,231,"8,67","55 341,41","157,67",132,0,696,Total,8572,4410,2891,0,0,7018,1554,"8,70","928 400,44","108,31",3017,0,16646
Data,Ocup,Opção,Cheg,Oferta/Uso Interno,Deduz. Individ.,Deduz. Grupos,% Ocup.,Receita Quartos,Preço Médio,Saídas,Quartos FdS,Adul. / Cri.,setembro,Previsão,08-set-2026 ter,6,26,3,0,0,5,1,"4,44","969,17","161,53",3,0,11,351,946,136,0,0,120,231,"8,67","55 341,41","157,67",132,0,696,Total set,351,946,136,0,0,120,231,"8,67","55 341,41","157,67",132,0,696,Total,8572,4410,2891,0,0,7018,1554,"8,70","928 400,44","108,31",3017,0,16646
Data,Ocup,Opção,Cheg,Oferta/Uso Interno,Deduz. Individ.,Deduz. Grupos,% Ocup.,Receita Quartos,Preço Médio,Saídas,Quartos FdS,Adul. / Cri.,setembro,Previsão,09-set-2026 qua,20,35,18,0,0,3,17,"14,81","3 044,25","152,21",4,0,39,351,946,136,0,0,120,231,"8,67","55 341,41","157,67",132,0,696,Total set,351,946,136,0,0,120,231,"8,67","55 341,41","157,67",132,0,696,Total,8572,4410,2891,0,0,7018,1554,"8,70","928 400,44","108,31",3017,0,16646
Data,Ocup,Opção,Cheg,Oferta/Uso Interno,Deduz. Individ.,Deduz. Grupos,% Ocup.,Receita Quartos,Preço Médio,Saídas,Quartos FdS,Adul. / Cri.,setembro,Previsão,10-set-2026 qui,20,39,0,0,0,3,17,"14,81","3 044,25","152,21",0,0,39,351,946,136,0,0,120,231,"8,67","55 341,41","157,67",132,0,696,Total set,351,946,136,0,0,120,231,"8,67","55 341,41","157,67",132,0,696,Total,8572,4410,2891,0,0,7018,1554,"8,70","928 400,44","108,31",3017,0,16646
Data,Ocup,Opção,Cheg,Oferta/Uso Interno,Deduz. Individ.,Deduz. Grupos,% Ocup.,Receita Quartos,Preço Médio,Saídas,Quartos FdS,Adul. / Cri.,setembro,Previsão,11-set-2026 sex,18,13,0,0,0,1,17,"13,33","2 700,91","150,05",2,0,35,351,946,136,0,0,120,231,"8,67","55 341,41","157,67",132,0,696,Total set,351,946,136,0,0,120,231,"8,67","55 341,41","157,67",132,0,696,Total,8572,4410,2891,0,0,7018,1554,"8,70","928 400,44","108,31",3017,0,16646
Data,Ocup,Opção,Cheg,Oferta/Uso Interno,Deduz. Individ.,Deduz. Grupos,% Ocup.,Receita Quartos,Preço Médio,Saídas,Quartos FdS,Adul. / Cri.,setembro,Previsão,12-set-2026 sáb,2,16,2,0,0,1,1,"1,48","318,48","159,24",18,0,3,351,946,136,0,0,120,231,"8,67","55 341,41","157,67",132,0,696,Total set,351,946,136,0,0,120,231,"8,67","55 341,41","157,67",132,0,696,Total,8572,4410,2891,0,0,7018,1554,"8,70","928 400,44","108,31",3017,0,16646
Data,Ocup,Opção,Cheg,Oferta/Uso Interno,Deduz. Individ.,Deduz. Grupos,% Ocup.,Receita Quartos,Preço Médio,Saídas,Quartos FdS,Adul. / Cri.,setembro,Previsão,13-set-2026 dom,1,35,0,0,0,1,0,"0,74","194,72","194,72",1,0,2,351,946,136,0,0,120,231,"8,67","55 341,41","157,67",132,0,696,Total set,351,946,136,0,0,120,231,"8,67","55 341,41","157,67",132,0,696,Total,8572,4410,2891,0,0,7018,1554,"8,70","928 400,44","108,31",3017,0,16646
Data,Ocup,Opção,Cheg,Oferta/Uso Interno,Deduz. Individ.,Deduz. Grupos,% Ocup.,Receita Quartos,Preço Médio,Saídas,Quartos FdS,Adul. / Cri.,setembro,Previsão,14-set-2026 seg,2,35,1,0,0,2,0,"1,48","326,59","163,30",0,0,4,351,946,136,0,0,120,231,"8,67","55 341,41","157,67",132,0,696,Total set,351,946,136,0,0,120,231,"8,67","55 341,41","157,67",132,0,696,Total,8572,4410,2891,0,0,7018,1554,"8,70","928 400,44","108,31",3017,0,16646
Data,Ocup,Opção,Cheg,Oferta/Uso Interno,Deduz. Individ.,Deduz. Grupos,% Ocup.,Receita Quartos,Preço Médio,Saídas,Quartos FdS,Adul. / Cri.,setembro,Previsão,15-set-2026 ter,5,26,4,0,0,4,1,"3,70","771,71","154,34",1,0,8,351,946,136,0,0,120,231,"8,67","55 341,41","157,67",132,0,696,Total set,351,946,136,0,0,120,231,"8,67","55 341,41","157,67",132,0,696,Total,8572,4410,2891,0,0,7018,1554,"8,70","928 400,44","108,31",3017,0,16646
Data,Ocup,Opção,Cheg,Oferta/Uso Interno,Deduz. Individ.,Deduz. Grupos,% Ocup.,Receita Quartos,Preço Médio,Saídas,Quartos FdS,Adul. / Cri.,setembro,Previsão,16-set-2026 qua,18,13,17,0,0,1,17,"13,33","2 588,83","143,82",4,0,35,351,946,136,0,0,120,231,"8,67","55 341,41","157,67",132,0,696,Total set,351,946,136,0,0,120,231,"8,67","55 341,41","157,67",132,0,696,Total,8572,4410,2891,0,0,7018,1554,"8,70","928 400,44","108,31",3017,0,16646
Data,Ocup,Opção,Cheg,Oferta/Uso Interno,Deduz. Individ.,Deduz. Grupos,% Ocup.,Receita Quartos,Preço Médio,Saídas,Quartos FdS,Adul. / Cri.,setembro,Previsão,17-set-2026 qui,20,16,2,0,0,2,18,"14,81","2 900,28","145,01",0,0,38,351,946,136,0,0,120,231,"8,67","55 341,41","157,67",132,0,696,Total set,351,946,136,0,0,120,231,"8,67","55 341,41","157,67",132,0,696,Total,8572,4410,2891,0,0,7018,1554,"8,70","928 400,44","108,31",3017,0,16646
Data,Ocup,Opção,Cheg,Oferta/Uso Interno,Deduz. Individ.,Deduz. Grupos,% Ocup.,Receita Quartos,Preço Médio,Saídas,Quartos FdS,Adul. / Cri.,setembro,Previsão,18-set-2026 sex,28,13,10,0,0,11,17,"20,74","5 060,82","180,74",2,0,60,351,946,136,0,0,120,231,"8,67","55 341,41","157,67",132,0,696,Total set,351,946,136,0,0,120,231,"8,67","55 341,41","157,67",132,0,696,Total,8572,4410,2891,0,0,7018,1554,"8,70","928 400,44","108,31",3017,0,16646
Data,Ocup,Opção,Cheg,Oferta/Uso Interno,Deduz. Individ.,Deduz. Grupos,% Ocup.,Receita Quartos,Preço Médio,Saídas,Quartos FdS,Adul. / Cri.,setembro,Previsão,19-set-2026 sáb,12,17,2,0,0,12,0,"8,89","2 853,00","237,75",18,0,30,351,946,136,0,0,120,231,"8,67","55 341,41","157,67",132,0,696,Total set,351,946,136,0,0,120,231,"8,67","55 341,41","157,67",132,0,696,Total,8572,4410,2891,0,0,7018,1554,"8,70","928 400,44","108,31",3017,0,16646
Data,Ocup,Opção,Cheg,Oferta/Uso Interno,Deduz. Individ.,Deduz. Grupos,% Ocup.,Receita Quartos,Preço Médio,Saídas,Quartos FdS,Adul. / Cri.,setembro,Previsão,20-set-2026 dom,11,35,0,0,0,11,0,"8,15","2 611,94","237,45",1,0,28,351,946,136,0,0,120,231,"8,67","55 341,41","157,67",132,0,696,Total set,351,946,136,0,0,120,231,"8,67","55 341,41","157,67",132,0,696,Total,8572,4410,2891,0,0,7018,1554,"8,70","928 400,44","108,31",3017,0,16646
Data,Ocup,Opção,Cheg,Oferta/Uso Interno,Deduz. Individ.,Deduz. Grupos,% Ocup.,Receita Quartos,Preço Médio,Saídas,Quartos FdS,Adul. / Cri.,setembro,Previsão,21-set-2026 seg,1,35,1,0,0,1,0,"0,74","219,79","219,79",11,0,2,351,946,136,0,0,120,231,"8,67","55 341,41","157,67",132,0,696,Total set,351,946,136,0,0,120,231,"8,67","55 341,41","157,67",132,0,696,Total,8572,4410,2891,0,0,7018,1554,"8,70","928 400,44","108,31",3017,0,16646
Data,Ocup,Opção,Cheg,Oferta/Uso Interno,Deduz. Individ.,Deduz. Grupos,% Ocup.,Receita Quartos,Preço Médio,Saídas,Quartos FdS,Adul. / Cri.,setembro,Previsão,22-set-2026 ter,4,46,3,0,0,3,1,"2,96","611,35","152,84",0,0,7,351,946,136,0,0,120,231,"8,67","55 341,41","157,67",132,0,696,Total set,351,946,136,0,0,120,231,"8,67","55 341,41","157,67",132,0,696,Total,8572,4410,2891,0,0,7018,1554,"8,70","928 400,44","108,31",3017,0,16646
Data,Ocup,Opção,Cheg,Oferta/Uso Interno,Deduz. Individ.,Deduz. Grupos,% Ocup.,Receita Quartos,Preço Médio,Saídas,Quartos FdS,Adul. / Cri.,setembro,Previsão,23-set-2026 qua,21,33,18,0,0,4,17,"15,56","3 036,97","144,62",1,0,41,351,946,136,0,0,120,231,"8,67","55 341,41","157,67",132,0,696,Total set,351,946,136,0,0,120,231,"8,67","55 341,41","157,67",132,0,696,Total,8572,4410,2891,0,0,7018,1554,"8,70","928 400,44","108,31",3017,0,16646
Data,Ocup,Opção,Cheg,Oferta/Uso Interno,Deduz. Individ.,Deduz. Grupos,% Ocup.,Receita Quartos,Preço Médio,Saídas,Quartos FdS,Adul. / Cri.,setembro,Previsão,24-set-2026 qui,22,37,2,0,0,5,17,"16,30","3 130,01","142,27",1,0,43,351,946,136,0,0,120,231,"8,67","55 341,41","157,67",132,0,696,Total set,351,946,136,0,0,120,231,"8,67","55 341,41","157,67",132,0,696,Total,8572,4410,2891,0,0,7018,1554,"8,70","928 400,44","108,31",3017,0,16646
Data,Ocup,Opção,Cheg,Oferta/Uso Interno,Deduz. Individ.,Deduz. Grupos,% Ocup.,Receita Quartos,Preço Médio,Saídas,Quartos FdS,Adul. / Cri.,setembro,Previsão,25-set-2026 sex,23,33,2,0,0,6,17,"17,04","3 410,35","148,28",1,0,45,351,946,136,0,0,120,231,"8,67","55 341,41","157,67",132,0,696,Total set,351,946,136,0,0,120,231,"8,67","55 341,41","157,67",132,0,696,Total,8572,4410,2891,0,0,7018,1554,"8,70","928 400,44","108,31",3017,0,16646
Data,Ocup,Opção,Cheg,Oferta/Uso Interno,Deduz. Individ.,Deduz. Grupos,% Ocup.,Receita Quartos,Preço Médio,Saídas,Quartos FdS,Adul. / Cri.,setembro,Previsão,26-set-2026 sáb,5,14,2,0,0,3,2,"3,70","655,38","131,08",20,0,10,351,946,136,0,0,120,231,"8,67","55 341,41","157,67",132,0,696,Total set,351,946,136,0,0,120,231,"8,67","55 341,41","157,67",132,0,696,Total,8572,4410,2891,0,0,7018,1554,"8,70","928 400,44","108,31",3017,0,16646
Data,Ocup,Opção,Cheg,Oferta/Uso Interno,Deduz. Individ.,Deduz. Grupos,% Ocup.,Receita Quartos,Preço Médio,Saídas,Quartos FdS,Adul. / Cri.,setembro,Previsão,27-set-2026 dom,0,36,0,0,0,0,0,-,-,NaN,5,0,0,351,946,136,0,0,120,231,"8,67","55 341,41","157,67",132,0,696,Total set,351,946,136,0,0,120,231,"8,67","55 341,41","157,67",132,0,696,Total,8572,4410,2891,0,0,7018,1554,"8,70","928 400,44","108,31",3017,0,16646
Data,Ocup,Opção,Cheg,Oferta/Uso Interno,Deduz. Individ.,Deduz. Grupos,% Ocup.,Receita Quartos,Preço Médio,Saídas,Quartos FdS,Adul. / Cri.,setembro,Previsão,28-set-2026 seg,3,56,3,0,0,3,0,"2,22","557,89","185,96",0,0,6,351,946,136,0,0,120,231,"8,67","55 341,41","157,67",132,0,696,Total set,351,946,136,0,0,120,231,"8,67","55 341,41","157,67",132,0,696,Total,8572,4410,2891,0,0,7018,1554,"8,70","928 400,44","108,31",3017,0,16646
Data,Ocup,Opção,Cheg,Oferta/Uso Interno,Deduz. Individ.,Deduz. Grupos,% Ocup.,Receita Quartos,Preço Médio,Saídas,Quartos FdS,Adul. / Cri.,setembro,Previsão,29-set-2026 ter,3,69,1,0,0,2,1,"2,22","656,10","218,70",1,0,5,351,946,136,0,0,120,231,"8,67","55 341,41","157,67",132,0,696,Total set,351,946,136,0,0,120,231,"8,67","55 341,41","157,67",132,0,696,Total,8572,4410,2891,0,0,7018,1554,"8,70","928 400,44","108,31",3017,0,16646
Data,Ocup,Opção,Cheg,Oferta/Uso Interno,Deduz. Individ.,Deduz. Grupos,% Ocup.,Receita Quartos,Preço Médio,Saídas,Quartos FdS,Adul. / Cri.,setembro,Previsão,30-set-2026 qua,17,55,16,0,0,0,17,"12,59","2 494,59","146,74",2,0,33,351,946,136,0,0,120,231,"8,67","55 341,41","157,67",132,0,696,Total set,351,946,136,0,0,120,231,"8,67","55 341,41","157,67",132,0,696,Total,8572,4410,2891,0,0,7018,1554,"8,70","928 400,44","108,31",3017,0,16646
Data,Ocup,Opção,Cheg,Oferta/Uso Interno,Deduz. Individ.,Deduz. Grupos,% Ocup.,Receita Quartos,Preço Médio,Saídas,Quartos FdS,Adul. / Cri.,outubro,Previsão,01-out-2026 qui,17,39,0,0,0,0,17,"12,59","2 494,59","146,74",0,0,33,312,486,102,0,0,69,243,"7,46","46 952,62","150,49",119,0,614,Total out,312,486,102,0,0,69,243,"7,46","46 952,62","150,49",119,0,614,Total,8572,4410,2891,0,0,7018,1554,"8,70","928 400,44","108,31",3017,0,16646
Data,Ocup,Opção,Cheg,Oferta/Uso Interno,Deduz. Individ.,Deduz. Grupos,% Ocup.,Receita Quartos,Preço Médio,Saídas,Quartos FdS,Adul. / Cri.,outubro,Previsão,02-out-2026 sex,17,13,0,0,0,0,17,"12,59","2 494,59","146,74",0,0,33,312,486,102,0,0,69,243,"7,46","46 952,62","150,49",119,0,614,Total out,312,486,102,0,0,69,243,"7,46","46 952,62","150,49",119,0,614,Total,8572,4410,2891,0,0,7018,1554,"8,70","928 400,44","108,31",3017,0,16646
Data,Ocup,Opção,Cheg,Oferta/Uso Interno,Deduz. Individ.,Deduz. Grupos,% Ocup.,Receita Quartos,Preço Médio,Saídas,Quartos FdS,Adul. / Cri.,outubro,Previsão,03-out-2026 sáb,0,18,0,0,0,0,0,-,-,NaN,17,0,0,312,486,102,0,0,69,243,"7,46","46 952,62","150,49",119,0,614,Total out,312,486,102,0,0,69,243,"7,46","46 952,62","150,49",119,0,614,Total,8572,4410,2891,0,0,7018,1554,"8,70","928 400,44","108,31",3017,0,16646
Data,Ocup,Opção,Cheg,Oferta/Uso Interno,Deduz. Individ.,Deduz. Grupos,% Ocup.,Receita Quartos,Preço Médio,Saídas,Quartos FdS,Adul. / Cri.,outubro,Previsão,04-out-2026 dom,2,14,2,0,0,2,0,"1,48","359,21","179,60",0,0,4,312,486,102,0,0,69,243,"7,46","46 952,62","150,49",119,0,614,Total out,312,486,102,0,0,69,243,"7,46","46 952,62","150,49",119,0,614,Total,8572,4410,2891,0,0,7018,1554,"8,70","928 400,44","108,31",3017,0,16646
Data,Ocup,Opção,Cheg,Oferta/Uso Interno,Deduz. Individ.,Deduz. Grupos,% Ocup.,Receita Quartos,Preço Médio,Saídas,Quartos FdS,Adul. / Cri.,outubro,Previsão,05-out-2026 seg,9,14,7,0,0,9,0,"6,67","1 459,99","162,22",0,0,15,312,486,102,0,0,69,243,"7,46","46 952,62","150,49",119,0,614,Total out,312,486,102,0,0,69,243,"7,46","46 952,62","150,49",119,0,614,Total,8572,4410,2891,0,0,7018,1554,"8,70","928 400,44","108,31",3017,0,16646
Data,Ocup,Opção,Cheg,Oferta/Uso Interno,Deduz. Individ.,Deduz. Grupos,% Ocup.,Receita Quartos,Preço Médio,Saídas,Quartos FdS,Adul. / Cri.,outubro,Previsão,06-out-2026 ter,12,5,3,0,0,10,2,"8,89","1 867,49","155,62",0,0,20,312,486,102,0,0,69,243,"7,46","46 952,62","150,49",119,0,614,Total out,312,486,102,0,0,69,243,"7,46","46 952,62","150,49",119,0,614,Total,8572,4410,2891,0,0,7018,1554,"8,70","928 400,44","108,31",3017,0,16646
Data,Ocup,Opção,Cheg,Oferta/Uso Interno,Deduz. Individ.,Deduz. Grupos,% Ocup.,Receita Quartos,Preço Médio,Saídas,Quartos FdS,Adul. / Cri.,outubro,Previsão,07-out-2026 qua,18,14,17,0,0,1,17,"13,33","2 603,73","144,65",11,0,35,312,486,102,0,0,69,243,"7,46","46 952,62","150,49",119,0,614,Total out,312,486,102,0,0,69,243,"7,46","46 952,62","150,49",119,0,614,Total,8572,4410,2891,0,0,7018,1554,"8,70","928 400,44","108,31",3017,0,16646
Data,Ocup,Opção,Cheg,Oferta/Uso Interno,Deduz. Individ.,Deduz. Grupos,% Ocup.,Receita Quartos,Preço Médio,Saídas,Quartos FdS,Adul. / Cri.,outubro,Previsão,08-out-2026 qui,18,18,0,0,0,1,17,"13,33","2 603,73","144,65",0,0,35,312,486,102,0,0,69,243,"7,46","46 952,62","150,49",119,0,614,Total out,312,486,102,0,0,69,243,"7,46","46 952,62","150,49",119,0,614,Total,8572,4410,2891,0,0,7018,1554,"8,70","928 400,44","108,31",3017,0,16646
Data,Ocup,Opção,Cheg,Oferta/Uso Interno,Deduz. Individ.,Deduz. Grupos,% Ocup.,Receita Quartos,Preço Médio,Saídas,Quartos FdS,Adul. / Cri.,outubro,Previsão,09-out-2026 sex,19,14,1,0,0,2,17,"14,07","2 759,91","145,26",0,0,37,312,486,102,0,0,69,243,"7,46","46 952,62","150,49",119,0,614,Total out,312,486,102,0,0,69,243,"7,46","46 952,62","150,49",119,0,614,Total,8572,4410,2891,0,0,7018,1554,"8,70","928 400,44","108,31",3017,0,16646
Data,Ocup,Opção,Cheg,Oferta/Uso Interno,Deduz. Individ.,Deduz. Grupos,% Ocup.,Receita Quartos,Preço Médio,Saídas,Quartos FdS,Adul. / Cri.,outubro,Previsão,10-out-2026 sáb,5,48,4,0,0,5,0,"3,70","1 525,96","305,19",18,0,17,312,486,102,0,0,69,243,"7,46","46 952,62","150,49",119,0,614,Total out,312,486,102,0,0,69,243,"7,46","46 952,62","150,49",119,0,614,Total,8572,4410,2891,0,0,7018,1554,"8,70","928 400,44","108,31",3017,0,16646
Data,Ocup,Opção,Cheg,Oferta/Uso Interno,Deduz. Individ.,Deduz. Grupos,% Ocup.,Receita Quartos,Preço Médio,Saídas,Quartos FdS,Adul. / Cri.,outubro,Previsão,11-out-2026 dom,4,44,0,0,0,4,0,"2,96","1 273,21","318,30",1,0,15,312,486,102,0,0,69,243,"7,46","46 952,62","150,49",119,0,614,Total out,312,486,102,0,0,69,243,"7,46","46 952,62","150,49",119,0,614,Total,8572,4410,2891,0,0,7018,1554,"8,70","928 400,44","108,31",3017,0,16646
Data,Ocup,Opção,Cheg,Oferta/Uso Interno,Deduz. Individ.,Deduz. Grupos,% Ocup.,Receita Quartos,Preço Médio,Saídas,Quartos FdS,Adul. / Cri.,outubro,Previsão,12-out-2026 seg,0,44,0,0,0,0,0,-,-,NaN,4,0,0,312,486,102,0,0,69,243,"7,46","46 952,62","150,49",119,0,614,Total out,312,486,102,0,0,69,243,"7,46","46 952,62","150,49",119,0,614,Total,8572,4410,2891,0,0,7018,1554,"8,70","928 400,44","108,31",3017,0,16646
Data,Ocup,Opção,Cheg,Oferta/Uso Interno,Deduz. Individ.,Deduz. Grupos,% Ocup.,Receita Quartos,Preço Médio,Saídas,Quartos FdS,Adul. / Cri.,outubro,Previsão,13-out-2026 ter,4,35,4,0,0,3,1,"2,96","600,91","150,23",0,0,7,312,486,102,0,0,69,243,"7,46","46 952,62","150,49",119,0,614,Total out,312,486,102,0,0,69,243,"7,46","46 952,62","150,49",119,0,614,Total,8572,4410,2891,0,0,7018,1554,"8,70","928 400,44","108,31",3017,0,16646
Data,Ocup,Opção,Cheg,Oferta/Uso Interno,Deduz. Individ.,Deduz. Grupos,% Ocup.,Receita Quartos,Preço Médio,Saídas,Quartos FdS,Adul. / Cri.,outubro,Previsão,14-out-2026 qua,18,14,16,0,0,1,17,"13,33","2 607,75","144,87",2,0,35,312,486,102,0,0,69,243,"7,46","46 952,62","150,49",119,0,614,Total out,312,486,102,0,0,69,243,"7,46","46 952,62","150,49",119,0,614,Total,8572,4410,2891,0,0,7018,1554,"8,70","928 400,44","108,31",3017,0,16646
Data,Ocup,Opção,Cheg,Oferta/Uso Interno,Deduz. Individ.,Deduz. Grupos,% Ocup.,Receita Quartos,Preço Médio,Saídas,Quartos FdS,Adul. / Cri.,outubro,Previsão,15-out-2026 qui,17,19,0,0,0,0,17,"12,59","2 494,59","146,74",1,0,33,312,486,102,0,0,69,243,"7,46","46 952,62","150,49",119,0,614,Total out,312,486,102,0,0,69,243,"7,46","46 952,62","150,49",119,0,614,Total,8572,4410,2891,0,0,7018,1554,"8,70","928 400,44","108,31",3017,0,16646
Data,Ocup,Opção,Cheg,Oferta/Uso Interno,Deduz. Individ.,Deduz. Grupos,% Ocup.,Receita Quartos,Preço Médio,Saídas,Quartos FdS,Adul. / Cri.,outubro,Previsão,16-out-2026 sex,19,15,2,0,0,2,17,"14,07","2 833,37","149,12",0,0,37,312,486,102,0,0,69,243,"7,46","46 952,62","150,49",119,0,614,Total out,312,486,102,0,0,69,243,"7,46","46 952,62","150,49",119,0,614,Total,8572,4410,2891,0,0,7018,1554,"8,70","928 400,44","108,31",3017,0,16646
Data,Ocup,Opção,Cheg,Oferta/Uso Interno,Deduz. Individ.,Deduz. Grupos,% Ocup.,Receita Quartos,Preço Médio,Saídas,Quartos FdS,Adul. / Cri.,outubro,Previsão,17-out-2026 sáb,2,18,0,0,0,2,0,"1,48","338,77","169,39",17,0,4,312,486,102,0,0,69,243,"7,46","46 952,62","150,49",119,0,614,Total out,312,486,102,0,0,69,243,"7,46","46 952,62","150,49",119,0,614,Total,8572,4410,2891,0,0,7018,1554,"8,70","928 400,44","108,31",3017,0,16646
Data,Ocup,Opção,Cheg,Oferta/Uso Interno,Deduz. Individ.,Deduz. Grupos,% Ocup.,Receita Quartos,Preço Médio,Saídas,Quartos FdS,Adul. / Cri.,outubro,Previsão,18-out-2026 dom,2,14,2,0,0,2,0,"1,48","204,28","102,14",2,0,4,312,486,102,0,0,69,243,"7,46","46 952,62","150,49",119,0,614,Total out,312,486,102,0,0,69,243,"7,46","46 952,62","150,49",119,0,614,Total,8572,4410,2891,0,0,7018,1554,"8,70","928 400,44","108,31",3017,0,16646
Data,Ocup,Opção,Cheg,Oferta/Uso Interno,Deduz. Individ.,Deduz. Grupos,% Ocup.,Receita Quartos,Preço Médio,Saídas,Quartos FdS,Adul. / Cri.,outubro,Previsão,19-out-2026 seg,4,13,2,0,0,4,0,"2,96","422,55","105,64",0,0,8,312,486,102,0,0,69,243,"7,46","46 952,62","150,49",119,0,614,Total out,312,486,102,0,0,69,243,"7,46","46 952,62","150,49",119,0,614,Total,8572,4410,2891,0,0,7018,1554,"8,70","928 400,44","108,31",3017,0,16646
Data,Ocup,Opção,Cheg,Oferta/Uso Interno,Deduz. Individ.,Deduz. Grupos,% Ocup.,Receita Quartos,Preço Médio,Saídas,Quartos FdS,Adul. / Cri.,outubro,Previsão,20-out-2026 ter,8,0,5,0,0,7,1,"5,93","1 081,46","135,18",1,0,15,312,486,102,0,0,69,243,"7,46","46 952,62","150,49",119,0,614,Total out,312,486,102,0,0,69,243,"7,46","46 952,62","150,49",119,0,614,Total,8572,4410,2891,0,0,7018,1554,"8,70","928 400,44","108,31",3017,0,16646
Data,Ocup,Opção,Cheg,Oferta/Uso Interno,Deduz. Individ.,Deduz. Grupos,% Ocup.,Receita Quartos,Preço Médio,Saídas,Quartos FdS,Adul. / Cri.,outubro,Previsão,21-out-2026 qua,20,0,17,0,0,3,17,"14,81","2 821,99","141,10",5,0,39,312,486,102,0,0,69,243,"7,46","46 952,62","150,49",119,0,614,Total out,312,486,102,0,0,69,243,"7,46","46 952,62","150,49",119,0,614,Total,8572,4410,2891,0,0,7018,1554,"8,70","928 400,44","108,31",3017,0,16646
Data,Ocup,Opção,Cheg,Oferta/Uso Interno,Deduz. Individ.,Deduz. Grupos,% Ocup.,Receita Quartos,Preço Médio,Saídas,Quartos FdS,Adul. / Cri.,outubro,Previsão,22-out-2026 qui,19,4,1,0,0,2,17,"14,07","2 763,35","145,44",2,0,37,312,486,102,0,0,69,243,"7,46","46 952,62","150,49",119,0,614,Total out,312,486,102,0,0,69,243,"7,46","46 952,62","150,49",119,0,614,Total,8572,4410,2891,0,0,7018,1554,"8,70","928 400,44","108,31",3017,0,16646
Data,Ocup,Opção,Cheg,Oferta/Uso Interno,Deduz. Individ.,Deduz. Grupos,% Ocup.,Receita Quartos,Preço Médio,Saídas,Quartos FdS,Adul. / Cri.,outubro,Previsão,23-out-2026 sex,19,13,0,0,0,2,17,"14,07","2 772,41","145,92",0,0,37,312,486,102,0,0,69,243,"7,46","46 952,62","150,49",119,0,614,Total out,312,486,102,0,0,69,243,"7,46","46 952,62","150,49",119,0,614,Total,8572,4410,2891,0,0,7018,1554,"8,70","928 400,44","108,31",3017,0,16646
Data,Ocup,Opção,Cheg,Oferta/Uso Interno,Deduz. Individ.,Deduz. Grupos,% Ocup.,Receita Quartos,Preço Médio,Saídas,Quartos FdS,Adul. / Cri.,outubro,Previsão,24-out-2026 sáb,1,17,0,0,0,1,0,"0,74","146,04","146,04",18,0,2,312,486,102,0,0,69,243,"7,46","46 952,62","150,49",119,0,614,Total out,312,486,102,0,0,69,243,"7,46","46 952,62","150,49",119,0,614,Total,8572,4410,2891,0,0,7018,1554,"8,70","928 400,44","108,31",3017,0,16646
Data,Ocup,Opção,Cheg,Oferta/Uso Interno,Deduz. Individ.,Deduz. Grupos,% Ocup.,Receita Quartos,Preço Médio,Saídas,Quartos FdS,Adul. / Cri.,outubro,Previsão,25-out-2026 dom,1,26,0,0,0,1,0,"0,74","146,04","146,04",0,0,2,312,486,102,0,0,69,243,"7,46","46 952,62","150,49",119,0,614,Total out,312,486,102,0,0,69,243,"7,46","46 952,62","150,49",119,0,614,Total,8572,4410,2891,0,0,7018,1554,"8,70","928 400,44","108,31",3017,0,16646
Data,Ocup,Opção,Cheg,Oferta/Uso Interno,Deduz. Individ.,Deduz. Grupos,% Ocup.,Receita Quartos,Preço Médio,Saídas,Quartos FdS,Adul. / Cri.,outubro,Previsão,26-out-2026 seg,1,13,1,0,0,1,0,"0,74","186,68","186,68",1,0,2,312,486,102,0,0,69,243,"7,46","46 952,62","150,49",119,0,614,Total out,312,486,102,0,0,69,243,"7,46","46 952,62","150,49",119,0,614,Total,8572,4410,2891,0,0,7018,1554,"8,70","928 400,44","108,31",3017,0,16646
Data,Ocup,Opção,Cheg,Oferta/Uso Interno,Deduz. Individ.,Deduz. Grupos,% Ocup.,Receita Quartos,Preço Médio,Saídas,Quartos FdS,Adul. / Cri.,outubro,Previsão,27-out-2026 ter,3,0,2,0,0,2,1,"2,22","387,97","129,32",0,0,5,312,486,102,0,0,69,243,"7,46","46 952,62","150,49",119,0,614,Total out,312,486,102,0,0,69,243,"7,46","46 952,62","150,49",119,0,614,Total,8572,4410,2891,0,0,7018,1554,"8,70","928 400,44","108,31",3017,0,16646
Data,Ocup,Opção,Cheg,Oferta/Uso Interno,Deduz. Individ.,Deduz. Grupos,% Ocup.,Receita Quartos,Preço Médio,Saídas,Quartos FdS,Adul. / Cri.,outubro,Previsão,28-out-2026 qua,18,0,16,0,0,1,17,"13,33","2 603,73","144,65",1,0,35,312,486,102,0,0,69,243,"7,46","46 952,62","150,49",119,0,614,Total out,312,486,102,0,0,69,243,"7,46","46 952,62","150,49",119,0,614,Total,8572,4410,2891,0,0,7018,1554,"8,70","928 400,44","108,31",3017,0,16646
Data,Ocup,Opção,Cheg,Oferta/Uso Interno,Deduz. Individ.,Deduz. Grupos,% Ocup.,Receita Quartos,Preço Médio,Saídas,Quartos FdS,Adul. / Cri.,outubro,Previsão,29-out-2026 qui,18,0,0,0,0,1,17,"13,33","2 603,73","144,65",0,0,35,312,486,102,0,0,69,243,"7,46","46 952,62","150,49",119,0,614,Total out,312,486,102,0,0,69,243,"7,46","46 952,62","150,49",119,0,614,Total,8572,4410,2891,0,0,7018,1554,"8,70","928 400,44","108,31",3017,0,16646
Data,Ocup,Opção,Cheg,Oferta/Uso Interno,Deduz. Individ.,Deduz. Grupos,% Ocup.,Receita Quartos,Preço Médio,Saídas,Quartos FdS,Adul. / Cri.,outubro,Previsão,30-out-2026 sex,17,0,0,0,0,0,17,"12,59","2 494,59","146,74",1,0,33,312,486,102,0,0,69,243,"7,46","46 952,62","150,49",119,0,614,Total out,312,486,102,0,0,69,243,"7,46","46 952,62","150,49",119,0,614,Total,8572,4410,2891,0,0,7018,1554,"8,70","928 400,44","108,31",3017,0,16646
Data,Ocup,Opção,Cheg,Oferta/Uso Interno,Deduz. Individ.,Deduz. Grupos,% Ocup.,Receita Quartos,Preço Médio,Saídas,Quartos FdS,Adul. / Cri.,outubro,Previsão,31-out-2026 sáb,0,0,0,0,0,0,0,-,-,NaN,17,0,0,312,486,102,0,0,69,243,"7,46","46 952,62","150,49",119,0,614,Total out,312,486,102,0,0,69,243,"7,46","46 952,62","150,49",119,0,614,Total,8572,4410,2891,0,0,7018,1554,"8,70","928 400,44","108,31",3017,0,16646
Data,Ocup,Opção,Cheg,Oferta/Uso Interno,Deduz. Individ.,Deduz. Grupos,% Ocup.,Receita Quartos,Preço Médio,Saídas,Quartos FdS,Adul. / Cri.,novembro,Previsão,01-nov-2026 dom,1,0,1,0,0,1,0,"0,74","79,70","79,70",0,0,2,12,147,4,0,0,12,0,"0,30","1 248,58","104,05",4,0,21,Total nov,12,147,4,0,0,12,0,"0,30","1 248,58","104,05",4,0,21,Total,8572,4410,2891,0,0,7018,1554,"8,70","928 400,44","108,31",3017,0,16646
Data,Ocup,Opção,Cheg,Oferta/Uso Interno,Deduz. Individ.,Deduz. Grupos,% Ocup.,Receita Quartos,Preço Médio,Saídas,Quartos FdS,Adul. / Cri.,novembro,Previsão,02-nov-2026 seg,1,0,0,0,0,1,0,"0,74","79,70","79,70",0,0,2,12,147,4,0,0,12,0,"0,30","1 248,58","104,05",4,0,21,Total nov,12,147,4,0,0,12,0,"0,30","1 248,58","104,05",4,0,21,Total,8572,4410,2891,0,0,7018,1554,"8,70","928 400,44","108,31",3017,0,16646
Data,Ocup,Opção,Cheg,Oferta/Uso Interno,Deduz. Individ.,Deduz. Grupos,% Ocup.,Receita Quartos,Preço Médio,Saídas,Quartos FdS,Adul. / Cri.,novembro,Previsão,03-nov-2026 ter,1,0,0,0,0,1,0,"0,74","79,70","79,70",0,0,2,12,147,4,0,0,12,0,"0,30","1 248,58","104,05",4,0,21,Total nov,12,147,4,0,0,12,0,"0,30","1 248,58","104,05",4,0,21,Total,8572,4410,2891,0,0,7018,1554,"8,70","928 400,44","108,31",3017,0,16646
Data,Ocup,Opção,Cheg,Oferta/Uso Interno,Deduz. Individ.,Deduz. Grupos,% Ocup.,Receita Quartos,Preço Médio,Saídas,Quartos FdS,Adul. / Cri.,novembro,Previsão,04-nov-2026 qua,1,0,0,0,0,1,0,"0,74","79,70","79,70",0,0,2,12,147,4,0,0,12,0,"0,30","1 248,58","104,05",4,0,21,Total nov,12,147,4,0,0,12,0,"0,30","1 248,58","104,05",4,0,21,Total,8572,4410,2891,0,0,7018,1554,"8,70","928 400,44","108,31",3017,0,16646
Data,Ocup,Opção,Cheg,Oferta/Uso Interno,Deduz. Individ.,Deduz. Grupos,% Ocup.,Receita Quartos,Preço Médio,Saídas,Quartos FdS,Adul. / Cri.,novembro,Previsão,05-nov-2026 qui,0,0,0,0,0,0,0,-,-,NaN,1,0,0,12,147,4,0,0,12,0,"0,30","1 248,58","104,05",4,0,21,Total nov,12,147,4,0,0,12,0,"0,30","1 248,58","104,05",4,0,21,Total,8572,4410,2891,0,0,7018,1554,"8,70","928 400,44","108,31",3017,0,16646
Data,Ocup,Opção,Cheg,Oferta/Uso Interno,Deduz. Individ.,Deduz. Grupos,% Ocup.,Receita Quartos,Preço Médio,Saídas,Quartos FdS,Adul. / Cri.,novembro,Previsão,06-nov-2026 sex,1,0,1,0,0,1,0,"0,74","127,02","127,02",0,0,1,12,147,4,0,0,12,0,"0,30","1 248,58","104,05",4,0,21,Total nov,12,147,4,0,0,12,0,"0,30","1 248,58","104,05",4,0,21,Total,8572,4410,2891,0,0,7018,1554,"8,70","928 400,44","108,31",3017,0,16646
Data,Ocup,Opção,Cheg,Oferta/Uso Interno,Deduz. Individ.,Deduz. Grupos,% Ocup.,Receita Quartos,Preço Médio,Saídas,Quartos FdS,Adul. / Cri.,novembro,Previsão,07-nov-2026 sáb,1,0,0,0,0,1,0,"0,74","127,02","127,02",0,0,1,12,147,4,0,0,12,0,"0,30","1 248,58","104,05",4,0,21,Total nov,12,147,4,0,0,12,0,"0,30","1 248,58","104,05",4,0,21,Total,8572,4410,2891,0,0,7018,1554,"8,70","928 400,44","108,31",3017,0,16646
Data,Ocup,Opção,Cheg,Oferta/Uso Interno,Deduz. Individ.,Deduz. Grupos,% Ocup.,Receita Quartos,Preço Médio,Saídas,Quartos FdS,Adul. / Cri.,novembro,Previsão,08-nov-2026 dom,1,0,0,0,0,1,0,"0,74","112,58","112,58",0,0,1,12,147,4,0,0,12,0,"0,30","1 248,58","104,05",4,0,21,Total nov,12,147,4,0,0,12,0,"0,30","1 248,58","104,05",4,0,21,Total,8572,4410,2891,0,0,7018,1554,"8,70","928 400,44","108,31",3017,0,16646
Data,Ocup,Opção,Cheg,Oferta/Uso Interno,Deduz. Individ.,Deduz. Grupos,% Ocup.,Receita Quartos,Preço Médio,Saídas,Quartos FdS,Adul. / Cri.,novembro,Previsão,09-nov-2026 seg,0,0,0,0,0,0,0,-,-,NaN,1,0,0,12,147,4,0,0,12,0,"0,30","1 248,58","104,05",4,0,21,Total nov,12,147,4,0,0,12,0,"0,30","1 248,58","104,05",4,0,21,Total,8572,4410,2891,0,0,7018,1554,"8,70","928 400,44","108,31",3017,0,16646
Data,Ocup,Opção,Cheg,Oferta/Uso Interno,Deduz. Individ.,Deduz. Grupos,% Ocup.,Receita Quartos,Preço Médio,Saídas,Quartos FdS,Adul. / Cri.,novembro,Previsão,10-nov-2026 ter,0,0,0,0,0,0,0,-,-,NaN,0,0,0,12,147,4,0,0,12,0,"0,30","1 248,58","104,05",4,0,21,Total nov,12,147,4,0,0,12,0,"0,30","1 248,58","104,05",4,0,21,Total,8572,4410,2891,0,0,7018,1554,"8,70","928 400,44","108,31",3017,0,16646
Data,Ocup,Opção,Cheg,Oferta/Uso Interno,Deduz. Individ.,Deduz. Grupos,% Ocup.,Receita Quartos,Preço Médio,Saídas,Quartos FdS,Adul. / Cri.,novembro,Previsão,11-nov-2026 qua,0,0,0,0,0,0,0,-,-,NaN,0,0,0,12,147,4,0,0,12,0,"0,30","1 248,58","104,05",4,0,21,Total nov,12,147,4,0,0,12,0,"0,30","1 248,58","104,05",4,0,21,Total,8572,4410,2891,0,0,7018,1554,"8,70","928 400,44","108,31",3017,0,16646
Data,Ocup,Opção,Cheg,Oferta/Uso Interno,Deduz. Individ.,Deduz. Grupos,% Ocup.,Receita Quartos,Preço Médio,Saídas,Quartos FdS,Adul. / Cri.,novembro,Previsão,12-nov-2026 qui,0,0,0,0,0,0,0,-,-,NaN,0,0,0,12,147,4,0,0,12,0,"0,30","1 248,58","104,05",4,0,21,Total nov,12,147,4,0,0,12,0,"0,30","1 248,58","104,05",4,0,21,Total,8572,4410,2891,0,0,7018,1554,"8,70","928 400,44","108,31",3017,0,16646
Data,Ocup,Opção,Cheg,Oferta/Uso Interno,Deduz. Individ.,Deduz. Grupos,% Ocup.,Receita Quartos,Preço Médio,Saídas,Quartos FdS,Adul. / Cri.,novembro,Previsão,13-nov-2026 sex,0,0,0,0,0,0,0,-,-,NaN,0,0,0,12,147,4,0,0,12,0,"0,30","1 248,58","104,05",4,0,21,Total nov,12,147,4,0,0,12,0,"0,30","1 248,58","104,05",4,0,21,Total,8572,4410,2891,0,0,7018,1554,"8,70","928 400,44","108,31",3017,0,16646
Data,Ocup,Opção,Cheg,Oferta/Uso Interno,Deduz. Individ.,Deduz. Grupos,% Ocup.,Receita Quartos,Preço Médio,Saídas,Quartos FdS,Adul. / Cri.,novembro,Previsão,14-nov-2026 sáb,0,11,0,0,0,0,0,-,-,NaN,0,0,0,12,147,4,0,0,12,0,"0,30","1 248,58","104,05",4,0,21,Total nov,12,147,4,0,0,12,0,"0,30","1 248,58","104,05",4,0,21,Total,8572,4410,2891,0,0,7018,1554,"8,70","928 400,44","108,31",3017,0,16646
Data,Ocup,Opção,Cheg,Oferta/Uso Interno,Deduz. Individ.,Deduz. Grupos,% Ocup.,Receita Quartos,Preço Médio,Saídas,Quartos FdS,Adul. / Cri.,novembro,Previsão,15-nov-2026 dom,0,13,0,0,0,0,0,-,-,NaN,0,0,0,12,147,4,0,0,12,0,"0,30","1 248,58","104,05",4,0,21,Total nov,12,147,4,0,0,12,0,"0,30","1 248,58","104,05",4,0,21,Total,8572,4410,2891,0,0,7018,1554,"8,70","928 400,44","108,31",3017,0,16646
Data,Ocup,Opção,Cheg,Oferta/Uso Interno,Deduz. Individ.,Deduz. Grupos,% Ocup.,Receita Quartos,Preço Médio,Saídas,Quartos FdS,Adul. / Cri.,novembro,Previsão,16-nov-2026 seg,0,33,0,0,0,0,0,-,-,NaN,0,0,0,12,147,4,0,0,12,0,"0,30","1 248,58","104,05",4,0,21,Total nov,12,147,4,0,0,12,0,"0,30","1 248,58","104,05",4,0,21,Total,8572,4410,2891,0,0,7018,1554,"8,70","928 400,44","108,31",3017,0,16646
Data,Ocup,Opção,Cheg,Oferta/Uso Interno,Deduz. Individ.,Deduz. Grupos,% Ocup.,Receita Quartos,Preço Médio,Saídas,Quartos FdS,Adul. / Cri.,novembro,Previsão,17-nov-2026 ter,1,20,1,0,0,1,0,"0,74","132,45","132,45",0,0,2,12,147,4,0,0,12,0,"0,30","1 248,58","104,05",4,0,21,Total nov,12,147,4,0,0,12,0,"0,30","1 248,58","104,05",4,0,21,Total,8572,4410,2891,0,0,7018,1554,"8,70","928 400,44","108,31",3017,0,16646
Data,Ocup,Opção,Cheg,Oferta/Uso Interno,Deduz. Individ.,Deduz. Grupos,% Ocup.,Receita Quartos,Preço Médio,Saídas,Quartos FdS,Adul. / Cri.,novembro,Previsão,18-nov-2026 qua,1,20,0,0,0,1,0,"0,74","132,45","132,45",0,0,2,12,147,4,0,0,12,0,"0,30","1 248,58","104,05",4,0,21,Total nov,12,147,4,0,0,12,0,"0,30","1 248,58","104,05",4,0,21,Total,8572,4410,2891,0,0,7018,1554,"8,70","928 400,44","108,31",3017,0,16646
Data,Ocup,Opção,Cheg,Oferta/Uso Interno,Deduz. Individ.,Deduz. Grupos,% Ocup.,Receita Quartos,Preço Médio,Saídas,Quartos FdS,Adul. / Cri.,novembro,Previsão,19-nov-2026 qui,0,20,0,0,0,0,0,-,-,NaN,1,0,0,12,147,4,0,0,12,0,"0,30","1 248,58","104,05",4,0,21,Total nov,12,147,4,0,0,12,0,"0,30","1 248,58","104,05",4,0,21,Total,8572,4410,2891,0,0,7018,1554,"8,70","928 400,44","108,31",3017,0,16646
Data,Ocup,Opção,Cheg,Oferta/Uso Interno,Deduz. Individ.,Deduz. Grupos,% Ocup.,Receita Quartos,Preço Médio,Saídas,Quartos FdS,Adul. / Cri.,novembro,Previsão,20-nov-2026 sex,0,0,0,0,0,0,0,-,-,NaN,0,0,0,12,147,4,0,0,12,0,"0,30","1 248,58","104,05",4,0,21,Total nov,12,147,4,0,0,12,0,"0,30","1 248,58","104,05",4,0,21,Total,8572,4410,2891,0,0,7018,1554,"8,70","928 400,44","108,31",3017,0,16646
Data,Ocup,Opção,Cheg,Oferta/Uso Interno,Deduz. Individ.,Deduz. Grupos,% Ocup.,Receita Quartos,Preço Médio,Saídas,Quartos FdS,Adul. / Cri.,novembro,Previsão,21-nov-2026 sáb,0,4,0,0,0,0,0,-,-,NaN,0,0,0,12,147,4,0,0,12,0,"0,30","1 248,58","104,05",4,0,21,Total nov,12,147,4,0,0,12,0,"0,30","1 248,58","104,05",4,0,21,Total,8572,4410,2891,0,0,7018,1554,"8,70","928 400,44","108,31",3017,0,16646
Data,Ocup,Opção,Cheg,Oferta/Uso Interno,Deduz. Individ.,Deduz. Grupos,% Ocup.,Receita Quartos,Preço Médio,Saídas,Quartos FdS,Adul. / Cri.,novembro,Previsão,22-nov-2026 dom,0,13,0,0,0,0,0,-,-,NaN,0,0,0,12,147,4,0,0,12,0,"0,30","1 248,58","104,05",4,0,21,Total nov,12,147,4,0,0,12,0,"0,30","1 248,58","104,05",4,0,21,Total,8572,4410,2891,0,0,7018,1554,"8,70","928 400,44","108,31",3017,0,16646
Data,Ocup,Opção,Cheg,Oferta/Uso Interno,Deduz. Individ.,Deduz. Grupos,% Ocup.,Receita Quartos,Preço Médio,Saídas,Quartos FdS,Adul. / Cri.,novembro,Previsão,23-nov-2026 seg,1,13,1,0,0,1,0,"0,74","113,97","113,97",0,0,2,12,147,4,0,0,12,0,"0,30","1 248,58","104,05",4,0,21,Total nov,12,147,4,0,0,12,0,"0,30","1 248,58","104,05",4,0,21,Total,8572,4410,2891,0,0,7018,1554,"8,70","928 400,44","108,31",3017,0,16646
Data,Ocup,Opção,Cheg,Oferta/Uso Interno,Deduz. Individ.,Deduz. Grupos,% Ocup.,Receita Quartos,Preço Médio,Saídas,Quartos FdS,Adul. / Cri.,novembro,Previsão,24-nov-2026 ter,1,0,0,0,0,1,0,"0,74","92,14","92,14",0,0,2,12,147,4,0,0,12,0,"0,30","1 248,58","104,05",4,0,21,Total nov,12,147,4,0,0,12,0,"0,30","1 248,58","104,05",4,0,21,Total,8572,4410,2891,0,0,7018,1554,"8,70","928 400,44","108,31",3017,0,16646
Data,Ocup,Opção,Cheg,Oferta/Uso Interno,Deduz. Individ.,Deduz. Grupos,% Ocup.,Receita Quartos,Preço Médio,Saídas,Quartos FdS,Adul. / Cri.,novembro,Previsão,25-nov-2026 qua,1,0,0,0,0,1,0,"0,74","92,14","92,14",0,0,2,12,147,4,0,0,12,0,"0,30","1 248,58","104,05",4,0,21,Total nov,12,147,4,0,0,12,0,"0,30","1 248,58","104,05",4,0,21,Total,8572,4410,2891,0,0,7018,1554,"8,70","928 400,44","108,31",3017,0,16646
Data,Ocup,Opção,Cheg,Oferta/Uso Interno,Deduz. Individ.,Deduz. Grupos,% Ocup.,Receita Quartos,Preço Médio,Saídas,Quartos FdS,Adul. / Cri.,novembro,Previsão,26-nov-2026 qui,0,0,0,0,0,0,0,-,-,NaN,1,0,0,12,147,4,0,0,12,0,"0,30","1 248,58","104,05",4,0,21,Total nov,12,147,4,0,0,12,0,"0,30","1 248,58","104,05",4,0,21,Total,8572,4410,2891,0,0,7018,1554,"8,70","928 400,44","108,31",3017,0,16646
Data,Ocup,Opção,Cheg,Oferta/Uso Interno,Deduz. Individ.,Deduz. Grupos,% Ocup.,Receita Quartos,Preço Médio,Saídas,Quartos FdS,Adul. / Cri.,novembro,Previsão,27-nov-2026 sex,0,0,0,0,0,0,0,-,-,NaN,0,0,0,12,147,4,0,0,12,0,"0,30","1 248,58","104,05",4,0,21,Total nov,12,147,4,0,0,12,0,"0,30","1 248,58","104,05",4,0,21,Total,8572,4410,2891,0,0,7018,1554,"8,70","928 400,44","108,31",3017,0,16646
Data,Ocup,Opção,Cheg,Oferta/Uso Interno,Deduz. Individ.,Deduz. Grupos,% Ocup.,Receita Quartos,Preço Médio,Saídas,Quartos FdS,Adul. / Cri.,novembro,Previsão,28-nov-2026 sáb,0,0,0,0,0,0,0,-,-,NaN,0,0,0,12,147,4,0,0,12,0,"0,30","1 248,58","104,05",4,0,21,Total nov,12,147,4,0,0,12,0,"0,30","1 248,58","104,05",4,0,21,Total,8572,4410,2891,0,0,7018,1554,"8,70","928 400,44","108,31",3017,0,16646
Data,Ocup,Opção,Cheg,Oferta/Uso Interno,Deduz. Individ.,Deduz. Grupos,% Ocup.,Receita Quartos,Preço Médio,Saídas,Quartos FdS,Adul. / Cri.,novembro,Previsão,29-nov-2026 dom,0,0,0,0,0,0,0,-,-,NaN,0,0,0,12,147,4,0,0,12,0,"0,30","1 248,58","104,05",4,0,21,Total nov,12,147,4,0,0,12,0,"0,30","1 248,58","104,05",4,0,21,Total,8572,4410,2891,0,0,7018,1554,"8,70","928 400,44","108,31",3017,0,16646
Data,Ocup,Opção,Cheg,Oferta/Uso Interno,Deduz. Individ.,Deduz. Grupos,% Ocup.,Receita Quartos,Preço Médio,Saídas,Quartos FdS,Adul. / Cri.,novembro,Previsão,30-nov-2026 seg,0,0,0,0,0,0,0,-,-,NaN,0,0,0,12,147,4,0,0,12,0,"0,30","1 248,58","104,05",4,0,21,Total nov,12,147,4,0,0,12,0,"0,30","1 248,58","104,05",4,0,21,Total,8572,4410,2891,0,0,7018,1554,"8,70","928 400,44","108,31",3017,0,16646
Data,Ocup,Opção,Cheg,Oferta/Uso Interno,Deduz. Individ.,Deduz. Grupos,% Ocup.,Receita Quartos,Preço Médio,Saídas,Quartos FdS,Adul. / Cri.,dezembro,Previsão,01-dez-2026 ter,0,0,0,0,0,0,0,-,-,NaN,0,0,0,14,2,4,0,0,14,0,"0,33","1 751,26","125,09",3,0,24,Total dez,14,2,4,0,0,14,0,"0,33","1 751,26","125,09",3,0,24,Total,8572,4410,2891,0,0,7018,1554,"8,70","928 400,44","108,31",3017,0,16646
Data,Ocup,Opção,Cheg,Oferta/Uso Interno,Deduz. Individ.,Deduz. Grupos,% Ocup.,Receita Quartos,Preço Médio,Saídas,Quartos FdS,Adul. / Cri.,dezembro,Previsão,02-dez-2026 qua,0,0,0,0,0,0,0,-,-,NaN,0,0,0,14,2,4,0,0,14,0,"0,33","1 751,26","125,09",3,0,24,Total dez,14,2,4,0,0,14,0,"0,33","1 751,26","125,09",3,0,24,Total,8572,4410,2891,0,0,7018,1554,"8,70","928 400,44","108,31",3017,0,16646
Data,Ocup,Opção,Cheg,Oferta/Uso Interno,Deduz. Individ.,Deduz. Grupos,% Ocup.,Receita Quartos,Preço Médio,Saídas,Quartos FdS,Adul. / Cri.,dezembro,Previsão,03-dez-2026 qui,0,0,0,0,0,0,0,-,-,NaN,0,0,0,14,2,4,0,0,14,0,"0,33","1 751,26","125,09",3,0,24,Total dez,14,2,4,0,0,14,0,"0,33","1 751,26","125,09",3,0,24,Total,8572,4410,2891,0,0,7018,1554,"8,70","928 400,44","108,31",3017,0,16646
Data,Ocup,Opção,Cheg,Oferta/Uso Interno,Deduz. Individ.,Deduz. Grupos,% Ocup.,Receita Quartos,Preço Médio,Saídas,Quartos FdS,Adul. / Cri.,dezembro,Previsão,04-dez-2026 sex,0,0,0,0,0,0,0,-,-,NaN,0,0,0,14,2,4,0,0,14,0,"0,33","1 751,26","125,09",3,0,24,Total dez,14,2,4,0,0,14,0,"0,33","1 751,26","125,09",3,0,24,Total,8572,4410,2891,0,0,7018,1554,"8,70","928 400,44","108,31",3017,0,16646
Data,Ocup,Opção,Cheg,Oferta/Uso Interno,Deduz. Individ.,Deduz. Grupos,% Ocup.,Receita Quartos,Preço Médio,Saídas,Quartos FdS,Adul. / Cri.,dezembro,Previsão,05-dez-2026 sáb,0,0,0,0,0,0,0,-,-,NaN,0,0,0,14,2,4,0,0,14,0,"0,33","1 751,26","125,09",3,0,24,Total dez,14,2,4,0,0,14,0,"0,33","1 751,26","125,09",3,0,24,Total,8572,4410,2891,0,0,7018,1554,"8,70","928 400,44","108,31",3017,0,16646
Data,Ocup,Opção,Cheg,Oferta/Uso Interno,Deduz. Individ.,Deduz. Grupos,% Ocup.,Receita Quartos,Preço Médio,Saídas,Quartos FdS,Adul. / Cri.,dezembro,Previsão,06-dez-2026 dom,0,0,0,0,0,0,0,-,-,NaN,0,0,0,14,2,4,0,0,14,0,"0,33","1 751,26","125,09",3,0,24,Total dez,14,2,4,0,0,14,0,"0,33","1 751,26","125,09",3,0,24,Total,8572,4410,2891,0,0,7018,1554,"8,70","928 400,44","108,31",3017,0,16646
Data,Ocup,Opção,Cheg,Oferta/Uso Interno,Deduz. Individ.,Deduz. Grupos,% Ocup.,Receita Quartos,Preço Médio,Saídas,Quartos FdS,Adul. / Cri.,dezembro,Previsão,07-dez-2026 seg,0,0,0,0,0,0,0,-,-,NaN,0,0,0,14,2,4,0,0,14,0,"0,33","1 751,26","125,09",3,0,24,Total dez,14,2,4,0,0,14,0,"0,33","1 751,26","125,09",3,0,24,Total,8572,4410,2891,0,0,7018,1554,"8,70","928 400,44","108,31",3017,0,16646
Data,Ocup,Opção,Cheg,Oferta/Uso Interno,Deduz. Individ.,Deduz. Grupos,% Ocup.,Receita Quartos,Preço Médio,Saídas,Quartos FdS,Adul. / Cri.,dezembro,Previsão,08-dez-2026 ter,0,0,0,0,0,0,0,-,-,NaN,0,0,0,14,2,4,0,0,14,0,"0,33","1 751,26","125,09",3,0,24,Total dez,14,2,4,0,0,14,0,"0,33","1 751,26","125,09",3,0,24,Total,8572,4410,2891,0,0,7018,1554,"8,70","928 400,44","108,31",3017,0,16646
Data,Ocup,Opção,Cheg,Oferta/Uso Interno,Deduz. Individ.,Deduz. Grupos,% Ocup.,Receita Quartos,Preço Médio,Saídas,Quartos FdS,Adul. / Cri.,dezembro,Previsão,09-dez-2026 qua,0,0,0,0,0,0,0,-,-,NaN,0,0,0,14,2,4,0,0,14,0,"0,33","1 751,26","125,09",3,0,24,Total dez,14,2,4,0,0,14,0,"0,33","1 751,26","125,09",3,0,24,Total,8572,4410,2891,0,0,7018,1554,"8,70","928 400,44","108,31",3017,0,16646
Data,Ocup,Opção,Cheg,Oferta/Uso Interno,Deduz. Individ.,Deduz. Grupos,% Ocup.,Receita Quartos,Preço Médio,Saídas,Quartos FdS,Adul. / Cri.,dezembro,Previsão,10-dez-2026 qui,0,0,0,0,0,0,0,-,-,NaN,0,0,0,14,2,4,0,0,14,0,"0,33","1 751,26","125,09",3,0,24,Total dez,14,2,4,0,0,14,0,"0,33","1 751,26","125,09",3,0,24,Total,8572,4410,2891,0,0,7018,1554,"8,70","928 400,44","108,31",3017,0,16646
Data,Ocup,Opção,Cheg,Oferta/Uso Interno,Deduz. Individ.,Deduz. Grupos,% Ocup.,Receita Quartos,Preço Médio,Saídas,Quartos FdS,Adul. / Cri.,dezembro,Previsão,11-dez-2026 sex,1,0,1,0,0,1,0,"0,74","156,96","156,96",0,0,2,14,2,4,0,0,14,0,"0,33","1 751,26","125,09",3,0,24,Total dez,14,2,4,0,0,14,0,"0,33","1 751,26","125,09",3,0,24,Total,8572,4410,2891,0,0,7018,1554,"8,70","928 400,44","108,31",3017,0,16646
Data,Ocup,Opção,Cheg,Oferta/Uso Interno,Deduz. Individ.,Deduz. Grupos,% Ocup.,Receita Quartos,Preço Médio,Saídas,Quartos FdS,Adul. / Cri.,dezembro,Previsão,12-dez-2026 sáb,1,0,0,0,0,1,0,"0,74","156,96","156,96",0,0,2,14,2,4,0,0,14,0,"0,33","1 751,26","125,09",3,0,24,Total dez,14,2,4,0,0,14,0,"0,33","1 751,26","125,09",3,0,24,Total,8572,4410,2891,0,0,7018,1554,"8,70","928 400,44","108,31",3017,0,16646
Data,Ocup,Opção,Cheg,Oferta/Uso Interno,Deduz. Individ.,Deduz. Grupos,% Ocup.,Receita Quartos,Preço Médio,Saídas,Quartos FdS,Adul. / Cri.,dezembro,Previsão,13-dez-2026 dom,0,0,0,0,0,0,0,-,-,NaN,1,0,0,14,2,4,0,0,14,0,"0,33","1 751,26","125,09",3,0,24,Total dez,14,2,4,0,0,14,0,"0,33","1 751,26","125,09",3,0,24,Total,8572,4410,2891,0,0,7018,1554,"8,70","928 400,44","108,31",3017,0,16646
Data,Ocup,Opção,Cheg,Oferta/Uso Interno,Deduz. Individ.,Deduz. Grupos,% Ocup.,Receita Quartos,Preço Médio,Saídas,Quartos FdS,Adul. / Cri.,dezembro,Previsão,14-dez-2026 seg,0,0,0,0,0,0,0,-,-,NaN,0,0,0,14,2,4,0,0,14,0,"0,33","1 751,26","125,09",3,0,24,Total dez,14,2,4,0,0,14,0,"0,33","1 751,26","125,09",3,0,24,Total,8572,4410,2891,0,0,7018,1554,"8,70","928 400,44","108,31",3017,0,16646
Data,Ocup,Opção,Cheg,Oferta/Uso Interno,Deduz. Individ.,Deduz. Grupos,% Ocup.,Receita Quartos,Preço Médio,Saídas,Quartos FdS,Adul. / Cri.,dezembro,Previsão,15-dez-2026 ter,0,0,0,0,0,0,0,-,-,NaN,0,0,0,14,2,4,0,0,14,0,"0,33","1 751,26","125,09",3,0,24,Total dez,14,2,4,0,0,14,0,"0,33","1 751,26","125,09",3,0,24,Total,8572,4410,2891,0,0,7018,1554,"8,70","928 400,44","108,31",3017,0,16646
Data,Ocup,Opção,Cheg,Oferta/Uso Interno,Deduz. Individ.,Deduz. Grupos,% Ocup.,Receita Quartos,Preço Médio,Saídas,Quartos FdS,Adul. / Cri.,dezembro,Previsão,16-dez-2026 qua,0,0,0,0,0,0,0,-,-,NaN,0,0,0,14,2,4,0,0,14,0,"0,33","1 751,26","125,09",3,0,24,Total dez,14,2,4,0,0,14,0,"0,33","1 751,26","125,09",3,0,24,Total,8572,4410,2891,0,0,7018,1554,"8,70","928 400,44","108,31",3017,0,16646
Data,Ocup,Opção,Cheg,Oferta/Uso Interno,Deduz. Individ.,Deduz. Grupos,% Ocup.,Receita Quartos,Preço Médio,Saídas,Quartos FdS,Adul. / Cri.,dezembro,Previsão,17-dez-2026 qui,0,0,0,0,0,0,0,-,-,NaN,0,0,0,14,2,4,0,0,14,0,"0,33","1 751,26","125,09",3,0,24,Total dez,14,2,4,0,0,14,0,"0,33","1 751,26","125,09",3,0,24,Total,8572,4410,2891,0,0,7018,1554,"8,70","928 400,44","108,31",3017,0,16646
Data,Ocup,Opção,Cheg,Oferta/Uso Interno,Deduz. Individ.,Deduz. Grupos,% Ocup.,Receita Quartos,Preço Médio,Saídas,Quartos FdS,Adul. / Cri.,dezembro,Previsão,18-dez-2026 sex,0,0,0,0,0,0,0,-,-,NaN,0,0,0,14,2,4,0,0,14,0,"0,33","1 751,26","125,09",3,0,24,Total dez,14,2,4,0,0,14,0,"0,33","1 751,26","125,09",3,0,24,Total,8572,4410,2891,0,0,7018,1554,"8,70","928 400,44","108,31",3017,0,16646
Data,Ocup,Opção,Cheg,Oferta/Uso Interno,Deduz. Individ.,Deduz. Grupos,% Ocup.,Receita Quartos,Preço Médio,Saídas,Quartos FdS,Adul. / Cri.,dezembro,Previsão,19-dez-2026 sáb,2,1,2,0,0,2,0,"1,48","252,81","126,41",0,0,3,14,2,4,0,0,14,0,"0,33","1 751,26","125,09",3,0,24,Total dez,14,2,4,0,0,14,0,"0,33","1 751,26","125,09",3,0,24,Total,8572,4410,2891,0,0,7018,1554,"8,70","928 400,44","108,31",3017,0,16646
Data,Ocup,Opção,Cheg,Oferta/Uso Interno,Deduz. Individ.,Deduz. Grupos,% Ocup.,Receita Quartos,Preço Médio,Saídas,Quartos FdS,Adul. / Cri.,dezembro,Previsão,20-dez-2026 dom,2,1,0,0,0,2,0,"1,48","252,81","126,41",0,0,3,14,2,4,0,0,14,0,"0,33","1 751,26","125,09",3,0,24,Total dez,14,2,4,0,0,14,0,"0,33","1 751,26","125,09",3,0,24,Total,8572,4410,2891,0,0,7018,1554,"8,70","928 400,44","108,31",3017,0,16646
Data,Ocup,Opção,Cheg,Oferta/Uso Interno,Deduz. Individ.,Deduz. Grupos,% Ocup.,Receita Quartos,Preço Médio,Saídas,Quartos FdS,Adul. / Cri.,dezembro,Previsão,21-dez-2026 seg,2,0,0,0,0,2,0,"1,48","252,81","126,41",0,0,3,14,2,4,0,0,14,0,"0,33","1 751,26","125,09",3,0,24,Total dez,14,2,4,0,0,14,0,"0,33","1 751,26","125,09",3,0,24,Total,8572,4410,2891,0,0,7018,1554,"8,70","928 400,44","108,31",3017,0,16646
Data,Ocup,Opção,Cheg,Oferta/Uso Interno,Deduz. Individ.,Deduz. Grupos,% Ocup.,Receita Quartos,Preço Médio,Saídas,Quartos FdS,Adul. / Cri.,dezembro,Previsão,22-dez-2026 ter,2,0,0,0,0,2,0,"1,48","252,81","126,41",0,0,3,14,2,4,0,0,14,0,"0,33","1 751,26","125,09",3,0,24,Total dez,14,2,4,0,0,14,0,"0,33","1 751,26","125,09",3,0,24,Total,8572,4410,2891,0,0,7018,1554,"8,70","928 400,44","108,31",3017,0,16646
Data,Ocup,Opção,Cheg,Oferta/Uso Interno,Deduz. Individ.,Deduz. Grupos,% Ocup.,Receita Quartos,Preço Médio,Saídas,Quartos FdS,Adul. / Cri.,dezembro,Previsão,23-dez-2026 qua,0,0,0,0,0,0,0,-,-,NaN,2,0,0,14,2,4,0,0,14,0,"0,33","1 751,26","125,09",3,0,24,Total dez,14,2,4,0,0,14,0,"0,33","1 751,26","125,09",3,0,24,Total,8572,4410,2891,0,0,7018,1554,"8,70","928 400,44","108,31",3017,0,16646
Data,Ocup,Opção,Cheg,Oferta/Uso Interno,Deduz. Individ.,Deduz. Grupos,% Ocup.,Receita Quartos,Preço Médio,Saídas,Quartos FdS,Adul. / Cri.,dezembro,Previsão,24-dez-2026 qui,0,0,0,0,0,0,0,-,-,NaN,0,0,0,14,2,4,0,0,14,0,"0,33","1 751,26","125,09",3,0,24,Total dez,14,2,4,0,0,14,0,"0,33","1 751,26","125,09",3,0,24,Total,8572,4410,2891,0,0,7018,1554,"8,70","928 400,44","108,31",3017,0,16646
Data,Ocup,Opção,Cheg,Oferta/Uso Interno,Deduz. Individ.,Deduz. Grupos,% Ocup.,Receita Quartos,Preço Médio,Saídas,Quartos FdS,Adul. / Cri.,dezembro,Previsão,25-dez-2026 sex,0,0,0,0,0,0,0,-,-,NaN,0,0,0,14,2,4,0,0,14,0,"0,33","1 751,26","125,09",3,0,24,Total dez,14,2,4,0,0,14,0,"0,33","1 751,26","125,09",3,0,24,Total,8572,4410,2891,0,0,7018,1554,"8,70","928 400,44","108,31",3017,0,16646
Data,Ocup,Opção,Cheg,Oferta/Uso Interno,Deduz. Individ.,Deduz. Grupos,% Ocup.,Receita Quartos,Preço Médio,Saídas,Quartos FdS,Adul. / Cri.,dezembro,Previsão,26-dez-2026 sáb,0,0,0,0,0,0,0,-,-,NaN,0,0,0,14,2,4,0,0,14,0,"0,33","1 751,26","125,09",3,0,24,Total dez,14,2,4,0,0,14,0,"0,33","1 751,26","125,09",3,0,24,Total,8572,4410,2891,0,0,7018,1554,"8,70","928 400,44","108,31",3017,0,16646
Data,Ocup,Opção,Cheg,Oferta/Uso Interno,Deduz. Individ.,Deduz. Grupos,% Ocup.,Receita Quartos,Preço Médio,Saídas,Quartos FdS,Adul. / Cri.,dezembro,Previsão,27-dez-2026 dom,0,0,0,0,0,0,0,-,-,NaN,0,0,0,14,2,4,0,0,14,0,"0,33","1 751,26","125,09",3,0,24,Total dez,14,2,4,0,0,14,0,"0,33","1 751,26","125,09",3,0,24,Total,8572,4410,2891,0,0,7018,1554,"8,70","928 400,44","108,31",3017,0,16646
Data,Ocup,Opção,Cheg,Oferta/Uso Interno,Deduz. Individ.,Deduz. Grupos,% Ocup.,Receita Quartos,Preço Médio,Saídas,Quartos FdS,Adul. / Cri.,dezembro,Previsão,28-dez-2026 seg,1,0,1,0,0,1,0,"0,74","92,38","92,38",0,0,2,14,2,4,0,0,14,0,"0,33","1 751,26","125,09",3,0,24,Total dez,14,2,4,0,0,14,0,"0,33","1 751,26","125,09",3,0,24,Total,8572,4410,2891,0,0,7018,1554,"8,70","928 400,44","108,31",3017,0,16646
Data,Ocup,Opção,Cheg,Oferta/Uso Interno,Deduz. Individ.,Deduz. Grupos,% Ocup.,Receita Quartos,Preço Médio,Saídas,Quartos FdS,Adul. / Cri.,dezembro,Previsão,29-dez-2026 ter,1,0,0,0,0,1,0,"0,74","92,38","92,38",0,0,2,14,2,4,0,0,14,0,"0,33","1 751,26","125,09",3,0,24,Total dez,14,2,4,0,0,14,0,"0,33","1 751,26","125,09",3,0,24,Total,8572,4410,2891,0,0,7018,1554,"8,70","928 400,44","108,31",3017,0,16646
Data,Ocup,Opção,Cheg,Oferta/Uso Interno,Deduz. Individ.,Deduz. Grupos,% Ocup.,Receita Quartos,Preço Médio,Saídas,Quartos FdS,Adul. / Cri.,dezembro,Previsão,30-dez-2026 qua,1,0,0,0,0,1,0,"0,74","92,38","92,38",0,0,2,14,2,4,0,0,14,0,"0,33","1 751,26","125,09",3,0,24,Total dez,14,2,4,0,0,14,0,"0,33","1 751,26","125,09",3,0,24,Total,8572,4410,2891,0,0,7018,1554,"8,70","928 400,44","108,31",3017,0,16646
Data,Ocup,Opção,Cheg,Oferta/Uso Interno,Deduz. Individ.,Deduz. Grupos,% Ocup.,Receita Quartos,Preço Médio,Saídas,Quartos FdS,Adul. / Cri.,dezembro,Previsão,31-dez-2026 qui,1,0,0,0,0,1,0,"0,74","148,96","148,96",0,0,2,14,2,4,0,0,14,0,"0,33","1 751,26","125,09",3,0,24,Total dez,14,2,4,0,0,14,0,"0,33","1 751,26","125,09",3,0,24,Total,8572,4410,2891,0,0,7018,1554,"8,70","928 400,44","108,31",3017,0,16646
Data,Ocup,Opção,Cheg,Oferta/Uso Interno,Deduz. Individ.,Deduz. Grupos,% Ocup.,Receita Quartos,Preço Médio,Saídas,Quartos FdS,Adul. / Cri.,janeiro,Previsão,01-jan-2027 sex,0,0,0,0,0,0,0,-,-,NaN,1,0,0,0,560,0,0,0,0,0,-,-,NaN,1,0,0,Total jan,0,560,0,0,0,0,0,-,-,NaN,1,0,0,Total,8572,4410,2891,0,0,7018,1554,"8,70","928 400,44","108,31",3017,0,16646
Data,Ocup,Opção,Cheg,Oferta/Uso Interno,Deduz. Individ.,Deduz. Grupos,% Ocup.,Receita Quartos,Preço Médio,Saídas,Quartos FdS,Adul. / Cri.,janeiro,Previsão,02-jan-2027 sáb,0,0,0,0,0,0,0,-,-,NaN,0,0,0,0,560,0,0,0,0,0,-,-,NaN,1,0,0,Total jan,0,560,0,0,0,0,0,-,-,NaN,1,0,0,Total,8572,4410,2891,0,0,7018,1554,"8,70","928 400,44","108,31",3017,0,16646
Data,Ocup,Opção,Cheg,Oferta/Uso Interno,Deduz. Individ.,Deduz. Grupos,% Ocup.,Receita Quartos,Preço Médio,Saídas,Quartos FdS,Adul. / Cri.,janeiro,Previsão,03-jan-2027 dom,0,0,0,0,0,0,0,-,-,NaN,0,0,0,0,560,0,0,0,0,0,-,-,NaN,1,0,0,Total jan,0,560,0,0,0,0,0,-,-,NaN,1,0,0,Total,8572,4410,2891,0,0,7018,1554,"8,70","928 400,44","108,31",3017,0,16646
Data,Ocup,Opção,Cheg,Oferta/Uso Interno,Deduz. Individ.,Deduz. Grupos,% Ocup.,Receita Quartos,Preço Médio,Saídas,Quartos FdS,Adul. / Cri.,janeiro,Previsão,04-jan-2027 seg,0,0,0,0,0,0,0,-,-,NaN,0,0,0,0,560,0,0,0,0,0,-,-,NaN,1,0,0,Total jan,0,560,0,0,0,0,0,-,-,NaN,1,0,0,Total,8572,4410,2891,0,0,7018,1554,"8,70","928 400,44","108,31",3017,0,16646
Data,Ocup,Opção,Cheg,Oferta/Uso Interno,Deduz. Individ.,Deduz. Grupos,% Ocup.,Receita Quartos,Preço Médio,Saídas,Quartos FdS,Adul. / Cri.,janeiro,Previsão,05-jan-2027 ter,0,0,0,0,0,0,0,-,-,NaN,0,0,0,0,560,0,0,0,0,0,-,-,NaN,1,0,0,Total jan,0,560,0,0,0,0,0,-,-,NaN,1,0,0,Total,8572,4410,2891,0,0,7018,1554,"8,70","928 400,44","108,31",3017,0,16646
Data,Ocup,Opção,Cheg,Oferta/Uso Interno,Deduz. Individ.,Deduz. Grupos,% Ocup.,Receita Quartos,Preço Médio,Saídas,Quartos FdS,Adul. / Cri.,janeiro,Previsão,06-jan-2027 qua,0,0,0,0,0,0,0,-,-,NaN,0,0,0,0,560,0,0,0,0,0,-,-,NaN,1,0,0,Total jan,0,560,0,0,0,0,0,-,-,NaN,1,0,0,Total,8572,4410,2891,0,0,7018,1554,"8,70","928 400,44","108,31",3017,0,16646
Data,Ocup,Opção,Cheg,Oferta/Uso Interno,Deduz. Individ.,Deduz. Grupos,% Ocup.,Receita Quartos,Preço Médio,Saídas,Quartos FdS,Adul. / Cri.,janeiro,Previsão,07-jan-2027 qui,0,0,0,0,0,0,0,-,-,NaN,0,0,0,0,560,0,0,0,0,0,-,-,NaN,1,0,0,Total jan,0,560,0,0,0,0,0,-,-,NaN,1,0,0,Total,8572,4410,2891,0,0,7018,1554,"8,70","928 400,44","108,31",3017,0,16646
Data,Ocup,Opção,Cheg,Oferta/Uso Interno,Deduz. Individ.,Deduz. Grupos,% Ocup.,Receita Quartos,Preço Médio,Saídas,Quartos FdS,Adul. / Cri.,janeiro,Previsão,08-jan-2027 sex,0,0,0,0,0,0,0,-,-,NaN,0,0,0,0,560,0,0,0,0,0,-,-,NaN,1,0,0,Total jan,0,560,0,0,0,0,0,-,-,NaN,1,0,0,Total,8572,4410,2891,0,0,7018,1554,"8,70","928 400,44","108,31",3017,0,16646
Data,Ocup,Opção,Cheg,Oferta/Uso Interno,Deduz. Individ.,Deduz. Grupos,% Ocup.,Receita Quartos,Preço Médio,Saídas,Quartos FdS,Adul. / Cri.,janeiro,Previsão,09-jan-2027 sáb,0,0,0,0,0,0,0,-,-,NaN,0,0,0,0,560,0,0,0,0,0,-,-,NaN,1,0,0,Total jan,0,560,0,0,0,0,0,-,-,NaN,1,0,0,Total,8572,4410,2891,0,0,7018,1554,"8,70","928 400,44","108,31",3017,0,16646
Data,Ocup,Opção,Cheg,Oferta/Uso Interno,Deduz. Individ.,Deduz. Grupos,% Ocup.,Receita Quartos,Preço Médio,Saídas,Quartos FdS,Adul. / Cri.,janeiro,Previsão,10-jan-2027 dom,0,0,0,0,0,0,0,-,-,NaN,0,0,0,0,560,0,0,0,0,0,-,-,NaN,1,0,0,Total jan,0,560,0,0,0,0,0,-,-,NaN,1,0,0,Total,8572,4410,2891,0,0,7018,1554,"8,70","928 400,44","108,31",3017,0,16646
Data,Ocup,Opção,Cheg,Oferta/Uso Interno,Deduz. Individ.,Deduz. Grupos,% Ocup.,Receita Quartos,Preço Médio,Saídas,Quartos FdS,Adul. / Cri.,janeiro,Previsão,11-jan-2027 seg,0,0,0,0,0,0,0,-,-,NaN,0,0,0,0,560,0,0,0,0,0,-,-,NaN,1,0,0,Total jan,0,560,0,0,0,0,0,-,-,NaN,1,0,0,Total,8572,4410,2891,0,0,7018,1554,"8,70","928 400,44","108,31",3017,0,16646
Data,Ocup,Opção,Cheg,Oferta/Uso Interno,Deduz. Individ.,Deduz. Grupos,% Ocup.,Receita Quartos,Preço Médio,Saídas,Quartos FdS,Adul. / Cri.,janeiro,Previsão,12-jan-2027 ter,0,0,0,0,0,0,0,-,-,NaN,0,0,0,0,560,0,0,0,0,0,-,-,NaN,1,0,0,Total jan,0,560,0,0,0,0,0,-,-,NaN,1,0,0,Total,8572,4410,2891,0,0,7018,1554,"8,70","928 400,44","108,31",3017,0,16646
Data,Ocup,Opção,Cheg,Oferta/Uso Interno,Deduz. Individ.,Deduz. Grupos,% Ocup.,Receita Quartos,Preço Médio,Saídas,Quartos FdS,Adul. / Cri.,janeiro,Previsão,13-jan-2027 qua,0,0,0,0,0,0,0,-,-,NaN,0,0,0,0,560,0,0,0,0,0,-,-,NaN,1,0,0,Total jan,0,560,0,0,0,0,0,-,-,NaN,1,0,0,Total,8572,4410,2891,0,0,7018,1554,"8,70","928 400,44","108,31",3017,0,16646
Data,Ocup,Opção,Cheg,Oferta/Uso Interno,Deduz. Individ.,Deduz. Grupos,% Ocup.,Receita Quartos,Preço Médio,Saídas,Quartos FdS,Adul. / Cri.,janeiro,Previsão,14-jan-2027 qui,0,0,0,0,0,0,0,-,-,NaN,0,0,0,0,560,0,0,0,0,0,-,-,NaN,1,0,0,Total jan,0,560,0,0,0,0,0,-,-,NaN,1,0,0,Total,8572,4410,2891,0,0,7018,1554,"8,70","928 400,44","108,31",3017,0,16646
Data,Ocup,Opção,Cheg,Oferta/Uso Interno,Deduz. Individ.,Deduz. Grupos,% Ocup.,Receita Quartos,Preço Médio,Saídas,Quartos FdS,Adul. / Cri.,janeiro,Previsão,15-jan-2027 sex,0,0,0,0,0,0,0,-,-,NaN,0,0,0,0,560,0,0,0,0,0,-,-,NaN,1,0,0,Total jan,0,560,0,0,0,0,0,-,-,NaN,1,0,0,Total,8572,4410,2891,0,0,7018,1554,"8,70","928 400,44","108,31",3017,0,16646
Data,Ocup,Opção,Cheg,Oferta/Uso Interno,Deduz. Individ.,Deduz. Grupos,% Ocup.,Receita Quartos,Preço Médio,Saídas,Quartos FdS,Adul. / Cri.,janeiro,Previsão,16-jan-2027 sáb,0,0,0,0,0,0,0,-,-,NaN,0,0,0,0,560,0,0,0,0,0,-,-,NaN,1,0,0,Total jan,0,560,0,0,0,0,0,-,-,NaN,1,0,0,Total,8572,4410,2891,0,0,7018,1554,"8,70","928 400,44","108,31",3017,0,16646
Data,Ocup,Opção,Cheg,Oferta/Uso Interno,Deduz. Individ.,Deduz. Grupos,% Ocup.,Receita Quartos,Preço Médio,Saídas,Quartos FdS,Adul. / Cri.,janeiro,Previsão,17-jan-2027 dom,0,0,0,0,0,0,0,-,-,NaN,0,0,0,0,560,0,0,0,0,0,-,-,NaN,1,0,0,Total jan,0,560,0,0,0,0,0,-,-,NaN,1,0,0,Total,8572,4410,2891,0,0,7018,1554,"8,70","928 400,44","108,31",3017,0,16646
Data,Ocup,Opção,Cheg,Oferta/Uso Interno,Deduz. Individ.,Deduz. Grupos,% Ocup.,Receita Quartos,Preço Médio,Saídas,Quartos FdS,Adul. / Cri.,janeiro,Previsão,18-jan-2027 seg,0,0,0,0,0,0,0,-,-,NaN,0,0,0,0,560,0,0,0,0,0,-,-,NaN,1,0,0,Total jan,0,560,0,0,0,0,0,-,-,NaN,1,0,0,Total,8572,4410,2891,0,0,7018,1554,"8,70","928 400,44","108,31",3017,0,16646
Data,Ocup,Opção,Cheg,Oferta/Uso Interno,Deduz. Individ.,Deduz. Grupos,% Ocup.,Receita Quartos,Preço Médio,Saídas,Quartos FdS,Adul. / Cri.,janeiro,Previsão,19-jan-2027 ter,0,0,0,0,0,0,0,-,-,NaN,0,0,0,0,560,0,0,0,0,0,-,-,NaN,1,0,0,Total jan,0,560,0,0,0,0,0,-,-,NaN,1,0,0,Total,8572,4410,2891,0,0,7018,1554,"8,70","928 400,44","108,31",3017,0,16646
Data,Ocup,Opção,Cheg,Oferta/Uso Interno,Deduz. Individ.,Deduz. Grupos,% Ocup.,Receita Quartos,Preço Médio,Saídas,Quartos FdS,Adul. / Cri.,janeiro,Previsão,20-jan-2027 qua,0,0,0,0,0,0,0,-,-,NaN,0,0,0,0,560,0,0,0,0,0,-,-,NaN,1,0,0,Total jan,0,560,0,0,0,0,0,-,-,NaN,1,0,0,Total,8572,4410,2891,0,0,7018,1554,"8,70","928 400,44","108,31",3017,0,16646
Data,Ocup,Opção,Cheg,Oferta/Uso Interno,Deduz. Individ.,Deduz. Grupos,% Ocup.,Receita Quartos,Preço Médio,Saídas,Quartos FdS,Adul. / Cri.,janeiro,Previsão,21-jan-2027 qui,0,0,0,0,0,0,0,-,-,NaN,0,0,0,0,560,0,0,0,0,0,-,-,NaN,1,0,0,Total jan,0,560,0,0,0,0,0,-,-,NaN,1,0,0,Total,8572,4410,2891,0,0,7018,1554,"8,70","928 400,44","108,31",3017,0,16646
Data,Ocup,Opção,Cheg,Oferta/Uso Interno,Deduz. Individ.,Deduz. Grupos,% Ocup.,Receita Quartos,Preço Médio,Saídas,Quartos FdS,Adul. / Cri.,janeiro,Previsão,22-jan-2027 sex,0,0,0,0,0,0,0,-,-,NaN,0,0,0,0,560,0,0,0,0,0,-,-,NaN,1,0,0,Total jan,0,560,0,0,0,0,0,-,-,NaN,1,0,0,Total,8572,4410,2891,0,0,7018,1554,"8,70","928 400,44","108,31",3017,0,16646
Data,Ocup,Opção,Cheg,Oferta/Uso Interno,Deduz. Individ.,Deduz. Grupos,% Ocup.,Receita Quartos,Preço Médio,Saídas,Quartos FdS,Adul. / Cri.,janeiro,Previsão,23-jan-2027 sáb,0,80,0,0,0,0,0,-,-,NaN,0,0,0,0,560,0,0,0,0,0,-,-,NaN,1,0,0,Total jan,0,560,0,0,0,0,0,-,-,NaN,1,0,0,Total,8572,4410,2891,0,0,7018,1554,"8,70","928 400,44","108,31",3017,0,16646
Data,Ocup,Opção,Cheg,Oferta/Uso Interno,Deduz. Individ.,Deduz. Grupos,% Ocup.,Receita Quartos,Preço Médio,Saídas,Quartos FdS,Adul. / Cri.,janeiro,Previsão,24-jan-2027 dom,0,80,0,0,0,0,0,-,-,NaN,0,0,0,0,560,0,0,0,0,0,-,-,NaN,1,0,0,Total jan,0,560,0,0,0,0,0,-,-,NaN,1,0,0,Total,8572,4410,2891,0,0,7018,1554,"8,70","928 400,44","108,31",3017,0,16646
Data,Ocup,Opção,Cheg,Oferta/Uso Interno,Deduz. Individ.,Deduz. Grupos,% Ocup.,Receita Quartos,Preço Médio,Saídas,Quartos FdS,Adul. / Cri.,janeiro,Previsão,25-jan-2027 seg,0,80,0,0,0,0,0,-,-,NaN,0,0,0,0,560,0,0,0,0,0,-,-,NaN,1,0,0,Total jan,0,560,0,0,0,0,0,-,-,NaN,1,0,0,Total,8572,4410,2891,0,0,7018,1554,"8,70","928 400,44","108,31",3017,0,16646
Data,Ocup,Opção,Cheg,Oferta/Uso Interno,Deduz. Individ.,Deduz. Grupos,% Ocup.,Receita Quartos,Preço Médio,Saídas,Quartos FdS,Adul. / Cri.,janeiro,Previsão,26-jan-2027 ter,0,80,0,0,0,0,0,-,-,NaN,0,0,0,0,560,0,0,0,0,0,-,-,NaN,1,0,0,Total jan,0,560,0,0,0,0,0,-,-,NaN,1,0,0,Total,8572,4410,2891,0,0,7018,1554,"8,70","928 400,44","108,31",3017,0,16646
Data,Ocup,Opção,Cheg,Oferta/Uso Interno,Deduz. Individ.,Deduz. Grupos,% Ocup.,Receita Quartos,Preço Médio,Saídas,Quartos FdS,Adul. / Cri.,janeiro,Previsão,27-jan-2027 qua,0,80,0,0,0,0,0,-,-,NaN,0,0,0,0,560,0,0,0,0,0,-,-,NaN,1,0,0,Total jan,0,560,0,0,0,0,0,-,-,NaN,1,0,0,Total,8572,4410,2891,0,0,7018,1554,"8,70","928 400,44","108,31",3017,0,16646
Data,Ocup,Opção,Cheg,Oferta/Uso Interno,Deduz. Individ.,Deduz. Grupos,% Ocup.,Receita Quartos,Preço Médio,Saídas,Quartos FdS,Adul. / Cri.,janeiro,Previsão,28-jan-2027 qui,0,80,0,0,0,0,0,-,-,NaN,0,0,0,0,560,0,0,0,0,0,-,-,NaN,1,0,0,Total jan,0,560,0,0,0,0,0,-,-,NaN,1,0,0,Total,8572,4410,2891,0,0,7018,1554,"8,70","928 400,44","108,31",3017,0,16646
Data,Ocup,Opção,Cheg,Oferta/Uso Interno,Deduz. Individ.,Deduz. Grupos,% Ocup.,Receita Quartos,Preço Médio,Saídas,Quartos FdS,Adul. / Cri.,janeiro,Previsão,29-jan-2027 sex,0,80,0,0,0,0,0,-,-,NaN,0,0,0,0,560,0,0,0,0,0,-,-,NaN,1,0,0,Total jan,0,560,0,0,0,0,0,-,-,NaN,1,0,0,Total,8572,4410,2891,0,0,7018,1554,"8,70","928 400,44","108,31",3017,0,16646
Data,Ocup,Opção,Cheg,Oferta/Uso Interno,Deduz. Individ.,Deduz. Grupos,% Ocup.,Receita Quartos,Preço Médio,Saídas,Quartos FdS,Adul. / Cri.,janeiro,Previsão,30-jan-2027 sáb,0,0,0,0,0,0,0,-,-,NaN,0,0,0,0,560,0,0,0,0,0,-,-,NaN,1,0,0,Total jan,0,560,0,0,0,0,0,-,-,NaN,1,0,0,Total,8572,4410,2891,0,0,7018,1554,"8,70","928 400,44","108,31",3017,0,16646
Data,Ocup,Opção,Cheg,Oferta/Uso Interno,Deduz. Individ.,Deduz. Grupos,% Ocup.,Receita Quartos,Preço Médio,Saídas,Quartos FdS,Adul. / Cri.,janeiro,Previsão,31-jan-2027 dom,0,0,0,0,0,0,0,-,-,NaN,0,0,0,0,560,0,0,0,0,0,-,-,NaN,1,0,0,Total jan,0,560,0,0,0,0,0,-,-,NaN,1,0,0,Total,8572,4410,2891,0,0,7018,1554,"8,70","928 400,44","108,31",3017,0,16646
Data,Ocup,Opção,Cheg,Oferta/Uso Interno,Deduz. Individ.,Deduz. Grupos,% Ocup.,Receita Quartos,Preço Médio,Saídas,Quartos FdS,Adul. / Cri.,fevereiro,Previsão,01-fev-2027 seg,0,0,0,0,0,0,0,-,-,NaN,0,0,0,0,0,0,0,0,0,0,-,-,NaN,0,0,0,Total fev,0,0,0,0,0,0,0,-,-,NaN,0,0,0,Total,8572,4410,2891,0,0,7018,1554,"8,70","928 400,44","108,31",3017,0,16646
Data,Ocup,Opção,Cheg,Oferta/Uso Interno,Deduz. Individ.,Deduz. Grupos,% Ocup.,Receita Quartos,Preço Médio,Saídas,Quartos FdS,Adul. / Cri.,fevereiro,Previsão,02-fev-2027 ter,0,0,0,0,0,0,0,-,-,NaN,0,0,0,0,0,0,0,0,0,0,-,-,NaN,0,0,0,Total fev,0,0,0,0,0,0,0,-,-,NaN,0,0,0,Total,8572,4410,2891,0,0,7018,1554,"8,70","928 400,44","108,31",3017,0,16646
Data,Ocup,Opção,Cheg,Oferta/Uso Interno,Deduz. Individ.,Deduz. Grupos,% Ocup.,Receita Quartos,Preço Médio,Saídas,Quartos FdS,Adul. / Cri.,fevereiro,Previsão,03-fev-2027 qua,0,0,0,0,0,0,0,-,-,NaN,0,0,0,0,0,0,0,0,0,0,-,-,NaN,0,0,0,Total fev,0,0,0,0,0,0,0,-,-,NaN,0,0,0,Total,8572,4410,2891,0,0,7018,1554,"8,70","928 400,44","108,31",3017,0,16646
Data,Ocup,Opção,Cheg,Oferta/Uso Interno,Deduz. Individ.,Deduz. Grupos,% Ocup.,Receita Quartos,Preço Médio,Saídas,Quartos FdS,Adul. / Cri.,fevereiro,Previsão,04-fev-2027 qui,0,0,0,0,0,0,0,-,-,NaN,0,0,0,0,0,0,0,0,0,0,-,-,NaN,0,0,0,Total fev,0,0,0,0,0,0,0,-,-,NaN,0,0,0,Total,8572,4410,2891,0,0,7018,1554,"8,70","928 400,44","108,31",3017,0,16646
Data,Ocup,Opção,Cheg,Oferta/Uso Interno,Deduz. Individ.,Deduz. Grupos,% Ocup.,Receita Quartos,Preço Médio,Saídas,Quartos FdS,Adul. / Cri.,fevereiro,Previsão,05-fev-2027 sex,0,0,0,0,0,0,0,-,-,NaN,0,0,0,0,0,0,0,0,0,0,-,-,NaN,0,0,0,Total fev,0,0,0,0,0,0,0,-,-,NaN,0,0,0,Total,8572,4410,2891,0,0,7018,1554,"8,70","928 400,44","108,31",3017,0,16646
Data,Ocup,Opção,Cheg,Oferta/Uso Interno,Deduz. Individ.,Deduz. Grupos,% Ocup.,Receita Quartos,Preço Médio,Saídas,Quartos FdS,Adul. / Cri.,fevereiro,Previsão,06-fev-2027 sáb,0,0,0,0,0,0,0,-,-,NaN,0,0,0,0,0,0,0,0,0,0,-,-,NaN,0,0,0,Total fev,0,0,0,0,0,0,0,-,-,NaN,0,0,0,Total,8572,4410,2891,0,0,7018,1554,"8,70","928 400,44","108,31",3017,0,16646
Data,Ocup,Opção,Cheg,Oferta/Uso Interno,Deduz. Individ.,Deduz. Grupos,% Ocup.,Receita Quartos,Preço Médio,Saídas,Quartos FdS,Adul. / Cri.,fevereiro,Previsão,07-fev-2027 dom,0,0,0,0,0,0,0,-,-,NaN,0,0,0,0,0,0,0,0,0,0,-,-,NaN,0,0,0,Total fev,0,0,0,0,0,0,0,-,-,NaN,0,0,0,Total,8572,4410,2891,0,0,7018,1554,"8,70","928 400,44","108,31",3017,0,16646
Data,Ocup,Opção,Cheg,Oferta/Uso Interno,Deduz. Individ.,Deduz. Grupos,% Ocup.,Receita Quartos,Preço Médio,Saídas,Quartos FdS,Adul. / Cri.,fevereiro,Previsão,08-fev-2027 seg,0,0,0,0,0,0,0,-,-,NaN,0,0,0,0,0,0,0,0,0,0,-,-,NaN,0,0,0,Total fev,0,0,0,0,0,0,0,-,-,NaN,0,0,0,Total,8572,4410,2891,0,0,7018,1554,"8,70","928 400,44","108,31",3017,0,16646
Data,Ocup,Opção,Cheg,Oferta/Uso Interno,Deduz. Individ.,Deduz. Grupos,% Ocup.,Receita Quartos,Preço Médio,Saídas,Quartos FdS,Adul. / Cri.,fevereiro,Previsão,09-fev-2027 ter,0,0,0,0,0,0,0,-,-,NaN,0,0,0,0,0,0,0,0,0,0,-,-,NaN,0,0,0,Total fev,0,0,0,0,0,0,0,-,-,NaN,0,0,0,Total,8572,4410,2891,0,0,7018,1554,"8,70","928 400,44","108,31",3017,0,16646
Data,Ocup,Opção,Cheg,Oferta/Uso Interno,Deduz. Individ.,Deduz. Grupos,% Ocup.,Receita Quartos,Preço Médio,Saídas,Quartos FdS,Adul. / Cri.,fevereiro,Previsão,10-fev-2027 qua,0,0,0,0,0,0,0,-,-,NaN,0,0,0,0,0,0,0,0,0,0,-,-,NaN,0,0,0,Total fev,0,0,0,0,0,0,0,-,-,NaN,0,0,0,Total,8572,4410,2891,0,0,7018,1554,"8,70","928 400,44","108,31",3017,0,16646
Data,Ocup,Opção,Cheg,Oferta/Uso Interno,Deduz. Individ.,Deduz. Grupos,% Ocup.,Receita Quartos,Preço Médio,Saídas,Quartos FdS,Adul. / Cri.,fevereiro,Previsão,11-fev-2027 qui,0,0,0,0,0,0,0,-,-,NaN,0,0,0,0,0,0,0,0,0,0,-,-,NaN,0,0,0,Total fev,0,0,0,0,0,0,0,-,-,NaN,0,0,0,Total,8572,4410,2891,0,0,7018,1554,"8,70","928 400,44","108,31",3017,0,16646
Data,Ocup,Opção,Cheg,Oferta/Uso Interno,Deduz. Individ.,Deduz. Grupos,% Ocup.,Receita Quartos,Preço Médio,Saídas,Quartos FdS,Adul. / Cri.,fevereiro,Previsão,12-fev-2027 sex,0,0,0,0,0,0,0,-,-,NaN,0,0,0,0,0,0,0,0,0,0,-,-,NaN,0,0,0,Total fev,0,0,0,0,0,0,0,-,-,NaN,0,0,0,Total,8572,4410,2891,0,0,7018,1554,"8,70","928 400,44","108,31",3017,0,16646
Data,Ocup,Opção,Cheg,Oferta/Uso Interno,Deduz. Individ.,Deduz. Grupos,% Ocup.,Receita Quartos,Preço Médio,Saídas,Quartos FdS,Adul. / Cri.,fevereiro,Previsão,13-fev-2027 sáb,0,0,0,0,0,0,0,-,-,NaN,0,0,0,0,0,0,0,0,0,0,-,-,NaN,0,0,0,Total fev,0,0,0,0,0,0,0,-,-,NaN,0,0,0,Total,8572,4410,2891,0,0,7018,1554,"8,70","928 400,44","108,31",3017,0,16646
Data,Ocup,Opção,Cheg,Oferta/Uso Interno,Deduz. Individ.,Deduz. Grupos,% Ocup.,Receita Quartos,Preço Médio,Saídas,Quartos FdS,Adul. / Cri.,fevereiro,Previsão,14-fev-2027 dom,0,0,0,0,0,0,0,-,-,NaN,0,0,0,0,0,0,0,0,0,0,-,-,NaN,0,0,0,Total fev,0,0,0,0,0,0,0,-,-,NaN,0,0,0,Total,8572,4410,2891,0,0,7018,1554,"8,70","928 400,44","108,31",3017,0,16646
Data,Ocup,Opção,Cheg,Oferta/Uso Interno,Deduz. Individ.,Deduz. Grupos,% Ocup.,Receita Quartos,Preço Médio,Saídas,Quartos FdS,Adul. / Cri.,fevereiro,Previsão,15-fev-2027 seg,0,0,0,0,0,0,0,-,-,NaN,0,0,0,0,0,0,0,0,0,0,-,-,NaN,0,0,0,Total fev,0,0,0,0,0,0,0,-,-,NaN,0,0,0,Total,8572,4410,2891,0,0,7018,1554,"8,70","928 400,44","108,31",3017,0,16646
Data,Ocup,Opção,Cheg,Oferta/Uso Interno,Deduz. Individ.,Deduz. Grupos,% Ocup.,Receita Quartos,Preço Médio,Saídas,Quartos FdS,Adul. / Cri.,fevereiro,Previsão,16-fev-2027 ter,0,0,0,0,0,0,0,-,-,NaN,0,0,0,0,0,0,0,0,0,0,-,-,NaN,0,0,0,Total fev,0,0,0,0,0,0,0,-,-,NaN,0,0,0,Total,8572,4410,2891,0,0,7018,1554,"8,70","928 400,44","108,31",3017,0,16646
Data,Ocup,Opção,Cheg,Oferta/Uso Interno,Deduz. Individ.,Deduz. Grupos,% Ocup.,Receita Quartos,Preço Médio,Saídas,Quartos FdS,Adul. / Cri.,fevereiro,Previsão,17-fev-2027 qua,0,0,0,0,0,0,0,-,-,NaN,0,0,0,0,0,0,0,0,0,0,-,-,NaN,0,0,0,Total fev,0,0,0,0,0,0,0,-,-,NaN,0,0,0,Total,8572,4410,2891,0,0,7018,1554,"8,70","928 400,44","108,31",3017,0,16646
Data,Ocup,Opção,Cheg,Oferta/Uso Interno,Deduz. Individ.,Deduz. Grupos,% Ocup.,Receita Quartos,Preço Médio,Saídas,Quartos FdS,Adul. / Cri.,fevereiro,Previsão,18-fev-2027 qui,0,0,0,0,0,0,0,-,-,NaN,0,0,0,0,0,0,0,0,0,0,-,-,NaN,0,0,0,Total fev,0,0,0,0,0,0,0,-,-,NaN,0,0,0,Total,8572,4410,2891,0,0,7018,1554,"8,70","928 400,44","108,31",3017,0,16646
Data,Ocup,Opção,Cheg,Oferta/Uso Interno,Deduz. Individ.,Deduz. Grupos,% Ocup.,Receita Quartos,Preço Médio,Saídas,Quartos FdS,Adul. / Cri.,fevereiro,Previsão,19-fev-2027 sex,0,0,0,0,0,0,0,-,-,NaN,0,0,0,0,0,0,0,0,0,0,-,-,NaN,0,0,0,Total fev,0,0,0,0,0,0,0,-,-,NaN,0,0,0,Total,8572,4410,2891,0,0,7018,1554,"8,70","928 400,44","108,31",3017,0,16646
Data,Ocup,Opção,Cheg,Oferta/Uso Interno,Deduz. Individ.,Deduz. Grupos,% Ocup.,Receita Quartos,Preço Médio,Saídas,Quartos FdS,Adul. / Cri.,fevereiro,Previsão,20-fev-2027 sáb,0,0,0,0,0,0,0,-,-,NaN,0,0,0,0,0,0,0,0,0,0,-,-,NaN,0,0,0,Total fev,0,0,0,0,0,0,0,-,-,NaN,0,0,0,Total,8572,4410,2891,0,0,7018,1554,"8,70","928 400,44","108,31",3017,0,16646
Data,Ocup,Opção,Cheg,Oferta/Uso Interno,Deduz. Individ.,Deduz. Grupos,% Ocup.,Receita Quartos,Preço Médio,Saídas,Quartos FdS,Adul. / Cri.,fevereiro,Previsão,21-fev-2027 dom,0,0,0,0,0,0,0,-,-,NaN,0,0,0,0,0,0,0,0,0,0,-,-,NaN,0,0,0,Total fev,0,0,0,0,0,0,0,-,-,NaN,0,0,0,Total,8572,4410,2891,0,0,7018,1554,"8,70","928 400,44","108,31",3017,0,16646
Data,Ocup,Opção,Cheg,Oferta/Uso Interno,Deduz. Individ.,Deduz. Grupos,% Ocup.,Receita Quartos,Preço Médio,Saídas,Quartos FdS,Adul. / Cri.,fevereiro,Previsão,22-fev-2027 seg,0,0,0,0,0,0,0,-,-,NaN,0,0,0,0,0,0,0,0,0,0,-,-,NaN,0,0,0,Total fev,0,0,0,0,0,0,0,-,-,NaN,0,0,0,Total,8572,4410,2891,0,0,7018,1554,"8,70","928 400,44","108,31",3017,0,16646
Data,Ocup,Opção,Cheg,Oferta/Uso Interno,Deduz. Individ.,Deduz. Grupos,% Ocup.,Receita Quartos,Preço Médio,Saídas,Quartos FdS,Adul. / Cri.,fevereiro,Previsão,23-fev-2027 ter,0,0,0,0,0,0,0,-,-,NaN,0,0,0,0,0,0,0,0,0,0,-,-,NaN,0,0,0,Total fev,0,0,0,0,0,0,0,-,-,NaN,0,0,0,Total,8572,4410,2891,0,0,7018,1554,"8,70","928 400,44","108,31",3017,0,16646
Data,Ocup,Opção,Cheg,Oferta/Uso Interno,Deduz. Individ.,Deduz. Grupos,% Ocup.,Receita Quartos,Preço Médio,Saídas,Quartos FdS,Adul. / Cri.,fevereiro,Previsão,24-fev-2027 qua,0,0,0,0,0,0,0,-,-,NaN,0,0,0,0,0,0,0,0,0,0,-,-,NaN,0,0,0,Total fev,0,0,0,0,0,0,0,-,-,NaN,0,0,0,Total,8572,4410,2891,0,0,7018,1554,"8,70","928 400,44","108,31",3017,0,16646
Data,Ocup,Opção,Cheg,Oferta/Uso Interno,Deduz. Individ.,Deduz. Grupos,% Ocup.,Receita Quartos,Preço Médio,Saídas,Quartos FdS,Adul. / Cri.,fevereiro,Previsão,25-fev-2027 qui,0,0,0,0,0,0,0,-,-,NaN,0,0,0,0,0,0,0,0,0,0,-,-,NaN,0,0,0,Total fev,0,0,0,0,0,0,0,-,-,NaN,0,0,0,Total,8572,4410,2891,0,0,7018,1554,"8,70","928 400,44","108,31",3017,0,16646
Data,Ocup,Opção,Cheg,Oferta/Uso Interno,Deduz. Individ.,Deduz. Grupos,% Ocup.,Receita Quartos,Preço Médio,Saídas,Quartos FdS,Adul. / Cri.,fevereiro,Previsão,26-fev-2027 sex,0,0,0,0,0,0,0,-,-,NaN,0,0,0,0,0,0,0,0,0,0,-,-,NaN,0,0,0,Total fev,0,0,0,0,0,0,0,-,-,NaN,0,0,0,Total,8572,4410,2891,0,0,7018,1554,"8,70","928 400,44","108,31",3017,0,16646
Data,Ocup,Opção,Cheg,Oferta/Uso Interno,Deduz. Individ.,Deduz. Grupos,% Ocup.,Receita Quartos,Preço Médio,Saídas,Quartos FdS,Adul. / Cri.,fevereiro,Previsão,27-fev-2027 sáb,0,0,0,0,0,0,0,-,-,NaN,0,0,0,0,0,0,0,0,0,0,-,-,NaN,0,0,0,Total fev,0,0,0,0,0,0,0,-,-,NaN,0,0,0,Total,8572,4410,2891,0,0,7018,1554,"8,70","928 400,44","108,31",3017,0,16646
Data,Ocup,Opção,Cheg,Oferta/Uso Interno,Deduz. Individ.,Deduz. Grupos,% Ocup.,Receita Quartos,Preço Médio,Saídas,Quartos FdS,Adul. / Cri.,fevereiro,Previsão,28-fev-2027 dom,0,0,0,0,0,0,0,-,-,NaN,0,0,0,0,0,0,0,0,0,0,-,-,NaN,0,0,0,Total fev,0,0,0,0,0,0,0,-,-,NaN,0,0,0,Total,8572,4410,2891,0,0,7018,1554,"8,70","928 400,44","108,31",3017,0,16646
Data,Ocup,Opção,Cheg,Oferta/Uso Interno,Deduz. Individ.,Deduz. Grupos,% Ocup.,Receita Quartos,Preço Médio,Saídas,Quartos FdS,Adul. / Cri.,março,Previsão,01-mar-2027 seg,0,0,0,0,0,0,0,-,-,NaN,0,0,0,0,0,0,0,0,0,0,-,-,NaN,0,0,0,Total mar,0,0,0,0,0,0,0,-,-,NaN,0,0,0,Total,8572,4410,2891,0,0,7018,1554,"8,70","928 400,44","108,31",3017,0,16646
Data,Ocup,Opção,Cheg,Oferta/Uso Interno,Deduz. Individ.,Deduz. Grupos,% Ocup.,Receita Quartos,Preço Médio,Saídas,Quartos FdS,Adul. / Cri.,março,Previsão,02-mar-2027 ter,0,0,0,0,0,0,0,-,-,NaN,0,0,0,0,0,0,0,0,0,0,-,-,NaN,0,0,0,Total mar,0,0,0,0,0,0,0,-,-,NaN,0,0,0,Total,8572,4410,2891,0,0,7018,1554,"8,70","928 400,44","108,31",3017,0,16646
Data,Ocup,Opção,Cheg,Oferta/Uso Interno,Deduz. Individ.,Deduz. Grupos,% Ocup.,Receita Quartos,Preço Médio,Saídas,Quartos FdS,Adul. / Cri.,março,Previsão,03-mar-2027 qua,0,0,0,0,0,0,0,-,-,NaN,0,0,0,0,0,0,0,0,0,0,-,-,NaN,0,0,0,Total mar,0,0,0,0,0,0,0,-,-,NaN,0,0,0,Total,8572,4410,2891,0,0,7018,1554,"8,70","928 400,44","108,31",3017,0,16646
Data,Ocup,Opção,Cheg,Oferta/Uso Interno,Deduz. Individ.,Deduz. Grupos,% Ocup.,Receita Quartos,Preço Médio,Saídas,Quartos FdS,Adul. / Cri.,março,Previsão,04-mar-2027 qui,0,0,0,0,0,0,0,-,-,NaN,0,0,0,0,0,0,0,0,0,0,-,-,NaN,0,0,0,Total mar,0,0,0,0,0,0,0,-,-,NaN,0,0,0,Total,8572,4410,2891,0,0,7018,1554,"8,70","928 400,44","108,31",3017,0,16646
Data,Ocup,Opção,Cheg,Oferta/Uso Interno,Deduz. Individ.,Deduz. Grupos,% Ocup.,Receita Quartos,Preço Médio,Saídas,Quartos FdS,Adul. / Cri.,março,Previsão,05-mar-2027 sex,0,0,0,0,0,0,0,-,-,NaN,0,0,0,0,0,0,0,0,0,0,-,-,NaN,0,0,0,Total mar,0,0,0,0,0,0,0,-,-,NaN,0,0,0,Total,8572,4410,2891,0,0,7018,1554,"8,70","928 400,44","108,31",3017,0,16646
Data,Ocup,Opção,Cheg,Oferta/Uso Interno,Deduz. Individ.,Deduz. Grupos,% Ocup.,Receita Quartos,Preço Médio,Saídas,Quartos FdS,Adul. / Cri.,março,Previsão,06-mar-2027 sáb,0,0,0,0,0,0,0,-,-,NaN,0,0,0,0,0,0,0,0,0,0,-,-,NaN,0,0,0,Total mar,0,0,0,0,0,0,0,-,-,NaN,0,0,0,Total,8572,4410,2891,0,0,7018,1554,"8,70","928 400,44","108,31",3017,0,16646
Data,Ocup,Opção,Cheg,Oferta/Uso Interno,Deduz. Individ.,Deduz. Grupos,% Ocup.,Receita Quartos,Preço Médio,Saídas,Quartos FdS,Adul. / Cri.,março,Previsão,07-mar-2027 dom,0,0,0,0,0,0,0,-,-,NaN,0,0,0,0,0,0,0,0,0,0,-,-,NaN,0,0,0,Total mar,0,0,0,0,0,0,0,-,-,NaN,0,0,0,Total,8572,4410,2891,0,0,7018,1554,"8,70","928 400,44","108,31",3017,0,16646
Data,Ocup,Opção,Cheg,Oferta/Uso Interno,Deduz. Individ.,Deduz. Grupos,% Ocup.,Receita Quartos,Preço Médio,Saídas,Quartos FdS,Adul. / Cri.,março,Previsão,08-mar-2027 seg,0,0,0,0,0,0,0,-,-,NaN,0,0,0,0,0,0,0,0,0,0,-,-,NaN,0,0,0,Total mar,0,0,0,0,0,0,0,-,-,NaN,0,0,0,Total,8572,4410,2891,0,0,7018,1554,"8,70","928 400,44","108,31",3017,0,16646
Data,Ocup,Opção,Cheg,Oferta/Uso Interno,Deduz. Individ.,Deduz. Grupos,% Ocup.,Receita Quartos,Preço Médio,Saídas,Quartos FdS,Adul. / Cri.,março,Previsão,09-mar-2027 ter,0,0,0,0,0,0,0,-,-,NaN,0,0,0,0,0,0,0,0,0,0,-,-,NaN,0,0,0,Total mar,0,0,0,0,0,0,0,-,-,NaN,0,0,0,Total,8572,4410,2891,0,0,7018,1554,"8,70","928 400,44","108,31",3017,0,16646
Data,Ocup,Opção,Cheg,Oferta/Uso Interno,Deduz. Individ.,Deduz. Grupos,% Ocup.,Receita Quartos,Preço Médio,Saídas,Quartos FdS,Adul. / Cri.,março,Previsão,10-mar-2027 qua,0,0,0,0,0,0,0,-,-,NaN,0,0,0,0,0,0,0,0,0,0,-,-,NaN,0,0,0,Total mar,0,0,0,0,0,0,0,-,-,NaN,0,0,0,Total,8572,4410,2891,0,0,7018,1554,"8,70","928 400,44","108,31",3017,0,16646
Data,Ocup,Opção,Cheg,Oferta/Uso Interno,Deduz. Individ.,Deduz. Grupos,% Ocup.,Receita Quartos,Preço Médio,Saídas,Quartos FdS,Adul. / Cri.,março,Previsão,11-mar-2027 qui,0,0,0,0,0,0,0,-,-,NaN,0,0,0,0,0,0,0,0,0,0,-,-,NaN,0,0,0,Total mar,0,0,0,0,0,0,0,-,-,NaN,0,0,0,Total,8572,4410,2891,0,0,7018,1554,"8,70","928 400,44","108,31",3017,0,16646
Data,Ocup,Opção,Cheg,Oferta/Uso Interno,Deduz. Individ.,Deduz. Grupos,% Ocup.,Receita Quartos,Preço Médio,Saídas,Quartos FdS,Adul. / Cri.,março,Previsão,12-mar-2027 sex,0,0,0,0,0,0,0,-,-,NaN,0,0,0,0,0,0,0,0,0,0,-,-,NaN,0,0,0,Total mar,0,0,0,0,0,0,0,-,-,NaN,0,0,0,Total,8572,4410,2891,0,0,7018,1554,"8,70","928 400,44","108,31",3017,0,16646
Data,Ocup,Opção,Cheg,Oferta/Uso Interno,Deduz. Individ.,Deduz. Grupos,% Ocup.,Receita Quartos,Preço Médio,Saídas,Quartos FdS,Adul. / Cri.,março,Previsão,13-mar-2027 sáb,0,0,0,0,0,0,0,-,-,NaN,0,0,0,0,0,0,0,0,0,0,-,-,NaN,0,0,0,Total mar,0,0,0,0,0,0,0,-,-,NaN,0,0,0,Total,8572,4410,2891,0,0,7018,1554,"8,70","928 400,44","108,31",3017,0,16646
Data,Ocup,Opção,Cheg,Oferta/Uso Interno,Deduz. Individ.,Deduz. Grupos,% Ocup.,Receita Quartos,Preço Médio,Saídas,Quartos FdS,Adul. / Cri.,março,Previsão,14-mar-2027 dom,0,0,0,0,0,0,0,-,-,NaN,0,0,0,0,0,0,0,0,0,0,-,-,NaN,0,0,0,Total mar,0,0,0,0,0,0,0,-,-,NaN,0,0,0,Total,8572,4410,2891,0,0,7018,1554,"8,70","928 400,44","108,31",3017,0,16646
Data,Ocup,Opção,Cheg,Oferta/Uso Interno,Deduz. Individ.,Deduz. Grupos,% Ocup.,Receita Quartos,Preço Médio,Saídas,Quartos FdS,Adul. / Cri.,março,Previsão,15-mar-2027 seg,0,0,0,0,0,0,0,-,-,NaN,0,0,0,0,0,0,0,0,0,0,-,-,NaN,0,0,0,Total mar,0,0,0,0,0,0,0,-,-,NaN,0,0,0,Total,8572,4410,2891,0,0,7018,1554,"8,70","928 400,44","108,31",3017,0,16646
Data,Ocup,Opção,Cheg,Oferta/Uso Interno,Deduz. Individ.,Deduz. Grupos,% Ocup.,Receita Quartos,Preço Médio,Saídas,Quartos FdS,Adul. / Cri.,março,Previsão,16-mar-2027 ter,0,0,0,0,0,0,0,-,-,NaN,0,0,0,0,0,0,0,0,0,0,-,-,NaN,0,0,0,Total mar,0,0,0,0,0,0,0,-,-,NaN,0,0,0,Total,8572,4410,2891,0,0,7018,1554,"8,70","928 400,44","108,31",3017,0,16646
Data,Ocup,Opção,Cheg,Oferta/Uso Interno,Deduz. Individ.,Deduz. Grupos,% Ocup.,Receita Quartos,Preço Médio,Saídas,Quartos FdS,Adul. / Cri.,março,Previsão,17-mar-2027 qua,0,0,0,0,0,0,0,-,-,NaN,0,0,0,0,0,0,0,0,0,0,-,-,NaN,0,0,0,Total mar,0,0,0,0,0,0,0,-,-,NaN,0,0,0,Total,8572,4410,2891,0,0,7018,1554,"8,70","928 400,44","108,31",3017,0,16646
Data,Ocup,Opção,Cheg,Oferta/Uso Interno,Deduz. Individ.,Deduz. Grupos,% Ocup.,Receita Quartos,Preço Médio,Saídas,Quartos FdS,Adul. / Cri.,março,Previsão,18-mar-2027 qui,0,0,0,0,0,0,0,-,-,NaN,0,0,0,0,0,0,0,0,0,0,-,-,NaN,0,0,0,Total mar,0,0,0,0,0,0,0,-,-,NaN,0,0,0,Total,8572,4410,2891,0,0,7018,1554,"8,70","928 400,44","108,31",3017,0,16646
Data,Ocup,Opção,Cheg,Oferta/Uso Interno,Deduz. Individ.,Deduz. Grupos,% Ocup.,Receita Quartos,Preço Médio,Saídas,Quartos FdS,Adul. / Cri.,março,Previsão,19-mar-2027 sex,0,0,0,0,0,0,0,-,-,NaN,0,0,0,0,0,0,0,0,0,0,-,-,NaN,0,0,0,Total mar,0,0,0,0,0,0,0,-,-,NaN,0,0,0,Total,8572,4410,2891,0,0,7018,1554,"8,70","928 400,44","108,31",3017,0,16646
Data,Ocup,Opção,Cheg,Oferta/Uso Interno,Deduz. Individ.,Deduz. Grupos,% Ocup.,Receita Quartos,Preço Médio,Saídas,Quartos FdS,Adul. / Cri.,março,Previsão,20-mar-2027 sáb,0,0,0,0,0,0,0,-,-,NaN,0,0,0,0,0,0,0,0,0,0,-,-,NaN,0,0,0,Total mar,0,0,0,0,0,0,0,-,-,NaN,0,0,0,Total,8572,4410,2891,0,0,7018,1554,"8,70","928 400,44","108,31",3017,0,16646
Data,Ocup,Opção,Cheg,Oferta/Uso Interno,Deduz. Individ.,Deduz. Grupos,% Ocup.,Receita Quartos,Preço Médio,Saídas,Quartos FdS,Adul. / Cri.,março,Previsão,21-mar-2027 dom,0,0,0,0,0,0,0,-,-,NaN,0,0,0,0,0,0,0,0,0,0,-,-,NaN,0,0,0,Total mar,0,0,0,0,0,0,0,-,-,NaN,0,0,0,Total,8572,4410,2891,0,0,7018,1554,"8,70","928 400,44","108,31",3017,0,16646
Data,Ocup,Opção,Cheg,Oferta/Uso Interno,Deduz. Individ.,Deduz. Grupos,% Ocup.,Receita Quartos,Preço Médio,Saídas,Quartos FdS,Adul. / Cri.,março,Previsão,22-mar-2027 seg,0,0,0,0,0,0,0,-,-,NaN,0,0,0,0,0,0,0,0,0,0,-,-,NaN,0,0,0,Total mar,0,0,0,0,0,0,0,-,-,NaN,0,0,0,Total,8572,4410,2891,0,0,7018,1554,"8,70","928 400,44","108,31",3017,0,16646
Data,Ocup,Opção,Cheg,Oferta/Uso Interno,Deduz. Individ.,Deduz. Grupos,% Ocup.,Receita Quartos,Preço Médio,Saídas,Quartos FdS,Adul. / Cri.,março,Previsão,23-mar-2027 ter,0,0,0,0,0,0,0,-,-,NaN,0,0,0,0,0,0,0,0,0,0,-,-,NaN,0,0,0,Total mar,0,0,0,0,0,0,0,-,-,NaN,0,0,0,Total,8572,4410,2891,0,0,7018,1554,"8,70","928 400,44","108,31",3017,0,16646
Data,Ocup,Opção,Cheg,Oferta/Uso Interno,Deduz. Individ.,Deduz. Grupos,% Ocup.,Receita Quartos,Preço Médio,Saídas,Quartos FdS,Adul. / Cri.,março,Previsão,24-mar-2027 qua,0,0,0,0,0,0,0,-,-,NaN,0,0,0,0,0,0,0,0,0,0,-,-,NaN,0,0,0,Total mar,0,0,0,0,0,0,0,-,-,NaN,0,0,0,Total,8572,4410,2891,0,0,7018,1554,"8,70","928 400,44","108,31",3017,0,16646
Data,Ocup,Opção,Cheg,Oferta/Uso Interno,Deduz. Individ.,Deduz. Grupos,% Ocup.,Receita Quartos,Preço Médio,Saídas,Quartos FdS,Adul. / Cri.,março,Previsão,25-mar-2027 qui,0,0,0,0,0,0,0,-,-,NaN,0,0,0,0,0,0,0,0,0,0,-,-,NaN,0,0,0,Total mar,0,0,0,0,0,0,0,-,-,NaN,0,0,0,Total,8572,4410,2891,0,0,7018,1554,"8,70","928 400,44","108,31",3017,0,16646
Data,Ocup,Opção,Cheg,Oferta/Uso Interno,Deduz. Individ.,Deduz. Grupos,% Ocup.,Receita Quartos,Preço Médio,Saídas,Quartos FdS,Adul. / Cri.,março,Previsão,26-mar-2027 sex,0,0,0,0,0,0,0,-,-,NaN,0,0,0,0,0,0,0,0,0,0,-,-,NaN,0,0,0,Total mar,0,0,0,0,0,0,0,-,-,NaN,0,0,0,Total,8572,4410,2891,0,0,7018,1554,"8,70","928 400,44","108,31",3017,0,16646
Data,Ocup,Opção,Cheg,Oferta/Uso Interno,Deduz. Individ.,Deduz. Grupos,% Ocup.,Receita Quartos,Preço Médio,Saídas,Quartos FdS,Adul. / Cri.,março,Previsão,27-mar-2027 sáb,0,0,0,0,0,0,0,-,-,NaN,0,0,0,0,0,0,0,0,0,0,-,-,NaN,0,0,0,Total mar,0,0,0,0,0,0,0,-,-,NaN,0,0,0,Total,8572,4410,2891,0,0,7018,1554,"8,70","928 400,44","108,31",3017,0,16646
Data,Ocup,Opção,Cheg,Oferta/Uso Interno,Deduz. Individ.,Deduz. Grupos,% Ocup.,Receita Quartos,Preço Médio,Saídas,Quartos FdS,Adul. / Cri.,março,Previsão,28-mar-2027 dom,0,0,0,0,0,0,0,-,-,NaN,0,0,0,0,0,0,0,0,0,0,-,-,NaN,0,0,0,Total mar,0,0,0,0,0,0,0,-,-,NaN,0,0,0,Total,8572,4410,2891,0,0,7018,1554,"8,70","928 400,44","108,31",3017,0,16646
Data,Ocup,Opção,Cheg,Oferta/Uso Interno,Deduz. Individ.,Deduz. Grupos,% Ocup.,Receita Quartos,Preço Médio,Saídas,Quartos FdS,Adul. / Cri.,março,Previsão,29-mar-2027 seg,0,0,0,0,0,0,0,-,-,NaN,0,0,0,0,0,0,0,0,0,0,-,-,NaN,0,0,0,Total mar,0,0,0,0,0,0,0,-,-,NaN,0,0,0,Total,8572,4410,2891,0,0,7018,1554,"8,70","928 400,44","108,31",3017,0,16646
Data,Ocup,Opção,Cheg,Oferta/Uso Interno,Deduz. Individ.,Deduz. Grupos,% Ocup.,Receita Quartos,Preço Médio,Saídas,Quartos FdS,Adul. / Cri.,março,Previsão,30-mar-2027 ter,0,0,0,0,0,0,0,-,-,NaN,0,0,0,0,0,0,0,0,0,0,-,-,NaN,0,0,0,Total mar,0,0,0,0,0,0,0,-,-,NaN,0,0,0,Total,8572,4410,2891,0,0,7018,1554,"8,70","928 400,44","108,31",3017,0,16646
Data,Ocup,Opção,Cheg,Oferta/Uso Interno,Deduz. Individ.,Deduz. Grupos,% Ocup.,Receita Quartos,Preço Médio,Saídas,Quartos FdS,Adul. / Cri.,março,Previsão,31-mar-2027 qua,0,0,0,0,0,0,0,-,-,NaN,0,0,0,0,0,0,0,0,0,0,-,-,NaN,0,0,0,Total mar,0,0,0,0,0,0,0,-,-,NaN,0,0,0,Total,8572,4410,2891,0,0,7018,1554,"8,70","928 400,44","108,31",3017,0,16646
Data,Ocup,Opção,Cheg,Oferta/Uso Interno,Deduz. Individ.,Deduz. Grupos,% Ocup.,Receita Quartos,Preço Médio,Saídas,Quartos FdS,Adul. / Cri.,abril,Previsão,01-abr-2027 qui,0,0,0,0,0,0,0,-,-,NaN,0,0,0,0,0,0,0,0,0,0,-,-,NaN,0,0,0,Total abr,0,0,0,0,0,0,0,-,-,NaN,0,0,0,Total,8572,4410,2891,0,0,7018,1554,"8,70","928 400,44","108,31",3017,0,16646
Data,Ocup,Opção,Cheg,Oferta/Uso Interno,Deduz. Individ.,Deduz. Grupos,% Ocup.,Receita Quartos,Preço Médio,Saídas,Quartos FdS,Adul. / Cri.,abril,Previsão,02-abr-2027 sex,0,0,0,0,0,0,0,-,-,NaN,0,0,0,0,0,0,0,0,0,0,-,-,NaN,0,0,0,Total abr,0,0,0,0,0,0,0,-,-,NaN,0,0,0,Total,8572,4410,2891,0,0,7018,1554,"8,70","928 400,44","108,31",3017,0,16646
Data,Ocup,Opção,Cheg,Oferta/Uso Interno,Deduz. Individ.,Deduz. Grupos,% Ocup.,Receita Quartos,Preço Médio,Saídas,Quartos FdS,Adul. / Cri.,abril,Previsão,03-abr-2027 sáb,0,0,0,0,0,0,0,-,-,NaN,0,0,0,0,0,0,0,0,0,0,-,-,NaN,0,0,0,Total abr,0,0,0,0,0,0,0,-,-,NaN,0,0,0,Total,8572,4410,2891,0,0,7018,1554,"8,70","928 400,44","108,31",3017,0,16646
Data,Ocup,Opção,Cheg,Oferta/Uso Interno,Deduz. Individ.,Deduz. Grupos,% Ocup.,Receita Quartos,Preço Médio,Saídas,Quartos FdS,Adul. / Cri.,abril,Previsão,04-abr-2027 dom,0,0,0,0,0,0,0,-,-,NaN,0,0,0,0,0,0,0,0,0,0,-,-,NaN,0,0,0,Total abr,0,0,0,0,0,0,0,-,-,NaN,0,0,0,Total,8572,4410,2891,0,0,7018,1554,"8,70","928 400,44","108,31",3017,0,16646
Data,Ocup,Opção,Cheg,Oferta/Uso Interno,Deduz. Individ.,Deduz. Grupos,% Ocup.,Receita Quartos,Preço Médio,Saídas,Quartos FdS,Adul. / Cri.,abril,Previsão,05-abr-2027 seg,0,0,0,0,0,0,0,-,-,NaN,0,0,0,0,0,0,0,0,0,0,-,-,NaN,0,0,0,Total abr,0,0,0,0,0,0,0,-,-,NaN,0,0,0,Total,8572,4410,2891,0,0,7018,1554,"8,70","928 400,44","108,31",3017,0,16646
Data,Ocup,Opção,Cheg,Oferta/Uso Interno,Deduz. Individ.,Deduz. Grupos,% Ocup.,Receita Quartos,Preço Médio,Saídas,Quartos FdS,Adul. / Cri.,abril,Previsão,06-abr-2027 ter,0,0,0,0,0,0,0,-,-,NaN,0,0,0,0,0,0,0,0,0,0,-,-,NaN,0,0,0,Total abr,0,0,0,0,0,0,0,-,-,NaN,0,0,0,Total,8572,4410,2891,0,0,7018,1554,"8,70","928 400,44","108,31",3017,0,16646
Data,Ocup,Opção,Cheg,Oferta/Uso Interno,Deduz. Individ.,Deduz. Grupos,% Ocup.,Receita Quartos,Preço Médio,Saídas,Quartos FdS,Adul. / Cri.,abril,Previsão,07-abr-2027 qua,0,0,0,0,0,0,0,-,-,NaN,0,0,0,0,0,0,0,0,0,0,-,-,NaN,0,0,0,Total abr,0,0,0,0,0,0,0,-,-,NaN,0,0,0,Total,8572,4410,2891,0,0,7018,1554,"8,70","928 400,44","108,31",3017,0,16646
Data,Ocup,Opção,Cheg,Oferta/Uso Interno,Deduz. Individ.,Deduz. Grupos,% Ocup.,Receita Quartos,Preço Médio,Saídas,Quartos FdS,Adul. / Cri.,abril,Previsão,08-abr-2027 qui,0,0,0,0,0,0,0,-,-,NaN,0,0,0,0,0,0,0,0,0,0,-,-,NaN,0,0,0,Total abr,0,0,0,0,0,0,0,-,-,NaN,0,0,0,Total,8572,4410,2891,0,0,7018,1554,"8,70","928 400,44","108,31",3017,0,16646
Data,Ocup,Opção,Cheg,Oferta/Uso Interno,Deduz. Individ.,Deduz. Grupos,% Ocup.,Receita Quartos,Preço Médio,Saídas,Quartos FdS,Adul. / Cri.,abril,Previsão,09-abr-2027 sex,0,0,0,0,0,0,0,-,-,NaN,0,0,0,0,0,0,0,0,0,0,-,-,NaN,0,0,0,Total abr,0,0,0,0,0,0,0,-,-,NaN,0,0,0,Total,8572,4410,2891,0,0,7018,1554,"8,70","928 400,44","108,31",3017,0,16646
Data,Ocup,Opção,Cheg,Oferta/Uso Interno,Deduz. Individ.,Deduz. Grupos,% Ocup.,Receita Quartos,Preço Médio,Saídas,Quartos FdS,Adul. / Cri.,abril,Previsão,10-abr-2027 sáb,0,0,0,0,0,0,0,-,-,NaN,0,0,0,0,0,0,0,0,0,0,-,-,NaN,0,0,0,Total abr,0,0,0,0,0,0,0,-,-,NaN,0,0,0,Total,8572,4410,2891,0,0,7018,1554,"8,70","928 400,44","108,31",3017,0,16646
Data,Ocup,Opção,Cheg,Oferta/Uso Interno,Deduz. Individ.,Deduz. Grupos,% Ocup.,Receita Quartos,Preço Médio,Saídas,Quartos FdS,Adul. / Cri.,abril,Previsão,11-abr-2027 dom,0,0,0,0,0,0,0,-,-,NaN,0,0,0,0,0,0,0,0,0,0,-,-,NaN,0,0,0,Total abr,0,0,0,0,0,0,0,-,-,NaN,0,0,0,Total,8572,4410,2891,0,0,7018,1554,"8,70","928 400,44","108,31",3017,0,16646
Data,Ocup,Opção,Cheg,Oferta/Uso Interno,Deduz. Individ.,Deduz. Grupos,% Ocup.,Receita Quartos,Preço Médio,Saídas,Quartos FdS,Adul. / Cri.,abril,Previsão,12-abr-2027 seg,0,0,0,0,0,0,0,-,-,NaN,0,0,0,0,0,0,0,0,0,0,-,-,NaN,0,0,0,Total abr,0,0,0,0,0,0,0,-,-,NaN,0,0,0,Total,8572,4410,2891,0,0,7018,1554,"8,70","928 400,44","108,31",3017,0,16646
Data,Ocup,Opção,Cheg,Oferta/Uso Interno,Deduz. Individ.,Deduz. Grupos,% Ocup.,Receita Quartos,Preço Médio,Saídas,Quartos FdS,Adul. / Cri.,abril,Previsão,13-abr-2027 ter,0,0,0,0,0,0,0,-,-,NaN,0,0,0,0,0,0,0,0,0,0,-,-,NaN,0,0,0,Total abr,0,0,0,0,0,0,0,-,-,NaN,0,0,0,Total,8572,4410,2891,0,0,7018,1554,"8,70","928 400,44","108,31",3017,0,16646
Data,Ocup,Opção,Cheg,Oferta/Uso Interno,Deduz. Individ.,Deduz. Grupos,% Ocup.,Receita Quartos,Preço Médio,Saídas,Quartos FdS,Adul. / Cri.,abril,Previsão,14-abr-2027 qua,0,0,0,0,0,0,0,-,-,NaN,0,0,0,0,0,0,0,0,0,0,-,-,NaN,0,0,0,Total abr,0,0,0,0,0,0,0,-,-,NaN,0,0,0,Total,8572,4410,2891,0,0,7018,1554,"8,70","928 400,44","108,31",3017,0,16646
Data,Ocup,Opção,Cheg,Oferta/Uso Interno,Deduz. Individ.,Deduz. Grupos,% Ocup.,Receita Quartos,Preço Médio,Saídas,Quartos FdS,Adul. / Cri.,abril,Previsão,15-abr-2027 qui,0,0,0,0,0,0,0,-,-,NaN,0,0,0,0,0,0,0,0,0,0,-,-,NaN,0,0,0,Total abr,0,0,0,0,0,0,0,-,-,NaN,0,0,0,Total,8572,4410,2891,0,0,7018,1554,"8,70","928 400,44","108,31",3017,0,16646
Data,Ocup,Opção,Cheg,Oferta/Uso Interno,Deduz. Individ.,Deduz. Grupos,% Ocup.,Receita Quartos,Preço Médio,Saídas,Quartos FdS,Adul. / Cri.,abril,Previsão,16-abr-2027 sex,0,0,0,0,0,0,0,-,-,NaN,0,0,0,0,0,0,0,0,0,0,-,-,NaN,0,0,0,Total abr,0,0,0,0,0,0,0,-,-,NaN,0,0,0,Total,8572,4410,2891,0,0,7018,1554,"8,70","928 400,44","108,31",3017,0,16646
Data,Ocup,Opção,Cheg,Oferta/Uso Interno,Deduz. Individ.,Deduz. Grupos,% Ocup.,Receita Quartos,Preço Médio,Saídas,Quartos FdS,Adul. / Cri.,abril,Previsão,17-abr-2027 sáb,0,0,0,0,0,0,0,-,-,NaN,0,0,0,0,0,0,0,0,0,0,-,-,NaN,0,0,0,Total abr,0,0,0,0,0,0,0,-,-,NaN,0,0,0,Total,8572,4410,2891,0,0,7018,1554,"8,70","928 400,44","108,31",3017,0,16646
Data,Ocup,Opção,Cheg,Oferta/Uso Interno,Deduz. Individ.,Deduz. Grupos,% Ocup.,Receita Quartos,Preço Médio,Saídas,Quartos FdS,Adul. / Cri.,abril,Previsão,18-abr-2027 dom,0,0,0,0,0,0,0,-,-,NaN,0,0,0,0,0,0,0,0,0,0,-,-,NaN,0,0,0,Total abr,0,0,0,0,0,0,0,-,-,NaN,0,0,0,Total,8572,4410,2891,0,0,7018,1554,"8,70","928 400,44","108,31",3017,0,16646
Data,Ocup,Opção,Cheg,Oferta/Uso Interno,Deduz. Individ.,Deduz. Grupos,% Ocup.,Receita Quartos,Preço Médio,Saídas,Quartos FdS,Adul. / Cri.,abril,Previsão,19-abr-2027 seg,0,0,0,0,0,0,0,-,-,NaN,0,0,0,0,0,0,0,0,0,0,-,-,NaN,0,0,0,Total abr,0,0,0,0,0,0,0,-,-,NaN,0,0,0,Total,8572,4410,2891,0,0,7018,1554,"8,70","928 400,44","108,31",3017,0,16646
Data,Ocup,Opção,Cheg,Oferta/Uso Interno,Deduz. Individ.,Deduz. Grupos,% Ocup.,Receita Quartos,Preço Médio,Saídas,Quartos FdS,Adul. / Cri.,abril,Previsão,20-abr-2027 ter,0,0,0,0,0,0,0,-,-,NaN,0,0,0,0,0,0,0,0,0,0,-,-,NaN,0,0,0,Total abr,0,0,0,0,0,0,0,-,-,NaN,0,0,0,Total,8572,4410,2891,0,0,7018,1554,"8,70","928 400,44","108,31",3017,0,16646
Data,Ocup,Opção,Cheg,Oferta/Uso Interno,Deduz. Individ.,Deduz. Grupos,% Ocup.,Receita Quartos,Preço Médio,Saídas,Quartos FdS,Adul. / Cri.,abril,Previsão,21-abr-2027 qua,0,0,0,0,0,0,0,-,-,NaN,0,0,0,0,0,0,0,0,0,0,-,-,NaN,0,0,0,Total abr,0,0,0,0,0,0,0,-,-,NaN,0,0,0,Total,8572,4410,2891,0,0,7018,1554,"8,70","928 400,44","108,31",3017,0,16646
Data,Ocup,Opção,Cheg,Oferta/Uso Interno,Deduz. Individ.,Deduz. Grupos,% Ocup.,Receita Quartos,Preço Médio,Saídas,Quartos FdS,Adul. / Cri.,abril,Previsão,22-abr-2027 qui,0,0,0,0,0,0,0,-,-,NaN,0,0,0,0,0,0,0,0,0,0,-,-,NaN,0,0,0,Total abr,0,0,0,0,0,0,0,-,-,NaN,0,0,0,Total,8572,4410,2891,0,0,7018,1554,"8,70","928 400,44","108,31",3017,0,16646
Data,Ocup,Opção,Cheg,Oferta/Uso Interno,Deduz. Individ.,Deduz. Grupos,% Ocup.,Receita Quartos,Preço Médio,Saídas,Quartos FdS,Adul. / Cri.,abril,Previsão,23-abr-2027 sex,0,0,0,0,0,0,0,-,-,NaN,0,0,0,0,0,0,0,0,0,0,-,-,NaN,0,0,0,Total abr,0,0,0,0,0,0,0,-,-,NaN,0,0,0,Total,8572,4410,2891,0,0,7018,1554,"8,70","928 400,44","108,31",3017,0,16646
Data,Ocup,Opção,Cheg,Oferta/Uso Interno,Deduz. Individ.,Deduz. Grupos,% Ocup.,Receita Quartos,Preço Médio,Saídas,Quartos FdS,Adul. / Cri.,abril,Previsão,24-abr-2027 sáb,0,0,0,0,0,0,0,-,-,NaN,0,0,0,0,0,0,0,0,0,0,-,-,NaN,0,0,0,Total abr,0,0,0,0,0,0,0,-,-,NaN,0,0,0,Total,8572,4410,2891,0,0,7018,1554,"8,70","928 400,44","108,31",3017,0,16646
Data,Ocup,Opção,Cheg,Oferta/Uso Interno,Deduz. Individ.,Deduz. Grupos,% Ocup.,Receita Quartos,Preço Médio,Saídas,Quartos FdS,Adul. / Cri.,abril,Previsão,25-abr-2027 dom,0,0,0,0,0,0,0,-,-,NaN,0,0,0,0,0,0,0,0,0,0,-,-,NaN,0,0,0,Total abr,0,0,0,0,0,0,0,-,-,NaN,0,0,0,Total,8572,4410,2891,0,0,7018,1554,"8,70","928 400,44","108,31",3017,0,16646
Data,Ocup,Opção,Cheg,Oferta/Uso Interno,Deduz. Individ.,Deduz. Grupos,% Ocup.,Receita Quartos,Preço Médio,Saídas,Quartos FdS,Adul. / Cri.,abril,Previsão,26-abr-2027 seg,0,0,0,0,0,0,0,-,-,NaN,0,0,0,0,0,0,0,0,0,0,-,-,NaN,0,0,0,Total abr,0,0,0,0,0,0,0,-,-,NaN,0,0,0,Total,8572,4410,2891,0,0,7018,1554,"8,70","928 400,44","108,31",3017,0,16646
Data,Ocup,Opção,Cheg,Oferta/Uso Interno,Deduz. Individ.,Deduz. Grupos,% Ocup.,Receita Quartos,Preço Médio,Saídas,Quartos FdS,Adul. / Cri.,abril,Previsão,27-abr-2027 ter,0,0,0,0,0,0,0,-,-,NaN,0,0,0,0,0,0,0,0,0,0,-,-,NaN,0,0,0,Total abr,0,0,0,0,0,0,0,-,-,NaN,0,0,0,Total,8572,4410,2891,0,0,7018,1554,"8,70","928 400,44","108,31",3017,0,16646
Data,Ocup,Opção,Cheg,Oferta/Uso Interno,Deduz. Individ.,Deduz. Grupos,% Ocup.,Receita Quartos,Preço Médio,Saídas,Quartos FdS,Adul. / Cri.,abril,Previsão,28-abr-2027 qua,0,0,0,0,0,0,0,-,-,NaN,0,0,0,0,0,0,0,0,0,0,-,-,NaN,0,0,0,Total abr,0,0,0,0,0,0,0,-,-,NaN,0,0,0,Total,8572,4410,2891,0,0,7018,1554,"8,70","928 400,44","108,31",3017,0,16646
Data,Ocup,Opção,Cheg,Oferta/Uso Interno,Deduz. Individ.,Deduz. Grupos,% Ocup.,Receita Quartos,Preço Médio,Saídas,Quartos FdS,Adul. / Cri.,abril,Previsão,29-abr-2027 qui,0,0,0,0,0,0,0,-,-,NaN,0,0,0,0,0,0,0,0,0,0,-,-,NaN,0,0,0,Total abr,0,0,0,0,0,0,0,-,-,NaN,0,0,0,Total,8572,4410,2891,0,0,7018,1554,"8,70","928 400,44","108,31",3017,0,16646
Data,Ocup,Opção,Cheg,Oferta/Uso Interno,Deduz. Individ.,Deduz. Grupos,% Ocup.,Receita Quartos,Preço Médio,Saídas,Quartos FdS,Adul. / Cri.,abril,Previsão,30-abr-2027 sex,0,0,0,0,0,0,0,-,-,NaN,0,0,0,0,0,0,0,0,0,0,-,-,NaN,0,0,0,Total abr,0,0,0,0,0,0,0,-,-,NaN,0,0,0,Total,8572,4410,2891,0,0,7018,1554,"8,70","928 400,44","108,31",3017,0,16646
Data,Ocup,Opção,Cheg,Oferta/Uso Interno,Deduz. Individ.,Deduz. Grupos,% Ocup.,Receita Quartos,Preço Médio,Saídas,Quartos FdS,Adul. / Cri.,maio,Previsão,01-mai-2027 sáb,0,0,0,0,0,0,0,-,-,NaN,0,0,0,0,0,0,0,0,0,0,-,-,NaN,0,0,0,Total mai,0,0,0,0,0,0,0,-,-,NaN,0,0,0,Total,8572,4410,2891,0,0,7018,1554,"8,70","928 400,44","108,31",3017,0,16646
Data,Ocup,Opção,Cheg,Oferta/Uso Interno,Deduz. Individ.,Deduz. Grupos,% Ocup.,Receita Quartos,Preço Médio,Saídas,Quartos FdS,Adul. / Cri.,maio,Previsão,02-mai-2027 dom,0,0,0,0,0,0,0,-,-,NaN,0,0,0,0,0,0,0,0,0,0,-,-,NaN,0,0,0,Total mai,0,0,0,0,0,0,0,-,-,NaN,0,0,0,Total,8572,4410,2891,0,0,7018,1554,"8,70","928 400,44","108,31",3017,0,16646
Data,Ocup,Opção,Cheg,Oferta/Uso Interno,Deduz. Individ.,Deduz. Grupos,% Ocup.,Receita Quartos,Preço Médio,Saídas,Quartos FdS,Adul. / Cri.,maio,Previsão,03-mai-2027 seg,0,0,0,0,0,0,0,-,-,NaN,0,0,0,0,0,0,0,0,0,0,-,-,NaN,0,0,0,Total mai,0,0,0,0,0,0,0,-,-,NaN,0,0,0,Total,8572,4410,2891,0,0,7018,1554,"8,70","928 400,44","108,31",3017,0,16646
Data,Ocup,Opção,Cheg,Oferta/Uso Interno,Deduz. Individ.,Deduz. Grupos,% Ocup.,Receita Quartos,Preço Médio,Saídas,Quartos FdS,Adul. / Cri.,maio,Previsão,04-mai-2027 ter,0,0,0,0,0,0,0,-,-,NaN,0,0,0,0,0,0,0,0,0,0,-,-,NaN,0,0,0,Total mai,0,0,0,0,0,0,0,-,-,NaN,0,0,0,Total,8572,4410,2891,0,0,7018,1554,"8,70","928 400,44","108,31",3017,0,16646
Data,Ocup,Opção,Cheg,Oferta/Uso Interno,Deduz. Individ.,Deduz. Grupos,% Ocup.,Receita Quartos,Preço Médio,Saídas,Quartos FdS,Adul. / Cri.,maio,Previsão,05-mai-2027 qua,0,0,0,0,0,0,0,-,-,NaN,0,0,0,0,0,0,0,0,0,0,-,-,NaN,0,0,0,Total mai,0,0,0,0,0,0,0,-,-,NaN,0,0,0,Total,8572,4410,2891,0,0,7018,1554,"8,70","928 400,44","108,31",3017,0,16646
Data,Ocup,Opção,Cheg,Oferta/Uso Interno,Deduz. Individ.,Deduz. Grupos,% Ocup.,Receita Quartos,Preço Médio,Saídas,Quartos FdS,Adul. / Cri.,maio,Previsão,06-mai-2027 qui,0,0,0,0,0,0,0,-,-,NaN,0,0,0,0,0,0,0,0,0,0,-,-,NaN,0,0,0,Total mai,0,0,0,0,0,0,0,-,-,NaN,0,0,0,Total,8572,4410,2891,0,0,7018,1554,"8,70","928 400,44","108,31",3017,0,16646
Data,Ocup,Opção,Cheg,Oferta/Uso Interno,Deduz. Individ.,Deduz. Grupos,% Ocup.,Receita Quartos,Preço Médio,Saídas,Quartos FdS,Adul. / Cri.,maio,Previsão,07-mai-2027 sex,0,0,0,0,0,0,0,-,-,NaN,0,0,0,0,0,0,0,0,0,0,-,-,NaN,0,0,0,Total mai,0,0,0,0,0,0,0,-,-,NaN,0,0,0,Total,8572,4410,2891,0,0,7018,1554,"8,70","928 400,44","108,31",3017,0,16646
Data,Ocup,Opção,Cheg,Oferta/Uso Interno,Deduz. Individ.,Deduz. Grupos,% Ocup.,Receita Quartos,Preço Médio,Saídas,Quartos FdS,Adul. / Cri.,maio,Previsão,08-mai-2027 sáb,0,0,0,0,0,0,0,-,-,NaN,0,0,0,0,0,0,0,0,0,0,-,-,NaN,0,0,0,Total mai,0,0,0,0,0,0,0,-,-,NaN,0,0,0,Total,8572,4410,2891,0,0,7018,1554,"8,70","928 400,44","108,31",3017,0,16646
Data,Ocup,Opção,Cheg,Oferta/Uso Interno,Deduz. Individ.,Deduz. Grupos,% Ocup.,Receita Quartos,Preço Médio,Saídas,Quartos FdS,Adul. / Cri.,maio,Previsão,09-mai-2027 dom,0,0,0,0,0,0,0,-,-,NaN,0,0,0,0,0,0,0,0,0,0,-,-,NaN,0,0,0,Total mai,0,0,0,0,0,0,0,-,-,NaN,0,0,0,Total,8572,4410,2891,0,0,7018,1554,"8,70","928 400,44","108,31",3017,0,16646
Data,Ocup,Opção,Cheg,Oferta/Uso Interno,Deduz. Individ.,Deduz. Grupos,% Ocup.,Receita Quartos,Preço Médio,Saídas,Quartos FdS,Adul. / Cri.,maio,Previsão,10-mai-2027 seg,0,0,0,0,0,0,0,-,-,NaN,0,0,0,0,0,0,0,0,0,0,-,-,NaN,0,0,0,Total mai,0,0,0,0,0,0,0,-,-,NaN,0,0,0,Total,8572,4410,2891,0,0,7018,1554,"8,70","928 400,44","108,31",3017,0,16646
Data,Ocup,Opção,Cheg,Oferta/Uso Interno,Deduz. Individ.,Deduz. Grupos,% Ocup.,Receita Quartos,Preço Médio,Saídas,Quartos FdS,Adul. / Cri.,maio,Previsão,11-mai-2027 ter,0,0,0,0,0,0,0,-,-,NaN,0,0,0,0,0,0,0,0,0,0,-,-,NaN,0,0,0,Total mai,0,0,0,0,0,0,0,-,-,NaN,0,0,0,Total,8572,4410,2891,0,0,7018,1554,"8,70","928 400,44","108,31",3017,0,16646
Data,Ocup,Opção,Cheg,Oferta/Uso Interno,Deduz. Individ.,Deduz. Grupos,% Ocup.,Receita Quartos,Preço Médio,Saídas,Quartos FdS,Adul. / Cri.,maio,Previsão,12-mai-2027 qua,0,0,0,0,0,0,0,-,-,NaN,0,0,0,0,0,0,0,0,0,0,-,-,NaN,0,0,0,Total mai,0,0,0,0,0,0,0,-,-,NaN,0,0,0,Total,8572,4410,2891,0,0,7018,1554,"8,70","928 400,44","108,31",3017,0,16646
Data,Ocup,Opção,Cheg,Oferta/Uso Interno,Deduz. Individ.,Deduz. Grupos,% Ocup.,Receita Quartos,Preço Médio,Saídas,Quartos FdS,Adul. / Cri.,maio,Previsão,13-mai-2027 qui,0,0,0,0,0,0,0,-,-,NaN,0,0,0,0,0,0,0,0,0,0,-,-,NaN,0,0,0,Total mai,0,0,0,0,0,0,0,-,-,NaN,0,0,0,Total,8572,4410,2891,0,0,7018,1554,"8,70","928 400,44","108,31",3017,0,16646
Data,Ocup,Opção,Cheg,Oferta/Uso Interno,Deduz. Individ.,Deduz. Grupos,% Ocup.,Receita Quartos,Preço Médio,Saídas,Quartos FdS,Adul. / Cri.,maio,Previsão,14-mai-2027 sex,0,0,0,0,0,0,0,-,-,NaN,0,0,0,0,0,0,0,0,0,0,-,-,NaN,0,0,0,Total mai,0,0,0,0,0,0,0,-,-,NaN,0,0,0,Total,8572,4410,2891,0,0,7018,1554,"8,70","928 400,44","108,31",3017,0,16646
Data,Ocup,Opção,Cheg,Oferta/Uso Interno,Deduz. Individ.,Deduz. Grupos,% Ocup.,Receita Quartos,Preço Médio,Saídas,Quartos FdS,Adul. / Cri.,maio,Previsão,15-mai-2027 sáb,0,0,0,0,0,0,0,-,-,NaN,0,0,0,0,0,0,0,0,0,0,-,-,NaN,0,0,0,Total mai,0,0,0,0,0,0,0,-,-,NaN,0,0,0,Total,8572,4410,2891,0,0,7018,1554,"8,70","928 400,44","108,31",3017,0,16646
Data,Ocup,Opção,Cheg,Oferta/Uso Interno,Deduz. Individ.,Deduz. Grupos,% Ocup.,Receita Quartos,Preço Médio,Saídas,Quartos FdS,Adul. / Cri.,maio,Previsão,16-mai-2027 dom,0,0,0,0,0,0,0,-,-,NaN,0,0,0,0,0,0,0,0,0,0,-,-,NaN,0,0,0,Total mai,0,0,0,0,0,0,0,-,-,NaN,0,0,0,Total,8572,4410,2891,0,0,7018,1554,"8,70","928 400,44","108,31",3017,0,16646
Data,Ocup,Opção,Cheg,Oferta/Uso Interno,Deduz. Individ.,Deduz. Grupos,% Ocup.,Receita Quartos,Preço Médio,Saídas,Quartos FdS,Adul. / Cri.,maio,Previsão,17-mai-2027 seg,0,0,0,0,0,0,0,-,-,NaN,0,0,0,0,0,0,0,0,0,0,-,-,NaN,0,0,0,Total mai,0,0,0,0,0,0,0,-,-,NaN,0,0,0,Total,8572,4410,2891,0,0,7018,1554,"8,70","928 400,44","108,31",3017,0,16646
Data,Ocup,Opção,Cheg,Oferta/Uso Interno,Deduz. Individ.,Deduz. Grupos,% Ocup.,Receita Quartos,Preço Médio,Saídas,Quartos FdS,Adul. / Cri.,maio,Previsão,18-mai-2027 ter,0,0,0,0,0,0,0,-,-,NaN,0,0,0,0,0,0,0,0,0,0,-,-,NaN,0,0,0,Total mai,0,0,0,0,0,0,0,-,-,NaN,0,0,0,Total,8572,4410,2891,0,0,7018,1554,"8,70","928 400,44","108,31",3017,0,16646
Data,Ocup,Opção,Cheg,Oferta/Uso Interno,Deduz. Individ.,Deduz. Grupos,% Ocup.,Receita Quartos,Preço Médio,Saídas,Quartos FdS,Adul. / Cri.,maio,Previsão,19-mai-2027 qua,0,0,0,0,0,0,0,-,-,NaN,0,0,0,0,0,0,0,0,0,0,-,-,NaN,0,0,0,Total mai,0,0,0,0,0,0,0,-,-,NaN,0,0,0,Total,8572,4410,2891,0,0,7018,1554,"8,70","928 400,44","108,31",3017,0,16646
Data,Ocup,Opção,Cheg,Oferta/Uso Interno,Deduz. Individ.,Deduz. Grupos,% Ocup.,Receita Quartos,Preço Médio,Saídas,Quartos FdS,Adul. / Cri.,maio,Previsão,20-mai-2027 qui,0,0,0,0,0,0,0,-,-,NaN,0,0,0,0,0,0,0,0,0,0,-,-,NaN,0,0,0,Total mai,0,0,0,0,0,0,0,-,-,NaN,0,0,0,Total,8572,4410,2891,0,0,7018,1554,"8,70","928 400,44","108,31",3017,0,16646
Data,Ocup,Opção,Cheg,Oferta/Uso Interno,Deduz. Individ.,Deduz. Grupos,% Ocup.,Receita Quartos,Preço Médio,Saídas,Quartos FdS,Adul. / Cri.,maio,Previsão,21-mai-2027 sex,0,0,0,0,0,0,0,-,-,NaN,0,0,0,0,0,0,0,0,0,0,-,-,NaN,0,0,0,Total mai,0,0,0,0,0,0,0,-,-,NaN,0,0,0,Total,8572,4410,2891,0,0,7018,1554,"8,70","928 400,44","108,31",3017,0,16646
Data,Ocup,Opção,Cheg,Oferta/Uso Interno,Deduz. Individ.,Deduz. Grupos,% Ocup.,Receita Quartos,Preço Médio,Saídas,Quartos FdS,Adul. / Cri.,maio,Previsão,22-mai-2027 sáb,0,0,0,0,0,0,0,-,-,NaN,0,0,0,0,0,0,0,0,0,0,-,-,NaN,0,0,0,Total mai,0,0,0,0,0,0,0,-,-,NaN,0,0,0,Total,8572,4410,2891,0,0,7018,1554,"8,70","928 400,44","108,31",3017,0,16646
Data,Ocup,Opção,Cheg,Oferta/Uso Interno,Deduz. Individ.,Deduz. Grupos,% Ocup.,Receita Quartos,Preço Médio,Saídas,Quartos FdS,Adul. / Cri.,maio,Previsão,23-mai-2027 dom,0,0,0,0,0,0,0,-,-,NaN,0,0,0,0,0,0,0,0,0,0,-,-,NaN,0,0,0,Total mai,0,0,0,0,0,0,0,-,-,NaN,0,0,0,Total,8572,4410,2891,0,0,7018,1554,"8,70","928 400,44","108,31",3017,0,16646
Data,Ocup,Opção,Cheg,Oferta/Uso Interno,Deduz. Individ.,Deduz. Grupos,% Ocup.,Receita Quartos,Preço Médio,Saídas,Quartos FdS,Adul. / Cri.,maio,Previsão,24-mai-2027 seg,0,0,0,0,0,0,0,-,-,NaN,0,0,0,0,0,0,0,0,0,0,-,-,NaN,0,0,0,Total mai,0,0,0,0,0,0,0,-,-,NaN,0,0,0,Total,8572,4410,2891,0,0,7018,1554,"8,70","928 400,44","108,31",3017,0,16646
Data,Ocup,Opção,Cheg,Oferta/Uso Interno,Deduz. Individ.,Deduz. Grupos,% Ocup.,Receita Quartos,Preço Médio,Saídas,Quartos FdS,Adul. / Cri.,maio,Previsão,25-mai-2027 ter,0,0,0,0,0,0,0,-,-,NaN,0,0,0,0,0,0,0,0,0,0,-,-,NaN,0,0,0,Total mai,0,0,0,0,0,0,0,-,-,NaN,0,0,0,Total,8572,4410,2891,0,0,7018,1554,"8,70","928 400,44","108,31",3017,0,16646
Data,Ocup,Opção,Cheg,Oferta/Uso Interno,Deduz. Individ.,Deduz. Grupos,% Ocup.,Receita Quartos,Preço Médio,Saídas,Quartos FdS,Adul. / Cri.,maio,Previsão,26-mai-2027 qua,0,0,0,0,0,0,0,-,-,NaN,0,0,0,0,0,0,0,0,0,0,-,-,NaN,0,0,0,Total mai,0,0,0,0,0,0,0,-,-,NaN,0,0,0,Total,8572,4410,2891,0,0,7018,1554,"8,70","928 400,44","108,31",3017,0,16646
Data,Ocup,Opção,Cheg,Oferta/Uso Interno,Deduz. Individ.,Deduz. Grupos,% Ocup.,Receita Quartos,Preço Médio,Saídas,Quartos FdS,Adul. / Cri.,maio,Previsão,27-mai-2027 qui,0,0,0,0,0,0,0,-,-,NaN,0,0,0,0,0,0,0,0,0,0,-,-,NaN,0,0,0,Total mai,0,0,0,0,0,0,0,-,-,NaN,0,0,0,Total,8572,4410,2891,0,0,7018,1554,"8,70","928 400,44","108,31",3017,0,16646
Data,Ocup,Opção,Cheg,Oferta/Uso Interno,Deduz. Individ.,Deduz. Grupos,% Ocup.,Receita Quartos,Preço Médio,Saídas,Quartos FdS,Adul. / Cri.,maio,Previsão,28-mai-2027 sex,0,0,0,0,0,0,0,-,-,NaN,0,0,0,0,0,0,0,0,0,0,-,-,NaN,0,0,0,Total mai,0,0,0,0,0,0,0,-,-,NaN,0,0,0,Total,8572,4410,2891,0,0,7018,1554,"8,70","928 400,44","108,31",3017,0,16646
Data,Ocup,Opção,Cheg,Oferta/Uso Interno,Deduz. Individ.,Deduz. Grupos,% Ocup.,Receita Quartos,Preço Médio,Saídas,Quartos FdS,Adul. / Cri.,maio,Previsão,29-mai-2027 sáb,0,0,0,0,0,0,0,-,-,NaN,0,0,0,0,0,0,0,0,0,0,-,-,NaN,0,0,0,Total mai,0,0,0,0,0,0,0,-,-,NaN,0,0,0,Total,8572,4410,2891,0,0,7018,1554,"8,70","928 400,44","108,31",3017,0,16646
Data,Ocup,Opção,Cheg,Oferta/Uso Interno,Deduz. Individ.,Deduz. Grupos,% Ocup.,Receita Quartos,Preço Médio,Saídas,Quartos FdS,Adul. / Cri.,maio,Previsão,30-mai-2027 dom,0,0,0,0,0,0,0,-,-,NaN,0,0,0,0,0,0,0,0,0,0,-,-,NaN,0,0,0,Total mai,0,0,0,0,0,0,0,-,-,NaN,0,0,0,Total,8572,4410,2891,0,0,7018,1554,"8,70","928 400,44","108,31",3017,0,16646
Data,Ocup,Opção,Cheg,Oferta/Uso Interno,Deduz. Individ.,Deduz. Grupos,% Ocup.,Receita Quartos,Preço Médio,Saídas,Quartos FdS,Adul. / Cri.,maio,Previsão,31-mai-2027 seg,0,0,0,0,0,0,0,-,-,NaN,0,0,0,0,0,0,0,0,0,0,-,-,NaN,0,0,0,Total mai,0,0,0,0,0,0,0,-,-,NaN,0,0,0,Total,8572,4410,2891,0,0,7018,1554,"8,70","928 400,44","108,31",3017,0,16646
Data,Ocup,Opção,Cheg,Oferta/Uso Interno,Deduz. Individ.,Deduz. Grupos,% Ocup.,Receita Quartos,Preço Médio,Saídas,Quartos FdS,Adul. / Cri.,junho,Previsão,01-jun-2027 ter,0,0,0,0,0,0,0,-,-,NaN,0,0,0,0,45,0,0,0,0,0,-,-,NaN,0,0,0,Total jun,0,45,0,0,0,0,0,-,-,NaN,0,0,0,Total,8572,4410,2891,0,0,7018,1554,"8,70","928 400,44","108,31",3017,0,16646
Data,Ocup,Opção,Cheg,Oferta/Uso Interno,Deduz. Individ.,Deduz. Grupos,% Ocup.,Receita Quartos,Preço Médio,Saídas,Quartos FdS,Adul. / Cri.,junho,Previsão,02-jun-2027 qua,0,0,0,0,0,0,0,-,-,NaN,0,0,0,0,45,0,0,0,0,0,-,-,NaN,0,0,0,Total jun,0,45,0,0,0,0,0,-,-,NaN,0,0,0,Total,8572,4410,2891,0,0,7018,1554,"8,70","928 400,44","108,31",3017,0,16646
Data,Ocup,Opção,Cheg,Oferta/Uso Interno,Deduz. Individ.,Deduz. Grupos,% Ocup.,Receita Quartos,Preço Médio,Saídas,Quartos FdS,Adul. / Cri.,junho,Previsão,03-jun-2027 qui,0,0,0,0,0,0,0,-,-,NaN,0,0,0,0,45,0,0,0,0,0,-,-,NaN,0,0,0,Total jun,0,45,0,0,0,0,0,-,-,NaN,0,0,0,Total,8572,4410,2891,0,0,7018,1554,"8,70","928 400,44","108,31",3017,0,16646
Data,Ocup,Opção,Cheg,Oferta/Uso Interno,Deduz. Individ.,Deduz. Grupos,% Ocup.,Receita Quartos,Preço Médio,Saídas,Quartos FdS,Adul. / Cri.,junho,Previsão,04-jun-2027 sex,0,0,0,0,0,0,0,-,-,NaN,0,0,0,0,45,0,0,0,0,0,-,-,NaN,0,0,0,Total jun,0,45,0,0,0,0,0,-,-,NaN,0,0,0,Total,8572,4410,2891,0,0,7018,1554,"8,70","928 400,44","108,31",3017,0,16646
Data,Ocup,Opção,Cheg,Oferta/Uso Interno,Deduz. Individ.,Deduz. Grupos,% Ocup.,Receita Quartos,Preço Médio,Saídas,Quartos FdS,Adul. / Cri.,junho,Previsão,05-jun-2027 sáb,0,0,0,0,0,0,0,-,-,NaN,0,0,0,0,45,0,0,0,0,0,-,-,NaN,0,0,0,Total jun,0,45,0,0,0,0,0,-,-,NaN,0,0,0,Total,8572,4410,2891,0,0,7018,1554,"8,70","928 400,44","108,31",3017,0,16646
Data,Ocup,Opção,Cheg,Oferta/Uso Interno,Deduz. Individ.,Deduz. Grupos,% Ocup.,Receita Quartos,Preço Médio,Saídas,Quartos FdS,Adul. / Cri.,junho,Previsão,06-jun-2027 dom,0,0,0,0,0,0,0,-,-,NaN,0,0,0,0,45,0,0,0,0,0,-,-,NaN,0,0,0,Total jun,0,45,0,0,0,0,0,-,-,NaN,0,0,0,Total,8572,4410,2891,0,0,7018,1554,"8,70","928 400,44","108,31",3017,0,16646
Data,Ocup,Opção,Cheg,Oferta/Uso Interno,Deduz. Individ.,Deduz. Grupos,% Ocup.,Receita Quartos,Preço Médio,Saídas,Quartos FdS,Adul. / Cri.,junho,Previsão,07-jun-2027 seg,0,0,0,0,0,0,0,-,-,NaN,0,0,0,0,45,0,0,0,0,0,-,-,NaN,0,0,0,Total jun,0,45,0,0,0,0,0,-,-,NaN,0,0,0,Total,8572,4410,2891,0,0,7018,1554,"8,70","928 400,44","108,31",3017,0,16646
Data,Ocup,Opção,Cheg,Oferta/Uso Interno,Deduz. Individ.,Deduz. Grupos,% Ocup.,Receita Quartos,Preço Médio,Saídas,Quartos FdS,Adul. / Cri.,junho,Previsão,08-jun-2027 ter,0,0,0,0,0,0,0,-,-,NaN,0,0,0,0,45,0,0,0,0,0,-,-,NaN,0,0,0,Total jun,0,45,0,0,0,0,0,-,-,NaN,0,0,0,Total,8572,4410,2891,0,0,7018,1554,"8,70","928 400,44","108,31",3017,0,16646
Data,Ocup,Opção,Cheg,Oferta/Uso Interno,Deduz. Individ.,Deduz. Grupos,% Ocup.,Receita Quartos,Preço Médio,Saídas,Quartos FdS,Adul. / Cri.,junho,Previsão,09-jun-2027 qua,0,0,0,0,0,0,0,-,-,NaN,0,0,0,0,45,0,0,0,0,0,-,-,NaN,0,0,0,Total jun,0,45,0,0,0,0,0,-,-,NaN,0,0,0,Total,8572,4410,2891,0,0,7018,1554,"8,70","928 400,44","108,31",3017,0,16646
Data,Ocup,Opção,Cheg,Oferta/Uso Interno,Deduz. Individ.,Deduz. Grupos,% Ocup.,Receita Quartos,Preço Médio,Saídas,Quartos FdS,Adul. / Cri.,junho,Previsão,10-jun-2027 qui,0,0,0,0,0,0,0,-,-,NaN,0,0,0,0,45,0,0,0,0,0,-,-,NaN,0,0,0,Total jun,0,45,0,0,0,0,0,-,-,NaN,0,0,0,Total,8572,4410,2891,0,0,7018,1554,"8,70","928 400,44","108,31",3017,0,16646
Data,Ocup,Opção,Cheg,Oferta/Uso Interno,Deduz. Individ.,Deduz. Grupos,% Ocup.,Receita Quartos,Preço Médio,Saídas,Quartos FdS,Adul. / Cri.,junho,Previsão,11-jun-2027 sex,0,0,0,0,0,0,0,-,-,NaN,0,0,0,0,45,0,0,0,0,0,-,-,NaN,0,0,0,Total jun,0,45,0,0,0,0,0,-,-,NaN,0,0,0,Total,8572,4410,2891,0,0,7018,1554,"8,70","928 400,44","108,31",3017,0,16646
Data,Ocup,Opção,Cheg,Oferta/Uso Interno,Deduz. Individ.,Deduz. Grupos,% Ocup.,Receita Quartos,Preço Médio,Saídas,Quartos FdS,Adul. / Cri.,junho,Previsão,12-jun-2027 sáb,0,0,0,0,0,0,0,-,-,NaN,0,0,0,0,45,0,0,0,0,0,-,-,NaN,0,0,0,Total jun,0,45,0,0,0,0,0,-,-,NaN,0,0,0,Total,8572,4410,2891,0,0,7018,1554,"8,70","928 400,44","108,31",3017,0,16646
Data,Ocup,Opção,Cheg,Oferta/Uso Interno,Deduz. Individ.,Deduz. Grupos,% Ocup.,Receita Quartos,Preço Médio,Saídas,Quartos FdS,Adul. / Cri.,junho,Previsão,13-jun-2027 dom,0,0,0,0,0,0,0,-,-,NaN,0,0,0,0,45,0,0,0,0,0,-,-,NaN,0,0,0,Total jun,0,45,0,0,0,0,0,-,-,NaN,0,0,0,Total,8572,4410,2891,0,0,7018,1554,"8,70","928 400,44","108,31",3017,0,16646
Data,Ocup,Opção,Cheg,Oferta/Uso Interno,Deduz. Individ.,Deduz. Grupos,% Ocup.,Receita Quartos,Preço Médio,Saídas,Quartos FdS,Adul. / Cri.,junho,Previsão,14-jun-2027 seg,0,0,0,0,0,0,0,-,-,NaN,0,0,0,0,45,0,0,0,0,0,-,-,NaN,0,0,0,Total jun,0,45,0,0,0,0,0,-,-,NaN,0,0,0,Total,8572,4410,2891,0,0,7018,1554,"8,70","928 400,44","108,31",3017,0,16646
Data,Ocup,Opção,Cheg,Oferta/Uso Interno,Deduz. Individ.,Deduz. Grupos,% Ocup.,Receita Quartos,Preço Médio,Saídas,Quartos FdS,Adul. / Cri.,junho,Previsão,15-jun-2027 ter,0,0,0,0,0,0,0,-,-,NaN,0,0,0,0,45,0,0,0,0,0,-,-,NaN,0,0,0,Total jun,0,45,0,0,0,0,0,-,-,NaN,0,0,0,Total,8572,4410,2891,0,0,7018,1554,"8,70","928 400,44","108,31",3017,0,16646
Data,Ocup,Opção,Cheg,Oferta/Uso Interno,Deduz. Individ.,Deduz. Grupos,% Ocup.,Receita Quartos,Preço Médio,Saídas,Quartos FdS,Adul. / Cri.,junho,Previsão,16-jun-2027 qua,0,0,0,0,0,0,0,-,-,NaN,0,0,0,0,45,0,0,0,0,0,-,-,NaN,0,0,0,Total jun,0,45,0,0,0,0,0,-,-,NaN,0,0,0,Total,8572,4410,2891,0,0,7018,1554,"8,70","928 400,44","108,31",3017,0,16646
Data,Ocup,Opção,Cheg,Oferta/Uso Interno,Deduz. Individ.,Deduz. Grupos,% Ocup.,Receita Quartos,Preço Médio,Saídas,Quartos FdS,Adul. / Cri.,junho,Previsão,17-jun-2027 qui,0,0,0,0,0,0,0,-,-,NaN,0,0,0,0,45,0,0,0,0,0,-,-,NaN,0,0,0,Total jun,0,45,0,0,0,0,0,-,-,NaN,0,0,0,Total,8572,4410,2891,0,0,7018,1554,"8,70","928 400,44","108,31",3017,0,16646
Data,Ocup,Opção,Cheg,Oferta/Uso Interno,Deduz. Individ.,Deduz. Grupos,% Ocup.,Receita Quartos,Preço Médio,Saídas,Quartos FdS,Adul. / Cri.,junho,Previsão,18-jun-2027 sex,0,0,0,0,0,0,0,-,-,NaN,0,0,0,0,45,0,0,0,0,0,-,-,NaN,0,0,0,Total jun,0,45,0,0,0,0,0,-,-,NaN,0,0,0,Total,8572,4410,2891,0,0,7018,1554,"8,70","928 400,44","108,31",3017,0,16646
Data,Ocup,Opção,Cheg,Oferta/Uso Interno,Deduz. Individ.,Deduz. Grupos,% Ocup.,Receita Quartos,Preço Médio,Saídas,Quartos FdS,Adul. / Cri.,junho,Previsão,19-jun-2027 sáb,0,0,0,0,0,0,0,-,-,NaN,0,0,0,0,45,0,0,0,0,0,-,-,NaN,0,0,0,Total jun,0,45,0,0,0,0,0,-,-,NaN,0,0,0,Total,8572,4410,2891,0,0,7018,1554,"8,70","928 400,44","108,31",3017,0,16646
Data,Ocup,Opção,Cheg,Oferta/Uso Interno,Deduz. Individ.,Deduz. Grupos,% Ocup.,Receita Quartos,Preço Médio,Saídas,Quartos FdS,Adul. / Cri.,junho,Previsão,20-jun-2027 dom,0,0,0,0,0,0,0,-,-,NaN,0,0,0,0,45,0,0,0,0,0,-,-,NaN,0,0,0,Total jun,0,45,0,0,0,0,0,-,-,NaN,0,0,0,Total,8572,4410,2891,0,0,7018,1554,"8,70","928 400,44","108,31",3017,0,16646
Data,Ocup,Opção,Cheg,Oferta/Uso Interno,Deduz. Individ.,Deduz. Grupos,% Ocup.,Receita Quartos,Preço Médio,Saídas,Quartos FdS,Adul. / Cri.,junho,Previsão,21-jun-2027 seg,0,0,0,0,0,0,0,-,-,NaN,0,0,0,0,45,0,0,0,0,0,-,-,NaN,0,0,0,Total jun,0,45,0,0,0,0,0,-,-,NaN,0,0,0,Total,8572,4410,2891,0,0,7018,1554,"8,70","928 400,44","108,31",3017,0,16646
Data,Ocup,Opção,Cheg,Oferta/Uso Interno,Deduz. Individ.,Deduz. Grupos,% Ocup.,Receita Quartos,Preço Médio,Saídas,Quartos FdS,Adul. / Cri.,junho,Previsão,22-jun-2027 ter,0,0,0,0,0,0,0,-,-,NaN,0,0,0,0,45,0,0,0,0,0,-,-,NaN,0,0,0,Total jun,0,45,0,0,0,0,0,-,-,NaN,0,0,0,Total,8572,4410,2891,0,0,7018,1554,"8,70","928 400,44","108,31",3017,0,16646
Data,Ocup,Opção,Cheg,Oferta/Uso Interno,Deduz. Individ.,Deduz. Grupos,% Ocup.,Receita Quartos,Preço Médio,Saídas,Quartos FdS,Adul. / Cri.,junho,Previsão,23-jun-2027 qua,0,0,0,0,0,0,0,-,-,NaN,0,0,0,0,45,0,0,0,0,0,-,-,NaN,0,0,0,Total jun,0,45,0,0,0,0,0,-,-,NaN,0,0,0,Total,8572,4410,2891,0,0,7018,1554,"8,70","928 400,44","108,31",3017,0,16646
Data,Ocup,Opção,Cheg,Oferta/Uso Interno,Deduz. Individ.,Deduz. Grupos,% Ocup.,Receita Quartos,Preço Médio,Saídas,Quartos FdS,Adul. / Cri.,junho,Previsão,24-jun-2027 qui,0,0,0,0,0,0,0,-,-,NaN,0,0,0,0,45,0,0,0,0,0,-,-,NaN,0,0,0,Total jun,0,45,0,0,0,0,0,-,-,NaN,0,0,0,Total,8572,4410,2891,0,0,7018,1554,"8,70","928 400,44","108,31",3017,0,16646
Data,Ocup,Opção,Cheg,Oferta/Uso Interno,Deduz. Individ.,Deduz. Grupos,% Ocup.,Receita Quartos,Preço Médio,Saídas,Quartos FdS,Adul. / Cri.,junho,Previsão,25-jun-2027 sex,0,0,0,0,0,0,0,-,-,NaN,0,0,0,0,45,0,0,0,0,0,-,-,NaN,0,0,0,Total jun,0,45,0,0,0,0,0,-,-,NaN,0,0,0,Total,8572,4410,2891,0,0,7018,1554,"8,70","928 400,44","108,31",3017,0,16646
Data,Ocup,Opção,Cheg,Oferta/Uso Interno,Deduz. Individ.,Deduz. Grupos,% Ocup.,Receita Quartos,Preço Médio,Saídas,Quartos FdS,Adul. / Cri.,junho,Previsão,26-jun-2027 sáb,0,0,0,0,0,0,0,-,-,NaN,0,0,0,0,45,0,0,0,0,0,-,-,NaN,0,0,0,Total jun,0,45,0,0,0,0,0,-,-,NaN,0,0,0,Total,8572,4410,2891,0,0,7018,1554,"8,70","928 400,44","108,31",3017,0,16646
Data,Ocup,Opção,Cheg,Oferta/Uso Interno,Deduz. Individ.,Deduz. Grupos,% Ocup.,Receita Quartos,Preço Médio,Saídas,Quartos FdS,Adul. / Cri.,junho,Previsão,27-jun-2027 dom,0,0,0,0,0,0,0,-,-,NaN,0,0,0,0,45,0,0,0,0,0,-,-,NaN,0,0,0,Total jun,0,45,0,0,0,0,0,-,-,NaN,0,0,0,Total,8572,4410,2891,0,0,7018,1554,"8,70","928 400,44","108,31",3017,0,16646
Data,Ocup,Opção,Cheg,Oferta/Uso Interno,Deduz. Individ.,Deduz. Grupos,% Ocup.,Receita Quartos,Preço Médio,Saídas,Quartos FdS,Adul. / Cri.,junho,Previsão,28-jun-2027 seg,0,15,0,0,0,0,0,-,-,NaN,0,0,0,0,45,0,0,0,0,0,-,-,NaN,0,0,0,Total jun,0,45,0,0,0,0,0,-,-,NaN,0,0,0,Total,8572,4410,2891,0,0,7018,1554,"8,70","928 400,44","108,31",3017,0,16646
Data,Ocup,Opção,Cheg,Oferta/Uso Interno,Deduz. Individ.,Deduz. Grupos,% Ocup.,Receita Quartos,Preço Médio,Saídas,Quartos FdS,Adul. / Cri.,junho,Previsão,29-jun-2027 ter,0,15,0,0,0,0,0,-,-,NaN,0,0,0,0,45,0,0,0,0,0,-,-,NaN,0,0,0,Total jun,0,45,0,0,0,0,0,-,-,NaN,0,0,0,Total,8572,4410,2891,0,0,7018,1554,"8,70","928 400,44","108,31",3017,0,16646
Data,Ocup,Opção,Cheg,Oferta/Uso Interno,Deduz. Individ.,Deduz. Grupos,% Ocup.,Receita Quartos,Preço Médio,Saídas,Quartos FdS,Adul. / Cri.,junho,Previsão,30-jun-2027 qua,0,15,0,0,0,0,0,-,-,NaN,0,0,0,0,45,0,0,0,0,0,-,-,NaN,0,0,0,Total jun,0,45,0,0,0,0,0,-,-,NaN,0,0,0,Total,8572,4410,2891,0,0,7018,1554,"8,70","928 400,44","108,31",3017,0,16646
Data,Ocup,Opção,Cheg,Oferta/Uso Interno,Deduz. Individ.,Deduz. Grupos,% Ocup.,Receita Quartos,Preço Médio,Saídas,Quartos FdS,Adul. / Cri.,julho,Previsão,01-jul-2027 qui,0,0,0,0,0,0,0,-,-,NaN,0,0,0,0,45,0,0,0,0,0,-,-,NaN,0,0,0,Total jul,0,45,0,0,0,0,0,-,-,NaN,0,0,0,Total,8572,4410,2891,0,0,7018,1554,"8,70","928 400,44","108,31",3017,0,16646
Data,Ocup,Opção,Cheg,Oferta/Uso Interno,Deduz. Individ.,Deduz. Grupos,% Ocup.,Receita Quartos,Preço Médio,Saídas,Quartos FdS,Adul. / Cri.,julho,Previsão,02-jul-2027 sex,0,0,0,0,0,0,0,-,-,NaN,0,0,0,0,45,0,0,0,0,0,-,-,NaN,0,0,0,Total jul,0,45,0,0,0,0,0,-,-,NaN,0,0,0,Total,8572,4410,2891,0,0,7018,1554,"8,70","928 400,44","108,31",3017,0,16646
Data,Ocup,Opção,Cheg,Oferta/Uso Interno,Deduz. Individ.,Deduz. Grupos,% Ocup.,Receita Quartos,Preço Médio,Saídas,Quartos FdS,Adul. / Cri.,julho,Previsão,03-jul-2027 sáb,0,0,0,0,0,0,0,-,-,NaN,0,0,0,0,45,0,0,0,0,0,-,-,NaN,0,0,0,Total jul,0,45,0,0,0,0,0,-,-,NaN,0,0,0,Total,8572,4410,2891,0,0,7018,1554,"8,70","928 400,44","108,31",3017,0,16646
Data,Ocup,Opção,Cheg,Oferta/Uso Interno,Deduz. Individ.,Deduz. Grupos,% Ocup.,Receita Quartos,Preço Médio,Saídas,Quartos FdS,Adul. / Cri.,julho,Previsão,04-jul-2027 dom,0,0,0,0,0,0,0,-,-,NaN,0,0,0,0,45,0,0,0,0,0,-,-,NaN,0,0,0,Total jul,0,45,0,0,0,0,0,-,-,NaN,0,0,0,Total,8572,4410,2891,0,0,7018,1554,"8,70","928 400,44","108,31",3017,0,16646
Data,Ocup,Opção,Cheg,Oferta/Uso Interno,Deduz. Individ.,Deduz. Grupos,% Ocup.,Receita Quartos,Preço Médio,Saídas,Quartos FdS,Adul. / Cri.,julho,Previsão,05-jul-2027 seg,0,0,0,0,0,0,0,-,-,NaN,0,0,0,0,45,0,0,0,0,0,-,-,NaN,0,0,0,Total jul,0,45,0,0,0,0,0,-,-,NaN,0,0,0,Total,8572,4410,2891,0,0,7018,1554,"8,70","928 400,44","108,31",3017,0,16646
Data,Ocup,Opção,Cheg,Oferta/Uso Interno,Deduz. Individ.,Deduz. Grupos,% Ocup.,Receita Quartos,Preço Médio,Saídas,Quartos FdS,Adul. / Cri.,julho,Previsão,06-jul-2027 ter,0,0,0,0,0,0,0,-,-,NaN,0,0,0,0,45,0,0,0,0,0,-,-,NaN,0,0,0,Total jul,0,45,0,0,0,0,0,-,-,NaN,0,0,0,Total,8572,4410,2891,0,0,7018,1554,"8,70","928 400,44","108,31",3017,0,16646
Data,Ocup,Opção,Cheg,Oferta/Uso Interno,Deduz. Individ.,Deduz. Grupos,% Ocup.,Receita Quartos,Preço Médio,Saídas,Quartos FdS,Adul. / Cri.,julho,Previsão,07-jul-2027 qua,0,0,0,0,0,0,0,-,-,NaN,0,0,0,0,45,0,0,0,0,0,-,-,NaN,0,0,0,Total jul,0,45,0,0,0,0,0,-,-,NaN,0,0,0,Total,8572,4410,2891,0,0,7018,1554,"8,70","928 400,44","108,31",3017,0,16646
Data,Ocup,Opção,Cheg,Oferta/Uso Interno,Deduz. Individ.,Deduz. Grupos,% Ocup.,Receita Quartos,Preço Médio,Saídas,Quartos FdS,Adul. / Cri.,julho,Previsão,08-jul-2027 qui,0,0,0,0,0,0,0,-,-,NaN,0,0,0,0,45,0,0,0,0,0,-,-,NaN,0,0,0,Total jul,0,45,0,0,0,0,0,-,-,NaN,0,0,0,Total,8572,4410,2891,0,0,7018,1554,"8,70","928 400,44","108,31",3017,0,16646
Data,Ocup,Opção,Cheg,Oferta/Uso Interno,Deduz. Individ.,Deduz. Grupos,% Ocup.,Receita Quartos,Preço Médio,Saídas,Quartos FdS,Adul. / Cri.,julho,Previsão,09-jul-2027 sex,0,0,0,0,0,0,0,-,-,NaN,0,0,0,0,45,0,0,0,0,0,-,-,NaN,0,0,0,Total jul,0,45,0,0,0,0,0,-,-,NaN,0,0,0,Total,8572,4410,2891,0,0,7018,1554,"8,70","928 400,44","108,31",3017,0,16646
Data,Ocup,Opção,Cheg,Oferta/Uso Interno,Deduz. Individ.,Deduz. Grupos,% Ocup.,Receita Quartos,Preço Médio,Saídas,Quartos FdS,Adul. / Cri.,julho,Previsão,10-jul-2027 sáb,0,0,0,0,0,0,0,-,-,NaN,0,0,0,0,45,0,0,0,0,0,-,-,NaN,0,0,0,Total jul,0,45,0,0,0,0,0,-,-,NaN,0,0,0,Total,8572,4410,2891,0,0,7018,1554,"8,70","928 400,44","108,31",3017,0,16646
Data,Ocup,Opção,Cheg,Oferta/Uso Interno,Deduz. Individ.,Deduz. Grupos,% Ocup.,Receita Quartos,Preço Médio,Saídas,Quartos FdS,Adul. / Cri.,julho,Previsão,11-jul-2027 dom,0,0,0,0,0,0,0,-,-,NaN,0,0,0,0,45,0,0,0,0,0,-,-,NaN,0,0,0,Total jul,0,45,0,0,0,0,0,-,-,NaN,0,0,0,Total,8572,4410,2891,0,0,7018,1554,"8,70","928 400,44","108,31",3017,0,16646
Data,Ocup,Opção,Cheg,Oferta/Uso Interno,Deduz. Individ.,Deduz. Grupos,% Ocup.,Receita Quartos,Preço Médio,Saídas,Quartos FdS,Adul. / Cri.,julho,Previsão,12-jul-2027 seg,0,0,0,0,0,0,0,-,-,NaN,0,0,0,0,45,0,0,0,0,0,-,-,NaN,0,0,0,Total jul,0,45,0,0,0,0,0,-,-,NaN,0,0,0,Total,8572,4410,2891,0,0,7018,1554,"8,70","928 400,44","108,31",3017,0,16646
Data,Ocup,Opção,Cheg,Oferta/Uso Interno,Deduz. Individ.,Deduz. Grupos,% Ocup.,Receita Quartos,Preço Médio,Saídas,Quartos FdS,Adul. / Cri.,julho,Previsão,13-jul-2027 ter,0,0,0,0,0,0,0,-,-,NaN,0,0,0,0,45,0,0,0,0,0,-,-,NaN,0,0,0,Total jul,0,45,0,0,0,0,0,-,-,NaN,0,0,0,Total,8572,4410,2891,0,0,7018,1554,"8,70","928 400,44","108,31",3017,0,16646
Data,Ocup,Opção,Cheg,Oferta/Uso Interno,Deduz. Individ.,Deduz. Grupos,% Ocup.,Receita Quartos,Preço Médio,Saídas,Quartos FdS,Adul. / Cri.,julho,Previsão,14-jul-2027 qua,0,0,0,0,0,0,0,-,-,NaN,0,0,0,0,45,0,0,0,0,0,-,-,NaN,0,0,0,Total jul,0,45,0,0,0,0,0,-,-,NaN,0,0,0,Total,8572,4410,2891,0,0,7018,1554,"8,70","928 400,44","108,31",3017,0,16646
Data,Ocup,Opção,Cheg,Oferta/Uso Interno,Deduz. Individ.,Deduz. Grupos,% Ocup.,Receita Quartos,Preço Médio,Saídas,Quartos FdS,Adul. / Cri.,julho,Previsão,15-jul-2027 qui,0,0,0,0,0,0,0,-,-,NaN,0,0,0,0,45,0,0,0,0,0,-,-,NaN,0,0,0,Total jul,0,45,0,0,0,0,0,-,-,NaN,0,0,0,Total,8572,4410,2891,0,0,7018,1554,"8,70","928 400,44","108,31",3017,0,16646
Data,Ocup,Opção,Cheg,Oferta/Uso Interno,Deduz. Individ.,Deduz. Grupos,% Ocup.,Receita Quartos,Preço Médio,Saídas,Quartos FdS,Adul. / Cri.,julho,Previsão,16-jul-2027 sex,0,0,0,0,0,0,0,-,-,NaN,0,0,0,0,45,0,0,0,0,0,-,-,NaN,0,0,0,Total jul,0,45,0,0,0,0,0,-,-,NaN,0,0,0,Total,8572,4410,2891,0,0,7018,1554,"8,70","928 400,44","108,31",3017,0,16646
Data,Ocup,Opção,Cheg,Oferta/Uso Interno,Deduz. Individ.,Deduz. Grupos,% Ocup.,Receita Quartos,Preço Médio,Saídas,Quartos FdS,Adul. / Cri.,julho,Previsão,17-jul-2027 sáb,0,0,0,0,0,0,0,-,-,NaN,0,0,0,0,45,0,0,0,0,0,-,-,NaN,0,0,0,Total jul,0,45,0,0,0,0,0,-,-,NaN,0,0,0,Total,8572,4410,2891,0,0,7018,1554,"8,70","928 400,44","108,31",3017,0,16646
Data,Ocup,Opção,Cheg,Oferta/Uso Interno,Deduz. Individ.,Deduz. Grupos,% Ocup.,Receita Quartos,Preço Médio,Saídas,Quartos FdS,Adul. / Cri.,julho,Previsão,18-jul-2027 dom,0,0,0,0,0,0,0,-,-,NaN,0,0,0,0,45,0,0,0,0,0,-,-,NaN,0,0,0,Total jul,0,45,0,0,0,0,0,-,-,NaN,0,0,0,Total,8572,4410,2891,0,0,7018,1554,"8,70","928 400,44","108,31",3017,0,16646
Data,Ocup,Opção,Cheg,Oferta/Uso Interno,Deduz. Individ.,Deduz. Grupos,% Ocup.,Receita Quartos,Preço Médio,Saídas,Quartos FdS,Adul. / Cri.,julho,Previsão,19-jul-2027 seg,0,15,0,0,0,0,0,-,-,NaN,0,0,0,0,45,0,0,0,0,0,-,-,NaN,0,0,0,Total jul,0,45,0,0,0,0,0,-,-,NaN,0,0,0,Total,8572,4410,2891,0,0,7018,1554,"8,70","928 400,44","108,31",3017,0,16646
Data,Ocup,Opção,Cheg,Oferta/Uso Interno,Deduz. Individ.,Deduz. Grupos,% Ocup.,Receita Quartos,Preço Médio,Saídas,Quartos FdS,Adul. / Cri.,julho,Previsão,20-jul-2027 ter,0,15,0,0,0,0,0,-,-,NaN,0,0,0,0,45,0,0,0,0,0,-,-,NaN,0,0,0,Total jul,0,45,0,0,0,0,0,-,-,NaN,0,0,0,Total,8572,4410,2891,0,0,7018,1554,"8,70","928 400,44","108,31",3017,0,16646
Data,Ocup,Opção,Cheg,Oferta/Uso Interno,Deduz. Individ.,Deduz. Grupos,% Ocup.,Receita Quartos,Preço Médio,Saídas,Quartos FdS,Adul. / Cri.,julho,Previsão,21-jul-2027 qua,0,15,0,0,0,0,0,-,-,NaN,0,0,0,0,45,0,0,0,0,0,-,-,NaN,0,0,0,Total jul,0,45,0,0,0,0,0,-,-,NaN,0,0,0,Total,8572,4410,2891,0,0,7018,1554,"8,70","928 400,44","108,31",3017,0,16646
Data,Ocup,Opção,Cheg,Oferta/Uso Interno,Deduz. Individ.,Deduz. Grupos,% Ocup.,Receita Quartos,Preço Médio,Saídas,Quartos FdS,Adul. / Cri.,julho,Previsão,22-jul-2027 qui,0,0,0,0,0,0,0,-,-,NaN,0,0,0,0,45,0,0,0,0,0,-,-,NaN,0,0,0,Total jul,0,45,0,0,0,0,0,-,-,NaN,0,0,0,Total,8572,4410,2891,0,0,7018,1554,"8,70","928 400,44","108,31",3017,0,16646
Data,Ocup,Opção,Cheg,Oferta/Uso Interno,Deduz. Individ.,Deduz. Grupos,% Ocup.,Receita Quartos,Preço Médio,Saídas,Quartos FdS,Adul. / Cri.,julho,Previsão,23-jul-2027 sex,0,0,0,0,0,0,0,-,-,NaN,0,0,0,0,45,0,0,0,0,0,-,-,NaN,0,0,0,Total jul,0,45,0,0,0,0,0,-,-,NaN,0,0,0,Total,8572,4410,2891,0,0,7018,1554,"8,70","928 400,44","108,31",3017,0,16646
Data,Ocup,Opção,Cheg,Oferta/Uso Interno,Deduz. Individ.,Deduz. Grupos,% Ocup.,Receita Quartos,Preço Médio,Saídas,Quartos FdS,Adul. / Cri.,julho,Previsão,24-jul-2027 sáb,0,0,0,0,0,0,0,-,-,NaN,0,0,0,0,45,0,0,0,0,0,-,-,NaN,0,0,0,Total jul,0,45,0,0,0,0,0,-,-,NaN,0,0,0,Total,8572,4410,2891,0,0,7018,1554,"8,70","928 400,44","108,31",3017,0,16646
Data,Ocup,Opção,Cheg,Oferta/Uso Interno,Deduz. Individ.,Deduz. Grupos,% Ocup.,Receita Quartos,Preço Médio,Saídas,Quartos FdS,Adul. / Cri.,julho,Previsão,25-jul-2027 dom,0,0,0,0,0,0,0,-,-,NaN,0,0,0,0,45,0,0,0,0,0,-,-,NaN,0,0,0,Total jul,0,45,0,0,0,0,0,-,-,NaN,0,0,0,Total,8572,4410,2891,0,0,7018,1554,"8,70","928 400,44","108,31",3017,0,16646
Data,Ocup,Opção,Cheg,Oferta/Uso Interno,Deduz. Individ.,Deduz. Grupos,% Ocup.,Receita Quartos,Preço Médio,Saídas,Quartos FdS,Adul. / Cri.,julho,Previsão,26-jul-2027 seg,0,0,0,0,0,0,0,-,-,NaN,0,0,0,0,45,0,0,0,0,0,-,-,NaN,0,0,0,Total jul,0,45,0,0,0,0,0,-,-,NaN,0,0,0,Total,8572,4410,2891,0,0,7018,1554,"8,70","928 400,44","108,31",3017,0,16646
Data,Ocup,Opção,Cheg,Oferta/Uso Interno,Deduz. Individ.,Deduz. Grupos,% Ocup.,Receita Quartos,Preço Médio,Saídas,Quartos FdS,Adul. / Cri.,julho,Previsão,27-jul-2027 ter,0,0,0,0,0,0,0,-,-,NaN,0,0,0,0,45,0,0,0,0,0,-,-,NaN,0,0,0,Total jul,0,45,0,0,0,0,0,-,-,NaN,0,0,0,Total,8572,4410,2891,0,0,7018,1554,"8,70","928 400,44","108,31",3017,0,16646
Data,Ocup,Opção,Cheg,Oferta/Uso Interno,Deduz. Individ.,Deduz. Grupos,% Ocup.,Receita Quartos,Preço Médio,Saídas,Quartos FdS,Adul. / Cri.,julho,Previsão,28-jul-2027 qua,0,0,0,0,0,0,0,-,-,NaN,0,0,0,0,45,0,0,0,0,0,-,-,NaN,0,0,0,Total jul,0,45,0,0,0,0,0,-,-,NaN,0,0,0,Total,8572,4410,2891,0,0,7018,1554,"8,70","928 400,44","108,31",3017,0,16646
Data,Ocup,Opção,Cheg,Oferta/Uso Interno,Deduz. Individ.,Deduz. Grupos,% Ocup.,Receita Quartos,Preço Médio,Saídas,Quartos FdS,Adul. / Cri.,julho,Previsão,29-jul-2027 qui,0,0,0,0,0,0,0,-,-,NaN,0,0,0,0,45,0,0,0,0,0,-,-,NaN,0,0,0,Total jul,0,45,0,0,0,0,0,-,-,NaN,0,0,0,Total,8572,4410,2891,0,0,7018,1554,"8,70","928 400,44","108,31",3017,0,16646
Data,Ocup,Opção,Cheg,Oferta/Uso Interno,Deduz. Individ.,Deduz. Grupos,% Ocup.,Receita Quartos,Preço Médio,Saídas,Quartos FdS,Adul. / Cri.,julho,Previsão,30-jul-2027 sex,0,0,0,0,0,0,0,-,-,NaN,0,0,0,0,45,0,0,0,0,0,-,-,NaN,0,0,0,Total jul,0,45,0,0,0,0,0,-,-,NaN,0,0,0,Total,8572,4410,2891,0,0,7018,1554,"8,70","928 400,44","108,31",3017,0,16646
Data,Ocup,Opção,Cheg,Oferta/Uso Interno,Deduz. Individ.,Deduz. Grupos,% Ocup.,Receita Quartos,Preço Médio,Saídas,Quartos FdS,Adul. / Cri.,julho,Previsão,31-jul-2027 sáb,0,0,0,0,0,0,0,-,-,NaN,0,0,0,0,45,0,0,0,0,0,-,-,NaN,0,0,0,Total jul,0,45,0,0,0,0,0,-,-,NaN,0,0,0,Total,8572,4410,2891,0,0,7018,1554,"8,70","928 400,44","108,31",3017,0,16646
Data,Ocup,Opção,Cheg,Oferta/Uso Interno,Deduz. Individ.,Deduz. Grupos,% Ocup.,Receita Quartos,Preço Médio,Saídas,Quartos FdS,Adul. / Cri.,agosto,Previsão,01-ago-2027 dom,0,0,0,0,0,0,0,-,-,NaN,0,0,0,0,90,0,0,0,0,0,-,-,NaN,0,0,0,Total ago,0,90,0,0,0,0,0,-,-,NaN,0,0,0,Total,8572,4410,2891,0,0,7018,1554,"8,70","928 400,44","108,31",3017,0,16646
Data,Ocup,Opção,Cheg,Oferta/Uso Interno,Deduz. Individ.,Deduz. Grupos,% Ocup.,Receita Quartos,Preço Médio,Saídas,Quartos FdS,Adul. / Cri.,agosto,Previsão,02-ago-2027 seg,0,0,0,0,0,0,0,-,-,NaN,0,0,0,0,90,0,0,0,0,0,-,-,NaN,0,0,0,Total ago,0,90,0,0,0,0,0,-,-,NaN,0,0,0,Total,8572,4410,2891,0,0,7018,1554,"8,70","928 400,44","108,31",3017,0,16646
Data,Ocup,Opção,Cheg,Oferta/Uso Interno,Deduz. Individ.,Deduz. Grupos,% Ocup.,Receita Quartos,Preço Médio,Saídas,Quartos FdS,Adul. / Cri.,agosto,Previsão,03-ago-2027 ter,0,0,0,0,0,0,0,-,-,NaN,0,0,0,0,90,0,0,0,0,0,-,-,NaN,0,0,0,Total ago,0,90,0,0,0,0,0,-,-,NaN,0,0,0,Total,8572,4410,2891,0,0,7018,1554,"8,70","928 400,44","108,31",3017,0,16646
Data,Ocup,Opção,Cheg,Oferta/Uso Interno,Deduz. Individ.,Deduz. Grupos,% Ocup.,Receita Quartos,Preço Médio,Saídas,Quartos FdS,Adul. / Cri.,agosto,Previsão,04-ago-2027 qua,0,0,0,0,0,0,0,-,-,NaN,0,0,0,0,90,0,0,0,0,0,-,-,NaN,0,0,0,Total ago,0,90,0,0,0,0,0,-,-,NaN,0,0,0,Total,8572,4410,2891,0,0,7018,1554,"8,70","928 400,44","108,31",3017,0,16646
Data,Ocup,Opção,Cheg,Oferta/Uso Interno,Deduz. Individ.,Deduz. Grupos,% Ocup.,Receita Quartos,Preço Médio,Saídas,Quartos FdS,Adul. / Cri.,agosto,Previsão,05-ago-2027 qui,0,0,0,0,0,0,0,-,-,NaN,0,0,0,0,90,0,0,0,0,0,-,-,NaN,0,0,0,Total ago,0,90,0,0,0,0,0,-,-,NaN,0,0,0,Total,8572,4410,2891,0,0,7018,1554,"8,70","928 400,44","108,31",3017,0,16646
Data,Ocup,Opção,Cheg,Oferta/Uso Interno,Deduz. Individ.,Deduz. Grupos,% Ocup.,Receita Quartos,Preço Médio,Saídas,Quartos FdS,Adul. / Cri.,agosto,Previsão,06-ago-2027 sex,0,0,0,0,0,0,0,-,-,NaN,0,0,0,0,90,0,0,0,0,0,-,-,NaN,0,0,0,Total ago,0,90,0,0,0,0,0,-,-,NaN,0,0,0,Total,8572,4410,2891,0,0,7018,1554,"8,70","928 400,44","108,31",3017,0,16646
Data,Ocup,Opção,Cheg,Oferta/Uso Interno,Deduz. Individ.,Deduz. Grupos,% Ocup.,Receita Quartos,Preço Médio,Saídas,Quartos FdS,Adul. / Cri.,agosto,Previsão,07-ago-2027 sáb,0,0,0,0,0,0,0,-,-,NaN,0,0,0,0,90,0,0,0,0,0,-,-,NaN,0,0,0,Total ago,0,90,0,0,0,0,0,-,-,NaN,0,0,0,Total,8572,4410,2891,0,0,7018,1554,"8,70","928 400,44","108,31",3017,0,16646
Data,Ocup,Opção,Cheg,Oferta/Uso Interno,Deduz. Individ.,Deduz. Grupos,% Ocup.,Receita Quartos,Preço Médio,Saídas,Quartos FdS,Adul. / Cri.,agosto,Previsão,08-ago-2027 dom,0,0,0,0,0,0,0,-,-,NaN,0,0,0,0,90,0,0,0,0,0,-,-,NaN,0,0,0,Total ago,0,90,0,0,0,0,0,-,-,NaN,0,0,0,Total,8572,4410,2891,0,0,7018,1554,"8,70","928 400,44","108,31",3017,0,16646
Data,Ocup,Opção,Cheg,Oferta/Uso Interno,Deduz. Individ.,Deduz. Grupos,% Ocup.,Receita Quartos,Preço Médio,Saídas,Quartos FdS,Adul. / Cri.,agosto,Previsão,09-ago-2027 seg,0,15,0,0,0,0,0,-,-,NaN,0,0,0,0,90,0,0,0,0,0,-,-,NaN,0,0,0,Total ago,0,90,0,0,0,0,0,-,-,NaN,0,0,0,Total,8572,4410,2891,0,0,7018,1554,"8,70","928 400,44","108,31",3017,0,16646
Data,Ocup,Opção,Cheg,Oferta/Uso Interno,Deduz. Individ.,Deduz. Grupos,% Ocup.,Receita Quartos,Preço Médio,Saídas,Quartos FdS,Adul. / Cri.,agosto,Previsão,10-ago-2027 ter,0,15,0,0,0,0,0,-,-,NaN,0,0,0,0,90,0,0,0,0,0,-,-,NaN,0,0,0,Total ago,0,90,0,0,0,0,0,-,-,NaN,0,0,0,Total,8572,4410,2891,0,0,7018,1554,"8,70","928 400,44","108,31",3017,0,16646
Data,Ocup,Opção,Cheg,Oferta/Uso Interno,Deduz. Individ.,Deduz. Grupos,% Ocup.,Receita Quartos,Preço Médio,Saídas,Quartos FdS,Adul. / Cri.,agosto,Previsão,11-ago-2027 qua,0,15,0,0,0,0,0,-,-,NaN,0,0,0,0,90,0,0,0,0,0,-,-,NaN,0,0,0,Total ago,0,90,0,0,0,0,0,-,-,NaN,0,0,0,Total,8572,4410,2891,0,0,7018,1554,"8,70","928 400,44","108,31",3017,0,16646
Data,Ocup,Opção,Cheg,Oferta/Uso Interno,Deduz. Individ.,Deduz. Grupos,% Ocup.,Receita Quartos,Preço Médio,Saídas,Quartos FdS,Adul. / Cri.,agosto,Previsão,12-ago-2027 qui,0,0,0,0,0,0,0,-,-,NaN,0,0,0,0,90,0,0,0,0,0,-,-,NaN,0,0,0,Total ago,0,90,0,0,0,0,0,-,-,NaN,0,0,0,Total,8572,4410,2891,0,0,7018,1554,"8,70","928 400,44","108,31",3017,0,16646
Data,Ocup,Opção,Cheg,Oferta/Uso Interno,Deduz. Individ.,Deduz. Grupos,% Ocup.,Receita Quartos,Preço Médio,Saídas,Quartos FdS,Adul. / Cri.,agosto,Previsão,13-ago-2027 sex,0,0,0,0,0,0,0,-,-,NaN,0,0,0,0,90,0,0,0,0,0,-,-,NaN,0,0,0,Total ago,0,90,0,0,0,0,0,-,-,NaN,0,0,0,Total,8572,4410,2891,0,0,7018,1554,"8,70","928 400,44","108,31",3017,0,16646
Data,Ocup,Opção,Cheg,Oferta/Uso Interno,Deduz. Individ.,Deduz. Grupos,% Ocup.,Receita Quartos,Preço Médio,Saídas,Quartos FdS,Adul. / Cri.,agosto,Previsão,14-ago-2027 sáb,0,0,0,0,0,0,0,-,-,NaN,0,0,0,0,90,0,0,0,0,0,-,-,NaN,0,0,0,Total ago,0,90,0,0,0,0,0,-,-,NaN,0,0,0,Total,8572,4410,2891,0,0,7018,1554,"8,70","928 400,44","108,31",3017,0,16646
Data,Ocup,Opção,Cheg,Oferta/Uso Interno,Deduz. Individ.,Deduz. Grupos,% Ocup.,Receita Quartos,Preço Médio,Saídas,Quartos FdS,Adul. / Cri.,agosto,Previsão,15-ago-2027 dom,0,0,0,0,0,0,0,-,-,NaN,0,0,0,0,90,0,0,0,0,0,-,-,NaN,0,0,0,Total ago,0,90,0,0,0,0,0,-,-,NaN,0,0,0,Total,8572,4410,2891,0,0,7018,1554,"8,70","928 400,44","108,31",3017,0,16646
Data,Ocup,Opção,Cheg,Oferta/Uso Interno,Deduz. Individ.,Deduz. Grupos,% Ocup.,Receita Quartos,Preço Médio,Saídas,Quartos FdS,Adul. / Cri.,agosto,Previsão,16-ago-2027 seg,0,0,0,0,0,0,0,-,-,NaN,0,0,0,0,90,0,0,0,0,0,-,-,NaN,0,0,0,Total ago,0,90,0,0,0,0,0,-,-,NaN,0,0,0,Total,8572,4410,2891,0,0,7018,1554,"8,70","928 400,44","108,31",3017,0,16646
Data,Ocup,Opção,Cheg,Oferta/Uso Interno,Deduz. Individ.,Deduz. Grupos,% Ocup.,Receita Quartos,Preço Médio,Saídas,Quartos FdS,Adul. / Cri.,agosto,Previsão,17-ago-2027 ter,0,0,0,0,0,0,0,-,-,NaN,0,0,0,0,90,0,0,0,0,0,-,-,NaN,0,0,0,Total ago,0,90,0,0,0,0,0,-,-,NaN,0,0,0,Total,8572,4410,2891,0,0,7018,1554,"8,70","928 400,44","108,31",3017,0,16646
Data,Ocup,Opção,Cheg,Oferta/Uso Interno,Deduz. Individ.,Deduz. Grupos,% Ocup.,Receita Quartos,Preço Médio,Saídas,Quartos FdS,Adul. / Cri.,agosto,Previsão,18-ago-2027 qua,0,0,0,0,0,0,0,-,-,NaN,0,0,0,0,90,0,0,0,0,0,-,-,NaN,0,0,0,Total ago,0,90,0,0,0,0,0,-,-,NaN,0,0,0,Total,8572,4410,2891,0,0,7018,1554,"8,70","928 400,44","108,31",3017,0,16646
Data,Ocup,Opção,Cheg,Oferta/Uso Interno,Deduz. Individ.,Deduz. Grupos,% Ocup.,Receita Quartos,Preço Médio,Saídas,Quartos FdS,Adul. / Cri.,agosto,Previsão,19-ago-2027 qui,0,0,0,0,0,0,0,-,-,NaN,0,0,0,0,90,0,0,0,0,0,-,-,NaN,0,0,0,Total ago,0,90,0,0,0,0,0,-,-,NaN,0,0,0,Total,8572,4410,2891,0,0,7018,1554,"8,70","928 400,44","108,31",3017,0,16646
Data,Ocup,Opção,Cheg,Oferta/Uso Interno,Deduz. Individ.,Deduz. Grupos,% Ocup.,Receita Quartos,Preço Médio,Saídas,Quartos FdS,Adul. / Cri.,agosto,Previsão,20-ago-2027 sex,0,0,0,0,0,0,0,-,-,NaN,0,0,0,0,90,0,0,0,0,0,-,-,NaN,0,0,0,Total ago,0,90,0,0,0,0,0,-,-,NaN,0,0,0,Total,8572,4410,2891,0,0,7018,1554,"8,70","928 400,44","108,31",3017,0,16646
Data,Ocup,Opção,Cheg,Oferta/Uso Interno,Deduz. Individ.,Deduz. Grupos,% Ocup.,Receita Quartos,Preço Médio,Saídas,Quartos FdS,Adul. / Cri.,agosto,Previsão,21-ago-2027 sáb,0,0,0,0,0,0,0,-,-,NaN,0,0,0,0,90,0,0,0,0,0,-,-,NaN,0,0,0,Total ago,0,90,0,0,0,0,0,-,-,NaN,0,0,0,Total,8572,4410,2891,0,0,7018,1554,"8,70","928 400,44","108,31",3017,0,16646
Data,Ocup,Opção,Cheg,Oferta/Uso Interno,Deduz. Individ.,Deduz. Grupos,% Ocup.,Receita Quartos,Preço Médio,Saídas,Quartos FdS,Adul. / Cri.,agosto,Previsão,22-ago-2027 dom,0,0,0,0,0,0,0,-,-,NaN,0,0,0,0,90,0,0,0,0,0,-,-,NaN,0,0,0,Total ago,0,90,0,0,0,0,0,-,-,NaN,0,0,0,Total,8572,4410,2891,0,0,7018,1554,"8,70","928 400,44","108,31",3017,0,16646
Data,Ocup,Opção,Cheg,Oferta/Uso Interno,Deduz. Individ.,Deduz. Grupos,% Ocup.,Receita Quartos,Preço Médio,Saídas,Quartos FdS,Adul. / Cri.,agosto,Previsão,23-ago-2027 seg,0,15,0,0,0,0,0,-,-,NaN,0,0,0,0,90,0,0,0,0,0,-,-,NaN,0,0,0,Total ago,0,90,0,0,0,0,0,-,-,NaN,0,0,0,Total,8572,4410,2891,0,0,7018,1554,"8,70","928 400,44","108,31",3017,0,16646
Data,Ocup,Opção,Cheg,Oferta/Uso Interno,Deduz. Individ.,Deduz. Grupos,% Ocup.,Receita Quartos,Preço Médio,Saídas,Quartos FdS,Adul. / Cri.,agosto,Previsão,24-ago-2027 ter,0,15,0,0,0,0,0,-,-,NaN,0,0,0,0,90,0,0,0,0,0,-,-,NaN,0,0,0,Total ago,0,90,0,0,0,0,0,-,-,NaN,0,0,0,Total,8572,4410,2891,0,0,7018,1554,"8,70","928 400,44","108,31",3017,0,16646
Data,Ocup,Opção,Cheg,Oferta/Uso Interno,Deduz. Individ.,Deduz. Grupos,% Ocup.,Receita Quartos,Preço Médio,Saídas,Quartos FdS,Adul. / Cri.,agosto,Previsão,25-ago-2027 qua,0,15,0,0,0,0,0,-,-,NaN,0,0,0,0,90,0,0,0,0,0,-,-,NaN,0,0,0,Total ago,0,90,0,0,0,0,0,-,-,NaN,0,0,0,Total,8572,4410,2891,0,0,7018,1554,"8,70","928 400,44","108,31",3017,0,16646
Data,Ocup,Opção,Cheg,Oferta/Uso Interno,Deduz. Individ.,Deduz. Grupos,% Ocup.,Receita Quartos,Preço Médio,Saídas,Quartos FdS,Adul. / Cri.,agosto,Previsão,26-ago-2027 qui,0,0,0,0,0,0,0,-,-,NaN,0,0,0,0,90,0,0,0,0,0,-,-,NaN,0,0,0,Total ago,0,90,0,0,0,0,0,-,-,NaN,0,0,0,Total,8572,4410,2891,0,0,7018,1554,"8,70","928 400,44","108,31",3017,0,16646
Data,Ocup,Opção,Cheg,Oferta/Uso Interno,Deduz. Individ.,Deduz. Grupos,% Ocup.,Receita Quartos,Preço Médio,Saídas,Quartos FdS,Adul. / Cri.,agosto,Previsão,27-ago-2027 sex,0,0,0,0,0,0,0,-,-,NaN,0,0,0,0,90,0,0,0,0,0,-,-,NaN,0,0,0,Total ago,0,90,0,0,0,0,0,-,-,NaN,0,0,0,Total,8572,4410,2891,0,0,7018,1554,"8,70","928 400,44","108,31",3017,0,16646
Data,Ocup,Opção,Cheg,Oferta/Uso Interno,Deduz. Individ.,Deduz. Grupos,% Ocup.,Receita Quartos,Preço Médio,Saídas,Quartos FdS,Adul. / Cri.,agosto,Previsão,28-ago-2027 sáb,0,0,0,0,0,0,0,-,-,NaN,0,0,0,0,90,0,0,0,0,0,-,-,NaN,0,0,0,Total ago,0,90,0,0,0,0,0,-,-,NaN,0,0,0,Total,8572,4410,2891,0,0,7018,1554,"8,70","928 400,44","108,31",3017,0,16646
Data,Ocup,Opção,Cheg,Oferta/Uso Interno,Deduz. Individ.,Deduz. Grupos,% Ocup.,Receita Quartos,Preço Médio,Saídas,Quartos FdS,Adul. / Cri.,agosto,Previsão,29-ago-2027 dom,0,0,0,0,0,0,0,-,-,NaN,0,0,0,0,90,0,0,0,0,0,-,-,NaN,0,0,0,Total ago,0,90,0,0,0,0,0,-,-,NaN,0,0,0,Total,8572,4410,2891,0,0,7018,1554,"8,70","928 400,44","108,31",3017,0,16646
Data,Ocup,Opção,Cheg,Oferta/Uso Interno,Deduz. Individ.,Deduz. Grupos,% Ocup.,Receita Quartos,Preço Médio,Saídas,Quartos FdS,Adul. / Cri.,agosto,Previsão,30-ago-2027 seg,0,0,0,0,0,0,0,-,-,NaN,0,0,0,0,90,0,0,0,0,0,-,-,NaN,0,0,0,Total ago,0,90,0,0,0,0,0,-,-,NaN,0,0,0,Total,8572,4410,2891,0,0,7018,1554,"8,70","928 400,44","108,31",3017,0,16646
Data,Ocup,Opção,Cheg,Oferta/Uso Interno,Deduz. Individ.,Deduz. Grupos,% Ocup.,Receita Quartos,Preço Médio,Saídas,Quartos FdS,Adul. / Cri.,agosto,Previsão,31-ago-2027 ter,0,0,0,0,0,0,0,-,-,NaN,0,0,0,0,90,0,0,0,0,0,-,-,NaN,0,0,0,Total ago,0,90,0,0,0,0,0,-,-,NaN,0,0,0,Total,8572,4410,2891,0,0,7018,1554,"8,70","928 400,44","108,31",3017,0,16646
Data,Ocup,Opção,Cheg,Oferta/Uso Interno,Deduz. Individ.,Deduz. Grupos,% Ocup.,Receita Quartos,Preço Médio,Saídas,Quartos FdS,Adul. / Cri.,setembro,Previsão,01-set-2027 qua,0,0,0,0,0,0,0,-,-,NaN,0,0,0,0,0,0,0,0,0,0,-,-,NaN,0,0,0,Total set,0,0,0,0,0,0,0,-,-,NaN,0,0,0,Total,8572,4410,2891,0,0,7018,1554,"8,70","928 400,44","108,31",3017,0,16646
Data,Ocup,Opção,Cheg,Oferta/Uso Interno,Deduz. Individ.,Deduz. Grupos,% Ocup.,Receita Quartos,Preço Médio,Saídas,Quartos FdS,Adul. / Cri.,setembro,Previsão,02-set-2027 qui,0,0,0,0,0,0,0,-,-,NaN,0,0,0,0,0,0,0,0,0,0,-,-,NaN,0,0,0,Total set,0,0,0,0,0,0,0,-,-,NaN,0,0,0,Total,8572,4410,2891,0,0,7018,1554,"8,70","928 400,44","108,31",3017,0,16646
Data,Ocup,Opção,Cheg,Oferta/Uso Interno,Deduz. Individ.,Deduz. Grupos,% Ocup.,Receita Quartos,Preço Médio,Saídas,Quartos FdS,Adul. / Cri.,setembro,Previsão,03-set-2027 sex,0,0,0,0,0,0,0,-,-,NaN,0,0,0,0,0,0,0,0,0,0,-,-,NaN,0,0,0,Total set,0,0,0,0,0,0,0,-,-,NaN,0,0,0,Total,8572,4410,2891,0,0,7018,1554,"8,70","928 400,44","108,31",3017,0,16646
Data,Ocup,Opção,Cheg,Oferta/Uso Interno,Deduz. Individ.,Deduz. Grupos,% Ocup.,Receita Quartos,Preço Médio,Saídas,Quartos FdS,Adul. / Cri.,setembro,Previsão,04-set-2027 sáb,0,0,0,0,0,0,0,-,-,NaN,0,0,0,0,0,0,0,0,0,0,-,-,NaN,0,0,0,Total set,0,0,0,0,0,0,0,-,-,NaN,0,0,0,Total,8572,4410,2891,0,0,7018,1554,"8,70","928 400,44","108,31",3017,0,16646
Data,Ocup,Opção,Cheg,Oferta/Uso Interno,Deduz. Individ.,Deduz. Grupos,% Ocup.,Receita Quartos,Preço Médio,Saídas,Quartos FdS,Adul. / Cri.,setembro,Previsão,05-set-2027 dom,0,0,0,0,0,0,0,-,-,NaN,0,0,0,0,0,0,0,0,0,0,-,-,NaN,0,0,0,Total set,0,0,0,0,0,0,0,-,-,NaN,0,0,0,Total,8572,4410,2891,0,0,7018,1554,"8,70","928 400,44","108,31",3017,0,16646
Data,Ocup,Opção,Cheg,Oferta/Uso Interno,Deduz. Individ.,Deduz. Grupos,% Ocup.,Receita Quartos,Preço Médio,Saídas,Quartos FdS,Adul. / Cri.,setembro,Previsão,06-set-2027 seg,0,0,0,0,0,0,0,-,-,NaN,0,0,0,0,0,0,0,0,0,0,-,-,NaN,0,0,0,Total set,0,0,0,0,0,0,0,-,-,NaN,0,0,0,Total,8572,4410,2891,0,0,7018,1554,"8,70","928 400,44","108,31",3017,0,16646
Data,Ocup,Opção,Cheg,Oferta/Uso Interno,Deduz. Individ.,Deduz. Grupos,% Ocup.,Receita Quartos,Preço Médio,Saídas,Quartos FdS,Adul. / Cri.,setembro,Previsão,07-set-2027 ter,0,0,0,0,0,0,0,-,-,NaN,0,0,0,0,0,0,0,0,0,0,-,-,NaN,0,0,0,Total set,0,0,0,0,0,0,0,-,-,NaN,0,0,0,Total,8572,4410,2891,0,0,7018,1554,"8,70","928 400,44","108,31",3017,0,16646
Data,Ocup,Opção,Cheg,Oferta/Uso Interno,Deduz. Individ.,Deduz. Grupos,% Ocup.,Receita Quartos,Preço Médio,Saídas,Quartos FdS,Adul. / Cri.,setembro,Previsão,08-set-2027 qua,0,0,0,0,0,0,0,-,-,NaN,0,0,0,0,0,0,0,0,0,0,-,-,NaN,0,0,0,Total set,0,0,0,0,0,0,0,-,-,NaN,0,0,0,Total,8572,4410,2891,0,0,7018,1554,"8,70","928 400,44","108,31",3017,0,16646
Data,Ocup,Opção,Cheg,Oferta/Uso Interno,Deduz. Individ.,Deduz. Grupos,% Ocup.,Receita Quartos,Preço Médio,Saídas,Quartos FdS,Adul. / Cri.,setembro,Previsão,09-set-2027 qui,0,0,0,0,0,0,0,-,-,NaN,0,0,0,0,0,0,0,0,0,0,-,-,NaN,0,0,0,Total set,0,0,0,0,0,0,0,-,-,NaN,0,0,0,Total,8572,4410,2891,0,0,7018,1554,"8,70","928 400,44","108,31",3017,0,16646
Data,Ocup,Opção,Cheg,Oferta/Uso Interno,Deduz. Individ.,Deduz. Grupos,% Ocup.,Receita Quartos,Preço Médio,Saídas,Quartos FdS,Adul. / Cri.,setembro,Previsão,10-set-2027 sex,0,0,0,0,0,0,0,-,-,NaN,0,0,0,0,0,0,0,0,0,0,-,-,NaN,0,0,0,Total set,0,0,0,0,0,0,0,-,-,NaN,0,0,0,Total,8572,4410,2891,0,0,7018,1554,"8,70","928 400,44","108,31",3017,0,16646
Data,Ocup,Opção,Cheg,Oferta/Uso Interno,Deduz. Individ.,Deduz. Grupos,% Ocup.,Receita Quartos,Preço Médio,Saídas,Quartos FdS,Adul. / Cri.,setembro,Previsão,11-set-2027 sáb,0,0,0,0,0,0,0,-,-,NaN,0,0,0,0,0,0,0,0,0,0,-,-,NaN,0,0,0,Total set,0,0,0,0,0,0,0,-,-,NaN,0,0,0,Total,8572,4410,2891,0,0,7018,1554,"8,70","928 400,44","108,31",3017,0,16646
Data,Ocup,Opção,Cheg,Oferta/Uso Interno,Deduz. Individ.,Deduz. Grupos,% Ocup.,Receita Quartos,Preço Médio,Saídas,Quartos FdS,Adul. / Cri.,setembro,Previsão,12-set-2027 dom,0,0,0,0,0,0,0,-,-,NaN,0,0,0,0,0,0,0,0,0,0,-,-,NaN,0,0,0,Total set,0,0,0,0,0,0,0,-,-,NaN,0,0,0,Total,8572,4410,2891,0,0,7018,1554,"8,70","928 400,44","108,31",3017,0,16646
Data,Ocup,Opção,Cheg,Oferta/Uso Interno,Deduz. Individ.,Deduz. Grupos,% Ocup.,Receita Quartos,Preço Médio,Saídas,Quartos FdS,Adul. / Cri.,setembro,Previsão,13-set-2027 seg,0,0,0,0,0,0,0,-,-,NaN,0,0,0,0,0,0,0,0,0,0,-,-,NaN,0,0,0,Total set,0,0,0,0,0,0,0,-,-,NaN,0,0,0,Total,8572,4410,2891,0,0,7018,1554,"8,70","928 400,44","108,31",3017,0,16646
Data,Ocup,Opção,Cheg,Oferta/Uso Interno,Deduz. Individ.,Deduz. Grupos,% Ocup.,Receita Quartos,Preço Médio,Saídas,Quartos FdS,Adul. / Cri.,setembro,Previsão,14-set-2027 ter,0,0,0,0,0,0,0,-,-,NaN,0,0,0,0,0,0,0,0,0,0,-,-,NaN,0,0,0,Total set,0,0,0,0,0,0,0,-,-,NaN,0,0,0,Total,8572,4410,2891,0,0,7018,1554,"8,70","928 400,44","108,31",3017,0,16646
Data,Ocup,Opção,Cheg,Oferta/Uso Interno,Deduz. Individ.,Deduz. Grupos,% Ocup.,Receita Quartos,Preço Médio,Saídas,Quartos FdS,Adul. / Cri.,setembro,Previsão,15-set-2027 qua,0,0,0,0,0,0,0,-,-,NaN,0,0,0,0,0,0,0,0,0,0,-,-,NaN,0,0,0,Total set,0,0,0,0,0,0,0,-,-,NaN,0,0,0,Total,8572,4410,2891,0,0,7018,1554,"8,70","928 400,44","108,31",3017,0,16646
Data,Ocup,Opção,Cheg,Oferta/Uso Interno,Deduz. Individ.,Deduz. Grupos,% Ocup.,Receita Quartos,Preço Médio,Saídas,Quartos FdS,Adul. / Cri.,setembro,Previsão,16-set-2027 qui,0,0,0,0,0,0,0,-,-,NaN,0,0,0,0,0,0,0,0,0,0,-,-,NaN,0,0,0,Total set,0,0,0,0,0,0,0,-,-,NaN,0,0,0,Total,8572,4410,2891,0,0,7018,1554,"8,70","928 400,44","108,31",3017,0,16646
Data,Ocup,Opção,Cheg,Oferta/Uso Interno,Deduz. Individ.,Deduz. Grupos,% Ocup.,Receita Quartos,Preço Médio,Saídas,Quartos FdS,Adul. / Cri.,setembro,Previsão,17-set-2027 sex,0,0,0,0,0,0,0,-,-,NaN,0,0,0,0,0,0,0,0,0,0,-,-,NaN,0,0,0,Total set,0,0,0,0,0,0,0,-,-,NaN,0,0,0,Total,8572,4410,2891,0,0,7018,1554,"8,70","928 400,44","108,31",3017,0,16646
Data,Ocup,Opção,Cheg,Oferta/Uso Interno,Deduz. Individ.,Deduz. Grupos,% Ocup.,Receita Quartos,Preço Médio,Saídas,Quartos FdS,Adul. / Cri.,setembro,Previsão,18-set-2027 sáb,0,0,0,0,0,0,0,-,-,NaN,0,0,0,0,0,0,0,0,0,0,-,-,NaN,0,0,0,Total set,0,0,0,0,0,0,0,-,-,NaN,0,0,0,Total,8572,4410,2891,0,0,7018,1554,"8,70","928 400,44","108,31",3017,0,16646
Data,Ocup,Opção,Cheg,Oferta/Uso Interno,Deduz. Individ.,Deduz. Grupos,% Ocup.,Receita Quartos,Preço Médio,Saídas,Quartos FdS,Adul. / Cri.,setembro,Previsão,19-set-2027 dom,0,0,0,0,0,0,0,-,-,NaN,0,0,0,0,0,0,0,0,0,0,-,-,NaN,0,0,0,Total set,0,0,0,0,0,0,0,-,-,NaN,0,0,0,Total,8572,4410,2891,0,0,7018,1554,"8,70","928 400,44","108,31",3017,0,16646
Data,Ocup,Opção,Cheg,Oferta/Uso Interno,Deduz. Individ.,Deduz. Grupos,% Ocup.,Receita Quartos,Preço Médio,Saídas,Quartos FdS,Adul. / Cri.,setembro,Previsão,20-set-2027 seg,0,0,0,0,0,0,0,-,-,NaN,0,0,0,0,0,0,0,0,0,0,-,-,NaN,0,0,0,Total set,0,0,0,0,0,0,0,-,-,NaN,0,0,0,Total,8572,4410,2891,0,0,7018,1554,"8,70","928 400,44","108,31",3017,0,16646
Data,Ocup,Opção,Cheg,Oferta/Uso Interno,Deduz. Individ.,Deduz. Grupos,% Ocup.,Receita Quartos,Preço Médio,Saídas,Quartos FdS,Adul. / Cri.,setembro,Previsão,21-set-2027 ter,0,0,0,0,0,0,0,-,-,NaN,0,0,0,0,0,0,0,0,0,0,-,-,NaN,0,0,0,Total set,0,0,0,0,0,0,0,-,-,NaN,0,0,0,Total,8572,4410,2891,0,0,7018,1554,"8,70","928 400,44","108,31",3017,0,16646
Data,Ocup,Opção,Cheg,Oferta/Uso Interno,Deduz. Individ.,Deduz. Grupos,% Ocup.,Receita Quartos,Preço Médio,Saídas,Quartos FdS,Adul. / Cri.,setembro,Previsão,22-set-2027 qua,0,0,0,0,0,0,0,-,-,NaN,0,0,0,0,0,0,0,0,0,0,-,-,NaN,0,0,0,Total set,0,0,0,0,0,0,0,-,-,NaN,0,0,0,Total,8572,4410,2891,0,0,7018,1554,"8,70","928 400,44","108,31",3017,0,16646
Data,Ocup,Opção,Cheg,Oferta/Uso Interno,Deduz. Individ.,Deduz. Grupos,% Ocup.,Receita Quartos,Preço Médio,Saídas,Quartos FdS,Adul. / Cri.,setembro,Previsão,23-set-2027 qui,0,0,0,0,0,0,0,-,-,NaN,0,0,0,0,0,0,0,0,0,0,-,-,NaN,0,0,0,Total set,0,0,0,0,0,0,0,-,-,NaN,0,0,0,Total,8572,4410,2891,0,0,7018,1554,"8,70","928 400,44","108,31",3017,0,16646
Data,Ocup,Opção,Cheg,Oferta/Uso Interno,Deduz. Individ.,Deduz. Grupos,% Ocup.,Receita Quartos,Preço Médio,Saídas,Quartos FdS,Adul. / Cri.,setembro,Previsão,24-set-2027 sex,0,0,0,0,0,0,0,-,-,NaN,0,0,0,0,0,0,0,0,0,0,-,-,NaN,0,0,0,Total set,0,0,0,0,0,0,0,-,-,NaN,0,0,0,Total,8572,4410,2891,0,0,7018,1554,"8,70","928 400,44","108,31",3017,0,16646
Data,Ocup,Opção,Cheg,Oferta/Uso Interno,Deduz. Individ.,Deduz. Grupos,% Ocup.,Receita Quartos,Preço Médio,Saídas,Quartos FdS,Adul. / Cri.,setembro,Previsão,25-set-2027 sáb,0,0,0,0,0,0,0,-,-,NaN,0,0,0,0,0,0,0,0,0,0,-,-,NaN,0,0,0,Total set,0,0,0,0,0,0,0,-,-,NaN,0,0,0,Total,8572,4410,2891,0,0,7018,1554,"8,70","928 400,44","108,31",3017,0,16646
Data,Ocup,Opção,Cheg,Oferta/Uso Interno,Deduz. Individ.,Deduz. Grupos,% Ocup.,Receita Quartos,Preço Médio,Saídas,Quartos FdS,Adul. / Cri.,setembro,Previsão,26-set-2027 dom,0,0,0,0,0,0,0,-,-,NaN,0,0,0,0,0,0,0,0,0,0,-,-,NaN,0,0,0,Total set,0,0,0,0,0,0,0,-,-,NaN,0,0,0,Total,8572,4410,2891,0,0,7018,1554,"8,70","928 400,44","108,31",3017,0,16646
Data,Ocup,Opção,Cheg,Oferta/Uso Interno,Deduz. Individ.,Deduz. Grupos,% Ocup.,Receita Quartos,Preço Médio,Saídas,Quartos FdS,Adul. / Cri.,setembro,Previsão,27-set-2027 seg,0,0,0,0,0,0,0,-,-,NaN,0,0,0,0,0,0,0,0,0,0,-,-,NaN,0,0,0,Total set,0,0,0,0,0,0,0,-,-,NaN,0,0,0,Total,8572,4410,2891,0,0,7018,1554,"8,70","928 400,44","108,31",3017,0,16646
Data,Ocup,Opção,Cheg,Oferta/Uso Interno,Deduz. Individ.,Deduz. Grupos,% Ocup.,Receita Quartos,Preço Médio,Saídas,Quartos FdS,Adul. / Cri.,setembro,Previsão,28-set-2027 ter,0,0,0,0,0,0,0,-,-,NaN,0,0,0,0,0,0,0,0,0,0,-,-,NaN,0,0,0,Total set,0,0,0,0,0,0,0,-,-,NaN,0,0,0,Total,8572,4410,2891,0,0,7018,1554,"8,70","928 400,44","108,31",3017,0,16646
Data,Ocup,Opção,Cheg,Oferta/Uso Interno,Deduz. Individ.,Deduz. Grupos,% Ocup.,Receita Quartos,Preço Médio,Saídas,Quartos FdS,Adul. / Cri.,setembro,Previsão,29-set-2027 qua,0,0,0,0,0,0,0,-,-,NaN,0,0,0,0,0,0,0,0,0,0,-,-,NaN,0,0,0,Total set,0,0,0,0,0,0,0,-,-,NaN,0,0,0,Total,8572,4410,2891,0,0,7018,1554,"8,70","928 400,44","108,31",3017,0,16646
Data,Ocup,Opção,Cheg,Oferta/Uso Interno,Deduz. Individ.,Deduz. Grupos,% Ocup.,Receita Quartos,Preço Médio,Saídas,Quartos FdS,Adul. / Cri.,setembro,Previsão,30-set-2027 qui,0,0,0,0,0,0,0,-,-,NaN,0,0,0,0,0,0,0,0,0,0,-,-,NaN,0,0,0,Total set,0,0,0,0,0,0,0,-,-,NaN,0,0,0,Total,8572,4410,2891,0,0,7018,1554,"8,70","928 400,44","108,31",3017,0,16646
Data,Ocup,Opção,Cheg,Oferta/Uso Interno,Deduz. Individ.,Deduz. Grupos,% Ocup.,Receita Quartos,Preço Médio,Saídas,Quartos FdS,Adul. / Cri.,outubro,Previsão,01-out-2027 sex,0,0,0,0,0,0,0,-,-,NaN,0,0,0,0,0,0,0,0,0,0,-,-,NaN,0,0,0,Total out,0,0,0,0,0,0,0,-,-,NaN,0,0,0,Total,8572,4410,2891,0,0,7018,1554,"8,70","928 400,44","108,31",3017,0,16646
Data,Ocup,Opção,Cheg,Oferta/Uso Interno,Deduz. Individ.,Deduz. Grupos,% Ocup.,Receita Quartos,Preço Médio,Saídas,Quartos FdS,Adul. / Cri.,outubro,Previsão,02-out-2027 sáb,0,0,0,0,0,0,0,-,-,NaN,0,0,0,0,0,0,0,0,0,0,-,-,NaN,0,0,0,Total out,0,0,0,0,0,0,0,-,-,NaN,0,0,0,Total,8572,4410,2891,0,0,7018,1554,"8,70","928 400,44","108,31",3017,0,16646
Data,Ocup,Opção,Cheg,Oferta/Uso Interno,Deduz. Individ.,Deduz. Grupos,% Ocup.,Receita Quartos,Preço Médio,Saídas,Quartos FdS,Adul. / Cri.,outubro,Previsão,03-out-2027 dom,0,0,0,0,0,0,0,-,-,NaN,0,0,0,0,0,0,0,0,0,0,-,-,NaN,0,0,0,Total out,0,0,0,0,0,0,0,-,-,NaN,0,0,0,Total,8572,4410,2891,0,0,7018,1554,"8,70","928 400,44","108,31",3017,0,16646
Data,Ocup,Opção,Cheg,Oferta/Uso Interno,Deduz. Individ.,Deduz. Grupos,% Ocup.,Receita Quartos,Preço Médio,Saídas,Quartos FdS,Adul. / Cri.,outubro,Previsão,04-out-2027 seg,0,0,0,0,0,0,0,-,-,NaN,0,0,0,0,0,0,0,0,0,0,-,-,NaN,0,0,0,Total out,0,0,0,0,0,0,0,-,-,NaN,0,0,0,Total,8572,4410,2891,0,0,7018,1554,"8,70","928 400,44","108,31",3017,0,16646
Data,Ocup,Opção,Cheg,Oferta/Uso Interno,Deduz. Individ.,Deduz. Grupos,% Ocup.,Receita Quartos,Preço Médio,Saídas,Quartos FdS,Adul. / Cri.,outubro,Previsão,05-out-2027 ter,0,0,0,0,0,0,0,-,-,NaN,0,0,0,0,0,0,0,0,0,0,-,-,NaN,0,0,0,Total out,0,0,0,0,0,0,0,-,-,NaN,0,0,0,Total,8572,4410,2891,0,0,7018,1554,"8,70","928 400,44","108,31",3017,0,16646
Data,Ocup,Opção,Cheg,Oferta/Uso Interno,Deduz. Individ.,Deduz. Grupos,% Ocup.,Receita Quartos,Preço Médio,Saídas,Quartos FdS,Adul. / Cri.,outubro,Previsão,06-out-2027 qua,0,0,0,0,0,0,0,-,-,NaN,0,0,0,0,0,0,0,0,0,0,-,-,NaN,0,0,0,Total out,0,0,0,0,0,0,0,-,-,NaN,0,0,0,Total,8572,4410,2891,0,0,7018,1554,"8,70","928 400,44","108,31",3017,0,16646
Data,Ocup,Opção,Cheg,Oferta/Uso Interno,Deduz. Individ.,Deduz. Grupos,% Ocup.,Receita Quartos,Preço Médio,Saídas,Quartos FdS,Adul. / Cri.,outubro,Previsão,07-out-2027 qui,0,0,0,0,0,0,0,-,-,NaN,0,0,0,0,0,0,0,0,0,0,-,-,NaN,0,0,0,Total out,0,0,0,0,0,0,0,-,-,NaN,0,0,0,Total,8572,4410,2891,0,0,7018,1554,"8,70","928 400,44","108,31",3017,0,16646
Data,Ocup,Opção,Cheg,Oferta/Uso Interno,Deduz. Individ.,Deduz. Grupos,% Ocup.,Receita Quartos,Preço Médio,Saídas,Quartos FdS,Adul. / Cri.,outubro,Previsão,08-out-2027 sex,0,0,0,0,0,0,0,-,-,NaN,0,0,0,0,0,0,0,0,0,0,-,-,NaN,0,0,0,Total out,0,0,0,0,0,0,0,-,-,NaN,0,0,0,Total,8572,4410,2891,0,0,7018,1554,"8,70","928 400,44","108,31",3017,0,16646
Data,Ocup,Opção,Cheg,Oferta/Uso Interno,Deduz. Individ.,Deduz. Grupos,% Ocup.,Receita Quartos,Preço Médio,Saídas,Quartos FdS,Adul. / Cri.,outubro,Previsão,09-out-2027 sáb,0,0,0,0,0,0,0,-,-,NaN,0,0,0,0,0,0,0,0,0,0,-,-,NaN,0,0,0,Total out,0,0,0,0,0,0,0,-,-,NaN,0,0,0,Total,8572,4410,2891,0,0,7018,1554,"8,70","928 400,44","108,31",3017,0,16646
Data,Ocup,Opção,Cheg,Oferta/Uso Interno,Deduz. Individ.,Deduz. Grupos,% Ocup.,Receita Quartos,Preço Médio,Saídas,Quartos FdS,Adul. / Cri.,outubro,Previsão,10-out-2027 dom,0,0,0,0,0,0,0,-,-,NaN,0,0,0,0,0,0,0,0,0,0,-,-,NaN,0,0,0,Total out,0,0,0,0,0,0,0,-,-,NaN,0,0,0,Total,8572,4410,2891,0,0,7018,1554,"8,70","928 400,44","108,31",3017,0,16646
Data,Ocup,Opção,Cheg,Oferta/Uso Interno,Deduz. Individ.,Deduz. Grupos,% Ocup.,Receita Quartos,Preço Médio,Saídas,Quartos FdS,Adul. / Cri.,outubro,Previsão,11-out-2027 seg,0,0,0,0,0,0,0,-,-,NaN,0,0,0,0,0,0,0,0,0,0,-,-,NaN,0,0,0,Total out,0,0,0,0,0,0,0,-,-,NaN,0,0,0,Total,8572,4410,2891,0,0,7018,1554,"8,70","928 400,44","108,31",3017,0,16646
Data,Ocup,Opção,Cheg,Oferta/Uso Interno,Deduz. Individ.,Deduz. Grupos,% Ocup.,Receita Quartos,Preço Médio,Saídas,Quartos FdS,Adul. / Cri.,outubro,Previsão,12-out-2027 ter,0,0,0,0,0,0,0,-,-,NaN,0,0,0,0,0,0,0,0,0,0,-,-,NaN,0,0,0,Total out,0,0,0,0,0,0,0,-,-,NaN,0,0,0,Total,8572,4410,2891,0,0,7018,1554,"8,70","928 400,44","108,31",3017,0,16646
Data,Ocup,Opção,Cheg,Oferta/Uso Interno,Deduz. Individ.,Deduz. Grupos,% Ocup.,Receita Quartos,Preço Médio,Saídas,Quartos FdS,Adul. / Cri.,outubro,Previsão,13-out-2027 qua,0,0,0,0,0,0,0,-,-,NaN,0,0,0,0,0,0,0,0,0,0,-,-,NaN,0,0,0,Total out,0,0,0,0,0,0,0,-,-,NaN,0,0,0,Total,8572,4410,2891,0,0,7018,1554,"8,70","928 400,44","108,31",3017,0,16646
Data,Ocup,Opção,Cheg,Oferta/Uso Interno,Deduz. Individ.,Deduz. Grupos,% Ocup.,Receita Quartos,Preço Médio,Saídas,Quartos FdS,Adul. / Cri.,outubro,Previsão,14-out-2027 qui,0,0,0,0,0,0,0,-,-,NaN,0,0,0,0,0,0,0,0,0,0,-,-,NaN,0,0,0,Total out,0,0,0,0,0,0,0,-,-,NaN,0,0,0,Total,8572,4410,2891,0,0,7018,1554,"8,70","928 400,44","108,31",3017,0,16646
Data,Ocup,Opção,Cheg,Oferta/Uso Interno,Deduz. Individ.,Deduz. Grupos,% Ocup.,Receita Quartos,Preço Médio,Saídas,Quartos FdS,Adul. / Cri.,outubro,Previsão,15-out-2027 sex,0,0,0,0,0,0,0,-,-,NaN,0,0,0,0,0,0,0,0,0,0,-,-,NaN,0,0,0,Total out,0,0,0,0,0,0,0,-,-,NaN,0,0,0,Total,8572,4410,2891,0,0,7018,1554,"8,70","928 400,44","108,31",3017,0,16646
Data,Ocup,Opção,Cheg,Oferta/Uso Interno,Deduz. Individ.,Deduz. Grupos,% Ocup.,Receita Quartos,Preço Médio,Saídas,Quartos FdS,Adul. / Cri.,outubro,Previsão,16-out-2027 sáb,0,0,0,0,0,0,0,-,-,NaN,0,0,0,0,0,0,0,0,0,0,-,-,NaN,0,0,0,Total out,0,0,0,0,0,0,0,-,-,NaN,0,0,0,Total,8572,4410,2891,0,0,7018,1554,"8,70","928 400,44","108,31",3017,0,16646
Data,Ocup,Opção,Cheg,Oferta/Uso Interno,Deduz. Individ.,Deduz. Grupos,% Ocup.,Receita Quartos,Preço Médio,Saídas,Quartos FdS,Adul. / Cri.,outubro,Previsão,17-out-2027 dom,0,0,0,0,0,0,0,-,-,NaN,0,0,0,0,0,0,0,0,0,0,-,-,NaN,0,0,0,Total out,0,0,0,0,0,0,0,-,-,NaN,0,0,0,Total,8572,4410,2891,0,0,7018,1554,"8,70","928 400,44","108,31",3017,0,16646
Data,Ocup,Opção,Cheg,Oferta/Uso Interno,Deduz. Individ.,Deduz. Grupos,% Ocup.,Receita Quartos,Preço Médio,Saídas,Quartos FdS,Adul. / Cri.,outubro,Previsão,18-out-2027 seg,0,0,0,0,0,0,0,-,-,NaN,0,0,0,0,0,0,0,0,0,0,-,-,NaN,0,0,0,Total out,0,0,0,0,0,0,0,-,-,NaN,0,0,0,Total,8572,4410,2891,0,0,7018,1554,"8,70","928 400,44","108,31",3017,0,16646
Data,Ocup,Opção,Cheg,Oferta/Uso Interno,Deduz. Individ.,Deduz. Grupos,% Ocup.,Receita Quartos,Preço Médio,Saídas,Quartos FdS,Adul. / Cri.,outubro,Previsão,19-out-2027 ter,0,0,0,0,0,0,0,-,-,NaN,0,0,0,0,0,0,0,0,0,0,-,-,NaN,0,0,0,Total out,0,0,0,0,0,0,0,-,-,NaN,0,0,0,Total,8572,4410,2891,0,0,7018,1554,"8,70","928 400,44","108,31",3017,0,16646
Data,Ocup,Opção,Cheg,Oferta/Uso Interno,Deduz. Individ.,Deduz. Grupos,% Ocup.,Receita Quartos,Preço Médio,Saídas,Quartos FdS,Adul. / Cri.,outubro,Previsão,20-out-2027 qua,0,0,0,0,0,0,0,-,-,NaN,0,0,0,0,0,0,0,0,0,0,-,-,NaN,0,0,0,Total out,0,0,0,0,0,0,0,-,-,NaN,0,0,0,Total,8572,4410,2891,0,0,7018,1554,"8,70","928 400,44","108,31",3017,0,16646
Data,Ocup,Opção,Cheg,Oferta/Uso Interno,Deduz. Individ.,Deduz. Grupos,% Ocup.,Receita Quartos,Preço Médio,Saídas,Quartos FdS,Adul. / Cri.,outubro,Previsão,21-out-2027 qui,0,0,0,0,0,0,0,-,-,NaN,0,0,0,0,0,0,0,0,0,0,-,-,NaN,0,0,0,Total out,0,0,0,0,0,0,0,-,-,NaN,0,0,0,Total,8572,4410,2891,0,0,7018,1554,"8,70","928 400,44","108,31",3017,0,16646
Data,Ocup,Opção,Cheg,Oferta/Uso Interno,Deduz. Individ.,Deduz. Grupos,% Ocup.,Receita Quartos,Preço Médio,Saídas,Quartos FdS,Adul. / Cri.,outubro,Previsão,22-out-2027 sex,0,0,0,0,0,0,0,-,-,NaN,0,0,0,0,0,0,0,0,0,0,-,-,NaN,0,0,0,Total out,0,0,0,0,0,0,0,-,-,NaN,0,0,0,Total,8572,4410,2891,0,0,7018,1554,"8,70","928 400,44","108,31",3017,0,16646
Data,Ocup,Opção,Cheg,Oferta/Uso Interno,Deduz. Individ.,Deduz. Grupos,% Ocup.,Receita Quartos,Preço Médio,Saídas,Quartos FdS,Adul. / Cri.,outubro,Previsão,23-out-2027 sáb,0,0,0,0,0,0,0,-,-,NaN,0,0,0,0,0,0,0,0,0,0,-,-,NaN,0,0,0,Total out,0,0,0,0,0,0,0,-,-,NaN,0,0,0,Total,8572,4410,2891,0,0,7018,1554,"8,70","928 400,44","108,31",3017,0,16646
Data,Ocup,Opção,Cheg,Oferta/Uso Interno,Deduz. Individ.,Deduz. Grupos,% Ocup.,Receita Quartos,Preço Médio,Saídas,Quartos FdS,Adul. / Cri.,outubro,Previsão,24-out-2027 dom,0,0,0,0,0,0,0,-,-,NaN,0,0,0,0,0,0,0,0,0,0,-,-,NaN,0,0,0,Total out,0,0,0,0,0,0,0,-,-,NaN,0,0,0,Total,8572,4410,2891,0,0,7018,1554,"8,70","928 400,44","108,31",3017,0,16646
Data,Ocup,Opção,Cheg,Oferta/Uso Interno,Deduz. Individ.,Deduz. Grupos,% Ocup.,Receita Quartos,Preço Médio,Saídas,Quartos FdS,Adul. / Cri.,outubro,Previsão,25-out-2027 seg,0,0,0,0,0,0,0,-,-,NaN,0,0,0,0,0,0,0,0,0,0,-,-,NaN,0,0,0,Total out,0,0,0,0,0,0,0,-,-,NaN,0,0,0,Total,8572,4410,2891,0,0,7018,1554,"8,70","928 400,44","108,31",3017,0,16646
Data,Ocup,Opção,Cheg,Oferta/Uso Interno,Deduz. Individ.,Deduz. Grupos,% Ocup.,Receita Quartos,Preço Médio,Saídas,Quartos FdS,Adul. / Cri.,outubro,Previsão,26-out-2027 ter,0,0,0,0,0,0,0,-,-,NaN,0,0,0,0,0,0,0,0,0,0,-,-,NaN,0,0,0,Total out,0,0,0,0,0,0,0,-,-,NaN,0,0,0,Total,8572,4410,2891,0,0,7018,1554,"8,70","928 400,44","108,31",3017,0,16646
Data,Ocup,Opção,Cheg,Oferta/Uso Interno,Deduz. Individ.,Deduz. Grupos,% Ocup.,Receita Quartos,Preço Médio,Saídas,Quartos FdS,Adul. / Cri.,outubro,Previsão,27-out-2027 qua,0,0,0,0,0,0,0,-,-,NaN,0,0,0,0,0,0,0,0,0,0,-,-,NaN,0,0,0,Total out,0,0,0,0,0,0,0,-,-,NaN,0,0,0,Total,8572,4410,2891,0,0,7018,1554,"8,70","928 400,44","108,31",3017,0,16646
Data,Ocup,Opção,Cheg,Oferta/Uso Interno,Deduz. Individ.,Deduz. Grupos,% Ocup.,Receita Quartos,Preço Médio,Saídas,Quartos FdS,Adul. / Cri.,outubro,Previsão,28-out-2027 qui,0,0,0,0,0,0,0,-,-,NaN,0,0,0,0,0,0,0,0,0,0,-,-,NaN,0,0,0,Total out,0,0,0,0,0,0,0,-,-,NaN,0,0,0,Total,8572,4410,2891,0,0,7018,1554,"8,70","928 400,44","108,31",3017,0,16646
Data,Ocup,Opção,Cheg,Oferta/Uso Interno,Deduz. Individ.,Deduz. Grupos,% Ocup.,Receita Quartos,Preço Médio,Saídas,Quartos FdS,Adul. / Cri.,outubro,Previsão,29-out-2027 sex,0,0,0,0,0,0,0,-,-,NaN,0,0,0,0,0,0,0,0,0,0,-,-,NaN,0,0,0,Total out,0,0,0,0,0,0,0,-,-,NaN,0,0,0,Total,8572,4410,2891,0,0,7018,1554,"8,70","928 400,44","108,31",3017,0,16646
Data,Ocup,Opção,Cheg,Oferta/Uso Interno,Deduz. Individ.,Deduz. Grupos,% Ocup.,Receita Quartos,Preço Médio,Saídas,Quartos FdS,Adul. / Cri.,outubro,Previsão,30-out-2027 sáb,0,0,0,0,0,0,0,-,-,NaN,0,0,0,0,0,0,0,0,0,0,-,-,NaN,0,0,0,Total out,0,0,0,0,0,0,0,-,-,NaN,0,0,0,Total,8572,4410,2891,0,0,7018,1554,"8,70","928 400,44","108,31",3017,0,16646
Data,Ocup,Opção,Cheg,Oferta/Uso Interno,Deduz. Individ.,Deduz. Grupos,% Ocup.,Receita Quartos,Preço Médio,Saídas,Quartos FdS,Adul. / Cri.,outubro,Previsão,31-out-2027 dom,0,0,0,0,0,0,0,-,-,NaN,0,0,0,0,0,0,0,0,0,0,-,-,NaN,0,0,0,Total out,0,0,0,0,0,0,0,-,-,NaN,0,0,0,Total,8572,4410,2891,0,0,7018,1554,"8,70","928 400,44","108,31",3017,0,16646
Data,Ocup,Opção,Cheg,Oferta/Uso Interno,Deduz. Individ.,Deduz. Grupos,% Ocup.,Receita Quartos,Preço Médio,Saídas,Quartos FdS,Adul. / Cri.,novembro,Previsão,01-nov-2027 seg,0,0,0,0,0,0,0,-,-,NaN,0,0,0,0,0,0,0,0,0,0,-,-,NaN,0,0,0,Total nov,0,0,0,0,0,0,0,-,-,NaN,0,0,0,Total,8572,4410,2891,0,0,7018,1554,"8,70","928 400,44","108,31",3017,0,16646
Data,Ocup,Opção,Cheg,Oferta/Uso Interno,Deduz. Individ.,Deduz. Grupos,% Ocup.,Receita Quartos,Preço Médio,Saídas,Quartos FdS,Adul. / Cri.,novembro,Previsão,02-nov-2027 ter,0,0,0,0,0,0,0,-,-,NaN,0,0,0,0,0,0,0,0,0,0,-,-,NaN,0,0,0,Total nov,0,0,0,0,0,0,0,-,-,NaN,0,0,0,Total,8572,4410,2891,0,0,7018,1554,"8,70","928 400,44","108,31",3017,0,16646
Data,Ocup,Opção,Cheg,Oferta/Uso Interno,Deduz. Individ.,Deduz. Grupos,% Ocup.,Receita Quartos,Preço Médio,Saídas,Quartos FdS,Adul. / Cri.,novembro,Previsão,03-nov-2027 qua,0,0,0,0,0,0,0,-,-,NaN,0,0,0,0,0,0,0,0,0,0,-,-,NaN,0,0,0,Total nov,0,0,0,0,0,0,0,-,-,NaN,0,0,0,Total,8572,4410,2891,0,0,7018,1554,"8,70","928 400,44","108,31",3017,0,16646
Data,Ocup,Opção,Cheg,Oferta/Uso Interno,Deduz. Individ.,Deduz. Grupos,% Ocup.,Receita Quartos,Preço Médio,Saídas,Quartos FdS,Adul. / Cri.,novembro,Previsão,04-nov-2027 qui,0,0,0,0,0,0,0,-,-,NaN,0,0,0,0,0,0,0,0,0,0,-,-,NaN,0,0,0,Total nov,0,0,0,0,0,0,0,-,-,NaN,0,0,0,Total,8572,4410,2891,0,0,7018,1554,"8,70","928 400,44","108,31",3017,0,16646
Data,Ocup,Opção,Cheg,Oferta/Uso Interno,Deduz. Individ.,Deduz. Grupos,% Ocup.,Receita Quartos,Preço Médio,Saídas,Quartos FdS,Adul. / Cri.,novembro,Previsão,05-nov-2027 sex,0,0,0,0,0,0,0,-,-,NaN,0,0,0,0,0,0,0,0,0,0,-,-,NaN,0,0,0,Total nov,0,0,0,0,0,0,0,-,-,NaN,0,0,0,Total,8572,4410,2891,0,0,7018,1554,"8,70","928 400,44","108,31",3017,0,16646
Data,Ocup,Opção,Cheg,Oferta/Uso Interno,Deduz. Individ.,Deduz. Grupos,% Ocup.,Receita Quartos,Preço Médio,Saídas,Quartos FdS,Adul. / Cri.,novembro,Previsão,06-nov-2027 sáb,0,0,0,0,0,0,0,-,-,NaN,0,0,0,0,0,0,0,0,0,0,-,-,NaN,0,0,0,Total nov,0,0,0,0,0,0,0,-,-,NaN,0,0,0,Total,8572,4410,2891,0,0,7018,1554,"8,70","928 400,44","108,31",3017,0,16646
Data,Ocup,Opção,Cheg,Oferta/Uso Interno,Deduz. Individ.,Deduz. Grupos,% Ocup.,Receita Quartos,Preço Médio,Saídas,Quartos FdS,Adul. / Cri.,novembro,Previsão,07-nov-2027 dom,0,0,0,0,0,0,0,-,-,NaN,0,0,0,0,0,0,0,0,0,0,-,-,NaN,0,0,0,Total nov,0,0,0,0,0,0,0,-,-,NaN,0,0,0,Total,8572,4410,2891,0,0,7018,1554,"8,70","928 400,44","108,31",3017,0,16646
Data,Ocup,Opção,Cheg,Oferta/Uso Interno,Deduz. Individ.,Deduz. Grupos,% Ocup.,Receita Quartos,Preço Médio,Saídas,Quartos FdS,Adul. / Cri.,novembro,Previsão,08-nov-2027 seg,0,0,0,0,0,0,0,-,-,NaN,0,0,0,0,0,0,0,0,0,0,-,-,NaN,0,0,0,Total nov,0,0,0,0,0,0,0,-,-,NaN,0,0,0,Total,8572,4410,2891,0,0,7018,1554,"8,70","928 400,44","108,31",3017,0,16646
Data,Ocup,Opção,Cheg,Oferta/Uso Interno,Deduz. Individ.,Deduz. Grupos,% Ocup.,Receita Quartos,Preço Médio,Saídas,Quartos FdS,Adul. / Cri.,novembro,Previsão,09-nov-2027 ter,0,0,0,0,0,0,0,-,-,NaN,0,0,0,0,0,0,0,0,0,0,-,-,NaN,0,0,0,Total nov,0,0,0,0,0,0,0,-,-,NaN,0,0,0,Total,8572,4410,2891,0,0,7018,1554,"8,70","928 400,44","108,31",3017,0,16646
Data,Ocup,Opção,Cheg,Oferta/Uso Interno,Deduz. Individ.,Deduz. Grupos,% Ocup.,Receita Quartos,Preço Médio,Saídas,Quartos FdS,Adul. / Cri.,novembro,Previsão,10-nov-2027 qua,0,0,0,0,0,0,0,-,-,NaN,0,0,0,0,0,0,0,0,0,0,-,-,NaN,0,0,0,Total nov,0,0,0,0,0,0,0,-,-,NaN,0,0,0,Total,8572,4410,2891,0,0,7018,1554,"8,70","928 400,44","108,31",3017,0,16646
Data,Ocup,Opção,Cheg,Oferta/Uso Interno,Deduz. Individ.,Deduz. Grupos,% Ocup.,Receita Quartos,Preço Médio,Saídas,Quartos FdS,Adul. / Cri.,novembro,Previsão,11-nov-2027 qui,0,0,0,0,0,0,0,-,-,NaN,0,0,0,0,0,0,0,0,0,0,-,-,NaN,0,0,0,Total nov,0,0,0,0,0,0,0,-,-,NaN,0,0,0,Total,8572,4410,2891,0,0,7018,1554,"8,70","928 400,44","108,31",3017,0,16646
Data,Ocup,Opção,Cheg,Oferta/Uso Interno,Deduz. Individ.,Deduz. Grupos,% Ocup.,Receita Quartos,Preço Médio,Saídas,Quartos FdS,Adul. / Cri.,novembro,Previsão,12-nov-2027 sex,0,0,0,0,0,0,0,-,-,NaN,0,0,0,0,0,0,0,0,0,0,-,-,NaN,0,0,0,Total nov,0,0,0,0,0,0,0,-,-,NaN,0,0,0,Total,8572,4410,2891,0,0,7018,1554,"8,70","928 400,44","108,31",3017,0,16646
Data,Ocup,Opção,Cheg,Oferta/Uso Interno,Deduz. Individ.,Deduz. Grupos,% Ocup.,Receita Quartos,Preço Médio,Saídas,Quartos FdS,Adul. / Cri.,novembro,Previsão,13-nov-2027 sáb,0,0,0,0,0,0,0,-,-,NaN,0,0,0,0,0,0,0,0,0,0,-,-,NaN,0,0,0,Total nov,0,0,0,0,0,0,0,-,-,NaN,0,0,0,Total,8572,4410,2891,0,0,7018,1554,"8,70","928 400,44","108,31",3017,0,16646
Data,Ocup,Opção,Cheg,Oferta/Uso Interno,Deduz. Individ.,Deduz. Grupos,% Ocup.,Receita Quartos,Preço Médio,Saídas,Quartos FdS,Adul. / Cri.,novembro,Previsão,14-nov-2027 dom,0,0,0,0,0,0,0,-,-,NaN,0,0,0,0,0,0,0,0,0,0,-,-,NaN,0,0,0,Total nov,0,0,0,0,0,0,0,-,-,NaN,0,0,0,Total,8572,4410,2891,0,0,7018,1554,"8,70","928 400,44","108,31",3017,0,16646
Data,Ocup,Opção,Cheg,Oferta/Uso Interno,Deduz. Individ.,Deduz. Grupos,% Ocup.,Receita Quartos,Preço Médio,Saídas,Quartos FdS,Adul. / Cri.,novembro,Previsão,15-nov-2027 seg,0,0,0,0,0,0,0,-,-,NaN,0,0,0,0,0,0,0,0,0,0,-,-,NaN,0,0,0,Total nov,0,0,0,0,0,0,0,-,-,NaN,0,0,0,Total,8572,4410,2891,0,0,7018,1554,"8,70","928 400,44","108,31",3017,0,16646
Data,Ocup,Opção,Cheg,Oferta/Uso Interno,Deduz. Individ.,Deduz. Grupos,% Ocup.,Receita Quartos,Preço Médio,Saídas,Quartos FdS,Adul. / Cri.,novembro,Previsão,16-nov-2027 ter,0,0,0,0,0,0,0,-,-,NaN,0,0,0,0,0,0,0,0,0,0,-,-,NaN,0,0,0,Total nov,0,0,0,0,0,0,0,-,-,NaN,0,0,0,Total,8572,4410,2891,0,0,7018,1554,"8,70","928 400,44","108,31",3017,0,16646
Data,Ocup,Opção,Cheg,Oferta/Uso Interno,Deduz. Individ.,Deduz. Grupos,% Ocup.,Receita Quartos,Preço Médio,Saídas,Quartos FdS,Adul. / Cri.,novembro,Previsão,17-nov-2027 qua,0,0,0,0,0,0,0,-,-,NaN,0,0,0,0,0,0,0,0,0,0,-,-,NaN,0,0,0,Total nov,0,0,0,0,0,0,0,-,-,NaN,0,0,0,Total,8572,4410,2891,0,0,7018,1554,"8,70","928 400,44","108,31",3017,0,16646
Data,Ocup,Opção,Cheg,Oferta/Uso Interno,Deduz. Individ.,Deduz. Grupos,% Ocup.,Receita Quartos,Preço Médio,Saídas,Quartos FdS,Adul. / Cri.,novembro,Previsão,18-nov-2027 qui,0,0,0,0,0,0,0,-,-,NaN,0,0,0,0,0,0,0,0,0,0,-,-,NaN,0,0,0,Total nov,0,0,0,0,0,0,0,-,-,NaN,0,0,0,Total,8572,4410,2891,0,0,7018,1554,"8,70","928 400,44","108,31",3017,0,16646
Data,Ocup,Opção,Cheg,Oferta/Uso Interno,Deduz. Individ.,Deduz. Grupos,% Ocup.,Receita Quartos,Preço Médio,Saídas,Quartos FdS,Adul. / Cri.,novembro,Previsão,19-nov-2027 sex,0,0,0,0,0,0,0,-,-,NaN,0,0,0,0,0,0,0,0,0,0,-,-,NaN,0,0,0,Total nov,0,0,0,0,0,0,0,-,-,NaN,0,0,0,Total,8572,4410,2891,0,0,7018,1554,"8,70","928 400,44","108,31",3017,0,16646
Data,Ocup,Opção,Cheg,Oferta/Uso Interno,Deduz. Individ.,Deduz. Grupos,% Ocup.,Receita Quartos,Preço Médio,Saídas,Quartos FdS,Adul. / Cri.,novembro,Previsão,20-nov-2027 sáb,0,0,0,0,0,0,0,-,-,NaN,0,0,0,0,0,0,0,0,0,0,-,-,NaN,0,0,0,Total nov,0,0,0,0,0,0,0,-,-,NaN,0,0,0,Total,8572,4410,2891,0,0,7018,1554,"8,70","928 400,44","108,31",3017,0,16646
Data,Ocup,Opção,Cheg,Oferta/Uso Interno,Deduz. Individ.,Deduz. Grupos,% Ocup.,Receita Quartos,Preço Médio,Saídas,Quartos FdS,Adul. / Cri.,novembro,Previsão,21-nov-2027 dom,0,0,0,0,0,0,0,-,-,NaN,0,0,0,0,0,0,0,0,0,0,-,-,NaN,0,0,0,Total nov,0,0,0,0,0,0,0,-,-,NaN,0,0,0,Total,8572,4410,2891,0,0,7018,1554,"8,70","928 400,44","108,31",3017,0,16646
Data,Ocup,Opção,Cheg,Oferta/Uso Interno,Deduz. Individ.,Deduz. Grupos,% Ocup.,Receita Quartos,Preço Médio,Saídas,Quartos FdS,Adul. / Cri.,novembro,Previsão,22-nov-2027 seg,0,0,0,0,0,0,0,-,-,NaN,0,0,0,0,0,0,0,0,0,0,-,-,NaN,0,0,0,Total nov,0,0,0,0,0,0,0,-,-,NaN,0,0,0,Total,8572,4410,2891,0,0,7018,1554,"8,70","928 400,44","108,31",3017,0,16646
Data,Ocup,Opção,Cheg,Oferta/Uso Interno,Deduz. Individ.,Deduz. Grupos,% Ocup.,Receita Quartos,Preço Médio,Saídas,Quartos FdS,Adul. / Cri.,novembro,Previsão,23-nov-2027 ter,0,0,0,0,0,0,0,-,-,NaN,0,0,0,0,0,0,0,0,0,0,-,-,NaN,0,0,0,Total nov,0,0,0,0,0,0,0,-,-,NaN,0,0,0,Total,8572,4410,2891,0,0,7018,1554,"8,70","928 400,44","108,31",3017,0,16646
Data,Ocup,Opção,Cheg,Oferta/Uso Interno,Deduz. Individ.,Deduz. Grupos,% Ocup.,Receita Quartos,Preço Médio,Saídas,Quartos FdS,Adul. / Cri.,novembro,Previsão,24-nov-2027 qua,0,0,0,0,0,0,0,-,-,NaN,0,0,0,0,0,0,0,0,0,0,-,-,NaN,0,0,0,Total nov,0,0,0,0,0,0,0,-,-,NaN,0,0,0,Total,8572,4410,2891,0,0,7018,1554,"8,70","928 400,44","108,31",3017,0,16646
Data,Ocup,Opção,Cheg,Oferta/Uso Interno,Deduz. Individ.,Deduz. Grupos,% Ocup.,Receita Quartos,Preço Médio,Saídas,Quartos FdS,Adul. / Cri.,novembro,Previsão,25-nov-2027 qui,0,0,0,0,0,0,0,-,-,NaN,0,0,0,0,0,0,0,0,0,0,-,-,NaN,0,0,0,Total nov,0,0,0,0,0,0,0,-,-,NaN,0,0,0,Total,8572,4410,2891,0,0,7018,1554,"8,70","928 400,44","108,31",3017,0,16646
Data,Ocup,Opção,Cheg,Oferta/Uso Interno,Deduz. Individ.,Deduz. Grupos,% Ocup.,Receita Quartos,Preço Médio,Saídas,Quartos FdS,Adul. / Cri.,novembro,Previsão,26-nov-2027 sex,0,0,0,0,0,0,0,-,-,NaN,0,0,0,0,0,0,0,0,0,0,-,-,NaN,0,0,0,Total nov,0,0,0,0,0,0,0,-,-,NaN,0,0,0,Total,8572,4410,2891,0,0,7018,1554,"8,70","928 400,44","108,31",3017,0,16646
Data,Ocup,Opção,Cheg,Oferta/Uso Interno,Deduz. Individ.,Deduz. Grupos,% Ocup.,Receita Quartos,Preço Médio,Saídas,Quartos FdS,Adul. / Cri.,novembro,Previsão,27-nov-2027 sáb,0,0,0,0,0,0,0,-,-,NaN,0,0,0,0,0,0,0,0,0,0,-,-,NaN,0,0,0,Total nov,0,0,0,0,0,0,0,-,-,NaN,0,0,0,Total,8572,4410,2891,0,0,7018,1554,"8,70","928 400,44","108,31",3017,0,16646
Data,Ocup,Opção,Cheg,Oferta/Uso Interno,Deduz. Individ.,Deduz. Grupos,% Ocup.,Receita Quartos,Preço Médio,Saídas,Quartos FdS,Adul. / Cri.,novembro,Previsão,28-nov-2027 dom,0,0,0,0,0,0,0,-,-,NaN,0,0,0,0,0,0,0,0,0,0,-,-,NaN,0,0,0,Total nov,0,0,0,0,0,0,0,-,-,NaN,0,0,0,Total,8572,4410,2891,0,0,7018,1554,"8,70","928 400,44","108,31",3017,0,16646
Data,Ocup,Opção,Cheg,Oferta/Uso Interno,Deduz. Individ.,Deduz. Grupos,% Ocup.,Receita Quartos,Preço Médio,Saídas,Quartos FdS,Adul. / Cri.,novembro,Previsão,29-nov-2027 seg,0,0,0,0,0,0,0,-,-,NaN,0,0,0,0,0,0,0,0,0,0,-,-,NaN,0,0,0,Total nov,0,0,0,0,0,0,0,-,-,NaN,0,0,0,Total,8572,4410,2891,0,0,7018,1554,"8,70","928 400,44","108,31",3017,0,16646
Data,Ocup,Opção,Cheg,Oferta/Uso Interno,Deduz. Individ.,Deduz. Grupos,% Ocup.,Receita Quartos,Preço Médio,Saídas,Quartos FdS,Adul. / Cri.,novembro,Previsão,30-nov-2027 ter,0,0,0,0,0,0,0,-,-,NaN,0,0,0,0,0,0,0,0,0,0,-,-,NaN,0,0,0,Total nov,0,0,0,0,0,0,0,-,-,NaN,0,0,0,Total,8572,4410,2891,0,0,7018,1554,"8,70","928 400,44","108,31",3017,0,16646
Data,Ocup,Opção,Cheg,Oferta/Uso Interno,Deduz. Individ.,Deduz. Grupos,% Ocup.,Receita Quartos,Preço Médio,Saídas,Quartos FdS,Adul. / Cri.,dezembro,Previsão,01-dez-2027 qua,0,0,0,0,0,0,0,-,-,NaN,0,0,0,0,0,0,0,0,0,0,-,-,NaN,0,0,0,Total dez,0,0,0,0,0,0,0,-,-,NaN,0,0,0,Total,8572,4410,2891,0,0,7018,1554,"8,70","928 400,44","108,31",3017,0,16646
Data,Ocup,Opção,Cheg,Oferta/Uso Interno,Deduz. Individ.,Deduz. Grupos,% Ocup.,Receita Quartos,Preço Médio,Saídas,Quartos FdS,Adul. / Cri.,dezembro,Previsão,02-dez-2027 qui,0,0,0,0,0,0,0,-,-,NaN,0,0,0,0,0,0,0,0,0,0,-,-,NaN,0,0,0,Total dez,0,0,0,0,0,0,0,-,-,NaN,0,0,0,Total,8572,4410,2891,0,0,7018,1554,"8,70","928 400,44","108,31",3017,0,16646
Data,Ocup,Opção,Cheg,Oferta/Uso Interno,Deduz. Individ.,Deduz. Grupos,% Ocup.,Receita Quartos,Preço Médio,Saídas,Quartos FdS,Adul. / Cri.,dezembro,Previsão,03-dez-2027 sex,0,0,0,0,0,0,0,-,-,NaN,0,0,0,0,0,0,0,0,0,0,-,-,NaN,0,0,0,Total dez,0,0,0,0,0,0,0,-,-,NaN,0,0,0,Total,8572,4410,2891,0,0,7018,1554,"8,70","928 400,44","108,31",3017,0,16646
Data,Ocup,Opção,Cheg,Oferta/Uso Interno,Deduz. Individ.,Deduz. Grupos,% Ocup.,Receita Quartos,Preço Médio,Saídas,Quartos FdS,Adul. / Cri.,dezembro,Previsão,04-dez-2027 sáb,0,0,0,0,0,0,0,-,-,NaN,0,0,0,0,0,0,0,0,0,0,-,-,NaN,0,0,0,Total dez,0,0,0,0,0,0,0,-,-,NaN,0,0,0,Total,8572,4410,2891,0,0,7018,1554,"8,70","928 400,44","108,31",3017,0,16646
Data,Ocup,Opção,Cheg,Oferta/Uso Interno,Deduz. Individ.,Deduz. Grupos,% Ocup.,Receita Quartos,Preço Médio,Saídas,Quartos FdS,Adul. / Cri.,dezembro,Previsão,05-dez-2027 dom,0,0,0,0,0,0,0,-,-,NaN,0,0,0,0,0,0,0,0,0,0,-,-,NaN,0,0,0,Total dez,0,0,0,0,0,0,0,-,-,NaN,0,0,0,Total,8572,4410,2891,0,0,7018,1554,"8,70","928 400,44","108,31",3017,0,16646
Data,Ocup,Opção,Cheg,Oferta/Uso Interno,Deduz. Individ.,Deduz. Grupos,% Ocup.,Receita Quartos,Preço Médio,Saídas,Quartos FdS,Adul. / Cri.,dezembro,Previsão,06-dez-2027 seg,0,0,0,0,0,0,0,-,-,NaN,0,0,0,0,0,0,0,0,0,0,-,-,NaN,0,0,0,Total dez,0,0,0,0,0,0,0,-,-,NaN,0,0,0,Total,8572,4410,2891,0,0,7018,1554,"8,70","928 400,44","108,31",3017,0,16646
Data,Ocup,Opção,Cheg,Oferta/Uso Interno,Deduz. Individ.,Deduz. Grupos,% Ocup.,Receita Quartos,Preço Médio,Saídas,Quartos FdS,Adul. / Cri.,dezembro,Previsão,07-dez-2027 ter,0,0,0,0,0,0,0,-,-,NaN,0,0,0,0,0,0,0,0,0,0,-,-,NaN,0,0,0,Total dez,0,0,0,0,0,0,0,-,-,NaN,0,0,0,Total,8572,4410,2891,0,0,7018,1554,"8,70","928 400,44","108,31",3017,0,16646
Data,Ocup,Opção,Cheg,Oferta/Uso Interno,Deduz. Individ.,Deduz. Grupos,% Ocup.,Receita Quartos,Preço Médio,Saídas,Quartos FdS,Adul. / Cri.,dezembro,Previsão,08-dez-2027 qua,0,0,0,0,0,0,0,-,-,NaN,0,0,0,0,0,0,0,0,0,0,-,-,NaN,0,0,0,Total dez,0,0,0,0,0,0,0,-,-,NaN,0,0,0,Total,8572,4410,2891,0,0,7018,1554,"8,70","928 400,44","108,31",3017,0,16646
Data,Ocup,Opção,Cheg,Oferta/Uso Interno,Deduz. Individ.,Deduz. Grupos,% Ocup.,Receita Quartos,Preço Médio,Saídas,Quartos FdS,Adul. / Cri.,dezembro,Previsão,09-dez-2027 qui,0,0,0,0,0,0,0,-,-,NaN,0,0,0,0,0,0,0,0,0,0,-,-,NaN,0,0,0,Total dez,0,0,0,0,0,0,0,-,-,NaN,0,0,0,Total,8572,4410,2891,0,0,7018,1554,"8,70","928 400,44","108,31",3017,0,16646
Data,Ocup,Opção,Cheg,Oferta/Uso Interno,Deduz. Individ.,Deduz. Grupos,% Ocup.,Receita Quartos,Preço Médio,Saídas,Quartos FdS,Adul. / Cri.,dezembro,Previsão,10-dez-2027 sex,0,0,0,0,0,0,0,-,-,NaN,0,0,0,0,0,0,0,0,0,0,-,-,NaN,0,0,0,Total dez,0,0,0,0,0,0,0,-,-,NaN,0,0,0,Total,8572,4410,2891,0,0,7018,1554,"8,70","928 400,44","108,31",3017,0,16646
Data,Ocup,Opção,Cheg,Oferta/Uso Interno,Deduz. Individ.,Deduz. Grupos,% Ocup.,Receita Quartos,Preço Médio,Saídas,Quartos FdS,Adul. / Cri.,dezembro,Previsão,11-dez-2027 sáb,0,0,0,0,0,0,0,-,-,NaN,0,0,0,0,0,0,0,0,0,0,-,-,NaN,0,0,0,Total dez,0,0,0,0,0,0,0,-,-,NaN,0,0,0,Total,8572,4410,2891,0,0,7018,1554,"8,70","928 400,44","108,31",3017,0,16646
Data,Ocup,Opção,Cheg,Oferta/Uso Interno,Deduz. Individ.,Deduz. Grupos,% Ocup.,Receita Quartos,Preço Médio,Saídas,Quartos FdS,Adul. / Cri.,dezembro,Previsão,12-dez-2027 dom,0,0,0,0,0,0,0,-,-,NaN,0,0,0,0,0,0,0,0,0,0,-,-,NaN,0,0,0,Total dez,0,0,0,0,0,0,0,-,-,NaN,0,0,0,Total,8572,4410,2891,0,0,7018,1554,"8,70","928 400,44","108,31",3017,0,16646
Data,Ocup,Opção,Cheg,Oferta/Uso Interno,Deduz. Individ.,Deduz. Grupos,% Ocup.,Receita Quartos,Preço Médio,Saídas,Quartos FdS,Adul. / Cri.,dezembro,Previsão,13-dez-2027 seg,0,0,0,0,0,0,0,-,-,NaN,0,0,0,0,0,0,0,0,0,0,-,-,NaN,0,0,0,Total dez,0,0,0,0,0,0,0,-,-,NaN,0,0,0,Total,8572,4410,2891,0,0,7018,1554,"8,70","928 400,44","108,31",3017,0,16646
Data,Ocup,Opção,Cheg,Oferta/Uso Interno,Deduz. Individ.,Deduz. Grupos,% Ocup.,Receita Quartos,Preço Médio,Saídas,Quartos FdS,Adul. / Cri.,dezembro,Previsão,14-dez-2027 ter,0,0,0,0,0,0,0,-,-,NaN,0,0,0,0,0,0,0,0,0,0,-,-,NaN,0,0,0,Total dez,0,0,0,0,0,0,0,-,-,NaN,0,0,0,Total,8572,4410,2891,0,0,7018,1554,"8,70","928 400,44","108,31",3017,0,16646
Data,Ocup,Opção,Cheg,Oferta/Uso Interno,Deduz. Individ.,Deduz. Grupos,% Ocup.,Receita Quartos,Preço Médio,Saídas,Quartos FdS,Adul. / Cri.,dezembro,Previsão,15-dez-2027 qua,0,0,0,0,0,0,0,-,-,NaN,0,0,0,0,0,0,0,0,0,0,-,-,NaN,0,0,0,Total dez,0,0,0,0,0,0,0,-,-,NaN,0,0,0,Total,8572,4410,2891,0,0,7018,1554,"8,70","928 400,44","108,31",3017,0,16646
Data,Ocup,Opção,Cheg,Oferta/Uso Interno,Deduz. Individ.,Deduz. Grupos,% Ocup.,Receita Quartos,Preço Médio,Saídas,Quartos FdS,Adul. / Cri.,dezembro,Previsão,16-dez-2027 qui,0,0,0,0,0,0,0,-,-,NaN,0,0,0,0,0,0,0,0,0,0,-,-,NaN,0,0,0,Total dez,0,0,0,0,0,0,0,-,-,NaN,0,0,0,Total,8572,4410,2891,0,0,7018,1554,"8,70","928 400,44","108,31",3017,0,16646
Data,Ocup,Opção,Cheg,Oferta/Uso Interno,Deduz. Individ.,Deduz. Grupos,% Ocup.,Receita Quartos,Preço Médio,Saídas,Quartos FdS,Adul. / Cri.,dezembro,Previsão,17-dez-2027 sex,0,0,0,0,0,0,0,-,-,NaN,0,0,0,0,0,0,0,0,0,0,-,-,NaN,0,0,0,Total dez,0,0,0,0,0,0,0,-,-,NaN,0,0,0,Total,8572,4410,2891,0,0,7018,1554,"8,70","928 400,44","108,31",3017,0,16646
Data,Ocup,Opção,Cheg,Oferta/Uso Interno,Deduz. Individ.,Deduz. Grupos,% Ocup.,Receita Quartos,Preço Médio,Saídas,Quartos FdS,Adul. / Cri.,dezembro,Previsão,18-dez-2027 sáb,0,0,0,0,0,0,0,-,-,NaN,0,0,0,0,0,0,0,0,0,0,-,-,NaN,0,0,0,Total dez,0,0,0,0,0,0,0,-,-,NaN,0,0,0,Total,8572,4410,2891,0,0,7018,1554,"8,70","928 400,44","108,31",3017,0,16646
Data,Ocup,Opção,Cheg,Oferta/Uso Interno,Deduz. Individ.,Deduz. Grupos,% Ocup.,Receita Quartos,Preço Médio,Saídas,Quartos FdS,Adul. / Cri.,dezembro,Previsão,19-dez-2027 dom,0,0,0,0,0,0,0,-,-,NaN,0,0,0,0,0,0,0,0,0,0,-,-,NaN,0,0,0,Total dez,0,0,0,0,0,0,0,-,-,NaN,0,0,0,Total,8572,4410,2891,0,0,7018,1554,"8,70","928 400,44","108,31",3017,0,16646
Data,Ocup,Opção,Cheg,Oferta/Uso Interno,Deduz. Individ.,Deduz. Grupos,% Ocup.,Receita Quartos,Preço Médio,Saídas,Quartos FdS,Adul. / Cri.,dezembro,Previsão,20-dez-2027 seg,0,0,0,0,0,0,0,-,-,NaN,0,0,0,0,0,0,0,0,0,0,-,-,NaN,0,0,0,Total dez,0,0,0,0,0,0,0,-,-,NaN,0,0,0,Total,8572,4410,2891,0,0,7018,1554,"8,70","928 400,44","108,31",3017,0,16646
Data,Ocup,Opção,Cheg,Oferta/Uso Interno,Deduz. Individ.,Deduz. Grupos,% Ocup.,Receita Quartos,Preço Médio,Saídas,Quartos FdS,Adul. / Cri.,dezembro,Previsão,21-dez-2027 ter,0,0,0,0,0,0,0,-,-,NaN,0,0,0,0,0,0,0,0,0,0,-,-,NaN,0,0,0,Total dez,0,0,0,0,0,0,0,-,-,NaN,0,0,0,Total,8572,4410,2891,0,0,7018,1554,"8,70","928 400,44","108,31",3017,0,16646
Data,Ocup,Opção,Cheg,Oferta/Uso Interno,Deduz. Individ.,Deduz. Grupos,% Ocup.,Receita Quartos,Preço Médio,Saídas,Quartos FdS,Adul. / Cri.,dezembro,Previsão,22-dez-2027 qua,0,0,0,0,0,0,0,-,-,NaN,0,0,0,0,0,0,0,0,0,0,-,-,NaN,0,0,0,Total dez,0,0,0,0,0,0,0,-,-,NaN,0,0,0,Total,8572,4410,2891,0,0,7018,1554,"8,70","928 400,44","108,31",3017,0,16646
Data,Ocup,Opção,Cheg,Oferta/Uso Interno,Deduz. Individ.,Deduz. Grupos,% Ocup.,Receita Quartos,Preço Médio,Saídas,Quartos FdS,Adul. / Cri.,dezembro,Previsão,23-dez-2027 qui,0,0,0,0,0,0,0,-,-,NaN,0,0,0,0,0,0,0,0,0,0,-,-,NaN,0,0,0,Total dez,0,0,0,0,0,0,0,-,-,NaN,0,0,0,Total,8572,4410,2891,0,0,7018,1554,"8,70","928 400,44","108,31",3017,0,16646
Data,Ocup,Opção,Cheg,Oferta/Uso Interno,Deduz. Individ.,Deduz. Grupos,% Ocup.,Receita Quartos,Preço Médio,Saídas,Quartos FdS,Adul. / Cri.,dezembro,Previsão,24-dez-2027 sex,0,0,0,0,0,0,0,-,-,NaN,0,0,0,0,0,0,0,0,0,0,-,-,NaN,0,0,0,Total dez,0,0,0,0,0,0,0,-,-,NaN,0,0,0,Total,8572,4410,2891,0,0,7018,1554,"8,70","928 400,44","108,31",3017,0,16646
Data,Ocup,Opção,Cheg,Oferta/Uso Interno,Deduz. Individ.,Deduz. Grupos,% Ocup.,Receita Quartos,Preço Médio,Saídas,Quartos FdS,Adul. / Cri.,dezembro,Previsão,25-dez-2027 sáb,0,0,0,0,0,0,0,-,-,NaN,0,0,0,0,0,0,0,0,0,0,-,-,NaN,0,0,0,Total dez,0,0,0,0,0,0,0,-,-,NaN,0,0,0,Total,8572,4410,2891,0,0,7018,1554,"8,70","928 400,44","108,31",3017,0,16646
Data,Ocup,Opção,Cheg,Oferta/Uso Interno,Deduz. Individ.,Deduz. Grupos,% Ocup.,Receita Quartos,Preço Médio,Saídas,Quartos FdS,Adul. / Cri.,dezembro,Previsão,26-dez-2027 dom,0,0,0,0,0,0,0,-,-,NaN,0,0,0,0,0,0,0,0,0,0,-,-,NaN,0,0,0,Total dez,0,0,0,0,0,0,0,-,-,NaN,0,0,0,Total,8572,4410,2891,0,0,7018,1554,"8,70","928 400,44","108,31",3017,0,16646
Data,Ocup,Opção,Cheg,Oferta/Uso Interno,Deduz. Individ.,Deduz. Grupos,% Ocup.,Receita Quartos,Preço Médio,Saídas,Quartos FdS,Adul. / Cri.,dezembro,Previsão,27-dez-2027 seg,0,0,0,0,0,0,0,-,-,NaN,0,0,0,0,0,0,0,0,0,0,-,-,NaN,0,0,0,Total dez,0,0,0,0,0,0,0,-,-,NaN,0,0,0,Total,8572,4410,2891,0,0,7018,1554,"8,70","928 400,44","108,31",3017,0,16646
Data,Ocup,Opção,Cheg,Oferta/Uso Interno,Deduz. Individ.,Deduz. Grupos,% Ocup.,Receita Quartos,Preço Médio,Saídas,Quartos FdS,Adul. / Cri.,dezembro,Previsão,28-dez-2027 ter,0,0,0,0,0,0,0,-,-,NaN,0,0,0,0,0,0,0,0,0,0,-,-,NaN,0,0,0,Total dez,0,0,0,0,0,0,0,-,-,NaN,0,0,0,Total,8572,4410,2891,0,0,7018,1554,"8,70","928 400,44","108,31",3017,0,16646
Data,Ocup,Opção,Cheg,Oferta/Uso Interno,Deduz. Individ.,Deduz. Grupos,% Ocup.,Receita Quartos,Preço Médio,Saídas,Quartos FdS,Adul. / Cri.,dezembro,Previsão,29-dez-2027 qua,0,0,0,0,0,0,0,-,-,NaN,0,0,0,0,0,0,0,0,0,0,-,-,NaN,0,0,0,Total dez,0,0,0,0,0,0,0,-,-,NaN,0,0,0,Total,8572,4410,2891,0,0,7018,1554,"8,70","928 400,44","108,31",3017,0,16646
Data,Ocup,Opção,Cheg,Oferta/Uso Interno,Deduz. Individ.,Deduz. Grupos,% Ocup.,Receita Quartos,Preço Médio,Saídas,Quartos FdS,Adul. / Cri.,dezembro,Previsão,30-dez-2027 qui,0,0,0,0,0,0,0,-,-,NaN,0,0,0,0,0,0,0,0,0,0,-,-,NaN,0,0,0,Total dez,0,0,0,0,0,0,0,-,-,NaN,0,0,0,Total,8572,4410,2891,0,0,7018,1554,"8,70","928 400,44","108,31",3017,0,16646
Data,Ocup,Opção,Cheg,Oferta/Uso Interno,Deduz. Individ.,Deduz. Grupos,% Ocup.,Receita Quartos,Preço Médio,Saídas,Quartos FdS,Adul. / Cri.,dezembro,Previsão,31-dez-2027 sex,0,0,0,0,0,0,0,-,-,NaN,0,0,0,0,0,0,0,0,0,0,-,-,NaN,0,0,0,Total dez,0,0,0,0,0,0,0,-,-,NaN,0,0,0,Total,8572,4410,2891,0,0,7018,1554,"8,70","928 400,44","108,31",3017,0,16646

