Textbox53,Textbox55,Textbox3,Textbox57,Textbox59,Textbox63,Textbox65,Textbox67,Textbox69,Textbox77,Textbox73,Textbox75,Textbox79,Textbox23,Textbox100,hoteldate,Occ,xoption,Arr,Comp,House,Indiv,Group,Occ_perct,RoomRev,Avg,Dep,OOO,Ad_Ch,Textbox86,Textbox6,Textbox87,Textbox88,Textbox89,Textbox90,Textbox91,Textbox92,Textbox93,Textbox94,Textbox95,Textbox96,Textbox97,Textbox9,Textbox127,Textbox7,Textbox128,Textbox129,Textbox130,Textbox131,Textbox132,Textbox133,Textbox134,Textbox135,Textbox136,Textbox137,Textbox138,Textbox113,Textbox99,xoption1,Textbox139,Textbox140,Textbox141,Textbox142,Textbox143,Textbox144,Textbox145,Textbox146,Textbox147,Textbox148,Textbox149
Data,Ocup,Opção,Cheg,Oferta/Uso Interno,Deduz. Individ.,Deduz. Grupos,% Ocup.,Receita Quartos,Preço Médio,Saídas,Quartos FdS,Adul. / Cri.,janeiro,Histórico,01-jan-2025 qua,133,0,55,0,0,122,11,"98,52","17 521,96","131,74",57,0,250,2762,0,1012,0,5,2501,261,"66,00","267 842,70","96,97",1040,0,4978,Total jan,2762,0,1012,0,5,2501,261,"66,00","267 842,70","96,97",1040,0,4978,Total,49527,3754,17622,0,64,42974,6553,"50,27","6 884 763,99","139,01",17757,137,90685
Data,Ocup,Opção,Cheg,Oferta/Uso Interno,Deduz. Individ.,Deduz. Grupos,% Ocup.,Receita Quartos,Preço Médio,Saídas,Quartos FdS,Adul. / Cri.,janeiro,Histórico,02-jan-2025 qui,117,0,27,0,0,106,11,"86,67","13 996,70","119,63",43,0,219,2762,0,1012,0,5,2501,261,"66,00","267 842,70","96,97",1040,0,4978,Total jan,2762,0,1012,0,5,2501,261,"66,00","267 842,70","96,97",1040,0,4978,Total,49527,3754,17622,0,64,42974,6553,"50,27","6 884 763,99","139,01",17757,137,90685
Data,Ocup,Opção,Cheg,Oferta/Uso Interno,Deduz. Individ.,Deduz. Grupos,% Ocup.,Receita Quartos,Preço Médio,Saídas,Quartos FdS,Adul. / Cri.,janeiro,Histórico,03-jan-2025 sex,119,0,41,0,0,112,7,"88,15","12 869,73","108,15",39,0,227,2762,0,1012,0,5,2501,261,"66,00","267 842,70","96,97",1040,0,4978,Total jan,2762,0,1012,0,5,2501,261,"66,00","267 842,70","96,97",1040,0,4978,Total,49527,3754,17622,0,64,42974,6553,"50,27","6 884 763,99","139,01",17757,137,90685
Data,Ocup,Opção,Cheg,Oferta/Uso Interno,Deduz. Individ.,Deduz. Grupos,% Ocup.,Receita Quartos,Preço Médio,Saídas,Quartos FdS,Adul. / Cri.,janeiro,Histórico,04-jan-2025 sáb,103,0,19,0,0,96,7,"76,30","10 299,06","99,99",35,0,192,2762,0,1012,0,5,2501,261,"66,00","267 842,70","96,97",1040,0,4978,Total jan,2762,0,1012,0,5,2501,261,"66,00","267 842,70","96,97",1040,0,4978,Total,49527,3754,17622,0,64,42974,6553,"50,27","6 884 763,99","139,01",17757,137,90685
Data,Ocup,Opção,Cheg,Oferta/Uso Interno,Deduz. Individ.,Deduz. Grupos,% Ocup.,Receita Quartos,Preço Médio,Saídas,Quartos FdS,Adul. / Cri.,janeiro,Histórico,05-jan-2025 dom,91,0,37,0,0,84,7,"67,41","8 316,35","91,39",49,0,167,2762,0,1012,0,5,2501,261,"66,00","267 842,70","96,97",1040,0,4978,Total jan,2762,0,1012,0,5,2501,261,"66,00","267 842,70","96,97",1040,0,4978,Total,49527,3754,17622,0,64,42974,6553,"50,27","6 884 763,99","139,01",17757,137,90685
Data,Ocup,Opção,Cheg,Oferta/Uso Interno,Deduz. Individ.,Deduz. Grupos,% Ocup.,Receita Quartos,Preço Médio,Saídas,Quartos FdS,Adul. / Cri.,janeiro,Histórico,06-jan-2025 seg,69,0,18,0,0,69,0,"51,11","6 007,97","87,07",40,0,129,2762,0,1012,0,5,2501,261,"66,00","267 842,70","96,97",1040,0,4978,Total jan,2762,0,1012,0,5,2501,261,"66,00","267 842,70","96,97",1040,0,4978,Total,49527,3754,17622,0,64,42974,6553,"50,27","6 884 763,99","139,01",17757,137,90685
Data,Ocup,Opção,Cheg,Oferta/Uso Interno,Deduz. Individ.,Deduz. Grupos,% Ocup.,Receita Quartos,Preço Médio,Saídas,Quartos FdS,Adul. / Cri.,janeiro,Histórico,07-jan-2025 ter,71,0,15,0,0,71,0,"52,59","6 261,30","88,19",13,0,134,2762,0,1012,0,5,2501,261,"66,00","267 842,70","96,97",1040,0,4978,Total jan,2762,0,1012,0,5,2501,261,"66,00","267 842,70","96,97",1040,0,4978,Total,49527,3754,17622,0,64,42974,6553,"50,27","6 884 763,99","139,01",17757,137,90685
Data,Ocup,Opção,Cheg,Oferta/Uso Interno,Deduz. Individ.,Deduz. Grupos,% Ocup.,Receita Quartos,Preço Médio,Saídas,Quartos FdS,Adul. / Cri.,janeiro,Histórico,08-jan-2025 qua,79,0,34,0,0,79,0,"58,52","7 028,16","88,96",26,0,146,2762,0,1012,0,5,2501,261,"66,00","267 842,70","96,97",1040,0,4978,Total jan,2762,0,1012,0,5,2501,261,"66,00","267 842,70","96,97",1040,0,4978,Total,49527,3754,17622,0,64,42974,6553,"50,27","6 884 763,99","139,01",17757,137,90685
Data,Ocup,Opção,Cheg,Oferta/Uso Interno,Deduz. Individ.,Deduz. Grupos,% Ocup.,Receita Quartos,Preço Médio,Saídas,Quartos FdS,Adul. / Cri.,janeiro,Histórico,09-jan-2025 qui,84,0,25,0,0,84,0,"62,22","7 231,14","86,09",20,0,160,2762,0,1012,0,5,2501,261,"66,00","267 842,70","96,97",1040,0,4978,Total jan,2762,0,1012,0,5,2501,261,"66,00","267 842,70","96,97",1040,0,4978,Total,49527,3754,17622,0,64,42974,6553,"50,27","6 884 763,99","139,01",17757,137,90685
Data,Ocup,Opção,Cheg,Oferta/Uso Interno,Deduz. Individ.,Deduz. Grupos,% Ocup.,Receita Quartos,Preço Médio,Saídas,Quartos FdS,Adul. / Cri.,janeiro,Histórico,10-jan-2025 sex,75,0,24,0,0,75,0,"55,56","8 380,96","111,75",33,0,141,2762,0,1012,0,5,2501,261,"66,00","267 842,70","96,97",1040,0,4978,Total jan,2762,0,1012,0,5,2501,261,"66,00","267 842,70","96,97",1040,0,4978,Total,49527,3754,17622,0,64,42974,6553,"50,27","6 884 763,99","139,01",17757,137,90685
Data,Ocup,Opção,Cheg,Oferta/Uso Interno,Deduz. Individ.,Deduz. Grupos,% Ocup.,Receita Quartos,Preço Médio,Saídas,Quartos FdS,Adul. / Cri.,janeiro,Histórico,11-jan-2025 sáb,75,0,21,0,0,75,0,"55,56","8 352,03","111,36",21,0,137,2762,0,1012,0,5,2501,261,"66,00","267 842,70","96,97",1040,0,4978,Total jan,2762,0,1012,0,5,2501,261,"66,00","267 842,70","96,97",1040,0,4978,Total,49527,3754,17622,0,64,42974,6553,"50,27","6 884 763,99","139,01",17757,137,90685
Data,Ocup,Opção,Cheg,Oferta/Uso Interno,Deduz. Individ.,Deduz. Grupos,% Ocup.,Receita Quartos,Preço Médio,Saídas,Quartos FdS,Adul. / Cri.,janeiro,Histórico,12-jan-2025 dom,58,0,21,0,0,58,0,"42,96","5 075,28","87,50",38,0,107,2762,0,1012,0,5,2501,261,"66,00","267 842,70","96,97",1040,0,4978,Total jan,2762,0,1012,0,5,2501,261,"66,00","267 842,70","96,97",1040,0,4978,Total,49527,3754,17622,0,64,42974,6553,"50,27","6 884 763,99","139,01",17757,137,90685
Data,Ocup,Opção,Cheg,Oferta/Uso Interno,Deduz. Individ.,Deduz. Grupos,% Ocup.,Receita Quartos,Preço Médio,Saídas,Quartos FdS,Adul. / Cri.,janeiro,Histórico,13-jan-2025 seg,61,0,23,0,0,61,0,"45,19","5 226,69","85,68",20,0,111,2762,0,1012,0,5,2501,261,"66,00","267 842,70","96,97",1040,0,4978,Total jan,2762,0,1012,0,5,2501,261,"66,00","267 842,70","96,97",1040,0,4978,Total,49527,3754,17622,0,64,42974,6553,"50,27","6 884 763,99","139,01",17757,137,90685
Data,Ocup,Opção,Cheg,Oferta/Uso Interno,Deduz. Individ.,Deduz. Grupos,% Ocup.,Receita Quartos,Preço Médio,Saídas,Quartos FdS,Adul. / Cri.,janeiro,Histórico,14-jan-2025 ter,65,0,25,0,0,59,6,"48,15","5 857,46","90,11",21,0,117,2762,0,1012,0,5,2501,261,"66,00","267 842,70","96,97",1040,0,4978,Total jan,2762,0,1012,0,5,2501,261,"66,00","267 842,70","96,97",1040,0,4978,Total,49527,3754,17622,0,64,42974,6553,"50,27","6 884 763,99","139,01",17757,137,90685
Data,Ocup,Opção,Cheg,Oferta/Uso Interno,Deduz. Individ.,Deduz. Grupos,% Ocup.,Receita Quartos,Preço Médio,Saídas,Quartos FdS,Adul. / Cri.,janeiro,Histórico,15-jan-2025 qua,104,0,63,0,0,54,50,"77,04","9 573,76","92,06",24,0,153,2762,0,1012,0,5,2501,261,"66,00","267 842,70","96,97",1040,0,4978,Total jan,2762,0,1012,0,5,2501,261,"66,00","267 842,70","96,97",1040,0,4978,Total,49527,3754,17622,0,64,42974,6553,"50,27","6 884 763,99","139,01",17757,137,90685
Data,Ocup,Opção,Cheg,Oferta/Uso Interno,Deduz. Individ.,Deduz. Grupos,% Ocup.,Receita Quartos,Preço Médio,Saídas,Quartos FdS,Adul. / Cri.,janeiro,Histórico,16-jan-2025 qui,111,0,26,0,0,60,51,"82,22","10 259,49","92,43",19,0,165,2762,0,1012,0,5,2501,261,"66,00","267 842,70","96,97",1040,0,4978,Total jan,2762,0,1012,0,5,2501,261,"66,00","267 842,70","96,97",1040,0,4978,Total,49527,3754,17622,0,64,42974,6553,"50,27","6 884 763,99","139,01",17757,137,90685
Data,Ocup,Opção,Cheg,Oferta/Uso Interno,Deduz. Individ.,Deduz. Grupos,% Ocup.,Receita Quartos,Preço Médio,Saídas,Quartos FdS,Adul. / Cri.,janeiro,Histórico,17-jan-2025 sex,83,0,39,0,0,77,6,"61,48","8 260,48","99,52",67,0,149,2762,0,1012,0,5,2501,261,"66,00","267 842,70","96,97",1040,0,4978,Total jan,2762,0,1012,0,5,2501,261,"66,00","267 842,70","96,97",1040,0,4978,Total,49527,3754,17622,0,64,42974,6553,"50,27","6 884 763,99","139,01",17757,137,90685
Data,Ocup,Opção,Cheg,Oferta/Uso Interno,Deduz. Individ.,Deduz. Grupos,% Ocup.,Receita Quartos,Preço Médio,Saídas,Quartos FdS,Adul. / Cri.,janeiro,Histórico,18-jan-2025 sáb,100,0,38,0,0,95,5,"74,07","9 960,41","99,60",21,0,184,2762,0,1012,0,5,2501,261,"66,00","267 842,70","96,97",1040,0,4978,Total jan,2762,0,1012,0,5,2501,261,"66,00","267 842,70","96,97",1040,0,4978,Total,49527,3754,17622,0,64,42974,6553,"50,27","6 884 763,99","139,01",17757,137,90685
Data,Ocup,Opção,Cheg,Oferta/Uso Interno,Deduz. Individ.,Deduz. Grupos,% Ocup.,Receita Quartos,Preço Médio,Saídas,Quartos FdS,Adul. / Cri.,janeiro,Histórico,19-jan-2025 dom,79,0,30,0,0,79,0,"58,52","6 975,41","88,30",51,0,139,2762,0,1012,0,5,2501,261,"66,00","267 842,70","96,97",1040,0,4978,Total jan,2762,0,1012,0,5,2501,261,"66,00","267 842,70","96,97",1040,0,4978,Total,49527,3754,17622,0,64,42974,6553,"50,27","6 884 763,99","139,01",17757,137,90685
Data,Ocup,Opção,Cheg,Oferta/Uso Interno,Deduz. Individ.,Deduz. Grupos,% Ocup.,Receita Quartos,Preço Médio,Saídas,Quartos FdS,Adul. / Cri.,janeiro,Histórico,20-jan-2025 seg,98,0,40,0,0,88,10,"72,59","9 242,26","94,31",21,0,165,2762,0,1012,0,5,2501,261,"66,00","267 842,70","96,97",1040,0,4978,Total jan,2762,0,1012,0,5,2501,261,"66,00","267 842,70","96,97",1040,0,4978,Total,49527,3754,17622,0,64,42974,6553,"50,27","6 884 763,99","139,01",17757,137,90685
Data,Ocup,Opção,Cheg,Oferta/Uso Interno,Deduz. Individ.,Deduz. Grupos,% Ocup.,Receita Quartos,Preço Médio,Saídas,Quartos FdS,Adul. / Cri.,janeiro,Histórico,21-jan-2025 ter,97,0,31,0,0,87,10,"71,85","8 368,00","86,27",32,0,159,2762,0,1012,0,5,2501,261,"66,00","267 842,70","96,97",1040,0,4978,Total jan,2762,0,1012,0,5,2501,261,"66,00","267 842,70","96,97",1040,0,4978,Total,49527,3754,17622,0,64,42974,6553,"50,27","6 884 763,99","139,01",17757,137,90685
Data,Ocup,Opção,Cheg,Oferta/Uso Interno,Deduz. Individ.,Deduz. Grupos,% Ocup.,Receita Quartos,Preço Médio,Saídas,Quartos FdS,Adul. / Cri.,janeiro,Histórico,22-jan-2025 qua,55,0,20,0,0,55,0,"40,74","4 664,71","84,81",62,0,103,2762,0,1012,0,5,2501,261,"66,00","267 842,70","96,97",1040,0,4978,Total jan,2762,0,1012,0,5,2501,261,"66,00","267 842,70","96,97",1040,0,4978,Total,49527,3754,17622,0,64,42974,6553,"50,27","6 884 763,99","139,01",17757,137,90685
Data,Ocup,Opção,Cheg,Oferta/Uso Interno,Deduz. Individ.,Deduz. Grupos,% Ocup.,Receita Quartos,Preço Médio,Saídas,Quartos FdS,Adul. / Cri.,janeiro,Histórico,23-jan-2025 qui,77,0,34,0,2,77,0,"57,04","6 283,27","81,60",12,0,139,2762,0,1012,0,5,2501,261,"66,00","267 842,70","96,97",1040,0,4978,Total jan,2762,0,1012,0,5,2501,261,"66,00","267 842,70","96,97",1040,0,4978,Total,49527,3754,17622,0,64,42974,6553,"50,27","6 884 763,99","139,01",17757,137,90685
Data,Ocup,Opção,Cheg,Oferta/Uso Interno,Deduz. Individ.,Deduz. Grupos,% Ocup.,Receita Quartos,Preço Médio,Saídas,Quartos FdS,Adul. / Cri.,janeiro,Histórico,24-jan-2025 sex,101,0,51,0,2,85,16,"74,81","10 704,90","105,99",27,0,190,2762,0,1012,0,5,2501,261,"66,00","267 842,70","96,97",1040,0,4978,Total jan,2762,0,1012,0,5,2501,261,"66,00","267 842,70","96,97",1040,0,4978,Total,49527,3754,17622,0,64,42974,6553,"50,27","6 884 763,99","139,01",17757,137,90685
Data,Ocup,Opção,Cheg,Oferta/Uso Interno,Deduz. Individ.,Deduz. Grupos,% Ocup.,Receita Quartos,Preço Médio,Saídas,Quartos FdS,Adul. / Cri.,janeiro,Histórico,25-jan-2025 sáb,107,0,48,0,0,94,13,"79,26","10 670,28","99,72",42,0,196,2762,0,1012,0,5,2501,261,"66,00","267 842,70","96,97",1040,0,4978,Total jan,2762,0,1012,0,5,2501,261,"66,00","267 842,70","96,97",1040,0,4978,Total,49527,3754,17622,0,64,42974,6553,"50,27","6 884 763,99","139,01",17757,137,90685
Data,Ocup,Opção,Cheg,Oferta/Uso Interno,Deduz. Individ.,Deduz. Grupos,% Ocup.,Receita Quartos,Preço Médio,Saídas,Quartos FdS,Adul. / Cri.,janeiro,Histórico,26-jan-2025 dom,83,0,26,0,0,83,0,"61,48","7 518,13","90,58",50,0,160,2762,0,1012,0,5,2501,261,"66,00","267 842,70","96,97",1040,0,4978,Total jan,2762,0,1012,0,5,2501,261,"66,00","267 842,70","96,97",1040,0,4978,Total,49527,3754,17622,0,64,42974,6553,"50,27","6 884 763,99","139,01",17757,137,90685
Data,Ocup,Opção,Cheg,Oferta/Uso Interno,Deduz. Individ.,Deduz. Grupos,% Ocup.,Receita Quartos,Preço Médio,Saídas,Quartos FdS,Adul. / Cri.,janeiro,Histórico,27-jan-2025 seg,86,0,34,0,0,86,0,"63,70","7 711,70","89,67",31,0,161,2762,0,1012,0,5,2501,261,"66,00","267 842,70","96,97",1040,0,4978,Total jan,2762,0,1012,0,5,2501,261,"66,00","267 842,70","96,97",1040,0,4978,Total,49527,3754,17622,0,64,42974,6553,"50,27","6 884 763,99","139,01",17757,137,90685
Data,Ocup,Opção,Cheg,Oferta/Uso Interno,Deduz. Individ.,Deduz. Grupos,% Ocup.,Receita Quartos,Preço Médio,Saídas,Quartos FdS,Adul. / Cri.,janeiro,Histórico,28-jan-2025 ter,96,0,42,0,0,76,20,"71,11","8 603,77","89,62",32,0,164,2762,0,1012,0,5,2501,261,"66,00","267 842,70","96,97",1040,0,4978,Total jan,2762,0,1012,0,5,2501,261,"66,00","267 842,70","96,97",1040,0,4978,Total,49527,3754,17622,0,64,42974,6553,"50,27","6 884 763,99","139,01",17757,137,90685
Data,Ocup,Opção,Cheg,Oferta/Uso Interno,Deduz. Individ.,Deduz. Grupos,% Ocup.,Receita Quartos,Preço Médio,Saídas,Quartos FdS,Adul. / Cri.,janeiro,Histórico,29-jan-2025 qua,100,0,25,0,0,80,20,"74,07","8 822,15","88,22",21,0,165,2762,0,1012,0,5,2501,261,"66,00","267 842,70","96,97",1040,0,4978,Total jan,2762,0,1012,0,5,2501,261,"66,00","267 842,70","96,97",1040,0,4978,Total,49527,3754,17622,0,64,42974,6553,"50,27","6 884 763,99","139,01",17757,137,90685
Data,Ocup,Opção,Cheg,Oferta/Uso Interno,Deduz. Individ.,Deduz. Grupos,% Ocup.,Receita Quartos,Preço Médio,Saídas,Quartos FdS,Adul. / Cri.,janeiro,Histórico,30-jan-2025 qui,78,0,28,0,0,78,0,"57,78","7 112,89","91,19",50,0,147,2762,0,1012,0,5,2501,261,"66,00","267 842,70","96,97",1040,0,4978,Total jan,2762,0,1012,0,5,2501,261,"66,00","267 842,70","96,97",1040,0,4978,Total,49527,3754,17622,0,64,42974,6553,"50,27","6 884 763,99","139,01",17757,137,90685
Data,Ocup,Opção,Cheg,Oferta/Uso Interno,Deduz. Individ.,Deduz. Grupos,% Ocup.,Receita Quartos,Preço Médio,Saídas,Quartos FdS,Adul. / Cri.,janeiro,Histórico,31-jan-2025 sex,107,0,52,0,1,96,11,"79,26","10 686,30","99,87",23,0,202,2762,0,1012,0,5,2501,261,"66,00","267 842,70","96,97",1040,0,4978,Total jan,2762,0,1012,0,5,2501,261,"66,00","267 842,70","96,97",1040,0,4978,Total,49527,3754,17622,0,64,42974,6553,"50,27","6 884 763,99","139,01",17757,137,90685
Data,Ocup,Opção,Cheg,Oferta/Uso Interno,Deduz. Individ.,Deduz. Grupos,% Ocup.,Receita Quartos,Preço Médio,Saídas,Quartos FdS,Adul. / Cri.,fevereiro,Histórico,01-fev-2025 sáb,111,0,45,0,1,98,13,"82,22","11 385,80","102,57",41,0,204,2981,0,1037,0,7,2832,149,"78,86","299 882,52","100,60",1021,0,5468,Total fev,2981,0,1037,0,7,2832,149,"78,86","299 882,52","100,60",1021,0,5468,Total,49527,3754,17622,0,64,42974,6553,"50,27","6 884 763,99","139,01",17757,137,90685
Data,Ocup,Opção,Cheg,Oferta/Uso Interno,Deduz. Individ.,Deduz. Grupos,% Ocup.,Receita Quartos,Preço Médio,Saídas,Quartos FdS,Adul. / Cri.,fevereiro,Histórico,02-fev-2025 dom,75,0,18,0,1,75,0,"55,56","6 720,48","89,61",54,0,139,2981,0,1037,0,7,2832,149,"78,86","299 882,52","100,60",1021,0,5468,Total fev,2981,0,1037,0,7,2832,149,"78,86","299 882,52","100,60",1021,0,5468,Total,49527,3754,17622,0,64,42974,6553,"50,27","6 884 763,99","139,01",17757,137,90685
Data,Ocup,Opção,Cheg,Oferta/Uso Interno,Deduz. Individ.,Deduz. Grupos,% Ocup.,Receita Quartos,Preço Médio,Saídas,Quartos FdS,Adul. / Cri.,fevereiro,Histórico,03-fev-2025 seg,63,0,22,0,0,63,0,"46,67","5 797,38","92,02",34,0,117,2981,0,1037,0,7,2832,149,"78,86","299 882,52","100,60",1021,0,5468,Total fev,2981,0,1037,0,7,2832,149,"78,86","299 882,52","100,60",1021,0,5468,Total,49527,3754,17622,0,64,42974,6553,"50,27","6 884 763,99","139,01",17757,137,90685
Data,Ocup,Opção,Cheg,Oferta/Uso Interno,Deduz. Individ.,Deduz. Grupos,% Ocup.,Receita Quartos,Preço Médio,Saídas,Quartos FdS,Adul. / Cri.,fevereiro,Histórico,04-fev-2025 ter,61,0,24,0,0,61,0,"45,19","5 633,04","92,34",26,0,110,2981,0,1037,0,7,2832,149,"78,86","299 882,52","100,60",1021,0,5468,Total fev,2981,0,1037,0,7,2832,149,"78,86","299 882,52","100,60",1021,0,5468,Total,49527,3754,17622,0,64,42974,6553,"50,27","6 884 763,99","139,01",17757,137,90685
Data,Ocup,Opção,Cheg,Oferta/Uso Interno,Deduz. Individ.,Deduz. Grupos,% Ocup.,Receita Quartos,Preço Médio,Saídas,Quartos FdS,Adul. / Cri.,fevereiro,Histórico,05-fev-2025 qua,68,0,24,0,0,68,0,"50,37","6 245,01","91,84",17,0,123,2981,0,1037,0,7,2832,149,"78,86","299 882,52","100,60",1021,0,5468,Total fev,2981,0,1037,0,7,2832,149,"78,86","299 882,52","100,60",1021,0,5468,Total,49527,3754,17622,0,64,42974,6553,"50,27","6 884 763,99","139,01",17757,137,90685
Data,Ocup,Opção,Cheg,Oferta/Uso Interno,Deduz. Individ.,Deduz. Grupos,% Ocup.,Receita Quartos,Preço Médio,Saídas,Quartos FdS,Adul. / Cri.,fevereiro,Histórico,06-fev-2025 qui,87,0,39,0,0,87,0,"64,44","8 359,82","96,09",20,0,153,2981,0,1037,0,7,2832,149,"78,86","299 882,52","100,60",1021,0,5468,Total fev,2981,0,1037,0,7,2832,149,"78,86","299 882,52","100,60",1021,0,5468,Total,49527,3754,17622,0,64,42974,6553,"50,27","6 884 763,99","139,01",17757,137,90685
Data,Ocup,Opção,Cheg,Oferta/Uso Interno,Deduz. Individ.,Deduz. Grupos,% Ocup.,Receita Quartos,Preço Médio,Saídas,Quartos FdS,Adul. / Cri.,fevereiro,Histórico,07-fev-2025 sex,117,0,47,0,0,117,0,"86,67","12 022,13","102,75",17,0,210,2981,0,1037,0,7,2832,149,"78,86","299 882,52","100,60",1021,0,5468,Total fev,2981,0,1037,0,7,2832,149,"78,86","299 882,52","100,60",1021,0,5468,Total,49527,3754,17622,0,64,42974,6553,"50,27","6 884 763,99","139,01",17757,137,90685
Data,Ocup,Opção,Cheg,Oferta/Uso Interno,Deduz. Individ.,Deduz. Grupos,% Ocup.,Receita Quartos,Preço Médio,Saídas,Quartos FdS,Adul. / Cri.,fevereiro,Histórico,08-fev-2025 sáb,123,0,34,0,0,123,0,"91,11","12 845,83","104,44",28,0,227,2981,0,1037,0,7,2832,149,"78,86","299 882,52","100,60",1021,0,5468,Total fev,2981,0,1037,0,7,2832,149,"78,86","299 882,52","100,60",1021,0,5468,Total,49527,3754,17622,0,64,42974,6553,"50,27","6 884 763,99","139,01",17757,137,90685
Data,Ocup,Opção,Cheg,Oferta/Uso Interno,Deduz. Individ.,Deduz. Grupos,% Ocup.,Receita Quartos,Preço Médio,Saídas,Quartos FdS,Adul. / Cri.,fevereiro,Histórico,09-fev-2025 dom,108,0,35,0,0,107,1,"80,00","9 946,92","92,10",50,0,207,2981,0,1037,0,7,2832,149,"78,86","299 882,52","100,60",1021,0,5468,Total fev,2981,0,1037,0,7,2832,149,"78,86","299 882,52","100,60",1021,0,5468,Total,49527,3754,17622,0,64,42974,6553,"50,27","6 884 763,99","139,01",17757,137,90685
Data,Ocup,Opção,Cheg,Oferta/Uso Interno,Deduz. Individ.,Deduz. Grupos,% Ocup.,Receita Quartos,Preço Médio,Saídas,Quartos FdS,Adul. / Cri.,fevereiro,Histórico,10-fev-2025 seg,93,0,28,0,0,92,1,"68,89","8 221,19","88,40",43,0,173,2981,0,1037,0,7,2832,149,"78,86","299 882,52","100,60",1021,0,5468,Total fev,2981,0,1037,0,7,2832,149,"78,86","299 882,52","100,60",1021,0,5468,Total,49527,3754,17622,0,64,42974,6553,"50,27","6 884 763,99","139,01",17757,137,90685
Data,Ocup,Opção,Cheg,Oferta/Uso Interno,Deduz. Individ.,Deduz. Grupos,% Ocup.,Receita Quartos,Preço Médio,Saídas,Quartos FdS,Adul. / Cri.,fevereiro,Histórico,11-fev-2025 ter,90,0,26,0,0,87,3,"66,67","8 813,35","97,93",29,0,163,2981,0,1037,0,7,2832,149,"78,86","299 882,52","100,60",1021,0,5468,Total fev,2981,0,1037,0,7,2832,149,"78,86","299 882,52","100,60",1021,0,5468,Total,49527,3754,17622,0,64,42974,6553,"50,27","6 884 763,99","139,01",17757,137,90685
Data,Ocup,Opção,Cheg,Oferta/Uso Interno,Deduz. Individ.,Deduz. Grupos,% Ocup.,Receita Quartos,Preço Médio,Saídas,Quartos FdS,Adul. / Cri.,fevereiro,Histórico,12-fev-2025 qua,101,0,36,0,0,93,8,"74,81","9 948,88","98,50",25,0,182,2981,0,1037,0,7,2832,149,"78,86","299 882,52","100,60",1021,0,5468,Total fev,2981,0,1037,0,7,2832,149,"78,86","299 882,52","100,60",1021,0,5468,Total,49527,3754,17622,0,64,42974,6553,"50,27","6 884 763,99","139,01",17757,137,90685
Data,Ocup,Opção,Cheg,Oferta/Uso Interno,Deduz. Individ.,Deduz. Grupos,% Ocup.,Receita Quartos,Preço Médio,Saídas,Quartos FdS,Adul. / Cri.,fevereiro,Histórico,13-fev-2025 qui,121,0,40,0,0,108,13,"89,63","11 463,70","94,74",20,0,219,2981,0,1037,0,7,2832,149,"78,86","299 882,52","100,60",1021,0,5468,Total fev,2981,0,1037,0,7,2832,149,"78,86","299 882,52","100,60",1021,0,5468,Total,49527,3754,17622,0,64,42974,6553,"50,27","6 884 763,99","139,01",17757,137,90685
Data,Ocup,Opção,Cheg,Oferta/Uso Interno,Deduz. Individ.,Deduz. Grupos,% Ocup.,Receita Quartos,Preço Médio,Saídas,Quartos FdS,Adul. / Cri.,fevereiro,Histórico,14-fev-2025 sex,129,0,57,0,0,116,13,"95,56","14 252,79","110,49",49,0,236,2981,0,1037,0,7,2832,149,"78,86","299 882,52","100,60",1021,0,5468,Total fev,2981,0,1037,0,7,2832,149,"78,86","299 882,52","100,60",1021,0,5468,Total,49527,3754,17622,0,64,42974,6553,"50,27","6 884 763,99","139,01",17757,137,90685
Data,Ocup,Opção,Cheg,Oferta/Uso Interno,Deduz. Individ.,Deduz. Grupos,% Ocup.,Receita Quartos,Preço Médio,Saídas,Quartos FdS,Adul. / Cri.,fevereiro,Histórico,15-fev-2025 sáb,134,0,42,0,0,134,0,"99,26","14 794,91","110,41",37,0,256,2981,0,1037,0,7,2832,149,"78,86","299 882,52","100,60",1021,0,5468,Total fev,2981,0,1037,0,7,2832,149,"78,86","299 882,52","100,60",1021,0,5468,Total,49527,3754,17622,0,64,42974,6553,"50,27","6 884 763,99","139,01",17757,137,90685
Data,Ocup,Opção,Cheg,Oferta/Uso Interno,Deduz. Individ.,Deduz. Grupos,% Ocup.,Receita Quartos,Preço Médio,Saídas,Quartos FdS,Adul. / Cri.,fevereiro,Histórico,16-fev-2025 dom,125,0,36,0,0,125,0,"92,59","12 144,22","97,15",45,0,240,2981,0,1037,0,7,2832,149,"78,86","299 882,52","100,60",1021,0,5468,Total fev,2981,0,1037,0,7,2832,149,"78,86","299 882,52","100,60",1021,0,5468,Total,49527,3754,17622,0,64,42974,6553,"50,27","6 884 763,99","139,01",17757,137,90685
Data,Ocup,Opção,Cheg,Oferta/Uso Interno,Deduz. Individ.,Deduz. Grupos,% Ocup.,Receita Quartos,Preço Médio,Saídas,Quartos FdS,Adul. / Cri.,fevereiro,Histórico,17-fev-2025 seg,118,0,51,0,0,118,0,"87,41","12 037,96","102,02",58,0,224,2981,0,1037,0,7,2832,149,"78,86","299 882,52","100,60",1021,0,5468,Total fev,2981,0,1037,0,7,2832,149,"78,86","299 882,52","100,60",1021,0,5468,Total,49527,3754,17622,0,64,42974,6553,"50,27","6 884 763,99","139,01",17757,137,90685
Data,Ocup,Opção,Cheg,Oferta/Uso Interno,Deduz. Individ.,Deduz. Grupos,% Ocup.,Receita Quartos,Preço Médio,Saídas,Quartos FdS,Adul. / Cri.,fevereiro,Histórico,18-fev-2025 ter,118,0,23,0,0,118,0,"87,41","12 099,21","102,54",23,0,218,2981,0,1037,0,7,2832,149,"78,86","299 882,52","100,60",1021,0,5468,Total fev,2981,0,1037,0,7,2832,149,"78,86","299 882,52","100,60",1021,0,5468,Total,49527,3754,17622,0,64,42974,6553,"50,27","6 884 763,99","139,01",17757,137,90685
Data,Ocup,Opção,Cheg,Oferta/Uso Interno,Deduz. Individ.,Deduz. Grupos,% Ocup.,Receita Quartos,Preço Médio,Saídas,Quartos FdS,Adul. / Cri.,fevereiro,Histórico,19-fev-2025 qua,116,0,34,0,1,98,18,"85,93","11 553,95","99,60",36,0,209,2981,0,1037,0,7,2832,149,"78,86","299 882,52","100,60",1021,0,5468,Total fev,2981,0,1037,0,7,2832,149,"78,86","299 882,52","100,60",1021,0,5468,Total,49527,3754,17622,0,64,42974,6553,"50,27","6 884 763,99","139,01",17757,137,90685
Data,Ocup,Opção,Cheg,Oferta/Uso Interno,Deduz. Individ.,Deduz. Grupos,% Ocup.,Receita Quartos,Preço Médio,Saídas,Quartos FdS,Adul. / Cri.,fevereiro,Histórico,20-fev-2025 qui,129,0,59,0,1,99,30,"95,56","13 281,27","102,96",46,0,239,2981,0,1037,0,7,2832,149,"78,86","299 882,52","100,60",1021,0,5468,Total fev,2981,0,1037,0,7,2832,149,"78,86","299 882,52","100,60",1021,0,5468,Total,49527,3754,17622,0,64,42974,6553,"50,27","6 884 763,99","139,01",17757,137,90685
Data,Ocup,Opção,Cheg,Oferta/Uso Interno,Deduz. Individ.,Deduz. Grupos,% Ocup.,Receita Quartos,Preço Médio,Saídas,Quartos FdS,Adul. / Cri.,fevereiro,Histórico,21-fev-2025 sex,131,0,50,0,0,118,13,"97,04","14 752,92","112,62",48,0,246,2981,0,1037,0,7,2832,149,"78,86","299 882,52","100,60",1021,0,5468,Total fev,2981,0,1037,0,7,2832,149,"78,86","299 882,52","100,60",1021,0,5468,Total,49527,3754,17622,0,64,42974,6553,"50,27","6 884 763,99","139,01",17757,137,90685
Data,Ocup,Opção,Cheg,Oferta/Uso Interno,Deduz. Individ.,Deduz. Grupos,% Ocup.,Receita Quartos,Preço Médio,Saídas,Quartos FdS,Adul. / Cri.,fevereiro,Histórico,22-fev-2025 sáb,135,0,30,0,1,123,12,"100,00","14 850,89","110,01",26,0,248,2981,0,1037,0,7,2832,149,"78,86","299 882,52","100,60",1021,0,5468,Total fev,2981,0,1037,0,7,2832,149,"78,86","299 882,52","100,60",1021,0,5468,Total,49527,3754,17622,0,64,42974,6553,"50,27","6 884 763,99","139,01",17757,137,90685
Data,Ocup,Opção,Cheg,Oferta/Uso Interno,Deduz. Individ.,Deduz. Grupos,% Ocup.,Receita Quartos,Preço Médio,Saídas,Quartos FdS,Adul. / Cri.,fevereiro,Histórico,23-fev-2025 dom,113,0,46,0,1,102,11,"83,70","10 619,33","93,98",68,0,199,2981,0,1037,0,7,2832,149,"78,86","299 882,52","100,60",1021,0,5468,Total fev,2981,0,1037,0,7,2832,149,"78,86","299 882,52","100,60",1021,0,5468,Total,49527,3754,17622,0,64,42974,6553,"50,27","6 884 763,99","139,01",17757,137,90685
Data,Ocup,Opção,Cheg,Oferta/Uso Interno,Deduz. Individ.,Deduz. Grupos,% Ocup.,Receita Quartos,Preço Médio,Saídas,Quartos FdS,Adul. / Cri.,fevereiro,Histórico,24-fev-2025 seg,102,0,37,0,1,97,5,"75,56","9 481,49","92,96",48,0,181,2981,0,1037,0,7,2832,149,"78,86","299 882,52","100,60",1021,0,5468,Total fev,2981,0,1037,0,7,2832,149,"78,86","299 882,52","100,60",1021,0,5468,Total,49527,3754,17622,0,64,42974,6553,"50,27","6 884 763,99","139,01",17757,137,90685
Data,Ocup,Opção,Cheg,Oferta/Uso Interno,Deduz. Individ.,Deduz. Grupos,% Ocup.,Receita Quartos,Preço Médio,Saídas,Quartos FdS,Adul. / Cri.,fevereiro,Histórico,25-fev-2025 ter,95,0,29,0,0,91,4,"70,37","9 252,41","97,39",36,0,164,2981,0,1037,0,7,2832,149,"78,86","299 882,52","100,60",1021,0,5468,Total fev,2981,0,1037,0,7,2832,149,"78,86","299 882,52","100,60",1021,0,5468,Total,49527,3754,17622,0,64,42974,6553,"50,27","6 884 763,99","139,01",17757,137,90685
Data,Ocup,Opção,Cheg,Oferta/Uso Interno,Deduz. Individ.,Deduz. Grupos,% Ocup.,Receita Quartos,Preço Médio,Saídas,Quartos FdS,Adul. / Cri.,fevereiro,Histórico,26-fev-2025 qua,92,0,32,0,0,90,2,"68,15","9 125,31","99,19",35,0,166,2981,0,1037,0,7,2832,149,"78,86","299 882,52","100,60",1021,0,5468,Total fev,2981,0,1037,0,7,2832,149,"78,86","299 882,52","100,60",1021,0,5468,Total,49527,3754,17622,0,64,42974,6553,"50,27","6 884 763,99","139,01",17757,137,90685
Data,Ocup,Opção,Cheg,Oferta/Uso Interno,Deduz. Individ.,Deduz. Grupos,% Ocup.,Receita Quartos,Preço Médio,Saídas,Quartos FdS,Adul. / Cri.,fevereiro,Histórico,27-fev-2025 qui,103,0,46,0,0,101,2,"76,30","10 285,76","99,86",35,0,187,2981,0,1037,0,7,2832,149,"78,86","299 882,52","100,60",1021,0,5468,Total fev,2981,0,1037,0,7,2832,149,"78,86","299 882,52","100,60",1021,0,5468,Total,49527,3754,17622,0,64,42974,6553,"50,27","6 884 763,99","139,01",17757,137,90685
Data,Ocup,Opção,Cheg,Oferta/Uso Interno,Deduz. Individ.,Deduz. Grupos,% Ocup.,Receita Quartos,Preço Médio,Saídas,Quartos FdS,Adul. / Cri.,fevereiro,Histórico,28-fev-2025 sex,123,0,47,0,0,123,0,"91,11","13 946,57","113,39",27,0,228,2981,0,1037,0,7,2832,149,"78,86","299 882,52","100,60",1021,0,5468,Total fev,2981,0,1037,0,7,2832,149,"78,86","299 882,52","100,60",1021,0,5468,Total,49527,3754,17622,0,64,42974,6553,"50,27","6 884 763,99","139,01",17757,137,90685
Data,Ocup,Opção,Cheg,Oferta/Uso Interno,Deduz. Individ.,Deduz. Grupos,% Ocup.,Receita Quartos,Preço Médio,Saídas,Quartos FdS,Adul. / Cri.,março,Histórico,01-mar-2025 sáb,135,0,44,0,0,135,0,"100,00","17 388,86","128,81",32,0,247,3999,0,1365,0,0,3392,607,"95,69","493 630,68","123,44",1356,9,7323,Total mar,3999,0,1365,0,0,3392,607,"95,69","493 630,68","123,44",1356,9,7323,Total,49527,3754,17622,0,64,42974,6553,"50,27","6 884 763,99","139,01",17757,137,90685
Data,Ocup,Opção,Cheg,Oferta/Uso Interno,Deduz. Individ.,Deduz. Grupos,% Ocup.,Receita Quartos,Preço Médio,Saídas,Quartos FdS,Adul. / Cri.,março,Histórico,02-mar-2025 dom,127,0,47,0,0,125,2,"94,07","15 001,53","118,12",55,0,236,3999,0,1365,0,0,3392,607,"95,69","493 630,68","123,44",1356,9,7323,Total mar,3999,0,1365,0,0,3392,607,"95,69","493 630,68","123,44",1356,9,7323,Total,49527,3754,17622,0,64,42974,6553,"50,27","6 884 763,99","139,01",17757,137,90685
Data,Ocup,Opção,Cheg,Oferta/Uso Interno,Deduz. Individ.,Deduz. Grupos,% Ocup.,Receita Quartos,Preço Médio,Saídas,Quartos FdS,Adul. / Cri.,março,Histórico,03-mar-2025 seg,129,0,45,0,0,123,6,"95,56","15 263,92","118,32",43,0,239,3999,0,1365,0,0,3392,607,"95,69","493 630,68","123,44",1356,9,7323,Total mar,3999,0,1365,0,0,3392,607,"95,69","493 630,68","123,44",1356,9,7323,Total,49527,3754,17622,0,64,42974,6553,"50,27","6 884 763,99","139,01",17757,137,90685
Data,Ocup,Opção,Cheg,Oferta/Uso Interno,Deduz. Individ.,Deduz. Grupos,% Ocup.,Receita Quartos,Preço Médio,Saídas,Quartos FdS,Adul. / Cri.,março,Histórico,04-mar-2025 ter,120,0,25,0,0,114,6,"88,89","14 280,59","119,00",34,0,218,3999,0,1365,0,0,3392,607,"95,69","493 630,68","123,44",1356,9,7323,Total mar,3999,0,1365,0,0,3392,607,"95,69","493 630,68","123,44",1356,9,7323,Total,49527,3754,17622,0,64,42974,6553,"50,27","6 884 763,99","139,01",17757,137,90685
Data,Ocup,Opção,Cheg,Oferta/Uso Interno,Deduz. Individ.,Deduz. Grupos,% Ocup.,Receita Quartos,Preço Médio,Saídas,Quartos FdS,Adul. / Cri.,março,Histórico,05-mar-2025 qua,111,0,22,0,0,104,7,"82,22","13 082,00","117,86",31,0,204,3999,0,1365,0,0,3392,607,"95,69","493 630,68","123,44",1356,9,7323,Total mar,3999,0,1365,0,0,3392,607,"95,69","493 630,68","123,44",1356,9,7323,Total,49527,3754,17622,0,64,42974,6553,"50,27","6 884 763,99","139,01",17757,137,90685
Data,Ocup,Opção,Cheg,Oferta/Uso Interno,Deduz. Individ.,Deduz. Grupos,% Ocup.,Receita Quartos,Preço Médio,Saídas,Quartos FdS,Adul. / Cri.,março,Histórico,06-mar-2025 qui,128,0,52,0,0,112,16,"94,81","15 723,82","122,84",35,0,233,3999,0,1365,0,0,3392,607,"95,69","493 630,68","123,44",1356,9,7323,Total mar,3999,0,1365,0,0,3392,607,"95,69","493 630,68","123,44",1356,9,7323,Total,49527,3754,17622,0,64,42974,6553,"50,27","6 884 763,99","139,01",17757,137,90685
Data,Ocup,Opção,Cheg,Oferta/Uso Interno,Deduz. Individ.,Deduz. Grupos,% Ocup.,Receita Quartos,Preço Médio,Saídas,Quartos FdS,Adul. / Cri.,março,Histórico,07-mar-2025 sex,134,0,58,0,0,108,26,"99,26","17 993,22","134,28",52,0,243,3999,0,1365,0,0,3392,607,"95,69","493 630,68","123,44",1356,9,7323,Total mar,3999,0,1365,0,0,3392,607,"95,69","493 630,68","123,44",1356,9,7323,Total,49527,3754,17622,0,64,42974,6553,"50,27","6 884 763,99","139,01",17757,137,90685
Data,Ocup,Opção,Cheg,Oferta/Uso Interno,Deduz. Individ.,Deduz. Grupos,% Ocup.,Receita Quartos,Preço Médio,Saídas,Quartos FdS,Adul. / Cri.,março,Histórico,08-mar-2025 sáb,133,0,25,0,0,107,26,"98,52","17 636,78","132,61",26,0,243,3999,0,1365,0,0,3392,607,"95,69","493 630,68","123,44",1356,9,7323,Total mar,3999,0,1365,0,0,3392,607,"95,69","493 630,68","123,44",1356,9,7323,Total,49527,3754,17622,0,64,42974,6553,"50,27","6 884 763,99","139,01",17757,137,90685
Data,Ocup,Opção,Cheg,Oferta/Uso Interno,Deduz. Individ.,Deduz. Grupos,% Ocup.,Receita Quartos,Preço Médio,Saídas,Quartos FdS,Adul. / Cri.,março,Histórico,09-mar-2025 dom,130,0,43,0,0,108,22,"96,30","15 912,79","122,41",46,0,237,3999,0,1365,0,0,3392,607,"95,69","493 630,68","123,44",1356,9,7323,Total mar,3999,0,1365,0,0,3392,607,"95,69","493 630,68","123,44",1356,9,7323,Total,49527,3754,17622,0,64,42974,6553,"50,27","6 884 763,99","139,01",17757,137,90685
Data,Ocup,Opção,Cheg,Oferta/Uso Interno,Deduz. Individ.,Deduz. Grupos,% Ocup.,Receita Quartos,Preço Médio,Saídas,Quartos FdS,Adul. / Cri.,março,Histórico,10-mar-2025 seg,112,0,52,0,0,97,15,"82,96","13 599,22","121,42",70,0,202,3999,0,1365,0,0,3392,607,"95,69","493 630,68","123,44",1356,9,7323,Total mar,3999,0,1365,0,0,3392,607,"95,69","493 630,68","123,44",1356,9,7323,Total,49527,3754,17622,0,64,42974,6553,"50,27","6 884 763,99","139,01",17757,137,90685
Data,Ocup,Opção,Cheg,Oferta/Uso Interno,Deduz. Individ.,Deduz. Grupos,% Ocup.,Receita Quartos,Preço Médio,Saídas,Quartos FdS,Adul. / Cri.,março,Histórico,11-mar-2025 ter,125,0,40,0,0,116,9,"92,59","14 437,93","115,50",27,0,221,3999,0,1365,0,0,3392,607,"95,69","493 630,68","123,44",1356,9,7323,Total mar,3999,0,1365,0,0,3392,607,"95,69","493 630,68","123,44",1356,9,7323,Total,49527,3754,17622,0,64,42974,6553,"50,27","6 884 763,99","139,01",17757,137,90685
Data,Ocup,Opção,Cheg,Oferta/Uso Interno,Deduz. Individ.,Deduz. Grupos,% Ocup.,Receita Quartos,Preço Médio,Saídas,Quartos FdS,Adul. / Cri.,março,Histórico,12-mar-2025 qua,119,0,34,0,0,110,9,"88,15","13 615,29","114,41",40,0,204,3999,0,1365,0,0,3392,607,"95,69","493 630,68","123,44",1356,9,7323,Total mar,3999,0,1365,0,0,3392,607,"95,69","493 630,68","123,44",1356,9,7323,Total,49527,3754,17622,0,64,42974,6553,"50,27","6 884 763,99","139,01",17757,137,90685
Data,Ocup,Opção,Cheg,Oferta/Uso Interno,Deduz. Individ.,Deduz. Grupos,% Ocup.,Receita Quartos,Preço Médio,Saídas,Quartos FdS,Adul. / Cri.,março,Histórico,13-mar-2025 qui,132,0,64,0,0,108,24,"97,78","16 199,14","122,72",51,0,232,3999,0,1365,0,0,3392,607,"95,69","493 630,68","123,44",1356,9,7323,Total mar,3999,0,1365,0,0,3392,607,"95,69","493 630,68","123,44",1356,9,7323,Total,49527,3754,17622,0,64,42974,6553,"50,27","6 884 763,99","139,01",17757,137,90685
Data,Ocup,Opção,Cheg,Oferta/Uso Interno,Deduz. Individ.,Deduz. Grupos,% Ocup.,Receita Quartos,Preço Médio,Saídas,Quartos FdS,Adul. / Cri.,março,Histórico,14-mar-2025 sex,133,0,45,0,0,95,38,"98,52","16 228,02","122,02",44,0,239,3999,0,1365,0,0,3392,607,"95,69","493 630,68","123,44",1356,9,7323,Total mar,3999,0,1365,0,0,3392,607,"95,69","493 630,68","123,44",1356,9,7323,Total,49527,3754,17622,0,64,42974,6553,"50,27","6 884 763,99","139,01",17757,137,90685
Data,Ocup,Opção,Cheg,Oferta/Uso Interno,Deduz. Individ.,Deduz. Grupos,% Ocup.,Receita Quartos,Preço Médio,Saídas,Quartos FdS,Adul. / Cri.,março,Histórico,15-mar-2025 sáb,132,0,39,0,0,111,21,"98,51","16 354,19","123,90",40,0,243,3999,0,1365,0,0,3392,607,"95,69","493 630,68","123,44",1356,9,7323,Total mar,3999,0,1365,0,0,3392,607,"95,69","493 630,68","123,44",1356,9,7323,Total,49527,3754,17622,0,64,42974,6553,"50,27","6 884 763,99","139,01",17757,137,90685
Data,Ocup,Opção,Cheg,Oferta/Uso Interno,Deduz. Individ.,Deduz. Grupos,% Ocup.,Receita Quartos,Preço Médio,Saídas,Quartos FdS,Adul. / Cri.,março,Histórico,16-mar-2025 dom,118,0,44,0,0,111,7,"88,06","14 009,89","118,73",58,0,223,3999,0,1365,0,0,3392,607,"95,69","493 630,68","123,44",1356,9,7323,Total mar,3999,0,1365,0,0,3392,607,"95,69","493 630,68","123,44",1356,9,7323,Total,49527,3754,17622,0,64,42974,6553,"50,27","6 884 763,99","139,01",17757,137,90685
Data,Ocup,Opção,Cheg,Oferta/Uso Interno,Deduz. Individ.,Deduz. Grupos,% Ocup.,Receita Quartos,Preço Médio,Saídas,Quartos FdS,Adul. / Cri.,março,Histórico,17-mar-2025 seg,130,0,55,0,0,101,29,"97,74","15 562,60","119,71",43,0,233,3999,0,1365,0,0,3392,607,"95,69","493 630,68","123,44",1356,9,7323,Total mar,3999,0,1365,0,0,3392,607,"95,69","493 630,68","123,44",1356,9,7323,Total,49527,3754,17622,0,64,42974,6553,"50,27","6 884 763,99","139,01",17757,137,90685
Data,Ocup,Opção,Cheg,Oferta/Uso Interno,Deduz. Individ.,Deduz. Grupos,% Ocup.,Receita Quartos,Preço Médio,Saídas,Quartos FdS,Adul. / Cri.,março,Histórico,18-mar-2025 ter,126,0,23,0,0,97,29,"94,03","15 220,49","120,80",27,0,227,3999,0,1365,0,0,3392,607,"95,69","493 630,68","123,44",1356,9,7323,Total mar,3999,0,1365,0,0,3392,607,"95,69","493 630,68","123,44",1356,9,7323,Total,49527,3754,17622,0,64,42974,6553,"50,27","6 884 763,99","139,01",17757,137,90685
Data,Ocup,Opção,Cheg,Oferta/Uso Interno,Deduz. Individ.,Deduz. Grupos,% Ocup.,Receita Quartos,Preço Médio,Saídas,Quartos FdS,Adul. / Cri.,março,Histórico,19-mar-2025 qua,135,0,53,0,0,89,46,"100,00","16 310,63","120,82",44,0,239,3999,0,1365,0,0,3392,607,"95,69","493 630,68","123,44",1356,9,7323,Total mar,3999,0,1365,0,0,3392,607,"95,69","493 630,68","123,44",1356,9,7323,Total,49527,3754,17622,0,64,42974,6553,"50,27","6 884 763,99","139,01",17757,137,90685
Data,Ocup,Opção,Cheg,Oferta/Uso Interno,Deduz. Individ.,Deduz. Grupos,% Ocup.,Receita Quartos,Preço Médio,Saídas,Quartos FdS,Adul. / Cri.,março,Histórico,20-mar-2025 qui,128,0,52,0,0,78,50,"94,81","15 087,12","117,87",59,0,235,3999,0,1365,0,0,3392,607,"95,69","493 630,68","123,44",1356,9,7323,Total mar,3999,0,1365,0,0,3392,607,"95,69","493 630,68","123,44",1356,9,7323,Total,49527,3754,17622,0,64,42974,6553,"50,27","6 884 763,99","139,01",17757,137,90685
Data,Ocup,Opção,Cheg,Oferta/Uso Interno,Deduz. Individ.,Deduz. Grupos,% Ocup.,Receita Quartos,Preço Médio,Saídas,Quartos FdS,Adul. / Cri.,março,Histórico,21-mar-2025 sex,133,0,36,0,0,92,41,"98,52","17 322,05","130,24",31,0,248,3999,0,1365,0,0,3392,607,"95,69","493 630,68","123,44",1356,9,7323,Total mar,3999,0,1365,0,0,3392,607,"95,69","493 630,68","123,44",1356,9,7323,Total,49527,3754,17622,0,64,42974,6553,"50,27","6 884 763,99","139,01",17757,137,90685
Data,Ocup,Opção,Cheg,Oferta/Uso Interno,Deduz. Individ.,Deduz. Grupos,% Ocup.,Receita Quartos,Preço Médio,Saídas,Quartos FdS,Adul. / Cri.,março,Histórico,22-mar-2025 sáb,134,0,60,0,0,134,0,"99,26","18 512,20","138,15",59,0,253,3999,0,1365,0,0,3392,607,"95,69","493 630,68","123,44",1356,9,7323,Total mar,3999,0,1365,0,0,3392,607,"95,69","493 630,68","123,44",1356,9,7323,Total,49527,3754,17622,0,64,42974,6553,"50,27","6 884 763,99","139,01",17757,137,90685
Data,Ocup,Opção,Cheg,Oferta/Uso Interno,Deduz. Individ.,Deduz. Grupos,% Ocup.,Receita Quartos,Preço Médio,Saídas,Quartos FdS,Adul. / Cri.,março,Histórico,23-mar-2025 dom,132,0,48,0,0,121,11,"97,78","16 188,06","122,64",50,1,256,3999,0,1365,0,0,3392,607,"95,69","493 630,68","123,44",1356,9,7323,Total mar,3999,0,1365,0,0,3392,607,"95,69","493 630,68","123,44",1356,9,7323,Total,49527,3754,17622,0,64,42974,6553,"50,27","6 884 763,99","139,01",17757,137,90685
Data,Ocup,Opção,Cheg,Oferta/Uso Interno,Deduz. Individ.,Deduz. Grupos,% Ocup.,Receita Quartos,Preço Médio,Saídas,Quartos FdS,Adul. / Cri.,março,Histórico,24-mar-2025 seg,133,0,35,0,0,122,11,"98,52","16 568,78","124,58",34,1,253,3999,0,1365,0,0,3392,607,"95,69","493 630,68","123,44",1356,9,7323,Total mar,3999,0,1365,0,0,3392,607,"95,69","493 630,68","123,44",1356,9,7323,Total,49527,3754,17622,0,64,42974,6553,"50,27","6 884 763,99","139,01",17757,137,90685
Data,Ocup,Opção,Cheg,Oferta/Uso Interno,Deduz. Individ.,Deduz. Grupos,% Ocup.,Receita Quartos,Preço Médio,Saídas,Quartos FdS,Adul. / Cri.,março,Histórico,25-mar-2025 ter,131,0,51,0,0,122,9,"97,76","15 857,74","121,05",53,1,235,3999,0,1365,0,0,3392,607,"95,69","493 630,68","123,44",1356,9,7323,Total mar,3999,0,1365,0,0,3392,607,"95,69","493 630,68","123,44",1356,9,7323,Total,49527,3754,17622,0,64,42974,6553,"50,27","6 884 763,99","139,01",17757,137,90685
Data,Ocup,Opção,Cheg,Oferta/Uso Interno,Deduz. Individ.,Deduz. Grupos,% Ocup.,Receita Quartos,Preço Médio,Saídas,Quartos FdS,Adul. / Cri.,março,Histórico,26-mar-2025 qua,134,0,47,0,0,105,29,"99,26","16 018,48","119,54",44,1,240,3999,0,1365,0,0,3392,607,"95,69","493 630,68","123,44",1356,9,7323,Total mar,3999,0,1365,0,0,3392,607,"95,69","493 630,68","123,44",1356,9,7323,Total,49527,3754,17622,0,64,42974,6553,"50,27","6 884 763,99","139,01",17757,137,90685
Data,Ocup,Opção,Cheg,Oferta/Uso Interno,Deduz. Individ.,Deduz. Grupos,% Ocup.,Receita Quartos,Preço Médio,Saídas,Quartos FdS,Adul. / Cri.,março,Histórico,27-mar-2025 qui,133,0,38,0,0,101,32,"98,52","15 948,21","119,91",39,1,244,3999,0,1365,0,0,3392,607,"95,69","493 630,68","123,44",1356,9,7323,Total mar,3999,0,1365,0,0,3392,607,"95,69","493 630,68","123,44",1356,9,7323,Total,49527,3754,17622,0,64,42974,6553,"50,27","6 884 763,99","139,01",17757,137,90685
Data,Ocup,Opção,Cheg,Oferta/Uso Interno,Deduz. Individ.,Deduz. Grupos,% Ocup.,Receita Quartos,Preço Médio,Saídas,Quartos FdS,Adul. / Cri.,março,Histórico,28-mar-2025 sex,133,0,28,0,0,101,32,"98,52","17 389,37","130,75",28,1,243,3999,0,1365,0,0,3392,607,"95,69","493 630,68","123,44",1356,9,7323,Total mar,3999,0,1365,0,0,3392,607,"95,69","493 630,68","123,44",1356,9,7323,Total,49527,3754,17622,0,64,42974,6553,"50,27","6 884 763,99","139,01",17757,137,90685
Data,Ocup,Opção,Cheg,Oferta/Uso Interno,Deduz. Individ.,Deduz. Grupos,% Ocup.,Receita Quartos,Preço Médio,Saídas,Quartos FdS,Adul. / Cri.,março,Histórico,29-mar-2025 sáb,133,0,59,0,0,126,7,"98,52","18 077,98","135,92",59,1,248,3999,0,1365,0,0,3392,607,"95,69","493 630,68","123,44",1356,9,7323,Total mar,3999,0,1365,0,0,3392,607,"95,69","493 630,68","123,44",1356,9,7323,Total,49527,3754,17622,0,64,42974,6553,"50,27","6 884 763,99","139,01",17757,137,90685
Data,Ocup,Opção,Cheg,Oferta/Uso Interno,Deduz. Individ.,Deduz. Grupos,% Ocup.,Receita Quartos,Preço Médio,Saídas,Quartos FdS,Adul. / Cri.,março,Histórico,30-mar-2025 dom,134,0,60,0,0,111,23,"99,26","16 262,27","121,36",59,1,254,3999,0,1365,0,0,3392,607,"95,69","493 630,68","123,44",1356,9,7323,Total mar,3999,0,1365,0,0,3392,607,"95,69","493 630,68","123,44",1356,9,7323,Total,49527,3754,17622,0,64,42974,6553,"50,27","6 884 763,99","139,01",17757,137,90685
Data,Ocup,Opção,Cheg,Oferta/Uso Interno,Deduz. Individ.,Deduz. Grupos,% Ocup.,Receita Quartos,Preço Médio,Saídas,Quartos FdS,Adul. / Cri.,março,Histórico,31-mar-2025 seg,132,0,41,0,0,108,24,"97,78","16 577,51","125,59",43,1,251,3999,0,1365,0,0,3392,607,"95,69","493 630,68","123,44",1356,9,7323,Total mar,3999,0,1365,0,0,3392,607,"95,69","493 630,68","123,44",1356,9,7323,Total,49527,3754,17622,0,64,42974,6553,"50,27","6 884 763,99","139,01",17757,137,90685
Data,Ocup,Opção,Cheg,Oferta/Uso Interno,Deduz. Individ.,Deduz. Grupos,% Ocup.,Receita Quartos,Preço Médio,Saídas,Quartos FdS,Adul. / Cri.,abril,Histórico,01-abr-2025 ter,132,0,36,0,0,103,29,"97,78","17 526,39","132,78",36,1,248,3859,0,1344,0,14,3385,474,"95,28","587 319,58","152,19",1342,34,7407,Total abr,3859,0,1344,0,14,3385,474,"95,28","587 319,58","152,19",1342,34,7407,Total,49527,3754,17622,0,64,42974,6553,"50,27","6 884 763,99","139,01",17757,137,90685
Data,Ocup,Opção,Cheg,Oferta/Uso Interno,Deduz. Individ.,Deduz. Grupos,% Ocup.,Receita Quartos,Preço Médio,Saídas,Quartos FdS,Adul. / Cri.,abril,Histórico,02-abr-2025 qua,124,0,44,0,0,95,29,"91,85","17 636,59","142,23",52,1,229,3859,0,1344,0,14,3385,474,"95,28","587 319,58","152,19",1342,34,7407,Total abr,3859,0,1344,0,14,3385,474,"95,28","587 319,58","152,19",1342,34,7407,Total,49527,3754,17622,0,64,42974,6553,"50,27","6 884 763,99","139,01",17757,137,90685
Data,Ocup,Opção,Cheg,Oferta/Uso Interno,Deduz. Individ.,Deduz. Grupos,% Ocup.,Receita Quartos,Preço Médio,Saídas,Quartos FdS,Adul. / Cri.,abril,Histórico,03-abr-2025 qui,127,0,42,0,0,96,31,"94,07","18 305,01","144,13",39,1,236,3859,0,1344,0,14,3385,474,"95,28","587 319,58","152,19",1342,34,7407,Total abr,3859,0,1344,0,14,3385,474,"95,28","587 319,58","152,19",1342,34,7407,Total,49527,3754,17622,0,64,42974,6553,"50,27","6 884 763,99","139,01",17757,137,90685
Data,Ocup,Opção,Cheg,Oferta/Uso Interno,Deduz. Individ.,Deduz. Grupos,% Ocup.,Receita Quartos,Preço Médio,Saídas,Quartos FdS,Adul. / Cri.,abril,Histórico,04-abr-2025 sex,133,0,43,0,0,98,35,"98,52","20 477,67","153,97",37,1,251,3859,0,1344,0,14,3385,474,"95,28","587 319,58","152,19",1342,34,7407,Total abr,3859,0,1344,0,14,3385,474,"95,28","587 319,58","152,19",1342,34,7407,Total,49527,3754,17622,0,64,42974,6553,"50,27","6 884 763,99","139,01",17757,137,90685
Data,Ocup,Opção,Cheg,Oferta/Uso Interno,Deduz. Individ.,Deduz. Grupos,% Ocup.,Receita Quartos,Preço Médio,Saídas,Quartos FdS,Adul. / Cri.,abril,Histórico,05-abr-2025 sáb,133,0,61,0,0,107,26,"98,52","21 022,10","158,06",61,2,260,3859,0,1344,0,14,3385,474,"95,28","587 319,58","152,19",1342,34,7407,Total abr,3859,0,1344,0,14,3385,474,"95,28","587 319,58","152,19",1342,34,7407,Total,49527,3754,17622,0,64,42974,6553,"50,27","6 884 763,99","139,01",17757,137,90685
Data,Ocup,Opção,Cheg,Oferta/Uso Interno,Deduz. Individ.,Deduz. Grupos,% Ocup.,Receita Quartos,Preço Médio,Saídas,Quartos FdS,Adul. / Cri.,abril,Histórico,06-abr-2025 dom,131,0,34,0,1,97,34,"97,04","19 453,62","148,50",36,2,255,3859,0,1344,0,14,3385,474,"95,28","587 319,58","152,19",1342,34,7407,Total abr,3859,0,1344,0,14,3385,474,"95,28","587 319,58","152,19",1342,34,7407,Total,49527,3754,17622,0,64,42974,6553,"50,27","6 884 763,99","139,01",17757,137,90685
Data,Ocup,Opção,Cheg,Oferta/Uso Interno,Deduz. Individ.,Deduz. Grupos,% Ocup.,Receita Quartos,Preço Médio,Saídas,Quartos FdS,Adul. / Cri.,abril,Histórico,07-abr-2025 seg,112,0,58,0,1,103,9,"82,96","15 704,08","140,22",77,2,215,3859,0,1344,0,14,3385,474,"95,28","587 319,58","152,19",1342,34,7407,Total abr,3859,0,1344,0,14,3385,474,"95,28","587 319,58","152,19",1342,34,7407,Total,49527,3754,17622,0,64,42974,6553,"50,27","6 884 763,99","139,01",17757,137,90685
Data,Ocup,Opção,Cheg,Oferta/Uso Interno,Deduz. Individ.,Deduz. Grupos,% Ocup.,Receita Quartos,Preço Médio,Saídas,Quartos FdS,Adul. / Cri.,abril,Histórico,08-abr-2025 ter,130,0,40,0,1,120,10,"96,30","18 668,08","143,60",22,2,243,3859,0,1344,0,14,3385,474,"95,28","587 319,58","152,19",1342,34,7407,Total abr,3859,0,1344,0,14,3385,474,"95,28","587 319,58","152,19",1342,34,7407,Total,49527,3754,17622,0,64,42974,6553,"50,27","6 884 763,99","139,01",17757,137,90685
Data,Ocup,Opção,Cheg,Oferta/Uso Interno,Deduz. Individ.,Deduz. Grupos,% Ocup.,Receita Quartos,Preço Médio,Saídas,Quartos FdS,Adul. / Cri.,abril,Histórico,09-abr-2025 qua,128,0,41,0,0,102,26,"94,81","18 688,26","146,00",43,1,239,3859,0,1344,0,14,3385,474,"95,28","587 319,58","152,19",1342,34,7407,Total abr,3859,0,1344,0,14,3385,474,"95,28","587 319,58","152,19",1342,34,7407,Total,49527,3754,17622,0,64,42974,6553,"50,27","6 884 763,99","139,01",17757,137,90685
Data,Ocup,Opção,Cheg,Oferta/Uso Interno,Deduz. Individ.,Deduz. Grupos,% Ocup.,Receita Quartos,Preço Médio,Saídas,Quartos FdS,Adul. / Cri.,abril,Histórico,10-abr-2025 qui,127,0,45,0,1,110,17,"94,07","18 708,88","147,31",46,1,239,3859,0,1344,0,14,3385,474,"95,28","587 319,58","152,19",1342,34,7407,Total abr,3859,0,1344,0,14,3385,474,"95,28","587 319,58","152,19",1342,34,7407,Total,49527,3754,17622,0,64,42974,6553,"50,27","6 884 763,99","139,01",17757,137,90685
Data,Ocup,Opção,Cheg,Oferta/Uso Interno,Deduz. Individ.,Deduz. Grupos,% Ocup.,Receita Quartos,Preço Médio,Saídas,Quartos FdS,Adul. / Cri.,abril,Histórico,11-abr-2025 sex,133,0,48,0,1,116,17,"98,52","21 984,26","165,30",42,1,248,3859,0,1344,0,14,3385,474,"95,28","587 319,58","152,19",1342,34,7407,Total abr,3859,0,1344,0,14,3385,474,"95,28","587 319,58","152,19",1342,34,7407,Total,49527,3754,17622,0,64,42974,6553,"50,27","6 884 763,99","139,01",17757,137,90685
Data,Ocup,Opção,Cheg,Oferta/Uso Interno,Deduz. Individ.,Deduz. Grupos,% Ocup.,Receita Quartos,Preço Médio,Saídas,Quartos FdS,Adul. / Cri.,abril,Histórico,12-abr-2025 sáb,122,0,47,0,1,122,0,"90,37","20 321,00","166,57",58,1,230,3859,0,1344,0,14,3385,474,"95,28","587 319,58","152,19",1342,34,7407,Total abr,3859,0,1344,0,14,3385,474,"95,28","587 319,58","152,19",1342,34,7407,Total,49527,3754,17622,0,64,42974,6553,"50,27","6 884 763,99","139,01",17757,137,90685
Data,Ocup,Opção,Cheg,Oferta/Uso Interno,Deduz. Individ.,Deduz. Grupos,% Ocup.,Receita Quartos,Preço Médio,Saídas,Quartos FdS,Adul. / Cri.,abril,Histórico,13-abr-2025 dom,126,0,47,0,0,126,0,"93,33","18 386,99","145,93",43,1,241,3859,0,1344,0,14,3385,474,"95,28","587 319,58","152,19",1342,34,7407,Total abr,3859,0,1344,0,14,3385,474,"95,28","587 319,58","152,19",1342,34,7407,Total,49527,3754,17622,0,64,42974,6553,"50,27","6 884 763,99","139,01",17757,137,90685
Data,Ocup,Opção,Cheg,Oferta/Uso Interno,Deduz. Individ.,Deduz. Grupos,% Ocup.,Receita Quartos,Preço Médio,Saídas,Quartos FdS,Adul. / Cri.,abril,Histórico,14-abr-2025 seg,130,0,53,0,0,116,14,"96,30","19 164,45","147,42",49,1,249,3859,0,1344,0,14,3385,474,"95,28","587 319,58","152,19",1342,34,7407,Total abr,3859,0,1344,0,14,3385,474,"95,28","587 319,58","152,19",1342,34,7407,Total,49527,3754,17622,0,64,42974,6553,"50,27","6 884 763,99","139,01",17757,137,90685
Data,Ocup,Opção,Cheg,Oferta/Uso Interno,Deduz. Individ.,Deduz. Grupos,% Ocup.,Receita Quartos,Preço Médio,Saídas,Quartos FdS,Adul. / Cri.,abril,Histórico,15-abr-2025 ter,129,0,32,0,0,115,14,"95,56","19 010,71","147,37",33,1,251,3859,0,1344,0,14,3385,474,"95,28","587 319,58","152,19",1342,34,7407,Total abr,3859,0,1344,0,14,3385,474,"95,28","587 319,58","152,19",1342,34,7407,Total,49527,3754,17622,0,64,42974,6553,"50,27","6 884 763,99","139,01",17757,137,90685
Data,Ocup,Opção,Cheg,Oferta/Uso Interno,Deduz. Individ.,Deduz. Grupos,% Ocup.,Receita Quartos,Preço Médio,Saídas,Quartos FdS,Adul. / Cri.,abril,Histórico,16-abr-2025 qua,133,0,34,0,1,119,14,"98,52","20 011,43","150,46",30,1,261,3859,0,1344,0,14,3385,474,"95,28","587 319,58","152,19",1342,34,7407,Total abr,3859,0,1344,0,14,3385,474,"95,28","587 319,58","152,19",1342,34,7407,Total,49527,3754,17622,0,64,42974,6553,"50,27","6 884 763,99","139,01",17757,137,90685
Data,Ocup,Opção,Cheg,Oferta/Uso Interno,Deduz. Individ.,Deduz. Grupos,% Ocup.,Receita Quartos,Preço Médio,Saídas,Quartos FdS,Adul. / Cri.,abril,Histórico,17-abr-2025 qui,130,0,27,0,1,116,14,"96,30","20 409,74","157,00",30,1,255,3859,0,1344,0,14,3385,474,"95,28","587 319,58","152,19",1342,34,7407,Total abr,3859,0,1344,0,14,3385,474,"95,28","587 319,58","152,19",1342,34,7407,Total,49527,3754,17622,0,64,42974,6553,"50,27","6 884 763,99","139,01",17757,137,90685
Data,Ocup,Opção,Cheg,Oferta/Uso Interno,Deduz. Individ.,Deduz. Grupos,% Ocup.,Receita Quartos,Preço Médio,Saídas,Quartos FdS,Adul. / Cri.,abril,Histórico,18-abr-2025 sex,128,0,53,0,1,110,18,"94,81","21 261,40","166,10",55,1,255,3859,0,1344,0,14,3385,474,"95,28","587 319,58","152,19",1342,34,7407,Total abr,3859,0,1344,0,14,3385,474,"95,28","587 319,58","152,19",1342,34,7407,Total,49527,3754,17622,0,64,42974,6553,"50,27","6 884 763,99","139,01",17757,137,90685
Data,Ocup,Opção,Cheg,Oferta/Uso Interno,Deduz. Individ.,Deduz. Grupos,% Ocup.,Receita Quartos,Preço Médio,Saídas,Quartos FdS,Adul. / Cri.,abril,Histórico,19-abr-2025 sáb,134,0,44,0,1,114,20,"99,26","22 251,87","166,06",38,1,264,3859,0,1344,0,14,3385,474,"95,28","587 319,58","152,19",1342,34,7407,Total abr,3859,0,1344,0,14,3385,474,"95,28","587 319,58","152,19",1342,34,7407,Total,49527,3754,17622,0,64,42974,6553,"50,27","6 884 763,99","139,01",17757,137,90685
Data,Ocup,Opção,Cheg,Oferta/Uso Interno,Deduz. Individ.,Deduz. Grupos,% Ocup.,Receita Quartos,Preço Médio,Saídas,Quartos FdS,Adul. / Cri.,abril,Histórico,20-abr-2025 dom,133,0,65,0,0,123,10,"98,52","20 286,24","152,53",66,1,265,3859,0,1344,0,14,3385,474,"95,28","587 319,58","152,19",1342,34,7407,Total abr,3859,0,1344,0,14,3385,474,"95,28","587 319,58","152,19",1342,34,7407,Total,49527,3754,17622,0,64,42974,6553,"50,27","6 884 763,99","139,01",17757,137,90685
Data,Ocup,Opção,Cheg,Oferta/Uso Interno,Deduz. Individ.,Deduz. Grupos,% Ocup.,Receita Quartos,Preço Médio,Saídas,Quartos FdS,Adul. / Cri.,abril,Histórico,21-abr-2025 seg,125,0,32,0,0,115,10,"92,59","18 751,47","150,01",40,1,250,3859,0,1344,0,14,3385,474,"95,28","587 319,58","152,19",1342,34,7407,Total abr,3859,0,1344,0,14,3385,474,"95,28","587 319,58","152,19",1342,34,7407,Total,49527,3754,17622,0,64,42974,6553,"50,27","6 884 763,99","139,01",17757,137,90685
Data,Ocup,Opção,Cheg,Oferta/Uso Interno,Deduz. Individ.,Deduz. Grupos,% Ocup.,Receita Quartos,Preço Médio,Saídas,Quartos FdS,Adul. / Cri.,abril,Histórico,22-abr-2025 ter,118,0,39,0,0,116,2,"87,41","17 983,66","152,40",46,1,232,3859,0,1344,0,14,3385,474,"95,28","587 319,58","152,19",1342,34,7407,Total abr,3859,0,1344,0,14,3385,474,"95,28","587 319,58","152,19",1342,34,7407,Total,49527,3754,17622,0,64,42974,6553,"50,27","6 884 763,99","139,01",17757,137,90685
Data,Ocup,Opção,Cheg,Oferta/Uso Interno,Deduz. Individ.,Deduz. Grupos,% Ocup.,Receita Quartos,Preço Médio,Saídas,Quartos FdS,Adul. / Cri.,abril,Histórico,23-abr-2025 qua,130,0,50,0,0,110,20,"96,30","20 161,33","155,09",38,1,252,3859,0,1344,0,14,3385,474,"95,28","587 319,58","152,19",1342,34,7407,Total abr,3859,0,1344,0,14,3385,474,"95,28","587 319,58","152,19",1342,34,7407,Total,49527,3754,17622,0,64,42974,6553,"50,27","6 884 763,99","139,01",17757,137,90685
Data,Ocup,Opção,Cheg,Oferta/Uso Interno,Deduz. Individ.,Deduz. Grupos,% Ocup.,Receita Quartos,Preço Médio,Saídas,Quartos FdS,Adul. / Cri.,abril,Histórico,24-abr-2025 qui,128,0,35,0,1,105,23,"94,81","20 057,18","156,70",37,1,243,3859,0,1344,0,14,3385,474,"95,28","587 319,58","152,19",1342,34,7407,Total abr,3859,0,1344,0,14,3385,474,"95,28","587 319,58","152,19",1342,34,7407,Total,49527,3754,17622,0,64,42974,6553,"50,27","6 884 763,99","139,01",17757,137,90685
Data,Ocup,Opção,Cheg,Oferta/Uso Interno,Deduz. Individ.,Deduz. Grupos,% Ocup.,Receita Quartos,Preço Médio,Saídas,Quartos FdS,Adul. / Cri.,abril,Histórico,25-abr-2025 sex,132,0,44,0,0,106,26,"97,78","20 964,95","158,83",40,1,256,3859,0,1344,0,14,3385,474,"95,28","587 319,58","152,19",1342,34,7407,Total abr,3859,0,1344,0,14,3385,474,"95,28","587 319,58","152,19",1342,34,7407,Total,49527,3754,17622,0,64,42974,6553,"50,27","6 884 763,99","139,01",17757,137,90685
Data,Ocup,Opção,Cheg,Oferta/Uso Interno,Deduz. Individ.,Deduz. Grupos,% Ocup.,Receita Quartos,Preço Médio,Saídas,Quartos FdS,Adul. / Cri.,abril,Histórico,26-abr-2025 sáb,133,0,48,0,0,124,9,"98,52","21 884,39","164,54",47,1,258,3859,0,1344,0,14,3385,474,"95,28","587 319,58","152,19",1342,34,7407,Total abr,3859,0,1344,0,14,3385,474,"95,28","587 319,58","152,19",1342,34,7407,Total,49527,3754,17622,0,64,42974,6553,"50,27","6 884 763,99","139,01",17757,137,90685
Data,Ocup,Opção,Cheg,Oferta/Uso Interno,Deduz. Individ.,Deduz. Grupos,% Ocup.,Receita Quartos,Preço Médio,Saídas,Quartos FdS,Adul. / Cri.,abril,Histórico,27-abr-2025 dom,131,0,49,0,0,131,0,"97,04","19 000,03","145,04",51,1,249,3859,0,1344,0,14,3385,474,"95,28","587 319,58","152,19",1342,34,7407,Total abr,3859,0,1344,0,14,3385,474,"95,28","587 319,58","152,19",1342,34,7407,Total,49527,3754,17622,0,64,42974,6553,"50,27","6 884 763,99","139,01",17757,137,90685
Data,Ocup,Opção,Cheg,Oferta/Uso Interno,Deduz. Individ.,Deduz. Grupos,% Ocup.,Receita Quartos,Preço Médio,Saídas,Quartos FdS,Adul. / Cri.,abril,Histórico,28-abr-2025 seg,123,0,38,0,1,123,0,"91,11","20 111,03","163,50",46,1,230,3859,0,1344,0,14,3385,474,"95,28","587 319,58","152,19",1342,34,7407,Total abr,3859,0,1344,0,14,3385,474,"95,28","587 319,58","152,19",1342,34,7407,Total,49527,3754,17622,0,64,42974,6553,"50,27","6 884 763,99","139,01",17757,137,90685
Data,Ocup,Opção,Cheg,Oferta/Uso Interno,Deduz. Individ.,Deduz. Grupos,% Ocup.,Receita Quartos,Preço Médio,Saídas,Quartos FdS,Adul. / Cri.,abril,Histórico,29-abr-2025 ter,130,0,50,0,1,130,0,"96,30","19 207,09","147,75",43,1,247,3859,0,1344,0,14,3385,474,"95,28","587 319,58","152,19",1342,34,7407,Total abr,3859,0,1344,0,14,3385,474,"95,28","587 319,58","152,19",1342,34,7407,Total,49527,3754,17622,0,64,42974,6553,"50,27","6 884 763,99","139,01",17757,137,90685
Data,Ocup,Opção,Cheg,Oferta/Uso Interno,Deduz. Individ.,Deduz. Grupos,% Ocup.,Receita Quartos,Preço Médio,Saídas,Quartos FdS,Adul. / Cri.,abril,Histórico,30-abr-2025 qua,134,0,65,0,1,117,17,"99,26","19 919,68","148,65",61,1,256,3859,0,1344,0,14,3385,474,"95,28","587 319,58","152,19",1342,34,7407,Total abr,3859,0,1344,0,14,3385,474,"95,28","587 319,58","152,19",1342,34,7407,Total,49527,3754,17622,0,64,42974,6553,"50,27","6 884 763,99","139,01",17757,137,90685
Data,Ocup,Opção,Cheg,Oferta/Uso Interno,Deduz. Individ.,Deduz. Grupos,% Ocup.,Receita Quartos,Preço Médio,Saídas,Quartos FdS,Adul. / Cri.,maio,Histórico,01-mai-2025 qui,130,0,50,0,1,102,28,"96,30","22 382,26","172,17",54,1,238,4007,0,1500,0,2,3281,726,"95,77","695 015,28","173,45",1501,77,7395,Total mai,4007,0,1500,0,2,3281,726,"95,77","695 015,28","173,45",1501,77,7395,Total,49527,3754,17622,0,64,42974,6553,"50,27","6 884 763,99","139,01",17757,137,90685
Data,Ocup,Opção,Cheg,Oferta/Uso Interno,Deduz. Individ.,Deduz. Grupos,% Ocup.,Receita Quartos,Preço Médio,Saídas,Quartos FdS,Adul. / Cri.,maio,Histórico,02-mai-2025 sex,132,0,26,0,0,104,28,"97,78","22 860,83","173,19",24,1,246,4007,0,1500,0,2,3281,726,"95,77","695 015,28","173,45",1501,77,7395,Total mai,4007,0,1500,0,2,3281,726,"95,77","695 015,28","173,45",1501,77,7395,Total,49527,3754,17622,0,64,42974,6553,"50,27","6 884 763,99","139,01",17757,137,90685
Data,Ocup,Opção,Cheg,Oferta/Uso Interno,Deduz. Individ.,Deduz. Grupos,% Ocup.,Receita Quartos,Preço Médio,Saídas,Quartos FdS,Adul. / Cri.,maio,Histórico,03-mai-2025 sáb,132,0,57,0,0,132,0,"97,78","24 022,59","181,99",57,1,247,4007,0,1500,0,2,3281,726,"95,77","695 015,28","173,45",1501,77,7395,Total mai,4007,0,1500,0,2,3281,726,"95,77","695 015,28","173,45",1501,77,7395,Total,49527,3754,17622,0,64,42974,6553,"50,27","6 884 763,99","139,01",17757,137,90685
Data,Ocup,Opção,Cheg,Oferta/Uso Interno,Deduz. Individ.,Deduz. Grupos,% Ocup.,Receita Quartos,Preço Médio,Saídas,Quartos FdS,Adul. / Cri.,maio,Histórico,04-mai-2025 dom,120,0,44,0,0,111,9,"88,89","19 358,39","161,32",56,1,222,4007,0,1500,0,2,3281,726,"95,77","695 015,28","173,45",1501,77,7395,Total mai,4007,0,1500,0,2,3281,726,"95,77","695 015,28","173,45",1501,77,7395,Total,49527,3754,17622,0,64,42974,6553,"50,27","6 884 763,99","139,01",17757,137,90685
Data,Ocup,Opção,Cheg,Oferta/Uso Interno,Deduz. Individ.,Deduz. Grupos,% Ocup.,Receita Quartos,Preço Médio,Saídas,Quartos FdS,Adul. / Cri.,maio,Histórico,05-mai-2025 seg,117,0,39,0,0,108,9,"86,67","19 709,26","168,46",42,17,220,4007,0,1500,0,2,3281,726,"95,77","695 015,28","173,45",1501,77,7395,Total mai,4007,0,1500,0,2,3281,726,"95,77","695 015,28","173,45",1501,77,7395,Total,49527,3754,17622,0,64,42974,6553,"50,27","6 884 763,99","139,01",17757,137,90685
Data,Ocup,Opção,Cheg,Oferta/Uso Interno,Deduz. Individ.,Deduz. Grupos,% Ocup.,Receita Quartos,Preço Médio,Saídas,Quartos FdS,Adul. / Cri.,maio,Histórico,06-mai-2025 ter,109,0,32,0,0,109,0,"81,34","18 519,34","169,90",40,16,205,4007,0,1500,0,2,3281,726,"95,77","695 015,28","173,45",1501,77,7395,Total mai,4007,0,1500,0,2,3281,726,"95,77","695 015,28","173,45",1501,77,7395,Total,49527,3754,17622,0,64,42974,6553,"50,27","6 884 763,99","139,01",17757,137,90685
Data,Ocup,Opção,Cheg,Oferta/Uso Interno,Deduz. Individ.,Deduz. Grupos,% Ocup.,Receita Quartos,Preço Médio,Saídas,Quartos FdS,Adul. / Cri.,maio,Histórico,07-mai-2025 qua,118,0,64,0,0,101,17,"87,41","20 361,37","172,55",55,16,212,4007,0,1500,0,2,3281,726,"95,77","695 015,28","173,45",1501,77,7395,Total mai,4007,0,1500,0,2,3281,726,"95,77","695 015,28","173,45",1501,77,7395,Total,49527,3754,17622,0,64,42974,6553,"50,27","6 884 763,99","139,01",17757,137,90685
Data,Ocup,Opção,Cheg,Oferta/Uso Interno,Deduz. Individ.,Deduz. Grupos,% Ocup.,Receita Quartos,Preço Médio,Saídas,Quartos FdS,Adul. / Cri.,maio,Histórico,08-mai-2025 qui,118,0,33,0,0,101,17,"87,41","21 273,07","180,28",33,7,216,4007,0,1500,0,2,3281,726,"95,77","695 015,28","173,45",1501,77,7395,Total mai,4007,0,1500,0,2,3281,726,"95,77","695 015,28","173,45",1501,77,7395,Total,49527,3754,17622,0,64,42974,6553,"50,27","6 884 763,99","139,01",17757,137,90685
Data,Ocup,Opção,Cheg,Oferta/Uso Interno,Deduz. Individ.,Deduz. Grupos,% Ocup.,Receita Quartos,Preço Médio,Saídas,Quartos FdS,Adul. / Cri.,maio,Histórico,09-mai-2025 sex,127,0,49,0,0,110,17,"94,07","24 317,36","191,48",40,3,243,4007,0,1500,0,2,3281,726,"95,77","695 015,28","173,45",1501,77,7395,Total mai,4007,0,1500,0,2,3281,726,"95,77","695 015,28","173,45",1501,77,7395,Total,49527,3754,17622,0,64,42974,6553,"50,27","6 884 763,99","139,01",17757,137,90685
Data,Ocup,Opção,Cheg,Oferta/Uso Interno,Deduz. Individ.,Deduz. Grupos,% Ocup.,Receita Quartos,Preço Médio,Saídas,Quartos FdS,Adul. / Cri.,maio,Histórico,10-mai-2025 sáb,133,0,46,0,1,133,0,"98,52","26 999,38","203,00",40,2,256,4007,0,1500,0,2,3281,726,"95,77","695 015,28","173,45",1501,77,7395,Total mai,4007,0,1500,0,2,3281,726,"95,77","695 015,28","173,45",1501,77,7395,Total,49527,3754,17622,0,64,42974,6553,"50,27","6 884 763,99","139,01",17757,137,90685
Data,Ocup,Opção,Cheg,Oferta/Uso Interno,Deduz. Individ.,Deduz. Grupos,% Ocup.,Receita Quartos,Preço Médio,Saídas,Quartos FdS,Adul. / Cri.,maio,Histórico,11-mai-2025 dom,126,0,50,0,0,126,0,"93,33","21 753,95","172,65",57,2,236,4007,0,1500,0,2,3281,726,"95,77","695 015,28","173,45",1501,77,7395,Total mai,4007,0,1500,0,2,3281,726,"95,77","695 015,28","173,45",1501,77,7395,Total,49527,3754,17622,0,64,42974,6553,"50,27","6 884 763,99","139,01",17757,137,90685
Data,Ocup,Opção,Cheg,Oferta/Uso Interno,Deduz. Individ.,Deduz. Grupos,% Ocup.,Receita Quartos,Preço Médio,Saídas,Quartos FdS,Adul. / Cri.,maio,Histórico,12-mai-2025 seg,129,0,34,0,0,129,0,"95,56","22 916,09","177,64",31,2,233,4007,0,1500,0,2,3281,726,"95,77","695 015,28","173,45",1501,77,7395,Total mai,4007,0,1500,0,2,3281,726,"95,77","695 015,28","173,45",1501,77,7395,Total,49527,3754,17622,0,64,42974,6553,"50,27","6 884 763,99","139,01",17757,137,90685
Data,Ocup,Opção,Cheg,Oferta/Uso Interno,Deduz. Individ.,Deduz. Grupos,% Ocup.,Receita Quartos,Preço Médio,Saídas,Quartos FdS,Adul. / Cri.,maio,Histórico,13-mai-2025 ter,134,0,62,0,0,102,32,"99,26","22 130,00","165,15",57,1,231,4007,0,1500,0,2,3281,726,"95,77","695 015,28","173,45",1501,77,7395,Total mai,4007,0,1500,0,2,3281,726,"95,77","695 015,28","173,45",1501,77,7395,Total,49527,3754,17622,0,64,42974,6553,"50,27","6 884 763,99","139,01",17757,137,90685
Data,Ocup,Opção,Cheg,Oferta/Uso Interno,Deduz. Individ.,Deduz. Grupos,% Ocup.,Receita Quartos,Preço Médio,Saídas,Quartos FdS,Adul. / Cri.,maio,Histórico,14-mai-2025 qua,132,0,53,0,0,77,55,"97,78","20 852,56","157,97",55,1,231,4007,0,1500,0,2,3281,726,"95,77","695 015,28","173,45",1501,77,7395,Total mai,4007,0,1500,0,2,3281,726,"95,77","695 015,28","173,45",1501,77,7395,Total,49527,3754,17622,0,64,42974,6553,"50,27","6 884 763,99","139,01",17757,137,90685
Data,Ocup,Opção,Cheg,Oferta/Uso Interno,Deduz. Individ.,Deduz. Grupos,% Ocup.,Receita Quartos,Preço Médio,Saídas,Quartos FdS,Adul. / Cri.,maio,Histórico,15-mai-2025 qui,130,0,47,0,0,86,44,"96,30","21 723,94","167,11",49,1,233,4007,0,1500,0,2,3281,726,"95,77","695 015,28","173,45",1501,77,7395,Total mai,4007,0,1500,0,2,3281,726,"95,77","695 015,28","173,45",1501,77,7395,Total,49527,3754,17622,0,64,42974,6553,"50,27","6 884 763,99","139,01",17757,137,90685
Data,Ocup,Opção,Cheg,Oferta/Uso Interno,Deduz. Individ.,Deduz. Grupos,% Ocup.,Receita Quartos,Preço Médio,Saídas,Quartos FdS,Adul. / Cri.,maio,Histórico,16-mai-2025 sex,133,0,59,0,0,102,31,"98,52","24 041,94","180,77",56,1,241,4007,0,1500,0,2,3281,726,"95,77","695 015,28","173,45",1501,77,7395,Total mai,4007,0,1500,0,2,3281,726,"95,77","695 015,28","173,45",1501,77,7395,Total,49527,3754,17622,0,64,42974,6553,"50,27","6 884 763,99","139,01",17757,137,90685
Data,Ocup,Opção,Cheg,Oferta/Uso Interno,Deduz. Individ.,Deduz. Grupos,% Ocup.,Receita Quartos,Preço Médio,Saídas,Quartos FdS,Adul. / Cri.,maio,Histórico,17-mai-2025 sáb,132,0,60,0,0,120,12,"97,78","22 735,84","172,24",61,1,247,4007,0,1500,0,2,3281,726,"95,77","695 015,28","173,45",1501,77,7395,Total mai,4007,0,1500,0,2,3281,726,"95,77","695 015,28","173,45",1501,77,7395,Total,49527,3754,17622,0,64,42974,6553,"50,27","6 884 763,99","139,01",17757,137,90685
Data,Ocup,Opção,Cheg,Oferta/Uso Interno,Deduz. Individ.,Deduz. Grupos,% Ocup.,Receita Quartos,Preço Médio,Saídas,Quartos FdS,Adul. / Cri.,maio,Histórico,18-mai-2025 dom,132,0,58,0,0,96,36,"97,78","21 573,54","163,44",58,1,245,4007,0,1500,0,2,3281,726,"95,77","695 015,28","173,45",1501,77,7395,Total mai,4007,0,1500,0,2,3281,726,"95,77","695 015,28","173,45",1501,77,7395,Total,49527,3754,17622,0,64,42974,6553,"50,27","6 884 763,99","139,01",17757,137,90685
Data,Ocup,Opção,Cheg,Oferta/Uso Interno,Deduz. Individ.,Deduz. Grupos,% Ocup.,Receita Quartos,Preço Médio,Saídas,Quartos FdS,Adul. / Cri.,maio,Histórico,19-mai-2025 seg,131,0,47,0,0,106,25,"97,04","21 105,86","161,11",48,2,246,4007,0,1500,0,2,3281,726,"95,77","695 015,28","173,45",1501,77,7395,Total mai,4007,0,1500,0,2,3281,726,"95,77","695 015,28","173,45",1501,77,7395,Total,49527,3754,17622,0,64,42974,6553,"50,27","6 884 763,99","139,01",17757,137,90685
Data,Ocup,Opção,Cheg,Oferta/Uso Interno,Deduz. Individ.,Deduz. Grupos,% Ocup.,Receita Quartos,Preço Médio,Saídas,Quartos FdS,Adul. / Cri.,maio,Histórico,20-mai-2025 ter,135,0,42,0,0,108,27,"100,00","23 610,63","174,89",38,0,249,4007,0,1500,0,2,3281,726,"95,77","695 015,28","173,45",1501,77,7395,Total mai,4007,0,1500,0,2,3281,726,"95,77","695 015,28","173,45",1501,77,7395,Total,49527,3754,17622,0,64,42974,6553,"50,27","6 884 763,99","139,01",17757,137,90685
Data,Ocup,Opção,Cheg,Oferta/Uso Interno,Deduz. Individ.,Deduz. Grupos,% Ocup.,Receita Quartos,Preço Médio,Saídas,Quartos FdS,Adul. / Cri.,maio,Histórico,21-mai-2025 qua,132,0,67,0,0,109,23,"97,78","21 124,16","160,03",70,0,245,4007,0,1500,0,2,3281,726,"95,77","695 015,28","173,45",1501,77,7395,Total mai,4007,0,1500,0,2,3281,726,"95,77","695 015,28","173,45",1501,77,7395,Total,49527,3754,17622,0,64,42974,6553,"50,27","6 884 763,99","139,01",17757,137,90685
Data,Ocup,Opção,Cheg,Oferta/Uso Interno,Deduz. Individ.,Deduz. Grupos,% Ocup.,Receita Quartos,Preço Médio,Saídas,Quartos FdS,Adul. / Cri.,maio,Histórico,22-mai-2025 qui,132,0,49,0,0,89,43,"97,78","23 209,43","175,83",49,0,239,4007,0,1500,0,2,3281,726,"95,77","695 015,28","173,45",1501,77,7395,Total mai,4007,0,1500,0,2,3281,726,"95,77","695 015,28","173,45",1501,77,7395,Total,49527,3754,17622,0,64,42974,6553,"50,27","6 884 763,99","139,01",17757,137,90685
Data,Ocup,Opção,Cheg,Oferta/Uso Interno,Deduz. Individ.,Deduz. Grupos,% Ocup.,Receita Quartos,Preço Médio,Saídas,Quartos FdS,Adul. / Cri.,maio,Histórico,23-mai-2025 sex,132,0,37,0,0,96,36,"97,78","24 350,25","184,47",37,0,244,4007,0,1500,0,2,3281,726,"95,77","695 015,28","173,45",1501,77,7395,Total mai,4007,0,1500,0,2,3281,726,"95,77","695 015,28","173,45",1501,77,7395,Total,49527,3754,17622,0,64,42974,6553,"50,27","6 884 763,99","139,01",17757,137,90685
Data,Ocup,Opção,Cheg,Oferta/Uso Interno,Deduz. Individ.,Deduz. Grupos,% Ocup.,Receita Quartos,Preço Médio,Saídas,Quartos FdS,Adul. / Cri.,maio,Histórico,24-mai-2025 sáb,130,0,64,0,0,127,3,"96,30","25 229,02","194,07",66,0,231,4007,0,1500,0,2,3281,726,"95,77","695 015,28","173,45",1501,77,7395,Total mai,4007,0,1500,0,2,3281,726,"95,77","695 015,28","173,45",1501,77,7395,Total,49527,3754,17622,0,64,42974,6553,"50,27","6 884 763,99","139,01",17757,137,90685
Data,Ocup,Opção,Cheg,Oferta/Uso Interno,Deduz. Individ.,Deduz. Grupos,% Ocup.,Receita Quartos,Preço Médio,Saídas,Quartos FdS,Adul. / Cri.,maio,Histórico,25-mai-2025 dom,131,0,65,0,0,110,21,"97,04","22 274,27","170,03",64,0,227,4007,0,1500,0,2,3281,726,"95,77","695 015,28","173,45",1501,77,7395,Total mai,4007,0,1500,0,2,3281,726,"95,77","695 015,28","173,45",1501,77,7395,Total,49527,3754,17622,0,64,42974,6553,"50,27","6 884 763,99","139,01",17757,137,90685
Data,Ocup,Opção,Cheg,Oferta/Uso Interno,Deduz. Individ.,Deduz. Grupos,% Ocup.,Receita Quartos,Preço Médio,Saídas,Quartos FdS,Adul. / Cri.,maio,Histórico,26-mai-2025 seg,134,0,43,0,0,125,9,"99,26","21 962,21","163,90",40,0,237,4007,0,1500,0,2,3281,726,"95,77","695 015,28","173,45",1501,77,7395,Total mai,4007,0,1500,0,2,3281,726,"95,77","695 015,28","173,45",1501,77,7395,Total,49527,3754,17622,0,64,42974,6553,"50,27","6 884 763,99","139,01",17757,137,90685
Data,Ocup,Opção,Cheg,Oferta/Uso Interno,Deduz. Individ.,Deduz. Grupos,% Ocup.,Receita Quartos,Preço Médio,Saídas,Quartos FdS,Adul. / Cri.,maio,Histórico,27-mai-2025 ter,133,0,46,0,0,133,0,"98,52","22 271,81","167,46",47,0,243,4007,0,1500,0,2,3281,726,"95,77","695 015,28","173,45",1501,77,7395,Total mai,4007,0,1500,0,2,3281,726,"95,77","695 015,28","173,45",1501,77,7395,Total,49527,3754,17622,0,64,42974,6553,"50,27","6 884 763,99","139,01",17757,137,90685
Data,Ocup,Opção,Cheg,Oferta/Uso Interno,Deduz. Individ.,Deduz. Grupos,% Ocup.,Receita Quartos,Preço Médio,Saídas,Quartos FdS,Adul. / Cri.,maio,Histórico,28-mai-2025 qua,131,0,54,0,0,97,34,"97,04","22 927,37","175,02",56,0,256,4007,0,1500,0,2,3281,726,"95,77","695 015,28","173,45",1501,77,7395,Total mai,4007,0,1500,0,2,3281,726,"95,77","695 015,28","173,45",1501,77,7395,Total,49527,3754,17622,0,64,42974,6553,"50,27","6 884 763,99","139,01",17757,137,90685
Data,Ocup,Opção,Cheg,Oferta/Uso Interno,Deduz. Individ.,Deduz. Grupos,% Ocup.,Receita Quartos,Preço Médio,Saídas,Quartos FdS,Adul. / Cri.,maio,Histórico,29-mai-2025 qui,135,0,57,0,0,73,62,"100,00","22 679,01","167,99",53,0,256,4007,0,1500,0,2,3281,726,"95,77","695 015,28","173,45",1501,77,7395,Total mai,4007,0,1500,0,2,3281,726,"95,77","695 015,28","173,45",1501,77,7395,Total,49527,3754,17622,0,64,42974,6553,"50,27","6 884 763,99","139,01",17757,137,90685
Data,Ocup,Opção,Cheg,Oferta/Uso Interno,Deduz. Individ.,Deduz. Grupos,% Ocup.,Receita Quartos,Preço Médio,Saídas,Quartos FdS,Adul. / Cri.,maio,Histórico,30-mai-2025 sex,134,0,26,0,0,72,62,"99,26","22 908,66","170,96",27,0,262,4007,0,1500,0,2,3281,726,"95,77","695 015,28","173,45",1501,77,7395,Total mai,4007,0,1500,0,2,3281,726,"95,77","695 015,28","173,45",1501,77,7395,Total,49527,3754,17622,0,64,42974,6553,"50,27","6 884 763,99","139,01",17757,137,90685
Data,Ocup,Opção,Cheg,Oferta/Uso Interno,Deduz. Individ.,Deduz. Grupos,% Ocup.,Receita Quartos,Preço Médio,Saídas,Quartos FdS,Adul. / Cri.,maio,Histórico,31-mai-2025 sáb,133,0,40,0,0,87,46,"98,52","23 830,89","179,18",41,0,258,4007,0,1500,0,2,3281,726,"95,77","695 015,28","173,45",1501,77,7395,Total mai,4007,0,1500,0,2,3281,726,"95,77","695 015,28","173,45",1501,77,7395,Total,49527,3754,17622,0,64,42974,6553,"50,27","6 884 763,99","139,01",17757,137,90685
Data,Ocup,Opção,Cheg,Oferta/Uso Interno,Deduz. Individ.,Deduz. Grupos,% Ocup.,Receita Quartos,Preço Médio,Saídas,Quartos FdS,Adul. / Cri.,junho,Histórico,01-jun-2025 dom,130,0,74,0,0,130,0,"96,30","20 673,80","159,03",77,0,238,3969,2,1513,0,7,3268,701,"98,00","631 238,10","159,04",1512,1,7340,Total jun,3969,2,1513,0,7,3268,701,"98,00","631 238,10","159,04",1512,1,7340,Total,49527,3754,17622,0,64,42974,6553,"50,27","6 884 763,99","139,01",17757,137,90685
Data,Ocup,Opção,Cheg,Oferta/Uso Interno,Deduz. Individ.,Deduz. Grupos,% Ocup.,Receita Quartos,Preço Médio,Saídas,Quartos FdS,Adul. / Cri.,junho,Histórico,02-jun-2025 seg,134,0,47,0,0,134,0,"99,26","21 504,68","160,48",43,0,254,3969,2,1513,0,7,3268,701,"98,00","631 238,10","159,04",1512,1,7340,Total jun,3969,2,1513,0,7,3268,701,"98,00","631 238,10","159,04",1512,1,7340,Total,49527,3754,17622,0,64,42974,6553,"50,27","6 884 763,99","139,01",17757,137,90685
Data,Ocup,Opção,Cheg,Oferta/Uso Interno,Deduz. Individ.,Deduz. Grupos,% Ocup.,Receita Quartos,Preço Médio,Saídas,Quartos FdS,Adul. / Cri.,junho,Histórico,03-jun-2025 ter,132,0,38,0,0,132,0,"97,78","20 670,46","156,59",40,0,249,3969,2,1513,0,7,3268,701,"98,00","631 238,10","159,04",1512,1,7340,Total jun,3969,2,1513,0,7,3268,701,"98,00","631 238,10","159,04",1512,1,7340,Total,49527,3754,17622,0,64,42974,6553,"50,27","6 884 763,99","139,01",17757,137,90685
Data,Ocup,Opção,Cheg,Oferta/Uso Interno,Deduz. Individ.,Deduz. Grupos,% Ocup.,Receita Quartos,Preço Médio,Saídas,Quartos FdS,Adul. / Cri.,junho,Histórico,04-jun-2025 qua,134,0,53,0,0,108,26,"99,26","20 913,29","156,07",51,0,246,3969,2,1513,0,7,3268,701,"98,00","631 238,10","159,04",1512,1,7340,Total jun,3969,2,1513,0,7,3268,701,"98,00","631 238,10","159,04",1512,1,7340,Total,49527,3754,17622,0,64,42974,6553,"50,27","6 884 763,99","139,01",17757,137,90685
Data,Ocup,Opção,Cheg,Oferta/Uso Interno,Deduz. Individ.,Deduz. Grupos,% Ocup.,Receita Quartos,Preço Médio,Saídas,Quartos FdS,Adul. / Cri.,junho,Histórico,05-jun-2025 qui,132,0,49,0,0,93,39,"97,78","20 669,49","156,59",51,0,230,3969,2,1513,0,7,3268,701,"98,00","631 238,10","159,04",1512,1,7340,Total jun,3969,2,1513,0,7,3268,701,"98,00","631 238,10","159,04",1512,1,7340,Total,49527,3754,17622,0,64,42974,6553,"50,27","6 884 763,99","139,01",17757,137,90685
Data,Ocup,Opção,Cheg,Oferta/Uso Interno,Deduz. Individ.,Deduz. Grupos,% Ocup.,Receita Quartos,Preço Médio,Saídas,Quartos FdS,Adul. / Cri.,junho,Histórico,06-jun-2025 sex,134,0,75,0,0,69,65,"99,26","21 776,88","162,51",73,0,248,3969,2,1513,0,7,3268,701,"98,00","631 238,10","159,04",1512,1,7340,Total jun,3969,2,1513,0,7,3268,701,"98,00","631 238,10","159,04",1512,1,7340,Total,49527,3754,17622,0,64,42974,6553,"50,27","6 884 763,99","139,01",17757,137,90685
Data,Ocup,Opção,Cheg,Oferta/Uso Interno,Deduz. Individ.,Deduz. Grupos,% Ocup.,Receita Quartos,Preço Médio,Saídas,Quartos FdS,Adul. / Cri.,junho,Histórico,07-jun-2025 sáb,135,0,45,0,0,86,49,"100,00","22 407,21","165,98",44,0,254,3969,2,1513,0,7,3268,701,"98,00","631 238,10","159,04",1512,1,7340,Total jun,3969,2,1513,0,7,3268,701,"98,00","631 238,10","159,04",1512,1,7340,Total,49527,3754,17622,0,64,42974,6553,"50,27","6 884 763,99","139,01",17757,137,90685
Data,Ocup,Opção,Cheg,Oferta/Uso Interno,Deduz. Individ.,Deduz. Grupos,% Ocup.,Receita Quartos,Preço Médio,Saídas,Quartos FdS,Adul. / Cri.,junho,Histórico,08-jun-2025 dom,135,0,34,0,0,80,55,"100,00","20 626,70","152,79",34,0,253,3969,2,1513,0,7,3268,701,"98,00","631 238,10","159,04",1512,1,7340,Total jun,3969,2,1513,0,7,3268,701,"98,00","631 238,10","159,04",1512,1,7340,Total,49527,3754,17622,0,64,42974,6553,"50,27","6 884 763,99","139,01",17757,137,90685
Data,Ocup,Opção,Cheg,Oferta/Uso Interno,Deduz. Individ.,Deduz. Grupos,% Ocup.,Receita Quartos,Preço Médio,Saídas,Quartos FdS,Adul. / Cri.,junho,Histórico,09-jun-2025 seg,131,0,80,0,1,102,29,"97,04","19 264,35","147,06",84,0,246,3969,2,1513,0,7,3268,701,"98,00","631 238,10","159,04",1512,1,7340,Total jun,3969,2,1513,0,7,3268,701,"98,00","631 238,10","159,04",1512,1,7340,Total,49527,3754,17622,0,64,42974,6553,"50,27","6 884 763,99","139,01",17757,137,90685
Data,Ocup,Opção,Cheg,Oferta/Uso Interno,Deduz. Individ.,Deduz. Grupos,% Ocup.,Receita Quartos,Preço Médio,Saídas,Quartos FdS,Adul. / Cri.,junho,Histórico,10-jun-2025 ter,130,0,44,0,1,97,33,"96,30","19 842,96","152,64",45,1,234,3969,2,1513,0,7,3268,701,"98,00","631 238,10","159,04",1512,1,7340,Total jun,3969,2,1513,0,7,3268,701,"98,00","631 238,10","159,04",1512,1,7340,Total,49527,3754,17622,0,64,42974,6553,"50,27","6 884 763,99","139,01",17757,137,90685
Data,Ocup,Opção,Cheg,Oferta/Uso Interno,Deduz. Individ.,Deduz. Grupos,% Ocup.,Receita Quartos,Preço Médio,Saídas,Quartos FdS,Adul. / Cri.,junho,Histórico,11-jun-2025 qua,131,0,40,0,0,84,47,"97,04","20 394,63","155,68",39,0,235,3969,2,1513,0,7,3268,701,"98,00","631 238,10","159,04",1512,1,7340,Total jun,3969,2,1513,0,7,3268,701,"98,00","631 238,10","159,04",1512,1,7340,Total,49527,3754,17622,0,64,42974,6553,"50,27","6 884 763,99","139,01",17757,137,90685
Data,Ocup,Opção,Cheg,Oferta/Uso Interno,Deduz. Individ.,Deduz. Grupos,% Ocup.,Receita Quartos,Preço Médio,Saídas,Quartos FdS,Adul. / Cri.,junho,Histórico,12-jun-2025 qui,125,0,52,0,0,110,15,"92,59","19 472,70","155,78",58,0,225,3969,2,1513,0,7,3268,701,"98,00","631 238,10","159,04",1512,1,7340,Total jun,3969,2,1513,0,7,3268,701,"98,00","631 238,10","159,04",1512,1,7340,Total,49527,3754,17622,0,64,42974,6553,"50,27","6 884 763,99","139,01",17757,137,90685
Data,Ocup,Opção,Cheg,Oferta/Uso Interno,Deduz. Individ.,Deduz. Grupos,% Ocup.,Receita Quartos,Preço Médio,Saídas,Quartos FdS,Adul. / Cri.,junho,Histórico,13-jun-2025 sex,133,0,49,0,0,102,31,"98,52","23 252,30","174,83",41,0,244,3969,2,1513,0,7,3268,701,"98,00","631 238,10","159,04",1512,1,7340,Total jun,3969,2,1513,0,7,3268,701,"98,00","631 238,10","159,04",1512,1,7340,Total,49527,3754,17622,0,64,42974,6553,"50,27","6 884 763,99","139,01",17757,137,90685
Data,Ocup,Opção,Cheg,Oferta/Uso Interno,Deduz. Individ.,Deduz. Grupos,% Ocup.,Receita Quartos,Preço Médio,Saídas,Quartos FdS,Adul. / Cri.,junho,Histórico,14-jun-2025 sáb,134,0,47,0,0,118,16,"99,26","23 571,47","175,91",46,0,246,3969,2,1513,0,7,3268,701,"98,00","631 238,10","159,04",1512,1,7340,Total jun,3969,2,1513,0,7,3268,701,"98,00","631 238,10","159,04",1512,1,7340,Total,49527,3754,17622,0,64,42974,6553,"50,27","6 884 763,99","139,01",17757,137,90685
Data,Ocup,Opção,Cheg,Oferta/Uso Interno,Deduz. Individ.,Deduz. Grupos,% Ocup.,Receita Quartos,Preço Médio,Saídas,Quartos FdS,Adul. / Cri.,junho,Histórico,15-jun-2025 dom,130,0,60,0,2,120,10,"96,30","20 215,35","155,50",64,0,241,3969,2,1513,0,7,3268,701,"98,00","631 238,10","159,04",1512,1,7340,Total jun,3969,2,1513,0,7,3268,701,"98,00","631 238,10","159,04",1512,1,7340,Total,49527,3754,17622,0,64,42974,6553,"50,27","6 884 763,99","139,01",17757,137,90685
Data,Ocup,Opção,Cheg,Oferta/Uso Interno,Deduz. Individ.,Deduz. Grupos,% Ocup.,Receita Quartos,Preço Médio,Saídas,Quartos FdS,Adul. / Cri.,junho,Histórico,16-jun-2025 seg,135,0,60,0,0,133,2,"100,00","20 743,68","153,66",55,0,249,3969,2,1513,0,7,3268,701,"98,00","631 238,10","159,04",1512,1,7340,Total jun,3969,2,1513,0,7,3268,701,"98,00","631 238,10","159,04",1512,1,7340,Total,49527,3754,17622,0,64,42974,6553,"50,27","6 884 763,99","139,01",17757,137,90685
Data,Ocup,Opção,Cheg,Oferta/Uso Interno,Deduz. Individ.,Deduz. Grupos,% Ocup.,Receita Quartos,Preço Médio,Saídas,Quartos FdS,Adul. / Cri.,junho,Histórico,17-jun-2025 ter,135,0,38,0,0,135,0,"100,00","20 775,92","153,90",38,0,247,3969,2,1513,0,7,3268,701,"98,00","631 238,10","159,04",1512,1,7340,Total jun,3969,2,1513,0,7,3268,701,"98,00","631 238,10","159,04",1512,1,7340,Total,49527,3754,17622,0,64,42974,6553,"50,27","6 884 763,99","139,01",17757,137,90685
Data,Ocup,Opção,Cheg,Oferta/Uso Interno,Deduz. Individ.,Deduz. Grupos,% Ocup.,Receita Quartos,Preço Médio,Saídas,Quartos FdS,Adul. / Cri.,junho,Histórico,18-jun-2025 qua,134,0,56,0,0,117,17,"99,26","23 218,19","173,27",57,0,247,3969,2,1513,0,7,3268,701,"98,00","631 238,10","159,04",1512,1,7340,Total jun,3969,2,1513,0,7,3268,701,"98,00","631 238,10","159,04",1512,1,7340,Total,49527,3754,17622,0,64,42974,6553,"50,27","6 884 763,99","139,01",17757,137,90685
Data,Ocup,Opção,Cheg,Oferta/Uso Interno,Deduz. Individ.,Deduz. Grupos,% Ocup.,Receita Quartos,Preço Médio,Saídas,Quartos FdS,Adul. / Cri.,junho,Histórico,19-jun-2025 qui,129,0,37,0,0,99,30,"95,56","22 219,87","172,25",42,0,243,3969,2,1513,0,7,3268,701,"98,00","631 238,10","159,04",1512,1,7340,Total jun,3969,2,1513,0,7,3268,701,"98,00","631 238,10","159,04",1512,1,7340,Total,49527,3754,17622,0,64,42974,6553,"50,27","6 884 763,99","139,01",17757,137,90685
Data,Ocup,Opção,Cheg,Oferta/Uso Interno,Deduz. Individ.,Deduz. Grupos,% Ocup.,Receita Quartos,Preço Médio,Saídas,Quartos FdS,Adul. / Cri.,junho,Histórico,20-jun-2025 sex,134,0,45,0,0,96,38,"99,26","22 507,62","167,97",40,0,251,3969,2,1513,0,7,3268,701,"98,00","631 238,10","159,04",1512,1,7340,Total jun,3969,2,1513,0,7,3268,701,"98,00","631 238,10","159,04",1512,1,7340,Total,49527,3754,17622,0,64,42974,6553,"50,27","6 884 763,99","139,01",17757,137,90685
Data,Ocup,Opção,Cheg,Oferta/Uso Interno,Deduz. Individ.,Deduz. Grupos,% Ocup.,Receita Quartos,Preço Médio,Saídas,Quartos FdS,Adul. / Cri.,junho,Histórico,21-jun-2025 sáb,131,0,46,0,1,122,9,"97,04","22 346,67","170,59",49,0,247,3969,2,1513,0,7,3268,701,"98,00","631 238,10","159,04",1512,1,7340,Total jun,3969,2,1513,0,7,3268,701,"98,00","631 238,10","159,04",1512,1,7340,Total,49527,3754,17622,0,64,42974,6553,"50,27","6 884 763,99","139,01",17757,137,90685
Data,Ocup,Opção,Cheg,Oferta/Uso Interno,Deduz. Individ.,Deduz. Grupos,% Ocup.,Receita Quartos,Preço Médio,Saídas,Quartos FdS,Adul. / Cri.,junho,Histórico,22-jun-2025 dom,134,0,59,0,0,108,26,"99,26","21 082,68","157,33",56,0,249,3969,2,1513,0,7,3268,701,"98,00","631 238,10","159,04",1512,1,7340,Total jun,3969,2,1513,0,7,3268,701,"98,00","631 238,10","159,04",1512,1,7340,Total,49527,3754,17622,0,64,42974,6553,"50,27","6 884 763,99","139,01",17757,137,90685
Data,Ocup,Opção,Cheg,Oferta/Uso Interno,Deduz. Individ.,Deduz. Grupos,% Ocup.,Receita Quartos,Preço Médio,Saídas,Quartos FdS,Adul. / Cri.,junho,Histórico,23-jun-2025 seg,132,0,41,0,0,106,26,"97,78","20 037,03","151,80",43,0,243,3969,2,1513,0,7,3268,701,"98,00","631 238,10","159,04",1512,1,7340,Total jun,3969,2,1513,0,7,3268,701,"98,00","631 238,10","159,04",1512,1,7340,Total,49527,3754,17622,0,64,42974,6553,"50,27","6 884 763,99","139,01",17757,137,90685
Data,Ocup,Opção,Cheg,Oferta/Uso Interno,Deduz. Individ.,Deduz. Grupos,% Ocup.,Receita Quartos,Preço Médio,Saídas,Quartos FdS,Adul. / Cri.,junho,Histórico,24-jun-2025 ter,130,0,39,0,1,111,19,"96,30","20 398,13","156,91",41,0,242,3969,2,1513,0,7,3268,701,"98,00","631 238,10","159,04",1512,1,7340,Total jun,3969,2,1513,0,7,3268,701,"98,00","631 238,10","159,04",1512,1,7340,Total,49527,3754,17622,0,64,42974,6553,"50,27","6 884 763,99","139,01",17757,137,90685
Data,Ocup,Opção,Cheg,Oferta/Uso Interno,Deduz. Individ.,Deduz. Grupos,% Ocup.,Receita Quartos,Preço Médio,Saídas,Quartos FdS,Adul. / Cri.,junho,Histórico,25-jun-2025 qua,133,0,66,0,1,117,16,"98,52","20 863,14","156,87",63,0,246,3969,2,1513,0,7,3268,701,"98,00","631 238,10","159,04",1512,1,7340,Total jun,3969,2,1513,0,7,3268,701,"98,00","631 238,10","159,04",1512,1,7340,Total,49527,3754,17622,0,64,42974,6553,"50,27","6 884 763,99","139,01",17757,137,90685
Data,Ocup,Opção,Cheg,Oferta/Uso Interno,Deduz. Individ.,Deduz. Grupos,% Ocup.,Receita Quartos,Preço Médio,Saídas,Quartos FdS,Adul. / Cri.,junho,Histórico,26-jun-2025 qui,134,0,42,0,0,118,16,"99,26","17 919,87","133,73",41,0,243,3969,2,1513,0,7,3268,701,"98,00","631 238,10","159,04",1512,1,7340,Total jun,3969,2,1513,0,7,3268,701,"98,00","631 238,10","159,04",1512,1,7340,Total,49527,3754,17622,0,64,42974,6553,"50,27","6 884 763,99","139,01",17757,137,90685
Data,Ocup,Opção,Cheg,Oferta/Uso Interno,Deduz. Individ.,Deduz. Grupos,% Ocup.,Receita Quartos,Preço Médio,Saídas,Quartos FdS,Adul. / Cri.,junho,Histórico,27-jun-2025 sex,133,0,58,0,0,101,32,"98,52","22 086,64","166,06",59,0,243,3969,2,1513,0,7,3268,701,"98,00","631 238,10","159,04",1512,1,7340,Total jun,3969,2,1513,0,7,3268,701,"98,00","631 238,10","159,04",1512,1,7340,Total,49527,3754,17622,0,64,42974,6553,"50,27","6 884 763,99","139,01",17757,137,90685
Data,Ocup,Opção,Cheg,Oferta/Uso Interno,Deduz. Individ.,Deduz. Grupos,% Ocup.,Receita Quartos,Preço Médio,Saídas,Quartos FdS,Adul. / Cri.,junho,Histórico,28-jun-2025 sáb,131,0,56,0,0,102,29,"97,04","22 459,76","171,45",58,0,247,3969,2,1513,0,7,3268,701,"98,00","631 238,10","159,04",1512,1,7340,Total jun,3969,2,1513,0,7,3268,701,"98,00","631 238,10","159,04",1512,1,7340,Total,49527,3754,17622,0,64,42974,6553,"50,27","6 884 763,99","139,01",17757,137,90685
Data,Ocup,Opção,Cheg,Oferta/Uso Interno,Deduz. Individ.,Deduz. Grupos,% Ocup.,Receita Quartos,Preço Médio,Saídas,Quartos FdS,Adul. / Cri.,junho,Histórico,29-jun-2025 dom,130,0,47,0,0,117,13,"96,30","19 229,00","147,92",48,0,249,3969,2,1513,0,7,3268,701,"98,00","631 238,10","159,04",1512,1,7340,Total jun,3969,2,1513,0,7,3268,701,"98,00","631 238,10","159,04",1512,1,7340,Total,49527,3754,17622,0,64,42974,6553,"50,27","6 884 763,99","139,01",17757,137,90685
Data,Ocup,Opção,Cheg,Oferta/Uso Interno,Deduz. Individ.,Deduz. Grupos,% Ocup.,Receita Quartos,Preço Médio,Saídas,Quartos FdS,Adul. / Cri.,junho,Histórico,30-jun-2025 seg,134,2,36,0,0,121,13,"99,26","20 093,63","149,95",32,0,251,3969,2,1513,0,7,3268,701,"98,00","631 238,10","159,04",1512,1,7340,Total jun,3969,2,1513,0,7,3268,701,"98,00","631 238,10","159,04",1512,1,7340,Total,49527,3754,17622,0,64,42974,6553,"50,27","6 884 763,99","139,01",17757,137,90685
Data,Ocup,Opção,Cheg,Oferta/Uso Interno,Deduz. Individ.,Deduz. Grupos,% Ocup.,Receita Quartos,Preço Médio,Saídas,Quartos FdS,Adul. / Cri.,julho,Histórico,01-jul-2025 ter,116,2,34,0,0,116,0,"85,93","16 810,45","144,92",52,0,215,3720,2,1314,0,5,3623,97,"88,89","535 808,76","144,03",1329,0,6973,Total jul,3720,2,1314,0,5,3623,97,"88,89","535 808,76","144,03",1329,0,6973,Total,49527,3754,17622,0,64,42974,6553,"50,27","6 884 763,99","139,01",17757,137,90685
Data,Ocup,Opção,Cheg,Oferta/Uso Interno,Deduz. Individ.,Deduz. Grupos,% Ocup.,Receita Quartos,Preço Médio,Saídas,Quartos FdS,Adul. / Cri.,julho,Histórico,02-jul-2025 qua,112,0,39,0,0,112,0,"82,96","16 176,68","144,43",43,0,200,3720,2,1314,0,5,3623,97,"88,89","535 808,76","144,03",1329,0,6973,Total jul,3720,2,1314,0,5,3623,97,"88,89","535 808,76","144,03",1329,0,6973,Total,49527,3754,17622,0,64,42974,6553,"50,27","6 884 763,99","139,01",17757,137,90685
Data,Ocup,Opção,Cheg,Oferta/Uso Interno,Deduz. Individ.,Deduz. Grupos,% Ocup.,Receita Quartos,Preço Médio,Saídas,Quartos FdS,Adul. / Cri.,julho,Histórico,03-jul-2025 qui,130,0,44,0,0,130,0,"96,30","19 176,71","147,51",26,0,238,3720,2,1314,0,5,3623,97,"88,89","535 808,76","144,03",1329,0,6973,Total jul,3720,2,1314,0,5,3623,97,"88,89","535 808,76","144,03",1329,0,6973,Total,49527,3754,17622,0,64,42974,6553,"50,27","6 884 763,99","139,01",17757,137,90685
Data,Ocup,Opção,Cheg,Oferta/Uso Interno,Deduz. Individ.,Deduz. Grupos,% Ocup.,Receita Quartos,Preço Médio,Saídas,Quartos FdS,Adul. / Cri.,julho,Histórico,04-jul-2025 sex,130,0,38,0,0,130,0,"96,30","22 583,21","173,72",38,0,239,3720,2,1314,0,5,3623,97,"88,89","535 808,76","144,03",1329,0,6973,Total jul,3720,2,1314,0,5,3623,97,"88,89","535 808,76","144,03",1329,0,6973,Total,49527,3754,17622,0,64,42974,6553,"50,27","6 884 763,99","139,01",17757,137,90685
Data,Ocup,Opção,Cheg,Oferta/Uso Interno,Deduz. Individ.,Deduz. Grupos,% Ocup.,Receita Quartos,Preço Médio,Saídas,Quartos FdS,Adul. / Cri.,julho,Histórico,05-jul-2025 sáb,132,0,52,0,0,132,0,"97,78","21 479,03","162,72",50,0,253,3720,2,1314,0,5,3623,97,"88,89","535 808,76","144,03",1329,0,6973,Total jul,3720,2,1314,0,5,3623,97,"88,89","535 808,76","144,03",1329,0,6973,Total,49527,3754,17622,0,64,42974,6553,"50,27","6 884 763,99","139,01",17757,137,90685
Data,Ocup,Opção,Cheg,Oferta/Uso Interno,Deduz. Individ.,Deduz. Grupos,% Ocup.,Receita Quartos,Preço Médio,Saídas,Quartos FdS,Adul. / Cri.,julho,Histórico,06-jul-2025 dom,111,0,27,0,1,111,0,"82,22","16 154,08","145,53",48,0,215,3720,2,1314,0,5,3623,97,"88,89","535 808,76","144,03",1329,0,6973,Total jul,3720,2,1314,0,5,3623,97,"88,89","535 808,76","144,03",1329,0,6973,Total,49527,3754,17622,0,64,42974,6553,"50,27","6 884 763,99","139,01",17757,137,90685
Data,Ocup,Opção,Cheg,Oferta/Uso Interno,Deduz. Individ.,Deduz. Grupos,% Ocup.,Receita Quartos,Preço Médio,Saídas,Quartos FdS,Adul. / Cri.,julho,Histórico,07-jul-2025 seg,106,0,29,0,1,106,0,"78,52","15 167,10","143,09",34,0,199,3720,2,1314,0,5,3623,97,"88,89","535 808,76","144,03",1329,0,6973,Total jul,3720,2,1314,0,5,3623,97,"88,89","535 808,76","144,03",1329,0,6973,Total,49527,3754,17622,0,64,42974,6553,"50,27","6 884 763,99","139,01",17757,137,90685
Data,Ocup,Opção,Cheg,Oferta/Uso Interno,Deduz. Individ.,Deduz. Grupos,% Ocup.,Receita Quartos,Preço Médio,Saídas,Quartos FdS,Adul. / Cri.,julho,Histórico,08-jul-2025 ter,101,0,41,0,0,89,12,"74,81","15 373,29","152,21",46,0,185,3720,2,1314,0,5,3623,97,"88,89","535 808,76","144,03",1329,0,6973,Total jul,3720,2,1314,0,5,3623,97,"88,89","535 808,76","144,03",1329,0,6973,Total,49527,3754,17622,0,64,42974,6553,"50,27","6 884 763,99","139,01",17757,137,90685
Data,Ocup,Opção,Cheg,Oferta/Uso Interno,Deduz. Individ.,Deduz. Grupos,% Ocup.,Receita Quartos,Preço Médio,Saídas,Quartos FdS,Adul. / Cri.,julho,Histórico,09-jul-2025 qua,99,0,40,0,0,87,12,"73,33","15 642,13","158,00",42,0,186,3720,2,1314,0,5,3623,97,"88,89","535 808,76","144,03",1329,0,6973,Total jul,3720,2,1314,0,5,3623,97,"88,89","535 808,76","144,03",1329,0,6973,Total,49527,3754,17622,0,64,42974,6553,"50,27","6 884 763,99","139,01",17757,137,90685
Data,Ocup,Opção,Cheg,Oferta/Uso Interno,Deduz. Individ.,Deduz. Grupos,% Ocup.,Receita Quartos,Preço Médio,Saídas,Quartos FdS,Adul. / Cri.,julho,Histórico,10-jul-2025 qui,113,0,42,0,0,101,12,"83,70","17 205,65","152,26",28,0,209,3720,2,1314,0,5,3623,97,"88,89","535 808,76","144,03",1329,0,6973,Total jul,3720,2,1314,0,5,3623,97,"88,89","535 808,76","144,03",1329,0,6973,Total,49527,3754,17622,0,64,42974,6553,"50,27","6 884 763,99","139,01",17757,137,90685
Data,Ocup,Opção,Cheg,Oferta/Uso Interno,Deduz. Individ.,Deduz. Grupos,% Ocup.,Receita Quartos,Preço Médio,Saídas,Quartos FdS,Adul. / Cri.,julho,Histórico,11-jul-2025 sex,125,0,54,0,0,125,0,"92,59","20 023,83","160,19",42,0,231,3720,2,1314,0,5,3623,97,"88,89","535 808,76","144,03",1329,0,6973,Total jul,3720,2,1314,0,5,3623,97,"88,89","535 808,76","144,03",1329,0,6973,Total,49527,3754,17622,0,64,42974,6553,"50,27","6 884 763,99","139,01",17757,137,90685
Data,Ocup,Opção,Cheg,Oferta/Uso Interno,Deduz. Individ.,Deduz. Grupos,% Ocup.,Receita Quartos,Preço Médio,Saídas,Quartos FdS,Adul. / Cri.,julho,Histórico,12-jul-2025 sáb,133,0,37,0,0,133,0,"98,52","21 556,04","162,08",29,0,252,3720,2,1314,0,5,3623,97,"88,89","535 808,76","144,03",1329,0,6973,Total jul,3720,2,1314,0,5,3623,97,"88,89","535 808,76","144,03",1329,0,6973,Total,49527,3754,17622,0,64,42974,6553,"50,27","6 884 763,99","139,01",17757,137,90685
Data,Ocup,Opção,Cheg,Oferta/Uso Interno,Deduz. Individ.,Deduz. Grupos,% Ocup.,Receita Quartos,Preço Médio,Saídas,Quartos FdS,Adul. / Cri.,julho,Histórico,13-jul-2025 dom,106,0,38,0,0,106,0,"78,52","14 240,76","134,35",65,0,196,3720,2,1314,0,5,3623,97,"88,89","535 808,76","144,03",1329,0,6973,Total jul,3720,2,1314,0,5,3623,97,"88,89","535 808,76","144,03",1329,0,6973,Total,49527,3754,17622,0,64,42974,6553,"50,27","6 884 763,99","139,01",17757,137,90685
Data,Ocup,Opção,Cheg,Oferta/Uso Interno,Deduz. Individ.,Deduz. Grupos,% Ocup.,Receita Quartos,Preço Médio,Saídas,Quartos FdS,Adul. / Cri.,julho,Histórico,14-jul-2025 seg,104,0,36,0,0,104,0,"77,04","13 343,44","128,30",38,0,198,3720,2,1314,0,5,3623,97,"88,89","535 808,76","144,03",1329,0,6973,Total jul,3720,2,1314,0,5,3623,97,"88,89","535 808,76","144,03",1329,0,6973,Total,49527,3754,17622,0,64,42974,6553,"50,27","6 884 763,99","139,01",17757,137,90685
Data,Ocup,Opção,Cheg,Oferta/Uso Interno,Deduz. Individ.,Deduz. Grupos,% Ocup.,Receita Quartos,Preço Médio,Saídas,Quartos FdS,Adul. / Cri.,julho,Histórico,15-jul-2025 ter,120,0,51,0,0,105,15,"88,89","17 810,94","148,42",35,0,232,3720,2,1314,0,5,3623,97,"88,89","535 808,76","144,03",1329,0,6973,Total jul,3720,2,1314,0,5,3623,97,"88,89","535 808,76","144,03",1329,0,6973,Total,49527,3754,17622,0,64,42974,6553,"50,27","6 884 763,99","139,01",17757,137,90685
Data,Ocup,Opção,Cheg,Oferta/Uso Interno,Deduz. Individ.,Deduz. Grupos,% Ocup.,Receita Quartos,Preço Médio,Saídas,Quartos FdS,Adul. / Cri.,julho,Histórico,16-jul-2025 qua,115,0,49,0,0,102,13,"85,19","17 322,80","150,63",54,0,214,3720,2,1314,0,5,3623,97,"88,89","535 808,76","144,03",1329,0,6973,Total jul,3720,2,1314,0,5,3623,97,"88,89","535 808,76","144,03",1329,0,6973,Total,49527,3754,17622,0,64,42974,6553,"50,27","6 884 763,99","139,01",17757,137,90685
Data,Ocup,Opção,Cheg,Oferta/Uso Interno,Deduz. Individ.,Deduz. Grupos,% Ocup.,Receita Quartos,Preço Médio,Saídas,Quartos FdS,Adul. / Cri.,julho,Histórico,17-jul-2025 qui,118,0,43,0,0,105,13,"87,41","17 744,36","150,38",40,0,218,3720,2,1314,0,5,3623,97,"88,89","535 808,76","144,03",1329,0,6973,Total jul,3720,2,1314,0,5,3623,97,"88,89","535 808,76","144,03",1329,0,6973,Total,49527,3754,17622,0,64,42974,6553,"50,27","6 884 763,99","139,01",17757,137,90685
Data,Ocup,Opção,Cheg,Oferta/Uso Interno,Deduz. Individ.,Deduz. Grupos,% Ocup.,Receita Quartos,Preço Médio,Saídas,Quartos FdS,Adul. / Cri.,julho,Histórico,18-jul-2025 sex,106,0,30,0,0,106,0,"78,52","16 914,42","159,57",42,0,195,3720,2,1314,0,5,3623,97,"88,89","535 808,76","144,03",1329,0,6973,Total jul,3720,2,1314,0,5,3623,97,"88,89","535 808,76","144,03",1329,0,6973,Total,49527,3754,17622,0,64,42974,6553,"50,27","6 884 763,99","139,01",17757,137,90685
Data,Ocup,Opção,Cheg,Oferta/Uso Interno,Deduz. Individ.,Deduz. Grupos,% Ocup.,Receita Quartos,Preço Médio,Saídas,Quartos FdS,Adul. / Cri.,julho,Histórico,19-jul-2025 sáb,124,0,53,0,0,124,0,"91,85","17 828,33","143,78",35,0,235,3720,2,1314,0,5,3623,97,"88,89","535 808,76","144,03",1329,0,6973,Total jul,3720,2,1314,0,5,3623,97,"88,89","535 808,76","144,03",1329,0,6973,Total,49527,3754,17622,0,64,42974,6553,"50,27","6 884 763,99","139,01",17757,137,90685
Data,Ocup,Opção,Cheg,Oferta/Uso Interno,Deduz. Individ.,Deduz. Grupos,% Ocup.,Receita Quartos,Preço Médio,Saídas,Quartos FdS,Adul. / Cri.,julho,Histórico,20-jul-2025 dom,117,0,49,0,0,117,0,"86,67","16 023,65","136,95",56,0,226,3720,2,1314,0,5,3623,97,"88,89","535 808,76","144,03",1329,0,6973,Total jul,3720,2,1314,0,5,3623,97,"88,89","535 808,76","144,03",1329,0,6973,Total,49527,3754,17622,0,64,42974,6553,"50,27","6 884 763,99","139,01",17757,137,90685
Data,Ocup,Opção,Cheg,Oferta/Uso Interno,Deduz. Individ.,Deduz. Grupos,% Ocup.,Receita Quartos,Preço Médio,Saídas,Quartos FdS,Adul. / Cri.,julho,Histórico,21-jul-2025 seg,122,0,44,0,0,122,0,"90,37","16 112,15","132,07",39,0,238,3720,2,1314,0,5,3623,97,"88,89","535 808,76","144,03",1329,0,6973,Total jul,3720,2,1314,0,5,3623,97,"88,89","535 808,76","144,03",1329,0,6973,Total,49527,3754,17622,0,64,42974,6553,"50,27","6 884 763,99","139,01",17757,137,90685
Data,Ocup,Opção,Cheg,Oferta/Uso Interno,Deduz. Individ.,Deduz. Grupos,% Ocup.,Receita Quartos,Preço Médio,Saídas,Quartos FdS,Adul. / Cri.,julho,Histórico,22-jul-2025 ter,133,0,45,0,0,133,0,"98,52","18 093,42","136,04",34,0,254,3720,2,1314,0,5,3623,97,"88,89","535 808,76","144,03",1329,0,6973,Total jul,3720,2,1314,0,5,3623,97,"88,89","535 808,76","144,03",1329,0,6973,Total,49527,3754,17622,0,64,42974,6553,"50,27","6 884 763,99","139,01",17757,137,90685
Data,Ocup,Opção,Cheg,Oferta/Uso Interno,Deduz. Individ.,Deduz. Grupos,% Ocup.,Receita Quartos,Preço Médio,Saídas,Quartos FdS,Adul. / Cri.,julho,Histórico,23-jul-2025 qua,121,0,39,0,0,121,0,"89,63","14 646,01","121,04",51,0,227,3720,2,1314,0,5,3623,97,"88,89","535 808,76","144,03",1329,0,6973,Total jul,3720,2,1314,0,5,3623,97,"88,89","535 808,76","144,03",1329,0,6973,Total,49527,3754,17622,0,64,42974,6553,"50,27","6 884 763,99","139,01",17757,137,90685
Data,Ocup,Opção,Cheg,Oferta/Uso Interno,Deduz. Individ.,Deduz. Grupos,% Ocup.,Receita Quartos,Preço Médio,Saídas,Quartos FdS,Adul. / Cri.,julho,Histórico,24-jul-2025 qui,132,0,57,0,0,132,0,"97,78","17 105,61","129,59",46,0,246,3720,2,1314,0,5,3623,97,"88,89","535 808,76","144,03",1329,0,6973,Total jul,3720,2,1314,0,5,3623,97,"88,89","535 808,76","144,03",1329,0,6973,Total,49527,3754,17622,0,64,42974,6553,"50,27","6 884 763,99","139,01",17757,137,90685
Data,Ocup,Opção,Cheg,Oferta/Uso Interno,Deduz. Individ.,Deduz. Grupos,% Ocup.,Receita Quartos,Preço Médio,Saídas,Quartos FdS,Adul. / Cri.,julho,Histórico,25-jul-2025 sex,133,0,37,0,0,133,0,"98,52","17 543,11","131,90",36,0,246,3720,2,1314,0,5,3623,97,"88,89","535 808,76","144,03",1329,0,6973,Total jul,3720,2,1314,0,5,3623,97,"88,89","535 808,76","144,03",1329,0,6973,Total,49527,3754,17622,0,64,42974,6553,"50,27","6 884 763,99","139,01",17757,137,90685
Data,Ocup,Opção,Cheg,Oferta/Uso Interno,Deduz. Individ.,Deduz. Grupos,% Ocup.,Receita Quartos,Preço Médio,Saídas,Quartos FdS,Adul. / Cri.,julho,Histórico,26-jul-2025 sáb,133,0,54,0,1,133,0,"98,52","19 401,49","145,88",54,0,241,3720,2,1314,0,5,3623,97,"88,89","535 808,76","144,03",1329,0,6973,Total jul,3720,2,1314,0,5,3623,97,"88,89","535 808,76","144,03",1329,0,6973,Total,49527,3754,17622,0,64,42974,6553,"50,27","6 884 763,99","139,01",17757,137,90685
Data,Ocup,Opção,Cheg,Oferta/Uso Interno,Deduz. Individ.,Deduz. Grupos,% Ocup.,Receita Quartos,Preço Médio,Saídas,Quartos FdS,Adul. / Cri.,julho,Histórico,27-jul-2025 dom,127,0,46,0,1,127,0,"94,07","16 585,96","130,60",52,0,232,3720,2,1314,0,5,3623,97,"88,89","535 808,76","144,03",1329,0,6973,Total jul,3720,2,1314,0,5,3623,97,"88,89","535 808,76","144,03",1329,0,6973,Total,49527,3754,17622,0,64,42974,6553,"50,27","6 884 763,99","139,01",17757,137,90685
Data,Ocup,Opção,Cheg,Oferta/Uso Interno,Deduz. Individ.,Deduz. Grupos,% Ocup.,Receita Quartos,Preço Médio,Saídas,Quartos FdS,Adul. / Cri.,julho,Histórico,28-jul-2025 seg,133,0,47,0,1,133,0,"98,52","18 072,55","135,88",41,0,253,3720,2,1314,0,5,3623,97,"88,89","535 808,76","144,03",1329,0,6973,Total jul,3720,2,1314,0,5,3623,97,"88,89","535 808,76","144,03",1329,0,6973,Total,49527,3754,17622,0,64,42974,6553,"50,27","6 884 763,99","139,01",17757,137,90685
Data,Ocup,Opção,Cheg,Oferta/Uso Interno,Deduz. Individ.,Deduz. Grupos,% Ocup.,Receita Quartos,Preço Médio,Saídas,Quartos FdS,Adul. / Cri.,julho,Histórico,29-jul-2025 ter,120,0,32,0,0,120,0,"88,89","16 555,75","137,96",45,0,236,3720,2,1314,0,5,3623,97,"88,89","535 808,76","144,03",1329,0,6973,Total jul,3720,2,1314,0,5,3623,97,"88,89","535 808,76","144,03",1329,0,6973,Total,49527,3754,17622,0,64,42974,6553,"50,27","6 884 763,99","139,01",17757,137,90685
Data,Ocup,Opção,Cheg,Oferta/Uso Interno,Deduz. Individ.,Deduz. Grupos,% Ocup.,Receita Quartos,Preço Médio,Saídas,Quartos FdS,Adul. / Cri.,julho,Histórico,30-jul-2025 qua,129,0,53,0,0,119,10,"95,56","16 930,53","131,24",44,0,246,3720,2,1314,0,5,3623,97,"88,89","535 808,76","144,03",1329,0,6973,Total jul,3720,2,1314,0,5,3623,97,"88,89","535 808,76","144,03",1329,0,6973,Total,49527,3754,17622,0,64,42974,6553,"50,27","6 884 763,99","139,01",17757,137,90685
Data,Ocup,Opção,Cheg,Oferta/Uso Interno,Deduz. Individ.,Deduz. Grupos,% Ocup.,Receita Quartos,Preço Médio,Saídas,Quartos FdS,Adul. / Cri.,julho,Histórico,31-jul-2025 qui,119,0,34,0,0,109,10,"88,15","16 185,28","136,01",44,0,218,3720,2,1314,0,5,3623,97,"88,89","535 808,76","144,03",1329,0,6973,Total jul,3720,2,1314,0,5,3623,97,"88,89","535 808,76","144,03",1329,0,6973,Total,49527,3754,17622,0,64,42974,6553,"50,27","6 884 763,99","139,01",17757,137,90685
Data,Ocup,Opção,Cheg,Oferta/Uso Interno,Deduz. Individ.,Deduz. Grupos,% Ocup.,Receita Quartos,Preço Médio,Saídas,Quartos FdS,Adul. / Cri.,agosto,Histórico,01-ago-2025 sex,122,0,57,0,0,122,0,"90,37","16 230,40","133,04",54,0,228,3971,9,1442,0,15,3621,350,"94,89","546 337,23","137,58",1441,5,7494,Total ago,3971,9,1442,0,15,3621,350,"94,89","546 337,23","137,58",1441,5,7494,Total,49527,3754,17622,0,64,42974,6553,"50,27","6 884 763,99","139,01",17757,137,90685
Data,Ocup,Opção,Cheg,Oferta/Uso Interno,Deduz. Individ.,Deduz. Grupos,% Ocup.,Receita Quartos,Preço Médio,Saídas,Quartos FdS,Adul. / Cri.,agosto,Histórico,02-ago-2025 sáb,129,0,48,0,0,129,0,"95,56","18 270,29","141,63",41,0,245,3971,9,1442,0,15,3621,350,"94,89","546 337,23","137,58",1441,5,7494,Total ago,3971,9,1442,0,15,3621,350,"94,89","546 337,23","137,58",1441,5,7494,Total,49527,3754,17622,0,64,42974,6553,"50,27","6 884 763,99","139,01",17757,137,90685
Data,Ocup,Opção,Cheg,Oferta/Uso Interno,Deduz. Individ.,Deduz. Grupos,% Ocup.,Receita Quartos,Preço Médio,Saídas,Quartos FdS,Adul. / Cri.,agosto,Histórico,03-ago-2025 dom,117,0,34,0,0,117,0,"86,67","15 230,52","130,18",46,0,229,3971,9,1442,0,15,3621,350,"94,89","546 337,23","137,58",1441,5,7494,Total ago,3971,9,1442,0,15,3621,350,"94,89","546 337,23","137,58",1441,5,7494,Total,49527,3754,17622,0,64,42974,6553,"50,27","6 884 763,99","139,01",17757,137,90685
Data,Ocup,Opção,Cheg,Oferta/Uso Interno,Deduz. Individ.,Deduz. Grupos,% Ocup.,Receita Quartos,Preço Médio,Saídas,Quartos FdS,Adul. / Cri.,agosto,Histórico,04-ago-2025 seg,122,0,59,0,0,122,0,"90,37","16 588,61","135,97",54,1,236,3971,9,1442,0,15,3621,350,"94,89","546 337,23","137,58",1441,5,7494,Total ago,3971,9,1442,0,15,3621,350,"94,89","546 337,23","137,58",1441,5,7494,Total,49527,3754,17622,0,64,42974,6553,"50,27","6 884 763,99","139,01",17757,137,90685
Data,Ocup,Opção,Cheg,Oferta/Uso Interno,Deduz. Individ.,Deduz. Grupos,% Ocup.,Receita Quartos,Preço Médio,Saídas,Quartos FdS,Adul. / Cri.,agosto,Histórico,05-ago-2025 ter,131,1,53,0,0,116,15,"97,04","18 866,89","144,02",44,1,249,3971,9,1442,0,15,3621,350,"94,89","546 337,23","137,58",1441,5,7494,Total ago,3971,9,1442,0,15,3621,350,"94,89","546 337,23","137,58",1441,5,7494,Total,49527,3754,17622,0,64,42974,6553,"50,27","6 884 763,99","139,01",17757,137,90685
Data,Ocup,Opção,Cheg,Oferta/Uso Interno,Deduz. Individ.,Deduz. Grupos,% Ocup.,Receita Quartos,Preço Médio,Saídas,Quartos FdS,Adul. / Cri.,agosto,Histórico,06-ago-2025 qua,125,1,48,0,0,125,0,"92,59","17 022,88","136,18",54,1,242,3971,9,1442,0,15,3621,350,"94,89","546 337,23","137,58",1441,5,7494,Total ago,3971,9,1442,0,15,3621,350,"94,89","546 337,23","137,58",1441,5,7494,Total,49527,3754,17622,0,64,42974,6553,"50,27","6 884 763,99","139,01",17757,137,90685
Data,Ocup,Opção,Cheg,Oferta/Uso Interno,Deduz. Individ.,Deduz. Grupos,% Ocup.,Receita Quartos,Preço Médio,Saídas,Quartos FdS,Adul. / Cri.,agosto,Histórico,07-ago-2025 qui,118,1,37,0,0,118,0,"87,41","15 830,78","134,16",44,0,230,3971,9,1442,0,15,3621,350,"94,89","546 337,23","137,58",1441,5,7494,Total ago,3971,9,1442,0,15,3621,350,"94,89","546 337,23","137,58",1441,5,7494,Total,49527,3754,17622,0,64,42974,6553,"50,27","6 884 763,99","139,01",17757,137,90685
Data,Ocup,Opção,Cheg,Oferta/Uso Interno,Deduz. Individ.,Deduz. Grupos,% Ocup.,Receita Quartos,Preço Médio,Saídas,Quartos FdS,Adul. / Cri.,agosto,Histórico,08-ago-2025 sex,133,0,52,0,0,133,0,"98,52","18 077,34","135,92",37,0,258,3971,9,1442,0,15,3621,350,"94,89","546 337,23","137,58",1441,5,7494,Total ago,3971,9,1442,0,15,3621,350,"94,89","546 337,23","137,58",1441,5,7494,Total,49527,3754,17622,0,64,42974,6553,"50,27","6 884 763,99","139,01",17757,137,90685
Data,Ocup,Opção,Cheg,Oferta/Uso Interno,Deduz. Individ.,Deduz. Grupos,% Ocup.,Receita Quartos,Preço Médio,Saídas,Quartos FdS,Adul. / Cri.,agosto,Histórico,09-ago-2025 sáb,132,0,49,0,0,132,0,"97,78","19 436,66","147,25",50,0,253,3971,9,1442,0,15,3621,350,"94,89","546 337,23","137,58",1441,5,7494,Total ago,3971,9,1442,0,15,3621,350,"94,89","546 337,23","137,58",1441,5,7494,Total,49527,3754,17622,0,64,42974,6553,"50,27","6 884 763,99","139,01",17757,137,90685
Data,Ocup,Opção,Cheg,Oferta/Uso Interno,Deduz. Individ.,Deduz. Grupos,% Ocup.,Receita Quartos,Preço Médio,Saídas,Quartos FdS,Adul. / Cri.,agosto,Histórico,10-ago-2025 dom,134,0,47,0,1,134,0,"99,26","17 008,41","126,93",45,0,256,3971,9,1442,0,15,3621,350,"94,89","546 337,23","137,58",1441,5,7494,Total ago,3971,9,1442,0,15,3621,350,"94,89","546 337,23","137,58",1441,5,7494,Total,49527,3754,17622,0,64,42974,6553,"50,27","6 884 763,99","139,01",17757,137,90685
Data,Ocup,Opção,Cheg,Oferta/Uso Interno,Deduz. Individ.,Deduz. Grupos,% Ocup.,Receita Quartos,Preço Médio,Saídas,Quartos FdS,Adul. / Cri.,agosto,Histórico,11-ago-2025 seg,134,0,49,0,2,112,22,"99,26","17 686,74","131,99",49,0,263,3971,9,1442,0,15,3621,350,"94,89","546 337,23","137,58",1441,5,7494,Total ago,3971,9,1442,0,15,3621,350,"94,89","546 337,23","137,58",1441,5,7494,Total,49527,3754,17622,0,64,42974,6553,"50,27","6 884 763,99","139,01",17757,137,90685
Data,Ocup,Opção,Cheg,Oferta/Uso Interno,Deduz. Individ.,Deduz. Grupos,% Ocup.,Receita Quartos,Preço Médio,Saídas,Quartos FdS,Adul. / Cri.,agosto,Histórico,12-ago-2025 ter,134,0,64,0,2,134,0,"99,26","17 303,13","129,13",64,0,268,3971,9,1442,0,15,3621,350,"94,89","546 337,23","137,58",1441,5,7494,Total ago,3971,9,1442,0,15,3621,350,"94,89","546 337,23","137,58",1441,5,7494,Total,49527,3754,17622,0,64,42974,6553,"50,27","6 884 763,99","139,01",17757,137,90685
Data,Ocup,Opção,Cheg,Oferta/Uso Interno,Deduz. Individ.,Deduz. Grupos,% Ocup.,Receita Quartos,Preço Médio,Saídas,Quartos FdS,Adul. / Cri.,agosto,Histórico,13-ago-2025 qua,131,0,50,0,1,125,6,"97,04","16 223,86","123,85",53,0,250,3971,9,1442,0,15,3621,350,"94,89","546 337,23","137,58",1441,5,7494,Total ago,3971,9,1442,0,15,3621,350,"94,89","546 337,23","137,58",1441,5,7494,Total,49527,3754,17622,0,64,42974,6553,"50,27","6 884 763,99","139,01",17757,137,90685
Data,Ocup,Opção,Cheg,Oferta/Uso Interno,Deduz. Individ.,Deduz. Grupos,% Ocup.,Receita Quartos,Preço Médio,Saídas,Quartos FdS,Adul. / Cri.,agosto,Histórico,14-ago-2025 qui,134,0,46,0,1,128,6,"99,26","17 197,56","128,34",43,0,258,3971,9,1442,0,15,3621,350,"94,89","546 337,23","137,58",1441,5,7494,Total ago,3971,9,1442,0,15,3621,350,"94,89","546 337,23","137,58",1441,5,7494,Total,49527,3754,17622,0,64,42974,6553,"50,27","6 884 763,99","139,01",17757,137,90685
Data,Ocup,Opção,Cheg,Oferta/Uso Interno,Deduz. Individ.,Deduz. Grupos,% Ocup.,Receita Quartos,Preço Médio,Saídas,Quartos FdS,Adul. / Cri.,agosto,Histórico,15-ago-2025 sex,132,0,44,0,1,126,6,"97,78","18 881,13","143,04",46,0,257,3971,9,1442,0,15,3621,350,"94,89","546 337,23","137,58",1441,5,7494,Total ago,3971,9,1442,0,15,3621,350,"94,89","546 337,23","137,58",1441,5,7494,Total,49527,3754,17622,0,64,42974,6553,"50,27","6 884 763,99","139,01",17757,137,90685
Data,Ocup,Opção,Cheg,Oferta/Uso Interno,Deduz. Individ.,Deduz. Grupos,% Ocup.,Receita Quartos,Preço Médio,Saídas,Quartos FdS,Adul. / Cri.,agosto,Histórico,16-ago-2025 sáb,130,1,37,0,3,130,0,"96,30","18 379,60","141,38",38,0,255,3971,9,1442,0,15,3621,350,"94,89","546 337,23","137,58",1441,5,7494,Total ago,3971,9,1442,0,15,3621,350,"94,89","546 337,23","137,58",1441,5,7494,Total,49527,3754,17622,0,64,42974,6553,"50,27","6 884 763,99","139,01",17757,137,90685
Data,Ocup,Opção,Cheg,Oferta/Uso Interno,Deduz. Individ.,Deduz. Grupos,% Ocup.,Receita Quartos,Preço Médio,Saídas,Quartos FdS,Adul. / Cri.,agosto,Histórico,17-ago-2025 dom,127,1,39,0,2,127,0,"94,07","16 302,26","128,36",42,0,250,3971,9,1442,0,15,3621,350,"94,89","546 337,23","137,58",1441,5,7494,Total ago,3971,9,1442,0,15,3621,350,"94,89","546 337,23","137,58",1441,5,7494,Total,49527,3754,17622,0,64,42974,6553,"50,27","6 884 763,99","139,01",17757,137,90685
Data,Ocup,Opção,Cheg,Oferta/Uso Interno,Deduz. Individ.,Deduz. Grupos,% Ocup.,Receita Quartos,Preço Médio,Saídas,Quartos FdS,Adul. / Cri.,agosto,Histórico,18-ago-2025 seg,131,1,55,0,1,131,0,"97,04","17 252,98","131,70",52,1,247,3971,9,1442,0,15,3621,350,"94,89","546 337,23","137,58",1441,5,7494,Total ago,3971,9,1442,0,15,3621,350,"94,89","546 337,23","137,58",1441,5,7494,Total,49527,3754,17622,0,64,42974,6553,"50,27","6 884 763,99","139,01",17757,137,90685
Data,Ocup,Opção,Cheg,Oferta/Uso Interno,Deduz. Individ.,Deduz. Grupos,% Ocup.,Receita Quartos,Preço Médio,Saídas,Quartos FdS,Adul. / Cri.,agosto,Histórico,19-ago-2025 ter,129,1,51,0,0,127,2,"95,56","17 309,63","134,18",53,0,239,3971,9,1442,0,15,3621,350,"94,89","546 337,23","137,58",1441,5,7494,Total ago,3971,9,1442,0,15,3621,350,"94,89","546 337,23","137,58",1441,5,7494,Total,49527,3754,17622,0,64,42974,6553,"50,27","6 884 763,99","139,01",17757,137,90685
Data,Ocup,Opção,Cheg,Oferta/Uso Interno,Deduz. Individ.,Deduz. Grupos,% Ocup.,Receita Quartos,Preço Médio,Saídas,Quartos FdS,Adul. / Cri.,agosto,Histórico,20-ago-2025 qua,132,0,60,0,0,102,30,"97,78","18 303,65","138,66",57,0,241,3971,9,1442,0,15,3621,350,"94,89","546 337,23","137,58",1441,5,7494,Total ago,3971,9,1442,0,15,3621,350,"94,89","546 337,23","137,58",1441,5,7494,Total,49527,3754,17622,0,64,42974,6553,"50,27","6 884 763,99","139,01",17757,137,90685
Data,Ocup,Opção,Cheg,Oferta/Uso Interno,Deduz. Individ.,Deduz. Grupos,% Ocup.,Receita Quartos,Preço Médio,Saídas,Quartos FdS,Adul. / Cri.,agosto,Histórico,21-ago-2025 qui,127,0,32,0,0,97,30,"94,07","17 393,16","136,95",37,0,234,3971,9,1442,0,15,3621,350,"94,89","546 337,23","137,58",1441,5,7494,Total ago,3971,9,1442,0,15,3621,350,"94,89","546 337,23","137,58",1441,5,7494,Total,49527,3754,17622,0,64,42974,6553,"50,27","6 884 763,99","139,01",17757,137,90685
Data,Ocup,Opção,Cheg,Oferta/Uso Interno,Deduz. Individ.,Deduz. Grupos,% Ocup.,Receita Quartos,Preço Médio,Saídas,Quartos FdS,Adul. / Cri.,agosto,Histórico,22-ago-2025 sex,128,0,37,0,0,98,30,"94,81","18 466,35","144,27",36,0,242,3971,9,1442,0,15,3621,350,"94,89","546 337,23","137,58",1441,5,7494,Total ago,3971,9,1442,0,15,3621,350,"94,89","546 337,23","137,58",1441,5,7494,Total,49527,3754,17622,0,64,42974,6553,"50,27","6 884 763,99","139,01",17757,137,90685
Data,Ocup,Opção,Cheg,Oferta/Uso Interno,Deduz. Individ.,Deduz. Grupos,% Ocup.,Receita Quartos,Preço Médio,Saídas,Quartos FdS,Adul. / Cri.,agosto,Histórico,23-ago-2025 sáb,135,0,48,0,0,121,14,"100,00","18 662,85","138,24",41,0,250,3971,9,1442,0,15,3621,350,"94,89","546 337,23","137,58",1441,5,7494,Total ago,3971,9,1442,0,15,3621,350,"94,89","546 337,23","137,58",1441,5,7494,Total,49527,3754,17622,0,64,42974,6553,"50,27","6 884 763,99","139,01",17757,137,90685
Data,Ocup,Opção,Cheg,Oferta/Uso Interno,Deduz. Individ.,Deduz. Grupos,% Ocup.,Receita Quartos,Preço Médio,Saídas,Quartos FdS,Adul. / Cri.,agosto,Histórico,24-ago-2025 dom,130,0,42,0,0,116,14,"96,30","17 703,75","136,18",47,0,245,3971,9,1442,0,15,3621,350,"94,89","546 337,23","137,58",1441,5,7494,Total ago,3971,9,1442,0,15,3621,350,"94,89","546 337,23","137,58",1441,5,7494,Total,49527,3754,17622,0,64,42974,6553,"50,27","6 884 763,99","139,01",17757,137,90685
Data,Ocup,Opção,Cheg,Oferta/Uso Interno,Deduz. Individ.,Deduz. Grupos,% Ocup.,Receita Quartos,Preço Médio,Saídas,Quartos FdS,Adul. / Cri.,agosto,Histórico,25-ago-2025 seg,120,0,26,0,0,106,14,"88,89","16 675,79","138,96",36,0,226,3971,9,1442,0,15,3621,350,"94,89","546 337,23","137,58",1441,5,7494,Total ago,3971,9,1442,0,15,3621,350,"94,89","546 337,23","137,58",1441,5,7494,Total,49527,3754,17622,0,64,42974,6553,"50,27","6 884 763,99","139,01",17757,137,90685
Data,Ocup,Opção,Cheg,Oferta/Uso Interno,Deduz. Individ.,Deduz. Grupos,% Ocup.,Receita Quartos,Preço Médio,Saídas,Quartos FdS,Adul. / Cri.,agosto,Histórico,26-ago-2025 ter,123,0,48,0,0,95,28,"91,11","18 517,30","150,55",45,0,231,3971,9,1442,0,15,3621,350,"94,89","546 337,23","137,58",1441,5,7494,Total ago,3971,9,1442,0,15,3621,350,"94,89","546 337,23","137,58",1441,5,7494,Total,49527,3754,17622,0,64,42974,6553,"50,27","6 884 763,99","139,01",17757,137,90685
Data,Ocup,Opção,Cheg,Oferta/Uso Interno,Deduz. Individ.,Deduz. Grupos,% Ocup.,Receita Quartos,Preço Médio,Saídas,Quartos FdS,Adul. / Cri.,agosto,Histórico,27-ago-2025 qua,124,0,66,0,1,97,27,"91,85","15 583,75","125,68",65,0,225,3971,9,1442,0,15,3621,350,"94,89","546 337,23","137,58",1441,5,7494,Total ago,3971,9,1442,0,15,3621,350,"94,89","546 337,23","137,58",1441,5,7494,Total,49527,3754,17622,0,64,42974,6553,"50,27","6 884 763,99","139,01",17757,137,90685
Data,Ocup,Opção,Cheg,Oferta/Uso Interno,Deduz. Individ.,Deduz. Grupos,% Ocup.,Receita Quartos,Preço Médio,Saídas,Quartos FdS,Adul. / Cri.,agosto,Histórico,28-ago-2025 qui,124,0,37,0,0,94,30,"91,85","17 198,59","138,70",37,0,228,3971,9,1442,0,15,3621,350,"94,89","546 337,23","137,58",1441,5,7494,Total ago,3971,9,1442,0,15,3621,350,"94,89","546 337,23","137,58",1441,5,7494,Total,49527,3754,17622,0,64,42974,6553,"50,27","6 884 763,99","139,01",17757,137,90685
Data,Ocup,Opção,Cheg,Oferta/Uso Interno,Deduz. Individ.,Deduz. Grupos,% Ocup.,Receita Quartos,Preço Médio,Saídas,Quartos FdS,Adul. / Cri.,agosto,Histórico,29-ago-2025 sex,130,0,53,0,0,98,32,"96,30","19 995,69","153,81",47,0,228,3971,9,1442,0,15,3621,350,"94,89","546 337,23","137,58",1441,5,7494,Total ago,3971,9,1442,0,15,3621,350,"94,89","546 337,23","137,58",1441,5,7494,Total,49527,3754,17622,0,64,42974,6553,"50,27","6 884 763,99","139,01",17757,137,90685
Data,Ocup,Opção,Cheg,Oferta/Uso Interno,Deduz. Individ.,Deduz. Grupos,% Ocup.,Receita Quartos,Preço Médio,Saídas,Quartos FdS,Adul. / Cri.,agosto,Histórico,30-ago-2025 sáb,133,0,47,0,0,113,20,"98,52","20 482,47","154,00",44,0,226,3971,9,1442,0,15,3621,350,"94,89","546 337,23","137,58",1441,5,7494,Total ago,3971,9,1442,0,15,3621,350,"94,89","546 337,23","137,58",1441,5,7494,Total,49527,3754,17622,0,64,42974,6553,"50,27","6 884 763,99","139,01",17757,137,90685
Data,Ocup,Opção,Cheg,Oferta/Uso Interno,Deduz. Individ.,Deduz. Grupos,% Ocup.,Receita Quartos,Preço Médio,Saídas,Quartos FdS,Adul. / Cri.,agosto,Histórico,31-ago-2025 dom,120,2,27,0,0,96,24,"88,89","18 254,21","152,12",40,1,205,3971,9,1442,0,15,3621,350,"94,89","546 337,23","137,58",1441,5,7494,Total ago,3971,9,1442,0,15,3621,350,"94,89","546 337,23","137,58",1441,5,7494,Total,49527,3754,17622,0,64,42974,6553,"50,27","6 884 763,99","139,01",17757,137,90685
Data,Ocup,Opção,Cheg,Oferta/Uso Interno,Deduz. Individ.,Deduz. Grupos,% Ocup.,Receita Quartos,Preço Médio,Saídas,Quartos FdS,Adul. / Cri.,setembro,Histórico,01-set-2025 seg,117,2,33,0,0,100,17,"86,67","20 209,98","172,73",36,0,202,3615,5,1319,0,1,2924,691,"89,26","657 272,26","181,82",1320,2,6313,Total set,3615,5,1319,0,1,2924,691,"89,26","657 272,26","181,82",1320,2,6313,Total,49527,3754,17622,0,64,42974,6553,"50,27","6 884 763,99","139,01",17757,137,90685
Data,Ocup,Opção,Cheg,Oferta/Uso Interno,Deduz. Individ.,Deduz. Grupos,% Ocup.,Receita Quartos,Preço Médio,Saídas,Quartos FdS,Adul. / Cri.,setembro,Histórico,02-set-2025 ter,100,0,32,0,1,100,0,"74,07","16 449,53","164,50",49,0,176,3615,5,1319,0,1,2924,691,"89,26","657 272,26","181,82",1320,2,6313,Total set,3615,5,1319,0,1,2924,691,"89,26","657 272,26","181,82",1320,2,6313,Total,49527,3754,17622,0,64,42974,6553,"50,27","6 884 763,99","139,01",17757,137,90685
Data,Ocup,Opção,Cheg,Oferta/Uso Interno,Deduz. Individ.,Deduz. Grupos,% Ocup.,Receita Quartos,Preço Médio,Saídas,Quartos FdS,Adul. / Cri.,setembro,Histórico,03-set-2025 qua,104,0,49,0,0,87,17,"77,04","17 350,42","166,83",45,0,190,3615,5,1319,0,1,2924,691,"89,26","657 272,26","181,82",1320,2,6313,Total set,3615,5,1319,0,1,2924,691,"89,26","657 272,26","181,82",1320,2,6313,Total,49527,3754,17622,0,64,42974,6553,"50,27","6 884 763,99","139,01",17757,137,90685
Data,Ocup,Opção,Cheg,Oferta/Uso Interno,Deduz. Individ.,Deduz. Grupos,% Ocup.,Receita Quartos,Preço Médio,Saídas,Quartos FdS,Adul. / Cri.,setembro,Histórico,04-set-2025 qui,108,0,32,0,0,87,21,"80,00","19 108,11","176,93",28,0,196,3615,5,1319,0,1,2924,691,"89,26","657 272,26","181,82",1320,2,6313,Total set,3615,5,1319,0,1,2924,691,"89,26","657 272,26","181,82",1320,2,6313,Total,49527,3754,17622,0,64,42974,6553,"50,27","6 884 763,99","139,01",17757,137,90685
Data,Ocup,Opção,Cheg,Oferta/Uso Interno,Deduz. Individ.,Deduz. Grupos,% Ocup.,Receita Quartos,Preço Médio,Saídas,Quartos FdS,Adul. / Cri.,setembro,Histórico,05-set-2025 sex,115,0,38,0,0,88,27,"85,19","20 622,30","179,32",31,1,210,3615,5,1319,0,1,2924,691,"89,26","657 272,26","181,82",1320,2,6313,Total set,3615,5,1319,0,1,2924,691,"89,26","657 272,26","181,82",1320,2,6313,Total,49527,3754,17622,0,64,42974,6553,"50,27","6 884 763,99","139,01",17757,137,90685
Data,Ocup,Opção,Cheg,Oferta/Uso Interno,Deduz. Individ.,Deduz. Grupos,% Ocup.,Receita Quartos,Preço Médio,Saídas,Quartos FdS,Adul. / Cri.,setembro,Histórico,06-set-2025 sáb,103,0,31,0,0,92,11,"76,30","18 121,72","175,94",43,0,179,3615,5,1319,0,1,2924,691,"89,26","657 272,26","181,82",1320,2,6313,Total set,3615,5,1319,0,1,2924,691,"89,26","657 272,26","181,82",1320,2,6313,Total,49527,3754,17622,0,64,42974,6553,"50,27","6 884 763,99","139,01",17757,137,90685
Data,Ocup,Opção,Cheg,Oferta/Uso Interno,Deduz. Individ.,Deduz. Grupos,% Ocup.,Receita Quartos,Preço Médio,Saídas,Quartos FdS,Adul. / Cri.,setembro,Histórico,07-set-2025 dom,103,0,36,0,0,103,0,"76,30","16 915,19","164,23",36,0,179,3615,5,1319,0,1,2924,691,"89,26","657 272,26","181,82",1320,2,6313,Total set,3615,5,1319,0,1,2924,691,"89,26","657 272,26","181,82",1320,2,6313,Total,49527,3754,17622,0,64,42974,6553,"50,27","6 884 763,99","139,01",17757,137,90685
Data,Ocup,Opção,Cheg,Oferta/Uso Interno,Deduz. Individ.,Deduz. Grupos,% Ocup.,Receita Quartos,Preço Médio,Saídas,Quartos FdS,Adul. / Cri.,setembro,Histórico,08-set-2025 seg,105,0,42,0,0,105,0,"77,78","17 758,86","169,13",40,0,182,3615,5,1319,0,1,2924,691,"89,26","657 272,26","181,82",1320,2,6313,Total set,3615,5,1319,0,1,2924,691,"89,26","657 272,26","181,82",1320,2,6313,Total,49527,3754,17622,0,64,42974,6553,"50,27","6 884 763,99","139,01",17757,137,90685
Data,Ocup,Opção,Cheg,Oferta/Uso Interno,Deduz. Individ.,Deduz. Grupos,% Ocup.,Receita Quartos,Preço Médio,Saídas,Quartos FdS,Adul. / Cri.,setembro,Histórico,09-set-2025 ter,112,0,44,0,0,112,0,"82,96","19 972,68","178,33",37,0,194,3615,5,1319,0,1,2924,691,"89,26","657 272,26","181,82",1320,2,6313,Total set,3615,5,1319,0,1,2924,691,"89,26","657 272,26","181,82",1320,2,6313,Total,49527,3754,17622,0,64,42974,6553,"50,27","6 884 763,99","139,01",17757,137,90685
Data,Ocup,Opção,Cheg,Oferta/Uso Interno,Deduz. Individ.,Deduz. Grupos,% Ocup.,Receita Quartos,Preço Médio,Saídas,Quartos FdS,Adul. / Cri.,setembro,Histórico,10-set-2025 qua,113,0,45,0,0,95,18,"83,70","18 937,15","167,59",44,0,196,3615,5,1319,0,1,2924,691,"89,26","657 272,26","181,82",1320,2,6313,Total set,3615,5,1319,0,1,2924,691,"89,26","657 272,26","181,82",1320,2,6313,Total,49527,3754,17622,0,64,42974,6553,"50,27","6 884 763,99","139,01",17757,137,90685
Data,Ocup,Opção,Cheg,Oferta/Uso Interno,Deduz. Individ.,Deduz. Grupos,% Ocup.,Receita Quartos,Preço Médio,Saídas,Quartos FdS,Adul. / Cri.,setembro,Histórico,11-set-2025 qui,120,0,36,0,0,89,31,"88,89","19 561,19","163,01",29,0,213,3615,5,1319,0,1,2924,691,"89,26","657 272,26","181,82",1320,2,6313,Total set,3615,5,1319,0,1,2924,691,"89,26","657 272,26","181,82",1320,2,6313,Total,49527,3754,17622,0,64,42974,6553,"50,27","6 884 763,99","139,01",17757,137,90685
Data,Ocup,Opção,Cheg,Oferta/Uso Interno,Deduz. Individ.,Deduz. Grupos,% Ocup.,Receita Quartos,Preço Médio,Saídas,Quartos FdS,Adul. / Cri.,setembro,Histórico,12-set-2025 sex,129,0,49,0,0,74,55,"95,56","23 690,14","183,64",40,0,229,3615,5,1319,0,1,2924,691,"89,26","657 272,26","181,82",1320,2,6313,Total set,3615,5,1319,0,1,2924,691,"89,26","657 272,26","181,82",1320,2,6313,Total,49527,3754,17622,0,64,42974,6553,"50,27","6 884 763,99","139,01",17757,137,90685
Data,Ocup,Opção,Cheg,Oferta/Uso Interno,Deduz. Individ.,Deduz. Grupos,% Ocup.,Receita Quartos,Preço Médio,Saídas,Quartos FdS,Adul. / Cri.,setembro,Histórico,13-set-2025 sáb,126,0,33,0,0,85,41,"93,33","24 566,04","194,97",36,0,228,3615,5,1319,0,1,2924,691,"89,26","657 272,26","181,82",1320,2,6313,Total set,3615,5,1319,0,1,2924,691,"89,26","657 272,26","181,82",1320,2,6313,Total,49527,3754,17622,0,64,42974,6553,"50,27","6 884 763,99","139,01",17757,137,90685
Data,Ocup,Opção,Cheg,Oferta/Uso Interno,Deduz. Individ.,Deduz. Grupos,% Ocup.,Receita Quartos,Preço Médio,Saídas,Quartos FdS,Adul. / Cri.,setembro,Histórico,14-set-2025 dom,87,0,22,0,0,64,23,"64,44","16 100,28","185,06",61,0,152,3615,5,1319,0,1,2924,691,"89,26","657 272,26","181,82",1320,2,6313,Total set,3615,5,1319,0,1,2924,691,"89,26","657 272,26","181,82",1320,2,6313,Total,49527,3754,17622,0,64,42974,6553,"50,27","6 884 763,99","139,01",17757,137,90685
Data,Ocup,Opção,Cheg,Oferta/Uso Interno,Deduz. Individ.,Deduz. Grupos,% Ocup.,Receita Quartos,Preço Médio,Saídas,Quartos FdS,Adul. / Cri.,setembro,Histórico,15-set-2025 seg,133,0,104,0,0,51,82,"98,52","24 166,07","181,70",58,0,244,3615,5,1319,0,1,2924,691,"89,26","657 272,26","181,82",1320,2,6313,Total set,3615,5,1319,0,1,2924,691,"89,26","657 272,26","181,82",1320,2,6313,Total,49527,3754,17622,0,64,42974,6553,"50,27","6 884 763,99","139,01",17757,137,90685
Data,Ocup,Opção,Cheg,Oferta/Uso Interno,Deduz. Individ.,Deduz. Grupos,% Ocup.,Receita Quartos,Preço Médio,Saídas,Quartos FdS,Adul. / Cri.,setembro,Histórico,16-set-2025 ter,135,0,15,0,0,53,82,"100,00","23 946,44","177,38",13,0,247,3615,5,1319,0,1,2924,691,"89,26","657 272,26","181,82",1320,2,6313,Total set,3615,5,1319,0,1,2924,691,"89,26","657 272,26","181,82",1320,2,6313,Total,49527,3754,17622,0,64,42974,6553,"50,27","6 884 763,99","139,01",17757,137,90685
Data,Ocup,Opção,Cheg,Oferta/Uso Interno,Deduz. Individ.,Deduz. Grupos,% Ocup.,Receita Quartos,Preço Médio,Saídas,Quartos FdS,Adul. / Cri.,setembro,Histórico,17-set-2025 qua,133,0,28,0,0,36,97,"98,52","23 133,24","173,93",30,0,245,3615,5,1319,0,1,2924,691,"89,26","657 272,26","181,82",1320,2,6313,Total set,3615,5,1319,0,1,2924,691,"89,26","657 272,26","181,82",1320,2,6313,Total,49527,3754,17622,0,64,42974,6553,"50,27","6 884 763,99","139,01",17757,137,90685
Data,Ocup,Opção,Cheg,Oferta/Uso Interno,Deduz. Individ.,Deduz. Grupos,% Ocup.,Receita Quartos,Preço Médio,Saídas,Quartos FdS,Adul. / Cri.,setembro,Histórico,18-set-2025 qui,132,0,93,0,0,115,17,"97,78","27 404,40","207,61",94,0,218,3615,5,1319,0,1,2924,691,"89,26","657 272,26","181,82",1320,2,6313,Total set,3615,5,1319,0,1,2924,691,"89,26","657 272,26","181,82",1320,2,6313,Total,49527,3754,17622,0,64,42974,6553,"50,27","6 884 763,99","139,01",17757,137,90685
Data,Ocup,Opção,Cheg,Oferta/Uso Interno,Deduz. Individ.,Deduz. Grupos,% Ocup.,Receita Quartos,Preço Médio,Saídas,Quartos FdS,Adul. / Cri.,setembro,Histórico,19-set-2025 sex,131,0,49,0,0,105,26,"97,04","28 425,30","216,99",50,0,228,3615,5,1319,0,1,2924,691,"89,26","657 272,26","181,82",1320,2,6313,Total set,3615,5,1319,0,1,2924,691,"89,26","657 272,26","181,82",1320,2,6313,Total,49527,3754,17622,0,64,42974,6553,"50,27","6 884 763,99","139,01",17757,137,90685
Data,Ocup,Opção,Cheg,Oferta/Uso Interno,Deduz. Individ.,Deduz. Grupos,% Ocup.,Receita Quartos,Preço Médio,Saídas,Quartos FdS,Adul. / Cri.,setembro,Histórico,20-set-2025 sáb,129,1,47,0,0,115,14,"95,56","27 311,77","211,72",49,0,222,3615,5,1319,0,1,2924,691,"89,26","657 272,26","181,82",1320,2,6313,Total set,3615,5,1319,0,1,2924,691,"89,26","657 272,26","181,82",1320,2,6313,Total,49527,3754,17622,0,64,42974,6553,"50,27","6 884 763,99","139,01",17757,137,90685
Data,Ocup,Opção,Cheg,Oferta/Uso Interno,Deduz. Individ.,Deduz. Grupos,% Ocup.,Receita Quartos,Preço Médio,Saídas,Quartos FdS,Adul. / Cri.,setembro,Histórico,21-set-2025 dom,121,1,46,0,0,111,10,"89,63","22 375,29","184,92",54,0,212,3615,5,1319,0,1,2924,691,"89,26","657 272,26","181,82",1320,2,6313,Total set,3615,5,1319,0,1,2924,691,"89,26","657 272,26","181,82",1320,2,6313,Total,49527,3754,17622,0,64,42974,6553,"50,27","6 884 763,99","139,01",17757,137,90685
Data,Ocup,Opção,Cheg,Oferta/Uso Interno,Deduz. Individ.,Deduz. Grupos,% Ocup.,Receita Quartos,Preço Médio,Saídas,Quartos FdS,Adul. / Cri.,setembro,Histórico,22-set-2025 seg,124,1,27,0,0,114,10,"91,85","21 285,25","171,66",24,0,214,3615,5,1319,0,1,2924,691,"89,26","657 272,26","181,82",1320,2,6313,Total set,3615,5,1319,0,1,2924,691,"89,26","657 272,26","181,82",1320,2,6313,Total,49527,3754,17622,0,64,42974,6553,"50,27","6 884 763,99","139,01",17757,137,90685
Data,Ocup,Opção,Cheg,Oferta/Uso Interno,Deduz. Individ.,Deduz. Grupos,% Ocup.,Receita Quartos,Preço Médio,Saídas,Quartos FdS,Adul. / Cri.,setembro,Histórico,23-set-2025 ter,134,0,66,0,0,134,0,"99,26","23 111,03","172,47",56,0,222,3615,5,1319,0,1,2924,691,"89,26","657 272,26","181,82",1320,2,6313,Total set,3615,5,1319,0,1,2924,691,"89,26","657 272,26","181,82",1320,2,6313,Total,49527,3754,17622,0,64,42974,6553,"50,27","6 884 763,99","139,01",17757,137,90685
Data,Ocup,Opção,Cheg,Oferta/Uso Interno,Deduz. Individ.,Deduz. Grupos,% Ocup.,Receita Quartos,Preço Médio,Saídas,Quartos FdS,Adul. / Cri.,setembro,Histórico,24-set-2025 qua,135,0,55,0,0,119,16,"100,00","23 627,41","175,02",54,0,224,3615,5,1319,0,1,2924,691,"89,26","657 272,26","181,82",1320,2,6313,Total set,3615,5,1319,0,1,2924,691,"89,26","657 272,26","181,82",1320,2,6313,Total,49527,3754,17622,0,64,42974,6553,"50,27","6 884 763,99","139,01",17757,137,90685
Data,Ocup,Opção,Cheg,Oferta/Uso Interno,Deduz. Individ.,Deduz. Grupos,% Ocup.,Receita Quartos,Preço Médio,Saídas,Quartos FdS,Adul. / Cri.,setembro,Histórico,25-set-2025 qui,133,0,40,0,0,115,18,"98,52","24 600,93","184,97",42,0,235,3615,5,1319,0,1,2924,691,"89,26","657 272,26","181,82",1320,2,6313,Total set,3615,5,1319,0,1,2924,691,"89,26","657 272,26","181,82",1320,2,6313,Total,49527,3754,17622,0,64,42974,6553,"50,27","6 884 763,99","139,01",17757,137,90685
Data,Ocup,Opção,Cheg,Oferta/Uso Interno,Deduz. Individ.,Deduz. Grupos,% Ocup.,Receita Quartos,Preço Médio,Saídas,Quartos FdS,Adul. / Cri.,setembro,Histórico,26-set-2025 sex,131,0,46,0,0,113,18,"97,04","25 649,19","195,80",48,0,235,3615,5,1319,0,1,2924,691,"89,26","657 272,26","181,82",1320,2,6313,Total set,3615,5,1319,0,1,2924,691,"89,26","657 272,26","181,82",1320,2,6313,Total,49527,3754,17622,0,64,42974,6553,"50,27","6 884 763,99","139,01",17757,137,90685
Data,Ocup,Opção,Cheg,Oferta/Uso Interno,Deduz. Individ.,Deduz. Grupos,% Ocup.,Receita Quartos,Preço Médio,Saídas,Quartos FdS,Adul. / Cri.,setembro,Histórico,27-set-2025 sáb,131,0,47,0,0,127,4,"97,04","26 450,06","201,91",47,0,224,3615,5,1319,0,1,2924,691,"89,26","657 272,26","181,82",1320,2,6313,Total set,3615,5,1319,0,1,2924,691,"89,26","657 272,26","181,82",1320,2,6313,Total,49527,3754,17622,0,64,42974,6553,"50,27","6 884 763,99","139,01",17757,137,90685
Data,Ocup,Opção,Cheg,Oferta/Uso Interno,Deduz. Individ.,Deduz. Grupos,% Ocup.,Receita Quartos,Preço Médio,Saídas,Quartos FdS,Adul. / Cri.,setembro,Histórico,28-set-2025 dom,130,0,52,0,0,120,10,"96,30","23 508,67","180,84",53,0,224,3615,5,1319,0,1,2924,691,"89,26","657 272,26","181,82",1320,2,6313,Total set,3615,5,1319,0,1,2924,691,"89,26","657 272,26","181,82",1320,2,6313,Total,49527,3754,17622,0,64,42974,6553,"50,27","6 884 763,99","139,01",17757,137,90685
Data,Ocup,Opção,Cheg,Oferta/Uso Interno,Deduz. Individ.,Deduz. Grupos,% Ocup.,Receita Quartos,Preço Médio,Saídas,Quartos FdS,Adul. / Cri.,setembro,Histórico,29-set-2025 seg,122,0,36,0,0,111,11,"90,37","21 725,82","178,08",44,1,198,3615,5,1319,0,1,2924,691,"89,26","657 272,26","181,82",1320,2,6313,Total set,3615,5,1319,0,1,2924,691,"89,26","657 272,26","181,82",1320,2,6313,Total,49527,3754,17622,0,64,42974,6553,"50,27","6 884 763,99","139,01",17757,137,90685
Data,Ocup,Opção,Cheg,Oferta/Uso Interno,Deduz. Individ.,Deduz. Grupos,% Ocup.,Receita Quartos,Preço Médio,Saídas,Quartos FdS,Adul. / Cri.,setembro,Histórico,30-set-2025 ter,119,0,46,0,0,104,15,"88,15","21 187,80","178,05",49,0,195,3615,5,1319,0,1,2924,691,"89,26","657 272,26","181,82",1320,2,6313,Total set,3615,5,1319,0,1,2924,691,"89,26","657 272,26","181,82",1320,2,6313,Total,49527,3754,17622,0,64,42974,6553,"50,27","6 884 763,99","139,01",17757,137,90685
Data,Ocup,Opção,Cheg,Oferta/Uso Interno,Deduz. Individ.,Deduz. Grupos,% Ocup.,Receita Quartos,Preço Médio,Saídas,Quartos FdS,Adul. / Cri.,outubro,Histórico,01-out-2025 qua,128,0,58,0,0,76,52,"94,81","22 968,23","179,44",49,0,219,3832,16,1433,0,7,3127,705,"91,57","674 875,59","176,12",1457,1,6564,Total out,3832,16,1433,0,7,3127,705,"91,57","674 875,59","176,12",1457,1,6564,Total,49527,3754,17622,0,64,42974,6553,"50,27","6 884 763,99","139,01",17757,137,90685
Data,Ocup,Opção,Cheg,Oferta/Uso Interno,Deduz. Individ.,Deduz. Grupos,% Ocup.,Receita Quartos,Preço Médio,Saídas,Quartos FdS,Adul. / Cri.,outubro,Histórico,02-out-2025 qui,131,0,45,0,0,92,39,"97,04","23 429,97","178,85",42,0,228,3832,16,1433,0,7,3127,705,"91,57","674 875,59","176,12",1457,1,6564,Total out,3832,16,1433,0,7,3127,705,"91,57","674 875,59","176,12",1457,1,6564,Total,49527,3754,17622,0,64,42974,6553,"50,27","6 884 763,99","139,01",17757,137,90685
Data,Ocup,Opção,Cheg,Oferta/Uso Interno,Deduz. Individ.,Deduz. Grupos,% Ocup.,Receita Quartos,Preço Médio,Saídas,Quartos FdS,Adul. / Cri.,outubro,Histórico,03-out-2025 sex,134,0,35,0,0,90,44,"99,26","27 569,72","205,74",32,0,230,3832,16,1433,0,7,3127,705,"91,57","674 875,59","176,12",1457,1,6564,Total out,3832,16,1433,0,7,3127,705,"91,57","674 875,59","176,12",1457,1,6564,Total,49527,3754,17622,0,64,42974,6553,"50,27","6 884 763,99","139,01",17757,137,90685
Data,Ocup,Opção,Cheg,Oferta/Uso Interno,Deduz. Individ.,Deduz. Grupos,% Ocup.,Receita Quartos,Preço Médio,Saídas,Quartos FdS,Adul. / Cri.,outubro,Histórico,04-out-2025 sáb,132,0,39,0,0,105,27,"97,78","25 092,80","190,10",41,0,223,3832,16,1433,0,7,3127,705,"91,57","674 875,59","176,12",1457,1,6564,Total out,3832,16,1433,0,7,3127,705,"91,57","674 875,59","176,12",1457,1,6564,Total,49527,3754,17622,0,64,42974,6553,"50,27","6 884 763,99","139,01",17757,137,90685
Data,Ocup,Opção,Cheg,Oferta/Uso Interno,Deduz. Individ.,Deduz. Grupos,% Ocup.,Receita Quartos,Preço Médio,Saídas,Quartos FdS,Adul. / Cri.,outubro,Histórico,05-out-2025 dom,119,0,66,0,0,106,13,"88,15","20 224,93","169,96",79,0,201,3832,16,1433,0,7,3127,705,"91,57","674 875,59","176,12",1457,1,6564,Total out,3832,16,1433,0,7,3127,705,"91,57","674 875,59","176,12",1457,1,6564,Total,49527,3754,17622,0,64,42974,6553,"50,27","6 884 763,99","139,01",17757,137,90685
Data,Ocup,Opção,Cheg,Oferta/Uso Interno,Deduz. Individ.,Deduz. Grupos,% Ocup.,Receita Quartos,Preço Médio,Saídas,Quartos FdS,Adul. / Cri.,outubro,Histórico,06-out-2025 seg,133,0,55,0,0,129,4,"98,52","24 195,02","181,92",41,0,228,3832,16,1433,0,7,3127,705,"91,57","674 875,59","176,12",1457,1,6564,Total out,3832,16,1433,0,7,3127,705,"91,57","674 875,59","176,12",1457,1,6564,Total,49527,3754,17622,0,64,42974,6553,"50,27","6 884 763,99","139,01",17757,137,90685
Data,Ocup,Opção,Cheg,Oferta/Uso Interno,Deduz. Individ.,Deduz. Grupos,% Ocup.,Receita Quartos,Preço Médio,Saídas,Quartos FdS,Adul. / Cri.,outubro,Histórico,07-out-2025 ter,135,4,46,0,0,133,2,"100,00","26 652,15","197,42",44,0,229,3832,16,1433,0,7,3127,705,"91,57","674 875,59","176,12",1457,1,6564,Total out,3832,16,1433,0,7,3127,705,"91,57","674 875,59","176,12",1457,1,6564,Total,49527,3754,17622,0,64,42974,6553,"50,27","6 884 763,99","139,01",17757,137,90685
Data,Ocup,Opção,Cheg,Oferta/Uso Interno,Deduz. Individ.,Deduz. Grupos,% Ocup.,Receita Quartos,Preço Médio,Saídas,Quartos FdS,Adul. / Cri.,outubro,Histórico,08-out-2025 qua,135,0,64,0,0,94,41,"100,00","24 933,56","184,69",64,0,236,3832,16,1433,0,7,3127,705,"91,57","674 875,59","176,12",1457,1,6564,Total out,3832,16,1433,0,7,3127,705,"91,57","674 875,59","176,12",1457,1,6564,Total,49527,3754,17622,0,64,42974,6553,"50,27","6 884 763,99","139,01",17757,137,90685
Data,Ocup,Opção,Cheg,Oferta/Uso Interno,Deduz. Individ.,Deduz. Grupos,% Ocup.,Receita Quartos,Preço Médio,Saídas,Quartos FdS,Adul. / Cri.,outubro,Histórico,09-out-2025 qui,127,0,51,0,0,110,17,"94,07","23 033,71","181,37",59,0,224,3832,16,1433,0,7,3127,705,"91,57","674 875,59","176,12",1457,1,6564,Total out,3832,16,1433,0,7,3127,705,"91,57","674 875,59","176,12",1457,1,6564,Total,49527,3754,17622,0,64,42974,6553,"50,27","6 884 763,99","139,01",17757,137,90685
Data,Ocup,Opção,Cheg,Oferta/Uso Interno,Deduz. Individ.,Deduz. Grupos,% Ocup.,Receita Quartos,Preço Médio,Saídas,Quartos FdS,Adul. / Cri.,outubro,Histórico,10-out-2025 sex,133,0,50,0,0,96,37,"98,52","25 307,09","190,28",44,0,237,3832,16,1433,0,7,3127,705,"91,57","674 875,59","176,12",1457,1,6564,Total out,3832,16,1433,0,7,3127,705,"91,57","674 875,59","176,12",1457,1,6564,Total,49527,3754,17622,0,64,42974,6553,"50,27","6 884 763,99","139,01",17757,137,90685
Data,Ocup,Opção,Cheg,Oferta/Uso Interno,Deduz. Individ.,Deduz. Grupos,% Ocup.,Receita Quartos,Preço Médio,Saídas,Quartos FdS,Adul. / Cri.,outubro,Histórico,11-out-2025 sáb,135,0,45,0,0,102,33,"100,00","27 583,36","204,32",43,0,239,3832,16,1433,0,7,3127,705,"91,57","674 875,59","176,12",1457,1,6564,Total out,3832,16,1433,0,7,3127,705,"91,57","674 875,59","176,12",1457,1,6564,Total,49527,3754,17622,0,64,42974,6553,"50,27","6 884 763,99","139,01",17757,137,90685
Data,Ocup,Opção,Cheg,Oferta/Uso Interno,Deduz. Individ.,Deduz. Grupos,% Ocup.,Receita Quartos,Preço Médio,Saídas,Quartos FdS,Adul. / Cri.,outubro,Histórico,12-out-2025 dom,107,0,49,0,0,89,18,"79,26","18 030,29","168,51",77,0,189,3832,16,1433,0,7,3127,705,"91,57","674 875,59","176,12",1457,1,6564,Total out,3832,16,1433,0,7,3127,705,"91,57","674 875,59","176,12",1457,1,6564,Total,49527,3754,17622,0,64,42974,6553,"50,27","6 884 763,99","139,01",17757,137,90685
Data,Ocup,Opção,Cheg,Oferta/Uso Interno,Deduz. Individ.,Deduz. Grupos,% Ocup.,Receita Quartos,Preço Médio,Saídas,Quartos FdS,Adul. / Cri.,outubro,Histórico,13-out-2025 seg,133,0,59,0,0,123,10,"98,52","22 356,20","168,09",33,0,232,3832,16,1433,0,7,3127,705,"91,57","674 875,59","176,12",1457,1,6564,Total out,3832,16,1433,0,7,3127,705,"91,57","674 875,59","176,12",1457,1,6564,Total,49527,3754,17622,0,64,42974,6553,"50,27","6 884 763,99","139,01",17757,137,90685
Data,Ocup,Opção,Cheg,Oferta/Uso Interno,Deduz. Individ.,Deduz. Grupos,% Ocup.,Receita Quartos,Preço Médio,Saídas,Quartos FdS,Adul. / Cri.,outubro,Histórico,14-out-2025 ter,134,1,54,0,0,121,13,"99,26","22 444,89","167,50",53,0,235,3832,16,1433,0,7,3127,705,"91,57","674 875,59","176,12",1457,1,6564,Total out,3832,16,1433,0,7,3127,705,"91,57","674 875,59","176,12",1457,1,6564,Total,49527,3754,17622,0,64,42974,6553,"50,27","6 884 763,99","139,01",17757,137,90685
Data,Ocup,Opção,Cheg,Oferta/Uso Interno,Deduz. Individ.,Deduz. Grupos,% Ocup.,Receita Quartos,Preço Médio,Saídas,Quartos FdS,Adul. / Cri.,outubro,Histórico,15-out-2025 qua,131,1,50,0,0,102,29,"97,04","20 986,28","160,20",53,0,231,3832,16,1433,0,7,3127,705,"91,57","674 875,59","176,12",1457,1,6564,Total out,3832,16,1433,0,7,3127,705,"91,57","674 875,59","176,12",1457,1,6564,Total,49527,3754,17622,0,64,42974,6553,"50,27","6 884 763,99","139,01",17757,137,90685
Data,Ocup,Opção,Cheg,Oferta/Uso Interno,Deduz. Individ.,Deduz. Grupos,% Ocup.,Receita Quartos,Preço Médio,Saídas,Quartos FdS,Adul. / Cri.,outubro,Histórico,16-out-2025 qui,132,1,64,0,0,76,56,"97,78","22 875,62","173,30",63,1,237,3832,16,1433,0,7,3127,705,"91,57","674 875,59","176,12",1457,1,6564,Total out,3832,16,1433,0,7,3127,705,"91,57","674 875,59","176,12",1457,1,6564,Total,49527,3754,17622,0,64,42974,6553,"50,27","6 884 763,99","139,01",17757,137,90685
Data,Ocup,Opção,Cheg,Oferta/Uso Interno,Deduz. Individ.,Deduz. Grupos,% Ocup.,Receita Quartos,Preço Médio,Saídas,Quartos FdS,Adul. / Cri.,outubro,Histórico,17-out-2025 sex,134,0,38,0,0,78,56,"99,26","24 208,10","180,66",36,0,240,3832,16,1433,0,7,3127,705,"91,57","674 875,59","176,12",1457,1,6564,Total out,3832,16,1433,0,7,3127,705,"91,57","674 875,59","176,12",1457,1,6564,Total,49527,3754,17622,0,64,42974,6553,"50,27","6 884 763,99","139,01",17757,137,90685
Data,Ocup,Opção,Cheg,Oferta/Uso Interno,Deduz. Individ.,Deduz. Grupos,% Ocup.,Receita Quartos,Preço Médio,Saídas,Quartos FdS,Adul. / Cri.,outubro,Histórico,18-out-2025 sáb,123,0,32,0,0,79,44,"91,11","23 092,40","187,74",43,0,215,3832,16,1433,0,7,3127,705,"91,57","674 875,59","176,12",1457,1,6564,Total out,3832,16,1433,0,7,3127,705,"91,57","674 875,59","176,12",1457,1,6564,Total,49527,3754,17622,0,64,42974,6553,"50,27","6 884 763,99","139,01",17757,137,90685
Data,Ocup,Opção,Cheg,Oferta/Uso Interno,Deduz. Individ.,Deduz. Grupos,% Ocup.,Receita Quartos,Preço Médio,Saídas,Quartos FdS,Adul. / Cri.,outubro,Histórico,19-out-2025 dom,117,0,67,0,0,96,21,"86,67","19 862,88","169,77",73,0,188,3832,16,1433,0,7,3127,705,"91,57","674 875,59","176,12",1457,1,6564,Total out,3832,16,1433,0,7,3127,705,"91,57","674 875,59","176,12",1457,1,6564,Total,49527,3754,17622,0,64,42974,6553,"50,27","6 884 763,99","139,01",17757,137,90685
Data,Ocup,Opção,Cheg,Oferta/Uso Interno,Deduz. Individ.,Deduz. Grupos,% Ocup.,Receita Quartos,Preço Médio,Saídas,Quartos FdS,Adul. / Cri.,outubro,Histórico,20-out-2025 seg,122,0,42,0,0,112,10,"90,37","20 818,06","170,64",37,0,197,3832,16,1433,0,7,3127,705,"91,57","674 875,59","176,12",1457,1,6564,Total out,3832,16,1433,0,7,3127,705,"91,57","674 875,59","176,12",1457,1,6564,Total,49527,3754,17622,0,64,42974,6553,"50,27","6 884 763,99","139,01",17757,137,90685
Data,Ocup,Opção,Cheg,Oferta/Uso Interno,Deduz. Individ.,Deduz. Grupos,% Ocup.,Receita Quartos,Preço Médio,Saídas,Quartos FdS,Adul. / Cri.,outubro,Histórico,21-out-2025 ter,126,0,42,0,0,104,22,"93,33","21 183,69","168,12",38,0,203,3832,16,1433,0,7,3127,705,"91,57","674 875,59","176,12",1457,1,6564,Total out,3832,16,1433,0,7,3127,705,"91,57","674 875,59","176,12",1457,1,6564,Total,49527,3754,17622,0,64,42974,6553,"50,27","6 884 763,99","139,01",17757,137,90685
Data,Ocup,Opção,Cheg,Oferta/Uso Interno,Deduz. Individ.,Deduz. Grupos,% Ocup.,Receita Quartos,Preço Médio,Saídas,Quartos FdS,Adul. / Cri.,outubro,Histórico,22-out-2025 qua,134,0,55,0,1,106,28,"99,26","22 507,10","167,96",47,0,203,3832,16,1433,0,7,3127,705,"91,57","674 875,59","176,12",1457,1,6564,Total out,3832,16,1433,0,7,3127,705,"91,57","674 875,59","176,12",1457,1,6564,Total,49527,3754,17622,0,64,42974,6553,"50,27","6 884 763,99","139,01",17757,137,90685
Data,Ocup,Opção,Cheg,Oferta/Uso Interno,Deduz. Individ.,Deduz. Grupos,% Ocup.,Receita Quartos,Preço Médio,Saídas,Quartos FdS,Adul. / Cri.,outubro,Histórico,23-out-2025 qui,126,0,38,0,1,103,23,"93,33","21 251,69","168,66",46,0,195,3832,16,1433,0,7,3127,705,"91,57","674 875,59","176,12",1457,1,6564,Total out,3832,16,1433,0,7,3127,705,"91,57","674 875,59","176,12",1457,1,6564,Total,49527,3754,17622,0,64,42974,6553,"50,27","6 884 763,99","139,01",17757,137,90685
Data,Ocup,Opção,Cheg,Oferta/Uso Interno,Deduz. Individ.,Deduz. Grupos,% Ocup.,Receita Quartos,Preço Médio,Saídas,Quartos FdS,Adul. / Cri.,outubro,Histórico,24-out-2025 sex,135,0,53,0,1,102,33,"100,00","23 436,07","173,60",44,0,223,3832,16,1433,0,7,3127,705,"91,57","674 875,59","176,12",1457,1,6564,Total out,3832,16,1433,0,7,3127,705,"91,57","674 875,59","176,12",1457,1,6564,Total,49527,3754,17622,0,64,42974,6553,"50,27","6 884 763,99","139,01",17757,137,90685
Data,Ocup,Opção,Cheg,Oferta/Uso Interno,Deduz. Individ.,Deduz. Grupos,% Ocup.,Receita Quartos,Preço Médio,Saídas,Quartos FdS,Adul. / Cri.,outubro,Histórico,25-out-2025 sáb,129,0,30,0,1,114,15,"95,56","23 537,14","182,46",36,0,220,3832,16,1433,0,7,3127,705,"91,57","674 875,59","176,12",1457,1,6564,Total out,3832,16,1433,0,7,3127,705,"91,57","674 875,59","176,12",1457,1,6564,Total,49527,3754,17622,0,64,42974,6553,"50,27","6 884 763,99","139,01",17757,137,90685
Data,Ocup,Opção,Cheg,Oferta/Uso Interno,Deduz. Individ.,Deduz. Grupos,% Ocup.,Receita Quartos,Preço Médio,Saídas,Quartos FdS,Adul. / Cri.,outubro,Histórico,26-out-2025 dom,122,0,48,0,1,113,9,"90,37","19 769,38","162,04",55,0,215,3832,16,1433,0,7,3127,705,"91,57","674 875,59","176,12",1457,1,6564,Total out,3832,16,1433,0,7,3127,705,"91,57","674 875,59","176,12",1457,1,6564,Total,49527,3754,17622,0,64,42974,6553,"50,27","6 884 763,99","139,01",17757,137,90685
Data,Ocup,Opção,Cheg,Oferta/Uso Interno,Deduz. Individ.,Deduz. Grupos,% Ocup.,Receita Quartos,Preço Médio,Saídas,Quartos FdS,Adul. / Cri.,outubro,Histórico,27-out-2025 seg,114,0,23,0,0,105,9,"84,44","18 673,96","163,81",31,0,202,3832,16,1433,0,7,3127,705,"91,57","674 875,59","176,12",1457,1,6564,Total out,3832,16,1433,0,7,3127,705,"91,57","674 875,59","176,12",1457,1,6564,Total,49527,3754,17622,0,64,42974,6553,"50,27","6 884 763,99","139,01",17757,137,90685
Data,Ocup,Opção,Cheg,Oferta/Uso Interno,Deduz. Individ.,Deduz. Grupos,% Ocup.,Receita Quartos,Preço Médio,Saídas,Quartos FdS,Adul. / Cri.,outubro,Histórico,28-out-2025 ter,101,1,28,0,0,101,0,"74,81","16 141,67","159,82",41,0,173,3832,16,1433,0,7,3127,705,"91,57","674 875,59","176,12",1457,1,6564,Total out,3832,16,1433,0,7,3127,705,"91,57","674 875,59","176,12",1457,1,6564,Total,49527,3754,17622,0,64,42974,6553,"50,27","6 884 763,99","139,01",17757,137,90685
Data,Ocup,Opção,Cheg,Oferta/Uso Interno,Deduz. Individ.,Deduz. Grupos,% Ocup.,Receita Quartos,Preço Médio,Saídas,Quartos FdS,Adul. / Cri.,outubro,Histórico,29-out-2025 qua,91,2,29,0,0,91,0,"67,41","14 238,91","156,47",39,0,159,3832,16,1433,0,7,3127,705,"91,57","674 875,59","176,12",1457,1,6564,Total out,3832,16,1433,0,7,3127,705,"91,57","674 875,59","176,12",1457,1,6564,Total,49527,3754,17622,0,64,42974,6553,"50,27","6 884 763,99","139,01",17757,137,90685
Data,Ocup,Opção,Cheg,Oferta/Uso Interno,Deduz. Individ.,Deduz. Grupos,% Ocup.,Receita Quartos,Preço Médio,Saídas,Quartos FdS,Adul. / Cri.,outubro,Histórico,30-out-2025 qui,84,3,31,0,1,84,0,"62,22","13 135,15","156,37",38,0,151,3832,16,1433,0,7,3127,705,"91,57","674 875,59","176,12",1457,1,6564,Total out,3832,16,1433,0,7,3127,705,"91,57","674 875,59","176,12",1457,1,6564,Total,49527,3754,17622,0,64,42974,6553,"50,27","6 884 763,99","139,01",17757,137,90685
Data,Ocup,Opção,Cheg,Oferta/Uso Interno,Deduz. Individ.,Deduz. Grupos,% Ocup.,Receita Quartos,Preço Médio,Saídas,Quartos FdS,Adul. / Cri.,outubro,Histórico,31-out-2025 sex,95,3,47,0,1,95,0,"70,37","15 335,57","161,43",36,0,162,3832,16,1433,0,7,3127,705,"91,57","674 875,59","176,12",1457,1,6564,Total out,3832,16,1433,0,7,3127,705,"91,57","674 875,59","176,12",1457,1,6564,Total,49527,3754,17622,0,64,42974,6553,"50,27","6 884 763,99","139,01",17757,137,90685
Data,Ocup,Opção,Cheg,Oferta/Uso Interno,Deduz. Individ.,Deduz. Grupos,% Ocup.,Receita Quartos,Preço Médio,Saídas,Quartos FdS,Adul. / Cri.,novembro,Histórico,01-nov-2025 sáb,114,3,32,0,1,114,0,"84,44","16 486,54","144,62",13,0,190,3396,3,1184,0,1,3177,219,"84,04","406 412,33","119,67",1182,5,5309,Total nov,3396,3,1184,0,1,3177,219,"84,04","406 412,33","119,67",1182,5,5309,Total,49527,3754,17622,0,64,42974,6553,"50,27","6 884 763,99","139,01",17757,137,90685
Data,Ocup,Opção,Cheg,Oferta/Uso Interno,Deduz. Individ.,Deduz. Grupos,% Ocup.,Receita Quartos,Preço Médio,Saídas,Quartos FdS,Adul. / Cri.,novembro,Histórico,02-nov-2025 dom,101,0,35,0,0,101,0,"74,81","13 206,84","130,76",48,0,166,3396,3,1184,0,1,3177,219,"84,04","406 412,33","119,67",1182,5,5309,Total nov,3396,3,1184,0,1,3177,219,"84,04","406 412,33","119,67",1182,5,5309,Total,49527,3754,17622,0,64,42974,6553,"50,27","6 884 763,99","139,01",17757,137,90685
Data,Ocup,Opção,Cheg,Oferta/Uso Interno,Deduz. Individ.,Deduz. Grupos,% Ocup.,Receita Quartos,Preço Médio,Saídas,Quartos FdS,Adul. / Cri.,novembro,Histórico,03-nov-2025 seg,101,0,47,0,0,95,6,"74,81","12 108,79","119,89",47,0,156,3396,3,1184,0,1,3177,219,"84,04","406 412,33","119,67",1182,5,5309,Total nov,3396,3,1184,0,1,3177,219,"84,04","406 412,33","119,67",1182,5,5309,Total,49527,3754,17622,0,64,42974,6553,"50,27","6 884 763,99","139,01",17757,137,90685
Data,Ocup,Opção,Cheg,Oferta/Uso Interno,Deduz. Individ.,Deduz. Grupos,% Ocup.,Receita Quartos,Preço Médio,Saídas,Quartos FdS,Adul. / Cri.,novembro,Histórico,04-nov-2025 ter,102,0,27,0,0,96,6,"75,56","11 671,54","114,43",26,0,154,3396,3,1184,0,1,3177,219,"84,04","406 412,33","119,67",1182,5,5309,Total nov,3396,3,1184,0,1,3177,219,"84,04","406 412,33","119,67",1182,5,5309,Total,49527,3754,17622,0,64,42974,6553,"50,27","6 884 763,99","139,01",17757,137,90685
Data,Ocup,Opção,Cheg,Oferta/Uso Interno,Deduz. Individ.,Deduz. Grupos,% Ocup.,Receita Quartos,Preço Médio,Saídas,Quartos FdS,Adul. / Cri.,novembro,Histórico,05-nov-2025 qua,121,0,40,0,0,115,6,"89,63","13 267,50","109,65",21,0,185,3396,3,1184,0,1,3177,219,"84,04","406 412,33","119,67",1182,5,5309,Total nov,3396,3,1184,0,1,3177,219,"84,04","406 412,33","119,67",1182,5,5309,Total,49527,3754,17622,0,64,42974,6553,"50,27","6 884 763,99","139,01",17757,137,90685
Data,Ocup,Opção,Cheg,Oferta/Uso Interno,Deduz. Individ.,Deduz. Grupos,% Ocup.,Receita Quartos,Preço Médio,Saídas,Quartos FdS,Adul. / Cri.,novembro,Histórico,06-nov-2025 qui,128,0,49,0,0,112,16,"94,81","16 794,29","131,21",42,0,209,3396,3,1184,0,1,3177,219,"84,04","406 412,33","119,67",1182,5,5309,Total nov,3396,3,1184,0,1,3177,219,"84,04","406 412,33","119,67",1182,5,5309,Total,49527,3754,17622,0,64,42974,6553,"50,27","6 884 763,99","139,01",17757,137,90685
Data,Ocup,Opção,Cheg,Oferta/Uso Interno,Deduz. Individ.,Deduz. Grupos,% Ocup.,Receita Quartos,Preço Médio,Saídas,Quartos FdS,Adul. / Cri.,novembro,Histórico,07-nov-2025 sex,128,0,34,0,0,117,11,"94,81","16 940,13","132,34",34,0,210,3396,3,1184,0,1,3177,219,"84,04","406 412,33","119,67",1182,5,5309,Total nov,3396,3,1184,0,1,3177,219,"84,04","406 412,33","119,67",1182,5,5309,Total,49527,3754,17622,0,64,42974,6553,"50,27","6 884 763,99","139,01",17757,137,90685
Data,Ocup,Opção,Cheg,Oferta/Uso Interno,Deduz. Individ.,Deduz. Grupos,% Ocup.,Receita Quartos,Preço Médio,Saídas,Quartos FdS,Adul. / Cri.,novembro,Histórico,08-nov-2025 sáb,125,0,43,0,0,115,10,"92,59","16 736,37","133,89",46,1,199,3396,3,1184,0,1,3177,219,"84,04","406 412,33","119,67",1182,5,5309,Total nov,3396,3,1184,0,1,3177,219,"84,04","406 412,33","119,67",1182,5,5309,Total,49527,3754,17622,0,64,42974,6553,"50,27","6 884 763,99","139,01",17757,137,90685
Data,Ocup,Opção,Cheg,Oferta/Uso Interno,Deduz. Individ.,Deduz. Grupos,% Ocup.,Receita Quartos,Preço Médio,Saídas,Quartos FdS,Adul. / Cri.,novembro,Histórico,09-nov-2025 dom,129,0,67,0,0,119,10,"95,56","19 794,52","153,45",63,0,180,3396,3,1184,0,1,3177,219,"84,04","406 412,33","119,67",1182,5,5309,Total nov,3396,3,1184,0,1,3177,219,"84,04","406 412,33","119,67",1182,5,5309,Total,49527,3754,17622,0,64,42974,6553,"50,27","6 884 763,99","139,01",17757,137,90685
Data,Ocup,Opção,Cheg,Oferta/Uso Interno,Deduz. Individ.,Deduz. Grupos,% Ocup.,Receita Quartos,Preço Médio,Saídas,Quartos FdS,Adul. / Cri.,novembro,Histórico,10-nov-2025 seg,133,0,45,0,0,133,0,"98,52","22 376,24","168,24",41,0,166,3396,3,1184,0,1,3177,219,"84,04","406 412,33","119,67",1182,5,5309,Total nov,3396,3,1184,0,1,3177,219,"84,04","406 412,33","119,67",1182,5,5309,Total,49527,3754,17622,0,64,42974,6553,"50,27","6 884 763,99","139,01",17757,137,90685
Data,Ocup,Opção,Cheg,Oferta/Uso Interno,Deduz. Individ.,Deduz. Grupos,% Ocup.,Receita Quartos,Preço Médio,Saídas,Quartos FdS,Adul. / Cri.,novembro,Histórico,11-nov-2025 ter,135,0,22,0,0,135,0,"100,00","23 010,96","170,45",20,0,170,3396,3,1184,0,1,3177,219,"84,04","406 412,33","119,67",1182,5,5309,Total nov,3396,3,1184,0,1,3177,219,"84,04","406 412,33","119,67",1182,5,5309,Total,49527,3754,17622,0,64,42974,6553,"50,27","6 884 763,99","139,01",17757,137,90685
Data,Ocup,Opção,Cheg,Oferta/Uso Interno,Deduz. Individ.,Deduz. Grupos,% Ocup.,Receita Quartos,Preço Médio,Saídas,Quartos FdS,Adul. / Cri.,novembro,Histórico,12-nov-2025 qua,135,0,26,0,0,135,0,"100,00","21 182,91","156,91",26,0,162,3396,3,1184,0,1,3177,219,"84,04","406 412,33","119,67",1182,5,5309,Total nov,3396,3,1184,0,1,3177,219,"84,04","406 412,33","119,67",1182,5,5309,Total,49527,3754,17622,0,64,42974,6553,"50,27","6 884 763,99","139,01",17757,137,90685
Data,Ocup,Opção,Cheg,Oferta/Uso Interno,Deduz. Individ.,Deduz. Grupos,% Ocup.,Receita Quartos,Preço Médio,Saídas,Quartos FdS,Adul. / Cri.,novembro,Histórico,13-nov-2025 qui,130,0,28,0,0,130,0,"96,30","17 932,82","137,94",33,1,156,3396,3,1184,0,1,3177,219,"84,04","406 412,33","119,67",1182,5,5309,Total nov,3396,3,1184,0,1,3177,219,"84,04","406 412,33","119,67",1182,5,5309,Total,49527,3754,17622,0,64,42974,6553,"50,27","6 884 763,99","139,01",17757,137,90685
Data,Ocup,Opção,Cheg,Oferta/Uso Interno,Deduz. Individ.,Deduz. Grupos,% Ocup.,Receita Quartos,Preço Médio,Saídas,Quartos FdS,Adul. / Cri.,novembro,Histórico,14-nov-2025 sex,109,0,67,0,0,109,0,"80,74","12 332,71","113,14",88,1,160,3396,3,1184,0,1,3177,219,"84,04","406 412,33","119,67",1182,5,5309,Total nov,3396,3,1184,0,1,3177,219,"84,04","406 412,33","119,67",1182,5,5309,Total,49527,3754,17622,0,64,42974,6553,"50,27","6 884 763,99","139,01",17757,137,90685
Data,Ocup,Opção,Cheg,Oferta/Uso Interno,Deduz. Individ.,Deduz. Grupos,% Ocup.,Receita Quartos,Preço Médio,Saídas,Quartos FdS,Adul. / Cri.,novembro,Histórico,15-nov-2025 sáb,125,0,51,0,0,125,0,"92,59","14 947,07","119,58",35,1,205,3396,3,1184,0,1,3177,219,"84,04","406 412,33","119,67",1182,5,5309,Total nov,3396,3,1184,0,1,3177,219,"84,04","406 412,33","119,67",1182,5,5309,Total,49527,3754,17622,0,64,42974,6553,"50,27","6 884 763,99","139,01",17757,137,90685
Data,Ocup,Opção,Cheg,Oferta/Uso Interno,Deduz. Individ.,Deduz. Grupos,% Ocup.,Receita Quartos,Preço Médio,Saídas,Quartos FdS,Adul. / Cri.,novembro,Histórico,16-nov-2025 dom,106,0,27,0,0,106,0,"78,52","11 570,53","109,16",46,1,185,3396,3,1184,0,1,3177,219,"84,04","406 412,33","119,67",1182,5,5309,Total nov,3396,3,1184,0,1,3177,219,"84,04","406 412,33","119,67",1182,5,5309,Total,49527,3754,17622,0,64,42974,6553,"50,27","6 884 763,99","139,01",17757,137,90685
Data,Ocup,Opção,Cheg,Oferta/Uso Interno,Deduz. Individ.,Deduz. Grupos,% Ocup.,Receita Quartos,Preço Médio,Saídas,Quartos FdS,Adul. / Cri.,novembro,Histórico,17-nov-2025 seg,101,0,39,0,0,99,2,"74,81","9 915,28","98,17",44,0,175,3396,3,1184,0,1,3177,219,"84,04","406 412,33","119,67",1182,5,5309,Total nov,3396,3,1184,0,1,3177,219,"84,04","406 412,33","119,67",1182,5,5309,Total,49527,3754,17622,0,64,42974,6553,"50,27","6 884 763,99","139,01",17757,137,90685
Data,Ocup,Opção,Cheg,Oferta/Uso Interno,Deduz. Individ.,Deduz. Grupos,% Ocup.,Receita Quartos,Preço Médio,Saídas,Quartos FdS,Adul. / Cri.,novembro,Histórico,18-nov-2025 ter,88,0,23,0,0,85,3,"65,19","6 587,88","74,86",36,0,142,3396,3,1184,0,1,3177,219,"84,04","406 412,33","119,67",1182,5,5309,Total nov,3396,3,1184,0,1,3177,219,"84,04","406 412,33","119,67",1182,5,5309,Total,49527,3754,17622,0,64,42974,6553,"50,27","6 884 763,99","139,01",17757,137,90685
Data,Ocup,Opção,Cheg,Oferta/Uso Interno,Deduz. Individ.,Deduz. Grupos,% Ocup.,Receita Quartos,Preço Médio,Saídas,Quartos FdS,Adul. / Cri.,novembro,Histórico,19-nov-2025 qua,118,0,62,0,0,103,15,"87,41","11 870,67","100,60",32,0,178,3396,3,1184,0,1,3177,219,"84,04","406 412,33","119,67",1182,5,5309,Total nov,3396,3,1184,0,1,3177,219,"84,04","406 412,33","119,67",1182,5,5309,Total,49527,3754,17622,0,64,42974,6553,"50,27","6 884 763,99","139,01",17757,137,90685
Data,Ocup,Opção,Cheg,Oferta/Uso Interno,Deduz. Individ.,Deduz. Grupos,% Ocup.,Receita Quartos,Preço Médio,Saídas,Quartos FdS,Adul. / Cri.,novembro,Histórico,20-nov-2025 qui,135,0,50,0,0,114,21,"100,00","14 333,22","106,17",33,0,215,3396,3,1184,0,1,3177,219,"84,04","406 412,33","119,67",1182,5,5309,Total nov,3396,3,1184,0,1,3177,219,"84,04","406 412,33","119,67",1182,5,5309,Total,49527,3754,17622,0,64,42974,6553,"50,27","6 884 763,99","139,01",17757,137,90685
Data,Ocup,Opção,Cheg,Oferta/Uso Interno,Deduz. Individ.,Deduz. Grupos,% Ocup.,Receita Quartos,Preço Médio,Saídas,Quartos FdS,Adul. / Cri.,novembro,Histórico,21-nov-2025 sex,133,0,39,0,0,114,19,"98,52","15 459,69","116,24",41,0,214,3396,3,1184,0,1,3177,219,"84,04","406 412,33","119,67",1182,5,5309,Total nov,3396,3,1184,0,1,3177,219,"84,04","406 412,33","119,67",1182,5,5309,Total,49527,3754,17622,0,64,42974,6553,"50,27","6 884 763,99","139,01",17757,137,90685
Data,Ocup,Opção,Cheg,Oferta/Uso Interno,Deduz. Individ.,Deduz. Grupos,% Ocup.,Receita Quartos,Preço Médio,Saídas,Quartos FdS,Adul. / Cri.,novembro,Histórico,22-nov-2025 sáb,126,0,31,0,0,108,18,"93,33","14 484,69","114,96",38,0,203,3396,3,1184,0,1,3177,219,"84,04","406 412,33","119,67",1182,5,5309,Total nov,3396,3,1184,0,1,3177,219,"84,04","406 412,33","119,67",1182,5,5309,Total,49527,3754,17622,0,64,42974,6553,"50,27","6 884 763,99","139,01",17757,137,90685
Data,Ocup,Opção,Cheg,Oferta/Uso Interno,Deduz. Individ.,Deduz. Grupos,% Ocup.,Receita Quartos,Preço Médio,Saídas,Quartos FdS,Adul. / Cri.,novembro,Histórico,23-nov-2025 dom,109,0,53,0,0,94,15,"80,74","10 006,88","91,81",70,0,181,3396,3,1184,0,1,3177,219,"84,04","406 412,33","119,67",1182,5,5309,Total nov,3396,3,1184,0,1,3177,219,"84,04","406 412,33","119,67",1182,5,5309,Total,49527,3754,17622,0,64,42974,6553,"50,27","6 884 763,99","139,01",17757,137,90685
Data,Ocup,Opção,Cheg,Oferta/Uso Interno,Deduz. Individ.,Deduz. Grupos,% Ocup.,Receita Quartos,Preço Médio,Saídas,Quartos FdS,Adul. / Cri.,novembro,Histórico,24-nov-2025 seg,97,0,27,0,0,82,15,"72,93","8 832,50","91,06",39,0,161,3396,3,1184,0,1,3177,219,"84,04","406 412,33","119,67",1182,5,5309,Total nov,3396,3,1184,0,1,3177,219,"84,04","406 412,33","119,67",1182,5,5309,Total,49527,3754,17622,0,64,42974,6553,"50,27","6 884 763,99","139,01",17757,137,90685
Data,Ocup,Opção,Cheg,Oferta/Uso Interno,Deduz. Individ.,Deduz. Grupos,% Ocup.,Receita Quartos,Preço Médio,Saídas,Quartos FdS,Adul. / Cri.,novembro,Histórico,25-nov-2025 ter,85,0,24,0,0,70,15,"63,91","7 695,38","90,53",36,0,137,3396,3,1184,0,1,3177,219,"84,04","406 412,33","119,67",1182,5,5309,Total nov,3396,3,1184,0,1,3177,219,"84,04","406 412,33","119,67",1182,5,5309,Total,49527,3754,17622,0,64,42974,6553,"50,27","6 884 763,99","139,01",17757,137,90685
Data,Ocup,Opção,Cheg,Oferta/Uso Interno,Deduz. Individ.,Deduz. Grupos,% Ocup.,Receita Quartos,Preço Médio,Saídas,Quartos FdS,Adul. / Cri.,novembro,Histórico,26-nov-2025 qua,77,0,24,0,0,62,15,"57,46","6 439,11","83,62",32,0,129,3396,3,1184,0,1,3177,219,"84,04","406 412,33","119,67",1182,5,5309,Total nov,3396,3,1184,0,1,3177,219,"84,04","406 412,33","119,67",1182,5,5309,Total,49527,3754,17622,0,64,42974,6553,"50,27","6 884 763,99","139,01",17757,137,90685
Data,Ocup,Opção,Cheg,Oferta/Uso Interno,Deduz. Individ.,Deduz. Grupos,% Ocup.,Receita Quartos,Preço Médio,Saídas,Quartos FdS,Adul. / Cri.,novembro,Histórico,27-nov-2025 qui,92,0,46,0,0,92,0,"68,66","8 013,60","87,10",31,0,160,3396,3,1184,0,1,3177,219,"84,04","406 412,33","119,67",1182,5,5309,Total nov,3396,3,1184,0,1,3177,219,"84,04","406 412,33","119,67",1182,5,5309,Total,49527,3754,17622,0,64,42974,6553,"50,27","6 884 763,99","139,01",17757,137,90685
Data,Ocup,Opção,Cheg,Oferta/Uso Interno,Deduz. Individ.,Deduz. Grupos,% Ocup.,Receita Quartos,Preço Médio,Saídas,Quartos FdS,Adul. / Cri.,novembro,Histórico,28-nov-2025 sex,103,0,54,0,0,95,8,"76,30","11 355,24","110,25",43,0,184,3396,3,1184,0,1,3177,219,"84,04","406 412,33","119,67",1182,5,5309,Total nov,3396,3,1184,0,1,3177,219,"84,04","406 412,33","119,67",1182,5,5309,Total,49527,3754,17622,0,64,42974,6553,"50,27","6 884 763,99","139,01",17757,137,90685
Data,Ocup,Opção,Cheg,Oferta/Uso Interno,Deduz. Individ.,Deduz. Grupos,% Ocup.,Receita Quartos,Preço Médio,Saídas,Quartos FdS,Adul. / Cri.,novembro,Histórico,29-nov-2025 sáb,113,0,33,0,0,105,8,"84,33","12 447,91","110,16",23,0,204,3396,3,1184,0,1,3177,219,"84,04","406 412,33","119,67",1182,5,5309,Total nov,3396,3,1184,0,1,3177,219,"84,04","406 412,33","119,67",1182,5,5309,Total,49527,3754,17622,0,64,42974,6553,"50,27","6 884 763,99","139,01",17757,137,90685
Data,Ocup,Opção,Cheg,Oferta/Uso Interno,Deduz. Individ.,Deduz. Grupos,% Ocup.,Receita Quartos,Preço Médio,Saídas,Quartos FdS,Adul. / Cri.,novembro,Histórico,30-nov-2025 dom,97,0,39,0,0,97,0,"72,93","8 610,52","88,77",55,0,173,3396,3,1184,0,1,3177,219,"84,04","406 412,33","119,67",1182,5,5309,Total nov,3396,3,1184,0,1,3177,219,"84,04","406 412,33","119,67",1182,5,5309,Total,49527,3754,17622,0,64,42974,6553,"50,27","6 884 763,99","139,01",17757,137,90685
Data,Ocup,Opção,Cheg,Oferta/Uso Interno,Deduz. Individ.,Deduz. Grupos,% Ocup.,Receita Quartos,Preço Médio,Saídas,Quartos FdS,Adul. / Cri.,dezembro,Histórico,01-dez-2025 seg,74,0,19,0,0,74,0,"54,81","6 193,20","83,69",42,0,130,1745,0,623,0,0,1745,0,"58,93","159 042,26","91,14",629,3,3090,Total dez,2664,6,907,0,0,2636,28,"63,79","287 086,20","107,77",880,3,4816,Total,49527,3754,17622,0,64,42974,6553,"50,27","6 884 763,99","139,01",17757,137,90685
Data,Ocup,Opção,Cheg,Oferta/Uso Interno,Deduz. Individ.,Deduz. Grupos,% Ocup.,Receita Quartos,Preço Médio,Saídas,Quartos FdS,Adul. / Cri.,dezembro,Histórico,02-dez-2025 ter,75,0,26,0,0,75,0,"55,56","6 276,77","83,69",25,0,130,1745,0,623,0,0,1745,0,"58,93","159 042,26","91,14",629,3,3090,Total dez,2664,6,907,0,0,2636,28,"63,79","287 086,20","107,77",880,3,4816,Total,49527,3754,17622,0,64,42974,6553,"50,27","6 884 763,99","139,01",17757,137,90685
Data,Ocup,Opção,Cheg,Oferta/Uso Interno,Deduz. Individ.,Deduz. Grupos,% Ocup.,Receita Quartos,Preço Médio,Saídas,Quartos FdS,Adul. / Cri.,dezembro,Histórico,03-dez-2025 qua,68,0,29,0,0,68,0,"50,37","7 442,64","109,45",36,0,117,1745,0,623,0,0,1745,0,"58,93","159 042,26","91,14",629,3,3090,Total dez,2664,6,907,0,0,2636,28,"63,79","287 086,20","107,77",880,3,4816,Total,49527,3754,17622,0,64,42974,6553,"50,27","6 884 763,99","139,01",17757,137,90685
Data,Ocup,Opção,Cheg,Oferta/Uso Interno,Deduz. Individ.,Deduz. Grupos,% Ocup.,Receita Quartos,Preço Médio,Saídas,Quartos FdS,Adul. / Cri.,dezembro,Histórico,04-dez-2025 qui,89,0,44,0,0,89,0,"66,92","10 309,12","115,83",23,1,146,1745,0,623,0,0,1745,0,"58,93","159 042,26","91,14",629,3,3090,Total dez,2664,6,907,0,0,2636,28,"63,79","287 086,20","107,77",880,3,4816,Total,49527,3754,17622,0,64,42974,6553,"50,27","6 884 763,99","139,01",17757,137,90685
Data,Ocup,Opção,Cheg,Oferta/Uso Interno,Deduz. Individ.,Deduz. Grupos,% Ocup.,Receita Quartos,Preço Médio,Saídas,Quartos FdS,Adul. / Cri.,dezembro,Histórico,05-dez-2025 sex,111,0,43,0,0,111,0,"83,46","13 825,83","124,56",21,0,199,1745,0,623,0,0,1745,0,"58,93","159 042,26","91,14",629,3,3090,Total dez,2664,6,907,0,0,2636,28,"63,79","287 086,20","107,77",880,3,4816,Total,49527,3754,17622,0,64,42974,6553,"50,27","6 884 763,99","139,01",17757,137,90685
Data,Ocup,Opção,Cheg,Oferta/Uso Interno,Deduz. Individ.,Deduz. Grupos,% Ocup.,Receita Quartos,Preço Médio,Saídas,Quartos FdS,Adul. / Cri.,dezembro,Histórico,06-dez-2025 sáb,125,0,44,0,0,125,0,"92,59","15 002,80","120,02",30,1,225,1745,0,623,0,0,1745,0,"58,93","159 042,26","91,14",629,3,3090,Total dez,2664,6,907,0,0,2636,28,"63,79","287 086,20","107,77",880,3,4816,Total,49527,3754,17622,0,64,42974,6553,"50,27","6 884 763,99","139,01",17757,137,90685
Data,Ocup,Opção,Cheg,Oferta/Uso Interno,Deduz. Individ.,Deduz. Grupos,% Ocup.,Receita Quartos,Preço Médio,Saídas,Quartos FdS,Adul. / Cri.,dezembro,Histórico,07-dez-2025 dom,118,0,31,0,0,118,0,"87,41","11 345,57","96,15",38,1,217,1745,0,623,0,0,1745,0,"58,93","159 042,26","91,14",629,3,3090,Total dez,2664,6,907,0,0,2636,28,"63,79","287 086,20","107,77",880,3,4816,Total,49527,3754,17622,0,64,42974,6553,"50,27","6 884 763,99","139,01",17757,137,90685
Data,Ocup,Opção,Cheg,Oferta/Uso Interno,Deduz. Individ.,Deduz. Grupos,% Ocup.,Receita Quartos,Preço Médio,Saídas,Quartos FdS,Adul. / Cri.,dezembro,Histórico,08-dez-2025 seg,75,0,15,0,0,75,0,"55,56","6 119,10","81,59",58,0,130,1745,0,623,0,0,1745,0,"58,93","159 042,26","91,14",629,3,3090,Total dez,2664,6,907,0,0,2636,28,"63,79","287 086,20","107,77",880,3,4816,Total,49527,3754,17622,0,64,42974,6553,"50,27","6 884 763,99","139,01",17757,137,90685
Data,Ocup,Opção,Cheg,Oferta/Uso Interno,Deduz. Individ.,Deduz. Grupos,% Ocup.,Receita Quartos,Preço Médio,Saídas,Quartos FdS,Adul. / Cri.,dezembro,Histórico,09-dez-2025 ter,64,0,22,0,0,64,0,"48,12","4 771,75","74,56",33,0,110,1745,0,623,0,0,1745,0,"58,93","159 042,26","91,14",629,3,3090,Total dez,2664,6,907,0,0,2636,28,"63,79","287 086,20","107,77",880,3,4816,Total,49527,3754,17622,0,64,42974,6553,"50,27","6 884 763,99","139,01",17757,137,90685
Data,Ocup,Opção,Cheg,Oferta/Uso Interno,Deduz. Individ.,Deduz. Grupos,% Ocup.,Receita Quartos,Preço Médio,Saídas,Quartos FdS,Adul. / Cri.,dezembro,Histórico,10-dez-2025 qua,65,0,24,0,0,65,0,"48,15","4 716,20","72,56",23,0,115,1745,0,623,0,0,1745,0,"58,93","159 042,26","91,14",629,3,3090,Total dez,2664,6,907,0,0,2636,28,"63,79","287 086,20","107,77",880,3,4816,Total,49527,3754,17622,0,64,42974,6553,"50,27","6 884 763,99","139,01",17757,137,90685
Data,Ocup,Opção,Cheg,Oferta/Uso Interno,Deduz. Individ.,Deduz. Grupos,% Ocup.,Receita Quartos,Preço Médio,Saídas,Quartos FdS,Adul. / Cri.,dezembro,Histórico,11-dez-2025 qui,69,0,32,0,0,69,0,"51,11","5 573,57","80,78",28,0,120,1745,0,623,0,0,1745,0,"58,93","159 042,26","91,14",629,3,3090,Total dez,2664,6,907,0,0,2636,28,"63,79","287 086,20","107,77",880,3,4816,Total,49527,3754,17622,0,64,42974,6553,"50,27","6 884 763,99","139,01",17757,137,90685
Data,Ocup,Opção,Cheg,Oferta/Uso Interno,Deduz. Individ.,Deduz. Grupos,% Ocup.,Receita Quartos,Preço Médio,Saídas,Quartos FdS,Adul. / Cri.,dezembro,Histórico,12-dez-2025 sex,80,0,37,0,0,80,0,"59,26","7 144,13","89,30",26,0,145,1745,0,623,0,0,1745,0,"58,93","159 042,26","91,14",629,3,3090,Total dez,2664,6,907,0,0,2636,28,"63,79","287 086,20","107,77",880,3,4816,Total,49527,3754,17622,0,64,42974,6553,"50,27","6 884 763,99","139,01",17757,137,90685
Data,Ocup,Opção,Cheg,Oferta/Uso Interno,Deduz. Individ.,Deduz. Grupos,% Ocup.,Receita Quartos,Preço Médio,Saídas,Quartos FdS,Adul. / Cri.,dezembro,Histórico,13-dez-2025 sáb,91,0,26,0,0,91,0,"67,41","8 110,46","89,13",15,0,168,1745,0,623,0,0,1745,0,"58,93","159 042,26","91,14",629,3,3090,Total dez,2664,6,907,0,0,2636,28,"63,79","287 086,20","107,77",880,3,4816,Total,49527,3754,17622,0,64,42974,6553,"50,27","6 884 763,99","139,01",17757,137,90685
Data,Ocup,Opção,Cheg,Oferta/Uso Interno,Deduz. Individ.,Deduz. Grupos,% Ocup.,Receita Quartos,Preço Médio,Saídas,Quartos FdS,Adul. / Cri.,dezembro,Histórico,14-dez-2025 dom,70,0,21,0,0,70,0,"51,85","5 095,03","72,79",42,0,132,1745,0,623,0,0,1745,0,"58,93","159 042,26","91,14",629,3,3090,Total dez,2664,6,907,0,0,2636,28,"63,79","287 086,20","107,77",880,3,4816,Total,49527,3754,17622,0,64,42974,6553,"50,27","6 884 763,99","139,01",17757,137,90685
Data,Ocup,Opção,Cheg,Oferta/Uso Interno,Deduz. Individ.,Deduz. Grupos,% Ocup.,Receita Quartos,Preço Médio,Saídas,Quartos FdS,Adul. / Cri.,dezembro,Histórico,15-dez-2025 seg,48,0,14,0,0,48,0,"35,56","3 954,99","82,40",36,0,91,1745,0,623,0,0,1745,0,"58,93","159 042,26","91,14",629,3,3090,Total dez,2664,6,907,0,0,2636,28,"63,79","287 086,20","107,77",880,3,4816,Total,49527,3754,17622,0,64,42974,6553,"50,27","6 884 763,99","139,01",17757,137,90685
Data,Ocup,Opção,Cheg,Oferta/Uso Interno,Deduz. Individ.,Deduz. Grupos,% Ocup.,Receita Quartos,Preço Médio,Saídas,Quartos FdS,Adul. / Cri.,dezembro,Histórico,16-dez-2025 ter,52,0,25,0,0,52,0,"38,52","3 846,34","73,97",21,0,94,1745,0,623,0,0,1745,0,"58,93","159 042,26","91,14",629,3,3090,Total dez,2664,6,907,0,0,2636,28,"63,79","287 086,20","107,77",880,3,4816,Total,49527,3754,17622,0,64,42974,6553,"50,27","6 884 763,99","139,01",17757,137,90685
Data,Ocup,Opção,Cheg,Oferta/Uso Interno,Deduz. Individ.,Deduz. Grupos,% Ocup.,Receita Quartos,Preço Médio,Saídas,Quartos FdS,Adul. / Cri.,dezembro,Histórico,17-dez-2025 qua,56,0,21,0,0,56,0,"42,42","4 225,90","75,46",17,0,96,1745,0,623,0,0,1745,0,"58,93","159 042,26","91,14",629,3,3090,Total dez,2664,6,907,0,0,2636,28,"63,79","287 086,20","107,77",880,3,4816,Total,49527,3754,17622,0,64,42974,6553,"50,27","6 884 763,99","139,01",17757,137,90685
Data,Ocup,Opção,Cheg,Oferta/Uso Interno,Deduz. Individ.,Deduz. Grupos,% Ocup.,Receita Quartos,Preço Médio,Saídas,Quartos FdS,Adul. / Cri.,dezembro,Histórico,18-dez-2025 qui,59,0,24,0,0,59,0,"43,70","4 637,05","78,59",21,0,99,1745,0,623,0,0,1745,0,"58,93","159 042,26","91,14",629,3,3090,Total dez,2664,6,907,0,0,2636,28,"63,79","287 086,20","107,77",880,3,4816,Total,49527,3754,17622,0,64,42974,6553,"50,27","6 884 763,99","139,01",17757,137,90685
Data,Ocup,Opção,Cheg,Oferta/Uso Interno,Deduz. Individ.,Deduz. Grupos,% Ocup.,Receita Quartos,Preço Médio,Saídas,Quartos FdS,Adul. / Cri.,dezembro,Histórico,19-dez-2025 sex,84,0,41,0,0,84,0,"62,22","6 671,14","79,42",16,0,146,1745,0,623,0,0,1745,0,"58,93","159 042,26","91,14",629,3,3090,Total dez,2664,6,907,0,0,2636,28,"63,79","287 086,20","107,77",880,3,4816,Total,49527,3754,17622,0,64,42974,6553,"50,27","6 884 763,99","139,01",17757,137,90685
Data,Ocup,Opção,Cheg,Oferta/Uso Interno,Deduz. Individ.,Deduz. Grupos,% Ocup.,Receita Quartos,Preço Médio,Saídas,Quartos FdS,Adul. / Cri.,dezembro,Histórico,20-dez-2025 sáb,92,0,29,0,0,92,0,"68,15","7 329,82","79,67",21,0,161,1745,0,623,0,0,1745,0,"58,93","159 042,26","91,14",629,3,3090,Total dez,2664,6,907,0,0,2636,28,"63,79","287 086,20","107,77",880,3,4816,Total,49527,3754,17622,0,64,42974,6553,"50,27","6 884 763,99","139,01",17757,137,90685
Data,Ocup,Opção,Cheg,Oferta/Uso Interno,Deduz. Individ.,Deduz. Grupos,% Ocup.,Receita Quartos,Preço Médio,Saídas,Quartos FdS,Adul. / Cri.,dezembro,Histórico,21-dez-2025 dom,89,0,33,0,0,89,0,"65,93","8 854,60","99,49",36,0,156,1745,0,623,0,0,1745,0,"58,93","159 042,26","91,14",629,3,3090,Total dez,2664,6,907,0,0,2636,28,"63,79","287 086,20","107,77",880,3,4816,Total,49527,3754,17622,0,64,42974,6553,"50,27","6 884 763,99","139,01",17757,137,90685
Data,Ocup,Opção,Cheg,Oferta/Uso Interno,Deduz. Individ.,Deduz. Grupos,% Ocup.,Receita Quartos,Preço Médio,Saídas,Quartos FdS,Adul. / Cri.,dezembro,Histórico,22-dez-2025 seg,91,0,23,0,0,91,0,"67,41","7 596,25","83,48",21,0,163,1745,0,623,0,0,1745,0,"58,93","159 042,26","91,14",629,3,3090,Total dez,2664,6,907,0,0,2636,28,"63,79","287 086,20","107,77",880,3,4816,Total,49527,3754,17622,0,64,42974,6553,"50,27","6 884 763,99","139,01",17757,137,90685
Data,Ocup,Opção,Cheg,Oferta/Uso Interno,Deduz. Individ.,Deduz. Grupos,% Ocup.,Receita Quartos,Preço Médio,Saídas,Quartos FdS,Adul. / Cri.,dezembro,Previsão,23-dez-2025 ter,75,0,23,0,0,75,0,"55,56","6 729,21","89,72",39,0,135,919,6,284,0,0,891,28,"75,64","128 043,94","139,33",251,0,1726,Total dez,2664,6,907,0,0,2636,28,"63,79","287 086,20","107,77",880,3,4816,Total,49527,3754,17622,0,64,42974,6553,"50,27","6 884 763,99","139,01",17757,137,90685
Data,Ocup,Opção,Cheg,Oferta/Uso Interno,Deduz. Individ.,Deduz. Grupos,% Ocup.,Receita Quartos,Preço Médio,Saídas,Quartos FdS,Adul. / Cri.,dezembro,Previsão,24-dez-2025 qua,72,0,25,0,0,72,0,"53,33","7 123,29","98,93",28,0,132,919,6,284,0,0,891,28,"75,64","128 043,94","139,33",251,0,1726,Total dez,2664,6,907,0,0,2636,28,"63,79","287 086,20","107,77",880,3,4816,Total,49527,3754,17622,0,64,42974,6553,"50,27","6 884 763,99","139,01",17757,137,90685
Data,Ocup,Opção,Cheg,Oferta/Uso Interno,Deduz. Individ.,Deduz. Grupos,% Ocup.,Receita Quartos,Preço Médio,Saídas,Quartos FdS,Adul. / Cri.,dezembro,Previsão,25-dez-2025 qui,78,0,17,0,0,78,0,"57,78","8 052,24","103,23",11,0,142,919,6,284,0,0,891,28,"75,64","128 043,94","139,33",251,0,1726,Total dez,2664,6,907,0,0,2636,28,"63,79","287 086,20","107,77",880,3,4816,Total,49527,3754,17622,0,64,42974,6553,"50,27","6 884 763,99","139,01",17757,137,90685
Data,Ocup,Opção,Cheg,Oferta/Uso Interno,Deduz. Individ.,Deduz. Grupos,% Ocup.,Receita Quartos,Preço Médio,Saídas,Quartos FdS,Adul. / Cri.,dezembro,Previsão,26-dez-2025 sex,103,0,46,0,0,103,0,"76,30","13 087,53","127,06",21,0,186,919,6,284,0,0,891,28,"75,64","128 043,94","139,33",251,0,1726,Total dez,2664,6,907,0,0,2636,28,"63,79","287 086,20","107,77",880,3,4816,Total,49527,3754,17622,0,64,42974,6553,"50,27","6 884 763,99","139,01",17757,137,90685
Data,Ocup,Opção,Cheg,Oferta/Uso Interno,Deduz. Individ.,Deduz. Grupos,% Ocup.,Receita Quartos,Preço Médio,Saídas,Quartos FdS,Adul. / Cri.,dezembro,Previsão,27-dez-2025 sáb,119,0,35,0,0,119,0,"88,15","15 861,95","133,29",19,0,223,919,6,284,0,0,891,28,"75,64","128 043,94","139,33",251,0,1726,Total dez,2664,6,907,0,0,2636,28,"63,79","287 086,20","107,77",880,3,4816,Total,49527,3754,17622,0,64,42974,6553,"50,27","6 884 763,99","139,01",17757,137,90685
Data,Ocup,Opção,Cheg,Oferta/Uso Interno,Deduz. Individ.,Deduz. Grupos,% Ocup.,Receita Quartos,Preço Médio,Saídas,Quartos FdS,Adul. / Cri.,dezembro,Previsão,28-dez-2025 dom,113,0,34,0,0,113,0,"83,70","15 627,23","138,29",40,0,214,919,6,284,0,0,891,28,"75,64","128 043,94","139,33",251,0,1726,Total dez,2664,6,907,0,0,2636,28,"63,79","287 086,20","107,77",880,3,4816,Total,49527,3754,17622,0,64,42974,6553,"50,27","6 884 763,99","139,01",17757,137,90685
Data,Ocup,Opção,Cheg,Oferta/Uso Interno,Deduz. Individ.,Deduz. Grupos,% Ocup.,Receita Quartos,Preço Médio,Saídas,Quartos FdS,Adul. / Cri.,dezembro,Previsão,29-dez-2025 seg,117,0,40,0,0,117,0,"86,67","16 626,25","142,10",36,0,229,919,6,284,0,0,891,28,"75,64","128 043,94","139,33",251,0,1726,Total dez,2664,6,907,0,0,2636,28,"63,79","287 086,20","107,77",880,3,4816,Total,49527,3754,17622,0,64,42974,6553,"50,27","6 884 763,99","139,01",17757,137,90685
Data,Ocup,Opção,Cheg,Oferta/Uso Interno,Deduz. Individ.,Deduz. Grupos,% Ocup.,Receita Quartos,Preço Médio,Saídas,Quartos FdS,Adul. / Cri.,dezembro,Previsão,30-dez-2025 ter,118,2,38,0,0,104,14,"87,41","20 704,85","175,46",37,0,226,919,6,284,0,0,891,28,"75,64","128 043,94","139,33",251,0,1726,Total dez,2664,6,907,0,0,2636,28,"63,79","287 086,20","107,77",880,3,4816,Total,49527,3754,17622,0,64,42974,6553,"50,27","6 884 763,99","139,01",17757,137,90685
Data,Ocup,Opção,Cheg,Oferta/Uso Interno,Deduz. Individ.,Deduz. Grupos,% Ocup.,Receita Quartos,Preço Médio,Saídas,Quartos FdS,Adul. / Cri.,dezembro,Previsão,31-dez-2025 qua,124,4,26,0,0,110,14,"91,85","24 231,39","195,41",20,0,239,919,6,284,0,0,891,28,"75,64","128 043,94","139,33",251,0,1726,Total dez,2664,6,907,0,0,2636,28,"63,79","287 086,20","107,77",880,3,4816,Total,49527,3754,17622,0,64,42974,6553,"50,27","6 884 763,99","139,01",17757,137,90685
Data,Ocup,Opção,Cheg,Oferta/Uso Interno,Deduz. Individ.,Deduz. Grupos,% Ocup.,Receita Quartos,Preço Médio,Saídas,Quartos FdS,Adul. / Cri.,janeiro,Previsão,01-jan-2026 qui,122,4,27,0,0,108,14,"90,37","17 832,95","146,17",29,0,239,1775,8,557,0,0,1711,64,"42,41","153 697,56","86,59",624,0,3490,Total jan,1775,8,557,0,0,1711,64,"42,41","153 697,56","86,59",624,0,3490,Total,49527,3754,17622,0,64,42974,6553,"50,27","6 884 763,99","139,01",17757,137,90685
Data,Ocup,Opção,Cheg,Oferta/Uso Interno,Deduz. Individ.,Deduz. Grupos,% Ocup.,Receita Quartos,Preço Médio,Saídas,Quartos FdS,Adul. / Cri.,janeiro,Previsão,02-jan-2026 sex,109,2,30,0,0,95,14,"80,74","13 637,78","125,12",43,0,213,1775,8,557,0,0,1711,64,"42,41","153 697,56","86,59",624,0,3490,Total jan,1775,8,557,0,0,1711,64,"42,41","153 697,56","86,59",624,0,3490,Total,49527,3754,17622,0,64,42974,6553,"50,27","6 884 763,99","139,01",17757,137,90685
Data,Ocup,Opção,Cheg,Oferta/Uso Interno,Deduz. Individ.,Deduz. Grupos,% Ocup.,Receita Quartos,Preço Médio,Saídas,Quartos FdS,Adul. / Cri.,janeiro,Previsão,03-jan-2026 sáb,94,2,20,0,0,80,14,"69,63","11 186,52","119,01",35,0,185,1775,8,557,0,0,1711,64,"42,41","153 697,56","86,59",624,0,3490,Total jan,1775,8,557,0,0,1711,64,"42,41","153 697,56","86,59",624,0,3490,Total,49527,3754,17622,0,64,42974,6553,"50,27","6 884 763,99","139,01",17757,137,90685
Data,Ocup,Opção,Cheg,Oferta/Uso Interno,Deduz. Individ.,Deduz. Grupos,% Ocup.,Receita Quartos,Preço Médio,Saídas,Quartos FdS,Adul. / Cri.,janeiro,Previsão,04-jan-2026 dom,74,0,18,0,0,74,0,"54,81","6 661,82","90,02",38,0,154,1775,8,557,0,0,1711,64,"42,41","153 697,56","86,59",624,0,3490,Total jan,1775,8,557,0,0,1711,64,"42,41","153 697,56","86,59",624,0,3490,Total,49527,3754,17622,0,64,42974,6553,"50,27","6 884 763,99","139,01",17757,137,90685
Data,Ocup,Opção,Cheg,Oferta/Uso Interno,Deduz. Individ.,Deduz. Grupos,% Ocup.,Receita Quartos,Preço Médio,Saídas,Quartos FdS,Adul. / Cri.,janeiro,Previsão,05-jan-2026 seg,61,0,17,0,0,61,0,"45,19","5 476,49","89,78",30,0,133,1775,8,557,0,0,1711,64,"42,41","153 697,56","86,59",624,0,3490,Total jan,1775,8,557,0,0,1711,64,"42,41","153 697,56","86,59",624,0,3490,Total,49527,3754,17622,0,64,42974,6553,"50,27","6 884 763,99","139,01",17757,137,90685
Data,Ocup,Opção,Cheg,Oferta/Uso Interno,Deduz. Individ.,Deduz. Grupos,% Ocup.,Receita Quartos,Preço Médio,Saídas,Quartos FdS,Adul. / Cri.,janeiro,Previsão,06-jan-2026 ter,69,0,20,0,0,69,0,"51,11","5 574,37","80,79",12,0,144,1775,8,557,0,0,1711,64,"42,41","153 697,56","86,59",624,0,3490,Total jan,1775,8,557,0,0,1711,64,"42,41","153 697,56","86,59",624,0,3490,Total,49527,3754,17622,0,64,42974,6553,"50,27","6 884 763,99","139,01",17757,137,90685
Data,Ocup,Opção,Cheg,Oferta/Uso Interno,Deduz. Individ.,Deduz. Grupos,% Ocup.,Receita Quartos,Preço Médio,Saídas,Quartos FdS,Adul. / Cri.,janeiro,Previsão,07-jan-2026 qua,55,0,12,0,0,55,0,"40,74","4 313,17","78,42",26,0,114,1775,8,557,0,0,1711,64,"42,41","153 697,56","86,59",624,0,3490,Total jan,1775,8,557,0,0,1711,64,"42,41","153 697,56","86,59",624,0,3490,Total,49527,3754,17622,0,64,42974,6553,"50,27","6 884 763,99","139,01",17757,137,90685
Data,Ocup,Opção,Cheg,Oferta/Uso Interno,Deduz. Individ.,Deduz. Grupos,% Ocup.,Receita Quartos,Preço Médio,Saídas,Quartos FdS,Adul. / Cri.,janeiro,Previsão,08-jan-2026 qui,43,0,9,0,0,43,0,"31,85","3 331,70","77,48",21,0,86,1775,8,557,0,0,1711,64,"42,41","153 697,56","86,59",624,0,3490,Total jan,1775,8,557,0,0,1711,64,"42,41","153 697,56","86,59",624,0,3490,Total,49527,3754,17622,0,64,42974,6553,"50,27","6 884 763,99","139,01",17757,137,90685
Data,Ocup,Opção,Cheg,Oferta/Uso Interno,Deduz. Individ.,Deduz. Grupos,% Ocup.,Receita Quartos,Preço Médio,Saídas,Quartos FdS,Adul. / Cri.,janeiro,Previsão,09-jan-2026 sex,71,0,36,0,0,71,0,"52,59","5 277,09","74,33",8,0,139,1775,8,557,0,0,1711,64,"42,41","153 697,56","86,59",624,0,3490,Total jan,1775,8,557,0,0,1711,64,"42,41","153 697,56","86,59",624,0,3490,Total,49527,3754,17622,0,64,42974,6553,"50,27","6 884 763,99","139,01",17757,137,90685
Data,Ocup,Opção,Cheg,Oferta/Uso Interno,Deduz. Individ.,Deduz. Grupos,% Ocup.,Receita Quartos,Preço Médio,Saídas,Quartos FdS,Adul. / Cri.,janeiro,Previsão,10-jan-2026 sáb,64,0,13,0,0,60,4,"47,41","4 956,78","77,45",20,0,121,1775,8,557,0,0,1711,64,"42,41","153 697,56","86,59",624,0,3490,Total jan,1775,8,557,0,0,1711,64,"42,41","153 697,56","86,59",624,0,3490,Total,49527,3754,17622,0,64,42974,6553,"50,27","6 884 763,99","139,01",17757,137,90685
Data,Ocup,Opção,Cheg,Oferta/Uso Interno,Deduz. Individ.,Deduz. Grupos,% Ocup.,Receita Quartos,Preço Médio,Saídas,Quartos FdS,Adul. / Cri.,janeiro,Previsão,11-jan-2026 dom,60,0,20,0,0,51,9,"44,44","4 775,40","79,59",24,0,111,1775,8,557,0,0,1711,64,"42,41","153 697,56","86,59",624,0,3490,Total jan,1775,8,557,0,0,1711,64,"42,41","153 697,56","86,59",624,0,3490,Total,49527,3754,17622,0,64,42974,6553,"50,27","6 884 763,99","139,01",17757,137,90685
Data,Ocup,Opção,Cheg,Oferta/Uso Interno,Deduz. Individ.,Deduz. Grupos,% Ocup.,Receita Quartos,Preço Médio,Saídas,Quartos FdS,Adul. / Cri.,janeiro,Previsão,12-jan-2026 seg,39,0,7,0,0,30,9,"28,89","3 078,60","78,94",28,0,73,1775,8,557,0,0,1711,64,"42,41","153 697,56","86,59",624,0,3490,Total jan,1775,8,557,0,0,1711,64,"42,41","153 697,56","86,59",624,0,3490,Total,49527,3754,17622,0,64,42974,6553,"50,27","6 884 763,99","139,01",17757,137,90685
Data,Ocup,Opção,Cheg,Oferta/Uso Interno,Deduz. Individ.,Deduz. Grupos,% Ocup.,Receita Quartos,Preço Médio,Saídas,Quartos FdS,Adul. / Cri.,janeiro,Previsão,13-jan-2026 ter,31,0,10,0,0,31,0,"22,96","2 216,09","71,49",18,0,59,1775,8,557,0,0,1711,64,"42,41","153 697,56","86,59",624,0,3490,Total jan,1775,8,557,0,0,1711,64,"42,41","153 697,56","86,59",624,0,3490,Total,49527,3754,17622,0,64,42974,6553,"50,27","6 884 763,99","139,01",17757,137,90685
Data,Ocup,Opção,Cheg,Oferta/Uso Interno,Deduz. Individ.,Deduz. Grupos,% Ocup.,Receita Quartos,Preço Médio,Saídas,Quartos FdS,Adul. / Cri.,janeiro,Previsão,14-jan-2026 qua,32,0,15,0,0,32,0,"23,70","2 386,64","74,58",14,0,61,1775,8,557,0,0,1711,64,"42,41","153 697,56","86,59",624,0,3490,Total jan,1775,8,557,0,0,1711,64,"42,41","153 697,56","86,59",624,0,3490,Total,49527,3754,17622,0,64,42974,6553,"50,27","6 884 763,99","139,01",17757,137,90685
Data,Ocup,Opção,Cheg,Oferta/Uso Interno,Deduz. Individ.,Deduz. Grupos,% Ocup.,Receita Quartos,Preço Médio,Saídas,Quartos FdS,Adul. / Cri.,janeiro,Previsão,15-jan-2026 qui,40,0,17,0,0,40,0,"29,63","2 936,39","73,41",9,0,72,1775,8,557,0,0,1711,64,"42,41","153 697,56","86,59",624,0,3490,Total jan,1775,8,557,0,0,1711,64,"42,41","153 697,56","86,59",624,0,3490,Total,49527,3754,17622,0,64,42974,6553,"50,27","6 884 763,99","139,01",17757,137,90685
Data,Ocup,Opção,Cheg,Oferta/Uso Interno,Deduz. Individ.,Deduz. Grupos,% Ocup.,Receita Quartos,Preço Médio,Saídas,Quartos FdS,Adul. / Cri.,janeiro,Previsão,16-jan-2026 sex,51,0,23,0,0,51,0,"37,78","3 721,03","72,96",12,0,98,1775,8,557,0,0,1711,64,"42,41","153 697,56","86,59",624,0,3490,Total jan,1775,8,557,0,0,1711,64,"42,41","153 697,56","86,59",624,0,3490,Total,49527,3754,17622,0,64,42974,6553,"50,27","6 884 763,99","139,01",17757,137,90685
Data,Ocup,Opção,Cheg,Oferta/Uso Interno,Deduz. Individ.,Deduz. Grupos,% Ocup.,Receita Quartos,Preço Médio,Saídas,Quartos FdS,Adul. / Cri.,janeiro,Previsão,17-jan-2026 sáb,62,0,24,0,0,62,0,"45,93","4 659,28","75,15",13,0,123,1775,8,557,0,0,1711,64,"42,41","153 697,56","86,59",624,0,3490,Total jan,1775,8,557,0,0,1711,64,"42,41","153 697,56","86,59",624,0,3490,Total,49527,3754,17622,0,64,42974,6553,"50,27","6 884 763,99","139,01",17757,137,90685
Data,Ocup,Opção,Cheg,Oferta/Uso Interno,Deduz. Individ.,Deduz. Grupos,% Ocup.,Receita Quartos,Preço Médio,Saídas,Quartos FdS,Adul. / Cri.,janeiro,Previsão,18-jan-2026 dom,51,0,11,0,0,51,0,"37,78","3 544,99","69,51",22,0,97,1775,8,557,0,0,1711,64,"42,41","153 697,56","86,59",624,0,3490,Total jan,1775,8,557,0,0,1711,64,"42,41","153 697,56","86,59",624,0,3490,Total,49527,3754,17622,0,64,42974,6553,"50,27","6 884 763,99","139,01",17757,137,90685
Data,Ocup,Opção,Cheg,Oferta/Uso Interno,Deduz. Individ.,Deduz. Grupos,% Ocup.,Receita Quartos,Preço Médio,Saídas,Quartos FdS,Adul. / Cri.,janeiro,Previsão,19-jan-2026 seg,50,0,18,0,0,50,0,"37,04","3 529,26","70,59",19,0,91,1775,8,557,0,0,1711,64,"42,41","153 697,56","86,59",624,0,3490,Total jan,1775,8,557,0,0,1711,64,"42,41","153 697,56","86,59",624,0,3490,Total,49527,3754,17622,0,64,42974,6553,"50,27","6 884 763,99","139,01",17757,137,90685
Data,Ocup,Opção,Cheg,Oferta/Uso Interno,Deduz. Individ.,Deduz. Grupos,% Ocup.,Receita Quartos,Preço Médio,Saídas,Quartos FdS,Adul. / Cri.,janeiro,Previsão,20-jan-2026 ter,34,0,7,0,0,34,0,"25,19","2 298,52","67,60",23,0,58,1775,8,557,0,0,1711,64,"42,41","153 697,56","86,59",624,0,3490,Total jan,1775,8,557,0,0,1711,64,"42,41","153 697,56","86,59",624,0,3490,Total,49527,3754,17622,0,64,42974,6553,"50,27","6 884 763,99","139,01",17757,137,90685
Data,Ocup,Opção,Cheg,Oferta/Uso Interno,Deduz. Individ.,Deduz. Grupos,% Ocup.,Receita Quartos,Preço Médio,Saídas,Quartos FdS,Adul. / Cri.,janeiro,Previsão,21-jan-2026 qua,42,0,19,0,0,42,0,"31,11","2 815,99","67,05",11,0,75,1775,8,557,0,0,1711,64,"42,41","153 697,56","86,59",624,0,3490,Total jan,1775,8,557,0,0,1711,64,"42,41","153 697,56","86,59",624,0,3490,Total,49527,3754,17622,0,64,42974,6553,"50,27","6 884 763,99","139,01",17757,137,90685
Data,Ocup,Opção,Cheg,Oferta/Uso Interno,Deduz. Individ.,Deduz. Grupos,% Ocup.,Receita Quartos,Preço Médio,Saídas,Quartos FdS,Adul. / Cri.,janeiro,Previsão,22-jan-2026 qui,53,0,22,0,0,53,0,"39,26","3 816,69","72,01",11,0,103,1775,8,557,0,0,1711,64,"42,41","153 697,56","86,59",624,0,3490,Total jan,1775,8,557,0,0,1711,64,"42,41","153 697,56","86,59",624,0,3490,Total,49527,3754,17622,0,64,42974,6553,"50,27","6 884 763,99","139,01",17757,137,90685
Data,Ocup,Opção,Cheg,Oferta/Uso Interno,Deduz. Individ.,Deduz. Grupos,% Ocup.,Receita Quartos,Preço Médio,Saídas,Quartos FdS,Adul. / Cri.,janeiro,Previsão,23-jan-2026 sex,64,0,26,0,0,64,0,"47,41","4 713,34","73,65",15,0,129,1775,8,557,0,0,1711,64,"42,41","153 697,56","86,59",624,0,3490,Total jan,1775,8,557,0,0,1711,64,"42,41","153 697,56","86,59",624,0,3490,Total,49527,3754,17622,0,64,42974,6553,"50,27","6 884 763,99","139,01",17757,137,90685
Data,Ocup,Opção,Cheg,Oferta/Uso Interno,Deduz. Individ.,Deduz. Grupos,% Ocup.,Receita Quartos,Preço Médio,Saídas,Quartos FdS,Adul. / Cri.,janeiro,Previsão,24-jan-2026 sáb,65,0,19,0,0,65,0,"48,15","5 053,37","77,74",18,0,136,1775,8,557,0,0,1711,64,"42,41","153 697,56","86,59",624,0,3490,Total jan,1775,8,557,0,0,1711,64,"42,41","153 697,56","86,59",624,0,3490,Total,49527,3754,17622,0,64,42974,6553,"50,27","6 884 763,99","139,01",17757,137,90685
Data,Ocup,Opção,Cheg,Oferta/Uso Interno,Deduz. Individ.,Deduz. Grupos,% Ocup.,Receita Quartos,Preço Médio,Saídas,Quartos FdS,Adul. / Cri.,janeiro,Previsão,25-jan-2026 dom,51,0,16,0,0,51,0,"37,78","4 077,87","79,96",30,0,110,1775,8,557,0,0,1711,64,"42,41","153 697,56","86,59",624,0,3490,Total jan,1775,8,557,0,0,1711,64,"42,41","153 697,56","86,59",624,0,3490,Total,49527,3754,17622,0,64,42974,6553,"50,27","6 884 763,99","139,01",17757,137,90685
Data,Ocup,Opção,Cheg,Oferta/Uso Interno,Deduz. Individ.,Deduz. Grupos,% Ocup.,Receita Quartos,Preço Médio,Saídas,Quartos FdS,Adul. / Cri.,janeiro,Previsão,26-jan-2026 seg,41,0,10,0,0,41,0,"30,37","3 315,17","80,86",20,0,87,1775,8,557,0,0,1711,64,"42,41","153 697,56","86,59",624,0,3490,Total jan,1775,8,557,0,0,1711,64,"42,41","153 697,56","86,59",624,0,3490,Total,49527,3754,17622,0,64,42974,6553,"50,27","6 884 763,99","139,01",17757,137,90685
Data,Ocup,Opção,Cheg,Oferta/Uso Interno,Deduz. Individ.,Deduz. Grupos,% Ocup.,Receita Quartos,Preço Médio,Saídas,Quartos FdS,Adul. / Cri.,janeiro,Previsão,27-jan-2026 ter,39,0,17,0,0,39,0,"28,89","2 705,89","69,38",19,0,70,1775,8,557,0,0,1711,64,"42,41","153 697,56","86,59",624,0,3490,Total jan,1775,8,557,0,0,1711,64,"42,41","153 697,56","86,59",624,0,3490,Total,49527,3754,17622,0,64,42974,6553,"50,27","6 884 763,99","139,01",17757,137,90685
Data,Ocup,Opção,Cheg,Oferta/Uso Interno,Deduz. Individ.,Deduz. Grupos,% Ocup.,Receita Quartos,Preço Médio,Saídas,Quartos FdS,Adul. / Cri.,janeiro,Previsão,28-jan-2026 qua,41,0,17,0,0,41,0,"30,37","2 868,94","69,97",15,0,75,1775,8,557,0,0,1711,64,"42,41","153 697,56","86,59",624,0,3490,Total jan,1775,8,557,0,0,1711,64,"42,41","153 697,56","86,59",624,0,3490,Total,49527,3754,17622,0,64,42974,6553,"50,27","6 884 763,99","139,01",17757,137,90685
Data,Ocup,Opção,Cheg,Oferta/Uso Interno,Deduz. Individ.,Deduz. Grupos,% Ocup.,Receita Quartos,Preço Médio,Saídas,Quartos FdS,Adul. / Cri.,janeiro,Previsão,29-jan-2026 qui,50,0,19,0,0,50,0,"37,04","3 702,13","74,04",10,0,96,1775,8,557,0,0,1711,64,"42,41","153 697,56","86,59",624,0,3490,Total jan,1775,8,557,0,0,1711,64,"42,41","153 697,56","86,59",624,0,3490,Total,49527,3754,17622,0,64,42974,6553,"50,27","6 884 763,99","139,01",17757,137,90685
Data,Ocup,Opção,Cheg,Oferta/Uso Interno,Deduz. Individ.,Deduz. Grupos,% Ocup.,Receita Quartos,Preço Médio,Saídas,Quartos FdS,Adul. / Cri.,janeiro,Previsão,30-jan-2026 sex,60,0,21,0,0,60,0,"44,44","4 645,04","77,42",11,0,121,1775,8,557,0,0,1711,64,"42,41","153 697,56","86,59",624,0,3490,Total jan,1775,8,557,0,0,1711,64,"42,41","153 697,56","86,59",624,0,3490,Total,49527,3754,17622,0,64,42974,6553,"50,27","6 884 763,99","139,01",17757,137,90685
Data,Ocup,Opção,Cheg,Oferta/Uso Interno,Deduz. Individ.,Deduz. Grupos,% Ocup.,Receita Quartos,Preço Médio,Saídas,Quartos FdS,Adul. / Cri.,janeiro,Previsão,31-jan-2026 sáb,57,0,17,0,0,57,0,"42,22","4 588,26","80,50",20,0,117,1775,8,557,0,0,1711,64,"42,41","153 697,56","86,59",624,0,3490,Total jan,1775,8,557,0,0,1711,64,"42,41","153 697,56","86,59",624,0,3490,Total,49527,3754,17622,0,64,42974,6553,"50,27","6 884 763,99","139,01",17757,137,90685
Data,Ocup,Opção,Cheg,Oferta/Uso Interno,Deduz. Individ.,Deduz. Grupos,% Ocup.,Receita Quartos,Preço Médio,Saídas,Quartos FdS,Adul. / Cri.,fevereiro,Previsão,01-fev-2026 dom,43,0,13,0,0,43,0,"31,85","3 197,07","74,35",27,0,88,1189,22,407,0,0,1186,3,"31,46","98 730,92","83,04",404,0,2402,Total fev,1189,22,407,0,0,1186,3,"31,46","98 730,92","83,04",404,0,2402,Total,49527,3754,17622,0,64,42974,6553,"50,27","6 884 763,99","139,01",17757,137,90685
Data,Ocup,Opção,Cheg,Oferta/Uso Interno,Deduz. Individ.,Deduz. Grupos,% Ocup.,Receita Quartos,Preço Médio,Saídas,Quartos FdS,Adul. / Cri.,fevereiro,Previsão,02-fev-2026 seg,40,10,16,0,0,40,0,"29,63","3 133,61","78,34",19,0,81,1189,22,407,0,0,1186,3,"31,46","98 730,92","83,04",404,0,2402,Total fev,1189,22,407,0,0,1186,3,"31,46","98 730,92","83,04",404,0,2402,Total,49527,3754,17622,0,64,42974,6553,"50,27","6 884 763,99","139,01",17757,137,90685
Data,Ocup,Opção,Cheg,Oferta/Uso Interno,Deduz. Individ.,Deduz. Grupos,% Ocup.,Receita Quartos,Preço Médio,Saídas,Quartos FdS,Adul. / Cri.,fevereiro,Previsão,03-fev-2026 ter,38,10,10,0,0,38,0,"28,15","2 936,25","77,27",12,0,78,1189,22,407,0,0,1186,3,"31,46","98 730,92","83,04",404,0,2402,Total fev,1189,22,407,0,0,1186,3,"31,46","98 730,92","83,04",404,0,2402,Total,49527,3754,17622,0,64,42974,6553,"50,27","6 884 763,99","139,01",17757,137,90685
Data,Ocup,Opção,Cheg,Oferta/Uso Interno,Deduz. Individ.,Deduz. Grupos,% Ocup.,Receita Quartos,Preço Médio,Saídas,Quartos FdS,Adul. / Cri.,fevereiro,Previsão,04-fev-2026 qua,35,0,14,0,0,35,0,"25,93","2 730,46","78,01",17,0,72,1189,22,407,0,0,1186,3,"31,46","98 730,92","83,04",404,0,2402,Total fev,1189,22,407,0,0,1186,3,"31,46","98 730,92","83,04",404,0,2402,Total,49527,3754,17622,0,64,42974,6553,"50,27","6 884 763,99","139,01",17757,137,90685
Data,Ocup,Opção,Cheg,Oferta/Uso Interno,Deduz. Individ.,Deduz. Grupos,% Ocup.,Receita Quartos,Preço Médio,Saídas,Quartos FdS,Adul. / Cri.,fevereiro,Previsão,05-fev-2026 qui,41,0,18,0,0,41,0,"30,37","2 788,00","68,00",12,0,81,1189,22,407,0,0,1186,3,"31,46","98 730,92","83,04",404,0,2402,Total fev,1189,22,407,0,0,1186,3,"31,46","98 730,92","83,04",404,0,2402,Total,49527,3754,17622,0,64,42974,6553,"50,27","6 884 763,99","139,01",17757,137,90685
Data,Ocup,Opção,Cheg,Oferta/Uso Interno,Deduz. Individ.,Deduz. Grupos,% Ocup.,Receita Quartos,Preço Médio,Saídas,Quartos FdS,Adul. / Cri.,fevereiro,Previsão,06-fev-2026 sex,57,0,27,0,0,57,0,"42,22","4 347,87","76,28",11,0,115,1189,22,407,0,0,1186,3,"31,46","98 730,92","83,04",404,0,2402,Total fev,1189,22,407,0,0,1186,3,"31,46","98 730,92","83,04",404,0,2402,Total,49527,3754,17622,0,64,42974,6553,"50,27","6 884 763,99","139,01",17757,137,90685
Data,Ocup,Opção,Cheg,Oferta/Uso Interno,Deduz. Individ.,Deduz. Grupos,% Ocup.,Receita Quartos,Preço Médio,Saídas,Quartos FdS,Adul. / Cri.,fevereiro,Previsão,07-fev-2026 sáb,68,0,18,0,0,68,0,"50,37","5 163,75","75,94",7,0,135,1189,22,407,0,0,1186,3,"31,46","98 730,92","83,04",404,0,2402,Total fev,1189,22,407,0,0,1186,3,"31,46","98 730,92","83,04",404,0,2402,Total,49527,3754,17622,0,64,42974,6553,"50,27","6 884 763,99","139,01",17757,137,90685
Data,Ocup,Opção,Cheg,Oferta/Uso Interno,Deduz. Individ.,Deduz. Grupos,% Ocup.,Receita Quartos,Preço Médio,Saídas,Quartos FdS,Adul. / Cri.,fevereiro,Previsão,08-fev-2026 dom,40,0,5,0,0,40,0,"29,63","2 811,46","70,29",33,0,81,1189,22,407,0,0,1186,3,"31,46","98 730,92","83,04",404,0,2402,Total fev,1189,22,407,0,0,1186,3,"31,46","98 730,92","83,04",404,0,2402,Total,49527,3754,17622,0,64,42974,6553,"50,27","6 884 763,99","139,01",17757,137,90685
Data,Ocup,Opção,Cheg,Oferta/Uso Interno,Deduz. Individ.,Deduz. Grupos,% Ocup.,Receita Quartos,Preço Médio,Saídas,Quartos FdS,Adul. / Cri.,fevereiro,Previsão,09-fev-2026 seg,31,0,13,0,0,31,0,"22,96","2 152,49","69,44",22,0,53,1189,22,407,0,0,1186,3,"31,46","98 730,92","83,04",404,0,2402,Total fev,1189,22,407,0,0,1186,3,"31,46","98 730,92","83,04",404,0,2402,Total,49527,3754,17622,0,64,42974,6553,"50,27","6 884 763,99","139,01",17757,137,90685
Data,Ocup,Opção,Cheg,Oferta/Uso Interno,Deduz. Individ.,Deduz. Grupos,% Ocup.,Receita Quartos,Preço Médio,Saídas,Quartos FdS,Adul. / Cri.,fevereiro,Previsão,10-fev-2026 ter,34,0,15,0,0,34,0,"25,19","2 374,41","69,84",12,0,60,1189,22,407,0,0,1186,3,"31,46","98 730,92","83,04",404,0,2402,Total fev,1189,22,407,0,0,1186,3,"31,46","98 730,92","83,04",404,0,2402,Total,49527,3754,17622,0,64,42974,6553,"50,27","6 884 763,99","139,01",17757,137,90685
Data,Ocup,Opção,Cheg,Oferta/Uso Interno,Deduz. Individ.,Deduz. Grupos,% Ocup.,Receita Quartos,Preço Médio,Saídas,Quartos FdS,Adul. / Cri.,fevereiro,Previsão,11-fev-2026 qua,35,0,9,0,0,35,0,"25,93","2 463,30","70,38",8,0,64,1189,22,407,0,0,1186,3,"31,46","98 730,92","83,04",404,0,2402,Total fev,1189,22,407,0,0,1186,3,"31,46","98 730,92","83,04",404,0,2402,Total,49527,3754,17622,0,64,42974,6553,"50,27","6 884 763,99","139,01",17757,137,90685
Data,Ocup,Opção,Cheg,Oferta/Uso Interno,Deduz. Individ.,Deduz. Grupos,% Ocup.,Receita Quartos,Preço Médio,Saídas,Quartos FdS,Adul. / Cri.,fevereiro,Previsão,12-fev-2026 qui,39,0,18,0,0,39,0,"28,89","3 023,54","77,53",14,0,76,1189,22,407,0,0,1186,3,"31,46","98 730,92","83,04",404,0,2402,Total fev,1189,22,407,0,0,1186,3,"31,46","98 730,92","83,04",404,0,2402,Total,49527,3754,17622,0,64,42974,6553,"50,27","6 884 763,99","139,01",17757,137,90685
Data,Ocup,Opção,Cheg,Oferta/Uso Interno,Deduz. Individ.,Deduz. Grupos,% Ocup.,Receita Quartos,Preço Médio,Saídas,Quartos FdS,Adul. / Cri.,fevereiro,Previsão,13-fev-2026 sex,44,0,15,0,0,44,0,"32,59","3 825,37","86,94",10,0,93,1189,22,407,0,0,1186,3,"31,46","98 730,92","83,04",404,0,2402,Total fev,1189,22,407,0,0,1186,3,"31,46","98 730,92","83,04",404,0,2402,Total,49527,3754,17622,0,64,42974,6553,"50,27","6 884 763,99","139,01",17757,137,90685
Data,Ocup,Opção,Cheg,Oferta/Uso Interno,Deduz. Individ.,Deduz. Grupos,% Ocup.,Receita Quartos,Preço Médio,Saídas,Quartos FdS,Adul. / Cri.,fevereiro,Previsão,14-fev-2026 sáb,41,0,10,0,0,41,0,"30,37","4 412,52","107,62",13,0,89,1189,22,407,0,0,1186,3,"31,46","98 730,92","83,04",404,0,2402,Total fev,1189,22,407,0,0,1186,3,"31,46","98 730,92","83,04",404,0,2402,Total,49527,3754,17622,0,64,42974,6553,"50,27","6 884 763,99","139,01",17757,137,90685
Data,Ocup,Opção,Cheg,Oferta/Uso Interno,Deduz. Individ.,Deduz. Grupos,% Ocup.,Receita Quartos,Preço Médio,Saídas,Quartos FdS,Adul. / Cri.,fevereiro,Previsão,15-fev-2026 dom,45,0,20,0,0,45,0,"33,33","4 749,06","105,53",16,0,101,1189,22,407,0,0,1186,3,"31,46","98 730,92","83,04",404,0,2402,Total fev,1189,22,407,0,0,1186,3,"31,46","98 730,92","83,04",404,0,2402,Total,49527,3754,17622,0,64,42974,6553,"50,27","6 884 763,99","139,01",17757,137,90685
Data,Ocup,Opção,Cheg,Oferta/Uso Interno,Deduz. Individ.,Deduz. Grupos,% Ocup.,Receita Quartos,Preço Médio,Saídas,Quartos FdS,Adul. / Cri.,fevereiro,Previsão,16-fev-2026 seg,42,0,10,0,0,42,0,"31,11","4 465,16","106,31",13,0,99,1189,22,407,0,0,1186,3,"31,46","98 730,92","83,04",404,0,2402,Total fev,1189,22,407,0,0,1186,3,"31,46","98 730,92","83,04",404,0,2402,Total,49527,3754,17622,0,64,42974,6553,"50,27","6 884 763,99","139,01",17757,137,90685
Data,Ocup,Opção,Cheg,Oferta/Uso Interno,Deduz. Individ.,Deduz. Grupos,% Ocup.,Receita Quartos,Preço Médio,Saídas,Quartos FdS,Adul. / Cri.,fevereiro,Previsão,17-fev-2026 ter,54,0,24,0,0,54,0,"40,00","4 670,22","86,49",12,0,118,1189,22,407,0,0,1186,3,"31,46","98 730,92","83,04",404,0,2402,Total fev,1189,22,407,0,0,1186,3,"31,46","98 730,92","83,04",404,0,2402,Total,49527,3754,17622,0,64,42974,6553,"50,27","6 884 763,99","139,01",17757,137,90685
Data,Ocup,Opção,Cheg,Oferta/Uso Interno,Deduz. Individ.,Deduz. Grupos,% Ocup.,Receita Quartos,Preço Médio,Saídas,Quartos FdS,Adul. / Cri.,fevereiro,Previsão,18-fev-2026 qua,43,0,14,0,0,43,0,"31,85","3 829,76","89,06",25,0,93,1189,22,407,0,0,1186,3,"31,46","98 730,92","83,04",404,0,2402,Total fev,1189,22,407,0,0,1186,3,"31,46","98 730,92","83,04",404,0,2402,Total,49527,3754,17622,0,64,42974,6553,"50,27","6 884 763,99","139,01",17757,137,90685
Data,Ocup,Opção,Cheg,Oferta/Uso Interno,Deduz. Individ.,Deduz. Grupos,% Ocup.,Receita Quartos,Preço Médio,Saídas,Quartos FdS,Adul. / Cri.,fevereiro,Previsão,19-fev-2026 qui,56,0,22,0,0,56,0,"41,48","5 160,17","92,15",9,0,117,1189,22,407,0,0,1186,3,"31,46","98 730,92","83,04",404,0,2402,Total fev,1189,22,407,0,0,1186,3,"31,46","98 730,92","83,04",404,0,2402,Total,49527,3754,17622,0,64,42974,6553,"50,27","6 884 763,99","139,01",17757,137,90685
Data,Ocup,Opção,Cheg,Oferta/Uso Interno,Deduz. Individ.,Deduz. Grupos,% Ocup.,Receita Quartos,Preço Médio,Saídas,Quartos FdS,Adul. / Cri.,fevereiro,Previsão,20-fev-2026 sex,53,0,10,0,0,53,0,"39,26","5 035,43","95,01",13,0,111,1189,22,407,0,0,1186,3,"31,46","98 730,92","83,04",404,0,2402,Total fev,1189,22,407,0,0,1186,3,"31,46","98 730,92","83,04",404,0,2402,Total,49527,3754,17622,0,64,42974,6553,"50,27","6 884 763,99","139,01",17757,137,90685
Data,Ocup,Opção,Cheg,Oferta/Uso Interno,Deduz. Individ.,Deduz. Grupos,% Ocup.,Receita Quartos,Preço Médio,Saídas,Quartos FdS,Adul. / Cri.,fevereiro,Previsão,21-fev-2026 sáb,45,0,12,0,0,45,0,"33,33","4 461,45","99,14",20,0,98,1189,22,407,0,0,1186,3,"31,46","98 730,92","83,04",404,0,2402,Total fev,1189,22,407,0,0,1186,3,"31,46","98 730,92","83,04",404,0,2402,Total,49527,3754,17622,0,64,42974,6553,"50,27","6 884 763,99","139,01",17757,137,90685
Data,Ocup,Opção,Cheg,Oferta/Uso Interno,Deduz. Individ.,Deduz. Grupos,% Ocup.,Receita Quartos,Preço Médio,Saídas,Quartos FdS,Adul. / Cri.,fevereiro,Previsão,22-fev-2026 dom,38,0,8,0,0,38,0,"28,15","3 257,75","85,73",15,0,78,1189,22,407,0,0,1186,3,"31,46","98 730,92","83,04",404,0,2402,Total fev,1189,22,407,0,0,1186,3,"31,46","98 730,92","83,04",404,0,2402,Total,49527,3754,17622,0,64,42974,6553,"50,27","6 884 763,99","139,01",17757,137,90685
Data,Ocup,Opção,Cheg,Oferta/Uso Interno,Deduz. Individ.,Deduz. Grupos,% Ocup.,Receita Quartos,Preço Médio,Saídas,Quartos FdS,Adul. / Cri.,fevereiro,Previsão,23-fev-2026 seg,26,0,12,0,0,26,0,"19,26","2 202,41","84,71",24,0,48,1189,22,407,0,0,1186,3,"31,46","98 730,92","83,04",404,0,2402,Total fev,1189,22,407,0,0,1186,3,"31,46","98 730,92","83,04",404,0,2402,Total,49527,3754,17622,0,64,42974,6553,"50,27","6 884 763,99","139,01",17757,137,90685
Data,Ocup,Opção,Cheg,Oferta/Uso Interno,Deduz. Individ.,Deduz. Grupos,% Ocup.,Receita Quartos,Preço Médio,Saídas,Quartos FdS,Adul. / Cri.,fevereiro,Previsão,24-fev-2026 ter,36,0,12,0,0,36,0,"26,67","2 975,91","82,66",2,0,66,1189,22,407,0,0,1186,3,"31,46","98 730,92","83,04",404,0,2402,Total fev,1189,22,407,0,0,1186,3,"31,46","98 730,92","83,04",404,0,2402,Total,49527,3754,17622,0,64,42974,6553,"50,27","6 884 763,99","139,01",17757,137,90685
Data,Ocup,Opção,Cheg,Oferta/Uso Interno,Deduz. Individ.,Deduz. Grupos,% Ocup.,Receita Quartos,Preço Médio,Saídas,Quartos FdS,Adul. / Cri.,fevereiro,Previsão,25-fev-2026 qua,26,0,4,0,0,26,0,"19,26","1 889,30","72,67",14,0,45,1189,22,407,0,0,1186,3,"31,46","98 730,92","83,04",404,0,2402,Total fev,1189,22,407,0,0,1186,3,"31,46","98 730,92","83,04",404,0,2402,Total,49527,3754,17622,0,64,42974,6553,"50,27","6 884 763,99","139,01",17757,137,90685
Data,Ocup,Opção,Cheg,Oferta/Uso Interno,Deduz. Individ.,Deduz. Grupos,% Ocup.,Receita Quartos,Preço Médio,Saídas,Quartos FdS,Adul. / Cri.,fevereiro,Previsão,26-fev-2026 qui,29,0,10,0,0,29,0,"21,48","2 094,84","72,24",7,0,51,1189,22,407,0,0,1186,3,"31,46","98 730,92","83,04",404,0,2402,Total fev,1189,22,407,0,0,1186,3,"31,46","98 730,92","83,04",404,0,2402,Total,49527,3754,17622,0,64,42974,6553,"50,27","6 884 763,99","139,01",17757,137,90685
Data,Ocup,Opção,Cheg,Oferta/Uso Interno,Deduz. Individ.,Deduz. Grupos,% Ocup.,Receita Quartos,Preço Médio,Saídas,Quartos FdS,Adul. / Cri.,fevereiro,Previsão,27-fev-2026 sex,50,0,31,0,0,49,1,"37,04","3 851,34","77,03",10,0,96,1189,22,407,0,0,1186,3,"31,46","98 730,92","83,04",404,0,2402,Total fev,1189,22,407,0,0,1186,3,"31,46","98 730,92","83,04",404,0,2402,Total,49527,3754,17622,0,64,42974,6553,"50,27","6 884 763,99","139,01",17757,137,90685
Data,Ocup,Opção,Cheg,Oferta/Uso Interno,Deduz. Individ.,Deduz. Grupos,% Ocup.,Receita Quartos,Preço Médio,Saídas,Quartos FdS,Adul. / Cri.,fevereiro,Previsão,28-fev-2026 sáb,60,2,17,0,0,58,2,"44,44","4 728,02","78,80",7,0,115,1189,22,407,0,0,1186,3,"31,46","98 730,92","83,04",404,0,2402,Total fev,1189,22,407,0,0,1186,3,"31,46","98 730,92","83,04",404,0,2402,Total,49527,3754,17622,0,64,42974,6553,"50,27","6 884 763,99","139,01",17757,137,90685
Data,Ocup,Opção,Cheg,Oferta/Uso Interno,Deduz. Individ.,Deduz. Grupos,% Ocup.,Receita Quartos,Preço Médio,Saídas,Quartos FdS,Adul. / Cri.,março,Previsão,01-mar-2026 dom,39,13,8,0,0,39,0,"28,89","3 541,32","90,80",29,0,77,1135,107,367,0,0,896,239,"27,12","129 283,40","113,91",397,0,2194,Total mar,1135,107,367,0,0,896,239,"27,12","129 283,40","113,91",397,0,2194,Total,49527,3754,17622,0,64,42974,6553,"50,27","6 884 763,99","139,01",17757,137,90685
Data,Ocup,Opção,Cheg,Oferta/Uso Interno,Deduz. Individ.,Deduz. Grupos,% Ocup.,Receita Quartos,Preço Médio,Saídas,Quartos FdS,Adul. / Cri.,março,Previsão,02-mar-2026 seg,34,24,12,0,0,34,0,"25,19","3 151,44","92,69",17,0,69,1135,107,367,0,0,896,239,"27,12","129 283,40","113,91",397,0,2194,Total mar,1135,107,367,0,0,896,239,"27,12","129 283,40","113,91",397,0,2194,Total,49527,3754,17622,0,64,42974,6553,"50,27","6 884 763,99","139,01",17757,137,90685
Data,Ocup,Opção,Cheg,Oferta/Uso Interno,Deduz. Individ.,Deduz. Grupos,% Ocup.,Receita Quartos,Preço Médio,Saídas,Quartos FdS,Adul. / Cri.,março,Previsão,03-mar-2026 ter,31,11,6,0,0,31,0,"22,96","2 882,25","92,98",9,0,63,1135,107,367,0,0,896,239,"27,12","129 283,40","113,91",397,0,2194,Total mar,1135,107,367,0,0,896,239,"27,12","129 283,40","113,91",397,0,2194,Total,49527,3754,17622,0,64,42974,6553,"50,27","6 884 763,99","139,01",17757,137,90685
Data,Ocup,Opção,Cheg,Oferta/Uso Interno,Deduz. Individ.,Deduz. Grupos,% Ocup.,Receita Quartos,Preço Médio,Saídas,Quartos FdS,Adul. / Cri.,março,Previsão,04-mar-2026 qua,28,0,10,0,0,28,0,"20,74","2 547,62","90,99",13,0,53,1135,107,367,0,0,896,239,"27,12","129 283,40","113,91",397,0,2194,Total mar,1135,107,367,0,0,896,239,"27,12","129 283,40","113,91",397,0,2194,Total,49527,3754,17622,0,64,42974,6553,"50,27","6 884 763,99","139,01",17757,137,90685
Data,Ocup,Opção,Cheg,Oferta/Uso Interno,Deduz. Individ.,Deduz. Grupos,% Ocup.,Receita Quartos,Preço Médio,Saídas,Quartos FdS,Adul. / Cri.,março,Previsão,05-mar-2026 qui,29,0,7,0,0,29,0,"21,48","2 672,60","92,16",6,0,54,1135,107,367,0,0,896,239,"27,12","129 283,40","113,91",397,0,2194,Total mar,1135,107,367,0,0,896,239,"27,12","129 283,40","113,91",397,0,2194,Total,49527,3754,17622,0,64,42974,6553,"50,27","6 884 763,99","139,01",17757,137,90685
Data,Ocup,Opção,Cheg,Oferta/Uso Interno,Deduz. Individ.,Deduz. Grupos,% Ocup.,Receita Quartos,Preço Médio,Saídas,Quartos FdS,Adul. / Cri.,março,Previsão,06-mar-2026 sex,51,0,30,0,0,48,3,"37,78","5 407,17","106,02",8,0,91,1135,107,367,0,0,896,239,"27,12","129 283,40","113,91",397,0,2194,Total mar,1135,107,367,0,0,896,239,"27,12","129 283,40","113,91",397,0,2194,Total,49527,3754,17622,0,64,42974,6553,"50,27","6 884 763,99","139,01",17757,137,90685
Data,Ocup,Opção,Cheg,Oferta/Uso Interno,Deduz. Individ.,Deduz. Grupos,% Ocup.,Receita Quartos,Preço Médio,Saídas,Quartos FdS,Adul. / Cri.,março,Previsão,07-mar-2026 sáb,47,0,7,0,0,44,3,"34,81","4 981,53","105,99",11,0,87,1135,107,367,0,0,896,239,"27,12","129 283,40","113,91",397,0,2194,Total mar,1135,107,367,0,0,896,239,"27,12","129 283,40","113,91",397,0,2194,Total,49527,3754,17622,0,64,42974,6553,"50,27","6 884 763,99","139,01",17757,137,90685
Data,Ocup,Opção,Cheg,Oferta/Uso Interno,Deduz. Individ.,Deduz. Grupos,% Ocup.,Receita Quartos,Preço Médio,Saídas,Quartos FdS,Adul. / Cri.,março,Previsão,08-mar-2026 dom,38,0,7,0,0,38,0,"28,15","3 718,42","97,85",16,0,74,1135,107,367,0,0,896,239,"27,12","129 283,40","113,91",397,0,2194,Total mar,1135,107,367,0,0,896,239,"27,12","129 283,40","113,91",397,0,2194,Total,49527,3754,17622,0,64,42974,6553,"50,27","6 884 763,99","139,01",17757,137,90685
Data,Ocup,Opção,Cheg,Oferta/Uso Interno,Deduz. Individ.,Deduz. Grupos,% Ocup.,Receita Quartos,Preço Médio,Saídas,Quartos FdS,Adul. / Cri.,março,Previsão,09-mar-2026 seg,29,0,6,0,0,29,0,"21,48","2 759,46","95,15",15,0,56,1135,107,367,0,0,896,239,"27,12","129 283,40","113,91",397,0,2194,Total mar,1135,107,367,0,0,896,239,"27,12","129 283,40","113,91",397,0,2194,Total,49527,3754,17622,0,64,42974,6553,"50,27","6 884 763,99","139,01",17757,137,90685
Data,Ocup,Opção,Cheg,Oferta/Uso Interno,Deduz. Individ.,Deduz. Grupos,% Ocup.,Receita Quartos,Preço Médio,Saídas,Quartos FdS,Adul. / Cri.,março,Previsão,10-mar-2026 ter,19,0,5,0,0,18,1,"14,07","1 885,31","99,23",15,0,33,1135,107,367,0,0,896,239,"27,12","129 283,40","113,91",397,0,2194,Total mar,1135,107,367,0,0,896,239,"27,12","129 283,40","113,91",397,0,2194,Total,49527,3754,17622,0,64,42974,6553,"50,27","6 884 763,99","139,01",17757,137,90685
Data,Ocup,Opção,Cheg,Oferta/Uso Interno,Deduz. Individ.,Deduz. Grupos,% Ocup.,Receita Quartos,Preço Médio,Saídas,Quartos FdS,Adul. / Cri.,março,Previsão,11-mar-2026 qua,27,0,20,0,0,10,17,"20,00","3 288,73","121,80",12,0,53,1135,107,367,0,0,896,239,"27,12","129 283,40","113,91",397,0,2194,Total mar,1135,107,367,0,0,896,239,"27,12","129 283,40","113,91",397,0,2194,Total,49527,3754,17622,0,64,42974,6553,"50,27","6 884 763,99","139,01",17757,137,90685
Data,Ocup,Opção,Cheg,Oferta/Uso Interno,Deduz. Individ.,Deduz. Grupos,% Ocup.,Receita Quartos,Preço Médio,Saídas,Quartos FdS,Adul. / Cri.,março,Previsão,12-mar-2026 qui,34,0,10,0,0,17,17,"25,19","4 012,05","118,00",3,0,65,1135,107,367,0,0,896,239,"27,12","129 283,40","113,91",397,0,2194,Total mar,1135,107,367,0,0,896,239,"27,12","129 283,40","113,91",397,0,2194,Total,49527,3754,17622,0,64,42974,6553,"50,27","6 884 763,99","139,01",17757,137,90685
Data,Ocup,Opção,Cheg,Oferta/Uso Interno,Deduz. Individ.,Deduz. Grupos,% Ocup.,Receita Quartos,Preço Médio,Saídas,Quartos FdS,Adul. / Cri.,março,Previsão,13-mar-2026 sex,44,0,11,0,0,27,17,"32,59","5 569,98","126,59",1,0,85,1135,107,367,0,0,896,239,"27,12","129 283,40","113,91",397,0,2194,Total mar,1135,107,367,0,0,896,239,"27,12","129 283,40","113,91",397,0,2194,Total,49527,3754,17622,0,64,42974,6553,"50,27","6 884 763,99","139,01",17757,137,90685
Data,Ocup,Opção,Cheg,Oferta/Uso Interno,Deduz. Individ.,Deduz. Grupos,% Ocup.,Receita Quartos,Preço Médio,Saídas,Quartos FdS,Adul. / Cri.,março,Previsão,14-mar-2026 sáb,40,3,16,0,0,39,1,"29,63","4 639,87","116,00",20,0,80,1135,107,367,0,0,896,239,"27,12","129 283,40","113,91",397,0,2194,Total mar,1135,107,367,0,0,896,239,"27,12","129 283,40","113,91",397,0,2194,Total,49527,3754,17622,0,64,42974,6553,"50,27","6 884 763,99","139,01",17757,137,90685
Data,Ocup,Opção,Cheg,Oferta/Uso Interno,Deduz. Individ.,Deduz. Grupos,% Ocup.,Receita Quartos,Preço Médio,Saídas,Quartos FdS,Adul. / Cri.,março,Previsão,15-mar-2026 dom,34,13,6,0,0,34,0,"25,19","3 433,37","100,98",12,0,65,1135,107,367,0,0,896,239,"27,12","129 283,40","113,91",397,0,2194,Total mar,1135,107,367,0,0,896,239,"27,12","129 283,40","113,91",397,0,2194,Total,49527,3754,17622,0,64,42974,6553,"50,27","6 884 763,99","139,01",17757,137,90685
Data,Ocup,Opção,Cheg,Oferta/Uso Interno,Deduz. Individ.,Deduz. Grupos,% Ocup.,Receita Quartos,Preço Médio,Saídas,Quartos FdS,Adul. / Cri.,março,Previsão,16-mar-2026 seg,39,13,26,0,0,20,19,"28,89","5 809,74","148,97",21,0,71,1135,107,367,0,0,896,239,"27,12","129 283,40","113,91",397,0,2194,Total mar,1135,107,367,0,0,896,239,"27,12","129 283,40","113,91",397,0,2194,Total,49527,3754,17622,0,64,42974,6553,"50,27","6 884 763,99","139,01",17757,137,90685
Data,Ocup,Opção,Cheg,Oferta/Uso Interno,Deduz. Individ.,Deduz. Grupos,% Ocup.,Receita Quartos,Preço Médio,Saídas,Quartos FdS,Adul. / Cri.,março,Previsão,17-mar-2026 ter,42,0,8,0,0,22,20,"31,11","6 329,10","150,69",5,0,76,1135,107,367,0,0,896,239,"27,12","129 283,40","113,91",397,0,2194,Total mar,1135,107,367,0,0,896,239,"27,12","129 283,40","113,91",397,0,2194,Total,49527,3754,17622,0,64,42974,6553,"50,27","6 884 763,99","139,01",17757,137,90685
Data,Ocup,Opção,Cheg,Oferta/Uso Interno,Deduz. Individ.,Deduz. Grupos,% Ocup.,Receita Quartos,Preço Médio,Saídas,Quartos FdS,Adul. / Cri.,março,Previsão,18-mar-2026 qua,49,0,21,0,0,13,36,"36,30","7 029,57","143,46",14,0,90,1135,107,367,0,0,896,239,"27,12","129 283,40","113,91",397,0,2194,Total mar,1135,107,367,0,0,896,239,"27,12","129 283,40","113,91",397,0,2194,Total,49527,3754,17622,0,64,42974,6553,"50,27","6 884 763,99","139,01",17757,137,90685
Data,Ocup,Opção,Cheg,Oferta/Uso Interno,Deduz. Individ.,Deduz. Grupos,% Ocup.,Receita Quartos,Preço Médio,Saídas,Quartos FdS,Adul. / Cri.,março,Previsão,19-mar-2026 qui,53,0,8,0,0,17,36,"39,26","7 874,79","148,58",4,0,101,1135,107,367,0,0,896,239,"27,12","129 283,40","113,91",397,0,2194,Total mar,1135,107,367,0,0,896,239,"27,12","129 283,40","113,91",397,0,2194,Total,49527,3754,17622,0,64,42974,6553,"50,27","6 884 763,99","139,01",17757,137,90685
Data,Ocup,Opção,Cheg,Oferta/Uso Interno,Deduz. Individ.,Deduz. Grupos,% Ocup.,Receita Quartos,Preço Médio,Saídas,Quartos FdS,Adul. / Cri.,março,Previsão,20-mar-2026 sex,54,0,21,0,0,37,17,"40,00","7 038,70","130,35",20,0,110,1135,107,367,0,0,896,239,"27,12","129 283,40","113,91",397,0,2194,Total mar,1135,107,367,0,0,896,239,"27,12","129 283,40","113,91",397,0,2194,Total,49527,3754,17622,0,64,42974,6553,"50,27","6 884 763,99","139,01",17757,137,90685
Data,Ocup,Opção,Cheg,Oferta/Uso Interno,Deduz. Individ.,Deduz. Grupos,% Ocup.,Receita Quartos,Preço Médio,Saídas,Quartos FdS,Adul. / Cri.,março,Previsão,21-mar-2026 sáb,40,4,11,0,0,40,0,"29,63","4 199,17","104,98",25,0,80,1135,107,367,0,0,896,239,"27,12","129 283,40","113,91",397,0,2194,Total mar,1135,107,367,0,0,896,239,"27,12","129 283,40","113,91",397,0,2194,Total,49527,3754,17622,0,64,42974,6553,"50,27","6 884 763,99","139,01",17757,137,90685
Data,Ocup,Opção,Cheg,Oferta/Uso Interno,Deduz. Individ.,Deduz. Grupos,% Ocup.,Receita Quartos,Preço Médio,Saídas,Quartos FdS,Adul. / Cri.,março,Previsão,22-mar-2026 dom,29,13,7,0,0,29,0,"21,48","2 426,55","83,67",18,0,56,1135,107,367,0,0,896,239,"27,12","129 283,40","113,91",397,0,2194,Total mar,1135,107,367,0,0,896,239,"27,12","129 283,40","113,91",397,0,2194,Total,49527,3754,17622,0,64,42974,6553,"50,27","6 884 763,99","139,01",17757,137,90685
Data,Ocup,Opção,Cheg,Oferta/Uso Interno,Deduz. Individ.,Deduz. Grupos,% Ocup.,Receita Quartos,Preço Médio,Saídas,Quartos FdS,Adul. / Cri.,março,Previsão,23-mar-2026 seg,29,13,7,0,0,29,0,"21,48","2 504,36","86,36",7,0,56,1135,107,367,0,0,896,239,"27,12","129 283,40","113,91",397,0,2194,Total mar,1135,107,367,0,0,896,239,"27,12","129 283,40","113,91",397,0,2194,Total,49527,3754,17622,0,64,42974,6553,"50,27","6 884 763,99","139,01",17757,137,90685
Data,Ocup,Opção,Cheg,Oferta/Uso Interno,Deduz. Individ.,Deduz. Grupos,% Ocup.,Receita Quartos,Preço Médio,Saídas,Quartos FdS,Adul. / Cri.,março,Previsão,24-mar-2026 ter,33,0,17,0,0,32,1,"24,44","3 462,39","104,92",13,0,61,1135,107,367,0,0,896,239,"27,12","129 283,40","113,91",397,0,2194,Total mar,1135,107,367,0,0,896,239,"27,12","129 283,40","113,91",397,0,2194,Total,49527,3754,17622,0,64,42974,6553,"50,27","6 884 763,99","139,01",17757,137,90685
Data,Ocup,Opção,Cheg,Oferta/Uso Interno,Deduz. Individ.,Deduz. Grupos,% Ocup.,Receita Quartos,Preço Médio,Saídas,Quartos FdS,Adul. / Cri.,março,Previsão,25-mar-2026 qua,32,0,18,0,0,15,17,"23,70","4 011,36","125,36",19,0,63,1135,107,367,0,0,896,239,"27,12","129 283,40","113,91",397,0,2194,Total mar,1135,107,367,0,0,896,239,"27,12","129 283,40","113,91",397,0,2194,Total,49527,3754,17622,0,64,42974,6553,"50,27","6 884 763,99","139,01",17757,137,90685
Data,Ocup,Opção,Cheg,Oferta/Uso Interno,Deduz. Individ.,Deduz. Grupos,% Ocup.,Receita Quartos,Preço Médio,Saídas,Quartos FdS,Adul. / Cri.,março,Previsão,26-mar-2026 qui,33,0,2,0,0,16,17,"24,44","4 139,64","125,44",1,0,65,1135,107,367,0,0,896,239,"27,12","129 283,40","113,91",397,0,2194,Total mar,1135,107,367,0,0,896,239,"27,12","129 283,40","113,91",397,0,2194,Total,49527,3754,17622,0,64,42974,6553,"50,27","6 884 763,99","139,01",17757,137,90685
Data,Ocup,Opção,Cheg,Oferta/Uso Interno,Deduz. Individ.,Deduz. Grupos,% Ocup.,Receita Quartos,Preço Médio,Saídas,Quartos FdS,Adul. / Cri.,março,Previsão,27-mar-2026 sex,29,0,7,0,0,12,17,"21,48","3 855,16","132,94",11,0,57,1135,107,367,0,0,896,239,"27,12","129 283,40","113,91",397,0,2194,Total mar,1135,107,367,0,0,896,239,"27,12","129 283,40","113,91",397,0,2194,Total,49527,3754,17622,0,64,42974,6553,"50,27","6 884 763,99","139,01",17757,137,90685
Data,Ocup,Opção,Cheg,Oferta/Uso Interno,Deduz. Individ.,Deduz. Grupos,% Ocup.,Receita Quartos,Preço Médio,Saídas,Quartos FdS,Adul. / Cri.,março,Previsão,28-mar-2026 sáb,28,0,19,0,0,28,0,"20,74","3 399,37","121,41",20,0,55,1135,107,367,0,0,896,239,"27,12","129 283,40","113,91",397,0,2194,Total mar,1135,107,367,0,0,896,239,"27,12","129 283,40","113,91",397,0,2194,Total,49527,3754,17622,0,64,42974,6553,"50,27","6 884 763,99","139,01",17757,137,90685
Data,Ocup,Opção,Cheg,Oferta/Uso Interno,Deduz. Individ.,Deduz. Grupos,% Ocup.,Receita Quartos,Preço Médio,Saídas,Quartos FdS,Adul. / Cri.,março,Previsão,29-mar-2026 dom,46,0,20,0,0,46,0,"34,07","5 029,48","109,34",2,0,92,1135,107,367,0,0,896,239,"27,12","129 283,40","113,91",397,0,2194,Total mar,1135,107,367,0,0,896,239,"27,12","129 283,40","113,91",397,0,2194,Total,49527,3754,17622,0,64,42974,6553,"50,27","6 884 763,99","139,01",17757,137,90685
Data,Ocup,Opção,Cheg,Oferta/Uso Interno,Deduz. Individ.,Deduz. Grupos,% Ocup.,Receita Quartos,Preço Médio,Saídas,Quartos FdS,Adul. / Cri.,março,Previsão,30-mar-2026 seg,45,0,7,0,0,45,0,"33,33","4 605,43","102,34",8,0,93,1135,107,367,0,0,896,239,"27,12","129 283,40","113,91",397,0,2194,Total mar,1135,107,367,0,0,896,239,"27,12","129 283,40","113,91",397,0,2194,Total,49527,3754,17622,0,64,42974,6553,"50,27","6 884 763,99","139,01",17757,137,90685
Data,Ocup,Opção,Cheg,Oferta/Uso Interno,Deduz. Individ.,Deduz. Grupos,% Ocup.,Receita Quartos,Preço Médio,Saídas,Quartos FdS,Adul. / Cri.,março,Previsão,31-mar-2026 ter,30,0,7,0,0,30,0,"22,22","3 077,47","102,58",22,0,63,1135,107,367,0,0,896,239,"27,12","129 283,40","113,91",397,0,2194,Total mar,1135,107,367,0,0,896,239,"27,12","129 283,40","113,91",397,0,2194,Total,49527,3754,17622,0,64,42974,6553,"50,27","6 884 763,99","139,01",17757,137,90685
Data,Ocup,Opção,Cheg,Oferta/Uso Interno,Deduz. Individ.,Deduz. Grupos,% Ocup.,Receita Quartos,Preço Médio,Saídas,Quartos FdS,Adul. / Cri.,abril,Previsão,01-abr-2026 qua,26,0,5,0,0,26,0,"19,26","4 033,10","155,12",9,0,59,812,211,271,0,0,577,235,"20,05","122 063,49","150,32",272,0,1623,Total abr,812,211,271,0,0,577,235,"20,05","122 063,49","150,32",272,0,1623,Total,49527,3754,17622,0,64,42974,6553,"50,27","6 884 763,99","139,01",17757,137,90685
Data,Ocup,Opção,Cheg,Oferta/Uso Interno,Deduz. Individ.,Deduz. Grupos,% Ocup.,Receita Quartos,Preço Médio,Saídas,Quartos FdS,Adul. / Cri.,abril,Previsão,02-abr-2026 qui,17,0,3,0,0,17,0,"12,59","2 995,10","176,18",12,0,41,812,211,271,0,0,577,235,"20,05","122 063,49","150,32",272,0,1623,Total abr,812,211,271,0,0,577,235,"20,05","122 063,49","150,32",272,0,1623,Total,49527,3754,17622,0,64,42974,6553,"50,27","6 884 763,99","139,01",17757,137,90685
Data,Ocup,Opção,Cheg,Oferta/Uso Interno,Deduz. Individ.,Deduz. Grupos,% Ocup.,Receita Quartos,Preço Médio,Saídas,Quartos FdS,Adul. / Cri.,abril,Previsão,03-abr-2026 sex,9,0,1,0,0,9,0,"6,67","2 193,53","243,73",9,0,23,812,211,271,0,0,577,235,"20,05","122 063,49","150,32",272,0,1623,Total abr,812,211,271,0,0,577,235,"20,05","122 063,49","150,32",272,0,1623,Total,49527,3754,17622,0,64,42974,6553,"50,27","6 884 763,99","139,01",17757,137,90685
Data,Ocup,Opção,Cheg,Oferta/Uso Interno,Deduz. Individ.,Deduz. Grupos,% Ocup.,Receita Quartos,Preço Médio,Saídas,Quartos FdS,Adul. / Cri.,abril,Previsão,04-abr-2026 sáb,9,0,4,0,0,9,0,"6,67","2 100,17","233,35",4,0,24,812,211,271,0,0,577,235,"20,05","122 063,49","150,32",272,0,1623,Total abr,812,211,271,0,0,577,235,"20,05","122 063,49","150,32",272,0,1623,Total,49527,3754,17622,0,64,42974,6553,"50,27","6 884 763,99","139,01",17757,137,90685
Data,Ocup,Opção,Cheg,Oferta/Uso Interno,Deduz. Individ.,Deduz. Grupos,% Ocup.,Receita Quartos,Preço Médio,Saídas,Quartos FdS,Adul. / Cri.,abril,Previsão,05-abr-2026 dom,17,0,8,0,0,17,0,"12,59","3 002,87","176,64",0,0,40,812,211,271,0,0,577,235,"20,05","122 063,49","150,32",272,0,1623,Total abr,812,211,271,0,0,577,235,"20,05","122 063,49","150,32",272,0,1623,Total,49527,3754,17622,0,64,42974,6553,"50,27","6 884 763,99","139,01",17757,137,90685
Data,Ocup,Opção,Cheg,Oferta/Uso Interno,Deduz. Individ.,Deduz. Grupos,% Ocup.,Receita Quartos,Preço Médio,Saídas,Quartos FdS,Adul. / Cri.,abril,Previsão,06-abr-2026 seg,23,0,10,0,0,23,0,"17,04","3 138,81","136,47",4,0,47,812,211,271,0,0,577,235,"20,05","122 063,49","150,32",272,0,1623,Total abr,812,211,271,0,0,577,235,"20,05","122 063,49","150,32",272,0,1623,Total,49527,3754,17622,0,64,42974,6553,"50,27","6 884 763,99","139,01",17757,137,90685
Data,Ocup,Opção,Cheg,Oferta/Uso Interno,Deduz. Individ.,Deduz. Grupos,% Ocup.,Receita Quartos,Preço Médio,Saídas,Quartos FdS,Adul. / Cri.,abril,Previsão,07-abr-2026 ter,27,12,7,0,0,26,1,"20,00","3 721,98","137,85",3,0,56,812,211,271,0,0,577,235,"20,05","122 063,49","150,32",272,0,1623,Total abr,812,211,271,0,0,577,235,"20,05","122 063,49","150,32",272,0,1623,Total,49527,3754,17622,0,64,42974,6553,"50,27","6 884 763,99","139,01",17757,137,90685
Data,Ocup,Opção,Cheg,Oferta/Uso Interno,Deduz. Individ.,Deduz. Grupos,% Ocup.,Receita Quartos,Preço Médio,Saídas,Quartos FdS,Adul. / Cri.,abril,Previsão,08-abr-2026 qua,29,12,19,0,0,12,17,"21,48","4 445,85","153,31",17,0,56,812,211,271,0,0,577,235,"20,05","122 063,49","150,32",272,0,1623,Total abr,812,211,271,0,0,577,235,"20,05","122 063,49","150,32",272,0,1623,Total,49527,3754,17622,0,64,42974,6553,"50,27","6 884 763,99","139,01",17757,137,90685
Data,Ocup,Opção,Cheg,Oferta/Uso Interno,Deduz. Individ.,Deduz. Grupos,% Ocup.,Receita Quartos,Preço Médio,Saídas,Quartos FdS,Adul. / Cri.,abril,Previsão,09-abr-2026 qui,27,12,2,0,0,10,17,"20,00","3 999,30","148,12",4,0,51,812,211,271,0,0,577,235,"20,05","122 063,49","150,32",272,0,1623,Total abr,812,211,271,0,0,577,235,"20,05","122 063,49","150,32",272,0,1623,Total,49527,3754,17622,0,64,42974,6553,"50,27","6 884 763,99","139,01",17757,137,90685
Data,Ocup,Opção,Cheg,Oferta/Uso Interno,Deduz. Individ.,Deduz. Grupos,% Ocup.,Receita Quartos,Preço Médio,Saídas,Quartos FdS,Adul. / Cri.,abril,Previsão,10-abr-2026 sex,33,0,9,0,0,16,17,"24,44","5 283,29","160,10",3,0,63,812,211,271,0,0,577,235,"20,05","122 063,49","150,32",272,0,1623,Total abr,812,211,271,0,0,577,235,"20,05","122 063,49","150,32",272,0,1623,Total,49527,3754,17622,0,64,42974,6553,"50,27","6 884 763,99","139,01",17757,137,90685
Data,Ocup,Opção,Cheg,Oferta/Uso Interno,Deduz. Individ.,Deduz. Grupos,% Ocup.,Receita Quartos,Preço Médio,Saídas,Quartos FdS,Adul. / Cri.,abril,Previsão,11-abr-2026 sáb,28,1,16,0,0,25,3,"20,74","3 803,79","135,85",21,0,53,812,211,271,0,0,577,235,"20,05","122 063,49","150,32",272,0,1623,Total abr,812,211,271,0,0,577,235,"20,05","122 063,49","150,32",272,0,1623,Total,49527,3754,17622,0,64,42974,6553,"50,27","6 884 763,99","139,01",17757,137,90685
Data,Ocup,Opção,Cheg,Oferta/Uso Interno,Deduz. Individ.,Deduz. Grupos,% Ocup.,Receita Quartos,Preço Médio,Saídas,Quartos FdS,Adul. / Cri.,abril,Previsão,12-abr-2026 dom,25,13,8,0,0,25,0,"18,52","3 071,24","122,85",11,0,47,812,211,271,0,0,577,235,"20,05","122 063,49","150,32",272,0,1623,Total abr,812,211,271,0,0,577,235,"20,05","122 063,49","150,32",272,0,1623,Total,49527,3754,17622,0,64,42974,6553,"50,27","6 884 763,99","139,01",17757,137,90685
Data,Ocup,Opção,Cheg,Oferta/Uso Interno,Deduz. Individ.,Deduz. Grupos,% Ocup.,Receita Quartos,Preço Médio,Saídas,Quartos FdS,Adul. / Cri.,abril,Previsão,13-abr-2026 seg,23,13,2,0,0,23,0,"17,04","2 849,62","123,90",4,0,43,812,211,271,0,0,577,235,"20,05","122 063,49","150,32",272,0,1623,Total abr,812,211,271,0,0,577,235,"20,05","122 063,49","150,32",272,0,1623,Total,49527,3754,17622,0,64,42974,6553,"50,27","6 884 763,99","139,01",17757,137,90685
Data,Ocup,Opção,Cheg,Oferta/Uso Interno,Deduz. Individ.,Deduz. Grupos,% Ocup.,Receita Quartos,Preço Médio,Saídas,Quartos FdS,Adul. / Cri.,abril,Previsão,14-abr-2026 ter,27,22,13,0,0,26,1,"20,00","3 626,71","134,32",9,0,50,812,211,271,0,0,577,235,"20,05","122 063,49","150,32",272,0,1623,Total abr,812,211,271,0,0,577,235,"20,05","122 063,49","150,32",272,0,1623,Total,49527,3754,17622,0,64,42974,6553,"50,27","6 884 763,99","139,01",17757,137,90685
Data,Ocup,Opção,Cheg,Oferta/Uso Interno,Deduz. Individ.,Deduz. Grupos,% Ocup.,Receita Quartos,Preço Médio,Saídas,Quartos FdS,Adul. / Cri.,abril,Previsão,15-abr-2026 qua,32,22,21,0,0,13,19,"23,70","4 873,54","152,30",16,0,63,812,211,271,0,0,577,235,"20,05","122 063,49","150,32",272,0,1623,Total abr,812,211,271,0,0,577,235,"20,05","122 063,49","150,32",272,0,1623,Total,49527,3754,17622,0,64,42974,6553,"50,27","6 884 763,99","139,01",17757,137,90685
Data,Ocup,Opção,Cheg,Oferta/Uso Interno,Deduz. Individ.,Deduz. Grupos,% Ocup.,Receita Quartos,Preço Médio,Saídas,Quartos FdS,Adul. / Cri.,abril,Previsão,16-abr-2026 qui,37,23,8,0,0,17,20,"27,41","5 507,42","148,85",3,0,72,812,211,271,0,0,577,235,"20,05","122 063,49","150,32",272,0,1623,Total abr,812,211,271,0,0,577,235,"20,05","122 063,49","150,32",272,0,1623,Total,49527,3754,17622,0,64,42974,6553,"50,27","6 884 763,99","139,01",17757,137,90685
Data,Ocup,Opção,Cheg,Oferta/Uso Interno,Deduz. Individ.,Deduz. Grupos,% Ocup.,Receita Quartos,Preço Médio,Saídas,Quartos FdS,Adul. / Cri.,abril,Previsão,17-abr-2026 sex,35,13,6,0,0,18,17,"25,93","5 157,48","147,36",8,0,69,812,211,271,0,0,577,235,"20,05","122 063,49","150,32",272,0,1623,Total abr,812,211,271,0,0,577,235,"20,05","122 063,49","150,32",272,0,1623,Total,49527,3754,17622,0,64,42974,6553,"50,27","6 884 763,99","139,01",17757,137,90685
Data,Ocup,Opção,Cheg,Oferta/Uso Interno,Deduz. Individ.,Deduz. Grupos,% Ocup.,Receita Quartos,Preço Médio,Saídas,Quartos FdS,Adul. / Cri.,abril,Previsão,18-abr-2026 sáb,29,13,12,0,0,29,0,"21,48","3 413,75","117,72",18,0,58,812,211,271,0,0,577,235,"20,05","122 063,49","150,32",272,0,1623,Total abr,812,211,271,0,0,577,235,"20,05","122 063,49","150,32",272,0,1623,Total,49527,3754,17622,0,64,42974,6553,"50,27","6 884 763,99","139,01",17757,137,90685
Data,Ocup,Opção,Cheg,Oferta/Uso Interno,Deduz. Individ.,Deduz. Grupos,% Ocup.,Receita Quartos,Preço Médio,Saídas,Quartos FdS,Adul. / Cri.,abril,Previsão,19-abr-2026 dom,24,0,7,0,0,24,0,"17,78","2 760,94","115,04",12,0,47,812,211,271,0,0,577,235,"20,05","122 063,49","150,32",272,0,1623,Total abr,812,211,271,0,0,577,235,"20,05","122 063,49","150,32",272,0,1623,Total,49527,3754,17622,0,64,42974,6553,"50,27","6 884 763,99","139,01",17757,137,90685
Data,Ocup,Opção,Cheg,Oferta/Uso Interno,Deduz. Individ.,Deduz. Grupos,% Ocup.,Receita Quartos,Preço Médio,Saídas,Quartos FdS,Adul. / Cri.,abril,Previsão,20-abr-2026 seg,25,0,5,0,0,25,0,"18,52","3 042,40","121,70",4,0,51,812,211,271,0,0,577,235,"20,05","122 063,49","150,32",272,0,1623,Total abr,812,211,271,0,0,577,235,"20,05","122 063,49","150,32",272,0,1623,Total,49527,3754,17622,0,64,42974,6553,"50,27","6 884 763,99","139,01",17757,137,90685
Data,Ocup,Opção,Cheg,Oferta/Uso Interno,Deduz. Individ.,Deduz. Grupos,% Ocup.,Receita Quartos,Preço Médio,Saídas,Quartos FdS,Adul. / Cri.,abril,Previsão,21-abr-2026 ter,25,0,9,0,0,24,1,"18,52","3 385,12","135,40",9,0,50,812,211,271,0,0,577,235,"20,05","122 063,49","150,32",272,0,1623,Total abr,812,211,271,0,0,577,235,"20,05","122 063,49","150,32",272,0,1623,Total,49527,3754,17622,0,64,42974,6553,"50,27","6 884 763,99","139,01",17757,137,90685
Data,Ocup,Opção,Cheg,Oferta/Uso Interno,Deduz. Individ.,Deduz. Grupos,% Ocup.,Receita Quartos,Preço Médio,Saídas,Quartos FdS,Adul. / Cri.,abril,Previsão,22-abr-2026 qua,43,0,31,0,0,14,29,"31,85","7 860,61","182,80",13,0,84,812,211,271,0,0,577,235,"20,05","122 063,49","150,32",272,0,1623,Total abr,812,211,271,0,0,577,235,"20,05","122 063,49","150,32",272,0,1623,Total,49527,3754,17622,0,64,42974,6553,"50,27","6 884 763,99","139,01",17757,137,90685
Data,Ocup,Opção,Cheg,Oferta/Uso Interno,Deduz. Individ.,Deduz. Grupos,% Ocup.,Receita Quartos,Preço Médio,Saídas,Quartos FdS,Adul. / Cri.,abril,Previsão,23-abr-2026 qui,44,17,7,0,0,15,29,"32,59","8 034,77","182,61",6,0,86,812,211,271,0,0,577,235,"20,05","122 063,49","150,32",272,0,1623,Total abr,812,211,271,0,0,577,235,"20,05","122 063,49","150,32",272,0,1623,Total,49527,3754,17622,0,64,42974,6553,"50,27","6 884 763,99","139,01",17757,137,90685
Data,Ocup,Opção,Cheg,Oferta/Uso Interno,Deduz. Individ.,Deduz. Grupos,% Ocup.,Receita Quartos,Preço Médio,Saídas,Quartos FdS,Adul. / Cri.,abril,Previsão,24-abr-2026 sex,45,17,5,0,0,16,29,"33,33","8 293,02","184,29",4,0,87,812,211,271,0,0,577,235,"20,05","122 063,49","150,32",272,0,1623,Total abr,812,211,271,0,0,577,235,"20,05","122 063,49","150,32",272,0,1623,Total,49527,3754,17622,0,64,42974,6553,"50,27","6 884 763,99","139,01",17757,137,90685
Data,Ocup,Opção,Cheg,Oferta/Uso Interno,Deduz. Individ.,Deduz. Grupos,% Ocup.,Receita Quartos,Preço Médio,Saídas,Quartos FdS,Adul. / Cri.,abril,Previsão,25-abr-2026 sáb,20,17,7,0,0,20,0,"14,81","2 549,31","127,47",32,0,39,812,211,271,0,0,577,235,"20,05","122 063,49","150,32",272,0,1623,Total abr,812,211,271,0,0,577,235,"20,05","122 063,49","150,32",272,0,1623,Total,49527,3754,17622,0,64,42974,6553,"50,27","6 884 763,99","139,01",17757,137,90685
Data,Ocup,Opção,Cheg,Oferta/Uso Interno,Deduz. Individ.,Deduz. Grupos,% Ocup.,Receita Quartos,Preço Médio,Saídas,Quartos FdS,Adul. / Cri.,abril,Previsão,26-abr-2026 dom,20,0,8,0,0,20,0,"14,81","2 439,50","121,98",8,0,40,812,211,271,0,0,577,235,"20,05","122 063,49","150,32",272,0,1623,Total abr,812,211,271,0,0,577,235,"20,05","122 063,49","150,32",272,0,1623,Total,49527,3754,17622,0,64,42974,6553,"50,27","6 884 763,99","139,01",17757,137,90685
Data,Ocup,Opção,Cheg,Oferta/Uso Interno,Deduz. Individ.,Deduz. Grupos,% Ocup.,Receita Quartos,Preço Médio,Saídas,Quartos FdS,Adul. / Cri.,abril,Previsão,27-abr-2026 seg,24,0,8,0,0,24,0,"17,78","3 037,85","126,58",4,0,47,812,211,271,0,0,577,235,"20,05","122 063,49","150,32",272,0,1623,Total abr,812,211,271,0,0,577,235,"20,05","122 063,49","150,32",272,0,1623,Total,49527,3754,17622,0,64,42974,6553,"50,27","6 884 763,99","139,01",17757,137,90685
Data,Ocup,Opção,Cheg,Oferta/Uso Interno,Deduz. Individ.,Deduz. Grupos,% Ocup.,Receita Quartos,Preço Médio,Saídas,Quartos FdS,Adul. / Cri.,abril,Previsão,28-abr-2026 ter,26,0,9,0,0,25,1,"19,26","3 537,76","136,07",7,0,52,812,211,271,0,0,577,235,"20,05","122 063,49","150,32",272,0,1623,Total abr,812,211,271,0,0,577,235,"20,05","122 063,49","150,32",272,0,1623,Total,49527,3754,17622,0,64,42974,6553,"50,27","6 884 763,99","139,01",17757,137,90685
Data,Ocup,Opção,Cheg,Oferta/Uso Interno,Deduz. Individ.,Deduz. Grupos,% Ocup.,Receita Quartos,Preço Médio,Saídas,Quartos FdS,Adul. / Cri.,abril,Previsão,29-abr-2026 qua,34,0,19,0,0,17,17,"25,19","5 361,95","157,70",11,0,68,812,211,271,0,0,577,235,"20,05","122 063,49","150,32",272,0,1623,Total abr,812,211,271,0,0,577,235,"20,05","122 063,49","150,32",272,0,1623,Total,49527,3754,17622,0,64,42974,6553,"50,27","6 884 763,99","139,01",17757,137,90685
Data,Ocup,Opção,Cheg,Oferta/Uso Interno,Deduz. Individ.,Deduz. Grupos,% Ocup.,Receita Quartos,Preço Médio,Saídas,Quartos FdS,Adul. / Cri.,abril,Previsão,30-abr-2026 qui,29,4,2,0,0,12,17,"21,48","4 542,71","156,65",7,0,57,812,211,271,0,0,577,235,"20,05","122 063,49","150,32",272,0,1623,Total abr,812,211,271,0,0,577,235,"20,05","122 063,49","150,32",272,0,1623,Total,49527,3754,17622,0,64,42974,6553,"50,27","6 884 763,99","139,01",17757,137,90685
Data,Ocup,Opção,Cheg,Oferta/Uso Interno,Deduz. Individ.,Deduz. Grupos,% Ocup.,Receita Quartos,Preço Médio,Saídas,Quartos FdS,Adul. / Cri.,maio,Previsão,01-mai-2026 sex,25,13,4,0,0,8,17,"18,52","4 128,70","165,15",8,0,48,547,651,190,0,0,315,232,"13,07","89 878,02","164,31",211,0,1030,Total mai,547,651,190,0,0,315,232,"13,07","89 878,02","164,31",211,0,1030,Total,49527,3754,17622,0,64,42974,6553,"50,27","6 884 763,99","139,01",17757,137,90685
Data,Ocup,Opção,Cheg,Oferta/Uso Interno,Deduz. Individ.,Deduz. Grupos,% Ocup.,Receita Quartos,Preço Médio,Saídas,Quartos FdS,Adul. / Cri.,maio,Previsão,02-mai-2026 sáb,10,13,4,0,0,10,0,"7,41","1 843,45","184,35",19,0,18,547,651,190,0,0,315,232,"13,07","89 878,02","164,31",211,0,1030,Total mai,547,651,190,0,0,315,232,"13,07","89 878,02","164,31",211,0,1030,Total,49527,3754,17622,0,64,42974,6553,"50,27","6 884 763,99","139,01",17757,137,90685
Data,Ocup,Opção,Cheg,Oferta/Uso Interno,Deduz. Individ.,Deduz. Grupos,% Ocup.,Receita Quartos,Preço Médio,Saídas,Quartos FdS,Adul. / Cri.,maio,Previsão,03-mai-2026 dom,8,47,3,0,0,8,0,"5,93","1 156,44","144,56",5,0,16,547,651,190,0,0,315,232,"13,07","89 878,02","164,31",211,0,1030,Total mai,547,651,190,0,0,315,232,"13,07","89 878,02","164,31",211,0,1030,Total,49527,3754,17622,0,64,42974,6553,"50,27","6 884 763,99","139,01",17757,137,90685
Data,Ocup,Opção,Cheg,Oferta/Uso Interno,Deduz. Individ.,Deduz. Grupos,% Ocup.,Receita Quartos,Preço Médio,Saídas,Quartos FdS,Adul. / Cri.,maio,Previsão,04-mai-2026 seg,11,47,5,0,0,11,0,"8,15","1 701,00","154,64",2,0,21,547,651,190,0,0,315,232,"13,07","89 878,02","164,31",211,0,1030,Total mai,547,651,190,0,0,315,232,"13,07","89 878,02","164,31",211,0,1030,Total,49527,3754,17622,0,64,42974,6553,"50,27","6 884 763,99","139,01",17757,137,90685
Data,Ocup,Opção,Cheg,Oferta/Uso Interno,Deduz. Individ.,Deduz. Grupos,% Ocup.,Receita Quartos,Preço Médio,Saídas,Quartos FdS,Adul. / Cri.,maio,Previsão,05-mai-2026 ter,14,47,6,0,0,12,2,"10,37","2 176,22","155,44",3,0,27,547,651,190,0,0,315,232,"13,07","89 878,02","164,31",211,0,1030,Total mai,547,651,190,0,0,315,232,"13,07","89 878,02","164,31",211,0,1030,Total,49527,3754,17622,0,64,42974,6553,"50,27","6 884 763,99","139,01",17757,137,90685
Data,Ocup,Opção,Cheg,Oferta/Uso Interno,Deduz. Individ.,Deduz. Grupos,% Ocup.,Receita Quartos,Preço Médio,Saídas,Quartos FdS,Adul. / Cri.,maio,Previsão,06-mai-2026 qua,28,0,20,0,0,9,19,"20,74","4 214,06","150,50",6,0,55,547,651,190,0,0,315,232,"13,07","89 878,02","164,31",211,0,1030,Total mai,547,651,190,0,0,315,232,"13,07","89 878,02","164,31",211,0,1030,Total,49527,3754,17622,0,64,42974,6553,"50,27","6 884 763,99","139,01",17757,137,90685
Data,Ocup,Opção,Cheg,Oferta/Uso Interno,Deduz. Individ.,Deduz. Grupos,% Ocup.,Receita Quartos,Preço Médio,Saídas,Quartos FdS,Adul. / Cri.,maio,Previsão,07-mai-2026 qui,25,2,2,0,0,6,19,"18,52","3 794,06","151,76",5,0,49,547,651,190,0,0,315,232,"13,07","89 878,02","164,31",211,0,1030,Total mai,547,651,190,0,0,315,232,"13,07","89 878,02","164,31",211,0,1030,Total,49527,3754,17622,0,64,42974,6553,"50,27","6 884 763,99","139,01",17757,137,90685
Data,Ocup,Opção,Cheg,Oferta/Uso Interno,Deduz. Individ.,Deduz. Grupos,% Ocup.,Receita Quartos,Preço Médio,Saídas,Quartos FdS,Adul. / Cri.,maio,Previsão,08-mai-2026 sex,23,13,2,0,0,6,17,"17,04","3 683,07","160,13",4,0,45,547,651,190,0,0,315,232,"13,07","89 878,02","164,31",211,0,1030,Total mai,547,651,190,0,0,315,232,"13,07","89 878,02","164,31",211,0,1030,Total,49527,3754,17622,0,64,42974,6553,"50,27","6 884 763,99","139,01",17757,137,90685
Data,Ocup,Opção,Cheg,Oferta/Uso Interno,Deduz. Individ.,Deduz. Grupos,% Ocup.,Receita Quartos,Preço Médio,Saídas,Quartos FdS,Adul. / Cri.,maio,Previsão,09-mai-2026 sáb,8,35,4,0,0,8,0,"5,93","1 432,93","179,12",19,0,15,547,651,190,0,0,315,232,"13,07","89 878,02","164,31",211,0,1030,Total mai,547,651,190,0,0,315,232,"13,07","89 878,02","164,31",211,0,1030,Total,49527,3754,17622,0,64,42974,6553,"50,27","6 884 763,99","139,01",17757,137,90685
Data,Ocup,Opção,Cheg,Oferta/Uso Interno,Deduz. Individ.,Deduz. Grupos,% Ocup.,Receita Quartos,Preço Médio,Saídas,Quartos FdS,Adul. / Cri.,maio,Previsão,10-mai-2026 dom,6,22,1,0,0,6,0,"4,44","967,35","161,23",3,0,12,547,651,190,0,0,315,232,"13,07","89 878,02","164,31",211,0,1030,Total mai,547,651,190,0,0,315,232,"13,07","89 878,02","164,31",211,0,1030,Total,49527,3754,17622,0,64,42974,6553,"50,27","6 884 763,99","139,01",17757,137,90685
Data,Ocup,Opção,Cheg,Oferta/Uso Interno,Deduz. Individ.,Deduz. Grupos,% Ocup.,Receita Quartos,Preço Médio,Saídas,Quartos FdS,Adul. / Cri.,maio,Previsão,11-mai-2026 seg,9,22,5,0,0,9,0,"6,67","1 455,91","161,77",2,0,16,547,651,190,0,0,315,232,"13,07","89 878,02","164,31",211,0,1030,Total mai,547,651,190,0,0,315,232,"13,07","89 878,02","164,31",211,0,1030,Total,49527,3754,17622,0,64,42974,6553,"50,27","6 884 763,99","139,01",17757,137,90685
Data,Ocup,Opção,Cheg,Oferta/Uso Interno,Deduz. Individ.,Deduz. Grupos,% Ocup.,Receita Quartos,Preço Médio,Saídas,Quartos FdS,Adul. / Cri.,maio,Previsão,12-mai-2026 ter,17,22,10,0,0,16,1,"12,59","2 795,76","164,46",2,0,31,547,651,190,0,0,315,232,"13,07","89 878,02","164,31",211,0,1030,Total mai,547,651,190,0,0,315,232,"13,07","89 878,02","164,31",211,0,1030,Total,49527,3754,17622,0,64,42974,6553,"50,27","6 884 763,99","139,01",17757,137,90685
Data,Ocup,Opção,Cheg,Oferta/Uso Interno,Deduz. Individ.,Deduz. Grupos,% Ocup.,Receita Quartos,Preço Médio,Saídas,Quartos FdS,Adul. / Cri.,maio,Previsão,13-mai-2026 qua,28,22,19,0,0,11,17,"20,74","4 412,56","157,59",8,0,52,547,651,190,0,0,315,232,"13,07","89 878,02","164,31",211,0,1030,Total mai,547,651,190,0,0,315,232,"13,07","89 878,02","164,31",211,0,1030,Total,49527,3754,17622,0,64,42974,6553,"50,27","6 884 763,99","139,01",17757,137,90685
Data,Ocup,Opção,Cheg,Oferta/Uso Interno,Deduz. Individ.,Deduz. Grupos,% Ocup.,Receita Quartos,Preço Médio,Saídas,Quartos FdS,Adul. / Cri.,maio,Previsão,14-mai-2026 qui,31,48,5,0,0,14,17,"22,96","4 884,56","157,57",2,0,60,547,651,190,0,0,315,232,"13,07","89 878,02","164,31",211,0,1030,Total mai,547,651,190,0,0,315,232,"13,07","89 878,02","164,31",211,0,1030,Total,49527,3754,17622,0,64,42974,6553,"50,27","6 884 763,99","139,01",17757,137,90685
Data,Ocup,Opção,Cheg,Oferta/Uso Interno,Deduz. Individ.,Deduz. Grupos,% Ocup.,Receita Quartos,Preço Médio,Saídas,Quartos FdS,Adul. / Cri.,maio,Previsão,15-mai-2026 sex,30,35,2,0,0,13,17,"22,22","4 981,48","166,05",3,0,59,547,651,190,0,0,315,232,"13,07","89 878,02","164,31",211,0,1030,Total mai,547,651,190,0,0,315,232,"13,07","89 878,02","164,31",211,0,1030,Total,49527,3754,17622,0,64,42974,6553,"50,27","6 884 763,99","139,01",17757,137,90685
Data,Ocup,Opção,Cheg,Oferta/Uso Interno,Deduz. Individ.,Deduz. Grupos,% Ocup.,Receita Quartos,Preço Médio,Saídas,Quartos FdS,Adul. / Cri.,maio,Previsão,16-mai-2026 sáb,12,38,2,0,0,11,1,"8,89","2 070,95","172,58",20,0,24,547,651,190,0,0,315,232,"13,07","89 878,02","164,31",211,0,1030,Total mai,547,651,190,0,0,315,232,"13,07","89 878,02","164,31",211,0,1030,Total,49527,3754,17622,0,64,42974,6553,"50,27","6 884 763,99","139,01",17757,137,90685
Data,Ocup,Opção,Cheg,Oferta/Uso Interno,Deduz. Individ.,Deduz. Grupos,% Ocup.,Receita Quartos,Preço Médio,Saídas,Quartos FdS,Adul. / Cri.,maio,Previsão,17-mai-2026 dom,8,13,6,0,0,8,0,"5,93","1 107,33","138,42",10,0,15,547,651,190,0,0,315,232,"13,07","89 878,02","164,31",211,0,1030,Total mai,547,651,190,0,0,315,232,"13,07","89 878,02","164,31",211,0,1030,Total,49527,3754,17622,0,64,42974,6553,"50,27","6 884 763,99","139,01",17757,137,90685
Data,Ocup,Opção,Cheg,Oferta/Uso Interno,Deduz. Individ.,Deduz. Grupos,% Ocup.,Receita Quartos,Preço Médio,Saídas,Quartos FdS,Adul. / Cri.,maio,Previsão,18-mai-2026 seg,13,13,6,0,0,13,0,"9,63","2 073,77","159,52",1,0,24,547,651,190,0,0,315,232,"13,07","89 878,02","164,31",211,0,1030,Total mai,547,651,190,0,0,315,232,"13,07","89 878,02","164,31",211,0,1030,Total,49527,3754,17622,0,64,42974,6553,"50,27","6 884 763,99","139,01",17757,137,90685
Data,Ocup,Opção,Cheg,Oferta/Uso Interno,Deduz. Individ.,Deduz. Grupos,% Ocup.,Receita Quartos,Preço Médio,Saídas,Quartos FdS,Adul. / Cri.,maio,Previsão,19-mai-2026 ter,15,0,5,0,0,14,1,"11,11","2 354,10","156,94",3,0,26,547,651,190,0,0,315,232,"13,07","89 878,02","164,31",211,0,1030,Total mai,547,651,190,0,0,315,232,"13,07","89 878,02","164,31",211,0,1030,Total,49527,3754,17622,0,64,42974,6553,"50,27","6 884 763,99","139,01",17757,137,90685
Data,Ocup,Opção,Cheg,Oferta/Uso Interno,Deduz. Individ.,Deduz. Grupos,% Ocup.,Receita Quartos,Preço Médio,Saídas,Quartos FdS,Adul. / Cri.,maio,Previsão,20-mai-2026 qua,25,0,20,0,0,8,17,"18,52","3 740,16","149,61",10,0,46,547,651,190,0,0,315,232,"13,07","89 878,02","164,31",211,0,1030,Total mai,547,651,190,0,0,315,232,"13,07","89 878,02","164,31",211,0,1030,Total,49527,3754,17622,0,64,42974,6553,"50,27","6 884 763,99","139,01",17757,137,90685
Data,Ocup,Opção,Cheg,Oferta/Uso Interno,Deduz. Individ.,Deduz. Grupos,% Ocup.,Receita Quartos,Preço Médio,Saídas,Quartos FdS,Adul. / Cri.,maio,Previsão,21-mai-2026 qui,30,4,6,0,0,13,17,"22,22","4 564,17","152,14",1,0,51,547,651,190,0,0,315,232,"13,07","89 878,02","164,31",211,0,1030,Total mai,547,651,190,0,0,315,232,"13,07","89 878,02","164,31",211,0,1030,Total,49527,3754,17622,0,64,42974,6553,"50,27","6 884 763,99","139,01",17757,137,90685
Data,Ocup,Opção,Cheg,Oferta/Uso Interno,Deduz. Individ.,Deduz. Grupos,% Ocup.,Receita Quartos,Preço Médio,Saídas,Quartos FdS,Adul. / Cri.,maio,Previsão,22-mai-2026 sex,29,13,3,0,0,12,17,"21,48","4 978,54","171,67",4,0,54,547,651,190,0,0,315,232,"13,07","89 878,02","164,31",211,0,1030,Total mai,547,651,190,0,0,315,232,"13,07","89 878,02","164,31",211,0,1030,Total,49527,3754,17622,0,64,42974,6553,"50,27","6 884 763,99","139,01",17757,137,90685
Data,Ocup,Opção,Cheg,Oferta/Uso Interno,Deduz. Individ.,Deduz. Grupos,% Ocup.,Receita Quartos,Preço Médio,Saídas,Quartos FdS,Adul. / Cri.,maio,Previsão,23-mai-2026 sáb,13,16,3,0,0,12,1,"9,63","2 561,61","197,05",19,0,24,547,651,190,0,0,315,232,"13,07","89 878,02","164,31",211,0,1030,Total mai,547,651,190,0,0,315,232,"13,07","89 878,02","164,31",211,0,1030,Total,49527,3754,17622,0,64,42974,6553,"50,27","6 884 763,99","139,01",17757,137,90685
Data,Ocup,Opção,Cheg,Oferta/Uso Interno,Deduz. Individ.,Deduz. Grupos,% Ocup.,Receita Quartos,Preço Médio,Saídas,Quartos FdS,Adul. / Cri.,maio,Previsão,24-mai-2026 dom,11,13,7,0,0,11,0,"8,15","1 977,09","179,74",9,0,20,547,651,190,0,0,315,232,"13,07","89 878,02","164,31",211,0,1030,Total mai,547,651,190,0,0,315,232,"13,07","89 878,02","164,31",211,0,1030,Total,49527,3754,17622,0,64,42974,6553,"50,27","6 884 763,99","139,01",17757,137,90685
Data,Ocup,Opção,Cheg,Oferta/Uso Interno,Deduz. Individ.,Deduz. Grupos,% Ocup.,Receita Quartos,Preço Médio,Saídas,Quartos FdS,Adul. / Cri.,maio,Previsão,25-mai-2026 seg,13,13,4,0,0,13,0,"9,63","2 541,11","195,47",2,0,23,547,651,190,0,0,315,232,"13,07","89 878,02","164,31",211,0,1030,Total mai,547,651,190,0,0,315,232,"13,07","89 878,02","164,31",211,0,1030,Total,49527,3754,17622,0,64,42974,6553,"50,27","6 884 763,99","139,01",17757,137,90685
Data,Ocup,Opção,Cheg,Oferta/Uso Interno,Deduz. Individ.,Deduz. Grupos,% Ocup.,Receita Quartos,Preço Médio,Saídas,Quartos FdS,Adul. / Cri.,maio,Previsão,26-mai-2026 ter,19,22,10,0,0,18,1,"14,07","3 708,05","195,16",4,0,33,547,651,190,0,0,315,232,"13,07","89 878,02","164,31",211,0,1030,Total mai,547,651,190,0,0,315,232,"13,07","89 878,02","164,31",211,0,1030,Total,49527,3754,17622,0,64,42974,6553,"50,27","6 884 763,99","139,01",17757,137,90685
Data,Ocup,Opção,Cheg,Oferta/Uso Interno,Deduz. Individ.,Deduz. Grupos,% Ocup.,Receita Quartos,Preço Médio,Saídas,Quartos FdS,Adul. / Cri.,maio,Previsão,27-mai-2026 qua,25,22,17,0,0,8,17,"18,52","4 183,11","167,32",11,0,48,547,651,190,0,0,315,232,"13,07","89 878,02","164,31",211,0,1030,Total mai,547,651,190,0,0,315,232,"13,07","89 878,02","164,31",211,0,1030,Total,49527,3754,17622,0,64,42974,6553,"50,27","6 884 763,99","139,01",17757,137,90685
Data,Ocup,Opção,Cheg,Oferta/Uso Interno,Deduz. Individ.,Deduz. Grupos,% Ocup.,Receita Quartos,Preço Médio,Saídas,Quartos FdS,Adul. / Cri.,maio,Previsão,28-mai-2026 qui,24,26,3,0,0,7,17,"17,78","3 970,33","165,43",4,0,46,547,651,190,0,0,315,232,"13,07","89 878,02","164,31",211,0,1030,Total mai,547,651,190,0,0,315,232,"13,07","89 878,02","164,31",211,0,1030,Total,49527,3754,17622,0,64,42974,6553,"50,27","6 884 763,99","139,01",17757,137,90685
Data,Ocup,Opção,Cheg,Oferta/Uso Interno,Deduz. Individ.,Deduz. Grupos,% Ocup.,Receita Quartos,Preço Médio,Saídas,Quartos FdS,Adul. / Cri.,maio,Previsão,29-mai-2026 sex,24,13,0,0,0,7,17,"17,78","4 096,06","170,67",0,0,46,547,651,190,0,0,315,232,"13,07","89 878,02","164,31",211,0,1030,Total mai,547,651,190,0,0,315,232,"13,07","89 878,02","164,31",211,0,1030,Total,49527,3754,17622,0,64,42974,6553,"50,27","6 884 763,99","139,01",17757,137,90685
Data,Ocup,Opção,Cheg,Oferta/Uso Interno,Deduz. Individ.,Deduz. Grupos,% Ocup.,Receita Quartos,Preço Médio,Saídas,Quartos FdS,Adul. / Cri.,maio,Previsão,30-mai-2026 sáb,5,35,2,0,0,5,0,"3,70","920,99","184,20",21,0,10,547,651,190,0,0,315,232,"13,07","89 878,02","164,31",211,0,1030,Total mai,547,651,190,0,0,315,232,"13,07","89 878,02","164,31",211,0,1030,Total,49527,3754,17622,0,64,42974,6553,"50,27","6 884 763,99","139,01",17757,137,90685
Data,Ocup,Opção,Cheg,Oferta/Uso Interno,Deduz. Individ.,Deduz. Grupos,% Ocup.,Receita Quartos,Preço Médio,Saídas,Quartos FdS,Adul. / Cri.,maio,Previsão,31-mai-2026 dom,8,22,4,0,0,8,0,"5,93","1 403,10","175,39",1,0,16,547,651,190,0,0,315,232,"13,07","89 878,02","164,31",211,0,1030,Total mai,547,651,190,0,0,315,232,"13,07","89 878,02","164,31",211,0,1030,Total,49527,3754,17622,0,64,42974,6553,"50,27","6 884 763,99","139,01",17757,137,90685
Data,Ocup,Opção,Cheg,Oferta/Uso Interno,Deduz. Individ.,Deduz. Grupos,% Ocup.,Receita Quartos,Preço Médio,Saídas,Quartos FdS,Adul. / Cri.,junho,Previsão,01-jun-2026 seg,11,22,4,0,0,11,0,"8,15","1 863,09","169,37",1,0,22,394,731,139,0,0,148,246,"9,73","64 100,54","162,69",143,0,755,Total jun,394,731,139,0,0,148,246,"9,73","64 100,54","162,69",143,0,755,Total,49527,3754,17622,0,64,42974,6553,"50,27","6 884 763,99","139,01",17757,137,90685
Data,Ocup,Opção,Cheg,Oferta/Uso Interno,Deduz. Individ.,Deduz. Grupos,% Ocup.,Receita Quartos,Preço Médio,Saídas,Quartos FdS,Adul. / Cri.,junho,Previsão,02-jun-2026 ter,13,0,4,0,0,12,1,"9,63","1 979,31","152,25",2,0,25,394,731,139,0,0,148,246,"9,73","64 100,54","162,69",143,0,755,Total jun,394,731,139,0,0,148,246,"9,73","64 100,54","162,69",143,0,755,Total,49527,3754,17622,0,64,42974,6553,"50,27","6 884 763,99","139,01",17757,137,90685
Data,Ocup,Opção,Cheg,Oferta/Uso Interno,Deduz. Individ.,Deduz. Grupos,% Ocup.,Receita Quartos,Preço Médio,Saídas,Quartos FdS,Adul. / Cri.,junho,Previsão,03-jun-2026 qua,31,0,24,0,0,12,19,"22,96","4 784,20","154,33",6,0,60,394,731,139,0,0,148,246,"9,73","64 100,54","162,69",143,0,755,Total jun,394,731,139,0,0,148,246,"9,73","64 100,54","162,69",143,0,755,Total,49527,3754,17622,0,64,42974,6553,"50,27","6 884 763,99","139,01",17757,137,90685
Data,Ocup,Opção,Cheg,Oferta/Uso Interno,Deduz. Individ.,Deduz. Grupos,% Ocup.,Receita Quartos,Preço Médio,Saídas,Quartos FdS,Adul. / Cri.,junho,Previsão,04-jun-2026 qui,27,24,1,0,0,8,19,"20,00","4 174,27","154,60",5,0,52,394,731,139,0,0,148,246,"9,73","64 100,54","162,69",143,0,755,Total jun,394,731,139,0,0,148,246,"9,73","64 100,54","162,69",143,0,755,Total,49527,3754,17622,0,64,42974,6553,"50,27","6 884 763,99","139,01",17757,137,90685
Data,Ocup,Opção,Cheg,Oferta/Uso Interno,Deduz. Individ.,Deduz. Grupos,% Ocup.,Receita Quartos,Preço Médio,Saídas,Quartos FdS,Adul. / Cri.,junho,Previsão,05-jun-2026 sex,26,35,2,0,0,9,17,"19,26","4 163,15","160,12",3,0,50,394,731,139,0,0,148,246,"9,73","64 100,54","162,69",143,0,755,Total jun,394,731,139,0,0,148,246,"9,73","64 100,54","162,69",143,0,755,Total,49527,3754,17622,0,64,42974,6553,"50,27","6 884 763,99","139,01",17757,137,90685
Data,Ocup,Opção,Cheg,Oferta/Uso Interno,Deduz. Individ.,Deduz. Grupos,% Ocup.,Receita Quartos,Preço Médio,Saídas,Quartos FdS,Adul. / Cri.,junho,Previsão,06-jun-2026 sáb,25,48,20,0,0,8,17,"18,52","5 288,17","211,53",21,0,46,394,731,139,0,0,148,246,"9,73","64 100,54","162,69",143,0,755,Total jun,394,731,139,0,0,148,246,"9,73","64 100,54","162,69",143,0,755,Total,49527,3754,17622,0,64,42974,6553,"50,27","6 884 763,99","139,01",17757,137,90685
Data,Ocup,Opção,Cheg,Oferta/Uso Interno,Deduz. Individ.,Deduz. Grupos,% Ocup.,Receita Quartos,Preço Médio,Saídas,Quartos FdS,Adul. / Cri.,junho,Previsão,07-jun-2026 dom,29,13,5,0,0,12,17,"21,48","6 076,49","209,53",1,0,56,394,731,139,0,0,148,246,"9,73","64 100,54","162,69",143,0,755,Total jun,394,731,139,0,0,148,246,"9,73","64 100,54","162,69",143,0,755,Total,49527,3754,17622,0,64,42974,6553,"50,27","6 884 763,99","139,01",17757,137,90685
Data,Ocup,Opção,Cheg,Oferta/Uso Interno,Deduz. Individ.,Deduz. Grupos,% Ocup.,Receita Quartos,Preço Médio,Saídas,Quartos FdS,Adul. / Cri.,junho,Previsão,08-jun-2026 seg,13,15,5,0,0,13,0,"9,63","2 035,12","156,55",21,0,26,394,731,139,0,0,148,246,"9,73","64 100,54","162,69",143,0,755,Total jun,394,731,139,0,0,148,246,"9,73","64 100,54","162,69",143,0,755,Total,49527,3754,17622,0,64,42974,6553,"50,27","6 884 763,99","139,01",17757,137,90685
Data,Ocup,Opção,Cheg,Oferta/Uso Interno,Deduz. Individ.,Deduz. Grupos,% Ocup.,Receita Quartos,Preço Médio,Saídas,Quartos FdS,Adul. / Cri.,junho,Previsão,09-jun-2026 ter,9,33,2,0,0,8,1,"6,67","1 344,10","149,34",6,0,15,394,731,139,0,0,148,246,"9,73","64 100,54","162,69",143,0,755,Total jun,394,731,139,0,0,148,246,"9,73","64 100,54","162,69",143,0,755,Total,49527,3754,17622,0,64,42974,6553,"50,27","6 884 763,99","139,01",17757,137,90685
Data,Ocup,Opção,Cheg,Oferta/Uso Interno,Deduz. Individ.,Deduz. Grupos,% Ocup.,Receita Quartos,Preço Médio,Saídas,Quartos FdS,Adul. / Cri.,junho,Previsão,10-jun-2026 qua,21,0,16,0,0,4,17,"15,56","3 260,67","155,27",4,0,41,394,731,139,0,0,148,246,"9,73","64 100,54","162,69",143,0,755,Total jun,394,731,139,0,0,148,246,"9,73","64 100,54","162,69",143,0,755,Total,49527,3754,17622,0,64,42974,6553,"50,27","6 884 763,99","139,01",17757,137,90685
Data,Ocup,Opção,Cheg,Oferta/Uso Interno,Deduz. Individ.,Deduz. Grupos,% Ocup.,Receita Quartos,Preço Médio,Saídas,Quartos FdS,Adul. / Cri.,junho,Previsão,11-jun-2026 qui,18,26,0,0,0,1,17,"13,33","2 822,65","156,81",3,0,35,394,731,139,0,0,148,246,"9,73","64 100,54","162,69",143,0,755,Total jun,394,731,139,0,0,148,246,"9,73","64 100,54","162,69",143,0,755,Total,49527,3754,17622,0,64,42974,6553,"50,27","6 884 763,99","139,01",17757,137,90685
Data,Ocup,Opção,Cheg,Oferta/Uso Interno,Deduz. Individ.,Deduz. Grupos,% Ocup.,Receita Quartos,Preço Médio,Saídas,Quartos FdS,Adul. / Cri.,junho,Previsão,12-jun-2026 sex,21,22,3,0,0,4,17,"15,56","3 383,40","161,11",0,0,40,394,731,139,0,0,148,246,"9,73","64 100,54","162,69",143,0,755,Total jun,394,731,139,0,0,148,246,"9,73","64 100,54","162,69",143,0,755,Total,49527,3754,17622,0,64,42974,6553,"50,27","6 884 763,99","139,01",17757,137,90685
Data,Ocup,Opção,Cheg,Oferta/Uso Interno,Deduz. Individ.,Deduz. Grupos,% Ocup.,Receita Quartos,Preço Médio,Saídas,Quartos FdS,Adul. / Cri.,junho,Previsão,13-jun-2026 sáb,5,22,2,0,0,5,0,"3,70","1 010,43","202,09",18,0,11,394,731,139,0,0,148,246,"9,73","64 100,54","162,69",143,0,755,Total jun,394,731,139,0,0,148,246,"9,73","64 100,54","162,69",143,0,755,Total,49527,3754,17622,0,64,42974,6553,"50,27","6 884 763,99","139,01",17757,137,90685
Data,Ocup,Opção,Cheg,Oferta/Uso Interno,Deduz. Individ.,Deduz. Grupos,% Ocup.,Receita Quartos,Preço Médio,Saídas,Quartos FdS,Adul. / Cri.,junho,Previsão,14-jun-2026 dom,3,22,1,0,0,3,0,"2,22","419,47","139,82",3,0,5,394,731,139,0,0,148,246,"9,73","64 100,54","162,69",143,0,755,Total jun,394,731,139,0,0,148,246,"9,73","64 100,54","162,69",143,0,755,Total,49527,3754,17622,0,64,42974,6553,"50,27","6 884 763,99","139,01",17757,137,90685
Data,Ocup,Opção,Cheg,Oferta/Uso Interno,Deduz. Individ.,Deduz. Grupos,% Ocup.,Receita Quartos,Preço Médio,Saídas,Quartos FdS,Adul. / Cri.,junho,Previsão,15-jun-2026 seg,3,22,1,0,0,3,0,"2,22","493,47","164,49",1,0,5,394,731,139,0,0,148,246,"9,73","64 100,54","162,69",143,0,755,Total jun,394,731,139,0,0,148,246,"9,73","64 100,54","162,69",143,0,755,Total,49527,3754,17622,0,64,42974,6553,"50,27","6 884 763,99","139,01",17757,137,90685
Data,Ocup,Opção,Cheg,Oferta/Uso Interno,Deduz. Individ.,Deduz. Grupos,% Ocup.,Receita Quartos,Preço Médio,Saídas,Quartos FdS,Adul. / Cri.,junho,Previsão,16-jun-2026 ter,6,57,4,0,0,5,1,"4,44","1 030,52","171,75",1,0,10,394,731,139,0,0,148,246,"9,73","64 100,54","162,69",143,0,755,Total jun,394,731,139,0,0,148,246,"9,73","64 100,54","162,69",143,0,755,Total,49527,3754,17622,0,64,42974,6553,"50,27","6 884 763,99","139,01",17757,137,90685
Data,Ocup,Opção,Cheg,Oferta/Uso Interno,Deduz. Individ.,Deduz. Grupos,% Ocup.,Receita Quartos,Preço Médio,Saídas,Quartos FdS,Adul. / Cri.,junho,Previsão,17-jun-2026 qua,20,0,16,0,0,3,17,"14,81","3 124,12","156,21",2,0,38,394,731,139,0,0,148,246,"9,73","64 100,54","162,69",143,0,755,Total jun,394,731,139,0,0,148,246,"9,73","64 100,54","162,69",143,0,755,Total,49527,3754,17622,0,64,42974,6553,"50,27","6 884 763,99","139,01",17757,137,90685
Data,Ocup,Opção,Cheg,Oferta/Uso Interno,Deduz. Individ.,Deduz. Grupos,% Ocup.,Receita Quartos,Preço Médio,Saídas,Quartos FdS,Adul. / Cri.,junho,Previsão,18-jun-2026 qui,19,4,0,0,0,2,17,"14,07","2 952,24","155,38",1,0,36,394,731,139,0,0,148,246,"9,73","64 100,54","162,69",143,0,755,Total jun,394,731,139,0,0,148,246,"9,73","64 100,54","162,69",143,0,755,Total,49527,3754,17622,0,64,42974,6553,"50,27","6 884 763,99","139,01",17757,137,90685
Data,Ocup,Opção,Cheg,Oferta/Uso Interno,Deduz. Individ.,Deduz. Grupos,% Ocup.,Receita Quartos,Preço Médio,Saídas,Quartos FdS,Adul. / Cri.,junho,Previsão,19-jun-2026 sex,20,17,1,0,0,3,17,"14,81","3 066,96","153,35",0,0,38,394,731,139,0,0,148,246,"9,73","64 100,54","162,69",143,0,755,Total jun,394,731,139,0,0,148,246,"9,73","64 100,54","162,69",143,0,755,Total,49527,3754,17622,0,64,42974,6553,"50,27","6 884 763,99","139,01",17757,137,90685
Data,Ocup,Opção,Cheg,Oferta/Uso Interno,Deduz. Individ.,Deduz. Grupos,% Ocup.,Receita Quartos,Preço Médio,Saídas,Quartos FdS,Adul. / Cri.,junho,Previsão,20-jun-2026 sáb,2,21,1,0,0,2,0,"1,48","210,18","105,09",19,0,4,394,731,139,0,0,148,246,"9,73","64 100,54","162,69",143,0,755,Total jun,394,731,139,0,0,148,246,"9,73","64 100,54","162,69",143,0,755,Total,49527,3754,17622,0,64,42974,6553,"50,27","6 884 763,99","139,01",17757,137,90685
Data,Ocup,Opção,Cheg,Oferta/Uso Interno,Deduz. Individ.,Deduz. Grupos,% Ocup.,Receita Quartos,Preço Médio,Saídas,Quartos FdS,Adul. / Cri.,junho,Previsão,21-jun-2026 dom,6,13,4,0,0,6,0,"4,44","609,32","101,55",0,0,12,394,731,139,0,0,148,246,"9,73","64 100,54","162,69",143,0,755,Total jun,394,731,139,0,0,148,246,"9,73","64 100,54","162,69",143,0,755,Total,49527,3754,17622,0,64,42974,6553,"50,27","6 884 763,99","139,01",17757,137,90685
Data,Ocup,Opção,Cheg,Oferta/Uso Interno,Deduz. Individ.,Deduz. Grupos,% Ocup.,Receita Quartos,Preço Médio,Saídas,Quartos FdS,Adul. / Cri.,junho,Previsão,22-jun-2026 seg,3,39,0,0,0,3,0,"2,22","277,92","92,64",3,0,6,394,731,139,0,0,148,246,"9,73","64 100,54","162,69",143,0,755,Total jun,394,731,139,0,0,148,246,"9,73","64 100,54","162,69",143,0,755,Total,49527,3754,17622,0,64,42974,6553,"50,27","6 884 763,99","139,01",17757,137,90685
Data,Ocup,Opção,Cheg,Oferta/Uso Interno,Deduz. Individ.,Deduz. Grupos,% Ocup.,Receita Quartos,Preço Médio,Saídas,Quartos FdS,Adul. / Cri.,junho,Previsão,23-jun-2026 ter,2,26,1,0,0,1,1,"1,48","248,17","124,09",2,0,3,394,731,139,0,0,148,246,"9,73","64 100,54","162,69",143,0,755,Total jun,394,731,139,0,0,148,246,"9,73","64 100,54","162,69",143,0,755,Total,49527,3754,17622,0,64,42974,6553,"50,27","6 884 763,99","139,01",17757,137,90685
Data,Ocup,Opção,Cheg,Oferta/Uso Interno,Deduz. Individ.,Deduz. Grupos,% Ocup.,Receita Quartos,Preço Médio,Saídas,Quartos FdS,Adul. / Cri.,junho,Previsão,24-jun-2026 qua,18,0,16,0,0,1,17,"13,33","2 766,25","153,68",0,0,35,394,731,139,0,0,148,246,"9,73","64 100,54","162,69",143,0,755,Total jun,394,731,139,0,0,148,246,"9,73","64 100,54","162,69",143,0,755,Total,49527,3754,17622,0,64,42974,6553,"50,27","6 884 763,99","139,01",17757,137,90685
Data,Ocup,Opção,Cheg,Oferta/Uso Interno,Deduz. Individ.,Deduz. Grupos,% Ocup.,Receita Quartos,Preço Médio,Saídas,Quartos FdS,Adul. / Cri.,junho,Previsão,25-jun-2026 qui,19,26,2,0,0,2,17,"14,07","2 936,24","154,54",1,0,37,394,731,139,0,0,148,246,"9,73","64 100,54","162,69",143,0,755,Total jun,394,731,139,0,0,148,246,"9,73","64 100,54","162,69",143,0,755,Total,49527,3754,17622,0,64,42974,6553,"50,27","6 884 763,99","139,01",17757,137,90685
Data,Ocup,Opção,Cheg,Oferta/Uso Interno,Deduz. Individ.,Deduz. Grupos,% Ocup.,Receita Quartos,Preço Médio,Saídas,Quartos FdS,Adul. / Cri.,junho,Previsão,26-jun-2026 sex,18,35,0,0,0,1,17,"13,33","2 793,12","155,17",1,0,35,394,731,139,0,0,148,246,"9,73","64 100,54","162,69",143,0,755,Total jun,394,731,139,0,0,148,246,"9,73","64 100,54","162,69",143,0,755,Total,49527,3754,17622,0,64,42974,6553,"50,27","6 884 763,99","139,01",17757,137,90685
Data,Ocup,Opção,Cheg,Oferta/Uso Interno,Deduz. Individ.,Deduz. Grupos,% Ocup.,Receita Quartos,Preço Médio,Saídas,Quartos FdS,Adul. / Cri.,junho,Previsão,27-jun-2026 sáb,1,39,0,0,0,1,0,"0,74","124,85","124,85",17,0,2,394,731,139,0,0,148,246,"9,73","64 100,54","162,69",143,0,755,Total jun,394,731,139,0,0,148,246,"9,73","64 100,54","162,69",143,0,755,Total,49527,3754,17622,0,64,42974,6553,"50,27","6 884 763,99","139,01",17757,137,90685
Data,Ocup,Opção,Cheg,Oferta/Uso Interno,Deduz. Individ.,Deduz. Grupos,% Ocup.,Receita Quartos,Preço Médio,Saídas,Quartos FdS,Adul. / Cri.,junho,Previsão,28-jun-2026 dom,0,39,0,0,0,0,0,-,-,NaN,1,0,0,394,731,139,0,0,148,246,"9,73","64 100,54","162,69",143,0,755,Total jun,394,731,139,0,0,148,246,"9,73","64 100,54","162,69",143,0,755,Total,49527,3754,17622,0,64,42974,6553,"50,27","6 884 763,99","139,01",17757,137,90685
Data,Ocup,Opção,Cheg,Oferta/Uso Interno,Deduz. Individ.,Deduz. Grupos,% Ocup.,Receita Quartos,Preço Médio,Saídas,Quartos FdS,Adul. / Cri.,junho,Previsão,29-jun-2026 seg,1,39,1,0,0,1,0,"0,74","191,06","191,06",0,0,2,394,731,139,0,0,148,246,"9,73","64 100,54","162,69",143,0,755,Total jun,394,731,139,0,0,148,246,"9,73","64 100,54","162,69",143,0,755,Total,49527,3754,17622,0,64,42974,6553,"50,27","6 884 763,99","139,01",17757,137,90685
Data,Ocup,Opção,Cheg,Oferta/Uso Interno,Deduz. Individ.,Deduz. Grupos,% Ocup.,Receita Quartos,Preço Médio,Saídas,Quartos FdS,Adul. / Cri.,junho,Previsão,30-jun-2026 ter,4,72,3,0,0,4,0,"2,96","671,60","167,90",0,0,8,394,731,139,0,0,148,246,"9,73","64 100,54","162,69",143,0,755,Total jun,394,731,139,0,0,148,246,"9,73","64 100,54","162,69",143,0,755,Total,49527,3754,17622,0,64,42974,6553,"50,27","6 884 763,99","139,01",17757,137,90685
Data,Ocup,Opção,Cheg,Oferta/Uso Interno,Deduz. Individ.,Deduz. Grupos,% Ocup.,Receita Quartos,Preço Médio,Saídas,Quartos FdS,Adul. / Cri.,julho,Previsão,01-jul-2026 qua,3,22,1,0,0,3,0,"2,22","611,08","203,69",2,0,7,115,229,38,0,0,115,0,"2,75","18 611,53","161,84",38,0,251,Total jul,115,229,38,0,0,115,0,"2,75","18 611,53","161,84",38,0,251,Total,49527,3754,17622,0,64,42974,6553,"50,27","6 884 763,99","139,01",17757,137,90685
Data,Ocup,Opção,Cheg,Oferta/Uso Interno,Deduz. Individ.,Deduz. Grupos,% Ocup.,Receita Quartos,Preço Médio,Saídas,Quartos FdS,Adul. / Cri.,julho,Previsão,02-jul-2026 qui,2,22,1,0,0,2,0,"1,48","410,22","205,11",2,0,5,115,229,38,0,0,115,0,"2,75","18 611,53","161,84",38,0,251,Total jul,115,229,38,0,0,115,0,"2,75","18 611,53","161,84",38,0,251,Total,49527,3754,17622,0,64,42974,6553,"50,27","6 884 763,99","139,01",17757,137,90685
Data,Ocup,Opção,Cheg,Oferta/Uso Interno,Deduz. Individ.,Deduz. Grupos,% Ocup.,Receita Quartos,Preço Médio,Saídas,Quartos FdS,Adul. / Cri.,julho,Previsão,03-jul-2026 sex,7,0,5,0,0,7,0,"5,19","1 211,41","173,06",0,0,15,115,229,38,0,0,115,0,"2,75","18 611,53","161,84",38,0,251,Total jul,115,229,38,0,0,115,0,"2,75","18 611,53","161,84",38,0,251,Total,49527,3754,17622,0,64,42974,6553,"50,27","6 884 763,99","139,01",17757,137,90685
Data,Ocup,Opção,Cheg,Oferta/Uso Interno,Deduz. Individ.,Deduz. Grupos,% Ocup.,Receita Quartos,Preço Médio,Saídas,Quartos FdS,Adul. / Cri.,julho,Previsão,04-jul-2026 sáb,7,0,4,0,0,7,0,"5,19","1 173,69","167,67",4,0,12,115,229,38,0,0,115,0,"2,75","18 611,53","161,84",38,0,251,Total jul,115,229,38,0,0,115,0,"2,75","18 611,53","161,84",38,0,251,Total,49527,3754,17622,0,64,42974,6553,"50,27","6 884 763,99","139,01",17757,137,90685
Data,Ocup,Opção,Cheg,Oferta/Uso Interno,Deduz. Individ.,Deduz. Grupos,% Ocup.,Receita Quartos,Preço Médio,Saídas,Quartos FdS,Adul. / Cri.,julho,Previsão,05-jul-2026 dom,6,16,0,0,0,6,0,"4,44","919,02","153,17",1,0,10,115,229,38,0,0,115,0,"2,75","18 611,53","161,84",38,0,251,Total jul,115,229,38,0,0,115,0,"2,75","18 611,53","161,84",38,0,251,Total,49527,3754,17622,0,64,42974,6553,"50,27","6 884 763,99","139,01",17757,137,90685
Data,Ocup,Opção,Cheg,Oferta/Uso Interno,Deduz. Individ.,Deduz. Grupos,% Ocup.,Receita Quartos,Preço Médio,Saídas,Quartos FdS,Adul. / Cri.,julho,Previsão,06-jul-2026 seg,6,16,2,0,0,6,0,"4,44","855,42","142,57",2,0,10,115,229,38,0,0,115,0,"2,75","18 611,53","161,84",38,0,251,Total jul,115,229,38,0,0,115,0,"2,75","18 611,53","161,84",38,0,251,Total,49527,3754,17622,0,64,42974,6553,"50,27","6 884 763,99","139,01",17757,137,90685
Data,Ocup,Opção,Cheg,Oferta/Uso Interno,Deduz. Individ.,Deduz. Grupos,% Ocup.,Receita Quartos,Preço Médio,Saídas,Quartos FdS,Adul. / Cri.,julho,Previsão,07-jul-2026 ter,6,22,2,0,0,6,0,"4,44","791,96","131,99",2,0,10,115,229,38,0,0,115,0,"2,75","18 611,53","161,84",38,0,251,Total jul,115,229,38,0,0,115,0,"2,75","18 611,53","161,84",38,0,251,Total,49527,3754,17622,0,64,42974,6553,"50,27","6 884 763,99","139,01",17757,137,90685
Data,Ocup,Opção,Cheg,Oferta/Uso Interno,Deduz. Individ.,Deduz. Grupos,% Ocup.,Receita Quartos,Preço Médio,Saídas,Quartos FdS,Adul. / Cri.,julho,Previsão,08-jul-2026 qua,0,22,0,0,0,0,0,-,-,NaN,6,0,0,115,229,38,0,0,115,0,"2,75","18 611,53","161,84",38,0,251,Total jul,115,229,38,0,0,115,0,"2,75","18 611,53","161,84",38,0,251,Total,49527,3754,17622,0,64,42974,6553,"50,27","6 884 763,99","139,01",17757,137,90685
Data,Ocup,Opção,Cheg,Oferta/Uso Interno,Deduz. Individ.,Deduz. Grupos,% Ocup.,Receita Quartos,Preço Médio,Saídas,Quartos FdS,Adul. / Cri.,julho,Previsão,09-jul-2026 qui,5,22,5,0,0,5,0,"3,70","668,18","133,64",0,0,10,115,229,38,0,0,115,0,"2,75","18 611,53","161,84",38,0,251,Total jul,115,229,38,0,0,115,0,"2,75","18 611,53","161,84",38,0,251,Total,49527,3754,17622,0,64,42974,6553,"50,27","6 884 763,99","139,01",17757,137,90685
Data,Ocup,Opção,Cheg,Oferta/Uso Interno,Deduz. Individ.,Deduz. Grupos,% Ocup.,Receita Quartos,Preço Médio,Saídas,Quartos FdS,Adul. / Cri.,julho,Previsão,10-jul-2026 sex,10,0,5,0,0,10,0,"7,41","1 517,93","151,79",0,0,21,115,229,38,0,0,115,0,"2,75","18 611,53","161,84",38,0,251,Total jul,115,229,38,0,0,115,0,"2,75","18 611,53","161,84",38,0,251,Total,49527,3754,17622,0,64,42974,6553,"50,27","6 884 763,99","139,01",17757,137,90685
Data,Ocup,Opção,Cheg,Oferta/Uso Interno,Deduz. Individ.,Deduz. Grupos,% Ocup.,Receita Quartos,Preço Médio,Saídas,Quartos FdS,Adul. / Cri.,julho,Previsão,11-jul-2026 sáb,10,4,0,0,0,10,0,"7,41","1 517,93","151,79",0,0,21,115,229,38,0,0,115,0,"2,75","18 611,53","161,84",38,0,251,Total jul,115,229,38,0,0,115,0,"2,75","18 611,53","161,84",38,0,251,Total,49527,3754,17622,0,64,42974,6553,"50,27","6 884 763,99","139,01",17757,137,90685
Data,Ocup,Opção,Cheg,Oferta/Uso Interno,Deduz. Individ.,Deduz. Grupos,% Ocup.,Receita Quartos,Preço Médio,Saídas,Quartos FdS,Adul. / Cri.,julho,Previsão,12-jul-2026 dom,7,13,2,0,0,7,0,"5,19","1 062,32","151,76",5,0,15,115,229,38,0,0,115,0,"2,75","18 611,53","161,84",38,0,251,Total jul,115,229,38,0,0,115,0,"2,75","18 611,53","161,84",38,0,251,Total,49527,3754,17622,0,64,42974,6553,"50,27","6 884 763,99","139,01",17757,137,90685
Data,Ocup,Opção,Cheg,Oferta/Uso Interno,Deduz. Individ.,Deduz. Grupos,% Ocup.,Receita Quartos,Preço Médio,Saídas,Quartos FdS,Adul. / Cri.,julho,Previsão,13-jul-2026 seg,6,13,0,0,0,6,0,"4,44","830,98","138,50",1,0,12,115,229,38,0,0,115,0,"2,75","18 611,53","161,84",38,0,251,Total jul,115,229,38,0,0,115,0,"2,75","18 611,53","161,84",38,0,251,Total,49527,3754,17622,0,64,42974,6553,"50,27","6 884 763,99","139,01",17757,137,90685
Data,Ocup,Opção,Cheg,Oferta/Uso Interno,Deduz. Individ.,Deduz. Grupos,% Ocup.,Receita Quartos,Preço Médio,Saídas,Quartos FdS,Adul. / Cri.,julho,Previsão,14-jul-2026 ter,6,0,0,0,0,6,0,"4,44","830,98","138,50",0,0,12,115,229,38,0,0,115,0,"2,75","18 611,53","161,84",38,0,251,Total jul,115,229,38,0,0,115,0,"2,75","18 611,53","161,84",38,0,251,Total,49527,3754,17622,0,64,42974,6553,"50,27","6 884 763,99","139,01",17757,137,90685
Data,Ocup,Opção,Cheg,Oferta/Uso Interno,Deduz. Individ.,Deduz. Grupos,% Ocup.,Receita Quartos,Preço Médio,Saídas,Quartos FdS,Adul. / Cri.,julho,Previsão,15-jul-2026 qua,0,0,0,0,0,0,0,-,-,NaN,6,0,0,115,229,38,0,0,115,0,"2,75","18 611,53","161,84",38,0,251,Total jul,115,229,38,0,0,115,0,"2,75","18 611,53","161,84",38,0,251,Total,49527,3754,17622,0,64,42974,6553,"50,27","6 884 763,99","139,01",17757,137,90685
Data,Ocup,Opção,Cheg,Oferta/Uso Interno,Deduz. Individ.,Deduz. Grupos,% Ocup.,Receita Quartos,Preço Médio,Saídas,Quartos FdS,Adul. / Cri.,julho,Previsão,16-jul-2026 qui,1,0,1,0,0,1,0,"0,74","123,38","123,38",0,0,2,115,229,38,0,0,115,0,"2,75","18 611,53","161,84",38,0,251,Total jul,115,229,38,0,0,115,0,"2,75","18 611,53","161,84",38,0,251,Total,49527,3754,17622,0,64,42974,6553,"50,27","6 884 763,99","139,01",17757,137,90685
Data,Ocup,Opção,Cheg,Oferta/Uso Interno,Deduz. Individ.,Deduz. Grupos,% Ocup.,Receita Quartos,Preço Médio,Saídas,Quartos FdS,Adul. / Cri.,julho,Previsão,17-jul-2026 sex,1,0,0,0,0,1,0,"0,74","123,38","123,38",0,0,2,115,229,38,0,0,115,0,"2,75","18 611,53","161,84",38,0,251,Total jul,115,229,38,0,0,115,0,"2,75","18 611,53","161,84",38,0,251,Total,49527,3754,17622,0,64,42974,6553,"50,27","6 884 763,99","139,01",17757,137,90685
Data,Ocup,Opção,Cheg,Oferta/Uso Interno,Deduz. Individ.,Deduz. Grupos,% Ocup.,Receita Quartos,Preço Médio,Saídas,Quartos FdS,Adul. / Cri.,julho,Previsão,18-jul-2026 sáb,0,4,0,0,0,0,0,-,-,NaN,1,0,0,115,229,38,0,0,115,0,"2,75","18 611,53","161,84",38,0,251,Total jul,115,229,38,0,0,115,0,"2,75","18 611,53","161,84",38,0,251,Total,49527,3754,17622,0,64,42974,6553,"50,27","6 884 763,99","139,01",17757,137,90685
Data,Ocup,Opção,Cheg,Oferta/Uso Interno,Deduz. Individ.,Deduz. Grupos,% Ocup.,Receita Quartos,Preço Médio,Saídas,Quartos FdS,Adul. / Cri.,julho,Previsão,19-jul-2026 dom,0,13,0,0,0,0,0,-,-,NaN,0,0,0,115,229,38,0,0,115,0,"2,75","18 611,53","161,84",38,0,251,Total jul,115,229,38,0,0,115,0,"2,75","18 611,53","161,84",38,0,251,Total,49527,3754,17622,0,64,42974,6553,"50,27","6 884 763,99","139,01",17757,137,90685
Data,Ocup,Opção,Cheg,Oferta/Uso Interno,Deduz. Individ.,Deduz. Grupos,% Ocup.,Receita Quartos,Preço Médio,Saídas,Quartos FdS,Adul. / Cri.,julho,Previsão,20-jul-2026 seg,1,18,1,0,0,1,0,"0,74","309,36","309,36",0,0,4,115,229,38,0,0,115,0,"2,75","18 611,53","161,84",38,0,251,Total jul,115,229,38,0,0,115,0,"2,75","18 611,53","161,84",38,0,251,Total,49527,3754,17622,0,64,42974,6553,"50,27","6 884 763,99","139,01",17757,137,90685
Data,Ocup,Opção,Cheg,Oferta/Uso Interno,Deduz. Individ.,Deduz. Grupos,% Ocup.,Receita Quartos,Preço Médio,Saídas,Quartos FdS,Adul. / Cri.,julho,Previsão,21-jul-2026 ter,1,15,0,0,0,1,0,"0,74","309,36","309,36",0,0,4,115,229,38,0,0,115,0,"2,75","18 611,53","161,84",38,0,251,Total jul,115,229,38,0,0,115,0,"2,75","18 611,53","161,84",38,0,251,Total,49527,3754,17622,0,64,42974,6553,"50,27","6 884 763,99","139,01",17757,137,90685
Data,Ocup,Opção,Cheg,Oferta/Uso Interno,Deduz. Individ.,Deduz. Grupos,% Ocup.,Receita Quartos,Preço Médio,Saídas,Quartos FdS,Adul. / Cri.,julho,Previsão,22-jul-2026 qua,1,5,0,0,0,1,0,"0,74","309,36","309,36",0,0,4,115,229,38,0,0,115,0,"2,75","18 611,53","161,84",38,0,251,Total jul,115,229,38,0,0,115,0,"2,75","18 611,53","161,84",38,0,251,Total,49527,3754,17622,0,64,42974,6553,"50,27","6 884 763,99","139,01",17757,137,90685
Data,Ocup,Opção,Cheg,Oferta/Uso Interno,Deduz. Individ.,Deduz. Grupos,% Ocup.,Receita Quartos,Preço Médio,Saídas,Quartos FdS,Adul. / Cri.,julho,Previsão,23-jul-2026 qui,2,0,1,0,0,2,0,"1,48","404,60","202,30",0,0,6,115,229,38,0,0,115,0,"2,75","18 611,53","161,84",38,0,251,Total jul,115,229,38,0,0,115,0,"2,75","18 611,53","161,84",38,0,251,Total,49527,3754,17622,0,64,42974,6553,"50,27","6 884 763,99","139,01",17757,137,90685
Data,Ocup,Opção,Cheg,Oferta/Uso Interno,Deduz. Individ.,Deduz. Grupos,% Ocup.,Receita Quartos,Preço Médio,Saídas,Quartos FdS,Adul. / Cri.,julho,Previsão,24-jul-2026 sex,3,0,2,0,0,3,0,"2,22","634,88","211,63",1,0,8,115,229,38,0,0,115,0,"2,75","18 611,53","161,84",38,0,251,Total jul,115,229,38,0,0,115,0,"2,75","18 611,53","161,84",38,0,251,Total,49527,3754,17622,0,64,42974,6553,"50,27","6 884 763,99","139,01",17757,137,90685
Data,Ocup,Opção,Cheg,Oferta/Uso Interno,Deduz. Individ.,Deduz. Grupos,% Ocup.,Receita Quartos,Preço Médio,Saídas,Quartos FdS,Adul. / Cri.,julho,Previsão,25-jul-2026 sáb,3,0,0,0,0,3,0,"2,22","634,88","211,63",0,0,8,115,229,38,0,0,115,0,"2,75","18 611,53","161,84",38,0,251,Total jul,115,229,38,0,0,115,0,"2,75","18 611,53","161,84",38,0,251,Total,49527,3754,17622,0,64,42974,6553,"50,27","6 884 763,99","139,01",17757,137,90685
Data,Ocup,Opção,Cheg,Oferta/Uso Interno,Deduz. Individ.,Deduz. Grupos,% Ocup.,Receita Quartos,Preço Médio,Saídas,Quartos FdS,Adul. / Cri.,julho,Previsão,26-jul-2026 dom,4,0,2,0,0,4,0,"2,96","512,93","128,23",1,0,8,115,229,38,0,0,115,0,"2,75","18 611,53","161,84",38,0,251,Total jul,115,229,38,0,0,115,0,"2,75","18 611,53","161,84",38,0,251,Total,49527,3754,17622,0,64,42974,6553,"50,27","6 884 763,99","139,01",17757,137,90685
Data,Ocup,Opção,Cheg,Oferta/Uso Interno,Deduz. Individ.,Deduz. Grupos,% Ocup.,Receita Quartos,Preço Médio,Saídas,Quartos FdS,Adul. / Cri.,julho,Previsão,27-jul-2026 seg,4,0,0,0,0,4,0,"2,96","512,93","128,23",0,0,8,115,229,38,0,0,115,0,"2,75","18 611,53","161,84",38,0,251,Total jul,115,229,38,0,0,115,0,"2,75","18 611,53","161,84",38,0,251,Total,49527,3754,17622,0,64,42974,6553,"50,27","6 884 763,99","139,01",17757,137,90685
Data,Ocup,Opção,Cheg,Oferta/Uso Interno,Deduz. Individ.,Deduz. Grupos,% Ocup.,Receita Quartos,Preço Médio,Saídas,Quartos FdS,Adul. / Cri.,julho,Previsão,28-jul-2026 ter,3,0,1,0,0,3,0,"2,22","455,12","151,71",2,0,8,115,229,38,0,0,115,0,"2,75","18 611,53","161,84",38,0,251,Total jul,115,229,38,0,0,115,0,"2,75","18 611,53","161,84",38,0,251,Total,49527,3754,17622,0,64,42974,6553,"50,27","6 884 763,99","139,01",17757,137,90685
Data,Ocup,Opção,Cheg,Oferta/Uso Interno,Deduz. Individ.,Deduz. Grupos,% Ocup.,Receita Quartos,Preço Médio,Saídas,Quartos FdS,Adul. / Cri.,julho,Previsão,29-jul-2026 qua,3,0,0,0,0,3,0,"2,22","455,12","151,71",0,0,8,115,229,38,0,0,115,0,"2,75","18 611,53","161,84",38,0,251,Total jul,115,229,38,0,0,115,0,"2,75","18 611,53","161,84",38,0,251,Total,49527,3754,17622,0,64,42974,6553,"50,27","6 884 763,99","139,01",17757,137,90685
Data,Ocup,Opção,Cheg,Oferta/Uso Interno,Deduz. Individ.,Deduz. Grupos,% Ocup.,Receita Quartos,Preço Médio,Saídas,Quartos FdS,Adul. / Cri.,julho,Previsão,30-jul-2026 qui,3,0,2,0,0,3,0,"2,22","523,92","174,64",2,0,8,115,229,38,0,0,115,0,"2,75","18 611,53","161,84",38,0,251,Total jul,115,229,38,0,0,115,0,"2,75","18 611,53","161,84",38,0,251,Total,49527,3754,17622,0,64,42974,6553,"50,27","6 884 763,99","139,01",17757,137,90685
Data,Ocup,Opção,Cheg,Oferta/Uso Interno,Deduz. Individ.,Deduz. Grupos,% Ocup.,Receita Quartos,Preço Médio,Saídas,Quartos FdS,Adul. / Cri.,julho,Previsão,31-jul-2026 sex,4,2,1,0,0,4,0,"2,96","901,19","225,30",0,0,13,115,229,38,0,0,115,0,"2,75","18 611,53","161,84",38,0,251,Total jul,115,229,38,0,0,115,0,"2,75","18 611,53","161,84",38,0,251,Total,49527,3754,17622,0,64,42974,6553,"50,27","6 884 763,99","139,01",17757,137,90685
Data,Ocup,Opção,Cheg,Oferta/Uso Interno,Deduz. Individ.,Deduz. Grupos,% Ocup.,Receita Quartos,Preço Médio,Saídas,Quartos FdS,Adul. / Cri.,agosto,Previsão,01-ago-2026 sáb,6,1,2,0,0,6,0,"4,44","1 115,63","185,94",0,0,17,116,171,45,0,0,64,52,"2,77","17 782,95","153,30",38,0,244,Total ago,116,171,45,0,0,64,52,"2,77","17 782,95","153,30",38,0,244,Total,49527,3754,17622,0,64,42974,6553,"50,27","6 884 763,99","139,01",17757,137,90685
Data,Ocup,Opção,Cheg,Oferta/Uso Interno,Deduz. Individ.,Deduz. Grupos,% Ocup.,Receita Quartos,Preço Médio,Saídas,Quartos FdS,Adul. / Cri.,agosto,Previsão,02-ago-2026 dom,4,0,1,0,0,4,0,"2,96","800,87","200,22",3,0,13,116,171,45,0,0,64,52,"2,77","17 782,95","153,30",38,0,244,Total ago,116,171,45,0,0,64,52,"2,77","17 782,95","153,30",38,0,244,Total,49527,3754,17622,0,64,42974,6553,"50,27","6 884 763,99","139,01",17757,137,90685
Data,Ocup,Opção,Cheg,Oferta/Uso Interno,Deduz. Individ.,Deduz. Grupos,% Ocup.,Receita Quartos,Preço Médio,Saídas,Quartos FdS,Adul. / Cri.,agosto,Previsão,03-ago-2026 seg,2,0,0,0,0,2,0,"1,48","503,45","251,73",2,0,7,116,171,45,0,0,64,52,"2,77","17 782,95","153,30",38,0,244,Total ago,116,171,45,0,0,64,52,"2,77","17 782,95","153,30",38,0,244,Total,49527,3754,17622,0,64,42974,6553,"50,27","6 884 763,99","139,01",17757,137,90685
Data,Ocup,Opção,Cheg,Oferta/Uso Interno,Deduz. Individ.,Deduz. Grupos,% Ocup.,Receita Quartos,Preço Médio,Saídas,Quartos FdS,Adul. / Cri.,agosto,Previsão,04-ago-2026 ter,2,0,1,0,0,2,0,"1,48","339,96","169,98",1,0,4,116,171,45,0,0,64,52,"2,77","17 782,95","153,30",38,0,244,Total ago,116,171,45,0,0,64,52,"2,77","17 782,95","153,30",38,0,244,Total,49527,3754,17622,0,64,42974,6553,"50,27","6 884 763,99","139,01",17757,137,90685
Data,Ocup,Opção,Cheg,Oferta/Uso Interno,Deduz. Individ.,Deduz. Grupos,% Ocup.,Receita Quartos,Preço Médio,Saídas,Quartos FdS,Adul. / Cri.,agosto,Previsão,05-ago-2026 qua,1,0,0,0,0,1,0,"0,74","173,58","173,58",1,0,2,116,171,45,0,0,64,52,"2,77","17 782,95","153,30",38,0,244,Total ago,116,171,45,0,0,64,52,"2,77","17 782,95","153,30",38,0,244,Total,49527,3754,17622,0,64,42974,6553,"50,27","6 884 763,99","139,01",17757,137,90685
Data,Ocup,Opção,Cheg,Oferta/Uso Interno,Deduz. Individ.,Deduz. Grupos,% Ocup.,Receita Quartos,Preço Médio,Saídas,Quartos FdS,Adul. / Cri.,agosto,Previsão,06-ago-2026 qui,3,0,2,0,0,3,0,"2,22","525,74","175,25",0,0,6,116,171,45,0,0,64,52,"2,77","17 782,95","153,30",38,0,244,Total ago,116,171,45,0,0,64,52,"2,77","17 782,95","153,30",38,0,244,Total,49527,3754,17622,0,64,42974,6553,"50,27","6 884 763,99","139,01",17757,137,90685
Data,Ocup,Opção,Cheg,Oferta/Uso Interno,Deduz. Individ.,Deduz. Grupos,% Ocup.,Receita Quartos,Preço Médio,Saídas,Quartos FdS,Adul. / Cri.,agosto,Previsão,07-ago-2026 sex,2,0,0,0,0,2,0,"1,48","337,76","168,88",1,0,4,116,171,45,0,0,64,52,"2,77","17 782,95","153,30",38,0,244,Total ago,116,171,45,0,0,64,52,"2,77","17 782,95","153,30",38,0,244,Total,49527,3754,17622,0,64,42974,6553,"50,27","6 884 763,99","139,01",17757,137,90685
Data,Ocup,Opção,Cheg,Oferta/Uso Interno,Deduz. Individ.,Deduz. Grupos,% Ocup.,Receita Quartos,Preço Médio,Saídas,Quartos FdS,Adul. / Cri.,agosto,Previsão,08-ago-2026 sáb,0,0,0,0,0,0,0,-,-,NaN,2,0,0,116,171,45,0,0,64,52,"2,77","17 782,95","153,30",38,0,244,Total ago,116,171,45,0,0,64,52,"2,77","17 782,95","153,30",38,0,244,Total,49527,3754,17622,0,64,42974,6553,"50,27","6 884 763,99","139,01",17757,137,90685
Data,Ocup,Opção,Cheg,Oferta/Uso Interno,Deduz. Individ.,Deduz. Grupos,% Ocup.,Receita Quartos,Preço Médio,Saídas,Quartos FdS,Adul. / Cri.,agosto,Previsão,09-ago-2026 dom,2,0,2,0,0,2,0,"1,48","254,36","127,18",0,0,4,116,171,45,0,0,64,52,"2,77","17 782,95","153,30",38,0,244,Total ago,116,171,45,0,0,64,52,"2,77","17 782,95","153,30",38,0,244,Total,49527,3754,17622,0,64,42974,6553,"50,27","6 884 763,99","139,01",17757,137,90685
Data,Ocup,Opção,Cheg,Oferta/Uso Interno,Deduz. Individ.,Deduz. Grupos,% Ocup.,Receita Quartos,Preço Médio,Saídas,Quartos FdS,Adul. / Cri.,agosto,Previsão,10-ago-2026 seg,0,0,0,0,0,0,0,-,-,NaN,2,0,0,116,171,45,0,0,64,52,"2,77","17 782,95","153,30",38,0,244,Total ago,116,171,45,0,0,64,52,"2,77","17 782,95","153,30",38,0,244,Total,49527,3754,17622,0,64,42974,6553,"50,27","6 884 763,99","139,01",17757,137,90685
Data,Ocup,Opção,Cheg,Oferta/Uso Interno,Deduz. Individ.,Deduz. Grupos,% Ocup.,Receita Quartos,Preço Médio,Saídas,Quartos FdS,Adul. / Cri.,agosto,Previsão,11-ago-2026 ter,1,15,1,0,0,1,0,"0,74","382,38","382,38",0,0,4,116,171,45,0,0,64,52,"2,77","17 782,95","153,30",38,0,244,Total ago,116,171,45,0,0,64,52,"2,77","17 782,95","153,30",38,0,244,Total,49527,3754,17622,0,64,42974,6553,"50,27","6 884 763,99","139,01",17757,137,90685
Data,Ocup,Opção,Cheg,Oferta/Uso Interno,Deduz. Individ.,Deduz. Grupos,% Ocup.,Receita Quartos,Preço Médio,Saídas,Quartos FdS,Adul. / Cri.,agosto,Previsão,12-ago-2026 qua,1,0,0,0,0,1,0,"0,74","382,38","382,38",0,0,4,116,171,45,0,0,64,52,"2,77","17 782,95","153,30",38,0,244,Total ago,116,171,45,0,0,64,52,"2,77","17 782,95","153,30",38,0,244,Total,49527,3754,17622,0,64,42974,6553,"50,27","6 884 763,99","139,01",17757,137,90685
Data,Ocup,Opção,Cheg,Oferta/Uso Interno,Deduz. Individ.,Deduz. Grupos,% Ocup.,Receita Quartos,Preço Médio,Saídas,Quartos FdS,Adul. / Cri.,agosto,Previsão,13-ago-2026 qui,1,0,0,0,0,1,0,"0,74","382,38","382,38",0,0,4,116,171,45,0,0,64,52,"2,77","17 782,95","153,30",38,0,244,Total ago,116,171,45,0,0,64,52,"2,77","17 782,95","153,30",38,0,244,Total,49527,3754,17622,0,64,42974,6553,"50,27","6 884 763,99","139,01",17757,137,90685
Data,Ocup,Opção,Cheg,Oferta/Uso Interno,Deduz. Individ.,Deduz. Grupos,% Ocup.,Receita Quartos,Preço Médio,Saídas,Quartos FdS,Adul. / Cri.,agosto,Previsão,14-ago-2026 sex,1,0,0,0,0,1,0,"0,74","418,38","418,38",0,0,4,116,171,45,0,0,64,52,"2,77","17 782,95","153,30",38,0,244,Total ago,116,171,45,0,0,64,52,"2,77","17 782,95","153,30",38,0,244,Total,49527,3754,17622,0,64,42974,6553,"50,27","6 884 763,99","139,01",17757,137,90685
Data,Ocup,Opção,Cheg,Oferta/Uso Interno,Deduz. Individ.,Deduz. Grupos,% Ocup.,Receita Quartos,Preço Médio,Saídas,Quartos FdS,Adul. / Cri.,agosto,Previsão,15-ago-2026 sáb,1,0,0,0,0,1,0,"0,74","418,38","418,38",0,0,4,116,171,45,0,0,64,52,"2,77","17 782,95","153,30",38,0,244,Total ago,116,171,45,0,0,64,52,"2,77","17 782,95","153,30",38,0,244,Total,49527,3754,17622,0,64,42974,6553,"50,27","6 884 763,99","139,01",17757,137,90685
Data,Ocup,Opção,Cheg,Oferta/Uso Interno,Deduz. Individ.,Deduz. Grupos,% Ocup.,Receita Quartos,Preço Médio,Saídas,Quartos FdS,Adul. / Cri.,agosto,Previsão,16-ago-2026 dom,0,0,0,0,0,0,0,-,-,NaN,1,0,0,116,171,45,0,0,64,52,"2,77","17 782,95","153,30",38,0,244,Total ago,116,171,45,0,0,64,52,"2,77","17 782,95","153,30",38,0,244,Total,49527,3754,17622,0,64,42974,6553,"50,27","6 884 763,99","139,01",17757,137,90685
Data,Ocup,Opção,Cheg,Oferta/Uso Interno,Deduz. Individ.,Deduz. Grupos,% Ocup.,Receita Quartos,Preço Médio,Saídas,Quartos FdS,Adul. / Cri.,agosto,Previsão,17-ago-2026 seg,0,0,0,0,0,0,0,-,-,NaN,0,0,0,116,171,45,0,0,64,52,"2,77","17 782,95","153,30",38,0,244,Total ago,116,171,45,0,0,64,52,"2,77","17 782,95","153,30",38,0,244,Total,49527,3754,17622,0,64,42974,6553,"50,27","6 884 763,99","139,01",17757,137,90685
Data,Ocup,Opção,Cheg,Oferta/Uso Interno,Deduz. Individ.,Deduz. Grupos,% Ocup.,Receita Quartos,Preço Médio,Saídas,Quartos FdS,Adul. / Cri.,agosto,Previsão,18-ago-2026 ter,2,0,2,0,0,2,0,"1,48","317,52","158,76",0,0,4,116,171,45,0,0,64,52,"2,77","17 782,95","153,30",38,0,244,Total ago,116,171,45,0,0,64,52,"2,77","17 782,95","153,30",38,0,244,Total,49527,3754,17622,0,64,42974,6553,"50,27","6 884 763,99","139,01",17757,137,90685
Data,Ocup,Opção,Cheg,Oferta/Uso Interno,Deduz. Individ.,Deduz. Grupos,% Ocup.,Receita Quartos,Preço Médio,Saídas,Quartos FdS,Adul. / Cri.,agosto,Previsão,19-ago-2026 qua,2,0,0,0,0,2,0,"1,48","317,52","158,76",0,0,4,116,171,45,0,0,64,52,"2,77","17 782,95","153,30",38,0,244,Total ago,116,171,45,0,0,64,52,"2,77","17 782,95","153,30",38,0,244,Total,49527,3754,17622,0,64,42974,6553,"50,27","6 884 763,99","139,01",17757,137,90685
Data,Ocup,Opção,Cheg,Oferta/Uso Interno,Deduz. Individ.,Deduz. Grupos,% Ocup.,Receita Quartos,Preço Médio,Saídas,Quartos FdS,Adul. / Cri.,agosto,Previsão,20-ago-2026 qui,2,0,0,0,0,2,0,"1,48","317,52","158,76",0,0,4,116,171,45,0,0,64,52,"2,77","17 782,95","153,30",38,0,244,Total ago,116,171,45,0,0,64,52,"2,77","17 782,95","153,30",38,0,244,Total,49527,3754,17622,0,64,42974,6553,"50,27","6 884 763,99","139,01",17757,137,90685
Data,Ocup,Opção,Cheg,Oferta/Uso Interno,Deduz. Individ.,Deduz. Grupos,% Ocup.,Receita Quartos,Preço Médio,Saídas,Quartos FdS,Adul. / Cri.,agosto,Previsão,21-ago-2026 sex,0,0,0,0,0,0,0,-,-,NaN,2,0,0,116,171,45,0,0,64,52,"2,77","17 782,95","153,30",38,0,244,Total ago,116,171,45,0,0,64,52,"2,77","17 782,95","153,30",38,0,244,Total,49527,3754,17622,0,64,42974,6553,"50,27","6 884 763,99","139,01",17757,137,90685
Data,Ocup,Opção,Cheg,Oferta/Uso Interno,Deduz. Individ.,Deduz. Grupos,% Ocup.,Receita Quartos,Preço Médio,Saídas,Quartos FdS,Adul. / Cri.,agosto,Previsão,22-ago-2026 sáb,3,0,3,0,0,3,0,"2,22","409,82","136,61",0,0,5,116,171,45,0,0,64,52,"2,77","17 782,95","153,30",38,0,244,Total ago,116,171,45,0,0,64,52,"2,77","17 782,95","153,30",38,0,244,Total,49527,3754,17622,0,64,42974,6553,"50,27","6 884 763,99","139,01",17757,137,90685
Data,Ocup,Opção,Cheg,Oferta/Uso Interno,Deduz. Individ.,Deduz. Grupos,% Ocup.,Receita Quartos,Preço Médio,Saídas,Quartos FdS,Adul. / Cri.,agosto,Previsão,23-ago-2026 dom,3,0,2,0,0,3,0,"2,22","379,58","126,53",2,0,4,116,171,45,0,0,64,52,"2,77","17 782,95","153,30",38,0,244,Total ago,116,171,45,0,0,64,52,"2,77","17 782,95","153,30",38,0,244,Total,49527,3754,17622,0,64,42974,6553,"50,27","6 884 763,99","139,01",17757,137,90685
Data,Ocup,Opção,Cheg,Oferta/Uso Interno,Deduz. Individ.,Deduz. Grupos,% Ocup.,Receita Quartos,Preço Médio,Saídas,Quartos FdS,Adul. / Cri.,agosto,Previsão,24-ago-2026 seg,2,15,0,0,0,2,0,"1,48","243,83","121,92",1,0,3,116,171,45,0,0,64,52,"2,77","17 782,95","153,30",38,0,244,Total ago,116,171,45,0,0,64,52,"2,77","17 782,95","153,30",38,0,244,Total,49527,3754,17622,0,64,42974,6553,"50,27","6 884 763,99","139,01",17757,137,90685
Data,Ocup,Opção,Cheg,Oferta/Uso Interno,Deduz. Individ.,Deduz. Grupos,% Ocup.,Receita Quartos,Preço Médio,Saídas,Quartos FdS,Adul. / Cri.,agosto,Previsão,25-ago-2026 ter,3,37,1,0,0,2,1,"2,22","364,02","121,34",0,0,4,116,171,45,0,0,64,52,"2,77","17 782,95","153,30",38,0,244,Total ago,116,171,45,0,0,64,52,"2,77","17 782,95","153,30",38,0,244,Total,49527,3754,17622,0,64,42974,6553,"50,27","6 884 763,99","139,01",17757,137,90685
Data,Ocup,Opção,Cheg,Oferta/Uso Interno,Deduz. Individ.,Deduz. Grupos,% Ocup.,Receita Quartos,Preço Médio,Saídas,Quartos FdS,Adul. / Cri.,agosto,Previsão,26-ago-2026 qua,18,37,16,0,0,1,17,"13,33","2 269,71","126,10",1,0,35,116,171,45,0,0,64,52,"2,77","17 782,95","153,30",38,0,244,Total ago,116,171,45,0,0,64,52,"2,77","17 782,95","153,30",38,0,244,Total,49527,3754,17622,0,64,42974,6553,"50,27","6 884 763,99","139,01",17757,137,90685
Data,Ocup,Opção,Cheg,Oferta/Uso Interno,Deduz. Individ.,Deduz. Grupos,% Ocup.,Receita Quartos,Preço Médio,Saídas,Quartos FdS,Adul. / Cri.,agosto,Previsão,27-ago-2026 qui,18,22,1,0,0,1,17,"13,33","2 226,25","123,68",1,0,35,116,171,45,0,0,64,52,"2,77","17 782,95","153,30",38,0,244,Total ago,116,171,45,0,0,64,52,"2,77","17 782,95","153,30",38,0,244,Total,49527,3754,17622,0,64,42974,6553,"50,27","6 884 763,99","139,01",17757,137,90685
Data,Ocup,Opção,Cheg,Oferta/Uso Interno,Deduz. Individ.,Deduz. Grupos,% Ocup.,Receita Quartos,Preço Médio,Saídas,Quartos FdS,Adul. / Cri.,agosto,Previsão,28-ago-2026 sex,17,0,0,0,0,0,17,"12,59","2 134,27","125,55",1,0,33,116,171,45,0,0,64,52,"2,77","17 782,95","153,30",38,0,244,Total ago,116,171,45,0,0,64,52,"2,77","17 782,95","153,30",38,0,244,Total,49527,3754,17622,0,64,42974,6553,"50,27","6 884 763,99","139,01",17757,137,90685
Data,Ocup,Opção,Cheg,Oferta/Uso Interno,Deduz. Individ.,Deduz. Grupos,% Ocup.,Receita Quartos,Preço Médio,Saídas,Quartos FdS,Adul. / Cri.,agosto,Previsão,29-ago-2026 sáb,1,0,1,0,0,1,0,"0,74","196,91","196,91",17,0,2,116,171,45,0,0,64,52,"2,77","17 782,95","153,30",38,0,244,Total ago,116,171,45,0,0,64,52,"2,77","17 782,95","153,30",38,0,244,Total,49527,3754,17622,0,64,42974,6553,"50,27","6 884 763,99","139,01",17757,137,90685
Data,Ocup,Opção,Cheg,Oferta/Uso Interno,Deduz. Individ.,Deduz. Grupos,% Ocup.,Receita Quartos,Preço Médio,Saídas,Quartos FdS,Adul. / Cri.,agosto,Previsão,30-ago-2026 dom,7,22,6,0,0,7,0,"5,19","969,96","138,57",0,0,13,116,171,45,0,0,64,52,"2,77","17 782,95","153,30",38,0,244,Total ago,116,171,45,0,0,64,52,"2,77","17 782,95","153,30",38,0,244,Total,49527,3754,17622,0,64,42974,6553,"50,27","6 884 763,99","139,01",17757,137,90685
Data,Ocup,Opção,Cheg,Oferta/Uso Interno,Deduz. Individ.,Deduz. Grupos,% Ocup.,Receita Quartos,Preço Médio,Saídas,Quartos FdS,Adul. / Cri.,agosto,Previsão,31-ago-2026 seg,11,22,4,0,0,11,0,"8,15","1 600,79","145,53",0,0,21,116,171,45,0,0,64,52,"2,77","17 782,95","153,30",38,0,244,Total ago,116,171,45,0,0,64,52,"2,77","17 782,95","153,30",38,0,244,Total,49527,3754,17622,0,64,42974,6553,"50,27","6 884 763,99","139,01",17757,137,90685
Data,Ocup,Opção,Cheg,Oferta/Uso Interno,Deduz. Individ.,Deduz. Grupos,% Ocup.,Receita Quartos,Preço Médio,Saídas,Quartos FdS,Adul. / Cri.,setembro,Previsão,01-set-2026 ter,14,44,3,0,0,13,1,"10,37","2 165,53","154,68",0,0,25,335,946,128,0,0,104,231,"8,27","55 570,70","165,88",122,0,664,Total set,335,946,128,0,0,104,231,"8,27","55 570,70","165,88",122,0,664,Total,49527,3754,17622,0,64,42974,6553,"50,27","6 884 763,99","139,01",17757,137,90685
Data,Ocup,Opção,Cheg,Oferta/Uso Interno,Deduz. Individ.,Deduz. Grupos,% Ocup.,Receita Quartos,Preço Médio,Saídas,Quartos FdS,Adul. / Cri.,setembro,Previsão,02-set-2026 qua,19,22,18,0,0,2,17,"14,07","3 003,35","158,07",13,0,37,335,946,128,0,0,104,231,"8,27","55 570,70","165,88",122,0,664,Total set,335,946,128,0,0,104,231,"8,27","55 570,70","165,88",122,0,664,Total,49527,3754,17622,0,64,42974,6553,"50,27","6 884 763,99","139,01",17757,137,90685
Data,Ocup,Opção,Cheg,Oferta/Uso Interno,Deduz. Individ.,Deduz. Grupos,% Ocup.,Receita Quartos,Preço Médio,Saídas,Quartos FdS,Adul. / Cri.,setembro,Previsão,03-set-2026 qui,20,47,1,0,0,2,18,"14,81","3 147,73","157,39",0,0,39,335,946,128,0,0,104,231,"8,27","55 570,70","165,88",122,0,664,Total set,335,946,128,0,0,104,231,"8,27","55 570,70","165,88",122,0,664,Total,49527,3754,17622,0,64,42974,6553,"50,27","6 884 763,99","139,01",17757,137,90685
Data,Ocup,Opção,Cheg,Oferta/Uso Interno,Deduz. Individ.,Deduz. Grupos,% Ocup.,Receita Quartos,Preço Médio,Saídas,Quartos FdS,Adul. / Cri.,setembro,Previsão,04-set-2026 sex,19,35,0,0,0,2,17,"14,07","3 002,85","158,04",1,0,37,335,946,128,0,0,104,231,"8,27","55 570,70","165,88",122,0,664,Total set,335,946,128,0,0,104,231,"8,27","55 570,70","165,88",122,0,664,Total,49527,3754,17622,0,64,42974,6553,"50,27","6 884 763,99","139,01",17757,137,90685
Data,Ocup,Opção,Cheg,Oferta/Uso Interno,Deduz. Individ.,Deduz. Grupos,% Ocup.,Receita Quartos,Preço Médio,Saídas,Quartos FdS,Adul. / Cri.,setembro,Previsão,05-set-2026 sáb,3,39,1,0,0,3,0,"2,22","462,26","154,09",17,0,6,335,946,128,0,0,104,231,"8,27","55 570,70","165,88",122,0,664,Total set,335,946,128,0,0,104,231,"8,27","55 570,70","165,88",122,0,664,Total,49527,3754,17622,0,64,42974,6553,"50,27","6 884 763,99","139,01",17757,137,90685
Data,Ocup,Opção,Cheg,Oferta/Uso Interno,Deduz. Individ.,Deduz. Grupos,% Ocup.,Receita Quartos,Preço Médio,Saídas,Quartos FdS,Adul. / Cri.,setembro,Previsão,06-set-2026 dom,5,13,4,0,0,5,0,"3,70","684,07","136,81",2,0,10,335,946,128,0,0,104,231,"8,27","55 570,70","165,88",122,0,664,Total set,335,946,128,0,0,104,231,"8,27","55 570,70","165,88",122,0,664,Total,49527,3754,17622,0,64,42974,6553,"50,27","6 884 763,99","139,01",17757,137,90685
Data,Ocup,Opção,Cheg,Oferta/Uso Interno,Deduz. Individ.,Deduz. Grupos,% Ocup.,Receita Quartos,Preço Médio,Saídas,Quartos FdS,Adul. / Cri.,setembro,Previsão,07-set-2026 seg,5,13,1,0,0,5,0,"3,70","769,16","153,83",1,0,10,335,946,128,0,0,104,231,"8,27","55 570,70","165,88",122,0,664,Total set,335,946,128,0,0,104,231,"8,27","55 570,70","165,88",122,0,664,Total,49527,3754,17622,0,64,42974,6553,"50,27","6 884 763,99","139,01",17757,137,90685
Data,Ocup,Opção,Cheg,Oferta/Uso Interno,Deduz. Individ.,Deduz. Grupos,% Ocup.,Receita Quartos,Preço Médio,Saídas,Quartos FdS,Adul. / Cri.,setembro,Previsão,08-set-2026 ter,5,26,3,0,0,4,1,"3,70","886,98","177,40",3,0,9,335,946,128,0,0,104,231,"8,27","55 570,70","165,88",122,0,664,Total set,335,946,128,0,0,104,231,"8,27","55 570,70","165,88",122,0,664,Total,49527,3754,17622,0,64,42974,6553,"50,27","6 884 763,99","139,01",17757,137,90685
Data,Ocup,Opção,Cheg,Oferta/Uso Interno,Deduz. Individ.,Deduz. Grupos,% Ocup.,Receita Quartos,Preço Médio,Saídas,Quartos FdS,Adul. / Cri.,setembro,Previsão,09-set-2026 qua,20,35,18,0,0,3,17,"14,81","3 226,90","161,35",3,0,39,335,946,128,0,0,104,231,"8,27","55 570,70","165,88",122,0,664,Total set,335,946,128,0,0,104,231,"8,27","55 570,70","165,88",122,0,664,Total,49527,3754,17622,0,64,42974,6553,"50,27","6 884 763,99","139,01",17757,137,90685
Data,Ocup,Opção,Cheg,Oferta/Uso Interno,Deduz. Individ.,Deduz. Grupos,% Ocup.,Receita Quartos,Preço Médio,Saídas,Quartos FdS,Adul. / Cri.,setembro,Previsão,10-set-2026 qui,20,39,0,0,0,3,17,"14,81","3 226,90","161,35",0,0,39,335,946,128,0,0,104,231,"8,27","55 570,70","165,88",122,0,664,Total set,335,946,128,0,0,104,231,"8,27","55 570,70","165,88",122,0,664,Total,49527,3754,17622,0,64,42974,6553,"50,27","6 884 763,99","139,01",17757,137,90685
Data,Ocup,Opção,Cheg,Oferta/Uso Interno,Deduz. Individ.,Deduz. Grupos,% Ocup.,Receita Quartos,Preço Médio,Saídas,Quartos FdS,Adul. / Cri.,setembro,Previsão,11-set-2026 sex,18,13,0,0,0,1,17,"13,33","2 862,97","159,05",2,0,35,335,946,128,0,0,104,231,"8,27","55 570,70","165,88",122,0,664,Total set,335,946,128,0,0,104,231,"8,27","55 570,70","165,88",122,0,664,Total,49527,3754,17622,0,64,42974,6553,"50,27","6 884 763,99","139,01",17757,137,90685
Data,Ocup,Opção,Cheg,Oferta/Uso Interno,Deduz. Individ.,Deduz. Grupos,% Ocup.,Receita Quartos,Preço Médio,Saídas,Quartos FdS,Adul. / Cri.,setembro,Previsão,12-set-2026 sáb,1,16,1,0,0,0,1,"0,74","131,19","131,19",18,0,1,335,946,128,0,0,104,231,"8,27","55 570,70","165,88",122,0,664,Total set,335,946,128,0,0,104,231,"8,27","55 570,70","165,88",122,0,664,Total,49527,3754,17622,0,64,42974,6553,"50,27","6 884 763,99","139,01",17757,137,90685
Data,Ocup,Opção,Cheg,Oferta/Uso Interno,Deduz. Individ.,Deduz. Grupos,% Ocup.,Receita Quartos,Preço Médio,Saídas,Quartos FdS,Adul. / Cri.,setembro,Previsão,13-set-2026 dom,0,35,0,0,0,0,0,-,-,NaN,1,0,0,335,946,128,0,0,104,231,"8,27","55 570,70","165,88",122,0,664,Total set,335,946,128,0,0,104,231,"8,27","55 570,70","165,88",122,0,664,Total,49527,3754,17622,0,64,42974,6553,"50,27","6 884 763,99","139,01",17757,137,90685
Data,Ocup,Opção,Cheg,Oferta/Uso Interno,Deduz. Individ.,Deduz. Grupos,% Ocup.,Receita Quartos,Preço Médio,Saídas,Quartos FdS,Adul. / Cri.,setembro,Previsão,14-set-2026 seg,0,35,0,0,0,0,0,-,-,NaN,0,0,0,335,946,128,0,0,104,231,"8,27","55 570,70","165,88",122,0,664,Total set,335,946,128,0,0,104,231,"8,27","55 570,70","165,88",122,0,664,Total,49527,3754,17622,0,64,42974,6553,"50,27","6 884 763,99","139,01",17757,137,90685
Data,Ocup,Opção,Cheg,Oferta/Uso Interno,Deduz. Individ.,Deduz. Grupos,% Ocup.,Receita Quartos,Preço Médio,Saídas,Quartos FdS,Adul. / Cri.,setembro,Previsão,15-set-2026 ter,2,26,2,0,0,1,1,"1,48","327,82","163,91",0,0,3,335,946,128,0,0,104,231,"8,27","55 570,70","165,88",122,0,664,Total set,335,946,128,0,0,104,231,"8,27","55 570,70","165,88",122,0,664,Total,49527,3754,17622,0,64,42974,6553,"50,27","6 884 763,99","139,01",17757,137,90685
Data,Ocup,Opção,Cheg,Oferta/Uso Interno,Deduz. Individ.,Deduz. Grupos,% Ocup.,Receita Quartos,Preço Médio,Saídas,Quartos FdS,Adul. / Cri.,setembro,Previsão,16-set-2026 qua,18,13,17,0,0,1,17,"13,33","2 744,16","152,45",1,0,35,335,946,128,0,0,104,231,"8,27","55 570,70","165,88",122,0,664,Total set,335,946,128,0,0,104,231,"8,27","55 570,70","165,88",122,0,664,Total,49527,3754,17622,0,64,42974,6553,"50,27","6 884 763,99","139,01",17757,137,90685
Data,Ocup,Opção,Cheg,Oferta/Uso Interno,Deduz. Individ.,Deduz. Grupos,% Ocup.,Receita Quartos,Preço Médio,Saídas,Quartos FdS,Adul. / Cri.,setembro,Previsão,17-set-2026 qui,19,16,1,0,0,1,18,"14,07","2 888,54","152,03",0,0,37,335,946,128,0,0,104,231,"8,27","55 570,70","165,88",122,0,664,Total set,335,946,128,0,0,104,231,"8,27","55 570,70","165,88",122,0,664,Total,49527,3754,17622,0,64,42974,6553,"50,27","6 884 763,99","139,01",17757,137,90685
Data,Ocup,Opção,Cheg,Oferta/Uso Interno,Deduz. Individ.,Deduz. Grupos,% Ocup.,Receita Quartos,Preço Médio,Saídas,Quartos FdS,Adul. / Cri.,setembro,Previsão,18-set-2026 sex,28,13,10,0,0,11,17,"20,74","5 364,47","191,59",1,0,60,335,946,128,0,0,104,231,"8,27","55 570,70","165,88",122,0,664,Total set,335,946,128,0,0,104,231,"8,27","55 570,70","165,88",122,0,664,Total,49527,3754,17622,0,64,42974,6553,"50,27","6 884 763,99","139,01",17757,137,90685
Data,Ocup,Opção,Cheg,Oferta/Uso Interno,Deduz. Individ.,Deduz. Grupos,% Ocup.,Receita Quartos,Preço Médio,Saídas,Quartos FdS,Adul. / Cri.,setembro,Previsão,19-set-2026 sáb,10,17,0,0,0,10,0,"7,41","2 611,47","261,15",18,0,25,335,946,128,0,0,104,231,"8,27","55 570,70","165,88",122,0,664,Total set,335,946,128,0,0,104,231,"8,27","55 570,70","165,88",122,0,664,Total,49527,3754,17622,0,64,42974,6553,"50,27","6 884 763,99","139,01",17757,137,90685
Data,Ocup,Opção,Cheg,Oferta/Uso Interno,Deduz. Individ.,Deduz. Grupos,% Ocup.,Receita Quartos,Preço Médio,Saídas,Quartos FdS,Adul. / Cri.,setembro,Previsão,20-set-2026 dom,10,35,0,0,0,10,0,"7,41","2 405,57","240,56",0,0,25,335,946,128,0,0,104,231,"8,27","55 570,70","165,88",122,0,664,Total set,335,946,128,0,0,104,231,"8,27","55 570,70","165,88",122,0,664,Total,49527,3754,17622,0,64,42974,6553,"50,27","6 884 763,99","139,01",17757,137,90685
Data,Ocup,Opção,Cheg,Oferta/Uso Interno,Deduz. Individ.,Deduz. Grupos,% Ocup.,Receita Quartos,Preço Médio,Saídas,Quartos FdS,Adul. / Cri.,setembro,Previsão,21-set-2026 seg,1,35,1,0,0,1,0,"0,74","232,98","232,98",10,0,2,335,946,128,0,0,104,231,"8,27","55 570,70","165,88",122,0,664,Total set,335,946,128,0,0,104,231,"8,27","55 570,70","165,88",122,0,664,Total,49527,3754,17622,0,64,42974,6553,"50,27","6 884 763,99","139,01",17757,137,90685
Data,Ocup,Opção,Cheg,Oferta/Uso Interno,Deduz. Individ.,Deduz. Grupos,% Ocup.,Receita Quartos,Preço Médio,Saídas,Quartos FdS,Adul. / Cri.,setembro,Previsão,22-set-2026 ter,4,46,3,0,0,3,1,"2,96","648,03","162,01",0,0,7,335,946,128,0,0,104,231,"8,27","55 570,70","165,88",122,0,664,Total set,335,946,128,0,0,104,231,"8,27","55 570,70","165,88",122,0,664,Total,49527,3754,17622,0,64,42974,6553,"50,27","6 884 763,99","139,01",17757,137,90685
Data,Ocup,Opção,Cheg,Oferta/Uso Interno,Deduz. Individ.,Deduz. Grupos,% Ocup.,Receita Quartos,Preço Médio,Saídas,Quartos FdS,Adul. / Cri.,setembro,Previsão,23-set-2026 qua,21,33,18,0,0,4,17,"15,56","3 219,19","153,29",1,0,41,335,946,128,0,0,104,231,"8,27","55 570,70","165,88",122,0,664,Total set,335,946,128,0,0,104,231,"8,27","55 570,70","165,88",122,0,664,Total,49527,3754,17622,0,64,42974,6553,"50,27","6 884 763,99","139,01",17757,137,90685
Data,Ocup,Opção,Cheg,Oferta/Uso Interno,Deduz. Individ.,Deduz. Grupos,% Ocup.,Receita Quartos,Preço Médio,Saídas,Quartos FdS,Adul. / Cri.,setembro,Previsão,24-set-2026 qui,22,37,2,0,0,5,17,"16,30","3 317,81","150,81",1,0,43,335,946,128,0,0,104,231,"8,27","55 570,70","165,88",122,0,664,Total set,335,946,128,0,0,104,231,"8,27","55 570,70","165,88",122,0,664,Total,49527,3754,17622,0,64,42974,6553,"50,27","6 884 763,99","139,01",17757,137,90685
Data,Ocup,Opção,Cheg,Oferta/Uso Interno,Deduz. Individ.,Deduz. Grupos,% Ocup.,Receita Quartos,Preço Médio,Saídas,Quartos FdS,Adul. / Cri.,setembro,Previsão,25-set-2026 sex,23,33,2,0,0,6,17,"17,04","3 614,97","157,17",1,0,45,335,946,128,0,0,104,231,"8,27","55 570,70","165,88",122,0,664,Total set,335,946,128,0,0,104,231,"8,27","55 570,70","165,88",122,0,664,Total,49527,3754,17622,0,64,42974,6553,"50,27","6 884 763,99","139,01",17757,137,90685
Data,Ocup,Opção,Cheg,Oferta/Uso Interno,Deduz. Individ.,Deduz. Grupos,% Ocup.,Receita Quartos,Preço Médio,Saídas,Quartos FdS,Adul. / Cri.,setembro,Previsão,26-set-2026 sáb,5,14,2,0,0,3,2,"3,70","694,70","138,94",20,0,10,335,946,128,0,0,104,231,"8,27","55 570,70","165,88",122,0,664,Total set,335,946,128,0,0,104,231,"8,27","55 570,70","165,88",122,0,664,Total,49527,3754,17622,0,64,42974,6553,"50,27","6 884 763,99","139,01",17757,137,90685
Data,Ocup,Opção,Cheg,Oferta/Uso Interno,Deduz. Individ.,Deduz. Grupos,% Ocup.,Receita Quartos,Preço Médio,Saídas,Quartos FdS,Adul. / Cri.,setembro,Previsão,27-set-2026 dom,0,36,0,0,0,0,0,-,-,NaN,5,0,0,335,946,128,0,0,104,231,"8,27","55 570,70","165,88",122,0,664,Total set,335,946,128,0,0,104,231,"8,27","55 570,70","165,88",122,0,664,Total,49527,3754,17622,0,64,42974,6553,"50,27","6 884 763,99","139,01",17757,137,90685
Data,Ocup,Opção,Cheg,Oferta/Uso Interno,Deduz. Individ.,Deduz. Grupos,% Ocup.,Receita Quartos,Preço Médio,Saídas,Quartos FdS,Adul. / Cri.,setembro,Previsão,28-set-2026 seg,3,56,3,0,0,3,0,"2,22","591,36","197,12",0,0,6,335,946,128,0,0,104,231,"8,27","55 570,70","165,88",122,0,664,Total set,335,946,128,0,0,104,231,"8,27","55 570,70","165,88",122,0,664,Total,49527,3754,17622,0,64,42974,6553,"50,27","6 884 763,99","139,01",17757,137,90685
Data,Ocup,Opção,Cheg,Oferta/Uso Interno,Deduz. Individ.,Deduz. Grupos,% Ocup.,Receita Quartos,Preço Médio,Saídas,Quartos FdS,Adul. / Cri.,setembro,Previsão,29-set-2026 ter,3,69,1,0,0,2,1,"2,22","695,47","231,82",1,0,5,335,946,128,0,0,104,231,"8,27","55 570,70","165,88",122,0,664,Total set,335,946,128,0,0,104,231,"8,27","55 570,70","165,88",122,0,664,Total,49527,3754,17622,0,64,42974,6553,"50,27","6 884 763,99","139,01",17757,137,90685
Data,Ocup,Opção,Cheg,Oferta/Uso Interno,Deduz. Individ.,Deduz. Grupos,% Ocup.,Receita Quartos,Preço Médio,Saídas,Quartos FdS,Adul. / Cri.,setembro,Previsão,30-set-2026 qua,17,55,16,0,0,0,17,"12,59","2 644,27","155,55",2,0,33,335,946,128,0,0,104,231,"8,27","55 570,70","165,88",122,0,664,Total set,335,946,128,0,0,104,231,"8,27","55 570,70","165,88",122,0,664,Total,49527,3754,17622,0,64,42974,6553,"50,27","6 884 763,99","139,01",17757,137,90685
Data,Ocup,Opção,Cheg,Oferta/Uso Interno,Deduz. Individ.,Deduz. Grupos,% Ocup.,Receita Quartos,Preço Médio,Saídas,Quartos FdS,Adul. / Cri.,outubro,Previsão,01-out-2026 qui,17,39,0,0,0,0,17,"12,59","2 644,27","155,55",0,0,33,306,486,100,0,0,63,243,"7,31","48 778,52","159,41",117,0,602,Total out,306,486,100,0,0,63,243,"7,31","48 778,52","159,41",117,0,602,Total,49527,3754,17622,0,64,42974,6553,"50,27","6 884 763,99","139,01",17757,137,90685
Data,Ocup,Opção,Cheg,Oferta/Uso Interno,Deduz. Individ.,Deduz. Grupos,% Ocup.,Receita Quartos,Preço Médio,Saídas,Quartos FdS,Adul. / Cri.,outubro,Previsão,02-out-2026 sex,17,13,0,0,0,0,17,"12,59","2 644,27","155,55",0,0,33,306,486,100,0,0,63,243,"7,31","48 778,52","159,41",117,0,602,Total out,306,486,100,0,0,63,243,"7,31","48 778,52","159,41",117,0,602,Total,49527,3754,17622,0,64,42974,6553,"50,27","6 884 763,99","139,01",17757,137,90685
Data,Ocup,Opção,Cheg,Oferta/Uso Interno,Deduz. Individ.,Deduz. Grupos,% Ocup.,Receita Quartos,Preço Médio,Saídas,Quartos FdS,Adul. / Cri.,outubro,Previsão,03-out-2026 sáb,0,18,0,0,0,0,0,-,-,NaN,17,0,0,306,486,100,0,0,63,243,"7,31","48 778,52","159,41",117,0,602,Total out,306,486,100,0,0,63,243,"7,31","48 778,52","159,41",117,0,602,Total,49527,3754,17622,0,64,42974,6553,"50,27","6 884 763,99","139,01",17757,137,90685
Data,Ocup,Opção,Cheg,Oferta/Uso Interno,Deduz. Individ.,Deduz. Grupos,% Ocup.,Receita Quartos,Preço Médio,Saídas,Quartos FdS,Adul. / Cri.,outubro,Previsão,04-out-2026 dom,2,14,2,0,0,2,0,"1,48","380,76","190,38",0,0,4,306,486,100,0,0,63,243,"7,31","48 778,52","159,41",117,0,602,Total out,306,486,100,0,0,63,243,"7,31","48 778,52","159,41",117,0,602,Total,49527,3754,17622,0,64,42974,6553,"50,27","6 884 763,99","139,01",17757,137,90685
Data,Ocup,Opção,Cheg,Oferta/Uso Interno,Deduz. Individ.,Deduz. Grupos,% Ocup.,Receita Quartos,Preço Médio,Saídas,Quartos FdS,Adul. / Cri.,outubro,Previsão,05-out-2026 seg,9,14,7,0,0,9,0,"6,67","1 547,59","171,95",0,0,15,306,486,100,0,0,63,243,"7,31","48 778,52","159,41",117,0,602,Total out,306,486,100,0,0,63,243,"7,31","48 778,52","159,41",117,0,602,Total,49527,3754,17622,0,64,42974,6553,"50,27","6 884 763,99","139,01",17757,137,90685
Data,Ocup,Opção,Cheg,Oferta/Uso Interno,Deduz. Individ.,Deduz. Grupos,% Ocup.,Receita Quartos,Preço Médio,Saídas,Quartos FdS,Adul. / Cri.,outubro,Previsão,06-out-2026 ter,12,5,3,0,0,10,2,"8,89","1 979,54","164,96",0,0,20,306,486,100,0,0,63,243,"7,31","48 778,52","159,41",117,0,602,Total out,306,486,100,0,0,63,243,"7,31","48 778,52","159,41",117,0,602,Total,49527,3754,17622,0,64,42974,6553,"50,27","6 884 763,99","139,01",17757,137,90685
Data,Ocup,Opção,Cheg,Oferta/Uso Interno,Deduz. Individ.,Deduz. Grupos,% Ocup.,Receita Quartos,Preço Médio,Saídas,Quartos FdS,Adul. / Cri.,outubro,Previsão,07-out-2026 qua,18,14,17,0,0,1,17,"13,33","2 759,95","153,33",11,0,35,306,486,100,0,0,63,243,"7,31","48 778,52","159,41",117,0,602,Total out,306,486,100,0,0,63,243,"7,31","48 778,52","159,41",117,0,602,Total,49527,3754,17622,0,64,42974,6553,"50,27","6 884 763,99","139,01",17757,137,90685
Data,Ocup,Opção,Cheg,Oferta/Uso Interno,Deduz. Individ.,Deduz. Grupos,% Ocup.,Receita Quartos,Preço Médio,Saídas,Quartos FdS,Adul. / Cri.,outubro,Previsão,08-out-2026 qui,18,18,0,0,0,1,17,"13,33","2 759,95","153,33",0,0,35,306,486,100,0,0,63,243,"7,31","48 778,52","159,41",117,0,602,Total out,306,486,100,0,0,63,243,"7,31","48 778,52","159,41",117,0,602,Total,49527,3754,17622,0,64,42974,6553,"50,27","6 884 763,99","139,01",17757,137,90685
Data,Ocup,Opção,Cheg,Oferta/Uso Interno,Deduz. Individ.,Deduz. Grupos,% Ocup.,Receita Quartos,Preço Médio,Saídas,Quartos FdS,Adul. / Cri.,outubro,Previsão,09-out-2026 sex,19,14,1,0,0,2,17,"14,07","2 925,51","153,97",0,0,37,306,486,100,0,0,63,243,"7,31","48 778,52","159,41",117,0,602,Total out,306,486,100,0,0,63,243,"7,31","48 778,52","159,41",117,0,602,Total,49527,3754,17622,0,64,42974,6553,"50,27","6 884 763,99","139,01",17757,137,90685
Data,Ocup,Opção,Cheg,Oferta/Uso Interno,Deduz. Individ.,Deduz. Grupos,% Ocup.,Receita Quartos,Preço Médio,Saídas,Quartos FdS,Adul. / Cri.,outubro,Previsão,10-out-2026 sáb,5,48,4,0,0,5,0,"3,70","1 617,52","323,50",18,0,17,306,486,100,0,0,63,243,"7,31","48 778,52","159,41",117,0,602,Total out,306,486,100,0,0,63,243,"7,31","48 778,52","159,41",117,0,602,Total,49527,3754,17622,0,64,42974,6553,"50,27","6 884 763,99","139,01",17757,137,90685
Data,Ocup,Opção,Cheg,Oferta/Uso Interno,Deduz. Individ.,Deduz. Grupos,% Ocup.,Receita Quartos,Preço Médio,Saídas,Quartos FdS,Adul. / Cri.,outubro,Previsão,11-out-2026 dom,4,44,0,0,0,4,0,"2,96","1 349,60","337,40",1,0,15,306,486,100,0,0,63,243,"7,31","48 778,52","159,41",117,0,602,Total out,306,486,100,0,0,63,243,"7,31","48 778,52","159,41",117,0,602,Total,49527,3754,17622,0,64,42974,6553,"50,27","6 884 763,99","139,01",17757,137,90685
Data,Ocup,Opção,Cheg,Oferta/Uso Interno,Deduz. Individ.,Deduz. Grupos,% Ocup.,Receita Quartos,Preço Médio,Saídas,Quartos FdS,Adul. / Cri.,outubro,Previsão,12-out-2026 seg,0,44,0,0,0,0,0,-,-,NaN,4,0,0,306,486,100,0,0,63,243,"7,31","48 778,52","159,41",117,0,602,Total out,306,486,100,0,0,63,243,"7,31","48 778,52","159,41",117,0,602,Total,49527,3754,17622,0,64,42974,6553,"50,27","6 884 763,99","139,01",17757,137,90685
Data,Ocup,Opção,Cheg,Oferta/Uso Interno,Deduz. Individ.,Deduz. Grupos,% Ocup.,Receita Quartos,Preço Médio,Saídas,Quartos FdS,Adul. / Cri.,outubro,Previsão,13-out-2026 ter,4,35,4,0,0,3,1,"2,96","636,97","159,24",0,0,7,306,486,100,0,0,63,243,"7,31","48 778,52","159,41",117,0,602,Total out,306,486,100,0,0,63,243,"7,31","48 778,52","159,41",117,0,602,Total,49527,3754,17622,0,64,42974,6553,"50,27","6 884 763,99","139,01",17757,137,90685
Data,Ocup,Opção,Cheg,Oferta/Uso Interno,Deduz. Individ.,Deduz. Grupos,% Ocup.,Receita Quartos,Preço Médio,Saídas,Quartos FdS,Adul. / Cri.,outubro,Previsão,14-out-2026 qua,18,14,16,0,0,1,17,"13,33","2 764,21","153,57",2,0,35,306,486,100,0,0,63,243,"7,31","48 778,52","159,41",117,0,602,Total out,306,486,100,0,0,63,243,"7,31","48 778,52","159,41",117,0,602,Total,49527,3754,17622,0,64,42974,6553,"50,27","6 884 763,99","139,01",17757,137,90685
Data,Ocup,Opção,Cheg,Oferta/Uso Interno,Deduz. Individ.,Deduz. Grupos,% Ocup.,Receita Quartos,Preço Médio,Saídas,Quartos FdS,Adul. / Cri.,outubro,Previsão,15-out-2026 qui,17,19,0,0,0,0,17,"12,59","2 644,27","155,55",1,0,33,306,486,100,0,0,63,243,"7,31","48 778,52","159,41",117,0,602,Total out,306,486,100,0,0,63,243,"7,31","48 778,52","159,41",117,0,602,Total,49527,3754,17622,0,64,42974,6553,"50,27","6 884 763,99","139,01",17757,137,90685
Data,Ocup,Opção,Cheg,Oferta/Uso Interno,Deduz. Individ.,Deduz. Grupos,% Ocup.,Receita Quartos,Preço Médio,Saídas,Quartos FdS,Adul. / Cri.,outubro,Previsão,16-out-2026 sex,19,15,2,0,0,2,17,"14,07","3 003,37","158,07",0,0,37,306,486,100,0,0,63,243,"7,31","48 778,52","159,41",117,0,602,Total out,306,486,100,0,0,63,243,"7,31","48 778,52","159,41",117,0,602,Total,49527,3754,17622,0,64,42974,6553,"50,27","6 884 763,99","139,01",17757,137,90685
Data,Ocup,Opção,Cheg,Oferta/Uso Interno,Deduz. Individ.,Deduz. Grupos,% Ocup.,Receita Quartos,Preço Médio,Saídas,Quartos FdS,Adul. / Cri.,outubro,Previsão,17-out-2026 sáb,2,18,0,0,0,2,0,"1,48","359,10","179,55",17,0,4,306,486,100,0,0,63,243,"7,31","48 778,52","159,41",117,0,602,Total out,306,486,100,0,0,63,243,"7,31","48 778,52","159,41",117,0,602,Total,49527,3754,17622,0,64,42974,6553,"50,27","6 884 763,99","139,01",17757,137,90685
Data,Ocup,Opção,Cheg,Oferta/Uso Interno,Deduz. Individ.,Deduz. Grupos,% Ocup.,Receita Quartos,Preço Médio,Saídas,Quartos FdS,Adul. / Cri.,outubro,Previsão,18-out-2026 dom,2,14,2,0,0,2,0,"1,48","216,54","108,27",2,0,4,306,486,100,0,0,63,243,"7,31","48 778,52","159,41",117,0,602,Total out,306,486,100,0,0,63,243,"7,31","48 778,52","159,41",117,0,602,Total,49527,3754,17622,0,64,42974,6553,"50,27","6 884 763,99","139,01",17757,137,90685
Data,Ocup,Opção,Cheg,Oferta/Uso Interno,Deduz. Individ.,Deduz. Grupos,% Ocup.,Receita Quartos,Preço Médio,Saídas,Quartos FdS,Adul. / Cri.,outubro,Previsão,19-out-2026 seg,4,13,2,0,0,4,0,"2,96","447,90","111,98",0,0,8,306,486,100,0,0,63,243,"7,31","48 778,52","159,41",117,0,602,Total out,306,486,100,0,0,63,243,"7,31","48 778,52","159,41",117,0,602,Total,49527,3754,17622,0,64,42974,6553,"50,27","6 884 763,99","139,01",17757,137,90685
Data,Ocup,Opção,Cheg,Oferta/Uso Interno,Deduz. Individ.,Deduz. Grupos,% Ocup.,Receita Quartos,Preço Médio,Saídas,Quartos FdS,Adul. / Cri.,outubro,Previsão,20-out-2026 ter,8,0,5,0,0,7,1,"5,93","1 146,35","143,29",1,0,15,306,486,100,0,0,63,243,"7,31","48 778,52","159,41",117,0,602,Total out,306,486,100,0,0,63,243,"7,31","48 778,52","159,41",117,0,602,Total,49527,3754,17622,0,64,42974,6553,"50,27","6 884 763,99","139,01",17757,137,90685
Data,Ocup,Opção,Cheg,Oferta/Uso Interno,Deduz. Individ.,Deduz. Grupos,% Ocup.,Receita Quartos,Preço Médio,Saídas,Quartos FdS,Adul. / Cri.,outubro,Previsão,21-out-2026 qua,20,0,17,0,0,3,17,"14,81","2 991,31","149,57",5,0,39,306,486,100,0,0,63,243,"7,31","48 778,52","159,41",117,0,602,Total out,306,486,100,0,0,63,243,"7,31","48 778,52","159,41",117,0,602,Total,49527,3754,17622,0,64,42974,6553,"50,27","6 884 763,99","139,01",17757,137,90685
Data,Ocup,Opção,Cheg,Oferta/Uso Interno,Deduz. Individ.,Deduz. Grupos,% Ocup.,Receita Quartos,Preço Médio,Saídas,Quartos FdS,Adul. / Cri.,outubro,Previsão,22-out-2026 qui,18,4,0,0,0,1,17,"13,33","2 759,95","153,33",2,0,35,306,486,100,0,0,63,243,"7,31","48 778,52","159,41",117,0,602,Total out,306,486,100,0,0,63,243,"7,31","48 778,52","159,41",117,0,602,Total,49527,3754,17622,0,64,42974,6553,"50,27","6 884 763,99","139,01",17757,137,90685
Data,Ocup,Opção,Cheg,Oferta/Uso Interno,Deduz. Individ.,Deduz. Grupos,% Ocup.,Receita Quartos,Preço Médio,Saídas,Quartos FdS,Adul. / Cri.,outubro,Previsão,23-out-2026 sex,18,13,0,0,0,1,17,"13,33","2 769,55","153,86",0,0,35,306,486,100,0,0,63,243,"7,31","48 778,52","159,41",117,0,602,Total out,306,486,100,0,0,63,243,"7,31","48 778,52","159,41",117,0,602,Total,49527,3754,17622,0,64,42974,6553,"50,27","6 884 763,99","139,01",17757,137,90685
Data,Ocup,Opção,Cheg,Oferta/Uso Interno,Deduz. Individ.,Deduz. Grupos,% Ocup.,Receita Quartos,Preço Médio,Saídas,Quartos FdS,Adul. / Cri.,outubro,Previsão,24-out-2026 sáb,0,17,0,0,0,0,0,-,-,NaN,18,0,0,306,486,100,0,0,63,243,"7,31","48 778,52","159,41",117,0,602,Total out,306,486,100,0,0,63,243,"7,31","48 778,52","159,41",117,0,602,Total,49527,3754,17622,0,64,42974,6553,"50,27","6 884 763,99","139,01",17757,137,90685
Data,Ocup,Opção,Cheg,Oferta/Uso Interno,Deduz. Individ.,Deduz. Grupos,% Ocup.,Receita Quartos,Preço Médio,Saídas,Quartos FdS,Adul. / Cri.,outubro,Previsão,25-out-2026 dom,0,26,0,0,0,0,0,-,-,NaN,0,0,0,306,486,100,0,0,63,243,"7,31","48 778,52","159,41",117,0,602,Total out,306,486,100,0,0,63,243,"7,31","48 778,52","159,41",117,0,602,Total,49527,3754,17622,0,64,42974,6553,"50,27","6 884 763,99","139,01",17757,137,90685
Data,Ocup,Opção,Cheg,Oferta/Uso Interno,Deduz. Individ.,Deduz. Grupos,% Ocup.,Receita Quartos,Preço Médio,Saídas,Quartos FdS,Adul. / Cri.,outubro,Previsão,26-out-2026 seg,0,13,0,0,0,0,0,-,-,NaN,0,0,0,306,486,100,0,0,63,243,"7,31","48 778,52","159,41",117,0,602,Total out,306,486,100,0,0,63,243,"7,31","48 778,52","159,41",117,0,602,Total,49527,3754,17622,0,64,42974,6553,"50,27","6 884 763,99","139,01",17757,137,90685
Data,Ocup,Opção,Cheg,Oferta/Uso Interno,Deduz. Individ.,Deduz. Grupos,% Ocup.,Receita Quartos,Preço Médio,Saídas,Quartos FdS,Adul. / Cri.,outubro,Previsão,27-out-2026 ter,2,0,2,0,0,1,1,"1,48","265,87","132,94",0,0,3,306,486,100,0,0,63,243,"7,31","48 778,52","159,41",117,0,602,Total out,306,486,100,0,0,63,243,"7,31","48 778,52","159,41",117,0,602,Total,49527,3754,17622,0,64,42974,6553,"50,27","6 884 763,99","139,01",17757,137,90685
Data,Ocup,Opção,Cheg,Oferta/Uso Interno,Deduz. Individ.,Deduz. Grupos,% Ocup.,Receita Quartos,Preço Médio,Saídas,Quartos FdS,Adul. / Cri.,outubro,Previsão,28-out-2026 qua,18,0,16,0,0,1,17,"13,33","2 759,95","153,33",0,0,35,306,486,100,0,0,63,243,"7,31","48 778,52","159,41",117,0,602,Total out,306,486,100,0,0,63,243,"7,31","48 778,52","159,41",117,0,602,Total,49527,3754,17622,0,64,42974,6553,"50,27","6 884 763,99","139,01",17757,137,90685
Data,Ocup,Opção,Cheg,Oferta/Uso Interno,Deduz. Individ.,Deduz. Grupos,% Ocup.,Receita Quartos,Preço Médio,Saídas,Quartos FdS,Adul. / Cri.,outubro,Previsão,29-out-2026 qui,18,0,0,0,0,1,17,"13,33","2 759,95","153,33",0,0,35,306,486,100,0,0,63,243,"7,31","48 778,52","159,41",117,0,602,Total out,306,486,100,0,0,63,243,"7,31","48 778,52","159,41",117,0,602,Total,49527,3754,17622,0,64,42974,6553,"50,27","6 884 763,99","139,01",17757,137,90685
Data,Ocup,Opção,Cheg,Oferta/Uso Interno,Deduz. Individ.,Deduz. Grupos,% Ocup.,Receita Quartos,Preço Médio,Saídas,Quartos FdS,Adul. / Cri.,outubro,Previsão,30-out-2026 sex,17,0,0,0,0,0,17,"12,59","2 644,27","155,55",1,0,33,306,486,100,0,0,63,243,"7,31","48 778,52","159,41",117,0,602,Total out,306,486,100,0,0,63,243,"7,31","48 778,52","159,41",117,0,602,Total,49527,3754,17622,0,64,42974,6553,"50,27","6 884 763,99","139,01",17757,137,90685
Data,Ocup,Opção,Cheg,Oferta/Uso Interno,Deduz. Individ.,Deduz. Grupos,% Ocup.,Receita Quartos,Preço Médio,Saídas,Quartos FdS,Adul. / Cri.,outubro,Previsão,31-out-2026 sáb,0,0,0,0,0,0,0,-,-,NaN,17,0,0,306,486,100,0,0,63,243,"7,31","48 778,52","159,41",117,0,602,Total out,306,486,100,0,0,63,243,"7,31","48 778,52","159,41",117,0,602,Total,49527,3754,17622,0,64,42974,6553,"50,27","6 884 763,99","139,01",17757,137,90685
Data,Ocup,Opção,Cheg,Oferta/Uso Interno,Deduz. Individ.,Deduz. Grupos,% Ocup.,Receita Quartos,Preço Médio,Saídas,Quartos FdS,Adul. / Cri.,novembro,Previsão,01-nov-2026 dom,1,0,1,0,0,1,0,"0,74","84,48","84,48",0,0,2,11,147,4,0,0,11,0,"0,27","1 228,92","111,72",4,0,17,Total nov,11,147,4,0,0,11,0,"0,27","1 228,92","111,72",4,0,17,Total,49527,3754,17622,0,64,42974,6553,"50,27","6 884 763,99","139,01",17757,137,90685
Data,Ocup,Opção,Cheg,Oferta/Uso Interno,Deduz. Individ.,Deduz. Grupos,% Ocup.,Receita Quartos,Preço Médio,Saídas,Quartos FdS,Adul. / Cri.,novembro,Previsão,02-nov-2026 seg,1,0,0,0,0,1,0,"0,74","84,48","84,48",0,0,2,11,147,4,0,0,11,0,"0,27","1 228,92","111,72",4,0,17,Total nov,11,147,4,0,0,11,0,"0,27","1 228,92","111,72",4,0,17,Total,49527,3754,17622,0,64,42974,6553,"50,27","6 884 763,99","139,01",17757,137,90685
Data,Ocup,Opção,Cheg,Oferta/Uso Interno,Deduz. Individ.,Deduz. Grupos,% Ocup.,Receita Quartos,Preço Médio,Saídas,Quartos FdS,Adul. / Cri.,novembro,Previsão,03-nov-2026 ter,1,0,0,0,0,1,0,"0,74","84,48","84,48",0,0,2,11,147,4,0,0,11,0,"0,27","1 228,92","111,72",4,0,17,Total nov,11,147,4,0,0,11,0,"0,27","1 228,92","111,72",4,0,17,Total,49527,3754,17622,0,64,42974,6553,"50,27","6 884 763,99","139,01",17757,137,90685
Data,Ocup,Opção,Cheg,Oferta/Uso Interno,Deduz. Individ.,Deduz. Grupos,% Ocup.,Receita Quartos,Preço Médio,Saídas,Quartos FdS,Adul. / Cri.,novembro,Previsão,04-nov-2026 qua,1,0,0,0,0,1,0,"0,74","84,48","84,48",0,0,2,11,147,4,0,0,11,0,"0,27","1 228,92","111,72",4,0,17,Total nov,11,147,4,0,0,11,0,"0,27","1 228,92","111,72",4,0,17,Total,49527,3754,17622,0,64,42974,6553,"50,27","6 884 763,99","139,01",17757,137,90685
Data,Ocup,Opção,Cheg,Oferta/Uso Interno,Deduz. Individ.,Deduz. Grupos,% Ocup.,Receita Quartos,Preço Médio,Saídas,Quartos FdS,Adul. / Cri.,novembro,Previsão,05-nov-2026 qui,0,0,0,0,0,0,0,-,-,NaN,1,0,0,11,147,4,0,0,11,0,"0,27","1 228,92","111,72",4,0,17,Total nov,11,147,4,0,0,11,0,"0,27","1 228,92","111,72",4,0,17,Total,49527,3754,17622,0,64,42974,6553,"50,27","6 884 763,99","139,01",17757,137,90685
Data,Ocup,Opção,Cheg,Oferta/Uso Interno,Deduz. Individ.,Deduz. Grupos,% Ocup.,Receita Quartos,Preço Médio,Saídas,Quartos FdS,Adul. / Cri.,novembro,Previsão,06-nov-2026 sex,1,0,1,0,0,1,0,"0,74","134,64","134,64",0,0,1,11,147,4,0,0,11,0,"0,27","1 228,92","111,72",4,0,17,Total nov,11,147,4,0,0,11,0,"0,27","1 228,92","111,72",4,0,17,Total,49527,3754,17622,0,64,42974,6553,"50,27","6 884 763,99","139,01",17757,137,90685
Data,Ocup,Opção,Cheg,Oferta/Uso Interno,Deduz. Individ.,Deduz. Grupos,% Ocup.,Receita Quartos,Preço Médio,Saídas,Quartos FdS,Adul. / Cri.,novembro,Previsão,07-nov-2026 sáb,1,0,0,0,0,1,0,"0,74","134,64","134,64",0,0,1,11,147,4,0,0,11,0,"0,27","1 228,92","111,72",4,0,17,Total nov,11,147,4,0,0,11,0,"0,27","1 228,92","111,72",4,0,17,Total,49527,3754,17622,0,64,42974,6553,"50,27","6 884 763,99","139,01",17757,137,90685
Data,Ocup,Opção,Cheg,Oferta/Uso Interno,Deduz. Individ.,Deduz. Grupos,% Ocup.,Receita Quartos,Preço Médio,Saídas,Quartos FdS,Adul. / Cri.,novembro,Previsão,08-nov-2026 dom,1,0,0,0,0,1,0,"0,74","119,34","119,34",0,0,1,11,147,4,0,0,11,0,"0,27","1 228,92","111,72",4,0,17,Total nov,11,147,4,0,0,11,0,"0,27","1 228,92","111,72",4,0,17,Total,49527,3754,17622,0,64,42974,6553,"50,27","6 884 763,99","139,01",17757,137,90685
Data,Ocup,Opção,Cheg,Oferta/Uso Interno,Deduz. Individ.,Deduz. Grupos,% Ocup.,Receita Quartos,Preço Médio,Saídas,Quartos FdS,Adul. / Cri.,novembro,Previsão,09-nov-2026 seg,0,0,0,0,0,0,0,-,-,NaN,1,0,0,11,147,4,0,0,11,0,"0,27","1 228,92","111,72",4,0,17,Total nov,11,147,4,0,0,11,0,"0,27","1 228,92","111,72",4,0,17,Total,49527,3754,17622,0,64,42974,6553,"50,27","6 884 763,99","139,01",17757,137,90685
Data,Ocup,Opção,Cheg,Oferta/Uso Interno,Deduz. Individ.,Deduz. Grupos,% Ocup.,Receita Quartos,Preço Médio,Saídas,Quartos FdS,Adul. / Cri.,novembro,Previsão,10-nov-2026 ter,0,0,0,0,0,0,0,-,-,NaN,0,0,0,11,147,4,0,0,11,0,"0,27","1 228,92","111,72",4,0,17,Total nov,11,147,4,0,0,11,0,"0,27","1 228,92","111,72",4,0,17,Total,49527,3754,17622,0,64,42974,6553,"50,27","6 884 763,99","139,01",17757,137,90685
Data,Ocup,Opção,Cheg,Oferta/Uso Interno,Deduz. Individ.,Deduz. Grupos,% Ocup.,Receita Quartos,Preço Médio,Saídas,Quartos FdS,Adul. / Cri.,novembro,Previsão,11-nov-2026 qua,0,0,0,0,0,0,0,-,-,NaN,0,0,0,11,147,4,0,0,11,0,"0,27","1 228,92","111,72",4,0,17,Total nov,11,147,4,0,0,11,0,"0,27","1 228,92","111,72",4,0,17,Total,49527,3754,17622,0,64,42974,6553,"50,27","6 884 763,99","139,01",17757,137,90685
Data,Ocup,Opção,Cheg,Oferta/Uso Interno,Deduz. Individ.,Deduz. Grupos,% Ocup.,Receita Quartos,Preço Médio,Saídas,Quartos FdS,Adul. / Cri.,novembro,Previsão,12-nov-2026 qui,0,0,0,0,0,0,0,-,-,NaN,0,0,0,11,147,4,0,0,11,0,"0,27","1 228,92","111,72",4,0,17,Total nov,11,147,4,0,0,11,0,"0,27","1 228,92","111,72",4,0,17,Total,49527,3754,17622,0,64,42974,6553,"50,27","6 884 763,99","139,01",17757,137,90685
Data,Ocup,Opção,Cheg,Oferta/Uso Interno,Deduz. Individ.,Deduz. Grupos,% Ocup.,Receita Quartos,Preço Médio,Saídas,Quartos FdS,Adul. / Cri.,novembro,Previsão,13-nov-2026 sex,0,0,0,0,0,0,0,-,-,NaN,0,0,0,11,147,4,0,0,11,0,"0,27","1 228,92","111,72",4,0,17,Total nov,11,147,4,0,0,11,0,"0,27","1 228,92","111,72",4,0,17,Total,49527,3754,17622,0,64,42974,6553,"50,27","6 884 763,99","139,01",17757,137,90685
Data,Ocup,Opção,Cheg,Oferta/Uso Interno,Deduz. Individ.,Deduz. Grupos,% Ocup.,Receita Quartos,Preço Médio,Saídas,Quartos FdS,Adul. / Cri.,novembro,Previsão,14-nov-2026 sáb,0,11,0,0,0,0,0,-,-,NaN,0,0,0,11,147,4,0,0,11,0,"0,27","1 228,92","111,72",4,0,17,Total nov,11,147,4,0,0,11,0,"0,27","1 228,92","111,72",4,0,17,Total,49527,3754,17622,0,64,42974,6553,"50,27","6 884 763,99","139,01",17757,137,90685
Data,Ocup,Opção,Cheg,Oferta/Uso Interno,Deduz. Individ.,Deduz. Grupos,% Ocup.,Receita Quartos,Preço Médio,Saídas,Quartos FdS,Adul. / Cri.,novembro,Previsão,15-nov-2026 dom,0,13,0,0,0,0,0,-,-,NaN,0,0,0,11,147,4,0,0,11,0,"0,27","1 228,92","111,72",4,0,17,Total nov,11,147,4,0,0,11,0,"0,27","1 228,92","111,72",4,0,17,Total,49527,3754,17622,0,64,42974,6553,"50,27","6 884 763,99","139,01",17757,137,90685
Data,Ocup,Opção,Cheg,Oferta/Uso Interno,Deduz. Individ.,Deduz. Grupos,% Ocup.,Receita Quartos,Preço Médio,Saídas,Quartos FdS,Adul. / Cri.,novembro,Previsão,16-nov-2026 seg,0,33,0,0,0,0,0,-,-,NaN,0,0,0,11,147,4,0,0,11,0,"0,27","1 228,92","111,72",4,0,17,Total nov,11,147,4,0,0,11,0,"0,27","1 228,92","111,72",4,0,17,Total,49527,3754,17622,0,64,42974,6553,"50,27","6 884 763,99","139,01",17757,137,90685
Data,Ocup,Opção,Cheg,Oferta/Uso Interno,Deduz. Individ.,Deduz. Grupos,% Ocup.,Receita Quartos,Preço Médio,Saídas,Quartos FdS,Adul. / Cri.,novembro,Previsão,17-nov-2026 ter,1,20,1,0,0,1,0,"0,74","140,40","140,40",0,0,2,11,147,4,0,0,11,0,"0,27","1 228,92","111,72",4,0,17,Total nov,11,147,4,0,0,11,0,"0,27","1 228,92","111,72",4,0,17,Total,49527,3754,17622,0,64,42974,6553,"50,27","6 884 763,99","139,01",17757,137,90685
Data,Ocup,Opção,Cheg,Oferta/Uso Interno,Deduz. Individ.,Deduz. Grupos,% Ocup.,Receita Quartos,Preço Médio,Saídas,Quartos FdS,Adul. / Cri.,novembro,Previsão,18-nov-2026 qua,1,20,0,0,0,1,0,"0,74","140,40","140,40",0,0,2,11,147,4,0,0,11,0,"0,27","1 228,92","111,72",4,0,17,Total nov,11,147,4,0,0,11,0,"0,27","1 228,92","111,72",4,0,17,Total,49527,3754,17622,0,64,42974,6553,"50,27","6 884 763,99","139,01",17757,137,90685
Data,Ocup,Opção,Cheg,Oferta/Uso Interno,Deduz. Individ.,Deduz. Grupos,% Ocup.,Receita Quartos,Preço Médio,Saídas,Quartos FdS,Adul. / Cri.,novembro,Previsão,19-nov-2026 qui,0,20,0,0,0,0,0,-,-,NaN,1,0,0,11,147,4,0,0,11,0,"0,27","1 228,92","111,72",4,0,17,Total nov,11,147,4,0,0,11,0,"0,27","1 228,92","111,72",4,0,17,Total,49527,3754,17622,0,64,42974,6553,"50,27","6 884 763,99","139,01",17757,137,90685
Data,Ocup,Opção,Cheg,Oferta/Uso Interno,Deduz. Individ.,Deduz. Grupos,% Ocup.,Receita Quartos,Preço Médio,Saídas,Quartos FdS,Adul. / Cri.,novembro,Previsão,20-nov-2026 sex,0,0,0,0,0,0,0,-,-,NaN,0,0,0,11,147,4,0,0,11,0,"0,27","1 228,92","111,72",4,0,17,Total nov,11,147,4,0,0,11,0,"0,27","1 228,92","111,72",4,0,17,Total,49527,3754,17622,0,64,42974,6553,"50,27","6 884 763,99","139,01",17757,137,90685
Data,Ocup,Opção,Cheg,Oferta/Uso Interno,Deduz. Individ.,Deduz. Grupos,% Ocup.,Receita Quartos,Preço Médio,Saídas,Quartos FdS,Adul. / Cri.,novembro,Previsão,21-nov-2026 sáb,0,4,0,0,0,0,0,-,-,NaN,0,0,0,11,147,4,0,0,11,0,"0,27","1 228,92","111,72",4,0,17,Total nov,11,147,4,0,0,11,0,"0,27","1 228,92","111,72",4,0,17,Total,49527,3754,17622,0,64,42974,6553,"50,27","6 884 763,99","139,01",17757,137,90685
Data,Ocup,Opção,Cheg,Oferta/Uso Interno,Deduz. Individ.,Deduz. Grupos,% Ocup.,Receita Quartos,Preço Médio,Saídas,Quartos FdS,Adul. / Cri.,novembro,Previsão,22-nov-2026 dom,0,13,0,0,0,0,0,-,-,NaN,0,0,0,11,147,4,0,0,11,0,"0,27","1 228,92","111,72",4,0,17,Total nov,11,147,4,0,0,11,0,"0,27","1 228,92","111,72",4,0,17,Total,49527,3754,17622,0,64,42974,6553,"50,27","6 884 763,99","139,01",17757,137,90685
Data,Ocup,Opção,Cheg,Oferta/Uso Interno,Deduz. Individ.,Deduz. Grupos,% Ocup.,Receita Quartos,Preço Médio,Saídas,Quartos FdS,Adul. / Cri.,novembro,Previsão,23-nov-2026 seg,0,13,0,0,0,0,0,-,-,NaN,0,0,0,11,147,4,0,0,11,0,"0,27","1 228,92","111,72",4,0,17,Total nov,11,147,4,0,0,11,0,"0,27","1 228,92","111,72",4,0,17,Total,49527,3754,17622,0,64,42974,6553,"50,27","6 884 763,99","139,01",17757,137,90685
Data,Ocup,Opção,Cheg,Oferta/Uso Interno,Deduz. Individ.,Deduz. Grupos,% Ocup.,Receita Quartos,Preço Médio,Saídas,Quartos FdS,Adul. / Cri.,novembro,Previsão,24-nov-2026 ter,0,0,0,0,0,0,0,-,-,NaN,0,0,0,11,147,4,0,0,11,0,"0,27","1 228,92","111,72",4,0,17,Total nov,11,147,4,0,0,11,0,"0,27","1 228,92","111,72",4,0,17,Total,49527,3754,17622,0,64,42974,6553,"50,27","6 884 763,99","139,01",17757,137,90685
Data,Ocup,Opção,Cheg,Oferta/Uso Interno,Deduz. Individ.,Deduz. Grupos,% Ocup.,Receita Quartos,Preço Médio,Saídas,Quartos FdS,Adul. / Cri.,novembro,Previsão,25-nov-2026 qua,0,0,0,0,0,0,0,-,-,NaN,0,0,0,11,147,4,0,0,11,0,"0,27","1 228,92","111,72",4,0,17,Total nov,11,147,4,0,0,11,0,"0,27","1 228,92","111,72",4,0,17,Total,49527,3754,17622,0,64,42974,6553,"50,27","6 884 763,99","139,01",17757,137,90685
Data,Ocup,Opção,Cheg,Oferta/Uso Interno,Deduz. Individ.,Deduz. Grupos,% Ocup.,Receita Quartos,Preço Médio,Saídas,Quartos FdS,Adul. / Cri.,novembro,Previsão,26-nov-2026 qui,0,0,0,0,0,0,0,-,-,NaN,0,0,0,11,147,4,0,0,11,0,"0,27","1 228,92","111,72",4,0,17,Total nov,11,147,4,0,0,11,0,"0,27","1 228,92","111,72",4,0,17,Total,49527,3754,17622,0,64,42974,6553,"50,27","6 884 763,99","139,01",17757,137,90685
Data,Ocup,Opção,Cheg,Oferta/Uso Interno,Deduz. Individ.,Deduz. Grupos,% Ocup.,Receita Quartos,Preço Médio,Saídas,Quartos FdS,Adul. / Cri.,novembro,Previsão,27-nov-2026 sex,1,0,1,0,0,1,0,"0,74","110,79","110,79",0,0,1,11,147,4,0,0,11,0,"0,27","1 228,92","111,72",4,0,17,Total nov,11,147,4,0,0,11,0,"0,27","1 228,92","111,72",4,0,17,Total,49527,3754,17622,0,64,42974,6553,"50,27","6 884 763,99","139,01",17757,137,90685
Data,Ocup,Opção,Cheg,Oferta/Uso Interno,Deduz. Individ.,Deduz. Grupos,% Ocup.,Receita Quartos,Preço Médio,Saídas,Quartos FdS,Adul. / Cri.,novembro,Previsão,28-nov-2026 sáb,1,0,0,0,0,1,0,"0,74","110,79","110,79",0,0,1,11,147,4,0,0,11,0,"0,27","1 228,92","111,72",4,0,17,Total nov,11,147,4,0,0,11,0,"0,27","1 228,92","111,72",4,0,17,Total,49527,3754,17622,0,64,42974,6553,"50,27","6 884 763,99","139,01",17757,137,90685
Data,Ocup,Opção,Cheg,Oferta/Uso Interno,Deduz. Individ.,Deduz. Grupos,% Ocup.,Receita Quartos,Preço Médio,Saídas,Quartos FdS,Adul. / Cri.,novembro,Previsão,29-nov-2026 dom,0,0,0,0,0,0,0,-,-,NaN,1,0,0,11,147,4,0,0,11,0,"0,27","1 228,92","111,72",4,0,17,Total nov,11,147,4,0,0,11,0,"0,27","1 228,92","111,72",4,0,17,Total,49527,3754,17622,0,64,42974,6553,"50,27","6 884 763,99","139,01",17757,137,90685
Data,Ocup,Opção,Cheg,Oferta/Uso Interno,Deduz. Individ.,Deduz. Grupos,% Ocup.,Receita Quartos,Preço Médio,Saídas,Quartos FdS,Adul. / Cri.,novembro,Previsão,30-nov-2026 seg,0,0,0,0,0,0,0,-,-,NaN,0,0,0,11,147,4,0,0,11,0,"0,27","1 228,92","111,72",4,0,17,Total nov,11,147,4,0,0,11,0,"0,27","1 228,92","111,72",4,0,17,Total,49527,3754,17622,0,64,42974,6553,"50,27","6 884 763,99","139,01",17757,137,90685
Data,Ocup,Opção,Cheg,Oferta/Uso Interno,Deduz. Individ.,Deduz. Grupos,% Ocup.,Receita Quartos,Preço Médio,Saídas,Quartos FdS,Adul. / Cri.,dezembro,Previsão,01-dez-2026 ter,0,0,0,0,0,0,0,-,-,NaN,0,0,0,17,2,6,0,0,17,0,"0,41","2 316,21","136,25",6,0,33,Total dez,17,2,6,0,0,17,0,"0,41","2 316,21","136,25",6,0,33,Total,49527,3754,17622,0,64,42974,6553,"50,27","6 884 763,99","139,01",17757,137,90685
Data,Ocup,Opção,Cheg,Oferta/Uso Interno,Deduz. Individ.,Deduz. Grupos,% Ocup.,Receita Quartos,Preço Médio,Saídas,Quartos FdS,Adul. / Cri.,dezembro,Previsão,02-dez-2026 qua,0,0,0,0,0,0,0,-,-,NaN,0,0,0,17,2,6,0,0,17,0,"0,41","2 316,21","136,25",6,0,33,Total dez,17,2,6,0,0,17,0,"0,41","2 316,21","136,25",6,0,33,Total,49527,3754,17622,0,64,42974,6553,"50,27","6 884 763,99","139,01",17757,137,90685
Data,Ocup,Opção,Cheg,Oferta/Uso Interno,Deduz. Individ.,Deduz. Grupos,% Ocup.,Receita Quartos,Preço Médio,Saídas,Quartos FdS,Adul. / Cri.,dezembro,Previsão,03-dez-2026 qui,0,0,0,0,0,0,0,-,-,NaN,0,0,0,17,2,6,0,0,17,0,"0,41","2 316,21","136,25",6,0,33,Total dez,17,2,6,0,0,17,0,"0,41","2 316,21","136,25",6,0,33,Total,49527,3754,17622,0,64,42974,6553,"50,27","6 884 763,99","139,01",17757,137,90685
Data,Ocup,Opção,Cheg,Oferta/Uso Interno,Deduz. Individ.,Deduz. Grupos,% Ocup.,Receita Quartos,Preço Médio,Saídas,Quartos FdS,Adul. / Cri.,dezembro,Previsão,04-dez-2026 sex,0,0,0,0,0,0,0,-,-,NaN,0,0,0,17,2,6,0,0,17,0,"0,41","2 316,21","136,25",6,0,33,Total dez,17,2,6,0,0,17,0,"0,41","2 316,21","136,25",6,0,33,Total,49527,3754,17622,0,64,42974,6553,"50,27","6 884 763,99","139,01",17757,137,90685
Data,Ocup,Opção,Cheg,Oferta/Uso Interno,Deduz. Individ.,Deduz. Grupos,% Ocup.,Receita Quartos,Preço Médio,Saídas,Quartos FdS,Adul. / Cri.,dezembro,Previsão,05-dez-2026 sáb,0,0,0,0,0,0,0,-,-,NaN,0,0,0,17,2,6,0,0,17,0,"0,41","2 316,21","136,25",6,0,33,Total dez,17,2,6,0,0,17,0,"0,41","2 316,21","136,25",6,0,33,Total,49527,3754,17622,0,64,42974,6553,"50,27","6 884 763,99","139,01",17757,137,90685
Data,Ocup,Opção,Cheg,Oferta/Uso Interno,Deduz. Individ.,Deduz. Grupos,% Ocup.,Receita Quartos,Preço Médio,Saídas,Quartos FdS,Adul. / Cri.,dezembro,Previsão,06-dez-2026 dom,0,0,0,0,0,0,0,-,-,NaN,0,0,0,17,2,6,0,0,17,0,"0,41","2 316,21","136,25",6,0,33,Total dez,17,2,6,0,0,17,0,"0,41","2 316,21","136,25",6,0,33,Total,49527,3754,17622,0,64,42974,6553,"50,27","6 884 763,99","139,01",17757,137,90685
Data,Ocup,Opção,Cheg,Oferta/Uso Interno,Deduz. Individ.,Deduz. Grupos,% Ocup.,Receita Quartos,Preço Médio,Saídas,Quartos FdS,Adul. / Cri.,dezembro,Previsão,07-dez-2026 seg,0,0,0,0,0,0,0,-,-,NaN,0,0,0,17,2,6,0,0,17,0,"0,41","2 316,21","136,25",6,0,33,Total dez,17,2,6,0,0,17,0,"0,41","2 316,21","136,25",6,0,33,Total,49527,3754,17622,0,64,42974,6553,"50,27","6 884 763,99","139,01",17757,137,90685
Data,Ocup,Opção,Cheg,Oferta/Uso Interno,Deduz. Individ.,Deduz. Grupos,% Ocup.,Receita Quartos,Preço Médio,Saídas,Quartos FdS,Adul. / Cri.,dezembro,Previsão,08-dez-2026 ter,0,0,0,0,0,0,0,-,-,NaN,0,0,0,17,2,6,0,0,17,0,"0,41","2 316,21","136,25",6,0,33,Total dez,17,2,6,0,0,17,0,"0,41","2 316,21","136,25",6,0,33,Total,49527,3754,17622,0,64,42974,6553,"50,27","6 884 763,99","139,01",17757,137,90685
Data,Ocup,Opção,Cheg,Oferta/Uso Interno,Deduz. Individ.,Deduz. Grupos,% Ocup.,Receita Quartos,Preço Médio,Saídas,Quartos FdS,Adul. / Cri.,dezembro,Previsão,09-dez-2026 qua,0,0,0,0,0,0,0,-,-,NaN,0,0,0,17,2,6,0,0,17,0,"0,41","2 316,21","136,25",6,0,33,Total dez,17,2,6,0,0,17,0,"0,41","2 316,21","136,25",6,0,33,Total,49527,3754,17622,0,64,42974,6553,"50,27","6 884 763,99","139,01",17757,137,90685
Data,Ocup,Opção,Cheg,Oferta/Uso Interno,Deduz. Individ.,Deduz. Grupos,% Ocup.,Receita Quartos,Preço Médio,Saídas,Quartos FdS,Adul. / Cri.,dezembro,Previsão,10-dez-2026 qui,0,0,0,0,0,0,0,-,-,NaN,0,0,0,17,2,6,0,0,17,0,"0,41","2 316,21","136,25",6,0,33,Total dez,17,2,6,0,0,17,0,"0,41","2 316,21","136,25",6,0,33,Total,49527,3754,17622,0,64,42974,6553,"50,27","6 884 763,99","139,01",17757,137,90685
Data,Ocup,Opção,Cheg,Oferta/Uso Interno,Deduz. Individ.,Deduz. Grupos,% Ocup.,Receita Quartos,Preço Médio,Saídas,Quartos FdS,Adul. / Cri.,dezembro,Previsão,11-dez-2026 sex,1,0,1,0,0,1,0,"0,74","166,38","166,38",0,0,2,17,2,6,0,0,17,0,"0,41","2 316,21","136,25",6,0,33,Total dez,17,2,6,0,0,17,0,"0,41","2 316,21","136,25",6,0,33,Total,49527,3754,17622,0,64,42974,6553,"50,27","6 884 763,99","139,01",17757,137,90685
Data,Ocup,Opção,Cheg,Oferta/Uso Interno,Deduz. Individ.,Deduz. Grupos,% Ocup.,Receita Quartos,Preço Médio,Saídas,Quartos FdS,Adul. / Cri.,dezembro,Previsão,12-dez-2026 sáb,1,0,0,0,0,1,0,"0,74","166,38","166,38",0,0,2,17,2,6,0,0,17,0,"0,41","2 316,21","136,25",6,0,33,Total dez,17,2,6,0,0,17,0,"0,41","2 316,21","136,25",6,0,33,Total,49527,3754,17622,0,64,42974,6553,"50,27","6 884 763,99","139,01",17757,137,90685
Data,Ocup,Opção,Cheg,Oferta/Uso Interno,Deduz. Individ.,Deduz. Grupos,% Ocup.,Receita Quartos,Preço Médio,Saídas,Quartos FdS,Adul. / Cri.,dezembro,Previsão,13-dez-2026 dom,0,0,0,0,0,0,0,-,-,NaN,1,0,0,17,2,6,0,0,17,0,"0,41","2 316,21","136,25",6,0,33,Total dez,17,2,6,0,0,17,0,"0,41","2 316,21","136,25",6,0,33,Total,49527,3754,17622,0,64,42974,6553,"50,27","6 884 763,99","139,01",17757,137,90685
Data,Ocup,Opção,Cheg,Oferta/Uso Interno,Deduz. Individ.,Deduz. Grupos,% Ocup.,Receita Quartos,Preço Médio,Saídas,Quartos FdS,Adul. / Cri.,dezembro,Previsão,14-dez-2026 seg,0,0,0,0,0,0,0,-,-,NaN,0,0,0,17,2,6,0,0,17,0,"0,41","2 316,21","136,25",6,0,33,Total dez,17,2,6,0,0,17,0,"0,41","2 316,21","136,25",6,0,33,Total,49527,3754,17622,0,64,42974,6553,"50,27","6 884 763,99","139,01",17757,137,90685
Data,Ocup,Opção,Cheg,Oferta/Uso Interno,Deduz. Individ.,Deduz. Grupos,% Ocup.,Receita Quartos,Preço Médio,Saídas,Quartos FdS,Adul. / Cri.,dezembro,Previsão,15-dez-2026 ter,0,0,0,0,0,0,0,-,-,NaN,0,0,0,17,2,6,0,0,17,0,"0,41","2 316,21","136,25",6,0,33,Total dez,17,2,6,0,0,17,0,"0,41","2 316,21","136,25",6,0,33,Total,49527,3754,17622,0,64,42974,6553,"50,27","6 884 763,99","139,01",17757,137,90685
Data,Ocup,Opção,Cheg,Oferta/Uso Interno,Deduz. Individ.,Deduz. Grupos,% Ocup.,Receita Quartos,Preço Médio,Saídas,Quartos FdS,Adul. / Cri.,dezembro,Previsão,16-dez-2026 qua,0,0,0,0,0,0,0,-,-,NaN,0,0,0,17,2,6,0,0,17,0,"0,41","2 316,21","136,25",6,0,33,Total dez,17,2,6,0,0,17,0,"0,41","2 316,21","136,25",6,0,33,Total,49527,3754,17622,0,64,42974,6553,"50,27","6 884 763,99","139,01",17757,137,90685
Data,Ocup,Opção,Cheg,Oferta/Uso Interno,Deduz. Individ.,Deduz. Grupos,% Ocup.,Receita Quartos,Preço Médio,Saídas,Quartos FdS,Adul. / Cri.,dezembro,Previsão,17-dez-2026 qui,0,0,0,0,0,0,0,-,-,NaN,0,0,0,17,2,6,0,0,17,0,"0,41","2 316,21","136,25",6,0,33,Total dez,17,2,6,0,0,17,0,"0,41","2 316,21","136,25",6,0,33,Total,49527,3754,17622,0,64,42974,6553,"50,27","6 884 763,99","139,01",17757,137,90685
Data,Ocup,Opção,Cheg,Oferta/Uso Interno,Deduz. Individ.,Deduz. Grupos,% Ocup.,Receita Quartos,Preço Médio,Saídas,Quartos FdS,Adul. / Cri.,dezembro,Previsão,18-dez-2026 sex,0,0,0,0,0,0,0,-,-,NaN,0,0,0,17,2,6,0,0,17,0,"0,41","2 316,21","136,25",6,0,33,Total dez,17,2,6,0,0,17,0,"0,41","2 316,21","136,25",6,0,33,Total,49527,3754,17622,0,64,42974,6553,"50,27","6 884 763,99","139,01",17757,137,90685
Data,Ocup,Opção,Cheg,Oferta/Uso Interno,Deduz. Individ.,Deduz. Grupos,% Ocup.,Receita Quartos,Preço Médio,Saídas,Quartos FdS,Adul. / Cri.,dezembro,Previsão,19-dez-2026 sáb,0,1,0,0,0,0,0,-,-,NaN,0,0,0,17,2,6,0,0,17,0,"0,41","2 316,21","136,25",6,0,33,Total dez,17,2,6,0,0,17,0,"0,41","2 316,21","136,25",6,0,33,Total,49527,3754,17622,0,64,42974,6553,"50,27","6 884 763,99","139,01",17757,137,90685
Data,Ocup,Opção,Cheg,Oferta/Uso Interno,Deduz. Individ.,Deduz. Grupos,% Ocup.,Receita Quartos,Preço Médio,Saídas,Quartos FdS,Adul. / Cri.,dezembro,Previsão,20-dez-2026 dom,0,1,0,0,0,0,0,-,-,NaN,0,0,0,17,2,6,0,0,17,0,"0,41","2 316,21","136,25",6,0,33,Total dez,17,2,6,0,0,17,0,"0,41","2 316,21","136,25",6,0,33,Total,49527,3754,17622,0,64,42974,6553,"50,27","6 884 763,99","139,01",17757,137,90685
Data,Ocup,Opção,Cheg,Oferta/Uso Interno,Deduz. Individ.,Deduz. Grupos,% Ocup.,Receita Quartos,Preço Médio,Saídas,Quartos FdS,Adul. / Cri.,dezembro,Previsão,21-dez-2026 seg,0,0,0,0,0,0,0,-,-,NaN,0,0,0,17,2,6,0,0,17,0,"0,41","2 316,21","136,25",6,0,33,Total dez,17,2,6,0,0,17,0,"0,41","2 316,21","136,25",6,0,33,Total,49527,3754,17622,0,64,42974,6553,"50,27","6 884 763,99","139,01",17757,137,90685
Data,Ocup,Opção,Cheg,Oferta/Uso Interno,Deduz. Individ.,Deduz. Grupos,% Ocup.,Receita Quartos,Preço Médio,Saídas,Quartos FdS,Adul. / Cri.,dezembro,Previsão,22-dez-2026 ter,2,0,2,0,0,2,0,"1,48","299,64","149,82",0,0,8,17,2,6,0,0,17,0,"0,41","2 316,21","136,25",6,0,33,Total dez,17,2,6,0,0,17,0,"0,41","2 316,21","136,25",6,0,33,Total,49527,3754,17622,0,64,42974,6553,"50,27","6 884 763,99","139,01",17757,137,90685
Data,Ocup,Opção,Cheg,Oferta/Uso Interno,Deduz. Individ.,Deduz. Grupos,% Ocup.,Receita Quartos,Preço Médio,Saídas,Quartos FdS,Adul. / Cri.,dezembro,Previsão,23-dez-2026 qua,0,0,0,0,0,0,0,-,-,NaN,2,0,0,17,2,6,0,0,17,0,"0,41","2 316,21","136,25",6,0,33,Total dez,17,2,6,0,0,17,0,"0,41","2 316,21","136,25",6,0,33,Total,49527,3754,17622,0,64,42974,6553,"50,27","6 884 763,99","139,01",17757,137,90685
Data,Ocup,Opção,Cheg,Oferta/Uso Interno,Deduz. Individ.,Deduz. Grupos,% Ocup.,Receita Quartos,Preço Médio,Saídas,Quartos FdS,Adul. / Cri.,dezembro,Previsão,24-dez-2026 qui,0,0,0,0,0,0,0,-,-,NaN,0,0,0,17,2,6,0,0,17,0,"0,41","2 316,21","136,25",6,0,33,Total dez,17,2,6,0,0,17,0,"0,41","2 316,21","136,25",6,0,33,Total,49527,3754,17622,0,64,42974,6553,"50,27","6 884 763,99","139,01",17757,137,90685
Data,Ocup,Opção,Cheg,Oferta/Uso Interno,Deduz. Individ.,Deduz. Grupos,% Ocup.,Receita Quartos,Preço Médio,Saídas,Quartos FdS,Adul. / Cri.,dezembro,Previsão,25-dez-2026 sex,1,0,1,0,0,1,0,"0,74","103,42","103,42",0,0,2,17,2,6,0,0,17,0,"0,41","2 316,21","136,25",6,0,33,Total dez,17,2,6,0,0,17,0,"0,41","2 316,21","136,25",6,0,33,Total,49527,3754,17622,0,64,42974,6553,"50,27","6 884 763,99","139,01",17757,137,90685
Data,Ocup,Opção,Cheg,Oferta/Uso Interno,Deduz. Individ.,Deduz. Grupos,% Ocup.,Receita Quartos,Preço Médio,Saídas,Quartos FdS,Adul. / Cri.,dezembro,Previsão,26-dez-2026 sáb,3,0,2,0,0,3,0,"2,22","353,65","117,88",0,0,5,17,2,6,0,0,17,0,"0,41","2 316,21","136,25",6,0,33,Total dez,17,2,6,0,0,17,0,"0,41","2 316,21","136,25",6,0,33,Total,49527,3754,17622,0,64,42974,6553,"50,27","6 884 763,99","139,01",17757,137,90685
Data,Ocup,Opção,Cheg,Oferta/Uso Interno,Deduz. Individ.,Deduz. Grupos,% Ocup.,Receita Quartos,Preço Médio,Saídas,Quartos FdS,Adul. / Cri.,dezembro,Previsão,27-dez-2026 dom,3,0,0,0,0,3,0,"2,22","353,65","117,88",0,0,5,17,2,6,0,0,17,0,"0,41","2 316,21","136,25",6,0,33,Total dez,17,2,6,0,0,17,0,"0,41","2 316,21","136,25",6,0,33,Total,49527,3754,17622,0,64,42974,6553,"50,27","6 884 763,99","139,01",17757,137,90685
Data,Ocup,Opção,Cheg,Oferta/Uso Interno,Deduz. Individ.,Deduz. Grupos,% Ocup.,Receita Quartos,Preço Médio,Saídas,Quartos FdS,Adul. / Cri.,dezembro,Previsão,28-dez-2026 seg,2,0,0,0,0,2,0,"1,48","280,83","140,42",1,0,3,17,2,6,0,0,17,0,"0,41","2 316,21","136,25",6,0,33,Total dez,17,2,6,0,0,17,0,"0,41","2 316,21","136,25",6,0,33,Total,49527,3754,17622,0,64,42974,6553,"50,27","6 884 763,99","139,01",17757,137,90685
Data,Ocup,Opção,Cheg,Oferta/Uso Interno,Deduz. Individ.,Deduz. Grupos,% Ocup.,Receita Quartos,Preço Médio,Saídas,Quartos FdS,Adul. / Cri.,dezembro,Previsão,29-dez-2026 ter,2,0,0,0,0,2,0,"1,48","280,83","140,42",0,0,3,17,2,6,0,0,17,0,"0,41","2 316,21","136,25",6,0,33,Total dez,17,2,6,0,0,17,0,"0,41","2 316,21","136,25",6,0,33,Total,49527,3754,17622,0,64,42974,6553,"50,27","6 884 763,99","139,01",17757,137,90685
Data,Ocup,Opção,Cheg,Oferta/Uso Interno,Deduz. Individ.,Deduz. Grupos,% Ocup.,Receita Quartos,Preço Médio,Saídas,Quartos FdS,Adul. / Cri.,dezembro,Previsão,30-dez-2026 qua,2,0,0,0,0,2,0,"1,48","311,43","155,72",0,0,3,17,2,6,0,0,17,0,"0,41","2 316,21","136,25",6,0,33,Total dez,17,2,6,0,0,17,0,"0,41","2 316,21","136,25",6,0,33,Total,49527,3754,17622,0,64,42974,6553,"50,27","6 884 763,99","139,01",17757,137,90685
Data,Ocup,Opção,Cheg,Oferta/Uso Interno,Deduz. Individ.,Deduz. Grupos,% Ocup.,Receita Quartos,Preço Médio,Saídas,Quartos FdS,Adul. / Cri.,dezembro,Previsão,31-dez-2026 qui,0,0,0,0,0,0,0,-,-,NaN,2,0,0,17,2,6,0,0,17,0,"0,41","2 316,21","136,25",6,0,33,Total dez,17,2,6,0,0,17,0,"0,41","2 316,21","136,25",6,0,33,Total,49527,3754,17622,0,64,42974,6553,"50,27","6 884 763,99","139,01",17757,137,90685

