Textbox53,Textbox55,Textbox3,Textbox57,Textbox59,Textbox63,Textbox65,Textbox67,Textbox69,Textbox77,Textbox73,Textbox75,Textbox79,Textbox23,Textbox100,hoteldate,Occ,xoption,Arr,Comp,House,Indiv,Group,Occ_perct,RoomRev,Avg,Dep,OOO,Ad_Ch,Textbox86,Textbox6,Textbox87,Textbox88,Textbox89,Textbox90,Textbox91,Textbox92,Textbox93,Textbox94,Textbox95,Textbox96,Textbox97,Textbox9,Textbox127,Textbox7,Textbox128,Textbox129,Textbox130,Textbox131,Textbox132,Textbox133,Textbox134,Textbox135,Textbox136,Textbox137,Textbox138,Textbox113,Textbox99,xoption1,Textbox139,Textbox140,Textbox141,Textbox142,Textbox143,Textbox144,Textbox145,Textbox146,Textbox147,Textbox148,Textbox149
Data,Ocup,Opção,Cheg,Oferta/Uso Interno,Deduz. Individ.,Deduz. Grupos,% Ocup.,Receita Quartos,Preço Médio,Saídas,Quartos FdS,Adul. / Cri.,janeiro,Histórico,01-jan-2026 qui,125,4,29,0,0,111,14,"95,56","17 526,25","135,86",31,0,244,125,4,29,0,0,111,14,"95,56","17 526,25","135,86",31,0,244,Total jan,2073,8,676,0,0,2008,65,"49,73","164 077,62","78,85",738,0,3991,Total,7589,3882,2545,0,0,6037,1552,"11,64","831 690,39","72,50",2671,0,14843
Data,Ocup,Opção,Cheg,Oferta/Uso Interno,Deduz. Individ.,Deduz. Grupos,% Ocup.,Receita Quartos,Preço Médio,Saídas,Quartos FdS,Adul. / Cri.,janeiro,Previsão,02-jan-2026 sex,114,2,36,0,0,100,14,"85,93","13 045,83","112,46",46,0,221,1948,4,647,0,0,1897,51,"48,20","146 551,38","75,08",707,0,3747,Total jan,2073,8,676,0,0,2008,65,"49,73","164 077,62","78,85",738,0,3991,Total,7589,3882,2545,0,0,6037,1552,"11,64","831 690,39","72,50",2671,0,14843
Data,Ocup,Opção,Cheg,Oferta/Uso Interno,Deduz. Individ.,Deduz. Grupos,% Ocup.,Receita Quartos,Preço Médio,Saídas,Quartos FdS,Adul. / Cri.,janeiro,Previsão,03-jan-2026 sáb,109,2,29,0,0,95,14,"82,22","11 465,85","103,30",34,0,209,1948,4,647,0,0,1897,51,"48,20","146 551,38","75,08",707,0,3747,Total jan,2073,8,676,0,0,2008,65,"49,73","164 077,62","78,85",738,0,3991,Total,7589,3882,2545,0,0,6037,1552,"11,64","831 690,39","72,50",2671,0,14843
Data,Ocup,Opção,Cheg,Oferta/Uso Interno,Deduz. Individ.,Deduz. Grupos,% Ocup.,Receita Quartos,Preço Médio,Saídas,Quartos FdS,Adul. / Cri.,janeiro,Previsão,04-jan-2026 dom,86,0,20,0,0,86,0,"63,70","6 892,26","80,14",43,0,170,1948,4,647,0,0,1897,51,"48,20","146 551,38","75,08",707,0,3747,Total jan,2073,8,676,0,0,2008,65,"49,73","164 077,62","78,85",738,0,3991,Total,7589,3882,2545,0,0,6037,1552,"11,64","831 690,39","72,50",2671,0,14843
Data,Ocup,Opção,Cheg,Oferta/Uso Interno,Deduz. Individ.,Deduz. Grupos,% Ocup.,Receita Quartos,Preço Médio,Saídas,Quartos FdS,Adul. / Cri.,janeiro,Previsão,05-jan-2026 seg,74,0,17,0,0,74,0,"54,81","5 927,23","80,10",29,0,151,1948,4,647,0,0,1897,51,"48,20","146 551,38","75,08",707,0,3747,Total jan,2073,8,676,0,0,2008,65,"49,73","164 077,62","78,85",738,0,3991,Total,7589,3882,2545,0,0,6037,1552,"11,64","831 690,39","72,50",2671,0,14843
Data,Ocup,Opção,Cheg,Oferta/Uso Interno,Deduz. Individ.,Deduz. Grupos,% Ocup.,Receita Quartos,Preço Médio,Saídas,Quartos FdS,Adul. / Cri.,janeiro,Previsão,06-jan-2026 ter,73,0,20,0,0,73,0,"54,07","5 447,81","74,63",21,0,149,1948,4,647,0,0,1897,51,"48,20","146 551,38","75,08",707,0,3747,Total jan,2073,8,676,0,0,2008,65,"49,73","164 077,62","78,85",738,0,3991,Total,7589,3882,2545,0,0,6037,1552,"11,64","831 690,39","72,50",2671,0,14843
Data,Ocup,Opção,Cheg,Oferta/Uso Interno,Deduz. Individ.,Deduz. Grupos,% Ocup.,Receita Quartos,Preço Médio,Saídas,Quartos FdS,Adul. / Cri.,janeiro,Previsão,07-jan-2026 qua,61,0,17,0,0,61,0,"45,19","4 330,91","71,00",29,0,122,1948,4,647,0,0,1897,51,"48,20","146 551,38","75,08",707,0,3747,Total jan,2073,8,676,0,0,2008,65,"49,73","164 077,62","78,85",738,0,3991,Total,7589,3882,2545,0,0,6037,1552,"11,64","831 690,39","72,50",2671,0,14843
Data,Ocup,Opção,Cheg,Oferta/Uso Interno,Deduz. Individ.,Deduz. Grupos,% Ocup.,Receita Quartos,Preço Médio,Saídas,Quartos FdS,Adul. / Cri.,janeiro,Previsão,08-jan-2026 qui,49,0,13,0,0,49,0,"36,30","3 363,65","68,65",25,0,95,1948,4,647,0,0,1897,51,"48,20","146 551,38","75,08",707,0,3747,Total jan,2073,8,676,0,0,2008,65,"49,73","164 077,62","78,85",738,0,3991,Total,7589,3882,2545,0,0,6037,1552,"11,64","831 690,39","72,50",2671,0,14843
Data,Ocup,Opção,Cheg,Oferta/Uso Interno,Deduz. Individ.,Deduz. Grupos,% Ocup.,Receita Quartos,Preço Médio,Saídas,Quartos FdS,Adul. / Cri.,janeiro,Previsão,09-jan-2026 sex,78,0,37,0,0,78,0,"57,78","5 262,16","67,46",8,0,150,1948,4,647,0,0,1897,51,"48,20","146 551,38","75,08",707,0,3747,Total jan,2073,8,676,0,0,2008,65,"49,73","164 077,62","78,85",738,0,3991,Total,7589,3882,2545,0,0,6037,1552,"11,64","831 690,39","72,50",2671,0,14843
Data,Ocup,Opção,Cheg,Oferta/Uso Interno,Deduz. Individ.,Deduz. Grupos,% Ocup.,Receita Quartos,Preço Médio,Saídas,Quartos FdS,Adul. / Cri.,janeiro,Previsão,10-jan-2026 sáb,75,0,18,0,0,70,5,"55,56","5 288,01","70,51",21,0,139,1948,4,647,0,0,1897,51,"48,20","146 551,38","75,08",707,0,3747,Total jan,2073,8,676,0,0,2008,65,"49,73","164 077,62","78,85",738,0,3991,Total,7589,3882,2545,0,0,6037,1552,"11,64","831 690,39","72,50",2671,0,14843
Data,Ocup,Opção,Cheg,Oferta/Uso Interno,Deduz. Individ.,Deduz. Grupos,% Ocup.,Receita Quartos,Preço Médio,Saídas,Quartos FdS,Adul. / Cri.,janeiro,Previsão,11-jan-2026 dom,70,0,25,0,0,61,9,"51,85","5 088,80","72,70",30,0,128,1948,4,647,0,0,1897,51,"48,20","146 551,38","75,08",707,0,3747,Total jan,2073,8,676,0,0,2008,65,"49,73","164 077,62","78,85",738,0,3991,Total,7589,3882,2545,0,0,6037,1552,"11,64","831 690,39","72,50",2671,0,14843
Data,Ocup,Opção,Cheg,Oferta/Uso Interno,Deduz. Individ.,Deduz. Grupos,% Ocup.,Receita Quartos,Preço Médio,Saídas,Quartos FdS,Adul. / Cri.,janeiro,Previsão,12-jan-2026 seg,52,0,14,0,0,43,9,"38,52","3 727,41","71,68",32,0,94,1948,4,647,0,0,1897,51,"48,20","146 551,38","75,08",707,0,3747,Total jan,2073,8,676,0,0,2008,65,"49,73","164 077,62","78,85",738,0,3991,Total,7589,3882,2545,0,0,6037,1552,"11,64","831 690,39","72,50",2671,0,14843
Data,Ocup,Opção,Cheg,Oferta/Uso Interno,Deduz. Individ.,Deduz. Grupos,% Ocup.,Receita Quartos,Preço Médio,Saídas,Quartos FdS,Adul. / Cri.,janeiro,Previsão,13-jan-2026 ter,44,0,12,0,0,44,0,"32,59","2 900,18","65,91",20,0,79,1948,4,647,0,0,1897,51,"48,20","146 551,38","75,08",707,0,3747,Total jan,2073,8,676,0,0,2008,65,"49,73","164 077,62","78,85",738,0,3991,Total,7589,3882,2545,0,0,6037,1552,"11,64","831 690,39","72,50",2671,0,14843
Data,Ocup,Opção,Cheg,Oferta/Uso Interno,Deduz. Individ.,Deduz. Grupos,% Ocup.,Receita Quartos,Preço Médio,Saídas,Quartos FdS,Adul. / Cri.,janeiro,Previsão,14-jan-2026 qua,45,0,18,0,0,45,0,"33,33","3 056,18","67,92",17,0,83,1948,4,647,0,0,1897,51,"48,20","146 551,38","75,08",707,0,3747,Total jan,2073,8,676,0,0,2008,65,"49,73","164 077,62","78,85",738,0,3991,Total,7589,3882,2545,0,0,6037,1552,"11,64","831 690,39","72,50",2671,0,14843
Data,Ocup,Opção,Cheg,Oferta/Uso Interno,Deduz. Individ.,Deduz. Grupos,% Ocup.,Receita Quartos,Preço Médio,Saídas,Quartos FdS,Adul. / Cri.,janeiro,Previsão,15-jan-2026 qui,53,0,18,0,0,53,0,"39,26","3 655,23","68,97",10,0,95,1948,4,647,0,0,1897,51,"48,20","146 551,38","75,08",707,0,3747,Total jan,2073,8,676,0,0,2008,65,"49,73","164 077,62","78,85",738,0,3991,Total,7589,3882,2545,0,0,6037,1552,"11,64","831 690,39","72,50",2671,0,14843
Data,Ocup,Opção,Cheg,Oferta/Uso Interno,Deduz. Individ.,Deduz. Grupos,% Ocup.,Receita Quartos,Preço Médio,Saídas,Quartos FdS,Adul. / Cri.,janeiro,Previsão,16-jan-2026 sex,64,0,30,0,0,64,0,"47,41","4 400,34","68,76",19,0,123,1948,4,647,0,0,1897,51,"48,20","146 551,38","75,08",707,0,3747,Total jan,2073,8,676,0,0,2008,65,"49,73","164 077,62","78,85",738,0,3991,Total,7589,3882,2545,0,0,6037,1552,"11,64","831 690,39","72,50",2671,0,14843
Data,Ocup,Opção,Cheg,Oferta/Uso Interno,Deduz. Individ.,Deduz. Grupos,% Ocup.,Receita Quartos,Preço Médio,Saídas,Quartos FdS,Adul. / Cri.,janeiro,Previsão,17-jan-2026 sáb,77,0,30,0,0,77,0,"57,04","5 388,24","69,98",17,0,147,1948,4,647,0,0,1897,51,"48,20","146 551,38","75,08",707,0,3747,Total jan,2073,8,676,0,0,2008,65,"49,73","164 077,62","78,85",738,0,3991,Total,7589,3882,2545,0,0,6037,1552,"11,64","831 690,39","72,50",2671,0,14843
Data,Ocup,Opção,Cheg,Oferta/Uso Interno,Deduz. Individ.,Deduz. Grupos,% Ocup.,Receita Quartos,Preço Médio,Saídas,Quartos FdS,Adul. / Cri.,janeiro,Previsão,18-jan-2026 dom,63,0,14,0,0,63,0,"46,67","4 129,04","65,54",28,0,115,1948,4,647,0,0,1897,51,"48,20","146 551,38","75,08",707,0,3747,Total jan,2073,8,676,0,0,2008,65,"49,73","164 077,62","78,85",738,0,3991,Total,7589,3882,2545,0,0,6037,1552,"11,64","831 690,39","72,50",2671,0,14843
Data,Ocup,Opção,Cheg,Oferta/Uso Interno,Deduz. Individ.,Deduz. Grupos,% Ocup.,Receita Quartos,Preço Médio,Saídas,Quartos FdS,Adul. / Cri.,janeiro,Previsão,19-jan-2026 seg,63,0,22,0,0,63,0,"46,67","4 105,20","65,16",22,0,112,1948,4,647,0,0,1897,51,"48,20","146 551,38","75,08",707,0,3747,Total jan,2073,8,676,0,0,2008,65,"49,73","164 077,62","78,85",738,0,3991,Total,7589,3882,2545,0,0,6037,1552,"11,64","831 690,39","72,50",2671,0,14843
Data,Ocup,Opção,Cheg,Oferta/Uso Interno,Deduz. Individ.,Deduz. Grupos,% Ocup.,Receita Quartos,Preço Médio,Saídas,Quartos FdS,Adul. / Cri.,janeiro,Previsão,20-jan-2026 ter,42,0,8,0,0,42,0,"31,11","2 684,97","63,93",29,0,71,1948,4,647,0,0,1897,51,"48,20","146 551,38","75,08",707,0,3747,Total jan,2073,8,676,0,0,2008,65,"49,73","164 077,62","78,85",738,0,3991,Total,7589,3882,2545,0,0,6037,1552,"11,64","831 690,39","72,50",2671,0,14843
Data,Ocup,Opção,Cheg,Oferta/Uso Interno,Deduz. Individ.,Deduz. Grupos,% Ocup.,Receita Quartos,Preço Médio,Saídas,Quartos FdS,Adul. / Cri.,janeiro,Previsão,21-jan-2026 qua,51,0,25,0,0,51,0,"37,78","3 261,78","63,96",16,0,92,1948,4,647,0,0,1897,51,"48,20","146 551,38","75,08",707,0,3747,Total jan,2073,8,676,0,0,2008,65,"49,73","164 077,62","78,85",738,0,3991,Total,7589,3882,2545,0,0,6037,1552,"11,64","831 690,39","72,50",2671,0,14843
Data,Ocup,Opção,Cheg,Oferta/Uso Interno,Deduz. Individ.,Deduz. Grupos,% Ocup.,Receita Quartos,Preço Médio,Saídas,Quartos FdS,Adul. / Cri.,janeiro,Previsão,22-jan-2026 qui,60,0,23,0,0,60,0,"44,44","4 001,79","66,70",14,0,114,1948,4,647,0,0,1897,51,"48,20","146 551,38","75,08",707,0,3747,Total jan,2073,8,676,0,0,2008,65,"49,73","164 077,62","78,85",738,0,3991,Total,7589,3882,2545,0,0,6037,1552,"11,64","831 690,39","72,50",2671,0,14843
Data,Ocup,Opção,Cheg,Oferta/Uso Interno,Deduz. Individ.,Deduz. Grupos,% Ocup.,Receita Quartos,Preço Médio,Saídas,Quartos FdS,Adul. / Cri.,janeiro,Previsão,23-jan-2026 sex,77,0,33,0,0,77,0,"57,04","5 269,00","68,43",16,0,153,1948,4,647,0,0,1897,51,"48,20","146 551,38","75,08",707,0,3747,Total jan,2073,8,676,0,0,2008,65,"49,73","164 077,62","78,85",738,0,3991,Total,7589,3882,2545,0,0,6037,1552,"11,64","831 690,39","72,50",2671,0,14843
Data,Ocup,Opção,Cheg,Oferta/Uso Interno,Deduz. Individ.,Deduz. Grupos,% Ocup.,Receita Quartos,Preço Médio,Saídas,Quartos FdS,Adul. / Cri.,janeiro,Previsão,24-jan-2026 sáb,77,0,23,0,0,77,0,"57,04","5 543,04","71,99",23,0,157,1948,4,647,0,0,1897,51,"48,20","146 551,38","75,08",707,0,3747,Total jan,2073,8,676,0,0,2008,65,"49,73","164 077,62","78,85",738,0,3991,Total,7589,3882,2545,0,0,6037,1552,"11,64","831 690,39","72,50",2671,0,14843
Data,Ocup,Opção,Cheg,Oferta/Uso Interno,Deduz. Individ.,Deduz. Grupos,% Ocup.,Receita Quartos,Preço Médio,Saídas,Quartos FdS,Adul. / Cri.,janeiro,Previsão,25-jan-2026 dom,60,0,22,0,0,60,0,"44,44","4 472,22","74,54",39,0,126,1948,4,647,0,0,1897,51,"48,20","146 551,38","75,08",707,0,3747,Total jan,2073,8,676,0,0,2008,65,"49,73","164 077,62","78,85",738,0,3991,Total,7589,3882,2545,0,0,6037,1552,"11,64","831 690,39","72,50",2671,0,14843
Data,Ocup,Opção,Cheg,Oferta/Uso Interno,Deduz. Individ.,Deduz. Grupos,% Ocup.,Receita Quartos,Preço Médio,Saídas,Quartos FdS,Adul. / Cri.,janeiro,Previsão,26-jan-2026 seg,47,0,11,0,0,47,0,"34,81","3 592,67","76,44",24,0,98,1948,4,647,0,0,1897,51,"48,20","146 551,38","75,08",707,0,3747,Total jan,2073,8,676,0,0,2008,65,"49,73","164 077,62","78,85",738,0,3991,Total,7589,3882,2545,0,0,6037,1552,"11,64","831 690,39","72,50",2671,0,14843
Data,Ocup,Opção,Cheg,Oferta/Uso Interno,Deduz. Individ.,Deduz. Grupos,% Ocup.,Receita Quartos,Preço Médio,Saídas,Quartos FdS,Adul. / Cri.,janeiro,Previsão,27-jan-2026 ter,44,0,19,0,0,44,0,"32,59","3 016,14","68,55",22,0,82,1948,4,647,0,0,1897,51,"48,20","146 551,38","75,08",707,0,3747,Total jan,2073,8,676,0,0,2008,65,"49,73","164 077,62","78,85",738,0,3991,Total,7589,3882,2545,0,0,6037,1552,"11,64","831 690,39","72,50",2671,0,14843
Data,Ocup,Opção,Cheg,Oferta/Uso Interno,Deduz. Individ.,Deduz. Grupos,% Ocup.,Receita Quartos,Preço Médio,Saídas,Quartos FdS,Adul. / Cri.,janeiro,Previsão,28-jan-2026 qua,52,0,25,0,0,52,0,"38,52","3 565,38","68,56",17,0,98,1948,4,647,0,0,1897,51,"48,20","146 551,38","75,08",707,0,3747,Total jan,2073,8,676,0,0,2008,65,"49,73","164 077,62","78,85",738,0,3991,Total,7589,3882,2545,0,0,6037,1552,"11,64","831 690,39","72,50",2671,0,14843
Data,Ocup,Opção,Cheg,Oferta/Uso Interno,Deduz. Individ.,Deduz. Grupos,% Ocup.,Receita Quartos,Preço Médio,Saídas,Quartos FdS,Adul. / Cri.,janeiro,Previsão,29-jan-2026 qui,59,0,24,0,0,59,0,"43,70","4 031,10","68,32",17,0,113,1948,4,647,0,0,1897,51,"48,20","146 551,38","75,08",707,0,3747,Total jan,2073,8,676,0,0,2008,65,"49,73","164 077,62","78,85",738,0,3991,Total,7589,3882,2545,0,0,6037,1552,"11,64","831 690,39","72,50",2671,0,14843
Data,Ocup,Opção,Cheg,Oferta/Uso Interno,Deduz. Individ.,Deduz. Grupos,% Ocup.,Receita Quartos,Preço Médio,Saídas,Quartos FdS,Adul. / Cri.,janeiro,Previsão,30-jan-2026 sex,65,0,22,0,0,65,0,"48,15","4 754,71","73,15",16,0,131,1948,4,647,0,0,1897,51,"48,20","146 551,38","75,08",707,0,3747,Total jan,2073,8,676,0,0,2008,65,"49,73","164 077,62","78,85",738,0,3991,Total,7589,3882,2545,0,0,6037,1552,"11,64","831 690,39","72,50",2671,0,14843
Data,Ocup,Opção,Cheg,Oferta/Uso Interno,Deduz. Individ.,Deduz. Grupos,% Ocup.,Receita Quartos,Preço Médio,Saídas,Quartos FdS,Adul. / Cri.,janeiro,Previsão,31-jan-2026 sáb,64,0,22,0,0,64,0,"47,41","4 884,24","76,32",23,0,130,1948,4,647,0,0,1897,51,"48,20","146 551,38","75,08",707,0,3747,Total jan,2073,8,676,0,0,2008,65,"49,73","164 077,62","78,85",738,0,3991,Total,7589,3882,2545,0,0,6037,1552,"11,64","831 690,39","72,50",2671,0,14843
Data,Ocup,Opção,Cheg,Oferta/Uso Interno,Deduz. Individ.,Deduz. Grupos,% Ocup.,Receita Quartos,Preço Médio,Saídas,Quartos FdS,Adul. / Cri.,fevereiro,Previsão,01-fev-2026 dom,50,0,15,0,0,50,0,"37,04","3 500,79","70,02",29,0,99,1465,22,486,0,0,1462,3,"39,34","114 947,88","77,30",486,0,2910,Total fev,1465,22,486,0,0,1462,3,"39,34","114 947,88","77,30",486,0,2910,Total,7589,3882,2545,0,0,6037,1552,"11,64","831 690,39","72,50",2671,0,14843
Data,Ocup,Opção,Cheg,Oferta/Uso Interno,Deduz. Individ.,Deduz. Grupos,% Ocup.,Receita Quartos,Preço Médio,Saídas,Quartos FdS,Adul. / Cri.,fevereiro,Previsão,02-fev-2026 seg,44,10,14,0,0,44,0,"40,00","3 051,39","56,51",20,0,86,1465,22,486,0,0,1462,3,"39,34","114 947,88","77,30",486,0,2910,Total fev,1465,22,486,0,0,1462,3,"39,34","114 947,88","77,30",486,0,2910,Total,7589,3882,2545,0,0,6037,1552,"11,64","831 690,39","72,50",2671,0,14843
Data,Ocup,Opção,Cheg,Oferta/Uso Interno,Deduz. Individ.,Deduz. Grupos,% Ocup.,Receita Quartos,Preço Médio,Saídas,Quartos FdS,Adul. / Cri.,fevereiro,Previsão,03-fev-2026 ter,42,10,12,0,0,42,0,"38,52","2 875,72","55,30",14,0,83,1465,22,486,0,0,1462,3,"39,34","114 947,88","77,30",486,0,2910,Total fev,1465,22,486,0,0,1462,3,"39,34","114 947,88","77,30",486,0,2910,Total,7589,3882,2545,0,0,6037,1552,"11,64","831 690,39","72,50",2671,0,14843
Data,Ocup,Opção,Cheg,Oferta/Uso Interno,Deduz. Individ.,Deduz. Grupos,% Ocup.,Receita Quartos,Preço Médio,Saídas,Quartos FdS,Adul. / Cri.,fevereiro,Previsão,04-fev-2026 qua,43,0,16,0,0,43,0,"31,85","3 135,47","72,92",15,0,87,1465,22,486,0,0,1462,3,"39,34","114 947,88","77,30",486,0,2910,Total fev,1465,22,486,0,0,1462,3,"39,34","114 947,88","77,30",486,0,2910,Total,7589,3882,2545,0,0,6037,1552,"11,64","831 690,39","72,50",2671,0,14843
Data,Ocup,Opção,Cheg,Oferta/Uso Interno,Deduz. Individ.,Deduz. Grupos,% Ocup.,Receita Quartos,Preço Médio,Saídas,Quartos FdS,Adul. / Cri.,fevereiro,Previsão,05-fev-2026 qui,49,0,20,0,0,49,0,"36,30","3 175,93","64,81",14,0,96,1465,22,486,0,0,1462,3,"39,34","114 947,88","77,30",486,0,2910,Total fev,1465,22,486,0,0,1462,3,"39,34","114 947,88","77,30",486,0,2910,Total,7589,3882,2545,0,0,6037,1552,"11,64","831 690,39","72,50",2671,0,14843
Data,Ocup,Opção,Cheg,Oferta/Uso Interno,Deduz. Individ.,Deduz. Grupos,% Ocup.,Receita Quartos,Preço Médio,Saídas,Quartos FdS,Adul. / Cri.,fevereiro,Previsão,06-fev-2026 sex,65,0,29,0,0,65,0,"48,15","4 725,09","72,69",13,0,131,1465,22,486,0,0,1462,3,"39,34","114 947,88","77,30",486,0,2910,Total fev,1465,22,486,0,0,1462,3,"39,34","114 947,88","77,30",486,0,2910,Total,7589,3882,2545,0,0,6037,1552,"11,64","831 690,39","72,50",2671,0,14843
Data,Ocup,Opção,Cheg,Oferta/Uso Interno,Deduz. Individ.,Deduz. Grupos,% Ocup.,Receita Quartos,Preço Médio,Saídas,Quartos FdS,Adul. / Cri.,fevereiro,Previsão,07-fev-2026 sáb,76,0,23,0,0,76,0,"56,30","5 640,34","74,21",12,0,151,1465,22,486,0,0,1462,3,"39,34","114 947,88","77,30",486,0,2910,Total fev,1465,22,486,0,0,1462,3,"39,34","114 947,88","77,30",486,0,2910,Total,7589,3882,2545,0,0,6037,1552,"11,64","831 690,39","72,50",2671,0,14843
Data,Ocup,Opção,Cheg,Oferta/Uso Interno,Deduz. Individ.,Deduz. Grupos,% Ocup.,Receita Quartos,Preço Médio,Saídas,Quartos FdS,Adul. / Cri.,fevereiro,Previsão,08-fev-2026 dom,47,0,4,0,0,47,0,"34,81","3 186,17","67,79",33,0,95,1465,22,486,0,0,1462,3,"39,34","114 947,88","77,30",486,0,2910,Total fev,1465,22,486,0,0,1462,3,"39,34","114 947,88","77,30",486,0,2910,Total,7589,3882,2545,0,0,6037,1552,"11,64","831 690,39","72,50",2671,0,14843
Data,Ocup,Opção,Cheg,Oferta/Uso Interno,Deduz. Individ.,Deduz. Grupos,% Ocup.,Receita Quartos,Preço Médio,Saídas,Quartos FdS,Adul. / Cri.,fevereiro,Previsão,09-fev-2026 seg,34,0,12,0,0,34,0,"25,19","2 312,24","68,01",25,0,58,1465,22,486,0,0,1462,3,"39,34","114 947,88","77,30",486,0,2910,Total fev,1465,22,486,0,0,1462,3,"39,34","114 947,88","77,30",486,0,2910,Total,7589,3882,2545,0,0,6037,1552,"11,64","831 690,39","72,50",2671,0,14843
Data,Ocup,Opção,Cheg,Oferta/Uso Interno,Deduz. Individ.,Deduz. Grupos,% Ocup.,Receita Quartos,Preço Médio,Saídas,Quartos FdS,Adul. / Cri.,fevereiro,Previsão,10-fev-2026 ter,36,0,15,0,0,36,0,"26,67","2 412,47","67,01",13,0,64,1465,22,486,0,0,1462,3,"39,34","114 947,88","77,30",486,0,2910,Total fev,1465,22,486,0,0,1462,3,"39,34","114 947,88","77,30",486,0,2910,Total,7589,3882,2545,0,0,6037,1552,"11,64","831 690,39","72,50",2671,0,14843
Data,Ocup,Opção,Cheg,Oferta/Uso Interno,Deduz. Individ.,Deduz. Grupos,% Ocup.,Receita Quartos,Preço Médio,Saídas,Quartos FdS,Adul. / Cri.,fevereiro,Previsão,11-fev-2026 qua,39,0,12,0,0,39,0,"28,89","2 651,91","68,00",9,0,72,1465,22,486,0,0,1462,3,"39,34","114 947,88","77,30",486,0,2910,Total fev,1465,22,486,0,0,1462,3,"39,34","114 947,88","77,30",486,0,2910,Total,7589,3882,2545,0,0,6037,1552,"11,64","831 690,39","72,50",2671,0,14843
Data,Ocup,Opção,Cheg,Oferta/Uso Interno,Deduz. Individ.,Deduz. Grupos,% Ocup.,Receita Quartos,Preço Médio,Saídas,Quartos FdS,Adul. / Cri.,fevereiro,Previsão,12-fev-2026 qui,49,0,25,0,0,49,0,"36,30","3 712,76","75,77",15,0,96,1465,22,486,0,0,1462,3,"39,34","114 947,88","77,30",486,0,2910,Total fev,1465,22,486,0,0,1462,3,"39,34","114 947,88","77,30",486,0,2910,Total,7589,3882,2545,0,0,6037,1552,"11,64","831 690,39","72,50",2671,0,14843
Data,Ocup,Opção,Cheg,Oferta/Uso Interno,Deduz. Individ.,Deduz. Grupos,% Ocup.,Receita Quartos,Preço Médio,Saídas,Quartos FdS,Adul. / Cri.,fevereiro,Previsão,13-fev-2026 sex,60,0,22,0,0,60,0,"44,44","5 162,32","86,04",11,0,126,1465,22,486,0,0,1462,3,"39,34","114 947,88","77,30",486,0,2910,Total fev,1465,22,486,0,0,1462,3,"39,34","114 947,88","77,30",486,0,2910,Total,7589,3882,2545,0,0,6037,1552,"11,64","831 690,39","72,50",2671,0,14843
Data,Ocup,Opção,Cheg,Oferta/Uso Interno,Deduz. Individ.,Deduz. Grupos,% Ocup.,Receita Quartos,Preço Médio,Saídas,Quartos FdS,Adul. / Cri.,fevereiro,Previsão,14-fev-2026 sáb,62,0,20,0,0,62,0,"45,93","5 996,61","96,72",18,0,126,1465,22,486,0,0,1462,3,"39,34","114 947,88","77,30",486,0,2910,Total fev,1465,22,486,0,0,1462,3,"39,34","114 947,88","77,30",486,0,2910,Total,7589,3882,2545,0,0,6037,1552,"11,64","831 690,39","72,50",2671,0,14843
Data,Ocup,Opção,Cheg,Oferta/Uso Interno,Deduz. Individ.,Deduz. Grupos,% Ocup.,Receita Quartos,Preço Médio,Saídas,Quartos FdS,Adul. / Cri.,fevereiro,Previsão,15-fev-2026 dom,67,0,22,0,0,67,0,"49,63","6 234,20","93,05",17,0,141,1465,22,486,0,0,1462,3,"39,34","114 947,88","77,30",486,0,2910,Total fev,1465,22,486,0,0,1462,3,"39,34","114 947,88","77,30",486,0,2910,Total,7589,3882,2545,0,0,6037,1552,"11,64","831 690,39","72,50",2671,0,14843
Data,Ocup,Opção,Cheg,Oferta/Uso Interno,Deduz. Individ.,Deduz. Grupos,% Ocup.,Receita Quartos,Preço Médio,Saídas,Quartos FdS,Adul. / Cri.,fevereiro,Previsão,16-fev-2026 seg,52,0,12,0,0,52,0,"38,52","4 888,13","94,00",27,0,118,1465,22,486,0,0,1462,3,"39,34","114 947,88","77,30",486,0,2910,Total fev,1465,22,486,0,0,1462,3,"39,34","114 947,88","77,30",486,0,2910,Total,7589,3882,2545,0,0,6037,1552,"11,64","831 690,39","72,50",2671,0,14843
Data,Ocup,Opção,Cheg,Oferta/Uso Interno,Deduz. Individ.,Deduz. Grupos,% Ocup.,Receita Quartos,Preço Médio,Saídas,Quartos FdS,Adul. / Cri.,fevereiro,Previsão,17-fev-2026 ter,63,0,26,0,0,63,0,"46,67","5 132,50","81,47",15,0,135,1465,22,486,0,0,1462,3,"39,34","114 947,88","77,30",486,0,2910,Total fev,1465,22,486,0,0,1462,3,"39,34","114 947,88","77,30",486,0,2910,Total,7589,3882,2545,0,0,6037,1552,"11,64","831 690,39","72,50",2671,0,14843
Data,Ocup,Opção,Cheg,Oferta/Uso Interno,Deduz. Individ.,Deduz. Grupos,% Ocup.,Receita Quartos,Preço Médio,Saídas,Quartos FdS,Adul. / Cri.,fevereiro,Previsão,18-fev-2026 qua,52,0,16,0,0,52,0,"38,52","4 301,96","82,73",27,0,110,1465,22,486,0,0,1462,3,"39,34","114 947,88","77,30",486,0,2910,Total fev,1465,22,486,0,0,1462,3,"39,34","114 947,88","77,30",486,0,2910,Total,7589,3882,2545,0,0,6037,1552,"11,64","831 690,39","72,50",2671,0,14843
Data,Ocup,Opção,Cheg,Oferta/Uso Interno,Deduz. Individ.,Deduz. Grupos,% Ocup.,Receita Quartos,Preço Médio,Saídas,Quartos FdS,Adul. / Cri.,fevereiro,Previsão,19-fev-2026 qui,60,0,24,0,0,60,0,"44,44","5 323,25","88,72",16,0,126,1465,22,486,0,0,1462,3,"39,34","114 947,88","77,30",486,0,2910,Total fev,1465,22,486,0,0,1462,3,"39,34","114 947,88","77,30",486,0,2910,Total,7589,3882,2545,0,0,6037,1552,"11,64","831 690,39","72,50",2671,0,14843
Data,Ocup,Opção,Cheg,Oferta/Uso Interno,Deduz. Individ.,Deduz. Grupos,% Ocup.,Receita Quartos,Preço Médio,Saídas,Quartos FdS,Adul. / Cri.,fevereiro,Previsão,20-fev-2026 sex,65,0,19,0,0,65,0,"48,15","5 919,38","91,07",14,0,134,1465,22,486,0,0,1462,3,"39,34","114 947,88","77,30",486,0,2910,Total fev,1465,22,486,0,0,1462,3,"39,34","114 947,88","77,30",486,0,2910,Total,7589,3882,2545,0,0,6037,1552,"11,64","831 690,39","72,50",2671,0,14843
Data,Ocup,Opção,Cheg,Oferta/Uso Interno,Deduz. Individ.,Deduz. Grupos,% Ocup.,Receita Quartos,Preço Médio,Saídas,Quartos FdS,Adul. / Cri.,fevereiro,Previsão,21-fev-2026 sáb,63,0,18,0,0,63,0,"46,67","5 742,83","91,16",20,0,132,1465,22,486,0,0,1462,3,"39,34","114 947,88","77,30",486,0,2910,Total fev,1465,22,486,0,0,1462,3,"39,34","114 947,88","77,30",486,0,2910,Total,7589,3882,2545,0,0,6037,1552,"11,64","831 690,39","72,50",2671,0,14843
Data,Ocup,Opção,Cheg,Oferta/Uso Interno,Deduz. Individ.,Deduz. Grupos,% Ocup.,Receita Quartos,Preço Médio,Saídas,Quartos FdS,Adul. / Cri.,fevereiro,Previsão,22-fev-2026 dom,55,0,11,0,0,55,0,"40,74","4 356,48","79,21",19,0,108,1465,22,486,0,0,1462,3,"39,34","114 947,88","77,30",486,0,2910,Total fev,1465,22,486,0,0,1462,3,"39,34","114 947,88","77,30",486,0,2910,Total,7589,3882,2545,0,0,6037,1552,"11,64","831 690,39","72,50",2671,0,14843
Data,Ocup,Opção,Cheg,Oferta/Uso Interno,Deduz. Individ.,Deduz. Grupos,% Ocup.,Receita Quartos,Preço Médio,Saídas,Quartos FdS,Adul. / Cri.,fevereiro,Previsão,23-fev-2026 seg,42,0,15,0,0,42,0,"31,11","3 328,82","79,26",28,0,77,1465,22,486,0,0,1462,3,"39,34","114 947,88","77,30",486,0,2910,Total fev,1465,22,486,0,0,1462,3,"39,34","114 947,88","77,30",486,0,2910,Total,7589,3882,2545,0,0,6037,1552,"11,64","831 690,39","72,50",2671,0,14843
Data,Ocup,Opção,Cheg,Oferta/Uso Interno,Deduz. Individ.,Deduz. Grupos,% Ocup.,Receita Quartos,Preço Médio,Saídas,Quartos FdS,Adul. / Cri.,fevereiro,Previsão,24-fev-2026 ter,51,0,14,0,0,51,0,"37,78","3 934,46","77,15",5,0,93,1465,22,486,0,0,1462,3,"39,34","114 947,88","77,30",486,0,2910,Total fev,1465,22,486,0,0,1462,3,"39,34","114 947,88","77,30",486,0,2910,Total,7589,3882,2545,0,0,6037,1552,"11,64","831 690,39","72,50",2671,0,14843
Data,Ocup,Opção,Cheg,Oferta/Uso Interno,Deduz. Individ.,Deduz. Grupos,% Ocup.,Receita Quartos,Preço Médio,Saídas,Quartos FdS,Adul. / Cri.,fevereiro,Previsão,25-fev-2026 qua,36,0,9,0,0,36,0,"26,67","2 475,20","68,76",24,0,63,1465,22,486,0,0,1462,3,"39,34","114 947,88","77,30",486,0,2910,Total fev,1465,22,486,0,0,1462,3,"39,34","114 947,88","77,30",486,0,2910,Total,7589,3882,2545,0,0,6037,1552,"11,64","831 690,39","72,50",2671,0,14843
Data,Ocup,Opção,Cheg,Oferta/Uso Interno,Deduz. Individ.,Deduz. Grupos,% Ocup.,Receita Quartos,Preço Médio,Saídas,Quartos FdS,Adul. / Cri.,fevereiro,Previsão,26-fev-2026 qui,40,0,13,0,0,40,0,"29,63","2 705,25","67,63",9,0,71,1465,22,486,0,0,1462,3,"39,34","114 947,88","77,30",486,0,2910,Total fev,1465,22,486,0,0,1462,3,"39,34","114 947,88","77,30",486,0,2910,Total,7589,3882,2545,0,0,6037,1552,"11,64","831 690,39","72,50",2671,0,14843
Data,Ocup,Opção,Cheg,Oferta/Uso Interno,Deduz. Individ.,Deduz. Grupos,% Ocup.,Receita Quartos,Preço Médio,Saídas,Quartos FdS,Adul. / Cri.,fevereiro,Previsão,27-fev-2026 sex,59,0,31,0,0,58,1,"43,70","4 254,05","72,10",12,0,111,1465,22,486,0,0,1462,3,"39,34","114 947,88","77,30",486,0,2910,Total fev,1465,22,486,0,0,1462,3,"39,34","114 947,88","77,30",486,0,2910,Total,7589,3882,2545,0,0,6037,1552,"11,64","831 690,39","72,50",2671,0,14843
Data,Ocup,Opção,Cheg,Oferta/Uso Interno,Deduz. Individ.,Deduz. Grupos,% Ocup.,Receita Quartos,Preço Médio,Saídas,Quartos FdS,Adul. / Cri.,fevereiro,Previsão,28-fev-2026 sáb,64,2,17,0,0,62,2,"48,89","4 812,15","72,91",12,0,121,1465,22,486,0,0,1462,3,"39,34","114 947,88","77,30",486,0,2910,Total fev,1465,22,486,0,0,1462,3,"39,34","114 947,88","77,30",486,0,2910,Total,7589,3882,2545,0,0,6037,1552,"11,64","831 690,39","72,50",2671,0,14843
Data,Ocup,Opção,Cheg,Oferta/Uso Interno,Deduz. Individ.,Deduz. Grupos,% Ocup.,Receita Quartos,Preço Médio,Saídas,Quartos FdS,Adul. / Cri.,março,Previsão,01-mar-2026 dom,43,13,11,0,0,43,0,"41,48","3 686,07","65,82",32,0,85,1303,106,425,0,0,1063,240,"33,67","137 713,06","97,74",458,0,2535,Total mar,1303,106,425,0,0,1063,240,"33,67","137 713,06","97,74",458,0,2535,Total,7589,3882,2545,0,0,6037,1552,"11,64","831 690,39","72,50",2671,0,14843
Data,Ocup,Opção,Cheg,Oferta/Uso Interno,Deduz. Individ.,Deduz. Grupos,% Ocup.,Receita Quartos,Preço Médio,Saídas,Quartos FdS,Adul. / Cri.,março,Previsão,02-mar-2026 seg,43,24,18,0,0,43,0,"49,63","3 741,83","55,85",18,0,87,1303,106,425,0,0,1063,240,"33,67","137 713,06","97,74",458,0,2535,Total mar,1303,106,425,0,0,1063,240,"33,67","137 713,06","97,74",458,0,2535,Total,7589,3882,2545,0,0,6037,1552,"11,64","831 690,39","72,50",2671,0,14843
Data,Ocup,Opção,Cheg,Oferta/Uso Interno,Deduz. Individ.,Deduz. Grupos,% Ocup.,Receita Quartos,Preço Médio,Saídas,Quartos FdS,Adul. / Cri.,março,Previsão,03-mar-2026 ter,40,11,7,0,0,40,0,"37,78","3 505,92","68,74",10,0,80,1303,106,425,0,0,1063,240,"33,67","137 713,06","97,74",458,0,2535,Total mar,1303,106,425,0,0,1063,240,"33,67","137 713,06","97,74",458,0,2535,Total,7589,3882,2545,0,0,6037,1552,"11,64","831 690,39","72,50",2671,0,14843
Data,Ocup,Opção,Cheg,Oferta/Uso Interno,Deduz. Individ.,Deduz. Grupos,% Ocup.,Receita Quartos,Preço Médio,Saídas,Quartos FdS,Adul. / Cri.,março,Previsão,04-mar-2026 qua,37,0,12,0,0,37,0,"27,41","3 200,47","86,50",15,0,70,1303,106,425,0,0,1063,240,"33,67","137 713,06","97,74",458,0,2535,Total mar,1303,106,425,0,0,1063,240,"33,67","137 713,06","97,74",458,0,2535,Total,7589,3882,2545,0,0,6037,1552,"11,64","831 690,39","72,50",2671,0,14843
Data,Ocup,Opção,Cheg,Oferta/Uso Interno,Deduz. Individ.,Deduz. Grupos,% Ocup.,Receita Quartos,Preço Médio,Saídas,Quartos FdS,Adul. / Cri.,março,Previsão,05-mar-2026 qui,38,0,8,0,0,38,0,"28,15","3 285,02","86,45",7,0,72,1303,106,425,0,0,1063,240,"33,67","137 713,06","97,74",458,0,2535,Total mar,1303,106,425,0,0,1063,240,"33,67","137 713,06","97,74",458,0,2535,Total,7589,3882,2545,0,0,6037,1552,"11,64","831 690,39","72,50",2671,0,14843
Data,Ocup,Opção,Cheg,Oferta/Uso Interno,Deduz. Individ.,Deduz. Grupos,% Ocup.,Receita Quartos,Preço Médio,Saídas,Quartos FdS,Adul. / Cri.,março,Previsão,06-mar-2026 sex,58,0,33,0,0,55,3,"42,96","5 925,15","102,16",13,0,105,1303,106,425,0,0,1063,240,"33,67","137 713,06","97,74",458,0,2535,Total mar,1303,106,425,0,0,1063,240,"33,67","137 713,06","97,74",458,0,2535,Total,7589,3882,2545,0,0,6037,1552,"11,64","831 690,39","72,50",2671,0,14843
Data,Ocup,Opção,Cheg,Oferta/Uso Interno,Deduz. Individ.,Deduz. Grupos,% Ocup.,Receita Quartos,Preço Médio,Saídas,Quartos FdS,Adul. / Cri.,março,Previsão,07-mar-2026 sáb,57,0,12,0,0,54,3,"42,22","5 855,77","102,73",13,0,106,1303,106,425,0,0,1063,240,"33,67","137 713,06","97,74",458,0,2535,Total mar,1303,106,425,0,0,1063,240,"33,67","137 713,06","97,74",458,0,2535,Total,7589,3882,2545,0,0,6037,1552,"11,64","831 690,39","72,50",2671,0,14843
Data,Ocup,Opção,Cheg,Oferta/Uso Interno,Deduz. Individ.,Deduz. Grupos,% Ocup.,Receita Quartos,Preço Médio,Saídas,Quartos FdS,Adul. / Cri.,março,Previsão,08-mar-2026 dom,47,0,9,0,0,47,0,"34,81","4 236,78","90,14",19,0,91,1303,106,425,0,0,1063,240,"33,67","137 713,06","97,74",458,0,2535,Total mar,1303,106,425,0,0,1063,240,"33,67","137 713,06","97,74",458,0,2535,Total,7589,3882,2545,0,0,6037,1552,"11,64","831 690,39","72,50",2671,0,14843
Data,Ocup,Opção,Cheg,Oferta/Uso Interno,Deduz. Individ.,Deduz. Grupos,% Ocup.,Receita Quartos,Preço Médio,Saídas,Quartos FdS,Adul. / Cri.,março,Previsão,09-mar-2026 seg,34,0,6,0,0,34,0,"25,19","3 087,60","90,81",19,0,68,1303,106,425,0,0,1063,240,"33,67","137 713,06","97,74",458,0,2535,Total mar,1303,106,425,0,0,1063,240,"33,67","137 713,06","97,74",458,0,2535,Total,7589,3882,2545,0,0,6037,1552,"11,64","831 690,39","72,50",2671,0,14843
Data,Ocup,Opção,Cheg,Oferta/Uso Interno,Deduz. Individ.,Deduz. Grupos,% Ocup.,Receita Quartos,Preço Médio,Saídas,Quartos FdS,Adul. / Cri.,março,Previsão,10-mar-2026 ter,24,0,8,0,0,23,1,"17,78","2 324,59","96,86",18,0,45,1303,106,425,0,0,1063,240,"33,67","137 713,06","97,74",458,0,2535,Total mar,1303,106,425,0,0,1063,240,"33,67","137 713,06","97,74",458,0,2535,Total,7589,3882,2545,0,0,6037,1552,"11,64","831 690,39","72,50",2671,0,14843
Data,Ocup,Opção,Cheg,Oferta/Uso Interno,Deduz. Individ.,Deduz. Grupos,% Ocup.,Receita Quartos,Preço Médio,Saídas,Quartos FdS,Adul. / Cri.,março,Previsão,11-mar-2026 qua,29,0,20,0,0,12,17,"21,48","3 328,43","114,77",15,0,59,1303,106,425,0,0,1063,240,"33,67","137 713,06","97,74",458,0,2535,Total mar,1303,106,425,0,0,1063,240,"33,67","137 713,06","97,74",458,0,2535,Total,7589,3882,2545,0,0,6037,1552,"11,64","831 690,39","72,50",2671,0,14843
Data,Ocup,Opção,Cheg,Oferta/Uso Interno,Deduz. Individ.,Deduz. Grupos,% Ocup.,Receita Quartos,Preço Médio,Saídas,Quartos FdS,Adul. / Cri.,março,Previsão,12-mar-2026 qui,39,0,15,0,0,22,17,"28,89","4 441,25","113,88",5,0,76,1303,106,425,0,0,1063,240,"33,67","137 713,06","97,74",458,0,2535,Total mar,1303,106,425,0,0,1063,240,"33,67","137 713,06","97,74",458,0,2535,Total,7589,3882,2545,0,0,6037,1552,"11,64","831 690,39","72,50",2671,0,14843
Data,Ocup,Opção,Cheg,Oferta/Uso Interno,Deduz. Individ.,Deduz. Grupos,% Ocup.,Receita Quartos,Preço Médio,Saídas,Quartos FdS,Adul. / Cri.,março,Previsão,13-mar-2026 sex,50,0,13,0,0,33,17,"37,04","5 914,89","118,30",2,0,97,1303,106,425,0,0,1063,240,"33,67","137 713,06","97,74",458,0,2535,Total mar,1303,106,425,0,0,1063,240,"33,67","137 713,06","97,74",458,0,2535,Total,7589,3882,2545,0,0,6037,1552,"11,64","831 690,39","72,50",2671,0,14843
Data,Ocup,Opção,Cheg,Oferta/Uso Interno,Deduz. Individ.,Deduz. Grupos,% Ocup.,Receita Quartos,Preço Médio,Saídas,Quartos FdS,Adul. / Cri.,março,Previsão,14-mar-2026 sáb,54,2,24,0,0,52,2,"41,48","5 817,32","103,88",20,0,108,1303,106,425,0,0,1063,240,"33,67","137 713,06","97,74",458,0,2535,Total mar,1303,106,425,0,0,1063,240,"33,67","137 713,06","97,74",458,0,2535,Total,7589,3882,2545,0,0,6037,1552,"11,64","831 690,39","72,50",2671,0,14843
Data,Ocup,Opção,Cheg,Oferta/Uso Interno,Deduz. Individ.,Deduz. Grupos,% Ocup.,Receita Quartos,Preço Médio,Saídas,Quartos FdS,Adul. / Cri.,março,Previsão,15-mar-2026 dom,42,13,6,0,0,42,0,"40,74","3 951,69","71,85",18,0,82,1303,106,425,0,0,1063,240,"33,67","137 713,06","97,74",458,0,2535,Total mar,1303,106,425,0,0,1063,240,"33,67","137 713,06","97,74",458,0,2535,Total,7589,3882,2545,0,0,6037,1552,"11,64","831 690,39","72,50",2671,0,14843
Data,Ocup,Opção,Cheg,Oferta/Uso Interno,Deduz. Individ.,Deduz. Grupos,% Ocup.,Receita Quartos,Preço Médio,Saídas,Quartos FdS,Adul. / Cri.,março,Previsão,16-mar-2026 seg,43,13,28,0,0,24,19,"41,48","5 752,71","102,73",27,0,80,1303,106,425,0,0,1063,240,"33,67","137 713,06","97,74",458,0,2535,Total mar,1303,106,425,0,0,1063,240,"33,67","137 713,06","97,74",458,0,2535,Total,7589,3882,2545,0,0,6037,1552,"11,64","831 690,39","72,50",2671,0,14843
Data,Ocup,Opção,Cheg,Oferta/Uso Interno,Deduz. Individ.,Deduz. Grupos,% Ocup.,Receita Quartos,Preço Médio,Saídas,Quartos FdS,Adul. / Cri.,março,Previsão,17-mar-2026 ter,48,0,9,0,0,28,20,"35,56","6 476,30","134,92",4,0,88,1303,106,425,0,0,1063,240,"33,67","137 713,06","97,74",458,0,2535,Total mar,1303,106,425,0,0,1063,240,"33,67","137 713,06","97,74",458,0,2535,Total,7589,3882,2545,0,0,6037,1552,"11,64","831 690,39","72,50",2671,0,14843
Data,Ocup,Opção,Cheg,Oferta/Uso Interno,Deduz. Individ.,Deduz. Grupos,% Ocup.,Receita Quartos,Preço Médio,Saídas,Quartos FdS,Adul. / Cri.,março,Previsão,18-mar-2026 qua,53,0,21,0,0,17,36,"39,26","7 035,69","132,75",16,0,98,1303,106,425,0,0,1063,240,"33,67","137 713,06","97,74",458,0,2535,Total mar,1303,106,425,0,0,1063,240,"33,67","137 713,06","97,74",458,0,2535,Total,7589,3882,2545,0,0,6037,1552,"11,64","831 690,39","72,50",2671,0,14843
Data,Ocup,Opção,Cheg,Oferta/Uso Interno,Deduz. Individ.,Deduz. Grupos,% Ocup.,Receita Quartos,Preço Médio,Saídas,Quartos FdS,Adul. / Cri.,março,Previsão,19-mar-2026 qui,53,0,8,0,0,17,36,"39,26","7 426,88","140,13",8,0,101,1303,106,425,0,0,1063,240,"33,67","137 713,06","97,74",458,0,2535,Total mar,1303,106,425,0,0,1063,240,"33,67","137 713,06","97,74",458,0,2535,Total,7589,3882,2545,0,0,6037,1552,"11,64","831 690,39","72,50",2671,0,14843
Data,Ocup,Opção,Cheg,Oferta/Uso Interno,Deduz. Individ.,Deduz. Grupos,% Ocup.,Receita Quartos,Preço Médio,Saídas,Quartos FdS,Adul. / Cri.,março,Previsão,20-mar-2026 sex,55,0,22,0,0,38,17,"40,74","6 783,43","123,34",20,0,114,1303,106,425,0,0,1063,240,"33,67","137 713,06","97,74",458,0,2535,Total mar,1303,106,425,0,0,1063,240,"33,67","137 713,06","97,74",458,0,2535,Total,7589,3882,2545,0,0,6037,1552,"11,64","831 690,39","72,50",2671,0,14843
Data,Ocup,Opção,Cheg,Oferta/Uso Interno,Deduz. Individ.,Deduz. Grupos,% Ocup.,Receita Quartos,Preço Médio,Saídas,Quartos FdS,Adul. / Cri.,março,Previsão,21-mar-2026 sáb,46,4,16,0,0,46,0,"37,04","4 489,64","89,79",25,0,93,1303,106,425,0,0,1063,240,"33,67","137 713,06","97,74",458,0,2535,Total mar,1303,106,425,0,0,1063,240,"33,67","137 713,06","97,74",458,0,2535,Total,7589,3882,2545,0,0,6037,1552,"11,64","831 690,39","72,50",2671,0,14843
Data,Ocup,Opção,Cheg,Oferta/Uso Interno,Deduz. Individ.,Deduz. Grupos,% Ocup.,Receita Quartos,Preço Médio,Saídas,Quartos FdS,Adul. / Cri.,março,Previsão,22-mar-2026 dom,38,13,10,0,0,38,0,"37,78","3 009,93","59,02",18,0,73,1303,106,425,0,0,1063,240,"33,67","137 713,06","97,74",458,0,2535,Total mar,1303,106,425,0,0,1063,240,"33,67","137 713,06","97,74",458,0,2535,Total,7589,3882,2545,0,0,6037,1552,"11,64","831 690,39","72,50",2671,0,14843
Data,Ocup,Opção,Cheg,Oferta/Uso Interno,Deduz. Individ.,Deduz. Grupos,% Ocup.,Receita Quartos,Preço Médio,Saídas,Quartos FdS,Adul. / Cri.,março,Previsão,23-mar-2026 seg,38,13,9,0,0,38,0,"37,78","3 060,97","60,02",9,0,73,1303,106,425,0,0,1063,240,"33,67","137 713,06","97,74",458,0,2535,Total mar,1303,106,425,0,0,1063,240,"33,67","137 713,06","97,74",458,0,2535,Total,7589,3882,2545,0,0,6037,1552,"11,64","831 690,39","72,50",2671,0,14843
Data,Ocup,Opção,Cheg,Oferta/Uso Interno,Deduz. Individ.,Deduz. Grupos,% Ocup.,Receita Quartos,Preço Médio,Saídas,Quartos FdS,Adul. / Cri.,março,Previsão,24-mar-2026 ter,41,0,18,0,0,40,1,"30,37","3 889,42","94,86",15,0,76,1303,106,425,0,0,1063,240,"33,67","137 713,06","97,74",458,0,2535,Total mar,1303,106,425,0,0,1063,240,"33,67","137 713,06","97,74",458,0,2535,Total,7589,3882,2545,0,0,6037,1552,"11,64","831 690,39","72,50",2671,0,14843
Data,Ocup,Opção,Cheg,Oferta/Uso Interno,Deduz. Individ.,Deduz. Grupos,% Ocup.,Receita Quartos,Preço Médio,Saídas,Quartos FdS,Adul. / Cri.,março,Previsão,25-mar-2026 qua,37,0,19,0,0,20,17,"27,41","4 190,78","113,26",23,0,73,1303,106,425,0,0,1063,240,"33,67","137 713,06","97,74",458,0,2535,Total mar,1303,106,425,0,0,1063,240,"33,67","137 713,06","97,74",458,0,2535,Total,7589,3882,2545,0,0,6037,1552,"11,64","831 690,39","72,50",2671,0,14843
Data,Ocup,Opção,Cheg,Oferta/Uso Interno,Deduz. Individ.,Deduz. Grupos,% Ocup.,Receita Quartos,Preço Médio,Saídas,Quartos FdS,Adul. / Cri.,março,Previsão,26-mar-2026 qui,37,0,2,0,0,20,17,"27,41","4 277,48","115,61",2,0,73,1303,106,425,0,0,1063,240,"33,67","137 713,06","97,74",458,0,2535,Total mar,1303,106,425,0,0,1063,240,"33,67","137 713,06","97,74",458,0,2535,Total,7589,3882,2545,0,0,6037,1552,"11,64","831 690,39","72,50",2671,0,14843
Data,Ocup,Opção,Cheg,Oferta/Uso Interno,Deduz. Individ.,Deduz. Grupos,% Ocup.,Receita Quartos,Preço Médio,Saídas,Quartos FdS,Adul. / Cri.,março,Previsão,27-mar-2026 sex,30,0,7,0,0,13,17,"22,22","3 767,79","125,59",14,0,59,1303,106,425,0,0,1063,240,"33,67","137 713,06","97,74",458,0,2535,Total mar,1303,106,425,0,0,1063,240,"33,67","137 713,06","97,74",458,0,2535,Total,7589,3882,2545,0,0,6037,1552,"11,64","831 690,39","72,50",2671,0,14843
Data,Ocup,Opção,Cheg,Oferta/Uso Interno,Deduz. Individ.,Deduz. Grupos,% Ocup.,Receita Quartos,Preço Médio,Saídas,Quartos FdS,Adul. / Cri.,março,Previsão,28-mar-2026 sáb,28,0,19,0,0,28,0,"20,74","3 224,46","115,16",21,0,55,1303,106,425,0,0,1063,240,"33,67","137 713,06","97,74",458,0,2535,Total mar,1303,106,425,0,0,1063,240,"33,67","137 713,06","97,74",458,0,2535,Total,7589,3882,2545,0,0,6037,1552,"11,64","831 690,39","72,50",2671,0,14843
Data,Ocup,Opção,Cheg,Oferta/Uso Interno,Deduz. Individ.,Deduz. Grupos,% Ocup.,Receita Quartos,Preço Médio,Saídas,Quartos FdS,Adul. / Cri.,março,Previsão,29-mar-2026 dom,45,0,20,0,0,45,0,"33,33","4 631,45","102,92",3,0,90,1303,106,425,0,0,1063,240,"33,67","137 713,06","97,74",458,0,2535,Total mar,1303,106,425,0,0,1063,240,"33,67","137 713,06","97,74",458,0,2535,Total,7589,3882,2545,0,0,6037,1552,"11,64","831 690,39","72,50",2671,0,14843
Data,Ocup,Opção,Cheg,Oferta/Uso Interno,Deduz. Individ.,Deduz. Grupos,% Ocup.,Receita Quartos,Preço Médio,Saídas,Quartos FdS,Adul. / Cri.,março,Previsão,30-mar-2026 seg,45,0,8,0,0,45,0,"33,33","4 360,73","96,91",8,0,93,1303,106,425,0,0,1063,240,"33,67","137 713,06","97,74",458,0,2535,Total mar,1303,106,425,0,0,1063,240,"33,67","137 713,06","97,74",458,0,2535,Total,7589,3882,2545,0,0,6037,1552,"11,64","831 690,39","72,50",2671,0,14843
Data,Ocup,Opção,Cheg,Oferta/Uso Interno,Deduz. Individ.,Deduz. Grupos,% Ocup.,Receita Quartos,Preço Médio,Saídas,Quartos FdS,Adul. / Cri.,março,Previsão,31-mar-2026 ter,31,0,7,0,0,31,0,"22,96","3 032,60","97,83",21,0,65,1303,106,425,0,0,1063,240,"33,67","137 713,06","97,74",458,0,2535,Total mar,1303,106,425,0,0,1063,240,"33,67","137 713,06","97,74",458,0,2535,Total,7589,3882,2545,0,0,6037,1552,"11,64","831 690,39","72,50",2671,0,14843
Data,Ocup,Opção,Cheg,Oferta/Uso Interno,Deduz. Individ.,Deduz. Grupos,% Ocup.,Receita Quartos,Preço Médio,Saídas,Quartos FdS,Adul. / Cri.,abril,Previsão,01-abr-2026 qua,27,0,5,0,0,27,0,"20,00","3 938,75","145,88",9,0,61,836,211,278,0,0,601,235,"25,85","119 914,24","114,53",280,0,1680,Total abr,836,211,278,0,0,601,235,"25,85","119 914,24","114,53",280,0,1680,Total,7589,3882,2545,0,0,6037,1552,"11,64","831 690,39","72,50",2671,0,14843
Data,Ocup,Opção,Cheg,Oferta/Uso Interno,Deduz. Individ.,Deduz. Grupos,% Ocup.,Receita Quartos,Preço Médio,Saídas,Quartos FdS,Adul. / Cri.,abril,Previsão,02-abr-2026 qui,19,0,4,0,0,19,0,"14,07","3 317,88","174,63",12,0,47,836,211,278,0,0,601,235,"25,85","119 914,24","114,53",280,0,1680,Total abr,836,211,278,0,0,601,235,"25,85","119 914,24","114,53",280,0,1680,Total,7589,3882,2545,0,0,6037,1552,"11,64","831 690,39","72,50",2671,0,14843
Data,Ocup,Opção,Cheg,Oferta/Uso Interno,Deduz. Individ.,Deduz. Grupos,% Ocup.,Receita Quartos,Preço Médio,Saídas,Quartos FdS,Adul. / Cri.,abril,Previsão,03-abr-2026 sex,10,0,1,0,0,10,0,"7,41","2 442,81","244,28",10,0,27,836,211,278,0,0,601,235,"25,85","119 914,24","114,53",280,0,1680,Total abr,836,211,278,0,0,601,235,"25,85","119 914,24","114,53",280,0,1680,Total,7589,3882,2545,0,0,6037,1552,"11,64","831 690,39","72,50",2671,0,14843
Data,Ocup,Opção,Cheg,Oferta/Uso Interno,Deduz. Individ.,Deduz. Grupos,% Ocup.,Receita Quartos,Preço Médio,Saídas,Quartos FdS,Adul. / Cri.,abril,Previsão,04-abr-2026 sáb,10,0,4,0,0,10,0,"7,41","2 388,70","238,87",4,0,28,836,211,278,0,0,601,235,"25,85","119 914,24","114,53",280,0,1680,Total abr,836,211,278,0,0,601,235,"25,85","119 914,24","114,53",280,0,1680,Total,7589,3882,2545,0,0,6037,1552,"11,64","831 690,39","72,50",2671,0,14843
Data,Ocup,Opção,Cheg,Oferta/Uso Interno,Deduz. Individ.,Deduz. Grupos,% Ocup.,Receita Quartos,Preço Médio,Saídas,Quartos FdS,Adul. / Cri.,abril,Previsão,05-abr-2026 dom,18,0,8,0,0,18,0,"13,33","3 172,38","176,24",0,0,44,836,211,278,0,0,601,235,"25,85","119 914,24","114,53",280,0,1680,Total abr,836,211,278,0,0,601,235,"25,85","119 914,24","114,53",280,0,1680,Total,7589,3882,2545,0,0,6037,1552,"11,64","831 690,39","72,50",2671,0,14843
Data,Ocup,Opção,Cheg,Oferta/Uso Interno,Deduz. Individ.,Deduz. Grupos,% Ocup.,Receita Quartos,Preço Médio,Saídas,Quartos FdS,Adul. / Cri.,abril,Previsão,06-abr-2026 seg,24,0,10,0,0,24,0,"17,78","3 218,96","134,12",4,0,51,836,211,278,0,0,601,235,"25,85","119 914,24","114,53",280,0,1680,Total abr,836,211,278,0,0,601,235,"25,85","119 914,24","114,53",280,0,1680,Total,7589,3882,2545,0,0,6037,1552,"11,64","831 690,39","72,50",2671,0,14843
Data,Ocup,Opção,Cheg,Oferta/Uso Interno,Deduz. Individ.,Deduz. Grupos,% Ocup.,Receita Quartos,Preço Médio,Saídas,Quartos FdS,Adul. / Cri.,abril,Previsão,07-abr-2026 ter,28,12,7,0,0,27,1,"29,63","3 769,12","94,23",3,0,60,836,211,278,0,0,601,235,"25,85","119 914,24","114,53",280,0,1680,Total abr,836,211,278,0,0,601,235,"25,85","119 914,24","114,53",280,0,1680,Total,7589,3882,2545,0,0,6037,1552,"11,64","831 690,39","72,50",2671,0,14843
Data,Ocup,Opção,Cheg,Oferta/Uso Interno,Deduz. Individ.,Deduz. Grupos,% Ocup.,Receita Quartos,Preço Médio,Saídas,Quartos FdS,Adul. / Cri.,abril,Previsão,08-abr-2026 qua,29,12,19,0,0,12,17,"30,37","4 194,20","102,30",18,0,56,836,211,278,0,0,601,235,"25,85","119 914,24","114,53",280,0,1680,Total abr,836,211,278,0,0,601,235,"25,85","119 914,24","114,53",280,0,1680,Total,7589,3882,2545,0,0,6037,1552,"11,64","831 690,39","72,50",2671,0,14843
Data,Ocup,Opção,Cheg,Oferta/Uso Interno,Deduz. Individ.,Deduz. Grupos,% Ocup.,Receita Quartos,Preço Médio,Saídas,Quartos FdS,Adul. / Cri.,abril,Previsão,09-abr-2026 qui,27,12,2,0,0,10,17,"28,89","3 772,92","96,74",4,0,51,836,211,278,0,0,601,235,"25,85","119 914,24","114,53",280,0,1680,Total abr,836,211,278,0,0,601,235,"25,85","119 914,24","114,53",280,0,1680,Total,7589,3882,2545,0,0,6037,1552,"11,64","831 690,39","72,50",2671,0,14843
Data,Ocup,Opção,Cheg,Oferta/Uso Interno,Deduz. Individ.,Deduz. Grupos,% Ocup.,Receita Quartos,Preço Médio,Saídas,Quartos FdS,Adul. / Cri.,abril,Previsão,10-abr-2026 sex,33,0,9,0,0,16,17,"24,44","5 016,59","152,02",3,0,63,836,211,278,0,0,601,235,"25,85","119 914,24","114,53",280,0,1680,Total abr,836,211,278,0,0,601,235,"25,85","119 914,24","114,53",280,0,1680,Total,7589,3882,2545,0,0,6037,1552,"11,64","831 690,39","72,50",2671,0,14843
Data,Ocup,Opção,Cheg,Oferta/Uso Interno,Deduz. Individ.,Deduz. Grupos,% Ocup.,Receita Quartos,Preço Médio,Saídas,Quartos FdS,Adul. / Cri.,abril,Previsão,11-abr-2026 sáb,32,1,20,0,0,29,3,"24,44","4 254,35","128,92",21,0,60,836,211,278,0,0,601,235,"25,85","119 914,24","114,53",280,0,1680,Total abr,836,211,278,0,0,601,235,"25,85","119 914,24","114,53",280,0,1680,Total,7589,3882,2545,0,0,6037,1552,"11,64","831 690,39","72,50",2671,0,14843
Data,Ocup,Opção,Cheg,Oferta/Uso Interno,Deduz. Individ.,Deduz. Grupos,% Ocup.,Receita Quartos,Preço Médio,Saídas,Quartos FdS,Adul. / Cri.,abril,Previsão,12-abr-2026 dom,29,13,8,0,0,29,0,"31,11","3 552,32","84,58",11,0,54,836,211,278,0,0,601,235,"25,85","119 914,24","114,53",280,0,1680,Total abr,836,211,278,0,0,601,235,"25,85","119 914,24","114,53",280,0,1680,Total,7589,3882,2545,0,0,6037,1552,"11,64","831 690,39","72,50",2671,0,14843
Data,Ocup,Opção,Cheg,Oferta/Uso Interno,Deduz. Individ.,Deduz. Grupos,% Ocup.,Receita Quartos,Preço Médio,Saídas,Quartos FdS,Adul. / Cri.,abril,Previsão,13-abr-2026 seg,27,13,2,0,0,27,0,"29,63","3 343,24","83,58",4,0,50,836,211,278,0,0,601,235,"25,85","119 914,24","114,53",280,0,1680,Total abr,836,211,278,0,0,601,235,"25,85","119 914,24","114,53",280,0,1680,Total,7589,3882,2545,0,0,6037,1552,"11,64","831 690,39","72,50",2671,0,14843
Data,Ocup,Opção,Cheg,Oferta/Uso Interno,Deduz. Individ.,Deduz. Grupos,% Ocup.,Receita Quartos,Preço Médio,Saídas,Quartos FdS,Adul. / Cri.,abril,Previsão,14-abr-2026 ter,28,22,14,0,0,27,1,"37,04","3 561,35","71,23",13,0,52,836,211,278,0,0,601,235,"25,85","119 914,24","114,53",280,0,1680,Total abr,836,211,278,0,0,601,235,"25,85","119 914,24","114,53",280,0,1680,Total,7589,3882,2545,0,0,6037,1552,"11,64","831 690,39","72,50",2671,0,14843
Data,Ocup,Opção,Cheg,Oferta/Uso Interno,Deduz. Individ.,Deduz. Grupos,% Ocup.,Receita Quartos,Preço Médio,Saídas,Quartos FdS,Adul. / Cri.,abril,Previsão,15-abr-2026 qua,32,22,21,0,0,13,19,"40,00","4 597,68","85,14",17,0,63,836,211,278,0,0,601,235,"25,85","119 914,24","114,53",280,0,1680,Total abr,836,211,278,0,0,601,235,"25,85","119 914,24","114,53",280,0,1680,Total,7589,3882,2545,0,0,6037,1552,"11,64","831 690,39","72,50",2671,0,14843
Data,Ocup,Opção,Cheg,Oferta/Uso Interno,Deduz. Individ.,Deduz. Grupos,% Ocup.,Receita Quartos,Preço Médio,Saídas,Quartos FdS,Adul. / Cri.,abril,Previsão,16-abr-2026 qui,37,23,8,0,0,17,20,"44,44","5 195,68","86,59",3,0,72,836,211,278,0,0,601,235,"25,85","119 914,24","114,53",280,0,1680,Total abr,836,211,278,0,0,601,235,"25,85","119 914,24","114,53",280,0,1680,Total,7589,3882,2545,0,0,6037,1552,"11,64","831 690,39","72,50",2671,0,14843
Data,Ocup,Opção,Cheg,Oferta/Uso Interno,Deduz. Individ.,Deduz. Grupos,% Ocup.,Receita Quartos,Preço Médio,Saídas,Quartos FdS,Adul. / Cri.,abril,Previsão,17-abr-2026 sex,35,13,6,0,0,18,17,"35,56","4 865,55","101,37",8,0,69,836,211,278,0,0,601,235,"25,85","119 914,24","114,53",280,0,1680,Total abr,836,211,278,0,0,601,235,"25,85","119 914,24","114,53",280,0,1680,Total,7589,3882,2545,0,0,6037,1552,"11,64","831 690,39","72,50",2671,0,14843
Data,Ocup,Opção,Cheg,Oferta/Uso Interno,Deduz. Individ.,Deduz. Grupos,% Ocup.,Receita Quartos,Preço Médio,Saídas,Quartos FdS,Adul. / Cri.,abril,Previsão,18-abr-2026 sáb,29,13,12,0,0,29,0,"31,11","3 220,52","76,68",18,0,58,836,211,278,0,0,601,235,"25,85","119 914,24","114,53",280,0,1680,Total abr,836,211,278,0,0,601,235,"25,85","119 914,24","114,53",280,0,1680,Total,7589,3882,2545,0,0,6037,1552,"11,64","831 690,39","72,50",2671,0,14843
Data,Ocup,Opção,Cheg,Oferta/Uso Interno,Deduz. Individ.,Deduz. Grupos,% Ocup.,Receita Quartos,Preço Médio,Saídas,Quartos FdS,Adul. / Cri.,abril,Previsão,19-abr-2026 dom,24,0,7,0,0,24,0,"17,78","2 604,66","108,53",12,0,47,836,211,278,0,0,601,235,"25,85","119 914,24","114,53",280,0,1680,Total abr,836,211,278,0,0,601,235,"25,85","119 914,24","114,53",280,0,1680,Total,7589,3882,2545,0,0,6037,1552,"11,64","831 690,39","72,50",2671,0,14843
Data,Ocup,Opção,Cheg,Oferta/Uso Interno,Deduz. Individ.,Deduz. Grupos,% Ocup.,Receita Quartos,Preço Médio,Saídas,Quartos FdS,Adul. / Cri.,abril,Previsão,20-abr-2026 seg,25,0,5,0,0,25,0,"18,52","2 870,19","114,81",4,0,51,836,211,278,0,0,601,235,"25,85","119 914,24","114,53",280,0,1680,Total abr,836,211,278,0,0,601,235,"25,85","119 914,24","114,53",280,0,1680,Total,7589,3882,2545,0,0,6037,1552,"11,64","831 690,39","72,50",2671,0,14843
Data,Ocup,Opção,Cheg,Oferta/Uso Interno,Deduz. Individ.,Deduz. Grupos,% Ocup.,Receita Quartos,Preço Médio,Saídas,Quartos FdS,Adul. / Cri.,abril,Previsão,21-abr-2026 ter,25,0,9,0,0,24,1,"18,52","3 193,51","127,74",9,0,50,836,211,278,0,0,601,235,"25,85","119 914,24","114,53",280,0,1680,Total abr,836,211,278,0,0,601,235,"25,85","119 914,24","114,53",280,0,1680,Total,7589,3882,2545,0,0,6037,1552,"11,64","831 690,39","72,50",2671,0,14843
Data,Ocup,Opção,Cheg,Oferta/Uso Interno,Deduz. Individ.,Deduz. Grupos,% Ocup.,Receita Quartos,Preço Médio,Saídas,Quartos FdS,Adul. / Cri.,abril,Previsão,22-abr-2026 qua,43,0,31,0,0,14,29,"31,85","7 415,67","172,46",13,0,84,836,211,278,0,0,601,235,"25,85","119 914,24","114,53",280,0,1680,Total abr,836,211,278,0,0,601,235,"25,85","119 914,24","114,53",280,0,1680,Total,7589,3882,2545,0,0,6037,1552,"11,64","831 690,39","72,50",2671,0,14843
Data,Ocup,Opção,Cheg,Oferta/Uso Interno,Deduz. Individ.,Deduz. Grupos,% Ocup.,Receita Quartos,Preço Médio,Saídas,Quartos FdS,Adul. / Cri.,abril,Previsão,23-abr-2026 qui,44,17,7,0,0,15,29,"45,19","7 579,97","124,26",6,0,86,836,211,278,0,0,601,235,"25,85","119 914,24","114,53",280,0,1680,Total abr,836,211,278,0,0,601,235,"25,85","119 914,24","114,53",280,0,1680,Total,7589,3882,2545,0,0,6037,1552,"11,64","831 690,39","72,50",2671,0,14843
Data,Ocup,Opção,Cheg,Oferta/Uso Interno,Deduz. Individ.,Deduz. Grupos,% Ocup.,Receita Quartos,Preço Médio,Saídas,Quartos FdS,Adul. / Cri.,abril,Previsão,24-abr-2026 sex,45,17,5,0,0,16,29,"45,93","7 823,60","126,19",4,0,87,836,211,278,0,0,601,235,"25,85","119 914,24","114,53",280,0,1680,Total abr,836,211,278,0,0,601,235,"25,85","119 914,24","114,53",280,0,1680,Total,7589,3882,2545,0,0,6037,1552,"11,64","831 690,39","72,50",2671,0,14843
Data,Ocup,Opção,Cheg,Oferta/Uso Interno,Deduz. Individ.,Deduz. Grupos,% Ocup.,Receita Quartos,Preço Médio,Saídas,Quartos FdS,Adul. / Cri.,abril,Previsão,25-abr-2026 sáb,21,17,8,0,0,21,0,"28,15","2 521,61","66,36",32,0,41,836,211,278,0,0,601,235,"25,85","119 914,24","114,53",280,0,1680,Total abr,836,211,278,0,0,601,235,"25,85","119 914,24","114,53",280,0,1680,Total,7589,3882,2545,0,0,6037,1552,"11,64","831 690,39","72,50",2671,0,14843
Data,Ocup,Opção,Cheg,Oferta/Uso Interno,Deduz. Individ.,Deduz. Grupos,% Ocup.,Receita Quartos,Preço Médio,Saídas,Quartos FdS,Adul. / Cri.,abril,Previsão,26-abr-2026 dom,21,0,8,0,0,21,0,"15,56","2 418,02","115,14",8,0,42,836,211,278,0,0,601,235,"25,85","119 914,24","114,53",280,0,1680,Total abr,836,211,278,0,0,601,235,"25,85","119 914,24","114,53",280,0,1680,Total,7589,3882,2545,0,0,6037,1552,"11,64","831 690,39","72,50",2671,0,14843
Data,Ocup,Opção,Cheg,Oferta/Uso Interno,Deduz. Individ.,Deduz. Grupos,% Ocup.,Receita Quartos,Preço Médio,Saídas,Quartos FdS,Adul. / Cri.,abril,Previsão,27-abr-2026 seg,25,0,8,0,0,25,0,"18,52","2 982,50","119,30",4,0,49,836,211,278,0,0,601,235,"25,85","119 914,24","114,53",280,0,1680,Total abr,836,211,278,0,0,601,235,"25,85","119 914,24","114,53",280,0,1680,Total,7589,3882,2545,0,0,6037,1552,"11,64","831 690,39","72,50",2671,0,14843
Data,Ocup,Opção,Cheg,Oferta/Uso Interno,Deduz. Individ.,Deduz. Grupos,% Ocup.,Receita Quartos,Preço Médio,Saídas,Quartos FdS,Adul. / Cri.,abril,Previsão,28-abr-2026 ter,26,0,9,0,0,25,1,"19,26","3 337,51","128,37",8,0,52,836,211,278,0,0,601,235,"25,85","119 914,24","114,53",280,0,1680,Total abr,836,211,278,0,0,601,235,"25,85","119 914,24","114,53",280,0,1680,Total,7589,3882,2545,0,0,6037,1552,"11,64","831 690,39","72,50",2671,0,14843
Data,Ocup,Opção,Cheg,Oferta/Uso Interno,Deduz. Individ.,Deduz. Grupos,% Ocup.,Receita Quartos,Preço Médio,Saídas,Quartos FdS,Adul. / Cri.,abril,Previsão,29-abr-2026 qua,34,0,19,0,0,17,17,"25,19","5 058,44","148,78",11,0,68,836,211,278,0,0,601,235,"25,85","119 914,24","114,53",280,0,1680,Total abr,836,211,278,0,0,601,235,"25,85","119 914,24","114,53",280,0,1680,Total,7589,3882,2545,0,0,6037,1552,"11,64","831 690,39","72,50",2671,0,14843
Data,Ocup,Opção,Cheg,Oferta/Uso Interno,Deduz. Individ.,Deduz. Grupos,% Ocup.,Receita Quartos,Preço Médio,Saídas,Quartos FdS,Adul. / Cri.,abril,Previsão,30-abr-2026 qui,29,4,2,0,0,12,17,"24,44","4 285,57","129,87",7,0,57,836,211,278,0,0,601,235,"25,85","119 914,24","114,53",280,0,1680,Total abr,836,211,278,0,0,601,235,"25,85","119 914,24","114,53",280,0,1680,Total,7589,3882,2545,0,0,6037,1552,"11,64","831 690,39","72,50",2671,0,14843
Data,Ocup,Opção,Cheg,Oferta/Uso Interno,Deduz. Individ.,Deduz. Grupos,% Ocup.,Receita Quartos,Preço Médio,Saídas,Quartos FdS,Adul. / Cri.,maio,Previsão,01-mai-2026 sex,25,13,4,0,0,8,17,"28,15","3 895,00","102,50",8,0,48,572,649,202,0,0,337,235,"29,18","90 342,48","73,99",224,0,1074,Total mai,572,649,202,0,0,337,235,"29,18","90 342,48","73,99",224,0,1074,Total,7589,3882,2545,0,0,6037,1552,"11,64","831 690,39","72,50",2671,0,14843
Data,Ocup,Opção,Cheg,Oferta/Uso Interno,Deduz. Individ.,Deduz. Grupos,% Ocup.,Receita Quartos,Preço Médio,Saídas,Quartos FdS,Adul. / Cri.,maio,Previsão,02-mai-2026 sáb,11,13,5,0,0,11,0,"17,78","1 944,63","81,03",19,0,19,572,649,202,0,0,337,235,"29,18","90 342,48","73,99",224,0,1074,Total mai,572,649,202,0,0,337,235,"29,18","90 342,48","73,99",224,0,1074,Total,7589,3882,2545,0,0,6037,1552,"11,64","831 690,39","72,50",2671,0,14843
Data,Ocup,Opção,Cheg,Oferta/Uso Interno,Deduz. Individ.,Deduz. Grupos,% Ocup.,Receita Quartos,Preço Médio,Saídas,Quartos FdS,Adul. / Cri.,maio,Previsão,03-mai-2026 dom,9,47,3,0,0,9,0,"41,48","1 272,57","22,72",5,0,17,572,649,202,0,0,337,235,"29,18","90 342,48","73,99",224,0,1074,Total mai,572,649,202,0,0,337,235,"29,18","90 342,48","73,99",224,0,1074,Total,7589,3882,2545,0,0,6037,1552,"11,64","831 690,39","72,50",2671,0,14843
Data,Ocup,Opção,Cheg,Oferta/Uso Interno,Deduz. Individ.,Deduz. Grupos,% Ocup.,Receita Quartos,Preço Médio,Saídas,Quartos FdS,Adul. / Cri.,maio,Previsão,04-mai-2026 seg,11,47,5,0,0,11,0,"42,96","1 604,72","27,67",3,0,21,572,649,202,0,0,337,235,"29,18","90 342,48","73,99",224,0,1074,Total mai,572,649,202,0,0,337,235,"29,18","90 342,48","73,99",224,0,1074,Total,7589,3882,2545,0,0,6037,1552,"11,64","831 690,39","72,50",2671,0,14843
Data,Ocup,Opção,Cheg,Oferta/Uso Interno,Deduz. Individ.,Deduz. Grupos,% Ocup.,Receita Quartos,Preço Médio,Saídas,Quartos FdS,Adul. / Cri.,maio,Previsão,05-mai-2026 ter,14,47,6,0,0,12,2,"45,19","2 053,04","33,66",3,0,27,572,649,202,0,0,337,235,"29,18","90 342,48","73,99",224,0,1074,Total mai,572,649,202,0,0,337,235,"29,18","90 342,48","73,99",224,0,1074,Total,7589,3882,2545,0,0,6037,1552,"11,64","831 690,39","72,50",2671,0,14843
Data,Ocup,Opção,Cheg,Oferta/Uso Interno,Deduz. Individ.,Deduz. Grupos,% Ocup.,Receita Quartos,Preço Médio,Saídas,Quartos FdS,Adul. / Cri.,maio,Previsão,06-mai-2026 qua,28,0,20,0,0,9,19,"20,74","3 975,53","141,98",6,0,55,572,649,202,0,0,337,235,"29,18","90 342,48","73,99",224,0,1074,Total mai,572,649,202,0,0,337,235,"29,18","90 342,48","73,99",224,0,1074,Total,7589,3882,2545,0,0,6037,1552,"11,64","831 690,39","72,50",2671,0,14843
Data,Ocup,Opção,Cheg,Oferta/Uso Interno,Deduz. Individ.,Deduz. Grupos,% Ocup.,Receita Quartos,Preço Médio,Saídas,Quartos FdS,Adul. / Cri.,maio,Previsão,07-mai-2026 qui,26,1,3,0,0,6,20,"20,00","3 703,07","137,15",5,0,50,572,649,202,0,0,337,235,"29,18","90 342,48","73,99",224,0,1074,Total mai,572,649,202,0,0,337,235,"29,18","90 342,48","73,99",224,0,1074,Total,7589,3882,2545,0,0,6037,1552,"11,64","831 690,39","72,50",2671,0,14843
Data,Ocup,Opção,Cheg,Oferta/Uso Interno,Deduz. Individ.,Deduz. Grupos,% Ocup.,Receita Quartos,Preço Médio,Saídas,Quartos FdS,Adul. / Cri.,maio,Previsão,08-mai-2026 sex,24,13,3,0,0,7,17,"27,41","3 710,49","100,28",5,0,47,572,649,202,0,0,337,235,"29,18","90 342,48","73,99",224,0,1074,Total mai,572,649,202,0,0,337,235,"29,18","90 342,48","73,99",224,0,1074,Total,7589,3882,2545,0,0,6037,1552,"11,64","831 690,39","72,50",2671,0,14843
Data,Ocup,Opção,Cheg,Oferta/Uso Interno,Deduz. Individ.,Deduz. Grupos,% Ocup.,Receita Quartos,Preço Médio,Saídas,Quartos FdS,Adul. / Cri.,maio,Previsão,09-mai-2026 sáb,9,35,4,0,0,9,0,"32,59","1 605,06","36,48",19,0,17,572,649,202,0,0,337,235,"29,18","90 342,48","73,99",224,0,1074,Total mai,572,649,202,0,0,337,235,"29,18","90 342,48","73,99",224,0,1074,Total,7589,3882,2545,0,0,6037,1552,"11,64","831 690,39","72,50",2671,0,14843
Data,Ocup,Opção,Cheg,Oferta/Uso Interno,Deduz. Individ.,Deduz. Grupos,% Ocup.,Receita Quartos,Preço Médio,Saídas,Quartos FdS,Adul. / Cri.,maio,Previsão,10-mai-2026 dom,7,22,1,0,0,7,0,"21,48","1 130,40","38,98",3,0,14,572,649,202,0,0,337,235,"29,18","90 342,48","73,99",224,0,1074,Total mai,572,649,202,0,0,337,235,"29,18","90 342,48","73,99",224,0,1074,Total,7589,3882,2545,0,0,6037,1552,"11,64","831 690,39","72,50",2671,0,14843
Data,Ocup,Opção,Cheg,Oferta/Uso Interno,Deduz. Individ.,Deduz. Grupos,% Ocup.,Receita Quartos,Preço Médio,Saídas,Quartos FdS,Adul. / Cri.,maio,Previsão,11-mai-2026 seg,9,22,5,0,0,9,0,"22,96","1 373,50","44,31",3,0,16,572,649,202,0,0,337,235,"29,18","90 342,48","73,99",224,0,1074,Total mai,572,649,202,0,0,337,235,"29,18","90 342,48","73,99",224,0,1074,Total,7589,3882,2545,0,0,6037,1552,"11,64","831 690,39","72,50",2671,0,14843
Data,Ocup,Opção,Cheg,Oferta/Uso Interno,Deduz. Individ.,Deduz. Grupos,% Ocup.,Receita Quartos,Preço Médio,Saídas,Quartos FdS,Adul. / Cri.,maio,Previsão,12-mai-2026 ter,17,22,10,0,0,16,1,"28,89","2 637,51","67,63",2,0,31,572,649,202,0,0,337,235,"29,18","90 342,48","73,99",224,0,1074,Total mai,572,649,202,0,0,337,235,"29,18","90 342,48","73,99",224,0,1074,Total,7589,3882,2545,0,0,6037,1552,"11,64","831 690,39","72,50",2671,0,14843
Data,Ocup,Opção,Cheg,Oferta/Uso Interno,Deduz. Individ.,Deduz. Grupos,% Ocup.,Receita Quartos,Preço Médio,Saídas,Quartos FdS,Adul. / Cri.,maio,Previsão,13-mai-2026 qua,28,22,19,0,0,11,17,"37,04","4 162,79","83,26",8,0,52,572,649,202,0,0,337,235,"29,18","90 342,48","73,99",224,0,1074,Total mai,572,649,202,0,0,337,235,"29,18","90 342,48","73,99",224,0,1074,Total,7589,3882,2545,0,0,6037,1552,"11,64","831 690,39","72,50",2671,0,14843
Data,Ocup,Opção,Cheg,Oferta/Uso Interno,Deduz. Individ.,Deduz. Grupos,% Ocup.,Receita Quartos,Preço Médio,Saídas,Quartos FdS,Adul. / Cri.,maio,Previsão,14-mai-2026 qui,32,48,6,0,0,15,17,"59,26","4 850,62","60,63",2,0,62,572,649,202,0,0,337,235,"29,18","90 342,48","73,99",224,0,1074,Total mai,572,649,202,0,0,337,235,"29,18","90 342,48","73,99",224,0,1074,Total,7589,3882,2545,0,0,6037,1552,"11,64","831 690,39","72,50",2671,0,14843
Data,Ocup,Opção,Cheg,Oferta/Uso Interno,Deduz. Individ.,Deduz. Grupos,% Ocup.,Receita Quartos,Preço Médio,Saídas,Quartos FdS,Adul. / Cri.,maio,Previsão,15-mai-2026 sex,31,35,2,0,0,14,17,"48,89","4 926,43","74,64",3,0,61,572,649,202,0,0,337,235,"29,18","90 342,48","73,99",224,0,1074,Total mai,572,649,202,0,0,337,235,"29,18","90 342,48","73,99",224,0,1074,Total,7589,3882,2545,0,0,6037,1552,"11,64","831 690,39","72,50",2671,0,14843
Data,Ocup,Opção,Cheg,Oferta/Uso Interno,Deduz. Individ.,Deduz. Grupos,% Ocup.,Receita Quartos,Preço Médio,Saídas,Quartos FdS,Adul. / Cri.,maio,Previsão,16-mai-2026 sáb,13,38,2,0,0,12,1,"37,78","2 180,65","42,76",20,0,26,572,649,202,0,0,337,235,"29,18","90 342,48","73,99",224,0,1074,Total mai,572,649,202,0,0,337,235,"29,18","90 342,48","73,99",224,0,1074,Total,7589,3882,2545,0,0,6037,1552,"11,64","831 690,39","72,50",2671,0,14843
Data,Ocup,Opção,Cheg,Oferta/Uso Interno,Deduz. Individ.,Deduz. Grupos,% Ocup.,Receita Quartos,Preço Médio,Saídas,Quartos FdS,Adul. / Cri.,maio,Previsão,17-mai-2026 dom,8,13,6,0,0,8,0,"15,56","1 044,65","49,75",11,0,15,572,649,202,0,0,337,235,"29,18","90 342,48","73,99",224,0,1074,Total mai,572,649,202,0,0,337,235,"29,18","90 342,48","73,99",224,0,1074,Total,7589,3882,2545,0,0,6037,1552,"11,64","831 690,39","72,50",2671,0,14843
Data,Ocup,Opção,Cheg,Oferta/Uso Interno,Deduz. Individ.,Deduz. Grupos,% Ocup.,Receita Quartos,Preço Médio,Saídas,Quartos FdS,Adul. / Cri.,maio,Previsão,18-mai-2026 seg,13,13,6,0,0,13,0,"19,26","1 956,39","75,25",1,0,24,572,649,202,0,0,337,235,"29,18","90 342,48","73,99",224,0,1074,Total mai,572,649,202,0,0,337,235,"29,18","90 342,48","73,99",224,0,1074,Total,7589,3882,2545,0,0,6037,1552,"11,64","831 690,39","72,50",2671,0,14843
Data,Ocup,Opção,Cheg,Oferta/Uso Interno,Deduz. Individ.,Deduz. Grupos,% Ocup.,Receita Quartos,Preço Médio,Saídas,Quartos FdS,Adul. / Cri.,maio,Previsão,19-mai-2026 ter,16,0,6,0,0,15,1,"11,85","2 581,46","161,34",3,0,29,572,649,202,0,0,337,235,"29,18","90 342,48","73,99",224,0,1074,Total mai,572,649,202,0,0,337,235,"29,18","90 342,48","73,99",224,0,1074,Total,7589,3882,2545,0,0,6037,1552,"11,64","831 690,39","72,50",2671,0,14843
Data,Ocup,Opção,Cheg,Oferta/Uso Interno,Deduz. Individ.,Deduz. Grupos,% Ocup.,Receita Quartos,Preço Médio,Saídas,Quartos FdS,Adul. / Cri.,maio,Previsão,20-mai-2026 qua,27,0,21,0,0,10,17,"20,00","4 140,65","153,36",10,0,51,572,649,202,0,0,337,235,"29,18","90 342,48","73,99",224,0,1074,Total mai,572,649,202,0,0,337,235,"29,18","90 342,48","73,99",224,0,1074,Total,7589,3882,2545,0,0,6037,1552,"11,64","831 690,39","72,50",2671,0,14843
Data,Ocup,Opção,Cheg,Oferta/Uso Interno,Deduz. Individ.,Deduz. Grupos,% Ocup.,Receita Quartos,Preço Médio,Saídas,Quartos FdS,Adul. / Cri.,maio,Previsão,21-mai-2026 qui,32,4,6,0,0,15,17,"26,67","4 918,02","136,61",1,0,56,572,649,202,0,0,337,235,"29,18","90 342,48","73,99",224,0,1074,Total mai,572,649,202,0,0,337,235,"29,18","90 342,48","73,99",224,0,1074,Total,7589,3882,2545,0,0,6037,1552,"11,64","831 690,39","72,50",2671,0,14843
Data,Ocup,Opção,Cheg,Oferta/Uso Interno,Deduz. Individ.,Deduz. Grupos,% Ocup.,Receita Quartos,Preço Médio,Saídas,Quartos FdS,Adul. / Cri.,maio,Previsão,22-mai-2026 sex,30,13,4,0,0,12,18,"31,85","4 820,50","112,10",6,0,55,572,649,202,0,0,337,235,"29,18","90 342,48","73,99",224,0,1074,Total mai,572,649,202,0,0,337,235,"29,18","90 342,48","73,99",224,0,1074,Total,7589,3882,2545,0,0,6037,1552,"11,64","831 690,39","72,50",2671,0,14843
Data,Ocup,Opção,Cheg,Oferta/Uso Interno,Deduz. Individ.,Deduz. Grupos,% Ocup.,Receita Quartos,Preço Médio,Saídas,Quartos FdS,Adul. / Cri.,maio,Previsão,23-mai-2026 sáb,14,15,3,0,0,12,2,"21,48","2 540,38","87,60",19,0,25,572,649,202,0,0,337,235,"29,18","90 342,48","73,99",224,0,1074,Total mai,572,649,202,0,0,337,235,"29,18","90 342,48","73,99",224,0,1074,Total,7589,3882,2545,0,0,6037,1552,"11,64","831 690,39","72,50",2671,0,14843
Data,Ocup,Opção,Cheg,Oferta/Uso Interno,Deduz. Individ.,Deduz. Grupos,% Ocup.,Receita Quartos,Preço Médio,Saídas,Quartos FdS,Adul. / Cri.,maio,Previsão,24-mai-2026 dom,11,13,7,0,0,11,0,"17,78","1 865,18","77,72",10,0,20,572,649,202,0,0,337,235,"29,18","90 342,48","73,99",224,0,1074,Total mai,572,649,202,0,0,337,235,"29,18","90 342,48","73,99",224,0,1074,Total,7589,3882,2545,0,0,6037,1552,"11,64","831 690,39","72,50",2671,0,14843
Data,Ocup,Opção,Cheg,Oferta/Uso Interno,Deduz. Individ.,Deduz. Grupos,% Ocup.,Receita Quartos,Preço Médio,Saídas,Quartos FdS,Adul. / Cri.,maio,Previsão,25-mai-2026 seg,13,13,4,0,0,13,0,"19,26","2 397,27","92,20",2,0,23,572,649,202,0,0,337,235,"29,18","90 342,48","73,99",224,0,1074,Total mai,572,649,202,0,0,337,235,"29,18","90 342,48","73,99",224,0,1074,Total,7589,3882,2545,0,0,6037,1552,"11,64","831 690,39","72,50",2671,0,14843
Data,Ocup,Opção,Cheg,Oferta/Uso Interno,Deduz. Individ.,Deduz. Grupos,% Ocup.,Receita Quartos,Preço Médio,Saídas,Quartos FdS,Adul. / Cri.,maio,Previsão,26-mai-2026 ter,19,22,10,0,0,18,1,"30,37","3 498,16","85,32",4,0,33,572,649,202,0,0,337,235,"29,18","90 342,48","73,99",224,0,1074,Total mai,572,649,202,0,0,337,235,"29,18","90 342,48","73,99",224,0,1074,Total,7589,3882,2545,0,0,6037,1552,"11,64","831 690,39","72,50",2671,0,14843
Data,Ocup,Opção,Cheg,Oferta/Uso Interno,Deduz. Individ.,Deduz. Grupos,% Ocup.,Receita Quartos,Preço Médio,Saídas,Quartos FdS,Adul. / Cri.,maio,Previsão,27-mai-2026 qua,26,22,18,0,0,9,17,"35,56","4 118,97","85,81",11,0,50,572,649,202,0,0,337,235,"29,18","90 342,48","73,99",224,0,1074,Total mai,572,649,202,0,0,337,235,"29,18","90 342,48","73,99",224,0,1074,Total,7589,3882,2545,0,0,6037,1552,"11,64","831 690,39","72,50",2671,0,14843
Data,Ocup,Opção,Cheg,Oferta/Uso Interno,Deduz. Individ.,Deduz. Grupos,% Ocup.,Receita Quartos,Preço Médio,Saídas,Quartos FdS,Adul. / Cri.,maio,Previsão,28-mai-2026 qui,24,26,3,0,0,7,17,"37,04","3 745,59","74,91",5,0,46,572,649,202,0,0,337,235,"29,18","90 342,48","73,99",224,0,1074,Total mai,572,649,202,0,0,337,235,"29,18","90 342,48","73,99",224,0,1074,Total,7589,3882,2545,0,0,6037,1552,"11,64","831 690,39","72,50",2671,0,14843
Data,Ocup,Opção,Cheg,Oferta/Uso Interno,Deduz. Individ.,Deduz. Grupos,% Ocup.,Receita Quartos,Preço Médio,Saídas,Quartos FdS,Adul. / Cri.,maio,Previsão,29-mai-2026 sex,29,13,5,0,0,12,17,"31,11","4 786,85","113,97",0,0,54,572,649,202,0,0,337,235,"29,18","90 342,48","73,99",224,0,1074,Total mai,572,649,202,0,0,337,235,"29,18","90 342,48","73,99",224,0,1074,Total,7589,3882,2545,0,0,6037,1552,"11,64","831 690,39","72,50",2671,0,14843
Data,Ocup,Opção,Cheg,Oferta/Uso Interno,Deduz. Individ.,Deduz. Grupos,% Ocup.,Receita Quartos,Preço Médio,Saídas,Quartos FdS,Adul. / Cri.,maio,Previsão,30-mai-2026 sáb,9,35,1,0,0,9,0,"32,59","1 716,63","39,01",21,0,16,572,649,202,0,0,337,235,"29,18","90 342,48","73,99",224,0,1074,Total mai,572,649,202,0,0,337,235,"29,18","90 342,48","73,99",224,0,1074,Total,7589,3882,2545,0,0,6037,1552,"11,64","831 690,39","72,50",2671,0,14843
Data,Ocup,Opção,Cheg,Oferta/Uso Interno,Deduz. Individ.,Deduz. Grupos,% Ocup.,Receita Quartos,Preço Médio,Saídas,Quartos FdS,Adul. / Cri.,maio,Previsão,31-mai-2026 dom,7,22,4,0,0,7,0,"21,48","1 185,79","40,89",6,0,14,572,649,202,0,0,337,235,"29,18","90 342,48","73,99",224,0,1074,Total mai,572,649,202,0,0,337,235,"29,18","90 342,48","73,99",224,0,1074,Total,7589,3882,2545,0,0,6037,1552,"11,64","831 690,39","72,50",2671,0,14843
Data,Ocup,Opção,Cheg,Oferta/Uso Interno,Deduz. Individ.,Deduz. Grupos,% Ocup.,Receita Quartos,Preço Médio,Saídas,Quartos FdS,Adul. / Cri.,junho,Previsão,01-jun-2026 seg,10,22,4,0,0,10,0,"23,70","1 630,31","50,95",1,0,20,401,725,145,0,0,153,248,"27,80","61 610,02","54,72",148,0,768,Total jun,401,725,145,0,0,153,248,"27,80","61 610,02","54,72",148,0,768,Total,7589,3882,2545,0,0,6037,1552,"11,64","831 690,39","72,50",2671,0,14843
Data,Ocup,Opção,Cheg,Oferta/Uso Interno,Deduz. Individ.,Deduz. Grupos,% Ocup.,Receita Quartos,Preço Médio,Saídas,Quartos FdS,Adul. / Cri.,junho,Previsão,02-jun-2026 ter,15,0,6,0,0,14,1,"11,11","2 141,14","142,74",1,0,29,401,725,145,0,0,153,248,"27,80","61 610,02","54,72",148,0,768,Total jun,401,725,145,0,0,153,248,"27,80","61 610,02","54,72",148,0,768,Total,7589,3882,2545,0,0,6037,1552,"11,64","831 690,39","72,50",2671,0,14843
Data,Ocup,Opção,Cheg,Oferta/Uso Interno,Deduz. Individ.,Deduz. Grupos,% Ocup.,Receita Quartos,Preço Médio,Saídas,Quartos FdS,Adul. / Cri.,junho,Previsão,03-jun-2026 qua,31,0,24,0,0,12,19,"22,96","4 513,40","145,59",8,0,60,401,725,145,0,0,153,248,"27,80","61 610,02","54,72",148,0,768,Total jun,401,725,145,0,0,153,248,"27,80","61 610,02","54,72",148,0,768,Total,7589,3882,2545,0,0,6037,1552,"11,64","831 690,39","72,50",2671,0,14843
Data,Ocup,Opção,Cheg,Oferta/Uso Interno,Deduz. Individ.,Deduz. Grupos,% Ocup.,Receita Quartos,Preço Médio,Saídas,Quartos FdS,Adul. / Cri.,junho,Previsão,04-jun-2026 qui,27,24,1,0,0,8,19,"37,78","3 937,99","77,22",5,0,52,401,725,145,0,0,153,248,"27,80","61 610,02","54,72",148,0,768,Total jun,401,725,145,0,0,153,248,"27,80","61 610,02","54,72",148,0,768,Total,7589,3882,2545,0,0,6037,1552,"11,64","831 690,39","72,50",2671,0,14843
Data,Ocup,Opção,Cheg,Oferta/Uso Interno,Deduz. Individ.,Deduz. Grupos,% Ocup.,Receita Quartos,Preço Médio,Saídas,Quartos FdS,Adul. / Cri.,junho,Previsão,05-jun-2026 sex,26,35,2,0,0,9,17,"45,19","3 927,50","64,39",3,0,50,401,725,145,0,0,153,248,"27,80","61 610,02","54,72",148,0,768,Total jun,401,725,145,0,0,153,248,"27,80","61 610,02","54,72",148,0,768,Total,7589,3882,2545,0,0,6037,1552,"11,64","831 690,39","72,50",2671,0,14843
Data,Ocup,Opção,Cheg,Oferta/Uso Interno,Deduz. Individ.,Deduz. Grupos,% Ocup.,Receita Quartos,Preço Médio,Saídas,Quartos FdS,Adul. / Cri.,junho,Previsão,06-jun-2026 sáb,25,48,20,0,0,8,17,"54,07","4 988,84","68,34",21,0,46,401,725,145,0,0,153,248,"27,80","61 610,02","54,72",148,0,768,Total jun,401,725,145,0,0,153,248,"27,80","61 610,02","54,72",148,0,768,Total,7589,3882,2545,0,0,6037,1552,"11,64","831 690,39","72,50",2671,0,14843
Data,Ocup,Opção,Cheg,Oferta/Uso Interno,Deduz. Individ.,Deduz. Grupos,% Ocup.,Receita Quartos,Preço Médio,Saídas,Quartos FdS,Adul. / Cri.,junho,Previsão,07-jun-2026 dom,29,13,5,0,0,12,17,"31,11","5 732,54","136,49",1,0,56,401,725,145,0,0,153,248,"27,80","61 610,02","54,72",148,0,768,Total jun,401,725,145,0,0,153,248,"27,80","61 610,02","54,72",148,0,768,Total,7589,3882,2545,0,0,6037,1552,"11,64","831 690,39","72,50",2671,0,14843
Data,Ocup,Opção,Cheg,Oferta/Uso Interno,Deduz. Individ.,Deduz. Grupos,% Ocup.,Receita Quartos,Preço Médio,Saídas,Quartos FdS,Adul. / Cri.,junho,Previsão,08-jun-2026 seg,13,15,5,0,0,13,0,"20,74","1 919,92","68,57",21,0,26,401,725,145,0,0,153,248,"27,80","61 610,02","54,72",148,0,768,Total jun,401,725,145,0,0,153,248,"27,80","61 610,02","54,72",148,0,768,Total,7589,3882,2545,0,0,6037,1552,"11,64","831 690,39","72,50",2671,0,14843
Data,Ocup,Opção,Cheg,Oferta/Uso Interno,Deduz. Individ.,Deduz. Grupos,% Ocup.,Receita Quartos,Preço Médio,Saídas,Quartos FdS,Adul. / Cri.,junho,Previsão,09-jun-2026 ter,9,33,2,0,0,8,1,"31,11","1 268,02","30,19",6,0,15,401,725,145,0,0,153,248,"27,80","61 610,02","54,72",148,0,768,Total jun,401,725,145,0,0,153,248,"27,80","61 610,02","54,72",148,0,768,Total,7589,3882,2545,0,0,6037,1552,"11,64","831 690,39","72,50",2671,0,14843
Data,Ocup,Opção,Cheg,Oferta/Uso Interno,Deduz. Individ.,Deduz. Grupos,% Ocup.,Receita Quartos,Preço Médio,Saídas,Quartos FdS,Adul. / Cri.,junho,Previsão,10-jun-2026 qua,21,0,16,0,0,4,17,"15,56","3 076,10","146,48",4,0,41,401,725,145,0,0,153,248,"27,80","61 610,02","54,72",148,0,768,Total jun,401,725,145,0,0,153,248,"27,80","61 610,02","54,72",148,0,768,Total,7589,3882,2545,0,0,6037,1552,"11,64","831 690,39","72,50",2671,0,14843
Data,Ocup,Opção,Cheg,Oferta/Uso Interno,Deduz. Individ.,Deduz. Grupos,% Ocup.,Receita Quartos,Preço Médio,Saídas,Quartos FdS,Adul. / Cri.,junho,Previsão,11-jun-2026 qui,18,26,0,0,0,1,17,"32,59","2 662,88","60,52",3,0,35,401,725,145,0,0,153,248,"27,80","61 610,02","54,72",148,0,768,Total jun,401,725,145,0,0,153,248,"27,80","61 610,02","54,72",148,0,768,Total,7589,3882,2545,0,0,6037,1552,"11,64","831 690,39","72,50",2671,0,14843
Data,Ocup,Opção,Cheg,Oferta/Uso Interno,Deduz. Individ.,Deduz. Grupos,% Ocup.,Receita Quartos,Preço Médio,Saídas,Quartos FdS,Adul. / Cri.,junho,Previsão,12-jun-2026 sex,21,22,3,0,0,4,17,"31,85","3 191,89","74,23",0,0,40,401,725,145,0,0,153,248,"27,80","61 610,02","54,72",148,0,768,Total jun,401,725,145,0,0,153,248,"27,80","61 610,02","54,72",148,0,768,Total,7589,3882,2545,0,0,6037,1552,"11,64","831 690,39","72,50",2671,0,14843
Data,Ocup,Opção,Cheg,Oferta/Uso Interno,Deduz. Individ.,Deduz. Grupos,% Ocup.,Receita Quartos,Preço Médio,Saídas,Quartos FdS,Adul. / Cri.,junho,Previsão,13-jun-2026 sáb,5,22,2,0,0,5,0,"20,00","953,24","35,31",18,0,11,401,725,145,0,0,153,248,"27,80","61 610,02","54,72",148,0,768,Total jun,401,725,145,0,0,153,248,"27,80","61 610,02","54,72",148,0,768,Total,7589,3882,2545,0,0,6037,1552,"11,64","831 690,39","72,50",2671,0,14843
Data,Ocup,Opção,Cheg,Oferta/Uso Interno,Deduz. Individ.,Deduz. Grupos,% Ocup.,Receita Quartos,Preço Médio,Saídas,Quartos FdS,Adul. / Cri.,junho,Previsão,14-jun-2026 dom,3,22,1,0,0,3,0,"18,52","395,73","15,83",3,0,5,401,725,145,0,0,153,248,"27,80","61 610,02","54,72",148,0,768,Total jun,401,725,145,0,0,153,248,"27,80","61 610,02","54,72",148,0,768,Total,7589,3882,2545,0,0,6037,1552,"11,64","831 690,39","72,50",2671,0,14843
Data,Ocup,Opção,Cheg,Oferta/Uso Interno,Deduz. Individ.,Deduz. Grupos,% Ocup.,Receita Quartos,Preço Médio,Saídas,Quartos FdS,Adul. / Cri.,junho,Previsão,15-jun-2026 seg,3,22,1,0,0,3,0,"18,52","465,54","18,62",1,0,5,401,725,145,0,0,153,248,"27,80","61 610,02","54,72",148,0,768,Total jun,401,725,145,0,0,153,248,"27,80","61 610,02","54,72",148,0,768,Total,7589,3882,2545,0,0,6037,1552,"11,64","831 690,39","72,50",2671,0,14843
Data,Ocup,Opção,Cheg,Oferta/Uso Interno,Deduz. Individ.,Deduz. Grupos,% Ocup.,Receita Quartos,Preço Médio,Saídas,Quartos FdS,Adul. / Cri.,junho,Previsão,16-jun-2026 ter,6,57,4,0,0,5,1,"46,67","972,19","15,43",1,0,10,401,725,145,0,0,153,248,"27,80","61 610,02","54,72",148,0,768,Total jun,401,725,145,0,0,153,248,"27,80","61 610,02","54,72",148,0,768,Total,7589,3882,2545,0,0,6037,1552,"11,64","831 690,39","72,50",2671,0,14843
Data,Ocup,Opção,Cheg,Oferta/Uso Interno,Deduz. Individ.,Deduz. Grupos,% Ocup.,Receita Quartos,Preço Médio,Saídas,Quartos FdS,Adul. / Cri.,junho,Previsão,17-jun-2026 qua,20,0,16,0,0,3,17,"14,81","2 947,28","147,36",2,0,38,401,725,145,0,0,153,248,"27,80","61 610,02","54,72",148,0,768,Total jun,401,725,145,0,0,153,248,"27,80","61 610,02","54,72",148,0,768,Total,7589,3882,2545,0,0,6037,1552,"11,64","831 690,39","72,50",2671,0,14843
Data,Ocup,Opção,Cheg,Oferta/Uso Interno,Deduz. Individ.,Deduz. Grupos,% Ocup.,Receita Quartos,Preço Médio,Saídas,Quartos FdS,Adul. / Cri.,junho,Previsão,18-jun-2026 qui,19,4,0,0,0,2,17,"17,04","2 785,13","121,09",1,0,36,401,725,145,0,0,153,248,"27,80","61 610,02","54,72",148,0,768,Total jun,401,725,145,0,0,153,248,"27,80","61 610,02","54,72",148,0,768,Total,7589,3882,2545,0,0,6037,1552,"11,64","831 690,39","72,50",2671,0,14843
Data,Ocup,Opção,Cheg,Oferta/Uso Interno,Deduz. Individ.,Deduz. Grupos,% Ocup.,Receita Quartos,Preço Médio,Saídas,Quartos FdS,Adul. / Cri.,junho,Previsão,19-jun-2026 sex,20,17,1,0,0,3,17,"27,41","2 893,36","78,20",0,0,38,401,725,145,0,0,153,248,"27,80","61 610,02","54,72",148,0,768,Total jun,401,725,145,0,0,153,248,"27,80","61 610,02","54,72",148,0,768,Total,7589,3882,2545,0,0,6037,1552,"11,64","831 690,39","72,50",2671,0,14843
Data,Ocup,Opção,Cheg,Oferta/Uso Interno,Deduz. Individ.,Deduz. Grupos,% Ocup.,Receita Quartos,Preço Médio,Saídas,Quartos FdS,Adul. / Cri.,junho,Previsão,20-jun-2026 sáb,2,21,1,0,0,2,0,"17,04","198,28","8,62",19,0,4,401,725,145,0,0,153,248,"27,80","61 610,02","54,72",148,0,768,Total jun,401,725,145,0,0,153,248,"27,80","61 610,02","54,72",148,0,768,Total,7589,3882,2545,0,0,6037,1552,"11,64","831 690,39","72,50",2671,0,14843
Data,Ocup,Opção,Cheg,Oferta/Uso Interno,Deduz. Individ.,Deduz. Grupos,% Ocup.,Receita Quartos,Preço Médio,Saídas,Quartos FdS,Adul. / Cri.,junho,Previsão,21-jun-2026 dom,6,13,4,0,0,6,0,"14,07","574,83","30,25",0,0,12,401,725,145,0,0,153,248,"27,80","61 610,02","54,72",148,0,768,Total jun,401,725,145,0,0,153,248,"27,80","61 610,02","54,72",148,0,768,Total,7589,3882,2545,0,0,6037,1552,"11,64","831 690,39","72,50",2671,0,14843
Data,Ocup,Opção,Cheg,Oferta/Uso Interno,Deduz. Individ.,Deduz. Grupos,% Ocup.,Receita Quartos,Preço Médio,Saídas,Quartos FdS,Adul. / Cri.,junho,Previsão,22-jun-2026 seg,5,39,2,0,0,5,0,"32,59","627,84","14,27",3,0,10,401,725,145,0,0,153,248,"27,80","61 610,02","54,72",148,0,768,Total jun,401,725,145,0,0,153,248,"27,80","61 610,02","54,72",148,0,768,Total,7589,3882,2545,0,0,6037,1552,"11,64","831 690,39","72,50",2671,0,14843
Data,Ocup,Opção,Cheg,Oferta/Uso Interno,Deduz. Individ.,Deduz. Grupos,% Ocup.,Receita Quartos,Preço Médio,Saídas,Quartos FdS,Adul. / Cri.,junho,Previsão,23-jun-2026 ter,4,26,1,0,0,3,1,"22,22","599,77","19,99",2,0,7,401,725,145,0,0,153,248,"27,80","61 610,02","54,72",148,0,768,Total jun,401,725,145,0,0,153,248,"27,80","61 610,02","54,72",148,0,768,Total,7589,3882,2545,0,0,6037,1552,"11,64","831 690,39","72,50",2671,0,14843
Data,Ocup,Opção,Cheg,Oferta/Uso Interno,Deduz. Individ.,Deduz. Grupos,% Ocup.,Receita Quartos,Preço Médio,Saídas,Quartos FdS,Adul. / Cri.,junho,Previsão,24-jun-2026 qua,18,0,16,0,0,1,17,"13,33","2 609,67","144,98",2,0,35,401,725,145,0,0,153,248,"27,80","61 610,02","54,72",148,0,768,Total jun,401,725,145,0,0,153,248,"27,80","61 610,02","54,72",148,0,768,Total,7589,3882,2545,0,0,6037,1552,"11,64","831 690,39","72,50",2671,0,14843
Data,Ocup,Opção,Cheg,Oferta/Uso Interno,Deduz. Individ.,Deduz. Grupos,% Ocup.,Receita Quartos,Preço Médio,Saídas,Quartos FdS,Adul. / Cri.,junho,Previsão,25-jun-2026 qui,19,26,2,0,0,2,17,"33,33","2 770,04","61,56",1,0,37,401,725,145,0,0,153,248,"27,80","61 610,02","54,72",148,0,768,Total jun,401,725,145,0,0,153,248,"27,80","61 610,02","54,72",148,0,768,Total,7589,3882,2545,0,0,6037,1552,"11,64","831 690,39","72,50",2671,0,14843
Data,Ocup,Opção,Cheg,Oferta/Uso Interno,Deduz. Individ.,Deduz. Grupos,% Ocup.,Receita Quartos,Preço Médio,Saídas,Quartos FdS,Adul. / Cri.,junho,Previsão,26-jun-2026 sex,18,35,0,0,0,1,17,"39,26","2 635,02","49,72",1,0,35,401,725,145,0,0,153,248,"27,80","61 610,02","54,72",148,0,768,Total jun,401,725,145,0,0,153,248,"27,80","61 610,02","54,72",148,0,768,Total,7589,3882,2545,0,0,6037,1552,"11,64","831 690,39","72,50",2671,0,14843
Data,Ocup,Opção,Cheg,Oferta/Uso Interno,Deduz. Individ.,Deduz. Grupos,% Ocup.,Receita Quartos,Preço Médio,Saídas,Quartos FdS,Adul. / Cri.,junho,Previsão,27-jun-2026 sáb,3,37,2,0,0,1,2,"29,63","377,75","9,44",17,0,5,401,725,145,0,0,153,248,"27,80","61 610,02","54,72",148,0,768,Total jun,401,725,145,0,0,153,248,"27,80","61 610,02","54,72",148,0,768,Total,7589,3882,2545,0,0,6037,1552,"11,64","831 690,39","72,50",2671,0,14843
Data,Ocup,Opção,Cheg,Oferta/Uso Interno,Deduz. Individ.,Deduz. Grupos,% Ocup.,Receita Quartos,Preço Médio,Saídas,Quartos FdS,Adul. / Cri.,junho,Previsão,28-jun-2026 dom,0,37,0,0,0,0,0,"27,41",-,-,3,0,0,401,725,145,0,0,153,248,"27,80","61 610,02","54,72",148,0,768,Total jun,401,725,145,0,0,153,248,"27,80","61 610,02","54,72",148,0,768,Total,7589,3882,2545,0,0,6037,1552,"11,64","831 690,39","72,50",2671,0,14843
Data,Ocup,Opção,Cheg,Oferta/Uso Interno,Deduz. Individ.,Deduz. Grupos,% Ocup.,Receita Quartos,Preço Médio,Saídas,Quartos FdS,Adul. / Cri.,junho,Previsão,29-jun-2026 seg,1,37,1,0,0,1,0,"28,15","180,25","4,74",0,0,2,401,725,145,0,0,153,248,"27,80","61 610,02","54,72",148,0,768,Total jun,401,725,145,0,0,153,248,"27,80","61 610,02","54,72",148,0,768,Total,7589,3882,2545,0,0,6037,1552,"11,64","831 690,39","72,50",2671,0,14843
Data,Ocup,Opção,Cheg,Oferta/Uso Interno,Deduz. Individ.,Deduz. Grupos,% Ocup.,Receita Quartos,Preço Médio,Saídas,Quartos FdS,Adul. / Cri.,junho,Previsão,30-jun-2026 ter,4,72,3,0,0,4,0,"56,30","633,58","8,34",0,0,8,401,725,145,0,0,153,248,"27,80","61 610,02","54,72",148,0,768,Total jun,401,725,145,0,0,153,248,"27,80","61 610,02","54,72",148,0,768,Total,7589,3882,2545,0,0,6037,1552,"11,64","831 690,39","72,50",2671,0,14843
Data,Ocup,Opção,Cheg,Oferta/Uso Interno,Deduz. Individ.,Deduz. Grupos,% Ocup.,Receita Quartos,Preço Médio,Saídas,Quartos FdS,Adul. / Cri.,julho,Previsão,01-jul-2026 qua,3,22,1,0,0,3,0,"18,52","576,49","23,06",2,0,7,140,229,43,0,0,140,0,"8,82","22 071,86","59,82",43,0,301,Total jul,140,229,43,0,0,140,0,"8,82","22 071,86","59,82",43,0,301,Total,7589,3882,2545,0,0,6037,1552,"11,64","831 690,39","72,50",2671,0,14843
Data,Ocup,Opção,Cheg,Oferta/Uso Interno,Deduz. Individ.,Deduz. Grupos,% Ocup.,Receita Quartos,Preço Médio,Saídas,Quartos FdS,Adul. / Cri.,julho,Previsão,02-jul-2026 qui,2,22,1,0,0,2,0,"17,78","387,00","16,12",2,0,5,140,229,43,0,0,140,0,"8,82","22 071,86","59,82",43,0,301,Total jul,140,229,43,0,0,140,0,"8,82","22 071,86","59,82",43,0,301,Total,7589,3882,2545,0,0,6037,1552,"11,64","831 690,39","72,50",2671,0,14843
Data,Ocup,Opção,Cheg,Oferta/Uso Interno,Deduz. Individ.,Deduz. Grupos,% Ocup.,Receita Quartos,Preço Médio,Saídas,Quartos FdS,Adul. / Cri.,julho,Previsão,03-jul-2026 sex,7,0,5,0,0,7,0,"5,19","1 142,84","163,26",0,0,15,140,229,43,0,0,140,0,"8,82","22 071,86","59,82",43,0,301,Total jul,140,229,43,0,0,140,0,"8,82","22 071,86","59,82",43,0,301,Total,7589,3882,2545,0,0,6037,1552,"11,64","831 690,39","72,50",2671,0,14843
Data,Ocup,Opção,Cheg,Oferta/Uso Interno,Deduz. Individ.,Deduz. Grupos,% Ocup.,Receita Quartos,Preço Médio,Saídas,Quartos FdS,Adul. / Cri.,julho,Previsão,04-jul-2026 sáb,7,0,4,0,0,7,0,"5,19","1 107,25","158,18",4,0,12,140,229,43,0,0,140,0,"8,82","22 071,86","59,82",43,0,301,Total jul,140,229,43,0,0,140,0,"8,82","22 071,86","59,82",43,0,301,Total,7589,3882,2545,0,0,6037,1552,"11,64","831 690,39","72,50",2671,0,14843
Data,Ocup,Opção,Cheg,Oferta/Uso Interno,Deduz. Individ.,Deduz. Grupos,% Ocup.,Receita Quartos,Preço Médio,Saídas,Quartos FdS,Adul. / Cri.,julho,Previsão,05-jul-2026 dom,6,16,0,0,0,6,0,"16,30","867,00","39,41",1,0,10,140,229,43,0,0,140,0,"8,82","22 071,86","59,82",43,0,301,Total jul,140,229,43,0,0,140,0,"8,82","22 071,86","59,82",43,0,301,Total,7589,3882,2545,0,0,6037,1552,"11,64","831 690,39","72,50",2671,0,14843
Data,Ocup,Opção,Cheg,Oferta/Uso Interno,Deduz. Individ.,Deduz. Grupos,% Ocup.,Receita Quartos,Preço Médio,Saídas,Quartos FdS,Adul. / Cri.,julho,Previsão,06-jul-2026 seg,11,16,7,0,0,11,0,"20,00","1 701,95","63,04",2,0,20,140,229,43,0,0,140,0,"8,82","22 071,86","59,82",43,0,301,Total jul,140,229,43,0,0,140,0,"8,82","22 071,86","59,82",43,0,301,Total,7589,3882,2545,0,0,6037,1552,"11,64","831 690,39","72,50",2671,0,14843
Data,Ocup,Opção,Cheg,Oferta/Uso Interno,Deduz. Individ.,Deduz. Grupos,% Ocup.,Receita Quartos,Preço Médio,Saídas,Quartos FdS,Adul. / Cri.,julho,Previsão,07-jul-2026 ter,11,22,2,0,0,11,0,"24,44","1 642,08","49,76",2,0,20,140,229,43,0,0,140,0,"8,82","22 071,86","59,82",43,0,301,Total jul,140,229,43,0,0,140,0,"8,82","22 071,86","59,82",43,0,301,Total,7589,3882,2545,0,0,6037,1552,"11,64","831 690,39","72,50",2671,0,14843
Data,Ocup,Opção,Cheg,Oferta/Uso Interno,Deduz. Individ.,Deduz. Grupos,% Ocup.,Receita Quartos,Preço Médio,Saídas,Quartos FdS,Adul. / Cri.,julho,Previsão,08-jul-2026 qua,5,22,0,0,0,5,0,"20,00","894,95","33,15",6,0,10,140,229,43,0,0,140,0,"8,82","22 071,86","59,82",43,0,301,Total jul,140,229,43,0,0,140,0,"8,82","22 071,86","59,82",43,0,301,Total,7589,3882,2545,0,0,6037,1552,"11,64","831 690,39","72,50",2671,0,14843
Data,Ocup,Opção,Cheg,Oferta/Uso Interno,Deduz. Individ.,Deduz. Grupos,% Ocup.,Receita Quartos,Preço Médio,Saídas,Quartos FdS,Adul. / Cri.,julho,Previsão,09-jul-2026 qui,10,22,5,0,0,10,0,"23,70","1 525,31","47,67",0,0,20,140,229,43,0,0,140,0,"8,82","22 071,86","59,82",43,0,301,Total jul,140,229,43,0,0,140,0,"8,82","22 071,86","59,82",43,0,301,Total,7589,3882,2545,0,0,6037,1552,"11,64","831 690,39","72,50",2671,0,14843
Data,Ocup,Opção,Cheg,Oferta/Uso Interno,Deduz. Individ.,Deduz. Grupos,% Ocup.,Receita Quartos,Preço Médio,Saídas,Quartos FdS,Adul. / Cri.,julho,Previsão,10-jul-2026 sex,15,0,5,0,0,15,0,"11,11","2 326,96","155,13",0,0,31,140,229,43,0,0,140,0,"8,82","22 071,86","59,82",43,0,301,Total jul,140,229,43,0,0,140,0,"8,82","22 071,86","59,82",43,0,301,Total,7589,3882,2545,0,0,6037,1552,"11,64","831 690,39","72,50",2671,0,14843
Data,Ocup,Opção,Cheg,Oferta/Uso Interno,Deduz. Individ.,Deduz. Grupos,% Ocup.,Receita Quartos,Preço Médio,Saídas,Quartos FdS,Adul. / Cri.,julho,Previsão,11-jul-2026 sáb,10,4,0,0,0,10,0,"10,37","1 432,01","102,29",5,0,21,140,229,43,0,0,140,0,"8,82","22 071,86","59,82",43,0,301,Total jul,140,229,43,0,0,140,0,"8,82","22 071,86","59,82",43,0,301,Total,7589,3882,2545,0,0,6037,1552,"11,64","831 690,39","72,50",2671,0,14843
Data,Ocup,Opção,Cheg,Oferta/Uso Interno,Deduz. Individ.,Deduz. Grupos,% Ocup.,Receita Quartos,Preço Médio,Saídas,Quartos FdS,Adul. / Cri.,julho,Previsão,12-jul-2026 dom,7,13,2,0,0,7,0,"14,81","1 002,19","50,11",5,0,15,140,229,43,0,0,140,0,"8,82","22 071,86","59,82",43,0,301,Total jul,140,229,43,0,0,140,0,"8,82","22 071,86","59,82",43,0,301,Total,7589,3882,2545,0,0,6037,1552,"11,64","831 690,39","72,50",2671,0,14843
Data,Ocup,Opção,Cheg,Oferta/Uso Interno,Deduz. Individ.,Deduz. Grupos,% Ocup.,Receita Quartos,Preço Médio,Saídas,Quartos FdS,Adul. / Cri.,julho,Previsão,13-jul-2026 seg,6,13,0,0,0,6,0,"14,07","783,94","41,26",1,0,12,140,229,43,0,0,140,0,"8,82","22 071,86","59,82",43,0,301,Total jul,140,229,43,0,0,140,0,"8,82","22 071,86","59,82",43,0,301,Total,7589,3882,2545,0,0,6037,1552,"11,64","831 690,39","72,50",2671,0,14843
Data,Ocup,Opção,Cheg,Oferta/Uso Interno,Deduz. Individ.,Deduz. Grupos,% Ocup.,Receita Quartos,Preço Médio,Saídas,Quartos FdS,Adul. / Cri.,julho,Previsão,14-jul-2026 ter,6,0,0,0,0,6,0,"4,44","783,94","130,66",0,0,12,140,229,43,0,0,140,0,"8,82","22 071,86","59,82",43,0,301,Total jul,140,229,43,0,0,140,0,"8,82","22 071,86","59,82",43,0,301,Total,7589,3882,2545,0,0,6037,1552,"11,64","831 690,39","72,50",2671,0,14843
Data,Ocup,Opção,Cheg,Oferta/Uso Interno,Deduz. Individ.,Deduz. Grupos,% Ocup.,Receita Quartos,Preço Médio,Saídas,Quartos FdS,Adul. / Cri.,julho,Previsão,15-jul-2026 qua,0,0,0,0,0,0,0,-,-,NaN,6,0,0,140,229,43,0,0,140,0,"8,82","22 071,86","59,82",43,0,301,Total jul,140,229,43,0,0,140,0,"8,82","22 071,86","59,82",43,0,301,Total,7589,3882,2545,0,0,6037,1552,"11,64","831 690,39","72,50",2671,0,14843
Data,Ocup,Opção,Cheg,Oferta/Uso Interno,Deduz. Individ.,Deduz. Grupos,% Ocup.,Receita Quartos,Preço Médio,Saídas,Quartos FdS,Adul. / Cri.,julho,Previsão,16-jul-2026 qui,1,0,1,0,0,1,0,"0,74","116,40","116,40",0,0,2,140,229,43,0,0,140,0,"8,82","22 071,86","59,82",43,0,301,Total jul,140,229,43,0,0,140,0,"8,82","22 071,86","59,82",43,0,301,Total,7589,3882,2545,0,0,6037,1552,"11,64","831 690,39","72,50",2671,0,14843
Data,Ocup,Opção,Cheg,Oferta/Uso Interno,Deduz. Individ.,Deduz. Grupos,% Ocup.,Receita Quartos,Preço Médio,Saídas,Quartos FdS,Adul. / Cri.,julho,Previsão,17-jul-2026 sex,1,0,0,0,0,1,0,"0,74","116,40","116,40",0,0,2,140,229,43,0,0,140,0,"8,82","22 071,86","59,82",43,0,301,Total jul,140,229,43,0,0,140,0,"8,82","22 071,86","59,82",43,0,301,Total,7589,3882,2545,0,0,6037,1552,"11,64","831 690,39","72,50",2671,0,14843
Data,Ocup,Opção,Cheg,Oferta/Uso Interno,Deduz. Individ.,Deduz. Grupos,% Ocup.,Receita Quartos,Preço Médio,Saídas,Quartos FdS,Adul. / Cri.,julho,Previsão,18-jul-2026 sáb,0,4,0,0,0,0,0,"2,96",-,-,1,0,0,140,229,43,0,0,140,0,"8,82","22 071,86","59,82",43,0,301,Total jul,140,229,43,0,0,140,0,"8,82","22 071,86","59,82",43,0,301,Total,7589,3882,2545,0,0,6037,1552,"11,64","831 690,39","72,50",2671,0,14843
Data,Ocup,Opção,Cheg,Oferta/Uso Interno,Deduz. Individ.,Deduz. Grupos,% Ocup.,Receita Quartos,Preço Médio,Saídas,Quartos FdS,Adul. / Cri.,julho,Previsão,19-jul-2026 dom,0,13,0,0,0,0,0,"9,63",-,-,0,0,0,140,229,43,0,0,140,0,"8,82","22 071,86","59,82",43,0,301,Total jul,140,229,43,0,0,140,0,"8,82","22 071,86","59,82",43,0,301,Total,7589,3882,2545,0,0,6037,1552,"11,64","831 690,39","72,50",2671,0,14843
Data,Ocup,Opção,Cheg,Oferta/Uso Interno,Deduz. Individ.,Deduz. Grupos,% Ocup.,Receita Quartos,Preço Médio,Saídas,Quartos FdS,Adul. / Cri.,julho,Previsão,20-jul-2026 seg,1,18,1,0,0,1,0,"14,07","291,85","15,36",0,0,4,140,229,43,0,0,140,0,"8,82","22 071,86","59,82",43,0,301,Total jul,140,229,43,0,0,140,0,"8,82","22 071,86","59,82",43,0,301,Total,7589,3882,2545,0,0,6037,1552,"11,64","831 690,39","72,50",2671,0,14843
Data,Ocup,Opção,Cheg,Oferta/Uso Interno,Deduz. Individ.,Deduz. Grupos,% Ocup.,Receita Quartos,Preço Médio,Saídas,Quartos FdS,Adul. / Cri.,julho,Previsão,21-jul-2026 ter,1,15,0,0,0,1,0,"11,85","291,85","18,24",0,0,4,140,229,43,0,0,140,0,"8,82","22 071,86","59,82",43,0,301,Total jul,140,229,43,0,0,140,0,"8,82","22 071,86","59,82",43,0,301,Total,7589,3882,2545,0,0,6037,1552,"11,64","831 690,39","72,50",2671,0,14843
Data,Ocup,Opção,Cheg,Oferta/Uso Interno,Deduz. Individ.,Deduz. Grupos,% Ocup.,Receita Quartos,Preço Médio,Saídas,Quartos FdS,Adul. / Cri.,julho,Previsão,22-jul-2026 qua,1,5,0,0,0,1,0,"4,44","291,85","48,64",0,0,4,140,229,43,0,0,140,0,"8,82","22 071,86","59,82",43,0,301,Total jul,140,229,43,0,0,140,0,"8,82","22 071,86","59,82",43,0,301,Total,7589,3882,2545,0,0,6037,1552,"11,64","831 690,39","72,50",2671,0,14843
Data,Ocup,Opção,Cheg,Oferta/Uso Interno,Deduz. Individ.,Deduz. Grupos,% Ocup.,Receita Quartos,Preço Médio,Saídas,Quartos FdS,Adul. / Cri.,julho,Previsão,23-jul-2026 qui,2,0,1,0,0,2,0,"1,48","381,70","190,85",0,0,6,140,229,43,0,0,140,0,"8,82","22 071,86","59,82",43,0,301,Total jul,140,229,43,0,0,140,0,"8,82","22 071,86","59,82",43,0,301,Total,7589,3882,2545,0,0,6037,1552,"11,64","831 690,39","72,50",2671,0,14843
Data,Ocup,Opção,Cheg,Oferta/Uso Interno,Deduz. Individ.,Deduz. Grupos,% Ocup.,Receita Quartos,Preço Médio,Saídas,Quartos FdS,Adul. / Cri.,julho,Previsão,24-jul-2026 sex,3,0,2,0,0,3,0,"2,22","598,94","199,65",1,0,8,140,229,43,0,0,140,0,"8,82","22 071,86","59,82",43,0,301,Total jul,140,229,43,0,0,140,0,"8,82","22 071,86","59,82",43,0,301,Total,7589,3882,2545,0,0,6037,1552,"11,64","831 690,39","72,50",2671,0,14843
Data,Ocup,Opção,Cheg,Oferta/Uso Interno,Deduz. Individ.,Deduz. Grupos,% Ocup.,Receita Quartos,Preço Médio,Saídas,Quartos FdS,Adul. / Cri.,julho,Previsão,25-jul-2026 sáb,3,0,0,0,0,3,0,"2,22","598,94","199,65",0,0,8,140,229,43,0,0,140,0,"8,82","22 071,86","59,82",43,0,301,Total jul,140,229,43,0,0,140,0,"8,82","22 071,86","59,82",43,0,301,Total,7589,3882,2545,0,0,6037,1552,"11,64","831 690,39","72,50",2671,0,14843
Data,Ocup,Opção,Cheg,Oferta/Uso Interno,Deduz. Individ.,Deduz. Grupos,% Ocup.,Receita Quartos,Preço Médio,Saídas,Quartos FdS,Adul. / Cri.,julho,Previsão,26-jul-2026 dom,4,0,2,0,0,4,0,"2,96","483,90","120,97",1,0,8,140,229,43,0,0,140,0,"8,82","22 071,86","59,82",43,0,301,Total jul,140,229,43,0,0,140,0,"8,82","22 071,86","59,82",43,0,301,Total,7589,3882,2545,0,0,6037,1552,"11,64","831 690,39","72,50",2671,0,14843
Data,Ocup,Opção,Cheg,Oferta/Uso Interno,Deduz. Individ.,Deduz. Grupos,% Ocup.,Receita Quartos,Preço Médio,Saídas,Quartos FdS,Adul. / Cri.,julho,Previsão,27-jul-2026 seg,4,0,0,0,0,4,0,"2,96","483,90","120,97",0,0,8,140,229,43,0,0,140,0,"8,82","22 071,86","59,82",43,0,301,Total jul,140,229,43,0,0,140,0,"8,82","22 071,86","59,82",43,0,301,Total,7589,3882,2545,0,0,6037,1552,"11,64","831 690,39","72,50",2671,0,14843
Data,Ocup,Opção,Cheg,Oferta/Uso Interno,Deduz. Individ.,Deduz. Grupos,% Ocup.,Receita Quartos,Preço Médio,Saídas,Quartos FdS,Adul. / Cri.,julho,Previsão,28-jul-2026 ter,3,0,1,0,0,3,0,"2,22","429,36","143,12",2,0,8,140,229,43,0,0,140,0,"8,82","22 071,86","59,82",43,0,301,Total jul,140,229,43,0,0,140,0,"8,82","22 071,86","59,82",43,0,301,Total,7589,3882,2545,0,0,6037,1552,"11,64","831 690,39","72,50",2671,0,14843
Data,Ocup,Opção,Cheg,Oferta/Uso Interno,Deduz. Individ.,Deduz. Grupos,% Ocup.,Receita Quartos,Preço Médio,Saídas,Quartos FdS,Adul. / Cri.,julho,Previsão,29-jul-2026 qua,3,0,0,0,0,3,0,"2,22","429,36","143,12",0,0,8,140,229,43,0,0,140,0,"8,82","22 071,86","59,82",43,0,301,Total jul,140,229,43,0,0,140,0,"8,82","22 071,86","59,82",43,0,301,Total,7589,3882,2545,0,0,6037,1552,"11,64","831 690,39","72,50",2671,0,14843
Data,Ocup,Opção,Cheg,Oferta/Uso Interno,Deduz. Individ.,Deduz. Grupos,% Ocup.,Receita Quartos,Preço Médio,Saídas,Quartos FdS,Adul. / Cri.,julho,Previsão,30-jul-2026 qui,3,0,2,0,0,3,0,"2,22","521,43","173,81",2,0,8,140,229,43,0,0,140,0,"8,82","22 071,86","59,82",43,0,301,Total jul,140,229,43,0,0,140,0,"8,82","22 071,86","59,82",43,0,301,Total,7589,3882,2545,0,0,6037,1552,"11,64","831 690,39","72,50",2671,0,14843
Data,Ocup,Opção,Cheg,Oferta/Uso Interno,Deduz. Individ.,Deduz. Grupos,% Ocup.,Receita Quartos,Preço Médio,Saídas,Quartos FdS,Adul. / Cri.,julho,Previsão,31-jul-2026 sex,4,2,1,0,0,4,0,"4,44","862,07","143,68",0,0,13,140,229,43,0,0,140,0,"8,82","22 071,86","59,82",43,0,301,Total jul,140,229,43,0,0,140,0,"8,82","22 071,86","59,82",43,0,301,Total,7589,3882,2545,0,0,6037,1552,"11,64","831 690,39","72,50",2671,0,14843
Data,Ocup,Opção,Cheg,Oferta/Uso Interno,Deduz. Individ.,Deduz. Grupos,% Ocup.,Receita Quartos,Preço Médio,Saídas,Quartos FdS,Adul. / Cri.,agosto,Previsão,01-ago-2026 sáb,6,1,2,0,0,6,0,"5,19","1 100,59","157,23",0,0,17,119,171,47,0,0,67,52,"6,93","16 832,12","58,04",40,0,244,Total ago,119,171,47,0,0,67,52,"6,93","16 832,12","58,04",40,0,244,Total,7589,3882,2545,0,0,6037,1552,"11,64","831 690,39","72,50",2671,0,14843
Data,Ocup,Opção,Cheg,Oferta/Uso Interno,Deduz. Individ.,Deduz. Grupos,% Ocup.,Receita Quartos,Preço Médio,Saídas,Quartos FdS,Adul. / Cri.,agosto,Previsão,02-ago-2026 dom,5,0,1,0,0,5,0,"3,70","937,97","187,59",2,0,15,119,171,47,0,0,67,52,"6,93","16 832,12","58,04",40,0,244,Total ago,119,171,47,0,0,67,52,"6,93","16 832,12","58,04",40,0,244,Total,7589,3882,2545,0,0,6037,1552,"11,64","831 690,39","72,50",2671,0,14843
Data,Ocup,Opção,Cheg,Oferta/Uso Interno,Deduz. Individ.,Deduz. Grupos,% Ocup.,Receita Quartos,Preço Médio,Saídas,Quartos FdS,Adul. / Cri.,agosto,Previsão,03-ago-2026 seg,2,0,0,0,0,2,0,"1,48","474,95","237,48",3,0,7,119,171,47,0,0,67,52,"6,93","16 832,12","58,04",40,0,244,Total ago,119,171,47,0,0,67,52,"6,93","16 832,12","58,04",40,0,244,Total,7589,3882,2545,0,0,6037,1552,"11,64","831 690,39","72,50",2671,0,14843
Data,Ocup,Opção,Cheg,Oferta/Uso Interno,Deduz. Individ.,Deduz. Grupos,% Ocup.,Receita Quartos,Preço Médio,Saídas,Quartos FdS,Adul. / Cri.,agosto,Previsão,04-ago-2026 ter,2,0,1,0,0,2,0,"1,48","320,72","160,36",1,0,4,119,171,47,0,0,67,52,"6,93","16 832,12","58,04",40,0,244,Total ago,119,171,47,0,0,67,52,"6,93","16 832,12","58,04",40,0,244,Total,7589,3882,2545,0,0,6037,1552,"11,64","831 690,39","72,50",2671,0,14843
Data,Ocup,Opção,Cheg,Oferta/Uso Interno,Deduz. Individ.,Deduz. Grupos,% Ocup.,Receita Quartos,Preço Médio,Saídas,Quartos FdS,Adul. / Cri.,agosto,Previsão,05-ago-2026 qua,1,0,0,0,0,1,0,"0,74","163,75","163,75",1,0,2,119,171,47,0,0,67,52,"6,93","16 832,12","58,04",40,0,244,Total ago,119,171,47,0,0,67,52,"6,93","16 832,12","58,04",40,0,244,Total,7589,3882,2545,0,0,6037,1552,"11,64","831 690,39","72,50",2671,0,14843
Data,Ocup,Opção,Cheg,Oferta/Uso Interno,Deduz. Individ.,Deduz. Grupos,% Ocup.,Receita Quartos,Preço Médio,Saídas,Quartos FdS,Adul. / Cri.,agosto,Previsão,06-ago-2026 qui,3,0,2,0,0,3,0,"2,22","495,98","165,33",0,0,6,119,171,47,0,0,67,52,"6,93","16 832,12","58,04",40,0,244,Total ago,119,171,47,0,0,67,52,"6,93","16 832,12","58,04",40,0,244,Total,7589,3882,2545,0,0,6037,1552,"11,64","831 690,39","72,50",2671,0,14843
Data,Ocup,Opção,Cheg,Oferta/Uso Interno,Deduz. Individ.,Deduz. Grupos,% Ocup.,Receita Quartos,Preço Médio,Saídas,Quartos FdS,Adul. / Cri.,agosto,Previsão,07-ago-2026 sex,2,0,0,0,0,2,0,"1,48","318,64","159,32",1,0,4,119,171,47,0,0,67,52,"6,93","16 832,12","58,04",40,0,244,Total ago,119,171,47,0,0,67,52,"6,93","16 832,12","58,04",40,0,244,Total,7589,3882,2545,0,0,6037,1552,"11,64","831 690,39","72,50",2671,0,14843
Data,Ocup,Opção,Cheg,Oferta/Uso Interno,Deduz. Individ.,Deduz. Grupos,% Ocup.,Receita Quartos,Preço Médio,Saídas,Quartos FdS,Adul. / Cri.,agosto,Previsão,08-ago-2026 sáb,0,0,0,0,0,0,0,-,-,NaN,2,0,0,119,171,47,0,0,67,52,"6,93","16 832,12","58,04",40,0,244,Total ago,119,171,47,0,0,67,52,"6,93","16 832,12","58,04",40,0,244,Total,7589,3882,2545,0,0,6037,1552,"11,64","831 690,39","72,50",2671,0,14843
Data,Ocup,Opção,Cheg,Oferta/Uso Interno,Deduz. Individ.,Deduz. Grupos,% Ocup.,Receita Quartos,Preço Médio,Saídas,Quartos FdS,Adul. / Cri.,agosto,Previsão,09-ago-2026 dom,2,0,2,0,0,2,0,"1,48","239,96","119,98",0,0,4,119,171,47,0,0,67,52,"6,93","16 832,12","58,04",40,0,244,Total ago,119,171,47,0,0,67,52,"6,93","16 832,12","58,04",40,0,244,Total,7589,3882,2545,0,0,6037,1552,"11,64","831 690,39","72,50",2671,0,14843
Data,Ocup,Opção,Cheg,Oferta/Uso Interno,Deduz. Individ.,Deduz. Grupos,% Ocup.,Receita Quartos,Preço Médio,Saídas,Quartos FdS,Adul. / Cri.,agosto,Previsão,10-ago-2026 seg,0,0,0,0,0,0,0,-,-,NaN,2,0,0,119,171,47,0,0,67,52,"6,93","16 832,12","58,04",40,0,244,Total ago,119,171,47,0,0,67,52,"6,93","16 832,12","58,04",40,0,244,Total,7589,3882,2545,0,0,6037,1552,"11,64","831 690,39","72,50",2671,0,14843
Data,Ocup,Opção,Cheg,Oferta/Uso Interno,Deduz. Individ.,Deduz. Grupos,% Ocup.,Receita Quartos,Preço Médio,Saídas,Quartos FdS,Adul. / Cri.,agosto,Previsão,11-ago-2026 ter,0,15,0,0,0,0,0,"11,11",-,-,0,0,0,119,171,47,0,0,67,52,"6,93","16 832,12","58,04",40,0,244,Total ago,119,171,47,0,0,67,52,"6,93","16 832,12","58,04",40,0,244,Total,7589,3882,2545,0,0,6037,1552,"11,64","831 690,39","72,50",2671,0,14843
Data,Ocup,Opção,Cheg,Oferta/Uso Interno,Deduz. Individ.,Deduz. Grupos,% Ocup.,Receita Quartos,Preço Médio,Saídas,Quartos FdS,Adul. / Cri.,agosto,Previsão,12-ago-2026 qua,0,0,0,0,0,0,0,-,-,NaN,0,0,0,119,171,47,0,0,67,52,"6,93","16 832,12","58,04",40,0,244,Total ago,119,171,47,0,0,67,52,"6,93","16 832,12","58,04",40,0,244,Total,7589,3882,2545,0,0,6037,1552,"11,64","831 690,39","72,50",2671,0,14843
Data,Ocup,Opção,Cheg,Oferta/Uso Interno,Deduz. Individ.,Deduz. Grupos,% Ocup.,Receita Quartos,Preço Médio,Saídas,Quartos FdS,Adul. / Cri.,agosto,Previsão,13-ago-2026 qui,0,0,0,0,0,0,0,-,-,NaN,0,0,0,119,171,47,0,0,67,52,"6,93","16 832,12","58,04",40,0,244,Total ago,119,171,47,0,0,67,52,"6,93","16 832,12","58,04",40,0,244,Total,7589,3882,2545,0,0,6037,1552,"11,64","831 690,39","72,50",2671,0,14843
Data,Ocup,Opção,Cheg,Oferta/Uso Interno,Deduz. Individ.,Deduz. Grupos,% Ocup.,Receita Quartos,Preço Médio,Saídas,Quartos FdS,Adul. / Cri.,agosto,Previsão,14-ago-2026 sex,2,0,2,0,0,2,0,"1,48","236,01","118,00",0,0,3,119,171,47,0,0,67,52,"6,93","16 832,12","58,04",40,0,244,Total ago,119,171,47,0,0,67,52,"6,93","16 832,12","58,04",40,0,244,Total,7589,3882,2545,0,0,6037,1552,"11,64","831 690,39","72,50",2671,0,14843
Data,Ocup,Opção,Cheg,Oferta/Uso Interno,Deduz. Individ.,Deduz. Grupos,% Ocup.,Receita Quartos,Preço Médio,Saídas,Quartos FdS,Adul. / Cri.,agosto,Previsão,15-ago-2026 sáb,2,0,0,0,0,2,0,"1,48","236,01","118,00",0,0,3,119,171,47,0,0,67,52,"6,93","16 832,12","58,04",40,0,244,Total ago,119,171,47,0,0,67,52,"6,93","16 832,12","58,04",40,0,244,Total,7589,3882,2545,0,0,6037,1552,"11,64","831 690,39","72,50",2671,0,14843
Data,Ocup,Opção,Cheg,Oferta/Uso Interno,Deduz. Individ.,Deduz. Grupos,% Ocup.,Receita Quartos,Preço Médio,Saídas,Quartos FdS,Adul. / Cri.,agosto,Previsão,16-ago-2026 dom,0,0,0,0,0,0,0,-,-,NaN,2,0,0,119,171,47,0,0,67,52,"6,93","16 832,12","58,04",40,0,244,Total ago,119,171,47,0,0,67,52,"6,93","16 832,12","58,04",40,0,244,Total,7589,3882,2545,0,0,6037,1552,"11,64","831 690,39","72,50",2671,0,14843
Data,Ocup,Opção,Cheg,Oferta/Uso Interno,Deduz. Individ.,Deduz. Grupos,% Ocup.,Receita Quartos,Preço Médio,Saídas,Quartos FdS,Adul. / Cri.,agosto,Previsão,17-ago-2026 seg,0,0,0,0,0,0,0,-,-,NaN,0,0,0,119,171,47,0,0,67,52,"6,93","16 832,12","58,04",40,0,244,Total ago,119,171,47,0,0,67,52,"6,93","16 832,12","58,04",40,0,244,Total,7589,3882,2545,0,0,6037,1552,"11,64","831 690,39","72,50",2671,0,14843
Data,Ocup,Opção,Cheg,Oferta/Uso Interno,Deduz. Individ.,Deduz. Grupos,% Ocup.,Receita Quartos,Preço Médio,Saídas,Quartos FdS,Adul. / Cri.,agosto,Previsão,18-ago-2026 ter,2,0,2,0,0,2,0,"1,48","299,55","149,77",0,0,4,119,171,47,0,0,67,52,"6,93","16 832,12","58,04",40,0,244,Total ago,119,171,47,0,0,67,52,"6,93","16 832,12","58,04",40,0,244,Total,7589,3882,2545,0,0,6037,1552,"11,64","831 690,39","72,50",2671,0,14843
Data,Ocup,Opção,Cheg,Oferta/Uso Interno,Deduz. Individ.,Deduz. Grupos,% Ocup.,Receita Quartos,Preço Médio,Saídas,Quartos FdS,Adul. / Cri.,agosto,Previsão,19-ago-2026 qua,2,0,0,0,0,2,0,"1,48","299,55","149,77",0,0,4,119,171,47,0,0,67,52,"6,93","16 832,12","58,04",40,0,244,Total ago,119,171,47,0,0,67,52,"6,93","16 832,12","58,04",40,0,244,Total,7589,3882,2545,0,0,6037,1552,"11,64","831 690,39","72,50",2671,0,14843
Data,Ocup,Opção,Cheg,Oferta/Uso Interno,Deduz. Individ.,Deduz. Grupos,% Ocup.,Receita Quartos,Preço Médio,Saídas,Quartos FdS,Adul. / Cri.,agosto,Previsão,20-ago-2026 qui,2,0,0,0,0,2,0,"1,48","299,55","149,77",0,0,4,119,171,47,0,0,67,52,"6,93","16 832,12","58,04",40,0,244,Total ago,119,171,47,0,0,67,52,"6,93","16 832,12","58,04",40,0,244,Total,7589,3882,2545,0,0,6037,1552,"11,64","831 690,39","72,50",2671,0,14843
Data,Ocup,Opção,Cheg,Oferta/Uso Interno,Deduz. Individ.,Deduz. Grupos,% Ocup.,Receita Quartos,Preço Médio,Saídas,Quartos FdS,Adul. / Cri.,agosto,Previsão,21-ago-2026 sex,0,0,0,0,0,0,0,-,-,NaN,2,0,0,119,171,47,0,0,67,52,"6,93","16 832,12","58,04",40,0,244,Total ago,119,171,47,0,0,67,52,"6,93","16 832,12","58,04",40,0,244,Total,7589,3882,2545,0,0,6037,1552,"11,64","831 690,39","72,50",2671,0,14843
Data,Ocup,Opção,Cheg,Oferta/Uso Interno,Deduz. Individ.,Deduz. Grupos,% Ocup.,Receita Quartos,Preço Médio,Saídas,Quartos FdS,Adul. / Cri.,agosto,Previsão,22-ago-2026 sáb,3,0,3,0,0,3,0,"2,22","386,62","128,87",0,0,5,119,171,47,0,0,67,52,"6,93","16 832,12","58,04",40,0,244,Total ago,119,171,47,0,0,67,52,"6,93","16 832,12","58,04",40,0,244,Total,7589,3882,2545,0,0,6037,1552,"11,64","831 690,39","72,50",2671,0,14843
Data,Ocup,Opção,Cheg,Oferta/Uso Interno,Deduz. Individ.,Deduz. Grupos,% Ocup.,Receita Quartos,Preço Médio,Saídas,Quartos FdS,Adul. / Cri.,agosto,Previsão,23-ago-2026 dom,4,0,3,0,0,4,0,"2,96","766,36","191,59",2,0,8,119,171,47,0,0,67,52,"6,93","16 832,12","58,04",40,0,244,Total ago,119,171,47,0,0,67,52,"6,93","16 832,12","58,04",40,0,244,Total,7589,3882,2545,0,0,6037,1552,"11,64","831 690,39","72,50",2671,0,14843
Data,Ocup,Opção,Cheg,Oferta/Uso Interno,Deduz. Individ.,Deduz. Grupos,% Ocup.,Receita Quartos,Preço Médio,Saídas,Quartos FdS,Adul. / Cri.,agosto,Previsão,24-ago-2026 seg,3,15,0,0,0,3,0,"13,33","638,29","35,46",1,0,7,119,171,47,0,0,67,52,"6,93","16 832,12","58,04",40,0,244,Total ago,119,171,47,0,0,67,52,"6,93","16 832,12","58,04",40,0,244,Total,7589,3882,2545,0,0,6037,1552,"11,64","831 690,39","72,50",2671,0,14843
Data,Ocup,Opção,Cheg,Oferta/Uso Interno,Deduz. Individ.,Deduz. Grupos,% Ocup.,Receita Quartos,Preço Médio,Saídas,Quartos FdS,Adul. / Cri.,agosto,Previsão,25-ago-2026 ter,4,37,1,0,0,3,1,"30,37","751,68","18,33",0,0,8,119,171,47,0,0,67,52,"6,93","16 832,12","58,04",40,0,244,Total ago,119,171,47,0,0,67,52,"6,93","16 832,12","58,04",40,0,244,Total,7589,3882,2545,0,0,6037,1552,"11,64","831 690,39","72,50",2671,0,14843
Data,Ocup,Opção,Cheg,Oferta/Uso Interno,Deduz. Individ.,Deduz. Grupos,% Ocup.,Receita Quartos,Preço Médio,Saídas,Quartos FdS,Adul. / Cri.,agosto,Previsão,26-ago-2026 qua,18,37,16,0,0,1,17,"40,74","2 141,24","38,93",2,0,35,119,171,47,0,0,67,52,"6,93","16 832,12","58,04",40,0,244,Total ago,119,171,47,0,0,67,52,"6,93","16 832,12","58,04",40,0,244,Total,7589,3882,2545,0,0,6037,1552,"11,64","831 690,39","72,50",2671,0,14843
Data,Ocup,Opção,Cheg,Oferta/Uso Interno,Deduz. Individ.,Deduz. Grupos,% Ocup.,Receita Quartos,Preço Médio,Saídas,Quartos FdS,Adul. / Cri.,agosto,Previsão,27-ago-2026 qui,18,22,1,0,0,1,17,"29,63","2 100,24","52,51",1,0,35,119,171,47,0,0,67,52,"6,93","16 832,12","58,04",40,0,244,Total ago,119,171,47,0,0,67,52,"6,93","16 832,12","58,04",40,0,244,Total,7589,3882,2545,0,0,6037,1552,"11,64","831 690,39","72,50",2671,0,14843
Data,Ocup,Opção,Cheg,Oferta/Uso Interno,Deduz. Individ.,Deduz. Grupos,% Ocup.,Receita Quartos,Preço Médio,Saídas,Quartos FdS,Adul. / Cri.,agosto,Previsão,28-ago-2026 sex,17,0,0,0,0,0,17,"12,59","2 013,46","118,44",1,0,33,119,171,47,0,0,67,52,"6,93","16 832,12","58,04",40,0,244,Total ago,119,171,47,0,0,67,52,"6,93","16 832,12","58,04",40,0,244,Total,7589,3882,2545,0,0,6037,1552,"11,64","831 690,39","72,50",2671,0,14843
Data,Ocup,Opção,Cheg,Oferta/Uso Interno,Deduz. Individ.,Deduz. Grupos,% Ocup.,Receita Quartos,Preço Médio,Saídas,Quartos FdS,Adul. / Cri.,agosto,Previsão,29-ago-2026 sáb,1,0,1,0,0,1,0,"0,74","185,76","185,76",17,0,2,119,171,47,0,0,67,52,"6,93","16 832,12","58,04",40,0,244,Total ago,119,171,47,0,0,67,52,"6,93","16 832,12","58,04",40,0,244,Total,7589,3882,2545,0,0,6037,1552,"11,64","831 690,39","72,50",2671,0,14843
Data,Ocup,Opção,Cheg,Oferta/Uso Interno,Deduz. Individ.,Deduz. Grupos,% Ocup.,Receita Quartos,Preço Médio,Saídas,Quartos FdS,Adul. / Cri.,agosto,Previsão,30-ago-2026 dom,7,22,6,0,0,7,0,"21,48","915,06","31,55",0,0,13,119,171,47,0,0,67,52,"6,93","16 832,12","58,04",40,0,244,Total ago,119,171,47,0,0,67,52,"6,93","16 832,12","58,04",40,0,244,Total,7589,3882,2545,0,0,6037,1552,"11,64","831 690,39","72,50",2671,0,14843
Data,Ocup,Opção,Cheg,Oferta/Uso Interno,Deduz. Individ.,Deduz. Grupos,% Ocup.,Receita Quartos,Preço Médio,Saídas,Quartos FdS,Adul. / Cri.,agosto,Previsão,31-ago-2026 seg,11,22,4,0,0,11,0,"24,44","1 510,18","45,76",0,0,21,119,171,47,0,0,67,52,"6,93","16 832,12","58,04",40,0,244,Total ago,119,171,47,0,0,67,52,"6,93","16 832,12","58,04",40,0,244,Total,7589,3882,2545,0,0,6037,1552,"11,64","831 690,39","72,50",2671,0,14843
Data,Ocup,Opção,Cheg,Oferta/Uso Interno,Deduz. Individ.,Deduz. Grupos,% Ocup.,Receita Quartos,Preço Médio,Saídas,Quartos FdS,Adul. / Cri.,setembro,Previsão,01-set-2026 ter,14,44,3,0,0,13,1,"42,96","2 042,95","35,22",0,0,25,344,946,132,0,0,113,231,"31,85","54 486,86","42,24",126,0,683,Total set,344,946,132,0,0,113,231,"31,85","54 486,86","42,24",126,0,683,Total,7589,3882,2545,0,0,6037,1552,"11,64","831 690,39","72,50",2671,0,14843
Data,Ocup,Opção,Cheg,Oferta/Uso Interno,Deduz. Individ.,Deduz. Grupos,% Ocup.,Receita Quartos,Preço Médio,Saídas,Quartos FdS,Adul. / Cri.,setembro,Previsão,02-set-2026 qua,19,22,18,0,0,2,17,"30,37","2 833,35","69,11",13,0,37,344,946,132,0,0,113,231,"31,85","54 486,86","42,24",126,0,683,Total set,344,946,132,0,0,113,231,"31,85","54 486,86","42,24",126,0,683,Total,7589,3882,2545,0,0,6037,1552,"11,64","831 690,39","72,50",2671,0,14843
Data,Ocup,Opção,Cheg,Oferta/Uso Interno,Deduz. Individ.,Deduz. Grupos,% Ocup.,Receita Quartos,Preço Médio,Saídas,Quartos FdS,Adul. / Cri.,setembro,Previsão,03-set-2026 qui,20,47,1,0,0,2,18,"49,63","2 969,56","44,32",0,0,39,344,946,132,0,0,113,231,"31,85","54 486,86","42,24",126,0,683,Total set,344,946,132,0,0,113,231,"31,85","54 486,86","42,24",126,0,683,Total,7589,3882,2545,0,0,6037,1552,"11,64","831 690,39","72,50",2671,0,14843
Data,Ocup,Opção,Cheg,Oferta/Uso Interno,Deduz. Individ.,Deduz. Grupos,% Ocup.,Receita Quartos,Preço Médio,Saídas,Quartos FdS,Adul. / Cri.,setembro,Previsão,04-set-2026 sex,19,35,0,0,0,2,17,"40,00","2 832,88","52,46",1,0,37,344,946,132,0,0,113,231,"31,85","54 486,86","42,24",126,0,683,Total set,344,946,132,0,0,113,231,"31,85","54 486,86","42,24",126,0,683,Total,7589,3882,2545,0,0,6037,1552,"11,64","831 690,39","72,50",2671,0,14843
Data,Ocup,Opção,Cheg,Oferta/Uso Interno,Deduz. Individ.,Deduz. Grupos,% Ocup.,Receita Quartos,Preço Médio,Saídas,Quartos FdS,Adul. / Cri.,setembro,Previsão,05-set-2026 sáb,3,39,1,0,0,3,0,"31,11","436,09","10,38",17,0,6,344,946,132,0,0,113,231,"31,85","54 486,86","42,24",126,0,683,Total set,344,946,132,0,0,113,231,"31,85","54 486,86","42,24",126,0,683,Total,7589,3882,2545,0,0,6037,1552,"11,64","831 690,39","72,50",2671,0,14843
Data,Ocup,Opção,Cheg,Oferta/Uso Interno,Deduz. Individ.,Deduz. Grupos,% Ocup.,Receita Quartos,Preço Médio,Saídas,Quartos FdS,Adul. / Cri.,setembro,Previsão,06-set-2026 dom,6,13,5,0,0,6,0,"14,07","836,90","44,05",2,0,12,344,946,132,0,0,113,231,"31,85","54 486,86","42,24",126,0,683,Total set,344,946,132,0,0,113,231,"31,85","54 486,86","42,24",126,0,683,Total,7589,3882,2545,0,0,6037,1552,"11,64","831 690,39","72,50",2671,0,14843
Data,Ocup,Opção,Cheg,Oferta/Uso Interno,Deduz. Individ.,Deduz. Grupos,% Ocup.,Receita Quartos,Preço Médio,Saídas,Quartos FdS,Adul. / Cri.,setembro,Previsão,07-set-2026 seg,6,13,1,0,0,6,0,"14,07","917,17","48,27",1,0,12,344,946,132,0,0,113,231,"31,85","54 486,86","42,24",126,0,683,Total set,344,946,132,0,0,113,231,"31,85","54 486,86","42,24",126,0,683,Total,7589,3882,2545,0,0,6037,1552,"11,64","831 690,39","72,50",2671,0,14843
Data,Ocup,Opção,Cheg,Oferta/Uso Interno,Deduz. Individ.,Deduz. Grupos,% Ocup.,Receita Quartos,Preço Médio,Saídas,Quartos FdS,Adul. / Cri.,setembro,Previsão,08-set-2026 ter,6,26,3,0,0,5,1,"23,70","1 028,32","32,14",3,0,11,344,946,132,0,0,113,231,"31,85","54 486,86","42,24",126,0,683,Total set,344,946,132,0,0,113,231,"31,85","54 486,86","42,24",126,0,683,Total,7589,3882,2545,0,0,6037,1552,"11,64","831 690,39","72,50",2671,0,14843
Data,Ocup,Opção,Cheg,Oferta/Uso Interno,Deduz. Individ.,Deduz. Grupos,% Ocup.,Receita Quartos,Preço Médio,Saídas,Quartos FdS,Adul. / Cri.,setembro,Previsão,09-set-2026 qua,20,35,18,0,0,3,17,"40,74","3 044,25","55,35",4,0,39,344,946,132,0,0,113,231,"31,85","54 486,86","42,24",126,0,683,Total set,344,946,132,0,0,113,231,"31,85","54 486,86","42,24",126,0,683,Total,7589,3882,2545,0,0,6037,1552,"11,64","831 690,39","72,50",2671,0,14843
Data,Ocup,Opção,Cheg,Oferta/Uso Interno,Deduz. Individ.,Deduz. Grupos,% Ocup.,Receita Quartos,Preço Médio,Saídas,Quartos FdS,Adul. / Cri.,setembro,Previsão,10-set-2026 qui,20,39,0,0,0,3,17,"43,70","3 044,25","51,60",0,0,39,344,946,132,0,0,113,231,"31,85","54 486,86","42,24",126,0,683,Total set,344,946,132,0,0,113,231,"31,85","54 486,86","42,24",126,0,683,Total,7589,3882,2545,0,0,6037,1552,"11,64","831 690,39","72,50",2671,0,14843
Data,Ocup,Opção,Cheg,Oferta/Uso Interno,Deduz. Individ.,Deduz. Grupos,% Ocup.,Receita Quartos,Preço Médio,Saídas,Quartos FdS,Adul. / Cri.,setembro,Previsão,11-set-2026 sex,18,13,0,0,0,1,17,"22,96","2 700,91","87,13",2,0,35,344,946,132,0,0,113,231,"31,85","54 486,86","42,24",126,0,683,Total set,344,946,132,0,0,113,231,"31,85","54 486,86","42,24",126,0,683,Total,7589,3882,2545,0,0,6037,1552,"11,64","831 690,39","72,50",2671,0,14843
Data,Ocup,Opção,Cheg,Oferta/Uso Interno,Deduz. Individ.,Deduz. Grupos,% Ocup.,Receita Quartos,Preço Médio,Saídas,Quartos FdS,Adul. / Cri.,setembro,Previsão,12-set-2026 sáb,2,16,2,0,0,1,1,"13,33","318,48","17,69",18,0,3,344,946,132,0,0,113,231,"31,85","54 486,86","42,24",126,0,683,Total set,344,946,132,0,0,113,231,"31,85","54 486,86","42,24",126,0,683,Total,7589,3882,2545,0,0,6037,1552,"11,64","831 690,39","72,50",2671,0,14843
Data,Ocup,Opção,Cheg,Oferta/Uso Interno,Deduz. Individ.,Deduz. Grupos,% Ocup.,Receita Quartos,Preço Médio,Saídas,Quartos FdS,Adul. / Cri.,setembro,Previsão,13-set-2026 dom,1,35,0,0,0,1,0,"26,67","194,72","5,41",1,0,2,344,946,132,0,0,113,231,"31,85","54 486,86","42,24",126,0,683,Total set,344,946,132,0,0,113,231,"31,85","54 486,86","42,24",126,0,683,Total,7589,3882,2545,0,0,6037,1552,"11,64","831 690,39","72,50",2671,0,14843
Data,Ocup,Opção,Cheg,Oferta/Uso Interno,Deduz. Individ.,Deduz. Grupos,% Ocup.,Receita Quartos,Preço Médio,Saídas,Quartos FdS,Adul. / Cri.,setembro,Previsão,14-set-2026 seg,1,35,0,0,0,1,0,"26,67","194,72","5,41",0,0,2,344,946,132,0,0,113,231,"31,85","54 486,86","42,24",126,0,683,Total set,344,946,132,0,0,113,231,"31,85","54 486,86","42,24",126,0,683,Total,7589,3882,2545,0,0,6037,1552,"11,64","831 690,39","72,50",2671,0,14843
Data,Ocup,Opção,Cheg,Oferta/Uso Interno,Deduz. Individ.,Deduz. Grupos,% Ocup.,Receita Quartos,Preço Médio,Saídas,Quartos FdS,Adul. / Cri.,setembro,Previsão,15-set-2026 ter,2,26,2,0,0,1,1,"20,74","309,26","11,05",1,0,3,344,946,132,0,0,113,231,"31,85","54 486,86","42,24",126,0,683,Total set,344,946,132,0,0,113,231,"31,85","54 486,86","42,24",126,0,683,Total,7589,3882,2545,0,0,6037,1552,"11,64","831 690,39","72,50",2671,0,14843
Data,Ocup,Opção,Cheg,Oferta/Uso Interno,Deduz. Individ.,Deduz. Grupos,% Ocup.,Receita Quartos,Preço Médio,Saídas,Quartos FdS,Adul. / Cri.,setembro,Previsão,16-set-2026 qua,18,13,17,0,0,1,17,"22,96","2 588,83","83,51",1,0,35,344,946,132,0,0,113,231,"31,85","54 486,86","42,24",126,0,683,Total set,344,946,132,0,0,113,231,"31,85","54 486,86","42,24",126,0,683,Total,7589,3882,2545,0,0,6037,1552,"11,64","831 690,39","72,50",2671,0,14843
Data,Ocup,Opção,Cheg,Oferta/Uso Interno,Deduz. Individ.,Deduz. Grupos,% Ocup.,Receita Quartos,Preço Médio,Saídas,Quartos FdS,Adul. / Cri.,setembro,Previsão,17-set-2026 qui,20,16,2,0,0,2,18,"26,67","2 900,28","80,56",0,0,38,344,946,132,0,0,113,231,"31,85","54 486,86","42,24",126,0,683,Total set,344,946,132,0,0,113,231,"31,85","54 486,86","42,24",126,0,683,Total,7589,3882,2545,0,0,6037,1552,"11,64","831 690,39","72,50",2671,0,14843
Data,Ocup,Opção,Cheg,Oferta/Uso Interno,Deduz. Individ.,Deduz. Grupos,% Ocup.,Receita Quartos,Preço Médio,Saídas,Quartos FdS,Adul. / Cri.,setembro,Previsão,18-set-2026 sex,28,13,10,0,0,11,17,"30,37","5 060,82","123,43",2,0,60,344,946,132,0,0,113,231,"31,85","54 486,86","42,24",126,0,683,Total set,344,946,132,0,0,113,231,"31,85","54 486,86","42,24",126,0,683,Total,7589,3882,2545,0,0,6037,1552,"11,64","831 690,39","72,50",2671,0,14843
Data,Ocup,Opção,Cheg,Oferta/Uso Interno,Deduz. Individ.,Deduz. Grupos,% Ocup.,Receita Quartos,Preço Médio,Saídas,Quartos FdS,Adul. / Cri.,setembro,Previsão,19-set-2026 sáb,11,17,1,0,0,11,0,"20,74","2 827,47","100,98",18,0,28,344,946,132,0,0,113,231,"31,85","54 486,86","42,24",126,0,683,Total set,344,946,132,0,0,113,231,"31,85","54 486,86","42,24",126,0,683,Total,7589,3882,2545,0,0,6037,1552,"11,64","831 690,39","72,50",2671,0,14843
Data,Ocup,Opção,Cheg,Oferta/Uso Interno,Deduz. Individ.,Deduz. Grupos,% Ocup.,Receita Quartos,Preço Médio,Saídas,Quartos FdS,Adul. / Cri.,setembro,Previsão,20-set-2026 dom,11,35,0,0,0,11,0,"34,07","2 633,23","57,24",0,0,28,344,946,132,0,0,113,231,"31,85","54 486,86","42,24",126,0,683,Total set,344,946,132,0,0,113,231,"31,85","54 486,86","42,24",126,0,683,Total,7589,3882,2545,0,0,6037,1552,"11,64","831 690,39","72,50",2671,0,14843
Data,Ocup,Opção,Cheg,Oferta/Uso Interno,Deduz. Individ.,Deduz. Grupos,% Ocup.,Receita Quartos,Preço Médio,Saídas,Quartos FdS,Adul. / Cri.,setembro,Previsão,21-set-2026 seg,1,35,1,0,0,1,0,"26,67","219,79","6,11",11,0,2,344,946,132,0,0,113,231,"31,85","54 486,86","42,24",126,0,683,Total set,344,946,132,0,0,113,231,"31,85","54 486,86","42,24",126,0,683,Total,7589,3882,2545,0,0,6037,1552,"11,64","831 690,39","72,50",2671,0,14843
Data,Ocup,Opção,Cheg,Oferta/Uso Interno,Deduz. Individ.,Deduz. Grupos,% Ocup.,Receita Quartos,Preço Médio,Saídas,Quartos FdS,Adul. / Cri.,setembro,Previsão,22-set-2026 ter,4,46,3,0,0,3,1,"37,04","611,35","12,23",0,0,7,344,946,132,0,0,113,231,"31,85","54 486,86","42,24",126,0,683,Total set,344,946,132,0,0,113,231,"31,85","54 486,86","42,24",126,0,683,Total,7589,3882,2545,0,0,6037,1552,"11,64","831 690,39","72,50",2671,0,14843
Data,Ocup,Opção,Cheg,Oferta/Uso Interno,Deduz. Individ.,Deduz. Grupos,% Ocup.,Receita Quartos,Preço Médio,Saídas,Quartos FdS,Adul. / Cri.,setembro,Previsão,23-set-2026 qua,21,33,18,0,0,4,17,"40,00","3 036,97","56,24",1,0,41,344,946,132,0,0,113,231,"31,85","54 486,86","42,24",126,0,683,Total set,344,946,132,0,0,113,231,"31,85","54 486,86","42,24",126,0,683,Total,7589,3882,2545,0,0,6037,1552,"11,64","831 690,39","72,50",2671,0,14843
Data,Ocup,Opção,Cheg,Oferta/Uso Interno,Deduz. Individ.,Deduz. Grupos,% Ocup.,Receita Quartos,Preço Médio,Saídas,Quartos FdS,Adul. / Cri.,setembro,Previsão,24-set-2026 qui,22,37,2,0,0,5,17,"43,70","3 130,01","53,05",1,0,43,344,946,132,0,0,113,231,"31,85","54 486,86","42,24",126,0,683,Total set,344,946,132,0,0,113,231,"31,85","54 486,86","42,24",126,0,683,Total,7589,3882,2545,0,0,6037,1552,"11,64","831 690,39","72,50",2671,0,14843
Data,Ocup,Opção,Cheg,Oferta/Uso Interno,Deduz. Individ.,Deduz. Grupos,% Ocup.,Receita Quartos,Preço Médio,Saídas,Quartos FdS,Adul. / Cri.,setembro,Previsão,25-set-2026 sex,23,33,2,0,0,6,17,"41,48","3 410,35","60,90",1,0,45,344,946,132,0,0,113,231,"31,85","54 486,86","42,24",126,0,683,Total set,344,946,132,0,0,113,231,"31,85","54 486,86","42,24",126,0,683,Total,7589,3882,2545,0,0,6037,1552,"11,64","831 690,39","72,50",2671,0,14843
Data,Ocup,Opção,Cheg,Oferta/Uso Interno,Deduz. Individ.,Deduz. Grupos,% Ocup.,Receita Quartos,Preço Médio,Saídas,Quartos FdS,Adul. / Cri.,setembro,Previsão,26-set-2026 sáb,5,14,2,0,0,3,2,"14,07","655,38","34,49",20,0,10,344,946,132,0,0,113,231,"31,85","54 486,86","42,24",126,0,683,Total set,344,946,132,0,0,113,231,"31,85","54 486,86","42,24",126,0,683,Total,7589,3882,2545,0,0,6037,1552,"11,64","831 690,39","72,50",2671,0,14843
Data,Ocup,Opção,Cheg,Oferta/Uso Interno,Deduz. Individ.,Deduz. Grupos,% Ocup.,Receita Quartos,Preço Médio,Saídas,Quartos FdS,Adul. / Cri.,setembro,Previsão,27-set-2026 dom,0,36,0,0,0,0,0,"26,67",-,-,5,0,0,344,946,132,0,0,113,231,"31,85","54 486,86","42,24",126,0,683,Total set,344,946,132,0,0,113,231,"31,85","54 486,86","42,24",126,0,683,Total,7589,3882,2545,0,0,6037,1552,"11,64","831 690,39","72,50",2671,0,14843
Data,Ocup,Opção,Cheg,Oferta/Uso Interno,Deduz. Individ.,Deduz. Grupos,% Ocup.,Receita Quartos,Preço Médio,Saídas,Quartos FdS,Adul. / Cri.,setembro,Previsão,28-set-2026 seg,3,56,3,0,0,3,0,"43,70","557,89","9,46",0,0,6,344,946,132,0,0,113,231,"31,85","54 486,86","42,24",126,0,683,Total set,344,946,132,0,0,113,231,"31,85","54 486,86","42,24",126,0,683,Total,7589,3882,2545,0,0,6037,1552,"11,64","831 690,39","72,50",2671,0,14843
Data,Ocup,Opção,Cheg,Oferta/Uso Interno,Deduz. Individ.,Deduz. Grupos,% Ocup.,Receita Quartos,Preço Médio,Saídas,Quartos FdS,Adul. / Cri.,setembro,Previsão,29-set-2026 ter,3,69,1,0,0,2,1,"53,33","656,10","9,11",1,0,5,344,946,132,0,0,113,231,"31,85","54 486,86","42,24",126,0,683,Total set,344,946,132,0,0,113,231,"31,85","54 486,86","42,24",126,0,683,Total,7589,3882,2545,0,0,6037,1552,"11,64","831 690,39","72,50",2671,0,14843
Data,Ocup,Opção,Cheg,Oferta/Uso Interno,Deduz. Individ.,Deduz. Grupos,% Ocup.,Receita Quartos,Preço Médio,Saídas,Quartos FdS,Adul. / Cri.,setembro,Previsão,30-set-2026 qua,17,55,16,0,0,0,17,"53,33","2 494,59","34,65",2,0,33,344,946,132,0,0,113,231,"31,85","54 486,86","42,24",126,0,683,Total set,344,946,132,0,0,113,231,"31,85","54 486,86","42,24",126,0,683,Total,7589,3882,2545,0,0,6037,1552,"11,64","831 690,39","72,50",2671,0,14843
Data,Ocup,Opção,Cheg,Oferta/Uso Interno,Deduz. Individ.,Deduz. Grupos,% Ocup.,Receita Quartos,Preço Médio,Saídas,Quartos FdS,Adul. / Cri.,outubro,Previsão,01-out-2026 qui,17,39,0,0,0,0,17,"41,48","2 494,59","44,55",0,0,33,310,486,101,0,0,67,243,"19,02","46 628,79","58,58",118,0,610,Total out,310,486,101,0,0,67,243,"19,02","46 628,79","58,58",118,0,610,Total,7589,3882,2545,0,0,6037,1552,"11,64","831 690,39","72,50",2671,0,14843
Data,Ocup,Opção,Cheg,Oferta/Uso Interno,Deduz. Individ.,Deduz. Grupos,% Ocup.,Receita Quartos,Preço Médio,Saídas,Quartos FdS,Adul. / Cri.,outubro,Previsão,02-out-2026 sex,17,13,0,0,0,0,17,"22,22","2 494,59","83,15",0,0,33,310,486,101,0,0,67,243,"19,02","46 628,79","58,58",118,0,610,Total out,310,486,101,0,0,67,243,"19,02","46 628,79","58,58",118,0,610,Total,7589,3882,2545,0,0,6037,1552,"11,64","831 690,39","72,50",2671,0,14843
Data,Ocup,Opção,Cheg,Oferta/Uso Interno,Deduz. Individ.,Deduz. Grupos,% Ocup.,Receita Quartos,Preço Médio,Saídas,Quartos FdS,Adul. / Cri.,outubro,Previsão,03-out-2026 sáb,0,18,0,0,0,0,0,"13,33",-,-,17,0,0,310,486,101,0,0,67,243,"19,02","46 628,79","58,58",118,0,610,Total out,310,486,101,0,0,67,243,"19,02","46 628,79","58,58",118,0,610,Total,7589,3882,2545,0,0,6037,1552,"11,64","831 690,39","72,50",2671,0,14843
Data,Ocup,Opção,Cheg,Oferta/Uso Interno,Deduz. Individ.,Deduz. Grupos,% Ocup.,Receita Quartos,Preço Médio,Saídas,Quartos FdS,Adul. / Cri.,outubro,Previsão,04-out-2026 dom,2,14,2,0,0,2,0,"11,85","359,21","22,45",0,0,4,310,486,101,0,0,67,243,"19,02","46 628,79","58,58",118,0,610,Total out,310,486,101,0,0,67,243,"19,02","46 628,79","58,58",118,0,610,Total,7589,3882,2545,0,0,6037,1552,"11,64","831 690,39","72,50",2671,0,14843
Data,Ocup,Opção,Cheg,Oferta/Uso Interno,Deduz. Individ.,Deduz. Grupos,% Ocup.,Receita Quartos,Preço Médio,Saídas,Quartos FdS,Adul. / Cri.,outubro,Previsão,05-out-2026 seg,9,14,7,0,0,9,0,"17,04","1 459,99","63,48",0,0,15,310,486,101,0,0,67,243,"19,02","46 628,79","58,58",118,0,610,Total out,310,486,101,0,0,67,243,"19,02","46 628,79","58,58",118,0,610,Total,7589,3882,2545,0,0,6037,1552,"11,64","831 690,39","72,50",2671,0,14843
Data,Ocup,Opção,Cheg,Oferta/Uso Interno,Deduz. Individ.,Deduz. Grupos,% Ocup.,Receita Quartos,Preço Médio,Saídas,Quartos FdS,Adul. / Cri.,outubro,Previsão,06-out-2026 ter,12,5,3,0,0,10,2,"12,59","1 867,49","109,85",0,0,20,310,486,101,0,0,67,243,"19,02","46 628,79","58,58",118,0,610,Total out,310,486,101,0,0,67,243,"19,02","46 628,79","58,58",118,0,610,Total,7589,3882,2545,0,0,6037,1552,"11,64","831 690,39","72,50",2671,0,14843
Data,Ocup,Opção,Cheg,Oferta/Uso Interno,Deduz. Individ.,Deduz. Grupos,% Ocup.,Receita Quartos,Preço Médio,Saídas,Quartos FdS,Adul. / Cri.,outubro,Previsão,07-out-2026 qua,18,14,17,0,0,1,17,"23,70","2 603,73","81,37",11,0,35,310,486,101,0,0,67,243,"19,02","46 628,79","58,58",118,0,610,Total out,310,486,101,0,0,67,243,"19,02","46 628,79","58,58",118,0,610,Total,7589,3882,2545,0,0,6037,1552,"11,64","831 690,39","72,50",2671,0,14843
Data,Ocup,Opção,Cheg,Oferta/Uso Interno,Deduz. Individ.,Deduz. Grupos,% Ocup.,Receita Quartos,Preço Médio,Saídas,Quartos FdS,Adul. / Cri.,outubro,Previsão,08-out-2026 qui,18,18,0,0,0,1,17,"26,67","2 603,73","72,33",0,0,35,310,486,101,0,0,67,243,"19,02","46 628,79","58,58",118,0,610,Total out,310,486,101,0,0,67,243,"19,02","46 628,79","58,58",118,0,610,Total,7589,3882,2545,0,0,6037,1552,"11,64","831 690,39","72,50",2671,0,14843
Data,Ocup,Opção,Cheg,Oferta/Uso Interno,Deduz. Individ.,Deduz. Grupos,% Ocup.,Receita Quartos,Preço Médio,Saídas,Quartos FdS,Adul. / Cri.,outubro,Previsão,09-out-2026 sex,19,14,1,0,0,2,17,"24,44","2 759,91","83,63",0,0,37,310,486,101,0,0,67,243,"19,02","46 628,79","58,58",118,0,610,Total out,310,486,101,0,0,67,243,"19,02","46 628,79","58,58",118,0,610,Total,7589,3882,2545,0,0,6037,1552,"11,64","831 690,39","72,50",2671,0,14843
Data,Ocup,Opção,Cheg,Oferta/Uso Interno,Deduz. Individ.,Deduz. Grupos,% Ocup.,Receita Quartos,Preço Médio,Saídas,Quartos FdS,Adul. / Cri.,outubro,Previsão,10-out-2026 sáb,5,48,4,0,0,5,0,"39,26","1 525,96","28,79",18,0,17,310,486,101,0,0,67,243,"19,02","46 628,79","58,58",118,0,610,Total out,310,486,101,0,0,67,243,"19,02","46 628,79","58,58",118,0,610,Total,7589,3882,2545,0,0,6037,1552,"11,64","831 690,39","72,50",2671,0,14843
Data,Ocup,Opção,Cheg,Oferta/Uso Interno,Deduz. Individ.,Deduz. Grupos,% Ocup.,Receita Quartos,Preço Médio,Saídas,Quartos FdS,Adul. / Cri.,outubro,Previsão,11-out-2026 dom,4,44,0,0,0,4,0,"35,56","1 273,21","26,53",1,0,15,310,486,101,0,0,67,243,"19,02","46 628,79","58,58",118,0,610,Total out,310,486,101,0,0,67,243,"19,02","46 628,79","58,58",118,0,610,Total,7589,3882,2545,0,0,6037,1552,"11,64","831 690,39","72,50",2671,0,14843
Data,Ocup,Opção,Cheg,Oferta/Uso Interno,Deduz. Individ.,Deduz. Grupos,% Ocup.,Receita Quartos,Preço Médio,Saídas,Quartos FdS,Adul. / Cri.,outubro,Previsão,12-out-2026 seg,0,44,0,0,0,0,0,"32,59",-,-,4,0,0,310,486,101,0,0,67,243,"19,02","46 628,79","58,58",118,0,610,Total out,310,486,101,0,0,67,243,"19,02","46 628,79","58,58",118,0,610,Total,7589,3882,2545,0,0,6037,1552,"11,64","831 690,39","72,50",2671,0,14843
Data,Ocup,Opção,Cheg,Oferta/Uso Interno,Deduz. Individ.,Deduz. Grupos,% Ocup.,Receita Quartos,Preço Médio,Saídas,Quartos FdS,Adul. / Cri.,outubro,Previsão,13-out-2026 ter,4,35,4,0,0,3,1,"28,89","600,91","15,41",0,0,7,310,486,101,0,0,67,243,"19,02","46 628,79","58,58",118,0,610,Total out,310,486,101,0,0,67,243,"19,02","46 628,79","58,58",118,0,610,Total,7589,3882,2545,0,0,6037,1552,"11,64","831 690,39","72,50",2671,0,14843
Data,Ocup,Opção,Cheg,Oferta/Uso Interno,Deduz. Individ.,Deduz. Grupos,% Ocup.,Receita Quartos,Preço Médio,Saídas,Quartos FdS,Adul. / Cri.,outubro,Previsão,14-out-2026 qua,18,14,16,0,0,1,17,"23,70","2 607,75","81,49",2,0,35,310,486,101,0,0,67,243,"19,02","46 628,79","58,58",118,0,610,Total out,310,486,101,0,0,67,243,"19,02","46 628,79","58,58",118,0,610,Total,7589,3882,2545,0,0,6037,1552,"11,64","831 690,39","72,50",2671,0,14843
Data,Ocup,Opção,Cheg,Oferta/Uso Interno,Deduz. Individ.,Deduz. Grupos,% Ocup.,Receita Quartos,Preço Médio,Saídas,Quartos FdS,Adul. / Cri.,outubro,Previsão,15-out-2026 qui,17,19,0,0,0,0,17,"26,67","2 494,59","69,29",1,0,33,310,486,101,0,0,67,243,"19,02","46 628,79","58,58",118,0,610,Total out,310,486,101,0,0,67,243,"19,02","46 628,79","58,58",118,0,610,Total,7589,3882,2545,0,0,6037,1552,"11,64","831 690,39","72,50",2671,0,14843
Data,Ocup,Opção,Cheg,Oferta/Uso Interno,Deduz. Individ.,Deduz. Grupos,% Ocup.,Receita Quartos,Preço Médio,Saídas,Quartos FdS,Adul. / Cri.,outubro,Previsão,16-out-2026 sex,19,15,2,0,0,2,17,"25,19","2 833,37","83,33",0,0,37,310,486,101,0,0,67,243,"19,02","46 628,79","58,58",118,0,610,Total out,310,486,101,0,0,67,243,"19,02","46 628,79","58,58",118,0,610,Total,7589,3882,2545,0,0,6037,1552,"11,64","831 690,39","72,50",2671,0,14843
Data,Ocup,Opção,Cheg,Oferta/Uso Interno,Deduz. Individ.,Deduz. Grupos,% Ocup.,Receita Quartos,Preço Médio,Saídas,Quartos FdS,Adul. / Cri.,outubro,Previsão,17-out-2026 sáb,2,18,0,0,0,2,0,"14,81","338,77","16,94",17,0,4,310,486,101,0,0,67,243,"19,02","46 628,79","58,58",118,0,610,Total out,310,486,101,0,0,67,243,"19,02","46 628,79","58,58",118,0,610,Total,7589,3882,2545,0,0,6037,1552,"11,64","831 690,39","72,50",2671,0,14843
Data,Ocup,Opção,Cheg,Oferta/Uso Interno,Deduz. Individ.,Deduz. Grupos,% Ocup.,Receita Quartos,Preço Médio,Saídas,Quartos FdS,Adul. / Cri.,outubro,Previsão,18-out-2026 dom,2,14,2,0,0,2,0,"11,85","204,28","12,77",2,0,4,310,486,101,0,0,67,243,"19,02","46 628,79","58,58",118,0,610,Total out,310,486,101,0,0,67,243,"19,02","46 628,79","58,58",118,0,610,Total,7589,3882,2545,0,0,6037,1552,"11,64","831 690,39","72,50",2671,0,14843
Data,Ocup,Opção,Cheg,Oferta/Uso Interno,Deduz. Individ.,Deduz. Grupos,% Ocup.,Receita Quartos,Preço Médio,Saídas,Quartos FdS,Adul. / Cri.,outubro,Previsão,19-out-2026 seg,4,13,2,0,0,4,0,"12,59","422,55","24,86",0,0,8,310,486,101,0,0,67,243,"19,02","46 628,79","58,58",118,0,610,Total out,310,486,101,0,0,67,243,"19,02","46 628,79","58,58",118,0,610,Total,7589,3882,2545,0,0,6037,1552,"11,64","831 690,39","72,50",2671,0,14843
Data,Ocup,Opção,Cheg,Oferta/Uso Interno,Deduz. Individ.,Deduz. Grupos,% Ocup.,Receita Quartos,Preço Médio,Saídas,Quartos FdS,Adul. / Cri.,outubro,Previsão,20-out-2026 ter,8,0,5,0,0,7,1,"5,93","1 081,46","135,18",1,0,15,310,486,101,0,0,67,243,"19,02","46 628,79","58,58",118,0,610,Total out,310,486,101,0,0,67,243,"19,02","46 628,79","58,58",118,0,610,Total,7589,3882,2545,0,0,6037,1552,"11,64","831 690,39","72,50",2671,0,14843
Data,Ocup,Opção,Cheg,Oferta/Uso Interno,Deduz. Individ.,Deduz. Grupos,% Ocup.,Receita Quartos,Preço Médio,Saídas,Quartos FdS,Adul. / Cri.,outubro,Previsão,21-out-2026 qua,20,0,17,0,0,3,17,"14,81","2 821,99","141,10",5,0,39,310,486,101,0,0,67,243,"19,02","46 628,79","58,58",118,0,610,Total out,310,486,101,0,0,67,243,"19,02","46 628,79","58,58",118,0,610,Total,7589,3882,2545,0,0,6037,1552,"11,64","831 690,39","72,50",2671,0,14843
Data,Ocup,Opção,Cheg,Oferta/Uso Interno,Deduz. Individ.,Deduz. Grupos,% Ocup.,Receita Quartos,Preço Médio,Saídas,Quartos FdS,Adul. / Cri.,outubro,Previsão,22-out-2026 qui,19,4,1,0,0,2,17,"17,04","2 763,35","120,15",2,0,37,310,486,101,0,0,67,243,"19,02","46 628,79","58,58",118,0,610,Total out,310,486,101,0,0,67,243,"19,02","46 628,79","58,58",118,0,610,Total,7589,3882,2545,0,0,6037,1552,"11,64","831 690,39","72,50",2671,0,14843
Data,Ocup,Opção,Cheg,Oferta/Uso Interno,Deduz. Individ.,Deduz. Grupos,% Ocup.,Receita Quartos,Preço Médio,Saídas,Quartos FdS,Adul. / Cri.,outubro,Previsão,23-out-2026 sex,19,13,0,0,0,2,17,"23,70","2 772,41","86,64",0,0,37,310,486,101,0,0,67,243,"19,02","46 628,79","58,58",118,0,610,Total out,310,486,101,0,0,67,243,"19,02","46 628,79","58,58",118,0,610,Total,7589,3882,2545,0,0,6037,1552,"11,64","831 690,39","72,50",2671,0,14843
Data,Ocup,Opção,Cheg,Oferta/Uso Interno,Deduz. Individ.,Deduz. Grupos,% Ocup.,Receita Quartos,Preço Médio,Saídas,Quartos FdS,Adul. / Cri.,outubro,Previsão,24-out-2026 sáb,1,17,0,0,0,1,0,"13,33","146,04","8,11",18,0,2,310,486,101,0,0,67,243,"19,02","46 628,79","58,58",118,0,610,Total out,310,486,101,0,0,67,243,"19,02","46 628,79","58,58",118,0,610,Total,7589,3882,2545,0,0,6037,1552,"11,64","831 690,39","72,50",2671,0,14843
Data,Ocup,Opção,Cheg,Oferta/Uso Interno,Deduz. Individ.,Deduz. Grupos,% Ocup.,Receita Quartos,Preço Médio,Saídas,Quartos FdS,Adul. / Cri.,outubro,Previsão,25-out-2026 dom,1,26,0,0,0,1,0,"20,00","146,04","5,41",0,0,2,310,486,101,0,0,67,243,"19,02","46 628,79","58,58",118,0,610,Total out,310,486,101,0,0,67,243,"19,02","46 628,79","58,58",118,0,610,Total,7589,3882,2545,0,0,6037,1552,"11,64","831 690,39","72,50",2671,0,14843
Data,Ocup,Opção,Cheg,Oferta/Uso Interno,Deduz. Individ.,Deduz. Grupos,% Ocup.,Receita Quartos,Preço Médio,Saídas,Quartos FdS,Adul. / Cri.,outubro,Previsão,26-out-2026 seg,0,13,0,0,0,0,0,"9,63",-,-,1,0,0,310,486,101,0,0,67,243,"19,02","46 628,79","58,58",118,0,610,Total out,310,486,101,0,0,67,243,"19,02","46 628,79","58,58",118,0,610,Total,7589,3882,2545,0,0,6037,1552,"11,64","831 690,39","72,50",2671,0,14843
Data,Ocup,Opção,Cheg,Oferta/Uso Interno,Deduz. Individ.,Deduz. Grupos,% Ocup.,Receita Quartos,Preço Médio,Saídas,Quartos FdS,Adul. / Cri.,outubro,Previsão,27-out-2026 ter,2,0,2,0,0,1,1,"1,48","250,82","125,41",0,0,3,310,486,101,0,0,67,243,"19,02","46 628,79","58,58",118,0,610,Total out,310,486,101,0,0,67,243,"19,02","46 628,79","58,58",118,0,610,Total,7589,3882,2545,0,0,6037,1552,"11,64","831 690,39","72,50",2671,0,14843
Data,Ocup,Opção,Cheg,Oferta/Uso Interno,Deduz. Individ.,Deduz. Grupos,% Ocup.,Receita Quartos,Preço Médio,Saídas,Quartos FdS,Adul. / Cri.,outubro,Previsão,28-out-2026 qua,18,0,16,0,0,1,17,"13,33","2 603,73","144,65",0,0,35,310,486,101,0,0,67,243,"19,02","46 628,79","58,58",118,0,610,Total out,310,486,101,0,0,67,243,"19,02","46 628,79","58,58",118,0,610,Total,7589,3882,2545,0,0,6037,1552,"11,64","831 690,39","72,50",2671,0,14843
Data,Ocup,Opção,Cheg,Oferta/Uso Interno,Deduz. Individ.,Deduz. Grupos,% Ocup.,Receita Quartos,Preço Médio,Saídas,Quartos FdS,Adul. / Cri.,outubro,Previsão,29-out-2026 qui,18,0,0,0,0,1,17,"13,33","2 603,73","144,65",0,0,35,310,486,101,0,0,67,243,"19,02","46 628,79","58,58",118,0,610,Total out,310,486,101,0,0,67,243,"19,02","46 628,79","58,58",118,0,610,Total,7589,3882,2545,0,0,6037,1552,"11,64","831 690,39","72,50",2671,0,14843
Data,Ocup,Opção,Cheg,Oferta/Uso Interno,Deduz. Individ.,Deduz. Grupos,% Ocup.,Receita Quartos,Preço Médio,Saídas,Quartos FdS,Adul. / Cri.,outubro,Previsão,30-out-2026 sex,17,0,0,0,0,0,17,"12,59","2 494,59","146,74",1,0,33,310,486,101,0,0,67,243,"19,02","46 628,79","58,58",118,0,610,Total out,310,486,101,0,0,67,243,"19,02","46 628,79","58,58",118,0,610,Total,7589,3882,2545,0,0,6037,1552,"11,64","831 690,39","72,50",2671,0,14843
Data,Ocup,Opção,Cheg,Oferta/Uso Interno,Deduz. Individ.,Deduz. Grupos,% Ocup.,Receita Quartos,Preço Médio,Saídas,Quartos FdS,Adul. / Cri.,outubro,Previsão,31-out-2026 sáb,0,0,0,0,0,0,0,-,-,NaN,17,0,0,310,486,101,0,0,67,243,"19,02","46 628,79","58,58",118,0,610,Total out,310,486,101,0,0,67,243,"19,02","46 628,79","58,58",118,0,610,Total,7589,3882,2545,0,0,6037,1552,"11,64","831 690,39","72,50",2671,0,14843
Data,Ocup,Opção,Cheg,Oferta/Uso Interno,Deduz. Individ.,Deduz. Grupos,% Ocup.,Receita Quartos,Preço Médio,Saídas,Quartos FdS,Adul. / Cri.,novembro,Previsão,01-nov-2026 dom,1,0,1,0,0,1,0,"0,74","79,70","79,70",0,0,2,14,147,5,0,0,14,0,"3,98","1 457,61","9,05",5,0,23,Total nov,14,147,5,0,0,14,0,"3,98","1 457,61","9,05",5,0,23,Total,7589,3882,2545,0,0,6037,1552,"11,64","831 690,39","72,50",2671,0,14843
Data,Ocup,Opção,Cheg,Oferta/Uso Interno,Deduz. Individ.,Deduz. Grupos,% Ocup.,Receita Quartos,Preço Médio,Saídas,Quartos FdS,Adul. / Cri.,novembro,Previsão,02-nov-2026 seg,1,0,0,0,0,1,0,"0,74","79,70","79,70",0,0,2,14,147,5,0,0,14,0,"3,98","1 457,61","9,05",5,0,23,Total nov,14,147,5,0,0,14,0,"3,98","1 457,61","9,05",5,0,23,Total,7589,3882,2545,0,0,6037,1552,"11,64","831 690,39","72,50",2671,0,14843
Data,Ocup,Opção,Cheg,Oferta/Uso Interno,Deduz. Individ.,Deduz. Grupos,% Ocup.,Receita Quartos,Preço Médio,Saídas,Quartos FdS,Adul. / Cri.,novembro,Previsão,03-nov-2026 ter,1,0,0,0,0,1,0,"0,74","79,70","79,70",0,0,2,14,147,5,0,0,14,0,"3,98","1 457,61","9,05",5,0,23,Total nov,14,147,5,0,0,14,0,"3,98","1 457,61","9,05",5,0,23,Total,7589,3882,2545,0,0,6037,1552,"11,64","831 690,39","72,50",2671,0,14843
Data,Ocup,Opção,Cheg,Oferta/Uso Interno,Deduz. Individ.,Deduz. Grupos,% Ocup.,Receita Quartos,Preço Médio,Saídas,Quartos FdS,Adul. / Cri.,novembro,Previsão,04-nov-2026 qua,1,0,0,0,0,1,0,"0,74","79,70","79,70",0,0,2,14,147,5,0,0,14,0,"3,98","1 457,61","9,05",5,0,23,Total nov,14,147,5,0,0,14,0,"3,98","1 457,61","9,05",5,0,23,Total,7589,3882,2545,0,0,6037,1552,"11,64","831 690,39","72,50",2671,0,14843
Data,Ocup,Opção,Cheg,Oferta/Uso Interno,Deduz. Individ.,Deduz. Grupos,% Ocup.,Receita Quartos,Preço Médio,Saídas,Quartos FdS,Adul. / Cri.,novembro,Previsão,05-nov-2026 qui,0,0,0,0,0,0,0,-,-,NaN,1,0,0,14,147,5,0,0,14,0,"3,98","1 457,61","9,05",5,0,23,Total nov,14,147,5,0,0,14,0,"3,98","1 457,61","9,05",5,0,23,Total,7589,3882,2545,0,0,6037,1552,"11,64","831 690,39","72,50",2671,0,14843
Data,Ocup,Opção,Cheg,Oferta/Uso Interno,Deduz. Individ.,Deduz. Grupos,% Ocup.,Receita Quartos,Preço Médio,Saídas,Quartos FdS,Adul. / Cri.,novembro,Previsão,06-nov-2026 sex,1,0,1,0,0,1,0,"0,74","127,02","127,02",0,0,1,14,147,5,0,0,14,0,"3,98","1 457,61","9,05",5,0,23,Total nov,14,147,5,0,0,14,0,"3,98","1 457,61","9,05",5,0,23,Total,7589,3882,2545,0,0,6037,1552,"11,64","831 690,39","72,50",2671,0,14843
Data,Ocup,Opção,Cheg,Oferta/Uso Interno,Deduz. Individ.,Deduz. Grupos,% Ocup.,Receita Quartos,Preço Médio,Saídas,Quartos FdS,Adul. / Cri.,novembro,Previsão,07-nov-2026 sáb,1,0,0,0,0,1,0,"0,74","127,02","127,02",0,0,1,14,147,5,0,0,14,0,"3,98","1 457,61","9,05",5,0,23,Total nov,14,147,5,0,0,14,0,"3,98","1 457,61","9,05",5,0,23,Total,7589,3882,2545,0,0,6037,1552,"11,64","831 690,39","72,50",2671,0,14843
Data,Ocup,Opção,Cheg,Oferta/Uso Interno,Deduz. Individ.,Deduz. Grupos,% Ocup.,Receita Quartos,Preço Médio,Saídas,Quartos FdS,Adul. / Cri.,novembro,Previsão,08-nov-2026 dom,1,0,0,0,0,1,0,"0,74","112,58","112,58",0,0,1,14,147,5,0,0,14,0,"3,98","1 457,61","9,05",5,0,23,Total nov,14,147,5,0,0,14,0,"3,98","1 457,61","9,05",5,0,23,Total,7589,3882,2545,0,0,6037,1552,"11,64","831 690,39","72,50",2671,0,14843
Data,Ocup,Opção,Cheg,Oferta/Uso Interno,Deduz. Individ.,Deduz. Grupos,% Ocup.,Receita Quartos,Preço Médio,Saídas,Quartos FdS,Adul. / Cri.,novembro,Previsão,09-nov-2026 seg,0,0,0,0,0,0,0,-,-,NaN,1,0,0,14,147,5,0,0,14,0,"3,98","1 457,61","9,05",5,0,23,Total nov,14,147,5,0,0,14,0,"3,98","1 457,61","9,05",5,0,23,Total,7589,3882,2545,0,0,6037,1552,"11,64","831 690,39","72,50",2671,0,14843
Data,Ocup,Opção,Cheg,Oferta/Uso Interno,Deduz. Individ.,Deduz. Grupos,% Ocup.,Receita Quartos,Preço Médio,Saídas,Quartos FdS,Adul. / Cri.,novembro,Previsão,10-nov-2026 ter,0,0,0,0,0,0,0,-,-,NaN,0,0,0,14,147,5,0,0,14,0,"3,98","1 457,61","9,05",5,0,23,Total nov,14,147,5,0,0,14,0,"3,98","1 457,61","9,05",5,0,23,Total,7589,3882,2545,0,0,6037,1552,"11,64","831 690,39","72,50",2671,0,14843
Data,Ocup,Opção,Cheg,Oferta/Uso Interno,Deduz. Individ.,Deduz. Grupos,% Ocup.,Receita Quartos,Preço Médio,Saídas,Quartos FdS,Adul. / Cri.,novembro,Previsão,11-nov-2026 qua,0,0,0,0,0,0,0,-,-,NaN,0,0,0,14,147,5,0,0,14,0,"3,98","1 457,61","9,05",5,0,23,Total nov,14,147,5,0,0,14,0,"3,98","1 457,61","9,05",5,0,23,Total,7589,3882,2545,0,0,6037,1552,"11,64","831 690,39","72,50",2671,0,14843
Data,Ocup,Opção,Cheg,Oferta/Uso Interno,Deduz. Individ.,Deduz. Grupos,% Ocup.,Receita Quartos,Preço Médio,Saídas,Quartos FdS,Adul. / Cri.,novembro,Previsão,12-nov-2026 qui,0,0,0,0,0,0,0,-,-,NaN,0,0,0,14,147,5,0,0,14,0,"3,98","1 457,61","9,05",5,0,23,Total nov,14,147,5,0,0,14,0,"3,98","1 457,61","9,05",5,0,23,Total,7589,3882,2545,0,0,6037,1552,"11,64","831 690,39","72,50",2671,0,14843
Data,Ocup,Opção,Cheg,Oferta/Uso Interno,Deduz. Individ.,Deduz. Grupos,% Ocup.,Receita Quartos,Preço Médio,Saídas,Quartos FdS,Adul. / Cri.,novembro,Previsão,13-nov-2026 sex,0,0,0,0,0,0,0,-,-,NaN,0,0,0,14,147,5,0,0,14,0,"3,98","1 457,61","9,05",5,0,23,Total nov,14,147,5,0,0,14,0,"3,98","1 457,61","9,05",5,0,23,Total,7589,3882,2545,0,0,6037,1552,"11,64","831 690,39","72,50",2671,0,14843
Data,Ocup,Opção,Cheg,Oferta/Uso Interno,Deduz. Individ.,Deduz. Grupos,% Ocup.,Receita Quartos,Preço Médio,Saídas,Quartos FdS,Adul. / Cri.,novembro,Previsão,14-nov-2026 sáb,0,11,0,0,0,0,0,"8,15",-,-,0,0,0,14,147,5,0,0,14,0,"3,98","1 457,61","9,05",5,0,23,Total nov,14,147,5,0,0,14,0,"3,98","1 457,61","9,05",5,0,23,Total,7589,3882,2545,0,0,6037,1552,"11,64","831 690,39","72,50",2671,0,14843
Data,Ocup,Opção,Cheg,Oferta/Uso Interno,Deduz. Individ.,Deduz. Grupos,% Ocup.,Receita Quartos,Preço Médio,Saídas,Quartos FdS,Adul. / Cri.,novembro,Previsão,15-nov-2026 dom,0,13,0,0,0,0,0,"9,63",-,-,0,0,0,14,147,5,0,0,14,0,"3,98","1 457,61","9,05",5,0,23,Total nov,14,147,5,0,0,14,0,"3,98","1 457,61","9,05",5,0,23,Total,7589,3882,2545,0,0,6037,1552,"11,64","831 690,39","72,50",2671,0,14843
Data,Ocup,Opção,Cheg,Oferta/Uso Interno,Deduz. Individ.,Deduz. Grupos,% Ocup.,Receita Quartos,Preço Médio,Saídas,Quartos FdS,Adul. / Cri.,novembro,Previsão,16-nov-2026 seg,0,33,0,0,0,0,0,"24,44",-,-,0,0,0,14,147,5,0,0,14,0,"3,98","1 457,61","9,05",5,0,23,Total nov,14,147,5,0,0,14,0,"3,98","1 457,61","9,05",5,0,23,Total,7589,3882,2545,0,0,6037,1552,"11,64","831 690,39","72,50",2671,0,14843
Data,Ocup,Opção,Cheg,Oferta/Uso Interno,Deduz. Individ.,Deduz. Grupos,% Ocup.,Receita Quartos,Preço Médio,Saídas,Quartos FdS,Adul. / Cri.,novembro,Previsão,17-nov-2026 ter,1,20,1,0,0,1,0,"15,56","132,45","6,31",0,0,2,14,147,5,0,0,14,0,"3,98","1 457,61","9,05",5,0,23,Total nov,14,147,5,0,0,14,0,"3,98","1 457,61","9,05",5,0,23,Total,7589,3882,2545,0,0,6037,1552,"11,64","831 690,39","72,50",2671,0,14843
Data,Ocup,Opção,Cheg,Oferta/Uso Interno,Deduz. Individ.,Deduz. Grupos,% Ocup.,Receita Quartos,Preço Médio,Saídas,Quartos FdS,Adul. / Cri.,novembro,Previsão,18-nov-2026 qua,1,20,0,0,0,1,0,"15,56","132,45","6,31",0,0,2,14,147,5,0,0,14,0,"3,98","1 457,61","9,05",5,0,23,Total nov,14,147,5,0,0,14,0,"3,98","1 457,61","9,05",5,0,23,Total,7589,3882,2545,0,0,6037,1552,"11,64","831 690,39","72,50",2671,0,14843
Data,Ocup,Opção,Cheg,Oferta/Uso Interno,Deduz. Individ.,Deduz. Grupos,% Ocup.,Receita Quartos,Preço Médio,Saídas,Quartos FdS,Adul. / Cri.,novembro,Previsão,19-nov-2026 qui,0,20,0,0,0,0,0,"14,81",-,-,1,0,0,14,147,5,0,0,14,0,"3,98","1 457,61","9,05",5,0,23,Total nov,14,147,5,0,0,14,0,"3,98","1 457,61","9,05",5,0,23,Total,7589,3882,2545,0,0,6037,1552,"11,64","831 690,39","72,50",2671,0,14843
Data,Ocup,Opção,Cheg,Oferta/Uso Interno,Deduz. Individ.,Deduz. Grupos,% Ocup.,Receita Quartos,Preço Médio,Saídas,Quartos FdS,Adul. / Cri.,novembro,Previsão,20-nov-2026 sex,0,0,0,0,0,0,0,-,-,NaN,0,0,0,14,147,5,0,0,14,0,"3,98","1 457,61","9,05",5,0,23,Total nov,14,147,5,0,0,14,0,"3,98","1 457,61","9,05",5,0,23,Total,7589,3882,2545,0,0,6037,1552,"11,64","831 690,39","72,50",2671,0,14843
Data,Ocup,Opção,Cheg,Oferta/Uso Interno,Deduz. Individ.,Deduz. Grupos,% Ocup.,Receita Quartos,Preço Médio,Saídas,Quartos FdS,Adul. / Cri.,novembro,Previsão,21-nov-2026 sáb,0,4,0,0,0,0,0,"2,96",-,-,0,0,0,14,147,5,0,0,14,0,"3,98","1 457,61","9,05",5,0,23,Total nov,14,147,5,0,0,14,0,"3,98","1 457,61","9,05",5,0,23,Total,7589,3882,2545,0,0,6037,1552,"11,64","831 690,39","72,50",2671,0,14843
Data,Ocup,Opção,Cheg,Oferta/Uso Interno,Deduz. Individ.,Deduz. Grupos,% Ocup.,Receita Quartos,Preço Médio,Saídas,Quartos FdS,Adul. / Cri.,novembro,Previsão,22-nov-2026 dom,0,13,0,0,0,0,0,"9,63",-,-,0,0,0,14,147,5,0,0,14,0,"3,98","1 457,61","9,05",5,0,23,Total nov,14,147,5,0,0,14,0,"3,98","1 457,61","9,05",5,0,23,Total,7589,3882,2545,0,0,6037,1552,"11,64","831 690,39","72,50",2671,0,14843
Data,Ocup,Opção,Cheg,Oferta/Uso Interno,Deduz. Individ.,Deduz. Grupos,% Ocup.,Receita Quartos,Preço Médio,Saídas,Quartos FdS,Adul. / Cri.,novembro,Previsão,23-nov-2026 seg,1,13,1,0,0,1,0,"10,37","113,97","8,14",0,0,2,14,147,5,0,0,14,0,"3,98","1 457,61","9,05",5,0,23,Total nov,14,147,5,0,0,14,0,"3,98","1 457,61","9,05",5,0,23,Total,7589,3882,2545,0,0,6037,1552,"11,64","831 690,39","72,50",2671,0,14843
Data,Ocup,Opção,Cheg,Oferta/Uso Interno,Deduz. Individ.,Deduz. Grupos,% Ocup.,Receita Quartos,Preço Médio,Saídas,Quartos FdS,Adul. / Cri.,novembro,Previsão,24-nov-2026 ter,1,0,0,0,0,1,0,"0,74","92,14","92,14",0,0,2,14,147,5,0,0,14,0,"3,98","1 457,61","9,05",5,0,23,Total nov,14,147,5,0,0,14,0,"3,98","1 457,61","9,05",5,0,23,Total,7589,3882,2545,0,0,6037,1552,"11,64","831 690,39","72,50",2671,0,14843
Data,Ocup,Opção,Cheg,Oferta/Uso Interno,Deduz. Individ.,Deduz. Grupos,% Ocup.,Receita Quartos,Preço Médio,Saídas,Quartos FdS,Adul. / Cri.,novembro,Previsão,25-nov-2026 qua,1,0,0,0,0,1,0,"0,74","92,14","92,14",0,0,2,14,147,5,0,0,14,0,"3,98","1 457,61","9,05",5,0,23,Total nov,14,147,5,0,0,14,0,"3,98","1 457,61","9,05",5,0,23,Total,7589,3882,2545,0,0,6037,1552,"11,64","831 690,39","72,50",2671,0,14843
Data,Ocup,Opção,Cheg,Oferta/Uso Interno,Deduz. Individ.,Deduz. Grupos,% Ocup.,Receita Quartos,Preço Médio,Saídas,Quartos FdS,Adul. / Cri.,novembro,Previsão,26-nov-2026 qui,0,0,0,0,0,0,0,-,-,NaN,1,0,0,14,147,5,0,0,14,0,"3,98","1 457,61","9,05",5,0,23,Total nov,14,147,5,0,0,14,0,"3,98","1 457,61","9,05",5,0,23,Total,7589,3882,2545,0,0,6037,1552,"11,64","831 690,39","72,50",2671,0,14843
Data,Ocup,Opção,Cheg,Oferta/Uso Interno,Deduz. Individ.,Deduz. Grupos,% Ocup.,Receita Quartos,Preço Médio,Saídas,Quartos FdS,Adul. / Cri.,novembro,Previsão,27-nov-2026 sex,1,0,1,0,0,1,0,"0,74","104,52","104,52",0,0,1,14,147,5,0,0,14,0,"3,98","1 457,61","9,05",5,0,23,Total nov,14,147,5,0,0,14,0,"3,98","1 457,61","9,05",5,0,23,Total,7589,3882,2545,0,0,6037,1552,"11,64","831 690,39","72,50",2671,0,14843
Data,Ocup,Opção,Cheg,Oferta/Uso Interno,Deduz. Individ.,Deduz. Grupos,% Ocup.,Receita Quartos,Preço Médio,Saídas,Quartos FdS,Adul. / Cri.,novembro,Previsão,28-nov-2026 sáb,1,0,0,0,0,1,0,"0,74","104,52","104,52",0,0,1,14,147,5,0,0,14,0,"3,98","1 457,61","9,05",5,0,23,Total nov,14,147,5,0,0,14,0,"3,98","1 457,61","9,05",5,0,23,Total,7589,3882,2545,0,0,6037,1552,"11,64","831 690,39","72,50",2671,0,14843
Data,Ocup,Opção,Cheg,Oferta/Uso Interno,Deduz. Individ.,Deduz. Grupos,% Ocup.,Receita Quartos,Preço Médio,Saídas,Quartos FdS,Adul. / Cri.,novembro,Previsão,29-nov-2026 dom,0,0,0,0,0,0,0,-,-,NaN,1,0,0,14,147,5,0,0,14,0,"3,98","1 457,61","9,05",5,0,23,Total nov,14,147,5,0,0,14,0,"3,98","1 457,61","9,05",5,0,23,Total,7589,3882,2545,0,0,6037,1552,"11,64","831 690,39","72,50",2671,0,14843
Data,Ocup,Opção,Cheg,Oferta/Uso Interno,Deduz. Individ.,Deduz. Grupos,% Ocup.,Receita Quartos,Preço Médio,Saídas,Quartos FdS,Adul. / Cri.,novembro,Previsão,30-nov-2026 seg,0,0,0,0,0,0,0,-,-,NaN,0,0,0,14,147,5,0,0,14,0,"3,98","1 457,61","9,05",5,0,23,Total nov,14,147,5,0,0,14,0,"3,98","1 457,61","9,05",5,0,23,Total,7589,3882,2545,0,0,6037,1552,"11,64","831 690,39","72,50",2671,0,14843
Data,Ocup,Opção,Cheg,Oferta/Uso Interno,Deduz. Individ.,Deduz. Grupos,% Ocup.,Receita Quartos,Preço Médio,Saídas,Quartos FdS,Adul. / Cri.,dezembro,Previsão,01-dez-2026 ter,0,0,0,0,0,0,0,-,-,NaN,0,0,0,12,2,5,0,0,12,0,"0,33","1 607,85","114,85",5,0,24,Total dez,12,2,5,0,0,12,0,"0,33","1 607,85","114,85",5,0,24,Total,7589,3882,2545,0,0,6037,1552,"11,64","831 690,39","72,50",2671,0,14843
Data,Ocup,Opção,Cheg,Oferta/Uso Interno,Deduz. Individ.,Deduz. Grupos,% Ocup.,Receita Quartos,Preço Médio,Saídas,Quartos FdS,Adul. / Cri.,dezembro,Previsão,02-dez-2026 qua,0,0,0,0,0,0,0,-,-,NaN,0,0,0,12,2,5,0,0,12,0,"0,33","1 607,85","114,85",5,0,24,Total dez,12,2,5,0,0,12,0,"0,33","1 607,85","114,85",5,0,24,Total,7589,3882,2545,0,0,6037,1552,"11,64","831 690,39","72,50",2671,0,14843
Data,Ocup,Opção,Cheg,Oferta/Uso Interno,Deduz. Individ.,Deduz. Grupos,% Ocup.,Receita Quartos,Preço Médio,Saídas,Quartos FdS,Adul. / Cri.,dezembro,Previsão,03-dez-2026 qui,0,0,0,0,0,0,0,-,-,NaN,0,0,0,12,2,5,0,0,12,0,"0,33","1 607,85","114,85",5,0,24,Total dez,12,2,5,0,0,12,0,"0,33","1 607,85","114,85",5,0,24,Total,7589,3882,2545,0,0,6037,1552,"11,64","831 690,39","72,50",2671,0,14843
Data,Ocup,Opção,Cheg,Oferta/Uso Interno,Deduz. Individ.,Deduz. Grupos,% Ocup.,Receita Quartos,Preço Médio,Saídas,Quartos FdS,Adul. / Cri.,dezembro,Previsão,04-dez-2026 sex,0,0,0,0,0,0,0,-,-,NaN,0,0,0,12,2,5,0,0,12,0,"0,33","1 607,85","114,85",5,0,24,Total dez,12,2,5,0,0,12,0,"0,33","1 607,85","114,85",5,0,24,Total,7589,3882,2545,0,0,6037,1552,"11,64","831 690,39","72,50",2671,0,14843
Data,Ocup,Opção,Cheg,Oferta/Uso Interno,Deduz. Individ.,Deduz. Grupos,% Ocup.,Receita Quartos,Preço Médio,Saídas,Quartos FdS,Adul. / Cri.,dezembro,Previsão,05-dez-2026 sáb,0,0,0,0,0,0,0,-,-,NaN,0,0,0,12,2,5,0,0,12,0,"0,33","1 607,85","114,85",5,0,24,Total dez,12,2,5,0,0,12,0,"0,33","1 607,85","114,85",5,0,24,Total,7589,3882,2545,0,0,6037,1552,"11,64","831 690,39","72,50",2671,0,14843
Data,Ocup,Opção,Cheg,Oferta/Uso Interno,Deduz. Individ.,Deduz. Grupos,% Ocup.,Receita Quartos,Preço Médio,Saídas,Quartos FdS,Adul. / Cri.,dezembro,Previsão,06-dez-2026 dom,0,0,0,0,0,0,0,-,-,NaN,0,0,0,12,2,5,0,0,12,0,"0,33","1 607,85","114,85",5,0,24,Total dez,12,2,5,0,0,12,0,"0,33","1 607,85","114,85",5,0,24,Total,7589,3882,2545,0,0,6037,1552,"11,64","831 690,39","72,50",2671,0,14843
Data,Ocup,Opção,Cheg,Oferta/Uso Interno,Deduz. Individ.,Deduz. Grupos,% Ocup.,Receita Quartos,Preço Médio,Saídas,Quartos FdS,Adul. / Cri.,dezembro,Previsão,07-dez-2026 seg,0,0,0,0,0,0,0,-,-,NaN,0,0,0,12,2,5,0,0,12,0,"0,33","1 607,85","114,85",5,0,24,Total dez,12,2,5,0,0,12,0,"0,33","1 607,85","114,85",5,0,24,Total,7589,3882,2545,0,0,6037,1552,"11,64","831 690,39","72,50",2671,0,14843
Data,Ocup,Opção,Cheg,Oferta/Uso Interno,Deduz. Individ.,Deduz. Grupos,% Ocup.,Receita Quartos,Preço Médio,Saídas,Quartos FdS,Adul. / Cri.,dezembro,Previsão,08-dez-2026 ter,0,0,0,0,0,0,0,-,-,NaN,0,0,0,12,2,5,0,0,12,0,"0,33","1 607,85","114,85",5,0,24,Total dez,12,2,5,0,0,12,0,"0,33","1 607,85","114,85",5,0,24,Total,7589,3882,2545,0,0,6037,1552,"11,64","831 690,39","72,50",2671,0,14843
Data,Ocup,Opção,Cheg,Oferta/Uso Interno,Deduz. Individ.,Deduz. Grupos,% Ocup.,Receita Quartos,Preço Médio,Saídas,Quartos FdS,Adul. / Cri.,dezembro,Previsão,09-dez-2026 qua,0,0,0,0,0,0,0,-,-,NaN,0,0,0,12,2,5,0,0,12,0,"0,33","1 607,85","114,85",5,0,24,Total dez,12,2,5,0,0,12,0,"0,33","1 607,85","114,85",5,0,24,Total,7589,3882,2545,0,0,6037,1552,"11,64","831 690,39","72,50",2671,0,14843
Data,Ocup,Opção,Cheg,Oferta/Uso Interno,Deduz. Individ.,Deduz. Grupos,% Ocup.,Receita Quartos,Preço Médio,Saídas,Quartos FdS,Adul. / Cri.,dezembro,Previsão,10-dez-2026 qui,0,0,0,0,0,0,0,-,-,NaN,0,0,0,12,2,5,0,0,12,0,"0,33","1 607,85","114,85",5,0,24,Total dez,12,2,5,0,0,12,0,"0,33","1 607,85","114,85",5,0,24,Total,7589,3882,2545,0,0,6037,1552,"11,64","831 690,39","72,50",2671,0,14843
Data,Ocup,Opção,Cheg,Oferta/Uso Interno,Deduz. Individ.,Deduz. Grupos,% Ocup.,Receita Quartos,Preço Médio,Saídas,Quartos FdS,Adul. / Cri.,dezembro,Previsão,11-dez-2026 sex,1,0,1,0,0,1,0,"0,74","156,96","156,96",0,0,2,12,2,5,0,0,12,0,"0,33","1 607,85","114,85",5,0,24,Total dez,12,2,5,0,0,12,0,"0,33","1 607,85","114,85",5,0,24,Total,7589,3882,2545,0,0,6037,1552,"11,64","831 690,39","72,50",2671,0,14843
Data,Ocup,Opção,Cheg,Oferta/Uso Interno,Deduz. Individ.,Deduz. Grupos,% Ocup.,Receita Quartos,Preço Médio,Saídas,Quartos FdS,Adul. / Cri.,dezembro,Previsão,12-dez-2026 sáb,1,0,0,0,0,1,0,"0,74","156,96","156,96",0,0,2,12,2,5,0,0,12,0,"0,33","1 607,85","114,85",5,0,24,Total dez,12,2,5,0,0,12,0,"0,33","1 607,85","114,85",5,0,24,Total,7589,3882,2545,0,0,6037,1552,"11,64","831 690,39","72,50",2671,0,14843
Data,Ocup,Opção,Cheg,Oferta/Uso Interno,Deduz. Individ.,Deduz. Grupos,% Ocup.,Receita Quartos,Preço Médio,Saídas,Quartos FdS,Adul. / Cri.,dezembro,Previsão,13-dez-2026 dom,0,0,0,0,0,0,0,-,-,NaN,1,0,0,12,2,5,0,0,12,0,"0,33","1 607,85","114,85",5,0,24,Total dez,12,2,5,0,0,12,0,"0,33","1 607,85","114,85",5,0,24,Total,7589,3882,2545,0,0,6037,1552,"11,64","831 690,39","72,50",2671,0,14843
Data,Ocup,Opção,Cheg,Oferta/Uso Interno,Deduz. Individ.,Deduz. Grupos,% Ocup.,Receita Quartos,Preço Médio,Saídas,Quartos FdS,Adul. / Cri.,dezembro,Previsão,14-dez-2026 seg,0,0,0,0,0,0,0,-,-,NaN,0,0,0,12,2,5,0,0,12,0,"0,33","1 607,85","114,85",5,0,24,Total dez,12,2,5,0,0,12,0,"0,33","1 607,85","114,85",5,0,24,Total,7589,3882,2545,0,0,6037,1552,"11,64","831 690,39","72,50",2671,0,14843
Data,Ocup,Opção,Cheg,Oferta/Uso Interno,Deduz. Individ.,Deduz. Grupos,% Ocup.,Receita Quartos,Preço Médio,Saídas,Quartos FdS,Adul. / Cri.,dezembro,Previsão,15-dez-2026 ter,0,0,0,0,0,0,0,-,-,NaN,0,0,0,12,2,5,0,0,12,0,"0,33","1 607,85","114,85",5,0,24,Total dez,12,2,5,0,0,12,0,"0,33","1 607,85","114,85",5,0,24,Total,7589,3882,2545,0,0,6037,1552,"11,64","831 690,39","72,50",2671,0,14843
Data,Ocup,Opção,Cheg,Oferta/Uso Interno,Deduz. Individ.,Deduz. Grupos,% Ocup.,Receita Quartos,Preço Médio,Saídas,Quartos FdS,Adul. / Cri.,dezembro,Previsão,16-dez-2026 qua,0,0,0,0,0,0,0,-,-,NaN,0,0,0,12,2,5,0,0,12,0,"0,33","1 607,85","114,85",5,0,24,Total dez,12,2,5,0,0,12,0,"0,33","1 607,85","114,85",5,0,24,Total,7589,3882,2545,0,0,6037,1552,"11,64","831 690,39","72,50",2671,0,14843
Data,Ocup,Opção,Cheg,Oferta/Uso Interno,Deduz. Individ.,Deduz. Grupos,% Ocup.,Receita Quartos,Preço Médio,Saídas,Quartos FdS,Adul. / Cri.,dezembro,Previsão,17-dez-2026 qui,0,0,0,0,0,0,0,-,-,NaN,0,0,0,12,2,5,0,0,12,0,"0,33","1 607,85","114,85",5,0,24,Total dez,12,2,5,0,0,12,0,"0,33","1 607,85","114,85",5,0,24,Total,7589,3882,2545,0,0,6037,1552,"11,64","831 690,39","72,50",2671,0,14843
Data,Ocup,Opção,Cheg,Oferta/Uso Interno,Deduz. Individ.,Deduz. Grupos,% Ocup.,Receita Quartos,Preço Médio,Saídas,Quartos FdS,Adul. / Cri.,dezembro,Previsão,18-dez-2026 sex,0,0,0,0,0,0,0,-,-,NaN,0,0,0,12,2,5,0,0,12,0,"0,33","1 607,85","114,85",5,0,24,Total dez,12,2,5,0,0,12,0,"0,33","1 607,85","114,85",5,0,24,Total,7589,3882,2545,0,0,6037,1552,"11,64","831 690,39","72,50",2671,0,14843
Data,Ocup,Opção,Cheg,Oferta/Uso Interno,Deduz. Individ.,Deduz. Grupos,% Ocup.,Receita Quartos,Preço Médio,Saídas,Quartos FdS,Adul. / Cri.,dezembro,Previsão,19-dez-2026 sáb,2,1,2,0,0,2,0,"2,22","252,81","84,27",0,0,3,12,2,5,0,0,12,0,"0,33","1 607,85","114,85",5,0,24,Total dez,12,2,5,0,0,12,0,"0,33","1 607,85","114,85",5,0,24,Total,7589,3882,2545,0,0,6037,1552,"11,64","831 690,39","72,50",2671,0,14843
Data,Ocup,Opção,Cheg,Oferta/Uso Interno,Deduz. Individ.,Deduz. Grupos,% Ocup.,Receita Quartos,Preço Médio,Saídas,Quartos FdS,Adul. / Cri.,dezembro,Previsão,20-dez-2026 dom,2,1,0,0,0,2,0,"2,22","252,81","84,27",0,0,3,12,2,5,0,0,12,0,"0,33","1 607,85","114,85",5,0,24,Total dez,12,2,5,0,0,12,0,"0,33","1 607,85","114,85",5,0,24,Total,7589,3882,2545,0,0,6037,1552,"11,64","831 690,39","72,50",2671,0,14843
Data,Ocup,Opção,Cheg,Oferta/Uso Interno,Deduz. Individ.,Deduz. Grupos,% Ocup.,Receita Quartos,Preço Médio,Saídas,Quartos FdS,Adul. / Cri.,dezembro,Previsão,21-dez-2026 seg,2,0,0,0,0,2,0,"1,48","252,81","126,41",0,0,3,12,2,5,0,0,12,0,"0,33","1 607,85","114,85",5,0,24,Total dez,12,2,5,0,0,12,0,"0,33","1 607,85","114,85",5,0,24,Total,7589,3882,2545,0,0,6037,1552,"11,64","831 690,39","72,50",2671,0,14843
Data,Ocup,Opção,Cheg,Oferta/Uso Interno,Deduz. Individ.,Deduz. Grupos,% Ocup.,Receita Quartos,Preço Médio,Saídas,Quartos FdS,Adul. / Cri.,dezembro,Previsão,22-dez-2026 ter,4,0,2,0,0,4,0,"2,96","535,49","133,87",0,0,11,12,2,5,0,0,12,0,"0,33","1 607,85","114,85",5,0,24,Total dez,12,2,5,0,0,12,0,"0,33","1 607,85","114,85",5,0,24,Total,7589,3882,2545,0,0,6037,1552,"11,64","831 690,39","72,50",2671,0,14843
Data,Ocup,Opção,Cheg,Oferta/Uso Interno,Deduz. Individ.,Deduz. Grupos,% Ocup.,Receita Quartos,Preço Médio,Saídas,Quartos FdS,Adul. / Cri.,dezembro,Previsão,23-dez-2026 qua,0,0,0,0,0,0,0,-,-,NaN,4,0,0,12,2,5,0,0,12,0,"0,33","1 607,85","114,85",5,0,24,Total dez,12,2,5,0,0,12,0,"0,33","1 607,85","114,85",5,0,24,Total,7589,3882,2545,0,0,6037,1552,"11,64","831 690,39","72,50",2671,0,14843
Data,Ocup,Opção,Cheg,Oferta/Uso Interno,Deduz. Individ.,Deduz. Grupos,% Ocup.,Receita Quartos,Preço Médio,Saídas,Quartos FdS,Adul. / Cri.,dezembro,Previsão,24-dez-2026 qui,0,0,0,0,0,0,0,-,-,NaN,0,0,0,12,2,5,0,0,12,0,"0,33","1 607,85","114,85",5,0,24,Total dez,12,2,5,0,0,12,0,"0,33","1 607,85","114,85",5,0,24,Total,7589,3882,2545,0,0,6037,1552,"11,64","831 690,39","72,50",2671,0,14843
Data,Ocup,Opção,Cheg,Oferta/Uso Interno,Deduz. Individ.,Deduz. Grupos,% Ocup.,Receita Quartos,Preço Médio,Saídas,Quartos FdS,Adul. / Cri.,dezembro,Previsão,25-dez-2026 sex,0,0,0,0,0,0,0,-,-,NaN,0,0,0,12,2,5,0,0,12,0,"0,33","1 607,85","114,85",5,0,24,Total dez,12,2,5,0,0,12,0,"0,33","1 607,85","114,85",5,0,24,Total,7589,3882,2545,0,0,6037,1552,"11,64","831 690,39","72,50",2671,0,14843
Data,Ocup,Opção,Cheg,Oferta/Uso Interno,Deduz. Individ.,Deduz. Grupos,% Ocup.,Receita Quartos,Preço Médio,Saídas,Quartos FdS,Adul. / Cri.,dezembro,Previsão,26-dez-2026 sáb,0,0,0,0,0,0,0,-,-,NaN,0,0,0,12,2,5,0,0,12,0,"0,33","1 607,85","114,85",5,0,24,Total dez,12,2,5,0,0,12,0,"0,33","1 607,85","114,85",5,0,24,Total,7589,3882,2545,0,0,6037,1552,"11,64","831 690,39","72,50",2671,0,14843
Data,Ocup,Opção,Cheg,Oferta/Uso Interno,Deduz. Individ.,Deduz. Grupos,% Ocup.,Receita Quartos,Preço Médio,Saídas,Quartos FdS,Adul. / Cri.,dezembro,Previsão,27-dez-2026 dom,0,0,0,0,0,0,0,-,-,NaN,0,0,0,12,2,5,0,0,12,0,"0,33","1 607,85","114,85",5,0,24,Total dez,12,2,5,0,0,12,0,"0,33","1 607,85","114,85",5,0,24,Total,7589,3882,2545,0,0,6037,1552,"11,64","831 690,39","72,50",2671,0,14843
Data,Ocup,Opção,Cheg,Oferta/Uso Interno,Deduz. Individ.,Deduz. Grupos,% Ocup.,Receita Quartos,Preço Médio,Saídas,Quartos FdS,Adul. / Cri.,dezembro,Previsão,28-dez-2026 seg,0,0,0,0,0,0,0,-,-,NaN,0,0,0,12,2,5,0,0,12,0,"0,33","1 607,85","114,85",5,0,24,Total dez,12,2,5,0,0,12,0,"0,33","1 607,85","114,85",5,0,24,Total,7589,3882,2545,0,0,6037,1552,"11,64","831 690,39","72,50",2671,0,14843
Data,Ocup,Opção,Cheg,Oferta/Uso Interno,Deduz. Individ.,Deduz. Grupos,% Ocup.,Receita Quartos,Preço Médio,Saídas,Quartos FdS,Adul. / Cri.,dezembro,Previsão,29-dez-2026 ter,0,0,0,0,0,0,0,-,-,NaN,0,0,0,12,2,5,0,0,12,0,"0,33","1 607,85","114,85",5,0,24,Total dez,12,2,5,0,0,12,0,"0,33","1 607,85","114,85",5,0,24,Total,7589,3882,2545,0,0,6037,1552,"11,64","831 690,39","72,50",2671,0,14843
Data,Ocup,Opção,Cheg,Oferta/Uso Interno,Deduz. Individ.,Deduz. Grupos,% Ocup.,Receita Quartos,Preço Médio,Saídas,Quartos FdS,Adul. / Cri.,dezembro,Previsão,30-dez-2026 qua,0,0,0,0,0,0,0,-,-,NaN,0,0,0,12,2,5,0,0,12,0,"0,33","1 607,85","114,85",5,0,24,Total dez,12,2,5,0,0,12,0,"0,33","1 607,85","114,85",5,0,24,Total,7589,3882,2545,0,0,6037,1552,"11,64","831 690,39","72,50",2671,0,14843
Data,Ocup,Opção,Cheg,Oferta/Uso Interno,Deduz. Individ.,Deduz. Grupos,% Ocup.,Receita Quartos,Preço Médio,Saídas,Quartos FdS,Adul. / Cri.,dezembro,Previsão,31-dez-2026 qui,0,0,0,0,0,0,0,-,-,NaN,0,0,0,12,2,5,0,0,12,0,"0,33","1 607,85","114,85",5,0,24,Total dez,12,2,5,0,0,12,0,"0,33","1 607,85","114,85",5,0,24,Total,7589,3882,2545,0,0,6037,1552,"11,64","831 690,39","72,50",2671,0,14843
Data,Ocup,Opção,Cheg,Oferta/Uso Interno,Deduz. Individ.,Deduz. Grupos,% Ocup.,Receita Quartos,Preço Médio,Saídas,Quartos FdS,Adul. / Cri.,janeiro,Previsão,01-jan-2027 sex,0,0,0,0,0,0,0,-,-,NaN,0,0,0,0,0,0,0,0,0,0,-,-,NaN,0,0,0,Total jan,0,0,0,0,0,0,0,-,-,NaN,0,0,0,Total,7589,3882,2545,0,0,6037,1552,"11,64","831 690,39","72,50",2671,0,14843
Data,Ocup,Opção,Cheg,Oferta/Uso Interno,Deduz. Individ.,Deduz. Grupos,% Ocup.,Receita Quartos,Preço Médio,Saídas,Quartos FdS,Adul. / Cri.,janeiro,Previsão,02-jan-2027 sáb,0,0,0,0,0,0,0,-,-,NaN,0,0,0,0,0,0,0,0,0,0,-,-,NaN,0,0,0,Total jan,0,0,0,0,0,0,0,-,-,NaN,0,0,0,Total,7589,3882,2545,0,0,6037,1552,"11,64","831 690,39","72,50",2671,0,14843
Data,Ocup,Opção,Cheg,Oferta/Uso Interno,Deduz. Individ.,Deduz. Grupos,% Ocup.,Receita Quartos,Preço Médio,Saídas,Quartos FdS,Adul. / Cri.,janeiro,Previsão,03-jan-2027 dom,0,0,0,0,0,0,0,-,-,NaN,0,0,0,0,0,0,0,0,0,0,-,-,NaN,0,0,0,Total jan,0,0,0,0,0,0,0,-,-,NaN,0,0,0,Total,7589,3882,2545,0,0,6037,1552,"11,64","831 690,39","72,50",2671,0,14843
Data,Ocup,Opção,Cheg,Oferta/Uso Interno,Deduz. Individ.,Deduz. Grupos,% Ocup.,Receita Quartos,Preço Médio,Saídas,Quartos FdS,Adul. / Cri.,janeiro,Previsão,04-jan-2027 seg,0,0,0,0,0,0,0,-,-,NaN,0,0,0,0,0,0,0,0,0,0,-,-,NaN,0,0,0,Total jan,0,0,0,0,0,0,0,-,-,NaN,0,0,0,Total,7589,3882,2545,0,0,6037,1552,"11,64","831 690,39","72,50",2671,0,14843
Data,Ocup,Opção,Cheg,Oferta/Uso Interno,Deduz. Individ.,Deduz. Grupos,% Ocup.,Receita Quartos,Preço Médio,Saídas,Quartos FdS,Adul. / Cri.,janeiro,Previsão,05-jan-2027 ter,0,0,0,0,0,0,0,-,-,NaN,0,0,0,0,0,0,0,0,0,0,-,-,NaN,0,0,0,Total jan,0,0,0,0,0,0,0,-,-,NaN,0,0,0,Total,7589,3882,2545,0,0,6037,1552,"11,64","831 690,39","72,50",2671,0,14843
Data,Ocup,Opção,Cheg,Oferta/Uso Interno,Deduz. Individ.,Deduz. Grupos,% Ocup.,Receita Quartos,Preço Médio,Saídas,Quartos FdS,Adul. / Cri.,janeiro,Previsão,06-jan-2027 qua,0,0,0,0,0,0,0,-,-,NaN,0,0,0,0,0,0,0,0,0,0,-,-,NaN,0,0,0,Total jan,0,0,0,0,0,0,0,-,-,NaN,0,0,0,Total,7589,3882,2545,0,0,6037,1552,"11,64","831 690,39","72,50",2671,0,14843
Data,Ocup,Opção,Cheg,Oferta/Uso Interno,Deduz. Individ.,Deduz. Grupos,% Ocup.,Receita Quartos,Preço Médio,Saídas,Quartos FdS,Adul. / Cri.,janeiro,Previsão,07-jan-2027 qui,0,0,0,0,0,0,0,-,-,NaN,0,0,0,0,0,0,0,0,0,0,-,-,NaN,0,0,0,Total jan,0,0,0,0,0,0,0,-,-,NaN,0,0,0,Total,7589,3882,2545,0,0,6037,1552,"11,64","831 690,39","72,50",2671,0,14843
Data,Ocup,Opção,Cheg,Oferta/Uso Interno,Deduz. Individ.,Deduz. Grupos,% Ocup.,Receita Quartos,Preço Médio,Saídas,Quartos FdS,Adul. / Cri.,janeiro,Previsão,08-jan-2027 sex,0,0,0,0,0,0,0,-,-,NaN,0,0,0,0,0,0,0,0,0,0,-,-,NaN,0,0,0,Total jan,0,0,0,0,0,0,0,-,-,NaN,0,0,0,Total,7589,3882,2545,0,0,6037,1552,"11,64","831 690,39","72,50",2671,0,14843
Data,Ocup,Opção,Cheg,Oferta/Uso Interno,Deduz. Individ.,Deduz. Grupos,% Ocup.,Receita Quartos,Preço Médio,Saídas,Quartos FdS,Adul. / Cri.,janeiro,Previsão,09-jan-2027 sáb,0,0,0,0,0,0,0,-,-,NaN,0,0,0,0,0,0,0,0,0,0,-,-,NaN,0,0,0,Total jan,0,0,0,0,0,0,0,-,-,NaN,0,0,0,Total,7589,3882,2545,0,0,6037,1552,"11,64","831 690,39","72,50",2671,0,14843
Data,Ocup,Opção,Cheg,Oferta/Uso Interno,Deduz. Individ.,Deduz. Grupos,% Ocup.,Receita Quartos,Preço Médio,Saídas,Quartos FdS,Adul. / Cri.,janeiro,Previsão,10-jan-2027 dom,0,0,0,0,0,0,0,-,-,NaN,0,0,0,0,0,0,0,0,0,0,-,-,NaN,0,0,0,Total jan,0,0,0,0,0,0,0,-,-,NaN,0,0,0,Total,7589,3882,2545,0,0,6037,1552,"11,64","831 690,39","72,50",2671,0,14843
Data,Ocup,Opção,Cheg,Oferta/Uso Interno,Deduz. Individ.,Deduz. Grupos,% Ocup.,Receita Quartos,Preço Médio,Saídas,Quartos FdS,Adul. / Cri.,janeiro,Previsão,11-jan-2027 seg,0,0,0,0,0,0,0,-,-,NaN,0,0,0,0,0,0,0,0,0,0,-,-,NaN,0,0,0,Total jan,0,0,0,0,0,0,0,-,-,NaN,0,0,0,Total,7589,3882,2545,0,0,6037,1552,"11,64","831 690,39","72,50",2671,0,14843
Data,Ocup,Opção,Cheg,Oferta/Uso Interno,Deduz. Individ.,Deduz. Grupos,% Ocup.,Receita Quartos,Preço Médio,Saídas,Quartos FdS,Adul. / Cri.,janeiro,Previsão,12-jan-2027 ter,0,0,0,0,0,0,0,-,-,NaN,0,0,0,0,0,0,0,0,0,0,-,-,NaN,0,0,0,Total jan,0,0,0,0,0,0,0,-,-,NaN,0,0,0,Total,7589,3882,2545,0,0,6037,1552,"11,64","831 690,39","72,50",2671,0,14843
Data,Ocup,Opção,Cheg,Oferta/Uso Interno,Deduz. Individ.,Deduz. Grupos,% Ocup.,Receita Quartos,Preço Médio,Saídas,Quartos FdS,Adul. / Cri.,janeiro,Previsão,13-jan-2027 qua,0,0,0,0,0,0,0,-,-,NaN,0,0,0,0,0,0,0,0,0,0,-,-,NaN,0,0,0,Total jan,0,0,0,0,0,0,0,-,-,NaN,0,0,0,Total,7589,3882,2545,0,0,6037,1552,"11,64","831 690,39","72,50",2671,0,14843
Data,Ocup,Opção,Cheg,Oferta/Uso Interno,Deduz. Individ.,Deduz. Grupos,% Ocup.,Receita Quartos,Preço Médio,Saídas,Quartos FdS,Adul. / Cri.,janeiro,Previsão,14-jan-2027 qui,0,0,0,0,0,0,0,-,-,NaN,0,0,0,0,0,0,0,0,0,0,-,-,NaN,0,0,0,Total jan,0,0,0,0,0,0,0,-,-,NaN,0,0,0,Total,7589,3882,2545,0,0,6037,1552,"11,64","831 690,39","72,50",2671,0,14843
Data,Ocup,Opção,Cheg,Oferta/Uso Interno,Deduz. Individ.,Deduz. Grupos,% Ocup.,Receita Quartos,Preço Médio,Saídas,Quartos FdS,Adul. / Cri.,janeiro,Previsão,15-jan-2027 sex,0,0,0,0,0,0,0,-,-,NaN,0,0,0,0,0,0,0,0,0,0,-,-,NaN,0,0,0,Total jan,0,0,0,0,0,0,0,-,-,NaN,0,0,0,Total,7589,3882,2545,0,0,6037,1552,"11,64","831 690,39","72,50",2671,0,14843
Data,Ocup,Opção,Cheg,Oferta/Uso Interno,Deduz. Individ.,Deduz. Grupos,% Ocup.,Receita Quartos,Preço Médio,Saídas,Quartos FdS,Adul. / Cri.,janeiro,Previsão,16-jan-2027 sáb,0,0,0,0,0,0,0,-,-,NaN,0,0,0,0,0,0,0,0,0,0,-,-,NaN,0,0,0,Total jan,0,0,0,0,0,0,0,-,-,NaN,0,0,0,Total,7589,3882,2545,0,0,6037,1552,"11,64","831 690,39","72,50",2671,0,14843
Data,Ocup,Opção,Cheg,Oferta/Uso Interno,Deduz. Individ.,Deduz. Grupos,% Ocup.,Receita Quartos,Preço Médio,Saídas,Quartos FdS,Adul. / Cri.,janeiro,Previsão,17-jan-2027 dom,0,0,0,0,0,0,0,-,-,NaN,0,0,0,0,0,0,0,0,0,0,-,-,NaN,0,0,0,Total jan,0,0,0,0,0,0,0,-,-,NaN,0,0,0,Total,7589,3882,2545,0,0,6037,1552,"11,64","831 690,39","72,50",2671,0,14843
Data,Ocup,Opção,Cheg,Oferta/Uso Interno,Deduz. Individ.,Deduz. Grupos,% Ocup.,Receita Quartos,Preço Médio,Saídas,Quartos FdS,Adul. / Cri.,janeiro,Previsão,18-jan-2027 seg,0,0,0,0,0,0,0,-,-,NaN,0,0,0,0,0,0,0,0,0,0,-,-,NaN,0,0,0,Total jan,0,0,0,0,0,0,0,-,-,NaN,0,0,0,Total,7589,3882,2545,0,0,6037,1552,"11,64","831 690,39","72,50",2671,0,14843
Data,Ocup,Opção,Cheg,Oferta/Uso Interno,Deduz. Individ.,Deduz. Grupos,% Ocup.,Receita Quartos,Preço Médio,Saídas,Quartos FdS,Adul. / Cri.,janeiro,Previsão,19-jan-2027 ter,0,0,0,0,0,0,0,-,-,NaN,0,0,0,0,0,0,0,0,0,0,-,-,NaN,0,0,0,Total jan,0,0,0,0,0,0,0,-,-,NaN,0,0,0,Total,7589,3882,2545,0,0,6037,1552,"11,64","831 690,39","72,50",2671,0,14843
Data,Ocup,Opção,Cheg,Oferta/Uso Interno,Deduz. Individ.,Deduz. Grupos,% Ocup.,Receita Quartos,Preço Médio,Saídas,Quartos FdS,Adul. / Cri.,janeiro,Previsão,20-jan-2027 qua,0,0,0,0,0,0,0,-,-,NaN,0,0,0,0,0,0,0,0,0,0,-,-,NaN,0,0,0,Total jan,0,0,0,0,0,0,0,-,-,NaN,0,0,0,Total,7589,3882,2545,0,0,6037,1552,"11,64","831 690,39","72,50",2671,0,14843
Data,Ocup,Opção,Cheg,Oferta/Uso Interno,Deduz. Individ.,Deduz. Grupos,% Ocup.,Receita Quartos,Preço Médio,Saídas,Quartos FdS,Adul. / Cri.,janeiro,Previsão,21-jan-2027 qui,0,0,0,0,0,0,0,-,-,NaN,0,0,0,0,0,0,0,0,0,0,-,-,NaN,0,0,0,Total jan,0,0,0,0,0,0,0,-,-,NaN,0,0,0,Total,7589,3882,2545,0,0,6037,1552,"11,64","831 690,39","72,50",2671,0,14843
Data,Ocup,Opção,Cheg,Oferta/Uso Interno,Deduz. Individ.,Deduz. Grupos,% Ocup.,Receita Quartos,Preço Médio,Saídas,Quartos FdS,Adul. / Cri.,janeiro,Previsão,22-jan-2027 sex,0,0,0,0,0,0,0,-,-,NaN,0,0,0,0,0,0,0,0,0,0,-,-,NaN,0,0,0,Total jan,0,0,0,0,0,0,0,-,-,NaN,0,0,0,Total,7589,3882,2545,0,0,6037,1552,"11,64","831 690,39","72,50",2671,0,14843
Data,Ocup,Opção,Cheg,Oferta/Uso Interno,Deduz. Individ.,Deduz. Grupos,% Ocup.,Receita Quartos,Preço Médio,Saídas,Quartos FdS,Adul. / Cri.,janeiro,Previsão,23-jan-2027 sáb,0,0,0,0,0,0,0,-,-,NaN,0,0,0,0,0,0,0,0,0,0,-,-,NaN,0,0,0,Total jan,0,0,0,0,0,0,0,-,-,NaN,0,0,0,Total,7589,3882,2545,0,0,6037,1552,"11,64","831 690,39","72,50",2671,0,14843
Data,Ocup,Opção,Cheg,Oferta/Uso Interno,Deduz. Individ.,Deduz. Grupos,% Ocup.,Receita Quartos,Preço Médio,Saídas,Quartos FdS,Adul. / Cri.,janeiro,Previsão,24-jan-2027 dom,0,0,0,0,0,0,0,-,-,NaN,0,0,0,0,0,0,0,0,0,0,-,-,NaN,0,0,0,Total jan,0,0,0,0,0,0,0,-,-,NaN,0,0,0,Total,7589,3882,2545,0,0,6037,1552,"11,64","831 690,39","72,50",2671,0,14843
Data,Ocup,Opção,Cheg,Oferta/Uso Interno,Deduz. Individ.,Deduz. Grupos,% Ocup.,Receita Quartos,Preço Médio,Saídas,Quartos FdS,Adul. / Cri.,janeiro,Previsão,25-jan-2027 seg,0,0,0,0,0,0,0,-,-,NaN,0,0,0,0,0,0,0,0,0,0,-,-,NaN,0,0,0,Total jan,0,0,0,0,0,0,0,-,-,NaN,0,0,0,Total,7589,3882,2545,0,0,6037,1552,"11,64","831 690,39","72,50",2671,0,14843
Data,Ocup,Opção,Cheg,Oferta/Uso Interno,Deduz. Individ.,Deduz. Grupos,% Ocup.,Receita Quartos,Preço Médio,Saídas,Quartos FdS,Adul. / Cri.,janeiro,Previsão,26-jan-2027 ter,0,0,0,0,0,0,0,-,-,NaN,0,0,0,0,0,0,0,0,0,0,-,-,NaN,0,0,0,Total jan,0,0,0,0,0,0,0,-,-,NaN,0,0,0,Total,7589,3882,2545,0,0,6037,1552,"11,64","831 690,39","72,50",2671,0,14843
Data,Ocup,Opção,Cheg,Oferta/Uso Interno,Deduz. Individ.,Deduz. Grupos,% Ocup.,Receita Quartos,Preço Médio,Saídas,Quartos FdS,Adul. / Cri.,janeiro,Previsão,27-jan-2027 qua,0,0,0,0,0,0,0,-,-,NaN,0,0,0,0,0,0,0,0,0,0,-,-,NaN,0,0,0,Total jan,0,0,0,0,0,0,0,-,-,NaN,0,0,0,Total,7589,3882,2545,0,0,6037,1552,"11,64","831 690,39","72,50",2671,0,14843
Data,Ocup,Opção,Cheg,Oferta/Uso Interno,Deduz. Individ.,Deduz. Grupos,% Ocup.,Receita Quartos,Preço Médio,Saídas,Quartos FdS,Adul. / Cri.,janeiro,Previsão,28-jan-2027 qui,0,0,0,0,0,0,0,-,-,NaN,0,0,0,0,0,0,0,0,0,0,-,-,NaN,0,0,0,Total jan,0,0,0,0,0,0,0,-,-,NaN,0,0,0,Total,7589,3882,2545,0,0,6037,1552,"11,64","831 690,39","72,50",2671,0,14843
Data,Ocup,Opção,Cheg,Oferta/Uso Interno,Deduz. Individ.,Deduz. Grupos,% Ocup.,Receita Quartos,Preço Médio,Saídas,Quartos FdS,Adul. / Cri.,janeiro,Previsão,29-jan-2027 sex,0,0,0,0,0,0,0,-,-,NaN,0,0,0,0,0,0,0,0,0,0,-,-,NaN,0,0,0,Total jan,0,0,0,0,0,0,0,-,-,NaN,0,0,0,Total,7589,3882,2545,0,0,6037,1552,"11,64","831 690,39","72,50",2671,0,14843
Data,Ocup,Opção,Cheg,Oferta/Uso Interno,Deduz. Individ.,Deduz. Grupos,% Ocup.,Receita Quartos,Preço Médio,Saídas,Quartos FdS,Adul. / Cri.,janeiro,Previsão,30-jan-2027 sáb,0,0,0,0,0,0,0,-,-,NaN,0,0,0,0,0,0,0,0,0,0,-,-,NaN,0,0,0,Total jan,0,0,0,0,0,0,0,-,-,NaN,0,0,0,Total,7589,3882,2545,0,0,6037,1552,"11,64","831 690,39","72,50",2671,0,14843
Data,Ocup,Opção,Cheg,Oferta/Uso Interno,Deduz. Individ.,Deduz. Grupos,% Ocup.,Receita Quartos,Preço Médio,Saídas,Quartos FdS,Adul. / Cri.,janeiro,Previsão,31-jan-2027 dom,0,0,0,0,0,0,0,-,-,NaN,0,0,0,0,0,0,0,0,0,0,-,-,NaN,0,0,0,Total jan,0,0,0,0,0,0,0,-,-,NaN,0,0,0,Total,7589,3882,2545,0,0,6037,1552,"11,64","831 690,39","72,50",2671,0,14843
Data,Ocup,Opção,Cheg,Oferta/Uso Interno,Deduz. Individ.,Deduz. Grupos,% Ocup.,Receita Quartos,Preço Médio,Saídas,Quartos FdS,Adul. / Cri.,fevereiro,Previsão,01-fev-2027 seg,0,0,0,0,0,0,0,-,-,NaN,0,0,0,0,0,0,0,0,0,0,-,-,NaN,0,0,0,Total fev,0,0,0,0,0,0,0,-,-,NaN,0,0,0,Total,7589,3882,2545,0,0,6037,1552,"11,64","831 690,39","72,50",2671,0,14843
Data,Ocup,Opção,Cheg,Oferta/Uso Interno,Deduz. Individ.,Deduz. Grupos,% Ocup.,Receita Quartos,Preço Médio,Saídas,Quartos FdS,Adul. / Cri.,fevereiro,Previsão,02-fev-2027 ter,0,0,0,0,0,0,0,-,-,NaN,0,0,0,0,0,0,0,0,0,0,-,-,NaN,0,0,0,Total fev,0,0,0,0,0,0,0,-,-,NaN,0,0,0,Total,7589,3882,2545,0,0,6037,1552,"11,64","831 690,39","72,50",2671,0,14843
Data,Ocup,Opção,Cheg,Oferta/Uso Interno,Deduz. Individ.,Deduz. Grupos,% Ocup.,Receita Quartos,Preço Médio,Saídas,Quartos FdS,Adul. / Cri.,fevereiro,Previsão,03-fev-2027 qua,0,0,0,0,0,0,0,-,-,NaN,0,0,0,0,0,0,0,0,0,0,-,-,NaN,0,0,0,Total fev,0,0,0,0,0,0,0,-,-,NaN,0,0,0,Total,7589,3882,2545,0,0,6037,1552,"11,64","831 690,39","72,50",2671,0,14843
Data,Ocup,Opção,Cheg,Oferta/Uso Interno,Deduz. Individ.,Deduz. Grupos,% Ocup.,Receita Quartos,Preço Médio,Saídas,Quartos FdS,Adul. / Cri.,fevereiro,Previsão,04-fev-2027 qui,0,0,0,0,0,0,0,-,-,NaN,0,0,0,0,0,0,0,0,0,0,-,-,NaN,0,0,0,Total fev,0,0,0,0,0,0,0,-,-,NaN,0,0,0,Total,7589,3882,2545,0,0,6037,1552,"11,64","831 690,39","72,50",2671,0,14843
Data,Ocup,Opção,Cheg,Oferta/Uso Interno,Deduz. Individ.,Deduz. Grupos,% Ocup.,Receita Quartos,Preço Médio,Saídas,Quartos FdS,Adul. / Cri.,fevereiro,Previsão,05-fev-2027 sex,0,0,0,0,0,0,0,-,-,NaN,0,0,0,0,0,0,0,0,0,0,-,-,NaN,0,0,0,Total fev,0,0,0,0,0,0,0,-,-,NaN,0,0,0,Total,7589,3882,2545,0,0,6037,1552,"11,64","831 690,39","72,50",2671,0,14843
Data,Ocup,Opção,Cheg,Oferta/Uso Interno,Deduz. Individ.,Deduz. Grupos,% Ocup.,Receita Quartos,Preço Médio,Saídas,Quartos FdS,Adul. / Cri.,fevereiro,Previsão,06-fev-2027 sáb,0,0,0,0,0,0,0,-,-,NaN,0,0,0,0,0,0,0,0,0,0,-,-,NaN,0,0,0,Total fev,0,0,0,0,0,0,0,-,-,NaN,0,0,0,Total,7589,3882,2545,0,0,6037,1552,"11,64","831 690,39","72,50",2671,0,14843
Data,Ocup,Opção,Cheg,Oferta/Uso Interno,Deduz. Individ.,Deduz. Grupos,% Ocup.,Receita Quartos,Preço Médio,Saídas,Quartos FdS,Adul. / Cri.,fevereiro,Previsão,07-fev-2027 dom,0,0,0,0,0,0,0,-,-,NaN,0,0,0,0,0,0,0,0,0,0,-,-,NaN,0,0,0,Total fev,0,0,0,0,0,0,0,-,-,NaN,0,0,0,Total,7589,3882,2545,0,0,6037,1552,"11,64","831 690,39","72,50",2671,0,14843
Data,Ocup,Opção,Cheg,Oferta/Uso Interno,Deduz. Individ.,Deduz. Grupos,% Ocup.,Receita Quartos,Preço Médio,Saídas,Quartos FdS,Adul. / Cri.,fevereiro,Previsão,08-fev-2027 seg,0,0,0,0,0,0,0,-,-,NaN,0,0,0,0,0,0,0,0,0,0,-,-,NaN,0,0,0,Total fev,0,0,0,0,0,0,0,-,-,NaN,0,0,0,Total,7589,3882,2545,0,0,6037,1552,"11,64","831 690,39","72,50",2671,0,14843
Data,Ocup,Opção,Cheg,Oferta/Uso Interno,Deduz. Individ.,Deduz. Grupos,% Ocup.,Receita Quartos,Preço Médio,Saídas,Quartos FdS,Adul. / Cri.,fevereiro,Previsão,09-fev-2027 ter,0,0,0,0,0,0,0,-,-,NaN,0,0,0,0,0,0,0,0,0,0,-,-,NaN,0,0,0,Total fev,0,0,0,0,0,0,0,-,-,NaN,0,0,0,Total,7589,3882,2545,0,0,6037,1552,"11,64","831 690,39","72,50",2671,0,14843
Data,Ocup,Opção,Cheg,Oferta/Uso Interno,Deduz. Individ.,Deduz. Grupos,% Ocup.,Receita Quartos,Preço Médio,Saídas,Quartos FdS,Adul. / Cri.,fevereiro,Previsão,10-fev-2027 qua,0,0,0,0,0,0,0,-,-,NaN,0,0,0,0,0,0,0,0,0,0,-,-,NaN,0,0,0,Total fev,0,0,0,0,0,0,0,-,-,NaN,0,0,0,Total,7589,3882,2545,0,0,6037,1552,"11,64","831 690,39","72,50",2671,0,14843
Data,Ocup,Opção,Cheg,Oferta/Uso Interno,Deduz. Individ.,Deduz. Grupos,% Ocup.,Receita Quartos,Preço Médio,Saídas,Quartos FdS,Adul. / Cri.,fevereiro,Previsão,11-fev-2027 qui,0,0,0,0,0,0,0,-,-,NaN,0,0,0,0,0,0,0,0,0,0,-,-,NaN,0,0,0,Total fev,0,0,0,0,0,0,0,-,-,NaN,0,0,0,Total,7589,3882,2545,0,0,6037,1552,"11,64","831 690,39","72,50",2671,0,14843
Data,Ocup,Opção,Cheg,Oferta/Uso Interno,Deduz. Individ.,Deduz. Grupos,% Ocup.,Receita Quartos,Preço Médio,Saídas,Quartos FdS,Adul. / Cri.,fevereiro,Previsão,12-fev-2027 sex,0,0,0,0,0,0,0,-,-,NaN,0,0,0,0,0,0,0,0,0,0,-,-,NaN,0,0,0,Total fev,0,0,0,0,0,0,0,-,-,NaN,0,0,0,Total,7589,3882,2545,0,0,6037,1552,"11,64","831 690,39","72,50",2671,0,14843
Data,Ocup,Opção,Cheg,Oferta/Uso Interno,Deduz. Individ.,Deduz. Grupos,% Ocup.,Receita Quartos,Preço Médio,Saídas,Quartos FdS,Adul. / Cri.,fevereiro,Previsão,13-fev-2027 sáb,0,0,0,0,0,0,0,-,-,NaN,0,0,0,0,0,0,0,0,0,0,-,-,NaN,0,0,0,Total fev,0,0,0,0,0,0,0,-,-,NaN,0,0,0,Total,7589,3882,2545,0,0,6037,1552,"11,64","831 690,39","72,50",2671,0,14843
Data,Ocup,Opção,Cheg,Oferta/Uso Interno,Deduz. Individ.,Deduz. Grupos,% Ocup.,Receita Quartos,Preço Médio,Saídas,Quartos FdS,Adul. / Cri.,fevereiro,Previsão,14-fev-2027 dom,0,0,0,0,0,0,0,-,-,NaN,0,0,0,0,0,0,0,0,0,0,-,-,NaN,0,0,0,Total fev,0,0,0,0,0,0,0,-,-,NaN,0,0,0,Total,7589,3882,2545,0,0,6037,1552,"11,64","831 690,39","72,50",2671,0,14843
Data,Ocup,Opção,Cheg,Oferta/Uso Interno,Deduz. Individ.,Deduz. Grupos,% Ocup.,Receita Quartos,Preço Médio,Saídas,Quartos FdS,Adul. / Cri.,fevereiro,Previsão,15-fev-2027 seg,0,0,0,0,0,0,0,-,-,NaN,0,0,0,0,0,0,0,0,0,0,-,-,NaN,0,0,0,Total fev,0,0,0,0,0,0,0,-,-,NaN,0,0,0,Total,7589,3882,2545,0,0,6037,1552,"11,64","831 690,39","72,50",2671,0,14843
Data,Ocup,Opção,Cheg,Oferta/Uso Interno,Deduz. Individ.,Deduz. Grupos,% Ocup.,Receita Quartos,Preço Médio,Saídas,Quartos FdS,Adul. / Cri.,fevereiro,Previsão,16-fev-2027 ter,0,0,0,0,0,0,0,-,-,NaN,0,0,0,0,0,0,0,0,0,0,-,-,NaN,0,0,0,Total fev,0,0,0,0,0,0,0,-,-,NaN,0,0,0,Total,7589,3882,2545,0,0,6037,1552,"11,64","831 690,39","72,50",2671,0,14843
Data,Ocup,Opção,Cheg,Oferta/Uso Interno,Deduz. Individ.,Deduz. Grupos,% Ocup.,Receita Quartos,Preço Médio,Saídas,Quartos FdS,Adul. / Cri.,fevereiro,Previsão,17-fev-2027 qua,0,0,0,0,0,0,0,-,-,NaN,0,0,0,0,0,0,0,0,0,0,-,-,NaN,0,0,0,Total fev,0,0,0,0,0,0,0,-,-,NaN,0,0,0,Total,7589,3882,2545,0,0,6037,1552,"11,64","831 690,39","72,50",2671,0,14843
Data,Ocup,Opção,Cheg,Oferta/Uso Interno,Deduz. Individ.,Deduz. Grupos,% Ocup.,Receita Quartos,Preço Médio,Saídas,Quartos FdS,Adul. / Cri.,fevereiro,Previsão,18-fev-2027 qui,0,0,0,0,0,0,0,-,-,NaN,0,0,0,0,0,0,0,0,0,0,-,-,NaN,0,0,0,Total fev,0,0,0,0,0,0,0,-,-,NaN,0,0,0,Total,7589,3882,2545,0,0,6037,1552,"11,64","831 690,39","72,50",2671,0,14843
Data,Ocup,Opção,Cheg,Oferta/Uso Interno,Deduz. Individ.,Deduz. Grupos,% Ocup.,Receita Quartos,Preço Médio,Saídas,Quartos FdS,Adul. / Cri.,fevereiro,Previsão,19-fev-2027 sex,0,0,0,0,0,0,0,-,-,NaN,0,0,0,0,0,0,0,0,0,0,-,-,NaN,0,0,0,Total fev,0,0,0,0,0,0,0,-,-,NaN,0,0,0,Total,7589,3882,2545,0,0,6037,1552,"11,64","831 690,39","72,50",2671,0,14843
Data,Ocup,Opção,Cheg,Oferta/Uso Interno,Deduz. Individ.,Deduz. Grupos,% Ocup.,Receita Quartos,Preço Médio,Saídas,Quartos FdS,Adul. / Cri.,fevereiro,Previsão,20-fev-2027 sáb,0,0,0,0,0,0,0,-,-,NaN,0,0,0,0,0,0,0,0,0,0,-,-,NaN,0,0,0,Total fev,0,0,0,0,0,0,0,-,-,NaN,0,0,0,Total,7589,3882,2545,0,0,6037,1552,"11,64","831 690,39","72,50",2671,0,14843
Data,Ocup,Opção,Cheg,Oferta/Uso Interno,Deduz. Individ.,Deduz. Grupos,% Ocup.,Receita Quartos,Preço Médio,Saídas,Quartos FdS,Adul. / Cri.,fevereiro,Previsão,21-fev-2027 dom,0,0,0,0,0,0,0,-,-,NaN,0,0,0,0,0,0,0,0,0,0,-,-,NaN,0,0,0,Total fev,0,0,0,0,0,0,0,-,-,NaN,0,0,0,Total,7589,3882,2545,0,0,6037,1552,"11,64","831 690,39","72,50",2671,0,14843
Data,Ocup,Opção,Cheg,Oferta/Uso Interno,Deduz. Individ.,Deduz. Grupos,% Ocup.,Receita Quartos,Preço Médio,Saídas,Quartos FdS,Adul. / Cri.,fevereiro,Previsão,22-fev-2027 seg,0,0,0,0,0,0,0,-,-,NaN,0,0,0,0,0,0,0,0,0,0,-,-,NaN,0,0,0,Total fev,0,0,0,0,0,0,0,-,-,NaN,0,0,0,Total,7589,3882,2545,0,0,6037,1552,"11,64","831 690,39","72,50",2671,0,14843
Data,Ocup,Opção,Cheg,Oferta/Uso Interno,Deduz. Individ.,Deduz. Grupos,% Ocup.,Receita Quartos,Preço Médio,Saídas,Quartos FdS,Adul. / Cri.,fevereiro,Previsão,23-fev-2027 ter,0,0,0,0,0,0,0,-,-,NaN,0,0,0,0,0,0,0,0,0,0,-,-,NaN,0,0,0,Total fev,0,0,0,0,0,0,0,-,-,NaN,0,0,0,Total,7589,3882,2545,0,0,6037,1552,"11,64","831 690,39","72,50",2671,0,14843
Data,Ocup,Opção,Cheg,Oferta/Uso Interno,Deduz. Individ.,Deduz. Grupos,% Ocup.,Receita Quartos,Preço Médio,Saídas,Quartos FdS,Adul. / Cri.,fevereiro,Previsão,24-fev-2027 qua,0,0,0,0,0,0,0,-,-,NaN,0,0,0,0,0,0,0,0,0,0,-,-,NaN,0,0,0,Total fev,0,0,0,0,0,0,0,-,-,NaN,0,0,0,Total,7589,3882,2545,0,0,6037,1552,"11,64","831 690,39","72,50",2671,0,14843
Data,Ocup,Opção,Cheg,Oferta/Uso Interno,Deduz. Individ.,Deduz. Grupos,% Ocup.,Receita Quartos,Preço Médio,Saídas,Quartos FdS,Adul. / Cri.,fevereiro,Previsão,25-fev-2027 qui,0,0,0,0,0,0,0,-,-,NaN,0,0,0,0,0,0,0,0,0,0,-,-,NaN,0,0,0,Total fev,0,0,0,0,0,0,0,-,-,NaN,0,0,0,Total,7589,3882,2545,0,0,6037,1552,"11,64","831 690,39","72,50",2671,0,14843
Data,Ocup,Opção,Cheg,Oferta/Uso Interno,Deduz. Individ.,Deduz. Grupos,% Ocup.,Receita Quartos,Preço Médio,Saídas,Quartos FdS,Adul. / Cri.,fevereiro,Previsão,26-fev-2027 sex,0,0,0,0,0,0,0,-,-,NaN,0,0,0,0,0,0,0,0,0,0,-,-,NaN,0,0,0,Total fev,0,0,0,0,0,0,0,-,-,NaN,0,0,0,Total,7589,3882,2545,0,0,6037,1552,"11,64","831 690,39","72,50",2671,0,14843
Data,Ocup,Opção,Cheg,Oferta/Uso Interno,Deduz. Individ.,Deduz. Grupos,% Ocup.,Receita Quartos,Preço Médio,Saídas,Quartos FdS,Adul. / Cri.,fevereiro,Previsão,27-fev-2027 sáb,0,0,0,0,0,0,0,-,-,NaN,0,0,0,0,0,0,0,0,0,0,-,-,NaN,0,0,0,Total fev,0,0,0,0,0,0,0,-,-,NaN,0,0,0,Total,7589,3882,2545,0,0,6037,1552,"11,64","831 690,39","72,50",2671,0,14843
Data,Ocup,Opção,Cheg,Oferta/Uso Interno,Deduz. Individ.,Deduz. Grupos,% Ocup.,Receita Quartos,Preço Médio,Saídas,Quartos FdS,Adul. / Cri.,fevereiro,Previsão,28-fev-2027 dom,0,0,0,0,0,0,0,-,-,NaN,0,0,0,0,0,0,0,0,0,0,-,-,NaN,0,0,0,Total fev,0,0,0,0,0,0,0,-,-,NaN,0,0,0,Total,7589,3882,2545,0,0,6037,1552,"11,64","831 690,39","72,50",2671,0,14843
Data,Ocup,Opção,Cheg,Oferta/Uso Interno,Deduz. Individ.,Deduz. Grupos,% Ocup.,Receita Quartos,Preço Médio,Saídas,Quartos FdS,Adul. / Cri.,março,Previsão,01-mar-2027 seg,0,0,0,0,0,0,0,-,-,NaN,0,0,0,0,0,0,0,0,0,0,-,-,NaN,0,0,0,Total mar,0,0,0,0,0,0,0,-,-,NaN,0,0,0,Total,7589,3882,2545,0,0,6037,1552,"11,64","831 690,39","72,50",2671,0,14843
Data,Ocup,Opção,Cheg,Oferta/Uso Interno,Deduz. Individ.,Deduz. Grupos,% Ocup.,Receita Quartos,Preço Médio,Saídas,Quartos FdS,Adul. / Cri.,março,Previsão,02-mar-2027 ter,0,0,0,0,0,0,0,-,-,NaN,0,0,0,0,0,0,0,0,0,0,-,-,NaN,0,0,0,Total mar,0,0,0,0,0,0,0,-,-,NaN,0,0,0,Total,7589,3882,2545,0,0,6037,1552,"11,64","831 690,39","72,50",2671,0,14843
Data,Ocup,Opção,Cheg,Oferta/Uso Interno,Deduz. Individ.,Deduz. Grupos,% Ocup.,Receita Quartos,Preço Médio,Saídas,Quartos FdS,Adul. / Cri.,março,Previsão,03-mar-2027 qua,0,0,0,0,0,0,0,-,-,NaN,0,0,0,0,0,0,0,0,0,0,-,-,NaN,0,0,0,Total mar,0,0,0,0,0,0,0,-,-,NaN,0,0,0,Total,7589,3882,2545,0,0,6037,1552,"11,64","831 690,39","72,50",2671,0,14843
Data,Ocup,Opção,Cheg,Oferta/Uso Interno,Deduz. Individ.,Deduz. Grupos,% Ocup.,Receita Quartos,Preço Médio,Saídas,Quartos FdS,Adul. / Cri.,março,Previsão,04-mar-2027 qui,0,0,0,0,0,0,0,-,-,NaN,0,0,0,0,0,0,0,0,0,0,-,-,NaN,0,0,0,Total mar,0,0,0,0,0,0,0,-,-,NaN,0,0,0,Total,7589,3882,2545,0,0,6037,1552,"11,64","831 690,39","72,50",2671,0,14843
Data,Ocup,Opção,Cheg,Oferta/Uso Interno,Deduz. Individ.,Deduz. Grupos,% Ocup.,Receita Quartos,Preço Médio,Saídas,Quartos FdS,Adul. / Cri.,março,Previsão,05-mar-2027 sex,0,0,0,0,0,0,0,-,-,NaN,0,0,0,0,0,0,0,0,0,0,-,-,NaN,0,0,0,Total mar,0,0,0,0,0,0,0,-,-,NaN,0,0,0,Total,7589,3882,2545,0,0,6037,1552,"11,64","831 690,39","72,50",2671,0,14843
Data,Ocup,Opção,Cheg,Oferta/Uso Interno,Deduz. Individ.,Deduz. Grupos,% Ocup.,Receita Quartos,Preço Médio,Saídas,Quartos FdS,Adul. / Cri.,março,Previsão,06-mar-2027 sáb,0,0,0,0,0,0,0,-,-,NaN,0,0,0,0,0,0,0,0,0,0,-,-,NaN,0,0,0,Total mar,0,0,0,0,0,0,0,-,-,NaN,0,0,0,Total,7589,3882,2545,0,0,6037,1552,"11,64","831 690,39","72,50",2671,0,14843
Data,Ocup,Opção,Cheg,Oferta/Uso Interno,Deduz. Individ.,Deduz. Grupos,% Ocup.,Receita Quartos,Preço Médio,Saídas,Quartos FdS,Adul. / Cri.,março,Previsão,07-mar-2027 dom,0,0,0,0,0,0,0,-,-,NaN,0,0,0,0,0,0,0,0,0,0,-,-,NaN,0,0,0,Total mar,0,0,0,0,0,0,0,-,-,NaN,0,0,0,Total,7589,3882,2545,0,0,6037,1552,"11,64","831 690,39","72,50",2671,0,14843
Data,Ocup,Opção,Cheg,Oferta/Uso Interno,Deduz. Individ.,Deduz. Grupos,% Ocup.,Receita Quartos,Preço Médio,Saídas,Quartos FdS,Adul. / Cri.,março,Previsão,08-mar-2027 seg,0,0,0,0,0,0,0,-,-,NaN,0,0,0,0,0,0,0,0,0,0,-,-,NaN,0,0,0,Total mar,0,0,0,0,0,0,0,-,-,NaN,0,0,0,Total,7589,3882,2545,0,0,6037,1552,"11,64","831 690,39","72,50",2671,0,14843
Data,Ocup,Opção,Cheg,Oferta/Uso Interno,Deduz. Individ.,Deduz. Grupos,% Ocup.,Receita Quartos,Preço Médio,Saídas,Quartos FdS,Adul. / Cri.,março,Previsão,09-mar-2027 ter,0,0,0,0,0,0,0,-,-,NaN,0,0,0,0,0,0,0,0,0,0,-,-,NaN,0,0,0,Total mar,0,0,0,0,0,0,0,-,-,NaN,0,0,0,Total,7589,3882,2545,0,0,6037,1552,"11,64","831 690,39","72,50",2671,0,14843
Data,Ocup,Opção,Cheg,Oferta/Uso Interno,Deduz. Individ.,Deduz. Grupos,% Ocup.,Receita Quartos,Preço Médio,Saídas,Quartos FdS,Adul. / Cri.,março,Previsão,10-mar-2027 qua,0,0,0,0,0,0,0,-,-,NaN,0,0,0,0,0,0,0,0,0,0,-,-,NaN,0,0,0,Total mar,0,0,0,0,0,0,0,-,-,NaN,0,0,0,Total,7589,3882,2545,0,0,6037,1552,"11,64","831 690,39","72,50",2671,0,14843
Data,Ocup,Opção,Cheg,Oferta/Uso Interno,Deduz. Individ.,Deduz. Grupos,% Ocup.,Receita Quartos,Preço Médio,Saídas,Quartos FdS,Adul. / Cri.,março,Previsão,11-mar-2027 qui,0,0,0,0,0,0,0,-,-,NaN,0,0,0,0,0,0,0,0,0,0,-,-,NaN,0,0,0,Total mar,0,0,0,0,0,0,0,-,-,NaN,0,0,0,Total,7589,3882,2545,0,0,6037,1552,"11,64","831 690,39","72,50",2671,0,14843
Data,Ocup,Opção,Cheg,Oferta/Uso Interno,Deduz. Individ.,Deduz. Grupos,% Ocup.,Receita Quartos,Preço Médio,Saídas,Quartos FdS,Adul. / Cri.,março,Previsão,12-mar-2027 sex,0,0,0,0,0,0,0,-,-,NaN,0,0,0,0,0,0,0,0,0,0,-,-,NaN,0,0,0,Total mar,0,0,0,0,0,0,0,-,-,NaN,0,0,0,Total,7589,3882,2545,0,0,6037,1552,"11,64","831 690,39","72,50",2671,0,14843
Data,Ocup,Opção,Cheg,Oferta/Uso Interno,Deduz. Individ.,Deduz. Grupos,% Ocup.,Receita Quartos,Preço Médio,Saídas,Quartos FdS,Adul. / Cri.,março,Previsão,13-mar-2027 sáb,0,0,0,0,0,0,0,-,-,NaN,0,0,0,0,0,0,0,0,0,0,-,-,NaN,0,0,0,Total mar,0,0,0,0,0,0,0,-,-,NaN,0,0,0,Total,7589,3882,2545,0,0,6037,1552,"11,64","831 690,39","72,50",2671,0,14843
Data,Ocup,Opção,Cheg,Oferta/Uso Interno,Deduz. Individ.,Deduz. Grupos,% Ocup.,Receita Quartos,Preço Médio,Saídas,Quartos FdS,Adul. / Cri.,março,Previsão,14-mar-2027 dom,0,0,0,0,0,0,0,-,-,NaN,0,0,0,0,0,0,0,0,0,0,-,-,NaN,0,0,0,Total mar,0,0,0,0,0,0,0,-,-,NaN,0,0,0,Total,7589,3882,2545,0,0,6037,1552,"11,64","831 690,39","72,50",2671,0,14843
Data,Ocup,Opção,Cheg,Oferta/Uso Interno,Deduz. Individ.,Deduz. Grupos,% Ocup.,Receita Quartos,Preço Médio,Saídas,Quartos FdS,Adul. / Cri.,março,Previsão,15-mar-2027 seg,0,0,0,0,0,0,0,-,-,NaN,0,0,0,0,0,0,0,0,0,0,-,-,NaN,0,0,0,Total mar,0,0,0,0,0,0,0,-,-,NaN,0,0,0,Total,7589,3882,2545,0,0,6037,1552,"11,64","831 690,39","72,50",2671,0,14843
Data,Ocup,Opção,Cheg,Oferta/Uso Interno,Deduz. Individ.,Deduz. Grupos,% Ocup.,Receita Quartos,Preço Médio,Saídas,Quartos FdS,Adul. / Cri.,março,Previsão,16-mar-2027 ter,0,0,0,0,0,0,0,-,-,NaN,0,0,0,0,0,0,0,0,0,0,-,-,NaN,0,0,0,Total mar,0,0,0,0,0,0,0,-,-,NaN,0,0,0,Total,7589,3882,2545,0,0,6037,1552,"11,64","831 690,39","72,50",2671,0,14843
Data,Ocup,Opção,Cheg,Oferta/Uso Interno,Deduz. Individ.,Deduz. Grupos,% Ocup.,Receita Quartos,Preço Médio,Saídas,Quartos FdS,Adul. / Cri.,março,Previsão,17-mar-2027 qua,0,0,0,0,0,0,0,-,-,NaN,0,0,0,0,0,0,0,0,0,0,-,-,NaN,0,0,0,Total mar,0,0,0,0,0,0,0,-,-,NaN,0,0,0,Total,7589,3882,2545,0,0,6037,1552,"11,64","831 690,39","72,50",2671,0,14843
Data,Ocup,Opção,Cheg,Oferta/Uso Interno,Deduz. Individ.,Deduz. Grupos,% Ocup.,Receita Quartos,Preço Médio,Saídas,Quartos FdS,Adul. / Cri.,março,Previsão,18-mar-2027 qui,0,0,0,0,0,0,0,-,-,NaN,0,0,0,0,0,0,0,0,0,0,-,-,NaN,0,0,0,Total mar,0,0,0,0,0,0,0,-,-,NaN,0,0,0,Total,7589,3882,2545,0,0,6037,1552,"11,64","831 690,39","72,50",2671,0,14843
Data,Ocup,Opção,Cheg,Oferta/Uso Interno,Deduz. Individ.,Deduz. Grupos,% Ocup.,Receita Quartos,Preço Médio,Saídas,Quartos FdS,Adul. / Cri.,março,Previsão,19-mar-2027 sex,0,0,0,0,0,0,0,-,-,NaN,0,0,0,0,0,0,0,0,0,0,-,-,NaN,0,0,0,Total mar,0,0,0,0,0,0,0,-,-,NaN,0,0,0,Total,7589,3882,2545,0,0,6037,1552,"11,64","831 690,39","72,50",2671,0,14843
Data,Ocup,Opção,Cheg,Oferta/Uso Interno,Deduz. Individ.,Deduz. Grupos,% Ocup.,Receita Quartos,Preço Médio,Saídas,Quartos FdS,Adul. / Cri.,março,Previsão,20-mar-2027 sáb,0,0,0,0,0,0,0,-,-,NaN,0,0,0,0,0,0,0,0,0,0,-,-,NaN,0,0,0,Total mar,0,0,0,0,0,0,0,-,-,NaN,0,0,0,Total,7589,3882,2545,0,0,6037,1552,"11,64","831 690,39","72,50",2671,0,14843
Data,Ocup,Opção,Cheg,Oferta/Uso Interno,Deduz. Individ.,Deduz. Grupos,% Ocup.,Receita Quartos,Preço Médio,Saídas,Quartos FdS,Adul. / Cri.,março,Previsão,21-mar-2027 dom,0,0,0,0,0,0,0,-,-,NaN,0,0,0,0,0,0,0,0,0,0,-,-,NaN,0,0,0,Total mar,0,0,0,0,0,0,0,-,-,NaN,0,0,0,Total,7589,3882,2545,0,0,6037,1552,"11,64","831 690,39","72,50",2671,0,14843
Data,Ocup,Opção,Cheg,Oferta/Uso Interno,Deduz. Individ.,Deduz. Grupos,% Ocup.,Receita Quartos,Preço Médio,Saídas,Quartos FdS,Adul. / Cri.,março,Previsão,22-mar-2027 seg,0,0,0,0,0,0,0,-,-,NaN,0,0,0,0,0,0,0,0,0,0,-,-,NaN,0,0,0,Total mar,0,0,0,0,0,0,0,-,-,NaN,0,0,0,Total,7589,3882,2545,0,0,6037,1552,"11,64","831 690,39","72,50",2671,0,14843
Data,Ocup,Opção,Cheg,Oferta/Uso Interno,Deduz. Individ.,Deduz. Grupos,% Ocup.,Receita Quartos,Preço Médio,Saídas,Quartos FdS,Adul. / Cri.,março,Previsão,23-mar-2027 ter,0,0,0,0,0,0,0,-,-,NaN,0,0,0,0,0,0,0,0,0,0,-,-,NaN,0,0,0,Total mar,0,0,0,0,0,0,0,-,-,NaN,0,0,0,Total,7589,3882,2545,0,0,6037,1552,"11,64","831 690,39","72,50",2671,0,14843
Data,Ocup,Opção,Cheg,Oferta/Uso Interno,Deduz. Individ.,Deduz. Grupos,% Ocup.,Receita Quartos,Preço Médio,Saídas,Quartos FdS,Adul. / Cri.,março,Previsão,24-mar-2027 qua,0,0,0,0,0,0,0,-,-,NaN,0,0,0,0,0,0,0,0,0,0,-,-,NaN,0,0,0,Total mar,0,0,0,0,0,0,0,-,-,NaN,0,0,0,Total,7589,3882,2545,0,0,6037,1552,"11,64","831 690,39","72,50",2671,0,14843
Data,Ocup,Opção,Cheg,Oferta/Uso Interno,Deduz. Individ.,Deduz. Grupos,% Ocup.,Receita Quartos,Preço Médio,Saídas,Quartos FdS,Adul. / Cri.,março,Previsão,25-mar-2027 qui,0,0,0,0,0,0,0,-,-,NaN,0,0,0,0,0,0,0,0,0,0,-,-,NaN,0,0,0,Total mar,0,0,0,0,0,0,0,-,-,NaN,0,0,0,Total,7589,3882,2545,0,0,6037,1552,"11,64","831 690,39","72,50",2671,0,14843
Data,Ocup,Opção,Cheg,Oferta/Uso Interno,Deduz. Individ.,Deduz. Grupos,% Ocup.,Receita Quartos,Preço Médio,Saídas,Quartos FdS,Adul. / Cri.,março,Previsão,26-mar-2027 sex,0,0,0,0,0,0,0,-,-,NaN,0,0,0,0,0,0,0,0,0,0,-,-,NaN,0,0,0,Total mar,0,0,0,0,0,0,0,-,-,NaN,0,0,0,Total,7589,3882,2545,0,0,6037,1552,"11,64","831 690,39","72,50",2671,0,14843
Data,Ocup,Opção,Cheg,Oferta/Uso Interno,Deduz. Individ.,Deduz. Grupos,% Ocup.,Receita Quartos,Preço Médio,Saídas,Quartos FdS,Adul. / Cri.,março,Previsão,27-mar-2027 sáb,0,0,0,0,0,0,0,-,-,NaN,0,0,0,0,0,0,0,0,0,0,-,-,NaN,0,0,0,Total mar,0,0,0,0,0,0,0,-,-,NaN,0,0,0,Total,7589,3882,2545,0,0,6037,1552,"11,64","831 690,39","72,50",2671,0,14843
Data,Ocup,Opção,Cheg,Oferta/Uso Interno,Deduz. Individ.,Deduz. Grupos,% Ocup.,Receita Quartos,Preço Médio,Saídas,Quartos FdS,Adul. / Cri.,março,Previsão,28-mar-2027 dom,0,0,0,0,0,0,0,-,-,NaN,0,0,0,0,0,0,0,0,0,0,-,-,NaN,0,0,0,Total mar,0,0,0,0,0,0,0,-,-,NaN,0,0,0,Total,7589,3882,2545,0,0,6037,1552,"11,64","831 690,39","72,50",2671,0,14843
Data,Ocup,Opção,Cheg,Oferta/Uso Interno,Deduz. Individ.,Deduz. Grupos,% Ocup.,Receita Quartos,Preço Médio,Saídas,Quartos FdS,Adul. / Cri.,março,Previsão,29-mar-2027 seg,0,0,0,0,0,0,0,-,-,NaN,0,0,0,0,0,0,0,0,0,0,-,-,NaN,0,0,0,Total mar,0,0,0,0,0,0,0,-,-,NaN,0,0,0,Total,7589,3882,2545,0,0,6037,1552,"11,64","831 690,39","72,50",2671,0,14843
Data,Ocup,Opção,Cheg,Oferta/Uso Interno,Deduz. Individ.,Deduz. Grupos,% Ocup.,Receita Quartos,Preço Médio,Saídas,Quartos FdS,Adul. / Cri.,março,Previsão,30-mar-2027 ter,0,0,0,0,0,0,0,-,-,NaN,0,0,0,0,0,0,0,0,0,0,-,-,NaN,0,0,0,Total mar,0,0,0,0,0,0,0,-,-,NaN,0,0,0,Total,7589,3882,2545,0,0,6037,1552,"11,64","831 690,39","72,50",2671,0,14843
Data,Ocup,Opção,Cheg,Oferta/Uso Interno,Deduz. Individ.,Deduz. Grupos,% Ocup.,Receita Quartos,Preço Médio,Saídas,Quartos FdS,Adul. / Cri.,março,Previsão,31-mar-2027 qua,0,0,0,0,0,0,0,-,-,NaN,0,0,0,0,0,0,0,0,0,0,-,-,NaN,0,0,0,Total mar,0,0,0,0,0,0,0,-,-,NaN,0,0,0,Total,7589,3882,2545,0,0,6037,1552,"11,64","831 690,39","72,50",2671,0,14843
Data,Ocup,Opção,Cheg,Oferta/Uso Interno,Deduz. Individ.,Deduz. Grupos,% Ocup.,Receita Quartos,Preço Médio,Saídas,Quartos FdS,Adul. / Cri.,abril,Previsão,01-abr-2027 qui,0,0,0,0,0,0,0,-,-,NaN,0,0,0,0,0,0,0,0,0,0,-,-,NaN,0,0,0,Total abr,0,0,0,0,0,0,0,-,-,NaN,0,0,0,Total,7589,3882,2545,0,0,6037,1552,"11,64","831 690,39","72,50",2671,0,14843
Data,Ocup,Opção,Cheg,Oferta/Uso Interno,Deduz. Individ.,Deduz. Grupos,% Ocup.,Receita Quartos,Preço Médio,Saídas,Quartos FdS,Adul. / Cri.,abril,Previsão,02-abr-2027 sex,0,0,0,0,0,0,0,-,-,NaN,0,0,0,0,0,0,0,0,0,0,-,-,NaN,0,0,0,Total abr,0,0,0,0,0,0,0,-,-,NaN,0,0,0,Total,7589,3882,2545,0,0,6037,1552,"11,64","831 690,39","72,50",2671,0,14843
Data,Ocup,Opção,Cheg,Oferta/Uso Interno,Deduz. Individ.,Deduz. Grupos,% Ocup.,Receita Quartos,Preço Médio,Saídas,Quartos FdS,Adul. / Cri.,abril,Previsão,03-abr-2027 sáb,0,0,0,0,0,0,0,-,-,NaN,0,0,0,0,0,0,0,0,0,0,-,-,NaN,0,0,0,Total abr,0,0,0,0,0,0,0,-,-,NaN,0,0,0,Total,7589,3882,2545,0,0,6037,1552,"11,64","831 690,39","72,50",2671,0,14843
Data,Ocup,Opção,Cheg,Oferta/Uso Interno,Deduz. Individ.,Deduz. Grupos,% Ocup.,Receita Quartos,Preço Médio,Saídas,Quartos FdS,Adul. / Cri.,abril,Previsão,04-abr-2027 dom,0,0,0,0,0,0,0,-,-,NaN,0,0,0,0,0,0,0,0,0,0,-,-,NaN,0,0,0,Total abr,0,0,0,0,0,0,0,-,-,NaN,0,0,0,Total,7589,3882,2545,0,0,6037,1552,"11,64","831 690,39","72,50",2671,0,14843
Data,Ocup,Opção,Cheg,Oferta/Uso Interno,Deduz. Individ.,Deduz. Grupos,% Ocup.,Receita Quartos,Preço Médio,Saídas,Quartos FdS,Adul. / Cri.,abril,Previsão,05-abr-2027 seg,0,0,0,0,0,0,0,-,-,NaN,0,0,0,0,0,0,0,0,0,0,-,-,NaN,0,0,0,Total abr,0,0,0,0,0,0,0,-,-,NaN,0,0,0,Total,7589,3882,2545,0,0,6037,1552,"11,64","831 690,39","72,50",2671,0,14843
Data,Ocup,Opção,Cheg,Oferta/Uso Interno,Deduz. Individ.,Deduz. Grupos,% Ocup.,Receita Quartos,Preço Médio,Saídas,Quartos FdS,Adul. / Cri.,abril,Previsão,06-abr-2027 ter,0,0,0,0,0,0,0,-,-,NaN,0,0,0,0,0,0,0,0,0,0,-,-,NaN,0,0,0,Total abr,0,0,0,0,0,0,0,-,-,NaN,0,0,0,Total,7589,3882,2545,0,0,6037,1552,"11,64","831 690,39","72,50",2671,0,14843
Data,Ocup,Opção,Cheg,Oferta/Uso Interno,Deduz. Individ.,Deduz. Grupos,% Ocup.,Receita Quartos,Preço Médio,Saídas,Quartos FdS,Adul. / Cri.,abril,Previsão,07-abr-2027 qua,0,0,0,0,0,0,0,-,-,NaN,0,0,0,0,0,0,0,0,0,0,-,-,NaN,0,0,0,Total abr,0,0,0,0,0,0,0,-,-,NaN,0,0,0,Total,7589,3882,2545,0,0,6037,1552,"11,64","831 690,39","72,50",2671,0,14843
Data,Ocup,Opção,Cheg,Oferta/Uso Interno,Deduz. Individ.,Deduz. Grupos,% Ocup.,Receita Quartos,Preço Médio,Saídas,Quartos FdS,Adul. / Cri.,abril,Previsão,08-abr-2027 qui,0,0,0,0,0,0,0,-,-,NaN,0,0,0,0,0,0,0,0,0,0,-,-,NaN,0,0,0,Total abr,0,0,0,0,0,0,0,-,-,NaN,0,0,0,Total,7589,3882,2545,0,0,6037,1552,"11,64","831 690,39","72,50",2671,0,14843
Data,Ocup,Opção,Cheg,Oferta/Uso Interno,Deduz. Individ.,Deduz. Grupos,% Ocup.,Receita Quartos,Preço Médio,Saídas,Quartos FdS,Adul. / Cri.,abril,Previsão,09-abr-2027 sex,0,0,0,0,0,0,0,-,-,NaN,0,0,0,0,0,0,0,0,0,0,-,-,NaN,0,0,0,Total abr,0,0,0,0,0,0,0,-,-,NaN,0,0,0,Total,7589,3882,2545,0,0,6037,1552,"11,64","831 690,39","72,50",2671,0,14843
Data,Ocup,Opção,Cheg,Oferta/Uso Interno,Deduz. Individ.,Deduz. Grupos,% Ocup.,Receita Quartos,Preço Médio,Saídas,Quartos FdS,Adul. / Cri.,abril,Previsão,10-abr-2027 sáb,0,0,0,0,0,0,0,-,-,NaN,0,0,0,0,0,0,0,0,0,0,-,-,NaN,0,0,0,Total abr,0,0,0,0,0,0,0,-,-,NaN,0,0,0,Total,7589,3882,2545,0,0,6037,1552,"11,64","831 690,39","72,50",2671,0,14843
Data,Ocup,Opção,Cheg,Oferta/Uso Interno,Deduz. Individ.,Deduz. Grupos,% Ocup.,Receita Quartos,Preço Médio,Saídas,Quartos FdS,Adul. / Cri.,abril,Previsão,11-abr-2027 dom,0,0,0,0,0,0,0,-,-,NaN,0,0,0,0,0,0,0,0,0,0,-,-,NaN,0,0,0,Total abr,0,0,0,0,0,0,0,-,-,NaN,0,0,0,Total,7589,3882,2545,0,0,6037,1552,"11,64","831 690,39","72,50",2671,0,14843
Data,Ocup,Opção,Cheg,Oferta/Uso Interno,Deduz. Individ.,Deduz. Grupos,% Ocup.,Receita Quartos,Preço Médio,Saídas,Quartos FdS,Adul. / Cri.,abril,Previsão,12-abr-2027 seg,0,0,0,0,0,0,0,-,-,NaN,0,0,0,0,0,0,0,0,0,0,-,-,NaN,0,0,0,Total abr,0,0,0,0,0,0,0,-,-,NaN,0,0,0,Total,7589,3882,2545,0,0,6037,1552,"11,64","831 690,39","72,50",2671,0,14843
Data,Ocup,Opção,Cheg,Oferta/Uso Interno,Deduz. Individ.,Deduz. Grupos,% Ocup.,Receita Quartos,Preço Médio,Saídas,Quartos FdS,Adul. / Cri.,abril,Previsão,13-abr-2027 ter,0,0,0,0,0,0,0,-,-,NaN,0,0,0,0,0,0,0,0,0,0,-,-,NaN,0,0,0,Total abr,0,0,0,0,0,0,0,-,-,NaN,0,0,0,Total,7589,3882,2545,0,0,6037,1552,"11,64","831 690,39","72,50",2671,0,14843
Data,Ocup,Opção,Cheg,Oferta/Uso Interno,Deduz. Individ.,Deduz. Grupos,% Ocup.,Receita Quartos,Preço Médio,Saídas,Quartos FdS,Adul. / Cri.,abril,Previsão,14-abr-2027 qua,0,0,0,0,0,0,0,-,-,NaN,0,0,0,0,0,0,0,0,0,0,-,-,NaN,0,0,0,Total abr,0,0,0,0,0,0,0,-,-,NaN,0,0,0,Total,7589,3882,2545,0,0,6037,1552,"11,64","831 690,39","72,50",2671,0,14843
Data,Ocup,Opção,Cheg,Oferta/Uso Interno,Deduz. Individ.,Deduz. Grupos,% Ocup.,Receita Quartos,Preço Médio,Saídas,Quartos FdS,Adul. / Cri.,abril,Previsão,15-abr-2027 qui,0,0,0,0,0,0,0,-,-,NaN,0,0,0,0,0,0,0,0,0,0,-,-,NaN,0,0,0,Total abr,0,0,0,0,0,0,0,-,-,NaN,0,0,0,Total,7589,3882,2545,0,0,6037,1552,"11,64","831 690,39","72,50",2671,0,14843
Data,Ocup,Opção,Cheg,Oferta/Uso Interno,Deduz. Individ.,Deduz. Grupos,% Ocup.,Receita Quartos,Preço Médio,Saídas,Quartos FdS,Adul. / Cri.,abril,Previsão,16-abr-2027 sex,0,0,0,0,0,0,0,-,-,NaN,0,0,0,0,0,0,0,0,0,0,-,-,NaN,0,0,0,Total abr,0,0,0,0,0,0,0,-,-,NaN,0,0,0,Total,7589,3882,2545,0,0,6037,1552,"11,64","831 690,39","72,50",2671,0,14843
Data,Ocup,Opção,Cheg,Oferta/Uso Interno,Deduz. Individ.,Deduz. Grupos,% Ocup.,Receita Quartos,Preço Médio,Saídas,Quartos FdS,Adul. / Cri.,abril,Previsão,17-abr-2027 sáb,0,0,0,0,0,0,0,-,-,NaN,0,0,0,0,0,0,0,0,0,0,-,-,NaN,0,0,0,Total abr,0,0,0,0,0,0,0,-,-,NaN,0,0,0,Total,7589,3882,2545,0,0,6037,1552,"11,64","831 690,39","72,50",2671,0,14843
Data,Ocup,Opção,Cheg,Oferta/Uso Interno,Deduz. Individ.,Deduz. Grupos,% Ocup.,Receita Quartos,Preço Médio,Saídas,Quartos FdS,Adul. / Cri.,abril,Previsão,18-abr-2027 dom,0,0,0,0,0,0,0,-,-,NaN,0,0,0,0,0,0,0,0,0,0,-,-,NaN,0,0,0,Total abr,0,0,0,0,0,0,0,-,-,NaN,0,0,0,Total,7589,3882,2545,0,0,6037,1552,"11,64","831 690,39","72,50",2671,0,14843
Data,Ocup,Opção,Cheg,Oferta/Uso Interno,Deduz. Individ.,Deduz. Grupos,% Ocup.,Receita Quartos,Preço Médio,Saídas,Quartos FdS,Adul. / Cri.,abril,Previsão,19-abr-2027 seg,0,0,0,0,0,0,0,-,-,NaN,0,0,0,0,0,0,0,0,0,0,-,-,NaN,0,0,0,Total abr,0,0,0,0,0,0,0,-,-,NaN,0,0,0,Total,7589,3882,2545,0,0,6037,1552,"11,64","831 690,39","72,50",2671,0,14843
Data,Ocup,Opção,Cheg,Oferta/Uso Interno,Deduz. Individ.,Deduz. Grupos,% Ocup.,Receita Quartos,Preço Médio,Saídas,Quartos FdS,Adul. / Cri.,abril,Previsão,20-abr-2027 ter,0,0,0,0,0,0,0,-,-,NaN,0,0,0,0,0,0,0,0,0,0,-,-,NaN,0,0,0,Total abr,0,0,0,0,0,0,0,-,-,NaN,0,0,0,Total,7589,3882,2545,0,0,6037,1552,"11,64","831 690,39","72,50",2671,0,14843
Data,Ocup,Opção,Cheg,Oferta/Uso Interno,Deduz. Individ.,Deduz. Grupos,% Ocup.,Receita Quartos,Preço Médio,Saídas,Quartos FdS,Adul. / Cri.,abril,Previsão,21-abr-2027 qua,0,0,0,0,0,0,0,-,-,NaN,0,0,0,0,0,0,0,0,0,0,-,-,NaN,0,0,0,Total abr,0,0,0,0,0,0,0,-,-,NaN,0,0,0,Total,7589,3882,2545,0,0,6037,1552,"11,64","831 690,39","72,50",2671,0,14843
Data,Ocup,Opção,Cheg,Oferta/Uso Interno,Deduz. Individ.,Deduz. Grupos,% Ocup.,Receita Quartos,Preço Médio,Saídas,Quartos FdS,Adul. / Cri.,abril,Previsão,22-abr-2027 qui,0,0,0,0,0,0,0,-,-,NaN,0,0,0,0,0,0,0,0,0,0,-,-,NaN,0,0,0,Total abr,0,0,0,0,0,0,0,-,-,NaN,0,0,0,Total,7589,3882,2545,0,0,6037,1552,"11,64","831 690,39","72,50",2671,0,14843
Data,Ocup,Opção,Cheg,Oferta/Uso Interno,Deduz. Individ.,Deduz. Grupos,% Ocup.,Receita Quartos,Preço Médio,Saídas,Quartos FdS,Adul. / Cri.,abril,Previsão,23-abr-2027 sex,0,0,0,0,0,0,0,-,-,NaN,0,0,0,0,0,0,0,0,0,0,-,-,NaN,0,0,0,Total abr,0,0,0,0,0,0,0,-,-,NaN,0,0,0,Total,7589,3882,2545,0,0,6037,1552,"11,64","831 690,39","72,50",2671,0,14843
Data,Ocup,Opção,Cheg,Oferta/Uso Interno,Deduz. Individ.,Deduz. Grupos,% Ocup.,Receita Quartos,Preço Médio,Saídas,Quartos FdS,Adul. / Cri.,abril,Previsão,24-abr-2027 sáb,0,0,0,0,0,0,0,-,-,NaN,0,0,0,0,0,0,0,0,0,0,-,-,NaN,0,0,0,Total abr,0,0,0,0,0,0,0,-,-,NaN,0,0,0,Total,7589,3882,2545,0,0,6037,1552,"11,64","831 690,39","72,50",2671,0,14843
Data,Ocup,Opção,Cheg,Oferta/Uso Interno,Deduz. Individ.,Deduz. Grupos,% Ocup.,Receita Quartos,Preço Médio,Saídas,Quartos FdS,Adul. / Cri.,abril,Previsão,25-abr-2027 dom,0,0,0,0,0,0,0,-,-,NaN,0,0,0,0,0,0,0,0,0,0,-,-,NaN,0,0,0,Total abr,0,0,0,0,0,0,0,-,-,NaN,0,0,0,Total,7589,3882,2545,0,0,6037,1552,"11,64","831 690,39","72,50",2671,0,14843
Data,Ocup,Opção,Cheg,Oferta/Uso Interno,Deduz. Individ.,Deduz. Grupos,% Ocup.,Receita Quartos,Preço Médio,Saídas,Quartos FdS,Adul. / Cri.,abril,Previsão,26-abr-2027 seg,0,0,0,0,0,0,0,-,-,NaN,0,0,0,0,0,0,0,0,0,0,-,-,NaN,0,0,0,Total abr,0,0,0,0,0,0,0,-,-,NaN,0,0,0,Total,7589,3882,2545,0,0,6037,1552,"11,64","831 690,39","72,50",2671,0,14843
Data,Ocup,Opção,Cheg,Oferta/Uso Interno,Deduz. Individ.,Deduz. Grupos,% Ocup.,Receita Quartos,Preço Médio,Saídas,Quartos FdS,Adul. / Cri.,abril,Previsão,27-abr-2027 ter,0,0,0,0,0,0,0,-,-,NaN,0,0,0,0,0,0,0,0,0,0,-,-,NaN,0,0,0,Total abr,0,0,0,0,0,0,0,-,-,NaN,0,0,0,Total,7589,3882,2545,0,0,6037,1552,"11,64","831 690,39","72,50",2671,0,14843
Data,Ocup,Opção,Cheg,Oferta/Uso Interno,Deduz. Individ.,Deduz. Grupos,% Ocup.,Receita Quartos,Preço Médio,Saídas,Quartos FdS,Adul. / Cri.,abril,Previsão,28-abr-2027 qua,0,0,0,0,0,0,0,-,-,NaN,0,0,0,0,0,0,0,0,0,0,-,-,NaN,0,0,0,Total abr,0,0,0,0,0,0,0,-,-,NaN,0,0,0,Total,7589,3882,2545,0,0,6037,1552,"11,64","831 690,39","72,50",2671,0,14843
Data,Ocup,Opção,Cheg,Oferta/Uso Interno,Deduz. Individ.,Deduz. Grupos,% Ocup.,Receita Quartos,Preço Médio,Saídas,Quartos FdS,Adul. / Cri.,abril,Previsão,29-abr-2027 qui,0,0,0,0,0,0,0,-,-,NaN,0,0,0,0,0,0,0,0,0,0,-,-,NaN,0,0,0,Total abr,0,0,0,0,0,0,0,-,-,NaN,0,0,0,Total,7589,3882,2545,0,0,6037,1552,"11,64","831 690,39","72,50",2671,0,14843
Data,Ocup,Opção,Cheg,Oferta/Uso Interno,Deduz. Individ.,Deduz. Grupos,% Ocup.,Receita Quartos,Preço Médio,Saídas,Quartos FdS,Adul. / Cri.,abril,Previsão,30-abr-2027 sex,0,0,0,0,0,0,0,-,-,NaN,0,0,0,0,0,0,0,0,0,0,-,-,NaN,0,0,0,Total abr,0,0,0,0,0,0,0,-,-,NaN,0,0,0,Total,7589,3882,2545,0,0,6037,1552,"11,64","831 690,39","72,50",2671,0,14843
Data,Ocup,Opção,Cheg,Oferta/Uso Interno,Deduz. Individ.,Deduz. Grupos,% Ocup.,Receita Quartos,Preço Médio,Saídas,Quartos FdS,Adul. / Cri.,maio,Previsão,01-mai-2027 sáb,0,0,0,0,0,0,0,-,-,NaN,0,0,0,0,0,0,0,0,0,0,-,-,NaN,0,0,0,Total mai,0,0,0,0,0,0,0,-,-,NaN,0,0,0,Total,7589,3882,2545,0,0,6037,1552,"11,64","831 690,39","72,50",2671,0,14843
Data,Ocup,Opção,Cheg,Oferta/Uso Interno,Deduz. Individ.,Deduz. Grupos,% Ocup.,Receita Quartos,Preço Médio,Saídas,Quartos FdS,Adul. / Cri.,maio,Previsão,02-mai-2027 dom,0,0,0,0,0,0,0,-,-,NaN,0,0,0,0,0,0,0,0,0,0,-,-,NaN,0,0,0,Total mai,0,0,0,0,0,0,0,-,-,NaN,0,0,0,Total,7589,3882,2545,0,0,6037,1552,"11,64","831 690,39","72,50",2671,0,14843
Data,Ocup,Opção,Cheg,Oferta/Uso Interno,Deduz. Individ.,Deduz. Grupos,% Ocup.,Receita Quartos,Preço Médio,Saídas,Quartos FdS,Adul. / Cri.,maio,Previsão,03-mai-2027 seg,0,0,0,0,0,0,0,-,-,NaN,0,0,0,0,0,0,0,0,0,0,-,-,NaN,0,0,0,Total mai,0,0,0,0,0,0,0,-,-,NaN,0,0,0,Total,7589,3882,2545,0,0,6037,1552,"11,64","831 690,39","72,50",2671,0,14843
Data,Ocup,Opção,Cheg,Oferta/Uso Interno,Deduz. Individ.,Deduz. Grupos,% Ocup.,Receita Quartos,Preço Médio,Saídas,Quartos FdS,Adul. / Cri.,maio,Previsão,04-mai-2027 ter,0,0,0,0,0,0,0,-,-,NaN,0,0,0,0,0,0,0,0,0,0,-,-,NaN,0,0,0,Total mai,0,0,0,0,0,0,0,-,-,NaN,0,0,0,Total,7589,3882,2545,0,0,6037,1552,"11,64","831 690,39","72,50",2671,0,14843
Data,Ocup,Opção,Cheg,Oferta/Uso Interno,Deduz. Individ.,Deduz. Grupos,% Ocup.,Receita Quartos,Preço Médio,Saídas,Quartos FdS,Adul. / Cri.,maio,Previsão,05-mai-2027 qua,0,0,0,0,0,0,0,-,-,NaN,0,0,0,0,0,0,0,0,0,0,-,-,NaN,0,0,0,Total mai,0,0,0,0,0,0,0,-,-,NaN,0,0,0,Total,7589,3882,2545,0,0,6037,1552,"11,64","831 690,39","72,50",2671,0,14843
Data,Ocup,Opção,Cheg,Oferta/Uso Interno,Deduz. Individ.,Deduz. Grupos,% Ocup.,Receita Quartos,Preço Médio,Saídas,Quartos FdS,Adul. / Cri.,maio,Previsão,06-mai-2027 qui,0,0,0,0,0,0,0,-,-,NaN,0,0,0,0,0,0,0,0,0,0,-,-,NaN,0,0,0,Total mai,0,0,0,0,0,0,0,-,-,NaN,0,0,0,Total,7589,3882,2545,0,0,6037,1552,"11,64","831 690,39","72,50",2671,0,14843
Data,Ocup,Opção,Cheg,Oferta/Uso Interno,Deduz. Individ.,Deduz. Grupos,% Ocup.,Receita Quartos,Preço Médio,Saídas,Quartos FdS,Adul. / Cri.,maio,Previsão,07-mai-2027 sex,0,0,0,0,0,0,0,-,-,NaN,0,0,0,0,0,0,0,0,0,0,-,-,NaN,0,0,0,Total mai,0,0,0,0,0,0,0,-,-,NaN,0,0,0,Total,7589,3882,2545,0,0,6037,1552,"11,64","831 690,39","72,50",2671,0,14843
Data,Ocup,Opção,Cheg,Oferta/Uso Interno,Deduz. Individ.,Deduz. Grupos,% Ocup.,Receita Quartos,Preço Médio,Saídas,Quartos FdS,Adul. / Cri.,maio,Previsão,08-mai-2027 sáb,0,0,0,0,0,0,0,-,-,NaN,0,0,0,0,0,0,0,0,0,0,-,-,NaN,0,0,0,Total mai,0,0,0,0,0,0,0,-,-,NaN,0,0,0,Total,7589,3882,2545,0,0,6037,1552,"11,64","831 690,39","72,50",2671,0,14843
Data,Ocup,Opção,Cheg,Oferta/Uso Interno,Deduz. Individ.,Deduz. Grupos,% Ocup.,Receita Quartos,Preço Médio,Saídas,Quartos FdS,Adul. / Cri.,maio,Previsão,09-mai-2027 dom,0,0,0,0,0,0,0,-,-,NaN,0,0,0,0,0,0,0,0,0,0,-,-,NaN,0,0,0,Total mai,0,0,0,0,0,0,0,-,-,NaN,0,0,0,Total,7589,3882,2545,0,0,6037,1552,"11,64","831 690,39","72,50",2671,0,14843
Data,Ocup,Opção,Cheg,Oferta/Uso Interno,Deduz. Individ.,Deduz. Grupos,% Ocup.,Receita Quartos,Preço Médio,Saídas,Quartos FdS,Adul. / Cri.,maio,Previsão,10-mai-2027 seg,0,0,0,0,0,0,0,-,-,NaN,0,0,0,0,0,0,0,0,0,0,-,-,NaN,0,0,0,Total mai,0,0,0,0,0,0,0,-,-,NaN,0,0,0,Total,7589,3882,2545,0,0,6037,1552,"11,64","831 690,39","72,50",2671,0,14843
Data,Ocup,Opção,Cheg,Oferta/Uso Interno,Deduz. Individ.,Deduz. Grupos,% Ocup.,Receita Quartos,Preço Médio,Saídas,Quartos FdS,Adul. / Cri.,maio,Previsão,11-mai-2027 ter,0,0,0,0,0,0,0,-,-,NaN,0,0,0,0,0,0,0,0,0,0,-,-,NaN,0,0,0,Total mai,0,0,0,0,0,0,0,-,-,NaN,0,0,0,Total,7589,3882,2545,0,0,6037,1552,"11,64","831 690,39","72,50",2671,0,14843
Data,Ocup,Opção,Cheg,Oferta/Uso Interno,Deduz. Individ.,Deduz. Grupos,% Ocup.,Receita Quartos,Preço Médio,Saídas,Quartos FdS,Adul. / Cri.,maio,Previsão,12-mai-2027 qua,0,0,0,0,0,0,0,-,-,NaN,0,0,0,0,0,0,0,0,0,0,-,-,NaN,0,0,0,Total mai,0,0,0,0,0,0,0,-,-,NaN,0,0,0,Total,7589,3882,2545,0,0,6037,1552,"11,64","831 690,39","72,50",2671,0,14843
Data,Ocup,Opção,Cheg,Oferta/Uso Interno,Deduz. Individ.,Deduz. Grupos,% Ocup.,Receita Quartos,Preço Médio,Saídas,Quartos FdS,Adul. / Cri.,maio,Previsão,13-mai-2027 qui,0,0,0,0,0,0,0,-,-,NaN,0,0,0,0,0,0,0,0,0,0,-,-,NaN,0,0,0,Total mai,0,0,0,0,0,0,0,-,-,NaN,0,0,0,Total,7589,3882,2545,0,0,6037,1552,"11,64","831 690,39","72,50",2671,0,14843
Data,Ocup,Opção,Cheg,Oferta/Uso Interno,Deduz. Individ.,Deduz. Grupos,% Ocup.,Receita Quartos,Preço Médio,Saídas,Quartos FdS,Adul. / Cri.,maio,Previsão,14-mai-2027 sex,0,0,0,0,0,0,0,-,-,NaN,0,0,0,0,0,0,0,0,0,0,-,-,NaN,0,0,0,Total mai,0,0,0,0,0,0,0,-,-,NaN,0,0,0,Total,7589,3882,2545,0,0,6037,1552,"11,64","831 690,39","72,50",2671,0,14843
Data,Ocup,Opção,Cheg,Oferta/Uso Interno,Deduz. Individ.,Deduz. Grupos,% Ocup.,Receita Quartos,Preço Médio,Saídas,Quartos FdS,Adul. / Cri.,maio,Previsão,15-mai-2027 sáb,0,0,0,0,0,0,0,-,-,NaN,0,0,0,0,0,0,0,0,0,0,-,-,NaN,0,0,0,Total mai,0,0,0,0,0,0,0,-,-,NaN,0,0,0,Total,7589,3882,2545,0,0,6037,1552,"11,64","831 690,39","72,50",2671,0,14843
Data,Ocup,Opção,Cheg,Oferta/Uso Interno,Deduz. Individ.,Deduz. Grupos,% Ocup.,Receita Quartos,Preço Médio,Saídas,Quartos FdS,Adul. / Cri.,maio,Previsão,16-mai-2027 dom,0,0,0,0,0,0,0,-,-,NaN,0,0,0,0,0,0,0,0,0,0,-,-,NaN,0,0,0,Total mai,0,0,0,0,0,0,0,-,-,NaN,0,0,0,Total,7589,3882,2545,0,0,6037,1552,"11,64","831 690,39","72,50",2671,0,14843
Data,Ocup,Opção,Cheg,Oferta/Uso Interno,Deduz. Individ.,Deduz. Grupos,% Ocup.,Receita Quartos,Preço Médio,Saídas,Quartos FdS,Adul. / Cri.,maio,Previsão,17-mai-2027 seg,0,0,0,0,0,0,0,-,-,NaN,0,0,0,0,0,0,0,0,0,0,-,-,NaN,0,0,0,Total mai,0,0,0,0,0,0,0,-,-,NaN,0,0,0,Total,7589,3882,2545,0,0,6037,1552,"11,64","831 690,39","72,50",2671,0,14843
Data,Ocup,Opção,Cheg,Oferta/Uso Interno,Deduz. Individ.,Deduz. Grupos,% Ocup.,Receita Quartos,Preço Médio,Saídas,Quartos FdS,Adul. / Cri.,maio,Previsão,18-mai-2027 ter,0,0,0,0,0,0,0,-,-,NaN,0,0,0,0,0,0,0,0,0,0,-,-,NaN,0,0,0,Total mai,0,0,0,0,0,0,0,-,-,NaN,0,0,0,Total,7589,3882,2545,0,0,6037,1552,"11,64","831 690,39","72,50",2671,0,14843
Data,Ocup,Opção,Cheg,Oferta/Uso Interno,Deduz. Individ.,Deduz. Grupos,% Ocup.,Receita Quartos,Preço Médio,Saídas,Quartos FdS,Adul. / Cri.,maio,Previsão,19-mai-2027 qua,0,0,0,0,0,0,0,-,-,NaN,0,0,0,0,0,0,0,0,0,0,-,-,NaN,0,0,0,Total mai,0,0,0,0,0,0,0,-,-,NaN,0,0,0,Total,7589,3882,2545,0,0,6037,1552,"11,64","831 690,39","72,50",2671,0,14843
Data,Ocup,Opção,Cheg,Oferta/Uso Interno,Deduz. Individ.,Deduz. Grupos,% Ocup.,Receita Quartos,Preço Médio,Saídas,Quartos FdS,Adul. / Cri.,maio,Previsão,20-mai-2027 qui,0,0,0,0,0,0,0,-,-,NaN,0,0,0,0,0,0,0,0,0,0,-,-,NaN,0,0,0,Total mai,0,0,0,0,0,0,0,-,-,NaN,0,0,0,Total,7589,3882,2545,0,0,6037,1552,"11,64","831 690,39","72,50",2671,0,14843
Data,Ocup,Opção,Cheg,Oferta/Uso Interno,Deduz. Individ.,Deduz. Grupos,% Ocup.,Receita Quartos,Preço Médio,Saídas,Quartos FdS,Adul. / Cri.,maio,Previsão,21-mai-2027 sex,0,0,0,0,0,0,0,-,-,NaN,0,0,0,0,0,0,0,0,0,0,-,-,NaN,0,0,0,Total mai,0,0,0,0,0,0,0,-,-,NaN,0,0,0,Total,7589,3882,2545,0,0,6037,1552,"11,64","831 690,39","72,50",2671,0,14843
Data,Ocup,Opção,Cheg,Oferta/Uso Interno,Deduz. Individ.,Deduz. Grupos,% Ocup.,Receita Quartos,Preço Médio,Saídas,Quartos FdS,Adul. / Cri.,maio,Previsão,22-mai-2027 sáb,0,0,0,0,0,0,0,-,-,NaN,0,0,0,0,0,0,0,0,0,0,-,-,NaN,0,0,0,Total mai,0,0,0,0,0,0,0,-,-,NaN,0,0,0,Total,7589,3882,2545,0,0,6037,1552,"11,64","831 690,39","72,50",2671,0,14843
Data,Ocup,Opção,Cheg,Oferta/Uso Interno,Deduz. Individ.,Deduz. Grupos,% Ocup.,Receita Quartos,Preço Médio,Saídas,Quartos FdS,Adul. / Cri.,maio,Previsão,23-mai-2027 dom,0,0,0,0,0,0,0,-,-,NaN,0,0,0,0,0,0,0,0,0,0,-,-,NaN,0,0,0,Total mai,0,0,0,0,0,0,0,-,-,NaN,0,0,0,Total,7589,3882,2545,0,0,6037,1552,"11,64","831 690,39","72,50",2671,0,14843
Data,Ocup,Opção,Cheg,Oferta/Uso Interno,Deduz. Individ.,Deduz. Grupos,% Ocup.,Receita Quartos,Preço Médio,Saídas,Quartos FdS,Adul. / Cri.,maio,Previsão,24-mai-2027 seg,0,0,0,0,0,0,0,-,-,NaN,0,0,0,0,0,0,0,0,0,0,-,-,NaN,0,0,0,Total mai,0,0,0,0,0,0,0,-,-,NaN,0,0,0,Total,7589,3882,2545,0,0,6037,1552,"11,64","831 690,39","72,50",2671,0,14843
Data,Ocup,Opção,Cheg,Oferta/Uso Interno,Deduz. Individ.,Deduz. Grupos,% Ocup.,Receita Quartos,Preço Médio,Saídas,Quartos FdS,Adul. / Cri.,maio,Previsão,25-mai-2027 ter,0,0,0,0,0,0,0,-,-,NaN,0,0,0,0,0,0,0,0,0,0,-,-,NaN,0,0,0,Total mai,0,0,0,0,0,0,0,-,-,NaN,0,0,0,Total,7589,3882,2545,0,0,6037,1552,"11,64","831 690,39","72,50",2671,0,14843
Data,Ocup,Opção,Cheg,Oferta/Uso Interno,Deduz. Individ.,Deduz. Grupos,% Ocup.,Receita Quartos,Preço Médio,Saídas,Quartos FdS,Adul. / Cri.,maio,Previsão,26-mai-2027 qua,0,0,0,0,0,0,0,-,-,NaN,0,0,0,0,0,0,0,0,0,0,-,-,NaN,0,0,0,Total mai,0,0,0,0,0,0,0,-,-,NaN,0,0,0,Total,7589,3882,2545,0,0,6037,1552,"11,64","831 690,39","72,50",2671,0,14843
Data,Ocup,Opção,Cheg,Oferta/Uso Interno,Deduz. Individ.,Deduz. Grupos,% Ocup.,Receita Quartos,Preço Médio,Saídas,Quartos FdS,Adul. / Cri.,maio,Previsão,27-mai-2027 qui,0,0,0,0,0,0,0,-,-,NaN,0,0,0,0,0,0,0,0,0,0,-,-,NaN,0,0,0,Total mai,0,0,0,0,0,0,0,-,-,NaN,0,0,0,Total,7589,3882,2545,0,0,6037,1552,"11,64","831 690,39","72,50",2671,0,14843
Data,Ocup,Opção,Cheg,Oferta/Uso Interno,Deduz. Individ.,Deduz. Grupos,% Ocup.,Receita Quartos,Preço Médio,Saídas,Quartos FdS,Adul. / Cri.,maio,Previsão,28-mai-2027 sex,0,0,0,0,0,0,0,-,-,NaN,0,0,0,0,0,0,0,0,0,0,-,-,NaN,0,0,0,Total mai,0,0,0,0,0,0,0,-,-,NaN,0,0,0,Total,7589,3882,2545,0,0,6037,1552,"11,64","831 690,39","72,50",2671,0,14843
Data,Ocup,Opção,Cheg,Oferta/Uso Interno,Deduz. Individ.,Deduz. Grupos,% Ocup.,Receita Quartos,Preço Médio,Saídas,Quartos FdS,Adul. / Cri.,maio,Previsão,29-mai-2027 sáb,0,0,0,0,0,0,0,-,-,NaN,0,0,0,0,0,0,0,0,0,0,-,-,NaN,0,0,0,Total mai,0,0,0,0,0,0,0,-,-,NaN,0,0,0,Total,7589,3882,2545,0,0,6037,1552,"11,64","831 690,39","72,50",2671,0,14843
Data,Ocup,Opção,Cheg,Oferta/Uso Interno,Deduz. Individ.,Deduz. Grupos,% Ocup.,Receita Quartos,Preço Médio,Saídas,Quartos FdS,Adul. / Cri.,maio,Previsão,30-mai-2027 dom,0,0,0,0,0,0,0,-,-,NaN,0,0,0,0,0,0,0,0,0,0,-,-,NaN,0,0,0,Total mai,0,0,0,0,0,0,0,-,-,NaN,0,0,0,Total,7589,3882,2545,0,0,6037,1552,"11,64","831 690,39","72,50",2671,0,14843
Data,Ocup,Opção,Cheg,Oferta/Uso Interno,Deduz. Individ.,Deduz. Grupos,% Ocup.,Receita Quartos,Preço Médio,Saídas,Quartos FdS,Adul. / Cri.,maio,Previsão,31-mai-2027 seg,0,0,0,0,0,0,0,-,-,NaN,0,0,0,0,0,0,0,0,0,0,-,-,NaN,0,0,0,Total mai,0,0,0,0,0,0,0,-,-,NaN,0,0,0,Total,7589,3882,2545,0,0,6037,1552,"11,64","831 690,39","72,50",2671,0,14843
Data,Ocup,Opção,Cheg,Oferta/Uso Interno,Deduz. Individ.,Deduz. Grupos,% Ocup.,Receita Quartos,Preço Médio,Saídas,Quartos FdS,Adul. / Cri.,junho,Previsão,01-jun-2027 ter,0,0,0,0,0,0,0,-,-,NaN,0,0,0,0,45,0,0,0,0,0,"1,11",-,-,0,0,0,Total jun,0,45,0,0,0,0,0,"1,11",-,-,0,0,0,Total,7589,3882,2545,0,0,6037,1552,"11,64","831 690,39","72,50",2671,0,14843
Data,Ocup,Opção,Cheg,Oferta/Uso Interno,Deduz. Individ.,Deduz. Grupos,% Ocup.,Receita Quartos,Preço Médio,Saídas,Quartos FdS,Adul. / Cri.,junho,Previsão,02-jun-2027 qua,0,0,0,0,0,0,0,-,-,NaN,0,0,0,0,45,0,0,0,0,0,"1,11",-,-,0,0,0,Total jun,0,45,0,0,0,0,0,"1,11",-,-,0,0,0,Total,7589,3882,2545,0,0,6037,1552,"11,64","831 690,39","72,50",2671,0,14843
Data,Ocup,Opção,Cheg,Oferta/Uso Interno,Deduz. Individ.,Deduz. Grupos,% Ocup.,Receita Quartos,Preço Médio,Saídas,Quartos FdS,Adul. / Cri.,junho,Previsão,03-jun-2027 qui,0,0,0,0,0,0,0,-,-,NaN,0,0,0,0,45,0,0,0,0,0,"1,11",-,-,0,0,0,Total jun,0,45,0,0,0,0,0,"1,11",-,-,0,0,0,Total,7589,3882,2545,0,0,6037,1552,"11,64","831 690,39","72,50",2671,0,14843
Data,Ocup,Opção,Cheg,Oferta/Uso Interno,Deduz. Individ.,Deduz. Grupos,% Ocup.,Receita Quartos,Preço Médio,Saídas,Quartos FdS,Adul. / Cri.,junho,Previsão,04-jun-2027 sex,0,0,0,0,0,0,0,-,-,NaN,0,0,0,0,45,0,0,0,0,0,"1,11",-,-,0,0,0,Total jun,0,45,0,0,0,0,0,"1,11",-,-,0,0,0,Total,7589,3882,2545,0,0,6037,1552,"11,64","831 690,39","72,50",2671,0,14843
Data,Ocup,Opção,Cheg,Oferta/Uso Interno,Deduz. Individ.,Deduz. Grupos,% Ocup.,Receita Quartos,Preço Médio,Saídas,Quartos FdS,Adul. / Cri.,junho,Previsão,05-jun-2027 sáb,0,0,0,0,0,0,0,-,-,NaN,0,0,0,0,45,0,0,0,0,0,"1,11",-,-,0,0,0,Total jun,0,45,0,0,0,0,0,"1,11",-,-,0,0,0,Total,7589,3882,2545,0,0,6037,1552,"11,64","831 690,39","72,50",2671,0,14843
Data,Ocup,Opção,Cheg,Oferta/Uso Interno,Deduz. Individ.,Deduz. Grupos,% Ocup.,Receita Quartos,Preço Médio,Saídas,Quartos FdS,Adul. / Cri.,junho,Previsão,06-jun-2027 dom,0,0,0,0,0,0,0,-,-,NaN,0,0,0,0,45,0,0,0,0,0,"1,11",-,-,0,0,0,Total jun,0,45,0,0,0,0,0,"1,11",-,-,0,0,0,Total,7589,3882,2545,0,0,6037,1552,"11,64","831 690,39","72,50",2671,0,14843
Data,Ocup,Opção,Cheg,Oferta/Uso Interno,Deduz. Individ.,Deduz. Grupos,% Ocup.,Receita Quartos,Preço Médio,Saídas,Quartos FdS,Adul. / Cri.,junho,Previsão,07-jun-2027 seg,0,0,0,0,0,0,0,-,-,NaN,0,0,0,0,45,0,0,0,0,0,"1,11",-,-,0,0,0,Total jun,0,45,0,0,0,0,0,"1,11",-,-,0,0,0,Total,7589,3882,2545,0,0,6037,1552,"11,64","831 690,39","72,50",2671,0,14843
Data,Ocup,Opção,Cheg,Oferta/Uso Interno,Deduz. Individ.,Deduz. Grupos,% Ocup.,Receita Quartos,Preço Médio,Saídas,Quartos FdS,Adul. / Cri.,junho,Previsão,08-jun-2027 ter,0,0,0,0,0,0,0,-,-,NaN,0,0,0,0,45,0,0,0,0,0,"1,11",-,-,0,0,0,Total jun,0,45,0,0,0,0,0,"1,11",-,-,0,0,0,Total,7589,3882,2545,0,0,6037,1552,"11,64","831 690,39","72,50",2671,0,14843
Data,Ocup,Opção,Cheg,Oferta/Uso Interno,Deduz. Individ.,Deduz. Grupos,% Ocup.,Receita Quartos,Preço Médio,Saídas,Quartos FdS,Adul. / Cri.,junho,Previsão,09-jun-2027 qua,0,0,0,0,0,0,0,-,-,NaN,0,0,0,0,45,0,0,0,0,0,"1,11",-,-,0,0,0,Total jun,0,45,0,0,0,0,0,"1,11",-,-,0,0,0,Total,7589,3882,2545,0,0,6037,1552,"11,64","831 690,39","72,50",2671,0,14843
Data,Ocup,Opção,Cheg,Oferta/Uso Interno,Deduz. Individ.,Deduz. Grupos,% Ocup.,Receita Quartos,Preço Médio,Saídas,Quartos FdS,Adul. / Cri.,junho,Previsão,10-jun-2027 qui,0,0,0,0,0,0,0,-,-,NaN,0,0,0,0,45,0,0,0,0,0,"1,11",-,-,0,0,0,Total jun,0,45,0,0,0,0,0,"1,11",-,-,0,0,0,Total,7589,3882,2545,0,0,6037,1552,"11,64","831 690,39","72,50",2671,0,14843
Data,Ocup,Opção,Cheg,Oferta/Uso Interno,Deduz. Individ.,Deduz. Grupos,% Ocup.,Receita Quartos,Preço Médio,Saídas,Quartos FdS,Adul. / Cri.,junho,Previsão,11-jun-2027 sex,0,0,0,0,0,0,0,-,-,NaN,0,0,0,0,45,0,0,0,0,0,"1,11",-,-,0,0,0,Total jun,0,45,0,0,0,0,0,"1,11",-,-,0,0,0,Total,7589,3882,2545,0,0,6037,1552,"11,64","831 690,39","72,50",2671,0,14843
Data,Ocup,Opção,Cheg,Oferta/Uso Interno,Deduz. Individ.,Deduz. Grupos,% Ocup.,Receita Quartos,Preço Médio,Saídas,Quartos FdS,Adul. / Cri.,junho,Previsão,12-jun-2027 sáb,0,0,0,0,0,0,0,-,-,NaN,0,0,0,0,45,0,0,0,0,0,"1,11",-,-,0,0,0,Total jun,0,45,0,0,0,0,0,"1,11",-,-,0,0,0,Total,7589,3882,2545,0,0,6037,1552,"11,64","831 690,39","72,50",2671,0,14843
Data,Ocup,Opção,Cheg,Oferta/Uso Interno,Deduz. Individ.,Deduz. Grupos,% Ocup.,Receita Quartos,Preço Médio,Saídas,Quartos FdS,Adul. / Cri.,junho,Previsão,13-jun-2027 dom,0,0,0,0,0,0,0,-,-,NaN,0,0,0,0,45,0,0,0,0,0,"1,11",-,-,0,0,0,Total jun,0,45,0,0,0,0,0,"1,11",-,-,0,0,0,Total,7589,3882,2545,0,0,6037,1552,"11,64","831 690,39","72,50",2671,0,14843
Data,Ocup,Opção,Cheg,Oferta/Uso Interno,Deduz. Individ.,Deduz. Grupos,% Ocup.,Receita Quartos,Preço Médio,Saídas,Quartos FdS,Adul. / Cri.,junho,Previsão,14-jun-2027 seg,0,0,0,0,0,0,0,-,-,NaN,0,0,0,0,45,0,0,0,0,0,"1,11",-,-,0,0,0,Total jun,0,45,0,0,0,0,0,"1,11",-,-,0,0,0,Total,7589,3882,2545,0,0,6037,1552,"11,64","831 690,39","72,50",2671,0,14843
Data,Ocup,Opção,Cheg,Oferta/Uso Interno,Deduz. Individ.,Deduz. Grupos,% Ocup.,Receita Quartos,Preço Médio,Saídas,Quartos FdS,Adul. / Cri.,junho,Previsão,15-jun-2027 ter,0,0,0,0,0,0,0,-,-,NaN,0,0,0,0,45,0,0,0,0,0,"1,11",-,-,0,0,0,Total jun,0,45,0,0,0,0,0,"1,11",-,-,0,0,0,Total,7589,3882,2545,0,0,6037,1552,"11,64","831 690,39","72,50",2671,0,14843
Data,Ocup,Opção,Cheg,Oferta/Uso Interno,Deduz. Individ.,Deduz. Grupos,% Ocup.,Receita Quartos,Preço Médio,Saídas,Quartos FdS,Adul. / Cri.,junho,Previsão,16-jun-2027 qua,0,0,0,0,0,0,0,-,-,NaN,0,0,0,0,45,0,0,0,0,0,"1,11",-,-,0,0,0,Total jun,0,45,0,0,0,0,0,"1,11",-,-,0,0,0,Total,7589,3882,2545,0,0,6037,1552,"11,64","831 690,39","72,50",2671,0,14843
Data,Ocup,Opção,Cheg,Oferta/Uso Interno,Deduz. Individ.,Deduz. Grupos,% Ocup.,Receita Quartos,Preço Médio,Saídas,Quartos FdS,Adul. / Cri.,junho,Previsão,17-jun-2027 qui,0,0,0,0,0,0,0,-,-,NaN,0,0,0,0,45,0,0,0,0,0,"1,11",-,-,0,0,0,Total jun,0,45,0,0,0,0,0,"1,11",-,-,0,0,0,Total,7589,3882,2545,0,0,6037,1552,"11,64","831 690,39","72,50",2671,0,14843
Data,Ocup,Opção,Cheg,Oferta/Uso Interno,Deduz. Individ.,Deduz. Grupos,% Ocup.,Receita Quartos,Preço Médio,Saídas,Quartos FdS,Adul. / Cri.,junho,Previsão,18-jun-2027 sex,0,0,0,0,0,0,0,-,-,NaN,0,0,0,0,45,0,0,0,0,0,"1,11",-,-,0,0,0,Total jun,0,45,0,0,0,0,0,"1,11",-,-,0,0,0,Total,7589,3882,2545,0,0,6037,1552,"11,64","831 690,39","72,50",2671,0,14843
Data,Ocup,Opção,Cheg,Oferta/Uso Interno,Deduz. Individ.,Deduz. Grupos,% Ocup.,Receita Quartos,Preço Médio,Saídas,Quartos FdS,Adul. / Cri.,junho,Previsão,19-jun-2027 sáb,0,0,0,0,0,0,0,-,-,NaN,0,0,0,0,45,0,0,0,0,0,"1,11",-,-,0,0,0,Total jun,0,45,0,0,0,0,0,"1,11",-,-,0,0,0,Total,7589,3882,2545,0,0,6037,1552,"11,64","831 690,39","72,50",2671,0,14843
Data,Ocup,Opção,Cheg,Oferta/Uso Interno,Deduz. Individ.,Deduz. Grupos,% Ocup.,Receita Quartos,Preço Médio,Saídas,Quartos FdS,Adul. / Cri.,junho,Previsão,20-jun-2027 dom,0,0,0,0,0,0,0,-,-,NaN,0,0,0,0,45,0,0,0,0,0,"1,11",-,-,0,0,0,Total jun,0,45,0,0,0,0,0,"1,11",-,-,0,0,0,Total,7589,3882,2545,0,0,6037,1552,"11,64","831 690,39","72,50",2671,0,14843
Data,Ocup,Opção,Cheg,Oferta/Uso Interno,Deduz. Individ.,Deduz. Grupos,% Ocup.,Receita Quartos,Preço Médio,Saídas,Quartos FdS,Adul. / Cri.,junho,Previsão,21-jun-2027 seg,0,0,0,0,0,0,0,-,-,NaN,0,0,0,0,45,0,0,0,0,0,"1,11",-,-,0,0,0,Total jun,0,45,0,0,0,0,0,"1,11",-,-,0,0,0,Total,7589,3882,2545,0,0,6037,1552,"11,64","831 690,39","72,50",2671,0,14843
Data,Ocup,Opção,Cheg,Oferta/Uso Interno,Deduz. Individ.,Deduz. Grupos,% Ocup.,Receita Quartos,Preço Médio,Saídas,Quartos FdS,Adul. / Cri.,junho,Previsão,22-jun-2027 ter,0,0,0,0,0,0,0,-,-,NaN,0,0,0,0,45,0,0,0,0,0,"1,11",-,-,0,0,0,Total jun,0,45,0,0,0,0,0,"1,11",-,-,0,0,0,Total,7589,3882,2545,0,0,6037,1552,"11,64","831 690,39","72,50",2671,0,14843
Data,Ocup,Opção,Cheg,Oferta/Uso Interno,Deduz. Individ.,Deduz. Grupos,% Ocup.,Receita Quartos,Preço Médio,Saídas,Quartos FdS,Adul. / Cri.,junho,Previsão,23-jun-2027 qua,0,0,0,0,0,0,0,-,-,NaN,0,0,0,0,45,0,0,0,0,0,"1,11",-,-,0,0,0,Total jun,0,45,0,0,0,0,0,"1,11",-,-,0,0,0,Total,7589,3882,2545,0,0,6037,1552,"11,64","831 690,39","72,50",2671,0,14843
Data,Ocup,Opção,Cheg,Oferta/Uso Interno,Deduz. Individ.,Deduz. Grupos,% Ocup.,Receita Quartos,Preço Médio,Saídas,Quartos FdS,Adul. / Cri.,junho,Previsão,24-jun-2027 qui,0,0,0,0,0,0,0,-,-,NaN,0,0,0,0,45,0,0,0,0,0,"1,11",-,-,0,0,0,Total jun,0,45,0,0,0,0,0,"1,11",-,-,0,0,0,Total,7589,3882,2545,0,0,6037,1552,"11,64","831 690,39","72,50",2671,0,14843
Data,Ocup,Opção,Cheg,Oferta/Uso Interno,Deduz. Individ.,Deduz. Grupos,% Ocup.,Receita Quartos,Preço Médio,Saídas,Quartos FdS,Adul. / Cri.,junho,Previsão,25-jun-2027 sex,0,0,0,0,0,0,0,-,-,NaN,0,0,0,0,45,0,0,0,0,0,"1,11",-,-,0,0,0,Total jun,0,45,0,0,0,0,0,"1,11",-,-,0,0,0,Total,7589,3882,2545,0,0,6037,1552,"11,64","831 690,39","72,50",2671,0,14843
Data,Ocup,Opção,Cheg,Oferta/Uso Interno,Deduz. Individ.,Deduz. Grupos,% Ocup.,Receita Quartos,Preço Médio,Saídas,Quartos FdS,Adul. / Cri.,junho,Previsão,26-jun-2027 sáb,0,0,0,0,0,0,0,-,-,NaN,0,0,0,0,45,0,0,0,0,0,"1,11",-,-,0,0,0,Total jun,0,45,0,0,0,0,0,"1,11",-,-,0,0,0,Total,7589,3882,2545,0,0,6037,1552,"11,64","831 690,39","72,50",2671,0,14843
Data,Ocup,Opção,Cheg,Oferta/Uso Interno,Deduz. Individ.,Deduz. Grupos,% Ocup.,Receita Quartos,Preço Médio,Saídas,Quartos FdS,Adul. / Cri.,junho,Previsão,27-jun-2027 dom,0,0,0,0,0,0,0,-,-,NaN,0,0,0,0,45,0,0,0,0,0,"1,11",-,-,0,0,0,Total jun,0,45,0,0,0,0,0,"1,11",-,-,0,0,0,Total,7589,3882,2545,0,0,6037,1552,"11,64","831 690,39","72,50",2671,0,14843
Data,Ocup,Opção,Cheg,Oferta/Uso Interno,Deduz. Individ.,Deduz. Grupos,% Ocup.,Receita Quartos,Preço Médio,Saídas,Quartos FdS,Adul. / Cri.,junho,Previsão,28-jun-2027 seg,0,15,0,0,0,0,0,"11,11",-,-,0,0,0,0,45,0,0,0,0,0,"1,11",-,-,0,0,0,Total jun,0,45,0,0,0,0,0,"1,11",-,-,0,0,0,Total,7589,3882,2545,0,0,6037,1552,"11,64","831 690,39","72,50",2671,0,14843
Data,Ocup,Opção,Cheg,Oferta/Uso Interno,Deduz. Individ.,Deduz. Grupos,% Ocup.,Receita Quartos,Preço Médio,Saídas,Quartos FdS,Adul. / Cri.,junho,Previsão,29-jun-2027 ter,0,15,0,0,0,0,0,"11,11",-,-,0,0,0,0,45,0,0,0,0,0,"1,11",-,-,0,0,0,Total jun,0,45,0,0,0,0,0,"1,11",-,-,0,0,0,Total,7589,3882,2545,0,0,6037,1552,"11,64","831 690,39","72,50",2671,0,14843
Data,Ocup,Opção,Cheg,Oferta/Uso Interno,Deduz. Individ.,Deduz. Grupos,% Ocup.,Receita Quartos,Preço Médio,Saídas,Quartos FdS,Adul. / Cri.,junho,Previsão,30-jun-2027 qua,0,15,0,0,0,0,0,"11,11",-,-,0,0,0,0,45,0,0,0,0,0,"1,11",-,-,0,0,0,Total jun,0,45,0,0,0,0,0,"1,11",-,-,0,0,0,Total,7589,3882,2545,0,0,6037,1552,"11,64","831 690,39","72,50",2671,0,14843
Data,Ocup,Opção,Cheg,Oferta/Uso Interno,Deduz. Individ.,Deduz. Grupos,% Ocup.,Receita Quartos,Preço Médio,Saídas,Quartos FdS,Adul. / Cri.,julho,Previsão,01-jul-2027 qui,0,0,0,0,0,0,0,-,-,NaN,0,0,0,0,45,0,0,0,0,0,"1,08",-,-,0,0,0,Total jul,0,45,0,0,0,0,0,"1,08",-,-,0,0,0,Total,7589,3882,2545,0,0,6037,1552,"11,64","831 690,39","72,50",2671,0,14843
Data,Ocup,Opção,Cheg,Oferta/Uso Interno,Deduz. Individ.,Deduz. Grupos,% Ocup.,Receita Quartos,Preço Médio,Saídas,Quartos FdS,Adul. / Cri.,julho,Previsão,02-jul-2027 sex,0,0,0,0,0,0,0,-,-,NaN,0,0,0,0,45,0,0,0,0,0,"1,08",-,-,0,0,0,Total jul,0,45,0,0,0,0,0,"1,08",-,-,0,0,0,Total,7589,3882,2545,0,0,6037,1552,"11,64","831 690,39","72,50",2671,0,14843
Data,Ocup,Opção,Cheg,Oferta/Uso Interno,Deduz. Individ.,Deduz. Grupos,% Ocup.,Receita Quartos,Preço Médio,Saídas,Quartos FdS,Adul. / Cri.,julho,Previsão,03-jul-2027 sáb,0,0,0,0,0,0,0,-,-,NaN,0,0,0,0,45,0,0,0,0,0,"1,08",-,-,0,0,0,Total jul,0,45,0,0,0,0,0,"1,08",-,-,0,0,0,Total,7589,3882,2545,0,0,6037,1552,"11,64","831 690,39","72,50",2671,0,14843
Data,Ocup,Opção,Cheg,Oferta/Uso Interno,Deduz. Individ.,Deduz. Grupos,% Ocup.,Receita Quartos,Preço Médio,Saídas,Quartos FdS,Adul. / Cri.,julho,Previsão,04-jul-2027 dom,0,0,0,0,0,0,0,-,-,NaN,0,0,0,0,45,0,0,0,0,0,"1,08",-,-,0,0,0,Total jul,0,45,0,0,0,0,0,"1,08",-,-,0,0,0,Total,7589,3882,2545,0,0,6037,1552,"11,64","831 690,39","72,50",2671,0,14843
Data,Ocup,Opção,Cheg,Oferta/Uso Interno,Deduz. Individ.,Deduz. Grupos,% Ocup.,Receita Quartos,Preço Médio,Saídas,Quartos FdS,Adul. / Cri.,julho,Previsão,05-jul-2027 seg,0,0,0,0,0,0,0,-,-,NaN,0,0,0,0,45,0,0,0,0,0,"1,08",-,-,0,0,0,Total jul,0,45,0,0,0,0,0,"1,08",-,-,0,0,0,Total,7589,3882,2545,0,0,6037,1552,"11,64","831 690,39","72,50",2671,0,14843
Data,Ocup,Opção,Cheg,Oferta/Uso Interno,Deduz. Individ.,Deduz. Grupos,% Ocup.,Receita Quartos,Preço Médio,Saídas,Quartos FdS,Adul. / Cri.,julho,Previsão,06-jul-2027 ter,0,0,0,0,0,0,0,-,-,NaN,0,0,0,0,45,0,0,0,0,0,"1,08",-,-,0,0,0,Total jul,0,45,0,0,0,0,0,"1,08",-,-,0,0,0,Total,7589,3882,2545,0,0,6037,1552,"11,64","831 690,39","72,50",2671,0,14843
Data,Ocup,Opção,Cheg,Oferta/Uso Interno,Deduz. Individ.,Deduz. Grupos,% Ocup.,Receita Quartos,Preço Médio,Saídas,Quartos FdS,Adul. / Cri.,julho,Previsão,07-jul-2027 qua,0,0,0,0,0,0,0,-,-,NaN,0,0,0,0,45,0,0,0,0,0,"1,08",-,-,0,0,0,Total jul,0,45,0,0,0,0,0,"1,08",-,-,0,0,0,Total,7589,3882,2545,0,0,6037,1552,"11,64","831 690,39","72,50",2671,0,14843
Data,Ocup,Opção,Cheg,Oferta/Uso Interno,Deduz. Individ.,Deduz. Grupos,% Ocup.,Receita Quartos,Preço Médio,Saídas,Quartos FdS,Adul. / Cri.,julho,Previsão,08-jul-2027 qui,0,0,0,0,0,0,0,-,-,NaN,0,0,0,0,45,0,0,0,0,0,"1,08",-,-,0,0,0,Total jul,0,45,0,0,0,0,0,"1,08",-,-,0,0,0,Total,7589,3882,2545,0,0,6037,1552,"11,64","831 690,39","72,50",2671,0,14843
Data,Ocup,Opção,Cheg,Oferta/Uso Interno,Deduz. Individ.,Deduz. Grupos,% Ocup.,Receita Quartos,Preço Médio,Saídas,Quartos FdS,Adul. / Cri.,julho,Previsão,09-jul-2027 sex,0,0,0,0,0,0,0,-,-,NaN,0,0,0,0,45,0,0,0,0,0,"1,08",-,-,0,0,0,Total jul,0,45,0,0,0,0,0,"1,08",-,-,0,0,0,Total,7589,3882,2545,0,0,6037,1552,"11,64","831 690,39","72,50",2671,0,14843
Data,Ocup,Opção,Cheg,Oferta/Uso Interno,Deduz. Individ.,Deduz. Grupos,% Ocup.,Receita Quartos,Preço Médio,Saídas,Quartos FdS,Adul. / Cri.,julho,Previsão,10-jul-2027 sáb,0,0,0,0,0,0,0,-,-,NaN,0,0,0,0,45,0,0,0,0,0,"1,08",-,-,0,0,0,Total jul,0,45,0,0,0,0,0,"1,08",-,-,0,0,0,Total,7589,3882,2545,0,0,6037,1552,"11,64","831 690,39","72,50",2671,0,14843
Data,Ocup,Opção,Cheg,Oferta/Uso Interno,Deduz. Individ.,Deduz. Grupos,% Ocup.,Receita Quartos,Preço Médio,Saídas,Quartos FdS,Adul. / Cri.,julho,Previsão,11-jul-2027 dom,0,0,0,0,0,0,0,-,-,NaN,0,0,0,0,45,0,0,0,0,0,"1,08",-,-,0,0,0,Total jul,0,45,0,0,0,0,0,"1,08",-,-,0,0,0,Total,7589,3882,2545,0,0,6037,1552,"11,64","831 690,39","72,50",2671,0,14843
Data,Ocup,Opção,Cheg,Oferta/Uso Interno,Deduz. Individ.,Deduz. Grupos,% Ocup.,Receita Quartos,Preço Médio,Saídas,Quartos FdS,Adul. / Cri.,julho,Previsão,12-jul-2027 seg,0,0,0,0,0,0,0,-,-,NaN,0,0,0,0,45,0,0,0,0,0,"1,08",-,-,0,0,0,Total jul,0,45,0,0,0,0,0,"1,08",-,-,0,0,0,Total,7589,3882,2545,0,0,6037,1552,"11,64","831 690,39","72,50",2671,0,14843
Data,Ocup,Opção,Cheg,Oferta/Uso Interno,Deduz. Individ.,Deduz. Grupos,% Ocup.,Receita Quartos,Preço Médio,Saídas,Quartos FdS,Adul. / Cri.,julho,Previsão,13-jul-2027 ter,0,0,0,0,0,0,0,-,-,NaN,0,0,0,0,45,0,0,0,0,0,"1,08",-,-,0,0,0,Total jul,0,45,0,0,0,0,0,"1,08",-,-,0,0,0,Total,7589,3882,2545,0,0,6037,1552,"11,64","831 690,39","72,50",2671,0,14843
Data,Ocup,Opção,Cheg,Oferta/Uso Interno,Deduz. Individ.,Deduz. Grupos,% Ocup.,Receita Quartos,Preço Médio,Saídas,Quartos FdS,Adul. / Cri.,julho,Previsão,14-jul-2027 qua,0,0,0,0,0,0,0,-,-,NaN,0,0,0,0,45,0,0,0,0,0,"1,08",-,-,0,0,0,Total jul,0,45,0,0,0,0,0,"1,08",-,-,0,0,0,Total,7589,3882,2545,0,0,6037,1552,"11,64","831 690,39","72,50",2671,0,14843
Data,Ocup,Opção,Cheg,Oferta/Uso Interno,Deduz. Individ.,Deduz. Grupos,% Ocup.,Receita Quartos,Preço Médio,Saídas,Quartos FdS,Adul. / Cri.,julho,Previsão,15-jul-2027 qui,0,0,0,0,0,0,0,-,-,NaN,0,0,0,0,45,0,0,0,0,0,"1,08",-,-,0,0,0,Total jul,0,45,0,0,0,0,0,"1,08",-,-,0,0,0,Total,7589,3882,2545,0,0,6037,1552,"11,64","831 690,39","72,50",2671,0,14843
Data,Ocup,Opção,Cheg,Oferta/Uso Interno,Deduz. Individ.,Deduz. Grupos,% Ocup.,Receita Quartos,Preço Médio,Saídas,Quartos FdS,Adul. / Cri.,julho,Previsão,16-jul-2027 sex,0,0,0,0,0,0,0,-,-,NaN,0,0,0,0,45,0,0,0,0,0,"1,08",-,-,0,0,0,Total jul,0,45,0,0,0,0,0,"1,08",-,-,0,0,0,Total,7589,3882,2545,0,0,6037,1552,"11,64","831 690,39","72,50",2671,0,14843
Data,Ocup,Opção,Cheg,Oferta/Uso Interno,Deduz. Individ.,Deduz. Grupos,% Ocup.,Receita Quartos,Preço Médio,Saídas,Quartos FdS,Adul. / Cri.,julho,Previsão,17-jul-2027 sáb,0,0,0,0,0,0,0,-,-,NaN,0,0,0,0,45,0,0,0,0,0,"1,08",-,-,0,0,0,Total jul,0,45,0,0,0,0,0,"1,08",-,-,0,0,0,Total,7589,3882,2545,0,0,6037,1552,"11,64","831 690,39","72,50",2671,0,14843
Data,Ocup,Opção,Cheg,Oferta/Uso Interno,Deduz. Individ.,Deduz. Grupos,% Ocup.,Receita Quartos,Preço Médio,Saídas,Quartos FdS,Adul. / Cri.,julho,Previsão,18-jul-2027 dom,0,0,0,0,0,0,0,-,-,NaN,0,0,0,0,45,0,0,0,0,0,"1,08",-,-,0,0,0,Total jul,0,45,0,0,0,0,0,"1,08",-,-,0,0,0,Total,7589,3882,2545,0,0,6037,1552,"11,64","831 690,39","72,50",2671,0,14843
Data,Ocup,Opção,Cheg,Oferta/Uso Interno,Deduz. Individ.,Deduz. Grupos,% Ocup.,Receita Quartos,Preço Médio,Saídas,Quartos FdS,Adul. / Cri.,julho,Previsão,19-jul-2027 seg,0,15,0,0,0,0,0,"11,11",-,-,0,0,0,0,45,0,0,0,0,0,"1,08",-,-,0,0,0,Total jul,0,45,0,0,0,0,0,"1,08",-,-,0,0,0,Total,7589,3882,2545,0,0,6037,1552,"11,64","831 690,39","72,50",2671,0,14843
Data,Ocup,Opção,Cheg,Oferta/Uso Interno,Deduz. Individ.,Deduz. Grupos,% Ocup.,Receita Quartos,Preço Médio,Saídas,Quartos FdS,Adul. / Cri.,julho,Previsão,20-jul-2027 ter,0,15,0,0,0,0,0,"11,11",-,-,0,0,0,0,45,0,0,0,0,0,"1,08",-,-,0,0,0,Total jul,0,45,0,0,0,0,0,"1,08",-,-,0,0,0,Total,7589,3882,2545,0,0,6037,1552,"11,64","831 690,39","72,50",2671,0,14843
Data,Ocup,Opção,Cheg,Oferta/Uso Interno,Deduz. Individ.,Deduz. Grupos,% Ocup.,Receita Quartos,Preço Médio,Saídas,Quartos FdS,Adul. / Cri.,julho,Previsão,21-jul-2027 qua,0,15,0,0,0,0,0,"11,11",-,-,0,0,0,0,45,0,0,0,0,0,"1,08",-,-,0,0,0,Total jul,0,45,0,0,0,0,0,"1,08",-,-,0,0,0,Total,7589,3882,2545,0,0,6037,1552,"11,64","831 690,39","72,50",2671,0,14843
Data,Ocup,Opção,Cheg,Oferta/Uso Interno,Deduz. Individ.,Deduz. Grupos,% Ocup.,Receita Quartos,Preço Médio,Saídas,Quartos FdS,Adul. / Cri.,julho,Previsão,22-jul-2027 qui,0,0,0,0,0,0,0,-,-,NaN,0,0,0,0,45,0,0,0,0,0,"1,08",-,-,0,0,0,Total jul,0,45,0,0,0,0,0,"1,08",-,-,0,0,0,Total,7589,3882,2545,0,0,6037,1552,"11,64","831 690,39","72,50",2671,0,14843
Data,Ocup,Opção,Cheg,Oferta/Uso Interno,Deduz. Individ.,Deduz. Grupos,% Ocup.,Receita Quartos,Preço Médio,Saídas,Quartos FdS,Adul. / Cri.,julho,Previsão,23-jul-2027 sex,0,0,0,0,0,0,0,-,-,NaN,0,0,0,0,45,0,0,0,0,0,"1,08",-,-,0,0,0,Total jul,0,45,0,0,0,0,0,"1,08",-,-,0,0,0,Total,7589,3882,2545,0,0,6037,1552,"11,64","831 690,39","72,50",2671,0,14843
Data,Ocup,Opção,Cheg,Oferta/Uso Interno,Deduz. Individ.,Deduz. Grupos,% Ocup.,Receita Quartos,Preço Médio,Saídas,Quartos FdS,Adul. / Cri.,julho,Previsão,24-jul-2027 sáb,0,0,0,0,0,0,0,-,-,NaN,0,0,0,0,45,0,0,0,0,0,"1,08",-,-,0,0,0,Total jul,0,45,0,0,0,0,0,"1,08",-,-,0,0,0,Total,7589,3882,2545,0,0,6037,1552,"11,64","831 690,39","72,50",2671,0,14843
Data,Ocup,Opção,Cheg,Oferta/Uso Interno,Deduz. Individ.,Deduz. Grupos,% Ocup.,Receita Quartos,Preço Médio,Saídas,Quartos FdS,Adul. / Cri.,julho,Previsão,25-jul-2027 dom,0,0,0,0,0,0,0,-,-,NaN,0,0,0,0,45,0,0,0,0,0,"1,08",-,-,0,0,0,Total jul,0,45,0,0,0,0,0,"1,08",-,-,0,0,0,Total,7589,3882,2545,0,0,6037,1552,"11,64","831 690,39","72,50",2671,0,14843
Data,Ocup,Opção,Cheg,Oferta/Uso Interno,Deduz. Individ.,Deduz. Grupos,% Ocup.,Receita Quartos,Preço Médio,Saídas,Quartos FdS,Adul. / Cri.,julho,Previsão,26-jul-2027 seg,0,0,0,0,0,0,0,-,-,NaN,0,0,0,0,45,0,0,0,0,0,"1,08",-,-,0,0,0,Total jul,0,45,0,0,0,0,0,"1,08",-,-,0,0,0,Total,7589,3882,2545,0,0,6037,1552,"11,64","831 690,39","72,50",2671,0,14843
Data,Ocup,Opção,Cheg,Oferta/Uso Interno,Deduz. Individ.,Deduz. Grupos,% Ocup.,Receita Quartos,Preço Médio,Saídas,Quartos FdS,Adul. / Cri.,julho,Previsão,27-jul-2027 ter,0,0,0,0,0,0,0,-,-,NaN,0,0,0,0,45,0,0,0,0,0,"1,08",-,-,0,0,0,Total jul,0,45,0,0,0,0,0,"1,08",-,-,0,0,0,Total,7589,3882,2545,0,0,6037,1552,"11,64","831 690,39","72,50",2671,0,14843
Data,Ocup,Opção,Cheg,Oferta/Uso Interno,Deduz. Individ.,Deduz. Grupos,% Ocup.,Receita Quartos,Preço Médio,Saídas,Quartos FdS,Adul. / Cri.,julho,Previsão,28-jul-2027 qua,0,0,0,0,0,0,0,-,-,NaN,0,0,0,0,45,0,0,0,0,0,"1,08",-,-,0,0,0,Total jul,0,45,0,0,0,0,0,"1,08",-,-,0,0,0,Total,7589,3882,2545,0,0,6037,1552,"11,64","831 690,39","72,50",2671,0,14843
Data,Ocup,Opção,Cheg,Oferta/Uso Interno,Deduz. Individ.,Deduz. Grupos,% Ocup.,Receita Quartos,Preço Médio,Saídas,Quartos FdS,Adul. / Cri.,julho,Previsão,29-jul-2027 qui,0,0,0,0,0,0,0,-,-,NaN,0,0,0,0,45,0,0,0,0,0,"1,08",-,-,0,0,0,Total jul,0,45,0,0,0,0,0,"1,08",-,-,0,0,0,Total,7589,3882,2545,0,0,6037,1552,"11,64","831 690,39","72,50",2671,0,14843
Data,Ocup,Opção,Cheg,Oferta/Uso Interno,Deduz. Individ.,Deduz. Grupos,% Ocup.,Receita Quartos,Preço Médio,Saídas,Quartos FdS,Adul. / Cri.,julho,Previsão,30-jul-2027 sex,0,0,0,0,0,0,0,-,-,NaN,0,0,0,0,45,0,0,0,0,0,"1,08",-,-,0,0,0,Total jul,0,45,0,0,0,0,0,"1,08",-,-,0,0,0,Total,7589,3882,2545,0,0,6037,1552,"11,64","831 690,39","72,50",2671,0,14843
Data,Ocup,Opção,Cheg,Oferta/Uso Interno,Deduz. Individ.,Deduz. Grupos,% Ocup.,Receita Quartos,Preço Médio,Saídas,Quartos FdS,Adul. / Cri.,julho,Previsão,31-jul-2027 sáb,0,0,0,0,0,0,0,-,-,NaN,0,0,0,0,45,0,0,0,0,0,"1,08",-,-,0,0,0,Total jul,0,45,0,0,0,0,0,"1,08",-,-,0,0,0,Total,7589,3882,2545,0,0,6037,1552,"11,64","831 690,39","72,50",2671,0,14843
Data,Ocup,Opção,Cheg,Oferta/Uso Interno,Deduz. Individ.,Deduz. Grupos,% Ocup.,Receita Quartos,Preço Médio,Saídas,Quartos FdS,Adul. / Cri.,agosto,Previsão,01-ago-2027 dom,0,0,0,0,0,0,0,-,-,NaN,0,0,0,0,90,0,0,0,0,0,"2,15",-,-,0,0,0,Total ago,0,90,0,0,0,0,0,"2,15",-,-,0,0,0,Total,7589,3882,2545,0,0,6037,1552,"11,64","831 690,39","72,50",2671,0,14843
Data,Ocup,Opção,Cheg,Oferta/Uso Interno,Deduz. Individ.,Deduz. Grupos,% Ocup.,Receita Quartos,Preço Médio,Saídas,Quartos FdS,Adul. / Cri.,agosto,Previsão,02-ago-2027 seg,0,0,0,0,0,0,0,-,-,NaN,0,0,0,0,90,0,0,0,0,0,"2,15",-,-,0,0,0,Total ago,0,90,0,0,0,0,0,"2,15",-,-,0,0,0,Total,7589,3882,2545,0,0,6037,1552,"11,64","831 690,39","72,50",2671,0,14843
Data,Ocup,Opção,Cheg,Oferta/Uso Interno,Deduz. Individ.,Deduz. Grupos,% Ocup.,Receita Quartos,Preço Médio,Saídas,Quartos FdS,Adul. / Cri.,agosto,Previsão,03-ago-2027 ter,0,0,0,0,0,0,0,-,-,NaN,0,0,0,0,90,0,0,0,0,0,"2,15",-,-,0,0,0,Total ago,0,90,0,0,0,0,0,"2,15",-,-,0,0,0,Total,7589,3882,2545,0,0,6037,1552,"11,64","831 690,39","72,50",2671,0,14843
Data,Ocup,Opção,Cheg,Oferta/Uso Interno,Deduz. Individ.,Deduz. Grupos,% Ocup.,Receita Quartos,Preço Médio,Saídas,Quartos FdS,Adul. / Cri.,agosto,Previsão,04-ago-2027 qua,0,0,0,0,0,0,0,-,-,NaN,0,0,0,0,90,0,0,0,0,0,"2,15",-,-,0,0,0,Total ago,0,90,0,0,0,0,0,"2,15",-,-,0,0,0,Total,7589,3882,2545,0,0,6037,1552,"11,64","831 690,39","72,50",2671,0,14843
Data,Ocup,Opção,Cheg,Oferta/Uso Interno,Deduz. Individ.,Deduz. Grupos,% Ocup.,Receita Quartos,Preço Médio,Saídas,Quartos FdS,Adul. / Cri.,agosto,Previsão,05-ago-2027 qui,0,0,0,0,0,0,0,-,-,NaN,0,0,0,0,90,0,0,0,0,0,"2,15",-,-,0,0,0,Total ago,0,90,0,0,0,0,0,"2,15",-,-,0,0,0,Total,7589,3882,2545,0,0,6037,1552,"11,64","831 690,39","72,50",2671,0,14843
Data,Ocup,Opção,Cheg,Oferta/Uso Interno,Deduz. Individ.,Deduz. Grupos,% Ocup.,Receita Quartos,Preço Médio,Saídas,Quartos FdS,Adul. / Cri.,agosto,Previsão,06-ago-2027 sex,0,0,0,0,0,0,0,-,-,NaN,0,0,0,0,90,0,0,0,0,0,"2,15",-,-,0,0,0,Total ago,0,90,0,0,0,0,0,"2,15",-,-,0,0,0,Total,7589,3882,2545,0,0,6037,1552,"11,64","831 690,39","72,50",2671,0,14843
Data,Ocup,Opção,Cheg,Oferta/Uso Interno,Deduz. Individ.,Deduz. Grupos,% Ocup.,Receita Quartos,Preço Médio,Saídas,Quartos FdS,Adul. / Cri.,agosto,Previsão,07-ago-2027 sáb,0,0,0,0,0,0,0,-,-,NaN,0,0,0,0,90,0,0,0,0,0,"2,15",-,-,0,0,0,Total ago,0,90,0,0,0,0,0,"2,15",-,-,0,0,0,Total,7589,3882,2545,0,0,6037,1552,"11,64","831 690,39","72,50",2671,0,14843
Data,Ocup,Opção,Cheg,Oferta/Uso Interno,Deduz. Individ.,Deduz. Grupos,% Ocup.,Receita Quartos,Preço Médio,Saídas,Quartos FdS,Adul. / Cri.,agosto,Previsão,08-ago-2027 dom,0,0,0,0,0,0,0,-,-,NaN,0,0,0,0,90,0,0,0,0,0,"2,15",-,-,0,0,0,Total ago,0,90,0,0,0,0,0,"2,15",-,-,0,0,0,Total,7589,3882,2545,0,0,6037,1552,"11,64","831 690,39","72,50",2671,0,14843
Data,Ocup,Opção,Cheg,Oferta/Uso Interno,Deduz. Individ.,Deduz. Grupos,% Ocup.,Receita Quartos,Preço Médio,Saídas,Quartos FdS,Adul. / Cri.,agosto,Previsão,09-ago-2027 seg,0,15,0,0,0,0,0,"11,11",-,-,0,0,0,0,90,0,0,0,0,0,"2,15",-,-,0,0,0,Total ago,0,90,0,0,0,0,0,"2,15",-,-,0,0,0,Total,7589,3882,2545,0,0,6037,1552,"11,64","831 690,39","72,50",2671,0,14843
Data,Ocup,Opção,Cheg,Oferta/Uso Interno,Deduz. Individ.,Deduz. Grupos,% Ocup.,Receita Quartos,Preço Médio,Saídas,Quartos FdS,Adul. / Cri.,agosto,Previsão,10-ago-2027 ter,0,15,0,0,0,0,0,"11,11",-,-,0,0,0,0,90,0,0,0,0,0,"2,15",-,-,0,0,0,Total ago,0,90,0,0,0,0,0,"2,15",-,-,0,0,0,Total,7589,3882,2545,0,0,6037,1552,"11,64","831 690,39","72,50",2671,0,14843
Data,Ocup,Opção,Cheg,Oferta/Uso Interno,Deduz. Individ.,Deduz. Grupos,% Ocup.,Receita Quartos,Preço Médio,Saídas,Quartos FdS,Adul. / Cri.,agosto,Previsão,11-ago-2027 qua,0,15,0,0,0,0,0,"11,11",-,-,0,0,0,0,90,0,0,0,0,0,"2,15",-,-,0,0,0,Total ago,0,90,0,0,0,0,0,"2,15",-,-,0,0,0,Total,7589,3882,2545,0,0,6037,1552,"11,64","831 690,39","72,50",2671,0,14843
Data,Ocup,Opção,Cheg,Oferta/Uso Interno,Deduz. Individ.,Deduz. Grupos,% Ocup.,Receita Quartos,Preço Médio,Saídas,Quartos FdS,Adul. / Cri.,agosto,Previsão,12-ago-2027 qui,0,0,0,0,0,0,0,-,-,NaN,0,0,0,0,90,0,0,0,0,0,"2,15",-,-,0,0,0,Total ago,0,90,0,0,0,0,0,"2,15",-,-,0,0,0,Total,7589,3882,2545,0,0,6037,1552,"11,64","831 690,39","72,50",2671,0,14843
Data,Ocup,Opção,Cheg,Oferta/Uso Interno,Deduz. Individ.,Deduz. Grupos,% Ocup.,Receita Quartos,Preço Médio,Saídas,Quartos FdS,Adul. / Cri.,agosto,Previsão,13-ago-2027 sex,0,0,0,0,0,0,0,-,-,NaN,0,0,0,0,90,0,0,0,0,0,"2,15",-,-,0,0,0,Total ago,0,90,0,0,0,0,0,"2,15",-,-,0,0,0,Total,7589,3882,2545,0,0,6037,1552,"11,64","831 690,39","72,50",2671,0,14843
Data,Ocup,Opção,Cheg,Oferta/Uso Interno,Deduz. Individ.,Deduz. Grupos,% Ocup.,Receita Quartos,Preço Médio,Saídas,Quartos FdS,Adul. / Cri.,agosto,Previsão,14-ago-2027 sáb,0,0,0,0,0,0,0,-,-,NaN,0,0,0,0,90,0,0,0,0,0,"2,15",-,-,0,0,0,Total ago,0,90,0,0,0,0,0,"2,15",-,-,0,0,0,Total,7589,3882,2545,0,0,6037,1552,"11,64","831 690,39","72,50",2671,0,14843
Data,Ocup,Opção,Cheg,Oferta/Uso Interno,Deduz. Individ.,Deduz. Grupos,% Ocup.,Receita Quartos,Preço Médio,Saídas,Quartos FdS,Adul. / Cri.,agosto,Previsão,15-ago-2027 dom,0,0,0,0,0,0,0,-,-,NaN,0,0,0,0,90,0,0,0,0,0,"2,15",-,-,0,0,0,Total ago,0,90,0,0,0,0,0,"2,15",-,-,0,0,0,Total,7589,3882,2545,0,0,6037,1552,"11,64","831 690,39","72,50",2671,0,14843
Data,Ocup,Opção,Cheg,Oferta/Uso Interno,Deduz. Individ.,Deduz. Grupos,% Ocup.,Receita Quartos,Preço Médio,Saídas,Quartos FdS,Adul. / Cri.,agosto,Previsão,16-ago-2027 seg,0,0,0,0,0,0,0,-,-,NaN,0,0,0,0,90,0,0,0,0,0,"2,15",-,-,0,0,0,Total ago,0,90,0,0,0,0,0,"2,15",-,-,0,0,0,Total,7589,3882,2545,0,0,6037,1552,"11,64","831 690,39","72,50",2671,0,14843
Data,Ocup,Opção,Cheg,Oferta/Uso Interno,Deduz. Individ.,Deduz. Grupos,% Ocup.,Receita Quartos,Preço Médio,Saídas,Quartos FdS,Adul. / Cri.,agosto,Previsão,17-ago-2027 ter,0,0,0,0,0,0,0,-,-,NaN,0,0,0,0,90,0,0,0,0,0,"2,15",-,-,0,0,0,Total ago,0,90,0,0,0,0,0,"2,15",-,-,0,0,0,Total,7589,3882,2545,0,0,6037,1552,"11,64","831 690,39","72,50",2671,0,14843
Data,Ocup,Opção,Cheg,Oferta/Uso Interno,Deduz. Individ.,Deduz. Grupos,% Ocup.,Receita Quartos,Preço Médio,Saídas,Quartos FdS,Adul. / Cri.,agosto,Previsão,18-ago-2027 qua,0,0,0,0,0,0,0,-,-,NaN,0,0,0,0,90,0,0,0,0,0,"2,15",-,-,0,0,0,Total ago,0,90,0,0,0,0,0,"2,15",-,-,0,0,0,Total,7589,3882,2545,0,0,6037,1552,"11,64","831 690,39","72,50",2671,0,14843
Data,Ocup,Opção,Cheg,Oferta/Uso Interno,Deduz. Individ.,Deduz. Grupos,% Ocup.,Receita Quartos,Preço Médio,Saídas,Quartos FdS,Adul. / Cri.,agosto,Previsão,19-ago-2027 qui,0,0,0,0,0,0,0,-,-,NaN,0,0,0,0,90,0,0,0,0,0,"2,15",-,-,0,0,0,Total ago,0,90,0,0,0,0,0,"2,15",-,-,0,0,0,Total,7589,3882,2545,0,0,6037,1552,"11,64","831 690,39","72,50",2671,0,14843
Data,Ocup,Opção,Cheg,Oferta/Uso Interno,Deduz. Individ.,Deduz. Grupos,% Ocup.,Receita Quartos,Preço Médio,Saídas,Quartos FdS,Adul. / Cri.,agosto,Previsão,20-ago-2027 sex,0,0,0,0,0,0,0,-,-,NaN,0,0,0,0,90,0,0,0,0,0,"2,15",-,-,0,0,0,Total ago,0,90,0,0,0,0,0,"2,15",-,-,0,0,0,Total,7589,3882,2545,0,0,6037,1552,"11,64","831 690,39","72,50",2671,0,14843
Data,Ocup,Opção,Cheg,Oferta/Uso Interno,Deduz. Individ.,Deduz. Grupos,% Ocup.,Receita Quartos,Preço Médio,Saídas,Quartos FdS,Adul. / Cri.,agosto,Previsão,21-ago-2027 sáb,0,0,0,0,0,0,0,-,-,NaN,0,0,0,0,90,0,0,0,0,0,"2,15",-,-,0,0,0,Total ago,0,90,0,0,0,0,0,"2,15",-,-,0,0,0,Total,7589,3882,2545,0,0,6037,1552,"11,64","831 690,39","72,50",2671,0,14843
Data,Ocup,Opção,Cheg,Oferta/Uso Interno,Deduz. Individ.,Deduz. Grupos,% Ocup.,Receita Quartos,Preço Médio,Saídas,Quartos FdS,Adul. / Cri.,agosto,Previsão,22-ago-2027 dom,0,0,0,0,0,0,0,-,-,NaN,0,0,0,0,90,0,0,0,0,0,"2,15",-,-,0,0,0,Total ago,0,90,0,0,0,0,0,"2,15",-,-,0,0,0,Total,7589,3882,2545,0,0,6037,1552,"11,64","831 690,39","72,50",2671,0,14843
Data,Ocup,Opção,Cheg,Oferta/Uso Interno,Deduz. Individ.,Deduz. Grupos,% Ocup.,Receita Quartos,Preço Médio,Saídas,Quartos FdS,Adul. / Cri.,agosto,Previsão,23-ago-2027 seg,0,15,0,0,0,0,0,"11,11",-,-,0,0,0,0,90,0,0,0,0,0,"2,15",-,-,0,0,0,Total ago,0,90,0,0,0,0,0,"2,15",-,-,0,0,0,Total,7589,3882,2545,0,0,6037,1552,"11,64","831 690,39","72,50",2671,0,14843
Data,Ocup,Opção,Cheg,Oferta/Uso Interno,Deduz. Individ.,Deduz. Grupos,% Ocup.,Receita Quartos,Preço Médio,Saídas,Quartos FdS,Adul. / Cri.,agosto,Previsão,24-ago-2027 ter,0,15,0,0,0,0,0,"11,11",-,-,0,0,0,0,90,0,0,0,0,0,"2,15",-,-,0,0,0,Total ago,0,90,0,0,0,0,0,"2,15",-,-,0,0,0,Total,7589,3882,2545,0,0,6037,1552,"11,64","831 690,39","72,50",2671,0,14843
Data,Ocup,Opção,Cheg,Oferta/Uso Interno,Deduz. Individ.,Deduz. Grupos,% Ocup.,Receita Quartos,Preço Médio,Saídas,Quartos FdS,Adul. / Cri.,agosto,Previsão,25-ago-2027 qua,0,15,0,0,0,0,0,"11,11",-,-,0,0,0,0,90,0,0,0,0,0,"2,15",-,-,0,0,0,Total ago,0,90,0,0,0,0,0,"2,15",-,-,0,0,0,Total,7589,3882,2545,0,0,6037,1552,"11,64","831 690,39","72,50",2671,0,14843
Data,Ocup,Opção,Cheg,Oferta/Uso Interno,Deduz. Individ.,Deduz. Grupos,% Ocup.,Receita Quartos,Preço Médio,Saídas,Quartos FdS,Adul. / Cri.,agosto,Previsão,26-ago-2027 qui,0,0,0,0,0,0,0,-,-,NaN,0,0,0,0,90,0,0,0,0,0,"2,15",-,-,0,0,0,Total ago,0,90,0,0,0,0,0,"2,15",-,-,0,0,0,Total,7589,3882,2545,0,0,6037,1552,"11,64","831 690,39","72,50",2671,0,14843
Data,Ocup,Opção,Cheg,Oferta/Uso Interno,Deduz. Individ.,Deduz. Grupos,% Ocup.,Receita Quartos,Preço Médio,Saídas,Quartos FdS,Adul. / Cri.,agosto,Previsão,27-ago-2027 sex,0,0,0,0,0,0,0,-,-,NaN,0,0,0,0,90,0,0,0,0,0,"2,15",-,-,0,0,0,Total ago,0,90,0,0,0,0,0,"2,15",-,-,0,0,0,Total,7589,3882,2545,0,0,6037,1552,"11,64","831 690,39","72,50",2671,0,14843
Data,Ocup,Opção,Cheg,Oferta/Uso Interno,Deduz. Individ.,Deduz. Grupos,% Ocup.,Receita Quartos,Preço Médio,Saídas,Quartos FdS,Adul. / Cri.,agosto,Previsão,28-ago-2027 sáb,0,0,0,0,0,0,0,-,-,NaN,0,0,0,0,90,0,0,0,0,0,"2,15",-,-,0,0,0,Total ago,0,90,0,0,0,0,0,"2,15",-,-,0,0,0,Total,7589,3882,2545,0,0,6037,1552,"11,64","831 690,39","72,50",2671,0,14843
Data,Ocup,Opção,Cheg,Oferta/Uso Interno,Deduz. Individ.,Deduz. Grupos,% Ocup.,Receita Quartos,Preço Médio,Saídas,Quartos FdS,Adul. / Cri.,agosto,Previsão,29-ago-2027 dom,0,0,0,0,0,0,0,-,-,NaN,0,0,0,0,90,0,0,0,0,0,"2,15",-,-,0,0,0,Total ago,0,90,0,0,0,0,0,"2,15",-,-,0,0,0,Total,7589,3882,2545,0,0,6037,1552,"11,64","831 690,39","72,50",2671,0,14843
Data,Ocup,Opção,Cheg,Oferta/Uso Interno,Deduz. Individ.,Deduz. Grupos,% Ocup.,Receita Quartos,Preço Médio,Saídas,Quartos FdS,Adul. / Cri.,agosto,Previsão,30-ago-2027 seg,0,0,0,0,0,0,0,-,-,NaN,0,0,0,0,90,0,0,0,0,0,"2,15",-,-,0,0,0,Total ago,0,90,0,0,0,0,0,"2,15",-,-,0,0,0,Total,7589,3882,2545,0,0,6037,1552,"11,64","831 690,39","72,50",2671,0,14843
Data,Ocup,Opção,Cheg,Oferta/Uso Interno,Deduz. Individ.,Deduz. Grupos,% Ocup.,Receita Quartos,Preço Médio,Saídas,Quartos FdS,Adul. / Cri.,agosto,Previsão,31-ago-2027 ter,0,0,0,0,0,0,0,-,-,NaN,0,0,0,0,90,0,0,0,0,0,"2,15",-,-,0,0,0,Total ago,0,90,0,0,0,0,0,"2,15",-,-,0,0,0,Total,7589,3882,2545,0,0,6037,1552,"11,64","831 690,39","72,50",2671,0,14843
Data,Ocup,Opção,Cheg,Oferta/Uso Interno,Deduz. Individ.,Deduz. Grupos,% Ocup.,Receita Quartos,Preço Médio,Saídas,Quartos FdS,Adul. / Cri.,setembro,Previsão,01-set-2027 qua,0,0,0,0,0,0,0,-,-,NaN,0,0,0,0,0,0,0,0,0,0,-,-,NaN,0,0,0,Total set,0,0,0,0,0,0,0,-,-,NaN,0,0,0,Total,7589,3882,2545,0,0,6037,1552,"11,64","831 690,39","72,50",2671,0,14843
Data,Ocup,Opção,Cheg,Oferta/Uso Interno,Deduz. Individ.,Deduz. Grupos,% Ocup.,Receita Quartos,Preço Médio,Saídas,Quartos FdS,Adul. / Cri.,setembro,Previsão,02-set-2027 qui,0,0,0,0,0,0,0,-,-,NaN,0,0,0,0,0,0,0,0,0,0,-,-,NaN,0,0,0,Total set,0,0,0,0,0,0,0,-,-,NaN,0,0,0,Total,7589,3882,2545,0,0,6037,1552,"11,64","831 690,39","72,50",2671,0,14843
Data,Ocup,Opção,Cheg,Oferta/Uso Interno,Deduz. Individ.,Deduz. Grupos,% Ocup.,Receita Quartos,Preço Médio,Saídas,Quartos FdS,Adul. / Cri.,setembro,Previsão,03-set-2027 sex,0,0,0,0,0,0,0,-,-,NaN,0,0,0,0,0,0,0,0,0,0,-,-,NaN,0,0,0,Total set,0,0,0,0,0,0,0,-,-,NaN,0,0,0,Total,7589,3882,2545,0,0,6037,1552,"11,64","831 690,39","72,50",2671,0,14843
Data,Ocup,Opção,Cheg,Oferta/Uso Interno,Deduz. Individ.,Deduz. Grupos,% Ocup.,Receita Quartos,Preço Médio,Saídas,Quartos FdS,Adul. / Cri.,setembro,Previsão,04-set-2027 sáb,0,0,0,0,0,0,0,-,-,NaN,0,0,0,0,0,0,0,0,0,0,-,-,NaN,0,0,0,Total set,0,0,0,0,0,0,0,-,-,NaN,0,0,0,Total,7589,3882,2545,0,0,6037,1552,"11,64","831 690,39","72,50",2671,0,14843
Data,Ocup,Opção,Cheg,Oferta/Uso Interno,Deduz. Individ.,Deduz. Grupos,% Ocup.,Receita Quartos,Preço Médio,Saídas,Quartos FdS,Adul. / Cri.,setembro,Previsão,05-set-2027 dom,0,0,0,0,0,0,0,-,-,NaN,0,0,0,0,0,0,0,0,0,0,-,-,NaN,0,0,0,Total set,0,0,0,0,0,0,0,-,-,NaN,0,0,0,Total,7589,3882,2545,0,0,6037,1552,"11,64","831 690,39","72,50",2671,0,14843
Data,Ocup,Opção,Cheg,Oferta/Uso Interno,Deduz. Individ.,Deduz. Grupos,% Ocup.,Receita Quartos,Preço Médio,Saídas,Quartos FdS,Adul. / Cri.,setembro,Previsão,06-set-2027 seg,0,0,0,0,0,0,0,-,-,NaN,0,0,0,0,0,0,0,0,0,0,-,-,NaN,0,0,0,Total set,0,0,0,0,0,0,0,-,-,NaN,0,0,0,Total,7589,3882,2545,0,0,6037,1552,"11,64","831 690,39","72,50",2671,0,14843
Data,Ocup,Opção,Cheg,Oferta/Uso Interno,Deduz. Individ.,Deduz. Grupos,% Ocup.,Receita Quartos,Preço Médio,Saídas,Quartos FdS,Adul. / Cri.,setembro,Previsão,07-set-2027 ter,0,0,0,0,0,0,0,-,-,NaN,0,0,0,0,0,0,0,0,0,0,-,-,NaN,0,0,0,Total set,0,0,0,0,0,0,0,-,-,NaN,0,0,0,Total,7589,3882,2545,0,0,6037,1552,"11,64","831 690,39","72,50",2671,0,14843
Data,Ocup,Opção,Cheg,Oferta/Uso Interno,Deduz. Individ.,Deduz. Grupos,% Ocup.,Receita Quartos,Preço Médio,Saídas,Quartos FdS,Adul. / Cri.,setembro,Previsão,08-set-2027 qua,0,0,0,0,0,0,0,-,-,NaN,0,0,0,0,0,0,0,0,0,0,-,-,NaN,0,0,0,Total set,0,0,0,0,0,0,0,-,-,NaN,0,0,0,Total,7589,3882,2545,0,0,6037,1552,"11,64","831 690,39","72,50",2671,0,14843
Data,Ocup,Opção,Cheg,Oferta/Uso Interno,Deduz. Individ.,Deduz. Grupos,% Ocup.,Receita Quartos,Preço Médio,Saídas,Quartos FdS,Adul. / Cri.,setembro,Previsão,09-set-2027 qui,0,0,0,0,0,0,0,-,-,NaN,0,0,0,0,0,0,0,0,0,0,-,-,NaN,0,0,0,Total set,0,0,0,0,0,0,0,-,-,NaN,0,0,0,Total,7589,3882,2545,0,0,6037,1552,"11,64","831 690,39","72,50",2671,0,14843
Data,Ocup,Opção,Cheg,Oferta/Uso Interno,Deduz. Individ.,Deduz. Grupos,% Ocup.,Receita Quartos,Preço Médio,Saídas,Quartos FdS,Adul. / Cri.,setembro,Previsão,10-set-2027 sex,0,0,0,0,0,0,0,-,-,NaN,0,0,0,0,0,0,0,0,0,0,-,-,NaN,0,0,0,Total set,0,0,0,0,0,0,0,-,-,NaN,0,0,0,Total,7589,3882,2545,0,0,6037,1552,"11,64","831 690,39","72,50",2671,0,14843
Data,Ocup,Opção,Cheg,Oferta/Uso Interno,Deduz. Individ.,Deduz. Grupos,% Ocup.,Receita Quartos,Preço Médio,Saídas,Quartos FdS,Adul. / Cri.,setembro,Previsão,11-set-2027 sáb,0,0,0,0,0,0,0,-,-,NaN,0,0,0,0,0,0,0,0,0,0,-,-,NaN,0,0,0,Total set,0,0,0,0,0,0,0,-,-,NaN,0,0,0,Total,7589,3882,2545,0,0,6037,1552,"11,64","831 690,39","72,50",2671,0,14843
Data,Ocup,Opção,Cheg,Oferta/Uso Interno,Deduz. Individ.,Deduz. Grupos,% Ocup.,Receita Quartos,Preço Médio,Saídas,Quartos FdS,Adul. / Cri.,setembro,Previsão,12-set-2027 dom,0,0,0,0,0,0,0,-,-,NaN,0,0,0,0,0,0,0,0,0,0,-,-,NaN,0,0,0,Total set,0,0,0,0,0,0,0,-,-,NaN,0,0,0,Total,7589,3882,2545,0,0,6037,1552,"11,64","831 690,39","72,50",2671,0,14843
Data,Ocup,Opção,Cheg,Oferta/Uso Interno,Deduz. Individ.,Deduz. Grupos,% Ocup.,Receita Quartos,Preço Médio,Saídas,Quartos FdS,Adul. / Cri.,setembro,Previsão,13-set-2027 seg,0,0,0,0,0,0,0,-,-,NaN,0,0,0,0,0,0,0,0,0,0,-,-,NaN,0,0,0,Total set,0,0,0,0,0,0,0,-,-,NaN,0,0,0,Total,7589,3882,2545,0,0,6037,1552,"11,64","831 690,39","72,50",2671,0,14843
Data,Ocup,Opção,Cheg,Oferta/Uso Interno,Deduz. Individ.,Deduz. Grupos,% Ocup.,Receita Quartos,Preço Médio,Saídas,Quartos FdS,Adul. / Cri.,setembro,Previsão,14-set-2027 ter,0,0,0,0,0,0,0,-,-,NaN,0,0,0,0,0,0,0,0,0,0,-,-,NaN,0,0,0,Total set,0,0,0,0,0,0,0,-,-,NaN,0,0,0,Total,7589,3882,2545,0,0,6037,1552,"11,64","831 690,39","72,50",2671,0,14843
Data,Ocup,Opção,Cheg,Oferta/Uso Interno,Deduz. Individ.,Deduz. Grupos,% Ocup.,Receita Quartos,Preço Médio,Saídas,Quartos FdS,Adul. / Cri.,setembro,Previsão,15-set-2027 qua,0,0,0,0,0,0,0,-,-,NaN,0,0,0,0,0,0,0,0,0,0,-,-,NaN,0,0,0,Total set,0,0,0,0,0,0,0,-,-,NaN,0,0,0,Total,7589,3882,2545,0,0,6037,1552,"11,64","831 690,39","72,50",2671,0,14843
Data,Ocup,Opção,Cheg,Oferta/Uso Interno,Deduz. Individ.,Deduz. Grupos,% Ocup.,Receita Quartos,Preço Médio,Saídas,Quartos FdS,Adul. / Cri.,setembro,Previsão,16-set-2027 qui,0,0,0,0,0,0,0,-,-,NaN,0,0,0,0,0,0,0,0,0,0,-,-,NaN,0,0,0,Total set,0,0,0,0,0,0,0,-,-,NaN,0,0,0,Total,7589,3882,2545,0,0,6037,1552,"11,64","831 690,39","72,50",2671,0,14843
Data,Ocup,Opção,Cheg,Oferta/Uso Interno,Deduz. Individ.,Deduz. Grupos,% Ocup.,Receita Quartos,Preço Médio,Saídas,Quartos FdS,Adul. / Cri.,setembro,Previsão,17-set-2027 sex,0,0,0,0,0,0,0,-,-,NaN,0,0,0,0,0,0,0,0,0,0,-,-,NaN,0,0,0,Total set,0,0,0,0,0,0,0,-,-,NaN,0,0,0,Total,7589,3882,2545,0,0,6037,1552,"11,64","831 690,39","72,50",2671,0,14843
Data,Ocup,Opção,Cheg,Oferta/Uso Interno,Deduz. Individ.,Deduz. Grupos,% Ocup.,Receita Quartos,Preço Médio,Saídas,Quartos FdS,Adul. / Cri.,setembro,Previsão,18-set-2027 sáb,0,0,0,0,0,0,0,-,-,NaN,0,0,0,0,0,0,0,0,0,0,-,-,NaN,0,0,0,Total set,0,0,0,0,0,0,0,-,-,NaN,0,0,0,Total,7589,3882,2545,0,0,6037,1552,"11,64","831 690,39","72,50",2671,0,14843
Data,Ocup,Opção,Cheg,Oferta/Uso Interno,Deduz. Individ.,Deduz. Grupos,% Ocup.,Receita Quartos,Preço Médio,Saídas,Quartos FdS,Adul. / Cri.,setembro,Previsão,19-set-2027 dom,0,0,0,0,0,0,0,-,-,NaN,0,0,0,0,0,0,0,0,0,0,-,-,NaN,0,0,0,Total set,0,0,0,0,0,0,0,-,-,NaN,0,0,0,Total,7589,3882,2545,0,0,6037,1552,"11,64","831 690,39","72,50",2671,0,14843
Data,Ocup,Opção,Cheg,Oferta/Uso Interno,Deduz. Individ.,Deduz. Grupos,% Ocup.,Receita Quartos,Preço Médio,Saídas,Quartos FdS,Adul. / Cri.,setembro,Previsão,20-set-2027 seg,0,0,0,0,0,0,0,-,-,NaN,0,0,0,0,0,0,0,0,0,0,-,-,NaN,0,0,0,Total set,0,0,0,0,0,0,0,-,-,NaN,0,0,0,Total,7589,3882,2545,0,0,6037,1552,"11,64","831 690,39","72,50",2671,0,14843
Data,Ocup,Opção,Cheg,Oferta/Uso Interno,Deduz. Individ.,Deduz. Grupos,% Ocup.,Receita Quartos,Preço Médio,Saídas,Quartos FdS,Adul. / Cri.,setembro,Previsão,21-set-2027 ter,0,0,0,0,0,0,0,-,-,NaN,0,0,0,0,0,0,0,0,0,0,-,-,NaN,0,0,0,Total set,0,0,0,0,0,0,0,-,-,NaN,0,0,0,Total,7589,3882,2545,0,0,6037,1552,"11,64","831 690,39","72,50",2671,0,14843
Data,Ocup,Opção,Cheg,Oferta/Uso Interno,Deduz. Individ.,Deduz. Grupos,% Ocup.,Receita Quartos,Preço Médio,Saídas,Quartos FdS,Adul. / Cri.,setembro,Previsão,22-set-2027 qua,0,0,0,0,0,0,0,-,-,NaN,0,0,0,0,0,0,0,0,0,0,-,-,NaN,0,0,0,Total set,0,0,0,0,0,0,0,-,-,NaN,0,0,0,Total,7589,3882,2545,0,0,6037,1552,"11,64","831 690,39","72,50",2671,0,14843
Data,Ocup,Opção,Cheg,Oferta/Uso Interno,Deduz. Individ.,Deduz. Grupos,% Ocup.,Receita Quartos,Preço Médio,Saídas,Quartos FdS,Adul. / Cri.,setembro,Previsão,23-set-2027 qui,0,0,0,0,0,0,0,-,-,NaN,0,0,0,0,0,0,0,0,0,0,-,-,NaN,0,0,0,Total set,0,0,0,0,0,0,0,-,-,NaN,0,0,0,Total,7589,3882,2545,0,0,6037,1552,"11,64","831 690,39","72,50",2671,0,14843
Data,Ocup,Opção,Cheg,Oferta/Uso Interno,Deduz. Individ.,Deduz. Grupos,% Ocup.,Receita Quartos,Preço Médio,Saídas,Quartos FdS,Adul. / Cri.,setembro,Previsão,24-set-2027 sex,0,0,0,0,0,0,0,-,-,NaN,0,0,0,0,0,0,0,0,0,0,-,-,NaN,0,0,0,Total set,0,0,0,0,0,0,0,-,-,NaN,0,0,0,Total,7589,3882,2545,0,0,6037,1552,"11,64","831 690,39","72,50",2671,0,14843
Data,Ocup,Opção,Cheg,Oferta/Uso Interno,Deduz. Individ.,Deduz. Grupos,% Ocup.,Receita Quartos,Preço Médio,Saídas,Quartos FdS,Adul. / Cri.,setembro,Previsão,25-set-2027 sáb,0,0,0,0,0,0,0,-,-,NaN,0,0,0,0,0,0,0,0,0,0,-,-,NaN,0,0,0,Total set,0,0,0,0,0,0,0,-,-,NaN,0,0,0,Total,7589,3882,2545,0,0,6037,1552,"11,64","831 690,39","72,50",2671,0,14843
Data,Ocup,Opção,Cheg,Oferta/Uso Interno,Deduz. Individ.,Deduz. Grupos,% Ocup.,Receita Quartos,Preço Médio,Saídas,Quartos FdS,Adul. / Cri.,setembro,Previsão,26-set-2027 dom,0,0,0,0,0,0,0,-,-,NaN,0,0,0,0,0,0,0,0,0,0,-,-,NaN,0,0,0,Total set,0,0,0,0,0,0,0,-,-,NaN,0,0,0,Total,7589,3882,2545,0,0,6037,1552,"11,64","831 690,39","72,50",2671,0,14843
Data,Ocup,Opção,Cheg,Oferta/Uso Interno,Deduz. Individ.,Deduz. Grupos,% Ocup.,Receita Quartos,Preço Médio,Saídas,Quartos FdS,Adul. / Cri.,setembro,Previsão,27-set-2027 seg,0,0,0,0,0,0,0,-,-,NaN,0,0,0,0,0,0,0,0,0,0,-,-,NaN,0,0,0,Total set,0,0,0,0,0,0,0,-,-,NaN,0,0,0,Total,7589,3882,2545,0,0,6037,1552,"11,64","831 690,39","72,50",2671,0,14843
Data,Ocup,Opção,Cheg,Oferta/Uso Interno,Deduz. Individ.,Deduz. Grupos,% Ocup.,Receita Quartos,Preço Médio,Saídas,Quartos FdS,Adul. / Cri.,setembro,Previsão,28-set-2027 ter,0,0,0,0,0,0,0,-,-,NaN,0,0,0,0,0,0,0,0,0,0,-,-,NaN,0,0,0,Total set,0,0,0,0,0,0,0,-,-,NaN,0,0,0,Total,7589,3882,2545,0,0,6037,1552,"11,64","831 690,39","72,50",2671,0,14843
Data,Ocup,Opção,Cheg,Oferta/Uso Interno,Deduz. Individ.,Deduz. Grupos,% Ocup.,Receita Quartos,Preço Médio,Saídas,Quartos FdS,Adul. / Cri.,setembro,Previsão,29-set-2027 qua,0,0,0,0,0,0,0,-,-,NaN,0,0,0,0,0,0,0,0,0,0,-,-,NaN,0,0,0,Total set,0,0,0,0,0,0,0,-,-,NaN,0,0,0,Total,7589,3882,2545,0,0,6037,1552,"11,64","831 690,39","72,50",2671,0,14843
Data,Ocup,Opção,Cheg,Oferta/Uso Interno,Deduz. Individ.,Deduz. Grupos,% Ocup.,Receita Quartos,Preço Médio,Saídas,Quartos FdS,Adul. / Cri.,setembro,Previsão,30-set-2027 qui,0,0,0,0,0,0,0,-,-,NaN,0,0,0,0,0,0,0,0,0,0,-,-,NaN,0,0,0,Total set,0,0,0,0,0,0,0,-,-,NaN,0,0,0,Total,7589,3882,2545,0,0,6037,1552,"11,64","831 690,39","72,50",2671,0,14843
Data,Ocup,Opção,Cheg,Oferta/Uso Interno,Deduz. Individ.,Deduz. Grupos,% Ocup.,Receita Quartos,Preço Médio,Saídas,Quartos FdS,Adul. / Cri.,outubro,Previsão,01-out-2027 sex,0,0,0,0,0,0,0,-,-,NaN,0,0,0,0,0,0,0,0,0,0,-,-,NaN,0,0,0,Total out,0,0,0,0,0,0,0,-,-,NaN,0,0,0,Total,7589,3882,2545,0,0,6037,1552,"11,64","831 690,39","72,50",2671,0,14843
Data,Ocup,Opção,Cheg,Oferta/Uso Interno,Deduz. Individ.,Deduz. Grupos,% Ocup.,Receita Quartos,Preço Médio,Saídas,Quartos FdS,Adul. / Cri.,outubro,Previsão,02-out-2027 sáb,0,0,0,0,0,0,0,-,-,NaN,0,0,0,0,0,0,0,0,0,0,-,-,NaN,0,0,0,Total out,0,0,0,0,0,0,0,-,-,NaN,0,0,0,Total,7589,3882,2545,0,0,6037,1552,"11,64","831 690,39","72,50",2671,0,14843
Data,Ocup,Opção,Cheg,Oferta/Uso Interno,Deduz. Individ.,Deduz. Grupos,% Ocup.,Receita Quartos,Preço Médio,Saídas,Quartos FdS,Adul. / Cri.,outubro,Previsão,03-out-2027 dom,0,0,0,0,0,0,0,-,-,NaN,0,0,0,0,0,0,0,0,0,0,-,-,NaN,0,0,0,Total out,0,0,0,0,0,0,0,-,-,NaN,0,0,0,Total,7589,3882,2545,0,0,6037,1552,"11,64","831 690,39","72,50",2671,0,14843
Data,Ocup,Opção,Cheg,Oferta/Uso Interno,Deduz. Individ.,Deduz. Grupos,% Ocup.,Receita Quartos,Preço Médio,Saídas,Quartos FdS,Adul. / Cri.,outubro,Previsão,04-out-2027 seg,0,0,0,0,0,0,0,-,-,NaN,0,0,0,0,0,0,0,0,0,0,-,-,NaN,0,0,0,Total out,0,0,0,0,0,0,0,-,-,NaN,0,0,0,Total,7589,3882,2545,0,0,6037,1552,"11,64","831 690,39","72,50",2671,0,14843
Data,Ocup,Opção,Cheg,Oferta/Uso Interno,Deduz. Individ.,Deduz. Grupos,% Ocup.,Receita Quartos,Preço Médio,Saídas,Quartos FdS,Adul. / Cri.,outubro,Previsão,05-out-2027 ter,0,0,0,0,0,0,0,-,-,NaN,0,0,0,0,0,0,0,0,0,0,-,-,NaN,0,0,0,Total out,0,0,0,0,0,0,0,-,-,NaN,0,0,0,Total,7589,3882,2545,0,0,6037,1552,"11,64","831 690,39","72,50",2671,0,14843
Data,Ocup,Opção,Cheg,Oferta/Uso Interno,Deduz. Individ.,Deduz. Grupos,% Ocup.,Receita Quartos,Preço Médio,Saídas,Quartos FdS,Adul. / Cri.,outubro,Previsão,06-out-2027 qua,0,0,0,0,0,0,0,-,-,NaN,0,0,0,0,0,0,0,0,0,0,-,-,NaN,0,0,0,Total out,0,0,0,0,0,0,0,-,-,NaN,0,0,0,Total,7589,3882,2545,0,0,6037,1552,"11,64","831 690,39","72,50",2671,0,14843
Data,Ocup,Opção,Cheg,Oferta/Uso Interno,Deduz. Individ.,Deduz. Grupos,% Ocup.,Receita Quartos,Preço Médio,Saídas,Quartos FdS,Adul. / Cri.,outubro,Previsão,07-out-2027 qui,0,0,0,0,0,0,0,-,-,NaN,0,0,0,0,0,0,0,0,0,0,-,-,NaN,0,0,0,Total out,0,0,0,0,0,0,0,-,-,NaN,0,0,0,Total,7589,3882,2545,0,0,6037,1552,"11,64","831 690,39","72,50",2671,0,14843
Data,Ocup,Opção,Cheg,Oferta/Uso Interno,Deduz. Individ.,Deduz. Grupos,% Ocup.,Receita Quartos,Preço Médio,Saídas,Quartos FdS,Adul. / Cri.,outubro,Previsão,08-out-2027 sex,0,0,0,0,0,0,0,-,-,NaN,0,0,0,0,0,0,0,0,0,0,-,-,NaN,0,0,0,Total out,0,0,0,0,0,0,0,-,-,NaN,0,0,0,Total,7589,3882,2545,0,0,6037,1552,"11,64","831 690,39","72,50",2671,0,14843
Data,Ocup,Opção,Cheg,Oferta/Uso Interno,Deduz. Individ.,Deduz. Grupos,% Ocup.,Receita Quartos,Preço Médio,Saídas,Quartos FdS,Adul. / Cri.,outubro,Previsão,09-out-2027 sáb,0,0,0,0,0,0,0,-,-,NaN,0,0,0,0,0,0,0,0,0,0,-,-,NaN,0,0,0,Total out,0,0,0,0,0,0,0,-,-,NaN,0,0,0,Total,7589,3882,2545,0,0,6037,1552,"11,64","831 690,39","72,50",2671,0,14843
Data,Ocup,Opção,Cheg,Oferta/Uso Interno,Deduz. Individ.,Deduz. Grupos,% Ocup.,Receita Quartos,Preço Médio,Saídas,Quartos FdS,Adul. / Cri.,outubro,Previsão,10-out-2027 dom,0,0,0,0,0,0,0,-,-,NaN,0,0,0,0,0,0,0,0,0,0,-,-,NaN,0,0,0,Total out,0,0,0,0,0,0,0,-,-,NaN,0,0,0,Total,7589,3882,2545,0,0,6037,1552,"11,64","831 690,39","72,50",2671,0,14843
Data,Ocup,Opção,Cheg,Oferta/Uso Interno,Deduz. Individ.,Deduz. Grupos,% Ocup.,Receita Quartos,Preço Médio,Saídas,Quartos FdS,Adul. / Cri.,outubro,Previsão,11-out-2027 seg,0,0,0,0,0,0,0,-,-,NaN,0,0,0,0,0,0,0,0,0,0,-,-,NaN,0,0,0,Total out,0,0,0,0,0,0,0,-,-,NaN,0,0,0,Total,7589,3882,2545,0,0,6037,1552,"11,64","831 690,39","72,50",2671,0,14843
Data,Ocup,Opção,Cheg,Oferta/Uso Interno,Deduz. Individ.,Deduz. Grupos,% Ocup.,Receita Quartos,Preço Médio,Saídas,Quartos FdS,Adul. / Cri.,outubro,Previsão,12-out-2027 ter,0,0,0,0,0,0,0,-,-,NaN,0,0,0,0,0,0,0,0,0,0,-,-,NaN,0,0,0,Total out,0,0,0,0,0,0,0,-,-,NaN,0,0,0,Total,7589,3882,2545,0,0,6037,1552,"11,64","831 690,39","72,50",2671,0,14843
Data,Ocup,Opção,Cheg,Oferta/Uso Interno,Deduz. Individ.,Deduz. Grupos,% Ocup.,Receita Quartos,Preço Médio,Saídas,Quartos FdS,Adul. / Cri.,outubro,Previsão,13-out-2027 qua,0,0,0,0,0,0,0,-,-,NaN,0,0,0,0,0,0,0,0,0,0,-,-,NaN,0,0,0,Total out,0,0,0,0,0,0,0,-,-,NaN,0,0,0,Total,7589,3882,2545,0,0,6037,1552,"11,64","831 690,39","72,50",2671,0,14843
Data,Ocup,Opção,Cheg,Oferta/Uso Interno,Deduz. Individ.,Deduz. Grupos,% Ocup.,Receita Quartos,Preço Médio,Saídas,Quartos FdS,Adul. / Cri.,outubro,Previsão,14-out-2027 qui,0,0,0,0,0,0,0,-,-,NaN,0,0,0,0,0,0,0,0,0,0,-,-,NaN,0,0,0,Total out,0,0,0,0,0,0,0,-,-,NaN,0,0,0,Total,7589,3882,2545,0,0,6037,1552,"11,64","831 690,39","72,50",2671,0,14843
Data,Ocup,Opção,Cheg,Oferta/Uso Interno,Deduz. Individ.,Deduz. Grupos,% Ocup.,Receita Quartos,Preço Médio,Saídas,Quartos FdS,Adul. / Cri.,outubro,Previsão,15-out-2027 sex,0,0,0,0,0,0,0,-,-,NaN,0,0,0,0,0,0,0,0,0,0,-,-,NaN,0,0,0,Total out,0,0,0,0,0,0,0,-,-,NaN,0,0,0,Total,7589,3882,2545,0,0,6037,1552,"11,64","831 690,39","72,50",2671,0,14843
Data,Ocup,Opção,Cheg,Oferta/Uso Interno,Deduz. Individ.,Deduz. Grupos,% Ocup.,Receita Quartos,Preço Médio,Saídas,Quartos FdS,Adul. / Cri.,outubro,Previsão,16-out-2027 sáb,0,0,0,0,0,0,0,-,-,NaN,0,0,0,0,0,0,0,0,0,0,-,-,NaN,0,0,0,Total out,0,0,0,0,0,0,0,-,-,NaN,0,0,0,Total,7589,3882,2545,0,0,6037,1552,"11,64","831 690,39","72,50",2671,0,14843
Data,Ocup,Opção,Cheg,Oferta/Uso Interno,Deduz. Individ.,Deduz. Grupos,% Ocup.,Receita Quartos,Preço Médio,Saídas,Quartos FdS,Adul. / Cri.,outubro,Previsão,17-out-2027 dom,0,0,0,0,0,0,0,-,-,NaN,0,0,0,0,0,0,0,0,0,0,-,-,NaN,0,0,0,Total out,0,0,0,0,0,0,0,-,-,NaN,0,0,0,Total,7589,3882,2545,0,0,6037,1552,"11,64","831 690,39","72,50",2671,0,14843
Data,Ocup,Opção,Cheg,Oferta/Uso Interno,Deduz. Individ.,Deduz. Grupos,% Ocup.,Receita Quartos,Preço Médio,Saídas,Quartos FdS,Adul. / Cri.,outubro,Previsão,18-out-2027 seg,0,0,0,0,0,0,0,-,-,NaN,0,0,0,0,0,0,0,0,0,0,-,-,NaN,0,0,0,Total out,0,0,0,0,0,0,0,-,-,NaN,0,0,0,Total,7589,3882,2545,0,0,6037,1552,"11,64","831 690,39","72,50",2671,0,14843
Data,Ocup,Opção,Cheg,Oferta/Uso Interno,Deduz. Individ.,Deduz. Grupos,% Ocup.,Receita Quartos,Preço Médio,Saídas,Quartos FdS,Adul. / Cri.,outubro,Previsão,19-out-2027 ter,0,0,0,0,0,0,0,-,-,NaN,0,0,0,0,0,0,0,0,0,0,-,-,NaN,0,0,0,Total out,0,0,0,0,0,0,0,-,-,NaN,0,0,0,Total,7589,3882,2545,0,0,6037,1552,"11,64","831 690,39","72,50",2671,0,14843
Data,Ocup,Opção,Cheg,Oferta/Uso Interno,Deduz. Individ.,Deduz. Grupos,% Ocup.,Receita Quartos,Preço Médio,Saídas,Quartos FdS,Adul. / Cri.,outubro,Previsão,20-out-2027 qua,0,0,0,0,0,0,0,-,-,NaN,0,0,0,0,0,0,0,0,0,0,-,-,NaN,0,0,0,Total out,0,0,0,0,0,0,0,-,-,NaN,0,0,0,Total,7589,3882,2545,0,0,6037,1552,"11,64","831 690,39","72,50",2671,0,14843
Data,Ocup,Opção,Cheg,Oferta/Uso Interno,Deduz. Individ.,Deduz. Grupos,% Ocup.,Receita Quartos,Preço Médio,Saídas,Quartos FdS,Adul. / Cri.,outubro,Previsão,21-out-2027 qui,0,0,0,0,0,0,0,-,-,NaN,0,0,0,0,0,0,0,0,0,0,-,-,NaN,0,0,0,Total out,0,0,0,0,0,0,0,-,-,NaN,0,0,0,Total,7589,3882,2545,0,0,6037,1552,"11,64","831 690,39","72,50",2671,0,14843
Data,Ocup,Opção,Cheg,Oferta/Uso Interno,Deduz. Individ.,Deduz. Grupos,% Ocup.,Receita Quartos,Preço Médio,Saídas,Quartos FdS,Adul. / Cri.,outubro,Previsão,22-out-2027 sex,0,0,0,0,0,0,0,-,-,NaN,0,0,0,0,0,0,0,0,0,0,-,-,NaN,0,0,0,Total out,0,0,0,0,0,0,0,-,-,NaN,0,0,0,Total,7589,3882,2545,0,0,6037,1552,"11,64","831 690,39","72,50",2671,0,14843
Data,Ocup,Opção,Cheg,Oferta/Uso Interno,Deduz. Individ.,Deduz. Grupos,% Ocup.,Receita Quartos,Preço Médio,Saídas,Quartos FdS,Adul. / Cri.,outubro,Previsão,23-out-2027 sáb,0,0,0,0,0,0,0,-,-,NaN,0,0,0,0,0,0,0,0,0,0,-,-,NaN,0,0,0,Total out,0,0,0,0,0,0,0,-,-,NaN,0,0,0,Total,7589,3882,2545,0,0,6037,1552,"11,64","831 690,39","72,50",2671,0,14843
Data,Ocup,Opção,Cheg,Oferta/Uso Interno,Deduz. Individ.,Deduz. Grupos,% Ocup.,Receita Quartos,Preço Médio,Saídas,Quartos FdS,Adul. / Cri.,outubro,Previsão,24-out-2027 dom,0,0,0,0,0,0,0,-,-,NaN,0,0,0,0,0,0,0,0,0,0,-,-,NaN,0,0,0,Total out,0,0,0,0,0,0,0,-,-,NaN,0,0,0,Total,7589,3882,2545,0,0,6037,1552,"11,64","831 690,39","72,50",2671,0,14843
Data,Ocup,Opção,Cheg,Oferta/Uso Interno,Deduz. Individ.,Deduz. Grupos,% Ocup.,Receita Quartos,Preço Médio,Saídas,Quartos FdS,Adul. / Cri.,outubro,Previsão,25-out-2027 seg,0,0,0,0,0,0,0,-,-,NaN,0,0,0,0,0,0,0,0,0,0,-,-,NaN,0,0,0,Total out,0,0,0,0,0,0,0,-,-,NaN,0,0,0,Total,7589,3882,2545,0,0,6037,1552,"11,64","831 690,39","72,50",2671,0,14843
Data,Ocup,Opção,Cheg,Oferta/Uso Interno,Deduz. Individ.,Deduz. Grupos,% Ocup.,Receita Quartos,Preço Médio,Saídas,Quartos FdS,Adul. / Cri.,outubro,Previsão,26-out-2027 ter,0,0,0,0,0,0,0,-,-,NaN,0,0,0,0,0,0,0,0,0,0,-,-,NaN,0,0,0,Total out,0,0,0,0,0,0,0,-,-,NaN,0,0,0,Total,7589,3882,2545,0,0,6037,1552,"11,64","831 690,39","72,50",2671,0,14843
Data,Ocup,Opção,Cheg,Oferta/Uso Interno,Deduz. Individ.,Deduz. Grupos,% Ocup.,Receita Quartos,Preço Médio,Saídas,Quartos FdS,Adul. / Cri.,outubro,Previsão,27-out-2027 qua,0,0,0,0,0,0,0,-,-,NaN,0,0,0,0,0,0,0,0,0,0,-,-,NaN,0,0,0,Total out,0,0,0,0,0,0,0,-,-,NaN,0,0,0,Total,7589,3882,2545,0,0,6037,1552,"11,64","831 690,39","72,50",2671,0,14843
Data,Ocup,Opção,Cheg,Oferta/Uso Interno,Deduz. Individ.,Deduz. Grupos,% Ocup.,Receita Quartos,Preço Médio,Saídas,Quartos FdS,Adul. / Cri.,outubro,Previsão,28-out-2027 qui,0,0,0,0,0,0,0,-,-,NaN,0,0,0,0,0,0,0,0,0,0,-,-,NaN,0,0,0,Total out,0,0,0,0,0,0,0,-,-,NaN,0,0,0,Total,7589,3882,2545,0,0,6037,1552,"11,64","831 690,39","72,50",2671,0,14843
Data,Ocup,Opção,Cheg,Oferta/Uso Interno,Deduz. Individ.,Deduz. Grupos,% Ocup.,Receita Quartos,Preço Médio,Saídas,Quartos FdS,Adul. / Cri.,outubro,Previsão,29-out-2027 sex,0,0,0,0,0,0,0,-,-,NaN,0,0,0,0,0,0,0,0,0,0,-,-,NaN,0,0,0,Total out,0,0,0,0,0,0,0,-,-,NaN,0,0,0,Total,7589,3882,2545,0,0,6037,1552,"11,64","831 690,39","72,50",2671,0,14843
Data,Ocup,Opção,Cheg,Oferta/Uso Interno,Deduz. Individ.,Deduz. Grupos,% Ocup.,Receita Quartos,Preço Médio,Saídas,Quartos FdS,Adul. / Cri.,outubro,Previsão,30-out-2027 sáb,0,0,0,0,0,0,0,-,-,NaN,0,0,0,0,0,0,0,0,0,0,-,-,NaN,0,0,0,Total out,0,0,0,0,0,0,0,-,-,NaN,0,0,0,Total,7589,3882,2545,0,0,6037,1552,"11,64","831 690,39","72,50",2671,0,14843
Data,Ocup,Opção,Cheg,Oferta/Uso Interno,Deduz. Individ.,Deduz. Grupos,% Ocup.,Receita Quartos,Preço Médio,Saídas,Quartos FdS,Adul. / Cri.,outubro,Previsão,31-out-2027 dom,0,0,0,0,0,0,0,-,-,NaN,0,0,0,0,0,0,0,0,0,0,-,-,NaN,0,0,0,Total out,0,0,0,0,0,0,0,-,-,NaN,0,0,0,Total,7589,3882,2545,0,0,6037,1552,"11,64","831 690,39","72,50",2671,0,14843
Data,Ocup,Opção,Cheg,Oferta/Uso Interno,Deduz. Individ.,Deduz. Grupos,% Ocup.,Receita Quartos,Preço Médio,Saídas,Quartos FdS,Adul. / Cri.,novembro,Previsão,01-nov-2027 seg,0,0,0,0,0,0,0,-,-,NaN,0,0,0,0,0,0,0,0,0,0,-,-,NaN,0,0,0,Total nov,0,0,0,0,0,0,0,-,-,NaN,0,0,0,Total,7589,3882,2545,0,0,6037,1552,"11,64","831 690,39","72,50",2671,0,14843
Data,Ocup,Opção,Cheg,Oferta/Uso Interno,Deduz. Individ.,Deduz. Grupos,% Ocup.,Receita Quartos,Preço Médio,Saídas,Quartos FdS,Adul. / Cri.,novembro,Previsão,02-nov-2027 ter,0,0,0,0,0,0,0,-,-,NaN,0,0,0,0,0,0,0,0,0,0,-,-,NaN,0,0,0,Total nov,0,0,0,0,0,0,0,-,-,NaN,0,0,0,Total,7589,3882,2545,0,0,6037,1552,"11,64","831 690,39","72,50",2671,0,14843
Data,Ocup,Opção,Cheg,Oferta/Uso Interno,Deduz. Individ.,Deduz. Grupos,% Ocup.,Receita Quartos,Preço Médio,Saídas,Quartos FdS,Adul. / Cri.,novembro,Previsão,03-nov-2027 qua,0,0,0,0,0,0,0,-,-,NaN,0,0,0,0,0,0,0,0,0,0,-,-,NaN,0,0,0,Total nov,0,0,0,0,0,0,0,-,-,NaN,0,0,0,Total,7589,3882,2545,0,0,6037,1552,"11,64","831 690,39","72,50",2671,0,14843
Data,Ocup,Opção,Cheg,Oferta/Uso Interno,Deduz. Individ.,Deduz. Grupos,% Ocup.,Receita Quartos,Preço Médio,Saídas,Quartos FdS,Adul. / Cri.,novembro,Previsão,04-nov-2027 qui,0,0,0,0,0,0,0,-,-,NaN,0,0,0,0,0,0,0,0,0,0,-,-,NaN,0,0,0,Total nov,0,0,0,0,0,0,0,-,-,NaN,0,0,0,Total,7589,3882,2545,0,0,6037,1552,"11,64","831 690,39","72,50",2671,0,14843
Data,Ocup,Opção,Cheg,Oferta/Uso Interno,Deduz. Individ.,Deduz. Grupos,% Ocup.,Receita Quartos,Preço Médio,Saídas,Quartos FdS,Adul. / Cri.,novembro,Previsão,05-nov-2027 sex,0,0,0,0,0,0,0,-,-,NaN,0,0,0,0,0,0,0,0,0,0,-,-,NaN,0,0,0,Total nov,0,0,0,0,0,0,0,-,-,NaN,0,0,0,Total,7589,3882,2545,0,0,6037,1552,"11,64","831 690,39","72,50",2671,0,14843
Data,Ocup,Opção,Cheg,Oferta/Uso Interno,Deduz. Individ.,Deduz. Grupos,% Ocup.,Receita Quartos,Preço Médio,Saídas,Quartos FdS,Adul. / Cri.,novembro,Previsão,06-nov-2027 sáb,0,0,0,0,0,0,0,-,-,NaN,0,0,0,0,0,0,0,0,0,0,-,-,NaN,0,0,0,Total nov,0,0,0,0,0,0,0,-,-,NaN,0,0,0,Total,7589,3882,2545,0,0,6037,1552,"11,64","831 690,39","72,50",2671,0,14843
Data,Ocup,Opção,Cheg,Oferta/Uso Interno,Deduz. Individ.,Deduz. Grupos,% Ocup.,Receita Quartos,Preço Médio,Saídas,Quartos FdS,Adul. / Cri.,novembro,Previsão,07-nov-2027 dom,0,0,0,0,0,0,0,-,-,NaN,0,0,0,0,0,0,0,0,0,0,-,-,NaN,0,0,0,Total nov,0,0,0,0,0,0,0,-,-,NaN,0,0,0,Total,7589,3882,2545,0,0,6037,1552,"11,64","831 690,39","72,50",2671,0,14843
Data,Ocup,Opção,Cheg,Oferta/Uso Interno,Deduz. Individ.,Deduz. Grupos,% Ocup.,Receita Quartos,Preço Médio,Saídas,Quartos FdS,Adul. / Cri.,novembro,Previsão,08-nov-2027 seg,0,0,0,0,0,0,0,-,-,NaN,0,0,0,0,0,0,0,0,0,0,-,-,NaN,0,0,0,Total nov,0,0,0,0,0,0,0,-,-,NaN,0,0,0,Total,7589,3882,2545,0,0,6037,1552,"11,64","831 690,39","72,50",2671,0,14843
Data,Ocup,Opção,Cheg,Oferta/Uso Interno,Deduz. Individ.,Deduz. Grupos,% Ocup.,Receita Quartos,Preço Médio,Saídas,Quartos FdS,Adul. / Cri.,novembro,Previsão,09-nov-2027 ter,0,0,0,0,0,0,0,-,-,NaN,0,0,0,0,0,0,0,0,0,0,-,-,NaN,0,0,0,Total nov,0,0,0,0,0,0,0,-,-,NaN,0,0,0,Total,7589,3882,2545,0,0,6037,1552,"11,64","831 690,39","72,50",2671,0,14843
Data,Ocup,Opção,Cheg,Oferta/Uso Interno,Deduz. Individ.,Deduz. Grupos,% Ocup.,Receita Quartos,Preço Médio,Saídas,Quartos FdS,Adul. / Cri.,novembro,Previsão,10-nov-2027 qua,0,0,0,0,0,0,0,-,-,NaN,0,0,0,0,0,0,0,0,0,0,-,-,NaN,0,0,0,Total nov,0,0,0,0,0,0,0,-,-,NaN,0,0,0,Total,7589,3882,2545,0,0,6037,1552,"11,64","831 690,39","72,50",2671,0,14843
Data,Ocup,Opção,Cheg,Oferta/Uso Interno,Deduz. Individ.,Deduz. Grupos,% Ocup.,Receita Quartos,Preço Médio,Saídas,Quartos FdS,Adul. / Cri.,novembro,Previsão,11-nov-2027 qui,0,0,0,0,0,0,0,-,-,NaN,0,0,0,0,0,0,0,0,0,0,-,-,NaN,0,0,0,Total nov,0,0,0,0,0,0,0,-,-,NaN,0,0,0,Total,7589,3882,2545,0,0,6037,1552,"11,64","831 690,39","72,50",2671,0,14843
Data,Ocup,Opção,Cheg,Oferta/Uso Interno,Deduz. Individ.,Deduz. Grupos,% Ocup.,Receita Quartos,Preço Médio,Saídas,Quartos FdS,Adul. / Cri.,novembro,Previsão,12-nov-2027 sex,0,0,0,0,0,0,0,-,-,NaN,0,0,0,0,0,0,0,0,0,0,-,-,NaN,0,0,0,Total nov,0,0,0,0,0,0,0,-,-,NaN,0,0,0,Total,7589,3882,2545,0,0,6037,1552,"11,64","831 690,39","72,50",2671,0,14843
Data,Ocup,Opção,Cheg,Oferta/Uso Interno,Deduz. Individ.,Deduz. Grupos,% Ocup.,Receita Quartos,Preço Médio,Saídas,Quartos FdS,Adul. / Cri.,novembro,Previsão,13-nov-2027 sáb,0,0,0,0,0,0,0,-,-,NaN,0,0,0,0,0,0,0,0,0,0,-,-,NaN,0,0,0,Total nov,0,0,0,0,0,0,0,-,-,NaN,0,0,0,Total,7589,3882,2545,0,0,6037,1552,"11,64","831 690,39","72,50",2671,0,14843
Data,Ocup,Opção,Cheg,Oferta/Uso Interno,Deduz. Individ.,Deduz. Grupos,% Ocup.,Receita Quartos,Preço Médio,Saídas,Quartos FdS,Adul. / Cri.,novembro,Previsão,14-nov-2027 dom,0,0,0,0,0,0,0,-,-,NaN,0,0,0,0,0,0,0,0,0,0,-,-,NaN,0,0,0,Total nov,0,0,0,0,0,0,0,-,-,NaN,0,0,0,Total,7589,3882,2545,0,0,6037,1552,"11,64","831 690,39","72,50",2671,0,14843
Data,Ocup,Opção,Cheg,Oferta/Uso Interno,Deduz. Individ.,Deduz. Grupos,% Ocup.,Receita Quartos,Preço Médio,Saídas,Quartos FdS,Adul. / Cri.,novembro,Previsão,15-nov-2027 seg,0,0,0,0,0,0,0,-,-,NaN,0,0,0,0,0,0,0,0,0,0,-,-,NaN,0,0,0,Total nov,0,0,0,0,0,0,0,-,-,NaN,0,0,0,Total,7589,3882,2545,0,0,6037,1552,"11,64","831 690,39","72,50",2671,0,14843
Data,Ocup,Opção,Cheg,Oferta/Uso Interno,Deduz. Individ.,Deduz. Grupos,% Ocup.,Receita Quartos,Preço Médio,Saídas,Quartos FdS,Adul. / Cri.,novembro,Previsão,16-nov-2027 ter,0,0,0,0,0,0,0,-,-,NaN,0,0,0,0,0,0,0,0,0,0,-,-,NaN,0,0,0,Total nov,0,0,0,0,0,0,0,-,-,NaN,0,0,0,Total,7589,3882,2545,0,0,6037,1552,"11,64","831 690,39","72,50",2671,0,14843
Data,Ocup,Opção,Cheg,Oferta/Uso Interno,Deduz. Individ.,Deduz. Grupos,% Ocup.,Receita Quartos,Preço Médio,Saídas,Quartos FdS,Adul. / Cri.,novembro,Previsão,17-nov-2027 qua,0,0,0,0,0,0,0,-,-,NaN,0,0,0,0,0,0,0,0,0,0,-,-,NaN,0,0,0,Total nov,0,0,0,0,0,0,0,-,-,NaN,0,0,0,Total,7589,3882,2545,0,0,6037,1552,"11,64","831 690,39","72,50",2671,0,14843
Data,Ocup,Opção,Cheg,Oferta/Uso Interno,Deduz. Individ.,Deduz. Grupos,% Ocup.,Receita Quartos,Preço Médio,Saídas,Quartos FdS,Adul. / Cri.,novembro,Previsão,18-nov-2027 qui,0,0,0,0,0,0,0,-,-,NaN,0,0,0,0,0,0,0,0,0,0,-,-,NaN,0,0,0,Total nov,0,0,0,0,0,0,0,-,-,NaN,0,0,0,Total,7589,3882,2545,0,0,6037,1552,"11,64","831 690,39","72,50",2671,0,14843
Data,Ocup,Opção,Cheg,Oferta/Uso Interno,Deduz. Individ.,Deduz. Grupos,% Ocup.,Receita Quartos,Preço Médio,Saídas,Quartos FdS,Adul. / Cri.,novembro,Previsão,19-nov-2027 sex,0,0,0,0,0,0,0,-,-,NaN,0,0,0,0,0,0,0,0,0,0,-,-,NaN,0,0,0,Total nov,0,0,0,0,0,0,0,-,-,NaN,0,0,0,Total,7589,3882,2545,0,0,6037,1552,"11,64","831 690,39","72,50",2671,0,14843
Data,Ocup,Opção,Cheg,Oferta/Uso Interno,Deduz. Individ.,Deduz. Grupos,% Ocup.,Receita Quartos,Preço Médio,Saídas,Quartos FdS,Adul. / Cri.,novembro,Previsão,20-nov-2027 sáb,0,0,0,0,0,0,0,-,-,NaN,0,0,0,0,0,0,0,0,0,0,-,-,NaN,0,0,0,Total nov,0,0,0,0,0,0,0,-,-,NaN,0,0,0,Total,7589,3882,2545,0,0,6037,1552,"11,64","831 690,39","72,50",2671,0,14843
Data,Ocup,Opção,Cheg,Oferta/Uso Interno,Deduz. Individ.,Deduz. Grupos,% Ocup.,Receita Quartos,Preço Médio,Saídas,Quartos FdS,Adul. / Cri.,novembro,Previsão,21-nov-2027 dom,0,0,0,0,0,0,0,-,-,NaN,0,0,0,0,0,0,0,0,0,0,-,-,NaN,0,0,0,Total nov,0,0,0,0,0,0,0,-,-,NaN,0,0,0,Total,7589,3882,2545,0,0,6037,1552,"11,64","831 690,39","72,50",2671,0,14843
Data,Ocup,Opção,Cheg,Oferta/Uso Interno,Deduz. Individ.,Deduz. Grupos,% Ocup.,Receita Quartos,Preço Médio,Saídas,Quartos FdS,Adul. / Cri.,novembro,Previsão,22-nov-2027 seg,0,0,0,0,0,0,0,-,-,NaN,0,0,0,0,0,0,0,0,0,0,-,-,NaN,0,0,0,Total nov,0,0,0,0,0,0,0,-,-,NaN,0,0,0,Total,7589,3882,2545,0,0,6037,1552,"11,64","831 690,39","72,50",2671,0,14843
Data,Ocup,Opção,Cheg,Oferta/Uso Interno,Deduz. Individ.,Deduz. Grupos,% Ocup.,Receita Quartos,Preço Médio,Saídas,Quartos FdS,Adul. / Cri.,novembro,Previsão,23-nov-2027 ter,0,0,0,0,0,0,0,-,-,NaN,0,0,0,0,0,0,0,0,0,0,-,-,NaN,0,0,0,Total nov,0,0,0,0,0,0,0,-,-,NaN,0,0,0,Total,7589,3882,2545,0,0,6037,1552,"11,64","831 690,39","72,50",2671,0,14843
Data,Ocup,Opção,Cheg,Oferta/Uso Interno,Deduz. Individ.,Deduz. Grupos,% Ocup.,Receita Quartos,Preço Médio,Saídas,Quartos FdS,Adul. / Cri.,novembro,Previsão,24-nov-2027 qua,0,0,0,0,0,0,0,-,-,NaN,0,0,0,0,0,0,0,0,0,0,-,-,NaN,0,0,0,Total nov,0,0,0,0,0,0,0,-,-,NaN,0,0,0,Total,7589,3882,2545,0,0,6037,1552,"11,64","831 690,39","72,50",2671,0,14843
Data,Ocup,Opção,Cheg,Oferta/Uso Interno,Deduz. Individ.,Deduz. Grupos,% Ocup.,Receita Quartos,Preço Médio,Saídas,Quartos FdS,Adul. / Cri.,novembro,Previsão,25-nov-2027 qui,0,0,0,0,0,0,0,-,-,NaN,0,0,0,0,0,0,0,0,0,0,-,-,NaN,0,0,0,Total nov,0,0,0,0,0,0,0,-,-,NaN,0,0,0,Total,7589,3882,2545,0,0,6037,1552,"11,64","831 690,39","72,50",2671,0,14843
Data,Ocup,Opção,Cheg,Oferta/Uso Interno,Deduz. Individ.,Deduz. Grupos,% Ocup.,Receita Quartos,Preço Médio,Saídas,Quartos FdS,Adul. / Cri.,novembro,Previsão,26-nov-2027 sex,0,0,0,0,0,0,0,-,-,NaN,0,0,0,0,0,0,0,0,0,0,-,-,NaN,0,0,0,Total nov,0,0,0,0,0,0,0,-,-,NaN,0,0,0,Total,7589,3882,2545,0,0,6037,1552,"11,64","831 690,39","72,50",2671,0,14843
Data,Ocup,Opção,Cheg,Oferta/Uso Interno,Deduz. Individ.,Deduz. Grupos,% Ocup.,Receita Quartos,Preço Médio,Saídas,Quartos FdS,Adul. / Cri.,novembro,Previsão,27-nov-2027 sáb,0,0,0,0,0,0,0,-,-,NaN,0,0,0,0,0,0,0,0,0,0,-,-,NaN,0,0,0,Total nov,0,0,0,0,0,0,0,-,-,NaN,0,0,0,Total,7589,3882,2545,0,0,6037,1552,"11,64","831 690,39","72,50",2671,0,14843
Data,Ocup,Opção,Cheg,Oferta/Uso Interno,Deduz. Individ.,Deduz. Grupos,% Ocup.,Receita Quartos,Preço Médio,Saídas,Quartos FdS,Adul. / Cri.,novembro,Previsão,28-nov-2027 dom,0,0,0,0,0,0,0,-,-,NaN,0,0,0,0,0,0,0,0,0,0,-,-,NaN,0,0,0,Total nov,0,0,0,0,0,0,0,-,-,NaN,0,0,0,Total,7589,3882,2545,0,0,6037,1552,"11,64","831 690,39","72,50",2671,0,14843
Data,Ocup,Opção,Cheg,Oferta/Uso Interno,Deduz. Individ.,Deduz. Grupos,% Ocup.,Receita Quartos,Preço Médio,Saídas,Quartos FdS,Adul. / Cri.,novembro,Previsão,29-nov-2027 seg,0,0,0,0,0,0,0,-,-,NaN,0,0,0,0,0,0,0,0,0,0,-,-,NaN,0,0,0,Total nov,0,0,0,0,0,0,0,-,-,NaN,0,0,0,Total,7589,3882,2545,0,0,6037,1552,"11,64","831 690,39","72,50",2671,0,14843
Data,Ocup,Opção,Cheg,Oferta/Uso Interno,Deduz. Individ.,Deduz. Grupos,% Ocup.,Receita Quartos,Preço Médio,Saídas,Quartos FdS,Adul. / Cri.,novembro,Previsão,30-nov-2027 ter,0,0,0,0,0,0,0,-,-,NaN,0,0,0,0,0,0,0,0,0,0,-,-,NaN,0,0,0,Total nov,0,0,0,0,0,0,0,-,-,NaN,0,0,0,Total,7589,3882,2545,0,0,6037,1552,"11,64","831 690,39","72,50",2671,0,14843
Data,Ocup,Opção,Cheg,Oferta/Uso Interno,Deduz. Individ.,Deduz. Grupos,% Ocup.,Receita Quartos,Preço Médio,Saídas,Quartos FdS,Adul. / Cri.,dezembro,Previsão,01-dez-2027 qua,0,0,0,0,0,0,0,-,-,NaN,0,0,0,0,0,0,0,0,0,0,-,-,NaN,0,0,0,Total dez,0,0,0,0,0,0,0,-,-,NaN,0,0,0,Total,7589,3882,2545,0,0,6037,1552,"11,64","831 690,39","72,50",2671,0,14843
Data,Ocup,Opção,Cheg,Oferta/Uso Interno,Deduz. Individ.,Deduz. Grupos,% Ocup.,Receita Quartos,Preço Médio,Saídas,Quartos FdS,Adul. / Cri.,dezembro,Previsão,02-dez-2027 qui,0,0,0,0,0,0,0,-,-,NaN,0,0,0,0,0,0,0,0,0,0,-,-,NaN,0,0,0,Total dez,0,0,0,0,0,0,0,-,-,NaN,0,0,0,Total,7589,3882,2545,0,0,6037,1552,"11,64","831 690,39","72,50",2671,0,14843
Data,Ocup,Opção,Cheg,Oferta/Uso Interno,Deduz. Individ.,Deduz. Grupos,% Ocup.,Receita Quartos,Preço Médio,Saídas,Quartos FdS,Adul. / Cri.,dezembro,Previsão,03-dez-2027 sex,0,0,0,0,0,0,0,-,-,NaN,0,0,0,0,0,0,0,0,0,0,-,-,NaN,0,0,0,Total dez,0,0,0,0,0,0,0,-,-,NaN,0,0,0,Total,7589,3882,2545,0,0,6037,1552,"11,64","831 690,39","72,50",2671,0,14843
Data,Ocup,Opção,Cheg,Oferta/Uso Interno,Deduz. Individ.,Deduz. Grupos,% Ocup.,Receita Quartos,Preço Médio,Saídas,Quartos FdS,Adul. / Cri.,dezembro,Previsão,04-dez-2027 sáb,0,0,0,0,0,0,0,-,-,NaN,0,0,0,0,0,0,0,0,0,0,-,-,NaN,0,0,0,Total dez,0,0,0,0,0,0,0,-,-,NaN,0,0,0,Total,7589,3882,2545,0,0,6037,1552,"11,64","831 690,39","72,50",2671,0,14843
Data,Ocup,Opção,Cheg,Oferta/Uso Interno,Deduz. Individ.,Deduz. Grupos,% Ocup.,Receita Quartos,Preço Médio,Saídas,Quartos FdS,Adul. / Cri.,dezembro,Previsão,05-dez-2027 dom,0,0,0,0,0,0,0,-,-,NaN,0,0,0,0,0,0,0,0,0,0,-,-,NaN,0,0,0,Total dez,0,0,0,0,0,0,0,-,-,NaN,0,0,0,Total,7589,3882,2545,0,0,6037,1552,"11,64","831 690,39","72,50",2671,0,14843
Data,Ocup,Opção,Cheg,Oferta/Uso Interno,Deduz. Individ.,Deduz. Grupos,% Ocup.,Receita Quartos,Preço Médio,Saídas,Quartos FdS,Adul. / Cri.,dezembro,Previsão,06-dez-2027 seg,0,0,0,0,0,0,0,-,-,NaN,0,0,0,0,0,0,0,0,0,0,-,-,NaN,0,0,0,Total dez,0,0,0,0,0,0,0,-,-,NaN,0,0,0,Total,7589,3882,2545,0,0,6037,1552,"11,64","831 690,39","72,50",2671,0,14843
Data,Ocup,Opção,Cheg,Oferta/Uso Interno,Deduz. Individ.,Deduz. Grupos,% Ocup.,Receita Quartos,Preço Médio,Saídas,Quartos FdS,Adul. / Cri.,dezembro,Previsão,07-dez-2027 ter,0,0,0,0,0,0,0,-,-,NaN,0,0,0,0,0,0,0,0,0,0,-,-,NaN,0,0,0,Total dez,0,0,0,0,0,0,0,-,-,NaN,0,0,0,Total,7589,3882,2545,0,0,6037,1552,"11,64","831 690,39","72,50",2671,0,14843
Data,Ocup,Opção,Cheg,Oferta/Uso Interno,Deduz. Individ.,Deduz. Grupos,% Ocup.,Receita Quartos,Preço Médio,Saídas,Quartos FdS,Adul. / Cri.,dezembro,Previsão,08-dez-2027 qua,0,0,0,0,0,0,0,-,-,NaN,0,0,0,0,0,0,0,0,0,0,-,-,NaN,0,0,0,Total dez,0,0,0,0,0,0,0,-,-,NaN,0,0,0,Total,7589,3882,2545,0,0,6037,1552,"11,64","831 690,39","72,50",2671,0,14843
Data,Ocup,Opção,Cheg,Oferta/Uso Interno,Deduz. Individ.,Deduz. Grupos,% Ocup.,Receita Quartos,Preço Médio,Saídas,Quartos FdS,Adul. / Cri.,dezembro,Previsão,09-dez-2027 qui,0,0,0,0,0,0,0,-,-,NaN,0,0,0,0,0,0,0,0,0,0,-,-,NaN,0,0,0,Total dez,0,0,0,0,0,0,0,-,-,NaN,0,0,0,Total,7589,3882,2545,0,0,6037,1552,"11,64","831 690,39","72,50",2671,0,14843
Data,Ocup,Opção,Cheg,Oferta/Uso Interno,Deduz. Individ.,Deduz. Grupos,% Ocup.,Receita Quartos,Preço Médio,Saídas,Quartos FdS,Adul. / Cri.,dezembro,Previsão,10-dez-2027 sex,0,0,0,0,0,0,0,-,-,NaN,0,0,0,0,0,0,0,0,0,0,-,-,NaN,0,0,0,Total dez,0,0,0,0,0,0,0,-,-,NaN,0,0,0,Total,7589,3882,2545,0,0,6037,1552,"11,64","831 690,39","72,50",2671,0,14843
Data,Ocup,Opção,Cheg,Oferta/Uso Interno,Deduz. Individ.,Deduz. Grupos,% Ocup.,Receita Quartos,Preço Médio,Saídas,Quartos FdS,Adul. / Cri.,dezembro,Previsão,11-dez-2027 sáb,0,0,0,0,0,0,0,-,-,NaN,0,0,0,0,0,0,0,0,0,0,-,-,NaN,0,0,0,Total dez,0,0,0,0,0,0,0,-,-,NaN,0,0,0,Total,7589,3882,2545,0,0,6037,1552,"11,64","831 690,39","72,50",2671,0,14843
Data,Ocup,Opção,Cheg,Oferta/Uso Interno,Deduz. Individ.,Deduz. Grupos,% Ocup.,Receita Quartos,Preço Médio,Saídas,Quartos FdS,Adul. / Cri.,dezembro,Previsão,12-dez-2027 dom,0,0,0,0,0,0,0,-,-,NaN,0,0,0,0,0,0,0,0,0,0,-,-,NaN,0,0,0,Total dez,0,0,0,0,0,0,0,-,-,NaN,0,0,0,Total,7589,3882,2545,0,0,6037,1552,"11,64","831 690,39","72,50",2671,0,14843
Data,Ocup,Opção,Cheg,Oferta/Uso Interno,Deduz. Individ.,Deduz. Grupos,% Ocup.,Receita Quartos,Preço Médio,Saídas,Quartos FdS,Adul. / Cri.,dezembro,Previsão,13-dez-2027 seg,0,0,0,0,0,0,0,-,-,NaN,0,0,0,0,0,0,0,0,0,0,-,-,NaN,0,0,0,Total dez,0,0,0,0,0,0,0,-,-,NaN,0,0,0,Total,7589,3882,2545,0,0,6037,1552,"11,64","831 690,39","72,50",2671,0,14843
Data,Ocup,Opção,Cheg,Oferta/Uso Interno,Deduz. Individ.,Deduz. Grupos,% Ocup.,Receita Quartos,Preço Médio,Saídas,Quartos FdS,Adul. / Cri.,dezembro,Previsão,14-dez-2027 ter,0,0,0,0,0,0,0,-,-,NaN,0,0,0,0,0,0,0,0,0,0,-,-,NaN,0,0,0,Total dez,0,0,0,0,0,0,0,-,-,NaN,0,0,0,Total,7589,3882,2545,0,0,6037,1552,"11,64","831 690,39","72,50",2671,0,14843
Data,Ocup,Opção,Cheg,Oferta/Uso Interno,Deduz. Individ.,Deduz. Grupos,% Ocup.,Receita Quartos,Preço Médio,Saídas,Quartos FdS,Adul. / Cri.,dezembro,Previsão,15-dez-2027 qua,0,0,0,0,0,0,0,-,-,NaN,0,0,0,0,0,0,0,0,0,0,-,-,NaN,0,0,0,Total dez,0,0,0,0,0,0,0,-,-,NaN,0,0,0,Total,7589,3882,2545,0,0,6037,1552,"11,64","831 690,39","72,50",2671,0,14843
Data,Ocup,Opção,Cheg,Oferta/Uso Interno,Deduz. Individ.,Deduz. Grupos,% Ocup.,Receita Quartos,Preço Médio,Saídas,Quartos FdS,Adul. / Cri.,dezembro,Previsão,16-dez-2027 qui,0,0,0,0,0,0,0,-,-,NaN,0,0,0,0,0,0,0,0,0,0,-,-,NaN,0,0,0,Total dez,0,0,0,0,0,0,0,-,-,NaN,0,0,0,Total,7589,3882,2545,0,0,6037,1552,"11,64","831 690,39","72,50",2671,0,14843
Data,Ocup,Opção,Cheg,Oferta/Uso Interno,Deduz. Individ.,Deduz. Grupos,% Ocup.,Receita Quartos,Preço Médio,Saídas,Quartos FdS,Adul. / Cri.,dezembro,Previsão,17-dez-2027 sex,0,0,0,0,0,0,0,-,-,NaN,0,0,0,0,0,0,0,0,0,0,-,-,NaN,0,0,0,Total dez,0,0,0,0,0,0,0,-,-,NaN,0,0,0,Total,7589,3882,2545,0,0,6037,1552,"11,64","831 690,39","72,50",2671,0,14843
Data,Ocup,Opção,Cheg,Oferta/Uso Interno,Deduz. Individ.,Deduz. Grupos,% Ocup.,Receita Quartos,Preço Médio,Saídas,Quartos FdS,Adul. / Cri.,dezembro,Previsão,18-dez-2027 sáb,0,0,0,0,0,0,0,-,-,NaN,0,0,0,0,0,0,0,0,0,0,-,-,NaN,0,0,0,Total dez,0,0,0,0,0,0,0,-,-,NaN,0,0,0,Total,7589,3882,2545,0,0,6037,1552,"11,64","831 690,39","72,50",2671,0,14843
Data,Ocup,Opção,Cheg,Oferta/Uso Interno,Deduz. Individ.,Deduz. Grupos,% Ocup.,Receita Quartos,Preço Médio,Saídas,Quartos FdS,Adul. / Cri.,dezembro,Previsão,19-dez-2027 dom,0,0,0,0,0,0,0,-,-,NaN,0,0,0,0,0,0,0,0,0,0,-,-,NaN,0,0,0,Total dez,0,0,0,0,0,0,0,-,-,NaN,0,0,0,Total,7589,3882,2545,0,0,6037,1552,"11,64","831 690,39","72,50",2671,0,14843
Data,Ocup,Opção,Cheg,Oferta/Uso Interno,Deduz. Individ.,Deduz. Grupos,% Ocup.,Receita Quartos,Preço Médio,Saídas,Quartos FdS,Adul. / Cri.,dezembro,Previsão,20-dez-2027 seg,0,0,0,0,0,0,0,-,-,NaN,0,0,0,0,0,0,0,0,0,0,-,-,NaN,0,0,0,Total dez,0,0,0,0,0,0,0,-,-,NaN,0,0,0,Total,7589,3882,2545,0,0,6037,1552,"11,64","831 690,39","72,50",2671,0,14843
Data,Ocup,Opção,Cheg,Oferta/Uso Interno,Deduz. Individ.,Deduz. Grupos,% Ocup.,Receita Quartos,Preço Médio,Saídas,Quartos FdS,Adul. / Cri.,dezembro,Previsão,21-dez-2027 ter,0,0,0,0,0,0,0,-,-,NaN,0,0,0,0,0,0,0,0,0,0,-,-,NaN,0,0,0,Total dez,0,0,0,0,0,0,0,-,-,NaN,0,0,0,Total,7589,3882,2545,0,0,6037,1552,"11,64","831 690,39","72,50",2671,0,14843
Data,Ocup,Opção,Cheg,Oferta/Uso Interno,Deduz. Individ.,Deduz. Grupos,% Ocup.,Receita Quartos,Preço Médio,Saídas,Quartos FdS,Adul. / Cri.,dezembro,Previsão,22-dez-2027 qua,0,0,0,0,0,0,0,-,-,NaN,0,0,0,0,0,0,0,0,0,0,-,-,NaN,0,0,0,Total dez,0,0,0,0,0,0,0,-,-,NaN,0,0,0,Total,7589,3882,2545,0,0,6037,1552,"11,64","831 690,39","72,50",2671,0,14843
Data,Ocup,Opção,Cheg,Oferta/Uso Interno,Deduz. Individ.,Deduz. Grupos,% Ocup.,Receita Quartos,Preço Médio,Saídas,Quartos FdS,Adul. / Cri.,dezembro,Previsão,23-dez-2027 qui,0,0,0,0,0,0,0,-,-,NaN,0,0,0,0,0,0,0,0,0,0,-,-,NaN,0,0,0,Total dez,0,0,0,0,0,0,0,-,-,NaN,0,0,0,Total,7589,3882,2545,0,0,6037,1552,"11,64","831 690,39","72,50",2671,0,14843
Data,Ocup,Opção,Cheg,Oferta/Uso Interno,Deduz. Individ.,Deduz. Grupos,% Ocup.,Receita Quartos,Preço Médio,Saídas,Quartos FdS,Adul. / Cri.,dezembro,Previsão,24-dez-2027 sex,0,0,0,0,0,0,0,-,-,NaN,0,0,0,0,0,0,0,0,0,0,-,-,NaN,0,0,0,Total dez,0,0,0,0,0,0,0,-,-,NaN,0,0,0,Total,7589,3882,2545,0,0,6037,1552,"11,64","831 690,39","72,50",2671,0,14843
Data,Ocup,Opção,Cheg,Oferta/Uso Interno,Deduz. Individ.,Deduz. Grupos,% Ocup.,Receita Quartos,Preço Médio,Saídas,Quartos FdS,Adul. / Cri.,dezembro,Previsão,25-dez-2027 sáb,0,0,0,0,0,0,0,-,-,NaN,0,0,0,0,0,0,0,0,0,0,-,-,NaN,0,0,0,Total dez,0,0,0,0,0,0,0,-,-,NaN,0,0,0,Total,7589,3882,2545,0,0,6037,1552,"11,64","831 690,39","72,50",2671,0,14843
Data,Ocup,Opção,Cheg,Oferta/Uso Interno,Deduz. Individ.,Deduz. Grupos,% Ocup.,Receita Quartos,Preço Médio,Saídas,Quartos FdS,Adul. / Cri.,dezembro,Previsão,26-dez-2027 dom,0,0,0,0,0,0,0,-,-,NaN,0,0,0,0,0,0,0,0,0,0,-,-,NaN,0,0,0,Total dez,0,0,0,0,0,0,0,-,-,NaN,0,0,0,Total,7589,3882,2545,0,0,6037,1552,"11,64","831 690,39","72,50",2671,0,14843
Data,Ocup,Opção,Cheg,Oferta/Uso Interno,Deduz. Individ.,Deduz. Grupos,% Ocup.,Receita Quartos,Preço Médio,Saídas,Quartos FdS,Adul. / Cri.,dezembro,Previsão,27-dez-2027 seg,0,0,0,0,0,0,0,-,-,NaN,0,0,0,0,0,0,0,0,0,0,-,-,NaN,0,0,0,Total dez,0,0,0,0,0,0,0,-,-,NaN,0,0,0,Total,7589,3882,2545,0,0,6037,1552,"11,64","831 690,39","72,50",2671,0,14843
Data,Ocup,Opção,Cheg,Oferta/Uso Interno,Deduz. Individ.,Deduz. Grupos,% Ocup.,Receita Quartos,Preço Médio,Saídas,Quartos FdS,Adul. / Cri.,dezembro,Previsão,28-dez-2027 ter,0,0,0,0,0,0,0,-,-,NaN,0,0,0,0,0,0,0,0,0,0,-,-,NaN,0,0,0,Total dez,0,0,0,0,0,0,0,-,-,NaN,0,0,0,Total,7589,3882,2545,0,0,6037,1552,"11,64","831 690,39","72,50",2671,0,14843
Data,Ocup,Opção,Cheg,Oferta/Uso Interno,Deduz. Individ.,Deduz. Grupos,% Ocup.,Receita Quartos,Preço Médio,Saídas,Quartos FdS,Adul. / Cri.,dezembro,Previsão,29-dez-2027 qua,0,0,0,0,0,0,0,-,-,NaN,0,0,0,0,0,0,0,0,0,0,-,-,NaN,0,0,0,Total dez,0,0,0,0,0,0,0,-,-,NaN,0,0,0,Total,7589,3882,2545,0,0,6037,1552,"11,64","831 690,39","72,50",2671,0,14843
Data,Ocup,Opção,Cheg,Oferta/Uso Interno,Deduz. Individ.,Deduz. Grupos,% Ocup.,Receita Quartos,Preço Médio,Saídas,Quartos FdS,Adul. / Cri.,dezembro,Previsão,30-dez-2027 qui,0,0,0,0,0,0,0,-,-,NaN,0,0,0,0,0,0,0,0,0,0,-,-,NaN,0,0,0,Total dez,0,0,0,0,0,0,0,-,-,NaN,0,0,0,Total,7589,3882,2545,0,0,6037,1552,"11,64","831 690,39","72,50",2671,0,14843
Data,Ocup,Opção,Cheg,Oferta/Uso Interno,Deduz. Individ.,Deduz. Grupos,% Ocup.,Receita Quartos,Preço Médio,Saídas,Quartos FdS,Adul. / Cri.,dezembro,Previsão,31-dez-2027 sex,0,0,0,0,0,0,0,-,-,NaN,0,0,0,0,0,0,0,0,0,0,-,-,NaN,0,0,0,Total dez,0,0,0,0,0,0,0,-,-,NaN,0,0,0,Total,7589,3882,2545,0,0,6037,1552,"11,64","831 690,39","72,50",2671,0,14843

