Textbox53,Textbox55,Textbox3,Textbox57,Textbox59,Textbox63,Textbox65,Textbox67,Textbox69,Textbox77,Textbox73,Textbox75,Textbox79,Textbox23,Textbox100,hoteldate,Occ,xoption,Arr,Comp,House,Indiv,Group,Occ_perct,RoomRev,Avg,Dep,OOO,Ad_Ch,Textbox86,Textbox6,Textbox87,Textbox88,Textbox89,Textbox90,Textbox91,Textbox92,Textbox93,Textbox94,Textbox95,Textbox96,Textbox97,Textbox9,Textbox127,Textbox7,Textbox128,Textbox129,Textbox130,Textbox131,Textbox132,Textbox133,Textbox134,Textbox135,Textbox136,Textbox137,Textbox138,Textbox113,Textbox99,xoption1,Textbox139,Textbox140,Textbox141,Textbox142,Textbox143,Textbox144,Textbox145,Textbox146,Textbox147,Textbox148,Textbox149
Data,Ocup,Opção,Cheg,Oferta/Uso Interno,Deduz. Individ.,Deduz. Grupos,% Ocup.,Receita Quartos,Preço Médio,Saídas,Quartos FdS,Adul. / Cri.,janeiro,Histórico,01-jan-2026 qui,125,4,29,0,0,111,14,"95,56","17 526,25","135,86",31,0,244,1176,8,361,0,0,1111,65,"58,47","100 852,00","85,18",427,0,2190,Total jan,2379,8,810,0,0,2314,65,"57,04","184 054,94","77,11",839,0,4518,Total,9314,4277,3136,0,0,7756,1558,"13,79","1 007 964,95","74,16",3262,0,18104
Data,Ocup,Opção,Cheg,Oferta/Uso Interno,Deduz. Individ.,Deduz. Grupos,% Ocup.,Receita Quartos,Preço Médio,Saídas,Quartos FdS,Adul. / Cri.,janeiro,Histórico,02-jan-2026 sex,114,2,36,0,0,100,14,"85,93","13 052,25","112,52",46,0,218,1176,8,361,0,0,1111,65,"58,47","100 852,00","85,18",427,0,2190,Total jan,2379,8,810,0,0,2314,65,"57,04","184 054,94","77,11",839,0,4518,Total,9314,4277,3136,0,0,7756,1558,"13,79","1 007 964,95","74,16",3262,0,18104
Data,Ocup,Opção,Cheg,Oferta/Uso Interno,Deduz. Individ.,Deduz. Grupos,% Ocup.,Receita Quartos,Preço Médio,Saídas,Quartos FdS,Adul. / Cri.,janeiro,Histórico,03-jan-2026 sáb,111,2,31,0,0,97,14,"83,70","11 061,34","97,89",34,0,209,1176,8,361,0,0,1111,65,"58,47","100 852,00","85,18",427,0,2190,Total jan,2379,8,810,0,0,2314,65,"57,04","184 054,94","77,11",839,0,4518,Total,9314,4277,3136,0,0,7756,1558,"13,79","1 007 964,95","74,16",3262,0,18104
Data,Ocup,Opção,Cheg,Oferta/Uso Interno,Deduz. Individ.,Deduz. Grupos,% Ocup.,Receita Quartos,Preço Médio,Saídas,Quartos FdS,Adul. / Cri.,janeiro,Histórico,04-jan-2026 dom,86,0,19,0,0,86,0,"63,70","7 348,92","85,45",43,0,168,1176,8,361,0,0,1111,65,"58,47","100 852,00","85,18",427,0,2190,Total jan,2379,8,810,0,0,2314,65,"57,04","184 054,94","77,11",839,0,4518,Total,9314,4277,3136,0,0,7756,1558,"13,79","1 007 964,95","74,16",3262,0,18104
Data,Ocup,Opção,Cheg,Oferta/Uso Interno,Deduz. Individ.,Deduz. Grupos,% Ocup.,Receita Quartos,Preço Médio,Saídas,Quartos FdS,Adul. / Cri.,janeiro,Histórico,05-jan-2026 seg,80,0,26,0,0,80,0,"59,26","6 322,70","79,03",32,0,155,1176,8,361,0,0,1111,65,"58,47","100 852,00","85,18",427,0,2190,Total jan,2379,8,810,0,0,2314,65,"57,04","184 054,94","77,11",839,0,4518,Total,9314,4277,3136,0,0,7756,1558,"13,79","1 007 964,95","74,16",3262,0,18104
Data,Ocup,Opção,Cheg,Oferta/Uso Interno,Deduz. Individ.,Deduz. Grupos,% Ocup.,Receita Quartos,Preço Médio,Saídas,Quartos FdS,Adul. / Cri.,janeiro,Histórico,06-jan-2026 ter,78,0,21,0,0,78,0,"57,78","5 885,19","75,45",24,0,150,1176,8,361,0,0,1111,65,"58,47","100 852,00","85,18",427,0,2190,Total jan,2379,8,810,0,0,2314,65,"57,04","184 054,94","77,11",839,0,4518,Total,9314,4277,3136,0,0,7756,1558,"13,79","1 007 964,95","74,16",3262,0,18104
Data,Ocup,Opção,Cheg,Oferta/Uso Interno,Deduz. Individ.,Deduz. Grupos,% Ocup.,Receita Quartos,Preço Médio,Saídas,Quartos FdS,Adul. / Cri.,janeiro,Histórico,07-jan-2026 qua,63,0,18,0,0,63,0,"46,67","4 231,60","67,17",33,0,118,1176,8,361,0,0,1111,65,"58,47","100 852,00","85,18",427,0,2190,Total jan,2379,8,810,0,0,2314,65,"57,04","184 054,94","77,11",839,0,4518,Total,9314,4277,3136,0,0,7756,1558,"13,79","1 007 964,95","74,16",3262,0,18104
Data,Ocup,Opção,Cheg,Oferta/Uso Interno,Deduz. Individ.,Deduz. Grupos,% Ocup.,Receita Quartos,Preço Médio,Saídas,Quartos FdS,Adul. / Cri.,janeiro,Histórico,08-jan-2026 qui,59,0,23,0,0,59,0,"43,70","3 948,81","66,93",27,0,109,1176,8,361,0,0,1111,65,"58,47","100 852,00","85,18",427,0,2190,Total jan,2379,8,810,0,0,2314,65,"57,04","184 054,94","77,11",839,0,4518,Total,9314,4277,3136,0,0,7756,1558,"13,79","1 007 964,95","74,16",3262,0,18104
Data,Ocup,Opção,Cheg,Oferta/Uso Interno,Deduz. Individ.,Deduz. Grupos,% Ocup.,Receita Quartos,Preço Médio,Saídas,Quartos FdS,Adul. / Cri.,janeiro,Histórico,09-jan-2026 sex,89,0,39,0,0,89,0,"65,93","5 777,03","64,91",9,0,166,1176,8,361,0,0,1111,65,"58,47","100 852,00","85,18",427,0,2190,Total jan,2379,8,810,0,0,2314,65,"57,04","184 054,94","77,11",839,0,4518,Total,9314,4277,3136,0,0,7756,1558,"13,79","1 007 964,95","74,16",3262,0,18104
Data,Ocup,Opção,Cheg,Oferta/Uso Interno,Deduz. Individ.,Deduz. Grupos,% Ocup.,Receita Quartos,Preço Médio,Saídas,Quartos FdS,Adul. / Cri.,janeiro,Histórico,10-jan-2026 sáb,89,0,23,0,0,84,5,"65,93","6 272,27","70,47",23,0,158,1176,8,361,0,0,1111,65,"58,47","100 852,00","85,18",427,0,2190,Total jan,2379,8,810,0,0,2314,65,"57,04","184 054,94","77,11",839,0,4518,Total,9314,4277,3136,0,0,7756,1558,"13,79","1 007 964,95","74,16",3262,0,18104
Data,Ocup,Opção,Cheg,Oferta/Uso Interno,Deduz. Individ.,Deduz. Grupos,% Ocup.,Receita Quartos,Preço Médio,Saídas,Quartos FdS,Adul. / Cri.,janeiro,Histórico,11-jan-2026 dom,71,0,20,0,0,62,9,"52,59","5 322,95","74,97",38,0,125,1176,8,361,0,0,1111,65,"58,47","100 852,00","85,18",427,0,2190,Total jan,2379,8,810,0,0,2314,65,"57,04","184 054,94","77,11",839,0,4518,Total,9314,4277,3136,0,0,7756,1558,"13,79","1 007 964,95","74,16",3262,0,18104
Data,Ocup,Opção,Cheg,Oferta/Uso Interno,Deduz. Individ.,Deduz. Grupos,% Ocup.,Receita Quartos,Preço Médio,Saídas,Quartos FdS,Adul. / Cri.,janeiro,Histórico,12-jan-2026 seg,54,0,14,0,0,45,9,"40,00","3 890,92","72,05",31,0,96,1176,8,361,0,0,1111,65,"58,47","100 852,00","85,18",427,0,2190,Total jan,2379,8,810,0,0,2314,65,"57,04","184 054,94","77,11",839,0,4518,Total,9314,4277,3136,0,0,7756,1558,"13,79","1 007 964,95","74,16",3262,0,18104
Data,Ocup,Opção,Cheg,Oferta/Uso Interno,Deduz. Individ.,Deduz. Grupos,% Ocup.,Receita Quartos,Preço Médio,Saídas,Quartos FdS,Adul. / Cri.,janeiro,Histórico,13-jan-2026 ter,47,0,15,0,0,47,0,"34,81","3 046,02","64,81",22,0,83,1176,8,361,0,0,1111,65,"58,47","100 852,00","85,18",427,0,2190,Total jan,2379,8,810,0,0,2314,65,"57,04","184 054,94","77,11",839,0,4518,Total,9314,4277,3136,0,0,7756,1558,"13,79","1 007 964,95","74,16",3262,0,18104
Data,Ocup,Opção,Cheg,Oferta/Uso Interno,Deduz. Individ.,Deduz. Grupos,% Ocup.,Receita Quartos,Preço Médio,Saídas,Quartos FdS,Adul. / Cri.,janeiro,Histórico,14-jan-2026 qua,50,0,25,0,0,50,0,"37,04","3 290,17","65,80",22,0,86,1176,8,361,0,0,1111,65,"58,47","100 852,00","85,18",427,0,2190,Total jan,2379,8,810,0,0,2314,65,"57,04","184 054,94","77,11",839,0,4518,Total,9314,4277,3136,0,0,7756,1558,"13,79","1 007 964,95","74,16",3262,0,18104
Data,Ocup,Opção,Cheg,Oferta/Uso Interno,Deduz. Individ.,Deduz. Grupos,% Ocup.,Receita Quartos,Preço Médio,Saídas,Quartos FdS,Adul. / Cri.,janeiro,Histórico,15-jan-2026 qui,60,0,22,0,0,60,0,"44,44","3 875,58","64,59",12,0,105,1176,8,361,0,0,1111,65,"58,47","100 852,00","85,18",427,0,2190,Total jan,2379,8,810,0,0,2314,65,"57,04","184 054,94","77,11",839,0,4518,Total,9314,4277,3136,0,0,7756,1558,"13,79","1 007 964,95","74,16",3262,0,18104
Data,Ocup,Opção,Cheg,Oferta/Uso Interno,Deduz. Individ.,Deduz. Grupos,% Ocup.,Receita Quartos,Preço Médio,Saídas,Quartos FdS,Adul. / Cri.,janeiro,Previsão,16-jan-2026 sex,77,0,38,0,0,77,0,"57,04","4 931,75","64,05",21,0,145,1203,0,449,0,0,1203,0,"55,69","83 202,94","69,16",412,0,2328,Total jan,2379,8,810,0,0,2314,65,"57,04","184 054,94","77,11",839,0,4518,Total,9314,4277,3136,0,0,7756,1558,"13,79","1 007 964,95","74,16",3262,0,18104
Data,Ocup,Opção,Cheg,Oferta/Uso Interno,Deduz. Individ.,Deduz. Grupos,% Ocup.,Receita Quartos,Preço Médio,Saídas,Quartos FdS,Adul. / Cri.,janeiro,Previsão,17-jan-2026 sáb,91,0,37,0,0,91,0,"67,41","5 921,40","65,07",23,0,170,1203,0,449,0,0,1203,0,"55,69","83 202,94","69,16",412,0,2328,Total jan,2379,8,810,0,0,2314,65,"57,04","184 054,94","77,11",839,0,4518,Total,9314,4277,3136,0,0,7756,1558,"13,79","1 007 964,95","74,16",3262,0,18104
Data,Ocup,Opção,Cheg,Oferta/Uso Interno,Deduz. Individ.,Deduz. Grupos,% Ocup.,Receita Quartos,Preço Médio,Saídas,Quartos FdS,Adul. / Cri.,janeiro,Previsão,18-jan-2026 dom,73,0,18,0,0,73,0,"54,07","4 587,09","62,84",36,0,132,1203,0,449,0,0,1203,0,"55,69","83 202,94","69,16",412,0,2328,Total jan,2379,8,810,0,0,2314,65,"57,04","184 054,94","77,11",839,0,4518,Total,9314,4277,3136,0,0,7756,1558,"13,79","1 007 964,95","74,16",3262,0,18104
Data,Ocup,Opção,Cheg,Oferta/Uso Interno,Deduz. Individ.,Deduz. Grupos,% Ocup.,Receita Quartos,Preço Médio,Saídas,Quartos FdS,Adul. / Cri.,janeiro,Previsão,19-jan-2026 seg,73,0,24,0,0,73,0,"54,07","4 687,65","64,21",24,0,129,1203,0,449,0,0,1203,0,"55,69","83 202,94","69,16",412,0,2328,Total jan,2379,8,810,0,0,2314,65,"57,04","184 054,94","77,11",839,0,4518,Total,9314,4277,3136,0,0,7756,1558,"13,79","1 007 964,95","74,16",3262,0,18104
Data,Ocup,Opção,Cheg,Oferta/Uso Interno,Deduz. Individ.,Deduz. Grupos,% Ocup.,Receita Quartos,Preço Médio,Saídas,Quartos FdS,Adul. / Cri.,janeiro,Previsão,20-jan-2026 ter,51,0,10,0,0,51,0,"37,78","3 331,40","65,32",32,0,90,1203,0,449,0,0,1203,0,"55,69","83 202,94","69,16",412,0,2328,Total jan,2379,8,810,0,0,2314,65,"57,04","184 054,94","77,11",839,0,4518,Total,9314,4277,3136,0,0,7756,1558,"13,79","1 007 964,95","74,16",3262,0,18104
Data,Ocup,Opção,Cheg,Oferta/Uso Interno,Deduz. Individ.,Deduz. Grupos,% Ocup.,Receita Quartos,Preço Médio,Saídas,Quartos FdS,Adul. / Cri.,janeiro,Previsão,21-jan-2026 qua,58,0,28,0,0,58,0,"42,96","3 705,71","63,89",21,0,108,1203,0,449,0,0,1203,0,"55,69","83 202,94","69,16",412,0,2328,Total jan,2379,8,810,0,0,2314,65,"57,04","184 054,94","77,11",839,0,4518,Total,9314,4277,3136,0,0,7756,1558,"13,79","1 007 964,95","74,16",3262,0,18104
Data,Ocup,Opção,Cheg,Oferta/Uso Interno,Deduz. Individ.,Deduz. Grupos,% Ocup.,Receita Quartos,Preço Médio,Saídas,Quartos FdS,Adul. / Cri.,janeiro,Previsão,22-jan-2026 qui,73,0,32,0,0,73,0,"54,07","5 031,26","68,92",17,0,145,1203,0,449,0,0,1203,0,"55,69","83 202,94","69,16",412,0,2328,Total jan,2379,8,810,0,0,2314,65,"57,04","184 054,94","77,11",839,0,4518,Total,9314,4277,3136,0,0,7756,1558,"13,79","1 007 964,95","74,16",3262,0,18104
Data,Ocup,Opção,Cheg,Oferta/Uso Interno,Deduz. Individ.,Deduz. Grupos,% Ocup.,Receita Quartos,Preço Médio,Saídas,Quartos FdS,Adul. / Cri.,janeiro,Previsão,23-jan-2026 sex,97,0,42,0,0,97,0,"71,85","6 775,95","69,86",18,0,192,1203,0,449,0,0,1203,0,"55,69","83 202,94","69,16",412,0,2328,Total jan,2379,8,810,0,0,2314,65,"57,04","184 054,94","77,11",839,0,4518,Total,9314,4277,3136,0,0,7756,1558,"13,79","1 007 964,95","74,16",3262,0,18104
Data,Ocup,Opção,Cheg,Oferta/Uso Interno,Deduz. Individ.,Deduz. Grupos,% Ocup.,Receita Quartos,Preço Médio,Saídas,Quartos FdS,Adul. / Cri.,janeiro,Previsão,24-jan-2026 sáb,94,0,26,0,0,94,0,"69,63","6 901,87","73,42",29,0,191,1203,0,449,0,0,1203,0,"55,69","83 202,94","69,16",412,0,2328,Total jan,2379,8,810,0,0,2314,65,"57,04","184 054,94","77,11",839,0,4518,Total,9314,4277,3136,0,0,7756,1558,"13,79","1 007 964,95","74,16",3262,0,18104
Data,Ocup,Opção,Cheg,Oferta/Uso Interno,Deduz. Individ.,Deduz. Grupos,% Ocup.,Receita Quartos,Preço Médio,Saídas,Quartos FdS,Adul. / Cri.,janeiro,Previsão,25-jan-2026 dom,69,0,22,0,0,69,0,"51,11","5 153,97","74,70",47,0,147,1203,0,449,0,0,1203,0,"55,69","83 202,94","69,16",412,0,2328,Total jan,2379,8,810,0,0,2314,65,"57,04","184 054,94","77,11",839,0,4518,Total,9314,4277,3136,0,0,7756,1558,"13,79","1 007 964,95","74,16",3262,0,18104
Data,Ocup,Opção,Cheg,Oferta/Uso Interno,Deduz. Individ.,Deduz. Grupos,% Ocup.,Receita Quartos,Preço Médio,Saídas,Quartos FdS,Adul. / Cri.,janeiro,Previsão,26-jan-2026 seg,54,0,13,0,0,54,0,"40,00","4 078,99","75,54",28,0,112,1203,0,449,0,0,1203,0,"55,69","83 202,94","69,16",412,0,2328,Total jan,2379,8,810,0,0,2314,65,"57,04","184 054,94","77,11",839,0,4518,Total,9314,4277,3136,0,0,7756,1558,"13,79","1 007 964,95","74,16",3262,0,18104
Data,Ocup,Opção,Cheg,Oferta/Uso Interno,Deduz. Individ.,Deduz. Grupos,% Ocup.,Receita Quartos,Preço Médio,Saídas,Quartos FdS,Adul. / Cri.,janeiro,Previsão,27-jan-2026 ter,53,0,24,0,0,53,0,"39,26","3 600,76","67,94",25,0,98,1203,0,449,0,0,1203,0,"55,69","83 202,94","69,16",412,0,2328,Total jan,2379,8,810,0,0,2314,65,"57,04","184 054,94","77,11",839,0,4518,Total,9314,4277,3136,0,0,7756,1558,"13,79","1 007 964,95","74,16",3262,0,18104
Data,Ocup,Opção,Cheg,Oferta/Uso Interno,Deduz. Individ.,Deduz. Grupos,% Ocup.,Receita Quartos,Preço Médio,Saídas,Quartos FdS,Adul. / Cri.,janeiro,Previsão,28-jan-2026 qua,67,0,33,0,0,67,0,"49,63","4 593,30","68,56",19,0,125,1203,0,449,0,0,1203,0,"55,69","83 202,94","69,16",412,0,2328,Total jan,2379,8,810,0,0,2314,65,"57,04","184 054,94","77,11",839,0,4518,Total,9314,4277,3136,0,0,7756,1558,"13,79","1 007 964,95","74,16",3262,0,18104
Data,Ocup,Opção,Cheg,Oferta/Uso Interno,Deduz. Individ.,Deduz. Grupos,% Ocup.,Receita Quartos,Preço Médio,Saídas,Quartos FdS,Adul. / Cri.,janeiro,Previsão,29-jan-2026 qui,84,0,37,0,0,84,0,"62,22","5 766,97","68,65",20,0,162,1203,0,449,0,0,1203,0,"55,69","83 202,94","69,16",412,0,2328,Total jan,2379,8,810,0,0,2314,65,"57,04","184 054,94","77,11",839,0,4518,Total,9314,4277,3136,0,0,7756,1558,"13,79","1 007 964,95","74,16",3262,0,18104
Data,Ocup,Opção,Cheg,Oferta/Uso Interno,Deduz. Individ.,Deduz. Grupos,% Ocup.,Receita Quartos,Preço Médio,Saídas,Quartos FdS,Adul. / Cri.,janeiro,Previsão,30-jan-2026 sex,92,0,32,0,0,92,0,"68,15","6 787,56","73,78",24,0,186,1203,0,449,0,0,1203,0,"55,69","83 202,94","69,16",412,0,2328,Total jan,2379,8,810,0,0,2314,65,"57,04","184 054,94","77,11",839,0,4518,Total,9314,4277,3136,0,0,7756,1558,"13,79","1 007 964,95","74,16",3262,0,18104
Data,Ocup,Opção,Cheg,Oferta/Uso Interno,Deduz. Individ.,Deduz. Grupos,% Ocup.,Receita Quartos,Preço Médio,Saídas,Quartos FdS,Adul. / Cri.,janeiro,Previsão,31-jan-2026 sáb,97,0,33,0,0,97,0,"71,85","7 347,30","75,75",28,0,196,1203,0,449,0,0,1203,0,"55,69","83 202,94","69,16",412,0,2328,Total jan,2379,8,810,0,0,2314,65,"57,04","184 054,94","77,11",839,0,4518,Total,9314,4277,3136,0,0,7756,1558,"13,79","1 007 964,95","74,16",3262,0,18104
Data,Ocup,Opção,Cheg,Oferta/Uso Interno,Deduz. Individ.,Deduz. Grupos,% Ocup.,Receita Quartos,Preço Médio,Saídas,Quartos FdS,Adul. / Cri.,fevereiro,Previsão,01-fev-2026 dom,70,0,17,0,0,70,0,"51,85","4 880,75","69,73",44,0,136,1903,1,624,0,0,1899,4,"50,37","149 077,01","78,30",647,0,3703,Total fev,1903,1,624,0,0,1899,4,"50,37","149 077,01","78,30",647,0,3703,Total,9314,4277,3136,0,0,7756,1558,"13,79","1 007 964,95","74,16",3262,0,18104
Data,Ocup,Opção,Cheg,Oferta/Uso Interno,Deduz. Individ.,Deduz. Grupos,% Ocup.,Receita Quartos,Preço Médio,Saídas,Quartos FdS,Adul. / Cri.,fevereiro,Previsão,02-fev-2026 seg,59,0,20,0,0,59,0,"43,70","4 002,77","67,84",31,0,111,1903,1,624,0,0,1899,4,"50,37","149 077,01","78,30",647,0,3703,Total fev,1903,1,624,0,0,1899,4,"50,37","149 077,01","78,30",647,0,3703,Total,9314,4277,3136,0,0,7756,1558,"13,79","1 007 964,95","74,16",3262,0,18104
Data,Ocup,Opção,Cheg,Oferta/Uso Interno,Deduz. Individ.,Deduz. Grupos,% Ocup.,Receita Quartos,Preço Médio,Saídas,Quartos FdS,Adul. / Cri.,fevereiro,Previsão,03-fev-2026 ter,54,0,13,0,0,54,0,"40,00","3 582,61","66,34",18,0,102,1903,1,624,0,0,1899,4,"50,37","149 077,01","78,30",647,0,3703,Total fev,1903,1,624,0,0,1899,4,"50,37","149 077,01","78,30",647,0,3703,Total,9314,4277,3136,0,0,7756,1558,"13,79","1 007 964,95","74,16",3262,0,18104
Data,Ocup,Opção,Cheg,Oferta/Uso Interno,Deduz. Individ.,Deduz. Grupos,% Ocup.,Receita Quartos,Preço Médio,Saídas,Quartos FdS,Adul. / Cri.,fevereiro,Previsão,04-fev-2026 qua,48,0,19,0,0,48,0,"35,56","3 398,97","70,81",25,0,97,1903,1,624,0,0,1899,4,"50,37","149 077,01","78,30",647,0,3703,Total fev,1903,1,624,0,0,1899,4,"50,37","149 077,01","78,30",647,0,3703,Total,9314,4277,3136,0,0,7756,1558,"13,79","1 007 964,95","74,16",3262,0,18104
Data,Ocup,Opção,Cheg,Oferta/Uso Interno,Deduz. Individ.,Deduz. Grupos,% Ocup.,Receita Quartos,Preço Médio,Saídas,Quartos FdS,Adul. / Cri.,fevereiro,Previsão,05-fev-2026 qui,56,0,21,0,0,56,0,"41,48","3 591,14","64,13",13,0,108,1903,1,624,0,0,1899,4,"50,37","149 077,01","78,30",647,0,3703,Total fev,1903,1,624,0,0,1899,4,"50,37","149 077,01","78,30",647,0,3703,Total,9314,4277,3136,0,0,7756,1558,"13,79","1 007 964,95","74,16",3262,0,18104
Data,Ocup,Opção,Cheg,Oferta/Uso Interno,Deduz. Individ.,Deduz. Grupos,% Ocup.,Receita Quartos,Preço Médio,Saídas,Quartos FdS,Adul. / Cri.,fevereiro,Previsão,06-fev-2026 sex,72,0,32,0,0,72,0,"53,33","5 412,12","75,17",16,0,143,1903,1,624,0,0,1899,4,"50,37","149 077,01","78,30",647,0,3703,Total fev,1903,1,624,0,0,1899,4,"50,37","149 077,01","78,30",647,0,3703,Total,9314,4277,3136,0,0,7756,1558,"13,79","1 007 964,95","74,16",3262,0,18104
Data,Ocup,Opção,Cheg,Oferta/Uso Interno,Deduz. Individ.,Deduz. Grupos,% Ocup.,Receita Quartos,Preço Médio,Saídas,Quartos FdS,Adul. / Cri.,fevereiro,Previsão,07-fev-2026 sáb,77,0,22,0,0,77,0,"57,04","5 879,33","76,35",17,0,154,1903,1,624,0,0,1899,4,"50,37","149 077,01","78,30",647,0,3703,Total fev,1903,1,624,0,0,1899,4,"50,37","149 077,01","78,30",647,0,3703,Total,9314,4277,3136,0,0,7756,1558,"13,79","1 007 964,95","74,16",3262,0,18104
Data,Ocup,Opção,Cheg,Oferta/Uso Interno,Deduz. Individ.,Deduz. Grupos,% Ocup.,Receita Quartos,Preço Médio,Saídas,Quartos FdS,Adul. / Cri.,fevereiro,Previsão,08-fev-2026 dom,53,0,12,0,0,53,0,"39,26","3 517,04","66,36",36,0,106,1903,1,624,0,0,1899,4,"50,37","149 077,01","78,30",647,0,3703,Total fev,1903,1,624,0,0,1899,4,"50,37","149 077,01","78,30",647,0,3703,Total,9314,4277,3136,0,0,7756,1558,"13,79","1 007 964,95","74,16",3262,0,18104
Data,Ocup,Opção,Cheg,Oferta/Uso Interno,Deduz. Individ.,Deduz. Grupos,% Ocup.,Receita Quartos,Preço Médio,Saídas,Quartos FdS,Adul. / Cri.,fevereiro,Previsão,09-fev-2026 seg,46,0,18,0,0,46,0,"34,07","3 057,25","66,46",25,0,83,1903,1,624,0,0,1899,4,"50,37","149 077,01","78,30",647,0,3703,Total fev,1903,1,624,0,0,1899,4,"50,37","149 077,01","78,30",647,0,3703,Total,9314,4277,3136,0,0,7756,1558,"13,79","1 007 964,95","74,16",3262,0,18104
Data,Ocup,Opção,Cheg,Oferta/Uso Interno,Deduz. Individ.,Deduz. Grupos,% Ocup.,Receita Quartos,Preço Médio,Saídas,Quartos FdS,Adul. / Cri.,fevereiro,Previsão,10-fev-2026 ter,48,0,17,0,0,48,0,"35,56","3 196,38","66,59",15,0,88,1903,1,624,0,0,1899,4,"50,37","149 077,01","78,30",647,0,3703,Total fev,1903,1,624,0,0,1899,4,"50,37","149 077,01","78,30",647,0,3703,Total,9314,4277,3136,0,0,7756,1558,"13,79","1 007 964,95","74,16",3262,0,18104
Data,Ocup,Opção,Cheg,Oferta/Uso Interno,Deduz. Individ.,Deduz. Grupos,% Ocup.,Receita Quartos,Preço Médio,Saídas,Quartos FdS,Adul. / Cri.,fevereiro,Previsão,11-fev-2026 qua,57,0,21,0,0,57,0,"42,22","3 860,91","67,74",12,0,105,1903,1,624,0,0,1899,4,"50,37","149 077,01","78,30",647,0,3703,Total fev,1903,1,624,0,0,1899,4,"50,37","149 077,01","78,30",647,0,3703,Total,9314,4277,3136,0,0,7756,1558,"13,79","1 007 964,95","74,16",3262,0,18104
Data,Ocup,Opção,Cheg,Oferta/Uso Interno,Deduz. Individ.,Deduz. Grupos,% Ocup.,Receita Quartos,Preço Médio,Saídas,Quartos FdS,Adul. / Cri.,fevereiro,Previsão,12-fev-2026 qui,64,0,29,0,0,64,0,"47,41","4 604,54","71,95",22,0,122,1903,1,624,0,0,1899,4,"50,37","149 077,01","78,30",647,0,3703,Total fev,1903,1,624,0,0,1899,4,"50,37","149 077,01","78,30",647,0,3703,Total,9314,4277,3136,0,0,7756,1558,"13,79","1 007 964,95","74,16",3262,0,18104
Data,Ocup,Opção,Cheg,Oferta/Uso Interno,Deduz. Individ.,Deduz. Grupos,% Ocup.,Receita Quartos,Preço Médio,Saídas,Quartos FdS,Adul. / Cri.,fevereiro,Previsão,13-fev-2026 sex,82,0,34,0,0,82,0,"60,74","7 074,82","86,28",16,0,167,1903,1,624,0,0,1899,4,"50,37","149 077,01","78,30",647,0,3703,Total fev,1903,1,624,0,0,1899,4,"50,37","149 077,01","78,30",647,0,3703,Total,9314,4277,3136,0,0,7756,1558,"13,79","1 007 964,95","74,16",3262,0,18104
Data,Ocup,Opção,Cheg,Oferta/Uso Interno,Deduz. Individ.,Deduz. Grupos,% Ocup.,Receita Quartos,Preço Médio,Saídas,Quartos FdS,Adul. / Cri.,fevereiro,Previsão,14-fev-2026 sáb,91,0,32,0,0,91,0,"67,41","8 762,36","96,29",23,0,180,1903,1,624,0,0,1899,4,"50,37","149 077,01","78,30",647,0,3703,Total fev,1903,1,624,0,0,1899,4,"50,37","149 077,01","78,30",647,0,3703,Total,9314,4277,3136,0,0,7756,1558,"13,79","1 007 964,95","74,16",3262,0,18104
Data,Ocup,Opção,Cheg,Oferta/Uso Interno,Deduz. Individ.,Deduz. Grupos,% Ocup.,Receita Quartos,Preço Médio,Saídas,Quartos FdS,Adul. / Cri.,fevereiro,Previsão,15-fev-2026 dom,92,0,27,0,0,92,0,"68,15","8 565,19","93,10",26,0,186,1903,1,624,0,0,1899,4,"50,37","149 077,01","78,30",647,0,3703,Total fev,1903,1,624,0,0,1899,4,"50,37","149 077,01","78,30",647,0,3703,Total,9314,4277,3136,0,0,7756,1558,"13,79","1 007 964,95","74,16",3262,0,18104
Data,Ocup,Opção,Cheg,Oferta/Uso Interno,Deduz. Individ.,Deduz. Grupos,% Ocup.,Receita Quartos,Preço Médio,Saídas,Quartos FdS,Adul. / Cri.,fevereiro,Previsão,16-fev-2026 seg,78,0,18,0,0,78,0,"57,78","6 952,84","89,14",32,0,167,1903,1,624,0,0,1899,4,"50,37","149 077,01","78,30",647,0,3703,Total fev,1903,1,624,0,0,1899,4,"50,37","149 077,01","78,30",647,0,3703,Total,9314,4277,3136,0,0,7756,1558,"13,79","1 007 964,95","74,16",3262,0,18104
Data,Ocup,Opção,Cheg,Oferta/Uso Interno,Deduz. Individ.,Deduz. Grupos,% Ocup.,Receita Quartos,Preço Médio,Saídas,Quartos FdS,Adul. / Cri.,fevereiro,Previsão,17-fev-2026 ter,87,0,32,0,0,87,0,"64,44","7 266,72","83,53",23,0,179,1903,1,624,0,0,1899,4,"50,37","149 077,01","78,30",647,0,3703,Total fev,1903,1,624,0,0,1899,4,"50,37","149 077,01","78,30",647,0,3703,Total,9314,4277,3136,0,0,7756,1558,"13,79","1 007 964,95","74,16",3262,0,18104
Data,Ocup,Opção,Cheg,Oferta/Uso Interno,Deduz. Individ.,Deduz. Grupos,% Ocup.,Receita Quartos,Preço Médio,Saídas,Quartos FdS,Adul. / Cri.,fevereiro,Previsão,18-fev-2026 qua,67,0,18,0,0,67,0,"49,63","5 455,42","81,42",38,0,138,1903,1,624,0,0,1899,4,"50,37","149 077,01","78,30",647,0,3703,Total fev,1903,1,624,0,0,1899,4,"50,37","149 077,01","78,30",647,0,3703,Total,9314,4277,3136,0,0,7756,1558,"13,79","1 007 964,95","74,16",3262,0,18104
Data,Ocup,Opção,Cheg,Oferta/Uso Interno,Deduz. Individ.,Deduz. Grupos,% Ocup.,Receita Quartos,Preço Médio,Saídas,Quartos FdS,Adul. / Cri.,fevereiro,Previsão,19-fev-2026 qui,76,0,28,0,0,76,0,"56,30","6 919,80","91,05",19,0,155,1903,1,624,0,0,1899,4,"50,37","149 077,01","78,30",647,0,3703,Total fev,1903,1,624,0,0,1899,4,"50,37","149 077,01","78,30",647,0,3703,Total,9314,4277,3136,0,0,7756,1558,"13,79","1 007 964,95","74,16",3262,0,18104
Data,Ocup,Opção,Cheg,Oferta/Uso Interno,Deduz. Individ.,Deduz. Grupos,% Ocup.,Receita Quartos,Preço Médio,Saídas,Quartos FdS,Adul. / Cri.,fevereiro,Previsão,20-fev-2026 sex,78,0,22,0,0,78,0,"57,78","7 065,18","90,58",20,0,156,1903,1,624,0,0,1899,4,"50,37","149 077,01","78,30",647,0,3703,Total fev,1903,1,624,0,0,1899,4,"50,37","149 077,01","78,30",647,0,3703,Total,9314,4277,3136,0,0,7756,1558,"13,79","1 007 964,95","74,16",3262,0,18104
Data,Ocup,Opção,Cheg,Oferta/Uso Interno,Deduz. Individ.,Deduz. Grupos,% Ocup.,Receita Quartos,Preço Médio,Saídas,Quartos FdS,Adul. / Cri.,fevereiro,Previsão,21-fev-2026 sáb,76,0,21,0,0,76,0,"56,30","6 999,63","92,10",23,0,155,1903,1,624,0,0,1899,4,"50,37","149 077,01","78,30",647,0,3703,Total fev,1903,1,624,0,0,1899,4,"50,37","149 077,01","78,30",647,0,3703,Total,9314,4277,3136,0,0,7756,1558,"13,79","1 007 964,95","74,16",3262,0,18104
Data,Ocup,Opção,Cheg,Oferta/Uso Interno,Deduz. Individ.,Deduz. Grupos,% Ocup.,Receita Quartos,Preço Médio,Saídas,Quartos FdS,Adul. / Cri.,fevereiro,Previsão,22-fev-2026 dom,75,0,21,0,0,75,0,"55,56","6 052,54","80,70",22,0,148,1903,1,624,0,0,1899,4,"50,37","149 077,01","78,30",647,0,3703,Total fev,1903,1,624,0,0,1899,4,"50,37","149 077,01","78,30",647,0,3703,Total,9314,4277,3136,0,0,7756,1558,"13,79","1 007 964,95","74,16",3262,0,18104
Data,Ocup,Opção,Cheg,Oferta/Uso Interno,Deduz. Individ.,Deduz. Grupos,% Ocup.,Receita Quartos,Preço Médio,Saídas,Quartos FdS,Adul. / Cri.,fevereiro,Previsão,23-fev-2026 seg,66,0,25,0,0,66,0,"48,89","4 980,02","75,45",34,0,118,1903,1,624,0,0,1899,4,"50,37","149 077,01","78,30",647,0,3703,Total fev,1903,1,624,0,0,1899,4,"50,37","149 077,01","78,30",647,0,3703,Total,9314,4277,3136,0,0,7756,1558,"13,79","1 007 964,95","74,16",3262,0,18104
Data,Ocup,Opção,Cheg,Oferta/Uso Interno,Deduz. Individ.,Deduz. Grupos,% Ocup.,Receita Quartos,Preço Médio,Saídas,Quartos FdS,Adul. / Cri.,fevereiro,Previsão,24-fev-2026 ter,75,0,18,0,0,75,0,"55,56","5 593,81","74,58",9,0,132,1903,1,624,0,0,1899,4,"50,37","149 077,01","78,30",647,0,3703,Total fev,1903,1,624,0,0,1899,4,"50,37","149 077,01","78,30",647,0,3703,Total,9314,4277,3136,0,0,7756,1558,"13,79","1 007 964,95","74,16",3262,0,18104
Data,Ocup,Opção,Cheg,Oferta/Uso Interno,Deduz. Individ.,Deduz. Grupos,% Ocup.,Receita Quartos,Preço Médio,Saídas,Quartos FdS,Adul. / Cri.,fevereiro,Previsão,25-fev-2026 qua,59,0,15,0,0,59,0,"43,70","4 117,43","69,79",31,0,103,1903,1,624,0,0,1899,4,"50,37","149 077,01","78,30",647,0,3703,Total fev,1903,1,624,0,0,1899,4,"50,37","149 077,01","78,30",647,0,3703,Total,9314,4277,3136,0,0,7756,1558,"13,79","1 007 964,95","74,16",3262,0,18104
Data,Ocup,Opção,Cheg,Oferta/Uso Interno,Deduz. Individ.,Deduz. Grupos,% Ocup.,Receita Quartos,Preço Médio,Saídas,Quartos FdS,Adul. / Cri.,fevereiro,Previsão,26-fev-2026 qui,55,0,16,0,0,55,0,"40,74","3 693,67","67,16",20,0,98,1903,1,624,0,0,1899,4,"50,37","149 077,01","78,30",647,0,3703,Total fev,1903,1,624,0,0,1899,4,"50,37","149 077,01","78,30",647,0,3703,Total,9314,4277,3136,0,0,7756,1558,"13,79","1 007 964,95","74,16",3262,0,18104
Data,Ocup,Opção,Cheg,Oferta/Uso Interno,Deduz. Individ.,Deduz. Grupos,% Ocup.,Receita Quartos,Preço Médio,Saídas,Quartos FdS,Adul. / Cri.,fevereiro,Previsão,27-fev-2026 sex,68,0,35,0,0,67,1,"50,37","4 960,39","72,95",22,0,127,1903,1,624,0,0,1899,4,"50,37","149 077,01","78,30",647,0,3703,Total fev,1903,1,624,0,0,1899,4,"50,37","149 077,01","78,30",647,0,3703,Total,9314,4277,3136,0,0,7756,1558,"13,79","1 007 964,95","74,16",3262,0,18104
Data,Ocup,Opção,Cheg,Oferta/Uso Interno,Deduz. Individ.,Deduz. Grupos,% Ocup.,Receita Quartos,Preço Médio,Saídas,Quartos FdS,Adul. / Cri.,fevereiro,Previsão,28-fev-2026 sáb,74,1,21,0,0,71,3,"55,56","5 633,39","75,11",15,0,139,1903,1,624,0,0,1899,4,"50,37","149 077,01","78,30",647,0,3703,Total fev,1903,1,624,0,0,1899,4,"50,37","149 077,01","78,30",647,0,3703,Total,9314,4277,3136,0,0,7756,1558,"13,79","1 007 964,95","74,16",3262,0,18104
Data,Ocup,Opção,Cheg,Oferta/Uso Interno,Deduz. Individ.,Deduz. Grupos,% Ocup.,Receita Quartos,Preço Médio,Saídas,Quartos FdS,Adul. / Cri.,março,Previsão,01-mar-2026 dom,52,13,14,0,0,52,0,"48,15","4 379,88","67,38",36,0,101,1764,104,572,0,0,1520,244,"44,64","182 332,75","97,61",607,0,3415,Total mar,1764,104,572,0,0,1520,244,"44,64","182 332,75","97,61",607,0,3415,Total,9314,4277,3136,0,0,7756,1558,"13,79","1 007 964,95","74,16",3262,0,18104
Data,Ocup,Opção,Cheg,Oferta/Uso Interno,Deduz. Individ.,Deduz. Grupos,% Ocup.,Receita Quartos,Preço Médio,Saídas,Quartos FdS,Adul. / Cri.,março,Previsão,02-mar-2026 seg,53,24,23,0,0,53,0,"57,04","4 603,52","59,79",22,0,109,1764,104,572,0,0,1520,244,"44,64","182 332,75","97,61",607,0,3415,Total mar,1764,104,572,0,0,1520,244,"44,64","182 332,75","97,61",607,0,3415,Total,9314,4277,3136,0,0,7756,1558,"13,79","1 007 964,95","74,16",3262,0,18104
Data,Ocup,Opção,Cheg,Oferta/Uso Interno,Deduz. Individ.,Deduz. Grupos,% Ocup.,Receita Quartos,Preço Médio,Saídas,Quartos FdS,Adul. / Cri.,março,Previsão,03-mar-2026 ter,52,11,12,0,0,52,0,"46,67","4 560,71","72,39",13,0,103,1764,104,572,0,0,1520,244,"44,64","182 332,75","97,61",607,0,3415,Total mar,1764,104,572,0,0,1520,244,"44,64","182 332,75","97,61",607,0,3415,Total,9314,4277,3136,0,0,7756,1558,"13,79","1 007 964,95","74,16",3262,0,18104
Data,Ocup,Opção,Cheg,Oferta/Uso Interno,Deduz. Individ.,Deduz. Grupos,% Ocup.,Receita Quartos,Preço Médio,Saídas,Quartos FdS,Adul. / Cri.,março,Previsão,04-mar-2026 qua,50,0,16,0,0,50,0,"37,04","4 327,25","86,55",18,0,95,1764,104,572,0,0,1520,244,"44,64","182 332,75","97,61",607,0,3415,Total mar,1764,104,572,0,0,1520,244,"44,64","182 332,75","97,61",607,0,3415,Total,9314,4277,3136,0,0,7756,1558,"13,79","1 007 964,95","74,16",3262,0,18104
Data,Ocup,Opção,Cheg,Oferta/Uso Interno,Deduz. Individ.,Deduz. Grupos,% Ocup.,Receita Quartos,Preço Médio,Saídas,Quartos FdS,Adul. / Cri.,março,Previsão,05-mar-2026 qui,55,0,13,0,0,55,0,"40,74","4 832,27","87,86",8,0,105,1764,104,572,0,0,1520,244,"44,64","182 332,75","97,61",607,0,3415,Total mar,1764,104,572,0,0,1520,244,"44,64","182 332,75","97,61",607,0,3415,Total,9314,4277,3136,0,0,7756,1558,"13,79","1 007 964,95","74,16",3262,0,18104
Data,Ocup,Opção,Cheg,Oferta/Uso Interno,Deduz. Individ.,Deduz. Grupos,% Ocup.,Receita Quartos,Preço Médio,Saídas,Quartos FdS,Adul. / Cri.,março,Previsão,06-mar-2026 sex,73,0,37,0,0,70,3,"54,07","7 780,66","106,58",19,0,135,1764,104,572,0,0,1520,244,"44,64","182 332,75","97,61",607,0,3415,Total mar,1764,104,572,0,0,1520,244,"44,64","182 332,75","97,61",607,0,3415,Total,9314,4277,3136,0,0,7756,1558,"13,79","1 007 964,95","74,16",3262,0,18104
Data,Ocup,Opção,Cheg,Oferta/Uso Interno,Deduz. Individ.,Deduz. Grupos,% Ocup.,Receita Quartos,Preço Médio,Saídas,Quartos FdS,Adul. / Cri.,março,Previsão,07-mar-2026 sáb,71,0,16,0,0,68,3,"52,59","7 443,44","104,84",18,0,134,1764,104,572,0,0,1520,244,"44,64","182 332,75","97,61",607,0,3415,Total mar,1764,104,572,0,0,1520,244,"44,64","182 332,75","97,61",607,0,3415,Total,9314,4277,3136,0,0,7756,1558,"13,79","1 007 964,95","74,16",3262,0,18104
Data,Ocup,Opção,Cheg,Oferta/Uso Interno,Deduz. Individ.,Deduz. Grupos,% Ocup.,Receita Quartos,Preço Médio,Saídas,Quartos FdS,Adul. / Cri.,março,Previsão,08-mar-2026 dom,64,0,19,0,0,64,0,"47,41","5 655,98","88,37",26,0,127,1764,104,572,0,0,1520,244,"44,64","182 332,75","97,61",607,0,3415,Total mar,1764,104,572,0,0,1520,244,"44,64","182 332,75","97,61",607,0,3415,Total,9314,4277,3136,0,0,7756,1558,"13,79","1 007 964,95","74,16",3262,0,18104
Data,Ocup,Opção,Cheg,Oferta/Uso Interno,Deduz. Individ.,Deduz. Grupos,% Ocup.,Receita Quartos,Preço Médio,Saídas,Quartos FdS,Adul. / Cri.,março,Previsão,09-mar-2026 seg,60,0,19,0,0,60,0,"44,44","5 127,19","85,45",23,0,113,1764,104,572,0,0,1520,244,"44,64","182 332,75","97,61",607,0,3415,Total mar,1764,104,572,0,0,1520,244,"44,64","182 332,75","97,61",607,0,3415,Total,9314,4277,3136,0,0,7756,1558,"13,79","1 007 964,95","74,16",3262,0,18104
Data,Ocup,Opção,Cheg,Oferta/Uso Interno,Deduz. Individ.,Deduz. Grupos,% Ocup.,Receita Quartos,Preço Médio,Saídas,Quartos FdS,Adul. / Cri.,março,Previsão,10-mar-2026 ter,48,0,13,0,0,47,1,"35,56","4 224,09","88,00",25,0,84,1764,104,572,0,0,1520,244,"44,64","182 332,75","97,61",607,0,3415,Total mar,1764,104,572,0,0,1520,244,"44,64","182 332,75","97,61",607,0,3415,Total,9314,4277,3136,0,0,7756,1558,"13,79","1 007 964,95","74,16",3262,0,18104
Data,Ocup,Opção,Cheg,Oferta/Uso Interno,Deduz. Individ.,Deduz. Grupos,% Ocup.,Receita Quartos,Preço Médio,Saídas,Quartos FdS,Adul. / Cri.,março,Previsão,11-mar-2026 qua,52,0,25,0,0,35,17,"38,52","5 110,26","98,27",21,0,98,1764,104,572,0,0,1520,244,"44,64","182 332,75","97,61",607,0,3415,Total mar,1764,104,572,0,0,1520,244,"44,64","182 332,75","97,61",607,0,3415,Total,9314,4277,3136,0,0,7756,1558,"13,79","1 007 964,95","74,16",3262,0,18104
Data,Ocup,Opção,Cheg,Oferta/Uso Interno,Deduz. Individ.,Deduz. Grupos,% Ocup.,Receita Quartos,Preço Médio,Saídas,Quartos FdS,Adul. / Cri.,março,Previsão,12-mar-2026 qui,63,0,23,0,0,45,18,"46,67","6 491,34","103,04",12,0,119,1764,104,572,0,0,1520,244,"44,64","182 332,75","97,61",607,0,3415,Total mar,1764,104,572,0,0,1520,244,"44,64","182 332,75","97,61",607,0,3415,Total,9314,4277,3136,0,0,7756,1558,"13,79","1 007 964,95","74,16",3262,0,18104
Data,Ocup,Opção,Cheg,Oferta/Uso Interno,Deduz. Individ.,Deduz. Grupos,% Ocup.,Receita Quartos,Preço Médio,Saídas,Quartos FdS,Adul. / Cri.,março,Previsão,13-mar-2026 sex,75,0,22,0,0,57,18,"55,56","8 517,06","113,56",10,0,149,1764,104,572,0,0,1520,244,"44,64","182 332,75","97,61",607,0,3415,Total mar,1764,104,572,0,0,1520,244,"44,64","182 332,75","97,61",607,0,3415,Total,9314,4277,3136,0,0,7756,1558,"13,79","1 007 964,95","74,16",3262,0,18104
Data,Ocup,Opção,Cheg,Oferta/Uso Interno,Deduz. Individ.,Deduz. Grupos,% Ocup.,Receita Quartos,Preço Médio,Saídas,Quartos FdS,Adul. / Cri.,março,Previsão,14-mar-2026 sáb,75,1,29,0,0,72,3,"56,30","8 032,78","105,69",29,0,150,1764,104,572,0,0,1520,244,"44,64","182 332,75","97,61",607,0,3415,Total mar,1764,104,572,0,0,1520,244,"44,64","182 332,75","97,61",607,0,3415,Total,9314,4277,3136,0,0,7756,1558,"13,79","1 007 964,95","74,16",3262,0,18104
Data,Ocup,Opção,Cheg,Oferta/Uso Interno,Deduz. Individ.,Deduz. Grupos,% Ocup.,Receita Quartos,Preço Médio,Saídas,Quartos FdS,Adul. / Cri.,março,Previsão,15-mar-2026 dom,57,13,8,0,0,57,0,"51,85","5 323,48","76,05",26,0,111,1764,104,572,0,0,1520,244,"44,64","182 332,75","97,61",607,0,3415,Total mar,1764,104,572,0,0,1520,244,"44,64","182 332,75","97,61",607,0,3415,Total,9314,4277,3136,0,0,7756,1558,"13,79","1 007 964,95","74,16",3262,0,18104
Data,Ocup,Opção,Cheg,Oferta/Uso Interno,Deduz. Individ.,Deduz. Grupos,% Ocup.,Receita Quartos,Preço Médio,Saídas,Quartos FdS,Adul. / Cri.,março,Previsão,16-mar-2026 seg,56,13,32,0,0,37,19,"51,11","6 863,88","99,48",33,0,106,1764,104,572,0,0,1520,244,"44,64","182 332,75","97,61",607,0,3415,Total mar,1764,104,572,0,0,1520,244,"44,64","182 332,75","97,61",607,0,3415,Total,9314,4277,3136,0,0,7756,1558,"13,79","1 007 964,95","74,16",3262,0,18104
Data,Ocup,Opção,Cheg,Oferta/Uso Interno,Deduz. Individ.,Deduz. Grupos,% Ocup.,Receita Quartos,Preço Médio,Saídas,Quartos FdS,Adul. / Cri.,março,Previsão,17-mar-2026 ter,57,0,8,0,0,37,20,"42,22","7 096,88","124,51",7,0,107,1764,104,572,0,0,1520,244,"44,64","182 332,75","97,61",607,0,3415,Total mar,1764,104,572,0,0,1520,244,"44,64","182 332,75","97,61",607,0,3415,Total,9314,4277,3136,0,0,7756,1558,"13,79","1 007 964,95","74,16",3262,0,18104
Data,Ocup,Opção,Cheg,Oferta/Uso Interno,Deduz. Individ.,Deduz. Grupos,% Ocup.,Receita Quartos,Preço Médio,Saídas,Quartos FdS,Adul. / Cri.,março,Previsão,18-mar-2026 qua,60,0,25,0,0,24,36,"44,44","7 671,03","127,85",22,0,113,1764,104,572,0,0,1520,244,"44,64","182 332,75","97,61",607,0,3415,Total mar,1764,104,572,0,0,1520,244,"44,64","182 332,75","97,61",607,0,3415,Total,9314,4277,3136,0,0,7756,1558,"13,79","1 007 964,95","74,16",3262,0,18104
Data,Ocup,Opção,Cheg,Oferta/Uso Interno,Deduz. Individ.,Deduz. Grupos,% Ocup.,Receita Quartos,Preço Médio,Saídas,Quartos FdS,Adul. / Cri.,março,Previsão,19-mar-2026 qui,57,0,8,0,0,21,36,"42,22","7 677,09","134,69",11,0,108,1764,104,572,0,0,1520,244,"44,64","182 332,75","97,61",607,0,3415,Total mar,1764,104,572,0,0,1520,244,"44,64","182 332,75","97,61",607,0,3415,Total,9314,4277,3136,0,0,7756,1558,"13,79","1 007 964,95","74,16",3262,0,18104
Data,Ocup,Opção,Cheg,Oferta/Uso Interno,Deduz. Individ.,Deduz. Grupos,% Ocup.,Receita Quartos,Preço Médio,Saídas,Quartos FdS,Adul. / Cri.,março,Previsão,20-mar-2026 sex,65,0,30,0,0,48,17,"48,15","8 135,68","125,16",22,0,131,1764,104,572,0,0,1520,244,"44,64","182 332,75","97,61",607,0,3415,Total mar,1764,104,572,0,0,1520,244,"44,64","182 332,75","97,61",607,0,3415,Total,9314,4277,3136,0,0,7756,1558,"13,79","1 007 964,95","74,16",3262,0,18104
Data,Ocup,Opção,Cheg,Oferta/Uso Interno,Deduz. Individ.,Deduz. Grupos,% Ocup.,Receita Quartos,Preço Médio,Saídas,Quartos FdS,Adul. / Cri.,março,Previsão,21-mar-2026 sáb,62,3,24,0,0,61,1,"48,15","6 387,44","98,27",27,0,123,1764,104,572,0,0,1520,244,"44,64","182 332,75","97,61",607,0,3415,Total mar,1764,104,572,0,0,1520,244,"44,64","182 332,75","97,61",607,0,3415,Total,9314,4277,3136,0,0,7756,1558,"13,79","1 007 964,95","74,16",3262,0,18104
Data,Ocup,Opção,Cheg,Oferta/Uso Interno,Deduz. Individ.,Deduz. Grupos,% Ocup.,Receita Quartos,Preço Médio,Saídas,Quartos FdS,Adul. / Cri.,março,Previsão,22-mar-2026 dom,57,13,18,0,0,57,0,"51,85","4 857,53","69,39",23,0,111,1764,104,572,0,0,1520,244,"44,64","182 332,75","97,61",607,0,3415,Total mar,1764,104,572,0,0,1520,244,"44,64","182 332,75","97,61",607,0,3415,Total,9314,4277,3136,0,0,7756,1558,"13,79","1 007 964,95","74,16",3262,0,18104
Data,Ocup,Opção,Cheg,Oferta/Uso Interno,Deduz. Individ.,Deduz. Grupos,% Ocup.,Receita Quartos,Preço Médio,Saídas,Quartos FdS,Adul. / Cri.,março,Previsão,23-mar-2026 seg,62,13,17,0,0,62,0,"55,56","5 346,58","71,29",12,0,120,1764,104,572,0,0,1520,244,"44,64","182 332,75","97,61",607,0,3415,Total mar,1764,104,572,0,0,1520,244,"44,64","182 332,75","97,61",607,0,3415,Total,9314,4277,3136,0,0,7756,1558,"13,79","1 007 964,95","74,16",3262,0,18104
Data,Ocup,Opção,Cheg,Oferta/Uso Interno,Deduz. Individ.,Deduz. Grupos,% Ocup.,Receita Quartos,Preço Médio,Saídas,Quartos FdS,Adul. / Cri.,março,Previsão,24-mar-2026 ter,70,0,25,0,0,69,1,"51,85","6 824,38","97,49",17,0,131,1764,104,572,0,0,1520,244,"44,64","182 332,75","97,61",607,0,3415,Total mar,1764,104,572,0,0,1520,244,"44,64","182 332,75","97,61",607,0,3415,Total,9314,4277,3136,0,0,7756,1558,"13,79","1 007 964,95","74,16",3262,0,18104
Data,Ocup,Opção,Cheg,Oferta/Uso Interno,Deduz. Individ.,Deduz. Grupos,% Ocup.,Receita Quartos,Preço Médio,Saídas,Quartos FdS,Adul. / Cri.,março,Previsão,25-mar-2026 qua,59,0,21,0,0,42,17,"43,70","6 332,58","107,33",32,0,114,1764,104,572,0,0,1520,244,"44,64","182 332,75","97,61",607,0,3415,Total mar,1764,104,572,0,0,1520,244,"44,64","182 332,75","97,61",607,0,3415,Total,9314,4277,3136,0,0,7756,1558,"13,79","1 007 964,95","74,16",3262,0,18104
Data,Ocup,Opção,Cheg,Oferta/Uso Interno,Deduz. Individ.,Deduz. Grupos,% Ocup.,Receita Quartos,Preço Médio,Saídas,Quartos FdS,Adul. / Cri.,março,Previsão,26-mar-2026 qui,49,0,3,0,0,32,17,"36,30","5 411,67","110,44",13,0,97,1764,104,572,0,0,1520,244,"44,64","182 332,75","97,61",607,0,3415,Total mar,1764,104,572,0,0,1520,244,"44,64","182 332,75","97,61",607,0,3415,Total,9314,4277,3136,0,0,7756,1558,"13,79","1 007 964,95","74,16",3262,0,18104
Data,Ocup,Opção,Cheg,Oferta/Uso Interno,Deduz. Individ.,Deduz. Grupos,% Ocup.,Receita Quartos,Preço Médio,Saídas,Quartos FdS,Adul. / Cri.,março,Previsão,27-mar-2026 sex,34,0,8,0,0,17,17,"25,19","4 231,88","124,47",23,0,66,1764,104,572,0,0,1520,244,"44,64","182 332,75","97,61",607,0,3415,Total mar,1764,104,572,0,0,1520,244,"44,64","182 332,75","97,61",607,0,3415,Total,9314,4277,3136,0,0,7756,1558,"13,79","1 007 964,95","74,16",3262,0,18104
Data,Ocup,Opção,Cheg,Oferta/Uso Interno,Deduz. Individ.,Deduz. Grupos,% Ocup.,Receita Quartos,Preço Médio,Saídas,Quartos FdS,Adul. / Cri.,março,Previsão,28-mar-2026 sáb,33,0,22,0,0,33,0,"24,44","3 855,55","116,83",23,0,64,1764,104,572,0,0,1520,244,"44,64","182 332,75","97,61",607,0,3415,Total mar,1764,104,572,0,0,1520,244,"44,64","182 332,75","97,61",607,0,3415,Total,9314,4277,3136,0,0,7756,1558,"13,79","1 007 964,95","74,16",3262,0,18104
Data,Ocup,Opção,Cheg,Oferta/Uso Interno,Deduz. Individ.,Deduz. Grupos,% Ocup.,Receita Quartos,Preço Médio,Saídas,Quartos FdS,Adul. / Cri.,março,Previsão,29-mar-2026 dom,53,0,23,0,0,53,0,"39,26","5 712,47","107,78",3,0,105,1764,104,572,0,0,1520,244,"44,64","182 332,75","97,61",607,0,3415,Total mar,1764,104,572,0,0,1520,244,"44,64","182 332,75","97,61",607,0,3415,Total,9314,4277,3136,0,0,7756,1558,"13,79","1 007 964,95","74,16",3262,0,18104
Data,Ocup,Opção,Cheg,Oferta/Uso Interno,Deduz. Individ.,Deduz. Grupos,% Ocup.,Receita Quartos,Preço Médio,Saídas,Quartos FdS,Adul. / Cri.,março,Previsão,30-mar-2026 seg,51,0,9,0,0,51,0,"37,78","5 322,56","104,36",11,0,105,1764,104,572,0,0,1520,244,"44,64","182 332,75","97,61",607,0,3415,Total mar,1764,104,572,0,0,1520,244,"44,64","182 332,75","97,61",607,0,3415,Total,9314,4277,3136,0,0,7756,1558,"13,79","1 007 964,95","74,16",3262,0,18104
Data,Ocup,Opção,Cheg,Oferta/Uso Interno,Deduz. Individ.,Deduz. Grupos,% Ocup.,Receita Quartos,Preço Médio,Saídas,Quartos FdS,Adul. / Cri.,março,Previsão,31-mar-2026 ter,39,0,10,0,0,39,0,"28,89","4 195,65","107,58",22,0,81,1764,104,572,0,0,1520,244,"44,64","182 332,75","97,61",607,0,3415,Total mar,1764,104,572,0,0,1520,244,"44,64","182 332,75","97,61",607,0,3415,Total,9314,4277,3136,0,0,7756,1558,"13,79","1 007 964,95","74,16",3262,0,18104
Data,Ocup,Opção,Cheg,Oferta/Uso Interno,Deduz. Individ.,Deduz. Grupos,% Ocup.,Receita Quartos,Preço Médio,Saídas,Quartos FdS,Adul. / Cri.,abril,Previsão,01-abr-2026 qua,33,0,7,0,0,33,0,"24,44","5 078,05","153,88",13,0,75,1017,160,331,0,0,781,236,"29,06","147 705,71","125,49",337,0,2074,Total abr,1017,160,331,0,0,781,236,"29,06","147 705,71","125,49",337,0,2074,Total,9314,4277,3136,0,0,7756,1558,"13,79","1 007 964,95","74,16",3262,0,18104
Data,Ocup,Opção,Cheg,Oferta/Uso Interno,Deduz. Individ.,Deduz. Grupos,% Ocup.,Receita Quartos,Preço Médio,Saídas,Quartos FdS,Adul. / Cri.,abril,Previsão,02-abr-2026 qui,24,0,4,0,0,24,0,"17,78","4 285,59","178,57",13,0,59,1017,160,331,0,0,781,236,"29,06","147 705,71","125,49",337,0,2074,Total abr,1017,160,331,0,0,781,236,"29,06","147 705,71","125,49",337,0,2074,Total,9314,4277,3136,0,0,7756,1558,"13,79","1 007 964,95","74,16",3262,0,18104
Data,Ocup,Opção,Cheg,Oferta/Uso Interno,Deduz. Individ.,Deduz. Grupos,% Ocup.,Receita Quartos,Preço Médio,Saídas,Quartos FdS,Adul. / Cri.,abril,Previsão,03-abr-2026 sex,14,0,1,0,0,14,0,"10,37","3 367,22","240,52",11,0,37,1017,160,331,0,0,781,236,"29,06","147 705,71","125,49",337,0,2074,Total abr,1017,160,331,0,0,781,236,"29,06","147 705,71","125,49",337,0,2074,Total,9314,4277,3136,0,0,7756,1558,"13,79","1 007 964,95","74,16",3262,0,18104
Data,Ocup,Opção,Cheg,Oferta/Uso Interno,Deduz. Individ.,Deduz. Grupos,% Ocup.,Receita Quartos,Preço Médio,Saídas,Quartos FdS,Adul. / Cri.,abril,Previsão,04-abr-2026 sáb,11,0,4,0,0,11,0,"8,15","2 677,74","243,43",7,0,32,1017,160,331,0,0,781,236,"29,06","147 705,71","125,49",337,0,2074,Total abr,1017,160,331,0,0,781,236,"29,06","147 705,71","125,49",337,0,2074,Total,9314,4277,3136,0,0,7756,1558,"13,79","1 007 964,95","74,16",3262,0,18104
Data,Ocup,Opção,Cheg,Oferta/Uso Interno,Deduz. Individ.,Deduz. Grupos,% Ocup.,Receita Quartos,Preço Médio,Saídas,Quartos FdS,Adul. / Cri.,abril,Previsão,05-abr-2026 dom,20,0,10,0,0,20,0,"14,81","3 427,34","171,37",1,0,48,1017,160,331,0,0,781,236,"29,06","147 705,71","125,49",337,0,2074,Total abr,1017,160,331,0,0,781,236,"29,06","147 705,71","125,49",337,0,2074,Total,9314,4277,3136,0,0,7756,1558,"13,79","1 007 964,95","74,16",3262,0,18104
Data,Ocup,Opção,Cheg,Oferta/Uso Interno,Deduz. Individ.,Deduz. Grupos,% Ocup.,Receita Quartos,Preço Médio,Saídas,Quartos FdS,Adul. / Cri.,abril,Previsão,06-abr-2026 seg,31,0,15,0,0,31,0,"22,96","3 961,54","127,79",4,0,64,1017,160,331,0,0,781,236,"29,06","147 705,71","125,49",337,0,2074,Total abr,1017,160,331,0,0,781,236,"29,06","147 705,71","125,49",337,0,2074,Total,9314,4277,3136,0,0,7756,1558,"13,79","1 007 964,95","74,16",3262,0,18104
Data,Ocup,Opção,Cheg,Oferta/Uso Interno,Deduz. Individ.,Deduz. Grupos,% Ocup.,Receita Quartos,Preço Médio,Saídas,Quartos FdS,Adul. / Cri.,abril,Previsão,07-abr-2026 ter,35,12,9,0,0,34,1,"34,81","4 574,63","97,33",5,0,72,1017,160,331,0,0,781,236,"29,06","147 705,71","125,49",337,0,2074,Total abr,1017,160,331,0,0,781,236,"29,06","147 705,71","125,49",337,0,2074,Total,9314,4277,3136,0,0,7756,1558,"13,79","1 007 964,95","74,16",3262,0,18104
Data,Ocup,Opção,Cheg,Oferta/Uso Interno,Deduz. Individ.,Deduz. Grupos,% Ocup.,Receita Quartos,Preço Médio,Saídas,Quartos FdS,Adul. / Cri.,abril,Previsão,08-abr-2026 qua,34,12,21,0,0,17,17,"34,07","4 832,00","105,04",22,0,67,1017,160,331,0,0,781,236,"29,06","147 705,71","125,49",337,0,2074,Total abr,1017,160,331,0,0,781,236,"29,06","147 705,71","125,49",337,0,2074,Total,9314,4277,3136,0,0,7756,1558,"13,79","1 007 964,95","74,16",3262,0,18104
Data,Ocup,Opção,Cheg,Oferta/Uso Interno,Deduz. Individ.,Deduz. Grupos,% Ocup.,Receita Quartos,Preço Médio,Saídas,Quartos FdS,Adul. / Cri.,abril,Previsão,09-abr-2026 qui,34,12,5,0,0,17,17,"34,07","4 671,23","101,55",5,0,66,1017,160,331,0,0,781,236,"29,06","147 705,71","125,49",337,0,2074,Total abr,1017,160,331,0,0,781,236,"29,06","147 705,71","125,49",337,0,2074,Total,9314,4277,3136,0,0,7756,1558,"13,79","1 007 964,95","74,16",3262,0,18104
Data,Ocup,Opção,Cheg,Oferta/Uso Interno,Deduz. Individ.,Deduz. Grupos,% Ocup.,Receita Quartos,Preço Médio,Saídas,Quartos FdS,Adul. / Cri.,abril,Previsão,10-abr-2026 sex,47,0,18,0,0,30,17,"34,81","7 516,68","159,93",5,0,96,1017,160,331,0,0,781,236,"29,06","147 705,71","125,49",337,0,2074,Total abr,1017,160,331,0,0,781,236,"29,06","147 705,71","125,49",337,0,2074,Total,9314,4277,3136,0,0,7756,1558,"13,79","1 007 964,95","74,16",3262,0,18104
Data,Ocup,Opção,Cheg,Oferta/Uso Interno,Deduz. Individ.,Deduz. Grupos,% Ocup.,Receita Quartos,Preço Médio,Saídas,Quartos FdS,Adul. / Cri.,abril,Previsão,11-abr-2026 sáb,39,1,15,0,0,36,3,"29,63","5 397,94","134,95",23,0,78,1017,160,331,0,0,781,236,"29,06","147 705,71","125,49",337,0,2074,Total abr,1017,160,331,0,0,781,236,"29,06","147 705,71","125,49",337,0,2074,Total,9314,4277,3136,0,0,7756,1558,"13,79","1 007 964,95","74,16",3262,0,18104
Data,Ocup,Opção,Cheg,Oferta/Uso Interno,Deduz. Individ.,Deduz. Grupos,% Ocup.,Receita Quartos,Preço Médio,Saídas,Quartos FdS,Adul. / Cri.,abril,Previsão,12-abr-2026 dom,33,13,9,0,0,33,0,"34,07","3 885,98","84,48",15,0,63,1017,160,331,0,0,781,236,"29,06","147 705,71","125,49",337,0,2074,Total abr,1017,160,331,0,0,781,236,"29,06","147 705,71","125,49",337,0,2074,Total,9314,4277,3136,0,0,7756,1558,"13,79","1 007 964,95","74,16",3262,0,18104
Data,Ocup,Opção,Cheg,Oferta/Uso Interno,Deduz. Individ.,Deduz. Grupos,% Ocup.,Receita Quartos,Preço Médio,Saídas,Quartos FdS,Adul. / Cri.,abril,Previsão,13-abr-2026 seg,31,13,3,0,0,31,0,"32,59","3 628,78","82,47",5,0,58,1017,160,331,0,0,781,236,"29,06","147 705,71","125,49",337,0,2074,Total abr,1017,160,331,0,0,781,236,"29,06","147 705,71","125,49",337,0,2074,Total,9314,4277,3136,0,0,7756,1558,"13,79","1 007 964,95","74,16",3262,0,18104
Data,Ocup,Opção,Cheg,Oferta/Uso Interno,Deduz. Individ.,Deduz. Grupos,% Ocup.,Receita Quartos,Preço Médio,Saídas,Quartos FdS,Adul. / Cri.,abril,Previsão,14-abr-2026 ter,33,22,15,0,0,32,1,"40,74","4 157,19","75,59",13,0,61,1017,160,331,0,0,781,236,"29,06","147 705,71","125,49",337,0,2074,Total abr,1017,160,331,0,0,781,236,"29,06","147 705,71","125,49",337,0,2074,Total,9314,4277,3136,0,0,7756,1558,"13,79","1 007 964,95","74,16",3262,0,18104
Data,Ocup,Opção,Cheg,Oferta/Uso Interno,Deduz. Individ.,Deduz. Grupos,% Ocup.,Receita Quartos,Preço Médio,Saídas,Quartos FdS,Adul. / Cri.,abril,Previsão,15-abr-2026 qua,36,22,22,0,0,17,19,"42,96","5 367,89","92,55",19,0,71,1017,160,331,0,0,781,236,"29,06","147 705,71","125,49",337,0,2074,Total abr,1017,160,331,0,0,781,236,"29,06","147 705,71","125,49",337,0,2074,Total,9314,4277,3136,0,0,7756,1558,"13,79","1 007 964,95","74,16",3262,0,18104
Data,Ocup,Opção,Cheg,Oferta/Uso Interno,Deduz. Individ.,Deduz. Grupos,% Ocup.,Receita Quartos,Preço Médio,Saídas,Quartos FdS,Adul. / Cri.,abril,Previsão,16-abr-2026 qui,44,23,11,0,0,24,20,"49,63","6 616,37","98,75",3,0,86,1017,160,331,0,0,781,236,"29,06","147 705,71","125,49",337,0,2074,Total abr,1017,160,331,0,0,781,236,"29,06","147 705,71","125,49",337,0,2074,Total,9314,4277,3136,0,0,7756,1558,"13,79","1 007 964,95","74,16",3262,0,18104
Data,Ocup,Opção,Cheg,Oferta/Uso Interno,Deduz. Individ.,Deduz. Grupos,% Ocup.,Receita Quartos,Preço Médio,Saídas,Quartos FdS,Adul. / Cri.,abril,Previsão,17-abr-2026 sex,47,13,11,0,0,30,17,"44,44","6 876,25","114,60",8,0,94,1017,160,331,0,0,781,236,"29,06","147 705,71","125,49",337,0,2074,Total abr,1017,160,331,0,0,781,236,"29,06","147 705,71","125,49",337,0,2074,Total,9314,4277,3136,0,0,7756,1558,"13,79","1 007 964,95","74,16",3262,0,18104
Data,Ocup,Opção,Cheg,Oferta/Uso Interno,Deduz. Individ.,Deduz. Grupos,% Ocup.,Receita Quartos,Preço Médio,Saídas,Quartos FdS,Adul. / Cri.,abril,Previsão,18-abr-2026 sáb,43,13,16,0,0,42,1,"41,48","5 120,19","91,43",20,0,83,1017,160,331,0,0,781,236,"29,06","147 705,71","125,49",337,0,2074,Total abr,1017,160,331,0,0,781,236,"29,06","147 705,71","125,49",337,0,2074,Total,9314,4277,3136,0,0,7756,1558,"13,79","1 007 964,95","74,16",3262,0,18104
Data,Ocup,Opção,Cheg,Oferta/Uso Interno,Deduz. Individ.,Deduz. Grupos,% Ocup.,Receita Quartos,Preço Médio,Saídas,Quartos FdS,Adul. / Cri.,abril,Previsão,19-abr-2026 dom,37,0,8,0,0,37,0,"27,41","4 073,90","110,11",14,0,71,1017,160,331,0,0,781,236,"29,06","147 705,71","125,49",337,0,2074,Total abr,1017,160,331,0,0,781,236,"29,06","147 705,71","125,49",337,0,2074,Total,9314,4277,3136,0,0,7756,1558,"13,79","1 007 964,95","74,16",3262,0,18104
Data,Ocup,Opção,Cheg,Oferta/Uso Interno,Deduz. Individ.,Deduz. Grupos,% Ocup.,Receita Quartos,Preço Médio,Saídas,Quartos FdS,Adul. / Cri.,abril,Previsão,20-abr-2026 seg,34,0,8,0,0,34,0,"25,19","3 943,44","115,98",11,0,69,1017,160,331,0,0,781,236,"29,06","147 705,71","125,49",337,0,2074,Total abr,1017,160,331,0,0,781,236,"29,06","147 705,71","125,49",337,0,2074,Total,9314,4277,3136,0,0,7756,1558,"13,79","1 007 964,95","74,16",3262,0,18104
Data,Ocup,Opção,Cheg,Oferta/Uso Interno,Deduz. Individ.,Deduz. Grupos,% Ocup.,Receita Quartos,Preço Médio,Saídas,Quartos FdS,Adul. / Cri.,abril,Previsão,21-abr-2026 ter,28,0,8,0,0,27,1,"20,74","3 622,60","129,38",14,0,58,1017,160,331,0,0,781,236,"29,06","147 705,71","125,49",337,0,2074,Total abr,1017,160,331,0,0,781,236,"29,06","147 705,71","125,49",337,0,2074,Total,9314,4277,3136,0,0,7756,1558,"13,79","1 007 964,95","74,16",3262,0,18104
Data,Ocup,Opção,Cheg,Oferta/Uso Interno,Deduz. Individ.,Deduz. Grupos,% Ocup.,Receita Quartos,Preço Médio,Saídas,Quartos FdS,Adul. / Cri.,abril,Previsão,22-abr-2026 qua,47,0,33,0,0,18,29,"34,81","8 365,12","177,98",14,0,94,1017,160,331,0,0,781,236,"29,06","147 705,71","125,49",337,0,2074,Total abr,1017,160,331,0,0,781,236,"29,06","147 705,71","125,49",337,0,2074,Total,9314,4277,3136,0,0,7756,1558,"13,79","1 007 964,95","74,16",3262,0,18104
Data,Ocup,Opção,Cheg,Oferta/Uso Interno,Deduz. Individ.,Deduz. Grupos,% Ocup.,Receita Quartos,Preço Médio,Saídas,Quartos FdS,Adul. / Cri.,abril,Previsão,23-abr-2026 qui,46,0,7,0,0,17,29,"34,07","8 098,35","176,05",8,0,92,1017,160,331,0,0,781,236,"29,06","147 705,71","125,49",337,0,2074,Total abr,1017,160,331,0,0,781,236,"29,06","147 705,71","125,49",337,0,2074,Total,9314,4277,3136,0,0,7756,1558,"13,79","1 007 964,95","74,16",3262,0,18104
Data,Ocup,Opção,Cheg,Oferta/Uso Interno,Deduz. Individ.,Deduz. Grupos,% Ocup.,Receita Quartos,Preço Médio,Saídas,Quartos FdS,Adul. / Cri.,abril,Previsão,24-abr-2026 sex,49,0,7,0,0,20,29,"36,30","9 063,81","184,98",4,0,99,1017,160,331,0,0,781,236,"29,06","147 705,71","125,49",337,0,2074,Total abr,1017,160,331,0,0,781,236,"29,06","147 705,71","125,49",337,0,2074,Total,9314,4277,3136,0,0,7756,1558,"13,79","1 007 964,95","74,16",3262,0,18104
Data,Ocup,Opção,Cheg,Oferta/Uso Interno,Deduz. Individ.,Deduz. Grupos,% Ocup.,Receita Quartos,Preço Médio,Saídas,Quartos FdS,Adul. / Cri.,abril,Previsão,25-abr-2026 sáb,25,0,10,0,0,25,0,"18,52","3 442,63","137,71",34,0,53,1017,160,331,0,0,781,236,"29,06","147 705,71","125,49",337,0,2074,Total abr,1017,160,331,0,0,781,236,"29,06","147 705,71","125,49",337,0,2074,Total,9314,4277,3136,0,0,7756,1558,"13,79","1 007 964,95","74,16",3262,0,18104
Data,Ocup,Opção,Cheg,Oferta/Uso Interno,Deduz. Individ.,Deduz. Grupos,% Ocup.,Receita Quartos,Preço Médio,Saídas,Quartos FdS,Adul. / Cri.,abril,Previsão,26-abr-2026 dom,26,0,9,0,0,26,0,"19,26","3 284,98","126,35",8,0,56,1017,160,331,0,0,781,236,"29,06","147 705,71","125,49",337,0,2074,Total abr,1017,160,331,0,0,781,236,"29,06","147 705,71","125,49",337,0,2074,Total,9314,4277,3136,0,0,7756,1558,"13,79","1 007 964,95","74,16",3262,0,18104
Data,Ocup,Opção,Cheg,Oferta/Uso Interno,Deduz. Individ.,Deduz. Grupos,% Ocup.,Receita Quartos,Preço Médio,Saídas,Quartos FdS,Adul. / Cri.,abril,Previsão,27-abr-2026 seg,31,0,10,0,0,31,0,"22,96","3 735,55","120,50",5,0,63,1017,160,331,0,0,781,236,"29,06","147 705,71","125,49",337,0,2074,Total abr,1017,160,331,0,0,781,236,"29,06","147 705,71","125,49",337,0,2074,Total,9314,4277,3136,0,0,7756,1558,"13,79","1 007 964,95","74,16",3262,0,18104
Data,Ocup,Opção,Cheg,Oferta/Uso Interno,Deduz. Individ.,Deduz. Grupos,% Ocup.,Receita Quartos,Preço Médio,Saídas,Quartos FdS,Adul. / Cri.,abril,Previsão,28-abr-2026 ter,33,0,12,0,0,32,1,"24,44","4 116,74","124,75",10,0,66,1017,160,331,0,0,781,236,"29,06","147 705,71","125,49",337,0,2074,Total abr,1017,160,331,0,0,781,236,"29,06","147 705,71","125,49",337,0,2074,Total,9314,4277,3136,0,0,7756,1558,"13,79","1 007 964,95","74,16",3262,0,18104
Data,Ocup,Opção,Cheg,Oferta/Uso Interno,Deduz. Individ.,Deduz. Grupos,% Ocup.,Receita Quartos,Preço Médio,Saídas,Quartos FdS,Adul. / Cri.,abril,Previsão,29-abr-2026 qua,39,0,21,0,0,22,17,"28,89","5 789,18","148,44",15,0,78,1017,160,331,0,0,781,236,"29,06","147 705,71","125,49",337,0,2074,Total abr,1017,160,331,0,0,781,236,"29,06","147 705,71","125,49",337,0,2074,Total,9314,4277,3136,0,0,7756,1558,"13,79","1 007 964,95","74,16",3262,0,18104
Data,Ocup,Opção,Cheg,Oferta/Uso Interno,Deduz. Individ.,Deduz. Grupos,% Ocup.,Receita Quartos,Preço Médio,Saídas,Quartos FdS,Adul. / Cri.,abril,Previsão,30-abr-2026 qui,33,4,2,0,0,16,17,"27,41","4 726,83","127,75",8,0,65,1017,160,331,0,0,781,236,"29,06","147 705,71","125,49",337,0,2074,Total abr,1017,160,331,0,0,781,236,"29,06","147 705,71","125,49",337,0,2074,Total,9314,4277,3136,0,0,7756,1558,"13,79","1 007 964,95","74,16",3262,0,18104
Data,Ocup,Opção,Cheg,Oferta/Uso Interno,Deduz. Individ.,Deduz. Grupos,% Ocup.,Receita Quartos,Preço Médio,Saídas,Quartos FdS,Adul. / Cri.,maio,Previsão,01-mai-2026 sex,27,13,4,0,0,10,17,"29,63","4 176,74","104,42",10,0,52,726,648,253,0,0,491,235,"32,83","115 252,98","83,88",276,0,1364,Total mai,726,648,253,0,0,491,235,"32,83","115 252,98","83,88",276,0,1364,Total,9314,4277,3136,0,0,7756,1558,"13,79","1 007 964,95","74,16",3262,0,18104
Data,Ocup,Opção,Cheg,Oferta/Uso Interno,Deduz. Individ.,Deduz. Grupos,% Ocup.,Receita Quartos,Preço Médio,Saídas,Quartos FdS,Adul. / Cri.,maio,Previsão,02-mai-2026 sáb,14,13,8,0,0,14,0,"20,00","2 500,87","92,62",21,0,25,726,648,253,0,0,491,235,"32,83","115 252,98","83,88",276,0,1364,Total mai,726,648,253,0,0,491,235,"32,83","115 252,98","83,88",276,0,1364,Total,9314,4277,3136,0,0,7756,1558,"13,79","1 007 964,95","74,16",3262,0,18104
Data,Ocup,Opção,Cheg,Oferta/Uso Interno,Deduz. Individ.,Deduz. Grupos,% Ocup.,Receita Quartos,Preço Médio,Saídas,Quartos FdS,Adul. / Cri.,maio,Previsão,03-mai-2026 dom,14,47,5,0,0,14,0,"45,19","2 023,40","33,17",5,0,27,726,648,253,0,0,491,235,"32,83","115 252,98","83,88",276,0,1364,Total mai,726,648,253,0,0,491,235,"32,83","115 252,98","83,88",276,0,1364,Total,9314,4277,3136,0,0,7756,1558,"13,79","1 007 964,95","74,16",3262,0,18104
Data,Ocup,Opção,Cheg,Oferta/Uso Interno,Deduz. Individ.,Deduz. Grupos,% Ocup.,Receita Quartos,Preço Médio,Saídas,Quartos FdS,Adul. / Cri.,maio,Previsão,04-mai-2026 seg,17,47,6,0,0,17,0,"47,41","2 658,23","41,53",3,0,33,726,648,253,0,0,491,235,"32,83","115 252,98","83,88",276,0,1364,Total mai,726,648,253,0,0,491,235,"32,83","115 252,98","83,88",276,0,1364,Total,9314,4277,3136,0,0,7756,1558,"13,79","1 007 964,95","74,16",3262,0,18104
Data,Ocup,Opção,Cheg,Oferta/Uso Interno,Deduz. Individ.,Deduz. Grupos,% Ocup.,Receita Quartos,Preço Médio,Saídas,Quartos FdS,Adul. / Cri.,maio,Previsão,05-mai-2026 ter,21,47,7,0,0,19,2,"50,37","3 279,09","48,22",3,0,41,726,648,253,0,0,491,235,"32,83","115 252,98","83,88",276,0,1364,Total mai,726,648,253,0,0,491,235,"32,83","115 252,98","83,88",276,0,1364,Total,9314,4277,3136,0,0,7756,1558,"13,79","1 007 964,95","74,16",3262,0,18104
Data,Ocup,Opção,Cheg,Oferta/Uso Interno,Deduz. Individ.,Deduz. Grupos,% Ocup.,Receita Quartos,Preço Médio,Saídas,Quartos FdS,Adul. / Cri.,maio,Previsão,06-mai-2026 qua,32,0,21,0,0,13,19,"23,70","4 593,62","143,55",10,0,63,726,648,253,0,0,491,235,"32,83","115 252,98","83,88",276,0,1364,Total mai,726,648,253,0,0,491,235,"32,83","115 252,98","83,88",276,0,1364,Total,9314,4277,3136,0,0,7756,1558,"13,79","1 007 964,95","74,16",3262,0,18104
Data,Ocup,Opção,Cheg,Oferta/Uso Interno,Deduz. Individ.,Deduz. Grupos,% Ocup.,Receita Quartos,Preço Médio,Saídas,Quartos FdS,Adul. / Cri.,maio,Previsão,07-mai-2026 qui,50,1,26,0,0,30,20,"37,78","7 386,24","144,83",8,0,90,726,648,253,0,0,491,235,"32,83","115 252,98","83,88",276,0,1364,Total mai,726,648,253,0,0,491,235,"32,83","115 252,98","83,88",276,0,1364,Total,9314,4277,3136,0,0,7756,1558,"13,79","1 007 964,95","74,16",3262,0,18104
Data,Ocup,Opção,Cheg,Oferta/Uso Interno,Deduz. Individ.,Deduz. Grupos,% Ocup.,Receita Quartos,Preço Médio,Saídas,Quartos FdS,Adul. / Cri.,maio,Previsão,08-mai-2026 sex,51,13,6,0,0,34,17,"47,41","7 922,18","123,78",5,0,93,726,648,253,0,0,491,235,"32,83","115 252,98","83,88",276,0,1364,Total mai,726,648,253,0,0,491,235,"32,83","115 252,98","83,88",276,0,1364,Total,9314,4277,3136,0,0,7756,1558,"13,79","1 007 964,95","74,16",3262,0,18104
Data,Ocup,Opção,Cheg,Oferta/Uso Interno,Deduz. Individ.,Deduz. Grupos,% Ocup.,Receita Quartos,Preço Médio,Saídas,Quartos FdS,Adul. / Cri.,maio,Previsão,09-mai-2026 sáb,37,35,6,0,0,37,0,"53,33","6 200,61","86,12",20,0,65,726,648,253,0,0,491,235,"32,83","115 252,98","83,88",276,0,1364,Total mai,726,648,253,0,0,491,235,"32,83","115 252,98","83,88",276,0,1364,Total,9314,4277,3136,0,0,7756,1558,"13,79","1 007 964,95","74,16",3262,0,18104
Data,Ocup,Opção,Cheg,Oferta/Uso Interno,Deduz. Individ.,Deduz. Grupos,% Ocup.,Receita Quartos,Preço Médio,Saídas,Quartos FdS,Adul. / Cri.,maio,Previsão,10-mai-2026 dom,10,22,1,0,0,10,0,"23,70","1 508,17","47,13",28,0,20,726,648,253,0,0,491,235,"32,83","115 252,98","83,88",276,0,1364,Total mai,726,648,253,0,0,491,235,"32,83","115 252,98","83,88",276,0,1364,Total,9314,4277,3136,0,0,7756,1558,"13,79","1 007 964,95","74,16",3262,0,18104
Data,Ocup,Opção,Cheg,Oferta/Uso Interno,Deduz. Individ.,Deduz. Grupos,% Ocup.,Receita Quartos,Preço Médio,Saídas,Quartos FdS,Adul. / Cri.,maio,Previsão,11-mai-2026 seg,12,22,5,0,0,12,0,"25,19","1 751,27","51,51",3,0,22,726,648,253,0,0,491,235,"32,83","115 252,98","83,88",276,0,1364,Total mai,726,648,253,0,0,491,235,"32,83","115 252,98","83,88",276,0,1364,Total,9314,4277,3136,0,0,7756,1558,"13,79","1 007 964,95","74,16",3262,0,18104
Data,Ocup,Opção,Cheg,Oferta/Uso Interno,Deduz. Individ.,Deduz. Grupos,% Ocup.,Receita Quartos,Preço Médio,Saídas,Quartos FdS,Adul. / Cri.,maio,Previsão,12-mai-2026 ter,19,22,10,0,0,18,1,"30,37","2 897,88","70,68",3,0,35,726,648,253,0,0,491,235,"32,83","115 252,98","83,88",276,0,1364,Total mai,726,648,253,0,0,491,235,"32,83","115 252,98","83,88",276,0,1364,Total,9314,4277,3136,0,0,7756,1558,"13,79","1 007 964,95","74,16",3262,0,18104
Data,Ocup,Opção,Cheg,Oferta/Uso Interno,Deduz. Individ.,Deduz. Grupos,% Ocup.,Receita Quartos,Preço Médio,Saídas,Quartos FdS,Adul. / Cri.,maio,Previsão,13-mai-2026 qua,28,22,18,0,0,11,17,"37,04","4 138,45","82,77",9,0,53,726,648,253,0,0,491,235,"32,83","115 252,98","83,88",276,0,1364,Total mai,726,648,253,0,0,491,235,"32,83","115 252,98","83,88",276,0,1364,Total,9314,4277,3136,0,0,7756,1558,"13,79","1 007 964,95","74,16",3262,0,18104
Data,Ocup,Opção,Cheg,Oferta/Uso Interno,Deduz. Individ.,Deduz. Grupos,% Ocup.,Receita Quartos,Preço Médio,Saídas,Quartos FdS,Adul. / Cri.,maio,Previsão,14-mai-2026 qui,32,48,6,0,0,15,17,"59,26","4 788,15","59,85",2,0,63,726,648,253,0,0,491,235,"32,83","115 252,98","83,88",276,0,1364,Total mai,726,648,253,0,0,491,235,"32,83","115 252,98","83,88",276,0,1364,Total,9314,4277,3136,0,0,7756,1558,"13,79","1 007 964,95","74,16",3262,0,18104
Data,Ocup,Opção,Cheg,Oferta/Uso Interno,Deduz. Individ.,Deduz. Grupos,% Ocup.,Receita Quartos,Preço Médio,Saídas,Quartos FdS,Adul. / Cri.,maio,Previsão,15-mai-2026 sex,32,35,3,0,0,15,17,"49,63","5 085,13","75,90",3,0,63,726,648,253,0,0,491,235,"32,83","115 252,98","83,88",276,0,1364,Total mai,726,648,253,0,0,491,235,"32,83","115 252,98","83,88",276,0,1364,Total,9314,4277,3136,0,0,7756,1558,"13,79","1 007 964,95","74,16",3262,0,18104
Data,Ocup,Opção,Cheg,Oferta/Uso Interno,Deduz. Individ.,Deduz. Grupos,% Ocup.,Receita Quartos,Preço Médio,Saídas,Quartos FdS,Adul. / Cri.,maio,Previsão,16-mai-2026 sáb,15,37,3,0,0,14,1,"38,52","2 432,18","46,77",20,0,30,726,648,253,0,0,491,235,"32,83","115 252,98","83,88",276,0,1364,Total mai,726,648,253,0,0,491,235,"32,83","115 252,98","83,88",276,0,1364,Total,9314,4277,3136,0,0,7756,1558,"13,79","1 007 964,95","74,16",3262,0,18104
Data,Ocup,Opção,Cheg,Oferta/Uso Interno,Deduz. Individ.,Deduz. Grupos,% Ocup.,Receita Quartos,Preço Médio,Saídas,Quartos FdS,Adul. / Cri.,maio,Previsão,17-mai-2026 dom,11,13,8,0,0,11,0,"17,78","1 466,66","61,11",12,0,21,726,648,253,0,0,491,235,"32,83","115 252,98","83,88",276,0,1364,Total mai,726,648,253,0,0,491,235,"32,83","115 252,98","83,88",276,0,1364,Total,9314,4277,3136,0,0,7756,1558,"13,79","1 007 964,95","74,16",3262,0,18104
Data,Ocup,Opção,Cheg,Oferta/Uso Interno,Deduz. Individ.,Deduz. Grupos,% Ocup.,Receita Quartos,Preço Médio,Saídas,Quartos FdS,Adul. / Cri.,maio,Previsão,18-mai-2026 seg,17,13,7,0,0,17,0,"22,22","2 510,26","83,68",1,0,32,726,648,253,0,0,491,235,"32,83","115 252,98","83,88",276,0,1364,Total mai,726,648,253,0,0,491,235,"32,83","115 252,98","83,88",276,0,1364,Total,9314,4277,3136,0,0,7756,1558,"13,79","1 007 964,95","74,16",3262,0,18104
Data,Ocup,Opção,Cheg,Oferta/Uso Interno,Deduz. Individ.,Deduz. Grupos,% Ocup.,Receita Quartos,Preço Médio,Saídas,Quartos FdS,Adul. / Cri.,maio,Previsão,19-mai-2026 ter,22,0,10,0,0,21,1,"16,30","3 661,93","166,45",5,0,42,726,648,253,0,0,491,235,"32,83","115 252,98","83,88",276,0,1364,Total mai,726,648,253,0,0,491,235,"32,83","115 252,98","83,88",276,0,1364,Total,9314,4277,3136,0,0,7756,1558,"13,79","1 007 964,95","74,16",3262,0,18104
Data,Ocup,Opção,Cheg,Oferta/Uso Interno,Deduz. Individ.,Deduz. Grupos,% Ocup.,Receita Quartos,Preço Médio,Saídas,Quartos FdS,Adul. / Cri.,maio,Previsão,20-mai-2026 qua,30,0,21,0,0,13,17,"22,22","4 861,05","162,03",13,0,58,726,648,253,0,0,491,235,"32,83","115 252,98","83,88",276,0,1364,Total mai,726,648,253,0,0,491,235,"32,83","115 252,98","83,88",276,0,1364,Total,9314,4277,3136,0,0,7756,1558,"13,79","1 007 964,95","74,16",3262,0,18104
Data,Ocup,Opção,Cheg,Oferta/Uso Interno,Deduz. Individ.,Deduz. Grupos,% Ocup.,Receita Quartos,Preço Médio,Saídas,Quartos FdS,Adul. / Cri.,maio,Previsão,21-mai-2026 qui,35,4,6,0,0,18,17,"28,89","5 638,41","144,57",1,0,63,726,648,253,0,0,491,235,"32,83","115 252,98","83,88",276,0,1364,Total mai,726,648,253,0,0,491,235,"32,83","115 252,98","83,88",276,0,1364,Total,9314,4277,3136,0,0,7756,1558,"13,79","1 007 964,95","74,16",3262,0,18104
Data,Ocup,Opção,Cheg,Oferta/Uso Interno,Deduz. Individ.,Deduz. Grupos,% Ocup.,Receita Quartos,Preço Médio,Saídas,Quartos FdS,Adul. / Cri.,maio,Previsão,22-mai-2026 sex,33,13,5,0,0,15,18,"34,07","5 690,92","123,72",7,0,62,726,648,253,0,0,491,235,"32,83","115 252,98","83,88",276,0,1364,Total mai,726,648,253,0,0,491,235,"32,83","115 252,98","83,88",276,0,1364,Total,9314,4277,3136,0,0,7756,1558,"13,79","1 007 964,95","74,16",3262,0,18104
Data,Ocup,Opção,Cheg,Oferta/Uso Interno,Deduz. Individ.,Deduz. Grupos,% Ocup.,Receita Quartos,Preço Médio,Saídas,Quartos FdS,Adul. / Cri.,maio,Previsão,23-mai-2026 sáb,15,15,3,0,0,13,2,"22,22","2 718,46","90,62",21,0,27,726,648,253,0,0,491,235,"32,83","115 252,98","83,88",276,0,1364,Total mai,726,648,253,0,0,491,235,"32,83","115 252,98","83,88",276,0,1364,Total,9314,4277,3136,0,0,7756,1558,"13,79","1 007 964,95","74,16",3262,0,18104
Data,Ocup,Opção,Cheg,Oferta/Uso Interno,Deduz. Individ.,Deduz. Grupos,% Ocup.,Receita Quartos,Preço Médio,Saídas,Quartos FdS,Adul. / Cri.,maio,Previsão,24-mai-2026 dom,12,13,7,0,0,12,0,"18,52","2 004,83","80,19",10,0,22,726,648,253,0,0,491,235,"32,83","115 252,98","83,88",276,0,1364,Total mai,726,648,253,0,0,491,235,"32,83","115 252,98","83,88",276,0,1364,Total,9314,4277,3136,0,0,7756,1558,"13,79","1 007 964,95","74,16",3262,0,18104
Data,Ocup,Opção,Cheg,Oferta/Uso Interno,Deduz. Individ.,Deduz. Grupos,% Ocup.,Receita Quartos,Preço Médio,Saídas,Quartos FdS,Adul. / Cri.,maio,Previsão,25-mai-2026 seg,17,13,7,0,0,17,0,"22,22","3 068,79","102,29",2,0,31,726,648,253,0,0,491,235,"32,83","115 252,98","83,88",276,0,1364,Total mai,726,648,253,0,0,491,235,"32,83","115 252,98","83,88",276,0,1364,Total,9314,4277,3136,0,0,7756,1558,"13,79","1 007 964,95","74,16",3262,0,18104
Data,Ocup,Opção,Cheg,Oferta/Uso Interno,Deduz. Individ.,Deduz. Grupos,% Ocup.,Receita Quartos,Preço Médio,Saídas,Quartos FdS,Adul. / Cri.,maio,Previsão,26-mai-2026 ter,22,22,10,0,0,21,1,"32,59","4 030,03","91,59",5,0,39,726,648,253,0,0,491,235,"32,83","115 252,98","83,88",276,0,1364,Total mai,726,648,253,0,0,491,235,"32,83","115 252,98","83,88",276,0,1364,Total,9314,4277,3136,0,0,7756,1558,"13,79","1 007 964,95","74,16",3262,0,18104
Data,Ocup,Opção,Cheg,Oferta/Uso Interno,Deduz. Individ.,Deduz. Grupos,% Ocup.,Receita Quartos,Preço Médio,Saídas,Quartos FdS,Adul. / Cri.,maio,Previsão,27-mai-2026 qua,29,22,18,0,0,12,17,"37,78","4 831,85","94,74",11,0,56,726,648,253,0,0,491,235,"32,83","115 252,98","83,88",276,0,1364,Total mai,726,648,253,0,0,491,235,"32,83","115 252,98","83,88",276,0,1364,Total,9314,4277,3136,0,0,7756,1558,"13,79","1 007 964,95","74,16",3262,0,18104
Data,Ocup,Opção,Cheg,Oferta/Uso Interno,Deduz. Individ.,Deduz. Grupos,% Ocup.,Receita Quartos,Preço Médio,Saídas,Quartos FdS,Adul. / Cri.,maio,Previsão,28-mai-2026 qui,24,26,3,0,0,7,17,"37,04","3 745,59","74,91",8,0,46,726,648,253,0,0,491,235,"32,83","115 252,98","83,88",276,0,1364,Total mai,726,648,253,0,0,491,235,"32,83","115 252,98","83,88",276,0,1364,Total,9314,4277,3136,0,0,7756,1558,"13,79","1 007 964,95","74,16",3262,0,18104
Data,Ocup,Opção,Cheg,Oferta/Uso Interno,Deduz. Individ.,Deduz. Grupos,% Ocup.,Receita Quartos,Preço Médio,Saídas,Quartos FdS,Adul. / Cri.,maio,Previsão,29-mai-2026 sex,29,13,5,0,0,12,17,"31,11","4 640,23","110,48",0,0,54,726,648,253,0,0,491,235,"32,83","115 252,98","83,88",276,0,1364,Total mai,726,648,253,0,0,491,235,"32,83","115 252,98","83,88",276,0,1364,Total,9314,4277,3136,0,0,7756,1558,"13,79","1 007 964,95","74,16",3262,0,18104
Data,Ocup,Opção,Cheg,Oferta/Uso Interno,Deduz. Individ.,Deduz. Grupos,% Ocup.,Receita Quartos,Preço Médio,Saídas,Quartos FdS,Adul. / Cri.,maio,Previsão,30-mai-2026 sáb,9,35,1,0,0,9,0,"32,59","1 460,88","33,20",21,0,16,726,648,253,0,0,491,235,"32,83","115 252,98","83,88",276,0,1364,Total mai,726,648,253,0,0,491,235,"32,83","115 252,98","83,88",276,0,1364,Total,9314,4277,3136,0,0,7756,1558,"13,79","1 007 964,95","74,16",3262,0,18104
Data,Ocup,Opção,Cheg,Oferta/Uso Interno,Deduz. Individ.,Deduz. Grupos,% Ocup.,Receita Quartos,Preço Médio,Saídas,Quartos FdS,Adul. / Cri.,maio,Previsão,31-mai-2026 dom,10,22,7,0,0,10,0,"23,70","1 580,89","49,40",6,0,20,726,648,253,0,0,491,235,"32,83","115 252,98","83,88",276,0,1364,Total mai,726,648,253,0,0,491,235,"32,83","115 252,98","83,88",276,0,1364,Total,9314,4277,3136,0,0,7756,1558,"13,79","1 007 964,95","74,16",3262,0,18104
Data,Ocup,Opção,Cheg,Oferta/Uso Interno,Deduz. Individ.,Deduz. Grupos,% Ocup.,Receita Quartos,Preço Médio,Saídas,Quartos FdS,Adul. / Cri.,junho,Previsão,01-jun-2026 seg,15,22,6,0,0,15,0,"27,41","2 383,28","64,41",1,0,30,444,725,163,0,0,196,248,"28,86","67 567,24","57,80",168,0,852,Total jun,444,725,163,0,0,196,248,"28,86","67 567,24","57,80",168,0,852,Total,9314,4277,3136,0,0,7756,1558,"13,79","1 007 964,95","74,16",3262,0,18104
Data,Ocup,Opção,Cheg,Oferta/Uso Interno,Deduz. Individ.,Deduz. Grupos,% Ocup.,Receita Quartos,Preço Médio,Saídas,Quartos FdS,Adul. / Cri.,junho,Previsão,02-jun-2026 ter,19,0,7,0,0,18,1,"14,07","2 642,08","139,06",3,0,37,444,725,163,0,0,196,248,"28,86","67 567,24","57,80",168,0,852,Total jun,444,725,163,0,0,196,248,"28,86","67 567,24","57,80",168,0,852,Total,9314,4277,3136,0,0,7756,1558,"13,79","1 007 964,95","74,16",3262,0,18104
Data,Ocup,Opção,Cheg,Oferta/Uso Interno,Deduz. Individ.,Deduz. Grupos,% Ocup.,Receita Quartos,Preço Médio,Saídas,Quartos FdS,Adul. / Cri.,junho,Previsão,03-jun-2026 qua,33,0,25,0,0,14,19,"24,44","4 802,32","145,52",11,0,64,444,725,163,0,0,196,248,"28,86","67 567,24","57,80",168,0,852,Total jun,444,725,163,0,0,196,248,"28,86","67 567,24","57,80",168,0,852,Total,9314,4277,3136,0,0,7756,1558,"13,79","1 007 964,95","74,16",3262,0,18104
Data,Ocup,Opção,Cheg,Oferta/Uso Interno,Deduz. Individ.,Deduz. Grupos,% Ocup.,Receita Quartos,Preço Médio,Saídas,Quartos FdS,Adul. / Cri.,junho,Previsão,04-jun-2026 qui,28,24,1,0,0,9,19,"38,52","4 082,18","78,50",6,0,54,444,725,163,0,0,196,248,"28,86","67 567,24","57,80",168,0,852,Total jun,444,725,163,0,0,196,248,"28,86","67 567,24","57,80",168,0,852,Total,9314,4277,3136,0,0,7756,1558,"13,79","1 007 964,95","74,16",3262,0,18104
Data,Ocup,Opção,Cheg,Oferta/Uso Interno,Deduz. Individ.,Deduz. Grupos,% Ocup.,Receita Quartos,Preço Médio,Saídas,Quartos FdS,Adul. / Cri.,junho,Previsão,05-jun-2026 sex,26,35,2,0,0,9,17,"45,19","3 927,50","64,39",4,0,50,444,725,163,0,0,196,248,"28,86","67 567,24","57,80",168,0,852,Total jun,444,725,163,0,0,196,248,"28,86","67 567,24","57,80",168,0,852,Total,9314,4277,3136,0,0,7756,1558,"13,79","1 007 964,95","74,16",3262,0,18104
Data,Ocup,Opção,Cheg,Oferta/Uso Interno,Deduz. Individ.,Deduz. Grupos,% Ocup.,Receita Quartos,Preço Médio,Saídas,Quartos FdS,Adul. / Cri.,junho,Previsão,06-jun-2026 sáb,25,48,20,0,0,8,17,"54,07","4 988,84","68,34",21,0,46,444,725,163,0,0,196,248,"28,86","67 567,24","57,80",168,0,852,Total jun,444,725,163,0,0,196,248,"28,86","67 567,24","57,80",168,0,852,Total,9314,4277,3136,0,0,7756,1558,"13,79","1 007 964,95","74,16",3262,0,18104
Data,Ocup,Opção,Cheg,Oferta/Uso Interno,Deduz. Individ.,Deduz. Grupos,% Ocup.,Receita Quartos,Preço Médio,Saídas,Quartos FdS,Adul. / Cri.,junho,Previsão,07-jun-2026 dom,30,13,6,0,0,13,17,"31,85","5 864,43","136,38",1,0,58,444,725,163,0,0,196,248,"28,86","67 567,24","57,80",168,0,852,Total jun,444,725,163,0,0,196,248,"28,86","67 567,24","57,80",168,0,852,Total,9314,4277,3136,0,0,7756,1558,"13,79","1 007 964,95","74,16",3262,0,18104
Data,Ocup,Opção,Cheg,Oferta/Uso Interno,Deduz. Individ.,Deduz. Grupos,% Ocup.,Receita Quartos,Preço Médio,Saídas,Quartos FdS,Adul. / Cri.,junho,Previsão,08-jun-2026 seg,14,15,5,0,0,14,0,"21,48","2 051,79","70,75",21,0,28,444,725,163,0,0,196,248,"28,86","67 567,24","57,80",168,0,852,Total jun,444,725,163,0,0,196,248,"28,86","67 567,24","57,80",168,0,852,Total,9314,4277,3136,0,0,7756,1558,"13,79","1 007 964,95","74,16",3262,0,18104
Data,Ocup,Opção,Cheg,Oferta/Uso Interno,Deduz. Individ.,Deduz. Grupos,% Ocup.,Receita Quartos,Preço Médio,Saídas,Quartos FdS,Adul. / Cri.,junho,Previsão,09-jun-2026 ter,12,33,4,0,0,11,1,"33,33","1 713,40","38,08",6,0,21,444,725,163,0,0,196,248,"28,86","67 567,24","57,80",168,0,852,Total jun,444,725,163,0,0,196,248,"28,86","67 567,24","57,80",168,0,852,Total,9314,4277,3136,0,0,7756,1558,"13,79","1 007 964,95","74,16",3262,0,18104
Data,Ocup,Opção,Cheg,Oferta/Uso Interno,Deduz. Individ.,Deduz. Grupos,% Ocup.,Receita Quartos,Preço Médio,Saídas,Quartos FdS,Adul. / Cri.,junho,Previsão,10-jun-2026 qua,23,0,17,0,0,6,17,"17,04","3 364,48","146,28",6,0,45,444,725,163,0,0,196,248,"28,86","67 567,24","57,80",168,0,852,Total jun,444,725,163,0,0,196,248,"28,86","67 567,24","57,80",168,0,852,Total,9314,4277,3136,0,0,7756,1558,"13,79","1 007 964,95","74,16",3262,0,18104
Data,Ocup,Opção,Cheg,Oferta/Uso Interno,Deduz. Individ.,Deduz. Grupos,% Ocup.,Receita Quartos,Preço Médio,Saídas,Quartos FdS,Adul. / Cri.,junho,Previsão,11-jun-2026 qui,19,26,0,0,0,2,17,"33,33","2 807,07","62,38",4,0,37,444,725,163,0,0,196,248,"28,86","67 567,24","57,80",168,0,852,Total jun,444,725,163,0,0,196,248,"28,86","67 567,24","57,80",168,0,852,Total,9314,4277,3136,0,0,7756,1558,"13,79","1 007 964,95","74,16",3262,0,18104
Data,Ocup,Opção,Cheg,Oferta/Uso Interno,Deduz. Individ.,Deduz. Grupos,% Ocup.,Receita Quartos,Preço Médio,Saídas,Quartos FdS,Adul. / Cri.,junho,Previsão,12-jun-2026 sex,23,22,4,0,0,6,17,"33,33","3 466,32","77,03",0,0,44,444,725,163,0,0,196,248,"28,86","67 567,24","57,80",168,0,852,Total jun,444,725,163,0,0,196,248,"28,86","67 567,24","57,80",168,0,852,Total,9314,4277,3136,0,0,7756,1558,"13,79","1 007 964,95","74,16",3262,0,18104
Data,Ocup,Opção,Cheg,Oferta/Uso Interno,Deduz. Individ.,Deduz. Grupos,% Ocup.,Receita Quartos,Preço Médio,Saídas,Quartos FdS,Adul. / Cri.,junho,Previsão,13-jun-2026 sáb,5,22,1,0,0,5,0,"20,00","754,10","27,93",19,0,9,444,725,163,0,0,196,248,"28,86","67 567,24","57,80",168,0,852,Total jun,444,725,163,0,0,196,248,"28,86","67 567,24","57,80",168,0,852,Total,9314,4277,3136,0,0,7756,1558,"13,79","1 007 964,95","74,16",3262,0,18104
Data,Ocup,Opção,Cheg,Oferta/Uso Interno,Deduz. Individ.,Deduz. Grupos,% Ocup.,Receita Quartos,Preço Médio,Saídas,Quartos FdS,Adul. / Cri.,junho,Previsão,14-jun-2026 dom,4,22,2,0,0,4,0,"19,26","550,90","21,19",3,0,7,444,725,163,0,0,196,248,"28,86","67 567,24","57,80",168,0,852,Total jun,444,725,163,0,0,196,248,"28,86","67 567,24","57,80",168,0,852,Total,9314,4277,3136,0,0,7756,1558,"13,79","1 007 964,95","74,16",3262,0,18104
Data,Ocup,Opção,Cheg,Oferta/Uso Interno,Deduz. Individ.,Deduz. Grupos,% Ocup.,Receita Quartos,Preço Médio,Saídas,Quartos FdS,Adul. / Cri.,junho,Previsão,15-jun-2026 seg,6,22,3,0,0,6,0,"20,74","908,90","32,46",1,0,11,444,725,163,0,0,196,248,"28,86","67 567,24","57,80",168,0,852,Total jun,444,725,163,0,0,196,248,"28,86","67 567,24","57,80",168,0,852,Total,9314,4277,3136,0,0,7756,1558,"13,79","1 007 964,95","74,16",3262,0,18104
Data,Ocup,Opção,Cheg,Oferta/Uso Interno,Deduz. Individ.,Deduz. Grupos,% Ocup.,Receita Quartos,Preço Médio,Saídas,Quartos FdS,Adul. / Cri.,junho,Previsão,16-jun-2026 ter,6,57,4,0,0,5,1,"46,67","972,19","15,43",4,0,10,444,725,163,0,0,196,248,"28,86","67 567,24","57,80",168,0,852,Total jun,444,725,163,0,0,196,248,"28,86","67 567,24","57,80",168,0,852,Total,9314,4277,3136,0,0,7756,1558,"13,79","1 007 964,95","74,16",3262,0,18104
Data,Ocup,Opção,Cheg,Oferta/Uso Interno,Deduz. Individ.,Deduz. Grupos,% Ocup.,Receita Quartos,Preço Médio,Saídas,Quartos FdS,Adul. / Cri.,junho,Previsão,17-jun-2026 qua,20,0,16,0,0,3,17,"14,81","2 947,28","147,36",2,0,38,444,725,163,0,0,196,248,"28,86","67 567,24","57,80",168,0,852,Total jun,444,725,163,0,0,196,248,"28,86","67 567,24","57,80",168,0,852,Total,9314,4277,3136,0,0,7756,1558,"13,79","1 007 964,95","74,16",3262,0,18104
Data,Ocup,Opção,Cheg,Oferta/Uso Interno,Deduz. Individ.,Deduz. Grupos,% Ocup.,Receita Quartos,Preço Médio,Saídas,Quartos FdS,Adul. / Cri.,junho,Previsão,18-jun-2026 qui,19,4,0,0,0,2,17,"17,04","2 785,13","121,09",1,0,36,444,725,163,0,0,196,248,"28,86","67 567,24","57,80",168,0,852,Total jun,444,725,163,0,0,196,248,"28,86","67 567,24","57,80",168,0,852,Total,9314,4277,3136,0,0,7756,1558,"13,79","1 007 964,95","74,16",3262,0,18104
Data,Ocup,Opção,Cheg,Oferta/Uso Interno,Deduz. Individ.,Deduz. Grupos,% Ocup.,Receita Quartos,Preço Médio,Saídas,Quartos FdS,Adul. / Cri.,junho,Previsão,19-jun-2026 sex,22,17,3,0,0,5,17,"28,89","3 193,22","81,88",0,0,42,444,725,163,0,0,196,248,"28,86","67 567,24","57,80",168,0,852,Total jun,444,725,163,0,0,196,248,"28,86","67 567,24","57,80",168,0,852,Total,9314,4277,3136,0,0,7756,1558,"13,79","1 007 964,95","74,16",3262,0,18104
Data,Ocup,Opção,Cheg,Oferta/Uso Interno,Deduz. Individ.,Deduz. Grupos,% Ocup.,Receita Quartos,Preço Médio,Saídas,Quartos FdS,Adul. / Cri.,junho,Previsão,20-jun-2026 sáb,3,21,1,0,0,3,0,"17,78","318,57","13,27",20,0,6,444,725,163,0,0,196,248,"28,86","67 567,24","57,80",168,0,852,Total jun,444,725,163,0,0,196,248,"28,86","67 567,24","57,80",168,0,852,Total,9314,4277,3136,0,0,7756,1558,"13,79","1 007 964,95","74,16",3262,0,18104
Data,Ocup,Opção,Cheg,Oferta/Uso Interno,Deduz. Individ.,Deduz. Grupos,% Ocup.,Receita Quartos,Preço Médio,Saídas,Quartos FdS,Adul. / Cri.,junho,Previsão,21-jun-2026 dom,7,13,4,0,0,7,0,"14,81","695,11","34,76",0,0,14,444,725,163,0,0,196,248,"28,86","67 567,24","57,80",168,0,852,Total jun,444,725,163,0,0,196,248,"28,86","67 567,24","57,80",168,0,852,Total,9314,4277,3136,0,0,7756,1558,"13,79","1 007 964,95","74,16",3262,0,18104
Data,Ocup,Opção,Cheg,Oferta/Uso Interno,Deduz. Individ.,Deduz. Grupos,% Ocup.,Receita Quartos,Preço Médio,Saídas,Quartos FdS,Adul. / Cri.,junho,Previsão,22-jun-2026 seg,7,39,3,0,0,7,0,"34,07","967,05","21,02",3,0,14,444,725,163,0,0,196,248,"28,86","67 567,24","57,80",168,0,852,Total jun,444,725,163,0,0,196,248,"28,86","67 567,24","57,80",168,0,852,Total,9314,4277,3136,0,0,7756,1558,"13,79","1 007 964,95","74,16",3262,0,18104
Data,Ocup,Opção,Cheg,Oferta/Uso Interno,Deduz. Individ.,Deduz. Grupos,% Ocup.,Receita Quartos,Preço Médio,Saídas,Quartos FdS,Adul. / Cri.,junho,Previsão,23-jun-2026 ter,6,26,1,0,0,5,1,"23,70","938,98","29,34",2,0,11,444,725,163,0,0,196,248,"28,86","67 567,24","57,80",168,0,852,Total jun,444,725,163,0,0,196,248,"28,86","67 567,24","57,80",168,0,852,Total,9314,4277,3136,0,0,7756,1558,"13,79","1 007 964,95","74,16",3262,0,18104
Data,Ocup,Opção,Cheg,Oferta/Uso Interno,Deduz. Individ.,Deduz. Grupos,% Ocup.,Receita Quartos,Preço Médio,Saídas,Quartos FdS,Adul. / Cri.,junho,Previsão,24-jun-2026 qua,22,0,19,0,0,5,17,"16,30","3 088,02","140,36",3,0,43,444,725,163,0,0,196,248,"28,86","67 567,24","57,80",168,0,852,Total jun,444,725,163,0,0,196,248,"28,86","67 567,24","57,80",168,0,852,Total,9314,4277,3136,0,0,7756,1558,"13,79","1 007 964,95","74,16",3262,0,18104
Data,Ocup,Opção,Cheg,Oferta/Uso Interno,Deduz. Individ.,Deduz. Grupos,% Ocup.,Receita Quartos,Preço Médio,Saídas,Quartos FdS,Adul. / Cri.,junho,Previsão,25-jun-2026 qui,23,26,2,0,0,6,17,"36,30","3 362,08","68,61",1,0,45,444,725,163,0,0,196,248,"28,86","67 567,24","57,80",168,0,852,Total jun,444,725,163,0,0,196,248,"28,86","67 567,24","57,80",168,0,852,Total,9314,4277,3136,0,0,7756,1558,"13,79","1 007 964,95","74,16",3262,0,18104
Data,Ocup,Opção,Cheg,Oferta/Uso Interno,Deduz. Individ.,Deduz. Grupos,% Ocup.,Receita Quartos,Preço Médio,Saídas,Quartos FdS,Adul. / Cri.,junho,Previsão,26-jun-2026 sex,18,35,0,0,0,1,17,"39,26","2 635,02","49,72",5,0,35,444,725,163,0,0,196,248,"28,86","67 567,24","57,80",168,0,852,Total jun,444,725,163,0,0,196,248,"28,86","67 567,24","57,80",168,0,852,Total,9314,4277,3136,0,0,7756,1558,"13,79","1 007 964,95","74,16",3262,0,18104
Data,Ocup,Opção,Cheg,Oferta/Uso Interno,Deduz. Individ.,Deduz. Grupos,% Ocup.,Receita Quartos,Preço Médio,Saídas,Quartos FdS,Adul. / Cri.,junho,Previsão,27-jun-2026 sáb,3,37,2,0,0,1,2,"29,63","377,75","9,44",17,0,5,444,725,163,0,0,196,248,"28,86","67 567,24","57,80",168,0,852,Total jun,444,725,163,0,0,196,248,"28,86","67 567,24","57,80",168,0,852,Total,9314,4277,3136,0,0,7756,1558,"13,79","1 007 964,95","74,16",3262,0,18104
Data,Ocup,Opção,Cheg,Oferta/Uso Interno,Deduz. Individ.,Deduz. Grupos,% Ocup.,Receita Quartos,Preço Médio,Saídas,Quartos FdS,Adul. / Cri.,junho,Previsão,28-jun-2026 dom,0,37,0,0,0,0,0,"27,41",-,-,3,0,0,444,725,163,0,0,196,248,"28,86","67 567,24","57,80",168,0,852,Total jun,444,725,163,0,0,196,248,"28,86","67 567,24","57,80",168,0,852,Total,9314,4277,3136,0,0,7756,1558,"13,79","1 007 964,95","74,16",3262,0,18104
Data,Ocup,Opção,Cheg,Oferta/Uso Interno,Deduz. Individ.,Deduz. Grupos,% Ocup.,Receita Quartos,Preço Médio,Saídas,Quartos FdS,Adul. / Cri.,junho,Previsão,29-jun-2026 seg,1,37,1,0,0,1,0,"28,15","180,25","4,74",0,0,2,444,725,163,0,0,196,248,"28,86","67 567,24","57,80",168,0,852,Total jun,444,725,163,0,0,196,248,"28,86","67 567,24","57,80",168,0,852,Total,9314,4277,3136,0,0,7756,1558,"13,79","1 007 964,95","74,16",3262,0,18104
Data,Ocup,Opção,Cheg,Oferta/Uso Interno,Deduz. Individ.,Deduz. Grupos,% Ocup.,Receita Quartos,Preço Médio,Saídas,Quartos FdS,Adul. / Cri.,junho,Previsão,30-jun-2026 ter,5,72,4,0,0,5,0,"57,04","799,02","10,38",0,0,10,444,725,163,0,0,196,248,"28,86","67 567,24","57,80",168,0,852,Total jun,444,725,163,0,0,196,248,"28,86","67 567,24","57,80",168,0,852,Total,9314,4277,3136,0,0,7756,1558,"13,79","1 007 964,95","74,16",3262,0,18104
Data,Ocup,Opção,Cheg,Oferta/Uso Interno,Deduz. Individ.,Deduz. Grupos,% Ocup.,Receita Quartos,Preço Médio,Saídas,Quartos FdS,Adul. / Cri.,julho,Previsão,01-jul-2026 qua,3,22,1,0,0,3,0,"18,52","576,49","23,06",3,0,7,209,219,66,0,0,209,0,"10,23","31 117,79","72,71",67,0,449,Total jul,209,219,66,0,0,209,0,"10,23","31 117,79","72,71",67,0,449,Total,9314,4277,3136,0,0,7756,1558,"13,79","1 007 964,95","74,16",3262,0,18104
Data,Ocup,Opção,Cheg,Oferta/Uso Interno,Deduz. Individ.,Deduz. Grupos,% Ocup.,Receita Quartos,Preço Médio,Saídas,Quartos FdS,Adul. / Cri.,julho,Previsão,02-jul-2026 qui,2,22,1,0,0,2,0,"17,78","387,00","16,12",2,0,5,209,219,66,0,0,209,0,"10,23","31 117,79","72,71",67,0,449,Total jul,209,219,66,0,0,209,0,"10,23","31 117,79","72,71",67,0,449,Total,9314,4277,3136,0,0,7756,1558,"13,79","1 007 964,95","74,16",3262,0,18104
Data,Ocup,Opção,Cheg,Oferta/Uso Interno,Deduz. Individ.,Deduz. Grupos,% Ocup.,Receita Quartos,Preço Médio,Saídas,Quartos FdS,Adul. / Cri.,julho,Previsão,03-jul-2026 sex,9,0,7,0,0,9,0,"6,67","1 453,78","161,53",0,0,19,209,219,66,0,0,209,0,"10,23","31 117,79","72,71",67,0,449,Total jul,209,219,66,0,0,209,0,"10,23","31 117,79","72,71",67,0,449,Total,9314,4277,3136,0,0,7756,1558,"13,79","1 007 964,95","74,16",3262,0,18104
Data,Ocup,Opção,Cheg,Oferta/Uso Interno,Deduz. Individ.,Deduz. Grupos,% Ocup.,Receita Quartos,Preço Médio,Saídas,Quartos FdS,Adul. / Cri.,julho,Previsão,04-jul-2026 sáb,9,0,4,0,0,9,0,"6,67","1 418,20","157,58",4,0,16,209,219,66,0,0,209,0,"10,23","31 117,79","72,71",67,0,449,Total jul,209,219,66,0,0,209,0,"10,23","31 117,79","72,71",67,0,449,Total,9314,4277,3136,0,0,7756,1558,"13,79","1 007 964,95","74,16",3262,0,18104
Data,Ocup,Opção,Cheg,Oferta/Uso Interno,Deduz. Individ.,Deduz. Grupos,% Ocup.,Receita Quartos,Preço Médio,Saídas,Quartos FdS,Adul. / Cri.,julho,Previsão,05-jul-2026 dom,6,16,0,0,0,6,0,"16,30","867,00","39,41",3,0,10,209,219,66,0,0,209,0,"10,23","31 117,79","72,71",67,0,449,Total jul,209,219,66,0,0,209,0,"10,23","31 117,79","72,71",67,0,449,Total,9314,4277,3136,0,0,7756,1558,"13,79","1 007 964,95","74,16",3262,0,18104
Data,Ocup,Opção,Cheg,Oferta/Uso Interno,Deduz. Individ.,Deduz. Grupos,% Ocup.,Receita Quartos,Preço Médio,Saídas,Quartos FdS,Adul. / Cri.,julho,Previsão,06-jul-2026 seg,12,16,8,0,0,12,0,"20,74","1 912,33","68,30",2,0,24,209,219,66,0,0,209,0,"10,23","31 117,79","72,71",67,0,449,Total jul,209,219,66,0,0,209,0,"10,23","31 117,79","72,71",67,0,449,Total,9314,4277,3136,0,0,7756,1558,"13,79","1 007 964,95","74,16",3262,0,18104
Data,Ocup,Opção,Cheg,Oferta/Uso Interno,Deduz. Individ.,Deduz. Grupos,% Ocup.,Receita Quartos,Preço Médio,Saídas,Quartos FdS,Adul. / Cri.,julho,Previsão,07-jul-2026 ter,12,22,2,0,0,12,0,"25,19","1 852,46","54,48",2,0,24,209,219,66,0,0,209,0,"10,23","31 117,79","72,71",67,0,449,Total jul,209,219,66,0,0,209,0,"10,23","31 117,79","72,71",67,0,449,Total,9314,4277,3136,0,0,7756,1558,"13,79","1 007 964,95","74,16",3262,0,18104
Data,Ocup,Opção,Cheg,Oferta/Uso Interno,Deduz. Individ.,Deduz. Grupos,% Ocup.,Receita Quartos,Preço Médio,Saídas,Quartos FdS,Adul. / Cri.,julho,Previsão,08-jul-2026 qua,6,22,0,0,0,6,0,"20,74","1 105,33","39,48",6,0,14,209,219,66,0,0,209,0,"10,23","31 117,79","72,71",67,0,449,Total jul,209,219,66,0,0,209,0,"10,23","31 117,79","72,71",67,0,449,Total,9314,4277,3136,0,0,7756,1558,"13,79","1 007 964,95","74,16",3262,0,18104
Data,Ocup,Opção,Cheg,Oferta/Uso Interno,Deduz. Individ.,Deduz. Grupos,% Ocup.,Receita Quartos,Preço Médio,Saídas,Quartos FdS,Adul. / Cri.,julho,Previsão,09-jul-2026 qui,14,22,9,0,0,14,0,"26,67","2 086,84","57,97",1,0,28,209,219,66,0,0,209,0,"10,23","31 117,79","72,71",67,0,449,Total jul,209,219,66,0,0,209,0,"10,23","31 117,79","72,71",67,0,449,Total,9314,4277,3136,0,0,7756,1558,"13,79","1 007 964,95","74,16",3262,0,18104
Data,Ocup,Opção,Cheg,Oferta/Uso Interno,Deduz. Individ.,Deduz. Grupos,% Ocup.,Receita Quartos,Preço Médio,Saídas,Quartos FdS,Adul. / Cri.,julho,Previsão,10-jul-2026 sex,20,0,6,0,0,20,0,"14,81","3 029,78","151,49",0,0,41,209,219,66,0,0,209,0,"10,23","31 117,79","72,71",67,0,449,Total jul,209,219,66,0,0,209,0,"10,23","31 117,79","72,71",67,0,449,Total,9314,4277,3136,0,0,7756,1558,"13,79","1 007 964,95","74,16",3262,0,18104
Data,Ocup,Opção,Cheg,Oferta/Uso Interno,Deduz. Individ.,Deduz. Grupos,% Ocup.,Receita Quartos,Preço Médio,Saídas,Quartos FdS,Adul. / Cri.,julho,Previsão,11-jul-2026 sáb,14,4,0,0,0,14,0,"13,33","1 939,87","107,77",6,0,29,209,219,66,0,0,209,0,"10,23","31 117,79","72,71",67,0,449,Total jul,209,219,66,0,0,209,0,"10,23","31 117,79","72,71",67,0,449,Total,9314,4277,3136,0,0,7756,1558,"13,79","1 007 964,95","74,16",3262,0,18104
Data,Ocup,Opção,Cheg,Oferta/Uso Interno,Deduz. Individ.,Deduz. Grupos,% Ocup.,Receita Quartos,Preço Médio,Saídas,Quartos FdS,Adul. / Cri.,julho,Previsão,12-jul-2026 dom,11,13,2,0,0,11,0,"17,78","1 510,05","62,92",5,0,23,209,219,66,0,0,209,0,"10,23","31 117,79","72,71",67,0,449,Total jul,209,219,66,0,0,209,0,"10,23","31 117,79","72,71",67,0,449,Total,9314,4277,3136,0,0,7756,1558,"13,79","1 007 964,95","74,16",3262,0,18104
Data,Ocup,Opção,Cheg,Oferta/Uso Interno,Deduz. Individ.,Deduz. Grupos,% Ocup.,Receita Quartos,Preço Médio,Saídas,Quartos FdS,Adul. / Cri.,julho,Previsão,13-jul-2026 seg,9,13,2,0,0,9,0,"16,30","1 119,80","50,90",4,0,18,209,219,66,0,0,209,0,"10,23","31 117,79","72,71",67,0,449,Total jul,209,219,66,0,0,209,0,"10,23","31 117,79","72,71",67,0,449,Total,9314,4277,3136,0,0,7756,1558,"13,79","1 007 964,95","74,16",3262,0,18104
Data,Ocup,Opção,Cheg,Oferta/Uso Interno,Deduz. Individ.,Deduz. Grupos,% Ocup.,Receita Quartos,Preço Médio,Saídas,Quartos FdS,Adul. / Cri.,julho,Previsão,14-jul-2026 ter,12,0,3,0,0,12,0,"8,89","1 534,93","127,91",0,0,24,209,219,66,0,0,209,0,"10,23","31 117,79","72,71",67,0,449,Total jul,209,219,66,0,0,209,0,"10,23","31 117,79","72,71",67,0,449,Total,9314,4277,3136,0,0,7756,1558,"13,79","1 007 964,95","74,16",3262,0,18104
Data,Ocup,Opção,Cheg,Oferta/Uso Interno,Deduz. Individ.,Deduz. Grupos,% Ocup.,Receita Quartos,Preço Médio,Saídas,Quartos FdS,Adul. / Cri.,julho,Previsão,15-jul-2026 qua,6,0,0,0,0,6,0,"4,44","745,86","124,31",6,0,12,209,219,66,0,0,209,0,"10,23","31 117,79","72,71",67,0,449,Total jul,209,219,66,0,0,209,0,"10,23","31 117,79","72,71",67,0,449,Total,9314,4277,3136,0,0,7756,1558,"13,79","1 007 964,95","74,16",3262,0,18104
Data,Ocup,Opção,Cheg,Oferta/Uso Interno,Deduz. Individ.,Deduz. Grupos,% Ocup.,Receita Quartos,Preço Médio,Saídas,Quartos FdS,Adul. / Cri.,julho,Previsão,16-jul-2026 qui,3,0,1,0,0,3,0,"2,22","309,59","103,20",4,0,5,209,219,66,0,0,209,0,"10,23","31 117,79","72,71",67,0,449,Total jul,209,219,66,0,0,209,0,"10,23","31 117,79","72,71",67,0,449,Total,9314,4277,3136,0,0,7756,1558,"13,79","1 007 964,95","74,16",3262,0,18104
Data,Ocup,Opção,Cheg,Oferta/Uso Interno,Deduz. Individ.,Deduz. Grupos,% Ocup.,Receita Quartos,Preço Médio,Saídas,Quartos FdS,Adul. / Cri.,julho,Previsão,17-jul-2026 sex,1,0,0,0,0,1,0,"0,74","116,40","116,40",2,0,2,209,219,66,0,0,209,0,"10,23","31 117,79","72,71",67,0,449,Total jul,209,219,66,0,0,209,0,"10,23","31 117,79","72,71",67,0,449,Total,9314,4277,3136,0,0,7756,1558,"13,79","1 007 964,95","74,16",3262,0,18104
Data,Ocup,Opção,Cheg,Oferta/Uso Interno,Deduz. Individ.,Deduz. Grupos,% Ocup.,Receita Quartos,Preço Médio,Saídas,Quartos FdS,Adul. / Cri.,julho,Previsão,18-jul-2026 sáb,0,4,0,0,0,0,0,"2,96",-,-,1,0,0,209,219,66,0,0,209,0,"10,23","31 117,79","72,71",67,0,449,Total jul,209,219,66,0,0,209,0,"10,23","31 117,79","72,71",67,0,449,Total,9314,4277,3136,0,0,7756,1558,"13,79","1 007 964,95","74,16",3262,0,18104
Data,Ocup,Opção,Cheg,Oferta/Uso Interno,Deduz. Individ.,Deduz. Grupos,% Ocup.,Receita Quartos,Preço Médio,Saídas,Quartos FdS,Adul. / Cri.,julho,Previsão,19-jul-2026 dom,1,13,1,0,0,1,0,"10,37","210,38","15,03",0,0,4,209,219,66,0,0,209,0,"10,23","31 117,79","72,71",67,0,449,Total jul,209,219,66,0,0,209,0,"10,23","31 117,79","72,71",67,0,449,Total,9314,4277,3136,0,0,7756,1558,"13,79","1 007 964,95","74,16",3262,0,18104
Data,Ocup,Opção,Cheg,Oferta/Uso Interno,Deduz. Individ.,Deduz. Grupos,% Ocup.,Receita Quartos,Preço Médio,Saídas,Quartos FdS,Adul. / Cri.,julho,Previsão,20-jul-2026 seg,5,13,4,0,0,5,0,"13,33","768,89","42,72",0,0,13,209,219,66,0,0,209,0,"10,23","31 117,79","72,71",67,0,449,Total jul,209,219,66,0,0,209,0,"10,23","31 117,79","72,71",67,0,449,Total,9314,4277,3136,0,0,7756,1558,"13,79","1 007 964,95","74,16",3262,0,18104
Data,Ocup,Opção,Cheg,Oferta/Uso Interno,Deduz. Individ.,Deduz. Grupos,% Ocup.,Receita Quartos,Preço Médio,Saídas,Quartos FdS,Adul. / Cri.,julho,Previsão,21-jul-2026 ter,6,15,1,0,0,6,0,"15,56","985,69","46,94",0,0,16,209,219,66,0,0,209,0,"10,23","31 117,79","72,71",67,0,449,Total jul,209,219,66,0,0,209,0,"10,23","31 117,79","72,71",67,0,449,Total,9314,4277,3136,0,0,7756,1558,"13,79","1 007 964,95","74,16",3262,0,18104
Data,Ocup,Opção,Cheg,Oferta/Uso Interno,Deduz. Individ.,Deduz. Grupos,% Ocup.,Receita Quartos,Preço Médio,Saídas,Quartos FdS,Adul. / Cri.,julho,Previsão,22-jul-2026 qua,7,0,2,0,0,7,0,"5,19","998,54","142,65",1,0,16,209,219,66,0,0,209,0,"10,23","31 117,79","72,71",67,0,449,Total jul,209,219,66,0,0,209,0,"10,23","31 117,79","72,71",67,0,449,Total,9314,4277,3136,0,0,7756,1558,"13,79","1 007 964,95","74,16",3262,0,18104
Data,Ocup,Opção,Cheg,Oferta/Uso Interno,Deduz. Individ.,Deduz. Grupos,% Ocup.,Receita Quartos,Preço Médio,Saídas,Quartos FdS,Adul. / Cri.,julho,Previsão,23-jul-2026 qui,5,0,1,0,0,5,0,"3,70","821,73","164,35",3,0,13,209,219,66,0,0,209,0,"10,23","31 117,79","72,71",67,0,449,Total jul,209,219,66,0,0,209,0,"10,23","31 117,79","72,71",67,0,449,Total,9314,4277,3136,0,0,7756,1558,"13,79","1 007 964,95","74,16",3262,0,18104
Data,Ocup,Opção,Cheg,Oferta/Uso Interno,Deduz. Individ.,Deduz. Grupos,% Ocup.,Receita Quartos,Preço Médio,Saídas,Quartos FdS,Adul. / Cri.,julho,Previsão,24-jul-2026 sex,6,0,2,0,0,6,0,"4,44","1 038,97","173,16",1,0,15,209,219,66,0,0,209,0,"10,23","31 117,79","72,71",67,0,449,Total jul,209,219,66,0,0,209,0,"10,23","31 117,79","72,71",67,0,449,Total,9314,4277,3136,0,0,7756,1558,"13,79","1 007 964,95","74,16",3262,0,18104
Data,Ocup,Opção,Cheg,Oferta/Uso Interno,Deduz. Individ.,Deduz. Grupos,% Ocup.,Receita Quartos,Preço Médio,Saídas,Quartos FdS,Adul. / Cri.,julho,Previsão,25-jul-2026 sáb,6,0,3,0,0,6,0,"4,44","896,60","149,43",3,0,13,209,219,66,0,0,209,0,"10,23","31 117,79","72,71",67,0,449,Total jul,209,219,66,0,0,209,0,"10,23","31 117,79","72,71",67,0,449,Total,9314,4277,3136,0,0,7756,1558,"13,79","1 007 964,95","74,16",3262,0,18104
Data,Ocup,Opção,Cheg,Oferta/Uso Interno,Deduz. Individ.,Deduz. Grupos,% Ocup.,Receita Quartos,Preço Médio,Saídas,Quartos FdS,Adul. / Cri.,julho,Previsão,26-jul-2026 dom,7,0,2,0,0,7,0,"5,19","781,56","111,65",1,0,13,209,219,66,0,0,209,0,"10,23","31 117,79","72,71",67,0,449,Total jul,209,219,66,0,0,209,0,"10,23","31 117,79","72,71",67,0,449,Total,9314,4277,3136,0,0,7756,1558,"13,79","1 007 964,95","74,16",3262,0,18104
Data,Ocup,Opção,Cheg,Oferta/Uso Interno,Deduz. Individ.,Deduz. Grupos,% Ocup.,Receita Quartos,Preço Médio,Saídas,Quartos FdS,Adul. / Cri.,julho,Previsão,27-jul-2026 seg,4,0,0,0,0,4,0,"2,96","483,90","120,97",3,0,8,209,219,66,0,0,209,0,"10,23","31 117,79","72,71",67,0,449,Total jul,209,219,66,0,0,209,0,"10,23","31 117,79","72,71",67,0,449,Total,9314,4277,3136,0,0,7756,1558,"13,79","1 007 964,95","74,16",3262,0,18104
Data,Ocup,Opção,Cheg,Oferta/Uso Interno,Deduz. Individ.,Deduz. Grupos,% Ocup.,Receita Quartos,Preço Médio,Saídas,Quartos FdS,Adul. / Cri.,julho,Previsão,28-jul-2026 ter,3,0,1,0,0,3,0,"2,22","429,36","143,12",2,0,8,209,219,66,0,0,209,0,"10,23","31 117,79","72,71",67,0,449,Total jul,209,219,66,0,0,209,0,"10,23","31 117,79","72,71",67,0,449,Total,9314,4277,3136,0,0,7756,1558,"13,79","1 007 964,95","74,16",3262,0,18104
Data,Ocup,Opção,Cheg,Oferta/Uso Interno,Deduz. Individ.,Deduz. Grupos,% Ocup.,Receita Quartos,Preço Médio,Saídas,Quartos FdS,Adul. / Cri.,julho,Previsão,29-jul-2026 qua,3,0,0,0,0,3,0,"2,22","429,36","143,12",0,0,8,209,219,66,0,0,209,0,"10,23","31 117,79","72,71",67,0,449,Total jul,209,219,66,0,0,209,0,"10,23","31 117,79","72,71",67,0,449,Total,9314,4277,3136,0,0,7756,1558,"13,79","1 007 964,95","74,16",3262,0,18104
Data,Ocup,Opção,Cheg,Oferta/Uso Interno,Deduz. Individ.,Deduz. Grupos,% Ocup.,Receita Quartos,Preço Médio,Saídas,Quartos FdS,Adul. / Cri.,julho,Previsão,30-jul-2026 qui,3,0,2,0,0,3,0,"2,22","483,25","161,08",2,0,8,209,219,66,0,0,209,0,"10,23","31 117,79","72,71",67,0,449,Total jul,209,219,66,0,0,209,0,"10,23","31 117,79","72,71",67,0,449,Total,9314,4277,3136,0,0,7756,1558,"13,79","1 007 964,95","74,16",3262,0,18104
Data,Ocup,Opção,Cheg,Oferta/Uso Interno,Deduz. Individ.,Deduz. Grupos,% Ocup.,Receita Quartos,Preço Médio,Saídas,Quartos FdS,Adul. / Cri.,julho,Previsão,31-jul-2026 sex,4,2,1,0,0,4,0,"4,44","823,88","137,31",0,0,13,209,219,66,0,0,209,0,"10,23","31 117,79","72,71",67,0,449,Total jul,209,219,66,0,0,209,0,"10,23","31 117,79","72,71",67,0,449,Total,9314,4277,3136,0,0,7756,1558,"13,79","1 007 964,95","74,16",3262,0,18104
Data,Ocup,Opção,Cheg,Oferta/Uso Interno,Deduz. Individ.,Deduz. Grupos,% Ocup.,Receita Quartos,Preço Médio,Saídas,Quartos FdS,Adul. / Cri.,agosto,Previsão,01-ago-2026 sáb,7,1,3,0,0,7,0,"5,93","1 150,23","143,78",0,0,19,152,171,63,0,0,100,52,"7,72","20 766,67","64,29",54,0,312,Total ago,152,171,63,0,0,100,52,"7,72","20 766,67","64,29",54,0,312,Total,9314,4277,3136,0,0,7756,1558,"13,79","1 007 964,95","74,16",3262,0,18104
Data,Ocup,Opção,Cheg,Oferta/Uso Interno,Deduz. Individ.,Deduz. Grupos,% Ocup.,Receita Quartos,Preço Médio,Saídas,Quartos FdS,Adul. / Cri.,agosto,Previsão,02-ago-2026 dom,9,0,4,0,0,9,0,"6,67","1 437,61","159,73",2,0,24,152,171,63,0,0,100,52,"7,72","20 766,67","64,29",54,0,312,Total ago,152,171,63,0,0,100,52,"7,72","20 766,67","64,29",54,0,312,Total,9314,4277,3136,0,0,7756,1558,"13,79","1 007 964,95","74,16",3262,0,18104
Data,Ocup,Opção,Cheg,Oferta/Uso Interno,Deduz. Individ.,Deduz. Grupos,% Ocup.,Receita Quartos,Preço Médio,Saídas,Quartos FdS,Adul. / Cri.,agosto,Previsão,03-ago-2026 seg,4,0,0,0,0,4,0,"2,96","679,23","169,81",5,0,11,152,171,63,0,0,100,52,"7,72","20 766,67","64,29",54,0,312,Total ago,152,171,63,0,0,100,52,"7,72","20 766,67","64,29",54,0,312,Total,9314,4277,3136,0,0,7756,1558,"13,79","1 007 964,95","74,16",3262,0,18104
Data,Ocup,Opção,Cheg,Oferta/Uso Interno,Deduz. Individ.,Deduz. Grupos,% Ocup.,Receita Quartos,Preço Médio,Saídas,Quartos FdS,Adul. / Cri.,agosto,Previsão,04-ago-2026 ter,2,0,1,0,0,2,0,"1,48","320,72","160,36",3,0,4,152,171,63,0,0,100,52,"7,72","20 766,67","64,29",54,0,312,Total ago,152,171,63,0,0,100,52,"7,72","20 766,67","64,29",54,0,312,Total,9314,4277,3136,0,0,7756,1558,"13,79","1 007 964,95","74,16",3262,0,18104
Data,Ocup,Opção,Cheg,Oferta/Uso Interno,Deduz. Individ.,Deduz. Grupos,% Ocup.,Receita Quartos,Preço Médio,Saídas,Quartos FdS,Adul. / Cri.,agosto,Previsão,05-ago-2026 qua,1,0,0,0,0,1,0,"0,74","163,75","163,75",1,0,2,152,171,63,0,0,100,52,"7,72","20 766,67","64,29",54,0,312,Total ago,152,171,63,0,0,100,52,"7,72","20 766,67","64,29",54,0,312,Total,9314,4277,3136,0,0,7756,1558,"13,79","1 007 964,95","74,16",3262,0,18104
Data,Ocup,Opção,Cheg,Oferta/Uso Interno,Deduz. Individ.,Deduz. Grupos,% Ocup.,Receita Quartos,Preço Médio,Saídas,Quartos FdS,Adul. / Cri.,agosto,Previsão,06-ago-2026 qui,3,0,2,0,0,3,0,"2,22","495,98","165,33",0,0,6,152,171,63,0,0,100,52,"7,72","20 766,67","64,29",54,0,312,Total ago,152,171,63,0,0,100,52,"7,72","20 766,67","64,29",54,0,312,Total,9314,4277,3136,0,0,7756,1558,"13,79","1 007 964,95","74,16",3262,0,18104
Data,Ocup,Opção,Cheg,Oferta/Uso Interno,Deduz. Individ.,Deduz. Grupos,% Ocup.,Receita Quartos,Preço Médio,Saídas,Quartos FdS,Adul. / Cri.,agosto,Previsão,07-ago-2026 sex,3,0,1,0,0,3,0,"2,22","424,36","141,45",1,0,6,152,171,63,0,0,100,52,"7,72","20 766,67","64,29",54,0,312,Total ago,152,171,63,0,0,100,52,"7,72","20 766,67","64,29",54,0,312,Total,9314,4277,3136,0,0,7756,1558,"13,79","1 007 964,95","74,16",3262,0,18104
Data,Ocup,Opção,Cheg,Oferta/Uso Interno,Deduz. Individ.,Deduz. Grupos,% Ocup.,Receita Quartos,Preço Médio,Saídas,Quartos FdS,Adul. / Cri.,agosto,Previsão,08-ago-2026 sáb,0,0,0,0,0,0,0,-,-,NaN,3,0,0,152,171,63,0,0,100,52,"7,72","20 766,67","64,29",54,0,312,Total ago,152,171,63,0,0,100,52,"7,72","20 766,67","64,29",54,0,312,Total,9314,4277,3136,0,0,7756,1558,"13,79","1 007 964,95","74,16",3262,0,18104
Data,Ocup,Opção,Cheg,Oferta/Uso Interno,Deduz. Individ.,Deduz. Grupos,% Ocup.,Receita Quartos,Preço Médio,Saídas,Quartos FdS,Adul. / Cri.,agosto,Previsão,09-ago-2026 dom,2,0,2,0,0,2,0,"1,48","239,96","119,98",0,0,4,152,171,63,0,0,100,52,"7,72","20 766,67","64,29",54,0,312,Total ago,152,171,63,0,0,100,52,"7,72","20 766,67","64,29",54,0,312,Total,9314,4277,3136,0,0,7756,1558,"13,79","1 007 964,95","74,16",3262,0,18104
Data,Ocup,Opção,Cheg,Oferta/Uso Interno,Deduz. Individ.,Deduz. Grupos,% Ocup.,Receita Quartos,Preço Médio,Saídas,Quartos FdS,Adul. / Cri.,agosto,Previsão,10-ago-2026 seg,2,0,2,0,0,2,0,"1,48","210,38","105,19",2,0,4,152,171,63,0,0,100,52,"7,72","20 766,67","64,29",54,0,312,Total ago,152,171,63,0,0,100,52,"7,72","20 766,67","64,29",54,0,312,Total,9314,4277,3136,0,0,7756,1558,"13,79","1 007 964,95","74,16",3262,0,18104
Data,Ocup,Opção,Cheg,Oferta/Uso Interno,Deduz. Individ.,Deduz. Grupos,% Ocup.,Receita Quartos,Preço Médio,Saídas,Quartos FdS,Adul. / Cri.,agosto,Previsão,11-ago-2026 ter,3,15,1,0,0,3,0,"13,33","371,11","20,62",0,0,6,152,171,63,0,0,100,52,"7,72","20 766,67","64,29",54,0,312,Total ago,152,171,63,0,0,100,52,"7,72","20 766,67","64,29",54,0,312,Total,9314,4277,3136,0,0,7756,1558,"13,79","1 007 964,95","74,16",3262,0,18104
Data,Ocup,Opção,Cheg,Oferta/Uso Interno,Deduz. Individ.,Deduz. Grupos,% Ocup.,Receita Quartos,Preço Médio,Saídas,Quartos FdS,Adul. / Cri.,agosto,Previsão,12-ago-2026 qua,2,0,0,0,0,2,0,"1,48","265,92","132,96",1,0,4,152,171,63,0,0,100,52,"7,72","20 766,67","64,29",54,0,312,Total ago,152,171,63,0,0,100,52,"7,72","20 766,67","64,29",54,0,312,Total,9314,4277,3136,0,0,7756,1558,"13,79","1 007 964,95","74,16",3262,0,18104
Data,Ocup,Opção,Cheg,Oferta/Uso Interno,Deduz. Individ.,Deduz. Grupos,% Ocup.,Receita Quartos,Preço Médio,Saídas,Quartos FdS,Adul. / Cri.,agosto,Previsão,13-ago-2026 qui,4,0,3,0,0,4,0,"2,96","477,92","119,48",1,0,8,152,171,63,0,0,100,52,"7,72","20 766,67","64,29",54,0,312,Total ago,152,171,63,0,0,100,52,"7,72","20 766,67","64,29",54,0,312,Total,9314,4277,3136,0,0,7756,1558,"13,79","1 007 964,95","74,16",3262,0,18104
Data,Ocup,Opção,Cheg,Oferta/Uso Interno,Deduz. Individ.,Deduz. Grupos,% Ocup.,Receita Quartos,Preço Médio,Saídas,Quartos FdS,Adul. / Cri.,agosto,Previsão,14-ago-2026 sex,5,0,2,0,0,5,0,"3,70","553,16","110,63",1,0,9,152,171,63,0,0,100,52,"7,72","20 766,67","64,29",54,0,312,Total ago,152,171,63,0,0,100,52,"7,72","20 766,67","64,29",54,0,312,Total,9314,4277,3136,0,0,7756,1558,"13,79","1 007 964,95","74,16",3262,0,18104
Data,Ocup,Opção,Cheg,Oferta/Uso Interno,Deduz. Individ.,Deduz. Grupos,% Ocup.,Receita Quartos,Preço Médio,Saídas,Quartos FdS,Adul. / Cri.,agosto,Previsão,15-ago-2026 sáb,5,0,0,0,0,5,0,"3,70","553,16","110,63",0,0,9,152,171,63,0,0,100,52,"7,72","20 766,67","64,29",54,0,312,Total ago,152,171,63,0,0,100,52,"7,72","20 766,67","64,29",54,0,312,Total,9314,4277,3136,0,0,7756,1558,"13,79","1 007 964,95","74,16",3262,0,18104
Data,Ocup,Opção,Cheg,Oferta/Uso Interno,Deduz. Individ.,Deduz. Grupos,% Ocup.,Receita Quartos,Preço Médio,Saídas,Quartos FdS,Adul. / Cri.,agosto,Previsão,16-ago-2026 dom,0,0,0,0,0,0,0,-,-,NaN,5,0,0,152,171,63,0,0,100,52,"7,72","20 766,67","64,29",54,0,312,Total ago,152,171,63,0,0,100,52,"7,72","20 766,67","64,29",54,0,312,Total,9314,4277,3136,0,0,7756,1558,"13,79","1 007 964,95","74,16",3262,0,18104
Data,Ocup,Opção,Cheg,Oferta/Uso Interno,Deduz. Individ.,Deduz. Grupos,% Ocup.,Receita Quartos,Preço Médio,Saídas,Quartos FdS,Adul. / Cri.,agosto,Previsão,17-ago-2026 seg,0,0,0,0,0,0,0,-,-,NaN,0,0,0,152,171,63,0,0,100,52,"7,72","20 766,67","64,29",54,0,312,Total ago,152,171,63,0,0,100,52,"7,72","20 766,67","64,29",54,0,312,Total,9314,4277,3136,0,0,7756,1558,"13,79","1 007 964,95","74,16",3262,0,18104
Data,Ocup,Opção,Cheg,Oferta/Uso Interno,Deduz. Individ.,Deduz. Grupos,% Ocup.,Receita Quartos,Preço Médio,Saídas,Quartos FdS,Adul. / Cri.,agosto,Previsão,18-ago-2026 ter,2,0,2,0,0,2,0,"1,48","299,55","149,77",0,0,4,152,171,63,0,0,100,52,"7,72","20 766,67","64,29",54,0,312,Total ago,152,171,63,0,0,100,52,"7,72","20 766,67","64,29",54,0,312,Total,9314,4277,3136,0,0,7756,1558,"13,79","1 007 964,95","74,16",3262,0,18104
Data,Ocup,Opção,Cheg,Oferta/Uso Interno,Deduz. Individ.,Deduz. Grupos,% Ocup.,Receita Quartos,Preço Médio,Saídas,Quartos FdS,Adul. / Cri.,agosto,Previsão,19-ago-2026 qua,3,0,1,0,0,3,0,"2,22","468,91","156,30",0,0,7,152,171,63,0,0,100,52,"7,72","20 766,67","64,29",54,0,312,Total ago,152,171,63,0,0,100,52,"7,72","20 766,67","64,29",54,0,312,Total,9314,4277,3136,0,0,7756,1558,"13,79","1 007 964,95","74,16",3262,0,18104
Data,Ocup,Opção,Cheg,Oferta/Uso Interno,Deduz. Individ.,Deduz. Grupos,% Ocup.,Receita Quartos,Preço Médio,Saídas,Quartos FdS,Adul. / Cri.,agosto,Previsão,20-ago-2026 qui,2,0,0,0,0,2,0,"1,48","299,55","149,77",1,0,4,152,171,63,0,0,100,52,"7,72","20 766,67","64,29",54,0,312,Total ago,152,171,63,0,0,100,52,"7,72","20 766,67","64,29",54,0,312,Total,9314,4277,3136,0,0,7756,1558,"13,79","1 007 964,95","74,16",3262,0,18104
Data,Ocup,Opção,Cheg,Oferta/Uso Interno,Deduz. Individ.,Deduz. Grupos,% Ocup.,Receita Quartos,Preço Médio,Saídas,Quartos FdS,Adul. / Cri.,agosto,Previsão,21-ago-2026 sex,0,0,0,0,0,0,0,-,-,NaN,2,0,0,152,171,63,0,0,100,52,"7,72","20 766,67","64,29",54,0,312,Total ago,152,171,63,0,0,100,52,"7,72","20 766,67","64,29",54,0,312,Total,9314,4277,3136,0,0,7756,1558,"13,79","1 007 964,95","74,16",3262,0,18104
Data,Ocup,Opção,Cheg,Oferta/Uso Interno,Deduz. Individ.,Deduz. Grupos,% Ocup.,Receita Quartos,Preço Médio,Saídas,Quartos FdS,Adul. / Cri.,agosto,Previsão,22-ago-2026 sáb,4,0,4,0,0,4,0,"2,96","481,77","120,44",0,0,7,152,171,63,0,0,100,52,"7,72","20 766,67","64,29",54,0,312,Total ago,152,171,63,0,0,100,52,"7,72","20 766,67","64,29",54,0,312,Total,9314,4277,3136,0,0,7756,1558,"13,79","1 007 964,95","74,16",3262,0,18104
Data,Ocup,Opção,Cheg,Oferta/Uso Interno,Deduz. Individ.,Deduz. Grupos,% Ocup.,Receita Quartos,Preço Médio,Saídas,Quartos FdS,Adul. / Cri.,agosto,Previsão,23-ago-2026 dom,4,0,3,0,0,4,0,"2,96","766,36","191,59",3,0,8,152,171,63,0,0,100,52,"7,72","20 766,67","64,29",54,0,312,Total ago,152,171,63,0,0,100,52,"7,72","20 766,67","64,29",54,0,312,Total,9314,4277,3136,0,0,7756,1558,"13,79","1 007 964,95","74,16",3262,0,18104
Data,Ocup,Opção,Cheg,Oferta/Uso Interno,Deduz. Individ.,Deduz. Grupos,% Ocup.,Receita Quartos,Preço Médio,Saídas,Quartos FdS,Adul. / Cri.,agosto,Previsão,24-ago-2026 seg,4,15,1,0,0,4,0,"14,07","762,92","40,15",1,0,9,152,171,63,0,0,100,52,"7,72","20 766,67","64,29",54,0,312,Total ago,152,171,63,0,0,100,52,"7,72","20 766,67","64,29",54,0,312,Total,9314,4277,3136,0,0,7756,1558,"13,79","1 007 964,95","74,16",3262,0,18104
Data,Ocup,Opção,Cheg,Oferta/Uso Interno,Deduz. Individ.,Deduz. Grupos,% Ocup.,Receita Quartos,Preço Médio,Saídas,Quartos FdS,Adul. / Cri.,agosto,Previsão,25-ago-2026 ter,5,37,1,0,0,4,1,"31,11","876,31","20,86",0,0,10,152,171,63,0,0,100,52,"7,72","20 766,67","64,29",54,0,312,Total ago,152,171,63,0,0,100,52,"7,72","20 766,67","64,29",54,0,312,Total,9314,4277,3136,0,0,7756,1558,"13,79","1 007 964,95","74,16",3262,0,18104
Data,Ocup,Opção,Cheg,Oferta/Uso Interno,Deduz. Individ.,Deduz. Grupos,% Ocup.,Receita Quartos,Preço Médio,Saídas,Quartos FdS,Adul. / Cri.,agosto,Previsão,26-ago-2026 qua,18,37,16,0,0,1,17,"40,74","2 141,24","38,93",3,0,35,152,171,63,0,0,100,52,"7,72","20 766,67","64,29",54,0,312,Total ago,152,171,63,0,0,100,52,"7,72","20 766,67","64,29",54,0,312,Total,9314,4277,3136,0,0,7756,1558,"13,79","1 007 964,95","74,16",3262,0,18104
Data,Ocup,Opção,Cheg,Oferta/Uso Interno,Deduz. Individ.,Deduz. Grupos,% Ocup.,Receita Quartos,Preço Médio,Saídas,Quartos FdS,Adul. / Cri.,agosto,Previsão,27-ago-2026 qui,18,22,1,0,0,1,17,"29,63","2 100,24","52,51",1,0,35,152,171,63,0,0,100,52,"7,72","20 766,67","64,29",54,0,312,Total ago,152,171,63,0,0,100,52,"7,72","20 766,67","64,29",54,0,312,Total,9314,4277,3136,0,0,7756,1558,"13,79","1 007 964,95","74,16",3262,0,18104
Data,Ocup,Opção,Cheg,Oferta/Uso Interno,Deduz. Individ.,Deduz. Grupos,% Ocup.,Receita Quartos,Preço Médio,Saídas,Quartos FdS,Adul. / Cri.,agosto,Previsão,28-ago-2026 sex,17,0,0,0,0,0,17,"12,59","2 013,46","118,44",1,0,33,152,171,63,0,0,100,52,"7,72","20 766,67","64,29",54,0,312,Total ago,152,171,63,0,0,100,52,"7,72","20 766,67","64,29",54,0,312,Total,9314,4277,3136,0,0,7756,1558,"13,79","1 007 964,95","74,16",3262,0,18104
Data,Ocup,Opção,Cheg,Oferta/Uso Interno,Deduz. Individ.,Deduz. Grupos,% Ocup.,Receita Quartos,Preço Médio,Saídas,Quartos FdS,Adul. / Cri.,agosto,Previsão,29-ago-2026 sáb,1,0,1,0,0,1,0,"0,74","185,76","185,76",17,0,2,152,171,63,0,0,100,52,"7,72","20 766,67","64,29",54,0,312,Total ago,152,171,63,0,0,100,52,"7,72","20 766,67","64,29",54,0,312,Total,9314,4277,3136,0,0,7756,1558,"13,79","1 007 964,95","74,16",3262,0,18104
Data,Ocup,Opção,Cheg,Oferta/Uso Interno,Deduz. Individ.,Deduz. Grupos,% Ocup.,Receita Quartos,Preço Médio,Saídas,Quartos FdS,Adul. / Cri.,agosto,Previsão,30-ago-2026 dom,9,22,8,0,0,9,0,"22,96","1 216,00","39,23",0,0,17,152,171,63,0,0,100,52,"7,72","20 766,67","64,29",54,0,312,Total ago,152,171,63,0,0,100,52,"7,72","20 766,67","64,29",54,0,312,Total,9314,4277,3136,0,0,7756,1558,"13,79","1 007 964,95","74,16",3262,0,18104
Data,Ocup,Opção,Cheg,Oferta/Uso Interno,Deduz. Individ.,Deduz. Grupos,% Ocup.,Receita Quartos,Preço Médio,Saídas,Quartos FdS,Adul. / Cri.,agosto,Previsão,31-ago-2026 seg,13,22,4,0,0,13,0,"25,93","1 811,12","51,75",0,0,25,152,171,63,0,0,100,52,"7,72","20 766,67","64,29",54,0,312,Total ago,152,171,63,0,0,100,52,"7,72","20 766,67","64,29",54,0,312,Total,9314,4277,3136,0,0,7756,1558,"13,79","1 007 964,95","74,16",3262,0,18104
Data,Ocup,Opção,Cheg,Oferta/Uso Interno,Deduz. Individ.,Deduz. Grupos,% Ocup.,Receita Quartos,Preço Médio,Saídas,Quartos FdS,Adul. / Cri.,setembro,Previsão,01-set-2026 ter,16,44,3,0,0,15,1,"44,44","2 476,35","41,27",0,0,29,364,946,140,0,0,133,231,"32,35","57 562,76","43,94",135,0,722,Total set,364,946,140,0,0,133,231,"32,35","57 562,76","43,94",135,0,722,Total,9314,4277,3136,0,0,7756,1558,"13,79","1 007 964,95","74,16",3262,0,18104
Data,Ocup,Opção,Cheg,Oferta/Uso Interno,Deduz. Individ.,Deduz. Grupos,% Ocup.,Receita Quartos,Preço Médio,Saídas,Quartos FdS,Adul. / Cri.,setembro,Previsão,02-set-2026 qua,19,22,18,0,0,2,17,"30,37","2 833,35","69,11",15,0,37,364,946,140,0,0,133,231,"32,35","57 562,76","43,94",135,0,722,Total set,364,946,140,0,0,133,231,"32,35","57 562,76","43,94",135,0,722,Total,9314,4277,3136,0,0,7756,1558,"13,79","1 007 964,95","74,16",3262,0,18104
Data,Ocup,Opção,Cheg,Oferta/Uso Interno,Deduz. Individ.,Deduz. Grupos,% Ocup.,Receita Quartos,Preço Médio,Saídas,Quartos FdS,Adul. / Cri.,setembro,Previsão,03-set-2026 qui,20,47,1,0,0,2,18,"49,63","2 969,56","44,32",0,0,39,364,946,140,0,0,133,231,"32,35","57 562,76","43,94",135,0,722,Total set,364,946,140,0,0,133,231,"32,35","57 562,76","43,94",135,0,722,Total,9314,4277,3136,0,0,7756,1558,"13,79","1 007 964,95","74,16",3262,0,18104
Data,Ocup,Opção,Cheg,Oferta/Uso Interno,Deduz. Individ.,Deduz. Grupos,% Ocup.,Receita Quartos,Preço Médio,Saídas,Quartos FdS,Adul. / Cri.,setembro,Previsão,04-set-2026 sex,19,35,0,0,0,2,17,"40,00","2 832,88","52,46",1,0,37,364,946,140,0,0,133,231,"32,35","57 562,76","43,94",135,0,722,Total set,364,946,140,0,0,133,231,"32,35","57 562,76","43,94",135,0,722,Total,9314,4277,3136,0,0,7756,1558,"13,79","1 007 964,95","74,16",3262,0,18104
Data,Ocup,Opção,Cheg,Oferta/Uso Interno,Deduz. Individ.,Deduz. Grupos,% Ocup.,Receita Quartos,Preço Médio,Saídas,Quartos FdS,Adul. / Cri.,setembro,Previsão,05-set-2026 sáb,4,39,2,0,0,4,0,"31,85","600,07","13,96",17,0,8,364,946,140,0,0,133,231,"32,35","57 562,76","43,94",135,0,722,Total set,364,946,140,0,0,133,231,"32,35","57 562,76","43,94",135,0,722,Total,9314,4277,3136,0,0,7756,1558,"13,79","1 007 964,95","74,16",3262,0,18104
Data,Ocup,Opção,Cheg,Oferta/Uso Interno,Deduz. Individ.,Deduz. Grupos,% Ocup.,Receita Quartos,Preço Médio,Saídas,Quartos FdS,Adul. / Cri.,setembro,Previsão,06-set-2026 dom,7,13,5,0,0,7,0,"14,81","934,52","46,73",2,0,14,364,946,140,0,0,133,231,"32,35","57 562,76","43,94",135,0,722,Total set,364,946,140,0,0,133,231,"32,35","57 562,76","43,94",135,0,722,Total,9314,4277,3136,0,0,7756,1558,"13,79","1 007 964,95","74,16",3262,0,18104
Data,Ocup,Opção,Cheg,Oferta/Uso Interno,Deduz. Individ.,Deduz. Grupos,% Ocup.,Receita Quartos,Preço Médio,Saídas,Quartos FdS,Adul. / Cri.,setembro,Previsão,07-set-2026 seg,7,13,1,0,0,7,0,"14,81","1 014,79","50,74",1,0,14,364,946,140,0,0,133,231,"32,35","57 562,76","43,94",135,0,722,Total set,364,946,140,0,0,133,231,"32,35","57 562,76","43,94",135,0,722,Total,9314,4277,3136,0,0,7756,1558,"13,79","1 007 964,95","74,16",3262,0,18104
Data,Ocup,Opção,Cheg,Oferta/Uso Interno,Deduz. Individ.,Deduz. Grupos,% Ocup.,Receita Quartos,Preço Médio,Saídas,Quartos FdS,Adul. / Cri.,setembro,Previsão,08-set-2026 ter,7,26,3,0,0,6,1,"24,44","1 125,92","34,12",3,0,13,364,946,140,0,0,133,231,"32,35","57 562,76","43,94",135,0,722,Total set,364,946,140,0,0,133,231,"32,35","57 562,76","43,94",135,0,722,Total,9314,4277,3136,0,0,7756,1558,"13,79","1 007 964,95","74,16",3262,0,18104
Data,Ocup,Opção,Cheg,Oferta/Uso Interno,Deduz. Individ.,Deduz. Grupos,% Ocup.,Receita Quartos,Preço Médio,Saídas,Quartos FdS,Adul. / Cri.,setembro,Previsão,09-set-2026 qua,20,35,18,0,0,3,17,"40,74","3 044,25","55,35",5,0,39,364,946,140,0,0,133,231,"32,35","57 562,76","43,94",135,0,722,Total set,364,946,140,0,0,133,231,"32,35","57 562,76","43,94",135,0,722,Total,9314,4277,3136,0,0,7756,1558,"13,79","1 007 964,95","74,16",3262,0,18104
Data,Ocup,Opção,Cheg,Oferta/Uso Interno,Deduz. Individ.,Deduz. Grupos,% Ocup.,Receita Quartos,Preço Médio,Saídas,Quartos FdS,Adul. / Cri.,setembro,Previsão,10-set-2026 qui,20,39,0,0,0,3,17,"43,70","3 044,25","51,60",0,0,39,364,946,140,0,0,133,231,"32,35","57 562,76","43,94",135,0,722,Total set,364,946,140,0,0,133,231,"32,35","57 562,76","43,94",135,0,722,Total,9314,4277,3136,0,0,7756,1558,"13,79","1 007 964,95","74,16",3262,0,18104
Data,Ocup,Opção,Cheg,Oferta/Uso Interno,Deduz. Individ.,Deduz. Grupos,% Ocup.,Receita Quartos,Preço Médio,Saídas,Quartos FdS,Adul. / Cri.,setembro,Previsão,11-set-2026 sex,18,13,0,0,0,1,17,"22,96","2 700,91","87,13",2,0,35,364,946,140,0,0,133,231,"32,35","57 562,76","43,94",135,0,722,Total set,364,946,140,0,0,133,231,"32,35","57 562,76","43,94",135,0,722,Total,9314,4277,3136,0,0,7756,1558,"13,79","1 007 964,95","74,16",3262,0,18104
Data,Ocup,Opção,Cheg,Oferta/Uso Interno,Deduz. Individ.,Deduz. Grupos,% Ocup.,Receita Quartos,Preço Médio,Saídas,Quartos FdS,Adul. / Cri.,setembro,Previsão,12-set-2026 sáb,4,16,4,0,0,3,1,"14,81","628,82","31,44",18,0,7,364,946,140,0,0,133,231,"32,35","57 562,76","43,94",135,0,722,Total set,364,946,140,0,0,133,231,"32,35","57 562,76","43,94",135,0,722,Total,9314,4277,3136,0,0,7756,1558,"13,79","1 007 964,95","74,16",3262,0,18104
Data,Ocup,Opção,Cheg,Oferta/Uso Interno,Deduz. Individ.,Deduz. Grupos,% Ocup.,Receita Quartos,Preço Médio,Saídas,Quartos FdS,Adul. / Cri.,setembro,Previsão,13-set-2026 dom,3,35,0,0,0,3,0,"28,15","505,06","13,29",1,0,6,364,946,140,0,0,133,231,"32,35","57 562,76","43,94",135,0,722,Total set,364,946,140,0,0,133,231,"32,35","57 562,76","43,94",135,0,722,Total,9314,4277,3136,0,0,7756,1558,"13,79","1 007 964,95","74,16",3262,0,18104
Data,Ocup,Opção,Cheg,Oferta/Uso Interno,Deduz. Individ.,Deduz. Grupos,% Ocup.,Receita Quartos,Preço Médio,Saídas,Quartos FdS,Adul. / Cri.,setembro,Previsão,14-set-2026 seg,4,35,1,0,0,4,0,"28,89","636,93","16,33",0,0,8,364,946,140,0,0,133,231,"32,35","57 562,76","43,94",135,0,722,Total set,364,946,140,0,0,133,231,"32,35","57 562,76","43,94",135,0,722,Total,9314,4277,3136,0,0,7756,1558,"13,79","1 007 964,95","74,16",3262,0,18104
Data,Ocup,Opção,Cheg,Oferta/Uso Interno,Deduz. Individ.,Deduz. Grupos,% Ocup.,Receita Quartos,Preço Médio,Saídas,Quartos FdS,Adul. / Cri.,setembro,Previsão,15-set-2026 ter,7,26,4,0,0,6,1,"24,44","1 082,05","32,79",1,0,12,364,946,140,0,0,133,231,"32,35","57 562,76","43,94",135,0,722,Total set,364,946,140,0,0,133,231,"32,35","57 562,76","43,94",135,0,722,Total,9314,4277,3136,0,0,7756,1558,"13,79","1 007 964,95","74,16",3262,0,18104
Data,Ocup,Opção,Cheg,Oferta/Uso Interno,Deduz. Individ.,Deduz. Grupos,% Ocup.,Receita Quartos,Preço Médio,Saídas,Quartos FdS,Adul. / Cri.,setembro,Previsão,16-set-2026 qua,18,13,17,0,0,1,17,"22,96","2 588,83","83,51",6,0,35,364,946,140,0,0,133,231,"32,35","57 562,76","43,94",135,0,722,Total set,364,946,140,0,0,133,231,"32,35","57 562,76","43,94",135,0,722,Total,9314,4277,3136,0,0,7756,1558,"13,79","1 007 964,95","74,16",3262,0,18104
Data,Ocup,Opção,Cheg,Oferta/Uso Interno,Deduz. Individ.,Deduz. Grupos,% Ocup.,Receita Quartos,Preço Médio,Saídas,Quartos FdS,Adul. / Cri.,setembro,Previsão,17-set-2026 qui,20,16,2,0,0,2,18,"26,67","2 900,28","80,56",0,0,38,364,946,140,0,0,133,231,"32,35","57 562,76","43,94",135,0,722,Total set,364,946,140,0,0,133,231,"32,35","57 562,76","43,94",135,0,722,Total,9314,4277,3136,0,0,7756,1558,"13,79","1 007 964,95","74,16",3262,0,18104
Data,Ocup,Opção,Cheg,Oferta/Uso Interno,Deduz. Individ.,Deduz. Grupos,% Ocup.,Receita Quartos,Preço Médio,Saídas,Quartos FdS,Adul. / Cri.,setembro,Previsão,18-set-2026 sex,28,13,10,0,0,11,17,"30,37","5 060,82","123,43",2,0,60,364,946,140,0,0,133,231,"32,35","57 562,76","43,94",135,0,722,Total set,364,946,140,0,0,133,231,"32,35","57 562,76","43,94",135,0,722,Total,9314,4277,3136,0,0,7756,1558,"13,79","1 007 964,95","74,16",3262,0,18104
Data,Ocup,Opção,Cheg,Oferta/Uso Interno,Deduz. Individ.,Deduz. Grupos,% Ocup.,Receita Quartos,Preço Médio,Saídas,Quartos FdS,Adul. / Cri.,setembro,Previsão,19-set-2026 sáb,12,17,2,0,0,12,0,"21,48","2 853,00","98,38",18,0,30,364,946,140,0,0,133,231,"32,35","57 562,76","43,94",135,0,722,Total set,364,946,140,0,0,133,231,"32,35","57 562,76","43,94",135,0,722,Total,9314,4277,3136,0,0,7756,1558,"13,79","1 007 964,95","74,16",3262,0,18104
Data,Ocup,Opção,Cheg,Oferta/Uso Interno,Deduz. Individ.,Deduz. Grupos,% Ocup.,Receita Quartos,Preço Médio,Saídas,Quartos FdS,Adul. / Cri.,setembro,Previsão,20-set-2026 dom,11,35,0,0,0,11,0,"34,07","2 611,94","56,78",1,0,28,364,946,140,0,0,133,231,"32,35","57 562,76","43,94",135,0,722,Total set,364,946,140,0,0,133,231,"32,35","57 562,76","43,94",135,0,722,Total,9314,4277,3136,0,0,7756,1558,"13,79","1 007 964,95","74,16",3262,0,18104
Data,Ocup,Opção,Cheg,Oferta/Uso Interno,Deduz. Individ.,Deduz. Grupos,% Ocup.,Receita Quartos,Preço Médio,Saídas,Quartos FdS,Adul. / Cri.,setembro,Previsão,21-set-2026 seg,1,35,1,0,0,1,0,"26,67","219,79","6,11",11,0,2,364,946,140,0,0,133,231,"32,35","57 562,76","43,94",135,0,722,Total set,364,946,140,0,0,133,231,"32,35","57 562,76","43,94",135,0,722,Total,9314,4277,3136,0,0,7756,1558,"13,79","1 007 964,95","74,16",3262,0,18104
Data,Ocup,Opção,Cheg,Oferta/Uso Interno,Deduz. Individ.,Deduz. Grupos,% Ocup.,Receita Quartos,Preço Médio,Saídas,Quartos FdS,Adul. / Cri.,setembro,Previsão,22-set-2026 ter,4,46,3,0,0,3,1,"37,04","611,35","12,23",0,0,7,364,946,140,0,0,133,231,"32,35","57 562,76","43,94",135,0,722,Total set,364,946,140,0,0,133,231,"32,35","57 562,76","43,94",135,0,722,Total,9314,4277,3136,0,0,7756,1558,"13,79","1 007 964,95","74,16",3262,0,18104
Data,Ocup,Opção,Cheg,Oferta/Uso Interno,Deduz. Individ.,Deduz. Grupos,% Ocup.,Receita Quartos,Preço Médio,Saídas,Quartos FdS,Adul. / Cri.,setembro,Previsão,23-set-2026 qua,21,33,18,0,0,4,17,"40,00","3 036,97","56,24",1,0,41,364,946,140,0,0,133,231,"32,35","57 562,76","43,94",135,0,722,Total set,364,946,140,0,0,133,231,"32,35","57 562,76","43,94",135,0,722,Total,9314,4277,3136,0,0,7756,1558,"13,79","1 007 964,95","74,16",3262,0,18104
Data,Ocup,Opção,Cheg,Oferta/Uso Interno,Deduz. Individ.,Deduz. Grupos,% Ocup.,Receita Quartos,Preço Médio,Saídas,Quartos FdS,Adul. / Cri.,setembro,Previsão,24-set-2026 qui,22,37,2,0,0,5,17,"43,70","3 130,01","53,05",1,0,43,364,946,140,0,0,133,231,"32,35","57 562,76","43,94",135,0,722,Total set,364,946,140,0,0,133,231,"32,35","57 562,76","43,94",135,0,722,Total,9314,4277,3136,0,0,7756,1558,"13,79","1 007 964,95","74,16",3262,0,18104
Data,Ocup,Opção,Cheg,Oferta/Uso Interno,Deduz. Individ.,Deduz. Grupos,% Ocup.,Receita Quartos,Preço Médio,Saídas,Quartos FdS,Adul. / Cri.,setembro,Previsão,25-set-2026 sex,23,33,2,0,0,6,17,"41,48","3 410,35","60,90",1,0,45,364,946,140,0,0,133,231,"32,35","57 562,76","43,94",135,0,722,Total set,364,946,140,0,0,133,231,"32,35","57 562,76","43,94",135,0,722,Total,9314,4277,3136,0,0,7756,1558,"13,79","1 007 964,95","74,16",3262,0,18104
Data,Ocup,Opção,Cheg,Oferta/Uso Interno,Deduz. Individ.,Deduz. Grupos,% Ocup.,Receita Quartos,Preço Médio,Saídas,Quartos FdS,Adul. / Cri.,setembro,Previsão,26-set-2026 sáb,5,14,2,0,0,3,2,"14,07","655,38","34,49",20,0,10,364,946,140,0,0,133,231,"32,35","57 562,76","43,94",135,0,722,Total set,364,946,140,0,0,133,231,"32,35","57 562,76","43,94",135,0,722,Total,9314,4277,3136,0,0,7756,1558,"13,79","1 007 964,95","74,16",3262,0,18104
Data,Ocup,Opção,Cheg,Oferta/Uso Interno,Deduz. Individ.,Deduz. Grupos,% Ocup.,Receita Quartos,Preço Médio,Saídas,Quartos FdS,Adul. / Cri.,setembro,Previsão,27-set-2026 dom,0,36,0,0,0,0,0,"26,67",-,-,5,0,0,364,946,140,0,0,133,231,"32,35","57 562,76","43,94",135,0,722,Total set,364,946,140,0,0,133,231,"32,35","57 562,76","43,94",135,0,722,Total,9314,4277,3136,0,0,7756,1558,"13,79","1 007 964,95","74,16",3262,0,18104
Data,Ocup,Opção,Cheg,Oferta/Uso Interno,Deduz. Individ.,Deduz. Grupos,% Ocup.,Receita Quartos,Preço Médio,Saídas,Quartos FdS,Adul. / Cri.,setembro,Previsão,28-set-2026 seg,3,56,3,0,0,3,0,"43,70","557,89","9,46",0,0,6,364,946,140,0,0,133,231,"32,35","57 562,76","43,94",135,0,722,Total set,364,946,140,0,0,133,231,"32,35","57 562,76","43,94",135,0,722,Total,9314,4277,3136,0,0,7756,1558,"13,79","1 007 964,95","74,16",3262,0,18104
Data,Ocup,Opção,Cheg,Oferta/Uso Interno,Deduz. Individ.,Deduz. Grupos,% Ocup.,Receita Quartos,Preço Médio,Saídas,Quartos FdS,Adul. / Cri.,setembro,Previsão,29-set-2026 ter,3,69,1,0,0,2,1,"53,33","656,10","9,11",1,0,5,364,946,140,0,0,133,231,"32,35","57 562,76","43,94",135,0,722,Total set,364,946,140,0,0,133,231,"32,35","57 562,76","43,94",135,0,722,Total,9314,4277,3136,0,0,7756,1558,"13,79","1 007 964,95","74,16",3262,0,18104
Data,Ocup,Opção,Cheg,Oferta/Uso Interno,Deduz. Individ.,Deduz. Grupos,% Ocup.,Receita Quartos,Preço Médio,Saídas,Quartos FdS,Adul. / Cri.,setembro,Previsão,30-set-2026 qua,18,55,17,0,0,1,17,"54,07","2 840,35","38,91",2,0,35,364,946,140,0,0,133,231,"32,35","57 562,76","43,94",135,0,722,Total set,364,946,140,0,0,133,231,"32,35","57 562,76","43,94",135,0,722,Total,9314,4277,3136,0,0,7756,1558,"13,79","1 007 964,95","74,16",3262,0,18104
Data,Ocup,Opção,Cheg,Oferta/Uso Interno,Deduz. Individ.,Deduz. Grupos,% Ocup.,Receita Quartos,Preço Médio,Saídas,Quartos FdS,Adul. / Cri.,outubro,Previsão,01-out-2026 qui,18,39,0,0,0,1,17,"42,22","2 783,90","48,84",0,0,35,326,486,105,0,0,83,243,"19,40","49 179,91","60,57",123,0,642,Total out,326,486,105,0,0,83,243,"19,40","49 179,91","60,57",123,0,642,Total,9314,4277,3136,0,0,7756,1558,"13,79","1 007 964,95","74,16",3262,0,18104
Data,Ocup,Opção,Cheg,Oferta/Uso Interno,Deduz. Individ.,Deduz. Grupos,% Ocup.,Receita Quartos,Preço Médio,Saídas,Quartos FdS,Adul. / Cri.,outubro,Previsão,02-out-2026 sex,18,13,0,0,0,1,17,"22,96","2 626,47","84,72",0,0,35,326,486,105,0,0,83,243,"19,40","49 179,91","60,57",123,0,642,Total out,326,486,105,0,0,83,243,"19,40","49 179,91","60,57",123,0,642,Total,9314,4277,3136,0,0,7756,1558,"13,79","1 007 964,95","74,16",3262,0,18104
Data,Ocup,Opção,Cheg,Oferta/Uso Interno,Deduz. Individ.,Deduz. Grupos,% Ocup.,Receita Quartos,Preço Médio,Saídas,Quartos FdS,Adul. / Cri.,outubro,Previsão,03-out-2026 sáb,1,18,0,0,0,1,0,"14,07","131,88","6,94",17,0,2,326,486,105,0,0,83,243,"19,40","49 179,91","60,57",123,0,642,Total out,326,486,105,0,0,83,243,"19,40","49 179,91","60,57",123,0,642,Total,9314,4277,3136,0,0,7756,1558,"13,79","1 007 964,95","74,16",3262,0,18104
Data,Ocup,Opção,Cheg,Oferta/Uso Interno,Deduz. Individ.,Deduz. Grupos,% Ocup.,Receita Quartos,Preço Médio,Saídas,Quartos FdS,Adul. / Cri.,outubro,Previsão,04-out-2026 dom,3,14,2,0,0,3,0,"12,59","491,08","28,89",0,0,6,326,486,105,0,0,83,243,"19,40","49 179,91","60,57",123,0,642,Total out,326,486,105,0,0,83,243,"19,40","49 179,91","60,57",123,0,642,Total,9314,4277,3136,0,0,7756,1558,"13,79","1 007 964,95","74,16",3262,0,18104
Data,Ocup,Opção,Cheg,Oferta/Uso Interno,Deduz. Individ.,Deduz. Grupos,% Ocup.,Receita Quartos,Preço Médio,Saídas,Quartos FdS,Adul. / Cri.,outubro,Previsão,05-out-2026 seg,10,14,8,0,0,10,0,"17,78","1 604,72","66,86",1,0,17,326,486,105,0,0,83,243,"19,40","49 179,91","60,57",123,0,642,Total out,326,486,105,0,0,83,243,"19,40","49 179,91","60,57",123,0,642,Total,9314,4277,3136,0,0,7756,1558,"13,79","1 007 964,95","74,16",3262,0,18104
Data,Ocup,Opção,Cheg,Oferta/Uso Interno,Deduz. Individ.,Deduz. Grupos,% Ocup.,Receita Quartos,Preço Médio,Saídas,Quartos FdS,Adul. / Cri.,outubro,Previsão,06-out-2026 ter,13,5,3,0,0,11,2,"13,33","2 012,22","111,79",0,0,22,326,486,105,0,0,83,243,"19,40","49 179,91","60,57",123,0,642,Total out,326,486,105,0,0,83,243,"19,40","49 179,91","60,57",123,0,642,Total,9314,4277,3136,0,0,7756,1558,"13,79","1 007 964,95","74,16",3262,0,18104
Data,Ocup,Opção,Cheg,Oferta/Uso Interno,Deduz. Individ.,Deduz. Grupos,% Ocup.,Receita Quartos,Preço Médio,Saídas,Quartos FdS,Adul. / Cri.,outubro,Previsão,07-out-2026 qua,19,14,17,0,0,2,17,"24,44","2 760,76","83,66",11,0,37,326,486,105,0,0,83,243,"19,40","49 179,91","60,57",123,0,642,Total out,326,486,105,0,0,83,243,"19,40","49 179,91","60,57",123,0,642,Total,9314,4277,3136,0,0,7756,1558,"13,79","1 007 964,95","74,16",3262,0,18104
Data,Ocup,Opção,Cheg,Oferta/Uso Interno,Deduz. Individ.,Deduz. Grupos,% Ocup.,Receita Quartos,Preço Médio,Saídas,Quartos FdS,Adul. / Cri.,outubro,Previsão,08-out-2026 qui,19,18,0,0,0,2,17,"27,41","2 800,03","75,68",0,0,37,326,486,105,0,0,83,243,"19,40","49 179,91","60,57",123,0,642,Total out,326,486,105,0,0,83,243,"19,40","49 179,91","60,57",123,0,642,Total,9314,4277,3136,0,0,7756,1558,"13,79","1 007 964,95","74,16",3262,0,18104
Data,Ocup,Opção,Cheg,Oferta/Uso Interno,Deduz. Individ.,Deduz. Grupos,% Ocup.,Receita Quartos,Preço Médio,Saídas,Quartos FdS,Adul. / Cri.,outubro,Previsão,09-out-2026 sex,19,14,1,0,0,2,17,"24,44","2 759,91","83,63",1,0,37,326,486,105,0,0,83,243,"19,40","49 179,91","60,57",123,0,642,Total out,326,486,105,0,0,83,243,"19,40","49 179,91","60,57",123,0,642,Total,9314,4277,3136,0,0,7756,1558,"13,79","1 007 964,95","74,16",3262,0,18104
Data,Ocup,Opção,Cheg,Oferta/Uso Interno,Deduz. Individ.,Deduz. Grupos,% Ocup.,Receita Quartos,Preço Médio,Saídas,Quartos FdS,Adul. / Cri.,outubro,Previsão,10-out-2026 sáb,6,48,5,0,0,6,0,"40,00","1 731,87","32,07",18,0,19,326,486,105,0,0,83,243,"19,40","49 179,91","60,57",123,0,642,Total out,326,486,105,0,0,83,243,"19,40","49 179,91","60,57",123,0,642,Total,9314,4277,3136,0,0,7756,1558,"13,79","1 007 964,95","74,16",3262,0,18104
Data,Ocup,Opção,Cheg,Oferta/Uso Interno,Deduz. Individ.,Deduz. Grupos,% Ocup.,Receita Quartos,Preço Médio,Saídas,Quartos FdS,Adul. / Cri.,outubro,Previsão,11-out-2026 dom,5,44,0,0,0,5,0,"36,30","1 479,11","30,19",1,0,17,326,486,105,0,0,83,243,"19,40","49 179,91","60,57",123,0,642,Total out,326,486,105,0,0,83,243,"19,40","49 179,91","60,57",123,0,642,Total,9314,4277,3136,0,0,7756,1558,"13,79","1 007 964,95","74,16",3262,0,18104
Data,Ocup,Opção,Cheg,Oferta/Uso Interno,Deduz. Individ.,Deduz. Grupos,% Ocup.,Receita Quartos,Preço Médio,Saídas,Quartos FdS,Adul. / Cri.,outubro,Previsão,12-out-2026 seg,0,44,0,0,0,0,0,"32,59",-,-,5,0,0,326,486,105,0,0,83,243,"19,40","49 179,91","60,57",123,0,642,Total out,326,486,105,0,0,83,243,"19,40","49 179,91","60,57",123,0,642,Total,9314,4277,3136,0,0,7756,1558,"13,79","1 007 964,95","74,16",3262,0,18104
Data,Ocup,Opção,Cheg,Oferta/Uso Interno,Deduz. Individ.,Deduz. Grupos,% Ocup.,Receita Quartos,Preço Médio,Saídas,Quartos FdS,Adul. / Cri.,outubro,Previsão,13-out-2026 ter,4,35,4,0,0,3,1,"28,89","600,91","15,41",0,0,7,326,486,105,0,0,83,243,"19,40","49 179,91","60,57",123,0,642,Total out,326,486,105,0,0,83,243,"19,40","49 179,91","60,57",123,0,642,Total,9314,4277,3136,0,0,7756,1558,"13,79","1 007 964,95","74,16",3262,0,18104
Data,Ocup,Opção,Cheg,Oferta/Uso Interno,Deduz. Individ.,Deduz. Grupos,% Ocup.,Receita Quartos,Preço Médio,Saídas,Quartos FdS,Adul. / Cri.,outubro,Previsão,14-out-2026 qua,18,14,16,0,0,1,17,"23,70","2 607,75","81,49",2,0,35,326,486,105,0,0,83,243,"19,40","49 179,91","60,57",123,0,642,Total out,326,486,105,0,0,83,243,"19,40","49 179,91","60,57",123,0,642,Total,9314,4277,3136,0,0,7756,1558,"13,79","1 007 964,95","74,16",3262,0,18104
Data,Ocup,Opção,Cheg,Oferta/Uso Interno,Deduz. Individ.,Deduz. Grupos,% Ocup.,Receita Quartos,Preço Médio,Saídas,Quartos FdS,Adul. / Cri.,outubro,Previsão,15-out-2026 qui,17,19,0,0,0,0,17,"26,67","2 494,59","69,29",1,0,33,326,486,105,0,0,83,243,"19,40","49 179,91","60,57",123,0,642,Total out,326,486,105,0,0,83,243,"19,40","49 179,91","60,57",123,0,642,Total,9314,4277,3136,0,0,7756,1558,"13,79","1 007 964,95","74,16",3262,0,18104
Data,Ocup,Opção,Cheg,Oferta/Uso Interno,Deduz. Individ.,Deduz. Grupos,% Ocup.,Receita Quartos,Preço Médio,Saídas,Quartos FdS,Adul. / Cri.,outubro,Previsão,16-out-2026 sex,19,15,2,0,0,2,17,"25,19","2 833,37","83,33",0,0,37,326,486,105,0,0,83,243,"19,40","49 179,91","60,57",123,0,642,Total out,326,486,105,0,0,83,243,"19,40","49 179,91","60,57",123,0,642,Total,9314,4277,3136,0,0,7756,1558,"13,79","1 007 964,95","74,16",3262,0,18104
Data,Ocup,Opção,Cheg,Oferta/Uso Interno,Deduz. Individ.,Deduz. Grupos,% Ocup.,Receita Quartos,Preço Médio,Saídas,Quartos FdS,Adul. / Cri.,outubro,Previsão,17-out-2026 sáb,2,18,0,0,0,2,0,"14,81","338,77","16,94",17,0,4,326,486,105,0,0,83,243,"19,40","49 179,91","60,57",123,0,642,Total out,326,486,105,0,0,83,243,"19,40","49 179,91","60,57",123,0,642,Total,9314,4277,3136,0,0,7756,1558,"13,79","1 007 964,95","74,16",3262,0,18104
Data,Ocup,Opção,Cheg,Oferta/Uso Interno,Deduz. Individ.,Deduz. Grupos,% Ocup.,Receita Quartos,Preço Médio,Saídas,Quartos FdS,Adul. / Cri.,outubro,Previsão,18-out-2026 dom,2,14,2,0,0,2,0,"11,85","204,28","12,77",2,0,4,326,486,105,0,0,83,243,"19,40","49 179,91","60,57",123,0,642,Total out,326,486,105,0,0,83,243,"19,40","49 179,91","60,57",123,0,642,Total,9314,4277,3136,0,0,7756,1558,"13,79","1 007 964,95","74,16",3262,0,18104
Data,Ocup,Opção,Cheg,Oferta/Uso Interno,Deduz. Individ.,Deduz. Grupos,% Ocup.,Receita Quartos,Preço Médio,Saídas,Quartos FdS,Adul. / Cri.,outubro,Previsão,19-out-2026 seg,4,13,2,0,0,4,0,"12,59","422,55","24,86",0,0,8,326,486,105,0,0,83,243,"19,40","49 179,91","60,57",123,0,642,Total out,326,486,105,0,0,83,243,"19,40","49 179,91","60,57",123,0,642,Total,9314,4277,3136,0,0,7756,1558,"13,79","1 007 964,95","74,16",3262,0,18104
Data,Ocup,Opção,Cheg,Oferta/Uso Interno,Deduz. Individ.,Deduz. Grupos,% Ocup.,Receita Quartos,Preço Médio,Saídas,Quartos FdS,Adul. / Cri.,outubro,Previsão,20-out-2026 ter,8,0,5,0,0,7,1,"5,93","1 081,46","135,18",1,0,15,326,486,105,0,0,83,243,"19,40","49 179,91","60,57",123,0,642,Total out,326,486,105,0,0,83,243,"19,40","49 179,91","60,57",123,0,642,Total,9314,4277,3136,0,0,7756,1558,"13,79","1 007 964,95","74,16",3262,0,18104
Data,Ocup,Opção,Cheg,Oferta/Uso Interno,Deduz. Individ.,Deduz. Grupos,% Ocup.,Receita Quartos,Preço Médio,Saídas,Quartos FdS,Adul. / Cri.,outubro,Previsão,21-out-2026 qua,20,0,17,0,0,3,17,"14,81","2 821,99","141,10",5,0,39,326,486,105,0,0,83,243,"19,40","49 179,91","60,57",123,0,642,Total out,326,486,105,0,0,83,243,"19,40","49 179,91","60,57",123,0,642,Total,9314,4277,3136,0,0,7756,1558,"13,79","1 007 964,95","74,16",3262,0,18104
Data,Ocup,Opção,Cheg,Oferta/Uso Interno,Deduz. Individ.,Deduz. Grupos,% Ocup.,Receita Quartos,Preço Médio,Saídas,Quartos FdS,Adul. / Cri.,outubro,Previsão,22-out-2026 qui,19,4,1,0,0,2,17,"17,04","2 763,35","120,15",2,0,37,326,486,105,0,0,83,243,"19,40","49 179,91","60,57",123,0,642,Total out,326,486,105,0,0,83,243,"19,40","49 179,91","60,57",123,0,642,Total,9314,4277,3136,0,0,7756,1558,"13,79","1 007 964,95","74,16",3262,0,18104
Data,Ocup,Opção,Cheg,Oferta/Uso Interno,Deduz. Individ.,Deduz. Grupos,% Ocup.,Receita Quartos,Preço Médio,Saídas,Quartos FdS,Adul. / Cri.,outubro,Previsão,23-out-2026 sex,20,13,1,0,0,3,17,"24,44","2 902,65","87,96",0,0,39,326,486,105,0,0,83,243,"19,40","49 179,91","60,57",123,0,642,Total out,326,486,105,0,0,83,243,"19,40","49 179,91","60,57",123,0,642,Total,9314,4277,3136,0,0,7756,1558,"13,79","1 007 964,95","74,16",3262,0,18104
Data,Ocup,Opção,Cheg,Oferta/Uso Interno,Deduz. Individ.,Deduz. Grupos,% Ocup.,Receita Quartos,Preço Médio,Saídas,Quartos FdS,Adul. / Cri.,outubro,Previsão,24-out-2026 sáb,2,17,0,0,0,2,0,"14,07","265,21","13,96",18,0,4,326,486,105,0,0,83,243,"19,40","49 179,91","60,57",123,0,642,Total out,326,486,105,0,0,83,243,"19,40","49 179,91","60,57",123,0,642,Total,9314,4277,3136,0,0,7756,1558,"13,79","1 007 964,95","74,16",3262,0,18104
Data,Ocup,Opção,Cheg,Oferta/Uso Interno,Deduz. Individ.,Deduz. Grupos,% Ocup.,Receita Quartos,Preço Médio,Saídas,Quartos FdS,Adul. / Cri.,outubro,Previsão,25-out-2026 dom,2,26,0,0,0,2,0,"20,74","265,21","9,47",0,0,4,326,486,105,0,0,83,243,"19,40","49 179,91","60,57",123,0,642,Total out,326,486,105,0,0,83,243,"19,40","49 179,91","60,57",123,0,642,Total,9314,4277,3136,0,0,7756,1558,"13,79","1 007 964,95","74,16",3262,0,18104
Data,Ocup,Opção,Cheg,Oferta/Uso Interno,Deduz. Individ.,Deduz. Grupos,% Ocup.,Receita Quartos,Preço Médio,Saídas,Quartos FdS,Adul. / Cri.,outubro,Previsão,26-out-2026 seg,2,13,1,0,0,2,0,"11,11","305,85","20,39",1,0,4,326,486,105,0,0,83,243,"19,40","49 179,91","60,57",123,0,642,Total out,326,486,105,0,0,83,243,"19,40","49 179,91","60,57",123,0,642,Total,9314,4277,3136,0,0,7756,1558,"13,79","1 007 964,95","74,16",3262,0,18104
Data,Ocup,Opção,Cheg,Oferta/Uso Interno,Deduz. Individ.,Deduz. Grupos,% Ocup.,Receita Quartos,Preço Médio,Saídas,Quartos FdS,Adul. / Cri.,outubro,Previsão,27-out-2026 ter,3,0,2,0,0,2,1,"2,22","387,97","129,32",1,0,5,326,486,105,0,0,83,243,"19,40","49 179,91","60,57",123,0,642,Total out,326,486,105,0,0,83,243,"19,40","49 179,91","60,57",123,0,642,Total,9314,4277,3136,0,0,7756,1558,"13,79","1 007 964,95","74,16",3262,0,18104
Data,Ocup,Opção,Cheg,Oferta/Uso Interno,Deduz. Individ.,Deduz. Grupos,% Ocup.,Receita Quartos,Preço Médio,Saídas,Quartos FdS,Adul. / Cri.,outubro,Previsão,28-out-2026 qua,18,0,16,0,0,1,17,"13,33","2 603,73","144,65",1,0,35,326,486,105,0,0,83,243,"19,40","49 179,91","60,57",123,0,642,Total out,326,486,105,0,0,83,243,"19,40","49 179,91","60,57",123,0,642,Total,9314,4277,3136,0,0,7756,1558,"13,79","1 007 964,95","74,16",3262,0,18104
Data,Ocup,Opção,Cheg,Oferta/Uso Interno,Deduz. Individ.,Deduz. Grupos,% Ocup.,Receita Quartos,Preço Médio,Saídas,Quartos FdS,Adul. / Cri.,outubro,Previsão,29-out-2026 qui,18,0,0,0,0,1,17,"13,33","2 603,73","144,65",0,0,35,326,486,105,0,0,83,243,"19,40","49 179,91","60,57",123,0,642,Total out,326,486,105,0,0,83,243,"19,40","49 179,91","60,57",123,0,642,Total,9314,4277,3136,0,0,7756,1558,"13,79","1 007 964,95","74,16",3262,0,18104
Data,Ocup,Opção,Cheg,Oferta/Uso Interno,Deduz. Individ.,Deduz. Grupos,% Ocup.,Receita Quartos,Preço Médio,Saídas,Quartos FdS,Adul. / Cri.,outubro,Previsão,30-out-2026 sex,17,0,0,0,0,0,17,"12,59","2 494,59","146,74",1,0,33,326,486,105,0,0,83,243,"19,40","49 179,91","60,57",123,0,642,Total out,326,486,105,0,0,83,243,"19,40","49 179,91","60,57",123,0,642,Total,9314,4277,3136,0,0,7756,1558,"13,79","1 007 964,95","74,16",3262,0,18104
Data,Ocup,Opção,Cheg,Oferta/Uso Interno,Deduz. Individ.,Deduz. Grupos,% Ocup.,Receita Quartos,Preço Médio,Saídas,Quartos FdS,Adul. / Cri.,outubro,Previsão,31-out-2026 sáb,0,0,0,0,0,0,0,-,-,NaN,17,0,0,326,486,105,0,0,83,243,"19,40","49 179,91","60,57",123,0,642,Total out,326,486,105,0,0,83,243,"19,40","49 179,91","60,57",123,0,642,Total,9314,4277,3136,0,0,7756,1558,"13,79","1 007 964,95","74,16",3262,0,18104
Data,Ocup,Opção,Cheg,Oferta/Uso Interno,Deduz. Individ.,Deduz. Grupos,% Ocup.,Receita Quartos,Preço Médio,Saídas,Quartos FdS,Adul. / Cri.,novembro,Previsão,01-nov-2026 dom,1,0,1,0,0,1,0,"0,74","79,70","79,70",0,0,2,16,67,5,0,0,16,0,"2,05","1 595,91","19,23",5,0,29,Total nov,16,67,5,0,0,16,0,"2,05","1 595,91","19,23",5,0,29,Total,9314,4277,3136,0,0,7756,1558,"13,79","1 007 964,95","74,16",3262,0,18104
Data,Ocup,Opção,Cheg,Oferta/Uso Interno,Deduz. Individ.,Deduz. Grupos,% Ocup.,Receita Quartos,Preço Médio,Saídas,Quartos FdS,Adul. / Cri.,novembro,Previsão,02-nov-2026 seg,2,0,1,0,0,2,0,"1,48","166,55","83,27",0,0,4,16,67,5,0,0,16,0,"2,05","1 595,91","19,23",5,0,29,Total nov,16,67,5,0,0,16,0,"2,05","1 595,91","19,23",5,0,29,Total,9314,4277,3136,0,0,7756,1558,"13,79","1 007 964,95","74,16",3262,0,18104
Data,Ocup,Opção,Cheg,Oferta/Uso Interno,Deduz. Individ.,Deduz. Grupos,% Ocup.,Receita Quartos,Preço Médio,Saídas,Quartos FdS,Adul. / Cri.,novembro,Previsão,03-nov-2026 ter,2,0,0,0,0,2,0,"1,48","166,53","83,26",0,0,4,16,67,5,0,0,16,0,"2,05","1 595,91","19,23",5,0,29,Total nov,16,67,5,0,0,16,0,"2,05","1 595,91","19,23",5,0,29,Total,9314,4277,3136,0,0,7756,1558,"13,79","1 007 964,95","74,16",3262,0,18104
Data,Ocup,Opção,Cheg,Oferta/Uso Interno,Deduz. Individ.,Deduz. Grupos,% Ocup.,Receita Quartos,Preço Médio,Saídas,Quartos FdS,Adul. / Cri.,novembro,Previsão,04-nov-2026 qua,2,0,0,0,0,2,0,"1,48","166,53","83,26",0,0,4,16,67,5,0,0,16,0,"2,05","1 595,91","19,23",5,0,29,Total nov,16,67,5,0,0,16,0,"2,05","1 595,91","19,23",5,0,29,Total,9314,4277,3136,0,0,7756,1558,"13,79","1 007 964,95","74,16",3262,0,18104
Data,Ocup,Opção,Cheg,Oferta/Uso Interno,Deduz. Individ.,Deduz. Grupos,% Ocup.,Receita Quartos,Preço Médio,Saídas,Quartos FdS,Adul. / Cri.,novembro,Previsão,05-nov-2026 qui,1,0,0,0,0,1,0,"0,74","86,83","86,83",1,0,2,16,67,5,0,0,16,0,"2,05","1 595,91","19,23",5,0,29,Total nov,16,67,5,0,0,16,0,"2,05","1 595,91","19,23",5,0,29,Total,9314,4277,3136,0,0,7756,1558,"13,79","1 007 964,95","74,16",3262,0,18104
Data,Ocup,Opção,Cheg,Oferta/Uso Interno,Deduz. Individ.,Deduz. Grupos,% Ocup.,Receita Quartos,Preço Médio,Saídas,Quartos FdS,Adul. / Cri.,novembro,Previsão,06-nov-2026 sex,1,0,1,0,0,1,0,"0,74","127,02","127,02",1,0,1,16,67,5,0,0,16,0,"2,05","1 595,91","19,23",5,0,29,Total nov,16,67,5,0,0,16,0,"2,05","1 595,91","19,23",5,0,29,Total,9314,4277,3136,0,0,7756,1558,"13,79","1 007 964,95","74,16",3262,0,18104
Data,Ocup,Opção,Cheg,Oferta/Uso Interno,Deduz. Individ.,Deduz. Grupos,% Ocup.,Receita Quartos,Preço Médio,Saídas,Quartos FdS,Adul. / Cri.,novembro,Previsão,07-nov-2026 sáb,1,0,0,0,0,1,0,"0,74","127,02","127,02",0,0,1,16,67,5,0,0,16,0,"2,05","1 595,91","19,23",5,0,29,Total nov,16,67,5,0,0,16,0,"2,05","1 595,91","19,23",5,0,29,Total,9314,4277,3136,0,0,7756,1558,"13,79","1 007 964,95","74,16",3262,0,18104
Data,Ocup,Opção,Cheg,Oferta/Uso Interno,Deduz. Individ.,Deduz. Grupos,% Ocup.,Receita Quartos,Preço Médio,Saídas,Quartos FdS,Adul. / Cri.,novembro,Previsão,08-nov-2026 dom,1,0,0,0,0,1,0,"0,74","112,58","112,58",0,0,1,16,67,5,0,0,16,0,"2,05","1 595,91","19,23",5,0,29,Total nov,16,67,5,0,0,16,0,"2,05","1 595,91","19,23",5,0,29,Total,9314,4277,3136,0,0,7756,1558,"13,79","1 007 964,95","74,16",3262,0,18104
Data,Ocup,Opção,Cheg,Oferta/Uso Interno,Deduz. Individ.,Deduz. Grupos,% Ocup.,Receita Quartos,Preço Médio,Saídas,Quartos FdS,Adul. / Cri.,novembro,Previsão,09-nov-2026 seg,0,0,0,0,0,0,0,-,-,NaN,1,0,0,16,67,5,0,0,16,0,"2,05","1 595,91","19,23",5,0,29,Total nov,16,67,5,0,0,16,0,"2,05","1 595,91","19,23",5,0,29,Total,9314,4277,3136,0,0,7756,1558,"13,79","1 007 964,95","74,16",3262,0,18104
Data,Ocup,Opção,Cheg,Oferta/Uso Interno,Deduz. Individ.,Deduz. Grupos,% Ocup.,Receita Quartos,Preço Médio,Saídas,Quartos FdS,Adul. / Cri.,novembro,Previsão,10-nov-2026 ter,0,0,0,0,0,0,0,-,-,NaN,0,0,0,16,67,5,0,0,16,0,"2,05","1 595,91","19,23",5,0,29,Total nov,16,67,5,0,0,16,0,"2,05","1 595,91","19,23",5,0,29,Total,9314,4277,3136,0,0,7756,1558,"13,79","1 007 964,95","74,16",3262,0,18104
Data,Ocup,Opção,Cheg,Oferta/Uso Interno,Deduz. Individ.,Deduz. Grupos,% Ocup.,Receita Quartos,Preço Médio,Saídas,Quartos FdS,Adul. / Cri.,novembro,Previsão,11-nov-2026 qua,0,0,0,0,0,0,0,-,-,NaN,0,0,0,16,67,5,0,0,16,0,"2,05","1 595,91","19,23",5,0,29,Total nov,16,67,5,0,0,16,0,"2,05","1 595,91","19,23",5,0,29,Total,9314,4277,3136,0,0,7756,1558,"13,79","1 007 964,95","74,16",3262,0,18104
Data,Ocup,Opção,Cheg,Oferta/Uso Interno,Deduz. Individ.,Deduz. Grupos,% Ocup.,Receita Quartos,Preço Médio,Saídas,Quartos FdS,Adul. / Cri.,novembro,Previsão,12-nov-2026 qui,0,0,0,0,0,0,0,-,-,NaN,0,0,0,16,67,5,0,0,16,0,"2,05","1 595,91","19,23",5,0,29,Total nov,16,67,5,0,0,16,0,"2,05","1 595,91","19,23",5,0,29,Total,9314,4277,3136,0,0,7756,1558,"13,79","1 007 964,95","74,16",3262,0,18104
Data,Ocup,Opção,Cheg,Oferta/Uso Interno,Deduz. Individ.,Deduz. Grupos,% Ocup.,Receita Quartos,Preço Médio,Saídas,Quartos FdS,Adul. / Cri.,novembro,Previsão,13-nov-2026 sex,0,0,0,0,0,0,0,-,-,NaN,0,0,0,16,67,5,0,0,16,0,"2,05","1 595,91","19,23",5,0,29,Total nov,16,67,5,0,0,16,0,"2,05","1 595,91","19,23",5,0,29,Total,9314,4277,3136,0,0,7756,1558,"13,79","1 007 964,95","74,16",3262,0,18104
Data,Ocup,Opção,Cheg,Oferta/Uso Interno,Deduz. Individ.,Deduz. Grupos,% Ocup.,Receita Quartos,Preço Médio,Saídas,Quartos FdS,Adul. / Cri.,novembro,Previsão,14-nov-2026 sáb,0,11,0,0,0,0,0,"8,15",-,-,0,0,0,16,67,5,0,0,16,0,"2,05","1 595,91","19,23",5,0,29,Total nov,16,67,5,0,0,16,0,"2,05","1 595,91","19,23",5,0,29,Total,9314,4277,3136,0,0,7756,1558,"13,79","1 007 964,95","74,16",3262,0,18104
Data,Ocup,Opção,Cheg,Oferta/Uso Interno,Deduz. Individ.,Deduz. Grupos,% Ocup.,Receita Quartos,Preço Médio,Saídas,Quartos FdS,Adul. / Cri.,novembro,Previsão,15-nov-2026 dom,0,13,0,0,0,0,0,"9,63",-,-,0,0,0,16,67,5,0,0,16,0,"2,05","1 595,91","19,23",5,0,29,Total nov,16,67,5,0,0,16,0,"2,05","1 595,91","19,23",5,0,29,Total,9314,4277,3136,0,0,7756,1558,"13,79","1 007 964,95","74,16",3262,0,18104
Data,Ocup,Opção,Cheg,Oferta/Uso Interno,Deduz. Individ.,Deduz. Grupos,% Ocup.,Receita Quartos,Preço Médio,Saídas,Quartos FdS,Adul. / Cri.,novembro,Previsão,16-nov-2026 seg,0,13,0,0,0,0,0,"9,63",-,-,0,0,0,16,67,5,0,0,16,0,"2,05","1 595,91","19,23",5,0,29,Total nov,16,67,5,0,0,16,0,"2,05","1 595,91","19,23",5,0,29,Total,9314,4277,3136,0,0,7756,1558,"13,79","1 007 964,95","74,16",3262,0,18104
Data,Ocup,Opção,Cheg,Oferta/Uso Interno,Deduz. Individ.,Deduz. Grupos,% Ocup.,Receita Quartos,Preço Médio,Saídas,Quartos FdS,Adul. / Cri.,novembro,Previsão,17-nov-2026 ter,1,0,1,0,0,1,0,"0,74","132,45","132,45",0,0,2,16,67,5,0,0,16,0,"2,05","1 595,91","19,23",5,0,29,Total nov,16,67,5,0,0,16,0,"2,05","1 595,91","19,23",5,0,29,Total,9314,4277,3136,0,0,7756,1558,"13,79","1 007 964,95","74,16",3262,0,18104
Data,Ocup,Opção,Cheg,Oferta/Uso Interno,Deduz. Individ.,Deduz. Grupos,% Ocup.,Receita Quartos,Preço Médio,Saídas,Quartos FdS,Adul. / Cri.,novembro,Previsão,18-nov-2026 qua,1,0,0,0,0,1,0,"0,74","132,45","132,45",0,0,2,16,67,5,0,0,16,0,"2,05","1 595,91","19,23",5,0,29,Total nov,16,67,5,0,0,16,0,"2,05","1 595,91","19,23",5,0,29,Total,9314,4277,3136,0,0,7756,1558,"13,79","1 007 964,95","74,16",3262,0,18104
Data,Ocup,Opção,Cheg,Oferta/Uso Interno,Deduz. Individ.,Deduz. Grupos,% Ocup.,Receita Quartos,Preço Médio,Saídas,Quartos FdS,Adul. / Cri.,novembro,Previsão,19-nov-2026 qui,0,0,0,0,0,0,0,-,-,NaN,1,0,0,16,67,5,0,0,16,0,"2,05","1 595,91","19,23",5,0,29,Total nov,16,67,5,0,0,16,0,"2,05","1 595,91","19,23",5,0,29,Total,9314,4277,3136,0,0,7756,1558,"13,79","1 007 964,95","74,16",3262,0,18104
Data,Ocup,Opção,Cheg,Oferta/Uso Interno,Deduz. Individ.,Deduz. Grupos,% Ocup.,Receita Quartos,Preço Médio,Saídas,Quartos FdS,Adul. / Cri.,novembro,Previsão,20-nov-2026 sex,0,0,0,0,0,0,0,-,-,NaN,0,0,0,16,67,5,0,0,16,0,"2,05","1 595,91","19,23",5,0,29,Total nov,16,67,5,0,0,16,0,"2,05","1 595,91","19,23",5,0,29,Total,9314,4277,3136,0,0,7756,1558,"13,79","1 007 964,95","74,16",3262,0,18104
Data,Ocup,Opção,Cheg,Oferta/Uso Interno,Deduz. Individ.,Deduz. Grupos,% Ocup.,Receita Quartos,Preço Médio,Saídas,Quartos FdS,Adul. / Cri.,novembro,Previsão,21-nov-2026 sáb,0,4,0,0,0,0,0,"2,96",-,-,0,0,0,16,67,5,0,0,16,0,"2,05","1 595,91","19,23",5,0,29,Total nov,16,67,5,0,0,16,0,"2,05","1 595,91","19,23",5,0,29,Total,9314,4277,3136,0,0,7756,1558,"13,79","1 007 964,95","74,16",3262,0,18104
Data,Ocup,Opção,Cheg,Oferta/Uso Interno,Deduz. Individ.,Deduz. Grupos,% Ocup.,Receita Quartos,Preço Médio,Saídas,Quartos FdS,Adul. / Cri.,novembro,Previsão,22-nov-2026 dom,0,13,0,0,0,0,0,"9,63",-,-,0,0,0,16,67,5,0,0,16,0,"2,05","1 595,91","19,23",5,0,29,Total nov,16,67,5,0,0,16,0,"2,05","1 595,91","19,23",5,0,29,Total,9314,4277,3136,0,0,7756,1558,"13,79","1 007 964,95","74,16",3262,0,18104
Data,Ocup,Opção,Cheg,Oferta/Uso Interno,Deduz. Individ.,Deduz. Grupos,% Ocup.,Receita Quartos,Preço Médio,Saídas,Quartos FdS,Adul. / Cri.,novembro,Previsão,23-nov-2026 seg,1,13,1,0,0,1,0,"10,37","113,97","8,14",0,0,2,16,67,5,0,0,16,0,"2,05","1 595,91","19,23",5,0,29,Total nov,16,67,5,0,0,16,0,"2,05","1 595,91","19,23",5,0,29,Total,9314,4277,3136,0,0,7756,1558,"13,79","1 007 964,95","74,16",3262,0,18104
Data,Ocup,Opção,Cheg,Oferta/Uso Interno,Deduz. Individ.,Deduz. Grupos,% Ocup.,Receita Quartos,Preço Médio,Saídas,Quartos FdS,Adul. / Cri.,novembro,Previsão,24-nov-2026 ter,1,0,0,0,0,1,0,"0,74","92,14","92,14",0,0,2,16,67,5,0,0,16,0,"2,05","1 595,91","19,23",5,0,29,Total nov,16,67,5,0,0,16,0,"2,05","1 595,91","19,23",5,0,29,Total,9314,4277,3136,0,0,7756,1558,"13,79","1 007 964,95","74,16",3262,0,18104
Data,Ocup,Opção,Cheg,Oferta/Uso Interno,Deduz. Individ.,Deduz. Grupos,% Ocup.,Receita Quartos,Preço Médio,Saídas,Quartos FdS,Adul. / Cri.,novembro,Previsão,25-nov-2026 qua,1,0,0,0,0,1,0,"0,74","92,14","92,14",0,0,2,16,67,5,0,0,16,0,"2,05","1 595,91","19,23",5,0,29,Total nov,16,67,5,0,0,16,0,"2,05","1 595,91","19,23",5,0,29,Total,9314,4277,3136,0,0,7756,1558,"13,79","1 007 964,95","74,16",3262,0,18104
Data,Ocup,Opção,Cheg,Oferta/Uso Interno,Deduz. Individ.,Deduz. Grupos,% Ocup.,Receita Quartos,Preço Médio,Saídas,Quartos FdS,Adul. / Cri.,novembro,Previsão,26-nov-2026 qui,0,0,0,0,0,0,0,-,-,NaN,1,0,0,16,67,5,0,0,16,0,"2,05","1 595,91","19,23",5,0,29,Total nov,16,67,5,0,0,16,0,"2,05","1 595,91","19,23",5,0,29,Total,9314,4277,3136,0,0,7756,1558,"13,79","1 007 964,95","74,16",3262,0,18104
Data,Ocup,Opção,Cheg,Oferta/Uso Interno,Deduz. Individ.,Deduz. Grupos,% Ocup.,Receita Quartos,Preço Médio,Saídas,Quartos FdS,Adul. / Cri.,novembro,Previsão,27-nov-2026 sex,0,0,0,0,0,0,0,-,-,NaN,0,0,0,16,67,5,0,0,16,0,"2,05","1 595,91","19,23",5,0,29,Total nov,16,67,5,0,0,16,0,"2,05","1 595,91","19,23",5,0,29,Total,9314,4277,3136,0,0,7756,1558,"13,79","1 007 964,95","74,16",3262,0,18104
Data,Ocup,Opção,Cheg,Oferta/Uso Interno,Deduz. Individ.,Deduz. Grupos,% Ocup.,Receita Quartos,Preço Médio,Saídas,Quartos FdS,Adul. / Cri.,novembro,Previsão,28-nov-2026 sáb,0,0,0,0,0,0,0,-,-,NaN,0,0,0,16,67,5,0,0,16,0,"2,05","1 595,91","19,23",5,0,29,Total nov,16,67,5,0,0,16,0,"2,05","1 595,91","19,23",5,0,29,Total,9314,4277,3136,0,0,7756,1558,"13,79","1 007 964,95","74,16",3262,0,18104
Data,Ocup,Opção,Cheg,Oferta/Uso Interno,Deduz. Individ.,Deduz. Grupos,% Ocup.,Receita Quartos,Preço Médio,Saídas,Quartos FdS,Adul. / Cri.,novembro,Previsão,29-nov-2026 dom,0,0,0,0,0,0,0,-,-,NaN,0,0,0,16,67,5,0,0,16,0,"2,05","1 595,91","19,23",5,0,29,Total nov,16,67,5,0,0,16,0,"2,05","1 595,91","19,23",5,0,29,Total,9314,4277,3136,0,0,7756,1558,"13,79","1 007 964,95","74,16",3262,0,18104
Data,Ocup,Opção,Cheg,Oferta/Uso Interno,Deduz. Individ.,Deduz. Grupos,% Ocup.,Receita Quartos,Preço Médio,Saídas,Quartos FdS,Adul. / Cri.,novembro,Previsão,30-nov-2026 seg,0,0,0,0,0,0,0,-,-,NaN,0,0,0,16,67,5,0,0,16,0,"2,05","1 595,91","19,23",5,0,29,Total nov,16,67,5,0,0,16,0,"2,05","1 595,91","19,23",5,0,29,Total,9314,4277,3136,0,0,7756,1558,"13,79","1 007 964,95","74,16",3262,0,18104
Data,Ocup,Opção,Cheg,Oferta/Uso Interno,Deduz. Individ.,Deduz. Grupos,% Ocup.,Receita Quartos,Preço Médio,Saídas,Quartos FdS,Adul. / Cri.,dezembro,Previsão,01-dez-2026 ter,0,0,0,0,0,0,0,-,-,NaN,0,0,0,14,2,4,0,0,14,0,"0,38","1 751,26","109,45",3,0,24,Total dez,14,2,4,0,0,14,0,"0,38","1 751,26","109,45",3,0,24,Total,9314,4277,3136,0,0,7756,1558,"13,79","1 007 964,95","74,16",3262,0,18104
Data,Ocup,Opção,Cheg,Oferta/Uso Interno,Deduz. Individ.,Deduz. Grupos,% Ocup.,Receita Quartos,Preço Médio,Saídas,Quartos FdS,Adul. / Cri.,dezembro,Previsão,02-dez-2026 qua,0,0,0,0,0,0,0,-,-,NaN,0,0,0,14,2,4,0,0,14,0,"0,38","1 751,26","109,45",3,0,24,Total dez,14,2,4,0,0,14,0,"0,38","1 751,26","109,45",3,0,24,Total,9314,4277,3136,0,0,7756,1558,"13,79","1 007 964,95","74,16",3262,0,18104
Data,Ocup,Opção,Cheg,Oferta/Uso Interno,Deduz. Individ.,Deduz. Grupos,% Ocup.,Receita Quartos,Preço Médio,Saídas,Quartos FdS,Adul. / Cri.,dezembro,Previsão,03-dez-2026 qui,0,0,0,0,0,0,0,-,-,NaN,0,0,0,14,2,4,0,0,14,0,"0,38","1 751,26","109,45",3,0,24,Total dez,14,2,4,0,0,14,0,"0,38","1 751,26","109,45",3,0,24,Total,9314,4277,3136,0,0,7756,1558,"13,79","1 007 964,95","74,16",3262,0,18104
Data,Ocup,Opção,Cheg,Oferta/Uso Interno,Deduz. Individ.,Deduz. Grupos,% Ocup.,Receita Quartos,Preço Médio,Saídas,Quartos FdS,Adul. / Cri.,dezembro,Previsão,04-dez-2026 sex,0,0,0,0,0,0,0,-,-,NaN,0,0,0,14,2,4,0,0,14,0,"0,38","1 751,26","109,45",3,0,24,Total dez,14,2,4,0,0,14,0,"0,38","1 751,26","109,45",3,0,24,Total,9314,4277,3136,0,0,7756,1558,"13,79","1 007 964,95","74,16",3262,0,18104
Data,Ocup,Opção,Cheg,Oferta/Uso Interno,Deduz. Individ.,Deduz. Grupos,% Ocup.,Receita Quartos,Preço Médio,Saídas,Quartos FdS,Adul. / Cri.,dezembro,Previsão,05-dez-2026 sáb,0,0,0,0,0,0,0,-,-,NaN,0,0,0,14,2,4,0,0,14,0,"0,38","1 751,26","109,45",3,0,24,Total dez,14,2,4,0,0,14,0,"0,38","1 751,26","109,45",3,0,24,Total,9314,4277,3136,0,0,7756,1558,"13,79","1 007 964,95","74,16",3262,0,18104
Data,Ocup,Opção,Cheg,Oferta/Uso Interno,Deduz. Individ.,Deduz. Grupos,% Ocup.,Receita Quartos,Preço Médio,Saídas,Quartos FdS,Adul. / Cri.,dezembro,Previsão,06-dez-2026 dom,0,0,0,0,0,0,0,-,-,NaN,0,0,0,14,2,4,0,0,14,0,"0,38","1 751,26","109,45",3,0,24,Total dez,14,2,4,0,0,14,0,"0,38","1 751,26","109,45",3,0,24,Total,9314,4277,3136,0,0,7756,1558,"13,79","1 007 964,95","74,16",3262,0,18104
Data,Ocup,Opção,Cheg,Oferta/Uso Interno,Deduz. Individ.,Deduz. Grupos,% Ocup.,Receita Quartos,Preço Médio,Saídas,Quartos FdS,Adul. / Cri.,dezembro,Previsão,07-dez-2026 seg,0,0,0,0,0,0,0,-,-,NaN,0,0,0,14,2,4,0,0,14,0,"0,38","1 751,26","109,45",3,0,24,Total dez,14,2,4,0,0,14,0,"0,38","1 751,26","109,45",3,0,24,Total,9314,4277,3136,0,0,7756,1558,"13,79","1 007 964,95","74,16",3262,0,18104
Data,Ocup,Opção,Cheg,Oferta/Uso Interno,Deduz. Individ.,Deduz. Grupos,% Ocup.,Receita Quartos,Preço Médio,Saídas,Quartos FdS,Adul. / Cri.,dezembro,Previsão,08-dez-2026 ter,0,0,0,0,0,0,0,-,-,NaN,0,0,0,14,2,4,0,0,14,0,"0,38","1 751,26","109,45",3,0,24,Total dez,14,2,4,0,0,14,0,"0,38","1 751,26","109,45",3,0,24,Total,9314,4277,3136,0,0,7756,1558,"13,79","1 007 964,95","74,16",3262,0,18104
Data,Ocup,Opção,Cheg,Oferta/Uso Interno,Deduz. Individ.,Deduz. Grupos,% Ocup.,Receita Quartos,Preço Médio,Saídas,Quartos FdS,Adul. / Cri.,dezembro,Previsão,09-dez-2026 qua,0,0,0,0,0,0,0,-,-,NaN,0,0,0,14,2,4,0,0,14,0,"0,38","1 751,26","109,45",3,0,24,Total dez,14,2,4,0,0,14,0,"0,38","1 751,26","109,45",3,0,24,Total,9314,4277,3136,0,0,7756,1558,"13,79","1 007 964,95","74,16",3262,0,18104
Data,Ocup,Opção,Cheg,Oferta/Uso Interno,Deduz. Individ.,Deduz. Grupos,% Ocup.,Receita Quartos,Preço Médio,Saídas,Quartos FdS,Adul. / Cri.,dezembro,Previsão,10-dez-2026 qui,0,0,0,0,0,0,0,-,-,NaN,0,0,0,14,2,4,0,0,14,0,"0,38","1 751,26","109,45",3,0,24,Total dez,14,2,4,0,0,14,0,"0,38","1 751,26","109,45",3,0,24,Total,9314,4277,3136,0,0,7756,1558,"13,79","1 007 964,95","74,16",3262,0,18104
Data,Ocup,Opção,Cheg,Oferta/Uso Interno,Deduz. Individ.,Deduz. Grupos,% Ocup.,Receita Quartos,Preço Médio,Saídas,Quartos FdS,Adul. / Cri.,dezembro,Previsão,11-dez-2026 sex,1,0,1,0,0,1,0,"0,74","156,96","156,96",0,0,2,14,2,4,0,0,14,0,"0,38","1 751,26","109,45",3,0,24,Total dez,14,2,4,0,0,14,0,"0,38","1 751,26","109,45",3,0,24,Total,9314,4277,3136,0,0,7756,1558,"13,79","1 007 964,95","74,16",3262,0,18104
Data,Ocup,Opção,Cheg,Oferta/Uso Interno,Deduz. Individ.,Deduz. Grupos,% Ocup.,Receita Quartos,Preço Médio,Saídas,Quartos FdS,Adul. / Cri.,dezembro,Previsão,12-dez-2026 sáb,1,0,0,0,0,1,0,"0,74","156,96","156,96",0,0,2,14,2,4,0,0,14,0,"0,38","1 751,26","109,45",3,0,24,Total dez,14,2,4,0,0,14,0,"0,38","1 751,26","109,45",3,0,24,Total,9314,4277,3136,0,0,7756,1558,"13,79","1 007 964,95","74,16",3262,0,18104
Data,Ocup,Opção,Cheg,Oferta/Uso Interno,Deduz. Individ.,Deduz. Grupos,% Ocup.,Receita Quartos,Preço Médio,Saídas,Quartos FdS,Adul. / Cri.,dezembro,Previsão,13-dez-2026 dom,0,0,0,0,0,0,0,-,-,NaN,1,0,0,14,2,4,0,0,14,0,"0,38","1 751,26","109,45",3,0,24,Total dez,14,2,4,0,0,14,0,"0,38","1 751,26","109,45",3,0,24,Total,9314,4277,3136,0,0,7756,1558,"13,79","1 007 964,95","74,16",3262,0,18104
Data,Ocup,Opção,Cheg,Oferta/Uso Interno,Deduz. Individ.,Deduz. Grupos,% Ocup.,Receita Quartos,Preço Médio,Saídas,Quartos FdS,Adul. / Cri.,dezembro,Previsão,14-dez-2026 seg,0,0,0,0,0,0,0,-,-,NaN,0,0,0,14,2,4,0,0,14,0,"0,38","1 751,26","109,45",3,0,24,Total dez,14,2,4,0,0,14,0,"0,38","1 751,26","109,45",3,0,24,Total,9314,4277,3136,0,0,7756,1558,"13,79","1 007 964,95","74,16",3262,0,18104
Data,Ocup,Opção,Cheg,Oferta/Uso Interno,Deduz. Individ.,Deduz. Grupos,% Ocup.,Receita Quartos,Preço Médio,Saídas,Quartos FdS,Adul. / Cri.,dezembro,Previsão,15-dez-2026 ter,0,0,0,0,0,0,0,-,-,NaN,0,0,0,14,2,4,0,0,14,0,"0,38","1 751,26","109,45",3,0,24,Total dez,14,2,4,0,0,14,0,"0,38","1 751,26","109,45",3,0,24,Total,9314,4277,3136,0,0,7756,1558,"13,79","1 007 964,95","74,16",3262,0,18104
Data,Ocup,Opção,Cheg,Oferta/Uso Interno,Deduz. Individ.,Deduz. Grupos,% Ocup.,Receita Quartos,Preço Médio,Saídas,Quartos FdS,Adul. / Cri.,dezembro,Previsão,16-dez-2026 qua,0,0,0,0,0,0,0,-,-,NaN,0,0,0,14,2,4,0,0,14,0,"0,38","1 751,26","109,45",3,0,24,Total dez,14,2,4,0,0,14,0,"0,38","1 751,26","109,45",3,0,24,Total,9314,4277,3136,0,0,7756,1558,"13,79","1 007 964,95","74,16",3262,0,18104
Data,Ocup,Opção,Cheg,Oferta/Uso Interno,Deduz. Individ.,Deduz. Grupos,% Ocup.,Receita Quartos,Preço Médio,Saídas,Quartos FdS,Adul. / Cri.,dezembro,Previsão,17-dez-2026 qui,0,0,0,0,0,0,0,-,-,NaN,0,0,0,14,2,4,0,0,14,0,"0,38","1 751,26","109,45",3,0,24,Total dez,14,2,4,0,0,14,0,"0,38","1 751,26","109,45",3,0,24,Total,9314,4277,3136,0,0,7756,1558,"13,79","1 007 964,95","74,16",3262,0,18104
Data,Ocup,Opção,Cheg,Oferta/Uso Interno,Deduz. Individ.,Deduz. Grupos,% Ocup.,Receita Quartos,Preço Médio,Saídas,Quartos FdS,Adul. / Cri.,dezembro,Previsão,18-dez-2026 sex,0,0,0,0,0,0,0,-,-,NaN,0,0,0,14,2,4,0,0,14,0,"0,38","1 751,26","109,45",3,0,24,Total dez,14,2,4,0,0,14,0,"0,38","1 751,26","109,45",3,0,24,Total,9314,4277,3136,0,0,7756,1558,"13,79","1 007 964,95","74,16",3262,0,18104
Data,Ocup,Opção,Cheg,Oferta/Uso Interno,Deduz. Individ.,Deduz. Grupos,% Ocup.,Receita Quartos,Preço Médio,Saídas,Quartos FdS,Adul. / Cri.,dezembro,Previsão,19-dez-2026 sáb,2,1,2,0,0,2,0,"2,22","252,81","84,27",0,0,3,14,2,4,0,0,14,0,"0,38","1 751,26","109,45",3,0,24,Total dez,14,2,4,0,0,14,0,"0,38","1 751,26","109,45",3,0,24,Total,9314,4277,3136,0,0,7756,1558,"13,79","1 007 964,95","74,16",3262,0,18104
Data,Ocup,Opção,Cheg,Oferta/Uso Interno,Deduz. Individ.,Deduz. Grupos,% Ocup.,Receita Quartos,Preço Médio,Saídas,Quartos FdS,Adul. / Cri.,dezembro,Previsão,20-dez-2026 dom,2,1,0,0,0,2,0,"2,22","252,81","84,27",0,0,3,14,2,4,0,0,14,0,"0,38","1 751,26","109,45",3,0,24,Total dez,14,2,4,0,0,14,0,"0,38","1 751,26","109,45",3,0,24,Total,9314,4277,3136,0,0,7756,1558,"13,79","1 007 964,95","74,16",3262,0,18104
Data,Ocup,Opção,Cheg,Oferta/Uso Interno,Deduz. Individ.,Deduz. Grupos,% Ocup.,Receita Quartos,Preço Médio,Saídas,Quartos FdS,Adul. / Cri.,dezembro,Previsão,21-dez-2026 seg,2,0,0,0,0,2,0,"1,48","252,81","126,41",0,0,3,14,2,4,0,0,14,0,"0,38","1 751,26","109,45",3,0,24,Total dez,14,2,4,0,0,14,0,"0,38","1 751,26","109,45",3,0,24,Total,9314,4277,3136,0,0,7756,1558,"13,79","1 007 964,95","74,16",3262,0,18104
Data,Ocup,Opção,Cheg,Oferta/Uso Interno,Deduz. Individ.,Deduz. Grupos,% Ocup.,Receita Quartos,Preço Médio,Saídas,Quartos FdS,Adul. / Cri.,dezembro,Previsão,22-dez-2026 ter,2,0,0,0,0,2,0,"1,48","252,81","126,41",0,0,3,14,2,4,0,0,14,0,"0,38","1 751,26","109,45",3,0,24,Total dez,14,2,4,0,0,14,0,"0,38","1 751,26","109,45",3,0,24,Total,9314,4277,3136,0,0,7756,1558,"13,79","1 007 964,95","74,16",3262,0,18104
Data,Ocup,Opção,Cheg,Oferta/Uso Interno,Deduz. Individ.,Deduz. Grupos,% Ocup.,Receita Quartos,Preço Médio,Saídas,Quartos FdS,Adul. / Cri.,dezembro,Previsão,23-dez-2026 qua,0,0,0,0,0,0,0,-,-,NaN,2,0,0,14,2,4,0,0,14,0,"0,38","1 751,26","109,45",3,0,24,Total dez,14,2,4,0,0,14,0,"0,38","1 751,26","109,45",3,0,24,Total,9314,4277,3136,0,0,7756,1558,"13,79","1 007 964,95","74,16",3262,0,18104
Data,Ocup,Opção,Cheg,Oferta/Uso Interno,Deduz. Individ.,Deduz. Grupos,% Ocup.,Receita Quartos,Preço Médio,Saídas,Quartos FdS,Adul. / Cri.,dezembro,Previsão,24-dez-2026 qui,0,0,0,0,0,0,0,-,-,NaN,0,0,0,14,2,4,0,0,14,0,"0,38","1 751,26","109,45",3,0,24,Total dez,14,2,4,0,0,14,0,"0,38","1 751,26","109,45",3,0,24,Total,9314,4277,3136,0,0,7756,1558,"13,79","1 007 964,95","74,16",3262,0,18104
Data,Ocup,Opção,Cheg,Oferta/Uso Interno,Deduz. Individ.,Deduz. Grupos,% Ocup.,Receita Quartos,Preço Médio,Saídas,Quartos FdS,Adul. / Cri.,dezembro,Previsão,25-dez-2026 sex,0,0,0,0,0,0,0,-,-,NaN,0,0,0,14,2,4,0,0,14,0,"0,38","1 751,26","109,45",3,0,24,Total dez,14,2,4,0,0,14,0,"0,38","1 751,26","109,45",3,0,24,Total,9314,4277,3136,0,0,7756,1558,"13,79","1 007 964,95","74,16",3262,0,18104
Data,Ocup,Opção,Cheg,Oferta/Uso Interno,Deduz. Individ.,Deduz. Grupos,% Ocup.,Receita Quartos,Preço Médio,Saídas,Quartos FdS,Adul. / Cri.,dezembro,Previsão,26-dez-2026 sáb,0,0,0,0,0,0,0,-,-,NaN,0,0,0,14,2,4,0,0,14,0,"0,38","1 751,26","109,45",3,0,24,Total dez,14,2,4,0,0,14,0,"0,38","1 751,26","109,45",3,0,24,Total,9314,4277,3136,0,0,7756,1558,"13,79","1 007 964,95","74,16",3262,0,18104
Data,Ocup,Opção,Cheg,Oferta/Uso Interno,Deduz. Individ.,Deduz. Grupos,% Ocup.,Receita Quartos,Preço Médio,Saídas,Quartos FdS,Adul. / Cri.,dezembro,Previsão,27-dez-2026 dom,0,0,0,0,0,0,0,-,-,NaN,0,0,0,14,2,4,0,0,14,0,"0,38","1 751,26","109,45",3,0,24,Total dez,14,2,4,0,0,14,0,"0,38","1 751,26","109,45",3,0,24,Total,9314,4277,3136,0,0,7756,1558,"13,79","1 007 964,95","74,16",3262,0,18104
Data,Ocup,Opção,Cheg,Oferta/Uso Interno,Deduz. Individ.,Deduz. Grupos,% Ocup.,Receita Quartos,Preço Médio,Saídas,Quartos FdS,Adul. / Cri.,dezembro,Previsão,28-dez-2026 seg,1,0,1,0,0,1,0,"0,74","92,38","92,38",0,0,2,14,2,4,0,0,14,0,"0,38","1 751,26","109,45",3,0,24,Total dez,14,2,4,0,0,14,0,"0,38","1 751,26","109,45",3,0,24,Total,9314,4277,3136,0,0,7756,1558,"13,79","1 007 964,95","74,16",3262,0,18104
Data,Ocup,Opção,Cheg,Oferta/Uso Interno,Deduz. Individ.,Deduz. Grupos,% Ocup.,Receita Quartos,Preço Médio,Saídas,Quartos FdS,Adul. / Cri.,dezembro,Previsão,29-dez-2026 ter,1,0,0,0,0,1,0,"0,74","92,38","92,38",0,0,2,14,2,4,0,0,14,0,"0,38","1 751,26","109,45",3,0,24,Total dez,14,2,4,0,0,14,0,"0,38","1 751,26","109,45",3,0,24,Total,9314,4277,3136,0,0,7756,1558,"13,79","1 007 964,95","74,16",3262,0,18104
Data,Ocup,Opção,Cheg,Oferta/Uso Interno,Deduz. Individ.,Deduz. Grupos,% Ocup.,Receita Quartos,Preço Médio,Saídas,Quartos FdS,Adul. / Cri.,dezembro,Previsão,30-dez-2026 qua,1,0,0,0,0,1,0,"0,74","92,38","92,38",0,0,2,14,2,4,0,0,14,0,"0,38","1 751,26","109,45",3,0,24,Total dez,14,2,4,0,0,14,0,"0,38","1 751,26","109,45",3,0,24,Total,9314,4277,3136,0,0,7756,1558,"13,79","1 007 964,95","74,16",3262,0,18104
Data,Ocup,Opção,Cheg,Oferta/Uso Interno,Deduz. Individ.,Deduz. Grupos,% Ocup.,Receita Quartos,Preço Médio,Saídas,Quartos FdS,Adul. / Cri.,dezembro,Previsão,31-dez-2026 qui,1,0,0,0,0,1,0,"0,74","148,96","148,96",0,0,2,14,2,4,0,0,14,0,"0,38","1 751,26","109,45",3,0,24,Total dez,14,2,4,0,0,14,0,"0,38","1 751,26","109,45",3,0,24,Total,9314,4277,3136,0,0,7756,1558,"13,79","1 007 964,95","74,16",3262,0,18104
Data,Ocup,Opção,Cheg,Oferta/Uso Interno,Deduz. Individ.,Deduz. Grupos,% Ocup.,Receita Quartos,Preço Médio,Saídas,Quartos FdS,Adul. / Cri.,janeiro,Previsão,01-jan-2027 sex,0,0,0,0,0,0,0,-,-,NaN,1,0,0,0,560,0,0,0,0,0,"13,38",-,-,1,0,0,Total jan,0,560,0,0,0,0,0,"13,38",-,-,1,0,0,Total,9314,4277,3136,0,0,7756,1558,"13,79","1 007 964,95","74,16",3262,0,18104
Data,Ocup,Opção,Cheg,Oferta/Uso Interno,Deduz. Individ.,Deduz. Grupos,% Ocup.,Receita Quartos,Preço Médio,Saídas,Quartos FdS,Adul. / Cri.,janeiro,Previsão,02-jan-2027 sáb,0,0,0,0,0,0,0,-,-,NaN,0,0,0,0,560,0,0,0,0,0,"13,38",-,-,1,0,0,Total jan,0,560,0,0,0,0,0,"13,38",-,-,1,0,0,Total,9314,4277,3136,0,0,7756,1558,"13,79","1 007 964,95","74,16",3262,0,18104
Data,Ocup,Opção,Cheg,Oferta/Uso Interno,Deduz. Individ.,Deduz. Grupos,% Ocup.,Receita Quartos,Preço Médio,Saídas,Quartos FdS,Adul. / Cri.,janeiro,Previsão,03-jan-2027 dom,0,0,0,0,0,0,0,-,-,NaN,0,0,0,0,560,0,0,0,0,0,"13,38",-,-,1,0,0,Total jan,0,560,0,0,0,0,0,"13,38",-,-,1,0,0,Total,9314,4277,3136,0,0,7756,1558,"13,79","1 007 964,95","74,16",3262,0,18104
Data,Ocup,Opção,Cheg,Oferta/Uso Interno,Deduz. Individ.,Deduz. Grupos,% Ocup.,Receita Quartos,Preço Médio,Saídas,Quartos FdS,Adul. / Cri.,janeiro,Previsão,04-jan-2027 seg,0,0,0,0,0,0,0,-,-,NaN,0,0,0,0,560,0,0,0,0,0,"13,38",-,-,1,0,0,Total jan,0,560,0,0,0,0,0,"13,38",-,-,1,0,0,Total,9314,4277,3136,0,0,7756,1558,"13,79","1 007 964,95","74,16",3262,0,18104
Data,Ocup,Opção,Cheg,Oferta/Uso Interno,Deduz. Individ.,Deduz. Grupos,% Ocup.,Receita Quartos,Preço Médio,Saídas,Quartos FdS,Adul. / Cri.,janeiro,Previsão,05-jan-2027 ter,0,0,0,0,0,0,0,-,-,NaN,0,0,0,0,560,0,0,0,0,0,"13,38",-,-,1,0,0,Total jan,0,560,0,0,0,0,0,"13,38",-,-,1,0,0,Total,9314,4277,3136,0,0,7756,1558,"13,79","1 007 964,95","74,16",3262,0,18104
Data,Ocup,Opção,Cheg,Oferta/Uso Interno,Deduz. Individ.,Deduz. Grupos,% Ocup.,Receita Quartos,Preço Médio,Saídas,Quartos FdS,Adul. / Cri.,janeiro,Previsão,06-jan-2027 qua,0,0,0,0,0,0,0,-,-,NaN,0,0,0,0,560,0,0,0,0,0,"13,38",-,-,1,0,0,Total jan,0,560,0,0,0,0,0,"13,38",-,-,1,0,0,Total,9314,4277,3136,0,0,7756,1558,"13,79","1 007 964,95","74,16",3262,0,18104
Data,Ocup,Opção,Cheg,Oferta/Uso Interno,Deduz. Individ.,Deduz. Grupos,% Ocup.,Receita Quartos,Preço Médio,Saídas,Quartos FdS,Adul. / Cri.,janeiro,Previsão,07-jan-2027 qui,0,0,0,0,0,0,0,-,-,NaN,0,0,0,0,560,0,0,0,0,0,"13,38",-,-,1,0,0,Total jan,0,560,0,0,0,0,0,"13,38",-,-,1,0,0,Total,9314,4277,3136,0,0,7756,1558,"13,79","1 007 964,95","74,16",3262,0,18104
Data,Ocup,Opção,Cheg,Oferta/Uso Interno,Deduz. Individ.,Deduz. Grupos,% Ocup.,Receita Quartos,Preço Médio,Saídas,Quartos FdS,Adul. / Cri.,janeiro,Previsão,08-jan-2027 sex,0,0,0,0,0,0,0,-,-,NaN,0,0,0,0,560,0,0,0,0,0,"13,38",-,-,1,0,0,Total jan,0,560,0,0,0,0,0,"13,38",-,-,1,0,0,Total,9314,4277,3136,0,0,7756,1558,"13,79","1 007 964,95","74,16",3262,0,18104
Data,Ocup,Opção,Cheg,Oferta/Uso Interno,Deduz. Individ.,Deduz. Grupos,% Ocup.,Receita Quartos,Preço Médio,Saídas,Quartos FdS,Adul. / Cri.,janeiro,Previsão,09-jan-2027 sáb,0,0,0,0,0,0,0,-,-,NaN,0,0,0,0,560,0,0,0,0,0,"13,38",-,-,1,0,0,Total jan,0,560,0,0,0,0,0,"13,38",-,-,1,0,0,Total,9314,4277,3136,0,0,7756,1558,"13,79","1 007 964,95","74,16",3262,0,18104
Data,Ocup,Opção,Cheg,Oferta/Uso Interno,Deduz. Individ.,Deduz. Grupos,% Ocup.,Receita Quartos,Preço Médio,Saídas,Quartos FdS,Adul. / Cri.,janeiro,Previsão,10-jan-2027 dom,0,0,0,0,0,0,0,-,-,NaN,0,0,0,0,560,0,0,0,0,0,"13,38",-,-,1,0,0,Total jan,0,560,0,0,0,0,0,"13,38",-,-,1,0,0,Total,9314,4277,3136,0,0,7756,1558,"13,79","1 007 964,95","74,16",3262,0,18104
Data,Ocup,Opção,Cheg,Oferta/Uso Interno,Deduz. Individ.,Deduz. Grupos,% Ocup.,Receita Quartos,Preço Médio,Saídas,Quartos FdS,Adul. / Cri.,janeiro,Previsão,11-jan-2027 seg,0,0,0,0,0,0,0,-,-,NaN,0,0,0,0,560,0,0,0,0,0,"13,38",-,-,1,0,0,Total jan,0,560,0,0,0,0,0,"13,38",-,-,1,0,0,Total,9314,4277,3136,0,0,7756,1558,"13,79","1 007 964,95","74,16",3262,0,18104
Data,Ocup,Opção,Cheg,Oferta/Uso Interno,Deduz. Individ.,Deduz. Grupos,% Ocup.,Receita Quartos,Preço Médio,Saídas,Quartos FdS,Adul. / Cri.,janeiro,Previsão,12-jan-2027 ter,0,0,0,0,0,0,0,-,-,NaN,0,0,0,0,560,0,0,0,0,0,"13,38",-,-,1,0,0,Total jan,0,560,0,0,0,0,0,"13,38",-,-,1,0,0,Total,9314,4277,3136,0,0,7756,1558,"13,79","1 007 964,95","74,16",3262,0,18104
Data,Ocup,Opção,Cheg,Oferta/Uso Interno,Deduz. Individ.,Deduz. Grupos,% Ocup.,Receita Quartos,Preço Médio,Saídas,Quartos FdS,Adul. / Cri.,janeiro,Previsão,13-jan-2027 qua,0,0,0,0,0,0,0,-,-,NaN,0,0,0,0,560,0,0,0,0,0,"13,38",-,-,1,0,0,Total jan,0,560,0,0,0,0,0,"13,38",-,-,1,0,0,Total,9314,4277,3136,0,0,7756,1558,"13,79","1 007 964,95","74,16",3262,0,18104
Data,Ocup,Opção,Cheg,Oferta/Uso Interno,Deduz. Individ.,Deduz. Grupos,% Ocup.,Receita Quartos,Preço Médio,Saídas,Quartos FdS,Adul. / Cri.,janeiro,Previsão,14-jan-2027 qui,0,0,0,0,0,0,0,-,-,NaN,0,0,0,0,560,0,0,0,0,0,"13,38",-,-,1,0,0,Total jan,0,560,0,0,0,0,0,"13,38",-,-,1,0,0,Total,9314,4277,3136,0,0,7756,1558,"13,79","1 007 964,95","74,16",3262,0,18104
Data,Ocup,Opção,Cheg,Oferta/Uso Interno,Deduz. Individ.,Deduz. Grupos,% Ocup.,Receita Quartos,Preço Médio,Saídas,Quartos FdS,Adul. / Cri.,janeiro,Previsão,15-jan-2027 sex,0,0,0,0,0,0,0,-,-,NaN,0,0,0,0,560,0,0,0,0,0,"13,38",-,-,1,0,0,Total jan,0,560,0,0,0,0,0,"13,38",-,-,1,0,0,Total,9314,4277,3136,0,0,7756,1558,"13,79","1 007 964,95","74,16",3262,0,18104
Data,Ocup,Opção,Cheg,Oferta/Uso Interno,Deduz. Individ.,Deduz. Grupos,% Ocup.,Receita Quartos,Preço Médio,Saídas,Quartos FdS,Adul. / Cri.,janeiro,Previsão,16-jan-2027 sáb,0,0,0,0,0,0,0,-,-,NaN,0,0,0,0,560,0,0,0,0,0,"13,38",-,-,1,0,0,Total jan,0,560,0,0,0,0,0,"13,38",-,-,1,0,0,Total,9314,4277,3136,0,0,7756,1558,"13,79","1 007 964,95","74,16",3262,0,18104
Data,Ocup,Opção,Cheg,Oferta/Uso Interno,Deduz. Individ.,Deduz. Grupos,% Ocup.,Receita Quartos,Preço Médio,Saídas,Quartos FdS,Adul. / Cri.,janeiro,Previsão,17-jan-2027 dom,0,0,0,0,0,0,0,-,-,NaN,0,0,0,0,560,0,0,0,0,0,"13,38",-,-,1,0,0,Total jan,0,560,0,0,0,0,0,"13,38",-,-,1,0,0,Total,9314,4277,3136,0,0,7756,1558,"13,79","1 007 964,95","74,16",3262,0,18104
Data,Ocup,Opção,Cheg,Oferta/Uso Interno,Deduz. Individ.,Deduz. Grupos,% Ocup.,Receita Quartos,Preço Médio,Saídas,Quartos FdS,Adul. / Cri.,janeiro,Previsão,18-jan-2027 seg,0,0,0,0,0,0,0,-,-,NaN,0,0,0,0,560,0,0,0,0,0,"13,38",-,-,1,0,0,Total jan,0,560,0,0,0,0,0,"13,38",-,-,1,0,0,Total,9314,4277,3136,0,0,7756,1558,"13,79","1 007 964,95","74,16",3262,0,18104
Data,Ocup,Opção,Cheg,Oferta/Uso Interno,Deduz. Individ.,Deduz. Grupos,% Ocup.,Receita Quartos,Preço Médio,Saídas,Quartos FdS,Adul. / Cri.,janeiro,Previsão,19-jan-2027 ter,0,0,0,0,0,0,0,-,-,NaN,0,0,0,0,560,0,0,0,0,0,"13,38",-,-,1,0,0,Total jan,0,560,0,0,0,0,0,"13,38",-,-,1,0,0,Total,9314,4277,3136,0,0,7756,1558,"13,79","1 007 964,95","74,16",3262,0,18104
Data,Ocup,Opção,Cheg,Oferta/Uso Interno,Deduz. Individ.,Deduz. Grupos,% Ocup.,Receita Quartos,Preço Médio,Saídas,Quartos FdS,Adul. / Cri.,janeiro,Previsão,20-jan-2027 qua,0,0,0,0,0,0,0,-,-,NaN,0,0,0,0,560,0,0,0,0,0,"13,38",-,-,1,0,0,Total jan,0,560,0,0,0,0,0,"13,38",-,-,1,0,0,Total,9314,4277,3136,0,0,7756,1558,"13,79","1 007 964,95","74,16",3262,0,18104
Data,Ocup,Opção,Cheg,Oferta/Uso Interno,Deduz. Individ.,Deduz. Grupos,% Ocup.,Receita Quartos,Preço Médio,Saídas,Quartos FdS,Adul. / Cri.,janeiro,Previsão,21-jan-2027 qui,0,0,0,0,0,0,0,-,-,NaN,0,0,0,0,560,0,0,0,0,0,"13,38",-,-,1,0,0,Total jan,0,560,0,0,0,0,0,"13,38",-,-,1,0,0,Total,9314,4277,3136,0,0,7756,1558,"13,79","1 007 964,95","74,16",3262,0,18104
Data,Ocup,Opção,Cheg,Oferta/Uso Interno,Deduz. Individ.,Deduz. Grupos,% Ocup.,Receita Quartos,Preço Médio,Saídas,Quartos FdS,Adul. / Cri.,janeiro,Previsão,22-jan-2027 sex,0,0,0,0,0,0,0,-,-,NaN,0,0,0,0,560,0,0,0,0,0,"13,38",-,-,1,0,0,Total jan,0,560,0,0,0,0,0,"13,38",-,-,1,0,0,Total,9314,4277,3136,0,0,7756,1558,"13,79","1 007 964,95","74,16",3262,0,18104
Data,Ocup,Opção,Cheg,Oferta/Uso Interno,Deduz. Individ.,Deduz. Grupos,% Ocup.,Receita Quartos,Preço Médio,Saídas,Quartos FdS,Adul. / Cri.,janeiro,Previsão,23-jan-2027 sáb,0,80,0,0,0,0,0,"59,26",-,-,0,0,0,0,560,0,0,0,0,0,"13,38",-,-,1,0,0,Total jan,0,560,0,0,0,0,0,"13,38",-,-,1,0,0,Total,9314,4277,3136,0,0,7756,1558,"13,79","1 007 964,95","74,16",3262,0,18104
Data,Ocup,Opção,Cheg,Oferta/Uso Interno,Deduz. Individ.,Deduz. Grupos,% Ocup.,Receita Quartos,Preço Médio,Saídas,Quartos FdS,Adul. / Cri.,janeiro,Previsão,24-jan-2027 dom,0,80,0,0,0,0,0,"59,26",-,-,0,0,0,0,560,0,0,0,0,0,"13,38",-,-,1,0,0,Total jan,0,560,0,0,0,0,0,"13,38",-,-,1,0,0,Total,9314,4277,3136,0,0,7756,1558,"13,79","1 007 964,95","74,16",3262,0,18104
Data,Ocup,Opção,Cheg,Oferta/Uso Interno,Deduz. Individ.,Deduz. Grupos,% Ocup.,Receita Quartos,Preço Médio,Saídas,Quartos FdS,Adul. / Cri.,janeiro,Previsão,25-jan-2027 seg,0,80,0,0,0,0,0,"59,26",-,-,0,0,0,0,560,0,0,0,0,0,"13,38",-,-,1,0,0,Total jan,0,560,0,0,0,0,0,"13,38",-,-,1,0,0,Total,9314,4277,3136,0,0,7756,1558,"13,79","1 007 964,95","74,16",3262,0,18104
Data,Ocup,Opção,Cheg,Oferta/Uso Interno,Deduz. Individ.,Deduz. Grupos,% Ocup.,Receita Quartos,Preço Médio,Saídas,Quartos FdS,Adul. / Cri.,janeiro,Previsão,26-jan-2027 ter,0,80,0,0,0,0,0,"59,26",-,-,0,0,0,0,560,0,0,0,0,0,"13,38",-,-,1,0,0,Total jan,0,560,0,0,0,0,0,"13,38",-,-,1,0,0,Total,9314,4277,3136,0,0,7756,1558,"13,79","1 007 964,95","74,16",3262,0,18104
Data,Ocup,Opção,Cheg,Oferta/Uso Interno,Deduz. Individ.,Deduz. Grupos,% Ocup.,Receita Quartos,Preço Médio,Saídas,Quartos FdS,Adul. / Cri.,janeiro,Previsão,27-jan-2027 qua,0,80,0,0,0,0,0,"59,26",-,-,0,0,0,0,560,0,0,0,0,0,"13,38",-,-,1,0,0,Total jan,0,560,0,0,0,0,0,"13,38",-,-,1,0,0,Total,9314,4277,3136,0,0,7756,1558,"13,79","1 007 964,95","74,16",3262,0,18104
Data,Ocup,Opção,Cheg,Oferta/Uso Interno,Deduz. Individ.,Deduz. Grupos,% Ocup.,Receita Quartos,Preço Médio,Saídas,Quartos FdS,Adul. / Cri.,janeiro,Previsão,28-jan-2027 qui,0,80,0,0,0,0,0,"59,26",-,-,0,0,0,0,560,0,0,0,0,0,"13,38",-,-,1,0,0,Total jan,0,560,0,0,0,0,0,"13,38",-,-,1,0,0,Total,9314,4277,3136,0,0,7756,1558,"13,79","1 007 964,95","74,16",3262,0,18104
Data,Ocup,Opção,Cheg,Oferta/Uso Interno,Deduz. Individ.,Deduz. Grupos,% Ocup.,Receita Quartos,Preço Médio,Saídas,Quartos FdS,Adul. / Cri.,janeiro,Previsão,29-jan-2027 sex,0,80,0,0,0,0,0,"59,26",-,-,0,0,0,0,560,0,0,0,0,0,"13,38",-,-,1,0,0,Total jan,0,560,0,0,0,0,0,"13,38",-,-,1,0,0,Total,9314,4277,3136,0,0,7756,1558,"13,79","1 007 964,95","74,16",3262,0,18104
Data,Ocup,Opção,Cheg,Oferta/Uso Interno,Deduz. Individ.,Deduz. Grupos,% Ocup.,Receita Quartos,Preço Médio,Saídas,Quartos FdS,Adul. / Cri.,janeiro,Previsão,30-jan-2027 sáb,0,0,0,0,0,0,0,-,-,NaN,0,0,0,0,560,0,0,0,0,0,"13,38",-,-,1,0,0,Total jan,0,560,0,0,0,0,0,"13,38",-,-,1,0,0,Total,9314,4277,3136,0,0,7756,1558,"13,79","1 007 964,95","74,16",3262,0,18104
Data,Ocup,Opção,Cheg,Oferta/Uso Interno,Deduz. Individ.,Deduz. Grupos,% Ocup.,Receita Quartos,Preço Médio,Saídas,Quartos FdS,Adul. / Cri.,janeiro,Previsão,31-jan-2027 dom,0,0,0,0,0,0,0,-,-,NaN,0,0,0,0,560,0,0,0,0,0,"13,38",-,-,1,0,0,Total jan,0,560,0,0,0,0,0,"13,38",-,-,1,0,0,Total,9314,4277,3136,0,0,7756,1558,"13,79","1 007 964,95","74,16",3262,0,18104
Data,Ocup,Opção,Cheg,Oferta/Uso Interno,Deduz. Individ.,Deduz. Grupos,% Ocup.,Receita Quartos,Preço Médio,Saídas,Quartos FdS,Adul. / Cri.,fevereiro,Previsão,01-fev-2027 seg,0,0,0,0,0,0,0,-,-,NaN,0,0,0,0,0,0,0,0,0,0,-,-,NaN,0,0,0,Total fev,0,0,0,0,0,0,0,-,-,NaN,0,0,0,Total,9314,4277,3136,0,0,7756,1558,"13,79","1 007 964,95","74,16",3262,0,18104
Data,Ocup,Opção,Cheg,Oferta/Uso Interno,Deduz. Individ.,Deduz. Grupos,% Ocup.,Receita Quartos,Preço Médio,Saídas,Quartos FdS,Adul. / Cri.,fevereiro,Previsão,02-fev-2027 ter,0,0,0,0,0,0,0,-,-,NaN,0,0,0,0,0,0,0,0,0,0,-,-,NaN,0,0,0,Total fev,0,0,0,0,0,0,0,-,-,NaN,0,0,0,Total,9314,4277,3136,0,0,7756,1558,"13,79","1 007 964,95","74,16",3262,0,18104
Data,Ocup,Opção,Cheg,Oferta/Uso Interno,Deduz. Individ.,Deduz. Grupos,% Ocup.,Receita Quartos,Preço Médio,Saídas,Quartos FdS,Adul. / Cri.,fevereiro,Previsão,03-fev-2027 qua,0,0,0,0,0,0,0,-,-,NaN,0,0,0,0,0,0,0,0,0,0,-,-,NaN,0,0,0,Total fev,0,0,0,0,0,0,0,-,-,NaN,0,0,0,Total,9314,4277,3136,0,0,7756,1558,"13,79","1 007 964,95","74,16",3262,0,18104
Data,Ocup,Opção,Cheg,Oferta/Uso Interno,Deduz. Individ.,Deduz. Grupos,% Ocup.,Receita Quartos,Preço Médio,Saídas,Quartos FdS,Adul. / Cri.,fevereiro,Previsão,04-fev-2027 qui,0,0,0,0,0,0,0,-,-,NaN,0,0,0,0,0,0,0,0,0,0,-,-,NaN,0,0,0,Total fev,0,0,0,0,0,0,0,-,-,NaN,0,0,0,Total,9314,4277,3136,0,0,7756,1558,"13,79","1 007 964,95","74,16",3262,0,18104
Data,Ocup,Opção,Cheg,Oferta/Uso Interno,Deduz. Individ.,Deduz. Grupos,% Ocup.,Receita Quartos,Preço Médio,Saídas,Quartos FdS,Adul. / Cri.,fevereiro,Previsão,05-fev-2027 sex,0,0,0,0,0,0,0,-,-,NaN,0,0,0,0,0,0,0,0,0,0,-,-,NaN,0,0,0,Total fev,0,0,0,0,0,0,0,-,-,NaN,0,0,0,Total,9314,4277,3136,0,0,7756,1558,"13,79","1 007 964,95","74,16",3262,0,18104
Data,Ocup,Opção,Cheg,Oferta/Uso Interno,Deduz. Individ.,Deduz. Grupos,% Ocup.,Receita Quartos,Preço Médio,Saídas,Quartos FdS,Adul. / Cri.,fevereiro,Previsão,06-fev-2027 sáb,0,0,0,0,0,0,0,-,-,NaN,0,0,0,0,0,0,0,0,0,0,-,-,NaN,0,0,0,Total fev,0,0,0,0,0,0,0,-,-,NaN,0,0,0,Total,9314,4277,3136,0,0,7756,1558,"13,79","1 007 964,95","74,16",3262,0,18104
Data,Ocup,Opção,Cheg,Oferta/Uso Interno,Deduz. Individ.,Deduz. Grupos,% Ocup.,Receita Quartos,Preço Médio,Saídas,Quartos FdS,Adul. / Cri.,fevereiro,Previsão,07-fev-2027 dom,0,0,0,0,0,0,0,-,-,NaN,0,0,0,0,0,0,0,0,0,0,-,-,NaN,0,0,0,Total fev,0,0,0,0,0,0,0,-,-,NaN,0,0,0,Total,9314,4277,3136,0,0,7756,1558,"13,79","1 007 964,95","74,16",3262,0,18104
Data,Ocup,Opção,Cheg,Oferta/Uso Interno,Deduz. Individ.,Deduz. Grupos,% Ocup.,Receita Quartos,Preço Médio,Saídas,Quartos FdS,Adul. / Cri.,fevereiro,Previsão,08-fev-2027 seg,0,0,0,0,0,0,0,-,-,NaN,0,0,0,0,0,0,0,0,0,0,-,-,NaN,0,0,0,Total fev,0,0,0,0,0,0,0,-,-,NaN,0,0,0,Total,9314,4277,3136,0,0,7756,1558,"13,79","1 007 964,95","74,16",3262,0,18104
Data,Ocup,Opção,Cheg,Oferta/Uso Interno,Deduz. Individ.,Deduz. Grupos,% Ocup.,Receita Quartos,Preço Médio,Saídas,Quartos FdS,Adul. / Cri.,fevereiro,Previsão,09-fev-2027 ter,0,0,0,0,0,0,0,-,-,NaN,0,0,0,0,0,0,0,0,0,0,-,-,NaN,0,0,0,Total fev,0,0,0,0,0,0,0,-,-,NaN,0,0,0,Total,9314,4277,3136,0,0,7756,1558,"13,79","1 007 964,95","74,16",3262,0,18104
Data,Ocup,Opção,Cheg,Oferta/Uso Interno,Deduz. Individ.,Deduz. Grupos,% Ocup.,Receita Quartos,Preço Médio,Saídas,Quartos FdS,Adul. / Cri.,fevereiro,Previsão,10-fev-2027 qua,0,0,0,0,0,0,0,-,-,NaN,0,0,0,0,0,0,0,0,0,0,-,-,NaN,0,0,0,Total fev,0,0,0,0,0,0,0,-,-,NaN,0,0,0,Total,9314,4277,3136,0,0,7756,1558,"13,79","1 007 964,95","74,16",3262,0,18104
Data,Ocup,Opção,Cheg,Oferta/Uso Interno,Deduz. Individ.,Deduz. Grupos,% Ocup.,Receita Quartos,Preço Médio,Saídas,Quartos FdS,Adul. / Cri.,fevereiro,Previsão,11-fev-2027 qui,0,0,0,0,0,0,0,-,-,NaN,0,0,0,0,0,0,0,0,0,0,-,-,NaN,0,0,0,Total fev,0,0,0,0,0,0,0,-,-,NaN,0,0,0,Total,9314,4277,3136,0,0,7756,1558,"13,79","1 007 964,95","74,16",3262,0,18104
Data,Ocup,Opção,Cheg,Oferta/Uso Interno,Deduz. Individ.,Deduz. Grupos,% Ocup.,Receita Quartos,Preço Médio,Saídas,Quartos FdS,Adul. / Cri.,fevereiro,Previsão,12-fev-2027 sex,0,0,0,0,0,0,0,-,-,NaN,0,0,0,0,0,0,0,0,0,0,-,-,NaN,0,0,0,Total fev,0,0,0,0,0,0,0,-,-,NaN,0,0,0,Total,9314,4277,3136,0,0,7756,1558,"13,79","1 007 964,95","74,16",3262,0,18104
Data,Ocup,Opção,Cheg,Oferta/Uso Interno,Deduz. Individ.,Deduz. Grupos,% Ocup.,Receita Quartos,Preço Médio,Saídas,Quartos FdS,Adul. / Cri.,fevereiro,Previsão,13-fev-2027 sáb,0,0,0,0,0,0,0,-,-,NaN,0,0,0,0,0,0,0,0,0,0,-,-,NaN,0,0,0,Total fev,0,0,0,0,0,0,0,-,-,NaN,0,0,0,Total,9314,4277,3136,0,0,7756,1558,"13,79","1 007 964,95","74,16",3262,0,18104
Data,Ocup,Opção,Cheg,Oferta/Uso Interno,Deduz. Individ.,Deduz. Grupos,% Ocup.,Receita Quartos,Preço Médio,Saídas,Quartos FdS,Adul. / Cri.,fevereiro,Previsão,14-fev-2027 dom,0,0,0,0,0,0,0,-,-,NaN,0,0,0,0,0,0,0,0,0,0,-,-,NaN,0,0,0,Total fev,0,0,0,0,0,0,0,-,-,NaN,0,0,0,Total,9314,4277,3136,0,0,7756,1558,"13,79","1 007 964,95","74,16",3262,0,18104
Data,Ocup,Opção,Cheg,Oferta/Uso Interno,Deduz. Individ.,Deduz. Grupos,% Ocup.,Receita Quartos,Preço Médio,Saídas,Quartos FdS,Adul. / Cri.,fevereiro,Previsão,15-fev-2027 seg,0,0,0,0,0,0,0,-,-,NaN,0,0,0,0,0,0,0,0,0,0,-,-,NaN,0,0,0,Total fev,0,0,0,0,0,0,0,-,-,NaN,0,0,0,Total,9314,4277,3136,0,0,7756,1558,"13,79","1 007 964,95","74,16",3262,0,18104
Data,Ocup,Opção,Cheg,Oferta/Uso Interno,Deduz. Individ.,Deduz. Grupos,% Ocup.,Receita Quartos,Preço Médio,Saídas,Quartos FdS,Adul. / Cri.,fevereiro,Previsão,16-fev-2027 ter,0,0,0,0,0,0,0,-,-,NaN,0,0,0,0,0,0,0,0,0,0,-,-,NaN,0,0,0,Total fev,0,0,0,0,0,0,0,-,-,NaN,0,0,0,Total,9314,4277,3136,0,0,7756,1558,"13,79","1 007 964,95","74,16",3262,0,18104
Data,Ocup,Opção,Cheg,Oferta/Uso Interno,Deduz. Individ.,Deduz. Grupos,% Ocup.,Receita Quartos,Preço Médio,Saídas,Quartos FdS,Adul. / Cri.,fevereiro,Previsão,17-fev-2027 qua,0,0,0,0,0,0,0,-,-,NaN,0,0,0,0,0,0,0,0,0,0,-,-,NaN,0,0,0,Total fev,0,0,0,0,0,0,0,-,-,NaN,0,0,0,Total,9314,4277,3136,0,0,7756,1558,"13,79","1 007 964,95","74,16",3262,0,18104
Data,Ocup,Opção,Cheg,Oferta/Uso Interno,Deduz. Individ.,Deduz. Grupos,% Ocup.,Receita Quartos,Preço Médio,Saídas,Quartos FdS,Adul. / Cri.,fevereiro,Previsão,18-fev-2027 qui,0,0,0,0,0,0,0,-,-,NaN,0,0,0,0,0,0,0,0,0,0,-,-,NaN,0,0,0,Total fev,0,0,0,0,0,0,0,-,-,NaN,0,0,0,Total,9314,4277,3136,0,0,7756,1558,"13,79","1 007 964,95","74,16",3262,0,18104
Data,Ocup,Opção,Cheg,Oferta/Uso Interno,Deduz. Individ.,Deduz. Grupos,% Ocup.,Receita Quartos,Preço Médio,Saídas,Quartos FdS,Adul. / Cri.,fevereiro,Previsão,19-fev-2027 sex,0,0,0,0,0,0,0,-,-,NaN,0,0,0,0,0,0,0,0,0,0,-,-,NaN,0,0,0,Total fev,0,0,0,0,0,0,0,-,-,NaN,0,0,0,Total,9314,4277,3136,0,0,7756,1558,"13,79","1 007 964,95","74,16",3262,0,18104
Data,Ocup,Opção,Cheg,Oferta/Uso Interno,Deduz. Individ.,Deduz. Grupos,% Ocup.,Receita Quartos,Preço Médio,Saídas,Quartos FdS,Adul. / Cri.,fevereiro,Previsão,20-fev-2027 sáb,0,0,0,0,0,0,0,-,-,NaN,0,0,0,0,0,0,0,0,0,0,-,-,NaN,0,0,0,Total fev,0,0,0,0,0,0,0,-,-,NaN,0,0,0,Total,9314,4277,3136,0,0,7756,1558,"13,79","1 007 964,95","74,16",3262,0,18104
Data,Ocup,Opção,Cheg,Oferta/Uso Interno,Deduz. Individ.,Deduz. Grupos,% Ocup.,Receita Quartos,Preço Médio,Saídas,Quartos FdS,Adul. / Cri.,fevereiro,Previsão,21-fev-2027 dom,0,0,0,0,0,0,0,-,-,NaN,0,0,0,0,0,0,0,0,0,0,-,-,NaN,0,0,0,Total fev,0,0,0,0,0,0,0,-,-,NaN,0,0,0,Total,9314,4277,3136,0,0,7756,1558,"13,79","1 007 964,95","74,16",3262,0,18104
Data,Ocup,Opção,Cheg,Oferta/Uso Interno,Deduz. Individ.,Deduz. Grupos,% Ocup.,Receita Quartos,Preço Médio,Saídas,Quartos FdS,Adul. / Cri.,fevereiro,Previsão,22-fev-2027 seg,0,0,0,0,0,0,0,-,-,NaN,0,0,0,0,0,0,0,0,0,0,-,-,NaN,0,0,0,Total fev,0,0,0,0,0,0,0,-,-,NaN,0,0,0,Total,9314,4277,3136,0,0,7756,1558,"13,79","1 007 964,95","74,16",3262,0,18104
Data,Ocup,Opção,Cheg,Oferta/Uso Interno,Deduz. Individ.,Deduz. Grupos,% Ocup.,Receita Quartos,Preço Médio,Saídas,Quartos FdS,Adul. / Cri.,fevereiro,Previsão,23-fev-2027 ter,0,0,0,0,0,0,0,-,-,NaN,0,0,0,0,0,0,0,0,0,0,-,-,NaN,0,0,0,Total fev,0,0,0,0,0,0,0,-,-,NaN,0,0,0,Total,9314,4277,3136,0,0,7756,1558,"13,79","1 007 964,95","74,16",3262,0,18104
Data,Ocup,Opção,Cheg,Oferta/Uso Interno,Deduz. Individ.,Deduz. Grupos,% Ocup.,Receita Quartos,Preço Médio,Saídas,Quartos FdS,Adul. / Cri.,fevereiro,Previsão,24-fev-2027 qua,0,0,0,0,0,0,0,-,-,NaN,0,0,0,0,0,0,0,0,0,0,-,-,NaN,0,0,0,Total fev,0,0,0,0,0,0,0,-,-,NaN,0,0,0,Total,9314,4277,3136,0,0,7756,1558,"13,79","1 007 964,95","74,16",3262,0,18104
Data,Ocup,Opção,Cheg,Oferta/Uso Interno,Deduz. Individ.,Deduz. Grupos,% Ocup.,Receita Quartos,Preço Médio,Saídas,Quartos FdS,Adul. / Cri.,fevereiro,Previsão,25-fev-2027 qui,0,0,0,0,0,0,0,-,-,NaN,0,0,0,0,0,0,0,0,0,0,-,-,NaN,0,0,0,Total fev,0,0,0,0,0,0,0,-,-,NaN,0,0,0,Total,9314,4277,3136,0,0,7756,1558,"13,79","1 007 964,95","74,16",3262,0,18104
Data,Ocup,Opção,Cheg,Oferta/Uso Interno,Deduz. Individ.,Deduz. Grupos,% Ocup.,Receita Quartos,Preço Médio,Saídas,Quartos FdS,Adul. / Cri.,fevereiro,Previsão,26-fev-2027 sex,0,0,0,0,0,0,0,-,-,NaN,0,0,0,0,0,0,0,0,0,0,-,-,NaN,0,0,0,Total fev,0,0,0,0,0,0,0,-,-,NaN,0,0,0,Total,9314,4277,3136,0,0,7756,1558,"13,79","1 007 964,95","74,16",3262,0,18104
Data,Ocup,Opção,Cheg,Oferta/Uso Interno,Deduz. Individ.,Deduz. Grupos,% Ocup.,Receita Quartos,Preço Médio,Saídas,Quartos FdS,Adul. / Cri.,fevereiro,Previsão,27-fev-2027 sáb,0,0,0,0,0,0,0,-,-,NaN,0,0,0,0,0,0,0,0,0,0,-,-,NaN,0,0,0,Total fev,0,0,0,0,0,0,0,-,-,NaN,0,0,0,Total,9314,4277,3136,0,0,7756,1558,"13,79","1 007 964,95","74,16",3262,0,18104
Data,Ocup,Opção,Cheg,Oferta/Uso Interno,Deduz. Individ.,Deduz. Grupos,% Ocup.,Receita Quartos,Preço Médio,Saídas,Quartos FdS,Adul. / Cri.,fevereiro,Previsão,28-fev-2027 dom,0,0,0,0,0,0,0,-,-,NaN,0,0,0,0,0,0,0,0,0,0,-,-,NaN,0,0,0,Total fev,0,0,0,0,0,0,0,-,-,NaN,0,0,0,Total,9314,4277,3136,0,0,7756,1558,"13,79","1 007 964,95","74,16",3262,0,18104
Data,Ocup,Opção,Cheg,Oferta/Uso Interno,Deduz. Individ.,Deduz. Grupos,% Ocup.,Receita Quartos,Preço Médio,Saídas,Quartos FdS,Adul. / Cri.,março,Previsão,01-mar-2027 seg,0,0,0,0,0,0,0,-,-,NaN,0,0,0,0,0,0,0,0,0,0,-,-,NaN,0,0,0,Total mar,0,0,0,0,0,0,0,-,-,NaN,0,0,0,Total,9314,4277,3136,0,0,7756,1558,"13,79","1 007 964,95","74,16",3262,0,18104
Data,Ocup,Opção,Cheg,Oferta/Uso Interno,Deduz. Individ.,Deduz. Grupos,% Ocup.,Receita Quartos,Preço Médio,Saídas,Quartos FdS,Adul. / Cri.,março,Previsão,02-mar-2027 ter,0,0,0,0,0,0,0,-,-,NaN,0,0,0,0,0,0,0,0,0,0,-,-,NaN,0,0,0,Total mar,0,0,0,0,0,0,0,-,-,NaN,0,0,0,Total,9314,4277,3136,0,0,7756,1558,"13,79","1 007 964,95","74,16",3262,0,18104
Data,Ocup,Opção,Cheg,Oferta/Uso Interno,Deduz. Individ.,Deduz. Grupos,% Ocup.,Receita Quartos,Preço Médio,Saídas,Quartos FdS,Adul. / Cri.,março,Previsão,03-mar-2027 qua,0,0,0,0,0,0,0,-,-,NaN,0,0,0,0,0,0,0,0,0,0,-,-,NaN,0,0,0,Total mar,0,0,0,0,0,0,0,-,-,NaN,0,0,0,Total,9314,4277,3136,0,0,7756,1558,"13,79","1 007 964,95","74,16",3262,0,18104
Data,Ocup,Opção,Cheg,Oferta/Uso Interno,Deduz. Individ.,Deduz. Grupos,% Ocup.,Receita Quartos,Preço Médio,Saídas,Quartos FdS,Adul. / Cri.,março,Previsão,04-mar-2027 qui,0,0,0,0,0,0,0,-,-,NaN,0,0,0,0,0,0,0,0,0,0,-,-,NaN,0,0,0,Total mar,0,0,0,0,0,0,0,-,-,NaN,0,0,0,Total,9314,4277,3136,0,0,7756,1558,"13,79","1 007 964,95","74,16",3262,0,18104
Data,Ocup,Opção,Cheg,Oferta/Uso Interno,Deduz. Individ.,Deduz. Grupos,% Ocup.,Receita Quartos,Preço Médio,Saídas,Quartos FdS,Adul. / Cri.,março,Previsão,05-mar-2027 sex,0,0,0,0,0,0,0,-,-,NaN,0,0,0,0,0,0,0,0,0,0,-,-,NaN,0,0,0,Total mar,0,0,0,0,0,0,0,-,-,NaN,0,0,0,Total,9314,4277,3136,0,0,7756,1558,"13,79","1 007 964,95","74,16",3262,0,18104
Data,Ocup,Opção,Cheg,Oferta/Uso Interno,Deduz. Individ.,Deduz. Grupos,% Ocup.,Receita Quartos,Preço Médio,Saídas,Quartos FdS,Adul. / Cri.,março,Previsão,06-mar-2027 sáb,0,0,0,0,0,0,0,-,-,NaN,0,0,0,0,0,0,0,0,0,0,-,-,NaN,0,0,0,Total mar,0,0,0,0,0,0,0,-,-,NaN,0,0,0,Total,9314,4277,3136,0,0,7756,1558,"13,79","1 007 964,95","74,16",3262,0,18104
Data,Ocup,Opção,Cheg,Oferta/Uso Interno,Deduz. Individ.,Deduz. Grupos,% Ocup.,Receita Quartos,Preço Médio,Saídas,Quartos FdS,Adul. / Cri.,março,Previsão,07-mar-2027 dom,0,0,0,0,0,0,0,-,-,NaN,0,0,0,0,0,0,0,0,0,0,-,-,NaN,0,0,0,Total mar,0,0,0,0,0,0,0,-,-,NaN,0,0,0,Total,9314,4277,3136,0,0,7756,1558,"13,79","1 007 964,95","74,16",3262,0,18104
Data,Ocup,Opção,Cheg,Oferta/Uso Interno,Deduz. Individ.,Deduz. Grupos,% Ocup.,Receita Quartos,Preço Médio,Saídas,Quartos FdS,Adul. / Cri.,março,Previsão,08-mar-2027 seg,0,0,0,0,0,0,0,-,-,NaN,0,0,0,0,0,0,0,0,0,0,-,-,NaN,0,0,0,Total mar,0,0,0,0,0,0,0,-,-,NaN,0,0,0,Total,9314,4277,3136,0,0,7756,1558,"13,79","1 007 964,95","74,16",3262,0,18104
Data,Ocup,Opção,Cheg,Oferta/Uso Interno,Deduz. Individ.,Deduz. Grupos,% Ocup.,Receita Quartos,Preço Médio,Saídas,Quartos FdS,Adul. / Cri.,março,Previsão,09-mar-2027 ter,0,0,0,0,0,0,0,-,-,NaN,0,0,0,0,0,0,0,0,0,0,-,-,NaN,0,0,0,Total mar,0,0,0,0,0,0,0,-,-,NaN,0,0,0,Total,9314,4277,3136,0,0,7756,1558,"13,79","1 007 964,95","74,16",3262,0,18104
Data,Ocup,Opção,Cheg,Oferta/Uso Interno,Deduz. Individ.,Deduz. Grupos,% Ocup.,Receita Quartos,Preço Médio,Saídas,Quartos FdS,Adul. / Cri.,março,Previsão,10-mar-2027 qua,0,0,0,0,0,0,0,-,-,NaN,0,0,0,0,0,0,0,0,0,0,-,-,NaN,0,0,0,Total mar,0,0,0,0,0,0,0,-,-,NaN,0,0,0,Total,9314,4277,3136,0,0,7756,1558,"13,79","1 007 964,95","74,16",3262,0,18104
Data,Ocup,Opção,Cheg,Oferta/Uso Interno,Deduz. Individ.,Deduz. Grupos,% Ocup.,Receita Quartos,Preço Médio,Saídas,Quartos FdS,Adul. / Cri.,março,Previsão,11-mar-2027 qui,0,0,0,0,0,0,0,-,-,NaN,0,0,0,0,0,0,0,0,0,0,-,-,NaN,0,0,0,Total mar,0,0,0,0,0,0,0,-,-,NaN,0,0,0,Total,9314,4277,3136,0,0,7756,1558,"13,79","1 007 964,95","74,16",3262,0,18104
Data,Ocup,Opção,Cheg,Oferta/Uso Interno,Deduz. Individ.,Deduz. Grupos,% Ocup.,Receita Quartos,Preço Médio,Saídas,Quartos FdS,Adul. / Cri.,março,Previsão,12-mar-2027 sex,0,0,0,0,0,0,0,-,-,NaN,0,0,0,0,0,0,0,0,0,0,-,-,NaN,0,0,0,Total mar,0,0,0,0,0,0,0,-,-,NaN,0,0,0,Total,9314,4277,3136,0,0,7756,1558,"13,79","1 007 964,95","74,16",3262,0,18104
Data,Ocup,Opção,Cheg,Oferta/Uso Interno,Deduz. Individ.,Deduz. Grupos,% Ocup.,Receita Quartos,Preço Médio,Saídas,Quartos FdS,Adul. / Cri.,março,Previsão,13-mar-2027 sáb,0,0,0,0,0,0,0,-,-,NaN,0,0,0,0,0,0,0,0,0,0,-,-,NaN,0,0,0,Total mar,0,0,0,0,0,0,0,-,-,NaN,0,0,0,Total,9314,4277,3136,0,0,7756,1558,"13,79","1 007 964,95","74,16",3262,0,18104
Data,Ocup,Opção,Cheg,Oferta/Uso Interno,Deduz. Individ.,Deduz. Grupos,% Ocup.,Receita Quartos,Preço Médio,Saídas,Quartos FdS,Adul. / Cri.,março,Previsão,14-mar-2027 dom,0,0,0,0,0,0,0,-,-,NaN,0,0,0,0,0,0,0,0,0,0,-,-,NaN,0,0,0,Total mar,0,0,0,0,0,0,0,-,-,NaN,0,0,0,Total,9314,4277,3136,0,0,7756,1558,"13,79","1 007 964,95","74,16",3262,0,18104
Data,Ocup,Opção,Cheg,Oferta/Uso Interno,Deduz. Individ.,Deduz. Grupos,% Ocup.,Receita Quartos,Preço Médio,Saídas,Quartos FdS,Adul. / Cri.,março,Previsão,15-mar-2027 seg,0,0,0,0,0,0,0,-,-,NaN,0,0,0,0,0,0,0,0,0,0,-,-,NaN,0,0,0,Total mar,0,0,0,0,0,0,0,-,-,NaN,0,0,0,Total,9314,4277,3136,0,0,7756,1558,"13,79","1 007 964,95","74,16",3262,0,18104
Data,Ocup,Opção,Cheg,Oferta/Uso Interno,Deduz. Individ.,Deduz. Grupos,% Ocup.,Receita Quartos,Preço Médio,Saídas,Quartos FdS,Adul. / Cri.,março,Previsão,16-mar-2027 ter,0,0,0,0,0,0,0,-,-,NaN,0,0,0,0,0,0,0,0,0,0,-,-,NaN,0,0,0,Total mar,0,0,0,0,0,0,0,-,-,NaN,0,0,0,Total,9314,4277,3136,0,0,7756,1558,"13,79","1 007 964,95","74,16",3262,0,18104
Data,Ocup,Opção,Cheg,Oferta/Uso Interno,Deduz. Individ.,Deduz. Grupos,% Ocup.,Receita Quartos,Preço Médio,Saídas,Quartos FdS,Adul. / Cri.,março,Previsão,17-mar-2027 qua,0,0,0,0,0,0,0,-,-,NaN,0,0,0,0,0,0,0,0,0,0,-,-,NaN,0,0,0,Total mar,0,0,0,0,0,0,0,-,-,NaN,0,0,0,Total,9314,4277,3136,0,0,7756,1558,"13,79","1 007 964,95","74,16",3262,0,18104
Data,Ocup,Opção,Cheg,Oferta/Uso Interno,Deduz. Individ.,Deduz. Grupos,% Ocup.,Receita Quartos,Preço Médio,Saídas,Quartos FdS,Adul. / Cri.,março,Previsão,18-mar-2027 qui,0,0,0,0,0,0,0,-,-,NaN,0,0,0,0,0,0,0,0,0,0,-,-,NaN,0,0,0,Total mar,0,0,0,0,0,0,0,-,-,NaN,0,0,0,Total,9314,4277,3136,0,0,7756,1558,"13,79","1 007 964,95","74,16",3262,0,18104
Data,Ocup,Opção,Cheg,Oferta/Uso Interno,Deduz. Individ.,Deduz. Grupos,% Ocup.,Receita Quartos,Preço Médio,Saídas,Quartos FdS,Adul. / Cri.,março,Previsão,19-mar-2027 sex,0,0,0,0,0,0,0,-,-,NaN,0,0,0,0,0,0,0,0,0,0,-,-,NaN,0,0,0,Total mar,0,0,0,0,0,0,0,-,-,NaN,0,0,0,Total,9314,4277,3136,0,0,7756,1558,"13,79","1 007 964,95","74,16",3262,0,18104
Data,Ocup,Opção,Cheg,Oferta/Uso Interno,Deduz. Individ.,Deduz. Grupos,% Ocup.,Receita Quartos,Preço Médio,Saídas,Quartos FdS,Adul. / Cri.,março,Previsão,20-mar-2027 sáb,0,0,0,0,0,0,0,-,-,NaN,0,0,0,0,0,0,0,0,0,0,-,-,NaN,0,0,0,Total mar,0,0,0,0,0,0,0,-,-,NaN,0,0,0,Total,9314,4277,3136,0,0,7756,1558,"13,79","1 007 964,95","74,16",3262,0,18104
Data,Ocup,Opção,Cheg,Oferta/Uso Interno,Deduz. Individ.,Deduz. Grupos,% Ocup.,Receita Quartos,Preço Médio,Saídas,Quartos FdS,Adul. / Cri.,março,Previsão,21-mar-2027 dom,0,0,0,0,0,0,0,-,-,NaN,0,0,0,0,0,0,0,0,0,0,-,-,NaN,0,0,0,Total mar,0,0,0,0,0,0,0,-,-,NaN,0,0,0,Total,9314,4277,3136,0,0,7756,1558,"13,79","1 007 964,95","74,16",3262,0,18104
Data,Ocup,Opção,Cheg,Oferta/Uso Interno,Deduz. Individ.,Deduz. Grupos,% Ocup.,Receita Quartos,Preço Médio,Saídas,Quartos FdS,Adul. / Cri.,março,Previsão,22-mar-2027 seg,0,0,0,0,0,0,0,-,-,NaN,0,0,0,0,0,0,0,0,0,0,-,-,NaN,0,0,0,Total mar,0,0,0,0,0,0,0,-,-,NaN,0,0,0,Total,9314,4277,3136,0,0,7756,1558,"13,79","1 007 964,95","74,16",3262,0,18104
Data,Ocup,Opção,Cheg,Oferta/Uso Interno,Deduz. Individ.,Deduz. Grupos,% Ocup.,Receita Quartos,Preço Médio,Saídas,Quartos FdS,Adul. / Cri.,março,Previsão,23-mar-2027 ter,0,0,0,0,0,0,0,-,-,NaN,0,0,0,0,0,0,0,0,0,0,-,-,NaN,0,0,0,Total mar,0,0,0,0,0,0,0,-,-,NaN,0,0,0,Total,9314,4277,3136,0,0,7756,1558,"13,79","1 007 964,95","74,16",3262,0,18104
Data,Ocup,Opção,Cheg,Oferta/Uso Interno,Deduz. Individ.,Deduz. Grupos,% Ocup.,Receita Quartos,Preço Médio,Saídas,Quartos FdS,Adul. / Cri.,março,Previsão,24-mar-2027 qua,0,0,0,0,0,0,0,-,-,NaN,0,0,0,0,0,0,0,0,0,0,-,-,NaN,0,0,0,Total mar,0,0,0,0,0,0,0,-,-,NaN,0,0,0,Total,9314,4277,3136,0,0,7756,1558,"13,79","1 007 964,95","74,16",3262,0,18104
Data,Ocup,Opção,Cheg,Oferta/Uso Interno,Deduz. Individ.,Deduz. Grupos,% Ocup.,Receita Quartos,Preço Médio,Saídas,Quartos FdS,Adul. / Cri.,março,Previsão,25-mar-2027 qui,0,0,0,0,0,0,0,-,-,NaN,0,0,0,0,0,0,0,0,0,0,-,-,NaN,0,0,0,Total mar,0,0,0,0,0,0,0,-,-,NaN,0,0,0,Total,9314,4277,3136,0,0,7756,1558,"13,79","1 007 964,95","74,16",3262,0,18104
Data,Ocup,Opção,Cheg,Oferta/Uso Interno,Deduz. Individ.,Deduz. Grupos,% Ocup.,Receita Quartos,Preço Médio,Saídas,Quartos FdS,Adul. / Cri.,março,Previsão,26-mar-2027 sex,0,0,0,0,0,0,0,-,-,NaN,0,0,0,0,0,0,0,0,0,0,-,-,NaN,0,0,0,Total mar,0,0,0,0,0,0,0,-,-,NaN,0,0,0,Total,9314,4277,3136,0,0,7756,1558,"13,79","1 007 964,95","74,16",3262,0,18104
Data,Ocup,Opção,Cheg,Oferta/Uso Interno,Deduz. Individ.,Deduz. Grupos,% Ocup.,Receita Quartos,Preço Médio,Saídas,Quartos FdS,Adul. / Cri.,março,Previsão,27-mar-2027 sáb,0,0,0,0,0,0,0,-,-,NaN,0,0,0,0,0,0,0,0,0,0,-,-,NaN,0,0,0,Total mar,0,0,0,0,0,0,0,-,-,NaN,0,0,0,Total,9314,4277,3136,0,0,7756,1558,"13,79","1 007 964,95","74,16",3262,0,18104
Data,Ocup,Opção,Cheg,Oferta/Uso Interno,Deduz. Individ.,Deduz. Grupos,% Ocup.,Receita Quartos,Preço Médio,Saídas,Quartos FdS,Adul. / Cri.,março,Previsão,28-mar-2027 dom,0,0,0,0,0,0,0,-,-,NaN,0,0,0,0,0,0,0,0,0,0,-,-,NaN,0,0,0,Total mar,0,0,0,0,0,0,0,-,-,NaN,0,0,0,Total,9314,4277,3136,0,0,7756,1558,"13,79","1 007 964,95","74,16",3262,0,18104
Data,Ocup,Opção,Cheg,Oferta/Uso Interno,Deduz. Individ.,Deduz. Grupos,% Ocup.,Receita Quartos,Preço Médio,Saídas,Quartos FdS,Adul. / Cri.,março,Previsão,29-mar-2027 seg,0,0,0,0,0,0,0,-,-,NaN,0,0,0,0,0,0,0,0,0,0,-,-,NaN,0,0,0,Total mar,0,0,0,0,0,0,0,-,-,NaN,0,0,0,Total,9314,4277,3136,0,0,7756,1558,"13,79","1 007 964,95","74,16",3262,0,18104
Data,Ocup,Opção,Cheg,Oferta/Uso Interno,Deduz. Individ.,Deduz. Grupos,% Ocup.,Receita Quartos,Preço Médio,Saídas,Quartos FdS,Adul. / Cri.,março,Previsão,30-mar-2027 ter,0,0,0,0,0,0,0,-,-,NaN,0,0,0,0,0,0,0,0,0,0,-,-,NaN,0,0,0,Total mar,0,0,0,0,0,0,0,-,-,NaN,0,0,0,Total,9314,4277,3136,0,0,7756,1558,"13,79","1 007 964,95","74,16",3262,0,18104
Data,Ocup,Opção,Cheg,Oferta/Uso Interno,Deduz. Individ.,Deduz. Grupos,% Ocup.,Receita Quartos,Preço Médio,Saídas,Quartos FdS,Adul. / Cri.,março,Previsão,31-mar-2027 qua,0,0,0,0,0,0,0,-,-,NaN,0,0,0,0,0,0,0,0,0,0,-,-,NaN,0,0,0,Total mar,0,0,0,0,0,0,0,-,-,NaN,0,0,0,Total,9314,4277,3136,0,0,7756,1558,"13,79","1 007 964,95","74,16",3262,0,18104
Data,Ocup,Opção,Cheg,Oferta/Uso Interno,Deduz. Individ.,Deduz. Grupos,% Ocup.,Receita Quartos,Preço Médio,Saídas,Quartos FdS,Adul. / Cri.,abril,Previsão,01-abr-2027 qui,0,0,0,0,0,0,0,-,-,NaN,0,0,0,0,0,0,0,0,0,0,-,-,NaN,0,0,0,Total abr,0,0,0,0,0,0,0,-,-,NaN,0,0,0,Total,9314,4277,3136,0,0,7756,1558,"13,79","1 007 964,95","74,16",3262,0,18104
Data,Ocup,Opção,Cheg,Oferta/Uso Interno,Deduz. Individ.,Deduz. Grupos,% Ocup.,Receita Quartos,Preço Médio,Saídas,Quartos FdS,Adul. / Cri.,abril,Previsão,02-abr-2027 sex,0,0,0,0,0,0,0,-,-,NaN,0,0,0,0,0,0,0,0,0,0,-,-,NaN,0,0,0,Total abr,0,0,0,0,0,0,0,-,-,NaN,0,0,0,Total,9314,4277,3136,0,0,7756,1558,"13,79","1 007 964,95","74,16",3262,0,18104
Data,Ocup,Opção,Cheg,Oferta/Uso Interno,Deduz. Individ.,Deduz. Grupos,% Ocup.,Receita Quartos,Preço Médio,Saídas,Quartos FdS,Adul. / Cri.,abril,Previsão,03-abr-2027 sáb,0,0,0,0,0,0,0,-,-,NaN,0,0,0,0,0,0,0,0,0,0,-,-,NaN,0,0,0,Total abr,0,0,0,0,0,0,0,-,-,NaN,0,0,0,Total,9314,4277,3136,0,0,7756,1558,"13,79","1 007 964,95","74,16",3262,0,18104
Data,Ocup,Opção,Cheg,Oferta/Uso Interno,Deduz. Individ.,Deduz. Grupos,% Ocup.,Receita Quartos,Preço Médio,Saídas,Quartos FdS,Adul. / Cri.,abril,Previsão,04-abr-2027 dom,0,0,0,0,0,0,0,-,-,NaN,0,0,0,0,0,0,0,0,0,0,-,-,NaN,0,0,0,Total abr,0,0,0,0,0,0,0,-,-,NaN,0,0,0,Total,9314,4277,3136,0,0,7756,1558,"13,79","1 007 964,95","74,16",3262,0,18104
Data,Ocup,Opção,Cheg,Oferta/Uso Interno,Deduz. Individ.,Deduz. Grupos,% Ocup.,Receita Quartos,Preço Médio,Saídas,Quartos FdS,Adul. / Cri.,abril,Previsão,05-abr-2027 seg,0,0,0,0,0,0,0,-,-,NaN,0,0,0,0,0,0,0,0,0,0,-,-,NaN,0,0,0,Total abr,0,0,0,0,0,0,0,-,-,NaN,0,0,0,Total,9314,4277,3136,0,0,7756,1558,"13,79","1 007 964,95","74,16",3262,0,18104
Data,Ocup,Opção,Cheg,Oferta/Uso Interno,Deduz. Individ.,Deduz. Grupos,% Ocup.,Receita Quartos,Preço Médio,Saídas,Quartos FdS,Adul. / Cri.,abril,Previsão,06-abr-2027 ter,0,0,0,0,0,0,0,-,-,NaN,0,0,0,0,0,0,0,0,0,0,-,-,NaN,0,0,0,Total abr,0,0,0,0,0,0,0,-,-,NaN,0,0,0,Total,9314,4277,3136,0,0,7756,1558,"13,79","1 007 964,95","74,16",3262,0,18104
Data,Ocup,Opção,Cheg,Oferta/Uso Interno,Deduz. Individ.,Deduz. Grupos,% Ocup.,Receita Quartos,Preço Médio,Saídas,Quartos FdS,Adul. / Cri.,abril,Previsão,07-abr-2027 qua,0,0,0,0,0,0,0,-,-,NaN,0,0,0,0,0,0,0,0,0,0,-,-,NaN,0,0,0,Total abr,0,0,0,0,0,0,0,-,-,NaN,0,0,0,Total,9314,4277,3136,0,0,7756,1558,"13,79","1 007 964,95","74,16",3262,0,18104
Data,Ocup,Opção,Cheg,Oferta/Uso Interno,Deduz. Individ.,Deduz. Grupos,% Ocup.,Receita Quartos,Preço Médio,Saídas,Quartos FdS,Adul. / Cri.,abril,Previsão,08-abr-2027 qui,0,0,0,0,0,0,0,-,-,NaN,0,0,0,0,0,0,0,0,0,0,-,-,NaN,0,0,0,Total abr,0,0,0,0,0,0,0,-,-,NaN,0,0,0,Total,9314,4277,3136,0,0,7756,1558,"13,79","1 007 964,95","74,16",3262,0,18104
Data,Ocup,Opção,Cheg,Oferta/Uso Interno,Deduz. Individ.,Deduz. Grupos,% Ocup.,Receita Quartos,Preço Médio,Saídas,Quartos FdS,Adul. / Cri.,abril,Previsão,09-abr-2027 sex,0,0,0,0,0,0,0,-,-,NaN,0,0,0,0,0,0,0,0,0,0,-,-,NaN,0,0,0,Total abr,0,0,0,0,0,0,0,-,-,NaN,0,0,0,Total,9314,4277,3136,0,0,7756,1558,"13,79","1 007 964,95","74,16",3262,0,18104
Data,Ocup,Opção,Cheg,Oferta/Uso Interno,Deduz. Individ.,Deduz. Grupos,% Ocup.,Receita Quartos,Preço Médio,Saídas,Quartos FdS,Adul. / Cri.,abril,Previsão,10-abr-2027 sáb,0,0,0,0,0,0,0,-,-,NaN,0,0,0,0,0,0,0,0,0,0,-,-,NaN,0,0,0,Total abr,0,0,0,0,0,0,0,-,-,NaN,0,0,0,Total,9314,4277,3136,0,0,7756,1558,"13,79","1 007 964,95","74,16",3262,0,18104
Data,Ocup,Opção,Cheg,Oferta/Uso Interno,Deduz. Individ.,Deduz. Grupos,% Ocup.,Receita Quartos,Preço Médio,Saídas,Quartos FdS,Adul. / Cri.,abril,Previsão,11-abr-2027 dom,0,0,0,0,0,0,0,-,-,NaN,0,0,0,0,0,0,0,0,0,0,-,-,NaN,0,0,0,Total abr,0,0,0,0,0,0,0,-,-,NaN,0,0,0,Total,9314,4277,3136,0,0,7756,1558,"13,79","1 007 964,95","74,16",3262,0,18104
Data,Ocup,Opção,Cheg,Oferta/Uso Interno,Deduz. Individ.,Deduz. Grupos,% Ocup.,Receita Quartos,Preço Médio,Saídas,Quartos FdS,Adul. / Cri.,abril,Previsão,12-abr-2027 seg,0,0,0,0,0,0,0,-,-,NaN,0,0,0,0,0,0,0,0,0,0,-,-,NaN,0,0,0,Total abr,0,0,0,0,0,0,0,-,-,NaN,0,0,0,Total,9314,4277,3136,0,0,7756,1558,"13,79","1 007 964,95","74,16",3262,0,18104
Data,Ocup,Opção,Cheg,Oferta/Uso Interno,Deduz. Individ.,Deduz. Grupos,% Ocup.,Receita Quartos,Preço Médio,Saídas,Quartos FdS,Adul. / Cri.,abril,Previsão,13-abr-2027 ter,0,0,0,0,0,0,0,-,-,NaN,0,0,0,0,0,0,0,0,0,0,-,-,NaN,0,0,0,Total abr,0,0,0,0,0,0,0,-,-,NaN,0,0,0,Total,9314,4277,3136,0,0,7756,1558,"13,79","1 007 964,95","74,16",3262,0,18104
Data,Ocup,Opção,Cheg,Oferta/Uso Interno,Deduz. Individ.,Deduz. Grupos,% Ocup.,Receita Quartos,Preço Médio,Saídas,Quartos FdS,Adul. / Cri.,abril,Previsão,14-abr-2027 qua,0,0,0,0,0,0,0,-,-,NaN,0,0,0,0,0,0,0,0,0,0,-,-,NaN,0,0,0,Total abr,0,0,0,0,0,0,0,-,-,NaN,0,0,0,Total,9314,4277,3136,0,0,7756,1558,"13,79","1 007 964,95","74,16",3262,0,18104
Data,Ocup,Opção,Cheg,Oferta/Uso Interno,Deduz. Individ.,Deduz. Grupos,% Ocup.,Receita Quartos,Preço Médio,Saídas,Quartos FdS,Adul. / Cri.,abril,Previsão,15-abr-2027 qui,0,0,0,0,0,0,0,-,-,NaN,0,0,0,0,0,0,0,0,0,0,-,-,NaN,0,0,0,Total abr,0,0,0,0,0,0,0,-,-,NaN,0,0,0,Total,9314,4277,3136,0,0,7756,1558,"13,79","1 007 964,95","74,16",3262,0,18104
Data,Ocup,Opção,Cheg,Oferta/Uso Interno,Deduz. Individ.,Deduz. Grupos,% Ocup.,Receita Quartos,Preço Médio,Saídas,Quartos FdS,Adul. / Cri.,abril,Previsão,16-abr-2027 sex,0,0,0,0,0,0,0,-,-,NaN,0,0,0,0,0,0,0,0,0,0,-,-,NaN,0,0,0,Total abr,0,0,0,0,0,0,0,-,-,NaN,0,0,0,Total,9314,4277,3136,0,0,7756,1558,"13,79","1 007 964,95","74,16",3262,0,18104
Data,Ocup,Opção,Cheg,Oferta/Uso Interno,Deduz. Individ.,Deduz. Grupos,% Ocup.,Receita Quartos,Preço Médio,Saídas,Quartos FdS,Adul. / Cri.,abril,Previsão,17-abr-2027 sáb,0,0,0,0,0,0,0,-,-,NaN,0,0,0,0,0,0,0,0,0,0,-,-,NaN,0,0,0,Total abr,0,0,0,0,0,0,0,-,-,NaN,0,0,0,Total,9314,4277,3136,0,0,7756,1558,"13,79","1 007 964,95","74,16",3262,0,18104
Data,Ocup,Opção,Cheg,Oferta/Uso Interno,Deduz. Individ.,Deduz. Grupos,% Ocup.,Receita Quartos,Preço Médio,Saídas,Quartos FdS,Adul. / Cri.,abril,Previsão,18-abr-2027 dom,0,0,0,0,0,0,0,-,-,NaN,0,0,0,0,0,0,0,0,0,0,-,-,NaN,0,0,0,Total abr,0,0,0,0,0,0,0,-,-,NaN,0,0,0,Total,9314,4277,3136,0,0,7756,1558,"13,79","1 007 964,95","74,16",3262,0,18104
Data,Ocup,Opção,Cheg,Oferta/Uso Interno,Deduz. Individ.,Deduz. Grupos,% Ocup.,Receita Quartos,Preço Médio,Saídas,Quartos FdS,Adul. / Cri.,abril,Previsão,19-abr-2027 seg,0,0,0,0,0,0,0,-,-,NaN,0,0,0,0,0,0,0,0,0,0,-,-,NaN,0,0,0,Total abr,0,0,0,0,0,0,0,-,-,NaN,0,0,0,Total,9314,4277,3136,0,0,7756,1558,"13,79","1 007 964,95","74,16",3262,0,18104
Data,Ocup,Opção,Cheg,Oferta/Uso Interno,Deduz. Individ.,Deduz. Grupos,% Ocup.,Receita Quartos,Preço Médio,Saídas,Quartos FdS,Adul. / Cri.,abril,Previsão,20-abr-2027 ter,0,0,0,0,0,0,0,-,-,NaN,0,0,0,0,0,0,0,0,0,0,-,-,NaN,0,0,0,Total abr,0,0,0,0,0,0,0,-,-,NaN,0,0,0,Total,9314,4277,3136,0,0,7756,1558,"13,79","1 007 964,95","74,16",3262,0,18104
Data,Ocup,Opção,Cheg,Oferta/Uso Interno,Deduz. Individ.,Deduz. Grupos,% Ocup.,Receita Quartos,Preço Médio,Saídas,Quartos FdS,Adul. / Cri.,abril,Previsão,21-abr-2027 qua,0,0,0,0,0,0,0,-,-,NaN,0,0,0,0,0,0,0,0,0,0,-,-,NaN,0,0,0,Total abr,0,0,0,0,0,0,0,-,-,NaN,0,0,0,Total,9314,4277,3136,0,0,7756,1558,"13,79","1 007 964,95","74,16",3262,0,18104
Data,Ocup,Opção,Cheg,Oferta/Uso Interno,Deduz. Individ.,Deduz. Grupos,% Ocup.,Receita Quartos,Preço Médio,Saídas,Quartos FdS,Adul. / Cri.,abril,Previsão,22-abr-2027 qui,0,0,0,0,0,0,0,-,-,NaN,0,0,0,0,0,0,0,0,0,0,-,-,NaN,0,0,0,Total abr,0,0,0,0,0,0,0,-,-,NaN,0,0,0,Total,9314,4277,3136,0,0,7756,1558,"13,79","1 007 964,95","74,16",3262,0,18104
Data,Ocup,Opção,Cheg,Oferta/Uso Interno,Deduz. Individ.,Deduz. Grupos,% Ocup.,Receita Quartos,Preço Médio,Saídas,Quartos FdS,Adul. / Cri.,abril,Previsão,23-abr-2027 sex,0,0,0,0,0,0,0,-,-,NaN,0,0,0,0,0,0,0,0,0,0,-,-,NaN,0,0,0,Total abr,0,0,0,0,0,0,0,-,-,NaN,0,0,0,Total,9314,4277,3136,0,0,7756,1558,"13,79","1 007 964,95","74,16",3262,0,18104
Data,Ocup,Opção,Cheg,Oferta/Uso Interno,Deduz. Individ.,Deduz. Grupos,% Ocup.,Receita Quartos,Preço Médio,Saídas,Quartos FdS,Adul. / Cri.,abril,Previsão,24-abr-2027 sáb,0,0,0,0,0,0,0,-,-,NaN,0,0,0,0,0,0,0,0,0,0,-,-,NaN,0,0,0,Total abr,0,0,0,0,0,0,0,-,-,NaN,0,0,0,Total,9314,4277,3136,0,0,7756,1558,"13,79","1 007 964,95","74,16",3262,0,18104
Data,Ocup,Opção,Cheg,Oferta/Uso Interno,Deduz. Individ.,Deduz. Grupos,% Ocup.,Receita Quartos,Preço Médio,Saídas,Quartos FdS,Adul. / Cri.,abril,Previsão,25-abr-2027 dom,0,0,0,0,0,0,0,-,-,NaN,0,0,0,0,0,0,0,0,0,0,-,-,NaN,0,0,0,Total abr,0,0,0,0,0,0,0,-,-,NaN,0,0,0,Total,9314,4277,3136,0,0,7756,1558,"13,79","1 007 964,95","74,16",3262,0,18104
Data,Ocup,Opção,Cheg,Oferta/Uso Interno,Deduz. Individ.,Deduz. Grupos,% Ocup.,Receita Quartos,Preço Médio,Saídas,Quartos FdS,Adul. / Cri.,abril,Previsão,26-abr-2027 seg,0,0,0,0,0,0,0,-,-,NaN,0,0,0,0,0,0,0,0,0,0,-,-,NaN,0,0,0,Total abr,0,0,0,0,0,0,0,-,-,NaN,0,0,0,Total,9314,4277,3136,0,0,7756,1558,"13,79","1 007 964,95","74,16",3262,0,18104
Data,Ocup,Opção,Cheg,Oferta/Uso Interno,Deduz. Individ.,Deduz. Grupos,% Ocup.,Receita Quartos,Preço Médio,Saídas,Quartos FdS,Adul. / Cri.,abril,Previsão,27-abr-2027 ter,0,0,0,0,0,0,0,-,-,NaN,0,0,0,0,0,0,0,0,0,0,-,-,NaN,0,0,0,Total abr,0,0,0,0,0,0,0,-,-,NaN,0,0,0,Total,9314,4277,3136,0,0,7756,1558,"13,79","1 007 964,95","74,16",3262,0,18104
Data,Ocup,Opção,Cheg,Oferta/Uso Interno,Deduz. Individ.,Deduz. Grupos,% Ocup.,Receita Quartos,Preço Médio,Saídas,Quartos FdS,Adul. / Cri.,abril,Previsão,28-abr-2027 qua,0,0,0,0,0,0,0,-,-,NaN,0,0,0,0,0,0,0,0,0,0,-,-,NaN,0,0,0,Total abr,0,0,0,0,0,0,0,-,-,NaN,0,0,0,Total,9314,4277,3136,0,0,7756,1558,"13,79","1 007 964,95","74,16",3262,0,18104
Data,Ocup,Opção,Cheg,Oferta/Uso Interno,Deduz. Individ.,Deduz. Grupos,% Ocup.,Receita Quartos,Preço Médio,Saídas,Quartos FdS,Adul. / Cri.,abril,Previsão,29-abr-2027 qui,0,0,0,0,0,0,0,-,-,NaN,0,0,0,0,0,0,0,0,0,0,-,-,NaN,0,0,0,Total abr,0,0,0,0,0,0,0,-,-,NaN,0,0,0,Total,9314,4277,3136,0,0,7756,1558,"13,79","1 007 964,95","74,16",3262,0,18104
Data,Ocup,Opção,Cheg,Oferta/Uso Interno,Deduz. Individ.,Deduz. Grupos,% Ocup.,Receita Quartos,Preço Médio,Saídas,Quartos FdS,Adul. / Cri.,abril,Previsão,30-abr-2027 sex,0,0,0,0,0,0,0,-,-,NaN,0,0,0,0,0,0,0,0,0,0,-,-,NaN,0,0,0,Total abr,0,0,0,0,0,0,0,-,-,NaN,0,0,0,Total,9314,4277,3136,0,0,7756,1558,"13,79","1 007 964,95","74,16",3262,0,18104
Data,Ocup,Opção,Cheg,Oferta/Uso Interno,Deduz. Individ.,Deduz. Grupos,% Ocup.,Receita Quartos,Preço Médio,Saídas,Quartos FdS,Adul. / Cri.,maio,Previsão,01-mai-2027 sáb,0,0,0,0,0,0,0,-,-,NaN,0,0,0,0,0,0,0,0,0,0,-,-,NaN,0,0,0,Total mai,0,0,0,0,0,0,0,-,-,NaN,0,0,0,Total,9314,4277,3136,0,0,7756,1558,"13,79","1 007 964,95","74,16",3262,0,18104
Data,Ocup,Opção,Cheg,Oferta/Uso Interno,Deduz. Individ.,Deduz. Grupos,% Ocup.,Receita Quartos,Preço Médio,Saídas,Quartos FdS,Adul. / Cri.,maio,Previsão,02-mai-2027 dom,0,0,0,0,0,0,0,-,-,NaN,0,0,0,0,0,0,0,0,0,0,-,-,NaN,0,0,0,Total mai,0,0,0,0,0,0,0,-,-,NaN,0,0,0,Total,9314,4277,3136,0,0,7756,1558,"13,79","1 007 964,95","74,16",3262,0,18104
Data,Ocup,Opção,Cheg,Oferta/Uso Interno,Deduz. Individ.,Deduz. Grupos,% Ocup.,Receita Quartos,Preço Médio,Saídas,Quartos FdS,Adul. / Cri.,maio,Previsão,03-mai-2027 seg,0,0,0,0,0,0,0,-,-,NaN,0,0,0,0,0,0,0,0,0,0,-,-,NaN,0,0,0,Total mai,0,0,0,0,0,0,0,-,-,NaN,0,0,0,Total,9314,4277,3136,0,0,7756,1558,"13,79","1 007 964,95","74,16",3262,0,18104
Data,Ocup,Opção,Cheg,Oferta/Uso Interno,Deduz. Individ.,Deduz. Grupos,% Ocup.,Receita Quartos,Preço Médio,Saídas,Quartos FdS,Adul. / Cri.,maio,Previsão,04-mai-2027 ter,0,0,0,0,0,0,0,-,-,NaN,0,0,0,0,0,0,0,0,0,0,-,-,NaN,0,0,0,Total mai,0,0,0,0,0,0,0,-,-,NaN,0,0,0,Total,9314,4277,3136,0,0,7756,1558,"13,79","1 007 964,95","74,16",3262,0,18104
Data,Ocup,Opção,Cheg,Oferta/Uso Interno,Deduz. Individ.,Deduz. Grupos,% Ocup.,Receita Quartos,Preço Médio,Saídas,Quartos FdS,Adul. / Cri.,maio,Previsão,05-mai-2027 qua,0,0,0,0,0,0,0,-,-,NaN,0,0,0,0,0,0,0,0,0,0,-,-,NaN,0,0,0,Total mai,0,0,0,0,0,0,0,-,-,NaN,0,0,0,Total,9314,4277,3136,0,0,7756,1558,"13,79","1 007 964,95","74,16",3262,0,18104
Data,Ocup,Opção,Cheg,Oferta/Uso Interno,Deduz. Individ.,Deduz. Grupos,% Ocup.,Receita Quartos,Preço Médio,Saídas,Quartos FdS,Adul. / Cri.,maio,Previsão,06-mai-2027 qui,0,0,0,0,0,0,0,-,-,NaN,0,0,0,0,0,0,0,0,0,0,-,-,NaN,0,0,0,Total mai,0,0,0,0,0,0,0,-,-,NaN,0,0,0,Total,9314,4277,3136,0,0,7756,1558,"13,79","1 007 964,95","74,16",3262,0,18104
Data,Ocup,Opção,Cheg,Oferta/Uso Interno,Deduz. Individ.,Deduz. Grupos,% Ocup.,Receita Quartos,Preço Médio,Saídas,Quartos FdS,Adul. / Cri.,maio,Previsão,07-mai-2027 sex,0,0,0,0,0,0,0,-,-,NaN,0,0,0,0,0,0,0,0,0,0,-,-,NaN,0,0,0,Total mai,0,0,0,0,0,0,0,-,-,NaN,0,0,0,Total,9314,4277,3136,0,0,7756,1558,"13,79","1 007 964,95","74,16",3262,0,18104
Data,Ocup,Opção,Cheg,Oferta/Uso Interno,Deduz. Individ.,Deduz. Grupos,% Ocup.,Receita Quartos,Preço Médio,Saídas,Quartos FdS,Adul. / Cri.,maio,Previsão,08-mai-2027 sáb,0,0,0,0,0,0,0,-,-,NaN,0,0,0,0,0,0,0,0,0,0,-,-,NaN,0,0,0,Total mai,0,0,0,0,0,0,0,-,-,NaN,0,0,0,Total,9314,4277,3136,0,0,7756,1558,"13,79","1 007 964,95","74,16",3262,0,18104
Data,Ocup,Opção,Cheg,Oferta/Uso Interno,Deduz. Individ.,Deduz. Grupos,% Ocup.,Receita Quartos,Preço Médio,Saídas,Quartos FdS,Adul. / Cri.,maio,Previsão,09-mai-2027 dom,0,0,0,0,0,0,0,-,-,NaN,0,0,0,0,0,0,0,0,0,0,-,-,NaN,0,0,0,Total mai,0,0,0,0,0,0,0,-,-,NaN,0,0,0,Total,9314,4277,3136,0,0,7756,1558,"13,79","1 007 964,95","74,16",3262,0,18104
Data,Ocup,Opção,Cheg,Oferta/Uso Interno,Deduz. Individ.,Deduz. Grupos,% Ocup.,Receita Quartos,Preço Médio,Saídas,Quartos FdS,Adul. / Cri.,maio,Previsão,10-mai-2027 seg,0,0,0,0,0,0,0,-,-,NaN,0,0,0,0,0,0,0,0,0,0,-,-,NaN,0,0,0,Total mai,0,0,0,0,0,0,0,-,-,NaN,0,0,0,Total,9314,4277,3136,0,0,7756,1558,"13,79","1 007 964,95","74,16",3262,0,18104
Data,Ocup,Opção,Cheg,Oferta/Uso Interno,Deduz. Individ.,Deduz. Grupos,% Ocup.,Receita Quartos,Preço Médio,Saídas,Quartos FdS,Adul. / Cri.,maio,Previsão,11-mai-2027 ter,0,0,0,0,0,0,0,-,-,NaN,0,0,0,0,0,0,0,0,0,0,-,-,NaN,0,0,0,Total mai,0,0,0,0,0,0,0,-,-,NaN,0,0,0,Total,9314,4277,3136,0,0,7756,1558,"13,79","1 007 964,95","74,16",3262,0,18104
Data,Ocup,Opção,Cheg,Oferta/Uso Interno,Deduz. Individ.,Deduz. Grupos,% Ocup.,Receita Quartos,Preço Médio,Saídas,Quartos FdS,Adul. / Cri.,maio,Previsão,12-mai-2027 qua,0,0,0,0,0,0,0,-,-,NaN,0,0,0,0,0,0,0,0,0,0,-,-,NaN,0,0,0,Total mai,0,0,0,0,0,0,0,-,-,NaN,0,0,0,Total,9314,4277,3136,0,0,7756,1558,"13,79","1 007 964,95","74,16",3262,0,18104
Data,Ocup,Opção,Cheg,Oferta/Uso Interno,Deduz. Individ.,Deduz. Grupos,% Ocup.,Receita Quartos,Preço Médio,Saídas,Quartos FdS,Adul. / Cri.,maio,Previsão,13-mai-2027 qui,0,0,0,0,0,0,0,-,-,NaN,0,0,0,0,0,0,0,0,0,0,-,-,NaN,0,0,0,Total mai,0,0,0,0,0,0,0,-,-,NaN,0,0,0,Total,9314,4277,3136,0,0,7756,1558,"13,79","1 007 964,95","74,16",3262,0,18104
Data,Ocup,Opção,Cheg,Oferta/Uso Interno,Deduz. Individ.,Deduz. Grupos,% Ocup.,Receita Quartos,Preço Médio,Saídas,Quartos FdS,Adul. / Cri.,maio,Previsão,14-mai-2027 sex,0,0,0,0,0,0,0,-,-,NaN,0,0,0,0,0,0,0,0,0,0,-,-,NaN,0,0,0,Total mai,0,0,0,0,0,0,0,-,-,NaN,0,0,0,Total,9314,4277,3136,0,0,7756,1558,"13,79","1 007 964,95","74,16",3262,0,18104
Data,Ocup,Opção,Cheg,Oferta/Uso Interno,Deduz. Individ.,Deduz. Grupos,% Ocup.,Receita Quartos,Preço Médio,Saídas,Quartos FdS,Adul. / Cri.,maio,Previsão,15-mai-2027 sáb,0,0,0,0,0,0,0,-,-,NaN,0,0,0,0,0,0,0,0,0,0,-,-,NaN,0,0,0,Total mai,0,0,0,0,0,0,0,-,-,NaN,0,0,0,Total,9314,4277,3136,0,0,7756,1558,"13,79","1 007 964,95","74,16",3262,0,18104
Data,Ocup,Opção,Cheg,Oferta/Uso Interno,Deduz. Individ.,Deduz. Grupos,% Ocup.,Receita Quartos,Preço Médio,Saídas,Quartos FdS,Adul. / Cri.,maio,Previsão,16-mai-2027 dom,0,0,0,0,0,0,0,-,-,NaN,0,0,0,0,0,0,0,0,0,0,-,-,NaN,0,0,0,Total mai,0,0,0,0,0,0,0,-,-,NaN,0,0,0,Total,9314,4277,3136,0,0,7756,1558,"13,79","1 007 964,95","74,16",3262,0,18104
Data,Ocup,Opção,Cheg,Oferta/Uso Interno,Deduz. Individ.,Deduz. Grupos,% Ocup.,Receita Quartos,Preço Médio,Saídas,Quartos FdS,Adul. / Cri.,maio,Previsão,17-mai-2027 seg,0,0,0,0,0,0,0,-,-,NaN,0,0,0,0,0,0,0,0,0,0,-,-,NaN,0,0,0,Total mai,0,0,0,0,0,0,0,-,-,NaN,0,0,0,Total,9314,4277,3136,0,0,7756,1558,"13,79","1 007 964,95","74,16",3262,0,18104
Data,Ocup,Opção,Cheg,Oferta/Uso Interno,Deduz. Individ.,Deduz. Grupos,% Ocup.,Receita Quartos,Preço Médio,Saídas,Quartos FdS,Adul. / Cri.,maio,Previsão,18-mai-2027 ter,0,0,0,0,0,0,0,-,-,NaN,0,0,0,0,0,0,0,0,0,0,-,-,NaN,0,0,0,Total mai,0,0,0,0,0,0,0,-,-,NaN,0,0,0,Total,9314,4277,3136,0,0,7756,1558,"13,79","1 007 964,95","74,16",3262,0,18104
Data,Ocup,Opção,Cheg,Oferta/Uso Interno,Deduz. Individ.,Deduz. Grupos,% Ocup.,Receita Quartos,Preço Médio,Saídas,Quartos FdS,Adul. / Cri.,maio,Previsão,19-mai-2027 qua,0,0,0,0,0,0,0,-,-,NaN,0,0,0,0,0,0,0,0,0,0,-,-,NaN,0,0,0,Total mai,0,0,0,0,0,0,0,-,-,NaN,0,0,0,Total,9314,4277,3136,0,0,7756,1558,"13,79","1 007 964,95","74,16",3262,0,18104
Data,Ocup,Opção,Cheg,Oferta/Uso Interno,Deduz. Individ.,Deduz. Grupos,% Ocup.,Receita Quartos,Preço Médio,Saídas,Quartos FdS,Adul. / Cri.,maio,Previsão,20-mai-2027 qui,0,0,0,0,0,0,0,-,-,NaN,0,0,0,0,0,0,0,0,0,0,-,-,NaN,0,0,0,Total mai,0,0,0,0,0,0,0,-,-,NaN,0,0,0,Total,9314,4277,3136,0,0,7756,1558,"13,79","1 007 964,95","74,16",3262,0,18104
Data,Ocup,Opção,Cheg,Oferta/Uso Interno,Deduz. Individ.,Deduz. Grupos,% Ocup.,Receita Quartos,Preço Médio,Saídas,Quartos FdS,Adul. / Cri.,maio,Previsão,21-mai-2027 sex,0,0,0,0,0,0,0,-,-,NaN,0,0,0,0,0,0,0,0,0,0,-,-,NaN,0,0,0,Total mai,0,0,0,0,0,0,0,-,-,NaN,0,0,0,Total,9314,4277,3136,0,0,7756,1558,"13,79","1 007 964,95","74,16",3262,0,18104
Data,Ocup,Opção,Cheg,Oferta/Uso Interno,Deduz. Individ.,Deduz. Grupos,% Ocup.,Receita Quartos,Preço Médio,Saídas,Quartos FdS,Adul. / Cri.,maio,Previsão,22-mai-2027 sáb,0,0,0,0,0,0,0,-,-,NaN,0,0,0,0,0,0,0,0,0,0,-,-,NaN,0,0,0,Total mai,0,0,0,0,0,0,0,-,-,NaN,0,0,0,Total,9314,4277,3136,0,0,7756,1558,"13,79","1 007 964,95","74,16",3262,0,18104
Data,Ocup,Opção,Cheg,Oferta/Uso Interno,Deduz. Individ.,Deduz. Grupos,% Ocup.,Receita Quartos,Preço Médio,Saídas,Quartos FdS,Adul. / Cri.,maio,Previsão,23-mai-2027 dom,0,0,0,0,0,0,0,-,-,NaN,0,0,0,0,0,0,0,0,0,0,-,-,NaN,0,0,0,Total mai,0,0,0,0,0,0,0,-,-,NaN,0,0,0,Total,9314,4277,3136,0,0,7756,1558,"13,79","1 007 964,95","74,16",3262,0,18104
Data,Ocup,Opção,Cheg,Oferta/Uso Interno,Deduz. Individ.,Deduz. Grupos,% Ocup.,Receita Quartos,Preço Médio,Saídas,Quartos FdS,Adul. / Cri.,maio,Previsão,24-mai-2027 seg,0,0,0,0,0,0,0,-,-,NaN,0,0,0,0,0,0,0,0,0,0,-,-,NaN,0,0,0,Total mai,0,0,0,0,0,0,0,-,-,NaN,0,0,0,Total,9314,4277,3136,0,0,7756,1558,"13,79","1 007 964,95","74,16",3262,0,18104
Data,Ocup,Opção,Cheg,Oferta/Uso Interno,Deduz. Individ.,Deduz. Grupos,% Ocup.,Receita Quartos,Preço Médio,Saídas,Quartos FdS,Adul. / Cri.,maio,Previsão,25-mai-2027 ter,0,0,0,0,0,0,0,-,-,NaN,0,0,0,0,0,0,0,0,0,0,-,-,NaN,0,0,0,Total mai,0,0,0,0,0,0,0,-,-,NaN,0,0,0,Total,9314,4277,3136,0,0,7756,1558,"13,79","1 007 964,95","74,16",3262,0,18104
Data,Ocup,Opção,Cheg,Oferta/Uso Interno,Deduz. Individ.,Deduz. Grupos,% Ocup.,Receita Quartos,Preço Médio,Saídas,Quartos FdS,Adul. / Cri.,maio,Previsão,26-mai-2027 qua,0,0,0,0,0,0,0,-,-,NaN,0,0,0,0,0,0,0,0,0,0,-,-,NaN,0,0,0,Total mai,0,0,0,0,0,0,0,-,-,NaN,0,0,0,Total,9314,4277,3136,0,0,7756,1558,"13,79","1 007 964,95","74,16",3262,0,18104
Data,Ocup,Opção,Cheg,Oferta/Uso Interno,Deduz. Individ.,Deduz. Grupos,% Ocup.,Receita Quartos,Preço Médio,Saídas,Quartos FdS,Adul. / Cri.,maio,Previsão,27-mai-2027 qui,0,0,0,0,0,0,0,-,-,NaN,0,0,0,0,0,0,0,0,0,0,-,-,NaN,0,0,0,Total mai,0,0,0,0,0,0,0,-,-,NaN,0,0,0,Total,9314,4277,3136,0,0,7756,1558,"13,79","1 007 964,95","74,16",3262,0,18104
Data,Ocup,Opção,Cheg,Oferta/Uso Interno,Deduz. Individ.,Deduz. Grupos,% Ocup.,Receita Quartos,Preço Médio,Saídas,Quartos FdS,Adul. / Cri.,maio,Previsão,28-mai-2027 sex,0,0,0,0,0,0,0,-,-,NaN,0,0,0,0,0,0,0,0,0,0,-,-,NaN,0,0,0,Total mai,0,0,0,0,0,0,0,-,-,NaN,0,0,0,Total,9314,4277,3136,0,0,7756,1558,"13,79","1 007 964,95","74,16",3262,0,18104
Data,Ocup,Opção,Cheg,Oferta/Uso Interno,Deduz. Individ.,Deduz. Grupos,% Ocup.,Receita Quartos,Preço Médio,Saídas,Quartos FdS,Adul. / Cri.,maio,Previsão,29-mai-2027 sáb,0,0,0,0,0,0,0,-,-,NaN,0,0,0,0,0,0,0,0,0,0,-,-,NaN,0,0,0,Total mai,0,0,0,0,0,0,0,-,-,NaN,0,0,0,Total,9314,4277,3136,0,0,7756,1558,"13,79","1 007 964,95","74,16",3262,0,18104
Data,Ocup,Opção,Cheg,Oferta/Uso Interno,Deduz. Individ.,Deduz. Grupos,% Ocup.,Receita Quartos,Preço Médio,Saídas,Quartos FdS,Adul. / Cri.,maio,Previsão,30-mai-2027 dom,0,0,0,0,0,0,0,-,-,NaN,0,0,0,0,0,0,0,0,0,0,-,-,NaN,0,0,0,Total mai,0,0,0,0,0,0,0,-,-,NaN,0,0,0,Total,9314,4277,3136,0,0,7756,1558,"13,79","1 007 964,95","74,16",3262,0,18104
Data,Ocup,Opção,Cheg,Oferta/Uso Interno,Deduz. Individ.,Deduz. Grupos,% Ocup.,Receita Quartos,Preço Médio,Saídas,Quartos FdS,Adul. / Cri.,maio,Previsão,31-mai-2027 seg,0,0,0,0,0,0,0,-,-,NaN,0,0,0,0,0,0,0,0,0,0,-,-,NaN,0,0,0,Total mai,0,0,0,0,0,0,0,-,-,NaN,0,0,0,Total,9314,4277,3136,0,0,7756,1558,"13,79","1 007 964,95","74,16",3262,0,18104
Data,Ocup,Opção,Cheg,Oferta/Uso Interno,Deduz. Individ.,Deduz. Grupos,% Ocup.,Receita Quartos,Preço Médio,Saídas,Quartos FdS,Adul. / Cri.,junho,Previsão,01-jun-2027 ter,0,0,0,0,0,0,0,-,-,NaN,0,0,0,0,45,0,0,0,0,0,"1,11",-,-,0,0,0,Total jun,0,45,0,0,0,0,0,"1,11",-,-,0,0,0,Total,9314,4277,3136,0,0,7756,1558,"13,79","1 007 964,95","74,16",3262,0,18104
Data,Ocup,Opção,Cheg,Oferta/Uso Interno,Deduz. Individ.,Deduz. Grupos,% Ocup.,Receita Quartos,Preço Médio,Saídas,Quartos FdS,Adul. / Cri.,junho,Previsão,02-jun-2027 qua,0,0,0,0,0,0,0,-,-,NaN,0,0,0,0,45,0,0,0,0,0,"1,11",-,-,0,0,0,Total jun,0,45,0,0,0,0,0,"1,11",-,-,0,0,0,Total,9314,4277,3136,0,0,7756,1558,"13,79","1 007 964,95","74,16",3262,0,18104
Data,Ocup,Opção,Cheg,Oferta/Uso Interno,Deduz. Individ.,Deduz. Grupos,% Ocup.,Receita Quartos,Preço Médio,Saídas,Quartos FdS,Adul. / Cri.,junho,Previsão,03-jun-2027 qui,0,0,0,0,0,0,0,-,-,NaN,0,0,0,0,45,0,0,0,0,0,"1,11",-,-,0,0,0,Total jun,0,45,0,0,0,0,0,"1,11",-,-,0,0,0,Total,9314,4277,3136,0,0,7756,1558,"13,79","1 007 964,95","74,16",3262,0,18104
Data,Ocup,Opção,Cheg,Oferta/Uso Interno,Deduz. Individ.,Deduz. Grupos,% Ocup.,Receita Quartos,Preço Médio,Saídas,Quartos FdS,Adul. / Cri.,junho,Previsão,04-jun-2027 sex,0,0,0,0,0,0,0,-,-,NaN,0,0,0,0,45,0,0,0,0,0,"1,11",-,-,0,0,0,Total jun,0,45,0,0,0,0,0,"1,11",-,-,0,0,0,Total,9314,4277,3136,0,0,7756,1558,"13,79","1 007 964,95","74,16",3262,0,18104
Data,Ocup,Opção,Cheg,Oferta/Uso Interno,Deduz. Individ.,Deduz. Grupos,% Ocup.,Receita Quartos,Preço Médio,Saídas,Quartos FdS,Adul. / Cri.,junho,Previsão,05-jun-2027 sáb,0,0,0,0,0,0,0,-,-,NaN,0,0,0,0,45,0,0,0,0,0,"1,11",-,-,0,0,0,Total jun,0,45,0,0,0,0,0,"1,11",-,-,0,0,0,Total,9314,4277,3136,0,0,7756,1558,"13,79","1 007 964,95","74,16",3262,0,18104
Data,Ocup,Opção,Cheg,Oferta/Uso Interno,Deduz. Individ.,Deduz. Grupos,% Ocup.,Receita Quartos,Preço Médio,Saídas,Quartos FdS,Adul. / Cri.,junho,Previsão,06-jun-2027 dom,0,0,0,0,0,0,0,-,-,NaN,0,0,0,0,45,0,0,0,0,0,"1,11",-,-,0,0,0,Total jun,0,45,0,0,0,0,0,"1,11",-,-,0,0,0,Total,9314,4277,3136,0,0,7756,1558,"13,79","1 007 964,95","74,16",3262,0,18104
Data,Ocup,Opção,Cheg,Oferta/Uso Interno,Deduz. Individ.,Deduz. Grupos,% Ocup.,Receita Quartos,Preço Médio,Saídas,Quartos FdS,Adul. / Cri.,junho,Previsão,07-jun-2027 seg,0,0,0,0,0,0,0,-,-,NaN,0,0,0,0,45,0,0,0,0,0,"1,11",-,-,0,0,0,Total jun,0,45,0,0,0,0,0,"1,11",-,-,0,0,0,Total,9314,4277,3136,0,0,7756,1558,"13,79","1 007 964,95","74,16",3262,0,18104
Data,Ocup,Opção,Cheg,Oferta/Uso Interno,Deduz. Individ.,Deduz. Grupos,% Ocup.,Receita Quartos,Preço Médio,Saídas,Quartos FdS,Adul. / Cri.,junho,Previsão,08-jun-2027 ter,0,0,0,0,0,0,0,-,-,NaN,0,0,0,0,45,0,0,0,0,0,"1,11",-,-,0,0,0,Total jun,0,45,0,0,0,0,0,"1,11",-,-,0,0,0,Total,9314,4277,3136,0,0,7756,1558,"13,79","1 007 964,95","74,16",3262,0,18104
Data,Ocup,Opção,Cheg,Oferta/Uso Interno,Deduz. Individ.,Deduz. Grupos,% Ocup.,Receita Quartos,Preço Médio,Saídas,Quartos FdS,Adul. / Cri.,junho,Previsão,09-jun-2027 qua,0,0,0,0,0,0,0,-,-,NaN,0,0,0,0,45,0,0,0,0,0,"1,11",-,-,0,0,0,Total jun,0,45,0,0,0,0,0,"1,11",-,-,0,0,0,Total,9314,4277,3136,0,0,7756,1558,"13,79","1 007 964,95","74,16",3262,0,18104
Data,Ocup,Opção,Cheg,Oferta/Uso Interno,Deduz. Individ.,Deduz. Grupos,% Ocup.,Receita Quartos,Preço Médio,Saídas,Quartos FdS,Adul. / Cri.,junho,Previsão,10-jun-2027 qui,0,0,0,0,0,0,0,-,-,NaN,0,0,0,0,45,0,0,0,0,0,"1,11",-,-,0,0,0,Total jun,0,45,0,0,0,0,0,"1,11",-,-,0,0,0,Total,9314,4277,3136,0,0,7756,1558,"13,79","1 007 964,95","74,16",3262,0,18104
Data,Ocup,Opção,Cheg,Oferta/Uso Interno,Deduz. Individ.,Deduz. Grupos,% Ocup.,Receita Quartos,Preço Médio,Saídas,Quartos FdS,Adul. / Cri.,junho,Previsão,11-jun-2027 sex,0,0,0,0,0,0,0,-,-,NaN,0,0,0,0,45,0,0,0,0,0,"1,11",-,-,0,0,0,Total jun,0,45,0,0,0,0,0,"1,11",-,-,0,0,0,Total,9314,4277,3136,0,0,7756,1558,"13,79","1 007 964,95","74,16",3262,0,18104
Data,Ocup,Opção,Cheg,Oferta/Uso Interno,Deduz. Individ.,Deduz. Grupos,% Ocup.,Receita Quartos,Preço Médio,Saídas,Quartos FdS,Adul. / Cri.,junho,Previsão,12-jun-2027 sáb,0,0,0,0,0,0,0,-,-,NaN,0,0,0,0,45,0,0,0,0,0,"1,11",-,-,0,0,0,Total jun,0,45,0,0,0,0,0,"1,11",-,-,0,0,0,Total,9314,4277,3136,0,0,7756,1558,"13,79","1 007 964,95","74,16",3262,0,18104
Data,Ocup,Opção,Cheg,Oferta/Uso Interno,Deduz. Individ.,Deduz. Grupos,% Ocup.,Receita Quartos,Preço Médio,Saídas,Quartos FdS,Adul. / Cri.,junho,Previsão,13-jun-2027 dom,0,0,0,0,0,0,0,-,-,NaN,0,0,0,0,45,0,0,0,0,0,"1,11",-,-,0,0,0,Total jun,0,45,0,0,0,0,0,"1,11",-,-,0,0,0,Total,9314,4277,3136,0,0,7756,1558,"13,79","1 007 964,95","74,16",3262,0,18104
Data,Ocup,Opção,Cheg,Oferta/Uso Interno,Deduz. Individ.,Deduz. Grupos,% Ocup.,Receita Quartos,Preço Médio,Saídas,Quartos FdS,Adul. / Cri.,junho,Previsão,14-jun-2027 seg,0,0,0,0,0,0,0,-,-,NaN,0,0,0,0,45,0,0,0,0,0,"1,11",-,-,0,0,0,Total jun,0,45,0,0,0,0,0,"1,11",-,-,0,0,0,Total,9314,4277,3136,0,0,7756,1558,"13,79","1 007 964,95","74,16",3262,0,18104
Data,Ocup,Opção,Cheg,Oferta/Uso Interno,Deduz. Individ.,Deduz. Grupos,% Ocup.,Receita Quartos,Preço Médio,Saídas,Quartos FdS,Adul. / Cri.,junho,Previsão,15-jun-2027 ter,0,0,0,0,0,0,0,-,-,NaN,0,0,0,0,45,0,0,0,0,0,"1,11",-,-,0,0,0,Total jun,0,45,0,0,0,0,0,"1,11",-,-,0,0,0,Total,9314,4277,3136,0,0,7756,1558,"13,79","1 007 964,95","74,16",3262,0,18104
Data,Ocup,Opção,Cheg,Oferta/Uso Interno,Deduz. Individ.,Deduz. Grupos,% Ocup.,Receita Quartos,Preço Médio,Saídas,Quartos FdS,Adul. / Cri.,junho,Previsão,16-jun-2027 qua,0,0,0,0,0,0,0,-,-,NaN,0,0,0,0,45,0,0,0,0,0,"1,11",-,-,0,0,0,Total jun,0,45,0,0,0,0,0,"1,11",-,-,0,0,0,Total,9314,4277,3136,0,0,7756,1558,"13,79","1 007 964,95","74,16",3262,0,18104
Data,Ocup,Opção,Cheg,Oferta/Uso Interno,Deduz. Individ.,Deduz. Grupos,% Ocup.,Receita Quartos,Preço Médio,Saídas,Quartos FdS,Adul. / Cri.,junho,Previsão,17-jun-2027 qui,0,0,0,0,0,0,0,-,-,NaN,0,0,0,0,45,0,0,0,0,0,"1,11",-,-,0,0,0,Total jun,0,45,0,0,0,0,0,"1,11",-,-,0,0,0,Total,9314,4277,3136,0,0,7756,1558,"13,79","1 007 964,95","74,16",3262,0,18104
Data,Ocup,Opção,Cheg,Oferta/Uso Interno,Deduz. Individ.,Deduz. Grupos,% Ocup.,Receita Quartos,Preço Médio,Saídas,Quartos FdS,Adul. / Cri.,junho,Previsão,18-jun-2027 sex,0,0,0,0,0,0,0,-,-,NaN,0,0,0,0,45,0,0,0,0,0,"1,11",-,-,0,0,0,Total jun,0,45,0,0,0,0,0,"1,11",-,-,0,0,0,Total,9314,4277,3136,0,0,7756,1558,"13,79","1 007 964,95","74,16",3262,0,18104
Data,Ocup,Opção,Cheg,Oferta/Uso Interno,Deduz. Individ.,Deduz. Grupos,% Ocup.,Receita Quartos,Preço Médio,Saídas,Quartos FdS,Adul. / Cri.,junho,Previsão,19-jun-2027 sáb,0,0,0,0,0,0,0,-,-,NaN,0,0,0,0,45,0,0,0,0,0,"1,11",-,-,0,0,0,Total jun,0,45,0,0,0,0,0,"1,11",-,-,0,0,0,Total,9314,4277,3136,0,0,7756,1558,"13,79","1 007 964,95","74,16",3262,0,18104
Data,Ocup,Opção,Cheg,Oferta/Uso Interno,Deduz. Individ.,Deduz. Grupos,% Ocup.,Receita Quartos,Preço Médio,Saídas,Quartos FdS,Adul. / Cri.,junho,Previsão,20-jun-2027 dom,0,0,0,0,0,0,0,-,-,NaN,0,0,0,0,45,0,0,0,0,0,"1,11",-,-,0,0,0,Total jun,0,45,0,0,0,0,0,"1,11",-,-,0,0,0,Total,9314,4277,3136,0,0,7756,1558,"13,79","1 007 964,95","74,16",3262,0,18104
Data,Ocup,Opção,Cheg,Oferta/Uso Interno,Deduz. Individ.,Deduz. Grupos,% Ocup.,Receita Quartos,Preço Médio,Saídas,Quartos FdS,Adul. / Cri.,junho,Previsão,21-jun-2027 seg,0,0,0,0,0,0,0,-,-,NaN,0,0,0,0,45,0,0,0,0,0,"1,11",-,-,0,0,0,Total jun,0,45,0,0,0,0,0,"1,11",-,-,0,0,0,Total,9314,4277,3136,0,0,7756,1558,"13,79","1 007 964,95","74,16",3262,0,18104
Data,Ocup,Opção,Cheg,Oferta/Uso Interno,Deduz. Individ.,Deduz. Grupos,% Ocup.,Receita Quartos,Preço Médio,Saídas,Quartos FdS,Adul. / Cri.,junho,Previsão,22-jun-2027 ter,0,0,0,0,0,0,0,-,-,NaN,0,0,0,0,45,0,0,0,0,0,"1,11",-,-,0,0,0,Total jun,0,45,0,0,0,0,0,"1,11",-,-,0,0,0,Total,9314,4277,3136,0,0,7756,1558,"13,79","1 007 964,95","74,16",3262,0,18104
Data,Ocup,Opção,Cheg,Oferta/Uso Interno,Deduz. Individ.,Deduz. Grupos,% Ocup.,Receita Quartos,Preço Médio,Saídas,Quartos FdS,Adul. / Cri.,junho,Previsão,23-jun-2027 qua,0,0,0,0,0,0,0,-,-,NaN,0,0,0,0,45,0,0,0,0,0,"1,11",-,-,0,0,0,Total jun,0,45,0,0,0,0,0,"1,11",-,-,0,0,0,Total,9314,4277,3136,0,0,7756,1558,"13,79","1 007 964,95","74,16",3262,0,18104
Data,Ocup,Opção,Cheg,Oferta/Uso Interno,Deduz. Individ.,Deduz. Grupos,% Ocup.,Receita Quartos,Preço Médio,Saídas,Quartos FdS,Adul. / Cri.,junho,Previsão,24-jun-2027 qui,0,0,0,0,0,0,0,-,-,NaN,0,0,0,0,45,0,0,0,0,0,"1,11",-,-,0,0,0,Total jun,0,45,0,0,0,0,0,"1,11",-,-,0,0,0,Total,9314,4277,3136,0,0,7756,1558,"13,79","1 007 964,95","74,16",3262,0,18104
Data,Ocup,Opção,Cheg,Oferta/Uso Interno,Deduz. Individ.,Deduz. Grupos,% Ocup.,Receita Quartos,Preço Médio,Saídas,Quartos FdS,Adul. / Cri.,junho,Previsão,25-jun-2027 sex,0,0,0,0,0,0,0,-,-,NaN,0,0,0,0,45,0,0,0,0,0,"1,11",-,-,0,0,0,Total jun,0,45,0,0,0,0,0,"1,11",-,-,0,0,0,Total,9314,4277,3136,0,0,7756,1558,"13,79","1 007 964,95","74,16",3262,0,18104
Data,Ocup,Opção,Cheg,Oferta/Uso Interno,Deduz. Individ.,Deduz. Grupos,% Ocup.,Receita Quartos,Preço Médio,Saídas,Quartos FdS,Adul. / Cri.,junho,Previsão,26-jun-2027 sáb,0,0,0,0,0,0,0,-,-,NaN,0,0,0,0,45,0,0,0,0,0,"1,11",-,-,0,0,0,Total jun,0,45,0,0,0,0,0,"1,11",-,-,0,0,0,Total,9314,4277,3136,0,0,7756,1558,"13,79","1 007 964,95","74,16",3262,0,18104
Data,Ocup,Opção,Cheg,Oferta/Uso Interno,Deduz. Individ.,Deduz. Grupos,% Ocup.,Receita Quartos,Preço Médio,Saídas,Quartos FdS,Adul. / Cri.,junho,Previsão,27-jun-2027 dom,0,0,0,0,0,0,0,-,-,NaN,0,0,0,0,45,0,0,0,0,0,"1,11",-,-,0,0,0,Total jun,0,45,0,0,0,0,0,"1,11",-,-,0,0,0,Total,9314,4277,3136,0,0,7756,1558,"13,79","1 007 964,95","74,16",3262,0,18104
Data,Ocup,Opção,Cheg,Oferta/Uso Interno,Deduz. Individ.,Deduz. Grupos,% Ocup.,Receita Quartos,Preço Médio,Saídas,Quartos FdS,Adul. / Cri.,junho,Previsão,28-jun-2027 seg,0,15,0,0,0,0,0,"11,11",-,-,0,0,0,0,45,0,0,0,0,0,"1,11",-,-,0,0,0,Total jun,0,45,0,0,0,0,0,"1,11",-,-,0,0,0,Total,9314,4277,3136,0,0,7756,1558,"13,79","1 007 964,95","74,16",3262,0,18104
Data,Ocup,Opção,Cheg,Oferta/Uso Interno,Deduz. Individ.,Deduz. Grupos,% Ocup.,Receita Quartos,Preço Médio,Saídas,Quartos FdS,Adul. / Cri.,junho,Previsão,29-jun-2027 ter,0,15,0,0,0,0,0,"11,11",-,-,0,0,0,0,45,0,0,0,0,0,"1,11",-,-,0,0,0,Total jun,0,45,0,0,0,0,0,"1,11",-,-,0,0,0,Total,9314,4277,3136,0,0,7756,1558,"13,79","1 007 964,95","74,16",3262,0,18104
Data,Ocup,Opção,Cheg,Oferta/Uso Interno,Deduz. Individ.,Deduz. Grupos,% Ocup.,Receita Quartos,Preço Médio,Saídas,Quartos FdS,Adul. / Cri.,junho,Previsão,30-jun-2027 qua,0,15,0,0,0,0,0,"11,11",-,-,0,0,0,0,45,0,0,0,0,0,"1,11",-,-,0,0,0,Total jun,0,45,0,0,0,0,0,"1,11",-,-,0,0,0,Total,9314,4277,3136,0,0,7756,1558,"13,79","1 007 964,95","74,16",3262,0,18104
Data,Ocup,Opção,Cheg,Oferta/Uso Interno,Deduz. Individ.,Deduz. Grupos,% Ocup.,Receita Quartos,Preço Médio,Saídas,Quartos FdS,Adul. / Cri.,julho,Previsão,01-jul-2027 qui,0,0,0,0,0,0,0,-,-,NaN,0,0,0,0,45,0,0,0,0,0,"1,08",-,-,0,0,0,Total jul,0,45,0,0,0,0,0,"1,08",-,-,0,0,0,Total,9314,4277,3136,0,0,7756,1558,"13,79","1 007 964,95","74,16",3262,0,18104
Data,Ocup,Opção,Cheg,Oferta/Uso Interno,Deduz. Individ.,Deduz. Grupos,% Ocup.,Receita Quartos,Preço Médio,Saídas,Quartos FdS,Adul. / Cri.,julho,Previsão,02-jul-2027 sex,0,0,0,0,0,0,0,-,-,NaN,0,0,0,0,45,0,0,0,0,0,"1,08",-,-,0,0,0,Total jul,0,45,0,0,0,0,0,"1,08",-,-,0,0,0,Total,9314,4277,3136,0,0,7756,1558,"13,79","1 007 964,95","74,16",3262,0,18104
Data,Ocup,Opção,Cheg,Oferta/Uso Interno,Deduz. Individ.,Deduz. Grupos,% Ocup.,Receita Quartos,Preço Médio,Saídas,Quartos FdS,Adul. / Cri.,julho,Previsão,03-jul-2027 sáb,0,0,0,0,0,0,0,-,-,NaN,0,0,0,0,45,0,0,0,0,0,"1,08",-,-,0,0,0,Total jul,0,45,0,0,0,0,0,"1,08",-,-,0,0,0,Total,9314,4277,3136,0,0,7756,1558,"13,79","1 007 964,95","74,16",3262,0,18104
Data,Ocup,Opção,Cheg,Oferta/Uso Interno,Deduz. Individ.,Deduz. Grupos,% Ocup.,Receita Quartos,Preço Médio,Saídas,Quartos FdS,Adul. / Cri.,julho,Previsão,04-jul-2027 dom,0,0,0,0,0,0,0,-,-,NaN,0,0,0,0,45,0,0,0,0,0,"1,08",-,-,0,0,0,Total jul,0,45,0,0,0,0,0,"1,08",-,-,0,0,0,Total,9314,4277,3136,0,0,7756,1558,"13,79","1 007 964,95","74,16",3262,0,18104
Data,Ocup,Opção,Cheg,Oferta/Uso Interno,Deduz. Individ.,Deduz. Grupos,% Ocup.,Receita Quartos,Preço Médio,Saídas,Quartos FdS,Adul. / Cri.,julho,Previsão,05-jul-2027 seg,0,0,0,0,0,0,0,-,-,NaN,0,0,0,0,45,0,0,0,0,0,"1,08",-,-,0,0,0,Total jul,0,45,0,0,0,0,0,"1,08",-,-,0,0,0,Total,9314,4277,3136,0,0,7756,1558,"13,79","1 007 964,95","74,16",3262,0,18104
Data,Ocup,Opção,Cheg,Oferta/Uso Interno,Deduz. Individ.,Deduz. Grupos,% Ocup.,Receita Quartos,Preço Médio,Saídas,Quartos FdS,Adul. / Cri.,julho,Previsão,06-jul-2027 ter,0,0,0,0,0,0,0,-,-,NaN,0,0,0,0,45,0,0,0,0,0,"1,08",-,-,0,0,0,Total jul,0,45,0,0,0,0,0,"1,08",-,-,0,0,0,Total,9314,4277,3136,0,0,7756,1558,"13,79","1 007 964,95","74,16",3262,0,18104
Data,Ocup,Opção,Cheg,Oferta/Uso Interno,Deduz. Individ.,Deduz. Grupos,% Ocup.,Receita Quartos,Preço Médio,Saídas,Quartos FdS,Adul. / Cri.,julho,Previsão,07-jul-2027 qua,0,0,0,0,0,0,0,-,-,NaN,0,0,0,0,45,0,0,0,0,0,"1,08",-,-,0,0,0,Total jul,0,45,0,0,0,0,0,"1,08",-,-,0,0,0,Total,9314,4277,3136,0,0,7756,1558,"13,79","1 007 964,95","74,16",3262,0,18104
Data,Ocup,Opção,Cheg,Oferta/Uso Interno,Deduz. Individ.,Deduz. Grupos,% Ocup.,Receita Quartos,Preço Médio,Saídas,Quartos FdS,Adul. / Cri.,julho,Previsão,08-jul-2027 qui,0,0,0,0,0,0,0,-,-,NaN,0,0,0,0,45,0,0,0,0,0,"1,08",-,-,0,0,0,Total jul,0,45,0,0,0,0,0,"1,08",-,-,0,0,0,Total,9314,4277,3136,0,0,7756,1558,"13,79","1 007 964,95","74,16",3262,0,18104
Data,Ocup,Opção,Cheg,Oferta/Uso Interno,Deduz. Individ.,Deduz. Grupos,% Ocup.,Receita Quartos,Preço Médio,Saídas,Quartos FdS,Adul. / Cri.,julho,Previsão,09-jul-2027 sex,0,0,0,0,0,0,0,-,-,NaN,0,0,0,0,45,0,0,0,0,0,"1,08",-,-,0,0,0,Total jul,0,45,0,0,0,0,0,"1,08",-,-,0,0,0,Total,9314,4277,3136,0,0,7756,1558,"13,79","1 007 964,95","74,16",3262,0,18104
Data,Ocup,Opção,Cheg,Oferta/Uso Interno,Deduz. Individ.,Deduz. Grupos,% Ocup.,Receita Quartos,Preço Médio,Saídas,Quartos FdS,Adul. / Cri.,julho,Previsão,10-jul-2027 sáb,0,0,0,0,0,0,0,-,-,NaN,0,0,0,0,45,0,0,0,0,0,"1,08",-,-,0,0,0,Total jul,0,45,0,0,0,0,0,"1,08",-,-,0,0,0,Total,9314,4277,3136,0,0,7756,1558,"13,79","1 007 964,95","74,16",3262,0,18104
Data,Ocup,Opção,Cheg,Oferta/Uso Interno,Deduz. Individ.,Deduz. Grupos,% Ocup.,Receita Quartos,Preço Médio,Saídas,Quartos FdS,Adul. / Cri.,julho,Previsão,11-jul-2027 dom,0,0,0,0,0,0,0,-,-,NaN,0,0,0,0,45,0,0,0,0,0,"1,08",-,-,0,0,0,Total jul,0,45,0,0,0,0,0,"1,08",-,-,0,0,0,Total,9314,4277,3136,0,0,7756,1558,"13,79","1 007 964,95","74,16",3262,0,18104
Data,Ocup,Opção,Cheg,Oferta/Uso Interno,Deduz. Individ.,Deduz. Grupos,% Ocup.,Receita Quartos,Preço Médio,Saídas,Quartos FdS,Adul. / Cri.,julho,Previsão,12-jul-2027 seg,0,0,0,0,0,0,0,-,-,NaN,0,0,0,0,45,0,0,0,0,0,"1,08",-,-,0,0,0,Total jul,0,45,0,0,0,0,0,"1,08",-,-,0,0,0,Total,9314,4277,3136,0,0,7756,1558,"13,79","1 007 964,95","74,16",3262,0,18104
Data,Ocup,Opção,Cheg,Oferta/Uso Interno,Deduz. Individ.,Deduz. Grupos,% Ocup.,Receita Quartos,Preço Médio,Saídas,Quartos FdS,Adul. / Cri.,julho,Previsão,13-jul-2027 ter,0,0,0,0,0,0,0,-,-,NaN,0,0,0,0,45,0,0,0,0,0,"1,08",-,-,0,0,0,Total jul,0,45,0,0,0,0,0,"1,08",-,-,0,0,0,Total,9314,4277,3136,0,0,7756,1558,"13,79","1 007 964,95","74,16",3262,0,18104
Data,Ocup,Opção,Cheg,Oferta/Uso Interno,Deduz. Individ.,Deduz. Grupos,% Ocup.,Receita Quartos,Preço Médio,Saídas,Quartos FdS,Adul. / Cri.,julho,Previsão,14-jul-2027 qua,0,0,0,0,0,0,0,-,-,NaN,0,0,0,0,45,0,0,0,0,0,"1,08",-,-,0,0,0,Total jul,0,45,0,0,0,0,0,"1,08",-,-,0,0,0,Total,9314,4277,3136,0,0,7756,1558,"13,79","1 007 964,95","74,16",3262,0,18104
Data,Ocup,Opção,Cheg,Oferta/Uso Interno,Deduz. Individ.,Deduz. Grupos,% Ocup.,Receita Quartos,Preço Médio,Saídas,Quartos FdS,Adul. / Cri.,julho,Previsão,15-jul-2027 qui,0,0,0,0,0,0,0,-,-,NaN,0,0,0,0,45,0,0,0,0,0,"1,08",-,-,0,0,0,Total jul,0,45,0,0,0,0,0,"1,08",-,-,0,0,0,Total,9314,4277,3136,0,0,7756,1558,"13,79","1 007 964,95","74,16",3262,0,18104
Data,Ocup,Opção,Cheg,Oferta/Uso Interno,Deduz. Individ.,Deduz. Grupos,% Ocup.,Receita Quartos,Preço Médio,Saídas,Quartos FdS,Adul. / Cri.,julho,Previsão,16-jul-2027 sex,0,0,0,0,0,0,0,-,-,NaN,0,0,0,0,45,0,0,0,0,0,"1,08",-,-,0,0,0,Total jul,0,45,0,0,0,0,0,"1,08",-,-,0,0,0,Total,9314,4277,3136,0,0,7756,1558,"13,79","1 007 964,95","74,16",3262,0,18104
Data,Ocup,Opção,Cheg,Oferta/Uso Interno,Deduz. Individ.,Deduz. Grupos,% Ocup.,Receita Quartos,Preço Médio,Saídas,Quartos FdS,Adul. / Cri.,julho,Previsão,17-jul-2027 sáb,0,0,0,0,0,0,0,-,-,NaN,0,0,0,0,45,0,0,0,0,0,"1,08",-,-,0,0,0,Total jul,0,45,0,0,0,0,0,"1,08",-,-,0,0,0,Total,9314,4277,3136,0,0,7756,1558,"13,79","1 007 964,95","74,16",3262,0,18104
Data,Ocup,Opção,Cheg,Oferta/Uso Interno,Deduz. Individ.,Deduz. Grupos,% Ocup.,Receita Quartos,Preço Médio,Saídas,Quartos FdS,Adul. / Cri.,julho,Previsão,18-jul-2027 dom,0,0,0,0,0,0,0,-,-,NaN,0,0,0,0,45,0,0,0,0,0,"1,08",-,-,0,0,0,Total jul,0,45,0,0,0,0,0,"1,08",-,-,0,0,0,Total,9314,4277,3136,0,0,7756,1558,"13,79","1 007 964,95","74,16",3262,0,18104
Data,Ocup,Opção,Cheg,Oferta/Uso Interno,Deduz. Individ.,Deduz. Grupos,% Ocup.,Receita Quartos,Preço Médio,Saídas,Quartos FdS,Adul. / Cri.,julho,Previsão,19-jul-2027 seg,0,15,0,0,0,0,0,"11,11",-,-,0,0,0,0,45,0,0,0,0,0,"1,08",-,-,0,0,0,Total jul,0,45,0,0,0,0,0,"1,08",-,-,0,0,0,Total,9314,4277,3136,0,0,7756,1558,"13,79","1 007 964,95","74,16",3262,0,18104
Data,Ocup,Opção,Cheg,Oferta/Uso Interno,Deduz. Individ.,Deduz. Grupos,% Ocup.,Receita Quartos,Preço Médio,Saídas,Quartos FdS,Adul. / Cri.,julho,Previsão,20-jul-2027 ter,0,15,0,0,0,0,0,"11,11",-,-,0,0,0,0,45,0,0,0,0,0,"1,08",-,-,0,0,0,Total jul,0,45,0,0,0,0,0,"1,08",-,-,0,0,0,Total,9314,4277,3136,0,0,7756,1558,"13,79","1 007 964,95","74,16",3262,0,18104
Data,Ocup,Opção,Cheg,Oferta/Uso Interno,Deduz. Individ.,Deduz. Grupos,% Ocup.,Receita Quartos,Preço Médio,Saídas,Quartos FdS,Adul. / Cri.,julho,Previsão,21-jul-2027 qua,0,15,0,0,0,0,0,"11,11",-,-,0,0,0,0,45,0,0,0,0,0,"1,08",-,-,0,0,0,Total jul,0,45,0,0,0,0,0,"1,08",-,-,0,0,0,Total,9314,4277,3136,0,0,7756,1558,"13,79","1 007 964,95","74,16",3262,0,18104
Data,Ocup,Opção,Cheg,Oferta/Uso Interno,Deduz. Individ.,Deduz. Grupos,% Ocup.,Receita Quartos,Preço Médio,Saídas,Quartos FdS,Adul. / Cri.,julho,Previsão,22-jul-2027 qui,0,0,0,0,0,0,0,-,-,NaN,0,0,0,0,45,0,0,0,0,0,"1,08",-,-,0,0,0,Total jul,0,45,0,0,0,0,0,"1,08",-,-,0,0,0,Total,9314,4277,3136,0,0,7756,1558,"13,79","1 007 964,95","74,16",3262,0,18104
Data,Ocup,Opção,Cheg,Oferta/Uso Interno,Deduz. Individ.,Deduz. Grupos,% Ocup.,Receita Quartos,Preço Médio,Saídas,Quartos FdS,Adul. / Cri.,julho,Previsão,23-jul-2027 sex,0,0,0,0,0,0,0,-,-,NaN,0,0,0,0,45,0,0,0,0,0,"1,08",-,-,0,0,0,Total jul,0,45,0,0,0,0,0,"1,08",-,-,0,0,0,Total,9314,4277,3136,0,0,7756,1558,"13,79","1 007 964,95","74,16",3262,0,18104
Data,Ocup,Opção,Cheg,Oferta/Uso Interno,Deduz. Individ.,Deduz. Grupos,% Ocup.,Receita Quartos,Preço Médio,Saídas,Quartos FdS,Adul. / Cri.,julho,Previsão,24-jul-2027 sáb,0,0,0,0,0,0,0,-,-,NaN,0,0,0,0,45,0,0,0,0,0,"1,08",-,-,0,0,0,Total jul,0,45,0,0,0,0,0,"1,08",-,-,0,0,0,Total,9314,4277,3136,0,0,7756,1558,"13,79","1 007 964,95","74,16",3262,0,18104
Data,Ocup,Opção,Cheg,Oferta/Uso Interno,Deduz. Individ.,Deduz. Grupos,% Ocup.,Receita Quartos,Preço Médio,Saídas,Quartos FdS,Adul. / Cri.,julho,Previsão,25-jul-2027 dom,0,0,0,0,0,0,0,-,-,NaN,0,0,0,0,45,0,0,0,0,0,"1,08",-,-,0,0,0,Total jul,0,45,0,0,0,0,0,"1,08",-,-,0,0,0,Total,9314,4277,3136,0,0,7756,1558,"13,79","1 007 964,95","74,16",3262,0,18104
Data,Ocup,Opção,Cheg,Oferta/Uso Interno,Deduz. Individ.,Deduz. Grupos,% Ocup.,Receita Quartos,Preço Médio,Saídas,Quartos FdS,Adul. / Cri.,julho,Previsão,26-jul-2027 seg,0,0,0,0,0,0,0,-,-,NaN,0,0,0,0,45,0,0,0,0,0,"1,08",-,-,0,0,0,Total jul,0,45,0,0,0,0,0,"1,08",-,-,0,0,0,Total,9314,4277,3136,0,0,7756,1558,"13,79","1 007 964,95","74,16",3262,0,18104
Data,Ocup,Opção,Cheg,Oferta/Uso Interno,Deduz. Individ.,Deduz. Grupos,% Ocup.,Receita Quartos,Preço Médio,Saídas,Quartos FdS,Adul. / Cri.,julho,Previsão,27-jul-2027 ter,0,0,0,0,0,0,0,-,-,NaN,0,0,0,0,45,0,0,0,0,0,"1,08",-,-,0,0,0,Total jul,0,45,0,0,0,0,0,"1,08",-,-,0,0,0,Total,9314,4277,3136,0,0,7756,1558,"13,79","1 007 964,95","74,16",3262,0,18104
Data,Ocup,Opção,Cheg,Oferta/Uso Interno,Deduz. Individ.,Deduz. Grupos,% Ocup.,Receita Quartos,Preço Médio,Saídas,Quartos FdS,Adul. / Cri.,julho,Previsão,28-jul-2027 qua,0,0,0,0,0,0,0,-,-,NaN,0,0,0,0,45,0,0,0,0,0,"1,08",-,-,0,0,0,Total jul,0,45,0,0,0,0,0,"1,08",-,-,0,0,0,Total,9314,4277,3136,0,0,7756,1558,"13,79","1 007 964,95","74,16",3262,0,18104
Data,Ocup,Opção,Cheg,Oferta/Uso Interno,Deduz. Individ.,Deduz. Grupos,% Ocup.,Receita Quartos,Preço Médio,Saídas,Quartos FdS,Adul. / Cri.,julho,Previsão,29-jul-2027 qui,0,0,0,0,0,0,0,-,-,NaN,0,0,0,0,45,0,0,0,0,0,"1,08",-,-,0,0,0,Total jul,0,45,0,0,0,0,0,"1,08",-,-,0,0,0,Total,9314,4277,3136,0,0,7756,1558,"13,79","1 007 964,95","74,16",3262,0,18104
Data,Ocup,Opção,Cheg,Oferta/Uso Interno,Deduz. Individ.,Deduz. Grupos,% Ocup.,Receita Quartos,Preço Médio,Saídas,Quartos FdS,Adul. / Cri.,julho,Previsão,30-jul-2027 sex,0,0,0,0,0,0,0,-,-,NaN,0,0,0,0,45,0,0,0,0,0,"1,08",-,-,0,0,0,Total jul,0,45,0,0,0,0,0,"1,08",-,-,0,0,0,Total,9314,4277,3136,0,0,7756,1558,"13,79","1 007 964,95","74,16",3262,0,18104
Data,Ocup,Opção,Cheg,Oferta/Uso Interno,Deduz. Individ.,Deduz. Grupos,% Ocup.,Receita Quartos,Preço Médio,Saídas,Quartos FdS,Adul. / Cri.,julho,Previsão,31-jul-2027 sáb,0,0,0,0,0,0,0,-,-,NaN,0,0,0,0,45,0,0,0,0,0,"1,08",-,-,0,0,0,Total jul,0,45,0,0,0,0,0,"1,08",-,-,0,0,0,Total,9314,4277,3136,0,0,7756,1558,"13,79","1 007 964,95","74,16",3262,0,18104
Data,Ocup,Opção,Cheg,Oferta/Uso Interno,Deduz. Individ.,Deduz. Grupos,% Ocup.,Receita Quartos,Preço Médio,Saídas,Quartos FdS,Adul. / Cri.,agosto,Previsão,01-ago-2027 dom,0,0,0,0,0,0,0,-,-,NaN,0,0,0,0,90,0,0,0,0,0,"2,15",-,-,0,0,0,Total ago,0,90,0,0,0,0,0,"2,15",-,-,0,0,0,Total,9314,4277,3136,0,0,7756,1558,"13,79","1 007 964,95","74,16",3262,0,18104
Data,Ocup,Opção,Cheg,Oferta/Uso Interno,Deduz. Individ.,Deduz. Grupos,% Ocup.,Receita Quartos,Preço Médio,Saídas,Quartos FdS,Adul. / Cri.,agosto,Previsão,02-ago-2027 seg,0,0,0,0,0,0,0,-,-,NaN,0,0,0,0,90,0,0,0,0,0,"2,15",-,-,0,0,0,Total ago,0,90,0,0,0,0,0,"2,15",-,-,0,0,0,Total,9314,4277,3136,0,0,7756,1558,"13,79","1 007 964,95","74,16",3262,0,18104
Data,Ocup,Opção,Cheg,Oferta/Uso Interno,Deduz. Individ.,Deduz. Grupos,% Ocup.,Receita Quartos,Preço Médio,Saídas,Quartos FdS,Adul. / Cri.,agosto,Previsão,03-ago-2027 ter,0,0,0,0,0,0,0,-,-,NaN,0,0,0,0,90,0,0,0,0,0,"2,15",-,-,0,0,0,Total ago,0,90,0,0,0,0,0,"2,15",-,-,0,0,0,Total,9314,4277,3136,0,0,7756,1558,"13,79","1 007 964,95","74,16",3262,0,18104
Data,Ocup,Opção,Cheg,Oferta/Uso Interno,Deduz. Individ.,Deduz. Grupos,% Ocup.,Receita Quartos,Preço Médio,Saídas,Quartos FdS,Adul. / Cri.,agosto,Previsão,04-ago-2027 qua,0,0,0,0,0,0,0,-,-,NaN,0,0,0,0,90,0,0,0,0,0,"2,15",-,-,0,0,0,Total ago,0,90,0,0,0,0,0,"2,15",-,-,0,0,0,Total,9314,4277,3136,0,0,7756,1558,"13,79","1 007 964,95","74,16",3262,0,18104
Data,Ocup,Opção,Cheg,Oferta/Uso Interno,Deduz. Individ.,Deduz. Grupos,% Ocup.,Receita Quartos,Preço Médio,Saídas,Quartos FdS,Adul. / Cri.,agosto,Previsão,05-ago-2027 qui,0,0,0,0,0,0,0,-,-,NaN,0,0,0,0,90,0,0,0,0,0,"2,15",-,-,0,0,0,Total ago,0,90,0,0,0,0,0,"2,15",-,-,0,0,0,Total,9314,4277,3136,0,0,7756,1558,"13,79","1 007 964,95","74,16",3262,0,18104
Data,Ocup,Opção,Cheg,Oferta/Uso Interno,Deduz. Individ.,Deduz. Grupos,% Ocup.,Receita Quartos,Preço Médio,Saídas,Quartos FdS,Adul. / Cri.,agosto,Previsão,06-ago-2027 sex,0,0,0,0,0,0,0,-,-,NaN,0,0,0,0,90,0,0,0,0,0,"2,15",-,-,0,0,0,Total ago,0,90,0,0,0,0,0,"2,15",-,-,0,0,0,Total,9314,4277,3136,0,0,7756,1558,"13,79","1 007 964,95","74,16",3262,0,18104
Data,Ocup,Opção,Cheg,Oferta/Uso Interno,Deduz. Individ.,Deduz. Grupos,% Ocup.,Receita Quartos,Preço Médio,Saídas,Quartos FdS,Adul. / Cri.,agosto,Previsão,07-ago-2027 sáb,0,0,0,0,0,0,0,-,-,NaN,0,0,0,0,90,0,0,0,0,0,"2,15",-,-,0,0,0,Total ago,0,90,0,0,0,0,0,"2,15",-,-,0,0,0,Total,9314,4277,3136,0,0,7756,1558,"13,79","1 007 964,95","74,16",3262,0,18104
Data,Ocup,Opção,Cheg,Oferta/Uso Interno,Deduz. Individ.,Deduz. Grupos,% Ocup.,Receita Quartos,Preço Médio,Saídas,Quartos FdS,Adul. / Cri.,agosto,Previsão,08-ago-2027 dom,0,0,0,0,0,0,0,-,-,NaN,0,0,0,0,90,0,0,0,0,0,"2,15",-,-,0,0,0,Total ago,0,90,0,0,0,0,0,"2,15",-,-,0,0,0,Total,9314,4277,3136,0,0,7756,1558,"13,79","1 007 964,95","74,16",3262,0,18104
Data,Ocup,Opção,Cheg,Oferta/Uso Interno,Deduz. Individ.,Deduz. Grupos,% Ocup.,Receita Quartos,Preço Médio,Saídas,Quartos FdS,Adul. / Cri.,agosto,Previsão,09-ago-2027 seg,0,15,0,0,0,0,0,"11,11",-,-,0,0,0,0,90,0,0,0,0,0,"2,15",-,-,0,0,0,Total ago,0,90,0,0,0,0,0,"2,15",-,-,0,0,0,Total,9314,4277,3136,0,0,7756,1558,"13,79","1 007 964,95","74,16",3262,0,18104
Data,Ocup,Opção,Cheg,Oferta/Uso Interno,Deduz. Individ.,Deduz. Grupos,% Ocup.,Receita Quartos,Preço Médio,Saídas,Quartos FdS,Adul. / Cri.,agosto,Previsão,10-ago-2027 ter,0,15,0,0,0,0,0,"11,11",-,-,0,0,0,0,90,0,0,0,0,0,"2,15",-,-,0,0,0,Total ago,0,90,0,0,0,0,0,"2,15",-,-,0,0,0,Total,9314,4277,3136,0,0,7756,1558,"13,79","1 007 964,95","74,16",3262,0,18104
Data,Ocup,Opção,Cheg,Oferta/Uso Interno,Deduz. Individ.,Deduz. Grupos,% Ocup.,Receita Quartos,Preço Médio,Saídas,Quartos FdS,Adul. / Cri.,agosto,Previsão,11-ago-2027 qua,0,15,0,0,0,0,0,"11,11",-,-,0,0,0,0,90,0,0,0,0,0,"2,15",-,-,0,0,0,Total ago,0,90,0,0,0,0,0,"2,15",-,-,0,0,0,Total,9314,4277,3136,0,0,7756,1558,"13,79","1 007 964,95","74,16",3262,0,18104
Data,Ocup,Opção,Cheg,Oferta/Uso Interno,Deduz. Individ.,Deduz. Grupos,% Ocup.,Receita Quartos,Preço Médio,Saídas,Quartos FdS,Adul. / Cri.,agosto,Previsão,12-ago-2027 qui,0,0,0,0,0,0,0,-,-,NaN,0,0,0,0,90,0,0,0,0,0,"2,15",-,-,0,0,0,Total ago,0,90,0,0,0,0,0,"2,15",-,-,0,0,0,Total,9314,4277,3136,0,0,7756,1558,"13,79","1 007 964,95","74,16",3262,0,18104
Data,Ocup,Opção,Cheg,Oferta/Uso Interno,Deduz. Individ.,Deduz. Grupos,% Ocup.,Receita Quartos,Preço Médio,Saídas,Quartos FdS,Adul. / Cri.,agosto,Previsão,13-ago-2027 sex,0,0,0,0,0,0,0,-,-,NaN,0,0,0,0,90,0,0,0,0,0,"2,15",-,-,0,0,0,Total ago,0,90,0,0,0,0,0,"2,15",-,-,0,0,0,Total,9314,4277,3136,0,0,7756,1558,"13,79","1 007 964,95","74,16",3262,0,18104
Data,Ocup,Opção,Cheg,Oferta/Uso Interno,Deduz. Individ.,Deduz. Grupos,% Ocup.,Receita Quartos,Preço Médio,Saídas,Quartos FdS,Adul. / Cri.,agosto,Previsão,14-ago-2027 sáb,0,0,0,0,0,0,0,-,-,NaN,0,0,0,0,90,0,0,0,0,0,"2,15",-,-,0,0,0,Total ago,0,90,0,0,0,0,0,"2,15",-,-,0,0,0,Total,9314,4277,3136,0,0,7756,1558,"13,79","1 007 964,95","74,16",3262,0,18104
Data,Ocup,Opção,Cheg,Oferta/Uso Interno,Deduz. Individ.,Deduz. Grupos,% Ocup.,Receita Quartos,Preço Médio,Saídas,Quartos FdS,Adul. / Cri.,agosto,Previsão,15-ago-2027 dom,0,0,0,0,0,0,0,-,-,NaN,0,0,0,0,90,0,0,0,0,0,"2,15",-,-,0,0,0,Total ago,0,90,0,0,0,0,0,"2,15",-,-,0,0,0,Total,9314,4277,3136,0,0,7756,1558,"13,79","1 007 964,95","74,16",3262,0,18104
Data,Ocup,Opção,Cheg,Oferta/Uso Interno,Deduz. Individ.,Deduz. Grupos,% Ocup.,Receita Quartos,Preço Médio,Saídas,Quartos FdS,Adul. / Cri.,agosto,Previsão,16-ago-2027 seg,0,0,0,0,0,0,0,-,-,NaN,0,0,0,0,90,0,0,0,0,0,"2,15",-,-,0,0,0,Total ago,0,90,0,0,0,0,0,"2,15",-,-,0,0,0,Total,9314,4277,3136,0,0,7756,1558,"13,79","1 007 964,95","74,16",3262,0,18104
Data,Ocup,Opção,Cheg,Oferta/Uso Interno,Deduz. Individ.,Deduz. Grupos,% Ocup.,Receita Quartos,Preço Médio,Saídas,Quartos FdS,Adul. / Cri.,agosto,Previsão,17-ago-2027 ter,0,0,0,0,0,0,0,-,-,NaN,0,0,0,0,90,0,0,0,0,0,"2,15",-,-,0,0,0,Total ago,0,90,0,0,0,0,0,"2,15",-,-,0,0,0,Total,9314,4277,3136,0,0,7756,1558,"13,79","1 007 964,95","74,16",3262,0,18104
Data,Ocup,Opção,Cheg,Oferta/Uso Interno,Deduz. Individ.,Deduz. Grupos,% Ocup.,Receita Quartos,Preço Médio,Saídas,Quartos FdS,Adul. / Cri.,agosto,Previsão,18-ago-2027 qua,0,0,0,0,0,0,0,-,-,NaN,0,0,0,0,90,0,0,0,0,0,"2,15",-,-,0,0,0,Total ago,0,90,0,0,0,0,0,"2,15",-,-,0,0,0,Total,9314,4277,3136,0,0,7756,1558,"13,79","1 007 964,95","74,16",3262,0,18104
Data,Ocup,Opção,Cheg,Oferta/Uso Interno,Deduz. Individ.,Deduz. Grupos,% Ocup.,Receita Quartos,Preço Médio,Saídas,Quartos FdS,Adul. / Cri.,agosto,Previsão,19-ago-2027 qui,0,0,0,0,0,0,0,-,-,NaN,0,0,0,0,90,0,0,0,0,0,"2,15",-,-,0,0,0,Total ago,0,90,0,0,0,0,0,"2,15",-,-,0,0,0,Total,9314,4277,3136,0,0,7756,1558,"13,79","1 007 964,95","74,16",3262,0,18104
Data,Ocup,Opção,Cheg,Oferta/Uso Interno,Deduz. Individ.,Deduz. Grupos,% Ocup.,Receita Quartos,Preço Médio,Saídas,Quartos FdS,Adul. / Cri.,agosto,Previsão,20-ago-2027 sex,0,0,0,0,0,0,0,-,-,NaN,0,0,0,0,90,0,0,0,0,0,"2,15",-,-,0,0,0,Total ago,0,90,0,0,0,0,0,"2,15",-,-,0,0,0,Total,9314,4277,3136,0,0,7756,1558,"13,79","1 007 964,95","74,16",3262,0,18104
Data,Ocup,Opção,Cheg,Oferta/Uso Interno,Deduz. Individ.,Deduz. Grupos,% Ocup.,Receita Quartos,Preço Médio,Saídas,Quartos FdS,Adul. / Cri.,agosto,Previsão,21-ago-2027 sáb,0,0,0,0,0,0,0,-,-,NaN,0,0,0,0,90,0,0,0,0,0,"2,15",-,-,0,0,0,Total ago,0,90,0,0,0,0,0,"2,15",-,-,0,0,0,Total,9314,4277,3136,0,0,7756,1558,"13,79","1 007 964,95","74,16",3262,0,18104
Data,Ocup,Opção,Cheg,Oferta/Uso Interno,Deduz. Individ.,Deduz. Grupos,% Ocup.,Receita Quartos,Preço Médio,Saídas,Quartos FdS,Adul. / Cri.,agosto,Previsão,22-ago-2027 dom,0,0,0,0,0,0,0,-,-,NaN,0,0,0,0,90,0,0,0,0,0,"2,15",-,-,0,0,0,Total ago,0,90,0,0,0,0,0,"2,15",-,-,0,0,0,Total,9314,4277,3136,0,0,7756,1558,"13,79","1 007 964,95","74,16",3262,0,18104
Data,Ocup,Opção,Cheg,Oferta/Uso Interno,Deduz. Individ.,Deduz. Grupos,% Ocup.,Receita Quartos,Preço Médio,Saídas,Quartos FdS,Adul. / Cri.,agosto,Previsão,23-ago-2027 seg,0,15,0,0,0,0,0,"11,11",-,-,0,0,0,0,90,0,0,0,0,0,"2,15",-,-,0,0,0,Total ago,0,90,0,0,0,0,0,"2,15",-,-,0,0,0,Total,9314,4277,3136,0,0,7756,1558,"13,79","1 007 964,95","74,16",3262,0,18104
Data,Ocup,Opção,Cheg,Oferta/Uso Interno,Deduz. Individ.,Deduz. Grupos,% Ocup.,Receita Quartos,Preço Médio,Saídas,Quartos FdS,Adul. / Cri.,agosto,Previsão,24-ago-2027 ter,0,15,0,0,0,0,0,"11,11",-,-,0,0,0,0,90,0,0,0,0,0,"2,15",-,-,0,0,0,Total ago,0,90,0,0,0,0,0,"2,15",-,-,0,0,0,Total,9314,4277,3136,0,0,7756,1558,"13,79","1 007 964,95","74,16",3262,0,18104
Data,Ocup,Opção,Cheg,Oferta/Uso Interno,Deduz. Individ.,Deduz. Grupos,% Ocup.,Receita Quartos,Preço Médio,Saídas,Quartos FdS,Adul. / Cri.,agosto,Previsão,25-ago-2027 qua,0,15,0,0,0,0,0,"11,11",-,-,0,0,0,0,90,0,0,0,0,0,"2,15",-,-,0,0,0,Total ago,0,90,0,0,0,0,0,"2,15",-,-,0,0,0,Total,9314,4277,3136,0,0,7756,1558,"13,79","1 007 964,95","74,16",3262,0,18104
Data,Ocup,Opção,Cheg,Oferta/Uso Interno,Deduz. Individ.,Deduz. Grupos,% Ocup.,Receita Quartos,Preço Médio,Saídas,Quartos FdS,Adul. / Cri.,agosto,Previsão,26-ago-2027 qui,0,0,0,0,0,0,0,-,-,NaN,0,0,0,0,90,0,0,0,0,0,"2,15",-,-,0,0,0,Total ago,0,90,0,0,0,0,0,"2,15",-,-,0,0,0,Total,9314,4277,3136,0,0,7756,1558,"13,79","1 007 964,95","74,16",3262,0,18104
Data,Ocup,Opção,Cheg,Oferta/Uso Interno,Deduz. Individ.,Deduz. Grupos,% Ocup.,Receita Quartos,Preço Médio,Saídas,Quartos FdS,Adul. / Cri.,agosto,Previsão,27-ago-2027 sex,0,0,0,0,0,0,0,-,-,NaN,0,0,0,0,90,0,0,0,0,0,"2,15",-,-,0,0,0,Total ago,0,90,0,0,0,0,0,"2,15",-,-,0,0,0,Total,9314,4277,3136,0,0,7756,1558,"13,79","1 007 964,95","74,16",3262,0,18104
Data,Ocup,Opção,Cheg,Oferta/Uso Interno,Deduz. Individ.,Deduz. Grupos,% Ocup.,Receita Quartos,Preço Médio,Saídas,Quartos FdS,Adul. / Cri.,agosto,Previsão,28-ago-2027 sáb,0,0,0,0,0,0,0,-,-,NaN,0,0,0,0,90,0,0,0,0,0,"2,15",-,-,0,0,0,Total ago,0,90,0,0,0,0,0,"2,15",-,-,0,0,0,Total,9314,4277,3136,0,0,7756,1558,"13,79","1 007 964,95","74,16",3262,0,18104
Data,Ocup,Opção,Cheg,Oferta/Uso Interno,Deduz. Individ.,Deduz. Grupos,% Ocup.,Receita Quartos,Preço Médio,Saídas,Quartos FdS,Adul. / Cri.,agosto,Previsão,29-ago-2027 dom,0,0,0,0,0,0,0,-,-,NaN,0,0,0,0,90,0,0,0,0,0,"2,15",-,-,0,0,0,Total ago,0,90,0,0,0,0,0,"2,15",-,-,0,0,0,Total,9314,4277,3136,0,0,7756,1558,"13,79","1 007 964,95","74,16",3262,0,18104
Data,Ocup,Opção,Cheg,Oferta/Uso Interno,Deduz. Individ.,Deduz. Grupos,% Ocup.,Receita Quartos,Preço Médio,Saídas,Quartos FdS,Adul. / Cri.,agosto,Previsão,30-ago-2027 seg,0,0,0,0,0,0,0,-,-,NaN,0,0,0,0,90,0,0,0,0,0,"2,15",-,-,0,0,0,Total ago,0,90,0,0,0,0,0,"2,15",-,-,0,0,0,Total,9314,4277,3136,0,0,7756,1558,"13,79","1 007 964,95","74,16",3262,0,18104
Data,Ocup,Opção,Cheg,Oferta/Uso Interno,Deduz. Individ.,Deduz. Grupos,% Ocup.,Receita Quartos,Preço Médio,Saídas,Quartos FdS,Adul. / Cri.,agosto,Previsão,31-ago-2027 ter,0,0,0,0,0,0,0,-,-,NaN,0,0,0,0,90,0,0,0,0,0,"2,15",-,-,0,0,0,Total ago,0,90,0,0,0,0,0,"2,15",-,-,0,0,0,Total,9314,4277,3136,0,0,7756,1558,"13,79","1 007 964,95","74,16",3262,0,18104
Data,Ocup,Opção,Cheg,Oferta/Uso Interno,Deduz. Individ.,Deduz. Grupos,% Ocup.,Receita Quartos,Preço Médio,Saídas,Quartos FdS,Adul. / Cri.,setembro,Previsão,01-set-2027 qua,0,0,0,0,0,0,0,-,-,NaN,0,0,0,0,0,0,0,0,0,0,-,-,NaN,0,0,0,Total set,0,0,0,0,0,0,0,-,-,NaN,0,0,0,Total,9314,4277,3136,0,0,7756,1558,"13,79","1 007 964,95","74,16",3262,0,18104
Data,Ocup,Opção,Cheg,Oferta/Uso Interno,Deduz. Individ.,Deduz. Grupos,% Ocup.,Receita Quartos,Preço Médio,Saídas,Quartos FdS,Adul. / Cri.,setembro,Previsão,02-set-2027 qui,0,0,0,0,0,0,0,-,-,NaN,0,0,0,0,0,0,0,0,0,0,-,-,NaN,0,0,0,Total set,0,0,0,0,0,0,0,-,-,NaN,0,0,0,Total,9314,4277,3136,0,0,7756,1558,"13,79","1 007 964,95","74,16",3262,0,18104
Data,Ocup,Opção,Cheg,Oferta/Uso Interno,Deduz. Individ.,Deduz. Grupos,% Ocup.,Receita Quartos,Preço Médio,Saídas,Quartos FdS,Adul. / Cri.,setembro,Previsão,03-set-2027 sex,0,0,0,0,0,0,0,-,-,NaN,0,0,0,0,0,0,0,0,0,0,-,-,NaN,0,0,0,Total set,0,0,0,0,0,0,0,-,-,NaN,0,0,0,Total,9314,4277,3136,0,0,7756,1558,"13,79","1 007 964,95","74,16",3262,0,18104
Data,Ocup,Opção,Cheg,Oferta/Uso Interno,Deduz. Individ.,Deduz. Grupos,% Ocup.,Receita Quartos,Preço Médio,Saídas,Quartos FdS,Adul. / Cri.,setembro,Previsão,04-set-2027 sáb,0,0,0,0,0,0,0,-,-,NaN,0,0,0,0,0,0,0,0,0,0,-,-,NaN,0,0,0,Total set,0,0,0,0,0,0,0,-,-,NaN,0,0,0,Total,9314,4277,3136,0,0,7756,1558,"13,79","1 007 964,95","74,16",3262,0,18104
Data,Ocup,Opção,Cheg,Oferta/Uso Interno,Deduz. Individ.,Deduz. Grupos,% Ocup.,Receita Quartos,Preço Médio,Saídas,Quartos FdS,Adul. / Cri.,setembro,Previsão,05-set-2027 dom,0,0,0,0,0,0,0,-,-,NaN,0,0,0,0,0,0,0,0,0,0,-,-,NaN,0,0,0,Total set,0,0,0,0,0,0,0,-,-,NaN,0,0,0,Total,9314,4277,3136,0,0,7756,1558,"13,79","1 007 964,95","74,16",3262,0,18104
Data,Ocup,Opção,Cheg,Oferta/Uso Interno,Deduz. Individ.,Deduz. Grupos,% Ocup.,Receita Quartos,Preço Médio,Saídas,Quartos FdS,Adul. / Cri.,setembro,Previsão,06-set-2027 seg,0,0,0,0,0,0,0,-,-,NaN,0,0,0,0,0,0,0,0,0,0,-,-,NaN,0,0,0,Total set,0,0,0,0,0,0,0,-,-,NaN,0,0,0,Total,9314,4277,3136,0,0,7756,1558,"13,79","1 007 964,95","74,16",3262,0,18104
Data,Ocup,Opção,Cheg,Oferta/Uso Interno,Deduz. Individ.,Deduz. Grupos,% Ocup.,Receita Quartos,Preço Médio,Saídas,Quartos FdS,Adul. / Cri.,setembro,Previsão,07-set-2027 ter,0,0,0,0,0,0,0,-,-,NaN,0,0,0,0,0,0,0,0,0,0,-,-,NaN,0,0,0,Total set,0,0,0,0,0,0,0,-,-,NaN,0,0,0,Total,9314,4277,3136,0,0,7756,1558,"13,79","1 007 964,95","74,16",3262,0,18104
Data,Ocup,Opção,Cheg,Oferta/Uso Interno,Deduz. Individ.,Deduz. Grupos,% Ocup.,Receita Quartos,Preço Médio,Saídas,Quartos FdS,Adul. / Cri.,setembro,Previsão,08-set-2027 qua,0,0,0,0,0,0,0,-,-,NaN,0,0,0,0,0,0,0,0,0,0,-,-,NaN,0,0,0,Total set,0,0,0,0,0,0,0,-,-,NaN,0,0,0,Total,9314,4277,3136,0,0,7756,1558,"13,79","1 007 964,95","74,16",3262,0,18104
Data,Ocup,Opção,Cheg,Oferta/Uso Interno,Deduz. Individ.,Deduz. Grupos,% Ocup.,Receita Quartos,Preço Médio,Saídas,Quartos FdS,Adul. / Cri.,setembro,Previsão,09-set-2027 qui,0,0,0,0,0,0,0,-,-,NaN,0,0,0,0,0,0,0,0,0,0,-,-,NaN,0,0,0,Total set,0,0,0,0,0,0,0,-,-,NaN,0,0,0,Total,9314,4277,3136,0,0,7756,1558,"13,79","1 007 964,95","74,16",3262,0,18104
Data,Ocup,Opção,Cheg,Oferta/Uso Interno,Deduz. Individ.,Deduz. Grupos,% Ocup.,Receita Quartos,Preço Médio,Saídas,Quartos FdS,Adul. / Cri.,setembro,Previsão,10-set-2027 sex,0,0,0,0,0,0,0,-,-,NaN,0,0,0,0,0,0,0,0,0,0,-,-,NaN,0,0,0,Total set,0,0,0,0,0,0,0,-,-,NaN,0,0,0,Total,9314,4277,3136,0,0,7756,1558,"13,79","1 007 964,95","74,16",3262,0,18104
Data,Ocup,Opção,Cheg,Oferta/Uso Interno,Deduz. Individ.,Deduz. Grupos,% Ocup.,Receita Quartos,Preço Médio,Saídas,Quartos FdS,Adul. / Cri.,setembro,Previsão,11-set-2027 sáb,0,0,0,0,0,0,0,-,-,NaN,0,0,0,0,0,0,0,0,0,0,-,-,NaN,0,0,0,Total set,0,0,0,0,0,0,0,-,-,NaN,0,0,0,Total,9314,4277,3136,0,0,7756,1558,"13,79","1 007 964,95","74,16",3262,0,18104
Data,Ocup,Opção,Cheg,Oferta/Uso Interno,Deduz. Individ.,Deduz. Grupos,% Ocup.,Receita Quartos,Preço Médio,Saídas,Quartos FdS,Adul. / Cri.,setembro,Previsão,12-set-2027 dom,0,0,0,0,0,0,0,-,-,NaN,0,0,0,0,0,0,0,0,0,0,-,-,NaN,0,0,0,Total set,0,0,0,0,0,0,0,-,-,NaN,0,0,0,Total,9314,4277,3136,0,0,7756,1558,"13,79","1 007 964,95","74,16",3262,0,18104
Data,Ocup,Opção,Cheg,Oferta/Uso Interno,Deduz. Individ.,Deduz. Grupos,% Ocup.,Receita Quartos,Preço Médio,Saídas,Quartos FdS,Adul. / Cri.,setembro,Previsão,13-set-2027 seg,0,0,0,0,0,0,0,-,-,NaN,0,0,0,0,0,0,0,0,0,0,-,-,NaN,0,0,0,Total set,0,0,0,0,0,0,0,-,-,NaN,0,0,0,Total,9314,4277,3136,0,0,7756,1558,"13,79","1 007 964,95","74,16",3262,0,18104
Data,Ocup,Opção,Cheg,Oferta/Uso Interno,Deduz. Individ.,Deduz. Grupos,% Ocup.,Receita Quartos,Preço Médio,Saídas,Quartos FdS,Adul. / Cri.,setembro,Previsão,14-set-2027 ter,0,0,0,0,0,0,0,-,-,NaN,0,0,0,0,0,0,0,0,0,0,-,-,NaN,0,0,0,Total set,0,0,0,0,0,0,0,-,-,NaN,0,0,0,Total,9314,4277,3136,0,0,7756,1558,"13,79","1 007 964,95","74,16",3262,0,18104
Data,Ocup,Opção,Cheg,Oferta/Uso Interno,Deduz. Individ.,Deduz. Grupos,% Ocup.,Receita Quartos,Preço Médio,Saídas,Quartos FdS,Adul. / Cri.,setembro,Previsão,15-set-2027 qua,0,0,0,0,0,0,0,-,-,NaN,0,0,0,0,0,0,0,0,0,0,-,-,NaN,0,0,0,Total set,0,0,0,0,0,0,0,-,-,NaN,0,0,0,Total,9314,4277,3136,0,0,7756,1558,"13,79","1 007 964,95","74,16",3262,0,18104
Data,Ocup,Opção,Cheg,Oferta/Uso Interno,Deduz. Individ.,Deduz. Grupos,% Ocup.,Receita Quartos,Preço Médio,Saídas,Quartos FdS,Adul. / Cri.,setembro,Previsão,16-set-2027 qui,0,0,0,0,0,0,0,-,-,NaN,0,0,0,0,0,0,0,0,0,0,-,-,NaN,0,0,0,Total set,0,0,0,0,0,0,0,-,-,NaN,0,0,0,Total,9314,4277,3136,0,0,7756,1558,"13,79","1 007 964,95","74,16",3262,0,18104
Data,Ocup,Opção,Cheg,Oferta/Uso Interno,Deduz. Individ.,Deduz. Grupos,% Ocup.,Receita Quartos,Preço Médio,Saídas,Quartos FdS,Adul. / Cri.,setembro,Previsão,17-set-2027 sex,0,0,0,0,0,0,0,-,-,NaN,0,0,0,0,0,0,0,0,0,0,-,-,NaN,0,0,0,Total set,0,0,0,0,0,0,0,-,-,NaN,0,0,0,Total,9314,4277,3136,0,0,7756,1558,"13,79","1 007 964,95","74,16",3262,0,18104
Data,Ocup,Opção,Cheg,Oferta/Uso Interno,Deduz. Individ.,Deduz. Grupos,% Ocup.,Receita Quartos,Preço Médio,Saídas,Quartos FdS,Adul. / Cri.,setembro,Previsão,18-set-2027 sáb,0,0,0,0,0,0,0,-,-,NaN,0,0,0,0,0,0,0,0,0,0,-,-,NaN,0,0,0,Total set,0,0,0,0,0,0,0,-,-,NaN,0,0,0,Total,9314,4277,3136,0,0,7756,1558,"13,79","1 007 964,95","74,16",3262,0,18104
Data,Ocup,Opção,Cheg,Oferta/Uso Interno,Deduz. Individ.,Deduz. Grupos,% Ocup.,Receita Quartos,Preço Médio,Saídas,Quartos FdS,Adul. / Cri.,setembro,Previsão,19-set-2027 dom,0,0,0,0,0,0,0,-,-,NaN,0,0,0,0,0,0,0,0,0,0,-,-,NaN,0,0,0,Total set,0,0,0,0,0,0,0,-,-,NaN,0,0,0,Total,9314,4277,3136,0,0,7756,1558,"13,79","1 007 964,95","74,16",3262,0,18104
Data,Ocup,Opção,Cheg,Oferta/Uso Interno,Deduz. Individ.,Deduz. Grupos,% Ocup.,Receita Quartos,Preço Médio,Saídas,Quartos FdS,Adul. / Cri.,setembro,Previsão,20-set-2027 seg,0,0,0,0,0,0,0,-,-,NaN,0,0,0,0,0,0,0,0,0,0,-,-,NaN,0,0,0,Total set,0,0,0,0,0,0,0,-,-,NaN,0,0,0,Total,9314,4277,3136,0,0,7756,1558,"13,79","1 007 964,95","74,16",3262,0,18104
Data,Ocup,Opção,Cheg,Oferta/Uso Interno,Deduz. Individ.,Deduz. Grupos,% Ocup.,Receita Quartos,Preço Médio,Saídas,Quartos FdS,Adul. / Cri.,setembro,Previsão,21-set-2027 ter,0,0,0,0,0,0,0,-,-,NaN,0,0,0,0,0,0,0,0,0,0,-,-,NaN,0,0,0,Total set,0,0,0,0,0,0,0,-,-,NaN,0,0,0,Total,9314,4277,3136,0,0,7756,1558,"13,79","1 007 964,95","74,16",3262,0,18104
Data,Ocup,Opção,Cheg,Oferta/Uso Interno,Deduz. Individ.,Deduz. Grupos,% Ocup.,Receita Quartos,Preço Médio,Saídas,Quartos FdS,Adul. / Cri.,setembro,Previsão,22-set-2027 qua,0,0,0,0,0,0,0,-,-,NaN,0,0,0,0,0,0,0,0,0,0,-,-,NaN,0,0,0,Total set,0,0,0,0,0,0,0,-,-,NaN,0,0,0,Total,9314,4277,3136,0,0,7756,1558,"13,79","1 007 964,95","74,16",3262,0,18104
Data,Ocup,Opção,Cheg,Oferta/Uso Interno,Deduz. Individ.,Deduz. Grupos,% Ocup.,Receita Quartos,Preço Médio,Saídas,Quartos FdS,Adul. / Cri.,setembro,Previsão,23-set-2027 qui,0,0,0,0,0,0,0,-,-,NaN,0,0,0,0,0,0,0,0,0,0,-,-,NaN,0,0,0,Total set,0,0,0,0,0,0,0,-,-,NaN,0,0,0,Total,9314,4277,3136,0,0,7756,1558,"13,79","1 007 964,95","74,16",3262,0,18104
Data,Ocup,Opção,Cheg,Oferta/Uso Interno,Deduz. Individ.,Deduz. Grupos,% Ocup.,Receita Quartos,Preço Médio,Saídas,Quartos FdS,Adul. / Cri.,setembro,Previsão,24-set-2027 sex,0,0,0,0,0,0,0,-,-,NaN,0,0,0,0,0,0,0,0,0,0,-,-,NaN,0,0,0,Total set,0,0,0,0,0,0,0,-,-,NaN,0,0,0,Total,9314,4277,3136,0,0,7756,1558,"13,79","1 007 964,95","74,16",3262,0,18104
Data,Ocup,Opção,Cheg,Oferta/Uso Interno,Deduz. Individ.,Deduz. Grupos,% Ocup.,Receita Quartos,Preço Médio,Saídas,Quartos FdS,Adul. / Cri.,setembro,Previsão,25-set-2027 sáb,0,0,0,0,0,0,0,-,-,NaN,0,0,0,0,0,0,0,0,0,0,-,-,NaN,0,0,0,Total set,0,0,0,0,0,0,0,-,-,NaN,0,0,0,Total,9314,4277,3136,0,0,7756,1558,"13,79","1 007 964,95","74,16",3262,0,18104
Data,Ocup,Opção,Cheg,Oferta/Uso Interno,Deduz. Individ.,Deduz. Grupos,% Ocup.,Receita Quartos,Preço Médio,Saídas,Quartos FdS,Adul. / Cri.,setembro,Previsão,26-set-2027 dom,0,0,0,0,0,0,0,-,-,NaN,0,0,0,0,0,0,0,0,0,0,-,-,NaN,0,0,0,Total set,0,0,0,0,0,0,0,-,-,NaN,0,0,0,Total,9314,4277,3136,0,0,7756,1558,"13,79","1 007 964,95","74,16",3262,0,18104
Data,Ocup,Opção,Cheg,Oferta/Uso Interno,Deduz. Individ.,Deduz. Grupos,% Ocup.,Receita Quartos,Preço Médio,Saídas,Quartos FdS,Adul. / Cri.,setembro,Previsão,27-set-2027 seg,0,0,0,0,0,0,0,-,-,NaN,0,0,0,0,0,0,0,0,0,0,-,-,NaN,0,0,0,Total set,0,0,0,0,0,0,0,-,-,NaN,0,0,0,Total,9314,4277,3136,0,0,7756,1558,"13,79","1 007 964,95","74,16",3262,0,18104
Data,Ocup,Opção,Cheg,Oferta/Uso Interno,Deduz. Individ.,Deduz. Grupos,% Ocup.,Receita Quartos,Preço Médio,Saídas,Quartos FdS,Adul. / Cri.,setembro,Previsão,28-set-2027 ter,0,0,0,0,0,0,0,-,-,NaN,0,0,0,0,0,0,0,0,0,0,-,-,NaN,0,0,0,Total set,0,0,0,0,0,0,0,-,-,NaN,0,0,0,Total,9314,4277,3136,0,0,7756,1558,"13,79","1 007 964,95","74,16",3262,0,18104
Data,Ocup,Opção,Cheg,Oferta/Uso Interno,Deduz. Individ.,Deduz. Grupos,% Ocup.,Receita Quartos,Preço Médio,Saídas,Quartos FdS,Adul. / Cri.,setembro,Previsão,29-set-2027 qua,0,0,0,0,0,0,0,-,-,NaN,0,0,0,0,0,0,0,0,0,0,-,-,NaN,0,0,0,Total set,0,0,0,0,0,0,0,-,-,NaN,0,0,0,Total,9314,4277,3136,0,0,7756,1558,"13,79","1 007 964,95","74,16",3262,0,18104
Data,Ocup,Opção,Cheg,Oferta/Uso Interno,Deduz. Individ.,Deduz. Grupos,% Ocup.,Receita Quartos,Preço Médio,Saídas,Quartos FdS,Adul. / Cri.,setembro,Previsão,30-set-2027 qui,0,0,0,0,0,0,0,-,-,NaN,0,0,0,0,0,0,0,0,0,0,-,-,NaN,0,0,0,Total set,0,0,0,0,0,0,0,-,-,NaN,0,0,0,Total,9314,4277,3136,0,0,7756,1558,"13,79","1 007 964,95","74,16",3262,0,18104
Data,Ocup,Opção,Cheg,Oferta/Uso Interno,Deduz. Individ.,Deduz. Grupos,% Ocup.,Receita Quartos,Preço Médio,Saídas,Quartos FdS,Adul. / Cri.,outubro,Previsão,01-out-2027 sex,0,0,0,0,0,0,0,-,-,NaN,0,0,0,0,0,0,0,0,0,0,-,-,NaN,0,0,0,Total out,0,0,0,0,0,0,0,-,-,NaN,0,0,0,Total,9314,4277,3136,0,0,7756,1558,"13,79","1 007 964,95","74,16",3262,0,18104
Data,Ocup,Opção,Cheg,Oferta/Uso Interno,Deduz. Individ.,Deduz. Grupos,% Ocup.,Receita Quartos,Preço Médio,Saídas,Quartos FdS,Adul. / Cri.,outubro,Previsão,02-out-2027 sáb,0,0,0,0,0,0,0,-,-,NaN,0,0,0,0,0,0,0,0,0,0,-,-,NaN,0,0,0,Total out,0,0,0,0,0,0,0,-,-,NaN,0,0,0,Total,9314,4277,3136,0,0,7756,1558,"13,79","1 007 964,95","74,16",3262,0,18104
Data,Ocup,Opção,Cheg,Oferta/Uso Interno,Deduz. Individ.,Deduz. Grupos,% Ocup.,Receita Quartos,Preço Médio,Saídas,Quartos FdS,Adul. / Cri.,outubro,Previsão,03-out-2027 dom,0,0,0,0,0,0,0,-,-,NaN,0,0,0,0,0,0,0,0,0,0,-,-,NaN,0,0,0,Total out,0,0,0,0,0,0,0,-,-,NaN,0,0,0,Total,9314,4277,3136,0,0,7756,1558,"13,79","1 007 964,95","74,16",3262,0,18104
Data,Ocup,Opção,Cheg,Oferta/Uso Interno,Deduz. Individ.,Deduz. Grupos,% Ocup.,Receita Quartos,Preço Médio,Saídas,Quartos FdS,Adul. / Cri.,outubro,Previsão,04-out-2027 seg,0,0,0,0,0,0,0,-,-,NaN,0,0,0,0,0,0,0,0,0,0,-,-,NaN,0,0,0,Total out,0,0,0,0,0,0,0,-,-,NaN,0,0,0,Total,9314,4277,3136,0,0,7756,1558,"13,79","1 007 964,95","74,16",3262,0,18104
Data,Ocup,Opção,Cheg,Oferta/Uso Interno,Deduz. Individ.,Deduz. Grupos,% Ocup.,Receita Quartos,Preço Médio,Saídas,Quartos FdS,Adul. / Cri.,outubro,Previsão,05-out-2027 ter,0,0,0,0,0,0,0,-,-,NaN,0,0,0,0,0,0,0,0,0,0,-,-,NaN,0,0,0,Total out,0,0,0,0,0,0,0,-,-,NaN,0,0,0,Total,9314,4277,3136,0,0,7756,1558,"13,79","1 007 964,95","74,16",3262,0,18104
Data,Ocup,Opção,Cheg,Oferta/Uso Interno,Deduz. Individ.,Deduz. Grupos,% Ocup.,Receita Quartos,Preço Médio,Saídas,Quartos FdS,Adul. / Cri.,outubro,Previsão,06-out-2027 qua,0,0,0,0,0,0,0,-,-,NaN,0,0,0,0,0,0,0,0,0,0,-,-,NaN,0,0,0,Total out,0,0,0,0,0,0,0,-,-,NaN,0,0,0,Total,9314,4277,3136,0,0,7756,1558,"13,79","1 007 964,95","74,16",3262,0,18104
Data,Ocup,Opção,Cheg,Oferta/Uso Interno,Deduz. Individ.,Deduz. Grupos,% Ocup.,Receita Quartos,Preço Médio,Saídas,Quartos FdS,Adul. / Cri.,outubro,Previsão,07-out-2027 qui,0,0,0,0,0,0,0,-,-,NaN,0,0,0,0,0,0,0,0,0,0,-,-,NaN,0,0,0,Total out,0,0,0,0,0,0,0,-,-,NaN,0,0,0,Total,9314,4277,3136,0,0,7756,1558,"13,79","1 007 964,95","74,16",3262,0,18104
Data,Ocup,Opção,Cheg,Oferta/Uso Interno,Deduz. Individ.,Deduz. Grupos,% Ocup.,Receita Quartos,Preço Médio,Saídas,Quartos FdS,Adul. / Cri.,outubro,Previsão,08-out-2027 sex,0,0,0,0,0,0,0,-,-,NaN,0,0,0,0,0,0,0,0,0,0,-,-,NaN,0,0,0,Total out,0,0,0,0,0,0,0,-,-,NaN,0,0,0,Total,9314,4277,3136,0,0,7756,1558,"13,79","1 007 964,95","74,16",3262,0,18104
Data,Ocup,Opção,Cheg,Oferta/Uso Interno,Deduz. Individ.,Deduz. Grupos,% Ocup.,Receita Quartos,Preço Médio,Saídas,Quartos FdS,Adul. / Cri.,outubro,Previsão,09-out-2027 sáb,0,0,0,0,0,0,0,-,-,NaN,0,0,0,0,0,0,0,0,0,0,-,-,NaN,0,0,0,Total out,0,0,0,0,0,0,0,-,-,NaN,0,0,0,Total,9314,4277,3136,0,0,7756,1558,"13,79","1 007 964,95","74,16",3262,0,18104
Data,Ocup,Opção,Cheg,Oferta/Uso Interno,Deduz. Individ.,Deduz. Grupos,% Ocup.,Receita Quartos,Preço Médio,Saídas,Quartos FdS,Adul. / Cri.,outubro,Previsão,10-out-2027 dom,0,0,0,0,0,0,0,-,-,NaN,0,0,0,0,0,0,0,0,0,0,-,-,NaN,0,0,0,Total out,0,0,0,0,0,0,0,-,-,NaN,0,0,0,Total,9314,4277,3136,0,0,7756,1558,"13,79","1 007 964,95","74,16",3262,0,18104
Data,Ocup,Opção,Cheg,Oferta/Uso Interno,Deduz. Individ.,Deduz. Grupos,% Ocup.,Receita Quartos,Preço Médio,Saídas,Quartos FdS,Adul. / Cri.,outubro,Previsão,11-out-2027 seg,0,0,0,0,0,0,0,-,-,NaN,0,0,0,0,0,0,0,0,0,0,-,-,NaN,0,0,0,Total out,0,0,0,0,0,0,0,-,-,NaN,0,0,0,Total,9314,4277,3136,0,0,7756,1558,"13,79","1 007 964,95","74,16",3262,0,18104
Data,Ocup,Opção,Cheg,Oferta/Uso Interno,Deduz. Individ.,Deduz. Grupos,% Ocup.,Receita Quartos,Preço Médio,Saídas,Quartos FdS,Adul. / Cri.,outubro,Previsão,12-out-2027 ter,0,0,0,0,0,0,0,-,-,NaN,0,0,0,0,0,0,0,0,0,0,-,-,NaN,0,0,0,Total out,0,0,0,0,0,0,0,-,-,NaN,0,0,0,Total,9314,4277,3136,0,0,7756,1558,"13,79","1 007 964,95","74,16",3262,0,18104
Data,Ocup,Opção,Cheg,Oferta/Uso Interno,Deduz. Individ.,Deduz. Grupos,% Ocup.,Receita Quartos,Preço Médio,Saídas,Quartos FdS,Adul. / Cri.,outubro,Previsão,13-out-2027 qua,0,0,0,0,0,0,0,-,-,NaN,0,0,0,0,0,0,0,0,0,0,-,-,NaN,0,0,0,Total out,0,0,0,0,0,0,0,-,-,NaN,0,0,0,Total,9314,4277,3136,0,0,7756,1558,"13,79","1 007 964,95","74,16",3262,0,18104
Data,Ocup,Opção,Cheg,Oferta/Uso Interno,Deduz. Individ.,Deduz. Grupos,% Ocup.,Receita Quartos,Preço Médio,Saídas,Quartos FdS,Adul. / Cri.,outubro,Previsão,14-out-2027 qui,0,0,0,0,0,0,0,-,-,NaN,0,0,0,0,0,0,0,0,0,0,-,-,NaN,0,0,0,Total out,0,0,0,0,0,0,0,-,-,NaN,0,0,0,Total,9314,4277,3136,0,0,7756,1558,"13,79","1 007 964,95","74,16",3262,0,18104
Data,Ocup,Opção,Cheg,Oferta/Uso Interno,Deduz. Individ.,Deduz. Grupos,% Ocup.,Receita Quartos,Preço Médio,Saídas,Quartos FdS,Adul. / Cri.,outubro,Previsão,15-out-2027 sex,0,0,0,0,0,0,0,-,-,NaN,0,0,0,0,0,0,0,0,0,0,-,-,NaN,0,0,0,Total out,0,0,0,0,0,0,0,-,-,NaN,0,0,0,Total,9314,4277,3136,0,0,7756,1558,"13,79","1 007 964,95","74,16",3262,0,18104
Data,Ocup,Opção,Cheg,Oferta/Uso Interno,Deduz. Individ.,Deduz. Grupos,% Ocup.,Receita Quartos,Preço Médio,Saídas,Quartos FdS,Adul. / Cri.,outubro,Previsão,16-out-2027 sáb,0,0,0,0,0,0,0,-,-,NaN,0,0,0,0,0,0,0,0,0,0,-,-,NaN,0,0,0,Total out,0,0,0,0,0,0,0,-,-,NaN,0,0,0,Total,9314,4277,3136,0,0,7756,1558,"13,79","1 007 964,95","74,16",3262,0,18104
Data,Ocup,Opção,Cheg,Oferta/Uso Interno,Deduz. Individ.,Deduz. Grupos,% Ocup.,Receita Quartos,Preço Médio,Saídas,Quartos FdS,Adul. / Cri.,outubro,Previsão,17-out-2027 dom,0,0,0,0,0,0,0,-,-,NaN,0,0,0,0,0,0,0,0,0,0,-,-,NaN,0,0,0,Total out,0,0,0,0,0,0,0,-,-,NaN,0,0,0,Total,9314,4277,3136,0,0,7756,1558,"13,79","1 007 964,95","74,16",3262,0,18104
Data,Ocup,Opção,Cheg,Oferta/Uso Interno,Deduz. Individ.,Deduz. Grupos,% Ocup.,Receita Quartos,Preço Médio,Saídas,Quartos FdS,Adul. / Cri.,outubro,Previsão,18-out-2027 seg,0,0,0,0,0,0,0,-,-,NaN,0,0,0,0,0,0,0,0,0,0,-,-,NaN,0,0,0,Total out,0,0,0,0,0,0,0,-,-,NaN,0,0,0,Total,9314,4277,3136,0,0,7756,1558,"13,79","1 007 964,95","74,16",3262,0,18104
Data,Ocup,Opção,Cheg,Oferta/Uso Interno,Deduz. Individ.,Deduz. Grupos,% Ocup.,Receita Quartos,Preço Médio,Saídas,Quartos FdS,Adul. / Cri.,outubro,Previsão,19-out-2027 ter,0,0,0,0,0,0,0,-,-,NaN,0,0,0,0,0,0,0,0,0,0,-,-,NaN,0,0,0,Total out,0,0,0,0,0,0,0,-,-,NaN,0,0,0,Total,9314,4277,3136,0,0,7756,1558,"13,79","1 007 964,95","74,16",3262,0,18104
Data,Ocup,Opção,Cheg,Oferta/Uso Interno,Deduz. Individ.,Deduz. Grupos,% Ocup.,Receita Quartos,Preço Médio,Saídas,Quartos FdS,Adul. / Cri.,outubro,Previsão,20-out-2027 qua,0,0,0,0,0,0,0,-,-,NaN,0,0,0,0,0,0,0,0,0,0,-,-,NaN,0,0,0,Total out,0,0,0,0,0,0,0,-,-,NaN,0,0,0,Total,9314,4277,3136,0,0,7756,1558,"13,79","1 007 964,95","74,16",3262,0,18104
Data,Ocup,Opção,Cheg,Oferta/Uso Interno,Deduz. Individ.,Deduz. Grupos,% Ocup.,Receita Quartos,Preço Médio,Saídas,Quartos FdS,Adul. / Cri.,outubro,Previsão,21-out-2027 qui,0,0,0,0,0,0,0,-,-,NaN,0,0,0,0,0,0,0,0,0,0,-,-,NaN,0,0,0,Total out,0,0,0,0,0,0,0,-,-,NaN,0,0,0,Total,9314,4277,3136,0,0,7756,1558,"13,79","1 007 964,95","74,16",3262,0,18104
Data,Ocup,Opção,Cheg,Oferta/Uso Interno,Deduz. Individ.,Deduz. Grupos,% Ocup.,Receita Quartos,Preço Médio,Saídas,Quartos FdS,Adul. / Cri.,outubro,Previsão,22-out-2027 sex,0,0,0,0,0,0,0,-,-,NaN,0,0,0,0,0,0,0,0,0,0,-,-,NaN,0,0,0,Total out,0,0,0,0,0,0,0,-,-,NaN,0,0,0,Total,9314,4277,3136,0,0,7756,1558,"13,79","1 007 964,95","74,16",3262,0,18104
Data,Ocup,Opção,Cheg,Oferta/Uso Interno,Deduz. Individ.,Deduz. Grupos,% Ocup.,Receita Quartos,Preço Médio,Saídas,Quartos FdS,Adul. / Cri.,outubro,Previsão,23-out-2027 sáb,0,0,0,0,0,0,0,-,-,NaN,0,0,0,0,0,0,0,0,0,0,-,-,NaN,0,0,0,Total out,0,0,0,0,0,0,0,-,-,NaN,0,0,0,Total,9314,4277,3136,0,0,7756,1558,"13,79","1 007 964,95","74,16",3262,0,18104
Data,Ocup,Opção,Cheg,Oferta/Uso Interno,Deduz. Individ.,Deduz. Grupos,% Ocup.,Receita Quartos,Preço Médio,Saídas,Quartos FdS,Adul. / Cri.,outubro,Previsão,24-out-2027 dom,0,0,0,0,0,0,0,-,-,NaN,0,0,0,0,0,0,0,0,0,0,-,-,NaN,0,0,0,Total out,0,0,0,0,0,0,0,-,-,NaN,0,0,0,Total,9314,4277,3136,0,0,7756,1558,"13,79","1 007 964,95","74,16",3262,0,18104
Data,Ocup,Opção,Cheg,Oferta/Uso Interno,Deduz. Individ.,Deduz. Grupos,% Ocup.,Receita Quartos,Preço Médio,Saídas,Quartos FdS,Adul. / Cri.,outubro,Previsão,25-out-2027 seg,0,0,0,0,0,0,0,-,-,NaN,0,0,0,0,0,0,0,0,0,0,-,-,NaN,0,0,0,Total out,0,0,0,0,0,0,0,-,-,NaN,0,0,0,Total,9314,4277,3136,0,0,7756,1558,"13,79","1 007 964,95","74,16",3262,0,18104
Data,Ocup,Opção,Cheg,Oferta/Uso Interno,Deduz. Individ.,Deduz. Grupos,% Ocup.,Receita Quartos,Preço Médio,Saídas,Quartos FdS,Adul. / Cri.,outubro,Previsão,26-out-2027 ter,0,0,0,0,0,0,0,-,-,NaN,0,0,0,0,0,0,0,0,0,0,-,-,NaN,0,0,0,Total out,0,0,0,0,0,0,0,-,-,NaN,0,0,0,Total,9314,4277,3136,0,0,7756,1558,"13,79","1 007 964,95","74,16",3262,0,18104
Data,Ocup,Opção,Cheg,Oferta/Uso Interno,Deduz. Individ.,Deduz. Grupos,% Ocup.,Receita Quartos,Preço Médio,Saídas,Quartos FdS,Adul. / Cri.,outubro,Previsão,27-out-2027 qua,0,0,0,0,0,0,0,-,-,NaN,0,0,0,0,0,0,0,0,0,0,-,-,NaN,0,0,0,Total out,0,0,0,0,0,0,0,-,-,NaN,0,0,0,Total,9314,4277,3136,0,0,7756,1558,"13,79","1 007 964,95","74,16",3262,0,18104
Data,Ocup,Opção,Cheg,Oferta/Uso Interno,Deduz. Individ.,Deduz. Grupos,% Ocup.,Receita Quartos,Preço Médio,Saídas,Quartos FdS,Adul. / Cri.,outubro,Previsão,28-out-2027 qui,0,0,0,0,0,0,0,-,-,NaN,0,0,0,0,0,0,0,0,0,0,-,-,NaN,0,0,0,Total out,0,0,0,0,0,0,0,-,-,NaN,0,0,0,Total,9314,4277,3136,0,0,7756,1558,"13,79","1 007 964,95","74,16",3262,0,18104
Data,Ocup,Opção,Cheg,Oferta/Uso Interno,Deduz. Individ.,Deduz. Grupos,% Ocup.,Receita Quartos,Preço Médio,Saídas,Quartos FdS,Adul. / Cri.,outubro,Previsão,29-out-2027 sex,0,0,0,0,0,0,0,-,-,NaN,0,0,0,0,0,0,0,0,0,0,-,-,NaN,0,0,0,Total out,0,0,0,0,0,0,0,-,-,NaN,0,0,0,Total,9314,4277,3136,0,0,7756,1558,"13,79","1 007 964,95","74,16",3262,0,18104
Data,Ocup,Opção,Cheg,Oferta/Uso Interno,Deduz. Individ.,Deduz. Grupos,% Ocup.,Receita Quartos,Preço Médio,Saídas,Quartos FdS,Adul. / Cri.,outubro,Previsão,30-out-2027 sáb,0,0,0,0,0,0,0,-,-,NaN,0,0,0,0,0,0,0,0,0,0,-,-,NaN,0,0,0,Total out,0,0,0,0,0,0,0,-,-,NaN,0,0,0,Total,9314,4277,3136,0,0,7756,1558,"13,79","1 007 964,95","74,16",3262,0,18104
Data,Ocup,Opção,Cheg,Oferta/Uso Interno,Deduz. Individ.,Deduz. Grupos,% Ocup.,Receita Quartos,Preço Médio,Saídas,Quartos FdS,Adul. / Cri.,outubro,Previsão,31-out-2027 dom,0,0,0,0,0,0,0,-,-,NaN,0,0,0,0,0,0,0,0,0,0,-,-,NaN,0,0,0,Total out,0,0,0,0,0,0,0,-,-,NaN,0,0,0,Total,9314,4277,3136,0,0,7756,1558,"13,79","1 007 964,95","74,16",3262,0,18104
Data,Ocup,Opção,Cheg,Oferta/Uso Interno,Deduz. Individ.,Deduz. Grupos,% Ocup.,Receita Quartos,Preço Médio,Saídas,Quartos FdS,Adul. / Cri.,novembro,Previsão,01-nov-2027 seg,0,0,0,0,0,0,0,-,-,NaN,0,0,0,0,0,0,0,0,0,0,-,-,NaN,0,0,0,Total nov,0,0,0,0,0,0,0,-,-,NaN,0,0,0,Total,9314,4277,3136,0,0,7756,1558,"13,79","1 007 964,95","74,16",3262,0,18104
Data,Ocup,Opção,Cheg,Oferta/Uso Interno,Deduz. Individ.,Deduz. Grupos,% Ocup.,Receita Quartos,Preço Médio,Saídas,Quartos FdS,Adul. / Cri.,novembro,Previsão,02-nov-2027 ter,0,0,0,0,0,0,0,-,-,NaN,0,0,0,0,0,0,0,0,0,0,-,-,NaN,0,0,0,Total nov,0,0,0,0,0,0,0,-,-,NaN,0,0,0,Total,9314,4277,3136,0,0,7756,1558,"13,79","1 007 964,95","74,16",3262,0,18104
Data,Ocup,Opção,Cheg,Oferta/Uso Interno,Deduz. Individ.,Deduz. Grupos,% Ocup.,Receita Quartos,Preço Médio,Saídas,Quartos FdS,Adul. / Cri.,novembro,Previsão,03-nov-2027 qua,0,0,0,0,0,0,0,-,-,NaN,0,0,0,0,0,0,0,0,0,0,-,-,NaN,0,0,0,Total nov,0,0,0,0,0,0,0,-,-,NaN,0,0,0,Total,9314,4277,3136,0,0,7756,1558,"13,79","1 007 964,95","74,16",3262,0,18104
Data,Ocup,Opção,Cheg,Oferta/Uso Interno,Deduz. Individ.,Deduz. Grupos,% Ocup.,Receita Quartos,Preço Médio,Saídas,Quartos FdS,Adul. / Cri.,novembro,Previsão,04-nov-2027 qui,0,0,0,0,0,0,0,-,-,NaN,0,0,0,0,0,0,0,0,0,0,-,-,NaN,0,0,0,Total nov,0,0,0,0,0,0,0,-,-,NaN,0,0,0,Total,9314,4277,3136,0,0,7756,1558,"13,79","1 007 964,95","74,16",3262,0,18104
Data,Ocup,Opção,Cheg,Oferta/Uso Interno,Deduz. Individ.,Deduz. Grupos,% Ocup.,Receita Quartos,Preço Médio,Saídas,Quartos FdS,Adul. / Cri.,novembro,Previsão,05-nov-2027 sex,0,0,0,0,0,0,0,-,-,NaN,0,0,0,0,0,0,0,0,0,0,-,-,NaN,0,0,0,Total nov,0,0,0,0,0,0,0,-,-,NaN,0,0,0,Total,9314,4277,3136,0,0,7756,1558,"13,79","1 007 964,95","74,16",3262,0,18104
Data,Ocup,Opção,Cheg,Oferta/Uso Interno,Deduz. Individ.,Deduz. Grupos,% Ocup.,Receita Quartos,Preço Médio,Saídas,Quartos FdS,Adul. / Cri.,novembro,Previsão,06-nov-2027 sáb,0,0,0,0,0,0,0,-,-,NaN,0,0,0,0,0,0,0,0,0,0,-,-,NaN,0,0,0,Total nov,0,0,0,0,0,0,0,-,-,NaN,0,0,0,Total,9314,4277,3136,0,0,7756,1558,"13,79","1 007 964,95","74,16",3262,0,18104
Data,Ocup,Opção,Cheg,Oferta/Uso Interno,Deduz. Individ.,Deduz. Grupos,% Ocup.,Receita Quartos,Preço Médio,Saídas,Quartos FdS,Adul. / Cri.,novembro,Previsão,07-nov-2027 dom,0,0,0,0,0,0,0,-,-,NaN,0,0,0,0,0,0,0,0,0,0,-,-,NaN,0,0,0,Total nov,0,0,0,0,0,0,0,-,-,NaN,0,0,0,Total,9314,4277,3136,0,0,7756,1558,"13,79","1 007 964,95","74,16",3262,0,18104
Data,Ocup,Opção,Cheg,Oferta/Uso Interno,Deduz. Individ.,Deduz. Grupos,% Ocup.,Receita Quartos,Preço Médio,Saídas,Quartos FdS,Adul. / Cri.,novembro,Previsão,08-nov-2027 seg,0,0,0,0,0,0,0,-,-,NaN,0,0,0,0,0,0,0,0,0,0,-,-,NaN,0,0,0,Total nov,0,0,0,0,0,0,0,-,-,NaN,0,0,0,Total,9314,4277,3136,0,0,7756,1558,"13,79","1 007 964,95","74,16",3262,0,18104
Data,Ocup,Opção,Cheg,Oferta/Uso Interno,Deduz. Individ.,Deduz. Grupos,% Ocup.,Receita Quartos,Preço Médio,Saídas,Quartos FdS,Adul. / Cri.,novembro,Previsão,09-nov-2027 ter,0,0,0,0,0,0,0,-,-,NaN,0,0,0,0,0,0,0,0,0,0,-,-,NaN,0,0,0,Total nov,0,0,0,0,0,0,0,-,-,NaN,0,0,0,Total,9314,4277,3136,0,0,7756,1558,"13,79","1 007 964,95","74,16",3262,0,18104
Data,Ocup,Opção,Cheg,Oferta/Uso Interno,Deduz. Individ.,Deduz. Grupos,% Ocup.,Receita Quartos,Preço Médio,Saídas,Quartos FdS,Adul. / Cri.,novembro,Previsão,10-nov-2027 qua,0,0,0,0,0,0,0,-,-,NaN,0,0,0,0,0,0,0,0,0,0,-,-,NaN,0,0,0,Total nov,0,0,0,0,0,0,0,-,-,NaN,0,0,0,Total,9314,4277,3136,0,0,7756,1558,"13,79","1 007 964,95","74,16",3262,0,18104
Data,Ocup,Opção,Cheg,Oferta/Uso Interno,Deduz. Individ.,Deduz. Grupos,% Ocup.,Receita Quartos,Preço Médio,Saídas,Quartos FdS,Adul. / Cri.,novembro,Previsão,11-nov-2027 qui,0,0,0,0,0,0,0,-,-,NaN,0,0,0,0,0,0,0,0,0,0,-,-,NaN,0,0,0,Total nov,0,0,0,0,0,0,0,-,-,NaN,0,0,0,Total,9314,4277,3136,0,0,7756,1558,"13,79","1 007 964,95","74,16",3262,0,18104
Data,Ocup,Opção,Cheg,Oferta/Uso Interno,Deduz. Individ.,Deduz. Grupos,% Ocup.,Receita Quartos,Preço Médio,Saídas,Quartos FdS,Adul. / Cri.,novembro,Previsão,12-nov-2027 sex,0,0,0,0,0,0,0,-,-,NaN,0,0,0,0,0,0,0,0,0,0,-,-,NaN,0,0,0,Total nov,0,0,0,0,0,0,0,-,-,NaN,0,0,0,Total,9314,4277,3136,0,0,7756,1558,"13,79","1 007 964,95","74,16",3262,0,18104
Data,Ocup,Opção,Cheg,Oferta/Uso Interno,Deduz. Individ.,Deduz. Grupos,% Ocup.,Receita Quartos,Preço Médio,Saídas,Quartos FdS,Adul. / Cri.,novembro,Previsão,13-nov-2027 sáb,0,0,0,0,0,0,0,-,-,NaN,0,0,0,0,0,0,0,0,0,0,-,-,NaN,0,0,0,Total nov,0,0,0,0,0,0,0,-,-,NaN,0,0,0,Total,9314,4277,3136,0,0,7756,1558,"13,79","1 007 964,95","74,16",3262,0,18104
Data,Ocup,Opção,Cheg,Oferta/Uso Interno,Deduz. Individ.,Deduz. Grupos,% Ocup.,Receita Quartos,Preço Médio,Saídas,Quartos FdS,Adul. / Cri.,novembro,Previsão,14-nov-2027 dom,0,0,0,0,0,0,0,-,-,NaN,0,0,0,0,0,0,0,0,0,0,-,-,NaN,0,0,0,Total nov,0,0,0,0,0,0,0,-,-,NaN,0,0,0,Total,9314,4277,3136,0,0,7756,1558,"13,79","1 007 964,95","74,16",3262,0,18104
Data,Ocup,Opção,Cheg,Oferta/Uso Interno,Deduz. Individ.,Deduz. Grupos,% Ocup.,Receita Quartos,Preço Médio,Saídas,Quartos FdS,Adul. / Cri.,novembro,Previsão,15-nov-2027 seg,0,0,0,0,0,0,0,-,-,NaN,0,0,0,0,0,0,0,0,0,0,-,-,NaN,0,0,0,Total nov,0,0,0,0,0,0,0,-,-,NaN,0,0,0,Total,9314,4277,3136,0,0,7756,1558,"13,79","1 007 964,95","74,16",3262,0,18104
Data,Ocup,Opção,Cheg,Oferta/Uso Interno,Deduz. Individ.,Deduz. Grupos,% Ocup.,Receita Quartos,Preço Médio,Saídas,Quartos FdS,Adul. / Cri.,novembro,Previsão,16-nov-2027 ter,0,0,0,0,0,0,0,-,-,NaN,0,0,0,0,0,0,0,0,0,0,-,-,NaN,0,0,0,Total nov,0,0,0,0,0,0,0,-,-,NaN,0,0,0,Total,9314,4277,3136,0,0,7756,1558,"13,79","1 007 964,95","74,16",3262,0,18104
Data,Ocup,Opção,Cheg,Oferta/Uso Interno,Deduz. Individ.,Deduz. Grupos,% Ocup.,Receita Quartos,Preço Médio,Saídas,Quartos FdS,Adul. / Cri.,novembro,Previsão,17-nov-2027 qua,0,0,0,0,0,0,0,-,-,NaN,0,0,0,0,0,0,0,0,0,0,-,-,NaN,0,0,0,Total nov,0,0,0,0,0,0,0,-,-,NaN,0,0,0,Total,9314,4277,3136,0,0,7756,1558,"13,79","1 007 964,95","74,16",3262,0,18104
Data,Ocup,Opção,Cheg,Oferta/Uso Interno,Deduz. Individ.,Deduz. Grupos,% Ocup.,Receita Quartos,Preço Médio,Saídas,Quartos FdS,Adul. / Cri.,novembro,Previsão,18-nov-2027 qui,0,0,0,0,0,0,0,-,-,NaN,0,0,0,0,0,0,0,0,0,0,-,-,NaN,0,0,0,Total nov,0,0,0,0,0,0,0,-,-,NaN,0,0,0,Total,9314,4277,3136,0,0,7756,1558,"13,79","1 007 964,95","74,16",3262,0,18104
Data,Ocup,Opção,Cheg,Oferta/Uso Interno,Deduz. Individ.,Deduz. Grupos,% Ocup.,Receita Quartos,Preço Médio,Saídas,Quartos FdS,Adul. / Cri.,novembro,Previsão,19-nov-2027 sex,0,0,0,0,0,0,0,-,-,NaN,0,0,0,0,0,0,0,0,0,0,-,-,NaN,0,0,0,Total nov,0,0,0,0,0,0,0,-,-,NaN,0,0,0,Total,9314,4277,3136,0,0,7756,1558,"13,79","1 007 964,95","74,16",3262,0,18104
Data,Ocup,Opção,Cheg,Oferta/Uso Interno,Deduz. Individ.,Deduz. Grupos,% Ocup.,Receita Quartos,Preço Médio,Saídas,Quartos FdS,Adul. / Cri.,novembro,Previsão,20-nov-2027 sáb,0,0,0,0,0,0,0,-,-,NaN,0,0,0,0,0,0,0,0,0,0,-,-,NaN,0,0,0,Total nov,0,0,0,0,0,0,0,-,-,NaN,0,0,0,Total,9314,4277,3136,0,0,7756,1558,"13,79","1 007 964,95","74,16",3262,0,18104
Data,Ocup,Opção,Cheg,Oferta/Uso Interno,Deduz. Individ.,Deduz. Grupos,% Ocup.,Receita Quartos,Preço Médio,Saídas,Quartos FdS,Adul. / Cri.,novembro,Previsão,21-nov-2027 dom,0,0,0,0,0,0,0,-,-,NaN,0,0,0,0,0,0,0,0,0,0,-,-,NaN,0,0,0,Total nov,0,0,0,0,0,0,0,-,-,NaN,0,0,0,Total,9314,4277,3136,0,0,7756,1558,"13,79","1 007 964,95","74,16",3262,0,18104
Data,Ocup,Opção,Cheg,Oferta/Uso Interno,Deduz. Individ.,Deduz. Grupos,% Ocup.,Receita Quartos,Preço Médio,Saídas,Quartos FdS,Adul. / Cri.,novembro,Previsão,22-nov-2027 seg,0,0,0,0,0,0,0,-,-,NaN,0,0,0,0,0,0,0,0,0,0,-,-,NaN,0,0,0,Total nov,0,0,0,0,0,0,0,-,-,NaN,0,0,0,Total,9314,4277,3136,0,0,7756,1558,"13,79","1 007 964,95","74,16",3262,0,18104
Data,Ocup,Opção,Cheg,Oferta/Uso Interno,Deduz. Individ.,Deduz. Grupos,% Ocup.,Receita Quartos,Preço Médio,Saídas,Quartos FdS,Adul. / Cri.,novembro,Previsão,23-nov-2027 ter,0,0,0,0,0,0,0,-,-,NaN,0,0,0,0,0,0,0,0,0,0,-,-,NaN,0,0,0,Total nov,0,0,0,0,0,0,0,-,-,NaN,0,0,0,Total,9314,4277,3136,0,0,7756,1558,"13,79","1 007 964,95","74,16",3262,0,18104
Data,Ocup,Opção,Cheg,Oferta/Uso Interno,Deduz. Individ.,Deduz. Grupos,% Ocup.,Receita Quartos,Preço Médio,Saídas,Quartos FdS,Adul. / Cri.,novembro,Previsão,24-nov-2027 qua,0,0,0,0,0,0,0,-,-,NaN,0,0,0,0,0,0,0,0,0,0,-,-,NaN,0,0,0,Total nov,0,0,0,0,0,0,0,-,-,NaN,0,0,0,Total,9314,4277,3136,0,0,7756,1558,"13,79","1 007 964,95","74,16",3262,0,18104
Data,Ocup,Opção,Cheg,Oferta/Uso Interno,Deduz. Individ.,Deduz. Grupos,% Ocup.,Receita Quartos,Preço Médio,Saídas,Quartos FdS,Adul. / Cri.,novembro,Previsão,25-nov-2027 qui,0,0,0,0,0,0,0,-,-,NaN,0,0,0,0,0,0,0,0,0,0,-,-,NaN,0,0,0,Total nov,0,0,0,0,0,0,0,-,-,NaN,0,0,0,Total,9314,4277,3136,0,0,7756,1558,"13,79","1 007 964,95","74,16",3262,0,18104
Data,Ocup,Opção,Cheg,Oferta/Uso Interno,Deduz. Individ.,Deduz. Grupos,% Ocup.,Receita Quartos,Preço Médio,Saídas,Quartos FdS,Adul. / Cri.,novembro,Previsão,26-nov-2027 sex,0,0,0,0,0,0,0,-,-,NaN,0,0,0,0,0,0,0,0,0,0,-,-,NaN,0,0,0,Total nov,0,0,0,0,0,0,0,-,-,NaN,0,0,0,Total,9314,4277,3136,0,0,7756,1558,"13,79","1 007 964,95","74,16",3262,0,18104
Data,Ocup,Opção,Cheg,Oferta/Uso Interno,Deduz. Individ.,Deduz. Grupos,% Ocup.,Receita Quartos,Preço Médio,Saídas,Quartos FdS,Adul. / Cri.,novembro,Previsão,27-nov-2027 sáb,0,0,0,0,0,0,0,-,-,NaN,0,0,0,0,0,0,0,0,0,0,-,-,NaN,0,0,0,Total nov,0,0,0,0,0,0,0,-,-,NaN,0,0,0,Total,9314,4277,3136,0,0,7756,1558,"13,79","1 007 964,95","74,16",3262,0,18104
Data,Ocup,Opção,Cheg,Oferta/Uso Interno,Deduz. Individ.,Deduz. Grupos,% Ocup.,Receita Quartos,Preço Médio,Saídas,Quartos FdS,Adul. / Cri.,novembro,Previsão,28-nov-2027 dom,0,0,0,0,0,0,0,-,-,NaN,0,0,0,0,0,0,0,0,0,0,-,-,NaN,0,0,0,Total nov,0,0,0,0,0,0,0,-,-,NaN,0,0,0,Total,9314,4277,3136,0,0,7756,1558,"13,79","1 007 964,95","74,16",3262,0,18104
Data,Ocup,Opção,Cheg,Oferta/Uso Interno,Deduz. Individ.,Deduz. Grupos,% Ocup.,Receita Quartos,Preço Médio,Saídas,Quartos FdS,Adul. / Cri.,novembro,Previsão,29-nov-2027 seg,0,0,0,0,0,0,0,-,-,NaN,0,0,0,0,0,0,0,0,0,0,-,-,NaN,0,0,0,Total nov,0,0,0,0,0,0,0,-,-,NaN,0,0,0,Total,9314,4277,3136,0,0,7756,1558,"13,79","1 007 964,95","74,16",3262,0,18104
Data,Ocup,Opção,Cheg,Oferta/Uso Interno,Deduz. Individ.,Deduz. Grupos,% Ocup.,Receita Quartos,Preço Médio,Saídas,Quartos FdS,Adul. / Cri.,novembro,Previsão,30-nov-2027 ter,0,0,0,0,0,0,0,-,-,NaN,0,0,0,0,0,0,0,0,0,0,-,-,NaN,0,0,0,Total nov,0,0,0,0,0,0,0,-,-,NaN,0,0,0,Total,9314,4277,3136,0,0,7756,1558,"13,79","1 007 964,95","74,16",3262,0,18104
Data,Ocup,Opção,Cheg,Oferta/Uso Interno,Deduz. Individ.,Deduz. Grupos,% Ocup.,Receita Quartos,Preço Médio,Saídas,Quartos FdS,Adul. / Cri.,dezembro,Previsão,01-dez-2027 qua,0,0,0,0,0,0,0,-,-,NaN,0,0,0,0,0,0,0,0,0,0,-,-,NaN,0,0,0,Total dez,0,0,0,0,0,0,0,-,-,NaN,0,0,0,Total,9314,4277,3136,0,0,7756,1558,"13,79","1 007 964,95","74,16",3262,0,18104
Data,Ocup,Opção,Cheg,Oferta/Uso Interno,Deduz. Individ.,Deduz. Grupos,% Ocup.,Receita Quartos,Preço Médio,Saídas,Quartos FdS,Adul. / Cri.,dezembro,Previsão,02-dez-2027 qui,0,0,0,0,0,0,0,-,-,NaN,0,0,0,0,0,0,0,0,0,0,-,-,NaN,0,0,0,Total dez,0,0,0,0,0,0,0,-,-,NaN,0,0,0,Total,9314,4277,3136,0,0,7756,1558,"13,79","1 007 964,95","74,16",3262,0,18104
Data,Ocup,Opção,Cheg,Oferta/Uso Interno,Deduz. Individ.,Deduz. Grupos,% Ocup.,Receita Quartos,Preço Médio,Saídas,Quartos FdS,Adul. / Cri.,dezembro,Previsão,03-dez-2027 sex,0,0,0,0,0,0,0,-,-,NaN,0,0,0,0,0,0,0,0,0,0,-,-,NaN,0,0,0,Total dez,0,0,0,0,0,0,0,-,-,NaN,0,0,0,Total,9314,4277,3136,0,0,7756,1558,"13,79","1 007 964,95","74,16",3262,0,18104
Data,Ocup,Opção,Cheg,Oferta/Uso Interno,Deduz. Individ.,Deduz. Grupos,% Ocup.,Receita Quartos,Preço Médio,Saídas,Quartos FdS,Adul. / Cri.,dezembro,Previsão,04-dez-2027 sáb,0,0,0,0,0,0,0,-,-,NaN,0,0,0,0,0,0,0,0,0,0,-,-,NaN,0,0,0,Total dez,0,0,0,0,0,0,0,-,-,NaN,0,0,0,Total,9314,4277,3136,0,0,7756,1558,"13,79","1 007 964,95","74,16",3262,0,18104
Data,Ocup,Opção,Cheg,Oferta/Uso Interno,Deduz. Individ.,Deduz. Grupos,% Ocup.,Receita Quartos,Preço Médio,Saídas,Quartos FdS,Adul. / Cri.,dezembro,Previsão,05-dez-2027 dom,0,0,0,0,0,0,0,-,-,NaN,0,0,0,0,0,0,0,0,0,0,-,-,NaN,0,0,0,Total dez,0,0,0,0,0,0,0,-,-,NaN,0,0,0,Total,9314,4277,3136,0,0,7756,1558,"13,79","1 007 964,95","74,16",3262,0,18104
Data,Ocup,Opção,Cheg,Oferta/Uso Interno,Deduz. Individ.,Deduz. Grupos,% Ocup.,Receita Quartos,Preço Médio,Saídas,Quartos FdS,Adul. / Cri.,dezembro,Previsão,06-dez-2027 seg,0,0,0,0,0,0,0,-,-,NaN,0,0,0,0,0,0,0,0,0,0,-,-,NaN,0,0,0,Total dez,0,0,0,0,0,0,0,-,-,NaN,0,0,0,Total,9314,4277,3136,0,0,7756,1558,"13,79","1 007 964,95","74,16",3262,0,18104
Data,Ocup,Opção,Cheg,Oferta/Uso Interno,Deduz. Individ.,Deduz. Grupos,% Ocup.,Receita Quartos,Preço Médio,Saídas,Quartos FdS,Adul. / Cri.,dezembro,Previsão,07-dez-2027 ter,0,0,0,0,0,0,0,-,-,NaN,0,0,0,0,0,0,0,0,0,0,-,-,NaN,0,0,0,Total dez,0,0,0,0,0,0,0,-,-,NaN,0,0,0,Total,9314,4277,3136,0,0,7756,1558,"13,79","1 007 964,95","74,16",3262,0,18104
Data,Ocup,Opção,Cheg,Oferta/Uso Interno,Deduz. Individ.,Deduz. Grupos,% Ocup.,Receita Quartos,Preço Médio,Saídas,Quartos FdS,Adul. / Cri.,dezembro,Previsão,08-dez-2027 qua,0,0,0,0,0,0,0,-,-,NaN,0,0,0,0,0,0,0,0,0,0,-,-,NaN,0,0,0,Total dez,0,0,0,0,0,0,0,-,-,NaN,0,0,0,Total,9314,4277,3136,0,0,7756,1558,"13,79","1 007 964,95","74,16",3262,0,18104
Data,Ocup,Opção,Cheg,Oferta/Uso Interno,Deduz. Individ.,Deduz. Grupos,% Ocup.,Receita Quartos,Preço Médio,Saídas,Quartos FdS,Adul. / Cri.,dezembro,Previsão,09-dez-2027 qui,0,0,0,0,0,0,0,-,-,NaN,0,0,0,0,0,0,0,0,0,0,-,-,NaN,0,0,0,Total dez,0,0,0,0,0,0,0,-,-,NaN,0,0,0,Total,9314,4277,3136,0,0,7756,1558,"13,79","1 007 964,95","74,16",3262,0,18104
Data,Ocup,Opção,Cheg,Oferta/Uso Interno,Deduz. Individ.,Deduz. Grupos,% Ocup.,Receita Quartos,Preço Médio,Saídas,Quartos FdS,Adul. / Cri.,dezembro,Previsão,10-dez-2027 sex,0,0,0,0,0,0,0,-,-,NaN,0,0,0,0,0,0,0,0,0,0,-,-,NaN,0,0,0,Total dez,0,0,0,0,0,0,0,-,-,NaN,0,0,0,Total,9314,4277,3136,0,0,7756,1558,"13,79","1 007 964,95","74,16",3262,0,18104
Data,Ocup,Opção,Cheg,Oferta/Uso Interno,Deduz. Individ.,Deduz. Grupos,% Ocup.,Receita Quartos,Preço Médio,Saídas,Quartos FdS,Adul. / Cri.,dezembro,Previsão,11-dez-2027 sáb,0,0,0,0,0,0,0,-,-,NaN,0,0,0,0,0,0,0,0,0,0,-,-,NaN,0,0,0,Total dez,0,0,0,0,0,0,0,-,-,NaN,0,0,0,Total,9314,4277,3136,0,0,7756,1558,"13,79","1 007 964,95","74,16",3262,0,18104
Data,Ocup,Opção,Cheg,Oferta/Uso Interno,Deduz. Individ.,Deduz. Grupos,% Ocup.,Receita Quartos,Preço Médio,Saídas,Quartos FdS,Adul. / Cri.,dezembro,Previsão,12-dez-2027 dom,0,0,0,0,0,0,0,-,-,NaN,0,0,0,0,0,0,0,0,0,0,-,-,NaN,0,0,0,Total dez,0,0,0,0,0,0,0,-,-,NaN,0,0,0,Total,9314,4277,3136,0,0,7756,1558,"13,79","1 007 964,95","74,16",3262,0,18104
Data,Ocup,Opção,Cheg,Oferta/Uso Interno,Deduz. Individ.,Deduz. Grupos,% Ocup.,Receita Quartos,Preço Médio,Saídas,Quartos FdS,Adul. / Cri.,dezembro,Previsão,13-dez-2027 seg,0,0,0,0,0,0,0,-,-,NaN,0,0,0,0,0,0,0,0,0,0,-,-,NaN,0,0,0,Total dez,0,0,0,0,0,0,0,-,-,NaN,0,0,0,Total,9314,4277,3136,0,0,7756,1558,"13,79","1 007 964,95","74,16",3262,0,18104
Data,Ocup,Opção,Cheg,Oferta/Uso Interno,Deduz. Individ.,Deduz. Grupos,% Ocup.,Receita Quartos,Preço Médio,Saídas,Quartos FdS,Adul. / Cri.,dezembro,Previsão,14-dez-2027 ter,0,0,0,0,0,0,0,-,-,NaN,0,0,0,0,0,0,0,0,0,0,-,-,NaN,0,0,0,Total dez,0,0,0,0,0,0,0,-,-,NaN,0,0,0,Total,9314,4277,3136,0,0,7756,1558,"13,79","1 007 964,95","74,16",3262,0,18104
Data,Ocup,Opção,Cheg,Oferta/Uso Interno,Deduz. Individ.,Deduz. Grupos,% Ocup.,Receita Quartos,Preço Médio,Saídas,Quartos FdS,Adul. / Cri.,dezembro,Previsão,15-dez-2027 qua,0,0,0,0,0,0,0,-,-,NaN,0,0,0,0,0,0,0,0,0,0,-,-,NaN,0,0,0,Total dez,0,0,0,0,0,0,0,-,-,NaN,0,0,0,Total,9314,4277,3136,0,0,7756,1558,"13,79","1 007 964,95","74,16",3262,0,18104
Data,Ocup,Opção,Cheg,Oferta/Uso Interno,Deduz. Individ.,Deduz. Grupos,% Ocup.,Receita Quartos,Preço Médio,Saídas,Quartos FdS,Adul. / Cri.,dezembro,Previsão,16-dez-2027 qui,0,0,0,0,0,0,0,-,-,NaN,0,0,0,0,0,0,0,0,0,0,-,-,NaN,0,0,0,Total dez,0,0,0,0,0,0,0,-,-,NaN,0,0,0,Total,9314,4277,3136,0,0,7756,1558,"13,79","1 007 964,95","74,16",3262,0,18104
Data,Ocup,Opção,Cheg,Oferta/Uso Interno,Deduz. Individ.,Deduz. Grupos,% Ocup.,Receita Quartos,Preço Médio,Saídas,Quartos FdS,Adul. / Cri.,dezembro,Previsão,17-dez-2027 sex,0,0,0,0,0,0,0,-,-,NaN,0,0,0,0,0,0,0,0,0,0,-,-,NaN,0,0,0,Total dez,0,0,0,0,0,0,0,-,-,NaN,0,0,0,Total,9314,4277,3136,0,0,7756,1558,"13,79","1 007 964,95","74,16",3262,0,18104
Data,Ocup,Opção,Cheg,Oferta/Uso Interno,Deduz. Individ.,Deduz. Grupos,% Ocup.,Receita Quartos,Preço Médio,Saídas,Quartos FdS,Adul. / Cri.,dezembro,Previsão,18-dez-2027 sáb,0,0,0,0,0,0,0,-,-,NaN,0,0,0,0,0,0,0,0,0,0,-,-,NaN,0,0,0,Total dez,0,0,0,0,0,0,0,-,-,NaN,0,0,0,Total,9314,4277,3136,0,0,7756,1558,"13,79","1 007 964,95","74,16",3262,0,18104
Data,Ocup,Opção,Cheg,Oferta/Uso Interno,Deduz. Individ.,Deduz. Grupos,% Ocup.,Receita Quartos,Preço Médio,Saídas,Quartos FdS,Adul. / Cri.,dezembro,Previsão,19-dez-2027 dom,0,0,0,0,0,0,0,-,-,NaN,0,0,0,0,0,0,0,0,0,0,-,-,NaN,0,0,0,Total dez,0,0,0,0,0,0,0,-,-,NaN,0,0,0,Total,9314,4277,3136,0,0,7756,1558,"13,79","1 007 964,95","74,16",3262,0,18104
Data,Ocup,Opção,Cheg,Oferta/Uso Interno,Deduz. Individ.,Deduz. Grupos,% Ocup.,Receita Quartos,Preço Médio,Saídas,Quartos FdS,Adul. / Cri.,dezembro,Previsão,20-dez-2027 seg,0,0,0,0,0,0,0,-,-,NaN,0,0,0,0,0,0,0,0,0,0,-,-,NaN,0,0,0,Total dez,0,0,0,0,0,0,0,-,-,NaN,0,0,0,Total,9314,4277,3136,0,0,7756,1558,"13,79","1 007 964,95","74,16",3262,0,18104
Data,Ocup,Opção,Cheg,Oferta/Uso Interno,Deduz. Individ.,Deduz. Grupos,% Ocup.,Receita Quartos,Preço Médio,Saídas,Quartos FdS,Adul. / Cri.,dezembro,Previsão,21-dez-2027 ter,0,0,0,0,0,0,0,-,-,NaN,0,0,0,0,0,0,0,0,0,0,-,-,NaN,0,0,0,Total dez,0,0,0,0,0,0,0,-,-,NaN,0,0,0,Total,9314,4277,3136,0,0,7756,1558,"13,79","1 007 964,95","74,16",3262,0,18104
Data,Ocup,Opção,Cheg,Oferta/Uso Interno,Deduz. Individ.,Deduz. Grupos,% Ocup.,Receita Quartos,Preço Médio,Saídas,Quartos FdS,Adul. / Cri.,dezembro,Previsão,22-dez-2027 qua,0,0,0,0,0,0,0,-,-,NaN,0,0,0,0,0,0,0,0,0,0,-,-,NaN,0,0,0,Total dez,0,0,0,0,0,0,0,-,-,NaN,0,0,0,Total,9314,4277,3136,0,0,7756,1558,"13,79","1 007 964,95","74,16",3262,0,18104
Data,Ocup,Opção,Cheg,Oferta/Uso Interno,Deduz. Individ.,Deduz. Grupos,% Ocup.,Receita Quartos,Preço Médio,Saídas,Quartos FdS,Adul. / Cri.,dezembro,Previsão,23-dez-2027 qui,0,0,0,0,0,0,0,-,-,NaN,0,0,0,0,0,0,0,0,0,0,-,-,NaN,0,0,0,Total dez,0,0,0,0,0,0,0,-,-,NaN,0,0,0,Total,9314,4277,3136,0,0,7756,1558,"13,79","1 007 964,95","74,16",3262,0,18104
Data,Ocup,Opção,Cheg,Oferta/Uso Interno,Deduz. Individ.,Deduz. Grupos,% Ocup.,Receita Quartos,Preço Médio,Saídas,Quartos FdS,Adul. / Cri.,dezembro,Previsão,24-dez-2027 sex,0,0,0,0,0,0,0,-,-,NaN,0,0,0,0,0,0,0,0,0,0,-,-,NaN,0,0,0,Total dez,0,0,0,0,0,0,0,-,-,NaN,0,0,0,Total,9314,4277,3136,0,0,7756,1558,"13,79","1 007 964,95","74,16",3262,0,18104
Data,Ocup,Opção,Cheg,Oferta/Uso Interno,Deduz. Individ.,Deduz. Grupos,% Ocup.,Receita Quartos,Preço Médio,Saídas,Quartos FdS,Adul. / Cri.,dezembro,Previsão,25-dez-2027 sáb,0,0,0,0,0,0,0,-,-,NaN,0,0,0,0,0,0,0,0,0,0,-,-,NaN,0,0,0,Total dez,0,0,0,0,0,0,0,-,-,NaN,0,0,0,Total,9314,4277,3136,0,0,7756,1558,"13,79","1 007 964,95","74,16",3262,0,18104
Data,Ocup,Opção,Cheg,Oferta/Uso Interno,Deduz. Individ.,Deduz. Grupos,% Ocup.,Receita Quartos,Preço Médio,Saídas,Quartos FdS,Adul. / Cri.,dezembro,Previsão,26-dez-2027 dom,0,0,0,0,0,0,0,-,-,NaN,0,0,0,0,0,0,0,0,0,0,-,-,NaN,0,0,0,Total dez,0,0,0,0,0,0,0,-,-,NaN,0,0,0,Total,9314,4277,3136,0,0,7756,1558,"13,79","1 007 964,95","74,16",3262,0,18104
Data,Ocup,Opção,Cheg,Oferta/Uso Interno,Deduz. Individ.,Deduz. Grupos,% Ocup.,Receita Quartos,Preço Médio,Saídas,Quartos FdS,Adul. / Cri.,dezembro,Previsão,27-dez-2027 seg,0,0,0,0,0,0,0,-,-,NaN,0,0,0,0,0,0,0,0,0,0,-,-,NaN,0,0,0,Total dez,0,0,0,0,0,0,0,-,-,NaN,0,0,0,Total,9314,4277,3136,0,0,7756,1558,"13,79","1 007 964,95","74,16",3262,0,18104
Data,Ocup,Opção,Cheg,Oferta/Uso Interno,Deduz. Individ.,Deduz. Grupos,% Ocup.,Receita Quartos,Preço Médio,Saídas,Quartos FdS,Adul. / Cri.,dezembro,Previsão,28-dez-2027 ter,0,0,0,0,0,0,0,-,-,NaN,0,0,0,0,0,0,0,0,0,0,-,-,NaN,0,0,0,Total dez,0,0,0,0,0,0,0,-,-,NaN,0,0,0,Total,9314,4277,3136,0,0,7756,1558,"13,79","1 007 964,95","74,16",3262,0,18104
Data,Ocup,Opção,Cheg,Oferta/Uso Interno,Deduz. Individ.,Deduz. Grupos,% Ocup.,Receita Quartos,Preço Médio,Saídas,Quartos FdS,Adul. / Cri.,dezembro,Previsão,29-dez-2027 qua,0,0,0,0,0,0,0,-,-,NaN,0,0,0,0,0,0,0,0,0,0,-,-,NaN,0,0,0,Total dez,0,0,0,0,0,0,0,-,-,NaN,0,0,0,Total,9314,4277,3136,0,0,7756,1558,"13,79","1 007 964,95","74,16",3262,0,18104
Data,Ocup,Opção,Cheg,Oferta/Uso Interno,Deduz. Individ.,Deduz. Grupos,% Ocup.,Receita Quartos,Preço Médio,Saídas,Quartos FdS,Adul. / Cri.,dezembro,Previsão,30-dez-2027 qui,0,0,0,0,0,0,0,-,-,NaN,0,0,0,0,0,0,0,0,0,0,-,-,NaN,0,0,0,Total dez,0,0,0,0,0,0,0,-,-,NaN,0,0,0,Total,9314,4277,3136,0,0,7756,1558,"13,79","1 007 964,95","74,16",3262,0,18104
Data,Ocup,Opção,Cheg,Oferta/Uso Interno,Deduz. Individ.,Deduz. Grupos,% Ocup.,Receita Quartos,Preço Médio,Saídas,Quartos FdS,Adul. / Cri.,dezembro,Previsão,31-dez-2027 sex,0,0,0,0,0,0,0,-,-,NaN,0,0,0,0,0,0,0,0,0,0,-,-,NaN,0,0,0,Total dez,0,0,0,0,0,0,0,-,-,NaN,0,0,0,Total,9314,4277,3136,0,0,7756,1558,"13,79","1 007 964,95","74,16",3262,0,18104

