Textbox53,Textbox55,Textbox3,Textbox57,Textbox59,Textbox63,Textbox65,Textbox67,Textbox69,Textbox77,Textbox73,Textbox75,Textbox79,Textbox23,Textbox100,hoteldate,Occ,xoption,Arr,Comp,House,Indiv,Group,Occ_perct,RoomRev,Avg,Dep,OOO,Ad_Ch,Textbox86,Textbox6,Textbox87,Textbox88,Textbox89,Textbox90,Textbox91,Textbox92,Textbox93,Textbox94,Textbox95,Textbox96,Textbox97,Textbox9,Textbox127,Textbox7,Textbox128,Textbox129,Textbox130,Textbox131,Textbox132,Textbox133,Textbox134,Textbox135,Textbox136,Textbox137,Textbox138,Textbox113,Textbox99,xoption1,Textbox139,Textbox140,Textbox141,Textbox142,Textbox143,Textbox144,Textbox145,Textbox146,Textbox147,Textbox148,Textbox149
Data,Ocup,Opção,Cheg,Oferta/Uso Interno,Deduz. Individ.,Deduz. Grupos,% Ocup.,Receita Quartos,Preço Médio,Saídas,Quartos FdS,Adul. / Cri.,janeiro,Histórico,01-jan-2025 qua,133,0,55,0,0,122,11,"98,52","16 530,15","124,29",57,0,250,2762,0,1012,0,5,2501,261,"66,00","252 681,65","91,49",1040,0,4978,Total jan,2762,0,1012,0,5,2501,261,"66,00","252 681,65","91,49",1040,0,4978,Total,43980,4727,15665,0,64,37444,6536,"49,43","6 002 128,28","123,23",15800,130,80345
Data,Ocup,Opção,Cheg,Oferta/Uso Interno,Deduz. Individ.,Deduz. Grupos,% Ocup.,Receita Quartos,Preço Médio,Saídas,Quartos FdS,Adul. / Cri.,janeiro,Histórico,02-jan-2025 qui,117,0,27,0,0,106,11,"86,67","13 204,43","112,86",43,0,219,2762,0,1012,0,5,2501,261,"66,00","252 681,65","91,49",1040,0,4978,Total jan,2762,0,1012,0,5,2501,261,"66,00","252 681,65","91,49",1040,0,4978,Total,43980,4727,15665,0,64,37444,6536,"49,43","6 002 128,28","123,23",15800,130,80345
Data,Ocup,Opção,Cheg,Oferta/Uso Interno,Deduz. Individ.,Deduz. Grupos,% Ocup.,Receita Quartos,Preço Médio,Saídas,Quartos FdS,Adul. / Cri.,janeiro,Histórico,03-jan-2025 sex,119,0,41,0,0,112,7,"88,15","12 141,25","102,03",39,0,227,2762,0,1012,0,5,2501,261,"66,00","252 681,65","91,49",1040,0,4978,Total jan,2762,0,1012,0,5,2501,261,"66,00","252 681,65","91,49",1040,0,4978,Total,43980,4727,15665,0,64,37444,6536,"49,43","6 002 128,28","123,23",15800,130,80345
Data,Ocup,Opção,Cheg,Oferta/Uso Interno,Deduz. Individ.,Deduz. Grupos,% Ocup.,Receita Quartos,Preço Médio,Saídas,Quartos FdS,Adul. / Cri.,janeiro,Histórico,04-jan-2025 sáb,103,0,19,0,0,96,7,"76,30","9 716,09","94,33",35,0,192,2762,0,1012,0,5,2501,261,"66,00","252 681,65","91,49",1040,0,4978,Total jan,2762,0,1012,0,5,2501,261,"66,00","252 681,65","91,49",1040,0,4978,Total,43980,4727,15665,0,64,37444,6536,"49,43","6 002 128,28","123,23",15800,130,80345
Data,Ocup,Opção,Cheg,Oferta/Uso Interno,Deduz. Individ.,Deduz. Grupos,% Ocup.,Receita Quartos,Preço Médio,Saídas,Quartos FdS,Adul. / Cri.,janeiro,Histórico,05-jan-2025 dom,91,0,37,0,0,84,7,"67,41","7 845,61","86,22",49,0,167,2762,0,1012,0,5,2501,261,"66,00","252 681,65","91,49",1040,0,4978,Total jan,2762,0,1012,0,5,2501,261,"66,00","252 681,65","91,49",1040,0,4978,Total,43980,4727,15665,0,64,37444,6536,"49,43","6 002 128,28","123,23",15800,130,80345
Data,Ocup,Opção,Cheg,Oferta/Uso Interno,Deduz. Individ.,Deduz. Grupos,% Ocup.,Receita Quartos,Preço Médio,Saídas,Quartos FdS,Adul. / Cri.,janeiro,Histórico,06-jan-2025 seg,69,0,18,0,0,69,0,"51,11","5 667,90","82,14",40,0,129,2762,0,1012,0,5,2501,261,"66,00","252 681,65","91,49",1040,0,4978,Total jan,2762,0,1012,0,5,2501,261,"66,00","252 681,65","91,49",1040,0,4978,Total,43980,4727,15665,0,64,37444,6536,"49,43","6 002 128,28","123,23",15800,130,80345
Data,Ocup,Opção,Cheg,Oferta/Uso Interno,Deduz. Individ.,Deduz. Grupos,% Ocup.,Receita Quartos,Preço Médio,Saídas,Quartos FdS,Adul. / Cri.,janeiro,Histórico,07-jan-2025 ter,71,0,15,0,0,71,0,"52,59","5 906,89","83,20",13,0,134,2762,0,1012,0,5,2501,261,"66,00","252 681,65","91,49",1040,0,4978,Total jan,2762,0,1012,0,5,2501,261,"66,00","252 681,65","91,49",1040,0,4978,Total,43980,4727,15665,0,64,37444,6536,"49,43","6 002 128,28","123,23",15800,130,80345
Data,Ocup,Opção,Cheg,Oferta/Uso Interno,Deduz. Individ.,Deduz. Grupos,% Ocup.,Receita Quartos,Preço Médio,Saídas,Quartos FdS,Adul. / Cri.,janeiro,Histórico,08-jan-2025 qua,79,0,34,0,0,79,0,"58,52","6 630,34","83,93",26,0,146,2762,0,1012,0,5,2501,261,"66,00","252 681,65","91,49",1040,0,4978,Total jan,2762,0,1012,0,5,2501,261,"66,00","252 681,65","91,49",1040,0,4978,Total,43980,4727,15665,0,64,37444,6536,"49,43","6 002 128,28","123,23",15800,130,80345
Data,Ocup,Opção,Cheg,Oferta/Uso Interno,Deduz. Individ.,Deduz. Grupos,% Ocup.,Receita Quartos,Preço Médio,Saídas,Quartos FdS,Adul. / Cri.,janeiro,Histórico,09-jan-2025 qui,84,0,25,0,0,84,0,"62,22","6 821,83","81,21",20,0,160,2762,0,1012,0,5,2501,261,"66,00","252 681,65","91,49",1040,0,4978,Total jan,2762,0,1012,0,5,2501,261,"66,00","252 681,65","91,49",1040,0,4978,Total,43980,4727,15665,0,64,37444,6536,"49,43","6 002 128,28","123,23",15800,130,80345
Data,Ocup,Opção,Cheg,Oferta/Uso Interno,Deduz. Individ.,Deduz. Grupos,% Ocup.,Receita Quartos,Preço Médio,Saídas,Quartos FdS,Adul. / Cri.,janeiro,Histórico,10-jan-2025 sex,75,0,24,0,0,75,0,"55,56","7 906,57","105,42",33,0,141,2762,0,1012,0,5,2501,261,"66,00","252 681,65","91,49",1040,0,4978,Total jan,2762,0,1012,0,5,2501,261,"66,00","252 681,65","91,49",1040,0,4978,Total,43980,4727,15665,0,64,37444,6536,"49,43","6 002 128,28","123,23",15800,130,80345
Data,Ocup,Opção,Cheg,Oferta/Uso Interno,Deduz. Individ.,Deduz. Grupos,% Ocup.,Receita Quartos,Preço Médio,Saídas,Quartos FdS,Adul. / Cri.,janeiro,Histórico,11-jan-2025 sáb,75,0,21,0,0,75,0,"55,56","7 879,27","105,06",21,0,137,2762,0,1012,0,5,2501,261,"66,00","252 681,65","91,49",1040,0,4978,Total jan,2762,0,1012,0,5,2501,261,"66,00","252 681,65","91,49",1040,0,4978,Total,43980,4727,15665,0,64,37444,6536,"49,43","6 002 128,28","123,23",15800,130,80345
Data,Ocup,Opção,Cheg,Oferta/Uso Interno,Deduz. Individ.,Deduz. Grupos,% Ocup.,Receita Quartos,Preço Médio,Saídas,Quartos FdS,Adul. / Cri.,janeiro,Histórico,12-jan-2025 dom,58,0,21,0,0,58,0,"42,96","4 788,00","82,55",38,0,107,2762,0,1012,0,5,2501,261,"66,00","252 681,65","91,49",1040,0,4978,Total jan,2762,0,1012,0,5,2501,261,"66,00","252 681,65","91,49",1040,0,4978,Total,43980,4727,15665,0,64,37444,6536,"49,43","6 002 128,28","123,23",15800,130,80345
Data,Ocup,Opção,Cheg,Oferta/Uso Interno,Deduz. Individ.,Deduz. Grupos,% Ocup.,Receita Quartos,Preço Médio,Saídas,Quartos FdS,Adul. / Cri.,janeiro,Histórico,13-jan-2025 seg,61,0,23,0,0,61,0,"45,19","4 930,84","80,83",20,0,111,2762,0,1012,0,5,2501,261,"66,00","252 681,65","91,49",1040,0,4978,Total jan,2762,0,1012,0,5,2501,261,"66,00","252 681,65","91,49",1040,0,4978,Total,43980,4727,15665,0,64,37444,6536,"49,43","6 002 128,28","123,23",15800,130,80345
Data,Ocup,Opção,Cheg,Oferta/Uso Interno,Deduz. Individ.,Deduz. Grupos,% Ocup.,Receita Quartos,Preço Médio,Saídas,Quartos FdS,Adul. / Cri.,janeiro,Histórico,14-jan-2025 ter,65,0,25,0,0,59,6,"48,15","5 525,91","85,01",21,0,117,2762,0,1012,0,5,2501,261,"66,00","252 681,65","91,49",1040,0,4978,Total jan,2762,0,1012,0,5,2501,261,"66,00","252 681,65","91,49",1040,0,4978,Total,43980,4727,15665,0,64,37444,6536,"49,43","6 002 128,28","123,23",15800,130,80345
Data,Ocup,Opção,Cheg,Oferta/Uso Interno,Deduz. Individ.,Deduz. Grupos,% Ocup.,Receita Quartos,Preço Médio,Saídas,Quartos FdS,Adul. / Cri.,janeiro,Histórico,15-jan-2025 qua,104,0,63,0,0,54,50,"77,04","9 031,85","86,84",24,0,153,2762,0,1012,0,5,2501,261,"66,00","252 681,65","91,49",1040,0,4978,Total jan,2762,0,1012,0,5,2501,261,"66,00","252 681,65","91,49",1040,0,4978,Total,43980,4727,15665,0,64,37444,6536,"49,43","6 002 128,28","123,23",15800,130,80345
Data,Ocup,Opção,Cheg,Oferta/Uso Interno,Deduz. Individ.,Deduz. Grupos,% Ocup.,Receita Quartos,Preço Médio,Saídas,Quartos FdS,Adul. / Cri.,janeiro,Histórico,16-jan-2025 qui,111,0,26,0,0,60,51,"82,22","9 678,76","87,20",19,0,165,2762,0,1012,0,5,2501,261,"66,00","252 681,65","91,49",1040,0,4978,Total jan,2762,0,1012,0,5,2501,261,"66,00","252 681,65","91,49",1040,0,4978,Total,43980,4727,15665,0,64,37444,6536,"49,43","6 002 128,28","123,23",15800,130,80345
Data,Ocup,Opção,Cheg,Oferta/Uso Interno,Deduz. Individ.,Deduz. Grupos,% Ocup.,Receita Quartos,Preço Médio,Saídas,Quartos FdS,Adul. / Cri.,janeiro,Histórico,17-jan-2025 sex,83,0,39,0,0,77,6,"61,48","7 792,91","93,89",67,0,149,2762,0,1012,0,5,2501,261,"66,00","252 681,65","91,49",1040,0,4978,Total jan,2762,0,1012,0,5,2501,261,"66,00","252 681,65","91,49",1040,0,4978,Total,43980,4727,15665,0,64,37444,6536,"49,43","6 002 128,28","123,23",15800,130,80345
Data,Ocup,Opção,Cheg,Oferta/Uso Interno,Deduz. Individ.,Deduz. Grupos,% Ocup.,Receita Quartos,Preço Médio,Saídas,Quartos FdS,Adul. / Cri.,janeiro,Histórico,18-jan-2025 sáb,100,0,38,0,0,95,5,"74,07","9 396,61","93,97",21,0,184,2762,0,1012,0,5,2501,261,"66,00","252 681,65","91,49",1040,0,4978,Total jan,2762,0,1012,0,5,2501,261,"66,00","252 681,65","91,49",1040,0,4978,Total,43980,4727,15665,0,64,37444,6536,"49,43","6 002 128,28","123,23",15800,130,80345
Data,Ocup,Opção,Cheg,Oferta/Uso Interno,Deduz. Individ.,Deduz. Grupos,% Ocup.,Receita Quartos,Preço Médio,Saídas,Quartos FdS,Adul. / Cri.,janeiro,Histórico,19-jan-2025 dom,79,0,30,0,0,79,0,"58,52","6 580,58","83,30",51,0,139,2762,0,1012,0,5,2501,261,"66,00","252 681,65","91,49",1040,0,4978,Total jan,2762,0,1012,0,5,2501,261,"66,00","252 681,65","91,49",1040,0,4978,Total,43980,4727,15665,0,64,37444,6536,"49,43","6 002 128,28","123,23",15800,130,80345
Data,Ocup,Opção,Cheg,Oferta/Uso Interno,Deduz. Individ.,Deduz. Grupos,% Ocup.,Receita Quartos,Preço Médio,Saídas,Quartos FdS,Adul. / Cri.,janeiro,Histórico,20-jan-2025 seg,98,0,40,0,0,88,10,"72,59","8 719,11","88,97",21,0,165,2762,0,1012,0,5,2501,261,"66,00","252 681,65","91,49",1040,0,4978,Total jan,2762,0,1012,0,5,2501,261,"66,00","252 681,65","91,49",1040,0,4978,Total,43980,4727,15665,0,64,37444,6536,"49,43","6 002 128,28","123,23",15800,130,80345
Data,Ocup,Opção,Cheg,Oferta/Uso Interno,Deduz. Individ.,Deduz. Grupos,% Ocup.,Receita Quartos,Preço Médio,Saídas,Quartos FdS,Adul. / Cri.,janeiro,Histórico,21-jan-2025 ter,97,0,31,0,0,87,10,"71,85","7 894,34","81,38",32,0,159,2762,0,1012,0,5,2501,261,"66,00","252 681,65","91,49",1040,0,4978,Total jan,2762,0,1012,0,5,2501,261,"66,00","252 681,65","91,49",1040,0,4978,Total,43980,4727,15665,0,64,37444,6536,"49,43","6 002 128,28","123,23",15800,130,80345
Data,Ocup,Opção,Cheg,Oferta/Uso Interno,Deduz. Individ.,Deduz. Grupos,% Ocup.,Receita Quartos,Preço Médio,Saídas,Quartos FdS,Adul. / Cri.,janeiro,Histórico,22-jan-2025 qua,55,0,20,0,0,55,0,"40,74","4 400,67","80,01",62,0,103,2762,0,1012,0,5,2501,261,"66,00","252 681,65","91,49",1040,0,4978,Total jan,2762,0,1012,0,5,2501,261,"66,00","252 681,65","91,49",1040,0,4978,Total,43980,4727,15665,0,64,37444,6536,"49,43","6 002 128,28","123,23",15800,130,80345
Data,Ocup,Opção,Cheg,Oferta/Uso Interno,Deduz. Individ.,Deduz. Grupos,% Ocup.,Receita Quartos,Preço Médio,Saídas,Quartos FdS,Adul. / Cri.,janeiro,Histórico,23-jan-2025 qui,77,0,34,0,2,77,0,"57,04","5 927,61","76,98",12,0,139,2762,0,1012,0,5,2501,261,"66,00","252 681,65","91,49",1040,0,4978,Total jan,2762,0,1012,0,5,2501,261,"66,00","252 681,65","91,49",1040,0,4978,Total,43980,4727,15665,0,64,37444,6536,"49,43","6 002 128,28","123,23",15800,130,80345
Data,Ocup,Opção,Cheg,Oferta/Uso Interno,Deduz. Individ.,Deduz. Grupos,% Ocup.,Receita Quartos,Preço Médio,Saídas,Quartos FdS,Adul. / Cri.,janeiro,Histórico,24-jan-2025 sex,101,0,51,0,2,85,16,"74,81","10 098,96","99,99",27,0,190,2762,0,1012,0,5,2501,261,"66,00","252 681,65","91,49",1040,0,4978,Total jan,2762,0,1012,0,5,2501,261,"66,00","252 681,65","91,49",1040,0,4978,Total,43980,4727,15665,0,64,37444,6536,"49,43","6 002 128,28","123,23",15800,130,80345
Data,Ocup,Opção,Cheg,Oferta/Uso Interno,Deduz. Individ.,Deduz. Grupos,% Ocup.,Receita Quartos,Preço Médio,Saídas,Quartos FdS,Adul. / Cri.,janeiro,Histórico,25-jan-2025 sáb,107,0,48,0,0,94,13,"79,26","10 066,30","94,08",42,0,196,2762,0,1012,0,5,2501,261,"66,00","252 681,65","91,49",1040,0,4978,Total jan,2762,0,1012,0,5,2501,261,"66,00","252 681,65","91,49",1040,0,4978,Total,43980,4727,15665,0,64,37444,6536,"49,43","6 002 128,28","123,23",15800,130,80345
Data,Ocup,Opção,Cheg,Oferta/Uso Interno,Deduz. Individ.,Deduz. Grupos,% Ocup.,Receita Quartos,Preço Médio,Saídas,Quartos FdS,Adul. / Cri.,janeiro,Histórico,26-jan-2025 dom,83,0,26,0,0,83,0,"61,48","7 092,58","85,45",50,0,160,2762,0,1012,0,5,2501,261,"66,00","252 681,65","91,49",1040,0,4978,Total jan,2762,0,1012,0,5,2501,261,"66,00","252 681,65","91,49",1040,0,4978,Total,43980,4727,15665,0,64,37444,6536,"49,43","6 002 128,28","123,23",15800,130,80345
Data,Ocup,Opção,Cheg,Oferta/Uso Interno,Deduz. Individ.,Deduz. Grupos,% Ocup.,Receita Quartos,Preço Médio,Saídas,Quartos FdS,Adul. / Cri.,janeiro,Histórico,27-jan-2025 seg,86,0,34,0,0,86,0,"63,70","7 275,19","84,60",31,0,161,2762,0,1012,0,5,2501,261,"66,00","252 681,65","91,49",1040,0,4978,Total jan,2762,0,1012,0,5,2501,261,"66,00","252 681,65","91,49",1040,0,4978,Total,43980,4727,15665,0,64,37444,6536,"49,43","6 002 128,28","123,23",15800,130,80345
Data,Ocup,Opção,Cheg,Oferta/Uso Interno,Deduz. Individ.,Deduz. Grupos,% Ocup.,Receita Quartos,Preço Médio,Saídas,Quartos FdS,Adul. / Cri.,janeiro,Histórico,28-jan-2025 ter,96,0,42,0,0,76,20,"71,11","8 116,76","84,55",32,0,164,2762,0,1012,0,5,2501,261,"66,00","252 681,65","91,49",1040,0,4978,Total jan,2762,0,1012,0,5,2501,261,"66,00","252 681,65","91,49",1040,0,4978,Total,43980,4727,15665,0,64,37444,6536,"49,43","6 002 128,28","123,23",15800,130,80345
Data,Ocup,Opção,Cheg,Oferta/Uso Interno,Deduz. Individ.,Deduz. Grupos,% Ocup.,Receita Quartos,Preço Médio,Saídas,Quartos FdS,Adul. / Cri.,janeiro,Histórico,29-jan-2025 qua,100,0,25,0,0,80,20,"74,07","8 322,78","83,23",21,0,165,2762,0,1012,0,5,2501,261,"66,00","252 681,65","91,49",1040,0,4978,Total jan,2762,0,1012,0,5,2501,261,"66,00","252 681,65","91,49",1040,0,4978,Total,43980,4727,15665,0,64,37444,6536,"49,43","6 002 128,28","123,23",15800,130,80345
Data,Ocup,Opção,Cheg,Oferta/Uso Interno,Deduz. Individ.,Deduz. Grupos,% Ocup.,Receita Quartos,Preço Médio,Saídas,Quartos FdS,Adul. / Cri.,janeiro,Histórico,30-jan-2025 qui,78,0,28,0,0,78,0,"57,78","6 710,14","86,03",50,0,147,2762,0,1012,0,5,2501,261,"66,00","252 681,65","91,49",1040,0,4978,Total jan,2762,0,1012,0,5,2501,261,"66,00","252 681,65","91,49",1040,0,4978,Total,43980,4727,15665,0,64,37444,6536,"49,43","6 002 128,28","123,23",15800,130,80345
Data,Ocup,Opção,Cheg,Oferta/Uso Interno,Deduz. Individ.,Deduz. Grupos,% Ocup.,Receita Quartos,Preço Médio,Saídas,Quartos FdS,Adul. / Cri.,janeiro,Histórico,31-jan-2025 sex,107,0,52,0,1,96,11,"79,26","10 081,41","94,22",23,0,202,2762,0,1012,0,5,2501,261,"66,00","252 681,65","91,49",1040,0,4978,Total jan,2762,0,1012,0,5,2501,261,"66,00","252 681,65","91,49",1040,0,4978,Total,43980,4727,15665,0,64,37444,6536,"49,43","6 002 128,28","123,23",15800,130,80345
Data,Ocup,Opção,Cheg,Oferta/Uso Interno,Deduz. Individ.,Deduz. Grupos,% Ocup.,Receita Quartos,Preço Médio,Saídas,Quartos FdS,Adul. / Cri.,fevereiro,Histórico,01-fev-2025 sáb,111,0,45,0,1,98,13,"82,22","10 741,26","96,77",41,0,204,2981,0,1037,0,7,2832,149,"78,86","282 906,35","94,90",1021,0,5468,Total fev,2981,0,1037,0,7,2832,149,"78,86","282 906,35","94,90",1021,0,5468,Total,43980,4727,15665,0,64,37444,6536,"49,43","6 002 128,28","123,23",15800,130,80345
Data,Ocup,Opção,Cheg,Oferta/Uso Interno,Deduz. Individ.,Deduz. Grupos,% Ocup.,Receita Quartos,Preço Médio,Saídas,Quartos FdS,Adul. / Cri.,fevereiro,Histórico,02-fev-2025 dom,75,0,18,0,1,75,0,"55,56","6 339,94","84,53",54,0,139,2981,0,1037,0,7,2832,149,"78,86","282 906,35","94,90",1021,0,5468,Total fev,2981,0,1037,0,7,2832,149,"78,86","282 906,35","94,90",1021,0,5468,Total,43980,4727,15665,0,64,37444,6536,"49,43","6 002 128,28","123,23",15800,130,80345
Data,Ocup,Opção,Cheg,Oferta/Uso Interno,Deduz. Individ.,Deduz. Grupos,% Ocup.,Receita Quartos,Preço Médio,Saídas,Quartos FdS,Adul. / Cri.,fevereiro,Histórico,03-fev-2025 seg,63,0,22,0,0,63,0,"46,67","5 469,23","86,81",34,0,117,2981,0,1037,0,7,2832,149,"78,86","282 906,35","94,90",1021,0,5468,Total fev,2981,0,1037,0,7,2832,149,"78,86","282 906,35","94,90",1021,0,5468,Total,43980,4727,15665,0,64,37444,6536,"49,43","6 002 128,28","123,23",15800,130,80345
Data,Ocup,Opção,Cheg,Oferta/Uso Interno,Deduz. Individ.,Deduz. Grupos,% Ocup.,Receita Quartos,Preço Médio,Saídas,Quartos FdS,Adul. / Cri.,fevereiro,Histórico,04-fev-2025 ter,61,0,24,0,0,61,0,"45,19","5 314,19","87,12",26,0,110,2981,0,1037,0,7,2832,149,"78,86","282 906,35","94,90",1021,0,5468,Total fev,2981,0,1037,0,7,2832,149,"78,86","282 906,35","94,90",1021,0,5468,Total,43980,4727,15665,0,64,37444,6536,"49,43","6 002 128,28","123,23",15800,130,80345
Data,Ocup,Opção,Cheg,Oferta/Uso Interno,Deduz. Individ.,Deduz. Grupos,% Ocup.,Receita Quartos,Preço Médio,Saídas,Quartos FdS,Adul. / Cri.,fevereiro,Histórico,05-fev-2025 qua,68,0,24,0,0,68,0,"50,37","5 891,52","86,64",17,0,123,2981,0,1037,0,7,2832,149,"78,86","282 906,35","94,90",1021,0,5468,Total fev,2981,0,1037,0,7,2832,149,"78,86","282 906,35","94,90",1021,0,5468,Total,43980,4727,15665,0,64,37444,6536,"49,43","6 002 128,28","123,23",15800,130,80345
Data,Ocup,Opção,Cheg,Oferta/Uso Interno,Deduz. Individ.,Deduz. Grupos,% Ocup.,Receita Quartos,Preço Médio,Saídas,Quartos FdS,Adul. / Cri.,fevereiro,Histórico,06-fev-2025 qui,87,0,39,0,0,87,0,"64,44","7 886,62","90,65",20,0,153,2981,0,1037,0,7,2832,149,"78,86","282 906,35","94,90",1021,0,5468,Total fev,2981,0,1037,0,7,2832,149,"78,86","282 906,35","94,90",1021,0,5468,Total,43980,4727,15665,0,64,37444,6536,"49,43","6 002 128,28","123,23",15800,130,80345
Data,Ocup,Opção,Cheg,Oferta/Uso Interno,Deduz. Individ.,Deduz. Grupos,% Ocup.,Receita Quartos,Preço Médio,Saídas,Quartos FdS,Adul. / Cri.,fevereiro,Histórico,07-fev-2025 sex,117,0,47,0,0,117,0,"86,67","11 341,63","96,94",17,0,210,2981,0,1037,0,7,2832,149,"78,86","282 906,35","94,90",1021,0,5468,Total fev,2981,0,1037,0,7,2832,149,"78,86","282 906,35","94,90",1021,0,5468,Total,43980,4727,15665,0,64,37444,6536,"49,43","6 002 128,28","123,23",15800,130,80345
Data,Ocup,Opção,Cheg,Oferta/Uso Interno,Deduz. Individ.,Deduz. Grupos,% Ocup.,Receita Quartos,Preço Médio,Saídas,Quartos FdS,Adul. / Cri.,fevereiro,Histórico,08-fev-2025 sáb,123,0,34,0,0,123,0,"91,11","12 118,45","98,52",28,0,227,2981,0,1037,0,7,2832,149,"78,86","282 906,35","94,90",1021,0,5468,Total fev,2981,0,1037,0,7,2832,149,"78,86","282 906,35","94,90",1021,0,5468,Total,43980,4727,15665,0,64,37444,6536,"49,43","6 002 128,28","123,23",15800,130,80345
Data,Ocup,Opção,Cheg,Oferta/Uso Interno,Deduz. Individ.,Deduz. Grupos,% Ocup.,Receita Quartos,Preço Médio,Saídas,Quartos FdS,Adul. / Cri.,fevereiro,Histórico,09-fev-2025 dom,108,0,35,0,0,107,1,"80,00","9 383,43","86,88",50,0,207,2981,0,1037,0,7,2832,149,"78,86","282 906,35","94,90",1021,0,5468,Total fev,2981,0,1037,0,7,2832,149,"78,86","282 906,35","94,90",1021,0,5468,Total,43980,4727,15665,0,64,37444,6536,"49,43","6 002 128,28","123,23",15800,130,80345
Data,Ocup,Opção,Cheg,Oferta/Uso Interno,Deduz. Individ.,Deduz. Grupos,% Ocup.,Receita Quartos,Preço Médio,Saídas,Quartos FdS,Adul. / Cri.,fevereiro,Histórico,10-fev-2025 seg,93,0,28,0,0,92,1,"68,89","7 755,84","83,40",43,0,173,2981,0,1037,0,7,2832,149,"78,86","282 906,35","94,90",1021,0,5468,Total fev,2981,0,1037,0,7,2832,149,"78,86","282 906,35","94,90",1021,0,5468,Total,43980,4727,15665,0,64,37444,6536,"49,43","6 002 128,28","123,23",15800,130,80345
Data,Ocup,Opção,Cheg,Oferta/Uso Interno,Deduz. Individ.,Deduz. Grupos,% Ocup.,Receita Quartos,Preço Médio,Saídas,Quartos FdS,Adul. / Cri.,fevereiro,Histórico,11-fev-2025 ter,90,0,26,0,0,87,3,"66,67","8 314,16","92,38",29,0,163,2981,0,1037,0,7,2832,149,"78,86","282 906,35","94,90",1021,0,5468,Total fev,2981,0,1037,0,7,2832,149,"78,86","282 906,35","94,90",1021,0,5468,Total,43980,4727,15665,0,64,37444,6536,"49,43","6 002 128,28","123,23",15800,130,80345
Data,Ocup,Opção,Cheg,Oferta/Uso Interno,Deduz. Individ.,Deduz. Grupos,% Ocup.,Receita Quartos,Preço Médio,Saídas,Quartos FdS,Adul. / Cri.,fevereiro,Histórico,12-fev-2025 qua,101,0,36,0,0,93,8,"74,81","9 385,41","92,92",25,0,182,2981,0,1037,0,7,2832,149,"78,86","282 906,35","94,90",1021,0,5468,Total fev,2981,0,1037,0,7,2832,149,"78,86","282 906,35","94,90",1021,0,5468,Total,43980,4727,15665,0,64,37444,6536,"49,43","6 002 128,28","123,23",15800,130,80345
Data,Ocup,Opção,Cheg,Oferta/Uso Interno,Deduz. Individ.,Deduz. Grupos,% Ocup.,Receita Quartos,Preço Médio,Saídas,Quartos FdS,Adul. / Cri.,fevereiro,Histórico,13-fev-2025 qui,121,0,40,0,0,108,13,"89,63","10 814,81","89,38",20,0,219,2981,0,1037,0,7,2832,149,"78,86","282 906,35","94,90",1021,0,5468,Total fev,2981,0,1037,0,7,2832,149,"78,86","282 906,35","94,90",1021,0,5468,Total,43980,4727,15665,0,64,37444,6536,"49,43","6 002 128,28","123,23",15800,130,80345
Data,Ocup,Opção,Cheg,Oferta/Uso Interno,Deduz. Individ.,Deduz. Grupos,% Ocup.,Receita Quartos,Preço Médio,Saídas,Quartos FdS,Adul. / Cri.,fevereiro,Histórico,14-fev-2025 sex,129,0,57,0,0,116,13,"95,56","13 445,90","104,23",49,0,236,2981,0,1037,0,7,2832,149,"78,86","282 906,35","94,90",1021,0,5468,Total fev,2981,0,1037,0,7,2832,149,"78,86","282 906,35","94,90",1021,0,5468,Total,43980,4727,15665,0,64,37444,6536,"49,43","6 002 128,28","123,23",15800,130,80345
Data,Ocup,Opção,Cheg,Oferta/Uso Interno,Deduz. Individ.,Deduz. Grupos,% Ocup.,Receita Quartos,Preço Médio,Saídas,Quartos FdS,Adul. / Cri.,fevereiro,Histórico,15-fev-2025 sáb,134,0,42,0,0,134,0,"99,26","13 957,46","104,16",37,0,256,2981,0,1037,0,7,2832,149,"78,86","282 906,35","94,90",1021,0,5468,Total fev,2981,0,1037,0,7,2832,149,"78,86","282 906,35","94,90",1021,0,5468,Total,43980,4727,15665,0,64,37444,6536,"49,43","6 002 128,28","123,23",15800,130,80345
Data,Ocup,Opção,Cheg,Oferta/Uso Interno,Deduz. Individ.,Deduz. Grupos,% Ocup.,Receita Quartos,Preço Médio,Saídas,Quartos FdS,Adul. / Cri.,fevereiro,Histórico,16-fev-2025 dom,125,0,36,0,0,125,0,"92,59","11 456,81","91,65",45,0,240,2981,0,1037,0,7,2832,149,"78,86","282 906,35","94,90",1021,0,5468,Total fev,2981,0,1037,0,7,2832,149,"78,86","282 906,35","94,90",1021,0,5468,Total,43980,4727,15665,0,64,37444,6536,"49,43","6 002 128,28","123,23",15800,130,80345
Data,Ocup,Opção,Cheg,Oferta/Uso Interno,Deduz. Individ.,Deduz. Grupos,% Ocup.,Receita Quartos,Preço Médio,Saídas,Quartos FdS,Adul. / Cri.,fevereiro,Histórico,17-fev-2025 seg,118,0,51,0,0,118,0,"87,41","11 356,57","96,24",58,0,224,2981,0,1037,0,7,2832,149,"78,86","282 906,35","94,90",1021,0,5468,Total fev,2981,0,1037,0,7,2832,149,"78,86","282 906,35","94,90",1021,0,5468,Total,43980,4727,15665,0,64,37444,6536,"49,43","6 002 128,28","123,23",15800,130,80345
Data,Ocup,Opção,Cheg,Oferta/Uso Interno,Deduz. Individ.,Deduz. Grupos,% Ocup.,Receita Quartos,Preço Médio,Saídas,Quartos FdS,Adul. / Cri.,fevereiro,Histórico,18-fev-2025 ter,118,0,23,0,0,118,0,"87,41","11 414,35","96,73",23,0,218,2981,0,1037,0,7,2832,149,"78,86","282 906,35","94,90",1021,0,5468,Total fev,2981,0,1037,0,7,2832,149,"78,86","282 906,35","94,90",1021,0,5468,Total,43980,4727,15665,0,64,37444,6536,"49,43","6 002 128,28","123,23",15800,130,80345
Data,Ocup,Opção,Cheg,Oferta/Uso Interno,Deduz. Individ.,Deduz. Grupos,% Ocup.,Receita Quartos,Preço Médio,Saídas,Quartos FdS,Adul. / Cri.,fevereiro,Histórico,19-fev-2025 qua,116,0,34,0,1,98,18,"85,93","10 899,95","93,97",36,0,209,2981,0,1037,0,7,2832,149,"78,86","282 906,35","94,90",1021,0,5468,Total fev,2981,0,1037,0,7,2832,149,"78,86","282 906,35","94,90",1021,0,5468,Total,43980,4727,15665,0,64,37444,6536,"49,43","6 002 128,28","123,23",15800,130,80345
Data,Ocup,Opção,Cheg,Oferta/Uso Interno,Deduz. Individ.,Deduz. Grupos,% Ocup.,Receita Quartos,Preço Médio,Saídas,Quartos FdS,Adul. / Cri.,fevereiro,Histórico,20-fev-2025 qui,129,0,59,0,1,99,30,"95,56","12 529,50","97,13",46,0,239,2981,0,1037,0,7,2832,149,"78,86","282 906,35","94,90",1021,0,5468,Total fev,2981,0,1037,0,7,2832,149,"78,86","282 906,35","94,90",1021,0,5468,Total,43980,4727,15665,0,64,37444,6536,"49,43","6 002 128,28","123,23",15800,130,80345
Data,Ocup,Opção,Cheg,Oferta/Uso Interno,Deduz. Individ.,Deduz. Grupos,% Ocup.,Receita Quartos,Preço Médio,Saídas,Quartos FdS,Adul. / Cri.,fevereiro,Histórico,21-fev-2025 sex,131,0,50,0,0,118,13,"97,04","13 917,85","106,24",48,0,246,2981,0,1037,0,7,2832,149,"78,86","282 906,35","94,90",1021,0,5468,Total fev,2981,0,1037,0,7,2832,149,"78,86","282 906,35","94,90",1021,0,5468,Total,43980,4727,15665,0,64,37444,6536,"49,43","6 002 128,28","123,23",15800,130,80345
Data,Ocup,Opção,Cheg,Oferta/Uso Interno,Deduz. Individ.,Deduz. Grupos,% Ocup.,Receita Quartos,Preço Médio,Saídas,Quartos FdS,Adul. / Cri.,fevereiro,Histórico,22-fev-2025 sáb,135,0,30,0,1,123,12,"100,00","14 010,27","103,78",26,0,248,2981,0,1037,0,7,2832,149,"78,86","282 906,35","94,90",1021,0,5468,Total fev,2981,0,1037,0,7,2832,149,"78,86","282 906,35","94,90",1021,0,5468,Total,43980,4727,15665,0,64,37444,6536,"49,43","6 002 128,28","123,23",15800,130,80345
Data,Ocup,Opção,Cheg,Oferta/Uso Interno,Deduz. Individ.,Deduz. Grupos,% Ocup.,Receita Quartos,Preço Médio,Saídas,Quartos FdS,Adul. / Cri.,fevereiro,Histórico,23-fev-2025 dom,113,0,46,0,1,102,11,"83,70","10 018,24","88,66",68,0,199,2981,0,1037,0,7,2832,149,"78,86","282 906,35","94,90",1021,0,5468,Total fev,2981,0,1037,0,7,2832,149,"78,86","282 906,35","94,90",1021,0,5468,Total,43980,4727,15665,0,64,37444,6536,"49,43","6 002 128,28","123,23",15800,130,80345
Data,Ocup,Opção,Cheg,Oferta/Uso Interno,Deduz. Individ.,Deduz. Grupos,% Ocup.,Receita Quartos,Preço Médio,Saídas,Quartos FdS,Adul. / Cri.,fevereiro,Histórico,24-fev-2025 seg,102,0,37,0,1,97,5,"75,56","8 944,80","87,69",48,0,181,2981,0,1037,0,7,2832,149,"78,86","282 906,35","94,90",1021,0,5468,Total fev,2981,0,1037,0,7,2832,149,"78,86","282 906,35","94,90",1021,0,5468,Total,43980,4727,15665,0,64,37444,6536,"49,43","6 002 128,28","123,23",15800,130,80345
Data,Ocup,Opção,Cheg,Oferta/Uso Interno,Deduz. Individ.,Deduz. Grupos,% Ocup.,Receita Quartos,Preço Médio,Saídas,Quartos FdS,Adul. / Cri.,fevereiro,Histórico,25-fev-2025 ter,95,0,29,0,0,91,4,"70,37","8 728,69","91,88",36,0,164,2981,0,1037,0,7,2832,149,"78,86","282 906,35","94,90",1021,0,5468,Total fev,2981,0,1037,0,7,2832,149,"78,86","282 906,35","94,90",1021,0,5468,Total,43980,4727,15665,0,64,37444,6536,"49,43","6 002 128,28","123,23",15800,130,80345
Data,Ocup,Opção,Cheg,Oferta/Uso Interno,Deduz. Individ.,Deduz. Grupos,% Ocup.,Receita Quartos,Preço Médio,Saídas,Quartos FdS,Adul. / Cri.,fevereiro,Histórico,26-fev-2025 qua,92,0,32,0,0,90,2,"68,15","8 608,78","93,57",35,0,166,2981,0,1037,0,7,2832,149,"78,86","282 906,35","94,90",1021,0,5468,Total fev,2981,0,1037,0,7,2832,149,"78,86","282 906,35","94,90",1021,0,5468,Total,43980,4727,15665,0,64,37444,6536,"49,43","6 002 128,28","123,23",15800,130,80345
Data,Ocup,Opção,Cheg,Oferta/Uso Interno,Deduz. Individ.,Deduz. Grupos,% Ocup.,Receita Quartos,Preço Médio,Saídas,Quartos FdS,Adul. / Cri.,fevereiro,Histórico,27-fev-2025 qui,103,0,46,0,0,101,2,"76,30","9 703,55","94,21",35,0,187,2981,0,1037,0,7,2832,149,"78,86","282 906,35","94,90",1021,0,5468,Total fev,2981,0,1037,0,7,2832,149,"78,86","282 906,35","94,90",1021,0,5468,Total,43980,4727,15665,0,64,37444,6536,"49,43","6 002 128,28","123,23",15800,130,80345
Data,Ocup,Opção,Cheg,Oferta/Uso Interno,Deduz. Individ.,Deduz. Grupos,% Ocup.,Receita Quartos,Preço Médio,Saídas,Quartos FdS,Adul. / Cri.,fevereiro,Histórico,28-fev-2025 sex,123,0,47,0,0,123,0,"91,11","13 157,14","106,97",27,0,228,2981,0,1037,0,7,2832,149,"78,86","282 906,35","94,90",1021,0,5468,Total fev,2981,0,1037,0,7,2832,149,"78,86","282 906,35","94,90",1021,0,5468,Total,43980,4727,15665,0,64,37444,6536,"49,43","6 002 128,28","123,23",15800,130,80345
Data,Ocup,Opção,Cheg,Oferta/Uso Interno,Deduz. Individ.,Deduz. Grupos,% Ocup.,Receita Quartos,Preço Médio,Saídas,Quartos FdS,Adul. / Cri.,março,Histórico,01-mar-2025 sáb,135,0,44,0,0,135,0,"100,00","16 404,58","121,52",32,0,247,3999,0,1365,0,0,3392,607,"95,69","465 689,30","116,45",1356,9,7323,Total mar,3999,0,1365,0,0,3392,607,"95,69","465 689,30","116,45",1356,9,7323,Total,43980,4727,15665,0,64,37444,6536,"49,43","6 002 128,28","123,23",15800,130,80345
Data,Ocup,Opção,Cheg,Oferta/Uso Interno,Deduz. Individ.,Deduz. Grupos,% Ocup.,Receita Quartos,Preço Médio,Saídas,Quartos FdS,Adul. / Cri.,março,Histórico,02-mar-2025 dom,127,0,47,0,0,125,2,"94,07","14 152,39","111,44",55,0,236,3999,0,1365,0,0,3392,607,"95,69","465 689,30","116,45",1356,9,7323,Total mar,3999,0,1365,0,0,3392,607,"95,69","465 689,30","116,45",1356,9,7323,Total,43980,4727,15665,0,64,37444,6536,"49,43","6 002 128,28","123,23",15800,130,80345
Data,Ocup,Opção,Cheg,Oferta/Uso Interno,Deduz. Individ.,Deduz. Grupos,% Ocup.,Receita Quartos,Preço Médio,Saídas,Quartos FdS,Adul. / Cri.,março,Histórico,03-mar-2025 seg,129,0,45,0,0,123,6,"95,56","14 399,92","111,63",43,0,239,3999,0,1365,0,0,3392,607,"95,69","465 689,30","116,45",1356,9,7323,Total mar,3999,0,1365,0,0,3392,607,"95,69","465 689,30","116,45",1356,9,7323,Total,43980,4727,15665,0,64,37444,6536,"49,43","6 002 128,28","123,23",15800,130,80345
Data,Ocup,Opção,Cheg,Oferta/Uso Interno,Deduz. Individ.,Deduz. Grupos,% Ocup.,Receita Quartos,Preço Médio,Saídas,Quartos FdS,Adul. / Cri.,março,Histórico,04-mar-2025 ter,120,0,25,0,0,114,6,"88,89","13 472,25","112,27",34,0,218,3999,0,1365,0,0,3392,607,"95,69","465 689,30","116,45",1356,9,7323,Total mar,3999,0,1365,0,0,3392,607,"95,69","465 689,30","116,45",1356,9,7323,Total,43980,4727,15665,0,64,37444,6536,"49,43","6 002 128,28","123,23",15800,130,80345
Data,Ocup,Opção,Cheg,Oferta/Uso Interno,Deduz. Individ.,Deduz. Grupos,% Ocup.,Receita Quartos,Preço Médio,Saídas,Quartos FdS,Adul. / Cri.,março,Histórico,05-mar-2025 qua,111,0,22,0,0,104,7,"82,22","12 341,51","111,18",31,0,204,3999,0,1365,0,0,3392,607,"95,69","465 689,30","116,45",1356,9,7323,Total mar,3999,0,1365,0,0,3392,607,"95,69","465 689,30","116,45",1356,9,7323,Total,43980,4727,15665,0,64,37444,6536,"49,43","6 002 128,28","123,23",15800,130,80345
Data,Ocup,Opção,Cheg,Oferta/Uso Interno,Deduz. Individ.,Deduz. Grupos,% Ocup.,Receita Quartos,Preço Médio,Saídas,Quartos FdS,Adul. / Cri.,março,Histórico,06-mar-2025 qui,128,0,52,0,0,112,16,"94,81","14 833,79","115,89",35,0,233,3999,0,1365,0,0,3392,607,"95,69","465 689,30","116,45",1356,9,7323,Total mar,3999,0,1365,0,0,3392,607,"95,69","465 689,30","116,45",1356,9,7323,Total,43980,4727,15665,0,64,37444,6536,"49,43","6 002 128,28","123,23",15800,130,80345
Data,Ocup,Opção,Cheg,Oferta/Uso Interno,Deduz. Individ.,Deduz. Grupos,% Ocup.,Receita Quartos,Preço Médio,Saídas,Quartos FdS,Adul. / Cri.,março,Histórico,07-mar-2025 sex,134,0,58,0,0,108,26,"99,26","16 974,74","126,68",52,0,243,3999,0,1365,0,0,3392,607,"95,69","465 689,30","116,45",1356,9,7323,Total mar,3999,0,1365,0,0,3392,607,"95,69","465 689,30","116,45",1356,9,7323,Total,43980,4727,15665,0,64,37444,6536,"49,43","6 002 128,28","123,23",15800,130,80345
Data,Ocup,Opção,Cheg,Oferta/Uso Interno,Deduz. Individ.,Deduz. Grupos,% Ocup.,Receita Quartos,Preço Médio,Saídas,Quartos FdS,Adul. / Cri.,março,Histórico,08-mar-2025 sáb,133,0,25,0,0,107,26,"98,52","16 638,47","125,10",26,0,243,3999,0,1365,0,0,3392,607,"95,69","465 689,30","116,45",1356,9,7323,Total mar,3999,0,1365,0,0,3392,607,"95,69","465 689,30","116,45",1356,9,7323,Total,43980,4727,15665,0,64,37444,6536,"49,43","6 002 128,28","123,23",15800,130,80345
Data,Ocup,Opção,Cheg,Oferta/Uso Interno,Deduz. Individ.,Deduz. Grupos,% Ocup.,Receita Quartos,Preço Médio,Saídas,Quartos FdS,Adul. / Cri.,março,Histórico,09-mar-2025 dom,130,0,43,0,0,108,22,"96,30","15 012,07","115,48",46,0,237,3999,0,1365,0,0,3392,607,"95,69","465 689,30","116,45",1356,9,7323,Total mar,3999,0,1365,0,0,3392,607,"95,69","465 689,30","116,45",1356,9,7323,Total,43980,4727,15665,0,64,37444,6536,"49,43","6 002 128,28","123,23",15800,130,80345
Data,Ocup,Opção,Cheg,Oferta/Uso Interno,Deduz. Individ.,Deduz. Grupos,% Ocup.,Receita Quartos,Preço Médio,Saídas,Quartos FdS,Adul. / Cri.,março,Histórico,10-mar-2025 seg,112,0,52,0,0,97,15,"82,96","12 829,45","114,55",70,0,202,3999,0,1365,0,0,3392,607,"95,69","465 689,30","116,45",1356,9,7323,Total mar,3999,0,1365,0,0,3392,607,"95,69","465 689,30","116,45",1356,9,7323,Total,43980,4727,15665,0,64,37444,6536,"49,43","6 002 128,28","123,23",15800,130,80345
Data,Ocup,Opção,Cheg,Oferta/Uso Interno,Deduz. Individ.,Deduz. Grupos,% Ocup.,Receita Quartos,Preço Médio,Saídas,Quartos FdS,Adul. / Cri.,março,Histórico,11-mar-2025 ter,125,0,40,0,0,116,9,"92,59","13 620,69","108,97",27,0,221,3999,0,1365,0,0,3392,607,"95,69","465 689,30","116,45",1356,9,7323,Total mar,3999,0,1365,0,0,3392,607,"95,69","465 689,30","116,45",1356,9,7323,Total,43980,4727,15665,0,64,37444,6536,"49,43","6 002 128,28","123,23",15800,130,80345
Data,Ocup,Opção,Cheg,Oferta/Uso Interno,Deduz. Individ.,Deduz. Grupos,% Ocup.,Receita Quartos,Preço Médio,Saídas,Quartos FdS,Adul. / Cri.,março,Histórico,12-mar-2025 qua,119,0,34,0,0,110,9,"88,15","12 844,61","107,94",40,0,204,3999,0,1365,0,0,3392,607,"95,69","465 689,30","116,45",1356,9,7323,Total mar,3999,0,1365,0,0,3392,607,"95,69","465 689,30","116,45",1356,9,7323,Total,43980,4727,15665,0,64,37444,6536,"49,43","6 002 128,28","123,23",15800,130,80345
Data,Ocup,Opção,Cheg,Oferta/Uso Interno,Deduz. Individ.,Deduz. Grupos,% Ocup.,Receita Quartos,Preço Médio,Saídas,Quartos FdS,Adul. / Cri.,março,Histórico,13-mar-2025 qui,132,0,64,0,0,108,24,"97,78","15 282,21","115,77",51,0,232,3999,0,1365,0,0,3392,607,"95,69","465 689,30","116,45",1356,9,7323,Total mar,3999,0,1365,0,0,3392,607,"95,69","465 689,30","116,45",1356,9,7323,Total,43980,4727,15665,0,64,37444,6536,"49,43","6 002 128,28","123,23",15800,130,80345
Data,Ocup,Opção,Cheg,Oferta/Uso Interno,Deduz. Individ.,Deduz. Grupos,% Ocup.,Receita Quartos,Preço Médio,Saídas,Quartos FdS,Adul. / Cri.,março,Histórico,14-mar-2025 sex,133,0,45,0,0,95,38,"98,52","15 309,45","115,11",44,0,239,3999,0,1365,0,0,3392,607,"95,69","465 689,30","116,45",1356,9,7323,Total mar,3999,0,1365,0,0,3392,607,"95,69","465 689,30","116,45",1356,9,7323,Total,43980,4727,15665,0,64,37444,6536,"49,43","6 002 128,28","123,23",15800,130,80345
Data,Ocup,Opção,Cheg,Oferta/Uso Interno,Deduz. Individ.,Deduz. Grupos,% Ocup.,Receita Quartos,Preço Médio,Saídas,Quartos FdS,Adul. / Cri.,março,Histórico,15-mar-2025 sáb,132,0,39,0,0,111,21,"98,51","15 428,48","116,88",40,0,243,3999,0,1365,0,0,3392,607,"95,69","465 689,30","116,45",1356,9,7323,Total mar,3999,0,1365,0,0,3392,607,"95,69","465 689,30","116,45",1356,9,7323,Total,43980,4727,15665,0,64,37444,6536,"49,43","6 002 128,28","123,23",15800,130,80345
Data,Ocup,Opção,Cheg,Oferta/Uso Interno,Deduz. Individ.,Deduz. Grupos,% Ocup.,Receita Quartos,Preço Médio,Saídas,Quartos FdS,Adul. / Cri.,março,Histórico,16-mar-2025 dom,118,0,44,0,0,111,7,"88,06","13 216,88","112,01",58,0,223,3999,0,1365,0,0,3392,607,"95,69","465 689,30","116,45",1356,9,7323,Total mar,3999,0,1365,0,0,3392,607,"95,69","465 689,30","116,45",1356,9,7323,Total,43980,4727,15665,0,64,37444,6536,"49,43","6 002 128,28","123,23",15800,130,80345
Data,Ocup,Opção,Cheg,Oferta/Uso Interno,Deduz. Individ.,Deduz. Grupos,% Ocup.,Receita Quartos,Preço Médio,Saídas,Quartos FdS,Adul. / Cri.,março,Histórico,17-mar-2025 seg,130,0,55,0,0,101,29,"97,74","14 681,70","112,94",43,0,233,3999,0,1365,0,0,3392,607,"95,69","465 689,30","116,45",1356,9,7323,Total mar,3999,0,1365,0,0,3392,607,"95,69","465 689,30","116,45",1356,9,7323,Total,43980,4727,15665,0,64,37444,6536,"49,43","6 002 128,28","123,23",15800,130,80345
Data,Ocup,Opção,Cheg,Oferta/Uso Interno,Deduz. Individ.,Deduz. Grupos,% Ocup.,Receita Quartos,Preço Médio,Saídas,Quartos FdS,Adul. / Cri.,março,Histórico,18-mar-2025 ter,126,0,23,0,0,97,29,"94,03","14 358,95","113,96",27,0,227,3999,0,1365,0,0,3392,607,"95,69","465 689,30","116,45",1356,9,7323,Total mar,3999,0,1365,0,0,3392,607,"95,69","465 689,30","116,45",1356,9,7323,Total,43980,4727,15665,0,64,37444,6536,"49,43","6 002 128,28","123,23",15800,130,80345
Data,Ocup,Opção,Cheg,Oferta/Uso Interno,Deduz. Individ.,Deduz. Grupos,% Ocup.,Receita Quartos,Preço Médio,Saídas,Quartos FdS,Adul. / Cri.,março,Histórico,19-mar-2025 qua,135,0,53,0,0,89,46,"100,00","15 387,39","113,98",44,0,239,3999,0,1365,0,0,3392,607,"95,69","465 689,30","116,45",1356,9,7323,Total mar,3999,0,1365,0,0,3392,607,"95,69","465 689,30","116,45",1356,9,7323,Total,43980,4727,15665,0,64,37444,6536,"49,43","6 002 128,28","123,23",15800,130,80345
Data,Ocup,Opção,Cheg,Oferta/Uso Interno,Deduz. Individ.,Deduz. Grupos,% Ocup.,Receita Quartos,Preço Médio,Saídas,Quartos FdS,Adul. / Cri.,março,Histórico,20-mar-2025 qui,128,0,52,0,0,78,50,"94,81","14 233,13","111,20",59,0,235,3999,0,1365,0,0,3392,607,"95,69","465 689,30","116,45",1356,9,7323,Total mar,3999,0,1365,0,0,3392,607,"95,69","465 689,30","116,45",1356,9,7323,Total,43980,4727,15665,0,64,37444,6536,"49,43","6 002 128,28","123,23",15800,130,80345
Data,Ocup,Opção,Cheg,Oferta/Uso Interno,Deduz. Individ.,Deduz. Grupos,% Ocup.,Receita Quartos,Preço Médio,Saídas,Quartos FdS,Adul. / Cri.,março,Histórico,21-mar-2025 sex,133,0,36,0,0,92,41,"98,52","16 341,56","122,87",31,0,248,3999,0,1365,0,0,3392,607,"95,69","465 689,30","116,45",1356,9,7323,Total mar,3999,0,1365,0,0,3392,607,"95,69","465 689,30","116,45",1356,9,7323,Total,43980,4727,15665,0,64,37444,6536,"49,43","6 002 128,28","123,23",15800,130,80345
Data,Ocup,Opção,Cheg,Oferta/Uso Interno,Deduz. Individ.,Deduz. Grupos,% Ocup.,Receita Quartos,Preço Médio,Saídas,Quartos FdS,Adul. / Cri.,março,Histórico,22-mar-2025 sáb,134,0,60,0,0,134,0,"99,26","17 464,34","130,33",59,0,253,3999,0,1365,0,0,3392,607,"95,69","465 689,30","116,45",1356,9,7323,Total mar,3999,0,1365,0,0,3392,607,"95,69","465 689,30","116,45",1356,9,7323,Total,43980,4727,15665,0,64,37444,6536,"49,43","6 002 128,28","123,23",15800,130,80345
Data,Ocup,Opção,Cheg,Oferta/Uso Interno,Deduz. Individ.,Deduz. Grupos,% Ocup.,Receita Quartos,Preço Médio,Saídas,Quartos FdS,Adul. / Cri.,março,Histórico,23-mar-2025 dom,132,0,48,0,0,121,11,"97,78","15 271,75","115,70",50,1,256,3999,0,1365,0,0,3392,607,"95,69","465 689,30","116,45",1356,9,7323,Total mar,3999,0,1365,0,0,3392,607,"95,69","465 689,30","116,45",1356,9,7323,Total,43980,4727,15665,0,64,37444,6536,"49,43","6 002 128,28","123,23",15800,130,80345
Data,Ocup,Opção,Cheg,Oferta/Uso Interno,Deduz. Individ.,Deduz. Grupos,% Ocup.,Receita Quartos,Preço Médio,Saídas,Quartos FdS,Adul. / Cri.,março,Histórico,24-mar-2025 seg,133,0,35,0,0,122,11,"98,52","15 630,92","117,53",34,1,253,3999,0,1365,0,0,3392,607,"95,69","465 689,30","116,45",1356,9,7323,Total mar,3999,0,1365,0,0,3392,607,"95,69","465 689,30","116,45",1356,9,7323,Total,43980,4727,15665,0,64,37444,6536,"49,43","6 002 128,28","123,23",15800,130,80345
Data,Ocup,Opção,Cheg,Oferta/Uso Interno,Deduz. Individ.,Deduz. Grupos,% Ocup.,Receita Quartos,Preço Médio,Saídas,Quartos FdS,Adul. / Cri.,março,Histórico,25-mar-2025 ter,131,0,51,0,0,122,9,"97,76","14 960,13","114,20",53,1,235,3999,0,1365,0,0,3392,607,"95,69","465 689,30","116,45",1356,9,7323,Total mar,3999,0,1365,0,0,3392,607,"95,69","465 689,30","116,45",1356,9,7323,Total,43980,4727,15665,0,64,37444,6536,"49,43","6 002 128,28","123,23",15800,130,80345
Data,Ocup,Opção,Cheg,Oferta/Uso Interno,Deduz. Individ.,Deduz. Grupos,% Ocup.,Receita Quartos,Preço Médio,Saídas,Quartos FdS,Adul. / Cri.,março,Histórico,26-mar-2025 qua,134,0,47,0,0,105,29,"99,26","15 111,77","112,77",44,1,240,3999,0,1365,0,0,3392,607,"95,69","465 689,30","116,45",1356,9,7323,Total mar,3999,0,1365,0,0,3392,607,"95,69","465 689,30","116,45",1356,9,7323,Total,43980,4727,15665,0,64,37444,6536,"49,43","6 002 128,28","123,23",15800,130,80345
Data,Ocup,Opção,Cheg,Oferta/Uso Interno,Deduz. Individ.,Deduz. Grupos,% Ocup.,Receita Quartos,Preço Médio,Saídas,Quartos FdS,Adul. / Cri.,março,Histórico,27-mar-2025 qui,133,0,38,0,0,101,32,"98,52","15 045,48","113,12",39,1,244,3999,0,1365,0,0,3392,607,"95,69","465 689,30","116,45",1356,9,7323,Total mar,3999,0,1365,0,0,3392,607,"95,69","465 689,30","116,45",1356,9,7323,Total,43980,4727,15665,0,64,37444,6536,"49,43","6 002 128,28","123,23",15800,130,80345
Data,Ocup,Opção,Cheg,Oferta/Uso Interno,Deduz. Individ.,Deduz. Grupos,% Ocup.,Receita Quartos,Preço Médio,Saídas,Quartos FdS,Adul. / Cri.,março,Histórico,28-mar-2025 sex,133,0,28,0,0,101,32,"98,52","16 405,07","123,35",28,1,243,3999,0,1365,0,0,3392,607,"95,69","465 689,30","116,45",1356,9,7323,Total mar,3999,0,1365,0,0,3392,607,"95,69","465 689,30","116,45",1356,9,7323,Total,43980,4727,15665,0,64,37444,6536,"49,43","6 002 128,28","123,23",15800,130,80345
Data,Ocup,Opção,Cheg,Oferta/Uso Interno,Deduz. Individ.,Deduz. Grupos,% Ocup.,Receita Quartos,Preço Médio,Saídas,Quartos FdS,Adul. / Cri.,março,Histórico,29-mar-2025 sáb,133,0,59,0,0,126,7,"98,52","17 054,70","128,23",59,1,248,3999,0,1365,0,0,3392,607,"95,69","465 689,30","116,45",1356,9,7323,Total mar,3999,0,1365,0,0,3392,607,"95,69","465 689,30","116,45",1356,9,7323,Total,43980,4727,15665,0,64,37444,6536,"49,43","6 002 128,28","123,23",15800,130,80345
Data,Ocup,Opção,Cheg,Oferta/Uso Interno,Deduz. Individ.,Deduz. Grupos,% Ocup.,Receita Quartos,Preço Médio,Saídas,Quartos FdS,Adul. / Cri.,março,Histórico,30-mar-2025 dom,134,0,60,0,0,111,23,"99,26","15 341,76","114,49",59,1,254,3999,0,1365,0,0,3392,607,"95,69","465 689,30","116,45",1356,9,7323,Total mar,3999,0,1365,0,0,3392,607,"95,69","465 689,30","116,45",1356,9,7323,Total,43980,4727,15665,0,64,37444,6536,"49,43","6 002 128,28","123,23",15800,130,80345
Data,Ocup,Opção,Cheg,Oferta/Uso Interno,Deduz. Individ.,Deduz. Grupos,% Ocup.,Receita Quartos,Preço Médio,Saídas,Quartos FdS,Adul. / Cri.,março,Histórico,31-mar-2025 seg,132,0,41,0,0,108,24,"97,78","15 639,16","118,48",43,1,251,3999,0,1365,0,0,3392,607,"95,69","465 689,30","116,45",1356,9,7323,Total mar,3999,0,1365,0,0,3392,607,"95,69","465 689,30","116,45",1356,9,7323,Total,43980,4727,15665,0,64,37444,6536,"49,43","6 002 128,28","123,23",15800,130,80345
Data,Ocup,Opção,Cheg,Oferta/Uso Interno,Deduz. Individ.,Deduz. Grupos,% Ocup.,Receita Quartos,Preço Médio,Saídas,Quartos FdS,Adul. / Cri.,abril,Histórico,01-abr-2025 ter,132,0,36,0,0,103,29,"97,78","16 534,33","125,26",36,1,248,3859,0,1344,0,14,3385,474,"95,28","554 075,08","143,58",1342,34,7407,Total abr,3859,0,1344,0,14,3385,474,"95,28","554 075,08","143,58",1342,34,7407,Total,43980,4727,15665,0,64,37444,6536,"49,43","6 002 128,28","123,23",15800,130,80345
Data,Ocup,Opção,Cheg,Oferta/Uso Interno,Deduz. Individ.,Deduz. Grupos,% Ocup.,Receita Quartos,Preço Médio,Saídas,Quartos FdS,Adul. / Cri.,abril,Histórico,02-abr-2025 qua,124,0,44,0,0,95,29,"91,85","16 638,29","134,18",52,1,229,3859,0,1344,0,14,3385,474,"95,28","554 075,08","143,58",1342,34,7407,Total abr,3859,0,1344,0,14,3385,474,"95,28","554 075,08","143,58",1342,34,7407,Total,43980,4727,15665,0,64,37444,6536,"49,43","6 002 128,28","123,23",15800,130,80345
Data,Ocup,Opção,Cheg,Oferta/Uso Interno,Deduz. Individ.,Deduz. Grupos,% Ocup.,Receita Quartos,Preço Médio,Saídas,Quartos FdS,Adul. / Cri.,abril,Histórico,03-abr-2025 qui,127,0,42,0,0,96,31,"94,07","17 268,88","135,98",39,1,236,3859,0,1344,0,14,3385,474,"95,28","554 075,08","143,58",1342,34,7407,Total abr,3859,0,1344,0,14,3385,474,"95,28","554 075,08","143,58",1342,34,7407,Total,43980,4727,15665,0,64,37444,6536,"49,43","6 002 128,28","123,23",15800,130,80345
Data,Ocup,Opção,Cheg,Oferta/Uso Interno,Deduz. Individ.,Deduz. Grupos,% Ocup.,Receita Quartos,Preço Médio,Saídas,Quartos FdS,Adul. / Cri.,abril,Histórico,04-abr-2025 sex,133,0,43,0,0,98,35,"98,52","19 318,56","145,25",37,1,251,3859,0,1344,0,14,3385,474,"95,28","554 075,08","143,58",1342,34,7407,Total abr,3859,0,1344,0,14,3385,474,"95,28","554 075,08","143,58",1342,34,7407,Total,43980,4727,15665,0,64,37444,6536,"49,43","6 002 128,28","123,23",15800,130,80345
Data,Ocup,Opção,Cheg,Oferta/Uso Interno,Deduz. Individ.,Deduz. Grupos,% Ocup.,Receita Quartos,Preço Médio,Saídas,Quartos FdS,Adul. / Cri.,abril,Histórico,05-abr-2025 sáb,133,0,61,0,0,107,26,"98,52","19 832,17","149,11",61,2,260,3859,0,1344,0,14,3385,474,"95,28","554 075,08","143,58",1342,34,7407,Total abr,3859,0,1344,0,14,3385,474,"95,28","554 075,08","143,58",1342,34,7407,Total,43980,4727,15665,0,64,37444,6536,"49,43","6 002 128,28","123,23",15800,130,80345
Data,Ocup,Opção,Cheg,Oferta/Uso Interno,Deduz. Individ.,Deduz. Grupos,% Ocup.,Receita Quartos,Preço Médio,Saídas,Quartos FdS,Adul. / Cri.,abril,Histórico,06-abr-2025 dom,131,0,34,0,1,97,34,"97,04","18 352,47","140,10",36,2,255,3859,0,1344,0,14,3385,474,"95,28","554 075,08","143,58",1342,34,7407,Total abr,3859,0,1344,0,14,3385,474,"95,28","554 075,08","143,58",1342,34,7407,Total,43980,4727,15665,0,64,37444,6536,"49,43","6 002 128,28","123,23",15800,130,80345
Data,Ocup,Opção,Cheg,Oferta/Uso Interno,Deduz. Individ.,Deduz. Grupos,% Ocup.,Receita Quartos,Preço Médio,Saídas,Quartos FdS,Adul. / Cri.,abril,Histórico,07-abr-2025 seg,112,0,58,0,1,103,9,"82,96","14 815,17","132,28",77,2,215,3859,0,1344,0,14,3385,474,"95,28","554 075,08","143,58",1342,34,7407,Total abr,3859,0,1344,0,14,3385,474,"95,28","554 075,08","143,58",1342,34,7407,Total,43980,4727,15665,0,64,37444,6536,"49,43","6 002 128,28","123,23",15800,130,80345
Data,Ocup,Opção,Cheg,Oferta/Uso Interno,Deduz. Individ.,Deduz. Grupos,% Ocup.,Receita Quartos,Preço Médio,Saídas,Quartos FdS,Adul. / Cri.,abril,Histórico,08-abr-2025 ter,130,0,40,0,1,120,10,"96,30","17 611,40","135,47",22,2,243,3859,0,1344,0,14,3385,474,"95,28","554 075,08","143,58",1342,34,7407,Total abr,3859,0,1344,0,14,3385,474,"95,28","554 075,08","143,58",1342,34,7407,Total,43980,4727,15665,0,64,37444,6536,"49,43","6 002 128,28","123,23",15800,130,80345
Data,Ocup,Opção,Cheg,Oferta/Uso Interno,Deduz. Individ.,Deduz. Grupos,% Ocup.,Receita Quartos,Preço Médio,Saídas,Quartos FdS,Adul. / Cri.,abril,Histórico,09-abr-2025 qua,128,0,41,0,0,102,26,"94,81","17 630,43","137,74",43,1,239,3859,0,1344,0,14,3385,474,"95,28","554 075,08","143,58",1342,34,7407,Total abr,3859,0,1344,0,14,3385,474,"95,28","554 075,08","143,58",1342,34,7407,Total,43980,4727,15665,0,64,37444,6536,"49,43","6 002 128,28","123,23",15800,130,80345
Data,Ocup,Opção,Cheg,Oferta/Uso Interno,Deduz. Individ.,Deduz. Grupos,% Ocup.,Receita Quartos,Preço Médio,Saídas,Quartos FdS,Adul. / Cri.,abril,Histórico,10-abr-2025 qui,127,0,45,0,1,110,17,"94,07","17 649,89","138,98",46,1,239,3859,0,1344,0,14,3385,474,"95,28","554 075,08","143,58",1342,34,7407,Total abr,3859,0,1344,0,14,3385,474,"95,28","554 075,08","143,58",1342,34,7407,Total,43980,4727,15665,0,64,37444,6536,"49,43","6 002 128,28","123,23",15800,130,80345
Data,Ocup,Opção,Cheg,Oferta/Uso Interno,Deduz. Individ.,Deduz. Grupos,% Ocup.,Receita Quartos,Preço Médio,Saídas,Quartos FdS,Adul. / Cri.,abril,Histórico,11-abr-2025 sex,133,0,48,0,1,116,17,"98,52","20 739,87","155,94",42,1,248,3859,0,1344,0,14,3385,474,"95,28","554 075,08","143,58",1342,34,7407,Total abr,3859,0,1344,0,14,3385,474,"95,28","554 075,08","143,58",1342,34,7407,Total,43980,4727,15665,0,64,37444,6536,"49,43","6 002 128,28","123,23",15800,130,80345
Data,Ocup,Opção,Cheg,Oferta/Uso Interno,Deduz. Individ.,Deduz. Grupos,% Ocup.,Receita Quartos,Preço Médio,Saídas,Quartos FdS,Adul. / Cri.,abril,Histórico,12-abr-2025 sáb,122,0,47,0,1,122,0,"90,37","19 170,75","157,14",58,1,230,3859,0,1344,0,14,3385,474,"95,28","554 075,08","143,58",1342,34,7407,Total abr,3859,0,1344,0,14,3385,474,"95,28","554 075,08","143,58",1342,34,7407,Total,43980,4727,15665,0,64,37444,6536,"49,43","6 002 128,28","123,23",15800,130,80345
Data,Ocup,Opção,Cheg,Oferta/Uso Interno,Deduz. Individ.,Deduz. Grupos,% Ocup.,Receita Quartos,Preço Médio,Saídas,Quartos FdS,Adul. / Cri.,abril,Histórico,13-abr-2025 dom,126,0,47,0,0,126,0,"93,33","17 346,22","137,67",43,1,241,3859,0,1344,0,14,3385,474,"95,28","554 075,08","143,58",1342,34,7407,Total abr,3859,0,1344,0,14,3385,474,"95,28","554 075,08","143,58",1342,34,7407,Total,43980,4727,15665,0,64,37444,6536,"49,43","6 002 128,28","123,23",15800,130,80345
Data,Ocup,Opção,Cheg,Oferta/Uso Interno,Deduz. Individ.,Deduz. Grupos,% Ocup.,Receita Quartos,Preço Médio,Saídas,Quartos FdS,Adul. / Cri.,abril,Histórico,14-abr-2025 seg,130,0,53,0,0,116,14,"96,30","18 079,67","139,07",49,1,249,3859,0,1344,0,14,3385,474,"95,28","554 075,08","143,58",1342,34,7407,Total abr,3859,0,1344,0,14,3385,474,"95,28","554 075,08","143,58",1342,34,7407,Total,43980,4727,15665,0,64,37444,6536,"49,43","6 002 128,28","123,23",15800,130,80345
Data,Ocup,Opção,Cheg,Oferta/Uso Interno,Deduz. Individ.,Deduz. Grupos,% Ocup.,Receita Quartos,Preço Médio,Saídas,Quartos FdS,Adul. / Cri.,abril,Histórico,15-abr-2025 ter,129,0,32,0,0,115,14,"95,56","17 934,63","139,03",33,1,251,3859,0,1344,0,14,3385,474,"95,28","554 075,08","143,58",1342,34,7407,Total abr,3859,0,1344,0,14,3385,474,"95,28","554 075,08","143,58",1342,34,7407,Total,43980,4727,15665,0,64,37444,6536,"49,43","6 002 128,28","123,23",15800,130,80345
Data,Ocup,Opção,Cheg,Oferta/Uso Interno,Deduz. Individ.,Deduz. Grupos,% Ocup.,Receita Quartos,Preço Médio,Saídas,Quartos FdS,Adul. / Cri.,abril,Histórico,16-abr-2025 qua,133,0,34,0,1,119,14,"98,52","18 878,71","141,95",30,1,261,3859,0,1344,0,14,3385,474,"95,28","554 075,08","143,58",1342,34,7407,Total abr,3859,0,1344,0,14,3385,474,"95,28","554 075,08","143,58",1342,34,7407,Total,43980,4727,15665,0,64,37444,6536,"49,43","6 002 128,28","123,23",15800,130,80345
Data,Ocup,Opção,Cheg,Oferta/Uso Interno,Deduz. Individ.,Deduz. Grupos,% Ocup.,Receita Quartos,Preço Médio,Saídas,Quartos FdS,Adul. / Cri.,abril,Histórico,17-abr-2025 qui,130,0,27,0,1,116,14,"96,30","19 254,47","148,11",30,1,255,3859,0,1344,0,14,3385,474,"95,28","554 075,08","143,58",1342,34,7407,Total abr,3859,0,1344,0,14,3385,474,"95,28","554 075,08","143,58",1342,34,7407,Total,43980,4727,15665,0,64,37444,6536,"49,43","6 002 128,28","123,23",15800,130,80345
Data,Ocup,Opção,Cheg,Oferta/Uso Interno,Deduz. Individ.,Deduz. Grupos,% Ocup.,Receita Quartos,Preço Médio,Saídas,Quartos FdS,Adul. / Cri.,abril,Histórico,18-abr-2025 sex,128,0,53,0,1,110,18,"94,81","20 057,92","156,70",55,1,255,3859,0,1344,0,14,3385,474,"95,28","554 075,08","143,58",1342,34,7407,Total abr,3859,0,1344,0,14,3385,474,"95,28","554 075,08","143,58",1342,34,7407,Total,43980,4727,15665,0,64,37444,6536,"49,43","6 002 128,28","123,23",15800,130,80345
Data,Ocup,Opção,Cheg,Oferta/Uso Interno,Deduz. Individ.,Deduz. Grupos,% Ocup.,Receita Quartos,Preço Médio,Saídas,Quartos FdS,Adul. / Cri.,abril,Histórico,19-abr-2025 sáb,134,0,44,0,1,114,20,"99,26","20 992,33","156,66",38,1,264,3859,0,1344,0,14,3385,474,"95,28","554 075,08","143,58",1342,34,7407,Total abr,3859,0,1344,0,14,3385,474,"95,28","554 075,08","143,58",1342,34,7407,Total,43980,4727,15665,0,64,37444,6536,"49,43","6 002 128,28","123,23",15800,130,80345
Data,Ocup,Opção,Cheg,Oferta/Uso Interno,Deduz. Individ.,Deduz. Grupos,% Ocup.,Receita Quartos,Preço Médio,Saídas,Quartos FdS,Adul. / Cri.,abril,Histórico,20-abr-2025 dom,133,0,65,0,0,123,10,"98,52","19 137,96","143,89",66,1,265,3859,0,1344,0,14,3385,474,"95,28","554 075,08","143,58",1342,34,7407,Total abr,3859,0,1344,0,14,3385,474,"95,28","554 075,08","143,58",1342,34,7407,Total,43980,4727,15665,0,64,37444,6536,"49,43","6 002 128,28","123,23",15800,130,80345
Data,Ocup,Opção,Cheg,Oferta/Uso Interno,Deduz. Individ.,Deduz. Grupos,% Ocup.,Receita Quartos,Preço Médio,Saídas,Quartos FdS,Adul. / Cri.,abril,Histórico,21-abr-2025 seg,125,0,32,0,0,115,10,"92,59","17 690,07","141,52",40,1,250,3859,0,1344,0,14,3385,474,"95,28","554 075,08","143,58",1342,34,7407,Total abr,3859,0,1344,0,14,3385,474,"95,28","554 075,08","143,58",1342,34,7407,Total,43980,4727,15665,0,64,37444,6536,"49,43","6 002 128,28","123,23",15800,130,80345
Data,Ocup,Opção,Cheg,Oferta/Uso Interno,Deduz. Individ.,Deduz. Grupos,% Ocup.,Receita Quartos,Preço Médio,Saídas,Quartos FdS,Adul. / Cri.,abril,Histórico,22-abr-2025 ter,118,0,39,0,0,116,2,"87,41","16 965,72","143,78",46,1,232,3859,0,1344,0,14,3385,474,"95,28","554 075,08","143,58",1342,34,7407,Total abr,3859,0,1344,0,14,3385,474,"95,28","554 075,08","143,58",1342,34,7407,Total,43980,4727,15665,0,64,37444,6536,"49,43","6 002 128,28","123,23",15800,130,80345
Data,Ocup,Opção,Cheg,Oferta/Uso Interno,Deduz. Individ.,Deduz. Grupos,% Ocup.,Receita Quartos,Preço Médio,Saídas,Quartos FdS,Adul. / Cri.,abril,Histórico,23-abr-2025 qua,130,0,50,0,0,110,20,"96,30","19 020,12","146,31",38,1,252,3859,0,1344,0,14,3385,474,"95,28","554 075,08","143,58",1342,34,7407,Total abr,3859,0,1344,0,14,3385,474,"95,28","554 075,08","143,58",1342,34,7407,Total,43980,4727,15665,0,64,37444,6536,"49,43","6 002 128,28","123,23",15800,130,80345
Data,Ocup,Opção,Cheg,Oferta/Uso Interno,Deduz. Individ.,Deduz. Grupos,% Ocup.,Receita Quartos,Preço Médio,Saídas,Quartos FdS,Adul. / Cri.,abril,Histórico,24-abr-2025 qui,128,0,35,0,1,105,23,"94,81","18 921,87","147,83",37,1,243,3859,0,1344,0,14,3385,474,"95,28","554 075,08","143,58",1342,34,7407,Total abr,3859,0,1344,0,14,3385,474,"95,28","554 075,08","143,58",1342,34,7407,Total,43980,4727,15665,0,64,37444,6536,"49,43","6 002 128,28","123,23",15800,130,80345
Data,Ocup,Opção,Cheg,Oferta/Uso Interno,Deduz. Individ.,Deduz. Grupos,% Ocup.,Receita Quartos,Preço Médio,Saídas,Quartos FdS,Adul. / Cri.,abril,Histórico,25-abr-2025 sex,132,0,44,0,0,106,26,"97,78","19 778,26","149,84",40,1,256,3859,0,1344,0,14,3385,474,"95,28","554 075,08","143,58",1342,34,7407,Total abr,3859,0,1344,0,14,3385,474,"95,28","554 075,08","143,58",1342,34,7407,Total,43980,4727,15665,0,64,37444,6536,"49,43","6 002 128,28","123,23",15800,130,80345
Data,Ocup,Opção,Cheg,Oferta/Uso Interno,Deduz. Individ.,Deduz. Grupos,% Ocup.,Receita Quartos,Preço Médio,Saídas,Quartos FdS,Adul. / Cri.,abril,Histórico,26-abr-2025 sáb,133,0,48,0,0,124,9,"98,52","20 645,65","155,23",47,1,258,3859,0,1344,0,14,3385,474,"95,28","554 075,08","143,58",1342,34,7407,Total abr,3859,0,1344,0,14,3385,474,"95,28","554 075,08","143,58",1342,34,7407,Total,43980,4727,15665,0,64,37444,6536,"49,43","6 002 128,28","123,23",15800,130,80345
Data,Ocup,Opção,Cheg,Oferta/Uso Interno,Deduz. Individ.,Deduz. Grupos,% Ocup.,Receita Quartos,Preço Médio,Saídas,Quartos FdS,Adul. / Cri.,abril,Histórico,27-abr-2025 dom,131,0,49,0,0,131,0,"97,04","17 924,56","136,83",51,1,249,3859,0,1344,0,14,3385,474,"95,28","554 075,08","143,58",1342,34,7407,Total abr,3859,0,1344,0,14,3385,474,"95,28","554 075,08","143,58",1342,34,7407,Total,43980,4727,15665,0,64,37444,6536,"49,43","6 002 128,28","123,23",15800,130,80345
Data,Ocup,Opção,Cheg,Oferta/Uso Interno,Deduz. Individ.,Deduz. Grupos,% Ocup.,Receita Quartos,Preço Médio,Saídas,Quartos FdS,Adul. / Cri.,abril,Histórico,28-abr-2025 seg,123,0,38,0,1,123,0,"91,11","18 972,67","154,25",46,1,230,3859,0,1344,0,14,3385,474,"95,28","554 075,08","143,58",1342,34,7407,Total abr,3859,0,1344,0,14,3385,474,"95,28","554 075,08","143,58",1342,34,7407,Total,43980,4727,15665,0,64,37444,6536,"49,43","6 002 128,28","123,23",15800,130,80345
Data,Ocup,Opção,Cheg,Oferta/Uso Interno,Deduz. Individ.,Deduz. Grupos,% Ocup.,Receita Quartos,Preço Médio,Saídas,Quartos FdS,Adul. / Cri.,abril,Histórico,29-abr-2025 ter,130,0,50,0,1,130,0,"96,30","18 119,90","139,38",43,1,247,3859,0,1344,0,14,3385,474,"95,28","554 075,08","143,58",1342,34,7407,Total abr,3859,0,1344,0,14,3385,474,"95,28","554 075,08","143,58",1342,34,7407,Total,43980,4727,15665,0,64,37444,6536,"49,43","6 002 128,28","123,23",15800,130,80345
Data,Ocup,Opção,Cheg,Oferta/Uso Interno,Deduz. Individ.,Deduz. Grupos,% Ocup.,Receita Quartos,Preço Médio,Saídas,Quartos FdS,Adul. / Cri.,abril,Histórico,30-abr-2025 qua,134,0,65,0,1,117,17,"99,26","18 792,15","140,24",61,1,256,3859,0,1344,0,14,3385,474,"95,28","554 075,08","143,58",1342,34,7407,Total abr,3859,0,1344,0,14,3385,474,"95,28","554 075,08","143,58",1342,34,7407,Total,43980,4727,15665,0,64,37444,6536,"49,43","6 002 128,28","123,23",15800,130,80345
Data,Ocup,Opção,Cheg,Oferta/Uso Interno,Deduz. Individ.,Deduz. Grupos,% Ocup.,Receita Quartos,Preço Médio,Saídas,Quartos FdS,Adul. / Cri.,maio,Histórico,01-mai-2025 qui,130,0,50,0,1,102,28,"96,30","21 115,34","162,43",54,1,238,4007,0,1500,0,2,3281,726,"95,77","655 674,79","163,63",1501,77,7395,Total mai,4007,0,1500,0,2,3281,726,"95,77","655 674,79","163,63",1501,77,7395,Total,43980,4727,15665,0,64,37444,6536,"49,43","6 002 128,28","123,23",15800,130,80345
Data,Ocup,Opção,Cheg,Oferta/Uso Interno,Deduz. Individ.,Deduz. Grupos,% Ocup.,Receita Quartos,Preço Médio,Saídas,Quartos FdS,Adul. / Cri.,maio,Histórico,02-mai-2025 sex,132,0,26,0,0,104,28,"97,78","21 566,82","163,39",24,1,246,4007,0,1500,0,2,3281,726,"95,77","655 674,79","163,63",1501,77,7395,Total mai,4007,0,1500,0,2,3281,726,"95,77","655 674,79","163,63",1501,77,7395,Total,43980,4727,15665,0,64,37444,6536,"49,43","6 002 128,28","123,23",15800,130,80345
Data,Ocup,Opção,Cheg,Oferta/Uso Interno,Deduz. Individ.,Deduz. Grupos,% Ocup.,Receita Quartos,Preço Médio,Saídas,Quartos FdS,Adul. / Cri.,maio,Histórico,03-mai-2025 sáb,132,0,57,0,0,132,0,"97,78","22 662,82","171,69",57,1,247,4007,0,1500,0,2,3281,726,"95,77","655 674,79","163,63",1501,77,7395,Total mai,4007,0,1500,0,2,3281,726,"95,77","655 674,79","163,63",1501,77,7395,Total,43980,4727,15665,0,64,37444,6536,"49,43","6 002 128,28","123,23",15800,130,80345
Data,Ocup,Opção,Cheg,Oferta/Uso Interno,Deduz. Individ.,Deduz. Grupos,% Ocup.,Receita Quartos,Preço Médio,Saídas,Quartos FdS,Adul. / Cri.,maio,Histórico,04-mai-2025 dom,120,0,44,0,0,111,9,"88,89","18 262,63","152,19",56,1,222,4007,0,1500,0,2,3281,726,"95,77","655 674,79","163,63",1501,77,7395,Total mai,4007,0,1500,0,2,3281,726,"95,77","655 674,79","163,63",1501,77,7395,Total,43980,4727,15665,0,64,37444,6536,"49,43","6 002 128,28","123,23",15800,130,80345
Data,Ocup,Opção,Cheg,Oferta/Uso Interno,Deduz. Individ.,Deduz. Grupos,% Ocup.,Receita Quartos,Preço Médio,Saídas,Quartos FdS,Adul. / Cri.,maio,Histórico,05-mai-2025 seg,117,0,39,0,0,108,9,"86,67","18 593,64","158,92",42,17,220,4007,0,1500,0,2,3281,726,"95,77","655 674,79","163,63",1501,77,7395,Total mai,4007,0,1500,0,2,3281,726,"95,77","655 674,79","163,63",1501,77,7395,Total,43980,4727,15665,0,64,37444,6536,"49,43","6 002 128,28","123,23",15800,130,80345
Data,Ocup,Opção,Cheg,Oferta/Uso Interno,Deduz. Individ.,Deduz. Grupos,% Ocup.,Receita Quartos,Preço Médio,Saídas,Quartos FdS,Adul. / Cri.,maio,Histórico,06-mai-2025 ter,109,0,32,0,0,109,0,"81,34","17 471,08","160,29",40,16,205,4007,0,1500,0,2,3281,726,"95,77","655 674,79","163,63",1501,77,7395,Total mai,4007,0,1500,0,2,3281,726,"95,77","655 674,79","163,63",1501,77,7395,Total,43980,4727,15665,0,64,37444,6536,"49,43","6 002 128,28","123,23",15800,130,80345
Data,Ocup,Opção,Cheg,Oferta/Uso Interno,Deduz. Individ.,Deduz. Grupos,% Ocup.,Receita Quartos,Preço Médio,Saídas,Quartos FdS,Adul. / Cri.,maio,Histórico,07-mai-2025 qua,118,0,64,0,0,101,17,"87,41","19 208,84","162,79",55,16,212,4007,0,1500,0,2,3281,726,"95,77","655 674,79","163,63",1501,77,7395,Total mai,4007,0,1500,0,2,3281,726,"95,77","655 674,79","163,63",1501,77,7395,Total,43980,4727,15665,0,64,37444,6536,"49,43","6 002 128,28","123,23",15800,130,80345
Data,Ocup,Opção,Cheg,Oferta/Uso Interno,Deduz. Individ.,Deduz. Grupos,% Ocup.,Receita Quartos,Preço Médio,Saídas,Quartos FdS,Adul. / Cri.,maio,Histórico,08-mai-2025 qui,118,0,33,0,0,101,17,"87,41","20 068,94","170,08",33,7,216,4007,0,1500,0,2,3281,726,"95,77","655 674,79","163,63",1501,77,7395,Total mai,4007,0,1500,0,2,3281,726,"95,77","655 674,79","163,63",1501,77,7395,Total,43980,4727,15665,0,64,37444,6536,"49,43","6 002 128,28","123,23",15800,130,80345
Data,Ocup,Opção,Cheg,Oferta/Uso Interno,Deduz. Individ.,Deduz. Grupos,% Ocup.,Receita Quartos,Preço Médio,Saídas,Quartos FdS,Adul. / Cri.,maio,Histórico,09-mai-2025 sex,127,0,49,0,0,110,17,"94,07","22 940,91","180,64",40,3,243,4007,0,1500,0,2,3281,726,"95,77","655 674,79","163,63",1501,77,7395,Total mai,4007,0,1500,0,2,3281,726,"95,77","655 674,79","163,63",1501,77,7395,Total,43980,4727,15665,0,64,37444,6536,"49,43","6 002 128,28","123,23",15800,130,80345
Data,Ocup,Opção,Cheg,Oferta/Uso Interno,Deduz. Individ.,Deduz. Grupos,% Ocup.,Receita Quartos,Preço Médio,Saídas,Quartos FdS,Adul. / Cri.,maio,Histórico,10-mai-2025 sáb,133,0,46,0,1,133,0,"98,52","25 471,11","191,51",40,2,256,4007,0,1500,0,2,3281,726,"95,77","655 674,79","163,63",1501,77,7395,Total mai,4007,0,1500,0,2,3281,726,"95,77","655 674,79","163,63",1501,77,7395,Total,43980,4727,15665,0,64,37444,6536,"49,43","6 002 128,28","123,23",15800,130,80345
Data,Ocup,Opção,Cheg,Oferta/Uso Interno,Deduz. Individ.,Deduz. Grupos,% Ocup.,Receita Quartos,Preço Médio,Saídas,Quartos FdS,Adul. / Cri.,maio,Histórico,11-mai-2025 dom,126,0,50,0,0,126,0,"93,33","20 522,59","162,88",57,2,236,4007,0,1500,0,2,3281,726,"95,77","655 674,79","163,63",1501,77,7395,Total mai,4007,0,1500,0,2,3281,726,"95,77","655 674,79","163,63",1501,77,7395,Total,43980,4727,15665,0,64,37444,6536,"49,43","6 002 128,28","123,23",15800,130,80345
Data,Ocup,Opção,Cheg,Oferta/Uso Interno,Deduz. Individ.,Deduz. Grupos,% Ocup.,Receita Quartos,Preço Médio,Saídas,Quartos FdS,Adul. / Cri.,maio,Histórico,12-mai-2025 seg,129,0,34,0,0,129,0,"95,56","21 618,95","167,59",31,2,233,4007,0,1500,0,2,3281,726,"95,77","655 674,79","163,63",1501,77,7395,Total mai,4007,0,1500,0,2,3281,726,"95,77","655 674,79","163,63",1501,77,7395,Total,43980,4727,15665,0,64,37444,6536,"49,43","6 002 128,28","123,23",15800,130,80345
Data,Ocup,Opção,Cheg,Oferta/Uso Interno,Deduz. Individ.,Deduz. Grupos,% Ocup.,Receita Quartos,Preço Médio,Saídas,Quartos FdS,Adul. / Cri.,maio,Histórico,13-mai-2025 ter,134,0,62,0,0,102,32,"99,26","20 877,36","155,80",57,1,231,4007,0,1500,0,2,3281,726,"95,77","655 674,79","163,63",1501,77,7395,Total mai,4007,0,1500,0,2,3281,726,"95,77","655 674,79","163,63",1501,77,7395,Total,43980,4727,15665,0,64,37444,6536,"49,43","6 002 128,28","123,23",15800,130,80345
Data,Ocup,Opção,Cheg,Oferta/Uso Interno,Deduz. Individ.,Deduz. Grupos,% Ocup.,Receita Quartos,Preço Médio,Saídas,Quartos FdS,Adul. / Cri.,maio,Histórico,14-mai-2025 qua,132,0,53,0,0,77,55,"97,78","19 672,23","149,03",55,1,231,4007,0,1500,0,2,3281,726,"95,77","655 674,79","163,63",1501,77,7395,Total mai,4007,0,1500,0,2,3281,726,"95,77","655 674,79","163,63",1501,77,7395,Total,43980,4727,15665,0,64,37444,6536,"49,43","6 002 128,28","123,23",15800,130,80345
Data,Ocup,Opção,Cheg,Oferta/Uso Interno,Deduz. Individ.,Deduz. Grupos,% Ocup.,Receita Quartos,Preço Médio,Saídas,Quartos FdS,Adul. / Cri.,maio,Histórico,15-mai-2025 qui,130,0,47,0,0,86,44,"96,30","20 494,28","157,65",49,1,233,4007,0,1500,0,2,3281,726,"95,77","655 674,79","163,63",1501,77,7395,Total mai,4007,0,1500,0,2,3281,726,"95,77","655 674,79","163,63",1501,77,7395,Total,43980,4727,15665,0,64,37444,6536,"49,43","6 002 128,28","123,23",15800,130,80345
Data,Ocup,Opção,Cheg,Oferta/Uso Interno,Deduz. Individ.,Deduz. Grupos,% Ocup.,Receita Quartos,Preço Médio,Saídas,Quartos FdS,Adul. / Cri.,maio,Histórico,16-mai-2025 sex,133,0,59,0,0,102,31,"98,52","22 681,08","170,53",56,1,241,4007,0,1500,0,2,3281,726,"95,77","655 674,79","163,63",1501,77,7395,Total mai,4007,0,1500,0,2,3281,726,"95,77","655 674,79","163,63",1501,77,7395,Total,43980,4727,15665,0,64,37444,6536,"49,43","6 002 128,28","123,23",15800,130,80345
Data,Ocup,Opção,Cheg,Oferta/Uso Interno,Deduz. Individ.,Deduz. Grupos,% Ocup.,Receita Quartos,Preço Médio,Saídas,Quartos FdS,Adul. / Cri.,maio,Histórico,17-mai-2025 sáb,132,0,60,0,0,120,12,"97,78","21 448,91","162,49",61,1,247,4007,0,1500,0,2,3281,726,"95,77","655 674,79","163,63",1501,77,7395,Total mai,4007,0,1500,0,2,3281,726,"95,77","655 674,79","163,63",1501,77,7395,Total,43980,4727,15665,0,64,37444,6536,"49,43","6 002 128,28","123,23",15800,130,80345
Data,Ocup,Opção,Cheg,Oferta/Uso Interno,Deduz. Individ.,Deduz. Grupos,% Ocup.,Receita Quartos,Preço Médio,Saídas,Quartos FdS,Adul. / Cri.,maio,Histórico,18-mai-2025 dom,132,0,58,0,0,96,36,"97,78","20 352,40","154,18",58,1,245,4007,0,1500,0,2,3281,726,"95,77","655 674,79","163,63",1501,77,7395,Total mai,4007,0,1500,0,2,3281,726,"95,77","655 674,79","163,63",1501,77,7395,Total,43980,4727,15665,0,64,37444,6536,"49,43","6 002 128,28","123,23",15800,130,80345
Data,Ocup,Opção,Cheg,Oferta/Uso Interno,Deduz. Individ.,Deduz. Grupos,% Ocup.,Receita Quartos,Preço Médio,Saídas,Quartos FdS,Adul. / Cri.,maio,Histórico,19-mai-2025 seg,131,0,47,0,0,106,25,"97,04","19 911,19","151,99",48,2,246,4007,0,1500,0,2,3281,726,"95,77","655 674,79","163,63",1501,77,7395,Total mai,4007,0,1500,0,2,3281,726,"95,77","655 674,79","163,63",1501,77,7395,Total,43980,4727,15665,0,64,37444,6536,"49,43","6 002 128,28","123,23",15800,130,80345
Data,Ocup,Opção,Cheg,Oferta/Uso Interno,Deduz. Individ.,Deduz. Grupos,% Ocup.,Receita Quartos,Preço Médio,Saídas,Quartos FdS,Adul. / Cri.,maio,Histórico,20-mai-2025 ter,135,0,42,0,0,108,27,"100,00","22 274,18","164,99",38,0,249,4007,0,1500,0,2,3281,726,"95,77","655 674,79","163,63",1501,77,7395,Total mai,4007,0,1500,0,2,3281,726,"95,77","655 674,79","163,63",1501,77,7395,Total,43980,4727,15665,0,64,37444,6536,"49,43","6 002 128,28","123,23",15800,130,80345
Data,Ocup,Opção,Cheg,Oferta/Uso Interno,Deduz. Individ.,Deduz. Grupos,% Ocup.,Receita Quartos,Preço Médio,Saídas,Quartos FdS,Adul. / Cri.,maio,Histórico,21-mai-2025 qua,132,0,67,0,0,109,23,"97,78","19 928,45","150,97",70,0,245,4007,0,1500,0,2,3281,726,"95,77","655 674,79","163,63",1501,77,7395,Total mai,4007,0,1500,0,2,3281,726,"95,77","655 674,79","163,63",1501,77,7395,Total,43980,4727,15665,0,64,37444,6536,"49,43","6 002 128,28","123,23",15800,130,80345
Data,Ocup,Opção,Cheg,Oferta/Uso Interno,Deduz. Individ.,Deduz. Grupos,% Ocup.,Receita Quartos,Preço Médio,Saídas,Quartos FdS,Adul. / Cri.,maio,Histórico,22-mai-2025 qui,132,0,49,0,0,89,43,"97,78","21 895,69","165,88",49,0,239,4007,0,1500,0,2,3281,726,"95,77","655 674,79","163,63",1501,77,7395,Total mai,4007,0,1500,0,2,3281,726,"95,77","655 674,79","163,63",1501,77,7395,Total,43980,4727,15665,0,64,37444,6536,"49,43","6 002 128,28","123,23",15800,130,80345
Data,Ocup,Opção,Cheg,Oferta/Uso Interno,Deduz. Individ.,Deduz. Grupos,% Ocup.,Receita Quartos,Preço Médio,Saídas,Quartos FdS,Adul. / Cri.,maio,Histórico,23-mai-2025 sex,132,0,37,0,0,96,36,"97,78","22 971,93","174,03",37,0,244,4007,0,1500,0,2,3281,726,"95,77","655 674,79","163,63",1501,77,7395,Total mai,4007,0,1500,0,2,3281,726,"95,77","655 674,79","163,63",1501,77,7395,Total,43980,4727,15665,0,64,37444,6536,"49,43","6 002 128,28","123,23",15800,130,80345
Data,Ocup,Opção,Cheg,Oferta/Uso Interno,Deduz. Individ.,Deduz. Grupos,% Ocup.,Receita Quartos,Preço Médio,Saídas,Quartos FdS,Adul. / Cri.,maio,Histórico,24-mai-2025 sáb,130,0,64,0,0,127,3,"96,30","23 800,96","183,08",66,0,231,4007,0,1500,0,2,3281,726,"95,77","655 674,79","163,63",1501,77,7395,Total mai,4007,0,1500,0,2,3281,726,"95,77","655 674,79","163,63",1501,77,7395,Total,43980,4727,15665,0,64,37444,6536,"49,43","6 002 128,28","123,23",15800,130,80345
Data,Ocup,Opção,Cheg,Oferta/Uso Interno,Deduz. Individ.,Deduz. Grupos,% Ocup.,Receita Quartos,Preço Médio,Saídas,Quartos FdS,Adul. / Cri.,maio,Histórico,25-mai-2025 dom,131,0,65,0,0,110,21,"97,04","21 013,46","160,41",64,0,227,4007,0,1500,0,2,3281,726,"95,77","655 674,79","163,63",1501,77,7395,Total mai,4007,0,1500,0,2,3281,726,"95,77","655 674,79","163,63",1501,77,7395,Total,43980,4727,15665,0,64,37444,6536,"49,43","6 002 128,28","123,23",15800,130,80345
Data,Ocup,Opção,Cheg,Oferta/Uso Interno,Deduz. Individ.,Deduz. Grupos,% Ocup.,Receita Quartos,Preço Médio,Saídas,Quartos FdS,Adul. / Cri.,maio,Histórico,26-mai-2025 seg,134,0,43,0,0,125,9,"99,26","20 719,07","154,62",40,0,237,4007,0,1500,0,2,3281,726,"95,77","655 674,79","163,63",1501,77,7395,Total mai,4007,0,1500,0,2,3281,726,"95,77","655 674,79","163,63",1501,77,7395,Total,43980,4727,15665,0,64,37444,6536,"49,43","6 002 128,28","123,23",15800,130,80345
Data,Ocup,Opção,Cheg,Oferta/Uso Interno,Deduz. Individ.,Deduz. Grupos,% Ocup.,Receita Quartos,Preço Médio,Saídas,Quartos FdS,Adul. / Cri.,maio,Histórico,27-mai-2025 ter,133,0,46,0,0,133,0,"98,52","21 011,14","157,98",47,0,243,4007,0,1500,0,2,3281,726,"95,77","655 674,79","163,63",1501,77,7395,Total mai,4007,0,1500,0,2,3281,726,"95,77","655 674,79","163,63",1501,77,7395,Total,43980,4727,15665,0,64,37444,6536,"49,43","6 002 128,28","123,23",15800,130,80345
Data,Ocup,Opção,Cheg,Oferta/Uso Interno,Deduz. Individ.,Deduz. Grupos,% Ocup.,Receita Quartos,Preço Médio,Saídas,Quartos FdS,Adul. / Cri.,maio,Histórico,28-mai-2025 qua,131,0,54,0,0,97,34,"97,04","21 629,60","165,11",56,0,256,4007,0,1500,0,2,3281,726,"95,77","655 674,79","163,63",1501,77,7395,Total mai,4007,0,1500,0,2,3281,726,"95,77","655 674,79","163,63",1501,77,7395,Total,43980,4727,15665,0,64,37444,6536,"49,43","6 002 128,28","123,23",15800,130,80345
Data,Ocup,Opção,Cheg,Oferta/Uso Interno,Deduz. Individ.,Deduz. Grupos,% Ocup.,Receita Quartos,Preço Médio,Saídas,Quartos FdS,Adul. / Cri.,maio,Histórico,29-mai-2025 qui,135,0,57,0,0,73,62,"100,00","21 395,29","158,48",53,0,256,4007,0,1500,0,2,3281,726,"95,77","655 674,79","163,63",1501,77,7395,Total mai,4007,0,1500,0,2,3281,726,"95,77","655 674,79","163,63",1501,77,7395,Total,43980,4727,15665,0,64,37444,6536,"49,43","6 002 128,28","123,23",15800,130,80345
Data,Ocup,Opção,Cheg,Oferta/Uso Interno,Deduz. Individ.,Deduz. Grupos,% Ocup.,Receita Quartos,Preço Médio,Saídas,Quartos FdS,Adul. / Cri.,maio,Histórico,30-mai-2025 sex,134,0,26,0,0,72,62,"99,26","21 611,94","161,28",27,0,262,4007,0,1500,0,2,3281,726,"95,77","655 674,79","163,63",1501,77,7395,Total mai,4007,0,1500,0,2,3281,726,"95,77","655 674,79","163,63",1501,77,7395,Total,43980,4727,15665,0,64,37444,6536,"49,43","6 002 128,28","123,23",15800,130,80345
Data,Ocup,Opção,Cheg,Oferta/Uso Interno,Deduz. Individ.,Deduz. Grupos,% Ocup.,Receita Quartos,Preço Médio,Saídas,Quartos FdS,Adul. / Cri.,maio,Histórico,31-mai-2025 sáb,133,0,40,0,0,87,46,"98,52","22 481,97","169,04",41,0,258,4007,0,1500,0,2,3281,726,"95,77","655 674,79","163,63",1501,77,7395,Total mai,4007,0,1500,0,2,3281,726,"95,77","655 674,79","163,63",1501,77,7395,Total,43980,4727,15665,0,64,37444,6536,"49,43","6 002 128,28","123,23",15800,130,80345
Data,Ocup,Opção,Cheg,Oferta/Uso Interno,Deduz. Individ.,Deduz. Grupos,% Ocup.,Receita Quartos,Preço Médio,Saídas,Quartos FdS,Adul. / Cri.,junho,Histórico,01-jun-2025 dom,130,0,74,0,0,130,0,"96,30","19 503,59","150,03",77,0,238,3969,2,1513,0,7,3268,701,"98,05","595 507,63","149,96",1512,1,7340,Total jun,3969,2,1513,0,7,3268,701,"98,05","595 507,63","149,96",1512,1,7340,Total,43980,4727,15665,0,64,37444,6536,"49,43","6 002 128,28","123,23",15800,130,80345
Data,Ocup,Opção,Cheg,Oferta/Uso Interno,Deduz. Individ.,Deduz. Grupos,% Ocup.,Receita Quartos,Preço Médio,Saídas,Quartos FdS,Adul. / Cri.,junho,Histórico,02-jun-2025 seg,134,0,47,0,0,134,0,"99,26","20 287,43","151,40",43,0,254,3969,2,1513,0,7,3268,701,"98,05","595 507,63","149,96",1512,1,7340,Total jun,3969,2,1513,0,7,3268,701,"98,05","595 507,63","149,96",1512,1,7340,Total,43980,4727,15665,0,64,37444,6536,"49,43","6 002 128,28","123,23",15800,130,80345
Data,Ocup,Opção,Cheg,Oferta/Uso Interno,Deduz. Individ.,Deduz. Grupos,% Ocup.,Receita Quartos,Preço Médio,Saídas,Quartos FdS,Adul. / Cri.,junho,Histórico,03-jun-2025 ter,132,0,38,0,0,132,0,"97,78","19 500,43","147,73",40,0,249,3969,2,1513,0,7,3268,701,"98,05","595 507,63","149,96",1512,1,7340,Total jun,3969,2,1513,0,7,3268,701,"98,05","595 507,63","149,96",1512,1,7340,Total,43980,4727,15665,0,64,37444,6536,"49,43","6 002 128,28","123,23",15800,130,80345
Data,Ocup,Opção,Cheg,Oferta/Uso Interno,Deduz. Individ.,Deduz. Grupos,% Ocup.,Receita Quartos,Preço Médio,Saídas,Quartos FdS,Adul. / Cri.,junho,Histórico,04-jun-2025 qua,134,0,53,0,0,108,26,"99,26","19 729,52","147,24",51,0,246,3969,2,1513,0,7,3268,701,"98,05","595 507,63","149,96",1512,1,7340,Total jun,3969,2,1513,0,7,3268,701,"98,05","595 507,63","149,96",1512,1,7340,Total,43980,4727,15665,0,64,37444,6536,"49,43","6 002 128,28","123,23",15800,130,80345
Data,Ocup,Opção,Cheg,Oferta/Uso Interno,Deduz. Individ.,Deduz. Grupos,% Ocup.,Receita Quartos,Preço Médio,Saídas,Quartos FdS,Adul. / Cri.,junho,Histórico,05-jun-2025 qui,132,0,49,0,0,93,39,"97,78","19 499,52","147,72",51,0,230,3969,2,1513,0,7,3268,701,"98,05","595 507,63","149,96",1512,1,7340,Total jun,3969,2,1513,0,7,3268,701,"98,05","595 507,63","149,96",1512,1,7340,Total,43980,4727,15665,0,64,37444,6536,"49,43","6 002 128,28","123,23",15800,130,80345
Data,Ocup,Opção,Cheg,Oferta/Uso Interno,Deduz. Individ.,Deduz. Grupos,% Ocup.,Receita Quartos,Preço Médio,Saídas,Quartos FdS,Adul. / Cri.,junho,Histórico,06-jun-2025 sex,134,0,75,0,0,69,65,"99,26","20 544,22","153,32",73,0,248,3969,2,1513,0,7,3268,701,"98,05","595 507,63","149,96",1512,1,7340,Total jun,3969,2,1513,0,7,3268,701,"98,05","595 507,63","149,96",1512,1,7340,Total,43980,4727,15665,0,64,37444,6536,"49,43","6 002 128,28","123,23",15800,130,80345
Data,Ocup,Opção,Cheg,Oferta/Uso Interno,Deduz. Individ.,Deduz. Grupos,% Ocup.,Receita Quartos,Preço Médio,Saídas,Quartos FdS,Adul. / Cri.,junho,Histórico,07-jun-2025 sáb,135,0,45,0,0,86,49,"100,00","21 138,88","156,58",44,0,254,3969,2,1513,0,7,3268,701,"98,05","595 507,63","149,96",1512,1,7340,Total jun,3969,2,1513,0,7,3268,701,"98,05","595 507,63","149,96",1512,1,7340,Total,43980,4727,15665,0,64,37444,6536,"49,43","6 002 128,28","123,23",15800,130,80345
Data,Ocup,Opção,Cheg,Oferta/Uso Interno,Deduz. Individ.,Deduz. Grupos,% Ocup.,Receita Quartos,Preço Médio,Saídas,Quartos FdS,Adul. / Cri.,junho,Histórico,08-jun-2025 dom,135,0,34,0,0,80,55,"100,00","19 459,15","144,14",34,0,253,3969,2,1513,0,7,3268,701,"98,05","595 507,63","149,96",1512,1,7340,Total jun,3969,2,1513,0,7,3268,701,"98,05","595 507,63","149,96",1512,1,7340,Total,43980,4727,15665,0,64,37444,6536,"49,43","6 002 128,28","123,23",15800,130,80345
Data,Ocup,Opção,Cheg,Oferta/Uso Interno,Deduz. Individ.,Deduz. Grupos,% Ocup.,Receita Quartos,Preço Médio,Saídas,Quartos FdS,Adul. / Cri.,junho,Histórico,09-jun-2025 seg,131,0,80,0,1,102,29,"97,04","18 173,91","138,73",84,0,246,3969,2,1513,0,7,3268,701,"98,05","595 507,63","149,96",1512,1,7340,Total jun,3969,2,1513,0,7,3268,701,"98,05","595 507,63","149,96",1512,1,7340,Total,43980,4727,15665,0,64,37444,6536,"49,43","6 002 128,28","123,23",15800,130,80345
Data,Ocup,Opção,Cheg,Oferta/Uso Interno,Deduz. Individ.,Deduz. Grupos,% Ocup.,Receita Quartos,Preço Médio,Saídas,Quartos FdS,Adul. / Cri.,junho,Histórico,10-jun-2025 ter,130,0,44,0,1,97,33,"96,30","18 719,77","144,00",45,1,234,3969,2,1513,0,7,3268,701,"98,05","595 507,63","149,96",1512,1,7340,Total jun,3969,2,1513,0,7,3268,701,"98,05","595 507,63","149,96",1512,1,7340,Total,43980,4727,15665,0,64,37444,6536,"49,43","6 002 128,28","123,23",15800,130,80345
Data,Ocup,Opção,Cheg,Oferta/Uso Interno,Deduz. Individ.,Deduz. Grupos,% Ocup.,Receita Quartos,Preço Médio,Saídas,Quartos FdS,Adul. / Cri.,junho,Histórico,11-jun-2025 qua,131,0,40,0,0,84,47,"97,04","19 240,22","146,87",39,0,235,3969,2,1513,0,7,3268,701,"98,05","595 507,63","149,96",1512,1,7340,Total jun,3969,2,1513,0,7,3268,701,"98,05","595 507,63","149,96",1512,1,7340,Total,43980,4727,15665,0,64,37444,6536,"49,43","6 002 128,28","123,23",15800,130,80345
Data,Ocup,Opção,Cheg,Oferta/Uso Interno,Deduz. Individ.,Deduz. Grupos,% Ocup.,Receita Quartos,Preço Médio,Saídas,Quartos FdS,Adul. / Cri.,junho,Histórico,12-jun-2025 qui,125,0,52,0,0,110,15,"92,59","18 370,47","146,96",58,0,225,3969,2,1513,0,7,3268,701,"98,05","595 507,63","149,96",1512,1,7340,Total jun,3969,2,1513,0,7,3268,701,"98,05","595 507,63","149,96",1512,1,7340,Total,43980,4727,15665,0,64,37444,6536,"49,43","6 002 128,28","123,23",15800,130,80345
Data,Ocup,Opção,Cheg,Oferta/Uso Interno,Deduz. Individ.,Deduz. Grupos,% Ocup.,Receita Quartos,Preço Médio,Saídas,Quartos FdS,Adul. / Cri.,junho,Histórico,13-jun-2025 sex,133,0,49,0,0,102,31,"98,52","21 936,13","164,93",41,0,244,3969,2,1513,0,7,3268,701,"98,05","595 507,63","149,96",1512,1,7340,Total jun,3969,2,1513,0,7,3268,701,"98,05","595 507,63","149,96",1512,1,7340,Total,43980,4727,15665,0,64,37444,6536,"49,43","6 002 128,28","123,23",15800,130,80345
Data,Ocup,Opção,Cheg,Oferta/Uso Interno,Deduz. Individ.,Deduz. Grupos,% Ocup.,Receita Quartos,Preço Médio,Saídas,Quartos FdS,Adul. / Cri.,junho,Histórico,14-jun-2025 sáb,134,0,47,0,0,118,16,"99,26","22 237,24","165,95",46,0,246,3969,2,1513,0,7,3268,701,"98,05","595 507,63","149,96",1512,1,7340,Total jun,3969,2,1513,0,7,3268,701,"98,05","595 507,63","149,96",1512,1,7340,Total,43980,4727,15665,0,64,37444,6536,"49,43","6 002 128,28","123,23",15800,130,80345
Data,Ocup,Opção,Cheg,Oferta/Uso Interno,Deduz. Individ.,Deduz. Grupos,% Ocup.,Receita Quartos,Preço Médio,Saídas,Quartos FdS,Adul. / Cri.,junho,Histórico,15-jun-2025 dom,130,0,60,0,2,120,10,"96,30","19 071,08","146,70",64,0,241,3969,2,1513,0,7,3268,701,"98,05","595 507,63","149,96",1512,1,7340,Total jun,3969,2,1513,0,7,3268,701,"98,05","595 507,63","149,96",1512,1,7340,Total,43980,4727,15665,0,64,37444,6536,"49,43","6 002 128,28","123,23",15800,130,80345
Data,Ocup,Opção,Cheg,Oferta/Uso Interno,Deduz. Individ.,Deduz. Grupos,% Ocup.,Receita Quartos,Preço Médio,Saídas,Quartos FdS,Adul. / Cri.,junho,Histórico,16-jun-2025 seg,135,0,60,0,0,133,2,"100,00","19 569,51","144,96",55,0,249,3969,2,1513,0,7,3268,701,"98,05","595 507,63","149,96",1512,1,7340,Total jun,3969,2,1513,0,7,3268,701,"98,05","595 507,63","149,96",1512,1,7340,Total,43980,4727,15665,0,64,37444,6536,"49,43","6 002 128,28","123,23",15800,130,80345
Data,Ocup,Opção,Cheg,Oferta/Uso Interno,Deduz. Individ.,Deduz. Grupos,% Ocup.,Receita Quartos,Preço Médio,Saídas,Quartos FdS,Adul. / Cri.,junho,Histórico,17-jun-2025 ter,135,0,38,0,0,135,0,"100,00","19 599,92","145,18",38,0,247,3969,2,1513,0,7,3268,701,"98,05","595 507,63","149,96",1512,1,7340,Total jun,3969,2,1513,0,7,3268,701,"98,05","595 507,63","149,96",1512,1,7340,Total,43980,4727,15665,0,64,37444,6536,"49,43","6 002 128,28","123,23",15800,130,80345
Data,Ocup,Opção,Cheg,Oferta/Uso Interno,Deduz. Individ.,Deduz. Grupos,% Ocup.,Receita Quartos,Preço Médio,Saídas,Quartos FdS,Adul. / Cri.,junho,Histórico,18-jun-2025 qua,134,0,56,0,0,117,17,"99,26","21 903,95","163,46",57,0,247,3969,2,1513,0,7,3268,701,"98,05","595 507,63","149,96",1512,1,7340,Total jun,3969,2,1513,0,7,3268,701,"98,05","595 507,63","149,96",1512,1,7340,Total,43980,4727,15665,0,64,37444,6536,"49,43","6 002 128,28","123,23",15800,130,80345
Data,Ocup,Opção,Cheg,Oferta/Uso Interno,Deduz. Individ.,Deduz. Grupos,% Ocup.,Receita Quartos,Preço Médio,Saídas,Quartos FdS,Adul. / Cri.,junho,Histórico,19-jun-2025 qui,129,0,37,0,0,99,30,"95,56","20 962,14","162,50",42,0,243,3969,2,1513,0,7,3268,701,"98,05","595 507,63","149,96",1512,1,7340,Total jun,3969,2,1513,0,7,3268,701,"98,05","595 507,63","149,96",1512,1,7340,Total,43980,4727,15665,0,64,37444,6536,"49,43","6 002 128,28","123,23",15800,130,80345
Data,Ocup,Opção,Cheg,Oferta/Uso Interno,Deduz. Individ.,Deduz. Grupos,% Ocup.,Receita Quartos,Preço Médio,Saídas,Quartos FdS,Adul. / Cri.,junho,Histórico,20-jun-2025 sex,134,0,45,0,0,96,38,"99,26","21 233,60","158,46",40,0,251,3969,2,1513,0,7,3268,701,"98,05","595 507,63","149,96",1512,1,7340,Total jun,3969,2,1513,0,7,3268,701,"98,05","595 507,63","149,96",1512,1,7340,Total,43980,4727,15665,0,64,37444,6536,"49,43","6 002 128,28","123,23",15800,130,80345
Data,Ocup,Opção,Cheg,Oferta/Uso Interno,Deduz. Individ.,Deduz. Grupos,% Ocup.,Receita Quartos,Preço Médio,Saídas,Quartos FdS,Adul. / Cri.,junho,Histórico,21-jun-2025 sáb,131,0,46,0,1,122,9,"97,04","21 081,76","160,93",49,0,247,3969,2,1513,0,7,3268,701,"98,05","595 507,63","149,96",1512,1,7340,Total jun,3969,2,1513,0,7,3268,701,"98,05","595 507,63","149,96",1512,1,7340,Total,43980,4727,15665,0,64,37444,6536,"49,43","6 002 128,28","123,23",15800,130,80345
Data,Ocup,Opção,Cheg,Oferta/Uso Interno,Deduz. Individ.,Deduz. Grupos,% Ocup.,Receita Quartos,Preço Médio,Saídas,Quartos FdS,Adul. / Cri.,junho,Histórico,22-jun-2025 dom,134,0,59,0,0,108,26,"99,26","19 889,32","148,43",56,0,249,3969,2,1513,0,7,3268,701,"98,05","595 507,63","149,96",1512,1,7340,Total jun,3969,2,1513,0,7,3268,701,"98,05","595 507,63","149,96",1512,1,7340,Total,43980,4727,15665,0,64,37444,6536,"49,43","6 002 128,28","123,23",15800,130,80345
Data,Ocup,Opção,Cheg,Oferta/Uso Interno,Deduz. Individ.,Deduz. Grupos,% Ocup.,Receita Quartos,Preço Médio,Saídas,Quartos FdS,Adul. / Cri.,junho,Histórico,23-jun-2025 seg,132,0,41,0,0,106,26,"97,78","18 902,86","143,20",43,0,243,3969,2,1513,0,7,3268,701,"98,05","595 507,63","149,96",1512,1,7340,Total jun,3969,2,1513,0,7,3268,701,"98,05","595 507,63","149,96",1512,1,7340,Total,43980,4727,15665,0,64,37444,6536,"49,43","6 002 128,28","123,23",15800,130,80345
Data,Ocup,Opção,Cheg,Oferta/Uso Interno,Deduz. Individ.,Deduz. Grupos,% Ocup.,Receita Quartos,Preço Médio,Saídas,Quartos FdS,Adul. / Cri.,junho,Histórico,24-jun-2025 ter,130,0,39,0,1,111,19,"96,30","19 243,52","148,03",41,0,242,3969,2,1513,0,7,3268,701,"98,05","595 507,63","149,96",1512,1,7340,Total jun,3969,2,1513,0,7,3268,701,"98,05","595 507,63","149,96",1512,1,7340,Total,43980,4727,15665,0,64,37444,6536,"49,43","6 002 128,28","123,23",15800,130,80345
Data,Ocup,Opção,Cheg,Oferta/Uso Interno,Deduz. Individ.,Deduz. Grupos,% Ocup.,Receita Quartos,Preço Médio,Saídas,Quartos FdS,Adul. / Cri.,junho,Histórico,25-jun-2025 qua,133,0,66,0,1,117,16,"98,52","19 682,21","147,99",63,0,246,3969,2,1513,0,7,3268,701,"98,05","595 507,63","149,96",1512,1,7340,Total jun,3969,2,1513,0,7,3268,701,"98,05","595 507,63","149,96",1512,1,7340,Total,43980,4727,15665,0,64,37444,6536,"49,43","6 002 128,28","123,23",15800,130,80345
Data,Ocup,Opção,Cheg,Oferta/Uso Interno,Deduz. Individ.,Deduz. Grupos,% Ocup.,Receita Quartos,Preço Médio,Saídas,Quartos FdS,Adul. / Cri.,junho,Histórico,26-jun-2025 qui,134,0,42,0,0,118,16,"99,26","16 905,54","126,16",41,0,243,3969,2,1513,0,7,3268,701,"98,05","595 507,63","149,96",1512,1,7340,Total jun,3969,2,1513,0,7,3268,701,"98,05","595 507,63","149,96",1512,1,7340,Total,43980,4727,15665,0,64,37444,6536,"49,43","6 002 128,28","123,23",15800,130,80345
Data,Ocup,Opção,Cheg,Oferta/Uso Interno,Deduz. Individ.,Deduz. Grupos,% Ocup.,Receita Quartos,Preço Médio,Saídas,Quartos FdS,Adul. / Cri.,junho,Histórico,27-jun-2025 sex,133,0,58,0,0,101,32,"98,52","20 836,45","156,67",59,0,243,3969,2,1513,0,7,3268,701,"98,05","595 507,63","149,96",1512,1,7340,Total jun,3969,2,1513,0,7,3268,701,"98,05","595 507,63","149,96",1512,1,7340,Total,43980,4727,15665,0,64,37444,6536,"49,43","6 002 128,28","123,23",15800,130,80345
Data,Ocup,Opção,Cheg,Oferta/Uso Interno,Deduz. Individ.,Deduz. Grupos,% Ocup.,Receita Quartos,Preço Médio,Saídas,Quartos FdS,Adul. / Cri.,junho,Histórico,28-jun-2025 sáb,131,0,56,0,0,102,29,"97,04","21 188,45","161,74",58,0,247,3969,2,1513,0,7,3268,701,"98,05","595 507,63","149,96",1512,1,7340,Total jun,3969,2,1513,0,7,3268,701,"98,05","595 507,63","149,96",1512,1,7340,Total,43980,4727,15665,0,64,37444,6536,"49,43","6 002 128,28","123,23",15800,130,80345
Data,Ocup,Opção,Cheg,Oferta/Uso Interno,Deduz. Individ.,Deduz. Grupos,% Ocup.,Receita Quartos,Preço Médio,Saídas,Quartos FdS,Adul. / Cri.,junho,Histórico,29-jun-2025 dom,130,0,47,0,0,117,13,"96,30","18 140,57","139,54",48,0,249,3969,2,1513,0,7,3268,701,"98,05","595 507,63","149,96",1512,1,7340,Total jun,3969,2,1513,0,7,3268,701,"98,05","595 507,63","149,96",1512,1,7340,Total,43980,4727,15665,0,64,37444,6536,"49,43","6 002 128,28","123,23",15800,130,80345
Data,Ocup,Opção,Cheg,Oferta/Uso Interno,Deduz. Individ.,Deduz. Grupos,% Ocup.,Receita Quartos,Preço Médio,Saídas,Quartos FdS,Adul. / Cri.,junho,Histórico,30-jun-2025 seg,134,2,36,0,0,121,13,"100,74","18 956,25","139,38",32,0,251,3969,2,1513,0,7,3268,701,"98,05","595 507,63","149,96",1512,1,7340,Total jun,3969,2,1513,0,7,3268,701,"98,05","595 507,63","149,96",1512,1,7340,Total,43980,4727,15665,0,64,37444,6536,"49,43","6 002 128,28","123,23",15800,130,80345
Data,Ocup,Opção,Cheg,Oferta/Uso Interno,Deduz. Individ.,Deduz. Grupos,% Ocup.,Receita Quartos,Preço Médio,Saídas,Quartos FdS,Adul. / Cri.,julho,Histórico,01-jul-2025 ter,116,2,34,0,0,116,0,"87,41","15 858,92","134,40",52,0,215,3720,2,1314,0,5,3623,97,"88,94","505 479,96","135,81",1329,0,6973,Total jul,3720,2,1314,0,5,3623,97,"88,94","505 479,96","135,81",1329,0,6973,Total,43980,4727,15665,0,64,37444,6536,"49,43","6 002 128,28","123,23",15800,130,80345
Data,Ocup,Opção,Cheg,Oferta/Uso Interno,Deduz. Individ.,Deduz. Grupos,% Ocup.,Receita Quartos,Preço Médio,Saídas,Quartos FdS,Adul. / Cri.,julho,Histórico,02-jul-2025 qua,112,0,39,0,0,112,0,"82,96","15 261,02","136,26",43,0,200,3720,2,1314,0,5,3623,97,"88,94","505 479,96","135,81",1329,0,6973,Total jul,3720,2,1314,0,5,3623,97,"88,94","505 479,96","135,81",1329,0,6973,Total,43980,4727,15665,0,64,37444,6536,"49,43","6 002 128,28","123,23",15800,130,80345
Data,Ocup,Opção,Cheg,Oferta/Uso Interno,Deduz. Individ.,Deduz. Grupos,% Ocup.,Receita Quartos,Preço Médio,Saídas,Quartos FdS,Adul. / Cri.,julho,Histórico,03-jul-2025 qui,130,0,44,0,0,130,0,"96,30","18 091,24","139,16",26,0,238,3720,2,1314,0,5,3623,97,"88,94","505 479,96","135,81",1329,0,6973,Total jul,3720,2,1314,0,5,3623,97,"88,94","505 479,96","135,81",1329,0,6973,Total,43980,4727,15665,0,64,37444,6536,"49,43","6 002 128,28","123,23",15800,130,80345
Data,Ocup,Opção,Cheg,Oferta/Uso Interno,Deduz. Individ.,Deduz. Grupos,% Ocup.,Receita Quartos,Preço Médio,Saídas,Quartos FdS,Adul. / Cri.,julho,Histórico,04-jul-2025 sex,130,0,38,0,0,130,0,"96,30","21 304,92","163,88",38,0,239,3720,2,1314,0,5,3623,97,"88,94","505 479,96","135,81",1329,0,6973,Total jul,3720,2,1314,0,5,3623,97,"88,94","505 479,96","135,81",1329,0,6973,Total,43980,4727,15665,0,64,37444,6536,"49,43","6 002 128,28","123,23",15800,130,80345
Data,Ocup,Opção,Cheg,Oferta/Uso Interno,Deduz. Individ.,Deduz. Grupos,% Ocup.,Receita Quartos,Preço Médio,Saídas,Quartos FdS,Adul. / Cri.,julho,Histórico,05-jul-2025 sáb,132,0,52,0,0,132,0,"97,78","20 263,24","153,51",50,0,253,3720,2,1314,0,5,3623,97,"88,94","505 479,96","135,81",1329,0,6973,Total jul,3720,2,1314,0,5,3623,97,"88,94","505 479,96","135,81",1329,0,6973,Total,43980,4727,15665,0,64,37444,6536,"49,43","6 002 128,28","123,23",15800,130,80345
Data,Ocup,Opção,Cheg,Oferta/Uso Interno,Deduz. Individ.,Deduz. Grupos,% Ocup.,Receita Quartos,Preço Médio,Saídas,Quartos FdS,Adul. / Cri.,julho,Histórico,06-jul-2025 dom,111,0,27,0,1,111,0,"82,22","15 239,70","137,29",48,0,215,3720,2,1314,0,5,3623,97,"88,94","505 479,96","135,81",1329,0,6973,Total jul,3720,2,1314,0,5,3623,97,"88,94","505 479,96","135,81",1329,0,6973,Total,43980,4727,15665,0,64,37444,6536,"49,43","6 002 128,28","123,23",15800,130,80345
Data,Ocup,Opção,Cheg,Oferta/Uso Interno,Deduz. Individ.,Deduz. Grupos,% Ocup.,Receita Quartos,Preço Médio,Saídas,Quartos FdS,Adul. / Cri.,julho,Histórico,07-jul-2025 seg,106,0,29,0,1,106,0,"78,52","14 308,59","134,99",34,0,199,3720,2,1314,0,5,3623,97,"88,94","505 479,96","135,81",1329,0,6973,Total jul,3720,2,1314,0,5,3623,97,"88,94","505 479,96","135,81",1329,0,6973,Total,43980,4727,15665,0,64,37444,6536,"49,43","6 002 128,28","123,23",15800,130,80345
Data,Ocup,Opção,Cheg,Oferta/Uso Interno,Deduz. Individ.,Deduz. Grupos,% Ocup.,Receita Quartos,Preço Médio,Saídas,Quartos FdS,Adul. / Cri.,julho,Histórico,08-jul-2025 ter,101,0,41,0,0,89,12,"74,81","14 503,10","143,60",46,0,185,3720,2,1314,0,5,3623,97,"88,94","505 479,96","135,81",1329,0,6973,Total jul,3720,2,1314,0,5,3623,97,"88,94","505 479,96","135,81",1329,0,6973,Total,43980,4727,15665,0,64,37444,6536,"49,43","6 002 128,28","123,23",15800,130,80345
Data,Ocup,Opção,Cheg,Oferta/Uso Interno,Deduz. Individ.,Deduz. Grupos,% Ocup.,Receita Quartos,Preço Médio,Saídas,Quartos FdS,Adul. / Cri.,julho,Histórico,09-jul-2025 qua,99,0,40,0,0,87,12,"73,33","14 756,73","149,06",42,0,186,3720,2,1314,0,5,3623,97,"88,94","505 479,96","135,81",1329,0,6973,Total jul,3720,2,1314,0,5,3623,97,"88,94","505 479,96","135,81",1329,0,6973,Total,43980,4727,15665,0,64,37444,6536,"49,43","6 002 128,28","123,23",15800,130,80345
Data,Ocup,Opção,Cheg,Oferta/Uso Interno,Deduz. Individ.,Deduz. Grupos,% Ocup.,Receita Quartos,Preço Médio,Saídas,Quartos FdS,Adul. / Cri.,julho,Histórico,10-jul-2025 qui,113,0,42,0,0,101,12,"83,70","16 231,75","143,64",28,0,209,3720,2,1314,0,5,3623,97,"88,94","505 479,96","135,81",1329,0,6973,Total jul,3720,2,1314,0,5,3623,97,"88,94","505 479,96","135,81",1329,0,6973,Total,43980,4727,15665,0,64,37444,6536,"49,43","6 002 128,28","123,23",15800,130,80345
Data,Ocup,Opção,Cheg,Oferta/Uso Interno,Deduz. Individ.,Deduz. Grupos,% Ocup.,Receita Quartos,Preço Médio,Saídas,Quartos FdS,Adul. / Cri.,julho,Histórico,11-jul-2025 sex,125,0,54,0,0,125,0,"92,59","18 890,41","151,12",42,0,231,3720,2,1314,0,5,3623,97,"88,94","505 479,96","135,81",1329,0,6973,Total jul,3720,2,1314,0,5,3623,97,"88,94","505 479,96","135,81",1329,0,6973,Total,43980,4727,15665,0,64,37444,6536,"49,43","6 002 128,28","123,23",15800,130,80345
Data,Ocup,Opção,Cheg,Oferta/Uso Interno,Deduz. Individ.,Deduz. Grupos,% Ocup.,Receita Quartos,Preço Médio,Saídas,Quartos FdS,Adul. / Cri.,julho,Histórico,12-jul-2025 sáb,133,0,37,0,0,133,0,"98,52","20 335,89","152,90",29,0,252,3720,2,1314,0,5,3623,97,"88,94","505 479,96","135,81",1329,0,6973,Total jul,3720,2,1314,0,5,3623,97,"88,94","505 479,96","135,81",1329,0,6973,Total,43980,4727,15665,0,64,37444,6536,"49,43","6 002 128,28","123,23",15800,130,80345
Data,Ocup,Opção,Cheg,Oferta/Uso Interno,Deduz. Individ.,Deduz. Grupos,% Ocup.,Receita Quartos,Preço Médio,Saídas,Quartos FdS,Adul. / Cri.,julho,Histórico,13-jul-2025 dom,106,0,38,0,0,106,0,"78,52","13 434,68","126,74",65,0,196,3720,2,1314,0,5,3623,97,"88,94","505 479,96","135,81",1329,0,6973,Total jul,3720,2,1314,0,5,3623,97,"88,94","505 479,96","135,81",1329,0,6973,Total,43980,4727,15665,0,64,37444,6536,"49,43","6 002 128,28","123,23",15800,130,80345
Data,Ocup,Opção,Cheg,Oferta/Uso Interno,Deduz. Individ.,Deduz. Grupos,% Ocup.,Receita Quartos,Preço Médio,Saídas,Quartos FdS,Adul. / Cri.,julho,Histórico,14-jul-2025 seg,104,0,36,0,0,104,0,"77,04","12 588,15","121,04",38,0,198,3720,2,1314,0,5,3623,97,"88,94","505 479,96","135,81",1329,0,6973,Total jul,3720,2,1314,0,5,3623,97,"88,94","505 479,96","135,81",1329,0,6973,Total,43980,4727,15665,0,64,37444,6536,"49,43","6 002 128,28","123,23",15800,130,80345
Data,Ocup,Opção,Cheg,Oferta/Uso Interno,Deduz. Individ.,Deduz. Grupos,% Ocup.,Receita Quartos,Preço Médio,Saídas,Quartos FdS,Adul. / Cri.,julho,Histórico,15-jul-2025 ter,120,0,51,0,0,105,15,"88,89","16 802,77","140,02",35,0,232,3720,2,1314,0,5,3623,97,"88,94","505 479,96","135,81",1329,0,6973,Total jul,3720,2,1314,0,5,3623,97,"88,94","505 479,96","135,81",1329,0,6973,Total,43980,4727,15665,0,64,37444,6536,"49,43","6 002 128,28","123,23",15800,130,80345
Data,Ocup,Opção,Cheg,Oferta/Uso Interno,Deduz. Individ.,Deduz. Grupos,% Ocup.,Receita Quartos,Preço Médio,Saídas,Quartos FdS,Adul. / Cri.,julho,Histórico,16-jul-2025 qua,115,0,49,0,0,102,13,"85,19","16 342,26","142,11",54,0,214,3720,2,1314,0,5,3623,97,"88,94","505 479,96","135,81",1329,0,6973,Total jul,3720,2,1314,0,5,3623,97,"88,94","505 479,96","135,81",1329,0,6973,Total,43980,4727,15665,0,64,37444,6536,"49,43","6 002 128,28","123,23",15800,130,80345
Data,Ocup,Opção,Cheg,Oferta/Uso Interno,Deduz. Individ.,Deduz. Grupos,% Ocup.,Receita Quartos,Preço Médio,Saídas,Quartos FdS,Adul. / Cri.,julho,Histórico,17-jul-2025 qui,118,0,43,0,0,105,13,"87,41","16 739,96","141,86",40,0,218,3720,2,1314,0,5,3623,97,"88,94","505 479,96","135,81",1329,0,6973,Total jul,3720,2,1314,0,5,3623,97,"88,94","505 479,96","135,81",1329,0,6973,Total,43980,4727,15665,0,64,37444,6536,"49,43","6 002 128,28","123,23",15800,130,80345
Data,Ocup,Opção,Cheg,Oferta/Uso Interno,Deduz. Individ.,Deduz. Grupos,% Ocup.,Receita Quartos,Preço Médio,Saídas,Quartos FdS,Adul. / Cri.,julho,Histórico,18-jul-2025 sex,106,0,30,0,0,106,0,"78,52","15 957,00","150,54",42,0,195,3720,2,1314,0,5,3623,97,"88,94","505 479,96","135,81",1329,0,6973,Total jul,3720,2,1314,0,5,3623,97,"88,94","505 479,96","135,81",1329,0,6973,Total,43980,4727,15665,0,64,37444,6536,"49,43","6 002 128,28","123,23",15800,130,80345
Data,Ocup,Opção,Cheg,Oferta/Uso Interno,Deduz. Individ.,Deduz. Grupos,% Ocup.,Receita Quartos,Preço Médio,Saídas,Quartos FdS,Adul. / Cri.,julho,Histórico,19-jul-2025 sáb,124,0,53,0,0,124,0,"91,85","16 819,18","135,64",35,0,235,3720,2,1314,0,5,3623,97,"88,94","505 479,96","135,81",1329,0,6973,Total jul,3720,2,1314,0,5,3623,97,"88,94","505 479,96","135,81",1329,0,6973,Total,43980,4727,15665,0,64,37444,6536,"49,43","6 002 128,28","123,23",15800,130,80345
Data,Ocup,Opção,Cheg,Oferta/Uso Interno,Deduz. Individ.,Deduz. Grupos,% Ocup.,Receita Quartos,Preço Médio,Saídas,Quartos FdS,Adul. / Cri.,julho,Histórico,20-jul-2025 dom,117,0,49,0,0,117,0,"86,67","15 116,65","129,20",56,0,226,3720,2,1314,0,5,3623,97,"88,94","505 479,96","135,81",1329,0,6973,Total jul,3720,2,1314,0,5,3623,97,"88,94","505 479,96","135,81",1329,0,6973,Total,43980,4727,15665,0,64,37444,6536,"49,43","6 002 128,28","123,23",15800,130,80345
Data,Ocup,Opção,Cheg,Oferta/Uso Interno,Deduz. Individ.,Deduz. Grupos,% Ocup.,Receita Quartos,Preço Médio,Saídas,Quartos FdS,Adul. / Cri.,julho,Histórico,21-jul-2025 seg,122,0,44,0,0,122,0,"90,37","15 200,14","124,59",39,0,238,3720,2,1314,0,5,3623,97,"88,94","505 479,96","135,81",1329,0,6973,Total jul,3720,2,1314,0,5,3623,97,"88,94","505 479,96","135,81",1329,0,6973,Total,43980,4727,15665,0,64,37444,6536,"49,43","6 002 128,28","123,23",15800,130,80345
Data,Ocup,Opção,Cheg,Oferta/Uso Interno,Deduz. Individ.,Deduz. Grupos,% Ocup.,Receita Quartos,Preço Médio,Saídas,Quartos FdS,Adul. / Cri.,julho,Histórico,22-jul-2025 ter,133,0,45,0,0,133,0,"98,52","17 069,26","128,34",34,0,254,3720,2,1314,0,5,3623,97,"88,94","505 479,96","135,81",1329,0,6973,Total jul,3720,2,1314,0,5,3623,97,"88,94","505 479,96","135,81",1329,0,6973,Total,43980,4727,15665,0,64,37444,6536,"49,43","6 002 128,28","123,23",15800,130,80345
Data,Ocup,Opção,Cheg,Oferta/Uso Interno,Deduz. Individ.,Deduz. Grupos,% Ocup.,Receita Quartos,Preço Médio,Saídas,Quartos FdS,Adul. / Cri.,julho,Histórico,23-jul-2025 qua,121,0,39,0,0,121,0,"89,63","13 816,99","114,19",51,0,227,3720,2,1314,0,5,3623,97,"88,94","505 479,96","135,81",1329,0,6973,Total jul,3720,2,1314,0,5,3623,97,"88,94","505 479,96","135,81",1329,0,6973,Total,43980,4727,15665,0,64,37444,6536,"49,43","6 002 128,28","123,23",15800,130,80345
Data,Ocup,Opção,Cheg,Oferta/Uso Interno,Deduz. Individ.,Deduz. Grupos,% Ocup.,Receita Quartos,Preço Médio,Saídas,Quartos FdS,Adul. / Cri.,julho,Histórico,24-jul-2025 qui,132,0,57,0,0,132,0,"97,78","16 137,37","122,25",46,0,246,3720,2,1314,0,5,3623,97,"88,94","505 479,96","135,81",1329,0,6973,Total jul,3720,2,1314,0,5,3623,97,"88,94","505 479,96","135,81",1329,0,6973,Total,43980,4727,15665,0,64,37444,6536,"49,43","6 002 128,28","123,23",15800,130,80345
Data,Ocup,Opção,Cheg,Oferta/Uso Interno,Deduz. Individ.,Deduz. Grupos,% Ocup.,Receita Quartos,Preço Médio,Saídas,Quartos FdS,Adul. / Cri.,julho,Histórico,25-jul-2025 sex,133,0,37,0,0,133,0,"98,52","16 550,10","124,44",36,0,246,3720,2,1314,0,5,3623,97,"88,94","505 479,96","135,81",1329,0,6973,Total jul,3720,2,1314,0,5,3623,97,"88,94","505 479,96","135,81",1329,0,6973,Total,43980,4727,15665,0,64,37444,6536,"49,43","6 002 128,28","123,23",15800,130,80345
Data,Ocup,Opção,Cheg,Oferta/Uso Interno,Deduz. Individ.,Deduz. Grupos,% Ocup.,Receita Quartos,Preço Médio,Saídas,Quartos FdS,Adul. / Cri.,julho,Histórico,26-jul-2025 sáb,133,0,54,0,1,133,0,"98,52","18 303,29","137,62",54,0,241,3720,2,1314,0,5,3623,97,"88,94","505 479,96","135,81",1329,0,6973,Total jul,3720,2,1314,0,5,3623,97,"88,94","505 479,96","135,81",1329,0,6973,Total,43980,4727,15665,0,64,37444,6536,"49,43","6 002 128,28","123,23",15800,130,80345
Data,Ocup,Opção,Cheg,Oferta/Uso Interno,Deduz. Individ.,Deduz. Grupos,% Ocup.,Receita Quartos,Preço Médio,Saídas,Quartos FdS,Adul. / Cri.,julho,Histórico,27-jul-2025 dom,127,0,46,0,1,127,0,"94,07","15 647,13","123,21",52,0,232,3720,2,1314,0,5,3623,97,"88,94","505 479,96","135,81",1329,0,6973,Total jul,3720,2,1314,0,5,3623,97,"88,94","505 479,96","135,81",1329,0,6973,Total,43980,4727,15665,0,64,37444,6536,"49,43","6 002 128,28","123,23",15800,130,80345
Data,Ocup,Opção,Cheg,Oferta/Uso Interno,Deduz. Individ.,Deduz. Grupos,% Ocup.,Receita Quartos,Preço Médio,Saídas,Quartos FdS,Adul. / Cri.,julho,Histórico,28-jul-2025 seg,133,0,47,0,1,133,0,"98,52","17 049,58","128,19",41,0,253,3720,2,1314,0,5,3623,97,"88,94","505 479,96","135,81",1329,0,6973,Total jul,3720,2,1314,0,5,3623,97,"88,94","505 479,96","135,81",1329,0,6973,Total,43980,4727,15665,0,64,37444,6536,"49,43","6 002 128,28","123,23",15800,130,80345
Data,Ocup,Opção,Cheg,Oferta/Uso Interno,Deduz. Individ.,Deduz. Grupos,% Ocup.,Receita Quartos,Preço Médio,Saídas,Quartos FdS,Adul. / Cri.,julho,Histórico,29-jul-2025 ter,120,0,32,0,0,120,0,"88,89","15 618,63","130,16",45,0,236,3720,2,1314,0,5,3623,97,"88,94","505 479,96","135,81",1329,0,6973,Total jul,3720,2,1314,0,5,3623,97,"88,94","505 479,96","135,81",1329,0,6973,Total,43980,4727,15665,0,64,37444,6536,"49,43","6 002 128,28","123,23",15800,130,80345
Data,Ocup,Opção,Cheg,Oferta/Uso Interno,Deduz. Individ.,Deduz. Grupos,% Ocup.,Receita Quartos,Preço Médio,Saídas,Quartos FdS,Adul. / Cri.,julho,Histórico,30-jul-2025 qua,129,0,53,0,0,119,10,"95,56","15 972,20","123,82",44,0,246,3720,2,1314,0,5,3623,97,"88,94","505 479,96","135,81",1329,0,6973,Total jul,3720,2,1314,0,5,3623,97,"88,94","505 479,96","135,81",1329,0,6973,Total,43980,4727,15665,0,64,37444,6536,"49,43","6 002 128,28","123,23",15800,130,80345
Data,Ocup,Opção,Cheg,Oferta/Uso Interno,Deduz. Individ.,Deduz. Grupos,% Ocup.,Receita Quartos,Preço Médio,Saídas,Quartos FdS,Adul. / Cri.,julho,Histórico,31-jul-2025 qui,119,0,34,0,0,109,10,"88,15","15 269,13","128,31",44,0,218,3720,2,1314,0,5,3623,97,"88,94","505 479,96","135,81",1329,0,6973,Total jul,3720,2,1314,0,5,3623,97,"88,94","505 479,96","135,81",1329,0,6973,Total,43980,4727,15665,0,64,37444,6536,"49,43","6 002 128,28","123,23",15800,130,80345
Data,Ocup,Opção,Cheg,Oferta/Uso Interno,Deduz. Individ.,Deduz. Grupos,% Ocup.,Receita Quartos,Preço Médio,Saídas,Quartos FdS,Adul. / Cri.,agosto,Histórico,01-ago-2025 sex,122,0,57,0,0,122,0,"90,37","15 311,70","125,51",54,0,228,3971,9,1442,0,15,3621,350,"95,10","515 412,47","129,50",1441,5,7494,Total ago,3971,9,1442,0,15,3621,350,"95,10","515 412,47","129,50",1441,5,7494,Total,43980,4727,15665,0,64,37444,6536,"49,43","6 002 128,28","123,23",15800,130,80345
Data,Ocup,Opção,Cheg,Oferta/Uso Interno,Deduz. Individ.,Deduz. Grupos,% Ocup.,Receita Quartos,Preço Médio,Saídas,Quartos FdS,Adul. / Cri.,agosto,Histórico,02-ago-2025 sáb,129,0,48,0,0,129,0,"95,56","17 236,12","133,61",41,0,245,3971,9,1442,0,15,3621,350,"95,10","515 412,47","129,50",1441,5,7494,Total ago,3971,9,1442,0,15,3621,350,"95,10","515 412,47","129,50",1441,5,7494,Total,43980,4727,15665,0,64,37444,6536,"49,43","6 002 128,28","123,23",15800,130,80345
Data,Ocup,Opção,Cheg,Oferta/Uso Interno,Deduz. Individ.,Deduz. Grupos,% Ocup.,Receita Quartos,Preço Médio,Saídas,Quartos FdS,Adul. / Cri.,agosto,Histórico,03-ago-2025 dom,117,0,34,0,0,117,0,"86,67","14 368,42","122,81",46,0,229,3971,9,1442,0,15,3621,350,"95,10","515 412,47","129,50",1441,5,7494,Total ago,3971,9,1442,0,15,3621,350,"95,10","515 412,47","129,50",1441,5,7494,Total,43980,4727,15665,0,64,37444,6536,"49,43","6 002 128,28","123,23",15800,130,80345
Data,Ocup,Opção,Cheg,Oferta/Uso Interno,Deduz. Individ.,Deduz. Grupos,% Ocup.,Receita Quartos,Preço Médio,Saídas,Quartos FdS,Adul. / Cri.,agosto,Histórico,04-ago-2025 seg,122,0,59,0,0,122,0,"90,37","15 649,63","128,28",54,1,236,3971,9,1442,0,15,3621,350,"95,10","515 412,47","129,50",1441,5,7494,Total ago,3971,9,1442,0,15,3621,350,"95,10","515 412,47","129,50",1441,5,7494,Total,43980,4727,15665,0,64,37444,6536,"49,43","6 002 128,28","123,23",15800,130,80345
Data,Ocup,Opção,Cheg,Oferta/Uso Interno,Deduz. Individ.,Deduz. Grupos,% Ocup.,Receita Quartos,Preço Médio,Saídas,Quartos FdS,Adul. / Cri.,agosto,Histórico,05-ago-2025 ter,131,1,53,0,0,116,15,"97,78","17 798,95","134,84",44,1,249,3971,9,1442,0,15,3621,350,"95,10","515 412,47","129,50",1441,5,7494,Total ago,3971,9,1442,0,15,3621,350,"95,10","515 412,47","129,50",1441,5,7494,Total,43980,4727,15665,0,64,37444,6536,"49,43","6 002 128,28","123,23",15800,130,80345
Data,Ocup,Opção,Cheg,Oferta/Uso Interno,Deduz. Individ.,Deduz. Grupos,% Ocup.,Receita Quartos,Preço Médio,Saídas,Quartos FdS,Adul. / Cri.,agosto,Histórico,06-ago-2025 qua,125,1,48,0,0,125,0,"93,33","16 059,32","127,45",54,1,242,3971,9,1442,0,15,3621,350,"95,10","515 412,47","129,50",1441,5,7494,Total ago,3971,9,1442,0,15,3621,350,"95,10","515 412,47","129,50",1441,5,7494,Total,43980,4727,15665,0,64,37444,6536,"49,43","6 002 128,28","123,23",15800,130,80345
Data,Ocup,Opção,Cheg,Oferta/Uso Interno,Deduz. Individ.,Deduz. Grupos,% Ocup.,Receita Quartos,Preço Médio,Saídas,Quartos FdS,Adul. / Cri.,agosto,Histórico,07-ago-2025 qui,118,1,37,0,0,118,0,"88,15","14 934,70","125,50",44,0,230,3971,9,1442,0,15,3621,350,"95,10","515 412,47","129,50",1441,5,7494,Total ago,3971,9,1442,0,15,3621,350,"95,10","515 412,47","129,50",1441,5,7494,Total,43980,4727,15665,0,64,37444,6536,"49,43","6 002 128,28","123,23",15800,130,80345
Data,Ocup,Opção,Cheg,Oferta/Uso Interno,Deduz. Individ.,Deduz. Grupos,% Ocup.,Receita Quartos,Preço Médio,Saídas,Quartos FdS,Adul. / Cri.,agosto,Histórico,08-ago-2025 sex,133,0,52,0,0,133,0,"98,52","17 054,09","128,23",37,0,258,3971,9,1442,0,15,3621,350,"95,10","515 412,47","129,50",1441,5,7494,Total ago,3971,9,1442,0,15,3621,350,"95,10","515 412,47","129,50",1441,5,7494,Total,43980,4727,15665,0,64,37444,6536,"49,43","6 002 128,28","123,23",15800,130,80345
Data,Ocup,Opção,Cheg,Oferta/Uso Interno,Deduz. Individ.,Deduz. Grupos,% Ocup.,Receita Quartos,Preço Médio,Saídas,Quartos FdS,Adul. / Cri.,agosto,Histórico,09-ago-2025 sáb,132,0,49,0,0,132,0,"97,78","18 336,47","138,91",50,0,253,3971,9,1442,0,15,3621,350,"95,10","515 412,47","129,50",1441,5,7494,Total ago,3971,9,1442,0,15,3621,350,"95,10","515 412,47","129,50",1441,5,7494,Total,43980,4727,15665,0,64,37444,6536,"49,43","6 002 128,28","123,23",15800,130,80345
Data,Ocup,Opção,Cheg,Oferta/Uso Interno,Deduz. Individ.,Deduz. Grupos,% Ocup.,Receita Quartos,Preço Médio,Saídas,Quartos FdS,Adul. / Cri.,agosto,Histórico,10-ago-2025 dom,134,0,47,0,1,134,0,"99,26","16 045,67","119,74",45,0,256,3971,9,1442,0,15,3621,350,"95,10","515 412,47","129,50",1441,5,7494,Total ago,3971,9,1442,0,15,3621,350,"95,10","515 412,47","129,50",1441,5,7494,Total,43980,4727,15665,0,64,37444,6536,"49,43","6 002 128,28","123,23",15800,130,80345
Data,Ocup,Opção,Cheg,Oferta/Uso Interno,Deduz. Individ.,Deduz. Grupos,% Ocup.,Receita Quartos,Preço Médio,Saídas,Quartos FdS,Adul. / Cri.,agosto,Histórico,11-ago-2025 seg,134,0,49,0,2,112,22,"99,26","16 685,60","124,52",49,0,263,3971,9,1442,0,15,3621,350,"95,10","515 412,47","129,50",1441,5,7494,Total ago,3971,9,1442,0,15,3621,350,"95,10","515 412,47","129,50",1441,5,7494,Total,43980,4727,15665,0,64,37444,6536,"49,43","6 002 128,28","123,23",15800,130,80345
Data,Ocup,Opção,Cheg,Oferta/Uso Interno,Deduz. Individ.,Deduz. Grupos,% Ocup.,Receita Quartos,Preço Médio,Saídas,Quartos FdS,Adul. / Cri.,agosto,Histórico,12-ago-2025 ter,134,0,64,0,2,134,0,"99,26","16 323,71","121,82",64,0,268,3971,9,1442,0,15,3621,350,"95,10","515 412,47","129,50",1441,5,7494,Total ago,3971,9,1442,0,15,3621,350,"95,10","515 412,47","129,50",1441,5,7494,Total,43980,4727,15665,0,64,37444,6536,"49,43","6 002 128,28","123,23",15800,130,80345
Data,Ocup,Opção,Cheg,Oferta/Uso Interno,Deduz. Individ.,Deduz. Grupos,% Ocup.,Receita Quartos,Preço Médio,Saídas,Quartos FdS,Adul. / Cri.,agosto,Histórico,13-ago-2025 qua,131,0,50,0,1,125,6,"97,04","15 305,53","116,84",53,0,250,3971,9,1442,0,15,3621,350,"95,10","515 412,47","129,50",1441,5,7494,Total ago,3971,9,1442,0,15,3621,350,"95,10","515 412,47","129,50",1441,5,7494,Total,43980,4727,15665,0,64,37444,6536,"49,43","6 002 128,28","123,23",15800,130,80345
Data,Ocup,Opção,Cheg,Oferta/Uso Interno,Deduz. Individ.,Deduz. Grupos,% Ocup.,Receita Quartos,Preço Médio,Saídas,Quartos FdS,Adul. / Cri.,agosto,Histórico,14-ago-2025 qui,134,0,46,0,1,128,6,"99,26","16 224,11","121,08",43,0,258,3971,9,1442,0,15,3621,350,"95,10","515 412,47","129,50",1441,5,7494,Total ago,3971,9,1442,0,15,3621,350,"95,10","515 412,47","129,50",1441,5,7494,Total,43980,4727,15665,0,64,37444,6536,"49,43","6 002 128,28","123,23",15800,130,80345
Data,Ocup,Opção,Cheg,Oferta/Uso Interno,Deduz. Individ.,Deduz. Grupos,% Ocup.,Receita Quartos,Preço Médio,Saídas,Quartos FdS,Adul. / Cri.,agosto,Histórico,15-ago-2025 sex,132,0,44,0,1,126,6,"97,78","17 812,39","134,94",46,0,257,3971,9,1442,0,15,3621,350,"95,10","515 412,47","129,50",1441,5,7494,Total ago,3971,9,1442,0,15,3621,350,"95,10","515 412,47","129,50",1441,5,7494,Total,43980,4727,15665,0,64,37444,6536,"49,43","6 002 128,28","123,23",15800,130,80345
Data,Ocup,Opção,Cheg,Oferta/Uso Interno,Deduz. Individ.,Deduz. Grupos,% Ocup.,Receita Quartos,Preço Médio,Saídas,Quartos FdS,Adul. / Cri.,agosto,Histórico,16-ago-2025 sáb,130,1,37,0,3,130,0,"97,04","17 339,25","132,36",38,0,255,3971,9,1442,0,15,3621,350,"95,10","515 412,47","129,50",1441,5,7494,Total ago,3971,9,1442,0,15,3621,350,"95,10","515 412,47","129,50",1441,5,7494,Total,43980,4727,15665,0,64,37444,6536,"49,43","6 002 128,28","123,23",15800,130,80345
Data,Ocup,Opção,Cheg,Oferta/Uso Interno,Deduz. Individ.,Deduz. Grupos,% Ocup.,Receita Quartos,Preço Médio,Saídas,Quartos FdS,Adul. / Cri.,agosto,Histórico,17-ago-2025 dom,127,1,39,0,2,127,0,"94,81","15 379,49","120,15",42,0,250,3971,9,1442,0,15,3621,350,"95,10","515 412,47","129,50",1441,5,7494,Total ago,3971,9,1442,0,15,3621,350,"95,10","515 412,47","129,50",1441,5,7494,Total,43980,4727,15665,0,64,37444,6536,"49,43","6 002 128,28","123,23",15800,130,80345
Data,Ocup,Opção,Cheg,Oferta/Uso Interno,Deduz. Individ.,Deduz. Grupos,% Ocup.,Receita Quartos,Preço Médio,Saídas,Quartos FdS,Adul. / Cri.,agosto,Histórico,18-ago-2025 seg,131,1,55,0,1,131,0,"97,78","16 276,40","123,31",52,1,247,3971,9,1442,0,15,3621,350,"95,10","515 412,47","129,50",1441,5,7494,Total ago,3971,9,1442,0,15,3621,350,"95,10","515 412,47","129,50",1441,5,7494,Total,43980,4727,15665,0,64,37444,6536,"49,43","6 002 128,28","123,23",15800,130,80345
Data,Ocup,Opção,Cheg,Oferta/Uso Interno,Deduz. Individ.,Deduz. Grupos,% Ocup.,Receita Quartos,Preço Médio,Saídas,Quartos FdS,Adul. / Cri.,agosto,Histórico,19-ago-2025 ter,129,1,51,0,0,127,2,"96,30","16 329,84","125,61",53,0,239,3971,9,1442,0,15,3621,350,"95,10","515 412,47","129,50",1441,5,7494,Total ago,3971,9,1442,0,15,3621,350,"95,10","515 412,47","129,50",1441,5,7494,Total,43980,4727,15665,0,64,37444,6536,"49,43","6 002 128,28","123,23",15800,130,80345
Data,Ocup,Opção,Cheg,Oferta/Uso Interno,Deduz. Individ.,Deduz. Grupos,% Ocup.,Receita Quartos,Preço Médio,Saídas,Quartos FdS,Adul. / Cri.,agosto,Histórico,20-ago-2025 qua,132,0,60,0,0,102,30,"97,78","17 267,59","130,82",57,0,241,3971,9,1442,0,15,3621,350,"95,10","515 412,47","129,50",1441,5,7494,Total ago,3971,9,1442,0,15,3621,350,"95,10","515 412,47","129,50",1441,5,7494,Total,43980,4727,15665,0,64,37444,6536,"49,43","6 002 128,28","123,23",15800,130,80345
Data,Ocup,Opção,Cheg,Oferta/Uso Interno,Deduz. Individ.,Deduz. Grupos,% Ocup.,Receita Quartos,Preço Médio,Saídas,Quartos FdS,Adul. / Cri.,agosto,Histórico,21-ago-2025 qui,127,0,32,0,0,97,30,"94,07","16 408,64","129,20",37,0,234,3971,9,1442,0,15,3621,350,"95,10","515 412,47","129,50",1441,5,7494,Total ago,3971,9,1442,0,15,3621,350,"95,10","515 412,47","129,50",1441,5,7494,Total,43980,4727,15665,0,64,37444,6536,"49,43","6 002 128,28","123,23",15800,130,80345
Data,Ocup,Opção,Cheg,Oferta/Uso Interno,Deduz. Individ.,Deduz. Grupos,% Ocup.,Receita Quartos,Preço Médio,Saídas,Quartos FdS,Adul. / Cri.,agosto,Histórico,22-ago-2025 sex,128,0,37,0,0,98,30,"94,81","17 421,08","136,10",36,0,242,3971,9,1442,0,15,3621,350,"95,10","515 412,47","129,50",1441,5,7494,Total ago,3971,9,1442,0,15,3621,350,"95,10","515 412,47","129,50",1441,5,7494,Total,43980,4727,15665,0,64,37444,6536,"49,43","6 002 128,28","123,23",15800,130,80345
Data,Ocup,Opção,Cheg,Oferta/Uso Interno,Deduz. Individ.,Deduz. Grupos,% Ocup.,Receita Quartos,Preço Médio,Saídas,Quartos FdS,Adul. / Cri.,agosto,Histórico,23-ago-2025 sáb,135,0,48,0,0,121,14,"100,00","17 606,46","130,42",41,0,250,3971,9,1442,0,15,3621,350,"95,10","515 412,47","129,50",1441,5,7494,Total ago,3971,9,1442,0,15,3621,350,"95,10","515 412,47","129,50",1441,5,7494,Total,43980,4727,15665,0,64,37444,6536,"49,43","6 002 128,28","123,23",15800,130,80345
Data,Ocup,Opção,Cheg,Oferta/Uso Interno,Deduz. Individ.,Deduz. Grupos,% Ocup.,Receita Quartos,Preço Médio,Saídas,Quartos FdS,Adul. / Cri.,agosto,Histórico,24-ago-2025 dom,130,0,42,0,0,116,14,"96,30","16 701,65","128,47",47,0,245,3971,9,1442,0,15,3621,350,"95,10","515 412,47","129,50",1441,5,7494,Total ago,3971,9,1442,0,15,3621,350,"95,10","515 412,47","129,50",1441,5,7494,Total,43980,4727,15665,0,64,37444,6536,"49,43","6 002 128,28","123,23",15800,130,80345
Data,Ocup,Opção,Cheg,Oferta/Uso Interno,Deduz. Individ.,Deduz. Grupos,% Ocup.,Receita Quartos,Preço Médio,Saídas,Quartos FdS,Adul. / Cri.,agosto,Histórico,25-ago-2025 seg,120,0,26,0,0,106,14,"88,89","15 731,88","131,10",36,0,226,3971,9,1442,0,15,3621,350,"95,10","515 412,47","129,50",1441,5,7494,Total ago,3971,9,1442,0,15,3621,350,"95,10","515 412,47","129,50",1441,5,7494,Total,43980,4727,15665,0,64,37444,6536,"49,43","6 002 128,28","123,23",15800,130,80345
Data,Ocup,Opção,Cheg,Oferta/Uso Interno,Deduz. Individ.,Deduz. Grupos,% Ocup.,Receita Quartos,Preço Médio,Saídas,Quartos FdS,Adul. / Cri.,agosto,Histórico,26-ago-2025 ter,123,0,48,0,0,95,28,"91,11","17 469,15","142,03",45,0,231,3971,9,1442,0,15,3621,350,"95,10","515 412,47","129,50",1441,5,7494,Total ago,3971,9,1442,0,15,3621,350,"95,10","515 412,47","129,50",1441,5,7494,Total,43980,4727,15665,0,64,37444,6536,"49,43","6 002 128,28","123,23",15800,130,80345
Data,Ocup,Opção,Cheg,Oferta/Uso Interno,Deduz. Individ.,Deduz. Grupos,% Ocup.,Receita Quartos,Preço Médio,Saídas,Quartos FdS,Adul. / Cri.,agosto,Histórico,27-ago-2025 qua,124,0,66,0,1,97,27,"91,85","14 701,65","118,56",65,0,225,3971,9,1442,0,15,3621,350,"95,10","515 412,47","129,50",1441,5,7494,Total ago,3971,9,1442,0,15,3621,350,"95,10","515 412,47","129,50",1441,5,7494,Total,43980,4727,15665,0,64,37444,6536,"49,43","6 002 128,28","123,23",15800,130,80345
Data,Ocup,Opção,Cheg,Oferta/Uso Interno,Deduz. Individ.,Deduz. Grupos,% Ocup.,Receita Quartos,Preço Médio,Saídas,Quartos FdS,Adul. / Cri.,agosto,Histórico,28-ago-2025 qui,124,0,37,0,0,94,30,"91,85","16 225,08","130,85",37,0,228,3971,9,1442,0,15,3621,350,"95,10","515 412,47","129,50",1441,5,7494,Total ago,3971,9,1442,0,15,3621,350,"95,10","515 412,47","129,50",1441,5,7494,Total,43980,4727,15665,0,64,37444,6536,"49,43","6 002 128,28","123,23",15800,130,80345
Data,Ocup,Opção,Cheg,Oferta/Uso Interno,Deduz. Individ.,Deduz. Grupos,% Ocup.,Receita Quartos,Preço Médio,Saídas,Quartos FdS,Adul. / Cri.,agosto,Histórico,29-ago-2025 sex,130,0,53,0,0,98,32,"96,30","18 863,86","145,11",47,0,228,3971,9,1442,0,15,3621,350,"95,10","515 412,47","129,50",1441,5,7494,Total ago,3971,9,1442,0,15,3621,350,"95,10","515 412,47","129,50",1441,5,7494,Total,43980,4727,15665,0,64,37444,6536,"49,43","6 002 128,28","123,23",15800,130,80345
Data,Ocup,Opção,Cheg,Oferta/Uso Interno,Deduz. Individ.,Deduz. Grupos,% Ocup.,Receita Quartos,Preço Médio,Saídas,Quartos FdS,Adul. / Cri.,agosto,Histórico,30-ago-2025 sáb,133,0,47,0,0,113,20,"98,52","19 323,09","145,29",44,0,226,3971,9,1442,0,15,3621,350,"95,10","515 412,47","129,50",1441,5,7494,Total ago,3971,9,1442,0,15,3621,350,"95,10","515 412,47","129,50",1441,5,7494,Total,43980,4727,15665,0,64,37444,6536,"49,43","6 002 128,28","123,23",15800,130,80345
Data,Ocup,Opção,Cheg,Oferta/Uso Interno,Deduz. Individ.,Deduz. Grupos,% Ocup.,Receita Quartos,Preço Médio,Saídas,Quartos FdS,Adul. / Cri.,agosto,Histórico,31-ago-2025 dom,120,2,27,0,0,96,24,"90,37","17 220,95","141,16",40,1,205,3971,9,1442,0,15,3621,350,"95,10","515 412,47","129,50",1441,5,7494,Total ago,3971,9,1442,0,15,3621,350,"95,10","515 412,47","129,50",1441,5,7494,Total,43980,4727,15665,0,64,37444,6536,"49,43","6 002 128,28","123,23",15800,130,80345
Data,Ocup,Opção,Cheg,Oferta/Uso Interno,Deduz. Individ.,Deduz. Grupos,% Ocup.,Receita Quartos,Preço Médio,Saídas,Quartos FdS,Adul. / Cri.,setembro,Histórico,01-set-2025 seg,117,2,33,0,0,100,17,"88,15","19 066,02","160,22",36,0,202,3615,5,1319,0,1,2924,691,"89,38","620 068,16","171,29",1320,2,6313,Total set,3615,5,1319,0,1,2924,691,"89,38","620 068,16","171,29",1320,2,6313,Total,43980,4727,15665,0,64,37444,6536,"49,43","6 002 128,28","123,23",15800,130,80345
Data,Ocup,Opção,Cheg,Oferta/Uso Interno,Deduz. Individ.,Deduz. Grupos,% Ocup.,Receita Quartos,Preço Médio,Saídas,Quartos FdS,Adul. / Cri.,setembro,Histórico,02-set-2025 ter,100,0,32,0,1,100,0,"74,07","15 518,42","155,18",49,0,176,3615,5,1319,0,1,2924,691,"89,38","620 068,16","171,29",1320,2,6313,Total set,3615,5,1319,0,1,2924,691,"89,38","620 068,16","171,29",1320,2,6313,Total,43980,4727,15665,0,64,37444,6536,"49,43","6 002 128,28","123,23",15800,130,80345
Data,Ocup,Opção,Cheg,Oferta/Uso Interno,Deduz. Individ.,Deduz. Grupos,% Ocup.,Receita Quartos,Preço Médio,Saídas,Quartos FdS,Adul. / Cri.,setembro,Histórico,03-set-2025 qua,104,0,49,0,0,87,17,"77,04","16 368,32","157,39",45,0,190,3615,5,1319,0,1,2924,691,"89,38","620 068,16","171,29",1320,2,6313,Total set,3615,5,1319,0,1,2924,691,"89,38","620 068,16","171,29",1320,2,6313,Total,43980,4727,15665,0,64,37444,6536,"49,43","6 002 128,28","123,23",15800,130,80345
Data,Ocup,Opção,Cheg,Oferta/Uso Interno,Deduz. Individ.,Deduz. Grupos,% Ocup.,Receita Quartos,Preço Médio,Saídas,Quartos FdS,Adul. / Cri.,setembro,Histórico,04-set-2025 qui,108,0,32,0,0,87,21,"80,00","18 026,52","166,91",28,0,196,3615,5,1319,0,1,2924,691,"89,38","620 068,16","171,29",1320,2,6313,Total set,3615,5,1319,0,1,2924,691,"89,38","620 068,16","171,29",1320,2,6313,Total,43980,4727,15665,0,64,37444,6536,"49,43","6 002 128,28","123,23",15800,130,80345
Data,Ocup,Opção,Cheg,Oferta/Uso Interno,Deduz. Individ.,Deduz. Grupos,% Ocup.,Receita Quartos,Preço Médio,Saídas,Quartos FdS,Adul. / Cri.,setembro,Histórico,05-set-2025 sex,115,0,38,0,0,88,27,"85,19","19 455,00","169,17",31,1,210,3615,5,1319,0,1,2924,691,"89,38","620 068,16","171,29",1320,2,6313,Total set,3615,5,1319,0,1,2924,691,"89,38","620 068,16","171,29",1320,2,6313,Total,43980,4727,15665,0,64,37444,6536,"49,43","6 002 128,28","123,23",15800,130,80345
Data,Ocup,Opção,Cheg,Oferta/Uso Interno,Deduz. Individ.,Deduz. Grupos,% Ocup.,Receita Quartos,Preço Médio,Saídas,Quartos FdS,Adul. / Cri.,setembro,Histórico,06-set-2025 sáb,103,0,31,0,0,92,11,"76,30","17 095,96","165,98",43,0,179,3615,5,1319,0,1,2924,691,"89,38","620 068,16","171,29",1320,2,6313,Total set,3615,5,1319,0,1,2924,691,"89,38","620 068,16","171,29",1320,2,6313,Total,43980,4727,15665,0,64,37444,6536,"49,43","6 002 128,28","123,23",15800,130,80345
Data,Ocup,Opção,Cheg,Oferta/Uso Interno,Deduz. Individ.,Deduz. Grupos,% Ocup.,Receita Quartos,Preço Médio,Saídas,Quartos FdS,Adul. / Cri.,setembro,Histórico,07-set-2025 dom,103,0,36,0,0,103,0,"76,30","15 957,73","154,93",36,0,179,3615,5,1319,0,1,2924,691,"89,38","620 068,16","171,29",1320,2,6313,Total set,3615,5,1319,0,1,2924,691,"89,38","620 068,16","171,29",1320,2,6313,Total,43980,4727,15665,0,64,37444,6536,"49,43","6 002 128,28","123,23",15800,130,80345
Data,Ocup,Opção,Cheg,Oferta/Uso Interno,Deduz. Individ.,Deduz. Grupos,% Ocup.,Receita Quartos,Preço Médio,Saídas,Quartos FdS,Adul. / Cri.,setembro,Histórico,08-set-2025 seg,105,0,42,0,0,105,0,"77,78","16 753,64","159,56",40,0,182,3615,5,1319,0,1,2924,691,"89,38","620 068,16","171,29",1320,2,6313,Total set,3615,5,1319,0,1,2924,691,"89,38","620 068,16","171,29",1320,2,6313,Total,43980,4727,15665,0,64,37444,6536,"49,43","6 002 128,28","123,23",15800,130,80345
Data,Ocup,Opção,Cheg,Oferta/Uso Interno,Deduz. Individ.,Deduz. Grupos,% Ocup.,Receita Quartos,Preço Médio,Saídas,Quartos FdS,Adul. / Cri.,setembro,Histórico,09-set-2025 ter,112,0,44,0,0,112,0,"82,96","18 842,15","168,23",37,0,194,3615,5,1319,0,1,2924,691,"89,38","620 068,16","171,29",1320,2,6313,Total set,3615,5,1319,0,1,2924,691,"89,38","620 068,16","171,29",1320,2,6313,Total,43980,4727,15665,0,64,37444,6536,"49,43","6 002 128,28","123,23",15800,130,80345
Data,Ocup,Opção,Cheg,Oferta/Uso Interno,Deduz. Individ.,Deduz. Grupos,% Ocup.,Receita Quartos,Preço Médio,Saídas,Quartos FdS,Adul. / Cri.,setembro,Histórico,10-set-2025 qua,113,0,45,0,0,95,18,"83,70","17 865,24","158,10",44,0,196,3615,5,1319,0,1,2924,691,"89,38","620 068,16","171,29",1320,2,6313,Total set,3615,5,1319,0,1,2924,691,"89,38","620 068,16","171,29",1320,2,6313,Total,43980,4727,15665,0,64,37444,6536,"49,43","6 002 128,28","123,23",15800,130,80345
Data,Ocup,Opção,Cheg,Oferta/Uso Interno,Deduz. Individ.,Deduz. Grupos,% Ocup.,Receita Quartos,Preço Médio,Saídas,Quartos FdS,Adul. / Cri.,setembro,Histórico,11-set-2025 qui,120,0,36,0,0,89,31,"88,89","18 453,95","153,78",29,0,213,3615,5,1319,0,1,2924,691,"89,38","620 068,16","171,29",1320,2,6313,Total set,3615,5,1319,0,1,2924,691,"89,38","620 068,16","171,29",1320,2,6313,Total,43980,4727,15665,0,64,37444,6536,"49,43","6 002 128,28","123,23",15800,130,80345
Data,Ocup,Opção,Cheg,Oferta/Uso Interno,Deduz. Individ.,Deduz. Grupos,% Ocup.,Receita Quartos,Preço Médio,Saídas,Quartos FdS,Adul. / Cri.,setembro,Histórico,12-set-2025 sex,129,0,49,0,0,74,55,"95,56","22 349,19","173,25",40,0,229,3615,5,1319,0,1,2924,691,"89,38","620 068,16","171,29",1320,2,6313,Total set,3615,5,1319,0,1,2924,691,"89,38","620 068,16","171,29",1320,2,6313,Total,43980,4727,15665,0,64,37444,6536,"49,43","6 002 128,28","123,23",15800,130,80345
Data,Ocup,Opção,Cheg,Oferta/Uso Interno,Deduz. Individ.,Deduz. Grupos,% Ocup.,Receita Quartos,Preço Médio,Saídas,Quartos FdS,Adul. / Cri.,setembro,Histórico,13-set-2025 sáb,126,0,33,0,0,85,41,"93,33","23 175,51","183,93",36,0,228,3615,5,1319,0,1,2924,691,"89,38","620 068,16","171,29",1320,2,6313,Total set,3615,5,1319,0,1,2924,691,"89,38","620 068,16","171,29",1320,2,6313,Total,43980,4727,15665,0,64,37444,6536,"49,43","6 002 128,28","123,23",15800,130,80345
Data,Ocup,Opção,Cheg,Oferta/Uso Interno,Deduz. Individ.,Deduz. Grupos,% Ocup.,Receita Quartos,Preço Médio,Saídas,Quartos FdS,Adul. / Cri.,setembro,Histórico,14-set-2025 dom,87,0,22,0,0,64,23,"64,44","15 188,94","174,59",61,0,152,3615,5,1319,0,1,2924,691,"89,38","620 068,16","171,29",1320,2,6313,Total set,3615,5,1319,0,1,2924,691,"89,38","620 068,16","171,29",1320,2,6313,Total,43980,4727,15665,0,64,37444,6536,"49,43","6 002 128,28","123,23",15800,130,80345
Data,Ocup,Opção,Cheg,Oferta/Uso Interno,Deduz. Individ.,Deduz. Grupos,% Ocup.,Receita Quartos,Preço Médio,Saídas,Quartos FdS,Adul. / Cri.,setembro,Histórico,15-set-2025 seg,133,0,104,0,0,51,82,"98,52","22 798,18","171,41",58,0,244,3615,5,1319,0,1,2924,691,"89,38","620 068,16","171,29",1320,2,6313,Total set,3615,5,1319,0,1,2924,691,"89,38","620 068,16","171,29",1320,2,6313,Total,43980,4727,15665,0,64,37444,6536,"49,43","6 002 128,28","123,23",15800,130,80345
Data,Ocup,Opção,Cheg,Oferta/Uso Interno,Deduz. Individ.,Deduz. Grupos,% Ocup.,Receita Quartos,Preço Médio,Saídas,Quartos FdS,Adul. / Cri.,setembro,Histórico,16-set-2025 ter,135,0,15,0,0,53,82,"100,00","22 590,98","167,34",13,0,247,3615,5,1319,0,1,2924,691,"89,38","620 068,16","171,29",1320,2,6313,Total set,3615,5,1319,0,1,2924,691,"89,38","620 068,16","171,29",1320,2,6313,Total,43980,4727,15665,0,64,37444,6536,"49,43","6 002 128,28","123,23",15800,130,80345
Data,Ocup,Opção,Cheg,Oferta/Uso Interno,Deduz. Individ.,Deduz. Grupos,% Ocup.,Receita Quartos,Preço Médio,Saídas,Quartos FdS,Adul. / Cri.,setembro,Histórico,17-set-2025 qua,133,0,28,0,0,36,97,"98,52","21 823,81","164,09",30,0,245,3615,5,1319,0,1,2924,691,"89,38","620 068,16","171,29",1320,2,6313,Total set,3615,5,1319,0,1,2924,691,"89,38","620 068,16","171,29",1320,2,6313,Total,43980,4727,15665,0,64,37444,6536,"49,43","6 002 128,28","123,23",15800,130,80345
Data,Ocup,Opção,Cheg,Oferta/Uso Interno,Deduz. Individ.,Deduz. Grupos,% Ocup.,Receita Quartos,Preço Médio,Saídas,Quartos FdS,Adul. / Cri.,setembro,Histórico,18-set-2025 qui,132,0,93,0,0,115,17,"97,78","25 853,21","195,86",94,0,218,3615,5,1319,0,1,2924,691,"89,38","620 068,16","171,29",1320,2,6313,Total set,3615,5,1319,0,1,2924,691,"89,38","620 068,16","171,29",1320,2,6313,Total,43980,4727,15665,0,64,37444,6536,"49,43","6 002 128,28","123,23",15800,130,80345
Data,Ocup,Opção,Cheg,Oferta/Uso Interno,Deduz. Individ.,Deduz. Grupos,% Ocup.,Receita Quartos,Preço Médio,Saídas,Quartos FdS,Adul. / Cri.,setembro,Histórico,19-set-2025 sex,131,0,49,0,0,105,26,"97,04","26 816,32","204,70",50,0,228,3615,5,1319,0,1,2924,691,"89,38","620 068,16","171,29",1320,2,6313,Total set,3615,5,1319,0,1,2924,691,"89,38","620 068,16","171,29",1320,2,6313,Total,43980,4727,15665,0,64,37444,6536,"49,43","6 002 128,28","123,23",15800,130,80345
Data,Ocup,Opção,Cheg,Oferta/Uso Interno,Deduz. Individ.,Deduz. Grupos,% Ocup.,Receita Quartos,Preço Médio,Saídas,Quartos FdS,Adul. / Cri.,setembro,Histórico,20-set-2025 sáb,129,1,47,0,0,115,14,"96,30","25 765,82","198,20",49,0,222,3615,5,1319,0,1,2924,691,"89,38","620 068,16","171,29",1320,2,6313,Total set,3615,5,1319,0,1,2924,691,"89,38","620 068,16","171,29",1320,2,6313,Total,43980,4727,15665,0,64,37444,6536,"49,43","6 002 128,28","123,23",15800,130,80345
Data,Ocup,Opção,Cheg,Oferta/Uso Interno,Deduz. Individ.,Deduz. Grupos,% Ocup.,Receita Quartos,Preço Médio,Saídas,Quartos FdS,Adul. / Cri.,setembro,Histórico,21-set-2025 dom,121,1,46,0,0,111,10,"90,37","21 108,76","173,02",54,0,212,3615,5,1319,0,1,2924,691,"89,38","620 068,16","171,29",1320,2,6313,Total set,3615,5,1319,0,1,2924,691,"89,38","620 068,16","171,29",1320,2,6313,Total,43980,4727,15665,0,64,37444,6536,"49,43","6 002 128,28","123,23",15800,130,80345
Data,Ocup,Opção,Cheg,Oferta/Uso Interno,Deduz. Individ.,Deduz. Grupos,% Ocup.,Receita Quartos,Preço Médio,Saídas,Quartos FdS,Adul. / Cri.,setembro,Histórico,22-set-2025 seg,124,1,27,0,0,114,10,"92,59","20 080,42","160,64",24,0,214,3615,5,1319,0,1,2924,691,"89,38","620 068,16","171,29",1320,2,6313,Total set,3615,5,1319,0,1,2924,691,"89,38","620 068,16","171,29",1320,2,6313,Total,43980,4727,15665,0,64,37444,6536,"49,43","6 002 128,28","123,23",15800,130,80345
Data,Ocup,Opção,Cheg,Oferta/Uso Interno,Deduz. Individ.,Deduz. Grupos,% Ocup.,Receita Quartos,Preço Médio,Saídas,Quartos FdS,Adul. / Cri.,setembro,Histórico,23-set-2025 ter,134,0,66,0,0,134,0,"99,26","21 802,86","162,71",56,0,222,3615,5,1319,0,1,2924,691,"89,38","620 068,16","171,29",1320,2,6313,Total set,3615,5,1319,0,1,2924,691,"89,38","620 068,16","171,29",1320,2,6313,Total,43980,4727,15665,0,64,37444,6536,"49,43","6 002 128,28","123,23",15800,130,80345
Data,Ocup,Opção,Cheg,Oferta/Uso Interno,Deduz. Individ.,Deduz. Grupos,% Ocup.,Receita Quartos,Preço Médio,Saídas,Quartos FdS,Adul. / Cri.,setembro,Histórico,24-set-2025 qua,135,0,55,0,0,119,16,"100,00","22 290,01","165,11",54,0,224,3615,5,1319,0,1,2924,691,"89,38","620 068,16","171,29",1320,2,6313,Total set,3615,5,1319,0,1,2924,691,"89,38","620 068,16","171,29",1320,2,6313,Total,43980,4727,15665,0,64,37444,6536,"49,43","6 002 128,28","123,23",15800,130,80345
Data,Ocup,Opção,Cheg,Oferta/Uso Interno,Deduz. Individ.,Deduz. Grupos,% Ocup.,Receita Quartos,Preço Médio,Saídas,Quartos FdS,Adul. / Cri.,setembro,Histórico,25-set-2025 qui,133,0,40,0,0,115,18,"98,52","23 208,43","174,50",42,0,235,3615,5,1319,0,1,2924,691,"89,38","620 068,16","171,29",1320,2,6313,Total set,3615,5,1319,0,1,2924,691,"89,38","620 068,16","171,29",1320,2,6313,Total,43980,4727,15665,0,64,37444,6536,"49,43","6 002 128,28","123,23",15800,130,80345
Data,Ocup,Opção,Cheg,Oferta/Uso Interno,Deduz. Individ.,Deduz. Grupos,% Ocup.,Receita Quartos,Preço Médio,Saídas,Quartos FdS,Adul. / Cri.,setembro,Histórico,26-set-2025 sex,131,0,46,0,0,113,18,"97,04","24 197,35","184,71",48,0,235,3615,5,1319,0,1,2924,691,"89,38","620 068,16","171,29",1320,2,6313,Total set,3615,5,1319,0,1,2924,691,"89,38","620 068,16","171,29",1320,2,6313,Total,43980,4727,15665,0,64,37444,6536,"49,43","6 002 128,28","123,23",15800,130,80345
Data,Ocup,Opção,Cheg,Oferta/Uso Interno,Deduz. Individ.,Deduz. Grupos,% Ocup.,Receita Quartos,Preço Médio,Saídas,Quartos FdS,Adul. / Cri.,setembro,Histórico,27-set-2025 sáb,131,0,47,0,0,127,4,"97,04","24 952,89","190,48",47,0,224,3615,5,1319,0,1,2924,691,"89,38","620 068,16","171,29",1320,2,6313,Total set,3615,5,1319,0,1,2924,691,"89,38","620 068,16","171,29",1320,2,6313,Total,43980,4727,15665,0,64,37444,6536,"49,43","6 002 128,28","123,23",15800,130,80345
Data,Ocup,Opção,Cheg,Oferta/Uso Interno,Deduz. Individ.,Deduz. Grupos,% Ocup.,Receita Quartos,Preço Médio,Saídas,Quartos FdS,Adul. / Cri.,setembro,Histórico,28-set-2025 dom,130,0,52,0,0,120,10,"96,30","22 177,99","170,60",53,0,224,3615,5,1319,0,1,2924,691,"89,38","620 068,16","171,29",1320,2,6313,Total set,3615,5,1319,0,1,2924,691,"89,38","620 068,16","171,29",1320,2,6313,Total,43980,4727,15665,0,64,37444,6536,"49,43","6 002 128,28","123,23",15800,130,80345
Data,Ocup,Opção,Cheg,Oferta/Uso Interno,Deduz. Individ.,Deduz. Grupos,% Ocup.,Receita Quartos,Preço Médio,Saídas,Quartos FdS,Adul. / Cri.,setembro,Histórico,29-set-2025 seg,122,0,36,0,0,111,11,"90,37","20 496,06","168,00",44,1,198,3615,5,1319,0,1,2924,691,"89,38","620 068,16","171,29",1320,2,6313,Total set,3615,5,1319,0,1,2924,691,"89,38","620 068,16","171,29",1320,2,6313,Total,43980,4727,15665,0,64,37444,6536,"49,43","6 002 128,28","123,23",15800,130,80345
Data,Ocup,Opção,Cheg,Oferta/Uso Interno,Deduz. Individ.,Deduz. Grupos,% Ocup.,Receita Quartos,Preço Médio,Saídas,Quartos FdS,Adul. / Cri.,setembro,Histórico,30-set-2025 ter,119,0,46,0,0,104,15,"88,15","19 988,49","167,97",49,0,195,3615,5,1319,0,1,2924,691,"89,38","620 068,16","171,29",1320,2,6313,Total set,3615,5,1319,0,1,2924,691,"89,38","620 068,16","171,29",1320,2,6313,Total,43980,4727,15665,0,64,37444,6536,"49,43","6 002 128,28","123,23",15800,130,80345
Data,Ocup,Opção,Cheg,Oferta/Uso Interno,Deduz. Individ.,Deduz. Grupos,% Ocup.,Receita Quartos,Preço Médio,Saídas,Quartos FdS,Adul. / Cri.,outubro,Histórico,01-out-2025 qua,128,0,58,0,0,76,52,"94,81","21 668,14","169,28",49,0,219,3832,16,1433,0,7,3127,705,"91,95","636 684,71","165,46",1457,1,6564,Total out,3832,16,1433,0,7,3127,705,"91,95","636 684,71","165,46",1457,1,6564,Total,43980,4727,15665,0,64,37444,6536,"49,43","6 002 128,28","123,23",15800,130,80345
Data,Ocup,Opção,Cheg,Oferta/Uso Interno,Deduz. Individ.,Deduz. Grupos,% Ocup.,Receita Quartos,Preço Médio,Saídas,Quartos FdS,Adul. / Cri.,outubro,Histórico,02-out-2025 qui,131,0,45,0,0,92,39,"97,04","22 103,75","168,73",42,0,228,3832,16,1433,0,7,3127,705,"91,95","636 684,71","165,46",1457,1,6564,Total out,3832,16,1433,0,7,3127,705,"91,95","636 684,71","165,46",1457,1,6564,Total,43980,4727,15665,0,64,37444,6536,"49,43","6 002 128,28","123,23",15800,130,80345
Data,Ocup,Opção,Cheg,Oferta/Uso Interno,Deduz. Individ.,Deduz. Grupos,% Ocup.,Receita Quartos,Preço Médio,Saídas,Quartos FdS,Adul. / Cri.,outubro,Histórico,03-out-2025 sex,134,0,35,0,0,90,44,"99,26","26 009,17","194,10",32,0,230,3832,16,1433,0,7,3127,705,"91,95","636 684,71","165,46",1457,1,6564,Total out,3832,16,1433,0,7,3127,705,"91,95","636 684,71","165,46",1457,1,6564,Total,43980,4727,15665,0,64,37444,6536,"49,43","6 002 128,28","123,23",15800,130,80345
Data,Ocup,Opção,Cheg,Oferta/Uso Interno,Deduz. Individ.,Deduz. Grupos,% Ocup.,Receita Quartos,Preço Médio,Saídas,Quartos FdS,Adul. / Cri.,outubro,Histórico,04-out-2025 sáb,132,0,39,0,0,105,27,"97,78","23 672,45","179,34",41,0,223,3832,16,1433,0,7,3127,705,"91,95","636 684,71","165,46",1457,1,6564,Total out,3832,16,1433,0,7,3127,705,"91,95","636 684,71","165,46",1457,1,6564,Total,43980,4727,15665,0,64,37444,6536,"49,43","6 002 128,28","123,23",15800,130,80345
Data,Ocup,Opção,Cheg,Oferta/Uso Interno,Deduz. Individ.,Deduz. Grupos,% Ocup.,Receita Quartos,Preço Médio,Saídas,Quartos FdS,Adul. / Cri.,outubro,Histórico,05-out-2025 dom,119,0,66,0,0,106,13,"88,15","19 080,12","160,34",79,0,201,3832,16,1433,0,7,3127,705,"91,95","636 684,71","165,46",1457,1,6564,Total out,3832,16,1433,0,7,3127,705,"91,95","636 684,71","165,46",1457,1,6564,Total,43980,4727,15665,0,64,37444,6536,"49,43","6 002 128,28","123,23",15800,130,80345
Data,Ocup,Opção,Cheg,Oferta/Uso Interno,Deduz. Individ.,Deduz. Grupos,% Ocup.,Receita Quartos,Preço Médio,Saídas,Quartos FdS,Adul. / Cri.,outubro,Histórico,06-out-2025 seg,133,0,55,0,0,129,4,"98,52","22 825,49","171,62",41,0,228,3832,16,1433,0,7,3127,705,"91,95","636 684,71","165,46",1457,1,6564,Total out,3832,16,1433,0,7,3127,705,"91,95","636 684,71","165,46",1457,1,6564,Total,43980,4727,15665,0,64,37444,6536,"49,43","6 002 128,28","123,23",15800,130,80345
Data,Ocup,Opção,Cheg,Oferta/Uso Interno,Deduz. Individ.,Deduz. Grupos,% Ocup.,Receita Quartos,Preço Médio,Saídas,Quartos FdS,Adul. / Cri.,outubro,Histórico,07-out-2025 ter,135,4,46,0,0,133,2,"102,96","25 143,54","180,89",44,0,229,3832,16,1433,0,7,3127,705,"91,95","636 684,71","165,46",1457,1,6564,Total out,3832,16,1433,0,7,3127,705,"91,95","636 684,71","165,46",1457,1,6564,Total,43980,4727,15665,0,64,37444,6536,"49,43","6 002 128,28","123,23",15800,130,80345
Data,Ocup,Opção,Cheg,Oferta/Uso Interno,Deduz. Individ.,Deduz. Grupos,% Ocup.,Receita Quartos,Preço Médio,Saídas,Quartos FdS,Adul. / Cri.,outubro,Histórico,08-out-2025 qua,135,0,64,0,0,94,41,"100,00","23 522,23","174,24",64,0,236,3832,16,1433,0,7,3127,705,"91,95","636 684,71","165,46",1457,1,6564,Total out,3832,16,1433,0,7,3127,705,"91,95","636 684,71","165,46",1457,1,6564,Total,43980,4727,15665,0,64,37444,6536,"49,43","6 002 128,28","123,23",15800,130,80345
Data,Ocup,Opção,Cheg,Oferta/Uso Interno,Deduz. Individ.,Deduz. Grupos,% Ocup.,Receita Quartos,Preço Médio,Saídas,Quartos FdS,Adul. / Cri.,outubro,Histórico,09-out-2025 qui,127,0,51,0,0,110,17,"94,07","21 729,92","171,10",59,0,224,3832,16,1433,0,7,3127,705,"91,95","636 684,71","165,46",1457,1,6564,Total out,3832,16,1433,0,7,3127,705,"91,95","636 684,71","165,46",1457,1,6564,Total,43980,4727,15665,0,64,37444,6536,"49,43","6 002 128,28","123,23",15800,130,80345
Data,Ocup,Opção,Cheg,Oferta/Uso Interno,Deduz. Individ.,Deduz. Grupos,% Ocup.,Receita Quartos,Preço Médio,Saídas,Quartos FdS,Adul. / Cri.,outubro,Histórico,10-out-2025 sex,133,0,50,0,0,96,37,"98,52","23 874,61","179,51",44,0,237,3832,16,1433,0,7,3127,705,"91,95","636 684,71","165,46",1457,1,6564,Total out,3832,16,1433,0,7,3127,705,"91,95","636 684,71","165,46",1457,1,6564,Total,43980,4727,15665,0,64,37444,6536,"49,43","6 002 128,28","123,23",15800,130,80345
Data,Ocup,Opção,Cheg,Oferta/Uso Interno,Deduz. Individ.,Deduz. Grupos,% Ocup.,Receita Quartos,Preço Médio,Saídas,Quartos FdS,Adul. / Cri.,outubro,Histórico,11-out-2025 sáb,135,0,45,0,0,102,33,"100,00","26 022,04","192,76",43,0,239,3832,16,1433,0,7,3127,705,"91,95","636 684,71","165,46",1457,1,6564,Total out,3832,16,1433,0,7,3127,705,"91,95","636 684,71","165,46",1457,1,6564,Total,43980,4727,15665,0,64,37444,6536,"49,43","6 002 128,28","123,23",15800,130,80345
Data,Ocup,Opção,Cheg,Oferta/Uso Interno,Deduz. Individ.,Deduz. Grupos,% Ocup.,Receita Quartos,Preço Médio,Saídas,Quartos FdS,Adul. / Cri.,outubro,Histórico,12-out-2025 dom,107,0,49,0,0,89,18,"79,26","17 009,71","158,97",77,0,189,3832,16,1433,0,7,3127,705,"91,95","636 684,71","165,46",1457,1,6564,Total out,3832,16,1433,0,7,3127,705,"91,95","636 684,71","165,46",1457,1,6564,Total,43980,4727,15665,0,64,37444,6536,"49,43","6 002 128,28","123,23",15800,130,80345
Data,Ocup,Opção,Cheg,Oferta/Uso Interno,Deduz. Individ.,Deduz. Grupos,% Ocup.,Receita Quartos,Preço Médio,Saídas,Quartos FdS,Adul. / Cri.,outubro,Histórico,13-out-2025 seg,133,0,59,0,0,123,10,"98,52","21 100,38","158,65",33,0,232,3832,16,1433,0,7,3127,705,"91,95","636 684,71","165,46",1457,1,6564,Total out,3832,16,1433,0,7,3127,705,"91,95","636 684,71","165,46",1457,1,6564,Total,43980,4727,15665,0,64,37444,6536,"49,43","6 002 128,28","123,23",15800,130,80345
Data,Ocup,Opção,Cheg,Oferta/Uso Interno,Deduz. Individ.,Deduz. Grupos,% Ocup.,Receita Quartos,Preço Médio,Saídas,Quartos FdS,Adul. / Cri.,outubro,Histórico,14-out-2025 ter,134,1,54,0,0,121,13,"100,00","21 174,42","156,85",53,0,235,3832,16,1433,0,7,3127,705,"91,95","636 684,71","165,46",1457,1,6564,Total out,3832,16,1433,0,7,3127,705,"91,95","636 684,71","165,46",1457,1,6564,Total,43980,4727,15665,0,64,37444,6536,"49,43","6 002 128,28","123,23",15800,130,80345
Data,Ocup,Opção,Cheg,Oferta/Uso Interno,Deduz. Individ.,Deduz. Grupos,% Ocup.,Receita Quartos,Preço Médio,Saídas,Quartos FdS,Adul. / Cri.,outubro,Histórico,15-out-2025 qua,131,1,50,0,0,102,29,"97,78","19 798,38","149,99",53,0,231,3832,16,1433,0,7,3127,705,"91,95","636 684,71","165,46",1457,1,6564,Total out,3832,16,1433,0,7,3127,705,"91,95","636 684,71","165,46",1457,1,6564,Total,43980,4727,15665,0,64,37444,6536,"49,43","6 002 128,28","123,23",15800,130,80345
Data,Ocup,Opção,Cheg,Oferta/Uso Interno,Deduz. Individ.,Deduz. Grupos,% Ocup.,Receita Quartos,Preço Médio,Saídas,Quartos FdS,Adul. / Cri.,outubro,Histórico,16-out-2025 qui,132,1,64,0,0,76,56,"98,52","21 580,77","162,26",63,1,237,3832,16,1433,0,7,3127,705,"91,95","636 684,71","165,46",1457,1,6564,Total out,3832,16,1433,0,7,3127,705,"91,95","636 684,71","165,46",1457,1,6564,Total,43980,4727,15665,0,64,37444,6536,"49,43","6 002 128,28","123,23",15800,130,80345
Data,Ocup,Opção,Cheg,Oferta/Uso Interno,Deduz. Individ.,Deduz. Grupos,% Ocup.,Receita Quartos,Preço Médio,Saídas,Quartos FdS,Adul. / Cri.,outubro,Histórico,17-out-2025 sex,134,0,38,0,0,78,56,"99,26","22 837,83","170,43",36,0,240,3832,16,1433,0,7,3127,705,"91,95","636 684,71","165,46",1457,1,6564,Total out,3832,16,1433,0,7,3127,705,"91,95","636 684,71","165,46",1457,1,6564,Total,43980,4727,15665,0,64,37444,6536,"49,43","6 002 128,28","123,23",15800,130,80345
Data,Ocup,Opção,Cheg,Oferta/Uso Interno,Deduz. Individ.,Deduz. Grupos,% Ocup.,Receita Quartos,Preço Médio,Saídas,Quartos FdS,Adul. / Cri.,outubro,Histórico,18-out-2025 sáb,123,0,32,0,0,79,44,"91,11","21 785,28","177,12",43,0,215,3832,16,1433,0,7,3127,705,"91,95","636 684,71","165,46",1457,1,6564,Total out,3832,16,1433,0,7,3127,705,"91,95","636 684,71","165,46",1457,1,6564,Total,43980,4727,15665,0,64,37444,6536,"49,43","6 002 128,28","123,23",15800,130,80345
Data,Ocup,Opção,Cheg,Oferta/Uso Interno,Deduz. Individ.,Deduz. Grupos,% Ocup.,Receita Quartos,Preço Médio,Saídas,Quartos FdS,Adul. / Cri.,outubro,Histórico,19-out-2025 dom,117,0,67,0,0,96,21,"86,67","18 738,57","160,16",73,0,188,3832,16,1433,0,7,3127,705,"91,95","636 684,71","165,46",1457,1,6564,Total out,3832,16,1433,0,7,3127,705,"91,95","636 684,71","165,46",1457,1,6564,Total,43980,4727,15665,0,64,37444,6536,"49,43","6 002 128,28","123,23",15800,130,80345
Data,Ocup,Opção,Cheg,Oferta/Uso Interno,Deduz. Individ.,Deduz. Grupos,% Ocup.,Receita Quartos,Preço Médio,Saídas,Quartos FdS,Adul. / Cri.,outubro,Histórico,20-out-2025 seg,122,0,42,0,0,112,10,"90,37","19 639,68","160,98",37,0,197,3832,16,1433,0,7,3127,705,"91,95","636 684,71","165,46",1457,1,6564,Total out,3832,16,1433,0,7,3127,705,"91,95","636 684,71","165,46",1457,1,6564,Total,43980,4727,15665,0,64,37444,6536,"49,43","6 002 128,28","123,23",15800,130,80345
Data,Ocup,Opção,Cheg,Oferta/Uso Interno,Deduz. Individ.,Deduz. Grupos,% Ocup.,Receita Quartos,Preço Médio,Saídas,Quartos FdS,Adul. / Cri.,outubro,Histórico,21-out-2025 ter,126,0,42,0,0,104,22,"93,33","19 984,61","158,61",38,0,203,3832,16,1433,0,7,3127,705,"91,95","636 684,71","165,46",1457,1,6564,Total out,3832,16,1433,0,7,3127,705,"91,95","636 684,71","165,46",1457,1,6564,Total,43980,4727,15665,0,64,37444,6536,"49,43","6 002 128,28","123,23",15800,130,80345
Data,Ocup,Opção,Cheg,Oferta/Uso Interno,Deduz. Individ.,Deduz. Grupos,% Ocup.,Receita Quartos,Preço Médio,Saídas,Quartos FdS,Adul. / Cri.,outubro,Histórico,22-out-2025 qua,134,0,55,0,1,106,28,"99,26","21 233,11","158,46",47,0,203,3832,16,1433,0,7,3127,705,"91,95","636 684,71","165,46",1457,1,6564,Total out,3832,16,1433,0,7,3127,705,"91,95","636 684,71","165,46",1457,1,6564,Total,43980,4727,15665,0,64,37444,6536,"49,43","6 002 128,28","123,23",15800,130,80345
Data,Ocup,Opção,Cheg,Oferta/Uso Interno,Deduz. Individ.,Deduz. Grupos,% Ocup.,Receita Quartos,Preço Médio,Saídas,Quartos FdS,Adul. / Cri.,outubro,Histórico,23-out-2025 qui,126,0,38,0,1,103,23,"93,33","20 048,76","159,12",46,0,195,3832,16,1433,0,7,3127,705,"91,95","636 684,71","165,46",1457,1,6564,Total out,3832,16,1433,0,7,3127,705,"91,95","636 684,71","165,46",1457,1,6564,Total,43980,4727,15665,0,64,37444,6536,"49,43","6 002 128,28","123,23",15800,130,80345
Data,Ocup,Opção,Cheg,Oferta/Uso Interno,Deduz. Individ.,Deduz. Grupos,% Ocup.,Receita Quartos,Preço Médio,Saídas,Quartos FdS,Adul. / Cri.,outubro,Histórico,24-out-2025 sex,135,0,53,0,1,102,33,"100,00","22 109,50","163,77",44,0,223,3832,16,1433,0,7,3127,705,"91,95","636 684,71","165,46",1457,1,6564,Total out,3832,16,1433,0,7,3127,705,"91,95","636 684,71","165,46",1457,1,6564,Total,43980,4727,15665,0,64,37444,6536,"49,43","6 002 128,28","123,23",15800,130,80345
Data,Ocup,Opção,Cheg,Oferta/Uso Interno,Deduz. Individ.,Deduz. Grupos,% Ocup.,Receita Quartos,Preço Médio,Saídas,Quartos FdS,Adul. / Cri.,outubro,Histórico,25-out-2025 sáb,129,0,30,0,1,114,15,"95,56","22 204,85","172,13",36,0,220,3832,16,1433,0,7,3127,705,"91,95","636 684,71","165,46",1457,1,6564,Total out,3832,16,1433,0,7,3127,705,"91,95","636 684,71","165,46",1457,1,6564,Total,43980,4727,15665,0,64,37444,6536,"49,43","6 002 128,28","123,23",15800,130,80345
Data,Ocup,Opção,Cheg,Oferta/Uso Interno,Deduz. Individ.,Deduz. Grupos,% Ocup.,Receita Quartos,Preço Médio,Saídas,Quartos FdS,Adul. / Cri.,outubro,Histórico,26-out-2025 dom,122,0,48,0,1,113,9,"90,37","18 650,36","152,87",55,0,215,3832,16,1433,0,7,3127,705,"91,95","636 684,71","165,46",1457,1,6564,Total out,3832,16,1433,0,7,3127,705,"91,95","636 684,71","165,46",1457,1,6564,Total,43980,4727,15665,0,64,37444,6536,"49,43","6 002 128,28","123,23",15800,130,80345
Data,Ocup,Opção,Cheg,Oferta/Uso Interno,Deduz. Individ.,Deduz. Grupos,% Ocup.,Receita Quartos,Preço Médio,Saídas,Quartos FdS,Adul. / Cri.,outubro,Histórico,27-out-2025 seg,114,0,23,0,0,105,9,"84,44","17 616,94","154,53",31,0,202,3832,16,1433,0,7,3127,705,"91,95","636 684,71","165,46",1457,1,6564,Total out,3832,16,1433,0,7,3127,705,"91,95","636 684,71","165,46",1457,1,6564,Total,43980,4727,15665,0,64,37444,6536,"49,43","6 002 128,28","123,23",15800,130,80345
Data,Ocup,Opção,Cheg,Oferta/Uso Interno,Deduz. Individ.,Deduz. Grupos,% Ocup.,Receita Quartos,Preço Médio,Saídas,Quartos FdS,Adul. / Cri.,outubro,Histórico,28-out-2025 ter,101,1,28,0,0,101,0,"75,56","15 227,99","149,29",41,0,173,3832,16,1433,0,7,3127,705,"91,95","636 684,71","165,46",1457,1,6564,Total out,3832,16,1433,0,7,3127,705,"91,95","636 684,71","165,46",1457,1,6564,Total,43980,4727,15665,0,64,37444,6536,"49,43","6 002 128,28","123,23",15800,130,80345
Data,Ocup,Opção,Cheg,Oferta/Uso Interno,Deduz. Individ.,Deduz. Grupos,% Ocup.,Receita Quartos,Preço Médio,Saídas,Quartos FdS,Adul. / Cri.,outubro,Histórico,29-out-2025 qua,91,2,29,0,0,91,0,"68,89","13 432,93","144,44",39,0,159,3832,16,1433,0,7,3127,705,"91,95","636 684,71","165,46",1457,1,6564,Total out,3832,16,1433,0,7,3127,705,"91,95","636 684,71","165,46",1457,1,6564,Total,43980,4727,15665,0,64,37444,6536,"49,43","6 002 128,28","123,23",15800,130,80345
Data,Ocup,Opção,Cheg,Oferta/Uso Interno,Deduz. Individ.,Deduz. Grupos,% Ocup.,Receita Quartos,Preço Médio,Saídas,Quartos FdS,Adul. / Cri.,outubro,Histórico,30-out-2025 qui,84,3,31,0,1,84,0,"64,44","12 391,65","142,43",38,0,151,3832,16,1433,0,7,3127,705,"91,95","636 684,71","165,46",1457,1,6564,Total out,3832,16,1433,0,7,3127,705,"91,95","636 684,71","165,46",1457,1,6564,Total,43980,4727,15665,0,64,37444,6536,"49,43","6 002 128,28","123,23",15800,130,80345
Data,Ocup,Opção,Cheg,Oferta/Uso Interno,Deduz. Individ.,Deduz. Grupos,% Ocup.,Receita Quartos,Preço Médio,Saídas,Quartos FdS,Adul. / Cri.,outubro,Histórico,31-out-2025 sex,95,3,47,0,1,95,0,"72,59","14 467,52","147,63",36,0,162,3832,16,1433,0,7,3127,705,"91,95","636 684,71","165,46",1457,1,6564,Total out,3832,16,1433,0,7,3127,705,"91,95","636 684,71","165,46",1457,1,6564,Total,43980,4727,15665,0,64,37444,6536,"49,43","6 002 128,28","123,23",15800,130,80345
Data,Ocup,Opção,Cheg,Oferta/Uso Interno,Deduz. Individ.,Deduz. Grupos,% Ocup.,Receita Quartos,Preço Médio,Saídas,Quartos FdS,Adul. / Cri.,novembro,Histórico,01-nov-2025 sáb,114,3,32,0,1,114,0,"86,67","15 553,34","132,93",13,0,190,1182,3,419,0,1,1117,65,"87,78","150 366,91","126,89",381,1,1815,Total nov,2839,3,922,0,1,2610,229,"70,17","342 561,81","120,54",973,1,4462,Total,43980,4727,15665,0,64,37444,6536,"49,43","6 002 128,28","123,23",15800,130,80345
Data,Ocup,Opção,Cheg,Oferta/Uso Interno,Deduz. Individ.,Deduz. Grupos,% Ocup.,Receita Quartos,Preço Médio,Saídas,Quartos FdS,Adul. / Cri.,novembro,Histórico,02-nov-2025 dom,101,0,35,0,0,101,0,"74,81","12 459,28","123,36",48,0,166,1182,3,419,0,1,1117,65,"87,78","150 366,91","126,89",381,1,1815,Total nov,2839,3,922,0,1,2610,229,"70,17","342 561,81","120,54",973,1,4462,Total,43980,4727,15665,0,64,37444,6536,"49,43","6 002 128,28","123,23",15800,130,80345
Data,Ocup,Opção,Cheg,Oferta/Uso Interno,Deduz. Individ.,Deduz. Grupos,% Ocup.,Receita Quartos,Preço Médio,Saídas,Quartos FdS,Adul. / Cri.,novembro,Histórico,03-nov-2025 seg,101,0,47,0,0,95,6,"74,81","11 423,39","113,10",47,0,156,1182,3,419,0,1,1117,65,"87,78","150 366,91","126,89",381,1,1815,Total nov,2839,3,922,0,1,2610,229,"70,17","342 561,81","120,54",973,1,4462,Total,43980,4727,15665,0,64,37444,6536,"49,43","6 002 128,28","123,23",15800,130,80345
Data,Ocup,Opção,Cheg,Oferta/Uso Interno,Deduz. Individ.,Deduz. Grupos,% Ocup.,Receita Quartos,Preço Médio,Saídas,Quartos FdS,Adul. / Cri.,novembro,Histórico,04-nov-2025 ter,102,0,27,0,0,96,6,"75,56","11 010,89","107,95",26,0,154,1182,3,419,0,1,1117,65,"87,78","150 366,91","126,89",381,1,1815,Total nov,2839,3,922,0,1,2610,229,"70,17","342 561,81","120,54",973,1,4462,Total,43980,4727,15665,0,64,37444,6536,"49,43","6 002 128,28","123,23",15800,130,80345
Data,Ocup,Opção,Cheg,Oferta/Uso Interno,Deduz. Individ.,Deduz. Grupos,% Ocup.,Receita Quartos,Preço Médio,Saídas,Quartos FdS,Adul. / Cri.,novembro,Histórico,05-nov-2025 qua,121,0,40,0,0,115,6,"89,63","12 516,51","103,44",21,0,185,1182,3,419,0,1,1117,65,"87,78","150 366,91","126,89",381,1,1815,Total nov,2839,3,922,0,1,2610,229,"70,17","342 561,81","120,54",973,1,4462,Total,43980,4727,15665,0,64,37444,6536,"49,43","6 002 128,28","123,23",15800,130,80345
Data,Ocup,Opção,Cheg,Oferta/Uso Interno,Deduz. Individ.,Deduz. Grupos,% Ocup.,Receita Quartos,Preço Médio,Saídas,Quartos FdS,Adul. / Cri.,novembro,Histórico,06-nov-2025 qui,128,0,49,0,0,112,16,"94,81","15 843,67","123,78",42,0,209,1182,3,419,0,1,1117,65,"87,78","150 366,91","126,89",381,1,1815,Total nov,2839,3,922,0,1,2610,229,"70,17","342 561,81","120,54",973,1,4462,Total,43980,4727,15665,0,64,37444,6536,"49,43","6 002 128,28","123,23",15800,130,80345
Data,Ocup,Opção,Cheg,Oferta/Uso Interno,Deduz. Individ.,Deduz. Grupos,% Ocup.,Receita Quartos,Preço Médio,Saídas,Quartos FdS,Adul. / Cri.,novembro,Histórico,07-nov-2025 sex,128,0,34,0,0,117,11,"94,81","15 987,08","124,90",34,0,210,1182,3,419,0,1,1117,65,"87,78","150 366,91","126,89",381,1,1815,Total nov,2839,3,922,0,1,2610,229,"70,17","342 561,81","120,54",973,1,4462,Total,43980,4727,15665,0,64,37444,6536,"49,43","6 002 128,28","123,23",15800,130,80345
Data,Ocup,Opção,Cheg,Oferta/Uso Interno,Deduz. Individ.,Deduz. Grupos,% Ocup.,Receita Quartos,Preço Médio,Saídas,Quartos FdS,Adul. / Cri.,novembro,Histórico,08-nov-2025 sáb,125,0,43,0,0,115,10,"92,59","15 789,03","126,31",46,1,199,1182,3,419,0,1,1117,65,"87,78","150 366,91","126,89",381,1,1815,Total nov,2839,3,922,0,1,2610,229,"70,17","342 561,81","120,54",973,1,4462,Total,43980,4727,15665,0,64,37444,6536,"49,43","6 002 128,28","123,23",15800,130,80345
Data,Ocup,Opção,Cheg,Oferta/Uso Interno,Deduz. Individ.,Deduz. Grupos,% Ocup.,Receita Quartos,Preço Médio,Saídas,Quartos FdS,Adul. / Cri.,novembro,Histórico,09-nov-2025 dom,129,0,67,0,0,119,10,"95,56","18 674,07","144,76",63,0,180,1182,3,419,0,1,1117,65,"87,78","150 366,91","126,89",381,1,1815,Total nov,2839,3,922,0,1,2610,229,"70,17","342 561,81","120,54",973,1,4462,Total,43980,4727,15665,0,64,37444,6536,"49,43","6 002 128,28","123,23",15800,130,80345
Data,Ocup,Opção,Cheg,Oferta/Uso Interno,Deduz. Individ.,Deduz. Grupos,% Ocup.,Receita Quartos,Preço Médio,Saídas,Quartos FdS,Adul. / Cri.,novembro,Histórico,10-nov-2025 seg,133,0,45,0,0,133,0,"98,52","21 109,66","158,72",41,0,166,1182,3,419,0,1,1117,65,"87,78","150 366,91","126,89",381,1,1815,Total nov,2839,3,922,0,1,2610,229,"70,17","342 561,81","120,54",973,1,4462,Total,43980,4727,15665,0,64,37444,6536,"49,43","6 002 128,28","123,23",15800,130,80345
Data,Ocup,Opção,Cheg,Oferta/Uso Interno,Deduz. Individ.,Deduz. Grupos,% Ocup.,Receita Quartos,Preço Médio,Saídas,Quartos FdS,Adul. / Cri.,novembro,Previsão,11-nov-2025 ter,135,0,22,0,0,135,0,"100,00","21 437,49","158,80",20,0,170,1657,0,503,0,0,1493,164,"61,37","192 194,89","115,99",592,0,2647,Total nov,2839,3,922,0,1,2610,229,"70,17","342 561,81","120,54",973,1,4462,Total,43980,4727,15665,0,64,37444,6536,"49,43","6 002 128,28","123,23",15800,130,80345
Data,Ocup,Opção,Cheg,Oferta/Uso Interno,Deduz. Individ.,Deduz. Grupos,% Ocup.,Receita Quartos,Preço Médio,Saídas,Quartos FdS,Adul. / Cri.,novembro,Previsão,12-nov-2025 qua,134,0,25,0,0,134,0,"99,26","19 353,33","144,43",26,0,162,1657,0,503,0,0,1493,164,"61,37","192 194,89","115,99",592,0,2647,Total nov,2839,3,922,0,1,2610,229,"70,17","342 561,81","120,54",973,1,4462,Total,43980,4727,15665,0,64,37444,6536,"49,43","6 002 128,28","123,23",15800,130,80345
Data,Ocup,Opção,Cheg,Oferta/Uso Interno,Deduz. Individ.,Deduz. Grupos,% Ocup.,Receita Quartos,Preço Médio,Saídas,Quartos FdS,Adul. / Cri.,novembro,Previsão,13-nov-2025 qui,124,0,24,0,0,124,0,"91,85","16 250,47","131,05",34,0,152,1657,0,503,0,0,1493,164,"61,37","192 194,89","115,99",592,0,2647,Total nov,2839,3,922,0,1,2610,229,"70,17","342 561,81","120,54",973,1,4462,Total,43980,4727,15665,0,64,37444,6536,"49,43","6 002 128,28","123,23",15800,130,80345
Data,Ocup,Opção,Cheg,Oferta/Uso Interno,Deduz. Individ.,Deduz. Grupos,% Ocup.,Receita Quartos,Preço Médio,Saídas,Quartos FdS,Adul. / Cri.,novembro,Previsão,14-nov-2025 sex,94,0,53,0,0,94,0,"69,63","10 404,19","110,68",83,0,148,1657,0,503,0,0,1493,164,"61,37","192 194,89","115,99",592,0,2647,Total nov,2839,3,922,0,1,2610,229,"70,17","342 561,81","120,54",973,1,4462,Total,43980,4727,15665,0,64,37444,6536,"49,43","6 002 128,28","123,23",15800,130,80345
Data,Ocup,Opção,Cheg,Oferta/Uso Interno,Deduz. Individ.,Deduz. Grupos,% Ocup.,Receita Quartos,Preço Médio,Saídas,Quartos FdS,Adul. / Cri.,novembro,Previsão,15-nov-2025 sáb,103,0,32,0,0,103,0,"76,30","12 282,89","119,25",23,0,172,1657,0,503,0,0,1493,164,"61,37","192 194,89","115,99",592,0,2647,Total nov,2839,3,922,0,1,2610,229,"70,17","342 561,81","120,54",973,1,4462,Total,43980,4727,15665,0,64,37444,6536,"49,43","6 002 128,28","123,23",15800,130,80345
Data,Ocup,Opção,Cheg,Oferta/Uso Interno,Deduz. Individ.,Deduz. Grupos,% Ocup.,Receita Quartos,Preço Médio,Saídas,Quartos FdS,Adul. / Cri.,novembro,Previsão,16-nov-2025 dom,87,0,18,0,0,87,0,"64,44","8 910,54","102,42",34,0,153,1657,0,503,0,0,1493,164,"61,37","192 194,89","115,99",592,0,2647,Total nov,2839,3,922,0,1,2610,229,"70,17","342 561,81","120,54",973,1,4462,Total,43980,4727,15665,0,64,37444,6536,"49,43","6 002 128,28","123,23",15800,130,80345
Data,Ocup,Opção,Cheg,Oferta/Uso Interno,Deduz. Individ.,Deduz. Grupos,% Ocup.,Receita Quartos,Preço Médio,Saídas,Quartos FdS,Adul. / Cri.,novembro,Previsão,17-nov-2025 seg,76,0,25,0,0,73,3,"56,30","7 366,19","96,92",36,0,132,1657,0,503,0,0,1493,164,"61,37","192 194,89","115,99",592,0,2647,Total nov,2839,3,922,0,1,2610,229,"70,17","342 561,81","120,54",973,1,4462,Total,43980,4727,15665,0,64,37444,6536,"49,43","6 002 128,28","123,23",15800,130,80345
Data,Ocup,Opção,Cheg,Oferta/Uso Interno,Deduz. Individ.,Deduz. Grupos,% Ocup.,Receita Quartos,Preço Médio,Saídas,Quartos FdS,Adul. / Cri.,novembro,Previsão,18-nov-2025 ter,85,0,38,0,0,55,30,"62,96","8 752,49","102,97",29,0,121,1657,0,503,0,0,1493,164,"61,37","192 194,89","115,99",592,0,2647,Total nov,2839,3,922,0,1,2610,229,"70,17","342 561,81","120,54",973,1,4462,Total,43980,4727,15665,0,64,37444,6536,"49,43","6 002 128,28","123,23",15800,130,80345
Data,Ocup,Opção,Cheg,Oferta/Uso Interno,Deduz. Individ.,Deduz. Grupos,% Ocup.,Receita Quartos,Preço Médio,Saídas,Quartos FdS,Adul. / Cri.,novembro,Previsão,19-nov-2025 qua,92,0,30,0,0,62,30,"68,15","9 585,09","104,19",23,0,127,1657,0,503,0,0,1493,164,"61,37","192 194,89","115,99",592,0,2647,Total nov,2839,3,922,0,1,2610,229,"70,17","342 561,81","120,54",973,1,4462,Total,43980,4727,15665,0,64,37444,6536,"49,43","6 002 128,28","123,23",15800,130,80345
Data,Ocup,Opção,Cheg,Oferta/Uso Interno,Deduz. Individ.,Deduz. Grupos,% Ocup.,Receita Quartos,Preço Médio,Saídas,Quartos FdS,Adul. / Cri.,novembro,Previsão,20-nov-2025 qui,83,0,32,0,0,74,9,"61,48","9 011,26","108,57",41,0,142,1657,0,503,0,0,1493,164,"61,37","192 194,89","115,99",592,0,2647,Total nov,2839,3,922,0,1,2610,229,"70,17","342 561,81","120,54",973,1,4462,Total,43980,4727,15665,0,64,37444,6536,"49,43","6 002 128,28","123,23",15800,130,80345
Data,Ocup,Opção,Cheg,Oferta/Uso Interno,Deduz. Individ.,Deduz. Grupos,% Ocup.,Receita Quartos,Preço Médio,Saídas,Quartos FdS,Adul. / Cri.,novembro,Previsão,21-nov-2025 sex,94,0,34,0,0,87,7,"69,63","10 836,58","115,28",23,0,159,1657,0,503,0,0,1493,164,"61,37","192 194,89","115,99",592,0,2647,Total nov,2839,3,922,0,1,2610,229,"70,17","342 561,81","120,54",973,1,4462,Total,43980,4727,15665,0,64,37444,6536,"49,43","6 002 128,28","123,23",15800,130,80345
Data,Ocup,Opção,Cheg,Oferta/Uso Interno,Deduz. Individ.,Deduz. Grupos,% Ocup.,Receita Quartos,Preço Médio,Saídas,Quartos FdS,Adul. / Cri.,novembro,Previsão,22-nov-2025 sáb,89,0,20,0,0,82,7,"65,93","10 197,89","114,58",25,0,153,1657,0,503,0,0,1493,164,"61,37","192 194,89","115,99",592,0,2647,Total nov,2839,3,922,0,1,2610,229,"70,17","342 561,81","120,54",973,1,4462,Total,43980,4727,15665,0,64,37444,6536,"49,43","6 002 128,28","123,23",15800,130,80345
Data,Ocup,Opção,Cheg,Oferta/Uso Interno,Deduz. Individ.,Deduz. Grupos,% Ocup.,Receita Quartos,Preço Médio,Saídas,Quartos FdS,Adul. / Cri.,novembro,Previsão,23-nov-2025 dom,67,0,28,0,0,51,16,"49,63","6 538,24","97,59",50,0,120,1657,0,503,0,0,1493,164,"61,37","192 194,89","115,99",592,0,2647,Total nov,2839,3,922,0,1,2610,229,"70,17","342 561,81","120,54",973,1,4462,Total,43980,4727,15665,0,64,37444,6536,"49,43","6 002 128,28","123,23",15800,130,80345
Data,Ocup,Opção,Cheg,Oferta/Uso Interno,Deduz. Individ.,Deduz. Grupos,% Ocup.,Receita Quartos,Preço Médio,Saídas,Quartos FdS,Adul. / Cri.,novembro,Previsão,24-nov-2025 seg,61,0,11,0,0,45,16,"45,19","5 927,79","97,18",17,0,112,1657,0,503,0,0,1493,164,"61,37","192 194,89","115,99",592,0,2647,Total nov,2839,3,922,0,1,2610,229,"70,17","342 561,81","120,54",973,1,4462,Total,43980,4727,15665,0,64,37444,6536,"49,43","6 002 128,28","123,23",15800,130,80345
Data,Ocup,Opção,Cheg,Oferta/Uso Interno,Deduz. Individ.,Deduz. Grupos,% Ocup.,Receita Quartos,Preço Médio,Saídas,Quartos FdS,Adul. / Cri.,novembro,Previsão,25-nov-2025 ter,43,0,6,0,0,27,16,"31,85","4 019,49","93,48",24,0,74,1657,0,503,0,0,1493,164,"61,37","192 194,89","115,99",592,0,2647,Total nov,2839,3,922,0,1,2610,229,"70,17","342 561,81","120,54",973,1,4462,Total,43980,4727,15665,0,64,37444,6536,"49,43","6 002 128,28","123,23",15800,130,80345
Data,Ocup,Opção,Cheg,Oferta/Uso Interno,Deduz. Individ.,Deduz. Grupos,% Ocup.,Receita Quartos,Preço Médio,Saídas,Quartos FdS,Adul. / Cri.,novembro,Previsão,26-nov-2025 qua,42,0,13,0,0,26,16,"31,11","3 767,55","89,70",14,0,75,1657,0,503,0,0,1493,164,"61,37","192 194,89","115,99",592,0,2647,Total nov,2839,3,922,0,1,2610,229,"70,17","342 561,81","120,54",973,1,4462,Total,43980,4727,15665,0,64,37444,6536,"49,43","6 002 128,28","123,23",15800,130,80345
Data,Ocup,Opção,Cheg,Oferta/Uso Interno,Deduz. Individ.,Deduz. Grupos,% Ocup.,Receita Quartos,Preço Médio,Saídas,Quartos FdS,Adul. / Cri.,novembro,Previsão,27-nov-2025 qui,51,0,27,0,0,51,0,"37,78","4 968,42","97,42",18,0,95,1657,0,503,0,0,1493,164,"61,37","192 194,89","115,99",592,0,2647,Total nov,2839,3,922,0,1,2610,229,"70,17","342 561,81","120,54",973,1,4462,Total,43980,4727,15665,0,64,37444,6536,"49,43","6 002 128,28","123,23",15800,130,80345
Data,Ocup,Opção,Cheg,Oferta/Uso Interno,Deduz. Individ.,Deduz. Grupos,% Ocup.,Receita Quartos,Preço Médio,Saídas,Quartos FdS,Adul. / Cri.,novembro,Previsão,28-nov-2025 sex,74,0,40,0,0,67,7,"54,81","8 771,21","118,53",17,0,146,1657,0,503,0,0,1493,164,"61,37","192 194,89","115,99",592,0,2647,Total nov,2839,3,922,0,1,2610,229,"70,17","342 561,81","120,54",973,1,4462,Total,43980,4727,15665,0,64,37444,6536,"49,43","6 002 128,28","123,23",15800,130,80345
Data,Ocup,Opção,Cheg,Oferta/Uso Interno,Deduz. Individ.,Deduz. Grupos,% Ocup.,Receita Quartos,Preço Médio,Saídas,Quartos FdS,Adul. / Cri.,novembro,Previsão,29-nov-2025 sáb,79,0,13,0,0,72,7,"58,52","9 134,35","115,62",8,0,153,1657,0,503,0,0,1493,164,"61,37","192 194,89","115,99",592,0,2647,Total nov,2839,3,922,0,1,2610,229,"70,17","342 561,81","120,54",973,1,4462,Total,43980,4727,15665,0,64,37444,6536,"49,43","6 002 128,28","123,23",15800,130,80345
Data,Ocup,Opção,Cheg,Oferta/Uso Interno,Deduz. Individ.,Deduz. Grupos,% Ocup.,Receita Quartos,Preço Médio,Saídas,Quartos FdS,Adul. / Cri.,novembro,Previsão,30-nov-2025 dom,44,0,12,0,0,44,0,"32,59","4 679,42","106,35",47,0,81,1657,0,503,0,0,1493,164,"61,37","192 194,89","115,99",592,0,2647,Total nov,2839,3,922,0,1,2610,229,"70,17","342 561,81","120,54",973,1,4462,Total,43980,4727,15665,0,64,37444,6536,"49,43","6 002 128,28","123,23",15800,130,80345
Data,Ocup,Opção,Cheg,Oferta/Uso Interno,Deduz. Individ.,Deduz. Grupos,% Ocup.,Receita Quartos,Preço Médio,Saídas,Quartos FdS,Adul. / Cri.,dezembro,Previsão,01-dez-2025 seg,36,0,12,0,0,36,0,"26,67","3 539,87","98,33",20,0,65,1517,6,486,0,0,1491,26,"36,39","171 367,55","112,52",467,0,2848,Total dez,1517,6,486,0,0,1491,26,"36,39","171 367,55","112,52",467,0,2848,Total,43980,4727,15665,0,64,37444,6536,"49,43","6 002 128,28","123,23",15800,130,80345
Data,Ocup,Opção,Cheg,Oferta/Uso Interno,Deduz. Individ.,Deduz. Grupos,% Ocup.,Receita Quartos,Preço Médio,Saídas,Quartos FdS,Adul. / Cri.,dezembro,Previsão,02-dez-2025 ter,36,0,15,0,0,36,0,"26,67","3 485,53","96,82",15,0,62,1517,6,486,0,0,1491,26,"36,39","171 367,55","112,52",467,0,2848,Total dez,1517,6,486,0,0,1491,26,"36,39","171 367,55","112,52",467,0,2848,Total,43980,4727,15665,0,64,37444,6536,"49,43","6 002 128,28","123,23",15800,130,80345
Data,Ocup,Opção,Cheg,Oferta/Uso Interno,Deduz. Individ.,Deduz. Grupos,% Ocup.,Receita Quartos,Preço Médio,Saídas,Quartos FdS,Adul. / Cri.,dezembro,Previsão,03-dez-2025 qua,40,0,17,0,0,40,0,"29,63","4 203,88","105,10",13,0,63,1517,6,486,0,0,1491,26,"36,39","171 367,55","112,52",467,0,2848,Total dez,1517,6,486,0,0,1491,26,"36,39","171 367,55","112,52",467,0,2848,Total,43980,4727,15665,0,64,37444,6536,"49,43","6 002 128,28","123,23",15800,130,80345
Data,Ocup,Opção,Cheg,Oferta/Uso Interno,Deduz. Individ.,Deduz. Grupos,% Ocup.,Receita Quartos,Preço Médio,Saídas,Quartos FdS,Adul. / Cri.,dezembro,Previsão,04-dez-2025 qui,67,0,37,0,0,67,0,"49,63","7 578,24","113,11",10,0,107,1517,6,486,0,0,1491,26,"36,39","171 367,55","112,52",467,0,2848,Total dez,1517,6,486,0,0,1491,26,"36,39","171 367,55","112,52",467,0,2848,Total,43980,4727,15665,0,64,37444,6536,"49,43","6 002 128,28","123,23",15800,130,80345
Data,Ocup,Opção,Cheg,Oferta/Uso Interno,Deduz. Individ.,Deduz. Grupos,% Ocup.,Receita Quartos,Preço Médio,Saídas,Quartos FdS,Adul. / Cri.,dezembro,Previsão,05-dez-2025 sex,84,0,32,0,0,84,0,"62,22","9 983,41","118,85",15,0,143,1517,6,486,0,0,1491,26,"36,39","171 367,55","112,52",467,0,2848,Total dez,1517,6,486,0,0,1491,26,"36,39","171 367,55","112,52",467,0,2848,Total,43980,4727,15665,0,64,37444,6536,"49,43","6 002 128,28","123,23",15800,130,80345
Data,Ocup,Opção,Cheg,Oferta/Uso Interno,Deduz. Individ.,Deduz. Grupos,% Ocup.,Receita Quartos,Preço Médio,Saídas,Quartos FdS,Adul. / Cri.,dezembro,Previsão,06-dez-2025 sáb,89,0,24,0,0,89,0,"65,93","10 405,01","116,91",19,0,155,1517,6,486,0,0,1491,26,"36,39","171 367,55","112,52",467,0,2848,Total dez,1517,6,486,0,0,1491,26,"36,39","171 367,55","112,52",467,0,2848,Total,43980,4727,15665,0,64,37444,6536,"49,43","6 002 128,28","123,23",15800,130,80345
Data,Ocup,Opção,Cheg,Oferta/Uso Interno,Deduz. Individ.,Deduz. Grupos,% Ocup.,Receita Quartos,Preço Médio,Saídas,Quartos FdS,Adul. / Cri.,dezembro,Previsão,07-dez-2025 dom,66,0,9,0,0,66,0,"48,89","6 391,08","96,83",32,0,124,1517,6,486,0,0,1491,26,"36,39","171 367,55","112,52",467,0,2848,Total dez,1517,6,486,0,0,1491,26,"36,39","171 367,55","112,52",467,0,2848,Total,43980,4727,15665,0,64,37444,6536,"49,43","6 002 128,28","123,23",15800,130,80345
Data,Ocup,Opção,Cheg,Oferta/Uso Interno,Deduz. Individ.,Deduz. Grupos,% Ocup.,Receita Quartos,Preço Médio,Saídas,Quartos FdS,Adul. / Cri.,dezembro,Previsão,08-dez-2025 seg,40,0,11,0,0,40,0,"29,63","3 477,31","86,93",37,0,71,1517,6,486,0,0,1491,26,"36,39","171 367,55","112,52",467,0,2848,Total dez,1517,6,486,0,0,1491,26,"36,39","171 367,55","112,52",467,0,2848,Total,43980,4727,15665,0,64,37444,6536,"49,43","6 002 128,28","123,23",15800,130,80345
Data,Ocup,Opção,Cheg,Oferta/Uso Interno,Deduz. Individ.,Deduz. Grupos,% Ocup.,Receita Quartos,Preço Médio,Saídas,Quartos FdS,Adul. / Cri.,dezembro,Previsão,09-dez-2025 ter,28,0,5,0,0,28,0,"20,74","2 380,83","85,03",17,0,49,1517,6,486,0,0,1491,26,"36,39","171 367,55","112,52",467,0,2848,Total dez,1517,6,486,0,0,1491,26,"36,39","171 367,55","112,52",467,0,2848,Total,43980,4727,15665,0,64,37444,6536,"49,43","6 002 128,28","123,23",15800,130,80345
Data,Ocup,Opção,Cheg,Oferta/Uso Interno,Deduz. Individ.,Deduz. Grupos,% Ocup.,Receita Quartos,Preço Médio,Saídas,Quartos FdS,Adul. / Cri.,dezembro,Previsão,10-dez-2025 qua,29,0,10,0,0,29,0,"21,48","2 426,99","83,69",9,0,50,1517,6,486,0,0,1491,26,"36,39","171 367,55","112,52",467,0,2848,Total dez,1517,6,486,0,0,1491,26,"36,39","171 367,55","112,52",467,0,2848,Total,43980,4727,15665,0,64,37444,6536,"49,43","6 002 128,28","123,23",15800,130,80345
Data,Ocup,Opção,Cheg,Oferta/Uso Interno,Deduz. Individ.,Deduz. Grupos,% Ocup.,Receita Quartos,Preço Médio,Saídas,Quartos FdS,Adul. / Cri.,dezembro,Previsão,11-dez-2025 qui,43,0,22,0,0,43,0,"31,85","3 836,43","89,22",8,0,80,1517,6,486,0,0,1491,26,"36,39","171 367,55","112,52",467,0,2848,Total dez,1517,6,486,0,0,1491,26,"36,39","171 367,55","112,52",467,0,2848,Total,43980,4727,15665,0,64,37444,6536,"49,43","6 002 128,28","123,23",15800,130,80345
Data,Ocup,Opção,Cheg,Oferta/Uso Interno,Deduz. Individ.,Deduz. Grupos,% Ocup.,Receita Quartos,Preço Médio,Saídas,Quartos FdS,Adul. / Cri.,dezembro,Previsão,12-dez-2025 sex,51,0,20,0,0,51,0,"37,78","5 131,87","100,62",12,0,101,1517,6,486,0,0,1491,26,"36,39","171 367,55","112,52",467,0,2848,Total dez,1517,6,486,0,0,1491,26,"36,39","171 367,55","112,52",467,0,2848,Total,43980,4727,15665,0,64,37444,6536,"49,43","6 002 128,28","123,23",15800,130,80345
Data,Ocup,Opção,Cheg,Oferta/Uso Interno,Deduz. Individ.,Deduz. Grupos,% Ocup.,Receita Quartos,Preço Médio,Saídas,Quartos FdS,Adul. / Cri.,dezembro,Previsão,13-dez-2025 sáb,55,0,12,0,0,55,0,"40,74","5 564,15","101,17",8,0,108,1517,6,486,0,0,1491,26,"36,39","171 367,55","112,52",467,0,2848,Total dez,1517,6,486,0,0,1491,26,"36,39","171 367,55","112,52",467,0,2848,Total,43980,4727,15665,0,64,37444,6536,"49,43","6 002 128,28","123,23",15800,130,80345
Data,Ocup,Opção,Cheg,Oferta/Uso Interno,Deduz. Individ.,Deduz. Grupos,% Ocup.,Receita Quartos,Preço Médio,Saídas,Quartos FdS,Adul. / Cri.,dezembro,Previsão,14-dez-2025 dom,35,0,7,0,0,35,0,"25,93","3 114,06","88,97",27,0,73,1517,6,486,0,0,1491,26,"36,39","171 367,55","112,52",467,0,2848,Total dez,1517,6,486,0,0,1491,26,"36,39","171 367,55","112,52",467,0,2848,Total,43980,4727,15665,0,64,37444,6536,"49,43","6 002 128,28","123,23",15800,130,80345
Data,Ocup,Opção,Cheg,Oferta/Uso Interno,Deduz. Individ.,Deduz. Grupos,% Ocup.,Receita Quartos,Preço Médio,Saídas,Quartos FdS,Adul. / Cri.,dezembro,Previsão,15-dez-2025 seg,23,0,9,0,0,23,0,"17,04","2 085,52","90,67",21,0,48,1517,6,486,0,0,1491,26,"36,39","171 367,55","112,52",467,0,2848,Total dez,1517,6,486,0,0,1491,26,"36,39","171 367,55","112,52",467,0,2848,Total,43980,4727,15665,0,64,37444,6536,"49,43","6 002 128,28","123,23",15800,130,80345
Data,Ocup,Opção,Cheg,Oferta/Uso Interno,Deduz. Individ.,Deduz. Grupos,% Ocup.,Receita Quartos,Preço Médio,Saídas,Quartos FdS,Adul. / Cri.,dezembro,Previsão,16-dez-2025 ter,23,0,5,0,0,23,0,"17,04","2 055,44","89,37",5,0,49,1517,6,486,0,0,1491,26,"36,39","171 367,55","112,52",467,0,2848,Total dez,1517,6,486,0,0,1491,26,"36,39","171 367,55","112,52",467,0,2848,Total,43980,4727,15665,0,64,37444,6536,"49,43","6 002 128,28","123,23",15800,130,80345
Data,Ocup,Opção,Cheg,Oferta/Uso Interno,Deduz. Individ.,Deduz. Grupos,% Ocup.,Receita Quartos,Preço Médio,Saídas,Quartos FdS,Adul. / Cri.,dezembro,Previsão,17-dez-2025 qua,22,0,3,0,0,22,0,"16,30","1 926,22","87,56",4,0,47,1517,6,486,0,0,1491,26,"36,39","171 367,55","112,52",467,0,2848,Total dez,1517,6,486,0,0,1491,26,"36,39","171 367,55","112,52",467,0,2848,Total,43980,4727,15665,0,64,37444,6536,"49,43","6 002 128,28","123,23",15800,130,80345
Data,Ocup,Opção,Cheg,Oferta/Uso Interno,Deduz. Individ.,Deduz. Grupos,% Ocup.,Receita Quartos,Preço Médio,Saídas,Quartos FdS,Adul. / Cri.,dezembro,Previsão,18-dez-2025 qui,17,0,7,0,0,17,0,"12,59","1 448,61","85,21",12,0,33,1517,6,486,0,0,1491,26,"36,39","171 367,55","112,52",467,0,2848,Total dez,1517,6,486,0,0,1491,26,"36,39","171 367,55","112,52",467,0,2848,Total,43980,4727,15665,0,64,37444,6536,"49,43","6 002 128,28","123,23",15800,130,80345
Data,Ocup,Opção,Cheg,Oferta/Uso Interno,Deduz. Individ.,Deduz. Grupos,% Ocup.,Receita Quartos,Preço Médio,Saídas,Quartos FdS,Adul. / Cri.,dezembro,Previsão,19-dez-2025 sex,27,0,11,0,0,27,0,"20,00","2 563,07","94,93",1,0,55,1517,6,486,0,0,1491,26,"36,39","171 367,55","112,52",467,0,2848,Total dez,1517,6,486,0,0,1491,26,"36,39","171 367,55","112,52",467,0,2848,Total,43980,4727,15665,0,64,37444,6536,"49,43","6 002 128,28","123,23",15800,130,80345
Data,Ocup,Opção,Cheg,Oferta/Uso Interno,Deduz. Individ.,Deduz. Grupos,% Ocup.,Receita Quartos,Preço Médio,Saídas,Quartos FdS,Adul. / Cri.,dezembro,Previsão,20-dez-2025 sáb,37,0,14,0,0,37,0,"27,41","3 537,80","95,62",4,0,78,1517,6,486,0,0,1491,26,"36,39","171 367,55","112,52",467,0,2848,Total dez,1517,6,486,0,0,1491,26,"36,39","171 367,55","112,52",467,0,2848,Total,43980,4727,15665,0,64,37444,6536,"49,43","6 002 128,28","123,23",15800,130,80345
Data,Ocup,Opção,Cheg,Oferta/Uso Interno,Deduz. Individ.,Deduz. Grupos,% Ocup.,Receita Quartos,Preço Médio,Saídas,Quartos FdS,Adul. / Cri.,dezembro,Previsão,21-dez-2025 dom,46,0,21,0,0,46,0,"34,07","4 431,64","96,34",12,0,87,1517,6,486,0,0,1491,26,"36,39","171 367,55","112,52",467,0,2848,Total dez,1517,6,486,0,0,1491,26,"36,39","171 367,55","112,52",467,0,2848,Total,43980,4727,15665,0,64,37444,6536,"49,43","6 002 128,28","123,23",15800,130,80345
Data,Ocup,Opção,Cheg,Oferta/Uso Interno,Deduz. Individ.,Deduz. Grupos,% Ocup.,Receita Quartos,Preço Médio,Saídas,Quartos FdS,Adul. / Cri.,dezembro,Previsão,22-dez-2025 seg,47,0,9,0,0,47,0,"34,81","4 749,43","101,05",8,0,93,1517,6,486,0,0,1491,26,"36,39","171 367,55","112,52",467,0,2848,Total dez,1517,6,486,0,0,1491,26,"36,39","171 367,55","112,52",467,0,2848,Total,43980,4727,15665,0,64,37444,6536,"49,43","6 002 128,28","123,23",15800,130,80345
Data,Ocup,Opção,Cheg,Oferta/Uso Interno,Deduz. Individ.,Deduz. Grupos,% Ocup.,Receita Quartos,Preço Médio,Saídas,Quartos FdS,Adul. / Cri.,dezembro,Previsão,23-dez-2025 ter,44,0,14,0,0,44,0,"32,59","4 399,19","99,98",17,0,83,1517,6,486,0,0,1491,26,"36,39","171 367,55","112,52",467,0,2848,Total dez,1517,6,486,0,0,1491,26,"36,39","171 367,55","112,52",467,0,2848,Total,43980,4727,15665,0,64,37444,6536,"49,43","6 002 128,28","123,23",15800,130,80345
Data,Ocup,Opção,Cheg,Oferta/Uso Interno,Deduz. Individ.,Deduz. Grupos,% Ocup.,Receita Quartos,Preço Médio,Saídas,Quartos FdS,Adul. / Cri.,dezembro,Previsão,24-dez-2025 qua,50,0,19,0,0,50,0,"37,04","5 408,87","108,18",13,0,97,1517,6,486,0,0,1491,26,"36,39","171 367,55","112,52",467,0,2848,Total dez,1517,6,486,0,0,1491,26,"36,39","171 367,55","112,52",467,0,2848,Total,43980,4727,15665,0,64,37444,6536,"49,43","6 002 128,28","123,23",15800,130,80345
Data,Ocup,Opção,Cheg,Oferta/Uso Interno,Deduz. Individ.,Deduz. Grupos,% Ocup.,Receita Quartos,Preço Médio,Saídas,Quartos FdS,Adul. / Cri.,dezembro,Previsão,25-dez-2025 qui,53,0,9,0,0,53,0,"39,26","5 706,23","107,66",6,0,101,1517,6,486,0,0,1491,26,"36,39","171 367,55","112,52",467,0,2848,Total dez,1517,6,486,0,0,1491,26,"36,39","171 367,55","112,52",467,0,2848,Total,43980,4727,15665,0,64,37444,6536,"49,43","6 002 128,28","123,23",15800,130,80345
Data,Ocup,Opção,Cheg,Oferta/Uso Interno,Deduz. Individ.,Deduz. Grupos,% Ocup.,Receita Quartos,Preço Médio,Saídas,Quartos FdS,Adul. / Cri.,dezembro,Previsão,26-dez-2025 sex,77,0,34,0,0,77,0,"57,04","9 387,62","121,92",10,0,139,1517,6,486,0,0,1491,26,"36,39","171 367,55","112,52",467,0,2848,Total dez,1517,6,486,0,0,1491,26,"36,39","171 367,55","112,52",467,0,2848,Total,43980,4727,15665,0,64,37444,6536,"49,43","6 002 128,28","123,23",15800,130,80345
Data,Ocup,Opção,Cheg,Oferta/Uso Interno,Deduz. Individ.,Deduz. Grupos,% Ocup.,Receita Quartos,Preço Médio,Saídas,Quartos FdS,Adul. / Cri.,dezembro,Previsão,27-dez-2025 sáb,81,0,22,0,0,81,0,"60,00","10 155,29","125,37",18,0,152,1517,6,486,0,0,1491,26,"36,39","171 367,55","112,52",467,0,2848,Total dez,1517,6,486,0,0,1491,26,"36,39","171 367,55","112,52",467,0,2848,Total,43980,4727,15665,0,64,37444,6536,"49,43","6 002 128,28","123,23",15800,130,80345
Data,Ocup,Opção,Cheg,Oferta/Uso Interno,Deduz. Individ.,Deduz. Grupos,% Ocup.,Receita Quartos,Preço Médio,Saídas,Quartos FdS,Adul. / Cri.,dezembro,Previsão,28-dez-2025 dom,69,0,19,0,0,69,0,"51,11","9 048,92","131,14",31,0,135,1517,6,486,0,0,1491,26,"36,39","171 367,55","112,52",467,0,2848,Total dez,1517,6,486,0,0,1491,26,"36,39","171 367,55","112,52",467,0,2848,Total,43980,4727,15665,0,64,37444,6536,"49,43","6 002 128,28","123,23",15800,130,80345
Data,Ocup,Opção,Cheg,Oferta/Uso Interno,Deduz. Individ.,Deduz. Grupos,% Ocup.,Receita Quartos,Preço Médio,Saídas,Quartos FdS,Adul. / Cri.,dezembro,Previsão,29-dez-2025 seg,69,0,19,0,0,69,0,"51,11","9 742,84","141,20",19,0,138,1517,6,486,0,0,1491,26,"36,39","171 367,55","112,52",467,0,2848,Total dez,1517,6,486,0,0,1491,26,"36,39","171 367,55","112,52",467,0,2848,Total,43980,4727,15665,0,64,37444,6536,"49,43","6 002 128,28","123,23",15800,130,80345
Data,Ocup,Opção,Cheg,Oferta/Uso Interno,Deduz. Individ.,Deduz. Grupos,% Ocup.,Receita Quartos,Preço Médio,Saídas,Quartos FdS,Adul. / Cri.,dezembro,Previsão,30-dez-2025 ter,70,2,29,0,0,57,13,"53,33","11 814,08","164,08",28,0,139,1517,6,486,0,0,1491,26,"36,39","171 367,55","112,52",467,0,2848,Total dez,1517,6,486,0,0,1491,26,"36,39","171 367,55","112,52",467,0,2848,Total,43980,4727,15665,0,64,37444,6536,"49,43","6 002 128,28","123,23",15800,130,80345
Data,Ocup,Opção,Cheg,Oferta/Uso Interno,Deduz. Individ.,Deduz. Grupos,% Ocup.,Receita Quartos,Preço Médio,Saídas,Quartos FdS,Adul. / Cri.,dezembro,Previsão,31-dez-2025 qua,63,4,9,0,0,50,13,"49,63","11 388,13","169,97",16,0,123,1517,6,486,0,0,1491,26,"36,39","171 367,55","112,52",467,0,2848,Total dez,1517,6,486,0,0,1491,26,"36,39","171 367,55","112,52",467,0,2848,Total,43980,4727,15665,0,64,37444,6536,"49,43","6 002 128,28","123,23",15800,130,80345
Data,Ocup,Opção,Cheg,Oferta/Uso Interno,Deduz. Individ.,Deduz. Grupos,% Ocup.,Receita Quartos,Preço Médio,Saídas,Quartos FdS,Adul. / Cri.,janeiro,Previsão,01-jan-2026 qui,59,4,10,0,0,46,13,"46,67","10 037,54","159,33",14,0,120,480,85,141,0,0,438,42,"13,50","52 428,92","92,79",189,0,1004,Total jan,480,85,141,0,0,438,42,"13,50","52 428,92","92,79",189,0,1004,Total,43980,4727,15665,0,64,37444,6536,"49,43","6 002 128,28","123,23",15800,130,80345
Data,Ocup,Opção,Cheg,Oferta/Uso Interno,Deduz. Individ.,Deduz. Grupos,% Ocup.,Receita Quartos,Preço Médio,Saídas,Quartos FdS,Adul. / Cri.,janeiro,Previsão,02-jan-2026 sex,56,2,11,0,0,43,13,"42,96","7 724,91","133,19",14,0,110,480,85,141,0,0,438,42,"13,50","52 428,92","92,79",189,0,1004,Total jan,480,85,141,0,0,438,42,"13,50","52 428,92","92,79",189,0,1004,Total,43980,4727,15665,0,64,37444,6536,"49,43","6 002 128,28","123,23",15800,130,80345
Data,Ocup,Opção,Cheg,Oferta/Uso Interno,Deduz. Individ.,Deduz. Grupos,% Ocup.,Receita Quartos,Preço Médio,Saídas,Quartos FdS,Adul. / Cri.,janeiro,Previsão,03-jan-2026 sáb,44,2,7,0,0,31,13,"34,07","6 021,83","130,91",19,0,86,480,85,141,0,0,438,42,"13,50","52 428,92","92,79",189,0,1004,Total jan,480,85,141,0,0,438,42,"13,50","52 428,92","92,79",189,0,1004,Total,43980,4727,15665,0,64,37444,6536,"49,43","6 002 128,28","123,23",15800,130,80345
Data,Ocup,Opção,Cheg,Oferta/Uso Interno,Deduz. Individ.,Deduz. Grupos,% Ocup.,Receita Quartos,Preço Médio,Saídas,Quartos FdS,Adul. / Cri.,janeiro,Previsão,04-jan-2026 dom,24,0,3,0,0,24,0,"17,78","2 725,93","113,58",23,0,55,480,85,141,0,0,438,42,"13,50","52 428,92","92,79",189,0,1004,Total jan,480,85,141,0,0,438,42,"13,50","52 428,92","92,79",189,0,1004,Total,43980,4727,15665,0,64,37444,6536,"49,43","6 002 128,28","123,23",15800,130,80345
Data,Ocup,Opção,Cheg,Oferta/Uso Interno,Deduz. Individ.,Deduz. Grupos,% Ocup.,Receita Quartos,Preço Médio,Saídas,Quartos FdS,Adul. / Cri.,janeiro,Previsão,05-jan-2026 seg,15,0,5,0,0,15,0,"11,11","1 859,71","123,98",14,0,42,480,85,141,0,0,438,42,"13,50","52 428,92","92,79",189,0,1004,Total jan,480,85,141,0,0,438,42,"13,50","52 428,92","92,79",189,0,1004,Total,43980,4727,15665,0,64,37444,6536,"49,43","6 002 128,28","123,23",15800,130,80345
Data,Ocup,Opção,Cheg,Oferta/Uso Interno,Deduz. Individ.,Deduz. Grupos,% Ocup.,Receita Quartos,Preço Médio,Saídas,Quartos FdS,Adul. / Cri.,janeiro,Previsão,06-jan-2026 ter,15,0,3,0,0,15,0,"11,11","1 688,17","112,54",3,0,38,480,85,141,0,0,438,42,"13,50","52 428,92","92,79",189,0,1004,Total jan,480,85,141,0,0,438,42,"13,50","52 428,92","92,79",189,0,1004,Total,43980,4727,15665,0,64,37444,6536,"49,43","6 002 128,28","123,23",15800,130,80345
Data,Ocup,Opção,Cheg,Oferta/Uso Interno,Deduz. Individ.,Deduz. Grupos,% Ocup.,Receita Quartos,Preço Médio,Saídas,Quartos FdS,Adul. / Cri.,janeiro,Previsão,07-jan-2026 qua,15,0,6,0,0,15,0,"11,11","1 368,70","91,25",6,0,34,480,85,141,0,0,438,42,"13,50","52 428,92","92,79",189,0,1004,Total jan,480,85,141,0,0,438,42,"13,50","52 428,92","92,79",189,0,1004,Total,43980,4727,15665,0,64,37444,6536,"49,43","6 002 128,28","123,23",15800,130,80345
Data,Ocup,Opção,Cheg,Oferta/Uso Interno,Deduz. Individ.,Deduz. Grupos,% Ocup.,Receita Quartos,Preço Médio,Saídas,Quartos FdS,Adul. / Cri.,janeiro,Previsão,08-jan-2026 qui,7,0,1,0,0,7,0,"5,19","658,35","94,05",9,0,15,480,85,141,0,0,438,42,"13,50","52 428,92","92,79",189,0,1004,Total jan,480,85,141,0,0,438,42,"13,50","52 428,92","92,79",189,0,1004,Total,43980,4727,15665,0,64,37444,6536,"49,43","6 002 128,28","123,23",15800,130,80345
Data,Ocup,Opção,Cheg,Oferta/Uso Interno,Deduz. Individ.,Deduz. Grupos,% Ocup.,Receita Quartos,Preço Médio,Saídas,Quartos FdS,Adul. / Cri.,janeiro,Previsão,09-jan-2026 sex,11,0,6,0,0,11,0,"8,15","923,93","83,99",2,0,21,480,85,141,0,0,438,42,"13,50","52 428,92","92,79",189,0,1004,Total jan,480,85,141,0,0,438,42,"13,50","52 428,92","92,79",189,0,1004,Total,43980,4727,15665,0,64,37444,6536,"49,43","6 002 128,28","123,23",15800,130,80345
Data,Ocup,Opção,Cheg,Oferta/Uso Interno,Deduz. Individ.,Deduz. Grupos,% Ocup.,Receita Quartos,Preço Médio,Saídas,Quartos FdS,Adul. / Cri.,janeiro,Previsão,10-jan-2026 sáb,13,1,5,0,0,10,3,"10,37","1 176,18","84,01",3,0,25,480,85,141,0,0,438,42,"13,50","52 428,92","92,79",189,0,1004,Total jan,480,85,141,0,0,438,42,"13,50","52 428,92","92,79",189,0,1004,Total,43980,4727,15665,0,64,37444,6536,"49,43","6 002 128,28","123,23",15800,130,80345
Data,Ocup,Opção,Cheg,Oferta/Uso Interno,Deduz. Individ.,Deduz. Grupos,% Ocup.,Receita Quartos,Preço Médio,Saídas,Quartos FdS,Adul. / Cri.,janeiro,Previsão,11-jan-2026 dom,9,13,5,0,0,9,0,"16,30","685,58","31,16",9,0,18,480,85,141,0,0,438,42,"13,50","52 428,92","92,79",189,0,1004,Total jan,480,85,141,0,0,438,42,"13,50","52 428,92","92,79",189,0,1004,Total,43980,4727,15665,0,64,37444,6536,"49,43","6 002 128,28","123,23",15800,130,80345
Data,Ocup,Opção,Cheg,Oferta/Uso Interno,Deduz. Individ.,Deduz. Grupos,% Ocup.,Receita Quartos,Preço Médio,Saídas,Quartos FdS,Adul. / Cri.,janeiro,Previsão,12-jan-2026 seg,5,13,1,0,0,5,0,"13,33","371,13","20,62",5,0,10,480,85,141,0,0,438,42,"13,50","52 428,92","92,79",189,0,1004,Total jan,480,85,141,0,0,438,42,"13,50","52 428,92","92,79",189,0,1004,Total,43980,4727,15665,0,64,37444,6536,"49,43","6 002 128,28","123,23",15800,130,80345
Data,Ocup,Opção,Cheg,Oferta/Uso Interno,Deduz. Individ.,Deduz. Grupos,% Ocup.,Receita Quartos,Preço Médio,Saídas,Quartos FdS,Adul. / Cri.,janeiro,Previsão,13-jan-2026 ter,6,25,2,0,0,6,0,"22,96","411,49","13,27",1,0,12,480,85,141,0,0,438,42,"13,50","52 428,92","92,79",189,0,1004,Total jan,480,85,141,0,0,438,42,"13,50","52 428,92","92,79",189,0,1004,Total,43980,4727,15665,0,64,37444,6536,"49,43","6 002 128,28","123,23",15800,130,80345
Data,Ocup,Opção,Cheg,Oferta/Uso Interno,Deduz. Individ.,Deduz. Grupos,% Ocup.,Receita Quartos,Preço Médio,Saídas,Quartos FdS,Adul. / Cri.,janeiro,Previsão,14-jan-2026 qua,14,25,9,0,0,14,0,"28,89","1 202,73","30,84",1,0,30,480,85,141,0,0,438,42,"13,50","52 428,92","92,79",189,0,1004,Total jan,480,85,141,0,0,438,42,"13,50","52 428,92","92,79",189,0,1004,Total,43980,4727,15665,0,64,37444,6536,"49,43","6 002 128,28","123,23",15800,130,80345
Data,Ocup,Opção,Cheg,Oferta/Uso Interno,Deduz. Individ.,Deduz. Grupos,% Ocup.,Receita Quartos,Preço Médio,Saídas,Quartos FdS,Adul. / Cri.,janeiro,Previsão,15-jan-2026 qui,9,0,2,0,0,9,0,"6,67","762,00","84,67",7,0,19,480,85,141,0,0,438,42,"13,50","52 428,92","92,79",189,0,1004,Total jan,480,85,141,0,0,438,42,"13,50","52 428,92","92,79",189,0,1004,Total,43980,4727,15665,0,64,37444,6536,"49,43","6 002 128,28","123,23",15800,130,80345
Data,Ocup,Opção,Cheg,Oferta/Uso Interno,Deduz. Individ.,Deduz. Grupos,% Ocup.,Receita Quartos,Preço Médio,Saídas,Quartos FdS,Adul. / Cri.,janeiro,Previsão,16-jan-2026 sex,15,0,7,0,0,15,0,"11,11","1 219,75","81,32",1,0,31,480,85,141,0,0,438,42,"13,50","52 428,92","92,79",189,0,1004,Total jan,480,85,141,0,0,438,42,"13,50","52 428,92","92,79",189,0,1004,Total,43980,4727,15665,0,64,37444,6536,"49,43","6 002 128,28","123,23",15800,130,80345
Data,Ocup,Opção,Cheg,Oferta/Uso Interno,Deduz. Individ.,Deduz. Grupos,% Ocup.,Receita Quartos,Preço Médio,Saídas,Quartos FdS,Adul. / Cri.,janeiro,Previsão,17-jan-2026 sáb,12,0,2,0,0,12,0,"8,89","905,41","75,45",5,0,24,480,85,141,0,0,438,42,"13,50","52 428,92","92,79",189,0,1004,Total jan,480,85,141,0,0,438,42,"13,50","52 428,92","92,79",189,0,1004,Total,43980,4727,15665,0,64,37444,6536,"49,43","6 002 128,28","123,23",15800,130,80345
Data,Ocup,Opção,Cheg,Oferta/Uso Interno,Deduz. Individ.,Deduz. Grupos,% Ocup.,Receita Quartos,Preço Médio,Saídas,Quartos FdS,Adul. / Cri.,janeiro,Previsão,18-jan-2026 dom,9,0,2,0,0,9,0,"6,67","630,08","70,01",5,0,18,480,85,141,0,0,438,42,"13,50","52 428,92","92,79",189,0,1004,Total jan,480,85,141,0,0,438,42,"13,50","52 428,92","92,79",189,0,1004,Total,43980,4727,15665,0,64,37444,6536,"49,43","6 002 128,28","123,23",15800,130,80345
Data,Ocup,Opção,Cheg,Oferta/Uso Interno,Deduz. Individ.,Deduz. Grupos,% Ocup.,Receita Quartos,Preço Médio,Saídas,Quartos FdS,Adul. / Cri.,janeiro,Previsão,19-jan-2026 seg,9,0,4,0,0,9,0,"6,67","655,85","72,87",4,0,19,480,85,141,0,0,438,42,"13,50","52 428,92","92,79",189,0,1004,Total jan,480,85,141,0,0,438,42,"13,50","52 428,92","92,79",189,0,1004,Total,43980,4727,15665,0,64,37444,6536,"49,43","6 002 128,28","123,23",15800,130,80345
Data,Ocup,Opção,Cheg,Oferta/Uso Interno,Deduz. Individ.,Deduz. Grupos,% Ocup.,Receita Quartos,Preço Médio,Saídas,Quartos FdS,Adul. / Cri.,janeiro,Previsão,20-jan-2026 ter,5,0,1,0,0,5,0,"3,70","351,83","70,37",5,0,10,480,85,141,0,0,438,42,"13,50","52 428,92","92,79",189,0,1004,Total jan,480,85,141,0,0,438,42,"13,50","52 428,92","92,79",189,0,1004,Total,43980,4727,15665,0,64,37444,6536,"49,43","6 002 128,28","123,23",15800,130,80345
Data,Ocup,Opção,Cheg,Oferta/Uso Interno,Deduz. Individ.,Deduz. Grupos,% Ocup.,Receita Quartos,Preço Médio,Saídas,Quartos FdS,Adul. / Cri.,janeiro,Previsão,21-jan-2026 qua,7,0,4,0,0,7,0,"5,19","557,38","79,63",2,0,15,480,85,141,0,0,438,42,"13,50","52 428,92","92,79",189,0,1004,Total jan,480,85,141,0,0,438,42,"13,50","52 428,92","92,79",189,0,1004,Total,43980,4727,15665,0,64,37444,6536,"49,43","6 002 128,28","123,23",15800,130,80345
Data,Ocup,Opção,Cheg,Oferta/Uso Interno,Deduz. Individ.,Deduz. Grupos,% Ocup.,Receita Quartos,Preço Médio,Saídas,Quartos FdS,Adul. / Cri.,janeiro,Previsão,22-jan-2026 qui,11,0,6,0,0,11,0,"8,15","962,62","87,51",2,0,24,480,85,141,0,0,438,42,"13,50","52 428,92","92,79",189,0,1004,Total jan,480,85,141,0,0,438,42,"13,50","52 428,92","92,79",189,0,1004,Total,43980,4727,15665,0,64,37444,6536,"49,43","6 002 128,28","123,23",15800,130,80345
Data,Ocup,Opção,Cheg,Oferta/Uso Interno,Deduz. Individ.,Deduz. Grupos,% Ocup.,Receita Quartos,Preço Médio,Saídas,Quartos FdS,Adul. / Cri.,janeiro,Previsão,23-jan-2026 sex,13,0,5,0,0,13,0,"9,63","1 198,92","92,22",3,0,31,480,85,141,0,0,438,42,"13,50","52 428,92","92,79",189,0,1004,Total jan,480,85,141,0,0,438,42,"13,50","52 428,92","92,79",189,0,1004,Total,43980,4727,15665,0,64,37444,6536,"49,43","6 002 128,28","123,23",15800,130,80345
Data,Ocup,Opção,Cheg,Oferta/Uso Interno,Deduz. Individ.,Deduz. Grupos,% Ocup.,Receita Quartos,Preço Médio,Saídas,Quartos FdS,Adul. / Cri.,janeiro,Previsão,24-jan-2026 sáb,12,0,2,0,0,12,0,"8,89","1 117,01","93,08",3,0,29,480,85,141,0,0,438,42,"13,50","52 428,92","92,79",189,0,1004,Total jan,480,85,141,0,0,438,42,"13,50","52 428,92","92,79",189,0,1004,Total,43980,4727,15665,0,64,37444,6536,"49,43","6 002 128,28","123,23",15800,130,80345
Data,Ocup,Opção,Cheg,Oferta/Uso Interno,Deduz. Individ.,Deduz. Grupos,% Ocup.,Receita Quartos,Preço Médio,Saídas,Quartos FdS,Adul. / Cri.,janeiro,Previsão,25-jan-2026 dom,10,0,5,0,0,10,0,"7,41","932,55","93,25",7,0,22,480,85,141,0,0,438,42,"13,50","52 428,92","92,79",189,0,1004,Total jan,480,85,141,0,0,438,42,"13,50","52 428,92","92,79",189,0,1004,Total,43980,4727,15665,0,64,37444,6536,"49,43","6 002 128,28","123,23",15800,130,80345
Data,Ocup,Opção,Cheg,Oferta/Uso Interno,Deduz. Individ.,Deduz. Grupos,% Ocup.,Receita Quartos,Preço Médio,Saídas,Quartos FdS,Adul. / Cri.,janeiro,Previsão,26-jan-2026 seg,9,0,4,0,0,9,0,"6,67","695,24","77,25",5,0,17,480,85,141,0,0,438,42,"13,50","52 428,92","92,79",189,0,1004,Total jan,480,85,141,0,0,438,42,"13,50","52 428,92","92,79",189,0,1004,Total,43980,4727,15665,0,64,37444,6536,"49,43","6 002 128,28","123,23",15800,130,80345
Data,Ocup,Opção,Cheg,Oferta/Uso Interno,Deduz. Individ.,Deduz. Grupos,% Ocup.,Receita Quartos,Preço Médio,Saídas,Quartos FdS,Adul. / Cri.,janeiro,Previsão,27-jan-2026 ter,9,0,5,0,0,9,0,"6,67","637,00","70,78",5,0,15,480,85,141,0,0,438,42,"13,50","52 428,92","92,79",189,0,1004,Total jan,480,85,141,0,0,438,42,"13,50","52 428,92","92,79",189,0,1004,Total,43980,4727,15665,0,64,37444,6536,"49,43","6 002 128,28","123,23",15800,130,80345
Data,Ocup,Opção,Cheg,Oferta/Uso Interno,Deduz. Individ.,Deduz. Grupos,% Ocup.,Receita Quartos,Preço Médio,Saídas,Quartos FdS,Adul. / Cri.,janeiro,Previsão,28-jan-2026 qua,12,0,4,0,0,12,0,"8,89","929,02","77,42",1,0,21,480,85,141,0,0,438,42,"13,50","52 428,92","92,79",189,0,1004,Total jan,480,85,141,0,0,438,42,"13,50","52 428,92","92,79",189,0,1004,Total,43980,4727,15665,0,64,37444,6536,"49,43","6 002 128,28","123,23",15800,130,80345
Data,Ocup,Opção,Cheg,Oferta/Uso Interno,Deduz. Individ.,Deduz. Grupos,% Ocup.,Receita Quartos,Preço Médio,Saídas,Quartos FdS,Adul. / Cri.,janeiro,Previsão,29-jan-2026 qui,16,0,7,0,0,16,0,"11,85","1 388,71","86,79",3,0,31,480,85,141,0,0,438,42,"13,50","52 428,92","92,79",189,0,1004,Total jan,480,85,141,0,0,438,42,"13,50","52 428,92","92,79",189,0,1004,Total,43980,4727,15665,0,64,37444,6536,"49,43","6 002 128,28","123,23",15800,130,80345
Data,Ocup,Opção,Cheg,Oferta/Uso Interno,Deduz. Individ.,Deduz. Grupos,% Ocup.,Receita Quartos,Preço Médio,Saídas,Quartos FdS,Adul. / Cri.,janeiro,Previsão,30-jan-2026 sex,14,0,4,0,0,14,0,"10,37","1 277,47","91,25",6,0,30,480,85,141,0,0,438,42,"13,50","52 428,92","92,79",189,0,1004,Total jan,480,85,141,0,0,438,42,"13,50","52 428,92","92,79",189,0,1004,Total,43980,4727,15665,0,64,37444,6536,"49,43","6 002 128,28","123,23",15800,130,80345
Data,Ocup,Opção,Cheg,Oferta/Uso Interno,Deduz. Individ.,Deduz. Grupos,% Ocup.,Receita Quartos,Preço Médio,Saídas,Quartos FdS,Adul. / Cri.,janeiro,Previsão,31-jan-2026 sáb,15,0,3,0,0,15,0,"11,11","1 351,91","90,13",2,0,32,480,85,141,0,0,438,42,"13,50","52 428,92","92,79",189,0,1004,Total jan,480,85,141,0,0,438,42,"13,50","52 428,92","92,79",189,0,1004,Total,43980,4727,15665,0,64,37444,6536,"49,43","6 002 128,28","123,23",15800,130,80345
Data,Ocup,Opção,Cheg,Oferta/Uso Interno,Deduz. Individ.,Deduz. Grupos,% Ocup.,Receita Quartos,Preço Médio,Saídas,Quartos FdS,Adul. / Cri.,fevereiro,Previsão,01-fev-2026 dom,9,0,3,0,0,9,0,"6,67","668,97","74,33",9,0,18,204,77,80,0,0,203,1,"7,43","20 344,42","72,40",89,0,440,Total fev,204,77,80,0,0,203,1,"7,43","20 344,42","72,40",89,0,440,Total,43980,4727,15665,0,64,37444,6536,"49,43","6 002 128,28","123,23",15800,130,80345
Data,Ocup,Opção,Cheg,Oferta/Uso Interno,Deduz. Individ.,Deduz. Grupos,% Ocup.,Receita Quartos,Preço Médio,Saídas,Quartos FdS,Adul. / Cri.,fevereiro,Previsão,02-fev-2026 seg,3,10,0,0,0,3,0,"9,63","235,38","18,11",6,0,6,204,77,80,0,0,203,1,"7,43","20 344,42","72,40",89,0,440,Total fev,204,77,80,0,0,203,1,"7,43","20 344,42","72,40",89,0,440,Total,43980,4727,15665,0,64,37444,6536,"49,43","6 002 128,28","123,23",15800,130,80345
Data,Ocup,Opção,Cheg,Oferta/Uso Interno,Deduz. Individ.,Deduz. Grupos,% Ocup.,Receita Quartos,Preço Médio,Saídas,Quartos FdS,Adul. / Cri.,fevereiro,Previsão,03-fev-2026 ter,4,10,2,0,0,4,0,"10,37","324,60","23,19",1,0,8,204,77,80,0,0,203,1,"7,43","20 344,42","72,40",89,0,440,Total fev,204,77,80,0,0,203,1,"7,43","20 344,42","72,40",89,0,440,Total,43980,4727,15665,0,64,37444,6536,"49,43","6 002 128,28","123,23",15800,130,80345
Data,Ocup,Opção,Cheg,Oferta/Uso Interno,Deduz. Individ.,Deduz. Grupos,% Ocup.,Receita Quartos,Preço Médio,Saídas,Quartos FdS,Adul. / Cri.,fevereiro,Previsão,04-fev-2026 qua,5,0,2,0,0,5,0,"3,70","575,81","115,16",1,0,12,204,77,80,0,0,203,1,"7,43","20 344,42","72,40",89,0,440,Total fev,204,77,80,0,0,203,1,"7,43","20 344,42","72,40",89,0,440,Total,43980,4727,15665,0,64,37444,6536,"49,43","6 002 128,28","123,23",15800,130,80345
Data,Ocup,Opção,Cheg,Oferta/Uso Interno,Deduz. Individ.,Deduz. Grupos,% Ocup.,Receita Quartos,Preço Médio,Saídas,Quartos FdS,Adul. / Cri.,fevereiro,Previsão,05-fev-2026 qui,3,0,1,0,0,3,0,"2,22","243,03","81,01",3,0,6,204,77,80,0,0,203,1,"7,43","20 344,42","72,40",89,0,440,Total fev,204,77,80,0,0,203,1,"7,43","20 344,42","72,40",89,0,440,Total,43980,4727,15665,0,64,37444,6536,"49,43","6 002 128,28","123,23",15800,130,80345
Data,Ocup,Opção,Cheg,Oferta/Uso Interno,Deduz. Individ.,Deduz. Grupos,% Ocup.,Receita Quartos,Preço Médio,Saídas,Quartos FdS,Adul. / Cri.,fevereiro,Previsão,06-fev-2026 sex,11,0,9,0,0,11,0,"8,15","1 026,88","93,35",1,0,22,204,77,80,0,0,203,1,"7,43","20 344,42","72,40",89,0,440,Total fev,204,77,80,0,0,203,1,"7,43","20 344,42","72,40",89,0,440,Total,43980,4727,15665,0,64,37444,6536,"49,43","6 002 128,28","123,23",15800,130,80345
Data,Ocup,Opção,Cheg,Oferta/Uso Interno,Deduz. Individ.,Deduz. Grupos,% Ocup.,Receita Quartos,Preço Médio,Saídas,Quartos FdS,Adul. / Cri.,fevereiro,Previsão,07-fev-2026 sáb,12,16,2,0,0,12,0,"20,74","1 106,14","39,51",1,0,24,204,77,80,0,0,203,1,"7,43","20 344,42","72,40",89,0,440,Total fev,204,77,80,0,0,203,1,"7,43","20 344,42","72,40",89,0,440,Total,43980,4727,15665,0,64,37444,6536,"49,43","6 002 128,28","123,23",15800,130,80345
Data,Ocup,Opção,Cheg,Oferta/Uso Interno,Deduz. Individ.,Deduz. Grupos,% Ocup.,Receita Quartos,Preço Médio,Saídas,Quartos FdS,Adul. / Cri.,fevereiro,Previsão,08-fev-2026 dom,3,25,0,0,0,3,0,"20,74","239,61","8,56",9,0,6,204,77,80,0,0,203,1,"7,43","20 344,42","72,40",89,0,440,Total fev,204,77,80,0,0,203,1,"7,43","20 344,42","72,40",89,0,440,Total,43980,4727,15665,0,64,37444,6536,"49,43","6 002 128,28","123,23",15800,130,80345
Data,Ocup,Opção,Cheg,Oferta/Uso Interno,Deduz. Individ.,Deduz. Grupos,% Ocup.,Receita Quartos,Preço Médio,Saídas,Quartos FdS,Adul. / Cri.,fevereiro,Previsão,09-fev-2026 seg,3,13,1,0,0,3,0,"11,85","216,46","13,53",1,0,6,204,77,80,0,0,203,1,"7,43","20 344,42","72,40",89,0,440,Total fev,204,77,80,0,0,203,1,"7,43","20 344,42","72,40",89,0,440,Total,43980,4727,15665,0,64,37444,6536,"49,43","6 002 128,28","123,23",15800,130,80345
Data,Ocup,Opção,Cheg,Oferta/Uso Interno,Deduz. Individ.,Deduz. Grupos,% Ocup.,Receita Quartos,Preço Médio,Saídas,Quartos FdS,Adul. / Cri.,fevereiro,Previsão,10-fev-2026 ter,5,0,3,0,0,5,0,"3,70","368,05","73,61",1,0,10,204,77,80,0,0,203,1,"7,43","20 344,42","72,40",89,0,440,Total fev,204,77,80,0,0,203,1,"7,43","20 344,42","72,40",89,0,440,Total,43980,4727,15665,0,64,37444,6536,"49,43","6 002 128,28","123,23",15800,130,80345
Data,Ocup,Opção,Cheg,Oferta/Uso Interno,Deduz. Individ.,Deduz. Grupos,% Ocup.,Receita Quartos,Preço Médio,Saídas,Quartos FdS,Adul. / Cri.,fevereiro,Previsão,11-fev-2026 qua,4,0,0,0,0,4,0,"2,96","298,25","74,56",1,0,8,204,77,80,0,0,203,1,"7,43","20 344,42","72,40",89,0,440,Total fev,204,77,80,0,0,203,1,"7,43","20 344,42","72,40",89,0,440,Total,43980,4727,15665,0,64,37444,6536,"49,43","6 002 128,28","123,23",15800,130,80345
Data,Ocup,Opção,Cheg,Oferta/Uso Interno,Deduz. Individ.,Deduz. Grupos,% Ocup.,Receita Quartos,Preço Médio,Saídas,Quartos FdS,Adul. / Cri.,fevereiro,Previsão,12-fev-2026 qui,6,0,4,0,0,6,0,"4,44","559,75","93,29",2,0,11,204,77,80,0,0,203,1,"7,43","20 344,42","72,40",89,0,440,Total fev,204,77,80,0,0,203,1,"7,43","20 344,42","72,40",89,0,440,Total,43980,4727,15665,0,64,37444,6536,"49,43","6 002 128,28","123,23",15800,130,80345
Data,Ocup,Opção,Cheg,Oferta/Uso Interno,Deduz. Individ.,Deduz. Grupos,% Ocup.,Receita Quartos,Preço Médio,Saídas,Quartos FdS,Adul. / Cri.,fevereiro,Previsão,13-fev-2026 sex,9,0,5,0,0,9,0,"6,67","927,99","103,11",2,0,21,204,77,80,0,0,203,1,"7,43","20 344,42","72,40",89,0,440,Total fev,204,77,80,0,0,203,1,"7,43","20 344,42","72,40",89,0,440,Total,43980,4727,15665,0,64,37444,6536,"49,43","6 002 128,28","123,23",15800,130,80345
Data,Ocup,Opção,Cheg,Oferta/Uso Interno,Deduz. Individ.,Deduz. Grupos,% Ocup.,Receita Quartos,Preço Médio,Saídas,Quartos FdS,Adul. / Cri.,fevereiro,Previsão,14-fev-2026 sáb,13,0,7,0,0,13,0,"9,63","1 247,06","95,93",3,0,29,204,77,80,0,0,203,1,"7,43","20 344,42","72,40",89,0,440,Total fev,204,77,80,0,0,203,1,"7,43","20 344,42","72,40",89,0,440,Total,43980,4727,15665,0,64,37444,6536,"49,43","6 002 128,28","123,23",15800,130,80345
Data,Ocup,Opção,Cheg,Oferta/Uso Interno,Deduz. Individ.,Deduz. Grupos,% Ocup.,Receita Quartos,Preço Médio,Saídas,Quartos FdS,Adul. / Cri.,fevereiro,Previsão,15-fev-2026 dom,14,0,4,0,0,14,0,"10,37","1 367,63","97,69",3,0,31,204,77,80,0,0,203,1,"7,43","20 344,42","72,40",89,0,440,Total fev,204,77,80,0,0,203,1,"7,43","20 344,42","72,40",89,0,440,Total,43980,4727,15665,0,64,37444,6536,"49,43","6 002 128,28","123,23",15800,130,80345
Data,Ocup,Opção,Cheg,Oferta/Uso Interno,Deduz. Individ.,Deduz. Grupos,% Ocup.,Receita Quartos,Preço Médio,Saídas,Quartos FdS,Adul. / Cri.,fevereiro,Previsão,16-fev-2026 seg,13,0,3,0,0,13,0,"9,63","1 438,42","110,65",4,0,33,204,77,80,0,0,203,1,"7,43","20 344,42","72,40",89,0,440,Total fev,204,77,80,0,0,203,1,"7,43","20 344,42","72,40",89,0,440,Total,43980,4727,15665,0,64,37444,6536,"49,43","6 002 128,28","123,23",15800,130,80345
Data,Ocup,Opção,Cheg,Oferta/Uso Interno,Deduz. Individ.,Deduz. Grupos,% Ocup.,Receita Quartos,Preço Médio,Saídas,Quartos FdS,Adul. / Cri.,fevereiro,Previsão,17-fev-2026 ter,8,0,1,0,0,8,0,"5,93","815,70","101,96",6,0,20,204,77,80,0,0,203,1,"7,43","20 344,42","72,40",89,0,440,Total fev,204,77,80,0,0,203,1,"7,43","20 344,42","72,40",89,0,440,Total,43980,4727,15665,0,64,37444,6536,"49,43","6 002 128,28","123,23",15800,130,80345
Data,Ocup,Opção,Cheg,Oferta/Uso Interno,Deduz. Individ.,Deduz. Grupos,% Ocup.,Receita Quartos,Preço Médio,Saídas,Quartos FdS,Adul. / Cri.,fevereiro,Previsão,18-fev-2026 qua,6,0,3,0,0,6,0,"4,44","828,72","138,12",5,0,18,204,77,80,0,0,203,1,"7,43","20 344,42","72,40",89,0,440,Total fev,204,77,80,0,0,203,1,"7,43","20 344,42","72,40",89,0,440,Total,43980,4727,15665,0,64,37444,6536,"49,43","6 002 128,28","123,23",15800,130,80345
Data,Ocup,Opção,Cheg,Oferta/Uso Interno,Deduz. Individ.,Deduz. Grupos,% Ocup.,Receita Quartos,Preço Médio,Saídas,Quartos FdS,Adul. / Cri.,fevereiro,Previsão,19-fev-2026 qui,9,0,3,0,0,9,0,"6,67","1 117,07","124,12",0,0,23,204,77,80,0,0,203,1,"7,43","20 344,42","72,40",89,0,440,Total fev,204,77,80,0,0,203,1,"7,43","20 344,42","72,40",89,0,440,Total,43980,4727,15665,0,64,37444,6536,"49,43","6 002 128,28","123,23",15800,130,80345
Data,Ocup,Opção,Cheg,Oferta/Uso Interno,Deduz. Individ.,Deduz. Grupos,% Ocup.,Receita Quartos,Preço Médio,Saídas,Quartos FdS,Adul. / Cri.,fevereiro,Previsão,20-fev-2026 sex,9,0,3,0,0,9,0,"6,67","1 168,11","129,79",3,0,22,204,77,80,0,0,203,1,"7,43","20 344,42","72,40",89,0,440,Total fev,204,77,80,0,0,203,1,"7,43","20 344,42","72,40",89,0,440,Total,43980,4727,15665,0,64,37444,6536,"49,43","6 002 128,28","123,23",15800,130,80345
Data,Ocup,Opção,Cheg,Oferta/Uso Interno,Deduz. Individ.,Deduz. Grupos,% Ocup.,Receita Quartos,Preço Médio,Saídas,Quartos FdS,Adul. / Cri.,fevereiro,Previsão,21-fev-2026 sáb,10,0,3,0,0,10,0,"7,41","1 317,37","131,74",2,0,24,204,77,80,0,0,203,1,"7,43","20 344,42","72,40",89,0,440,Total fev,204,77,80,0,0,203,1,"7,43","20 344,42","72,40",89,0,440,Total,43980,4727,15665,0,64,37444,6536,"49,43","6 002 128,28","123,23",15800,130,80345
Data,Ocup,Opção,Cheg,Oferta/Uso Interno,Deduz. Individ.,Deduz. Grupos,% Ocup.,Receita Quartos,Preço Médio,Saídas,Quartos FdS,Adul. / Cri.,fevereiro,Previsão,22-fev-2026 dom,7,0,3,0,0,7,0,"5,19","727,33","103,90",6,0,15,204,77,80,0,0,203,1,"7,43","20 344,42","72,40",89,0,440,Total fev,204,77,80,0,0,203,1,"7,43","20 344,42","72,40",89,0,440,Total,43980,4727,15665,0,64,37444,6536,"49,43","6 002 128,28","123,23",15800,130,80345
Data,Ocup,Opção,Cheg,Oferta/Uso Interno,Deduz. Individ.,Deduz. Grupos,% Ocup.,Receita Quartos,Preço Médio,Saídas,Quartos FdS,Adul. / Cri.,fevereiro,Previsão,23-fev-2026 seg,6,0,5,0,0,6,0,"4,44","601,46","100,24",6,0,11,204,77,80,0,0,203,1,"7,43","20 344,42","72,40",89,0,440,Total fev,204,77,80,0,0,203,1,"7,43","20 344,42","72,40",89,0,440,Total,43980,4727,15665,0,64,37444,6536,"49,43","6 002 128,28","123,23",15800,130,80345
Data,Ocup,Opção,Cheg,Oferta/Uso Interno,Deduz. Individ.,Deduz. Grupos,% Ocup.,Receita Quartos,Preço Médio,Saídas,Quartos FdS,Adul. / Cri.,fevereiro,Previsão,24-fev-2026 ter,10,0,4,0,0,10,0,"7,41","936,21","93,62",0,0,17,204,77,80,0,0,203,1,"7,43","20 344,42","72,40",89,0,440,Total fev,204,77,80,0,0,203,1,"7,43","20 344,42","72,40",89,0,440,Total,43980,4727,15665,0,64,37444,6536,"49,43","6 002 128,28","123,23",15800,130,80345
Data,Ocup,Opção,Cheg,Oferta/Uso Interno,Deduz. Individ.,Deduz. Grupos,% Ocup.,Receita Quartos,Preço Médio,Saídas,Quartos FdS,Adul. / Cri.,fevereiro,Previsão,25-fev-2026 qua,7,0,1,0,0,7,0,"5,19","626,76","89,54",4,0,11,204,77,80,0,0,203,1,"7,43","20 344,42","72,40",89,0,440,Total fev,204,77,80,0,0,203,1,"7,43","20 344,42","72,40",89,0,440,Total,43980,4727,15665,0,64,37444,6536,"49,43","6 002 128,28","123,23",15800,130,80345
Data,Ocup,Opção,Cheg,Oferta/Uso Interno,Deduz. Individ.,Deduz. Grupos,% Ocup.,Receita Quartos,Preço Médio,Saídas,Quartos FdS,Adul. / Cri.,fevereiro,Previsão,26-fev-2026 qui,4,0,1,0,0,4,0,"2,96","361,10","90,28",4,0,7,204,77,80,0,0,203,1,"7,43","20 344,42","72,40",89,0,440,Total fev,204,77,80,0,0,203,1,"7,43","20 344,42","72,40",89,0,440,Total,43980,4727,15665,0,64,37444,6536,"49,43","6 002 128,28","123,23",15800,130,80345
Data,Ocup,Opção,Cheg,Oferta/Uso Interno,Deduz. Individ.,Deduz. Grupos,% Ocup.,Receita Quartos,Preço Médio,Saídas,Quartos FdS,Adul. / Cri.,fevereiro,Previsão,27-fev-2026 sex,5,0,5,0,0,5,0,"3,70","479,58","95,92",4,0,10,204,77,80,0,0,203,1,"7,43","20 344,42","72,40",89,0,440,Total fev,204,77,80,0,0,203,1,"7,43","20 344,42","72,40",89,0,440,Total,43980,4727,15665,0,64,37444,6536,"49,43","6 002 128,28","123,23",15800,130,80345
Data,Ocup,Opção,Cheg,Oferta/Uso Interno,Deduz. Individ.,Deduz. Grupos,% Ocup.,Receita Quartos,Preço Médio,Saídas,Quartos FdS,Adul. / Cri.,fevereiro,Previsão,28-fev-2026 sáb,6,3,2,0,0,5,1,"6,67","520,97","57,89",1,0,11,204,77,80,0,0,203,1,"7,43","20 344,42","72,40",89,0,440,Total fev,204,77,80,0,0,203,1,"7,43","20 344,42","72,40",89,0,440,Total,43980,4727,15665,0,64,37444,6536,"49,43","6 002 128,28","123,23",15800,130,80345
Data,Ocup,Opção,Cheg,Oferta/Uso Interno,Deduz. Individ.,Deduz. Grupos,% Ocup.,Receita Quartos,Preço Médio,Saídas,Quartos FdS,Adul. / Cri.,março,Previsão,01-mar-2026 dom,5,13,2,0,0,5,0,"13,33","480,40","26,69",3,0,10,496,360,157,0,0,264,232,"20,45","62 465,57","72,97",156,0,955,Total mar,496,360,157,0,0,264,232,"20,45","62 465,57","72,97",156,0,955,Total,43980,4727,15665,0,64,37444,6536,"49,43","6 002 128,28","123,23",15800,130,80345
Data,Ocup,Opção,Cheg,Oferta/Uso Interno,Deduz. Individ.,Deduz. Grupos,% Ocup.,Receita Quartos,Preço Médio,Saídas,Quartos FdS,Adul. / Cri.,março,Previsão,02-mar-2026 seg,4,13,1,0,0,4,0,"12,59","385,65","22,69",2,0,8,496,360,157,0,0,264,232,"20,45","62 465,57","72,97",156,0,955,Total mar,496,360,157,0,0,264,232,"20,45","62 465,57","72,97",156,0,955,Total,43980,4727,15665,0,64,37444,6536,"49,43","6 002 128,28","123,23",15800,130,80345
Data,Ocup,Opção,Cheg,Oferta/Uso Interno,Deduz. Individ.,Deduz. Grupos,% Ocup.,Receita Quartos,Preço Médio,Saídas,Quartos FdS,Adul. / Cri.,março,Previsão,03-mar-2026 ter,4,0,2,0,0,4,0,"2,96","440,93","110,23",2,0,8,496,360,157,0,0,264,232,"20,45","62 465,57","72,97",156,0,955,Total mar,496,360,157,0,0,264,232,"20,45","62 465,57","72,97",156,0,955,Total,43980,4727,15665,0,64,37444,6536,"49,43","6 002 128,28","123,23",15800,130,80345
Data,Ocup,Opção,Cheg,Oferta/Uso Interno,Deduz. Individ.,Deduz. Grupos,% Ocup.,Receita Quartos,Preço Médio,Saídas,Quartos FdS,Adul. / Cri.,março,Previsão,04-mar-2026 qua,2,0,0,0,0,2,0,"1,48","238,43","119,22",2,0,4,496,360,157,0,0,264,232,"20,45","62 465,57","72,97",156,0,955,Total mar,496,360,157,0,0,264,232,"20,45","62 465,57","72,97",156,0,955,Total,43980,4727,15665,0,64,37444,6536,"49,43","6 002 128,28","123,23",15800,130,80345
Data,Ocup,Opção,Cheg,Oferta/Uso Interno,Deduz. Individ.,Deduz. Grupos,% Ocup.,Receita Quartos,Preço Médio,Saídas,Quartos FdS,Adul. / Cri.,março,Previsão,05-mar-2026 qui,4,0,2,0,0,4,0,"2,96","456,10","114,03",0,0,8,496,360,157,0,0,264,232,"20,45","62 465,57","72,97",156,0,955,Total mar,496,360,157,0,0,264,232,"20,45","62 465,57","72,97",156,0,955,Total,43980,4727,15665,0,64,37444,6536,"49,43","6 002 128,28","123,23",15800,130,80345
Data,Ocup,Opção,Cheg,Oferta/Uso Interno,Deduz. Individ.,Deduz. Grupos,% Ocup.,Receita Quartos,Preço Médio,Saídas,Quartos FdS,Adul. / Cri.,março,Previsão,06-mar-2026 sex,8,0,6,0,0,8,0,"5,93","983,66","122,96",2,0,16,496,360,157,0,0,264,232,"20,45","62 465,57","72,97",156,0,955,Total mar,496,360,157,0,0,264,232,"20,45","62 465,57","72,97",156,0,955,Total,43980,4727,15665,0,64,37444,6536,"49,43","6 002 128,28","123,23",15800,130,80345
Data,Ocup,Opção,Cheg,Oferta/Uso Interno,Deduz. Individ.,Deduz. Grupos,% Ocup.,Receita Quartos,Preço Médio,Saídas,Quartos FdS,Adul. / Cri.,março,Previsão,07-mar-2026 sáb,9,0,1,0,0,9,0,"6,67","1 118,15","124,24",0,0,18,496,360,157,0,0,264,232,"20,45","62 465,57","72,97",156,0,955,Total mar,496,360,157,0,0,264,232,"20,45","62 465,57","72,97",156,0,955,Total,43980,4727,15665,0,64,37444,6536,"49,43","6 002 128,28","123,23",15800,130,80345
Data,Ocup,Opção,Cheg,Oferta/Uso Interno,Deduz. Individ.,Deduz. Grupos,% Ocup.,Receita Quartos,Preço Médio,Saídas,Quartos FdS,Adul. / Cri.,março,Previsão,08-mar-2026 dom,11,0,4,0,0,11,0,"8,15","1 161,07","105,55",2,0,22,496,360,157,0,0,264,232,"20,45","62 465,57","72,97",156,0,955,Total mar,496,360,157,0,0,264,232,"20,45","62 465,57","72,97",156,0,955,Total,43980,4727,15665,0,64,37444,6536,"49,43","6 002 128,28","123,23",15800,130,80345
Data,Ocup,Opção,Cheg,Oferta/Uso Interno,Deduz. Individ.,Deduz. Grupos,% Ocup.,Receita Quartos,Preço Médio,Saídas,Quartos FdS,Adul. / Cri.,março,Previsão,09-mar-2026 seg,9,0,2,0,0,9,0,"6,67","856,73","95,19",4,0,18,496,360,157,0,0,264,232,"20,45","62 465,57","72,97",156,0,955,Total mar,496,360,157,0,0,264,232,"20,45","62 465,57","72,97",156,0,955,Total,43980,4727,15665,0,64,37444,6536,"49,43","6 002 128,28","123,23",15800,130,80345
Data,Ocup,Opção,Cheg,Oferta/Uso Interno,Deduz. Individ.,Deduz. Grupos,% Ocup.,Receita Quartos,Preço Médio,Saídas,Quartos FdS,Adul. / Cri.,março,Previsão,10-mar-2026 ter,7,15,1,0,0,6,1,"16,30","698,85","31,77",3,0,13,496,360,157,0,0,264,232,"20,45","62 465,57","72,97",156,0,955,Total mar,496,360,157,0,0,264,232,"20,45","62 465,57","72,97",156,0,955,Total,43980,4727,15665,0,64,37444,6536,"49,43","6 002 128,28","123,23",15800,130,80345
Data,Ocup,Opção,Cheg,Oferta/Uso Interno,Deduz. Individ.,Deduz. Grupos,% Ocup.,Receita Quartos,Preço Médio,Saídas,Quartos FdS,Adul. / Cri.,março,Previsão,11-mar-2026 qua,21,15,18,0,0,4,17,"26,67","2 440,14","67,78",4,0,40,496,360,157,0,0,264,232,"20,45","62 465,57","72,97",156,0,955,Total mar,496,360,157,0,0,264,232,"20,45","62 465,57","72,97",156,0,955,Total,43980,4727,15665,0,64,37444,6536,"49,43","6 002 128,28","123,23",15800,130,80345
Data,Ocup,Opção,Cheg,Oferta/Uso Interno,Deduz. Individ.,Deduz. Grupos,% Ocup.,Receita Quartos,Preço Médio,Saídas,Quartos FdS,Adul. / Cri.,março,Previsão,12-mar-2026 qui,23,15,3,0,0,6,17,"28,15","2 706,44","71,22",1,0,45,496,360,157,0,0,264,232,"20,45","62 465,57","72,97",156,0,955,Total mar,496,360,157,0,0,264,232,"20,45","62 465,57","72,97",156,0,955,Total,43980,4727,15665,0,64,37444,6536,"49,43","6 002 128,28","123,23",15800,130,80345
Data,Ocup,Opção,Cheg,Oferta/Uso Interno,Deduz. Individ.,Deduz. Grupos,% Ocup.,Receita Quartos,Preço Médio,Saídas,Quartos FdS,Adul. / Cri.,março,Previsão,13-mar-2026 sex,28,15,5,0,0,11,17,"31,85","3 594,50","83,59",0,0,54,496,360,157,0,0,264,232,"20,45","62 465,57","72,97",156,0,955,Total mar,496,360,157,0,0,264,232,"20,45","62 465,57","72,97",156,0,955,Total,43980,4727,15665,0,64,37444,6536,"49,43","6 002 128,28","123,23",15800,130,80345
Data,Ocup,Opção,Cheg,Oferta/Uso Interno,Deduz. Individ.,Deduz. Grupos,% Ocup.,Receita Quartos,Preço Médio,Saídas,Quartos FdS,Adul. / Cri.,março,Previsão,14-mar-2026 sáb,17,22,7,0,0,17,0,"28,89","2 167,42","55,57",18,0,34,496,360,157,0,0,264,232,"20,45","62 465,57","72,97",156,0,955,Total mar,496,360,157,0,0,264,232,"20,45","62 465,57","72,97",156,0,955,Total,43980,4727,15665,0,64,37444,6536,"49,43","6 002 128,28","123,23",15800,130,80345
Data,Ocup,Opção,Cheg,Oferta/Uso Interno,Deduz. Individ.,Deduz. Grupos,% Ocup.,Receita Quartos,Preço Médio,Saídas,Quartos FdS,Adul. / Cri.,março,Previsão,15-mar-2026 dom,13,31,1,0,0,13,0,"32,59","1 473,76","33,49",5,0,25,496,360,157,0,0,264,232,"20,45","62 465,57","72,97",156,0,955,Total mar,496,360,157,0,0,264,232,"20,45","62 465,57","72,97",156,0,955,Total,43980,4727,15665,0,64,37444,6536,"49,43","6 002 128,28","123,23",15800,130,80345
Data,Ocup,Opção,Cheg,Oferta/Uso Interno,Deduz. Individ.,Deduz. Grupos,% Ocup.,Receita Quartos,Preço Médio,Saídas,Quartos FdS,Adul. / Cri.,março,Previsão,16-mar-2026 seg,28,31,24,0,0,9,19,"43,70","5 581,83","94,61",9,0,50,496,360,157,0,0,264,232,"20,45","62 465,57","72,97",156,0,955,Total mar,496,360,157,0,0,264,232,"20,45","62 465,57","72,97",156,0,955,Total,43980,4727,15665,0,64,37444,6536,"49,43","6 002 128,28","123,23",15800,130,80345
Data,Ocup,Opção,Cheg,Oferta/Uso Interno,Deduz. Individ.,Deduz. Grupos,% Ocup.,Receita Quartos,Preço Médio,Saídas,Quartos FdS,Adul. / Cri.,março,Previsão,17-mar-2026 ter,31,0,4,0,0,11,20,"22,96","4 620,63","149,05",1,0,55,496,360,157,0,0,264,232,"20,45","62 465,57","72,97",156,0,955,Total mar,496,360,157,0,0,264,232,"20,45","62 465,57","72,97",156,0,955,Total,43980,4727,15665,0,64,37444,6536,"49,43","6 002 128,28","123,23",15800,130,80345
Data,Ocup,Opção,Cheg,Oferta/Uso Interno,Deduz. Individ.,Deduz. Grupos,% Ocup.,Receita Quartos,Preço Médio,Saídas,Quartos FdS,Adul. / Cri.,março,Previsão,18-mar-2026 qua,42,0,19,0,0,6,36,"31,11","5 836,52","138,96",8,0,77,496,360,157,0,0,264,232,"20,45","62 465,57","72,97",156,0,955,Total mar,496,360,157,0,0,264,232,"20,45","62 465,57","72,97",156,0,955,Total,43980,4727,15665,0,64,37444,6536,"49,43","6 002 128,28","123,23",15800,130,80345
Data,Ocup,Opção,Cheg,Oferta/Uso Interno,Deduz. Individ.,Deduz. Grupos,% Ocup.,Receita Quartos,Preço Médio,Saídas,Quartos FdS,Adul. / Cri.,março,Previsão,19-mar-2026 qui,46,0,5,0,0,10,36,"34,07","6 503,56","141,38",1,0,87,496,360,157,0,0,264,232,"20,45","62 465,57","72,97",156,0,955,Total mar,496,360,157,0,0,264,232,"20,45","62 465,57","72,97",156,0,955,Total,43980,4727,15665,0,64,37444,6536,"49,43","6 002 128,28","123,23",15800,130,80345
Data,Ocup,Opção,Cheg,Oferta/Uso Interno,Deduz. Individ.,Deduz. Grupos,% Ocup.,Receita Quartos,Preço Médio,Saídas,Quartos FdS,Adul. / Cri.,março,Previsão,20-mar-2026 sex,31,0,4,0,0,14,17,"22,96","3 789,24","122,23",19,0,63,496,360,157,0,0,264,232,"20,45","62 465,57","72,97",156,0,955,Total mar,496,360,157,0,0,264,232,"20,45","62 465,57","72,97",156,0,955,Total,43980,4727,15665,0,64,37444,6536,"49,43","6 002 128,28","123,23",15800,130,80345
Data,Ocup,Opção,Cheg,Oferta/Uso Interno,Deduz. Individ.,Deduz. Grupos,% Ocup.,Receita Quartos,Preço Médio,Saídas,Quartos FdS,Adul. / Cri.,março,Previsão,21-mar-2026 sáb,10,4,2,0,0,10,0,"10,37","988,21","70,59",23,0,20,496,360,157,0,0,264,232,"20,45","62 465,57","72,97",156,0,955,Total mar,496,360,157,0,0,264,232,"20,45","62 465,57","72,97",156,0,955,Total,43980,4727,15665,0,64,37444,6536,"49,43","6 002 128,28","123,23",15800,130,80345
Data,Ocup,Opção,Cheg,Oferta/Uso Interno,Deduz. Individ.,Deduz. Grupos,% Ocup.,Receita Quartos,Preço Médio,Saídas,Quartos FdS,Adul. / Cri.,março,Previsão,22-mar-2026 dom,12,13,4,0,0,12,0,"18,52","1 034,25","41,37",2,0,23,496,360,157,0,0,264,232,"20,45","62 465,57","72,97",156,0,955,Total mar,496,360,157,0,0,264,232,"20,45","62 465,57","72,97",156,0,955,Total,43980,4727,15665,0,64,37444,6536,"49,43","6 002 128,28","123,23",15800,130,80345
Data,Ocup,Opção,Cheg,Oferta/Uso Interno,Deduz. Individ.,Deduz. Grupos,% Ocup.,Receita Quartos,Preço Médio,Saídas,Quartos FdS,Adul. / Cri.,março,Previsão,23-mar-2026 seg,13,13,4,0,0,13,0,"19,26","1 077,77","41,45",3,0,25,496,360,157,0,0,264,232,"20,45","62 465,57","72,97",156,0,955,Total mar,496,360,157,0,0,264,232,"20,45","62 465,57","72,97",156,0,955,Total,43980,4727,15665,0,64,37444,6536,"49,43","6 002 128,28","123,23",15800,130,80345
Data,Ocup,Opção,Cheg,Oferta/Uso Interno,Deduz. Individ.,Deduz. Grupos,% Ocup.,Receita Quartos,Preço Médio,Saídas,Quartos FdS,Adul. / Cri.,março,Previsão,24-mar-2026 ter,13,15,5,0,0,12,1,"20,74","1 444,60","51,59",5,0,23,496,360,157,0,0,264,232,"20,45","62 465,57","72,97",156,0,955,Total mar,496,360,157,0,0,264,232,"20,45","62 465,57","72,97",156,0,955,Total,43980,4727,15665,0,64,37444,6536,"49,43","6 002 128,28","123,23",15800,130,80345
Data,Ocup,Opção,Cheg,Oferta/Uso Interno,Deduz. Individ.,Deduz. Grupos,% Ocup.,Receita Quartos,Preço Médio,Saídas,Quartos FdS,Adul. / Cri.,março,Previsão,25-mar-2026 qua,21,15,18,0,0,4,17,"26,67","2 620,99","72,81",10,0,42,496,360,157,0,0,264,232,"20,45","62 465,57","72,97",156,0,955,Total mar,496,360,157,0,0,264,232,"20,45","62 465,57","72,97",156,0,955,Total,43980,4727,15665,0,64,37444,6536,"49,43","6 002 128,28","123,23",15800,130,80345
Data,Ocup,Opção,Cheg,Oferta/Uso Interno,Deduz. Individ.,Deduz. Grupos,% Ocup.,Receita Quartos,Preço Médio,Saídas,Quartos FdS,Adul. / Cri.,março,Previsão,26-mar-2026 qui,22,15,1,0,0,5,17,"27,41","2 730,83","73,81",0,0,44,496,360,157,0,0,264,232,"20,45","62 465,57","72,97",156,0,955,Total mar,496,360,157,0,0,264,232,"20,45","62 465,57","72,97",156,0,955,Total,43980,4727,15665,0,64,37444,6536,"49,43","6 002 128,28","123,23",15800,130,80345
Data,Ocup,Opção,Cheg,Oferta/Uso Interno,Deduz. Individ.,Deduz. Grupos,% Ocup.,Receita Quartos,Preço Médio,Saídas,Quartos FdS,Adul. / Cri.,março,Previsão,27-mar-2026 sex,24,40,4,0,0,7,17,"47,41","3 005,61","46,96",2,0,47,496,360,157,0,0,264,232,"20,45","62 465,57","72,97",156,0,955,Total mar,496,360,157,0,0,264,232,"20,45","62 465,57","72,97",156,0,955,Total,43980,4727,15665,0,64,37444,6536,"49,43","6 002 128,28","123,23",15800,130,80345
Data,Ocup,Opção,Cheg,Oferta/Uso Interno,Deduz. Individ.,Deduz. Grupos,% Ocup.,Receita Quartos,Preço Médio,Saídas,Quartos FdS,Adul. / Cri.,março,Previsão,28-mar-2026 sáb,10,25,5,0,0,10,0,"25,93","1 142,16","32,63",19,0,20,496,360,157,0,0,264,232,"20,45","62 465,57","72,97",156,0,955,Total mar,496,360,157,0,0,264,232,"20,45","62 465,57","72,97",156,0,955,Total,43980,4727,15665,0,64,37444,6536,"49,43","6 002 128,28","123,23",15800,130,80345
Data,Ocup,Opção,Cheg,Oferta/Uso Interno,Deduz. Individ.,Deduz. Grupos,% Ocup.,Receita Quartos,Preço Médio,Saídas,Quartos FdS,Adul. / Cri.,março,Previsão,29-mar-2026 dom,11,25,2,0,0,11,0,"26,67","1 151,84","32,00",1,0,22,496,360,157,0,0,264,232,"20,45","62 465,57","72,97",156,0,955,Total mar,496,360,157,0,0,264,232,"20,45","62 465,57","72,97",156,0,955,Total,43980,4727,15665,0,64,37444,6536,"49,43","6 002 128,28","123,23",15800,130,80345
Data,Ocup,Opção,Cheg,Oferta/Uso Interno,Deduz. Individ.,Deduz. Grupos,% Ocup.,Receita Quartos,Preço Médio,Saídas,Quartos FdS,Adul. / Cri.,março,Previsão,30-mar-2026 seg,10,25,1,0,0,10,0,"25,93","1 022,22","29,21",2,0,20,496,360,157,0,0,264,232,"20,45","62 465,57","72,97",156,0,955,Total mar,496,360,157,0,0,264,232,"20,45","62 465,57","72,97",156,0,955,Total,43980,4727,15665,0,64,37444,6536,"49,43","6 002 128,28","123,23",15800,130,80345
Data,Ocup,Opção,Cheg,Oferta/Uso Interno,Deduz. Individ.,Deduz. Grupos,% Ocup.,Receita Quartos,Preço Médio,Saídas,Quartos FdS,Adul. / Cri.,março,Previsão,31-mar-2026 ter,7,0,0,0,0,7,0,"5,19","713,06","101,87",3,0,14,496,360,157,0,0,264,232,"20,45","62 465,57","72,97",156,0,955,Total mar,496,360,157,0,0,264,232,"20,45","62 465,57","72,97",156,0,955,Total,43980,4727,15665,0,64,37444,6536,"49,43","6 002 128,28","123,23",15800,130,80345
Data,Ocup,Opção,Cheg,Oferta/Uso Interno,Deduz. Individ.,Deduz. Grupos,% Ocup.,Receita Quartos,Preço Médio,Saídas,Quartos FdS,Adul. / Cri.,abril,Previsão,01-abr-2026 qua,16,13,11,0,0,7,9,"21,48","2 257,51","77,85",2,0,32,402,688,144,0,0,148,254,"26,91","63 136,64","57,92",127,0,796,Total abr,402,688,144,0,0,148,254,"26,91","63 136,64","57,92",127,0,796,Total,43980,4727,15665,0,64,37444,6536,"49,43","6 002 128,28","123,23",15800,130,80345
Data,Ocup,Opção,Cheg,Oferta/Uso Interno,Deduz. Individ.,Deduz. Grupos,% Ocup.,Receita Quartos,Preço Médio,Saídas,Quartos FdS,Adul. / Cri.,abril,Previsão,02-abr-2026 qui,13,13,0,0,0,4,9,"19,26","1 832,53","70,48",3,0,26,402,688,144,0,0,148,254,"26,91","63 136,64","57,92",127,0,796,Total abr,402,688,144,0,0,148,254,"26,91","63 136,64","57,92",127,0,796,Total,43980,4727,15665,0,64,37444,6536,"49,43","6 002 128,28","123,23",15800,130,80345
Data,Ocup,Opção,Cheg,Oferta/Uso Interno,Deduz. Individ.,Deduz. Grupos,% Ocup.,Receita Quartos,Preço Médio,Saídas,Quartos FdS,Adul. / Cri.,abril,Previsão,03-abr-2026 sex,10,13,0,0,0,1,9,"17,04","1 460,09","63,48",3,0,20,402,688,144,0,0,148,254,"26,91","63 136,64","57,92",127,0,796,Total abr,402,688,144,0,0,148,254,"26,91","63 136,64","57,92",127,0,796,Total,43980,4727,15665,0,64,37444,6536,"49,43","6 002 128,28","123,23",15800,130,80345
Data,Ocup,Opção,Cheg,Oferta/Uso Interno,Deduz. Individ.,Deduz. Grupos,% Ocup.,Receita Quartos,Preço Médio,Saídas,Quartos FdS,Adul. / Cri.,abril,Previsão,04-abr-2026 sáb,1,0,1,0,0,1,0,"0,74","286,08","286,08",10,0,4,402,688,144,0,0,148,254,"26,91","63 136,64","57,92",127,0,796,Total abr,402,688,144,0,0,148,254,"26,91","63 136,64","57,92",127,0,796,Total,43980,4727,15665,0,64,37444,6536,"49,43","6 002 128,28","123,23",15800,130,80345
Data,Ocup,Opção,Cheg,Oferta/Uso Interno,Deduz. Individ.,Deduz. Grupos,% Ocup.,Receita Quartos,Preço Médio,Saídas,Quartos FdS,Adul. / Cri.,abril,Previsão,05-abr-2026 dom,1,22,0,0,0,1,0,"17,04","242,46","10,54",0,0,4,402,688,144,0,0,148,254,"26,91","63 136,64","57,92",127,0,796,Total abr,402,688,144,0,0,148,254,"26,91","63 136,64","57,92",127,0,796,Total,43980,4727,15665,0,64,37444,6536,"49,43","6 002 128,28","123,23",15800,130,80345
Data,Ocup,Opção,Cheg,Oferta/Uso Interno,Deduz. Individ.,Deduz. Grupos,% Ocup.,Receita Quartos,Preço Médio,Saídas,Quartos FdS,Adul. / Cri.,abril,Previsão,06-abr-2026 seg,3,22,2,0,0,3,0,"18,52","487,88","19,52",0,0,6,402,688,144,0,0,148,254,"26,91","63 136,64","57,92",127,0,796,Total abr,402,688,144,0,0,148,254,"26,91","63 136,64","57,92",127,0,796,Total,43980,4727,15665,0,64,37444,6536,"49,43","6 002 128,28","123,23",15800,130,80345
Data,Ocup,Opção,Cheg,Oferta/Uso Interno,Deduz. Individ.,Deduz. Grupos,% Ocup.,Receita Quartos,Preço Médio,Saídas,Quartos FdS,Adul. / Cri.,abril,Previsão,07-abr-2026 ter,4,22,3,0,0,3,1,"19,26","626,75","24,11",2,0,9,402,688,144,0,0,148,254,"26,91","63 136,64","57,92",127,0,796,Total abr,402,688,144,0,0,148,254,"26,91","63 136,64","57,92",127,0,796,Total,43980,4727,15665,0,64,37444,6536,"49,43","6 002 128,28","123,23",15800,130,80345
Data,Ocup,Opção,Cheg,Oferta/Uso Interno,Deduz. Individ.,Deduz. Grupos,% Ocup.,Receita Quartos,Preço Médio,Saídas,Quartos FdS,Adul. / Cri.,abril,Previsão,08-abr-2026 qua,17,0,16,0,0,0,17,"12,59","2 494,59","146,74",3,0,33,402,688,144,0,0,148,254,"26,91","63 136,64","57,92",127,0,796,Total abr,402,688,144,0,0,148,254,"26,91","63 136,64","57,92",127,0,796,Total,43980,4727,15665,0,64,37444,6536,"49,43","6 002 128,28","123,23",15800,130,80345
Data,Ocup,Opção,Cheg,Oferta/Uso Interno,Deduz. Individ.,Deduz. Grupos,% Ocup.,Receita Quartos,Preço Médio,Saídas,Quartos FdS,Adul. / Cri.,abril,Previsão,09-abr-2026 qui,18,15,1,0,0,1,17,"24,44","2 616,24","79,28",0,0,35,402,688,144,0,0,148,254,"26,91","63 136,64","57,92",127,0,796,Total abr,402,688,144,0,0,148,254,"26,91","63 136,64","57,92",127,0,796,Total,43980,4727,15665,0,64,37444,6536,"49,43","6 002 128,28","123,23",15800,130,80345
Data,Ocup,Opção,Cheg,Oferta/Uso Interno,Deduz. Individ.,Deduz. Grupos,% Ocup.,Receita Quartos,Preço Médio,Saídas,Quartos FdS,Adul. / Cri.,abril,Previsão,10-abr-2026 sex,24,37,6,0,0,7,17,"45,19","3 659,04","59,98",0,0,48,402,688,144,0,0,148,254,"26,91","63 136,64","57,92",127,0,796,Total abr,402,688,144,0,0,148,254,"26,91","63 136,64","57,92",127,0,796,Total,43980,4727,15665,0,64,37444,6536,"49,43","6 002 128,28","123,23",15800,130,80345
Data,Ocup,Opção,Cheg,Oferta/Uso Interno,Deduz. Individ.,Deduz. Grupos,% Ocup.,Receita Quartos,Preço Médio,Saídas,Quartos FdS,Adul. / Cri.,abril,Previsão,11-abr-2026 sáb,8,41,2,0,0,8,0,"36,30","1 088,88","22,22",18,0,17,402,688,144,0,0,148,254,"26,91","63 136,64","57,92",127,0,796,Total abr,402,688,144,0,0,148,254,"26,91","63 136,64","57,92",127,0,796,Total,43980,4727,15665,0,64,37444,6536,"49,43","6 002 128,28","123,23",15800,130,80345
Data,Ocup,Opção,Cheg,Oferta/Uso Interno,Deduz. Individ.,Deduz. Grupos,% Ocup.,Receita Quartos,Preço Médio,Saídas,Quartos FdS,Adul. / Cri.,abril,Previsão,12-abr-2026 dom,4,50,2,0,0,4,0,"40,00","625,84","11,59",6,0,9,402,688,144,0,0,148,254,"26,91","63 136,64","57,92",127,0,796,Total abr,402,688,144,0,0,148,254,"26,91","63 136,64","57,92",127,0,796,Total,43980,4727,15665,0,64,37444,6536,"49,43","6 002 128,28","123,23",15800,130,80345
Data,Ocup,Opção,Cheg,Oferta/Uso Interno,Deduz. Individ.,Deduz. Grupos,% Ocup.,Receita Quartos,Preço Médio,Saídas,Quartos FdS,Adul. / Cri.,abril,Previsão,13-abr-2026 seg,3,13,1,0,0,3,0,"11,85","501,32","31,33",2,0,7,402,688,144,0,0,148,254,"26,91","63 136,64","57,92",127,0,796,Total abr,402,688,144,0,0,148,254,"26,91","63 136,64","57,92",127,0,796,Total,43980,4727,15665,0,64,37444,6536,"49,43","6 002 128,28","123,23",15800,130,80345
Data,Ocup,Opção,Cheg,Oferta/Uso Interno,Deduz. Individ.,Deduz. Grupos,% Ocup.,Receita Quartos,Preço Médio,Saídas,Quartos FdS,Adul. / Cri.,abril,Previsão,14-abr-2026 ter,9,22,7,0,0,8,1,"22,96","1 288,04","41,55",1,0,16,402,688,144,0,0,148,254,"26,91","63 136,64","57,92",127,0,796,Total abr,402,688,144,0,0,148,254,"26,91","63 136,64","57,92",127,0,796,Total,43980,4727,15665,0,64,37444,6536,"49,43","6 002 128,28","123,23",15800,130,80345
Data,Ocup,Opção,Cheg,Oferta/Uso Interno,Deduz. Individ.,Deduz. Grupos,% Ocup.,Receita Quartos,Preço Médio,Saídas,Quartos FdS,Adul. / Cri.,abril,Previsão,15-abr-2026 qua,25,22,19,0,0,8,17,"34,81","3 646,71","77,59",3,0,49,402,688,144,0,0,148,254,"26,91","63 136,64","57,92",127,0,796,Total abr,402,688,144,0,0,148,254,"26,91","63 136,64","57,92",127,0,796,Total,43980,4727,15665,0,64,37444,6536,"49,43","6 002 128,28","123,23",15800,130,80345
Data,Ocup,Opção,Cheg,Oferta/Uso Interno,Deduz. Individ.,Deduz. Grupos,% Ocup.,Receita Quartos,Preço Médio,Saídas,Quartos FdS,Adul. / Cri.,abril,Previsão,16-abr-2026 qui,26,63,1,0,0,9,17,"65,93","3 790,62","42,59",0,0,51,402,688,144,0,0,148,254,"26,91","63 136,64","57,92",127,0,796,Total abr,402,688,144,0,0,148,254,"26,91","63 136,64","57,92",127,0,796,Total,43980,4727,15665,0,64,37444,6536,"49,43","6 002 128,28","123,23",15800,130,80345
Data,Ocup,Opção,Cheg,Oferta/Uso Interno,Deduz. Individ.,Deduz. Grupos,% Ocup.,Receita Quartos,Preço Médio,Saídas,Quartos FdS,Adul. / Cri.,abril,Previsão,17-abr-2026 sex,23,50,0,0,0,6,17,"54,07","3 405,99","46,66",3,0,45,402,688,144,0,0,148,254,"26,91","63 136,64","57,92",127,0,796,Total abr,402,688,144,0,0,148,254,"26,91","63 136,64","57,92",127,0,796,Total,43980,4727,15665,0,64,37444,6536,"49,43","6 002 128,28","123,23",15800,130,80345
Data,Ocup,Opção,Cheg,Oferta/Uso Interno,Deduz. Individ.,Deduz. Grupos,% Ocup.,Receita Quartos,Preço Médio,Saídas,Quartos FdS,Adul. / Cri.,abril,Previsão,18-abr-2026 sáb,6,50,1,0,0,6,0,"41,48","827,22","14,77",18,0,12,402,688,144,0,0,148,254,"26,91","63 136,64","57,92",127,0,796,Total abr,402,688,144,0,0,148,254,"26,91","63 136,64","57,92",127,0,796,Total,43980,4727,15665,0,64,37444,6536,"49,43","6 002 128,28","123,23",15800,130,80345
Data,Ocup,Opção,Cheg,Oferta/Uso Interno,Deduz. Individ.,Deduz. Grupos,% Ocup.,Receita Quartos,Preço Médio,Saídas,Quartos FdS,Adul. / Cri.,abril,Previsão,19-abr-2026 dom,5,15,2,0,0,5,0,"14,81","722,65","36,13",3,0,10,402,688,144,0,0,148,254,"26,91","63 136,64","57,92",127,0,796,Total abr,402,688,144,0,0,148,254,"26,91","63 136,64","57,92",127,0,796,Total,43980,4727,15665,0,64,37444,6536,"49,43","6 002 128,28","123,23",15800,130,80345
Data,Ocup,Opção,Cheg,Oferta/Uso Interno,Deduz. Individ.,Deduz. Grupos,% Ocup.,Receita Quartos,Preço Médio,Saídas,Quartos FdS,Adul. / Cri.,abril,Previsão,20-abr-2026 seg,7,0,3,0,0,7,0,"5,19","1 021,54","145,93",1,0,14,402,688,144,0,0,148,254,"26,91","63 136,64","57,92",127,0,796,Total abr,402,688,144,0,0,148,254,"26,91","63 136,64","57,92",127,0,796,Total,43980,4727,15665,0,64,37444,6536,"49,43","6 002 128,28","123,23",15800,130,80345
Data,Ocup,Opção,Cheg,Oferta/Uso Interno,Deduz. Individ.,Deduz. Grupos,% Ocup.,Receita Quartos,Preço Médio,Saídas,Quartos FdS,Adul. / Cri.,abril,Previsão,21-abr-2026 ter,8,0,2,0,0,7,1,"5,93","1 168,15","146,02",1,0,14,402,688,144,0,0,148,254,"26,91","63 136,64","57,92",127,0,796,Total abr,402,688,144,0,0,148,254,"26,91","63 136,64","57,92",127,0,796,Total,43980,4727,15665,0,64,37444,6536,"49,43","6 002 128,28","123,23",15800,130,80345
Data,Ocup,Opção,Cheg,Oferta/Uso Interno,Deduz. Individ.,Deduz. Grupos,% Ocup.,Receita Quartos,Preço Médio,Saídas,Quartos FdS,Adul. / Cri.,abril,Previsão,22-abr-2026 qua,32,0,29,0,0,3,29,"23,70","5 684,48","177,64",5,0,60,402,688,144,0,0,148,254,"26,91","63 136,64","57,92",127,0,796,Total abr,402,688,144,0,0,148,254,"26,91","63 136,64","57,92",127,0,796,Total,43980,4727,15665,0,64,37444,6536,"49,43","6 002 128,28","123,23",15800,130,80345
Data,Ocup,Opção,Cheg,Oferta/Uso Interno,Deduz. Individ.,Deduz. Grupos,% Ocup.,Receita Quartos,Preço Médio,Saídas,Quartos FdS,Adul. / Cri.,abril,Previsão,23-abr-2026 qui,33,17,3,0,0,4,29,"37,04","5 997,16","119,94",2,0,64,402,688,144,0,0,148,254,"26,91","63 136,64","57,92",127,0,796,Total abr,402,688,144,0,0,148,254,"26,91","63 136,64","57,92",127,0,796,Total,43980,4727,15665,0,64,37444,6536,"49,43","6 002 128,28","123,23",15800,130,80345
Data,Ocup,Opção,Cheg,Oferta/Uso Interno,Deduz. Individ.,Deduz. Grupos,% Ocup.,Receita Quartos,Preço Médio,Saídas,Quartos FdS,Adul. / Cri.,abril,Previsão,24-abr-2026 sex,35,17,2,0,0,6,29,"38,52","6 411,03","123,29",0,0,68,402,688,144,0,0,148,254,"26,91","63 136,64","57,92",127,0,796,Total abr,402,688,144,0,0,148,254,"26,91","63 136,64","57,92",127,0,796,Total,43980,4727,15665,0,64,37444,6536,"49,43","6 002 128,28","123,23",15800,130,80345
Data,Ocup,Opção,Cheg,Oferta/Uso Interno,Deduz. Individ.,Deduz. Grupos,% Ocup.,Receita Quartos,Preço Médio,Saídas,Quartos FdS,Adul. / Cri.,abril,Previsão,25-abr-2026 sáb,7,37,2,0,0,7,0,"32,59","1 173,91","26,68",30,0,15,402,688,144,0,0,148,254,"26,91","63 136,64","57,92",127,0,796,Total abr,402,688,144,0,0,148,254,"26,91","63 136,64","57,92",127,0,796,Total,43980,4727,15665,0,64,37444,6536,"49,43","6 002 128,28","123,23",15800,130,80345
Data,Ocup,Opção,Cheg,Oferta/Uso Interno,Deduz. Individ.,Deduz. Grupos,% Ocup.,Receita Quartos,Preço Médio,Saídas,Quartos FdS,Adul. / Cri.,abril,Previsão,26-abr-2026 dom,5,42,2,0,0,5,0,"34,81","746,90","15,89",4,0,10,402,688,144,0,0,148,254,"26,91","63 136,64","57,92",127,0,796,Total abr,402,688,144,0,0,148,254,"26,91","63 136,64","57,92",127,0,796,Total,43980,4727,15665,0,64,37444,6536,"49,43","6 002 128,28","123,23",15800,130,80345
Data,Ocup,Opção,Cheg,Oferta/Uso Interno,Deduz. Individ.,Deduz. Grupos,% Ocup.,Receita Quartos,Preço Médio,Saídas,Quartos FdS,Adul. / Cri.,abril,Previsão,27-abr-2026 seg,6,22,1,0,0,6,0,"20,74","900,94","32,18",0,0,12,402,688,144,0,0,148,254,"26,91","63 136,64","57,92",127,0,796,Total abr,402,688,144,0,0,148,254,"26,91","63 136,64","57,92",127,0,796,Total,43980,4727,15665,0,64,37444,6536,"49,43","6 002 128,28","123,23",15800,130,80345
Data,Ocup,Opção,Cheg,Oferta/Uso Interno,Deduz. Individ.,Deduz. Grupos,% Ocup.,Receita Quartos,Preço Médio,Saídas,Quartos FdS,Adul. / Cri.,abril,Previsão,28-abr-2026 ter,8,22,4,0,0,7,1,"22,22","1 251,16","41,71",2,0,16,402,688,144,0,0,148,254,"26,91","63 136,64","57,92",127,0,796,Total abr,402,688,144,0,0,148,254,"26,91","63 136,64","57,92",127,0,796,Total,43980,4727,15665,0,64,37444,6536,"49,43","6 002 128,28","123,23",15800,130,80345
Data,Ocup,Opção,Cheg,Oferta/Uso Interno,Deduz. Individ.,Deduz. Grupos,% Ocup.,Receita Quartos,Preço Médio,Saídas,Quartos FdS,Adul. / Cri.,abril,Previsão,29-abr-2026 qua,21,22,18,0,0,4,17,"31,85","3 149,69","73,25",5,0,41,402,688,144,0,0,148,254,"26,91","63 136,64","57,92",127,0,796,Total abr,402,688,144,0,0,148,254,"26,91","63 136,64","57,92",127,0,796,Total,43980,4727,15665,0,64,37444,6536,"49,43","6 002 128,28","123,23",15800,130,80345
Data,Ocup,Opção,Cheg,Oferta/Uso Interno,Deduz. Individ.,Deduz. Grupos,% Ocup.,Receita Quartos,Preço Médio,Saídas,Quartos FdS,Adul. / Cri.,abril,Previsão,30-abr-2026 qui,24,26,3,0,0,7,17,"37,04","3 771,25","75,43",0,0,49,402,688,144,0,0,148,254,"26,91","63 136,64","57,92",127,0,796,Total abr,402,688,144,0,0,148,254,"26,91","63 136,64","57,92",127,0,796,Total,43980,4727,15665,0,64,37444,6536,"49,43","6 002 128,28","123,23",15800,130,80345
Data,Ocup,Opção,Cheg,Oferta/Uso Interno,Deduz. Individ.,Deduz. Grupos,% Ocup.,Receita Quartos,Preço Médio,Saídas,Quartos FdS,Adul. / Cri.,maio,Previsão,01-mai-2026 sex,23,35,2,0,0,6,17,"42,96","3 777,69","65,13",3,0,47,353,679,117,0,0,128,225,"24,66","57 010,26","55,24",136,0,690,Total mai,353,679,117,0,0,128,225,"24,66","57 010,26","55,24",136,0,690,Total,43980,4727,15665,0,64,37444,6536,"49,43","6 002 128,28","123,23",15800,130,80345
Data,Ocup,Opção,Cheg,Oferta/Uso Interno,Deduz. Individ.,Deduz. Grupos,% Ocup.,Receita Quartos,Preço Médio,Saídas,Quartos FdS,Adul. / Cri.,maio,Previsão,02-mai-2026 sáb,6,13,1,0,0,6,0,"14,07","1 291,17","67,96",18,0,14,353,679,117,0,0,128,225,"24,66","57 010,26","55,24",136,0,690,Total mai,353,679,117,0,0,128,225,"24,66","57 010,26","55,24",136,0,690,Total,43980,4727,15665,0,64,37444,6536,"49,43","6 002 128,28","123,23",15800,130,80345
Data,Ocup,Opção,Cheg,Oferta/Uso Interno,Deduz. Individ.,Deduz. Grupos,% Ocup.,Receita Quartos,Preço Médio,Saídas,Quartos FdS,Adul. / Cri.,maio,Previsão,03-mai-2026 dom,4,47,2,0,0,4,0,"37,78","570,78","11,19",4,0,9,353,679,117,0,0,128,225,"24,66","57 010,26","55,24",136,0,690,Total mai,353,679,117,0,0,128,225,"24,66","57 010,26","55,24",136,0,690,Total,43980,4727,15665,0,64,37444,6536,"49,43","6 002 128,28","123,23",15800,130,80345
Data,Ocup,Opção,Cheg,Oferta/Uso Interno,Deduz. Individ.,Deduz. Grupos,% Ocup.,Receita Quartos,Preço Médio,Saídas,Quartos FdS,Adul. / Cri.,maio,Previsão,04-mai-2026 seg,6,47,3,0,0,6,0,"39,26","983,65","18,56",1,0,12,353,679,117,0,0,128,225,"24,66","57 010,26","55,24",136,0,690,Total mai,353,679,117,0,0,128,225,"24,66","57 010,26","55,24",136,0,690,Total,43980,4727,15665,0,64,37444,6536,"49,43","6 002 128,28","123,23",15800,130,80345
Data,Ocup,Opção,Cheg,Oferta/Uso Interno,Deduz. Individ.,Deduz. Grupos,% Ocup.,Receita Quartos,Preço Médio,Saídas,Quartos FdS,Adul. / Cri.,maio,Previsão,05-mai-2026 ter,8,48,3,0,0,7,1,"41,48","1 243,62","22,21",1,0,15,353,679,117,0,0,128,225,"24,66","57 010,26","55,24",136,0,690,Total mai,353,679,117,0,0,128,225,"24,66","57 010,26","55,24",136,0,690,Total,43980,4727,15665,0,64,37444,6536,"49,43","6 002 128,28","123,23",15800,130,80345
Data,Ocup,Opção,Cheg,Oferta/Uso Interno,Deduz. Individ.,Deduz. Grupos,% Ocup.,Receita Quartos,Preço Médio,Saídas,Quartos FdS,Adul. / Cri.,maio,Previsão,06-mai-2026 qua,21,1,18,0,0,4,17,"16,30","3 123,20","141,96",5,0,42,353,679,117,0,0,128,225,"24,66","57 010,26","55,24",136,0,690,Total mai,353,679,117,0,0,128,225,"24,66","57 010,26","55,24",136,0,690,Total,43980,4727,15665,0,64,37444,6536,"49,43","6 002 128,28","123,23",15800,130,80345
Data,Ocup,Opção,Cheg,Oferta/Uso Interno,Deduz. Individ.,Deduz. Grupos,% Ocup.,Receita Quartos,Preço Médio,Saídas,Quartos FdS,Adul. / Cri.,maio,Previsão,07-mai-2026 qui,20,4,2,0,0,3,17,"17,78","2 963,91","123,50",3,0,40,353,679,117,0,0,128,225,"24,66","57 010,26","55,24",136,0,690,Total mai,353,679,117,0,0,128,225,"24,66","57 010,26","55,24",136,0,690,Total,43980,4727,15665,0,64,37444,6536,"49,43","6 002 128,28","123,23",15800,130,80345
Data,Ocup,Opção,Cheg,Oferta/Uso Interno,Deduz. Individ.,Deduz. Grupos,% Ocup.,Receita Quartos,Preço Médio,Saídas,Quartos FdS,Adul. / Cri.,maio,Previsão,08-mai-2026 sex,21,13,2,0,0,4,17,"25,19","3 210,48","94,43",1,0,41,353,679,117,0,0,128,225,"24,66","57 010,26","55,24",136,0,690,Total mai,353,679,117,0,0,128,225,"24,66","57 010,26","55,24",136,0,690,Total,43980,4727,15665,0,64,37444,6536,"49,43","6 002 128,28","123,23",15800,130,80345
Data,Ocup,Opção,Cheg,Oferta/Uso Interno,Deduz. Individ.,Deduz. Grupos,% Ocup.,Receita Quartos,Preço Médio,Saídas,Quartos FdS,Adul. / Cri.,maio,Previsão,09-mai-2026 sáb,3,35,0,0,0,3,0,"28,15","562,31","14,80",18,0,5,353,679,117,0,0,128,225,"24,66","57 010,26","55,24",136,0,690,Total mai,353,679,117,0,0,128,225,"24,66","57 010,26","55,24",136,0,690,Total,43980,4727,15665,0,64,37444,6536,"49,43","6 002 128,28","123,23",15800,130,80345
Data,Ocup,Opção,Cheg,Oferta/Uso Interno,Deduz. Individ.,Deduz. Grupos,% Ocup.,Receita Quartos,Preço Médio,Saídas,Quartos FdS,Adul. / Cri.,maio,Previsão,10-mai-2026 dom,1,22,0,0,0,1,0,"17,04","185,83","8,08",2,0,2,353,679,117,0,0,128,225,"24,66","57 010,26","55,24",136,0,690,Total mai,353,679,117,0,0,128,225,"24,66","57 010,26","55,24",136,0,690,Total,43980,4727,15665,0,64,37444,6536,"49,43","6 002 128,28","123,23",15800,130,80345
Data,Ocup,Opção,Cheg,Oferta/Uso Interno,Deduz. Individ.,Deduz. Grupos,% Ocup.,Receita Quartos,Preço Médio,Saídas,Quartos FdS,Adul. / Cri.,maio,Previsão,11-mai-2026 seg,2,22,2,0,0,2,0,"17,78","410,53","17,11",1,0,4,353,679,117,0,0,128,225,"24,66","57 010,26","55,24",136,0,690,Total mai,353,679,117,0,0,128,225,"24,66","57 010,26","55,24",136,0,690,Total,43980,4727,15665,0,64,37444,6536,"49,43","6 002 128,28","123,23",15800,130,80345
Data,Ocup,Opção,Cheg,Oferta/Uso Interno,Deduz. Individ.,Deduz. Grupos,% Ocup.,Receita Quartos,Preço Médio,Saídas,Quartos FdS,Adul. / Cri.,maio,Previsão,12-mai-2026 ter,7,22,5,0,0,6,1,"21,48","1 280,80","44,17",0,0,13,353,679,117,0,0,128,225,"24,66","57 010,26","55,24",136,0,690,Total mai,353,679,117,0,0,128,225,"24,66","57 010,26","55,24",136,0,690,Total,43980,4727,15665,0,64,37444,6536,"49,43","6 002 128,28","123,23",15800,130,80345
Data,Ocup,Opção,Cheg,Oferta/Uso Interno,Deduz. Individ.,Deduz. Grupos,% Ocup.,Receita Quartos,Preço Médio,Saídas,Quartos FdS,Adul. / Cri.,maio,Previsão,13-mai-2026 qua,20,22,18,0,0,3,17,"31,11","3 025,11","72,03",5,0,39,353,679,117,0,0,128,225,"24,66","57 010,26","55,24",136,0,690,Total mai,353,679,117,0,0,128,225,"24,66","57 010,26","55,24",136,0,690,Total,43980,4727,15665,0,64,37444,6536,"49,43","6 002 128,28","123,23",15800,130,80345
Data,Ocup,Opção,Cheg,Oferta/Uso Interno,Deduz. Individ.,Deduz. Grupos,% Ocup.,Receita Quartos,Preço Médio,Saídas,Quartos FdS,Adul. / Cri.,maio,Previsão,14-mai-2026 qui,22,48,2,0,0,5,17,"51,85","3 339,87","47,71",0,0,43,353,679,117,0,0,128,225,"24,66","57 010,26","55,24",136,0,690,Total mai,353,679,117,0,0,128,225,"24,66","57 010,26","55,24",136,0,690,Total,43980,4727,15665,0,64,37444,6536,"49,43","6 002 128,28","123,23",15800,130,80345
Data,Ocup,Opção,Cheg,Oferta/Uso Interno,Deduz. Individ.,Deduz. Grupos,% Ocup.,Receita Quartos,Preço Médio,Saídas,Quartos FdS,Adul. / Cri.,maio,Previsão,15-mai-2026 sex,22,35,0,0,0,5,17,"42,22","3 444,80","60,44",0,0,43,353,679,117,0,0,128,225,"24,66","57 010,26","55,24",136,0,690,Total mai,353,679,117,0,0,128,225,"24,66","57 010,26","55,24",136,0,690,Total,43980,4727,15665,0,64,37444,6536,"49,43","6 002 128,28","123,23",15800,130,80345
Data,Ocup,Opção,Cheg,Oferta/Uso Interno,Deduz. Individ.,Deduz. Grupos,% Ocup.,Receita Quartos,Preço Médio,Saídas,Quartos FdS,Adul. / Cri.,maio,Previsão,16-mai-2026 sáb,3,39,0,0,0,3,0,"31,11","620,79","14,78",19,0,6,353,679,117,0,0,128,225,"24,66","57 010,26","55,24",136,0,690,Total mai,353,679,117,0,0,128,225,"24,66","57 010,26","55,24",136,0,690,Total,43980,4727,15665,0,64,37444,6536,"49,43","6 002 128,28","123,23",15800,130,80345
Data,Ocup,Opção,Cheg,Oferta/Uso Interno,Deduz. Individ.,Deduz. Grupos,% Ocup.,Receita Quartos,Preço Médio,Saídas,Quartos FdS,Adul. / Cri.,maio,Previsão,17-mai-2026 dom,2,13,2,0,0,2,0,"11,11","293,89","19,59",3,0,4,353,679,117,0,0,128,225,"24,66","57 010,26","55,24",136,0,690,Total mai,353,679,117,0,0,128,225,"24,66","57 010,26","55,24",136,0,690,Total,43980,4727,15665,0,64,37444,6536,"49,43","6 002 128,28","123,23",15800,130,80345
Data,Ocup,Opção,Cheg,Oferta/Uso Interno,Deduz. Individ.,Deduz. Grupos,% Ocup.,Receita Quartos,Preço Médio,Saídas,Quartos FdS,Adul. / Cri.,maio,Previsão,18-mai-2026 seg,5,13,3,0,0,5,0,"13,33","906,51","50,36",0,0,10,353,679,117,0,0,128,225,"24,66","57 010,26","55,24",136,0,690,Total mai,353,679,117,0,0,128,225,"24,66","57 010,26","55,24",136,0,690,Total,43980,4727,15665,0,64,37444,6536,"49,43","6 002 128,28","123,23",15800,130,80345
Data,Ocup,Opção,Cheg,Oferta/Uso Interno,Deduz. Individ.,Deduz. Grupos,% Ocup.,Receita Quartos,Preço Médio,Saídas,Quartos FdS,Adul. / Cri.,maio,Previsão,19-mai-2026 ter,6,0,3,0,0,5,1,"4,44","1 079,74","179,96",2,0,11,353,679,117,0,0,128,225,"24,66","57 010,26","55,24",136,0,690,Total mai,353,679,117,0,0,128,225,"24,66","57 010,26","55,24",136,0,690,Total,43980,4727,15665,0,64,37444,6536,"49,43","6 002 128,28","123,23",15800,130,80345
Data,Ocup,Opção,Cheg,Oferta/Uso Interno,Deduz. Individ.,Deduz. Grupos,% Ocup.,Receita Quartos,Preço Médio,Saídas,Quartos FdS,Adul. / Cri.,maio,Previsão,20-mai-2026 qua,19,0,17,0,0,2,17,"14,07","2 838,90","149,42",4,0,37,353,679,117,0,0,128,225,"24,66","57 010,26","55,24",136,0,690,Total mai,353,679,117,0,0,128,225,"24,66","57 010,26","55,24",136,0,690,Total,43980,4727,15665,0,64,37444,6536,"49,43","6 002 128,28","123,23",15800,130,80345
Data,Ocup,Opção,Cheg,Oferta/Uso Interno,Deduz. Individ.,Deduz. Grupos,% Ocup.,Receita Quartos,Preço Médio,Saídas,Quartos FdS,Adul. / Cri.,maio,Previsão,21-mai-2026 qui,18,4,0,0,0,1,17,"16,30","2 675,14","121,60",1,0,35,353,679,117,0,0,128,225,"24,66","57 010,26","55,24",136,0,690,Total mai,353,679,117,0,0,128,225,"24,66","57 010,26","55,24",136,0,690,Total,43980,4727,15665,0,64,37444,6536,"49,43","6 002 128,28","123,23",15800,130,80345
Data,Ocup,Opção,Cheg,Oferta/Uso Interno,Deduz. Individ.,Deduz. Grupos,% Ocup.,Receita Quartos,Preço Médio,Saídas,Quartos FdS,Adul. / Cri.,maio,Previsão,22-mai-2026 sex,19,13,1,0,0,2,17,"23,70","3 027,94","94,62",0,0,38,353,679,117,0,0,128,225,"24,66","57 010,26","55,24",136,0,690,Total mai,353,679,117,0,0,128,225,"24,66","57 010,26","55,24",136,0,690,Total,43980,4727,15665,0,64,37444,6536,"49,43","6 002 128,28","123,23",15800,130,80345
Data,Ocup,Opção,Cheg,Oferta/Uso Interno,Deduz. Individ.,Deduz. Grupos,% Ocup.,Receita Quartos,Preço Médio,Saídas,Quartos FdS,Adul. / Cri.,maio,Previsão,23-mai-2026 sáb,2,17,1,0,0,2,0,"14,07","572,50","30,13",18,0,5,353,679,117,0,0,128,225,"24,66","57 010,26","55,24",136,0,690,Total mai,353,679,117,0,0,128,225,"24,66","57 010,26","55,24",136,0,690,Total,43980,4727,15665,0,64,37444,6536,"49,43","6 002 128,28","123,23",15800,130,80345
Data,Ocup,Opção,Cheg,Oferta/Uso Interno,Deduz. Individ.,Deduz. Grupos,% Ocup.,Receita Quartos,Preço Médio,Saídas,Quartos FdS,Adul. / Cri.,maio,Previsão,24-mai-2026 dom,4,13,3,0,0,4,0,"12,59","720,03","42,35",1,0,7,353,679,117,0,0,128,225,"24,66","57 010,26","55,24",136,0,690,Total mai,353,679,117,0,0,128,225,"24,66","57 010,26","55,24",136,0,690,Total,43980,4727,15665,0,64,37444,6536,"49,43","6 002 128,28","123,23",15800,130,80345
Data,Ocup,Opção,Cheg,Oferta/Uso Interno,Deduz. Individ.,Deduz. Grupos,% Ocup.,Receita Quartos,Preço Médio,Saídas,Quartos FdS,Adul. / Cri.,maio,Previsão,25-mai-2026 seg,5,13,1,0,0,5,0,"13,33","1 050,58","58,37",0,0,9,353,679,117,0,0,128,225,"24,66","57 010,26","55,24",136,0,690,Total mai,353,679,117,0,0,128,225,"24,66","57 010,26","55,24",136,0,690,Total,43980,4727,15665,0,64,37444,6536,"49,43","6 002 128,28","123,23",15800,130,80345
Data,Ocup,Opção,Cheg,Oferta/Uso Interno,Deduz. Individ.,Deduz. Grupos,% Ocup.,Receita Quartos,Preço Médio,Saídas,Quartos FdS,Adul. / Cri.,maio,Previsão,26-mai-2026 ter,11,22,6,0,0,10,1,"24,44","2 115,81","64,12",0,0,19,353,679,117,0,0,128,225,"24,66","57 010,26","55,24",136,0,690,Total mai,353,679,117,0,0,128,225,"24,66","57 010,26","55,24",136,0,690,Total,43980,4727,15665,0,64,37444,6536,"49,43","6 002 128,28","123,23",15800,130,80345
Data,Ocup,Opção,Cheg,Oferta/Uso Interno,Deduz. Individ.,Deduz. Grupos,% Ocup.,Receita Quartos,Preço Médio,Saídas,Quartos FdS,Adul. / Cri.,maio,Previsão,27-mai-2026 qua,22,22,17,0,0,5,17,"32,59","3 421,03","77,75",6,0,42,353,679,117,0,0,128,225,"24,66","57 010,26","55,24",136,0,690,Total mai,353,679,117,0,0,128,225,"24,66","57 010,26","55,24",136,0,690,Total,43980,4727,15665,0,64,37444,6536,"49,43","6 002 128,28","123,23",15800,130,80345
Data,Ocup,Opção,Cheg,Oferta/Uso Interno,Deduz. Individ.,Deduz. Grupos,% Ocup.,Receita Quartos,Preço Médio,Saídas,Quartos FdS,Adul. / Cri.,maio,Previsão,28-mai-2026 qui,22,26,0,0,0,5,17,"35,56","3 421,03","71,27",0,0,42,353,679,117,0,0,128,225,"24,66","57 010,26","55,24",136,0,690,Total mai,353,679,117,0,0,128,225,"24,66","57 010,26","55,24",136,0,690,Total,43980,4727,15665,0,64,37444,6536,"49,43","6 002 128,28","123,23",15800,130,80345
Data,Ocup,Opção,Cheg,Oferta/Uso Interno,Deduz. Individ.,Deduz. Grupos,% Ocup.,Receita Quartos,Preço Médio,Saídas,Quartos FdS,Adul. / Cri.,maio,Previsão,29-mai-2026 sex,22,13,0,0,0,5,17,"25,93","3 532,90","100,94",0,0,42,353,679,117,0,0,128,225,"24,66","57 010,26","55,24",136,0,690,Total mai,353,679,117,0,0,128,225,"24,66","57 010,26","55,24",136,0,690,Total,43980,4727,15665,0,64,37444,6536,"49,43","6 002 128,28","123,23",15800,130,80345
Data,Ocup,Opção,Cheg,Oferta/Uso Interno,Deduz. Individ.,Deduz. Grupos,% Ocup.,Receita Quartos,Preço Médio,Saídas,Quartos FdS,Adul. / Cri.,maio,Previsão,30-mai-2026 sáb,2,35,0,0,0,2,0,"27,41","388,41","10,50",20,0,4,353,679,117,0,0,128,225,"24,66","57 010,26","55,24",136,0,690,Total mai,353,679,117,0,0,128,225,"24,66","57 010,26","55,24",136,0,690,Total,43980,4727,15665,0,64,37444,6536,"49,43","6 002 128,28","123,23",15800,130,80345
Data,Ocup,Opção,Cheg,Oferta/Uso Interno,Deduz. Individ.,Deduz. Grupos,% Ocup.,Receita Quartos,Preço Médio,Saídas,Quartos FdS,Adul. / Cri.,maio,Previsão,31-mai-2026 dom,5,22,3,0,0,5,0,"20,00","931,31","34,49",0,0,10,353,679,117,0,0,128,225,"24,66","57 010,26","55,24",136,0,690,Total mai,353,679,117,0,0,128,225,"24,66","57 010,26","55,24",136,0,690,Total,43980,4727,15665,0,64,37444,6536,"49,43","6 002 128,28","123,23",15800,130,80345
Data,Ocup,Opção,Cheg,Oferta/Uso Interno,Deduz. Individ.,Deduz. Grupos,% Ocup.,Receita Quartos,Preço Médio,Saídas,Quartos FdS,Adul. / Cri.,junho,Previsão,01-jun-2026 seg,6,22,2,0,0,6,0,"20,74","1 070,23","38,22",1,0,12,310,681,107,0,0,68,242,"24,47","48 762,47","49,21",112,0,590,Total jun,310,681,107,0,0,68,242,"24,47","48 762,47","49,21",112,0,590,Total,43980,4727,15665,0,64,37444,6536,"49,43","6 002 128,28","123,23",15800,130,80345
Data,Ocup,Opção,Cheg,Oferta/Uso Interno,Deduz. Individ.,Deduz. Grupos,% Ocup.,Receita Quartos,Preço Médio,Saídas,Quartos FdS,Adul. / Cri.,junho,Previsão,02-jun-2026 ter,7,0,3,0,0,6,1,"5,19","1 083,76","154,82",2,0,13,310,681,107,0,0,68,242,"24,47","48 762,47","49,21",112,0,590,Total jun,310,681,107,0,0,68,242,"24,47","48 762,47","49,21",112,0,590,Total,43980,4727,15665,0,64,37444,6536,"49,43","6 002 128,28","123,23",15800,130,80345
Data,Ocup,Opção,Cheg,Oferta/Uso Interno,Deduz. Individ.,Deduz. Grupos,% Ocup.,Receita Quartos,Preço Médio,Saídas,Quartos FdS,Adul. / Cri.,junho,Previsão,03-jun-2026 qua,25,0,19,0,0,8,17,"18,52","3 648,88","145,96",1,0,48,310,681,107,0,0,68,242,"24,47","48 762,47","49,21",112,0,590,Total jun,310,681,107,0,0,68,242,"24,47","48 762,47","49,21",112,0,590,Total,43980,4727,15665,0,64,37444,6536,"49,43","6 002 128,28","123,23",15800,130,80345
Data,Ocup,Opção,Cheg,Oferta/Uso Interno,Deduz. Individ.,Deduz. Grupos,% Ocup.,Receita Quartos,Preço Médio,Saídas,Quartos FdS,Adul. / Cri.,junho,Previsão,04-jun-2026 qui,21,26,0,0,0,4,17,"34,81","3 064,51","65,20",4,0,40,310,681,107,0,0,68,242,"24,47","48 762,47","49,21",112,0,590,Total jun,310,681,107,0,0,68,242,"24,47","48 762,47","49,21",112,0,590,Total,43980,4727,15665,0,64,37444,6536,"49,43","6 002 128,28","123,23",15800,130,80345
Data,Ocup,Opção,Cheg,Oferta/Uso Interno,Deduz. Individ.,Deduz. Grupos,% Ocup.,Receita Quartos,Preço Médio,Saídas,Quartos FdS,Adul. / Cri.,junho,Previsão,05-jun-2026 sex,22,35,1,0,0,5,17,"42,22","3 316,14","58,18",0,0,42,310,681,107,0,0,68,242,"24,47","48 762,47","49,21",112,0,590,Total jun,310,681,107,0,0,68,242,"24,47","48 762,47","49,21",112,0,590,Total,43980,4727,15665,0,64,37444,6536,"49,43","6 002 128,28","123,23",15800,130,80345
Data,Ocup,Opção,Cheg,Oferta/Uso Interno,Deduz. Individ.,Deduz. Grupos,% Ocup.,Receita Quartos,Preço Médio,Saídas,Quartos FdS,Adul. / Cri.,junho,Previsão,06-jun-2026 sáb,20,48,19,0,0,3,17,"50,37","4 245,04","62,43",21,0,37,310,681,107,0,0,68,242,"24,47","48 762,47","49,21",112,0,590,Total jun,310,681,107,0,0,68,242,"24,47","48 762,47","49,21",112,0,590,Total,43980,4727,15665,0,64,37444,6536,"49,43","6 002 128,28","123,23",15800,130,80345
Data,Ocup,Opção,Cheg,Oferta/Uso Interno,Deduz. Individ.,Deduz. Grupos,% Ocup.,Receita Quartos,Preço Médio,Saídas,Quartos FdS,Adul. / Cri.,junho,Previsão,07-jun-2026 dom,22,13,2,0,0,5,17,"25,93","4 519,00","129,11",0,0,41,310,681,107,0,0,68,242,"24,47","48 762,47","49,21",112,0,590,Total jun,310,681,107,0,0,68,242,"24,47","48 762,47","49,21",112,0,590,Total,43980,4727,15665,0,64,37444,6536,"49,43","6 002 128,28","123,23",15800,130,80345
Data,Ocup,Opção,Cheg,Oferta/Uso Interno,Deduz. Individ.,Deduz. Grupos,% Ocup.,Receita Quartos,Preço Médio,Saídas,Quartos FdS,Adul. / Cri.,junho,Previsão,08-jun-2026 seg,6,15,2,0,0,6,0,"15,56","843,78","40,18",18,0,12,310,681,107,0,0,68,242,"24,47","48 762,47","49,21",112,0,590,Total jun,310,681,107,0,0,68,242,"24,47","48 762,47","49,21",112,0,590,Total,43980,4727,15665,0,64,37444,6536,"49,43","6 002 128,28","123,23",15800,130,80345
Data,Ocup,Opção,Cheg,Oferta/Uso Interno,Deduz. Individ.,Deduz. Grupos,% Ocup.,Receita Quartos,Preço Médio,Saídas,Quartos FdS,Adul. / Cri.,junho,Previsão,09-jun-2026 ter,4,33,1,0,0,3,1,"27,41","602,41","16,28",3,0,7,310,681,107,0,0,68,242,"24,47","48 762,47","49,21",112,0,590,Total jun,310,681,107,0,0,68,242,"24,47","48 762,47","49,21",112,0,590,Total,43980,4727,15665,0,64,37444,6536,"49,43","6 002 128,28","123,23",15800,130,80345
Data,Ocup,Opção,Cheg,Oferta/Uso Interno,Deduz. Individ.,Deduz. Grupos,% Ocup.,Receita Quartos,Preço Médio,Saídas,Quartos FdS,Adul. / Cri.,junho,Previsão,10-jun-2026 qua,19,0,16,0,0,2,17,"14,07","2 821,73","148,51",1,0,37,310,681,107,0,0,68,242,"24,47","48 762,47","49,21",112,0,590,Total jun,310,681,107,0,0,68,242,"24,47","48 762,47","49,21",112,0,590,Total,43980,4727,15665,0,64,37444,6536,"49,43","6 002 128,28","123,23",15800,130,80345
Data,Ocup,Opção,Cheg,Oferta/Uso Interno,Deduz. Individ.,Deduz. Grupos,% Ocup.,Receita Quartos,Preço Médio,Saídas,Quartos FdS,Adul. / Cri.,junho,Previsão,11-jun-2026 qui,18,26,0,0,0,1,17,"32,59","2 662,88","60,52",1,0,35,310,681,107,0,0,68,242,"24,47","48 762,47","49,21",112,0,590,Total jun,310,681,107,0,0,68,242,"24,47","48 762,47","49,21",112,0,590,Total,43980,4727,15665,0,64,37444,6536,"49,43","6 002 128,28","123,23",15800,130,80345
Data,Ocup,Opção,Cheg,Oferta/Uso Interno,Deduz. Individ.,Deduz. Grupos,% Ocup.,Receita Quartos,Preço Médio,Saídas,Quartos FdS,Adul. / Cri.,junho,Previsão,12-jun-2026 sex,20,22,2,0,0,3,17,"31,11","3 069,25","73,08",0,0,39,310,681,107,0,0,68,242,"24,47","48 762,47","49,21",112,0,590,Total jun,310,681,107,0,0,68,242,"24,47","48 762,47","49,21",112,0,590,Total,43980,4727,15665,0,64,37444,6536,"49,43","6 002 128,28","123,23",15800,130,80345
Data,Ocup,Opção,Cheg,Oferta/Uso Interno,Deduz. Individ.,Deduz. Grupos,% Ocup.,Receita Quartos,Preço Médio,Saídas,Quartos FdS,Adul. / Cri.,junho,Previsão,13-jun-2026 sáb,2,22,0,0,0,2,0,"17,78","359,21","14,97",18,0,4,310,681,107,0,0,68,242,"24,47","48 762,47","49,21",112,0,590,Total jun,310,681,107,0,0,68,242,"24,47","48 762,47","49,21",112,0,590,Total,43980,4727,15665,0,64,37444,6536,"49,43","6 002 128,28","123,23",15800,130,80345
Data,Ocup,Opção,Cheg,Oferta/Uso Interno,Deduz. Individ.,Deduz. Grupos,% Ocup.,Receita Quartos,Preço Médio,Saídas,Quartos FdS,Adul. / Cri.,junho,Previsão,14-jun-2026 dom,0,22,0,0,0,0,0,"16,30",-,-,2,0,0,310,681,107,0,0,68,242,"24,47","48 762,47","49,21",112,0,590,Total jun,310,681,107,0,0,68,242,"24,47","48 762,47","49,21",112,0,590,Total,43980,4727,15665,0,64,37444,6536,"49,43","6 002 128,28","123,23",15800,130,80345
Data,Ocup,Opção,Cheg,Oferta/Uso Interno,Deduz. Individ.,Deduz. Grupos,% Ocup.,Receita Quartos,Preço Médio,Saídas,Quartos FdS,Adul. / Cri.,junho,Previsão,15-jun-2026 seg,1,22,1,0,0,1,0,"17,04","183,39","7,97",0,0,1,310,681,107,0,0,68,242,"24,47","48 762,47","49,21",112,0,590,Total jun,310,681,107,0,0,68,242,"24,47","48 762,47","49,21",112,0,590,Total,43980,4727,15665,0,64,37444,6536,"49,43","6 002 128,28","123,23",15800,130,80345
Data,Ocup,Opção,Cheg,Oferta/Uso Interno,Deduz. Individ.,Deduz. Grupos,% Ocup.,Receita Quartos,Preço Médio,Saídas,Quartos FdS,Adul. / Cri.,junho,Previsão,16-jun-2026 ter,3,57,2,0,0,2,1,"44,44","504,68","8,41",0,0,4,310,681,107,0,0,68,242,"24,47","48 762,47","49,21",112,0,590,Total jun,310,681,107,0,0,68,242,"24,47","48 762,47","49,21",112,0,590,Total,43980,4727,15665,0,64,37444,6536,"49,43","6 002 128,28","123,23",15800,130,80345
Data,Ocup,Opção,Cheg,Oferta/Uso Interno,Deduz. Individ.,Deduz. Grupos,% Ocup.,Receita Quartos,Preço Médio,Saídas,Quartos FdS,Adul. / Cri.,junho,Previsão,17-jun-2026 qua,18,0,16,0,0,1,17,"13,33","2 677,98","148,78",1,0,34,310,681,107,0,0,68,242,"24,47","48 762,47","49,21",112,0,590,Total jun,310,681,107,0,0,68,242,"24,47","48 762,47","49,21",112,0,590,Total,43980,4727,15665,0,64,37444,6536,"49,43","6 002 128,28","123,23",15800,130,80345
Data,Ocup,Opção,Cheg,Oferta/Uso Interno,Deduz. Individ.,Deduz. Grupos,% Ocup.,Receita Quartos,Preço Médio,Saídas,Quartos FdS,Adul. / Cri.,junho,Previsão,18-jun-2026 qui,18,4,0,0,0,1,17,"16,30","2 677,98","121,73",0,0,34,310,681,107,0,0,68,242,"24,47","48 762,47","49,21",112,0,590,Total jun,310,681,107,0,0,68,242,"24,47","48 762,47","49,21",112,0,590,Total,43980,4727,15665,0,64,37444,6536,"49,43","6 002 128,28","123,23",15800,130,80345
Data,Ocup,Opção,Cheg,Oferta/Uso Interno,Deduz. Individ.,Deduz. Grupos,% Ocup.,Receita Quartos,Preço Médio,Saídas,Quartos FdS,Adul. / Cri.,junho,Previsão,19-jun-2026 sex,19,17,1,0,0,2,17,"26,67","2 823,47","78,43",0,0,36,310,681,107,0,0,68,242,"24,47","48 762,47","49,21",112,0,590,Total jun,310,681,107,0,0,68,242,"24,47","48 762,47","49,21",112,0,590,Total,43980,4727,15665,0,64,37444,6536,"49,43","6 002 128,28","123,23",15800,130,80345
Data,Ocup,Opção,Cheg,Oferta/Uso Interno,Deduz. Individ.,Deduz. Grupos,% Ocup.,Receita Quartos,Preço Médio,Saídas,Quartos FdS,Adul. / Cri.,junho,Previsão,20-jun-2026 sáb,1,21,0,0,0,1,0,"16,30","145,49","6,61",18,0,2,310,681,107,0,0,68,242,"24,47","48 762,47","49,21",112,0,590,Total jun,310,681,107,0,0,68,242,"24,47","48 762,47","49,21",112,0,590,Total,43980,4727,15665,0,64,37444,6536,"49,43","6 002 128,28","123,23",15800,130,80345
Data,Ocup,Opção,Cheg,Oferta/Uso Interno,Deduz. Individ.,Deduz. Grupos,% Ocup.,Receita Quartos,Preço Médio,Saídas,Quartos FdS,Adul. / Cri.,junho,Previsão,21-jun-2026 dom,2,13,1,0,0,2,0,"11,11","260,91","17,39",0,0,4,310,681,107,0,0,68,242,"24,47","48 762,47","49,21",112,0,590,Total jun,310,681,107,0,0,68,242,"24,47","48 762,47","49,21",112,0,590,Total,43980,4727,15665,0,64,37444,6536,"49,43","6 002 128,28","123,23",15800,130,80345
Data,Ocup,Opção,Cheg,Oferta/Uso Interno,Deduz. Individ.,Deduz. Grupos,% Ocup.,Receita Quartos,Preço Médio,Saídas,Quartos FdS,Adul. / Cri.,junho,Previsão,22-jun-2026 seg,0,13,0,0,0,0,0,"9,63",-,-,2,0,0,310,681,107,0,0,68,242,"24,47","48 762,47","49,21",112,0,590,Total jun,310,681,107,0,0,68,242,"24,47","48 762,47","49,21",112,0,590,Total,43980,4727,15665,0,64,37444,6536,"49,43","6 002 128,28","123,23",15800,130,80345
Data,Ocup,Opção,Cheg,Oferta/Uso Interno,Deduz. Individ.,Deduz. Grupos,% Ocup.,Receita Quartos,Preço Médio,Saídas,Quartos FdS,Adul. / Cri.,junho,Previsão,23-jun-2026 ter,1,0,1,0,0,0,1,"0,74","141,69","141,69",0,0,1,310,681,107,0,0,68,242,"24,47","48 762,47","49,21",112,0,590,Total jun,310,681,107,0,0,68,242,"24,47","48 762,47","49,21",112,0,590,Total,43980,4727,15665,0,64,37444,6536,"49,43","6 002 128,28","123,23",15800,130,80345
Data,Ocup,Opção,Cheg,Oferta/Uso Interno,Deduz. Individ.,Deduz. Grupos,% Ocup.,Receita Quartos,Preço Médio,Saídas,Quartos FdS,Adul. / Cri.,junho,Previsão,24-jun-2026 qua,17,0,16,0,0,0,17,"12,59","2 517,24","148,07",0,0,33,310,681,107,0,0,68,242,"24,47","48 762,47","49,21",112,0,590,Total jun,310,681,107,0,0,68,242,"24,47","48 762,47","49,21",112,0,590,Total,43980,4727,15665,0,64,37444,6536,"49,43","6 002 128,28","123,23",15800,130,80345
Data,Ocup,Opção,Cheg,Oferta/Uso Interno,Deduz. Individ.,Deduz. Grupos,% Ocup.,Receita Quartos,Preço Médio,Saídas,Quartos FdS,Adul. / Cri.,junho,Previsão,25-jun-2026 qui,19,26,2,0,0,2,17,"33,33","2 770,04","61,56",0,0,37,310,681,107,0,0,68,242,"24,47","48 762,47","49,21",112,0,590,Total jun,310,681,107,0,0,68,242,"24,47","48 762,47","49,21",112,0,590,Total,43980,4727,15665,0,64,37444,6536,"49,43","6 002 128,28","123,23",15800,130,80345
Data,Ocup,Opção,Cheg,Oferta/Uso Interno,Deduz. Individ.,Deduz. Grupos,% Ocup.,Receita Quartos,Preço Médio,Saídas,Quartos FdS,Adul. / Cri.,junho,Previsão,26-jun-2026 sex,18,35,0,0,0,1,17,"39,26","2 635,02","49,72",1,0,35,310,681,107,0,0,68,242,"24,47","48 762,47","49,21",112,0,590,Total jun,310,681,107,0,0,68,242,"24,47","48 762,47","49,21",112,0,590,Total,43980,4727,15665,0,64,37444,6536,"49,43","6 002 128,28","123,23",15800,130,80345
Data,Ocup,Opção,Cheg,Oferta/Uso Interno,Deduz. Individ.,Deduz. Grupos,% Ocup.,Receita Quartos,Preço Médio,Saídas,Quartos FdS,Adul. / Cri.,junho,Previsão,27-jun-2026 sáb,1,39,0,0,0,1,0,"29,63","117,78","2,94",17,0,2,310,681,107,0,0,68,242,"24,47","48 762,47","49,21",112,0,590,Total jun,310,681,107,0,0,68,242,"24,47","48 762,47","49,21",112,0,590,Total,43980,4727,15665,0,64,37444,6536,"49,43","6 002 128,28","123,23",15800,130,80345
Data,Ocup,Opção,Cheg,Oferta/Uso Interno,Deduz. Individ.,Deduz. Grupos,% Ocup.,Receita Quartos,Preço Médio,Saídas,Quartos FdS,Adul. / Cri.,junho,Previsão,28-jun-2026 dom,0,39,0,0,0,0,0,"28,89",-,-,1,0,0,310,681,107,0,0,68,242,"24,47","48 762,47","49,21",112,0,590,Total jun,310,681,107,0,0,68,242,"24,47","48 762,47","49,21",112,0,590,Total,43980,4727,15665,0,64,37444,6536,"49,43","6 002 128,28","123,23",15800,130,80345
Data,Ocup,Opção,Cheg,Oferta/Uso Interno,Deduz. Individ.,Deduz. Grupos,% Ocup.,Receita Quartos,Preço Médio,Saídas,Quartos FdS,Adul. / Cri.,junho,Previsão,29-jun-2026 seg,0,39,0,0,0,0,0,"28,89",-,-,0,0,0,310,681,107,0,0,68,242,"24,47","48 762,47","49,21",112,0,590,Total jun,310,681,107,0,0,68,242,"24,47","48 762,47","49,21",112,0,590,Total,43980,4727,15665,0,64,37444,6536,"49,43","6 002 128,28","123,23",15800,130,80345
Data,Ocup,Opção,Cheg,Oferta/Uso Interno,Deduz. Individ.,Deduz. Grupos,% Ocup.,Receita Quartos,Preço Médio,Saídas,Quartos FdS,Adul. / Cri.,junho,Previsão,30-jun-2026 ter,0,72,0,0,0,0,0,"53,33",-,-,0,0,0,310,681,107,0,0,68,242,"24,47","48 762,47","49,21",112,0,590,Total jun,310,681,107,0,0,68,242,"24,47","48 762,47","49,21",112,0,590,Total,43980,4727,15665,0,64,37444,6536,"49,43","6 002 128,28","123,23",15800,130,80345
Data,Ocup,Opção,Cheg,Oferta/Uso Interno,Deduz. Individ.,Deduz. Grupos,% Ocup.,Receita Quartos,Preço Médio,Saídas,Quartos FdS,Adul. / Cri.,julho,Previsão,01-jul-2026 qua,1,22,1,0,0,1,0,"17,04","234,75","10,21",0,0,3,35,229,11,0,0,35,0,"6,31","6 890,54","26,10",10,0,80,Total jul,35,229,11,0,0,35,0,"6,31","6 890,54","26,10",10,0,80,Total,43980,4727,15665,0,64,37444,6536,"49,43","6 002 128,28","123,23",15800,130,80345
Data,Ocup,Opção,Cheg,Oferta/Uso Interno,Deduz. Individ.,Deduz. Grupos,% Ocup.,Receita Quartos,Preço Médio,Saídas,Quartos FdS,Adul. / Cri.,julho,Previsão,02-jul-2026 qui,2,22,1,0,0,2,0,"17,78","387,00","16,12",0,0,5,35,229,11,0,0,35,0,"6,31","6 890,54","26,10",10,0,80,Total jul,35,229,11,0,0,35,0,"6,31","6 890,54","26,10",10,0,80,Total,43980,4727,15665,0,64,37444,6536,"49,43","6 002 128,28","123,23",15800,130,80345
Data,Ocup,Opção,Cheg,Oferta/Uso Interno,Deduz. Individ.,Deduz. Grupos,% Ocup.,Receita Quartos,Preço Médio,Saídas,Quartos FdS,Adul. / Cri.,julho,Previsão,03-jul-2026 sex,4,0,2,0,0,4,0,"2,96","719,50","179,87",0,0,9,35,229,11,0,0,35,0,"6,31","6 890,54","26,10",10,0,80,Total jul,35,229,11,0,0,35,0,"6,31","6 890,54","26,10",10,0,80,Total,43980,4727,15665,0,64,37444,6536,"49,43","6 002 128,28","123,23",15800,130,80345
Data,Ocup,Opção,Cheg,Oferta/Uso Interno,Deduz. Individ.,Deduz. Grupos,% Ocup.,Receita Quartos,Preço Médio,Saídas,Quartos FdS,Adul. / Cri.,julho,Previsão,04-jul-2026 sáb,5,0,2,0,0,5,0,"3,70","835,97","167,19",1,0,8,35,229,11,0,0,35,0,"6,31","6 890,54","26,10",10,0,80,Total jul,35,229,11,0,0,35,0,"6,31","6 890,54","26,10",10,0,80,Total,43980,4727,15665,0,64,37444,6536,"49,43","6 002 128,28","123,23",15800,130,80345
Data,Ocup,Opção,Cheg,Oferta/Uso Interno,Deduz. Individ.,Deduz. Grupos,% Ocup.,Receita Quartos,Preço Médio,Saídas,Quartos FdS,Adul. / Cri.,julho,Previsão,05-jul-2026 dom,4,16,0,0,0,4,0,"14,81","623,55","31,18",1,0,6,35,229,11,0,0,35,0,"6,31","6 890,54","26,10",10,0,80,Total jul,35,229,11,0,0,35,0,"6,31","6 890,54","26,10",10,0,80,Total,43980,4727,15665,0,64,37444,6536,"49,43","6 002 128,28","123,23",15800,130,80345
Data,Ocup,Opção,Cheg,Oferta/Uso Interno,Deduz. Individ.,Deduz. Grupos,% Ocup.,Receita Quartos,Preço Médio,Saídas,Quartos FdS,Adul. / Cri.,julho,Previsão,06-jul-2026 seg,3,16,1,0,0,3,0,"14,07","475,21","25,01",2,0,4,35,229,11,0,0,35,0,"6,31","6 890,54","26,10",10,0,80,Total jul,35,229,11,0,0,35,0,"6,31","6 890,54","26,10",10,0,80,Total,43980,4727,15665,0,64,37444,6536,"49,43","6 002 128,28","123,23",15800,130,80345
Data,Ocup,Opção,Cheg,Oferta/Uso Interno,Deduz. Individ.,Deduz. Grupos,% Ocup.,Receita Quartos,Preço Médio,Saídas,Quartos FdS,Adul. / Cri.,julho,Previsão,07-jul-2026 ter,3,22,0,0,0,3,0,"18,52","475,21","19,01",0,0,4,35,229,11,0,0,35,0,"6,31","6 890,54","26,10",10,0,80,Total jul,35,229,11,0,0,35,0,"6,31","6 890,54","26,10",10,0,80,Total,43980,4727,15665,0,64,37444,6536,"49,43","6 002 128,28","123,23",15800,130,80345
Data,Ocup,Opção,Cheg,Oferta/Uso Interno,Deduz. Individ.,Deduz. Grupos,% Ocup.,Receita Quartos,Preço Médio,Saídas,Quartos FdS,Adul. / Cri.,julho,Previsão,08-jul-2026 qua,0,22,0,0,0,0,0,"16,30",-,-,3,0,0,35,229,11,0,0,35,0,"6,31","6 890,54","26,10",10,0,80,Total jul,35,229,11,0,0,35,0,"6,31","6 890,54","26,10",10,0,80,Total,43980,4727,15665,0,64,37444,6536,"49,43","6 002 128,28","123,23",15800,130,80345
Data,Ocup,Opção,Cheg,Oferta/Uso Interno,Deduz. Individ.,Deduz. Grupos,% Ocup.,Receita Quartos,Preço Médio,Saídas,Quartos FdS,Adul. / Cri.,julho,Previsão,09-jul-2026 qui,0,22,0,0,0,0,0,"16,30",-,-,0,0,0,35,229,11,0,0,35,0,"6,31","6 890,54","26,10",10,0,80,Total jul,35,229,11,0,0,35,0,"6,31","6 890,54","26,10",10,0,80,Total,43980,4727,15665,0,64,37444,6536,"49,43","6 002 128,28","123,23",15800,130,80345
Data,Ocup,Opção,Cheg,Oferta/Uso Interno,Deduz. Individ.,Deduz. Grupos,% Ocup.,Receita Quartos,Preço Médio,Saídas,Quartos FdS,Adul. / Cri.,julho,Previsão,10-jul-2026 sex,0,0,0,0,0,0,0,-,-,NaN,0,0,0,35,229,11,0,0,35,0,"6,31","6 890,54","26,10",10,0,80,Total jul,35,229,11,0,0,35,0,"6,31","6 890,54","26,10",10,0,80,Total,43980,4727,15665,0,64,37444,6536,"49,43","6 002 128,28","123,23",15800,130,80345
Data,Ocup,Opção,Cheg,Oferta/Uso Interno,Deduz. Individ.,Deduz. Grupos,% Ocup.,Receita Quartos,Preço Médio,Saídas,Quartos FdS,Adul. / Cri.,julho,Previsão,11-jul-2026 sáb,0,4,0,0,0,0,0,"2,96",-,-,0,0,0,35,229,11,0,0,35,0,"6,31","6 890,54","26,10",10,0,80,Total jul,35,229,11,0,0,35,0,"6,31","6 890,54","26,10",10,0,80,Total,43980,4727,15665,0,64,37444,6536,"49,43","6 002 128,28","123,23",15800,130,80345
Data,Ocup,Opção,Cheg,Oferta/Uso Interno,Deduz. Individ.,Deduz. Grupos,% Ocup.,Receita Quartos,Preço Médio,Saídas,Quartos FdS,Adul. / Cri.,julho,Previsão,12-jul-2026 dom,2,13,2,0,0,2,0,"11,11","337,51","22,50",0,0,4,35,229,11,0,0,35,0,"6,31","6 890,54","26,10",10,0,80,Total jul,35,229,11,0,0,35,0,"6,31","6 890,54","26,10",10,0,80,Total,43980,4727,15665,0,64,37444,6536,"49,43","6 002 128,28","123,23",15800,130,80345
Data,Ocup,Opção,Cheg,Oferta/Uso Interno,Deduz. Individ.,Deduz. Grupos,% Ocup.,Receita Quartos,Preço Médio,Saídas,Quartos FdS,Adul. / Cri.,julho,Previsão,13-jul-2026 seg,2,13,0,0,0,2,0,"11,11","337,51","22,50",0,0,4,35,229,11,0,0,35,0,"6,31","6 890,54","26,10",10,0,80,Total jul,35,229,11,0,0,35,0,"6,31","6 890,54","26,10",10,0,80,Total,43980,4727,15665,0,64,37444,6536,"49,43","6 002 128,28","123,23",15800,130,80345
Data,Ocup,Opção,Cheg,Oferta/Uso Interno,Deduz. Individ.,Deduz. Grupos,% Ocup.,Receita Quartos,Preço Médio,Saídas,Quartos FdS,Adul. / Cri.,julho,Previsão,14-jul-2026 ter,2,0,0,0,0,2,0,"1,48","337,51","168,75",0,0,4,35,229,11,0,0,35,0,"6,31","6 890,54","26,10",10,0,80,Total jul,35,229,11,0,0,35,0,"6,31","6 890,54","26,10",10,0,80,Total,43980,4727,15665,0,64,37444,6536,"49,43","6 002 128,28","123,23",15800,130,80345
Data,Ocup,Opção,Cheg,Oferta/Uso Interno,Deduz. Individ.,Deduz. Grupos,% Ocup.,Receita Quartos,Preço Médio,Saídas,Quartos FdS,Adul. / Cri.,julho,Previsão,15-jul-2026 qua,0,0,0,0,0,0,0,-,-,NaN,2,0,0,35,229,11,0,0,35,0,"6,31","6 890,54","26,10",10,0,80,Total jul,35,229,11,0,0,35,0,"6,31","6 890,54","26,10",10,0,80,Total,43980,4727,15665,0,64,37444,6536,"49,43","6 002 128,28","123,23",15800,130,80345
Data,Ocup,Opção,Cheg,Oferta/Uso Interno,Deduz. Individ.,Deduz. Grupos,% Ocup.,Receita Quartos,Preço Médio,Saídas,Quartos FdS,Adul. / Cri.,julho,Previsão,16-jul-2026 qui,0,0,0,0,0,0,0,-,-,NaN,0,0,0,35,229,11,0,0,35,0,"6,31","6 890,54","26,10",10,0,80,Total jul,35,229,11,0,0,35,0,"6,31","6 890,54","26,10",10,0,80,Total,43980,4727,15665,0,64,37444,6536,"49,43","6 002 128,28","123,23",15800,130,80345
Data,Ocup,Opção,Cheg,Oferta/Uso Interno,Deduz. Individ.,Deduz. Grupos,% Ocup.,Receita Quartos,Preço Médio,Saídas,Quartos FdS,Adul. / Cri.,julho,Previsão,17-jul-2026 sex,0,0,0,0,0,0,0,-,-,NaN,0,0,0,35,229,11,0,0,35,0,"6,31","6 890,54","26,10",10,0,80,Total jul,35,229,11,0,0,35,0,"6,31","6 890,54","26,10",10,0,80,Total,43980,4727,15665,0,64,37444,6536,"49,43","6 002 128,28","123,23",15800,130,80345
Data,Ocup,Opção,Cheg,Oferta/Uso Interno,Deduz. Individ.,Deduz. Grupos,% Ocup.,Receita Quartos,Preço Médio,Saídas,Quartos FdS,Adul. / Cri.,julho,Previsão,18-jul-2026 sáb,0,4,0,0,0,0,0,"2,96",-,-,0,0,0,35,229,11,0,0,35,0,"6,31","6 890,54","26,10",10,0,80,Total jul,35,229,11,0,0,35,0,"6,31","6 890,54","26,10",10,0,80,Total,43980,4727,15665,0,64,37444,6536,"49,43","6 002 128,28","123,23",15800,130,80345
Data,Ocup,Opção,Cheg,Oferta/Uso Interno,Deduz. Individ.,Deduz. Grupos,% Ocup.,Receita Quartos,Preço Médio,Saídas,Quartos FdS,Adul. / Cri.,julho,Previsão,19-jul-2026 dom,0,13,0,0,0,0,0,"9,63",-,-,0,0,0,35,229,11,0,0,35,0,"6,31","6 890,54","26,10",10,0,80,Total jul,35,229,11,0,0,35,0,"6,31","6 890,54","26,10",10,0,80,Total,43980,4727,15665,0,64,37444,6536,"49,43","6 002 128,28","123,23",15800,130,80345
Data,Ocup,Opção,Cheg,Oferta/Uso Interno,Deduz. Individ.,Deduz. Grupos,% Ocup.,Receita Quartos,Preço Médio,Saídas,Quartos FdS,Adul. / Cri.,julho,Previsão,20-jul-2026 seg,1,18,1,0,0,1,0,"14,07","291,85","15,36",0,0,4,35,229,11,0,0,35,0,"6,31","6 890,54","26,10",10,0,80,Total jul,35,229,11,0,0,35,0,"6,31","6 890,54","26,10",10,0,80,Total,43980,4727,15665,0,64,37444,6536,"49,43","6 002 128,28","123,23",15800,130,80345
Data,Ocup,Opção,Cheg,Oferta/Uso Interno,Deduz. Individ.,Deduz. Grupos,% Ocup.,Receita Quartos,Preço Médio,Saídas,Quartos FdS,Adul. / Cri.,julho,Previsão,21-jul-2026 ter,1,15,0,0,0,1,0,"11,85","291,85","18,24",0,0,4,35,229,11,0,0,35,0,"6,31","6 890,54","26,10",10,0,80,Total jul,35,229,11,0,0,35,0,"6,31","6 890,54","26,10",10,0,80,Total,43980,4727,15665,0,64,37444,6536,"49,43","6 002 128,28","123,23",15800,130,80345
Data,Ocup,Opção,Cheg,Oferta/Uso Interno,Deduz. Individ.,Deduz. Grupos,% Ocup.,Receita Quartos,Preço Médio,Saídas,Quartos FdS,Adul. / Cri.,julho,Previsão,22-jul-2026 qua,1,5,0,0,0,1,0,"4,44","291,85","48,64",0,0,4,35,229,11,0,0,35,0,"6,31","6 890,54","26,10",10,0,80,Total jul,35,229,11,0,0,35,0,"6,31","6 890,54","26,10",10,0,80,Total,43980,4727,15665,0,64,37444,6536,"49,43","6 002 128,28","123,23",15800,130,80345
Data,Ocup,Opção,Cheg,Oferta/Uso Interno,Deduz. Individ.,Deduz. Grupos,% Ocup.,Receita Quartos,Preço Médio,Saídas,Quartos FdS,Adul. / Cri.,julho,Previsão,23-jul-2026 qui,1,0,0,0,0,1,0,"0,74","291,85","291,85",0,0,4,35,229,11,0,0,35,0,"6,31","6 890,54","26,10",10,0,80,Total jul,35,229,11,0,0,35,0,"6,31","6 890,54","26,10",10,0,80,Total,43980,4727,15665,0,64,37444,6536,"49,43","6 002 128,28","123,23",15800,130,80345
Data,Ocup,Opção,Cheg,Oferta/Uso Interno,Deduz. Individ.,Deduz. Grupos,% Ocup.,Receita Quartos,Preço Médio,Saídas,Quartos FdS,Adul. / Cri.,julho,Previsão,24-jul-2026 sex,1,0,0,0,0,1,0,"0,74","320,72","320,72",0,0,4,35,229,11,0,0,35,0,"6,31","6 890,54","26,10",10,0,80,Total jul,35,229,11,0,0,35,0,"6,31","6 890,54","26,10",10,0,80,Total,43980,4727,15665,0,64,37444,6536,"49,43","6 002 128,28","123,23",15800,130,80345
Data,Ocup,Opção,Cheg,Oferta/Uso Interno,Deduz. Individ.,Deduz. Grupos,% Ocup.,Receita Quartos,Preço Médio,Saídas,Quartos FdS,Adul. / Cri.,julho,Previsão,25-jul-2026 sáb,1,0,0,0,0,1,0,"0,74","320,72","320,72",0,0,4,35,229,11,0,0,35,0,"6,31","6 890,54","26,10",10,0,80,Total jul,35,229,11,0,0,35,0,"6,31","6 890,54","26,10",10,0,80,Total,43980,4727,15665,0,64,37444,6536,"49,43","6 002 128,28","123,23",15800,130,80345
Data,Ocup,Opção,Cheg,Oferta/Uso Interno,Deduz. Individ.,Deduz. Grupos,% Ocup.,Receita Quartos,Preço Médio,Saídas,Quartos FdS,Adul. / Cri.,julho,Previsão,26-jul-2026 dom,0,0,0,0,0,0,0,-,-,NaN,1,0,0,35,229,11,0,0,35,0,"6,31","6 890,54","26,10",10,0,80,Total jul,35,229,11,0,0,35,0,"6,31","6 890,54","26,10",10,0,80,Total,43980,4727,15665,0,64,37444,6536,"49,43","6 002 128,28","123,23",15800,130,80345
Data,Ocup,Opção,Cheg,Oferta/Uso Interno,Deduz. Individ.,Deduz. Grupos,% Ocup.,Receita Quartos,Preço Médio,Saídas,Quartos FdS,Adul. / Cri.,julho,Previsão,27-jul-2026 seg,0,0,0,0,0,0,0,-,-,NaN,0,0,0,35,229,11,0,0,35,0,"6,31","6 890,54","26,10",10,0,80,Total jul,35,229,11,0,0,35,0,"6,31","6 890,54","26,10",10,0,80,Total,43980,4727,15665,0,64,37444,6536,"49,43","6 002 128,28","123,23",15800,130,80345
Data,Ocup,Opção,Cheg,Oferta/Uso Interno,Deduz. Individ.,Deduz. Grupos,% Ocup.,Receita Quartos,Preço Médio,Saídas,Quartos FdS,Adul. / Cri.,julho,Previsão,28-jul-2026 ter,0,0,0,0,0,0,0,-,-,NaN,0,0,0,35,229,11,0,0,35,0,"6,31","6 890,54","26,10",10,0,80,Total jul,35,229,11,0,0,35,0,"6,31","6 890,54","26,10",10,0,80,Total,43980,4727,15665,0,64,37444,6536,"49,43","6 002 128,28","123,23",15800,130,80345
Data,Ocup,Opção,Cheg,Oferta/Uso Interno,Deduz. Individ.,Deduz. Grupos,% Ocup.,Receita Quartos,Preço Médio,Saídas,Quartos FdS,Adul. / Cri.,julho,Previsão,29-jul-2026 qua,0,0,0,0,0,0,0,-,-,NaN,0,0,0,35,229,11,0,0,35,0,"6,31","6 890,54","26,10",10,0,80,Total jul,35,229,11,0,0,35,0,"6,31","6 890,54","26,10",10,0,80,Total,43980,4727,15665,0,64,37444,6536,"49,43","6 002 128,28","123,23",15800,130,80345
Data,Ocup,Opção,Cheg,Oferta/Uso Interno,Deduz. Individ.,Deduz. Grupos,% Ocup.,Receita Quartos,Preço Médio,Saídas,Quartos FdS,Adul. / Cri.,julho,Previsão,30-jul-2026 qui,0,0,0,0,0,0,0,-,-,NaN,0,0,0,35,229,11,0,0,35,0,"6,31","6 890,54","26,10",10,0,80,Total jul,35,229,11,0,0,35,0,"6,31","6 890,54","26,10",10,0,80,Total,43980,4727,15665,0,64,37444,6536,"49,43","6 002 128,28","123,23",15800,130,80345
Data,Ocup,Opção,Cheg,Oferta/Uso Interno,Deduz. Individ.,Deduz. Grupos,% Ocup.,Receita Quartos,Preço Médio,Saídas,Quartos FdS,Adul. / Cri.,julho,Previsão,31-jul-2026 sex,1,2,1,0,0,1,0,"2,22","317,99","106,00",0,0,5,35,229,11,0,0,35,0,"6,31","6 890,54","26,10",10,0,80,Total jul,35,229,11,0,0,35,0,"6,31","6 890,54","26,10",10,0,80,Total,43980,4727,15665,0,64,37444,6536,"49,43","6 002 128,28","123,23",15800,130,80345
Data,Ocup,Opção,Cheg,Oferta/Uso Interno,Deduz. Individ.,Deduz. Grupos,% Ocup.,Receita Quartos,Preço Médio,Saídas,Quartos FdS,Adul. / Cri.,agosto,Previsão,01-ago-2026 sáb,2,1,1,0,0,2,0,"2,22","459,10","153,03",0,0,7,87,171,33,0,0,35,52,"6,16","12 917,45","50,07",31,0,187,Total ago,87,171,33,0,0,35,52,"6,16","12 917,45","50,07",31,0,187,Total,43980,4727,15665,0,64,37444,6536,"49,43","6 002 128,28","123,23",15800,130,80345
Data,Ocup,Opção,Cheg,Oferta/Uso Interno,Deduz. Individ.,Deduz. Grupos,% Ocup.,Receita Quartos,Preço Médio,Saídas,Quartos FdS,Adul. / Cri.,agosto,Previsão,02-ago-2026 dom,2,0,1,0,0,2,0,"1,48","474,95","237,48",1,0,7,87,171,33,0,0,35,52,"6,16","12 917,45","50,07",31,0,187,Total ago,87,171,33,0,0,35,52,"6,16","12 917,45","50,07",31,0,187,Total,43980,4727,15665,0,64,37444,6536,"49,43","6 002 128,28","123,23",15800,130,80345
Data,Ocup,Opção,Cheg,Oferta/Uso Interno,Deduz. Individ.,Deduz. Grupos,% Ocup.,Receita Quartos,Preço Médio,Saídas,Quartos FdS,Adul. / Cri.,agosto,Previsão,03-ago-2026 seg,2,0,0,0,0,2,0,"1,48","474,95","237,48",0,0,7,87,171,33,0,0,35,52,"6,16","12 917,45","50,07",31,0,187,Total ago,87,171,33,0,0,35,52,"6,16","12 917,45","50,07",31,0,187,Total,43980,4727,15665,0,64,37444,6536,"49,43","6 002 128,28","123,23",15800,130,80345
Data,Ocup,Opção,Cheg,Oferta/Uso Interno,Deduz. Individ.,Deduz. Grupos,% Ocup.,Receita Quartos,Preço Médio,Saídas,Quartos FdS,Adul. / Cri.,agosto,Previsão,04-ago-2026 ter,1,0,0,0,0,1,0,"0,74","156,96","156,96",1,0,2,87,171,33,0,0,35,52,"6,16","12 917,45","50,07",31,0,187,Total ago,87,171,33,0,0,35,52,"6,16","12 917,45","50,07",31,0,187,Total,43980,4727,15665,0,64,37444,6536,"49,43","6 002 128,28","123,23",15800,130,80345
Data,Ocup,Opção,Cheg,Oferta/Uso Interno,Deduz. Individ.,Deduz. Grupos,% Ocup.,Receita Quartos,Preço Médio,Saídas,Quartos FdS,Adul. / Cri.,agosto,Previsão,05-ago-2026 qua,0,0,0,0,0,0,0,-,-,NaN,1,0,0,87,171,33,0,0,35,52,"6,16","12 917,45","50,07",31,0,187,Total ago,87,171,33,0,0,35,52,"6,16","12 917,45","50,07",31,0,187,Total,43980,4727,15665,0,64,37444,6536,"49,43","6 002 128,28","123,23",15800,130,80345
Data,Ocup,Opção,Cheg,Oferta/Uso Interno,Deduz. Individ.,Deduz. Grupos,% Ocup.,Receita Quartos,Preço Médio,Saídas,Quartos FdS,Adul. / Cri.,agosto,Previsão,06-ago-2026 qui,2,0,2,0,0,2,0,"1,48","318,64","159,32",0,0,4,87,171,33,0,0,35,52,"6,16","12 917,45","50,07",31,0,187,Total ago,87,171,33,0,0,35,52,"6,16","12 917,45","50,07",31,0,187,Total,43980,4727,15665,0,64,37444,6536,"49,43","6 002 128,28","123,23",15800,130,80345
Data,Ocup,Opção,Cheg,Oferta/Uso Interno,Deduz. Individ.,Deduz. Grupos,% Ocup.,Receita Quartos,Preço Médio,Saídas,Quartos FdS,Adul. / Cri.,agosto,Previsão,07-ago-2026 sex,2,0,0,0,0,2,0,"1,48","318,64","159,32",0,0,4,87,171,33,0,0,35,52,"6,16","12 917,45","50,07",31,0,187,Total ago,87,171,33,0,0,35,52,"6,16","12 917,45","50,07",31,0,187,Total,43980,4727,15665,0,64,37444,6536,"49,43","6 002 128,28","123,23",15800,130,80345
Data,Ocup,Opção,Cheg,Oferta/Uso Interno,Deduz. Individ.,Deduz. Grupos,% Ocup.,Receita Quartos,Preço Médio,Saídas,Quartos FdS,Adul. / Cri.,agosto,Previsão,08-ago-2026 sáb,0,0,0,0,0,0,0,-,-,NaN,2,0,0,87,171,33,0,0,35,52,"6,16","12 917,45","50,07",31,0,187,Total ago,87,171,33,0,0,35,52,"6,16","12 917,45","50,07",31,0,187,Total,43980,4727,15665,0,64,37444,6536,"49,43","6 002 128,28","123,23",15800,130,80345
Data,Ocup,Opção,Cheg,Oferta/Uso Interno,Deduz. Individ.,Deduz. Grupos,% Ocup.,Receita Quartos,Preço Médio,Saídas,Quartos FdS,Adul. / Cri.,agosto,Previsão,09-ago-2026 dom,2,0,2,0,0,2,0,"1,48","306,38","153,19",0,0,4,87,171,33,0,0,35,52,"6,16","12 917,45","50,07",31,0,187,Total ago,87,171,33,0,0,35,52,"6,16","12 917,45","50,07",31,0,187,Total,43980,4727,15665,0,64,37444,6536,"49,43","6 002 128,28","123,23",15800,130,80345
Data,Ocup,Opção,Cheg,Oferta/Uso Interno,Deduz. Individ.,Deduz. Grupos,% Ocup.,Receita Quartos,Preço Médio,Saídas,Quartos FdS,Adul. / Cri.,agosto,Previsão,10-ago-2026 seg,0,0,0,0,0,0,0,-,-,NaN,2,0,0,87,171,33,0,0,35,52,"6,16","12 917,45","50,07",31,0,187,Total ago,87,171,33,0,0,35,52,"6,16","12 917,45","50,07",31,0,187,Total,43980,4727,15665,0,64,37444,6536,"49,43","6 002 128,28","123,23",15800,130,80345
Data,Ocup,Opção,Cheg,Oferta/Uso Interno,Deduz. Individ.,Deduz. Grupos,% Ocup.,Receita Quartos,Preço Médio,Saídas,Quartos FdS,Adul. / Cri.,agosto,Previsão,11-ago-2026 ter,1,15,1,0,0,1,0,"11,85","360,74","22,55",0,0,4,87,171,33,0,0,35,52,"6,16","12 917,45","50,07",31,0,187,Total ago,87,171,33,0,0,35,52,"6,16","12 917,45","50,07",31,0,187,Total,43980,4727,15665,0,64,37444,6536,"49,43","6 002 128,28","123,23",15800,130,80345
Data,Ocup,Opção,Cheg,Oferta/Uso Interno,Deduz. Individ.,Deduz. Grupos,% Ocup.,Receita Quartos,Preço Médio,Saídas,Quartos FdS,Adul. / Cri.,agosto,Previsão,12-ago-2026 qua,1,0,0,0,0,1,0,"0,74","360,74","360,74",0,0,4,87,171,33,0,0,35,52,"6,16","12 917,45","50,07",31,0,187,Total ago,87,171,33,0,0,35,52,"6,16","12 917,45","50,07",31,0,187,Total,43980,4727,15665,0,64,37444,6536,"49,43","6 002 128,28","123,23",15800,130,80345
Data,Ocup,Opção,Cheg,Oferta/Uso Interno,Deduz. Individ.,Deduz. Grupos,% Ocup.,Receita Quartos,Preço Médio,Saídas,Quartos FdS,Adul. / Cri.,agosto,Previsão,13-ago-2026 qui,1,0,0,0,0,1,0,"0,74","360,74","360,74",0,0,4,87,171,33,0,0,35,52,"6,16","12 917,45","50,07",31,0,187,Total ago,87,171,33,0,0,35,52,"6,16","12 917,45","50,07",31,0,187,Total,43980,4727,15665,0,64,37444,6536,"49,43","6 002 128,28","123,23",15800,130,80345
Data,Ocup,Opção,Cheg,Oferta/Uso Interno,Deduz. Individ.,Deduz. Grupos,% Ocup.,Receita Quartos,Preço Médio,Saídas,Quartos FdS,Adul. / Cri.,agosto,Previsão,14-ago-2026 sex,1,0,0,0,0,1,0,"0,74","394,70","394,70",0,0,4,87,171,33,0,0,35,52,"6,16","12 917,45","50,07",31,0,187,Total ago,87,171,33,0,0,35,52,"6,16","12 917,45","50,07",31,0,187,Total,43980,4727,15665,0,64,37444,6536,"49,43","6 002 128,28","123,23",15800,130,80345
Data,Ocup,Opção,Cheg,Oferta/Uso Interno,Deduz. Individ.,Deduz. Grupos,% Ocup.,Receita Quartos,Preço Médio,Saídas,Quartos FdS,Adul. / Cri.,agosto,Previsão,15-ago-2026 sáb,1,0,0,0,0,1,0,"0,74","394,70","394,70",0,0,4,87,171,33,0,0,35,52,"6,16","12 917,45","50,07",31,0,187,Total ago,87,171,33,0,0,35,52,"6,16","12 917,45","50,07",31,0,187,Total,43980,4727,15665,0,64,37444,6536,"49,43","6 002 128,28","123,23",15800,130,80345
Data,Ocup,Opção,Cheg,Oferta/Uso Interno,Deduz. Individ.,Deduz. Grupos,% Ocup.,Receita Quartos,Preço Médio,Saídas,Quartos FdS,Adul. / Cri.,agosto,Previsão,16-ago-2026 dom,0,0,0,0,0,0,0,-,-,NaN,1,0,0,87,171,33,0,0,35,52,"6,16","12 917,45","50,07",31,0,187,Total ago,87,171,33,0,0,35,52,"6,16","12 917,45","50,07",31,0,187,Total,43980,4727,15665,0,64,37444,6536,"49,43","6 002 128,28","123,23",15800,130,80345
Data,Ocup,Opção,Cheg,Oferta/Uso Interno,Deduz. Individ.,Deduz. Grupos,% Ocup.,Receita Quartos,Preço Médio,Saídas,Quartos FdS,Adul. / Cri.,agosto,Previsão,17-ago-2026 seg,0,0,0,0,0,0,0,-,-,NaN,0,0,0,87,171,33,0,0,35,52,"6,16","12 917,45","50,07",31,0,187,Total ago,87,171,33,0,0,35,52,"6,16","12 917,45","50,07",31,0,187,Total,43980,4727,15665,0,64,37444,6536,"49,43","6 002 128,28","123,23",15800,130,80345
Data,Ocup,Opção,Cheg,Oferta/Uso Interno,Deduz. Individ.,Deduz. Grupos,% Ocup.,Receita Quartos,Preço Médio,Saídas,Quartos FdS,Adul. / Cri.,agosto,Previsão,18-ago-2026 ter,2,0,2,0,0,2,0,"1,48","299,55","149,77",0,0,4,87,171,33,0,0,35,52,"6,16","12 917,45","50,07",31,0,187,Total ago,87,171,33,0,0,35,52,"6,16","12 917,45","50,07",31,0,187,Total,43980,4727,15665,0,64,37444,6536,"49,43","6 002 128,28","123,23",15800,130,80345
Data,Ocup,Opção,Cheg,Oferta/Uso Interno,Deduz. Individ.,Deduz. Grupos,% Ocup.,Receita Quartos,Preço Médio,Saídas,Quartos FdS,Adul. / Cri.,agosto,Previsão,19-ago-2026 qua,2,0,0,0,0,2,0,"1,48","299,55","149,77",0,0,4,87,171,33,0,0,35,52,"6,16","12 917,45","50,07",31,0,187,Total ago,87,171,33,0,0,35,52,"6,16","12 917,45","50,07",31,0,187,Total,43980,4727,15665,0,64,37444,6536,"49,43","6 002 128,28","123,23",15800,130,80345
Data,Ocup,Opção,Cheg,Oferta/Uso Interno,Deduz. Individ.,Deduz. Grupos,% Ocup.,Receita Quartos,Preço Médio,Saídas,Quartos FdS,Adul. / Cri.,agosto,Previsão,20-ago-2026 qui,2,0,0,0,0,2,0,"1,48","299,55","149,77",0,0,4,87,171,33,0,0,35,52,"6,16","12 917,45","50,07",31,0,187,Total ago,87,171,33,0,0,35,52,"6,16","12 917,45","50,07",31,0,187,Total,43980,4727,15665,0,64,37444,6536,"49,43","6 002 128,28","123,23",15800,130,80345
Data,Ocup,Opção,Cheg,Oferta/Uso Interno,Deduz. Individ.,Deduz. Grupos,% Ocup.,Receita Quartos,Preço Médio,Saídas,Quartos FdS,Adul. / Cri.,agosto,Previsão,21-ago-2026 sex,0,0,0,0,0,0,0,-,-,NaN,2,0,0,87,171,33,0,0,35,52,"6,16","12 917,45","50,07",31,0,187,Total ago,87,171,33,0,0,35,52,"6,16","12 917,45","50,07",31,0,187,Total,43980,4727,15665,0,64,37444,6536,"49,43","6 002 128,28","123,23",15800,130,80345
Data,Ocup,Opção,Cheg,Oferta/Uso Interno,Deduz. Individ.,Deduz. Grupos,% Ocup.,Receita Quartos,Preço Médio,Saídas,Quartos FdS,Adul. / Cri.,agosto,Previsão,22-ago-2026 sáb,3,0,3,0,0,3,0,"2,22","386,62","128,87",0,0,5,87,171,33,0,0,35,52,"6,16","12 917,45","50,07",31,0,187,Total ago,87,171,33,0,0,35,52,"6,16","12 917,45","50,07",31,0,187,Total,43980,4727,15665,0,64,37444,6536,"49,43","6 002 128,28","123,23",15800,130,80345
Data,Ocup,Opção,Cheg,Oferta/Uso Interno,Deduz. Individ.,Deduz. Grupos,% Ocup.,Receita Quartos,Preço Médio,Saídas,Quartos FdS,Adul. / Cri.,agosto,Previsão,23-ago-2026 dom,2,0,1,0,0,2,0,"1,48","255,84","127,92",2,0,3,87,171,33,0,0,35,52,"6,16","12 917,45","50,07",31,0,187,Total ago,87,171,33,0,0,35,52,"6,16","12 917,45","50,07",31,0,187,Total,43980,4727,15665,0,64,37444,6536,"49,43","6 002 128,28","123,23",15800,130,80345
Data,Ocup,Opção,Cheg,Oferta/Uso Interno,Deduz. Individ.,Deduz. Grupos,% Ocup.,Receita Quartos,Preço Médio,Saídas,Quartos FdS,Adul. / Cri.,agosto,Previsão,24-ago-2026 seg,1,15,0,0,0,1,0,"11,85","127,77","7,99",1,0,2,87,171,33,0,0,35,52,"6,16","12 917,45","50,07",31,0,187,Total ago,87,171,33,0,0,35,52,"6,16","12 917,45","50,07",31,0,187,Total,43980,4727,15665,0,64,37444,6536,"49,43","6 002 128,28","123,23",15800,130,80345
Data,Ocup,Opção,Cheg,Oferta/Uso Interno,Deduz. Individ.,Deduz. Grupos,% Ocup.,Receita Quartos,Preço Médio,Saídas,Quartos FdS,Adul. / Cri.,agosto,Previsão,25-ago-2026 ter,2,37,1,0,0,1,1,"28,89","241,16","6,18",0,0,3,87,171,33,0,0,35,52,"6,16","12 917,45","50,07",31,0,187,Total ago,87,171,33,0,0,35,52,"6,16","12 917,45","50,07",31,0,187,Total,43980,4727,15665,0,64,37444,6536,"49,43","6 002 128,28","123,23",15800,130,80345
Data,Ocup,Opção,Cheg,Oferta/Uso Interno,Deduz. Individ.,Deduz. Grupos,% Ocup.,Receita Quartos,Preço Médio,Saídas,Quartos FdS,Adul. / Cri.,agosto,Previsão,26-ago-2026 qua,18,37,16,0,0,1,17,"40,74","2 141,24","38,93",0,0,35,87,171,33,0,0,35,52,"6,16","12 917,45","50,07",31,0,187,Total ago,87,171,33,0,0,35,52,"6,16","12 917,45","50,07",31,0,187,Total,43980,4727,15665,0,64,37444,6536,"49,43","6 002 128,28","123,23",15800,130,80345
Data,Ocup,Opção,Cheg,Oferta/Uso Interno,Deduz. Individ.,Deduz. Grupos,% Ocup.,Receita Quartos,Preço Médio,Saídas,Quartos FdS,Adul. / Cri.,agosto,Previsão,27-ago-2026 qui,17,22,0,0,0,0,17,"28,89","2 013,46","51,63",1,0,33,87,171,33,0,0,35,52,"6,16","12 917,45","50,07",31,0,187,Total ago,87,171,33,0,0,35,52,"6,16","12 917,45","50,07",31,0,187,Total,43980,4727,15665,0,64,37444,6536,"49,43","6 002 128,28","123,23",15800,130,80345
Data,Ocup,Opção,Cheg,Oferta/Uso Interno,Deduz. Individ.,Deduz. Grupos,% Ocup.,Receita Quartos,Preço Médio,Saídas,Quartos FdS,Adul. / Cri.,agosto,Previsão,28-ago-2026 sex,17,0,0,0,0,0,17,"12,59","2 013,46","118,44",0,0,33,87,171,33,0,0,35,52,"6,16","12 917,45","50,07",31,0,187,Total ago,87,171,33,0,0,35,52,"6,16","12 917,45","50,07",31,0,187,Total,43980,4727,15665,0,64,37444,6536,"49,43","6 002 128,28","123,23",15800,130,80345
Data,Ocup,Opção,Cheg,Oferta/Uso Interno,Deduz. Individ.,Deduz. Grupos,% Ocup.,Receita Quartos,Preço Médio,Saídas,Quartos FdS,Adul. / Cri.,agosto,Previsão,29-ago-2026 sáb,0,0,0,0,0,0,0,-,-,NaN,17,0,0,87,171,33,0,0,35,52,"6,16","12 917,45","50,07",31,0,187,Total ago,87,171,33,0,0,35,52,"6,16","12 917,45","50,07",31,0,187,Total,43980,4727,15665,0,64,37444,6536,"49,43","6 002 128,28","123,23",15800,130,80345
Data,Ocup,Opção,Cheg,Oferta/Uso Interno,Deduz. Individ.,Deduz. Grupos,% Ocup.,Receita Quartos,Preço Médio,Saídas,Quartos FdS,Adul. / Cri.,agosto,Previsão,30-ago-2026 dom,0,22,0,0,0,0,0,"16,30",-,-,0,0,0,87,171,33,0,0,35,52,"6,16","12 917,45","50,07",31,0,187,Total ago,87,171,33,0,0,35,52,"6,16","12 917,45","50,07",31,0,187,Total,43980,4727,15665,0,64,37444,6536,"49,43","6 002 128,28","123,23",15800,130,80345
Data,Ocup,Opção,Cheg,Oferta/Uso Interno,Deduz. Individ.,Deduz. Grupos,% Ocup.,Receita Quartos,Preço Médio,Saídas,Quartos FdS,Adul. / Cri.,agosto,Previsão,31-ago-2026 seg,3,22,3,0,0,3,0,"18,52","458,02","18,32",0,0,6,87,171,33,0,0,35,52,"6,16","12 917,45","50,07",31,0,187,Total ago,87,171,33,0,0,35,52,"6,16","12 917,45","50,07",31,0,187,Total,43980,4727,15665,0,64,37444,6536,"49,43","6 002 128,28","123,23",15800,130,80345
Data,Ocup,Opção,Cheg,Oferta/Uso Interno,Deduz. Individ.,Deduz. Grupos,% Ocup.,Receita Quartos,Preço Médio,Saídas,Quartos FdS,Adul. / Cri.,setembro,Previsão,01-set-2026 ter,4,44,1,0,0,3,1,"35,56","644,61","13,43",0,0,7,264,968,103,0,0,35,229,"30,42","39 658,23","32,19",89,0,510,Total set,264,968,103,0,0,35,229,"30,42","39 658,23","32,19",89,0,510,Total,43980,4727,15665,0,64,37444,6536,"49,43","6 002 128,28","123,23",15800,130,80345
Data,Ocup,Opção,Cheg,Oferta/Uso Interno,Deduz. Individ.,Deduz. Grupos,% Ocup.,Receita Quartos,Preço Médio,Saídas,Quartos FdS,Adul. / Cri.,setembro,Previsão,02-set-2026 qua,18,22,17,0,0,1,17,"29,63","2 674,20","66,85",3,0,35,264,968,103,0,0,35,229,"30,42","39 658,23","32,19",89,0,510,Total set,264,968,103,0,0,35,229,"30,42","39 658,23","32,19",89,0,510,Total,43980,4727,15665,0,64,37444,6536,"49,43","6 002 128,28","123,23",15800,130,80345
Data,Ocup,Opção,Cheg,Oferta/Uso Interno,Deduz. Individ.,Deduz. Grupos,% Ocup.,Receita Quartos,Preço Médio,Saídas,Quartos FdS,Adul. / Cri.,setembro,Previsão,03-set-2026 qui,19,47,1,0,0,1,18,"48,89","2 810,41","42,58",0,0,37,264,968,103,0,0,35,229,"30,42","39 658,23","32,19",89,0,510,Total set,264,968,103,0,0,35,229,"30,42","39 658,23","32,19",89,0,510,Total,43980,4727,15665,0,64,37444,6536,"49,43","6 002 128,28","123,23",15800,130,80345
Data,Ocup,Opção,Cheg,Oferta/Uso Interno,Deduz. Individ.,Deduz. Grupos,% Ocup.,Receita Quartos,Preço Médio,Saídas,Quartos FdS,Adul. / Cri.,setembro,Previsão,04-set-2026 sex,18,35,0,0,0,1,17,"39,26","2 690,24","50,76",1,0,35,264,968,103,0,0,35,229,"30,42","39 658,23","32,19",89,0,510,Total set,264,968,103,0,0,35,229,"30,42","39 658,23","32,19",89,0,510,Total,43980,4727,15665,0,64,37444,6536,"49,43","6 002 128,28","123,23",15800,130,80345
Data,Ocup,Opção,Cheg,Oferta/Uso Interno,Deduz. Individ.,Deduz. Grupos,% Ocup.,Receita Quartos,Preço Médio,Saídas,Quartos FdS,Adul. / Cri.,setembro,Previsão,05-set-2026 sáb,1,39,0,0,0,1,0,"29,63","195,64","4,89",17,0,2,264,968,103,0,0,35,229,"30,42","39 658,23","32,19",89,0,510,Total set,264,968,103,0,0,35,229,"30,42","39 658,23","32,19",89,0,510,Total,43980,4727,15665,0,64,37444,6536,"49,43","6 002 128,28","123,23",15800,130,80345
Data,Ocup,Opção,Cheg,Oferta/Uso Interno,Deduz. Individ.,Deduz. Grupos,% Ocup.,Receita Quartos,Preço Médio,Saídas,Quartos FdS,Adul. / Cri.,setembro,Previsão,06-set-2026 dom,0,13,0,0,0,0,0,"9,63",-,-,1,0,0,264,968,103,0,0,35,229,"30,42","39 658,23","32,19",89,0,510,Total set,264,968,103,0,0,35,229,"30,42","39 658,23","32,19",89,0,510,Total,43980,4727,15665,0,64,37444,6536,"49,43","6 002 128,28","123,23",15800,130,80345
Data,Ocup,Opção,Cheg,Oferta/Uso Interno,Deduz. Individ.,Deduz. Grupos,% Ocup.,Receita Quartos,Preço Médio,Saídas,Quartos FdS,Adul. / Cri.,setembro,Previsão,07-set-2026 seg,1,13,1,0,0,1,0,"10,37","167,58","11,97",0,0,2,264,968,103,0,0,35,229,"30,42","39 658,23","32,19",89,0,510,Total set,264,968,103,0,0,35,229,"30,42","39 658,23","32,19",89,0,510,Total,43980,4727,15665,0,64,37444,6536,"49,43","6 002 128,28","123,23",15800,130,80345
Data,Ocup,Opção,Cheg,Oferta/Uso Interno,Deduz. Individ.,Deduz. Grupos,% Ocup.,Receita Quartos,Preço Médio,Saídas,Quartos FdS,Adul. / Cri.,setembro,Previsão,08-set-2026 ter,4,26,3,0,0,3,1,"22,22","652,17","21,74",0,0,7,264,968,103,0,0,35,229,"30,42","39 658,23","32,19",89,0,510,Total set,264,968,103,0,0,35,229,"30,42","39 658,23","32,19",89,0,510,Total,43980,4727,15665,0,64,37444,6536,"49,43","6 002 128,28","123,23",15800,130,80345
Data,Ocup,Opção,Cheg,Oferta/Uso Interno,Deduz. Individ.,Deduz. Grupos,% Ocup.,Receita Quartos,Preço Médio,Saídas,Quartos FdS,Adul. / Cri.,setembro,Previsão,09-set-2026 qua,20,35,18,0,0,3,17,"40,74","3 044,25","55,35",2,0,39,264,968,103,0,0,35,229,"30,42","39 658,23","32,19",89,0,510,Total set,264,968,103,0,0,35,229,"30,42","39 658,23","32,19",89,0,510,Total,43980,4727,15665,0,64,37444,6536,"49,43","6 002 128,28","123,23",15800,130,80345
Data,Ocup,Opção,Cheg,Oferta/Uso Interno,Deduz. Individ.,Deduz. Grupos,% Ocup.,Receita Quartos,Preço Médio,Saídas,Quartos FdS,Adul. / Cri.,setembro,Previsão,10-set-2026 qui,20,39,0,0,0,3,17,"43,70","3 044,25","51,60",0,0,39,264,968,103,0,0,35,229,"30,42","39 658,23","32,19",89,0,510,Total set,264,968,103,0,0,35,229,"30,42","39 658,23","32,19",89,0,510,Total,43980,4727,15665,0,64,37444,6536,"49,43","6 002 128,28","123,23",15800,130,80345
Data,Ocup,Opção,Cheg,Oferta/Uso Interno,Deduz. Individ.,Deduz. Grupos,% Ocup.,Receita Quartos,Preço Médio,Saídas,Quartos FdS,Adul. / Cri.,setembro,Previsão,11-set-2026 sex,18,13,0,0,0,1,17,"22,96","2 700,91","87,13",2,0,35,264,968,103,0,0,35,229,"30,42","39 658,23","32,19",89,0,510,Total set,264,968,103,0,0,35,229,"30,42","39 658,23","32,19",89,0,510,Total,43980,4727,15665,0,64,37444,6536,"49,43","6 002 128,28","123,23",15800,130,80345
Data,Ocup,Opção,Cheg,Oferta/Uso Interno,Deduz. Individ.,Deduz. Grupos,% Ocup.,Receita Quartos,Preço Médio,Saídas,Quartos FdS,Adul. / Cri.,setembro,Previsão,12-set-2026 sáb,0,17,0,0,0,0,0,"12,59",-,-,18,0,0,264,968,103,0,0,35,229,"30,42","39 658,23","32,19",89,0,510,Total set,264,968,103,0,0,35,229,"30,42","39 658,23","32,19",89,0,510,Total,43980,4727,15665,0,64,37444,6536,"49,43","6 002 128,28","123,23",15800,130,80345
Data,Ocup,Opção,Cheg,Oferta/Uso Interno,Deduz. Individ.,Deduz. Grupos,% Ocup.,Receita Quartos,Preço Médio,Saídas,Quartos FdS,Adul. / Cri.,setembro,Previsão,13-set-2026 dom,0,35,0,0,0,0,0,"25,93",-,-,0,0,0,264,968,103,0,0,35,229,"30,42","39 658,23","32,19",89,0,510,Total set,264,968,103,0,0,35,229,"30,42","39 658,23","32,19",89,0,510,Total,43980,4727,15665,0,64,37444,6536,"49,43","6 002 128,28","123,23",15800,130,80345
Data,Ocup,Opção,Cheg,Oferta/Uso Interno,Deduz. Individ.,Deduz. Grupos,% Ocup.,Receita Quartos,Preço Médio,Saídas,Quartos FdS,Adul. / Cri.,setembro,Previsão,14-set-2026 seg,0,35,0,0,0,0,0,"25,93",-,-,0,0,0,264,968,103,0,0,35,229,"30,42","39 658,23","32,19",89,0,510,Total set,264,968,103,0,0,35,229,"30,42","39 658,23","32,19",89,0,510,Total,43980,4727,15665,0,64,37444,6536,"49,43","6 002 128,28","123,23",15800,130,80345
Data,Ocup,Opção,Cheg,Oferta/Uso Interno,Deduz. Individ.,Deduz. Grupos,% Ocup.,Receita Quartos,Preço Médio,Saídas,Quartos FdS,Adul. / Cri.,setembro,Previsão,15-set-2026 ter,2,66,2,0,0,1,1,"50,37","309,26","4,55",0,0,3,264,968,103,0,0,35,229,"30,42","39 658,23","32,19",89,0,510,Total set,264,968,103,0,0,35,229,"30,42","39 658,23","32,19",89,0,510,Total,43980,4727,15665,0,64,37444,6536,"49,43","6 002 128,28","123,23",15800,130,80345
Data,Ocup,Opção,Cheg,Oferta/Uso Interno,Deduz. Individ.,Deduz. Grupos,% Ocup.,Receita Quartos,Preço Médio,Saídas,Quartos FdS,Adul. / Cri.,setembro,Previsão,16-set-2026 qua,17,53,16,0,0,0,17,"51,85","2 494,59","35,64",1,0,33,264,968,103,0,0,35,229,"30,42","39 658,23","32,19",89,0,510,Total set,264,968,103,0,0,35,229,"30,42","39 658,23","32,19",89,0,510,Total,43980,4727,15665,0,64,37444,6536,"49,43","6 002 128,28","123,23",15800,130,80345
Data,Ocup,Opção,Cheg,Oferta/Uso Interno,Deduz. Individ.,Deduz. Grupos,% Ocup.,Receita Quartos,Preço Médio,Saídas,Quartos FdS,Adul. / Cri.,setembro,Previsão,17-set-2026 qui,18,56,1,0,0,0,18,"54,81","2 630,80","35,55",0,0,35,264,968,103,0,0,35,229,"30,42","39 658,23","32,19",89,0,510,Total set,264,968,103,0,0,35,229,"30,42","39 658,23","32,19",89,0,510,Total,43980,4727,15665,0,64,37444,6536,"49,43","6 002 128,28","123,23",15800,130,80345
Data,Ocup,Opção,Cheg,Oferta/Uso Interno,Deduz. Individ.,Deduz. Grupos,% Ocup.,Receita Quartos,Preço Médio,Saídas,Quartos FdS,Adul. / Cri.,setembro,Previsão,18-set-2026 sex,17,53,0,0,0,0,17,"51,85","2 494,59","35,64",1,0,33,264,968,103,0,0,35,229,"30,42","39 658,23","32,19",89,0,510,Total set,264,968,103,0,0,35,229,"30,42","39 658,23","32,19",89,0,510,Total,43980,4727,15665,0,64,37444,6536,"49,43","6 002 128,28","123,23",15800,130,80345
Data,Ocup,Opção,Cheg,Oferta/Uso Interno,Deduz. Individ.,Deduz. Grupos,% Ocup.,Receita Quartos,Preço Médio,Saídas,Quartos FdS,Adul. / Cri.,setembro,Previsão,19-set-2026 sáb,0,17,0,0,0,0,0,"12,59",-,-,17,0,0,264,968,103,0,0,35,229,"30,42","39 658,23","32,19",89,0,510,Total set,264,968,103,0,0,35,229,"30,42","39 658,23","32,19",89,0,510,Total,43980,4727,15665,0,64,37444,6536,"49,43","6 002 128,28","123,23",15800,130,80345
Data,Ocup,Opção,Cheg,Oferta/Uso Interno,Deduz. Individ.,Deduz. Grupos,% Ocup.,Receita Quartos,Preço Médio,Saídas,Quartos FdS,Adul. / Cri.,setembro,Previsão,20-set-2026 dom,0,35,0,0,0,0,0,"25,93",-,-,0,0,0,264,968,103,0,0,35,229,"30,42","39 658,23","32,19",89,0,510,Total set,264,968,103,0,0,35,229,"30,42","39 658,23","32,19",89,0,510,Total,43980,4727,15665,0,64,37444,6536,"49,43","6 002 128,28","123,23",15800,130,80345
Data,Ocup,Opção,Cheg,Oferta/Uso Interno,Deduz. Individ.,Deduz. Grupos,% Ocup.,Receita Quartos,Preço Médio,Saídas,Quartos FdS,Adul. / Cri.,setembro,Previsão,21-set-2026 seg,1,35,1,0,0,1,0,"26,67","219,79","6,11",0,0,2,264,968,103,0,0,35,229,"30,42","39 658,23","32,19",89,0,510,Total set,264,968,103,0,0,35,229,"30,42","39 658,23","32,19",89,0,510,Total,43980,4727,15665,0,64,37444,6536,"49,43","6 002 128,28","123,23",15800,130,80345
Data,Ocup,Opção,Cheg,Oferta/Uso Interno,Deduz. Individ.,Deduz. Grupos,% Ocup.,Receita Quartos,Preço Médio,Saídas,Quartos FdS,Adul. / Cri.,setembro,Previsão,22-set-2026 ter,3,26,2,0,0,2,1,"21,48","509,01","17,55",0,0,5,264,968,103,0,0,35,229,"30,42","39 658,23","32,19",89,0,510,Total set,264,968,103,0,0,35,229,"30,42","39 658,23","32,19",89,0,510,Total,43980,4727,15665,0,64,37444,6536,"49,43","6 002 128,28","123,23",15800,130,80345
Data,Ocup,Opção,Cheg,Oferta/Uso Interno,Deduz. Individ.,Deduz. Grupos,% Ocup.,Receita Quartos,Preço Médio,Saídas,Quartos FdS,Adul. / Cri.,setembro,Previsão,23-set-2026 qua,20,13,18,0,0,3,17,"24,44","2 934,63","88,93",1,0,39,264,968,103,0,0,35,229,"30,42","39 658,23","32,19",89,0,510,Total set,264,968,103,0,0,35,229,"30,42","39 658,23","32,19",89,0,510,Total,43980,4727,15665,0,64,37444,6536,"49,43","6 002 128,28","123,23",15800,130,80345
Data,Ocup,Opção,Cheg,Oferta/Uso Interno,Deduz. Individ.,Deduz. Grupos,% Ocup.,Receita Quartos,Preço Médio,Saídas,Quartos FdS,Adul. / Cri.,setembro,Previsão,24-set-2026 qui,19,17,0,0,0,2,17,"26,67","2 787,10","77,42",1,0,37,264,968,103,0,0,35,229,"30,42","39 658,23","32,19",89,0,510,Total set,264,968,103,0,0,35,229,"30,42","39 658,23","32,19",89,0,510,Total,43980,4727,15665,0,64,37444,6536,"49,43","6 002 128,28","123,23",15800,130,80345
Data,Ocup,Opção,Cheg,Oferta/Uso Interno,Deduz. Individ.,Deduz. Grupos,% Ocup.,Receita Quartos,Preço Médio,Saídas,Quartos FdS,Adul. / Cri.,setembro,Previsão,25-set-2026 sex,21,13,2,0,0,4,17,"25,19","3 155,52","92,81",0,0,41,264,968,103,0,0,35,229,"30,42","39 658,23","32,19",89,0,510,Total set,264,968,103,0,0,35,229,"30,42","39 658,23","32,19",89,0,510,Total,43980,4727,15665,0,64,37444,6536,"49,43","6 002 128,28","123,23",15800,130,80345
Data,Ocup,Opção,Cheg,Oferta/Uso Interno,Deduz. Individ.,Deduz. Grupos,% Ocup.,Receita Quartos,Preço Médio,Saídas,Quartos FdS,Adul. / Cri.,setembro,Previsão,26-set-2026 sáb,2,15,1,0,0,1,1,"12,59","263,40","15,49",20,0,4,264,968,103,0,0,35,229,"30,42","39 658,23","32,19",89,0,510,Total set,264,968,103,0,0,35,229,"30,42","39 658,23","32,19",89,0,510,Total,43980,4727,15665,0,64,37444,6536,"49,43","6 002 128,28","123,23",15800,130,80345
Data,Ocup,Opção,Cheg,Oferta/Uso Interno,Deduz. Individ.,Deduz. Grupos,% Ocup.,Receita Quartos,Preço Médio,Saídas,Quartos FdS,Adul. / Cri.,setembro,Previsão,27-set-2026 dom,0,36,0,0,0,0,0,"26,67",-,-,2,0,0,264,968,103,0,0,35,229,"30,42","39 658,23","32,19",89,0,510,Total set,264,968,103,0,0,35,229,"30,42","39 658,23","32,19",89,0,510,Total,43980,4727,15665,0,64,37444,6536,"49,43","6 002 128,28","123,23",15800,130,80345
Data,Ocup,Opção,Cheg,Oferta/Uso Interno,Deduz. Individ.,Deduz. Grupos,% Ocup.,Receita Quartos,Preço Médio,Saídas,Quartos FdS,Adul. / Cri.,setembro,Previsão,28-set-2026 seg,2,36,2,0,0,2,0,"28,15","392,13","10,32",0,0,4,264,968,103,0,0,35,229,"30,42","39 658,23","32,19",89,0,510,Total set,264,968,103,0,0,35,229,"30,42","39 658,23","32,19",89,0,510,Total,43980,4727,15665,0,64,37444,6536,"49,43","6 002 128,28","123,23",15800,130,80345
Data,Ocup,Opção,Cheg,Oferta/Uso Interno,Deduz. Individ.,Deduz. Grupos,% Ocup.,Receita Quartos,Preço Médio,Saídas,Quartos FdS,Adul. / Cri.,setembro,Previsão,29-set-2026 ter,2,49,1,0,0,1,1,"37,78","348,56","6,83",1,0,3,264,968,103,0,0,35,229,"30,42","39 658,23","32,19",89,0,510,Total set,264,968,103,0,0,35,229,"30,42","39 658,23","32,19",89,0,510,Total,43980,4727,15665,0,64,37444,6536,"49,43","6 002 128,28","123,23",15800,130,80345
Data,Ocup,Opção,Cheg,Oferta/Uso Interno,Deduz. Individ.,Deduz. Grupos,% Ocup.,Receita Quartos,Preço Médio,Saídas,Quartos FdS,Adul. / Cri.,setembro,Previsão,30-set-2026 qua,17,35,16,0,0,0,17,"38,52","2 494,59","47,97",1,0,33,264,968,103,0,0,35,229,"30,42","39 658,23","32,19",89,0,510,Total set,264,968,103,0,0,35,229,"30,42","39 658,23","32,19",89,0,510,Total,43980,4727,15665,0,64,37444,6536,"49,43","6 002 128,28","123,23",15800,130,80345
Data,Ocup,Opção,Cheg,Oferta/Uso Interno,Deduz. Individ.,Deduz. Grupos,% Ocup.,Receita Quartos,Preço Médio,Saídas,Quartos FdS,Adul. / Cri.,outubro,Previsão,01-out-2026 qui,17,39,0,0,0,0,17,"41,48","2 494,59","44,55",0,0,33,258,486,78,0,0,15,243,"17,78","37 901,60","50,94",95,0,492,Total out,258,486,78,0,0,15,243,"17,78","37 901,60","50,94",95,0,492,Total,43980,4727,15665,0,64,37444,6536,"49,43","6 002 128,28","123,23",15800,130,80345
Data,Ocup,Opção,Cheg,Oferta/Uso Interno,Deduz. Individ.,Deduz. Grupos,% Ocup.,Receita Quartos,Preço Médio,Saídas,Quartos FdS,Adul. / Cri.,outubro,Previsão,02-out-2026 sex,17,13,0,0,0,0,17,"22,22","2 494,59","83,15",0,0,33,258,486,78,0,0,15,243,"17,78","37 901,60","50,94",95,0,492,Total out,258,486,78,0,0,15,243,"17,78","37 901,60","50,94",95,0,492,Total,43980,4727,15665,0,64,37444,6536,"49,43","6 002 128,28","123,23",15800,130,80345
Data,Ocup,Opção,Cheg,Oferta/Uso Interno,Deduz. Individ.,Deduz. Grupos,% Ocup.,Receita Quartos,Preço Médio,Saídas,Quartos FdS,Adul. / Cri.,outubro,Previsão,03-out-2026 sáb,0,18,0,0,0,0,0,"13,33",-,-,17,0,0,258,486,78,0,0,15,243,"17,78","37 901,60","50,94",95,0,492,Total out,258,486,78,0,0,15,243,"17,78","37 901,60","50,94",95,0,492,Total,43980,4727,15665,0,64,37444,6536,"49,43","6 002 128,28","123,23",15800,130,80345
Data,Ocup,Opção,Cheg,Oferta/Uso Interno,Deduz. Individ.,Deduz. Grupos,% Ocup.,Receita Quartos,Preço Médio,Saídas,Quartos FdS,Adul. / Cri.,outubro,Previsão,04-out-2026 dom,0,14,0,0,0,0,0,"10,37",-,-,0,0,0,258,486,78,0,0,15,243,"17,78","37 901,60","50,94",95,0,492,Total out,258,486,78,0,0,15,243,"17,78","37 901,60","50,94",95,0,492,Total,43980,4727,15665,0,64,37444,6536,"49,43","6 002 128,28","123,23",15800,130,80345
Data,Ocup,Opção,Cheg,Oferta/Uso Interno,Deduz. Individ.,Deduz. Grupos,% Ocup.,Receita Quartos,Preço Médio,Saídas,Quartos FdS,Adul. / Cri.,outubro,Previsão,05-out-2026 seg,6,14,6,0,0,6,0,"14,81","921,18","46,06",0,0,9,258,486,78,0,0,15,243,"17,78","37 901,60","50,94",95,0,492,Total out,258,486,78,0,0,15,243,"17,78","37 901,60","50,94",95,0,492,Total,43980,4727,15665,0,64,37444,6536,"49,43","6 002 128,28","123,23",15800,130,80345
Data,Ocup,Opção,Cheg,Oferta/Uso Interno,Deduz. Individ.,Deduz. Grupos,% Ocup.,Receita Quartos,Preço Médio,Saídas,Quartos FdS,Adul. / Cri.,outubro,Previsão,06-out-2026 ter,8,5,2,0,0,6,2,"9,63","1 200,02","92,31",0,0,12,258,486,78,0,0,15,243,"17,78","37 901,60","50,94",95,0,492,Total out,258,486,78,0,0,15,243,"17,78","37 901,60","50,94",95,0,492,Total,43980,4727,15665,0,64,37444,6536,"49,43","6 002 128,28","123,23",15800,130,80345
Data,Ocup,Opção,Cheg,Oferta/Uso Interno,Deduz. Individ.,Deduz. Grupos,% Ocup.,Receita Quartos,Preço Médio,Saídas,Quartos FdS,Adul. / Cri.,outubro,Previsão,07-out-2026 qua,17,14,16,0,0,0,17,"22,96","2 494,59","80,47",7,0,33,258,486,78,0,0,15,243,"17,78","37 901,60","50,94",95,0,492,Total out,258,486,78,0,0,15,243,"17,78","37 901,60","50,94",95,0,492,Total,43980,4727,15665,0,64,37444,6536,"49,43","6 002 128,28","123,23",15800,130,80345
Data,Ocup,Opção,Cheg,Oferta/Uso Interno,Deduz. Individ.,Deduz. Grupos,% Ocup.,Receita Quartos,Preço Médio,Saídas,Quartos FdS,Adul. / Cri.,outubro,Previsão,08-out-2026 qui,17,18,0,0,0,0,17,"25,93","2 494,59","71,27",0,0,33,258,486,78,0,0,15,243,"17,78","37 901,60","50,94",95,0,492,Total out,258,486,78,0,0,15,243,"17,78","37 901,60","50,94",95,0,492,Total,43980,4727,15665,0,64,37444,6536,"49,43","6 002 128,28","123,23",15800,130,80345
Data,Ocup,Opção,Cheg,Oferta/Uso Interno,Deduz. Individ.,Deduz. Grupos,% Ocup.,Receita Quartos,Preço Médio,Saídas,Quartos FdS,Adul. / Cri.,outubro,Previsão,09-out-2026 sex,17,14,0,0,0,0,17,"22,96","2 494,59","80,47",0,0,33,258,486,78,0,0,15,243,"17,78","37 901,60","50,94",95,0,492,Total out,258,486,78,0,0,15,243,"17,78","37 901,60","50,94",95,0,492,Total,43980,4727,15665,0,64,37444,6536,"49,43","6 002 128,28","123,23",15800,130,80345
Data,Ocup,Opção,Cheg,Oferta/Uso Interno,Deduz. Individ.,Deduz. Grupos,% Ocup.,Receita Quartos,Preço Médio,Saídas,Quartos FdS,Adul. / Cri.,outubro,Previsão,10-out-2026 sáb,0,48,0,0,0,0,0,"35,56",-,-,17,0,0,258,486,78,0,0,15,243,"17,78","37 901,60","50,94",95,0,492,Total out,258,486,78,0,0,15,243,"17,78","37 901,60","50,94",95,0,492,Total,43980,4727,15665,0,64,37444,6536,"49,43","6 002 128,28","123,23",15800,130,80345
Data,Ocup,Opção,Cheg,Oferta/Uso Interno,Deduz. Individ.,Deduz. Grupos,% Ocup.,Receita Quartos,Preço Médio,Saídas,Quartos FdS,Adul. / Cri.,outubro,Previsão,11-out-2026 dom,0,44,0,0,0,0,0,"32,59",-,-,0,0,0,258,486,78,0,0,15,243,"17,78","37 901,60","50,94",95,0,492,Total out,258,486,78,0,0,15,243,"17,78","37 901,60","50,94",95,0,492,Total,43980,4727,15665,0,64,37444,6536,"49,43","6 002 128,28","123,23",15800,130,80345
Data,Ocup,Opção,Cheg,Oferta/Uso Interno,Deduz. Individ.,Deduz. Grupos,% Ocup.,Receita Quartos,Preço Médio,Saídas,Quartos FdS,Adul. / Cri.,outubro,Previsão,12-out-2026 seg,0,44,0,0,0,0,0,"32,59",-,-,0,0,0,258,486,78,0,0,15,243,"17,78","37 901,60","50,94",95,0,492,Total out,258,486,78,0,0,15,243,"17,78","37 901,60","50,94",95,0,492,Total,43980,4727,15665,0,64,37444,6536,"49,43","6 002 128,28","123,23",15800,130,80345
Data,Ocup,Opção,Cheg,Oferta/Uso Interno,Deduz. Individ.,Deduz. Grupos,% Ocup.,Receita Quartos,Preço Médio,Saídas,Quartos FdS,Adul. / Cri.,outubro,Previsão,13-out-2026 ter,2,35,2,0,0,1,1,"27,41","321,29","8,68",0,0,3,258,486,78,0,0,15,243,"17,78","37 901,60","50,94",95,0,492,Total out,258,486,78,0,0,15,243,"17,78","37 901,60","50,94",95,0,492,Total,43980,4727,15665,0,64,37444,6536,"49,43","6 002 128,28","123,23",15800,130,80345
Data,Ocup,Opção,Cheg,Oferta/Uso Interno,Deduz. Individ.,Deduz. Grupos,% Ocup.,Receita Quartos,Preço Médio,Saídas,Quartos FdS,Adul. / Cri.,outubro,Previsão,14-out-2026 qua,17,14,16,0,0,0,17,"22,96","2 494,59","80,47",1,0,33,258,486,78,0,0,15,243,"17,78","37 901,60","50,94",95,0,492,Total out,258,486,78,0,0,15,243,"17,78","37 901,60","50,94",95,0,492,Total,43980,4727,15665,0,64,37444,6536,"49,43","6 002 128,28","123,23",15800,130,80345
Data,Ocup,Opção,Cheg,Oferta/Uso Interno,Deduz. Individ.,Deduz. Grupos,% Ocup.,Receita Quartos,Preço Médio,Saídas,Quartos FdS,Adul. / Cri.,outubro,Previsão,15-out-2026 qui,17,19,0,0,0,0,17,"26,67","2 494,59","69,29",0,0,33,258,486,78,0,0,15,243,"17,78","37 901,60","50,94",95,0,492,Total out,258,486,78,0,0,15,243,"17,78","37 901,60","50,94",95,0,492,Total,43980,4727,15665,0,64,37444,6536,"49,43","6 002 128,28","123,23",15800,130,80345
Data,Ocup,Opção,Cheg,Oferta/Uso Interno,Deduz. Individ.,Deduz. Grupos,% Ocup.,Receita Quartos,Preço Médio,Saídas,Quartos FdS,Adul. / Cri.,outubro,Previsão,16-out-2026 sex,17,15,0,0,0,0,17,"23,70","2 494,59","77,96",0,0,33,258,486,78,0,0,15,243,"17,78","37 901,60","50,94",95,0,492,Total out,258,486,78,0,0,15,243,"17,78","37 901,60","50,94",95,0,492,Total,43980,4727,15665,0,64,37444,6536,"49,43","6 002 128,28","123,23",15800,130,80345
Data,Ocup,Opção,Cheg,Oferta/Uso Interno,Deduz. Individ.,Deduz. Grupos,% Ocup.,Receita Quartos,Preço Médio,Saídas,Quartos FdS,Adul. / Cri.,outubro,Previsão,17-out-2026 sáb,0,18,0,0,0,0,0,"13,33",-,-,17,0,0,258,486,78,0,0,15,243,"17,78","37 901,60","50,94",95,0,492,Total out,258,486,78,0,0,15,243,"17,78","37 901,60","50,94",95,0,492,Total,43980,4727,15665,0,64,37444,6536,"49,43","6 002 128,28","123,23",15800,130,80345
Data,Ocup,Opção,Cheg,Oferta/Uso Interno,Deduz. Individ.,Deduz. Grupos,% Ocup.,Receita Quartos,Preço Médio,Saídas,Quartos FdS,Adul. / Cri.,outubro,Previsão,18-out-2026 dom,0,14,0,0,0,0,0,"10,37",-,-,0,0,0,258,486,78,0,0,15,243,"17,78","37 901,60","50,94",95,0,492,Total out,258,486,78,0,0,15,243,"17,78","37 901,60","50,94",95,0,492,Total,43980,4727,15665,0,64,37444,6536,"49,43","6 002 128,28","123,23",15800,130,80345
Data,Ocup,Opção,Cheg,Oferta/Uso Interno,Deduz. Individ.,Deduz. Grupos,% Ocup.,Receita Quartos,Preço Médio,Saídas,Quartos FdS,Adul. / Cri.,outubro,Previsão,19-out-2026 seg,0,13,0,0,0,0,0,"9,63",-,-,0,0,0,258,486,78,0,0,15,243,"17,78","37 901,60","50,94",95,0,492,Total out,258,486,78,0,0,15,243,"17,78","37 901,60","50,94",95,0,492,Total,43980,4727,15665,0,64,37444,6536,"49,43","6 002 128,28","123,23",15800,130,80345
Data,Ocup,Opção,Cheg,Oferta/Uso Interno,Deduz. Individ.,Deduz. Grupos,% Ocup.,Receita Quartos,Preço Médio,Saídas,Quartos FdS,Adul. / Cri.,outubro,Previsão,20-out-2026 ter,3,0,3,0,0,2,1,"2,22","393,10","131,03",0,0,5,258,486,78,0,0,15,243,"17,78","37 901,60","50,94",95,0,492,Total out,258,486,78,0,0,15,243,"17,78","37 901,60","50,94",95,0,492,Total,43980,4727,15665,0,64,37444,6536,"49,43","6 002 128,28","123,23",15800,130,80345
Data,Ocup,Opção,Cheg,Oferta/Uso Interno,Deduz. Individ.,Deduz. Grupos,% Ocup.,Receita Quartos,Preço Médio,Saídas,Quartos FdS,Adul. / Cri.,outubro,Previsão,21-out-2026 qua,17,0,16,0,0,0,17,"12,59","2 494,59","146,74",2,0,33,258,486,78,0,0,15,243,"17,78","37 901,60","50,94",95,0,492,Total out,258,486,78,0,0,15,243,"17,78","37 901,60","50,94",95,0,492,Total,43980,4727,15665,0,64,37444,6536,"49,43","6 002 128,28","123,23",15800,130,80345
Data,Ocup,Opção,Cheg,Oferta/Uso Interno,Deduz. Individ.,Deduz. Grupos,% Ocup.,Receita Quartos,Preço Médio,Saídas,Quartos FdS,Adul. / Cri.,outubro,Previsão,22-out-2026 qui,17,4,0,0,0,0,17,"15,56","2 494,59","118,79",0,0,33,258,486,78,0,0,15,243,"17,78","37 901,60","50,94",95,0,492,Total out,258,486,78,0,0,15,243,"17,78","37 901,60","50,94",95,0,492,Total,43980,4727,15665,0,64,37444,6536,"49,43","6 002 128,28","123,23",15800,130,80345
Data,Ocup,Opção,Cheg,Oferta/Uso Interno,Deduz. Individ.,Deduz. Grupos,% Ocup.,Receita Quartos,Preço Médio,Saídas,Quartos FdS,Adul. / Cri.,outubro,Previsão,23-out-2026 sex,17,13,0,0,0,0,17,"22,22","2 494,59","83,15",0,0,33,258,486,78,0,0,15,243,"17,78","37 901,60","50,94",95,0,492,Total out,258,486,78,0,0,15,243,"17,78","37 901,60","50,94",95,0,492,Total,43980,4727,15665,0,64,37444,6536,"49,43","6 002 128,28","123,23",15800,130,80345
Data,Ocup,Opção,Cheg,Oferta/Uso Interno,Deduz. Individ.,Deduz. Grupos,% Ocup.,Receita Quartos,Preço Médio,Saídas,Quartos FdS,Adul. / Cri.,outubro,Previsão,24-out-2026 sáb,0,17,0,0,0,0,0,"12,59",-,-,17,0,0,258,486,78,0,0,15,243,"17,78","37 901,60","50,94",95,0,492,Total out,258,486,78,0,0,15,243,"17,78","37 901,60","50,94",95,0,492,Total,43980,4727,15665,0,64,37444,6536,"49,43","6 002 128,28","123,23",15800,130,80345
Data,Ocup,Opção,Cheg,Oferta/Uso Interno,Deduz. Individ.,Deduz. Grupos,% Ocup.,Receita Quartos,Preço Médio,Saídas,Quartos FdS,Adul. / Cri.,outubro,Previsão,25-out-2026 dom,0,26,0,0,0,0,0,"19,26",-,-,0,0,0,258,486,78,0,0,15,243,"17,78","37 901,60","50,94",95,0,492,Total out,258,486,78,0,0,15,243,"17,78","37 901,60","50,94",95,0,492,Total,43980,4727,15665,0,64,37444,6536,"49,43","6 002 128,28","123,23",15800,130,80345
Data,Ocup,Opção,Cheg,Oferta/Uso Interno,Deduz. Individ.,Deduz. Grupos,% Ocup.,Receita Quartos,Preço Médio,Saídas,Quartos FdS,Adul. / Cri.,outubro,Previsão,26-out-2026 seg,0,13,0,0,0,0,0,"9,63",-,-,0,0,0,258,486,78,0,0,15,243,"17,78","37 901,60","50,94",95,0,492,Total out,258,486,78,0,0,15,243,"17,78","37 901,60","50,94",95,0,492,Total,43980,4727,15665,0,64,37444,6536,"49,43","6 002 128,28","123,23",15800,130,80345
Data,Ocup,Opção,Cheg,Oferta/Uso Interno,Deduz. Individ.,Deduz. Grupos,% Ocup.,Receita Quartos,Preço Médio,Saídas,Quartos FdS,Adul. / Cri.,outubro,Previsão,27-out-2026 ter,1,0,1,0,0,0,1,"0,74","141,69","141,69",0,0,1,258,486,78,0,0,15,243,"17,78","37 901,60","50,94",95,0,492,Total out,258,486,78,0,0,15,243,"17,78","37 901,60","50,94",95,0,492,Total,43980,4727,15665,0,64,37444,6536,"49,43","6 002 128,28","123,23",15800,130,80345
Data,Ocup,Opção,Cheg,Oferta/Uso Interno,Deduz. Individ.,Deduz. Grupos,% Ocup.,Receita Quartos,Preço Médio,Saídas,Quartos FdS,Adul. / Cri.,outubro,Previsão,28-out-2026 qua,17,0,16,0,0,0,17,"12,59","2 494,59","146,74",0,0,33,258,486,78,0,0,15,243,"17,78","37 901,60","50,94",95,0,492,Total out,258,486,78,0,0,15,243,"17,78","37 901,60","50,94",95,0,492,Total,43980,4727,15665,0,64,37444,6536,"49,43","6 002 128,28","123,23",15800,130,80345
Data,Ocup,Opção,Cheg,Oferta/Uso Interno,Deduz. Individ.,Deduz. Grupos,% Ocup.,Receita Quartos,Preço Médio,Saídas,Quartos FdS,Adul. / Cri.,outubro,Previsão,29-out-2026 qui,17,0,0,0,0,0,17,"12,59","2 494,59","146,74",0,0,33,258,486,78,0,0,15,243,"17,78","37 901,60","50,94",95,0,492,Total out,258,486,78,0,0,15,243,"17,78","37 901,60","50,94",95,0,492,Total,43980,4727,15665,0,64,37444,6536,"49,43","6 002 128,28","123,23",15800,130,80345
Data,Ocup,Opção,Cheg,Oferta/Uso Interno,Deduz. Individ.,Deduz. Grupos,% Ocup.,Receita Quartos,Preço Médio,Saídas,Quartos FdS,Adul. / Cri.,outubro,Previsão,30-out-2026 sex,17,0,0,0,0,0,17,"12,59","2 494,59","146,74",0,0,33,258,486,78,0,0,15,243,"17,78","37 901,60","50,94",95,0,492,Total out,258,486,78,0,0,15,243,"17,78","37 901,60","50,94",95,0,492,Total,43980,4727,15665,0,64,37444,6536,"49,43","6 002 128,28","123,23",15800,130,80345
Data,Ocup,Opção,Cheg,Oferta/Uso Interno,Deduz. Individ.,Deduz. Grupos,% Ocup.,Receita Quartos,Preço Médio,Saídas,Quartos FdS,Adul. / Cri.,outubro,Previsão,31-out-2026 sáb,0,0,0,0,0,0,0,-,-,NaN,17,0,0,258,486,78,0,0,15,243,"17,78","37 901,60","50,94",95,0,492,Total out,258,486,78,0,0,15,243,"17,78","37 901,60","50,94",95,0,492,Total,43980,4727,15665,0,64,37444,6536,"49,43","6 002 128,28","123,23",15800,130,80345
Data,Ocup,Opção,Cheg,Oferta/Uso Interno,Deduz. Individ.,Deduz. Grupos,% Ocup.,Receita Quartos,Preço Médio,Saídas,Quartos FdS,Adul. / Cri.,novembro,Previsão,01-nov-2026 dom,0,0,0,0,0,0,0,-,-,NaN,0,0,0,5,260,2,0,0,5,0,"6,54","631,53","2,38",2,0,7,Total nov,5,260,2,0,0,5,0,"6,54","631,53","2,38",2,0,7,Total,43980,4727,15665,0,64,37444,6536,"49,43","6 002 128,28","123,23",15800,130,80345
Data,Ocup,Opção,Cheg,Oferta/Uso Interno,Deduz. Individ.,Deduz. Grupos,% Ocup.,Receita Quartos,Preço Médio,Saídas,Quartos FdS,Adul. / Cri.,novembro,Previsão,02-nov-2026 seg,0,0,0,0,0,0,0,-,-,NaN,0,0,0,5,260,2,0,0,5,0,"6,54","631,53","2,38",2,0,7,Total nov,5,260,2,0,0,5,0,"6,54","631,53","2,38",2,0,7,Total,43980,4727,15665,0,64,37444,6536,"49,43","6 002 128,28","123,23",15800,130,80345
Data,Ocup,Opção,Cheg,Oferta/Uso Interno,Deduz. Individ.,Deduz. Grupos,% Ocup.,Receita Quartos,Preço Médio,Saídas,Quartos FdS,Adul. / Cri.,novembro,Previsão,03-nov-2026 ter,0,15,0,0,0,0,0,"11,11",-,-,0,0,0,5,260,2,0,0,5,0,"6,54","631,53","2,38",2,0,7,Total nov,5,260,2,0,0,5,0,"6,54","631,53","2,38",2,0,7,Total,43980,4727,15665,0,64,37444,6536,"49,43","6 002 128,28","123,23",15800,130,80345
Data,Ocup,Opção,Cheg,Oferta/Uso Interno,Deduz. Individ.,Deduz. Grupos,% Ocup.,Receita Quartos,Preço Médio,Saídas,Quartos FdS,Adul. / Cri.,novembro,Previsão,04-nov-2026 qua,0,15,0,0,0,0,0,"11,11",-,-,0,0,0,5,260,2,0,0,5,0,"6,54","631,53","2,38",2,0,7,Total nov,5,260,2,0,0,5,0,"6,54","631,53","2,38",2,0,7,Total,43980,4727,15665,0,64,37444,6536,"49,43","6 002 128,28","123,23",15800,130,80345
Data,Ocup,Opção,Cheg,Oferta/Uso Interno,Deduz. Individ.,Deduz. Grupos,% Ocup.,Receita Quartos,Preço Médio,Saídas,Quartos FdS,Adul. / Cri.,novembro,Previsão,05-nov-2026 qui,0,15,0,0,0,0,0,"11,11",-,-,0,0,0,5,260,2,0,0,5,0,"6,54","631,53","2,38",2,0,7,Total nov,5,260,2,0,0,5,0,"6,54","631,53","2,38",2,0,7,Total,43980,4727,15665,0,64,37444,6536,"49,43","6 002 128,28","123,23",15800,130,80345
Data,Ocup,Opção,Cheg,Oferta/Uso Interno,Deduz. Individ.,Deduz. Grupos,% Ocup.,Receita Quartos,Preço Médio,Saídas,Quartos FdS,Adul. / Cri.,novembro,Previsão,06-nov-2026 sex,1,15,1,0,0,1,0,"11,85","127,02","7,94",0,0,1,5,260,2,0,0,5,0,"6,54","631,53","2,38",2,0,7,Total nov,5,260,2,0,0,5,0,"6,54","631,53","2,38",2,0,7,Total,43980,4727,15665,0,64,37444,6536,"49,43","6 002 128,28","123,23",15800,130,80345
Data,Ocup,Opção,Cheg,Oferta/Uso Interno,Deduz. Individ.,Deduz. Grupos,% Ocup.,Receita Quartos,Preço Médio,Saídas,Quartos FdS,Adul. / Cri.,novembro,Previsão,07-nov-2026 sáb,1,0,0,0,0,1,0,"0,74","127,02","127,02",0,0,1,5,260,2,0,0,5,0,"6,54","631,53","2,38",2,0,7,Total nov,5,260,2,0,0,5,0,"6,54","631,53","2,38",2,0,7,Total,43980,4727,15665,0,64,37444,6536,"49,43","6 002 128,28","123,23",15800,130,80345
Data,Ocup,Opção,Cheg,Oferta/Uso Interno,Deduz. Individ.,Deduz. Grupos,% Ocup.,Receita Quartos,Preço Médio,Saídas,Quartos FdS,Adul. / Cri.,novembro,Previsão,08-nov-2026 dom,1,0,0,0,0,1,0,"0,74","112,58","112,58",0,0,1,5,260,2,0,0,5,0,"6,54","631,53","2,38",2,0,7,Total nov,5,260,2,0,0,5,0,"6,54","631,53","2,38",2,0,7,Total,43980,4727,15665,0,64,37444,6536,"49,43","6 002 128,28","123,23",15800,130,80345
Data,Ocup,Opção,Cheg,Oferta/Uso Interno,Deduz. Individ.,Deduz. Grupos,% Ocup.,Receita Quartos,Preço Médio,Saídas,Quartos FdS,Adul. / Cri.,novembro,Previsão,09-nov-2026 seg,0,0,0,0,0,0,0,-,-,NaN,1,0,0,5,260,2,0,0,5,0,"6,54","631,53","2,38",2,0,7,Total nov,5,260,2,0,0,5,0,"6,54","631,53","2,38",2,0,7,Total,43980,4727,15665,0,64,37444,6536,"49,43","6 002 128,28","123,23",15800,130,80345
Data,Ocup,Opção,Cheg,Oferta/Uso Interno,Deduz. Individ.,Deduz. Grupos,% Ocup.,Receita Quartos,Preço Médio,Saídas,Quartos FdS,Adul. / Cri.,novembro,Previsão,10-nov-2026 ter,0,15,0,0,0,0,0,"11,11",-,-,0,0,0,5,260,2,0,0,5,0,"6,54","631,53","2,38",2,0,7,Total nov,5,260,2,0,0,5,0,"6,54","631,53","2,38",2,0,7,Total,43980,4727,15665,0,64,37444,6536,"49,43","6 002 128,28","123,23",15800,130,80345
Data,Ocup,Opção,Cheg,Oferta/Uso Interno,Deduz. Individ.,Deduz. Grupos,% Ocup.,Receita Quartos,Preço Médio,Saídas,Quartos FdS,Adul. / Cri.,novembro,Previsão,11-nov-2026 qua,0,15,0,0,0,0,0,"11,11",-,-,0,0,0,5,260,2,0,0,5,0,"6,54","631,53","2,38",2,0,7,Total nov,5,260,2,0,0,5,0,"6,54","631,53","2,38",2,0,7,Total,43980,4727,15665,0,64,37444,6536,"49,43","6 002 128,28","123,23",15800,130,80345
Data,Ocup,Opção,Cheg,Oferta/Uso Interno,Deduz. Individ.,Deduz. Grupos,% Ocup.,Receita Quartos,Preço Médio,Saídas,Quartos FdS,Adul. / Cri.,novembro,Previsão,12-nov-2026 qui,0,15,0,0,0,0,0,"11,11",-,-,0,0,0,5,260,2,0,0,5,0,"6,54","631,53","2,38",2,0,7,Total nov,5,260,2,0,0,5,0,"6,54","631,53","2,38",2,0,7,Total,43980,4727,15665,0,64,37444,6536,"49,43","6 002 128,28","123,23",15800,130,80345
Data,Ocup,Opção,Cheg,Oferta/Uso Interno,Deduz. Individ.,Deduz. Grupos,% Ocup.,Receita Quartos,Preço Médio,Saídas,Quartos FdS,Adul. / Cri.,novembro,Previsão,13-nov-2026 sex,0,15,0,0,0,0,0,"11,11",-,-,0,0,0,5,260,2,0,0,5,0,"6,54","631,53","2,38",2,0,7,Total nov,5,260,2,0,0,5,0,"6,54","631,53","2,38",2,0,7,Total,43980,4727,15665,0,64,37444,6536,"49,43","6 002 128,28","123,23",15800,130,80345
Data,Ocup,Opção,Cheg,Oferta/Uso Interno,Deduz. Individ.,Deduz. Grupos,% Ocup.,Receita Quartos,Preço Médio,Saídas,Quartos FdS,Adul. / Cri.,novembro,Previsão,14-nov-2026 sáb,0,4,0,0,0,0,0,"2,96",-,-,0,0,0,5,260,2,0,0,5,0,"6,54","631,53","2,38",2,0,7,Total nov,5,260,2,0,0,5,0,"6,54","631,53","2,38",2,0,7,Total,43980,4727,15665,0,64,37444,6536,"49,43","6 002 128,28","123,23",15800,130,80345
Data,Ocup,Opção,Cheg,Oferta/Uso Interno,Deduz. Individ.,Deduz. Grupos,% Ocup.,Receita Quartos,Preço Médio,Saídas,Quartos FdS,Adul. / Cri.,novembro,Previsão,15-nov-2026 dom,0,13,0,0,0,0,0,"9,63",-,-,0,0,0,5,260,2,0,0,5,0,"6,54","631,53","2,38",2,0,7,Total nov,5,260,2,0,0,5,0,"6,54","631,53","2,38",2,0,7,Total,43980,4727,15665,0,64,37444,6536,"49,43","6 002 128,28","123,23",15800,130,80345
Data,Ocup,Opção,Cheg,Oferta/Uso Interno,Deduz. Individ.,Deduz. Grupos,% Ocup.,Receita Quartos,Preço Médio,Saídas,Quartos FdS,Adul. / Cri.,novembro,Previsão,16-nov-2026 seg,0,33,0,0,0,0,0,"24,44",-,-,0,0,0,5,260,2,0,0,5,0,"6,54","631,53","2,38",2,0,7,Total nov,5,260,2,0,0,5,0,"6,54","631,53","2,38",2,0,7,Total,43980,4727,15665,0,64,37444,6536,"49,43","6 002 128,28","123,23",15800,130,80345
Data,Ocup,Opção,Cheg,Oferta/Uso Interno,Deduz. Individ.,Deduz. Grupos,% Ocup.,Receita Quartos,Preço Médio,Saídas,Quartos FdS,Adul. / Cri.,novembro,Previsão,17-nov-2026 ter,1,20,1,0,0,1,0,"15,56","132,45","6,31",0,0,2,5,260,2,0,0,5,0,"6,54","631,53","2,38",2,0,7,Total nov,5,260,2,0,0,5,0,"6,54","631,53","2,38",2,0,7,Total,43980,4727,15665,0,64,37444,6536,"49,43","6 002 128,28","123,23",15800,130,80345
Data,Ocup,Opção,Cheg,Oferta/Uso Interno,Deduz. Individ.,Deduz. Grupos,% Ocup.,Receita Quartos,Preço Médio,Saídas,Quartos FdS,Adul. / Cri.,novembro,Previsão,18-nov-2026 qua,1,20,0,0,0,1,0,"15,56","132,45","6,31",0,0,2,5,260,2,0,0,5,0,"6,54","631,53","2,38",2,0,7,Total nov,5,260,2,0,0,5,0,"6,54","631,53","2,38",2,0,7,Total,43980,4727,15665,0,64,37444,6536,"49,43","6 002 128,28","123,23",15800,130,80345
Data,Ocup,Opção,Cheg,Oferta/Uso Interno,Deduz. Individ.,Deduz. Grupos,% Ocup.,Receita Quartos,Preço Médio,Saídas,Quartos FdS,Adul. / Cri.,novembro,Previsão,19-nov-2026 qui,0,20,0,0,0,0,0,"14,81",-,-,1,0,0,5,260,2,0,0,5,0,"6,54","631,53","2,38",2,0,7,Total nov,5,260,2,0,0,5,0,"6,54","631,53","2,38",2,0,7,Total,43980,4727,15665,0,64,37444,6536,"49,43","6 002 128,28","123,23",15800,130,80345
Data,Ocup,Opção,Cheg,Oferta/Uso Interno,Deduz. Individ.,Deduz. Grupos,% Ocup.,Receita Quartos,Preço Médio,Saídas,Quartos FdS,Adul. / Cri.,novembro,Previsão,20-nov-2026 sex,0,0,0,0,0,0,0,-,-,NaN,0,0,0,5,260,2,0,0,5,0,"6,54","631,53","2,38",2,0,7,Total nov,5,260,2,0,0,5,0,"6,54","631,53","2,38",2,0,7,Total,43980,4727,15665,0,64,37444,6536,"49,43","6 002 128,28","123,23",15800,130,80345
Data,Ocup,Opção,Cheg,Oferta/Uso Interno,Deduz. Individ.,Deduz. Grupos,% Ocup.,Receita Quartos,Preço Médio,Saídas,Quartos FdS,Adul. / Cri.,novembro,Previsão,21-nov-2026 sáb,0,4,0,0,0,0,0,"2,96",-,-,0,0,0,5,260,2,0,0,5,0,"6,54","631,53","2,38",2,0,7,Total nov,5,260,2,0,0,5,0,"6,54","631,53","2,38",2,0,7,Total,43980,4727,15665,0,64,37444,6536,"49,43","6 002 128,28","123,23",15800,130,80345
Data,Ocup,Opção,Cheg,Oferta/Uso Interno,Deduz. Individ.,Deduz. Grupos,% Ocup.,Receita Quartos,Preço Médio,Saídas,Quartos FdS,Adul. / Cri.,novembro,Previsão,22-nov-2026 dom,0,13,0,0,0,0,0,"9,63",-,-,0,0,0,5,260,2,0,0,5,0,"6,54","631,53","2,38",2,0,7,Total nov,5,260,2,0,0,5,0,"6,54","631,53","2,38",2,0,7,Total,43980,4727,15665,0,64,37444,6536,"49,43","6 002 128,28","123,23",15800,130,80345
Data,Ocup,Opção,Cheg,Oferta/Uso Interno,Deduz. Individ.,Deduz. Grupos,% Ocup.,Receita Quartos,Preço Médio,Saídas,Quartos FdS,Adul. / Cri.,novembro,Previsão,23-nov-2026 seg,0,13,0,0,0,0,0,"9,63",-,-,0,0,0,5,260,2,0,0,5,0,"6,54","631,53","2,38",2,0,7,Total nov,5,260,2,0,0,5,0,"6,54","631,53","2,38",2,0,7,Total,43980,4727,15665,0,64,37444,6536,"49,43","6 002 128,28","123,23",15800,130,80345
Data,Ocup,Opção,Cheg,Oferta/Uso Interno,Deduz. Individ.,Deduz. Grupos,% Ocup.,Receita Quartos,Preço Médio,Saídas,Quartos FdS,Adul. / Cri.,novembro,Previsão,24-nov-2026 ter,0,0,0,0,0,0,0,-,-,NaN,0,0,0,5,260,2,0,0,5,0,"6,54","631,53","2,38",2,0,7,Total nov,5,260,2,0,0,5,0,"6,54","631,53","2,38",2,0,7,Total,43980,4727,15665,0,64,37444,6536,"49,43","6 002 128,28","123,23",15800,130,80345
Data,Ocup,Opção,Cheg,Oferta/Uso Interno,Deduz. Individ.,Deduz. Grupos,% Ocup.,Receita Quartos,Preço Médio,Saídas,Quartos FdS,Adul. / Cri.,novembro,Previsão,25-nov-2026 qua,0,0,0,0,0,0,0,-,-,NaN,0,0,0,5,260,2,0,0,5,0,"6,54","631,53","2,38",2,0,7,Total nov,5,260,2,0,0,5,0,"6,54","631,53","2,38",2,0,7,Total,43980,4727,15665,0,64,37444,6536,"49,43","6 002 128,28","123,23",15800,130,80345
Data,Ocup,Opção,Cheg,Oferta/Uso Interno,Deduz. Individ.,Deduz. Grupos,% Ocup.,Receita Quartos,Preço Médio,Saídas,Quartos FdS,Adul. / Cri.,novembro,Previsão,26-nov-2026 qui,0,0,0,0,0,0,0,-,-,NaN,0,0,0,5,260,2,0,0,5,0,"6,54","631,53","2,38",2,0,7,Total nov,5,260,2,0,0,5,0,"6,54","631,53","2,38",2,0,7,Total,43980,4727,15665,0,64,37444,6536,"49,43","6 002 128,28","123,23",15800,130,80345
Data,Ocup,Opção,Cheg,Oferta/Uso Interno,Deduz. Individ.,Deduz. Grupos,% Ocup.,Receita Quartos,Preço Médio,Saídas,Quartos FdS,Adul. / Cri.,novembro,Previsão,27-nov-2026 sex,0,0,0,0,0,0,0,-,-,NaN,0,0,0,5,260,2,0,0,5,0,"6,54","631,53","2,38",2,0,7,Total nov,5,260,2,0,0,5,0,"6,54","631,53","2,38",2,0,7,Total,43980,4727,15665,0,64,37444,6536,"49,43","6 002 128,28","123,23",15800,130,80345
Data,Ocup,Opção,Cheg,Oferta/Uso Interno,Deduz. Individ.,Deduz. Grupos,% Ocup.,Receita Quartos,Preço Médio,Saídas,Quartos FdS,Adul. / Cri.,novembro,Previsão,28-nov-2026 sáb,0,0,0,0,0,0,0,-,-,NaN,0,0,0,5,260,2,0,0,5,0,"6,54","631,53","2,38",2,0,7,Total nov,5,260,2,0,0,5,0,"6,54","631,53","2,38",2,0,7,Total,43980,4727,15665,0,64,37444,6536,"49,43","6 002 128,28","123,23",15800,130,80345
Data,Ocup,Opção,Cheg,Oferta/Uso Interno,Deduz. Individ.,Deduz. Grupos,% Ocup.,Receita Quartos,Preço Médio,Saídas,Quartos FdS,Adul. / Cri.,novembro,Previsão,29-nov-2026 dom,0,0,0,0,0,0,0,-,-,NaN,0,0,0,5,260,2,0,0,5,0,"6,54","631,53","2,38",2,0,7,Total nov,5,260,2,0,0,5,0,"6,54","631,53","2,38",2,0,7,Total,43980,4727,15665,0,64,37444,6536,"49,43","6 002 128,28","123,23",15800,130,80345
Data,Ocup,Opção,Cheg,Oferta/Uso Interno,Deduz. Individ.,Deduz. Grupos,% Ocup.,Receita Quartos,Preço Médio,Saídas,Quartos FdS,Adul. / Cri.,novembro,Previsão,30-nov-2026 seg,0,0,0,0,0,0,0,-,-,NaN,0,0,0,5,260,2,0,0,5,0,"6,54","631,53","2,38",2,0,7,Total nov,5,260,2,0,0,5,0,"6,54","631,53","2,38",2,0,7,Total,43980,4727,15665,0,64,37444,6536,"49,43","6 002 128,28","123,23",15800,130,80345
Data,Ocup,Opção,Cheg,Oferta/Uso Interno,Deduz. Individ.,Deduz. Grupos,% Ocup.,Receita Quartos,Preço Médio,Saídas,Quartos FdS,Adul. / Cri.,dezembro,Previsão,01-dez-2026 ter,0,0,0,0,0,0,0,-,-,NaN,0,0,0,15,0,5,0,0,15,0,"0,36","1 871,18","124,75",5,0,29,Total dez,15,0,5,0,0,15,0,"0,36","1 871,18","124,75",5,0,29,Total,43980,4727,15665,0,64,37444,6536,"49,43","6 002 128,28","123,23",15800,130,80345
Data,Ocup,Opção,Cheg,Oferta/Uso Interno,Deduz. Individ.,Deduz. Grupos,% Ocup.,Receita Quartos,Preço Médio,Saídas,Quartos FdS,Adul. / Cri.,dezembro,Previsão,02-dez-2026 qua,0,0,0,0,0,0,0,-,-,NaN,0,0,0,15,0,5,0,0,15,0,"0,36","1 871,18","124,75",5,0,29,Total dez,15,0,5,0,0,15,0,"0,36","1 871,18","124,75",5,0,29,Total,43980,4727,15665,0,64,37444,6536,"49,43","6 002 128,28","123,23",15800,130,80345
Data,Ocup,Opção,Cheg,Oferta/Uso Interno,Deduz. Individ.,Deduz. Grupos,% Ocup.,Receita Quartos,Preço Médio,Saídas,Quartos FdS,Adul. / Cri.,dezembro,Previsão,03-dez-2026 qui,0,0,0,0,0,0,0,-,-,NaN,0,0,0,15,0,5,0,0,15,0,"0,36","1 871,18","124,75",5,0,29,Total dez,15,0,5,0,0,15,0,"0,36","1 871,18","124,75",5,0,29,Total,43980,4727,15665,0,64,37444,6536,"49,43","6 002 128,28","123,23",15800,130,80345
Data,Ocup,Opção,Cheg,Oferta/Uso Interno,Deduz. Individ.,Deduz. Grupos,% Ocup.,Receita Quartos,Preço Médio,Saídas,Quartos FdS,Adul. / Cri.,dezembro,Previsão,04-dez-2026 sex,0,0,0,0,0,0,0,-,-,NaN,0,0,0,15,0,5,0,0,15,0,"0,36","1 871,18","124,75",5,0,29,Total dez,15,0,5,0,0,15,0,"0,36","1 871,18","124,75",5,0,29,Total,43980,4727,15665,0,64,37444,6536,"49,43","6 002 128,28","123,23",15800,130,80345
Data,Ocup,Opção,Cheg,Oferta/Uso Interno,Deduz. Individ.,Deduz. Grupos,% Ocup.,Receita Quartos,Preço Médio,Saídas,Quartos FdS,Adul. / Cri.,dezembro,Previsão,05-dez-2026 sáb,0,0,0,0,0,0,0,-,-,NaN,0,0,0,15,0,5,0,0,15,0,"0,36","1 871,18","124,75",5,0,29,Total dez,15,0,5,0,0,15,0,"0,36","1 871,18","124,75",5,0,29,Total,43980,4727,15665,0,64,37444,6536,"49,43","6 002 128,28","123,23",15800,130,80345
Data,Ocup,Opção,Cheg,Oferta/Uso Interno,Deduz. Individ.,Deduz. Grupos,% Ocup.,Receita Quartos,Preço Médio,Saídas,Quartos FdS,Adul. / Cri.,dezembro,Previsão,06-dez-2026 dom,0,0,0,0,0,0,0,-,-,NaN,0,0,0,15,0,5,0,0,15,0,"0,36","1 871,18","124,75",5,0,29,Total dez,15,0,5,0,0,15,0,"0,36","1 871,18","124,75",5,0,29,Total,43980,4727,15665,0,64,37444,6536,"49,43","6 002 128,28","123,23",15800,130,80345
Data,Ocup,Opção,Cheg,Oferta/Uso Interno,Deduz. Individ.,Deduz. Grupos,% Ocup.,Receita Quartos,Preço Médio,Saídas,Quartos FdS,Adul. / Cri.,dezembro,Previsão,07-dez-2026 seg,0,0,0,0,0,0,0,-,-,NaN,0,0,0,15,0,5,0,0,15,0,"0,36","1 871,18","124,75",5,0,29,Total dez,15,0,5,0,0,15,0,"0,36","1 871,18","124,75",5,0,29,Total,43980,4727,15665,0,64,37444,6536,"49,43","6 002 128,28","123,23",15800,130,80345
Data,Ocup,Opção,Cheg,Oferta/Uso Interno,Deduz. Individ.,Deduz. Grupos,% Ocup.,Receita Quartos,Preço Médio,Saídas,Quartos FdS,Adul. / Cri.,dezembro,Previsão,08-dez-2026 ter,0,0,0,0,0,0,0,-,-,NaN,0,0,0,15,0,5,0,0,15,0,"0,36","1 871,18","124,75",5,0,29,Total dez,15,0,5,0,0,15,0,"0,36","1 871,18","124,75",5,0,29,Total,43980,4727,15665,0,64,37444,6536,"49,43","6 002 128,28","123,23",15800,130,80345
Data,Ocup,Opção,Cheg,Oferta/Uso Interno,Deduz. Individ.,Deduz. Grupos,% Ocup.,Receita Quartos,Preço Médio,Saídas,Quartos FdS,Adul. / Cri.,dezembro,Previsão,09-dez-2026 qua,0,0,0,0,0,0,0,-,-,NaN,0,0,0,15,0,5,0,0,15,0,"0,36","1 871,18","124,75",5,0,29,Total dez,15,0,5,0,0,15,0,"0,36","1 871,18","124,75",5,0,29,Total,43980,4727,15665,0,64,37444,6536,"49,43","6 002 128,28","123,23",15800,130,80345
Data,Ocup,Opção,Cheg,Oferta/Uso Interno,Deduz. Individ.,Deduz. Grupos,% Ocup.,Receita Quartos,Preço Médio,Saídas,Quartos FdS,Adul. / Cri.,dezembro,Previsão,10-dez-2026 qui,0,0,0,0,0,0,0,-,-,NaN,0,0,0,15,0,5,0,0,15,0,"0,36","1 871,18","124,75",5,0,29,Total dez,15,0,5,0,0,15,0,"0,36","1 871,18","124,75",5,0,29,Total,43980,4727,15665,0,64,37444,6536,"49,43","6 002 128,28","123,23",15800,130,80345
Data,Ocup,Opção,Cheg,Oferta/Uso Interno,Deduz. Individ.,Deduz. Grupos,% Ocup.,Receita Quartos,Preço Médio,Saídas,Quartos FdS,Adul. / Cri.,dezembro,Previsão,11-dez-2026 sex,0,0,0,0,0,0,0,-,-,NaN,0,0,0,15,0,5,0,0,15,0,"0,36","1 871,18","124,75",5,0,29,Total dez,15,0,5,0,0,15,0,"0,36","1 871,18","124,75",5,0,29,Total,43980,4727,15665,0,64,37444,6536,"49,43","6 002 128,28","123,23",15800,130,80345
Data,Ocup,Opção,Cheg,Oferta/Uso Interno,Deduz. Individ.,Deduz. Grupos,% Ocup.,Receita Quartos,Preço Médio,Saídas,Quartos FdS,Adul. / Cri.,dezembro,Previsão,12-dez-2026 sáb,0,0,0,0,0,0,0,-,-,NaN,0,0,0,15,0,5,0,0,15,0,"0,36","1 871,18","124,75",5,0,29,Total dez,15,0,5,0,0,15,0,"0,36","1 871,18","124,75",5,0,29,Total,43980,4727,15665,0,64,37444,6536,"49,43","6 002 128,28","123,23",15800,130,80345
Data,Ocup,Opção,Cheg,Oferta/Uso Interno,Deduz. Individ.,Deduz. Grupos,% Ocup.,Receita Quartos,Preço Médio,Saídas,Quartos FdS,Adul. / Cri.,dezembro,Previsão,13-dez-2026 dom,0,0,0,0,0,0,0,-,-,NaN,0,0,0,15,0,5,0,0,15,0,"0,36","1 871,18","124,75",5,0,29,Total dez,15,0,5,0,0,15,0,"0,36","1 871,18","124,75",5,0,29,Total,43980,4727,15665,0,64,37444,6536,"49,43","6 002 128,28","123,23",15800,130,80345
Data,Ocup,Opção,Cheg,Oferta/Uso Interno,Deduz. Individ.,Deduz. Grupos,% Ocup.,Receita Quartos,Preço Médio,Saídas,Quartos FdS,Adul. / Cri.,dezembro,Previsão,14-dez-2026 seg,0,0,0,0,0,0,0,-,-,NaN,0,0,0,15,0,5,0,0,15,0,"0,36","1 871,18","124,75",5,0,29,Total dez,15,0,5,0,0,15,0,"0,36","1 871,18","124,75",5,0,29,Total,43980,4727,15665,0,64,37444,6536,"49,43","6 002 128,28","123,23",15800,130,80345
Data,Ocup,Opção,Cheg,Oferta/Uso Interno,Deduz. Individ.,Deduz. Grupos,% Ocup.,Receita Quartos,Preço Médio,Saídas,Quartos FdS,Adul. / Cri.,dezembro,Previsão,15-dez-2026 ter,0,0,0,0,0,0,0,-,-,NaN,0,0,0,15,0,5,0,0,15,0,"0,36","1 871,18","124,75",5,0,29,Total dez,15,0,5,0,0,15,0,"0,36","1 871,18","124,75",5,0,29,Total,43980,4727,15665,0,64,37444,6536,"49,43","6 002 128,28","123,23",15800,130,80345
Data,Ocup,Opção,Cheg,Oferta/Uso Interno,Deduz. Individ.,Deduz. Grupos,% Ocup.,Receita Quartos,Preço Médio,Saídas,Quartos FdS,Adul. / Cri.,dezembro,Previsão,16-dez-2026 qua,0,0,0,0,0,0,0,-,-,NaN,0,0,0,15,0,5,0,0,15,0,"0,36","1 871,18","124,75",5,0,29,Total dez,15,0,5,0,0,15,0,"0,36","1 871,18","124,75",5,0,29,Total,43980,4727,15665,0,64,37444,6536,"49,43","6 002 128,28","123,23",15800,130,80345
Data,Ocup,Opção,Cheg,Oferta/Uso Interno,Deduz. Individ.,Deduz. Grupos,% Ocup.,Receita Quartos,Preço Médio,Saídas,Quartos FdS,Adul. / Cri.,dezembro,Previsão,17-dez-2026 qui,0,0,0,0,0,0,0,-,-,NaN,0,0,0,15,0,5,0,0,15,0,"0,36","1 871,18","124,75",5,0,29,Total dez,15,0,5,0,0,15,0,"0,36","1 871,18","124,75",5,0,29,Total,43980,4727,15665,0,64,37444,6536,"49,43","6 002 128,28","123,23",15800,130,80345
Data,Ocup,Opção,Cheg,Oferta/Uso Interno,Deduz. Individ.,Deduz. Grupos,% Ocup.,Receita Quartos,Preço Médio,Saídas,Quartos FdS,Adul. / Cri.,dezembro,Previsão,18-dez-2026 sex,0,0,0,0,0,0,0,-,-,NaN,0,0,0,15,0,5,0,0,15,0,"0,36","1 871,18","124,75",5,0,29,Total dez,15,0,5,0,0,15,0,"0,36","1 871,18","124,75",5,0,29,Total,43980,4727,15665,0,64,37444,6536,"49,43","6 002 128,28","123,23",15800,130,80345
Data,Ocup,Opção,Cheg,Oferta/Uso Interno,Deduz. Individ.,Deduz. Grupos,% Ocup.,Receita Quartos,Preço Médio,Saídas,Quartos FdS,Adul. / Cri.,dezembro,Previsão,19-dez-2026 sáb,0,0,0,0,0,0,0,-,-,NaN,0,0,0,15,0,5,0,0,15,0,"0,36","1 871,18","124,75",5,0,29,Total dez,15,0,5,0,0,15,0,"0,36","1 871,18","124,75",5,0,29,Total,43980,4727,15665,0,64,37444,6536,"49,43","6 002 128,28","123,23",15800,130,80345
Data,Ocup,Opção,Cheg,Oferta/Uso Interno,Deduz. Individ.,Deduz. Grupos,% Ocup.,Receita Quartos,Preço Médio,Saídas,Quartos FdS,Adul. / Cri.,dezembro,Previsão,20-dez-2026 dom,0,0,0,0,0,0,0,-,-,NaN,0,0,0,15,0,5,0,0,15,0,"0,36","1 871,18","124,75",5,0,29,Total dez,15,0,5,0,0,15,0,"0,36","1 871,18","124,75",5,0,29,Total,43980,4727,15665,0,64,37444,6536,"49,43","6 002 128,28","123,23",15800,130,80345
Data,Ocup,Opção,Cheg,Oferta/Uso Interno,Deduz. Individ.,Deduz. Grupos,% Ocup.,Receita Quartos,Preço Médio,Saídas,Quartos FdS,Adul. / Cri.,dezembro,Previsão,21-dez-2026 seg,0,0,0,0,0,0,0,-,-,NaN,0,0,0,15,0,5,0,0,15,0,"0,36","1 871,18","124,75",5,0,29,Total dez,15,0,5,0,0,15,0,"0,36","1 871,18","124,75",5,0,29,Total,43980,4727,15665,0,64,37444,6536,"49,43","6 002 128,28","123,23",15800,130,80345
Data,Ocup,Opção,Cheg,Oferta/Uso Interno,Deduz. Individ.,Deduz. Grupos,% Ocup.,Receita Quartos,Preço Médio,Saídas,Quartos FdS,Adul. / Cri.,dezembro,Previsão,22-dez-2026 ter,2,0,2,0,0,2,0,"1,48","282,68","141,34",0,0,8,15,0,5,0,0,15,0,"0,36","1 871,18","124,75",5,0,29,Total dez,15,0,5,0,0,15,0,"0,36","1 871,18","124,75",5,0,29,Total,43980,4727,15665,0,64,37444,6536,"49,43","6 002 128,28","123,23",15800,130,80345
Data,Ocup,Opção,Cheg,Oferta/Uso Interno,Deduz. Individ.,Deduz. Grupos,% Ocup.,Receita Quartos,Preço Médio,Saídas,Quartos FdS,Adul. / Cri.,dezembro,Previsão,23-dez-2026 qua,0,0,0,0,0,0,0,-,-,NaN,2,0,0,15,0,5,0,0,15,0,"0,36","1 871,18","124,75",5,0,29,Total dez,15,0,5,0,0,15,0,"0,36","1 871,18","124,75",5,0,29,Total,43980,4727,15665,0,64,37444,6536,"49,43","6 002 128,28","123,23",15800,130,80345
Data,Ocup,Opção,Cheg,Oferta/Uso Interno,Deduz. Individ.,Deduz. Grupos,% Ocup.,Receita Quartos,Preço Médio,Saídas,Quartos FdS,Adul. / Cri.,dezembro,Previsão,24-dez-2026 qui,0,0,0,0,0,0,0,-,-,NaN,0,0,0,15,0,5,0,0,15,0,"0,36","1 871,18","124,75",5,0,29,Total dez,15,0,5,0,0,15,0,"0,36","1 871,18","124,75",5,0,29,Total,43980,4727,15665,0,64,37444,6536,"49,43","6 002 128,28","123,23",15800,130,80345
Data,Ocup,Opção,Cheg,Oferta/Uso Interno,Deduz. Individ.,Deduz. Grupos,% Ocup.,Receita Quartos,Preço Médio,Saídas,Quartos FdS,Adul. / Cri.,dezembro,Previsão,25-dez-2026 sex,1,0,1,0,0,1,0,"0,74","97,57","97,57",0,0,2,15,0,5,0,0,15,0,"0,36","1 871,18","124,75",5,0,29,Total dez,15,0,5,0,0,15,0,"0,36","1 871,18","124,75",5,0,29,Total,43980,4727,15665,0,64,37444,6536,"49,43","6 002 128,28","123,23",15800,130,80345
Data,Ocup,Opção,Cheg,Oferta/Uso Interno,Deduz. Individ.,Deduz. Grupos,% Ocup.,Receita Quartos,Preço Médio,Saídas,Quartos FdS,Adul. / Cri.,dezembro,Previsão,26-dez-2026 sáb,3,0,2,0,0,3,0,"2,22","333,63","111,21",0,0,5,15,0,5,0,0,15,0,"0,36","1 871,18","124,75",5,0,29,Total dez,15,0,5,0,0,15,0,"0,36","1 871,18","124,75",5,0,29,Total,43980,4727,15665,0,64,37444,6536,"49,43","6 002 128,28","123,23",15800,130,80345
Data,Ocup,Opção,Cheg,Oferta/Uso Interno,Deduz. Individ.,Deduz. Grupos,% Ocup.,Receita Quartos,Preço Médio,Saídas,Quartos FdS,Adul. / Cri.,dezembro,Previsão,27-dez-2026 dom,3,0,0,0,0,3,0,"2,22","333,63","111,21",0,0,5,15,0,5,0,0,15,0,"0,36","1 871,18","124,75",5,0,29,Total dez,15,0,5,0,0,15,0,"0,36","1 871,18","124,75",5,0,29,Total,43980,4727,15665,0,64,37444,6536,"49,43","6 002 128,28","123,23",15800,130,80345
Data,Ocup,Opção,Cheg,Oferta/Uso Interno,Deduz. Individ.,Deduz. Grupos,% Ocup.,Receita Quartos,Preço Médio,Saídas,Quartos FdS,Adul. / Cri.,dezembro,Previsão,28-dez-2026 seg,2,0,0,0,0,2,0,"1,48","264,93","132,47",1,0,3,15,0,5,0,0,15,0,"0,36","1 871,18","124,75",5,0,29,Total dez,15,0,5,0,0,15,0,"0,36","1 871,18","124,75",5,0,29,Total,43980,4727,15665,0,64,37444,6536,"49,43","6 002 128,28","123,23",15800,130,80345
Data,Ocup,Opção,Cheg,Oferta/Uso Interno,Deduz. Individ.,Deduz. Grupos,% Ocup.,Receita Quartos,Preço Médio,Saídas,Quartos FdS,Adul. / Cri.,dezembro,Previsão,29-dez-2026 ter,2,0,0,0,0,2,0,"1,48","264,93","132,47",0,0,3,15,0,5,0,0,15,0,"0,36","1 871,18","124,75",5,0,29,Total dez,15,0,5,0,0,15,0,"0,36","1 871,18","124,75",5,0,29,Total,43980,4727,15665,0,64,37444,6536,"49,43","6 002 128,28","123,23",15800,130,80345
Data,Ocup,Opção,Cheg,Oferta/Uso Interno,Deduz. Individ.,Deduz. Grupos,% Ocup.,Receita Quartos,Preço Médio,Saídas,Quartos FdS,Adul. / Cri.,dezembro,Previsão,30-dez-2026 qua,2,0,0,0,0,2,0,"1,48","293,80","146,90",0,0,3,15,0,5,0,0,15,0,"0,36","1 871,18","124,75",5,0,29,Total dez,15,0,5,0,0,15,0,"0,36","1 871,18","124,75",5,0,29,Total,43980,4727,15665,0,64,37444,6536,"49,43","6 002 128,28","123,23",15800,130,80345
Data,Ocup,Opção,Cheg,Oferta/Uso Interno,Deduz. Individ.,Deduz. Grupos,% Ocup.,Receita Quartos,Preço Médio,Saídas,Quartos FdS,Adul. / Cri.,dezembro,Previsão,31-dez-2026 qui,0,0,0,0,0,0,0,-,-,NaN,2,0,0,15,0,5,0,0,15,0,"0,36","1 871,18","124,75",5,0,29,Total dez,15,0,5,0,0,15,0,"0,36","1 871,18","124,75",5,0,29,Total,43980,4727,15665,0,64,37444,6536,"49,43","6 002 128,28","123,23",15800,130,80345

