Textbox53,Textbox55,Textbox3,Textbox57,Textbox59,Textbox63,Textbox65,Textbox67,Textbox69,Textbox77,Textbox73,Textbox75,Textbox79,Textbox23,Textbox100,hoteldate,Occ,xoption,Arr,Comp,House,Indiv,Group,Occ_perct,RoomRev,Avg,Dep,OOO,Ad_Ch,Textbox86,Textbox6,Textbox87,Textbox88,Textbox89,Textbox90,Textbox91,Textbox92,Textbox93,Textbox94,Textbox95,Textbox96,Textbox97,Textbox9,Textbox127,Textbox7,Textbox128,Textbox129,Textbox130,Textbox131,Textbox132,Textbox133,Textbox134,Textbox135,Textbox136,Textbox137,Textbox138,Textbox113,Textbox99,xoption1,Textbox139,Textbox140,Textbox141,Textbox142,Textbox143,Textbox144,Textbox145,Textbox146,Textbox147,Textbox148,Textbox149
Data,Ocup,Opção,Cheg,Oferta/Uso Interno,Deduz. Individ.,Deduz. Grupos,% Ocup.,Receita Quartos,Preço Médio,Saídas,Quartos FdS,Adul. / Cri.,janeiro,Histórico,01-jan-2026 qui,125,4,29,0,0,111,14,"92,59","17 526,25","140,21",31,0,244,1498,8,485,0,0,1433,65,"58,40","121 618,69","81,19",533,0,2777,Total jan,2449,8,843,0,0,2384,65,"58,52","187 096,70","76,40",870,0,4589,Total,9905,4276,3341,0,0,8323,1582,"10,05","1 068 842,82","107,91",3467,0,19209
Data,Ocup,Opção,Cheg,Oferta/Uso Interno,Deduz. Individ.,Deduz. Grupos,% Ocup.,Receita Quartos,Preço Médio,Saídas,Quartos FdS,Adul. / Cri.,janeiro,Histórico,02-jan-2026 sex,114,2,36,0,0,100,14,"84,44","13 052,25","114,49",46,0,218,1498,8,485,0,0,1433,65,"58,40","121 618,69","81,19",533,0,2777,Total jan,2449,8,843,0,0,2384,65,"58,52","187 096,70","76,40",870,0,4589,Total,9905,4276,3341,0,0,8323,1582,"10,05","1 068 842,82","107,91",3467,0,19209
Data,Ocup,Opção,Cheg,Oferta/Uso Interno,Deduz. Individ.,Deduz. Grupos,% Ocup.,Receita Quartos,Preço Médio,Saídas,Quartos FdS,Adul. / Cri.,janeiro,Histórico,03-jan-2026 sáb,111,2,31,0,0,97,14,"82,22","11 061,34","99,65",34,0,209,1498,8,485,0,0,1433,65,"58,40","121 618,69","81,19",533,0,2777,Total jan,2449,8,843,0,0,2384,65,"58,52","187 096,70","76,40",870,0,4589,Total,9905,4276,3341,0,0,8323,1582,"10,05","1 068 842,82","107,91",3467,0,19209
Data,Ocup,Opção,Cheg,Oferta/Uso Interno,Deduz. Individ.,Deduz. Grupos,% Ocup.,Receita Quartos,Preço Médio,Saídas,Quartos FdS,Adul. / Cri.,janeiro,Histórico,04-jan-2026 dom,86,0,19,0,0,86,0,"63,70","7 348,92","85,45",43,0,168,1498,8,485,0,0,1433,65,"58,40","121 618,69","81,19",533,0,2777,Total jan,2449,8,843,0,0,2384,65,"58,52","187 096,70","76,40",870,0,4589,Total,9905,4276,3341,0,0,8323,1582,"10,05","1 068 842,82","107,91",3467,0,19209
Data,Ocup,Opção,Cheg,Oferta/Uso Interno,Deduz. Individ.,Deduz. Grupos,% Ocup.,Receita Quartos,Preço Médio,Saídas,Quartos FdS,Adul. / Cri.,janeiro,Histórico,05-jan-2026 seg,80,0,26,0,0,80,0,"59,26","6 322,70","79,03",32,0,155,1498,8,485,0,0,1433,65,"58,40","121 618,69","81,19",533,0,2777,Total jan,2449,8,843,0,0,2384,65,"58,52","187 096,70","76,40",870,0,4589,Total,9905,4276,3341,0,0,8323,1582,"10,05","1 068 842,82","107,91",3467,0,19209
Data,Ocup,Opção,Cheg,Oferta/Uso Interno,Deduz. Individ.,Deduz. Grupos,% Ocup.,Receita Quartos,Preço Médio,Saídas,Quartos FdS,Adul. / Cri.,janeiro,Histórico,06-jan-2026 ter,78,0,21,0,0,78,0,"57,78","5 885,19","75,45",24,0,150,1498,8,485,0,0,1433,65,"58,40","121 618,69","81,19",533,0,2777,Total jan,2449,8,843,0,0,2384,65,"58,52","187 096,70","76,40",870,0,4589,Total,9905,4276,3341,0,0,8323,1582,"10,05","1 068 842,82","107,91",3467,0,19209
Data,Ocup,Opção,Cheg,Oferta/Uso Interno,Deduz. Individ.,Deduz. Grupos,% Ocup.,Receita Quartos,Preço Médio,Saídas,Quartos FdS,Adul. / Cri.,janeiro,Histórico,07-jan-2026 qua,63,0,18,0,0,63,0,"46,67","4 231,60","67,17",33,0,118,1498,8,485,0,0,1433,65,"58,40","121 618,69","81,19",533,0,2777,Total jan,2449,8,843,0,0,2384,65,"58,52","187 096,70","76,40",870,0,4589,Total,9905,4276,3341,0,0,8323,1582,"10,05","1 068 842,82","107,91",3467,0,19209
Data,Ocup,Opção,Cheg,Oferta/Uso Interno,Deduz. Individ.,Deduz. Grupos,% Ocup.,Receita Quartos,Preço Médio,Saídas,Quartos FdS,Adul. / Cri.,janeiro,Histórico,08-jan-2026 qui,59,0,23,0,0,59,0,"43,70","3 948,81","66,93",27,0,109,1498,8,485,0,0,1433,65,"58,40","121 618,69","81,19",533,0,2777,Total jan,2449,8,843,0,0,2384,65,"58,52","187 096,70","76,40",870,0,4589,Total,9905,4276,3341,0,0,8323,1582,"10,05","1 068 842,82","107,91",3467,0,19209
Data,Ocup,Opção,Cheg,Oferta/Uso Interno,Deduz. Individ.,Deduz. Grupos,% Ocup.,Receita Quartos,Preço Médio,Saídas,Quartos FdS,Adul. / Cri.,janeiro,Histórico,09-jan-2026 sex,89,0,39,0,0,89,0,"65,93","5 777,03","64,91",9,0,166,1498,8,485,0,0,1433,65,"58,40","121 618,69","81,19",533,0,2777,Total jan,2449,8,843,0,0,2384,65,"58,52","187 096,70","76,40",870,0,4589,Total,9905,4276,3341,0,0,8323,1582,"10,05","1 068 842,82","107,91",3467,0,19209
Data,Ocup,Opção,Cheg,Oferta/Uso Interno,Deduz. Individ.,Deduz. Grupos,% Ocup.,Receita Quartos,Preço Médio,Saídas,Quartos FdS,Adul. / Cri.,janeiro,Histórico,10-jan-2026 sáb,89,0,23,0,0,84,5,"65,93","6 272,27","70,47",23,0,158,1498,8,485,0,0,1433,65,"58,40","121 618,69","81,19",533,0,2777,Total jan,2449,8,843,0,0,2384,65,"58,52","187 096,70","76,40",870,0,4589,Total,9905,4276,3341,0,0,8323,1582,"10,05","1 068 842,82","107,91",3467,0,19209
Data,Ocup,Opção,Cheg,Oferta/Uso Interno,Deduz. Individ.,Deduz. Grupos,% Ocup.,Receita Quartos,Preço Médio,Saídas,Quartos FdS,Adul. / Cri.,janeiro,Histórico,11-jan-2026 dom,71,0,20,0,0,62,9,"52,59","5 322,95","74,97",38,0,125,1498,8,485,0,0,1433,65,"58,40","121 618,69","81,19",533,0,2777,Total jan,2449,8,843,0,0,2384,65,"58,52","187 096,70","76,40",870,0,4589,Total,9905,4276,3341,0,0,8323,1582,"10,05","1 068 842,82","107,91",3467,0,19209
Data,Ocup,Opção,Cheg,Oferta/Uso Interno,Deduz. Individ.,Deduz. Grupos,% Ocup.,Receita Quartos,Preço Médio,Saídas,Quartos FdS,Adul. / Cri.,janeiro,Histórico,12-jan-2026 seg,54,0,14,0,0,45,9,"40,00","3 890,92","72,05",31,0,96,1498,8,485,0,0,1433,65,"58,40","121 618,69","81,19",533,0,2777,Total jan,2449,8,843,0,0,2384,65,"58,52","187 096,70","76,40",870,0,4589,Total,9905,4276,3341,0,0,8323,1582,"10,05","1 068 842,82","107,91",3467,0,19209
Data,Ocup,Opção,Cheg,Oferta/Uso Interno,Deduz. Individ.,Deduz. Grupos,% Ocup.,Receita Quartos,Preço Médio,Saídas,Quartos FdS,Adul. / Cri.,janeiro,Histórico,13-jan-2026 ter,47,0,15,0,0,47,0,"34,81","3 046,02","64,81",22,0,83,1498,8,485,0,0,1433,65,"58,40","121 618,69","81,19",533,0,2777,Total jan,2449,8,843,0,0,2384,65,"58,52","187 096,70","76,40",870,0,4589,Total,9905,4276,3341,0,0,8323,1582,"10,05","1 068 842,82","107,91",3467,0,19209
Data,Ocup,Opção,Cheg,Oferta/Uso Interno,Deduz. Individ.,Deduz. Grupos,% Ocup.,Receita Quartos,Preço Médio,Saídas,Quartos FdS,Adul. / Cri.,janeiro,Histórico,14-jan-2026 qua,50,0,25,0,0,50,0,"37,04","3 290,17","65,80",22,0,86,1498,8,485,0,0,1433,65,"58,40","121 618,69","81,19",533,0,2777,Total jan,2449,8,843,0,0,2384,65,"58,52","187 096,70","76,40",870,0,4589,Total,9905,4276,3341,0,0,8323,1582,"10,05","1 068 842,82","107,91",3467,0,19209
Data,Ocup,Opção,Cheg,Oferta/Uso Interno,Deduz. Individ.,Deduz. Grupos,% Ocup.,Receita Quartos,Preço Médio,Saídas,Quartos FdS,Adul. / Cri.,janeiro,Histórico,15-jan-2026 qui,60,0,22,0,0,60,0,"44,44","3 875,58","64,59",12,0,105,1498,8,485,0,0,1433,65,"58,40","121 618,69","81,19",533,0,2777,Total jan,2449,8,843,0,0,2384,65,"58,52","187 096,70","76,40",870,0,4589,Total,9905,4276,3341,0,0,8323,1582,"10,05","1 068 842,82","107,91",3467,0,19209
Data,Ocup,Opção,Cheg,Oferta/Uso Interno,Deduz. Individ.,Deduz. Grupos,% Ocup.,Receita Quartos,Preço Médio,Saídas,Quartos FdS,Adul. / Cri.,janeiro,Histórico,16-jan-2026 sex,79,0,40,0,0,79,0,"58,52","5 050,95","63,94",21,0,147,1498,8,485,0,0,1433,65,"58,40","121 618,69","81,19",533,0,2777,Total jan,2449,8,843,0,0,2384,65,"58,52","187 096,70","76,40",870,0,4589,Total,9905,4276,3341,0,0,8323,1582,"10,05","1 068 842,82","107,91",3467,0,19209
Data,Ocup,Opção,Cheg,Oferta/Uso Interno,Deduz. Individ.,Deduz. Grupos,% Ocup.,Receita Quartos,Preço Médio,Saídas,Quartos FdS,Adul. / Cri.,janeiro,Histórico,17-jan-2026 sáb,91,0,36,0,0,91,0,"67,41","5 843,58","64,22",24,0,169,1498,8,485,0,0,1433,65,"58,40","121 618,69","81,19",533,0,2777,Total jan,2449,8,843,0,0,2384,65,"58,52","187 096,70","76,40",870,0,4589,Total,9905,4276,3341,0,0,8323,1582,"10,05","1 068 842,82","107,91",3467,0,19209
Data,Ocup,Opção,Cheg,Oferta/Uso Interno,Deduz. Individ.,Deduz. Grupos,% Ocup.,Receita Quartos,Preço Médio,Saídas,Quartos FdS,Adul. / Cri.,janeiro,Histórico,18-jan-2026 dom,74,0,20,0,0,74,0,"54,81","4 684,92","63,31",37,0,134,1498,8,485,0,0,1433,65,"58,40","121 618,69","81,19",533,0,2777,Total jan,2449,8,843,0,0,2384,65,"58,52","187 096,70","76,40",870,0,4589,Total,9905,4276,3341,0,0,8323,1582,"10,05","1 068 842,82","107,91",3467,0,19209
Data,Ocup,Opção,Cheg,Oferta/Uso Interno,Deduz. Individ.,Deduz. Grupos,% Ocup.,Receita Quartos,Preço Médio,Saídas,Quartos FdS,Adul. / Cri.,janeiro,Histórico,19-jan-2026 seg,78,0,28,0,0,78,0,"57,78","5 187,24","66,50",24,0,137,1498,8,485,0,0,1433,65,"58,40","121 618,69","81,19",533,0,2777,Total jan,2449,8,843,0,0,2384,65,"58,52","187 096,70","76,40",870,0,4589,Total,9905,4276,3341,0,0,8323,1582,"10,05","1 068 842,82","107,91",3467,0,19209
Data,Ocup,Opção,Cheg,Oferta/Uso Interno,Deduz. Individ.,Deduz. Grupos,% Ocup.,Receita Quartos,Preço Médio,Saídas,Quartos FdS,Adul. / Cri.,janeiro,Previsão,20-jan-2026 ter,58,0,14,0,0,58,0,"42,96","3 615,70","62,34",34,0,99,951,0,358,0,0,951,0,"58,70","65 478,01","68,85",337,0,1812,Total jan,2449,8,843,0,0,2384,65,"58,52","187 096,70","76,40",870,0,4589,Total,9905,4276,3341,0,0,8323,1582,"10,05","1 068 842,82","107,91",3467,0,19209
Data,Ocup,Opção,Cheg,Oferta/Uso Interno,Deduz. Individ.,Deduz. Grupos,% Ocup.,Receita Quartos,Preço Médio,Saídas,Quartos FdS,Adul. / Cri.,janeiro,Previsão,21-jan-2026 qua,63,0,28,0,0,63,0,"46,67","3 964,05","62,92",23,0,113,951,0,358,0,0,951,0,"58,70","65 478,01","68,85",337,0,1812,Total jan,2449,8,843,0,0,2384,65,"58,52","187 096,70","76,40",870,0,4589,Total,9905,4276,3341,0,0,8323,1582,"10,05","1 068 842,82","107,91",3467,0,19209
Data,Ocup,Opção,Cheg,Oferta/Uso Interno,Deduz. Individ.,Deduz. Grupos,% Ocup.,Receita Quartos,Preço Médio,Saídas,Quartos FdS,Adul. / Cri.,janeiro,Previsão,22-jan-2026 qui,79,0,34,0,0,79,0,"58,52","5 277,46","66,80",18,0,150,951,0,358,0,0,951,0,"58,70","65 478,01","68,85",337,0,1812,Total jan,2449,8,843,0,0,2384,65,"58,52","187 096,70","76,40",870,0,4589,Total,9905,4276,3341,0,0,8323,1582,"10,05","1 068 842,82","107,91",3467,0,19209
Data,Ocup,Opção,Cheg,Oferta/Uso Interno,Deduz. Individ.,Deduz. Grupos,% Ocup.,Receita Quartos,Preço Médio,Saídas,Quartos FdS,Adul. / Cri.,janeiro,Previsão,23-jan-2026 sex,102,0,45,0,0,102,0,"75,56","6 990,14","68,53",22,0,197,951,0,358,0,0,951,0,"58,70","65 478,01","68,85",337,0,1812,Total jan,2449,8,843,0,0,2384,65,"58,52","187 096,70","76,40",870,0,4589,Total,9905,4276,3341,0,0,8323,1582,"10,05","1 068 842,82","107,91",3467,0,19209
Data,Ocup,Opção,Cheg,Oferta/Uso Interno,Deduz. Individ.,Deduz. Grupos,% Ocup.,Receita Quartos,Preço Médio,Saídas,Quartos FdS,Adul. / Cri.,janeiro,Previsão,24-jan-2026 sáb,102,0,31,0,0,102,0,"75,56","7 061,06","69,23",31,0,195,951,0,358,0,0,951,0,"58,70","65 478,01","68,85",337,0,1812,Total jan,2449,8,843,0,0,2384,65,"58,52","187 096,70","76,40",870,0,4589,Total,9905,4276,3341,0,0,8323,1582,"10,05","1 068 842,82","107,91",3467,0,19209
Data,Ocup,Opção,Cheg,Oferta/Uso Interno,Deduz. Individ.,Deduz. Grupos,% Ocup.,Receita Quartos,Preço Médio,Saídas,Quartos FdS,Adul. / Cri.,janeiro,Previsão,25-jan-2026 dom,79,0,26,0,0,79,0,"58,52","5 394,72","68,29",49,0,154,951,0,358,0,0,951,0,"58,70","65 478,01","68,85",337,0,1812,Total jan,2449,8,843,0,0,2384,65,"58,52","187 096,70","76,40",870,0,4589,Total,9905,4276,3341,0,0,8323,1582,"10,05","1 068 842,82","107,91",3467,0,19209
Data,Ocup,Opção,Cheg,Oferta/Uso Interno,Deduz. Individ.,Deduz. Grupos,% Ocup.,Receita Quartos,Preço Médio,Saídas,Quartos FdS,Adul. / Cri.,janeiro,Previsão,26-jan-2026 seg,61,0,14,0,0,61,0,"45,19","4 243,11","69,56",32,0,117,951,0,358,0,0,951,0,"58,70","65 478,01","68,85",337,0,1812,Total jan,2449,8,843,0,0,2384,65,"58,52","187 096,70","76,40",870,0,4589,Total,9905,4276,3341,0,0,8323,1582,"10,05","1 068 842,82","107,91",3467,0,19209
Data,Ocup,Opção,Cheg,Oferta/Uso Interno,Deduz. Individ.,Deduz. Grupos,% Ocup.,Receita Quartos,Preço Médio,Saídas,Quartos FdS,Adul. / Cri.,janeiro,Previsão,27-jan-2026 ter,58,0,26,0,0,58,0,"42,96","3 844,50","66,28",29,0,105,951,0,358,0,0,951,0,"58,70","65 478,01","68,85",337,0,1812,Total jan,2449,8,843,0,0,2384,65,"58,52","187 096,70","76,40",870,0,4589,Total,9905,4276,3341,0,0,8323,1582,"10,05","1 068 842,82","107,91",3467,0,19209
Data,Ocup,Opção,Cheg,Oferta/Uso Interno,Deduz. Individ.,Deduz. Grupos,% Ocup.,Receita Quartos,Preço Médio,Saídas,Quartos FdS,Adul. / Cri.,janeiro,Previsão,28-jan-2026 qua,70,0,34,0,0,70,0,"51,85","4 726,30","67,52",22,0,127,951,0,358,0,0,951,0,"58,70","65 478,01","68,85",337,0,1812,Total jan,2449,8,843,0,0,2384,65,"58,52","187 096,70","76,40",870,0,4589,Total,9905,4276,3341,0,0,8323,1582,"10,05","1 068 842,82","107,91",3467,0,19209
Data,Ocup,Opção,Cheg,Oferta/Uso Interno,Deduz. Individ.,Deduz. Grupos,% Ocup.,Receita Quartos,Preço Médio,Saídas,Quartos FdS,Adul. / Cri.,janeiro,Previsão,29-jan-2026 qui,86,0,39,0,0,86,0,"63,70","5 959,68","69,30",23,0,167,951,0,358,0,0,951,0,"58,70","65 478,01","68,85",337,0,1812,Total jan,2449,8,843,0,0,2384,65,"58,52","187 096,70","76,40",870,0,4589,Total,9905,4276,3341,0,0,8323,1582,"10,05","1 068 842,82","107,91",3467,0,19209
Data,Ocup,Opção,Cheg,Oferta/Uso Interno,Deduz. Individ.,Deduz. Grupos,% Ocup.,Receita Quartos,Preço Médio,Saídas,Quartos FdS,Adul. / Cri.,janeiro,Previsão,30-jan-2026 sex,94,0,33,0,0,94,0,"69,63","6 910,42","73,52",25,0,189,951,0,358,0,0,951,0,"58,70","65 478,01","68,85",337,0,1812,Total jan,2449,8,843,0,0,2384,65,"58,52","187 096,70","76,40",870,0,4589,Total,9905,4276,3341,0,0,8323,1582,"10,05","1 068 842,82","107,91",3467,0,19209
Data,Ocup,Opção,Cheg,Oferta/Uso Interno,Deduz. Individ.,Deduz. Grupos,% Ocup.,Receita Quartos,Preço Médio,Saídas,Quartos FdS,Adul. / Cri.,janeiro,Previsão,31-jan-2026 sáb,99,0,34,0,0,99,0,"73,33","7 490,87","75,67",29,0,199,951,0,358,0,0,951,0,"58,70","65 478,01","68,85",337,0,1812,Total jan,2449,8,843,0,0,2384,65,"58,52","187 096,70","76,40",870,0,4589,Total,9905,4276,3341,0,0,8323,1582,"10,05","1 068 842,82","107,91",3467,0,19209
Data,Ocup,Opção,Cheg,Oferta/Uso Interno,Deduz. Individ.,Deduz. Grupos,% Ocup.,Receita Quartos,Preço Médio,Saídas,Quartos FdS,Adul. / Cri.,fevereiro,Previsão,01-fev-2026 dom,70,0,16,0,0,70,0,"51,85","4 849,48","69,28",45,0,135,2039,1,673,0,0,2013,26,"53,94","161 708,03","79,31",691,0,3956,Total fev,2039,1,673,0,0,2013,26,"53,94","161 708,03","79,31",691,0,3956,Total,9905,4276,3341,0,0,8323,1582,"10,05","1 068 842,82","107,91",3467,0,19209
Data,Ocup,Opção,Cheg,Oferta/Uso Interno,Deduz. Individ.,Deduz. Grupos,% Ocup.,Receita Quartos,Preço Médio,Saídas,Quartos FdS,Adul. / Cri.,fevereiro,Previsão,02-fev-2026 seg,60,0,21,0,0,60,0,"44,44","4 035,35","67,26",31,0,112,2039,1,673,0,0,2013,26,"53,94","161 708,03","79,31",691,0,3956,Total fev,2039,1,673,0,0,2013,26,"53,94","161 708,03","79,31",691,0,3956,Total,9905,4276,3341,0,0,8323,1582,"10,05","1 068 842,82","107,91",3467,0,19209
Data,Ocup,Opção,Cheg,Oferta/Uso Interno,Deduz. Individ.,Deduz. Grupos,% Ocup.,Receita Quartos,Preço Médio,Saídas,Quartos FdS,Adul. / Cri.,fevereiro,Previsão,03-fev-2026 ter,56,0,14,0,0,56,0,"41,48","3 702,39","66,11",18,0,105,2039,1,673,0,0,2013,26,"53,94","161 708,03","79,31",691,0,3956,Total fev,2039,1,673,0,0,2013,26,"53,94","161 708,03","79,31",691,0,3956,Total,9905,4276,3341,0,0,8323,1582,"10,05","1 068 842,82","107,91",3467,0,19209
Data,Ocup,Opção,Cheg,Oferta/Uso Interno,Deduz. Individ.,Deduz. Grupos,% Ocup.,Receita Quartos,Preço Médio,Saídas,Quartos FdS,Adul. / Cri.,fevereiro,Previsão,04-fev-2026 qua,50,0,21,0,0,50,0,"37,04","3 512,12","70,24",27,0,101,2039,1,673,0,0,2013,26,"53,94","161 708,03","79,31",691,0,3956,Total fev,2039,1,673,0,0,2013,26,"53,94","161 708,03","79,31",691,0,3956,Total,9905,4276,3341,0,0,8323,1582,"10,05","1 068 842,82","107,91",3467,0,19209
Data,Ocup,Opção,Cheg,Oferta/Uso Interno,Deduz. Individ.,Deduz. Grupos,% Ocup.,Receita Quartos,Preço Médio,Saídas,Quartos FdS,Adul. / Cri.,fevereiro,Previsão,05-fev-2026 qui,61,0,23,0,0,61,0,"45,19","3 916,13","64,20",12,0,116,2039,1,673,0,0,2013,26,"53,94","161 708,03","79,31",691,0,3956,Total fev,2039,1,673,0,0,2013,26,"53,94","161 708,03","79,31",691,0,3956,Total,9905,4276,3341,0,0,8323,1582,"10,05","1 068 842,82","107,91",3467,0,19209
Data,Ocup,Opção,Cheg,Oferta/Uso Interno,Deduz. Individ.,Deduz. Grupos,% Ocup.,Receita Quartos,Preço Médio,Saídas,Quartos FdS,Adul. / Cri.,fevereiro,Previsão,06-fev-2026 sex,77,0,32,0,0,77,0,"57,04","5 831,30","75,73",16,0,151,2039,1,673,0,0,2013,26,"53,94","161 708,03","79,31",691,0,3956,Total fev,2039,1,673,0,0,2013,26,"53,94","161 708,03","79,31",691,0,3956,Total,9905,4276,3341,0,0,8323,1582,"10,05","1 068 842,82","107,91",3467,0,19209
Data,Ocup,Opção,Cheg,Oferta/Uso Interno,Deduz. Individ.,Deduz. Grupos,% Ocup.,Receita Quartos,Preço Médio,Saídas,Quartos FdS,Adul. / Cri.,fevereiro,Previsão,07-fev-2026 sáb,93,0,35,0,0,82,11,"68,89","7 960,98","85,60",19,0,184,2039,1,673,0,0,2013,26,"53,94","161 708,03","79,31",691,0,3956,Total fev,2039,1,673,0,0,2013,26,"53,94","161 708,03","79,31",691,0,3956,Total,9905,4276,3341,0,0,8323,1582,"10,05","1 068 842,82","107,91",3467,0,19209
Data,Ocup,Opção,Cheg,Oferta/Uso Interno,Deduz. Individ.,Deduz. Grupos,% Ocup.,Receita Quartos,Preço Médio,Saídas,Quartos FdS,Adul. / Cri.,fevereiro,Previsão,08-fev-2026 dom,71,0,15,0,0,60,11,"52,59","5 531,51","77,91",37,0,141,2039,1,673,0,0,2013,26,"53,94","161 708,03","79,31",691,0,3956,Total fev,2039,1,673,0,0,2013,26,"53,94","161 708,03","79,31",691,0,3956,Total,9905,4276,3341,0,0,8323,1582,"10,05","1 068 842,82","107,91",3467,0,19209
Data,Ocup,Opção,Cheg,Oferta/Uso Interno,Deduz. Individ.,Deduz. Grupos,% Ocup.,Receita Quartos,Preço Médio,Saídas,Quartos FdS,Adul. / Cri.,fevereiro,Previsão,09-fev-2026 seg,52,0,20,0,0,52,0,"38,52","3 468,45","66,70",39,0,95,2039,1,673,0,0,2013,26,"53,94","161 708,03","79,31",691,0,3956,Total fev,2039,1,673,0,0,2013,26,"53,94","161 708,03","79,31",691,0,3956,Total,9905,4276,3341,0,0,8323,1582,"10,05","1 068 842,82","107,91",3467,0,19209
Data,Ocup,Opção,Cheg,Oferta/Uso Interno,Deduz. Individ.,Deduz. Grupos,% Ocup.,Receita Quartos,Preço Médio,Saídas,Quartos FdS,Adul. / Cri.,fevereiro,Previsão,10-fev-2026 ter,55,0,18,0,0,55,0,"40,74","3 669,14","66,71",15,0,102,2039,1,673,0,0,2013,26,"53,94","161 708,03","79,31",691,0,3956,Total fev,2039,1,673,0,0,2013,26,"53,94","161 708,03","79,31",691,0,3956,Total,9905,4276,3341,0,0,8323,1582,"10,05","1 068 842,82","107,91",3467,0,19209
Data,Ocup,Opção,Cheg,Oferta/Uso Interno,Deduz. Individ.,Deduz. Grupos,% Ocup.,Receita Quartos,Preço Médio,Saídas,Quartos FdS,Adul. / Cri.,fevereiro,Previsão,11-fev-2026 qua,66,0,25,0,0,66,0,"48,89","4 509,29","68,32",14,0,118,2039,1,673,0,0,2013,26,"53,94","161 708,03","79,31",691,0,3956,Total fev,2039,1,673,0,0,2013,26,"53,94","161 708,03","79,31",691,0,3956,Total,9905,4276,3341,0,0,8323,1582,"10,05","1 068 842,82","107,91",3467,0,19209
Data,Ocup,Opção,Cheg,Oferta/Uso Interno,Deduz. Individ.,Deduz. Grupos,% Ocup.,Receita Quartos,Preço Médio,Saídas,Quartos FdS,Adul. / Cri.,fevereiro,Previsão,12-fev-2026 qui,70,0,30,0,0,70,0,"51,85","5 065,50","72,36",26,0,130,2039,1,673,0,0,2013,26,"53,94","161 708,03","79,31",691,0,3956,Total fev,2039,1,673,0,0,2013,26,"53,94","161 708,03","79,31",691,0,3956,Total,9905,4276,3341,0,0,8323,1582,"10,05","1 068 842,82","107,91",3467,0,19209
Data,Ocup,Opção,Cheg,Oferta/Uso Interno,Deduz. Individ.,Deduz. Grupos,% Ocup.,Receita Quartos,Preço Médio,Saídas,Quartos FdS,Adul. / Cri.,fevereiro,Previsão,13-fev-2026 sex,87,0,36,0,0,87,0,"64,44","7 583,27","87,16",19,0,176,2039,1,673,0,0,2013,26,"53,94","161 708,03","79,31",691,0,3956,Total fev,2039,1,673,0,0,2013,26,"53,94","161 708,03","79,31",691,0,3956,Total,9905,4276,3341,0,0,8323,1582,"10,05","1 068 842,82","107,91",3467,0,19209
Data,Ocup,Opção,Cheg,Oferta/Uso Interno,Deduz. Individ.,Deduz. Grupos,% Ocup.,Receita Quartos,Preço Médio,Saídas,Quartos FdS,Adul. / Cri.,fevereiro,Previsão,14-fev-2026 sáb,96,0,34,0,0,96,0,"71,11","9 321,16","97,10",25,0,189,2039,1,673,0,0,2013,26,"53,94","161 708,03","79,31",691,0,3956,Total fev,2039,1,673,0,0,2013,26,"53,94","161 708,03","79,31",691,0,3956,Total,9905,4276,3341,0,0,8323,1582,"10,05","1 068 842,82","107,91",3467,0,19209
Data,Ocup,Opção,Cheg,Oferta/Uso Interno,Deduz. Individ.,Deduz. Grupos,% Ocup.,Receita Quartos,Preço Médio,Saídas,Quartos FdS,Adul. / Cri.,fevereiro,Previsão,15-fev-2026 dom,95,0,27,0,0,95,0,"70,37","8 885,81","93,53",28,0,192,2039,1,673,0,0,2013,26,"53,94","161 708,03","79,31",691,0,3956,Total fev,2039,1,673,0,0,2013,26,"53,94","161 708,03","79,31",691,0,3956,Total,9905,4276,3341,0,0,8323,1582,"10,05","1 068 842,82","107,91",3467,0,19209
Data,Ocup,Opção,Cheg,Oferta/Uso Interno,Deduz. Individ.,Deduz. Grupos,% Ocup.,Receita Quartos,Preço Médio,Saídas,Quartos FdS,Adul. / Cri.,fevereiro,Previsão,16-fev-2026 seg,79,0,18,0,0,79,0,"58,52","7 087,17","89,71",34,0,169,2039,1,673,0,0,2013,26,"53,94","161 708,03","79,31",691,0,3956,Total fev,2039,1,673,0,0,2013,26,"53,94","161 708,03","79,31",691,0,3956,Total,9905,4276,3341,0,0,8323,1582,"10,05","1 068 842,82","107,91",3467,0,19209
Data,Ocup,Opção,Cheg,Oferta/Uso Interno,Deduz. Individ.,Deduz. Grupos,% Ocup.,Receita Quartos,Preço Médio,Saídas,Quartos FdS,Adul. / Cri.,fevereiro,Previsão,17-fev-2026 ter,89,0,32,0,0,89,0,"65,93","7 497,17","84,24",22,0,183,2039,1,673,0,0,2013,26,"53,94","161 708,03","79,31",691,0,3956,Total fev,2039,1,673,0,0,2013,26,"53,94","161 708,03","79,31",691,0,3956,Total,9905,4276,3341,0,0,8323,1582,"10,05","1 068 842,82","107,91",3467,0,19209
Data,Ocup,Opção,Cheg,Oferta/Uso Interno,Deduz. Individ.,Deduz. Grupos,% Ocup.,Receita Quartos,Preço Médio,Saídas,Quartos FdS,Adul. / Cri.,fevereiro,Previsão,18-fev-2026 qua,67,0,17,0,0,67,0,"49,63","5 462,71","81,53",39,0,139,2039,1,673,0,0,2013,26,"53,94","161 708,03","79,31",691,0,3956,Total fev,2039,1,673,0,0,2013,26,"53,94","161 708,03","79,31",691,0,3956,Total,9905,4276,3341,0,0,8323,1582,"10,05","1 068 842,82","107,91",3467,0,19209
Data,Ocup,Opção,Cheg,Oferta/Uso Interno,Deduz. Individ.,Deduz. Grupos,% Ocup.,Receita Quartos,Preço Médio,Saídas,Quartos FdS,Adul. / Cri.,fevereiro,Previsão,19-fev-2026 qui,75,0,28,0,0,75,0,"55,56","6 864,15","91,52",20,0,154,2039,1,673,0,0,2013,26,"53,94","161 708,03","79,31",691,0,3956,Total fev,2039,1,673,0,0,2013,26,"53,94","161 708,03","79,31",691,0,3956,Total,9905,4276,3341,0,0,8323,1582,"10,05","1 068 842,82","107,91",3467,0,19209
Data,Ocup,Opção,Cheg,Oferta/Uso Interno,Deduz. Individ.,Deduz. Grupos,% Ocup.,Receita Quartos,Preço Médio,Saídas,Quartos FdS,Adul. / Cri.,fevereiro,Previsão,20-fev-2026 sex,81,0,26,0,0,81,0,"60,00","7 427,31","91,70",20,0,163,2039,1,673,0,0,2013,26,"53,94","161 708,03","79,31",691,0,3956,Total fev,2039,1,673,0,0,2013,26,"53,94","161 708,03","79,31",691,0,3956,Total,9905,4276,3341,0,0,8323,1582,"10,05","1 068 842,82","107,91",3467,0,19209
Data,Ocup,Opção,Cheg,Oferta/Uso Interno,Deduz. Individ.,Deduz. Grupos,% Ocup.,Receita Quartos,Preço Médio,Saídas,Quartos FdS,Adul. / Cri.,fevereiro,Previsão,21-fev-2026 sáb,81,0,21,0,0,81,0,"60,00","7 501,51","92,61",21,0,166,2039,1,673,0,0,2013,26,"53,94","161 708,03","79,31",691,0,3956,Total fev,2039,1,673,0,0,2013,26,"53,94","161 708,03","79,31",691,0,3956,Total,9905,4276,3341,0,0,8323,1582,"10,05","1 068 842,82","107,91",3467,0,19209
Data,Ocup,Opção,Cheg,Oferta/Uso Interno,Deduz. Individ.,Deduz. Grupos,% Ocup.,Receita Quartos,Preço Médio,Saídas,Quartos FdS,Adul. / Cri.,fevereiro,Previsão,22-fev-2026 dom,80,0,21,0,0,80,0,"59,26","6 547,71","81,85",22,0,159,2039,1,673,0,0,2013,26,"53,94","161 708,03","79,31",691,0,3956,Total fev,2039,1,673,0,0,2013,26,"53,94","161 708,03","79,31",691,0,3956,Total,9905,4276,3341,0,0,8323,1582,"10,05","1 068 842,82","107,91",3467,0,19209
Data,Ocup,Opção,Cheg,Oferta/Uso Interno,Deduz. Individ.,Deduz. Grupos,% Ocup.,Receita Quartos,Preço Médio,Saídas,Quartos FdS,Adul. / Cri.,fevereiro,Previsão,23-fev-2026 seg,70,0,27,0,0,70,0,"51,85","5 279,53","75,42",37,0,125,2039,1,673,0,0,2013,26,"53,94","161 708,03","79,31",691,0,3956,Total fev,2039,1,673,0,0,2013,26,"53,94","161 708,03","79,31",691,0,3956,Total,9905,4276,3341,0,0,8323,1582,"10,05","1 068 842,82","107,91",3467,0,19209
Data,Ocup,Opção,Cheg,Oferta/Uso Interno,Deduz. Individ.,Deduz. Grupos,% Ocup.,Receita Quartos,Preço Médio,Saídas,Quartos FdS,Adul. / Cri.,fevereiro,Previsão,24-fev-2026 ter,80,0,22,0,0,80,0,"59,26","5 987,32","74,84",12,0,142,2039,1,673,0,0,2013,26,"53,94","161 708,03","79,31",691,0,3956,Total fev,2039,1,673,0,0,2013,26,"53,94","161 708,03","79,31",691,0,3956,Total,9905,4276,3341,0,0,8323,1582,"10,05","1 068 842,82","107,91",3467,0,19209
Data,Ocup,Opção,Cheg,Oferta/Uso Interno,Deduz. Individ.,Deduz. Grupos,% Ocup.,Receita Quartos,Preço Médio,Saídas,Quartos FdS,Adul. / Cri.,fevereiro,Previsão,25-fev-2026 qua,64,0,16,0,0,64,0,"47,41","4 482,35","70,04",32,0,112,2039,1,673,0,0,2013,26,"53,94","161 708,03","79,31",691,0,3956,Total fev,2039,1,673,0,0,2013,26,"53,94","161 708,03","79,31",691,0,3956,Total,9905,4276,3341,0,0,8323,1582,"10,05","1 068 842,82","107,91",3467,0,19209
Data,Ocup,Opção,Cheg,Oferta/Uso Interno,Deduz. Individ.,Deduz. Grupos,% Ocup.,Receita Quartos,Preço Médio,Saídas,Quartos FdS,Adul. / Cri.,fevereiro,Previsão,26-fev-2026 qui,61,0,17,0,0,61,0,"45,19","4 159,49","68,19",20,0,109,2039,1,673,0,0,2013,26,"53,94","161 708,03","79,31",691,0,3956,Total fev,2039,1,673,0,0,2013,26,"53,94","161 708,03","79,31",691,0,3956,Total,9905,4276,3341,0,0,8323,1582,"10,05","1 068 842,82","107,91",3467,0,19209
Data,Ocup,Opção,Cheg,Oferta/Uso Interno,Deduz. Individ.,Deduz. Grupos,% Ocup.,Receita Quartos,Preço Médio,Saídas,Quartos FdS,Adul. / Cri.,fevereiro,Previsão,27-fev-2026 sex,72,0,35,0,0,71,1,"53,33","5 312,55","73,79",24,0,135,2039,1,673,0,0,2013,26,"53,94","161 708,03","79,31",691,0,3956,Total fev,2039,1,673,0,0,2013,26,"53,94","161 708,03","79,31",691,0,3956,Total,9905,4276,3341,0,0,8323,1582,"10,05","1 068 842,82","107,91",3467,0,19209
Data,Ocup,Opção,Cheg,Oferta/Uso Interno,Deduz. Individ.,Deduz. Grupos,% Ocup.,Receita Quartos,Preço Médio,Saídas,Quartos FdS,Adul. / Cri.,fevereiro,Previsão,28-fev-2026 sáb,81,1,26,0,0,78,3,"60,00","6 257,20","77,25",17,0,153,2039,1,673,0,0,2013,26,"53,94","161 708,03","79,31",691,0,3956,Total fev,2039,1,673,0,0,2013,26,"53,94","161 708,03","79,31",691,0,3956,Total,9905,4276,3341,0,0,8323,1582,"10,05","1 068 842,82","107,91",3467,0,19209
Data,Ocup,Opção,Cheg,Oferta/Uso Interno,Deduz. Individ.,Deduz. Grupos,% Ocup.,Receita Quartos,Preço Médio,Saídas,Quartos FdS,Adul. / Cri.,março,Previsão,01-mar-2026 dom,59,13,15,0,0,59,0,"43,70","4 951,59","83,93",37,0,115,1960,104,623,0,0,1716,244,"46,83","202 131,01","103,13",663,0,3810,Total mar,1960,104,623,0,0,1716,244,"46,83","202 131,01","103,13",663,0,3810,Total,9905,4276,3341,0,0,8323,1582,"10,05","1 068 842,82","107,91",3467,0,19209
Data,Ocup,Opção,Cheg,Oferta/Uso Interno,Deduz. Individ.,Deduz. Grupos,% Ocup.,Receita Quartos,Preço Médio,Saídas,Quartos FdS,Adul. / Cri.,março,Previsão,02-mar-2026 seg,59,24,24,0,0,59,0,"43,70","5 010,86","84,93",24,0,119,1960,104,623,0,0,1716,244,"46,83","202 131,01","103,13",663,0,3810,Total mar,1960,104,623,0,0,1716,244,"46,83","202 131,01","103,13",663,0,3810,Total,9905,4276,3341,0,0,8323,1582,"10,05","1 068 842,82","107,91",3467,0,19209
Data,Ocup,Opção,Cheg,Oferta/Uso Interno,Deduz. Individ.,Deduz. Grupos,% Ocup.,Receita Quartos,Preço Médio,Saídas,Quartos FdS,Adul. / Cri.,março,Previsão,03-mar-2026 ter,58,11,13,0,0,58,0,"42,96","5 040,11","86,90",14,0,115,1960,104,623,0,0,1716,244,"46,83","202 131,01","103,13",663,0,3810,Total mar,1960,104,623,0,0,1716,244,"46,83","202 131,01","103,13",663,0,3810,Total,9905,4276,3341,0,0,8323,1582,"10,05","1 068 842,82","107,91",3467,0,19209
Data,Ocup,Opção,Cheg,Oferta/Uso Interno,Deduz. Individ.,Deduz. Grupos,% Ocup.,Receita Quartos,Preço Médio,Saídas,Quartos FdS,Adul. / Cri.,março,Previsão,04-mar-2026 qua,51,0,15,0,0,51,0,"37,78","4 415,06","86,57",22,0,97,1960,104,623,0,0,1716,244,"46,83","202 131,01","103,13",663,0,3810,Total mar,1960,104,623,0,0,1716,244,"46,83","202 131,01","103,13",663,0,3810,Total,9905,4276,3341,0,0,8323,1582,"10,05","1 068 842,82","107,91",3467,0,19209
Data,Ocup,Opção,Cheg,Oferta/Uso Interno,Deduz. Individ.,Deduz. Grupos,% Ocup.,Receita Quartos,Preço Médio,Saídas,Quartos FdS,Adul. / Cri.,março,Previsão,05-mar-2026 qui,58,0,15,0,0,58,0,"42,96","5 099,68","87,93",8,0,111,1960,104,623,0,0,1716,244,"46,83","202 131,01","103,13",663,0,3810,Total mar,1960,104,623,0,0,1716,244,"46,83","202 131,01","103,13",663,0,3810,Total,9905,4276,3341,0,0,8323,1582,"10,05","1 068 842,82","107,91",3467,0,19209
Data,Ocup,Opção,Cheg,Oferta/Uso Interno,Deduz. Individ.,Deduz. Grupos,% Ocup.,Receita Quartos,Preço Médio,Saídas,Quartos FdS,Adul. / Cri.,março,Previsão,06-mar-2026 sex,75,0,37,0,0,72,3,"55,56","7 994,06","106,59",20,0,139,1960,104,623,0,0,1716,244,"46,83","202 131,01","103,13",663,0,3810,Total mar,1960,104,623,0,0,1716,244,"46,83","202 131,01","103,13",663,0,3810,Total,9905,4276,3341,0,0,8323,1582,"10,05","1 068 842,82","107,91",3467,0,19209
Data,Ocup,Opção,Cheg,Oferta/Uso Interno,Deduz. Individ.,Deduz. Grupos,% Ocup.,Receita Quartos,Preço Médio,Saídas,Quartos FdS,Adul. / Cri.,março,Previsão,07-mar-2026 sáb,75,0,18,0,0,72,3,"55,56","7 931,03","105,75",18,0,140,1960,104,623,0,0,1716,244,"46,83","202 131,01","103,13",663,0,3810,Total mar,1960,104,623,0,0,1716,244,"46,83","202 131,01","103,13",663,0,3810,Total,9905,4276,3341,0,0,8323,1582,"10,05","1 068 842,82","107,91",3467,0,19209
Data,Ocup,Opção,Cheg,Oferta/Uso Interno,Deduz. Individ.,Deduz. Grupos,% Ocup.,Receita Quartos,Preço Médio,Saídas,Quartos FdS,Adul. / Cri.,março,Previsão,08-mar-2026 dom,74,0,25,0,0,74,0,"54,81","6 505,48","87,91",26,0,142,1960,104,623,0,0,1716,244,"46,83","202 131,01","103,13",663,0,3810,Total mar,1960,104,623,0,0,1716,244,"46,83","202 131,01","103,13",663,0,3810,Total,9905,4276,3341,0,0,8323,1582,"10,05","1 068 842,82","107,91",3467,0,19209
Data,Ocup,Opção,Cheg,Oferta/Uso Interno,Deduz. Individ.,Deduz. Grupos,% Ocup.,Receita Quartos,Preço Médio,Saídas,Quartos FdS,Adul. / Cri.,março,Previsão,09-mar-2026 seg,67,0,20,0,0,67,0,"49,63","5 781,13","86,29",27,0,125,1960,104,623,0,0,1716,244,"46,83","202 131,01","103,13",663,0,3810,Total mar,1960,104,623,0,0,1716,244,"46,83","202 131,01","103,13",663,0,3810,Total,9905,4276,3341,0,0,8323,1582,"10,05","1 068 842,82","107,91",3467,0,19209
Data,Ocup,Opção,Cheg,Oferta/Uso Interno,Deduz. Individ.,Deduz. Grupos,% Ocup.,Receita Quartos,Preço Médio,Saídas,Quartos FdS,Adul. / Cri.,março,Previsão,10-mar-2026 ter,56,0,13,0,0,55,1,"41,48","4 910,20","87,68",24,0,98,1960,104,623,0,0,1716,244,"46,83","202 131,01","103,13",663,0,3810,Total mar,1960,104,623,0,0,1716,244,"46,83","202 131,01","103,13",663,0,3810,Total,9905,4276,3341,0,0,8323,1582,"10,05","1 068 842,82","107,91",3467,0,19209
Data,Ocup,Opção,Cheg,Oferta/Uso Interno,Deduz. Individ.,Deduz. Grupos,% Ocup.,Receita Quartos,Preço Médio,Saídas,Quartos FdS,Adul. / Cri.,março,Previsão,11-mar-2026 qua,58,0,26,0,0,41,17,"42,96","5 629,04","97,05",24,0,109,1960,104,623,0,0,1716,244,"46,83","202 131,01","103,13",663,0,3810,Total mar,1960,104,623,0,0,1716,244,"46,83","202 131,01","103,13",663,0,3810,Total,9905,4276,3341,0,0,8323,1582,"10,05","1 068 842,82","107,91",3467,0,19209
Data,Ocup,Opção,Cheg,Oferta/Uso Interno,Deduz. Individ.,Deduz. Grupos,% Ocup.,Receita Quartos,Preço Médio,Saídas,Quartos FdS,Adul. / Cri.,março,Previsão,12-mar-2026 qui,70,0,26,0,0,52,18,"51,85","7 102,21","101,46",14,0,132,1960,104,623,0,0,1716,244,"46,83","202 131,01","103,13",663,0,3810,Total mar,1960,104,623,0,0,1716,244,"46,83","202 131,01","103,13",663,0,3810,Total,9905,4276,3341,0,0,8323,1582,"10,05","1 068 842,82","107,91",3467,0,19209
Data,Ocup,Opção,Cheg,Oferta/Uso Interno,Deduz. Individ.,Deduz. Grupos,% Ocup.,Receita Quartos,Preço Médio,Saídas,Quartos FdS,Adul. / Cri.,março,Previsão,13-mar-2026 sex,83,0,26,0,0,65,18,"61,48","9 314,01","112,22",13,0,165,1960,104,623,0,0,1716,244,"46,83","202 131,01","103,13",663,0,3810,Total mar,1960,104,623,0,0,1716,244,"46,83","202 131,01","103,13",663,0,3810,Total,9905,4276,3341,0,0,8323,1582,"10,05","1 068 842,82","107,91",3467,0,19209
Data,Ocup,Opção,Cheg,Oferta/Uso Interno,Deduz. Individ.,Deduz. Grupos,% Ocup.,Receita Quartos,Preço Médio,Saídas,Quartos FdS,Adul. / Cri.,março,Previsão,14-mar-2026 sáb,81,1,30,0,0,78,3,"60,00","8 595,58","106,12",32,0,162,1960,104,623,0,0,1716,244,"46,83","202 131,01","103,13",663,0,3810,Total mar,1960,104,623,0,0,1716,244,"46,83","202 131,01","103,13",663,0,3810,Total,9905,4276,3341,0,0,8323,1582,"10,05","1 068 842,82","107,91",3467,0,19209
Data,Ocup,Opção,Cheg,Oferta/Uso Interno,Deduz. Individ.,Deduz. Grupos,% Ocup.,Receita Quartos,Preço Médio,Saídas,Quartos FdS,Adul. / Cri.,março,Previsão,15-mar-2026 dom,60,13,10,0,0,60,0,"44,44","5 612,00","93,53",31,0,118,1960,104,623,0,0,1716,244,"46,83","202 131,01","103,13",663,0,3810,Total mar,1960,104,623,0,0,1716,244,"46,83","202 131,01","103,13",663,0,3810,Total,9905,4276,3341,0,0,8323,1582,"10,05","1 068 842,82","107,91",3467,0,19209
Data,Ocup,Opção,Cheg,Oferta/Uso Interno,Deduz. Individ.,Deduz. Grupos,% Ocup.,Receita Quartos,Preço Médio,Saídas,Quartos FdS,Adul. / Cri.,março,Previsão,16-mar-2026 seg,59,13,32,0,0,40,19,"43,70","7 123,40","120,74",33,0,113,1960,104,623,0,0,1716,244,"46,83","202 131,01","103,13",663,0,3810,Total mar,1960,104,623,0,0,1716,244,"46,83","202 131,01","103,13",663,0,3810,Total,9905,4276,3341,0,0,8323,1582,"10,05","1 068 842,82","107,91",3467,0,19209
Data,Ocup,Opção,Cheg,Oferta/Uso Interno,Deduz. Individ.,Deduz. Grupos,% Ocup.,Receita Quartos,Preço Médio,Saídas,Quartos FdS,Adul. / Cri.,março,Previsão,17-mar-2026 ter,59,0,8,0,0,39,20,"43,70","7 271,81","123,25",8,0,111,1960,104,623,0,0,1716,244,"46,83","202 131,01","103,13",663,0,3810,Total mar,1960,104,623,0,0,1716,244,"46,83","202 131,01","103,13",663,0,3810,Total,9905,4276,3341,0,0,8323,1582,"10,05","1 068 842,82","107,91",3467,0,19209
Data,Ocup,Opção,Cheg,Oferta/Uso Interno,Deduz. Individ.,Deduz. Grupos,% Ocup.,Receita Quartos,Preço Médio,Saídas,Quartos FdS,Adul. / Cri.,março,Previsão,18-mar-2026 qua,63,0,26,0,0,27,36,"46,67","7 958,05","126,32",22,0,119,1960,104,623,0,0,1716,244,"46,83","202 131,01","103,13",663,0,3810,Total mar,1960,104,623,0,0,1716,244,"46,83","202 131,01","103,13",663,0,3810,Total,9905,4276,3341,0,0,8323,1582,"10,05","1 068 842,82","107,91",3467,0,19209
Data,Ocup,Opção,Cheg,Oferta/Uso Interno,Deduz. Individ.,Deduz. Grupos,% Ocup.,Receita Quartos,Preço Médio,Saídas,Quartos FdS,Adul. / Cri.,março,Previsão,19-mar-2026 qui,62,0,11,0,0,26,36,"45,93","8 223,68","132,64",12,0,119,1960,104,623,0,0,1716,244,"46,83","202 131,01","103,13",663,0,3810,Total mar,1960,104,623,0,0,1716,244,"46,83","202 131,01","103,13",663,0,3810,Total,9905,4276,3341,0,0,8323,1582,"10,05","1 068 842,82","107,91",3467,0,19209
Data,Ocup,Opção,Cheg,Oferta/Uso Interno,Deduz. Individ.,Deduz. Grupos,% Ocup.,Receita Quartos,Preço Médio,Saídas,Quartos FdS,Adul. / Cri.,março,Previsão,20-mar-2026 sex,75,0,35,0,0,58,17,"55,56","9 405,54","125,41",22,0,154,1960,104,623,0,0,1716,244,"46,83","202 131,01","103,13",663,0,3810,Total mar,1960,104,623,0,0,1716,244,"46,83","202 131,01","103,13",663,0,3810,Total,9905,4276,3341,0,0,8323,1582,"10,05","1 068 842,82","107,91",3467,0,19209
Data,Ocup,Opção,Cheg,Oferta/Uso Interno,Deduz. Individ.,Deduz. Grupos,% Ocup.,Receita Quartos,Preço Médio,Saídas,Quartos FdS,Adul. / Cri.,março,Previsão,21-mar-2026 sáb,73,3,27,0,0,72,1,"54,07","7 677,23","105,17",29,0,148,1960,104,623,0,0,1716,244,"46,83","202 131,01","103,13",663,0,3810,Total mar,1960,104,623,0,0,1716,244,"46,83","202 131,01","103,13",663,0,3810,Total,9905,4276,3341,0,0,8323,1582,"10,05","1 068 842,82","107,91",3467,0,19209
Data,Ocup,Opção,Cheg,Oferta/Uso Interno,Deduz. Individ.,Deduz. Grupos,% Ocup.,Receita Quartos,Preço Médio,Saídas,Quartos FdS,Adul. / Cri.,março,Previsão,22-mar-2026 dom,67,13,20,0,0,67,0,"49,63","5 817,18","86,82",26,0,134,1960,104,623,0,0,1716,244,"46,83","202 131,01","103,13",663,0,3810,Total mar,1960,104,623,0,0,1716,244,"46,83","202 131,01","103,13",663,0,3810,Total,9905,4276,3341,0,0,8323,1582,"10,05","1 068 842,82","107,91",3467,0,19209
Data,Ocup,Opção,Cheg,Oferta/Uso Interno,Deduz. Individ.,Deduz. Grupos,% Ocup.,Receita Quartos,Preço Médio,Saídas,Quartos FdS,Adul. / Cri.,março,Previsão,23-mar-2026 seg,71,13,20,0,0,71,0,"52,59","6 159,51","86,75",16,0,139,1960,104,623,0,0,1716,244,"46,83","202 131,01","103,13",663,0,3810,Total mar,1960,104,623,0,0,1716,244,"46,83","202 131,01","103,13",663,0,3810,Total,9905,4276,3341,0,0,8323,1582,"10,05","1 068 842,82","107,91",3467,0,19209
Data,Ocup,Opção,Cheg,Oferta/Uso Interno,Deduz. Individ.,Deduz. Grupos,% Ocup.,Receita Quartos,Preço Médio,Saídas,Quartos FdS,Adul. / Cri.,março,Previsão,24-mar-2026 ter,78,0,26,0,0,77,1,"57,78","7 721,62","99,00",19,0,147,1960,104,623,0,0,1716,244,"46,83","202 131,01","103,13",663,0,3810,Total mar,1960,104,623,0,0,1716,244,"46,83","202 131,01","103,13",663,0,3810,Total,9905,4276,3341,0,0,8323,1582,"10,05","1 068 842,82","107,91",3467,0,19209
Data,Ocup,Opção,Cheg,Oferta/Uso Interno,Deduz. Individ.,Deduz. Grupos,% Ocup.,Receita Quartos,Preço Médio,Saídas,Quartos FdS,Adul. / Cri.,março,Previsão,25-mar-2026 qua,68,0,23,0,0,51,17,"50,37","7 213,52","106,08",33,0,132,1960,104,623,0,0,1716,244,"46,83","202 131,01","103,13",663,0,3810,Total mar,1960,104,623,0,0,1716,244,"46,83","202 131,01","103,13",663,0,3810,Total,9905,4276,3341,0,0,8323,1582,"10,05","1 068 842,82","107,91",3467,0,19209
Data,Ocup,Opção,Cheg,Oferta/Uso Interno,Deduz. Individ.,Deduz. Grupos,% Ocup.,Receita Quartos,Preço Médio,Saídas,Quartos FdS,Adul. / Cri.,março,Previsão,26-mar-2026 qui,57,0,5,0,0,40,17,"42,22","6 072,86","106,54",16,0,112,1960,104,623,0,0,1716,244,"46,83","202 131,01","103,13",663,0,3810,Total mar,1960,104,623,0,0,1716,244,"46,83","202 131,01","103,13",663,0,3810,Total,9905,4276,3341,0,0,8323,1582,"10,05","1 068 842,82","107,91",3467,0,19209
Data,Ocup,Opção,Cheg,Oferta/Uso Interno,Deduz. Individ.,Deduz. Grupos,% Ocup.,Receita Quartos,Preço Médio,Saídas,Quartos FdS,Adul. / Cri.,março,Previsão,27-mar-2026 sex,44,0,11,0,0,27,17,"32,59","5 402,16","122,78",24,0,86,1960,104,623,0,0,1716,244,"46,83","202 131,01","103,13",663,0,3810,Total mar,1960,104,623,0,0,1716,244,"46,83","202 131,01","103,13",663,0,3810,Total,9905,4276,3341,0,0,8323,1582,"10,05","1 068 842,82","107,91",3467,0,19209
Data,Ocup,Opção,Cheg,Oferta/Uso Interno,Deduz. Individ.,Deduz. Grupos,% Ocup.,Receita Quartos,Preço Médio,Saídas,Quartos FdS,Adul. / Cri.,março,Previsão,28-mar-2026 sáb,43,0,24,0,0,43,0,"31,85","5 057,48","117,62",25,0,86,1960,104,623,0,0,1716,244,"46,83","202 131,01","103,13",663,0,3810,Total mar,1960,104,623,0,0,1716,244,"46,83","202 131,01","103,13",663,0,3810,Total,9905,4276,3341,0,0,8323,1582,"10,05","1 068 842,82","107,91",3467,0,19209
Data,Ocup,Opção,Cheg,Oferta/Uso Interno,Deduz. Individ.,Deduz. Grupos,% Ocup.,Receita Quartos,Preço Médio,Saídas,Quartos FdS,Adul. / Cri.,março,Previsão,29-mar-2026 dom,60,0,23,0,0,60,0,"44,44","6 710,11","111,84",6,0,121,1960,104,623,0,0,1716,244,"46,83","202 131,01","103,13",663,0,3810,Total mar,1960,104,623,0,0,1716,244,"46,83","202 131,01","103,13",663,0,3810,Total,9905,4276,3341,0,0,8323,1582,"10,05","1 068 842,82","107,91",3467,0,19209
Data,Ocup,Opção,Cheg,Oferta/Uso Interno,Deduz. Individ.,Deduz. Grupos,% Ocup.,Receita Quartos,Preço Médio,Saídas,Quartos FdS,Adul. / Cri.,março,Previsão,30-mar-2026 seg,56,0,9,0,0,56,0,"41,48","6 020,89","107,52",13,0,117,1960,104,623,0,0,1716,244,"46,83","202 131,01","103,13",663,0,3810,Total mar,1960,104,623,0,0,1716,244,"46,83","202 131,01","103,13",663,0,3810,Total,9905,4276,3341,0,0,8323,1582,"10,05","1 068 842,82","107,91",3467,0,19209
Data,Ocup,Opção,Cheg,Oferta/Uso Interno,Deduz. Individ.,Deduz. Grupos,% Ocup.,Receita Quartos,Preço Médio,Saídas,Quartos FdS,Adul. / Cri.,março,Previsão,31-mar-2026 ter,41,0,10,0,0,41,0,"30,37","4 403,97","107,41",25,0,85,1960,104,623,0,0,1716,244,"46,83","202 131,01","103,13",663,0,3810,Total mar,1960,104,623,0,0,1716,244,"46,83","202 131,01","103,13",663,0,3810,Total,9905,4276,3341,0,0,8323,1582,"10,05","1 068 842,82","107,91",3467,0,19209
Data,Ocup,Opção,Cheg,Oferta/Uso Interno,Deduz. Individ.,Deduz. Grupos,% Ocup.,Receita Quartos,Preço Médio,Saídas,Quartos FdS,Adul. / Cri.,abril,Previsão,01-abr-2026 qua,33,0,7,0,0,33,0,"24,44","5 078,05","153,88",15,0,75,1076,160,358,0,0,840,236,"26,57","154 724,82","143,80",364,0,2191,Total abr,1076,160,358,0,0,840,236,"26,57","154 724,82","143,80",364,0,2191,Total,9905,4276,3341,0,0,8323,1582,"10,05","1 068 842,82","107,91",3467,0,19209
Data,Ocup,Opção,Cheg,Oferta/Uso Interno,Deduz. Individ.,Deduz. Grupos,% Ocup.,Receita Quartos,Preço Médio,Saídas,Quartos FdS,Adul. / Cri.,abril,Previsão,02-abr-2026 qui,24,0,4,0,0,24,0,"17,78","4 285,59","178,57",13,0,59,1076,160,358,0,0,840,236,"26,57","154 724,82","143,80",364,0,2191,Total abr,1076,160,358,0,0,840,236,"26,57","154 724,82","143,80",364,0,2191,Total,9905,4276,3341,0,0,8323,1582,"10,05","1 068 842,82","107,91",3467,0,19209
Data,Ocup,Opção,Cheg,Oferta/Uso Interno,Deduz. Individ.,Deduz. Grupos,% Ocup.,Receita Quartos,Preço Médio,Saídas,Quartos FdS,Adul. / Cri.,abril,Previsão,03-abr-2026 sex,15,0,2,0,0,15,0,"11,11","3 676,40","245,09",11,0,41,1076,160,358,0,0,840,236,"26,57","154 724,82","143,80",364,0,2191,Total abr,1076,160,358,0,0,840,236,"26,57","154 724,82","143,80",364,0,2191,Total,9905,4276,3341,0,0,8323,1582,"10,05","1 068 842,82","107,91",3467,0,19209
Data,Ocup,Opção,Cheg,Oferta/Uso Interno,Deduz. Individ.,Deduz. Grupos,% Ocup.,Receita Quartos,Preço Médio,Saídas,Quartos FdS,Adul. / Cri.,abril,Previsão,04-abr-2026 sáb,12,0,4,0,0,12,0,"8,89","3 069,03","255,75",7,0,36,1076,160,358,0,0,840,236,"26,57","154 724,82","143,80",364,0,2191,Total abr,1076,160,358,0,0,840,236,"26,57","154 724,82","143,80",364,0,2191,Total,9905,4276,3341,0,0,8323,1582,"10,05","1 068 842,82","107,91",3467,0,19209
Data,Ocup,Opção,Cheg,Oferta/Uso Interno,Deduz. Individ.,Deduz. Grupos,% Ocup.,Receita Quartos,Preço Médio,Saídas,Quartos FdS,Adul. / Cri.,abril,Previsão,05-abr-2026 dom,22,0,11,0,0,22,0,"16,30","3 851,86","175,08",1,0,54,1076,160,358,0,0,840,236,"26,57","154 724,82","143,80",364,0,2191,Total abr,1076,160,358,0,0,840,236,"26,57","154 724,82","143,80",364,0,2191,Total,9905,4276,3341,0,0,8323,1582,"10,05","1 068 842,82","107,91",3467,0,19209
Data,Ocup,Opção,Cheg,Oferta/Uso Interno,Deduz. Individ.,Deduz. Grupos,% Ocup.,Receita Quartos,Preço Médio,Saídas,Quartos FdS,Adul. / Cri.,abril,Previsão,06-abr-2026 seg,36,0,18,0,0,36,0,"26,67","4 638,67","128,85",4,0,75,1076,160,358,0,0,840,236,"26,57","154 724,82","143,80",364,0,2191,Total abr,1076,160,358,0,0,840,236,"26,57","154 724,82","143,80",364,0,2191,Total,9905,4276,3341,0,0,8323,1582,"10,05","1 068 842,82","107,91",3467,0,19209
Data,Ocup,Opção,Cheg,Oferta/Uso Interno,Deduz. Individ.,Deduz. Grupos,% Ocup.,Receita Quartos,Preço Médio,Saídas,Quartos FdS,Adul. / Cri.,abril,Previsão,07-abr-2026 ter,40,12,10,0,0,39,1,"29,63","5 265,17","131,63",6,0,83,1076,160,358,0,0,840,236,"26,57","154 724,82","143,80",364,0,2191,Total abr,1076,160,358,0,0,840,236,"26,57","154 724,82","143,80",364,0,2191,Total,9905,4276,3341,0,0,8323,1582,"10,05","1 068 842,82","107,91",3467,0,19209
Data,Ocup,Opção,Cheg,Oferta/Uso Interno,Deduz. Individ.,Deduz. Grupos,% Ocup.,Receita Quartos,Preço Médio,Saídas,Quartos FdS,Adul. / Cri.,abril,Previsão,08-abr-2026 qua,35,12,21,0,0,18,17,"25,93","4 958,50","141,67",26,0,69,1076,160,358,0,0,840,236,"26,57","154 724,82","143,80",364,0,2191,Total abr,1076,160,358,0,0,840,236,"26,57","154 724,82","143,80",364,0,2191,Total,9905,4276,3341,0,0,8323,1582,"10,05","1 068 842,82","107,91",3467,0,19209
Data,Ocup,Opção,Cheg,Oferta/Uso Interno,Deduz. Individ.,Deduz. Grupos,% Ocup.,Receita Quartos,Preço Médio,Saídas,Quartos FdS,Adul. / Cri.,abril,Previsão,09-abr-2026 qui,34,12,5,0,0,17,17,"25,19","4 693,34","138,04",6,0,66,1076,160,358,0,0,840,236,"26,57","154 724,82","143,80",364,0,2191,Total abr,1076,160,358,0,0,840,236,"26,57","154 724,82","143,80",364,0,2191,Total,9905,4276,3341,0,0,8323,1582,"10,05","1 068 842,82","107,91",3467,0,19209
Data,Ocup,Opção,Cheg,Oferta/Uso Interno,Deduz. Individ.,Deduz. Grupos,% Ocup.,Receita Quartos,Preço Médio,Saídas,Quartos FdS,Adul. / Cri.,abril,Previsão,10-abr-2026 sex,52,0,24,0,0,35,17,"38,52","7 800,07","150,00",6,0,101,1076,160,358,0,0,840,236,"26,57","154 724,82","143,80",364,0,2191,Total abr,1076,160,358,0,0,840,236,"26,57","154 724,82","143,80",364,0,2191,Total,9905,4276,3341,0,0,8323,1582,"10,05","1 068 842,82","107,91",3467,0,19209
Data,Ocup,Opção,Cheg,Oferta/Uso Interno,Deduz. Individ.,Deduz. Grupos,% Ocup.,Receita Quartos,Preço Médio,Saídas,Quartos FdS,Adul. / Cri.,abril,Previsão,11-abr-2026 sáb,44,1,15,0,0,41,3,"32,59","5 717,42","129,94",23,0,83,1076,160,358,0,0,840,236,"26,57","154 724,82","143,80",364,0,2191,Total abr,1076,160,358,0,0,840,236,"26,57","154 724,82","143,80",364,0,2191,Total,9905,4276,3341,0,0,8323,1582,"10,05","1 068 842,82","107,91",3467,0,19209
Data,Ocup,Opção,Cheg,Oferta/Uso Interno,Deduz. Individ.,Deduz. Grupos,% Ocup.,Receita Quartos,Preço Médio,Saídas,Quartos FdS,Adul. / Cri.,abril,Previsão,12-abr-2026 dom,34,13,10,0,0,34,0,"25,19","3 981,13","117,09",20,0,65,1076,160,358,0,0,840,236,"26,57","154 724,82","143,80",364,0,2191,Total abr,1076,160,358,0,0,840,236,"26,57","154 724,82","143,80",364,0,2191,Total,9905,4276,3341,0,0,8323,1582,"10,05","1 068 842,82","107,91",3467,0,19209
Data,Ocup,Opção,Cheg,Oferta/Uso Interno,Deduz. Individ.,Deduz. Grupos,% Ocup.,Receita Quartos,Preço Médio,Saídas,Quartos FdS,Adul. / Cri.,abril,Previsão,13-abr-2026 seg,35,13,6,0,0,35,0,"25,93","4 047,50","115,64",5,0,65,1076,160,358,0,0,840,236,"26,57","154 724,82","143,80",364,0,2191,Total abr,1076,160,358,0,0,840,236,"26,57","154 724,82","143,80",364,0,2191,Total,9905,4276,3341,0,0,8323,1582,"10,05","1 068 842,82","107,91",3467,0,19209
Data,Ocup,Opção,Cheg,Oferta/Uso Interno,Deduz. Individ.,Deduz. Grupos,% Ocup.,Receita Quartos,Preço Médio,Saídas,Quartos FdS,Adul. / Cri.,abril,Previsão,14-abr-2026 ter,36,22,15,0,0,35,1,"26,67","4 482,52","124,51",14,0,66,1076,160,358,0,0,840,236,"26,57","154 724,82","143,80",364,0,2191,Total abr,1076,160,358,0,0,840,236,"26,57","154 724,82","143,80",364,0,2191,Total,9905,4276,3341,0,0,8323,1582,"10,05","1 068 842,82","107,91",3467,0,19209
Data,Ocup,Opção,Cheg,Oferta/Uso Interno,Deduz. Individ.,Deduz. Grupos,% Ocup.,Receita Quartos,Preço Médio,Saídas,Quartos FdS,Adul. / Cri.,abril,Previsão,15-abr-2026 qua,39,22,23,0,0,20,19,"28,89","5 801,76","148,76",20,0,77,1076,160,358,0,0,840,236,"26,57","154 724,82","143,80",364,0,2191,Total abr,1076,160,358,0,0,840,236,"26,57","154 724,82","143,80",364,0,2191,Total,9905,4276,3341,0,0,8323,1582,"10,05","1 068 842,82","107,91",3467,0,19209
Data,Ocup,Opção,Cheg,Oferta/Uso Interno,Deduz. Individ.,Deduz. Grupos,% Ocup.,Receita Quartos,Preço Médio,Saídas,Quartos FdS,Adul. / Cri.,abril,Previsão,16-abr-2026 qui,46,23,11,0,0,26,20,"34,07","6 952,59","151,14",4,0,90,1076,160,358,0,0,840,236,"26,57","154 724,82","143,80",364,0,2191,Total abr,1076,160,358,0,0,840,236,"26,57","154 724,82","143,80",364,0,2191,Total,9905,4276,3341,0,0,8323,1582,"10,05","1 068 842,82","107,91",3467,0,19209
Data,Ocup,Opção,Cheg,Oferta/Uso Interno,Deduz. Individ.,Deduz. Grupos,% Ocup.,Receita Quartos,Preço Médio,Saídas,Quartos FdS,Adul. / Cri.,abril,Previsão,17-abr-2026 sex,49,13,11,0,0,32,17,"36,30","7 152,84","145,98",8,0,98,1076,160,358,0,0,840,236,"26,57","154 724,82","143,80",364,0,2191,Total abr,1076,160,358,0,0,840,236,"26,57","154 724,82","143,80",364,0,2191,Total,9905,4276,3341,0,0,8323,1582,"10,05","1 068 842,82","107,91",3467,0,19209
Data,Ocup,Opção,Cheg,Oferta/Uso Interno,Deduz. Individ.,Deduz. Grupos,% Ocup.,Receita Quartos,Preço Médio,Saídas,Quartos FdS,Adul. / Cri.,abril,Previsão,18-abr-2026 sáb,44,13,16,0,0,43,1,"32,59","5 244,85","119,20",21,0,87,1076,160,358,0,0,840,236,"26,57","154 724,82","143,80",364,0,2191,Total abr,1076,160,358,0,0,840,236,"26,57","154 724,82","143,80",364,0,2191,Total,9905,4276,3341,0,0,8323,1582,"10,05","1 068 842,82","107,91",3467,0,19209
Data,Ocup,Opção,Cheg,Oferta/Uso Interno,Deduz. Individ.,Deduz. Grupos,% Ocup.,Receita Quartos,Preço Médio,Saídas,Quartos FdS,Adul. / Cri.,abril,Previsão,19-abr-2026 dom,38,0,9,0,0,38,0,"28,15","4 166,77","109,65",15,0,75,1076,160,358,0,0,840,236,"26,57","154 724,82","143,80",364,0,2191,Total abr,1076,160,358,0,0,840,236,"26,57","154 724,82","143,80",364,0,2191,Total,9905,4276,3341,0,0,8323,1582,"10,05","1 068 842,82","107,91",3467,0,19209
Data,Ocup,Opção,Cheg,Oferta/Uso Interno,Deduz. Individ.,Deduz. Grupos,% Ocup.,Receita Quartos,Preço Médio,Saídas,Quartos FdS,Adul. / Cri.,abril,Previsão,20-abr-2026 seg,37,0,10,0,0,37,0,"27,41","4 256,45","115,04",11,0,76,1076,160,358,0,0,840,236,"26,57","154 724,82","143,80",364,0,2191,Total abr,1076,160,358,0,0,840,236,"26,57","154 724,82","143,80",364,0,2191,Total,9905,4276,3341,0,0,8323,1582,"10,05","1 068 842,82","107,91",3467,0,19209
Data,Ocup,Opção,Cheg,Oferta/Uso Interno,Deduz. Individ.,Deduz. Grupos,% Ocup.,Receita Quartos,Preço Médio,Saídas,Quartos FdS,Adul. / Cri.,abril,Previsão,21-abr-2026 ter,31,0,8,0,0,30,1,"22,96","3 948,46","127,37",14,0,63,1076,160,358,0,0,840,236,"26,57","154 724,82","143,80",364,0,2191,Total abr,1076,160,358,0,0,840,236,"26,57","154 724,82","143,80",364,0,2191,Total,9905,4276,3341,0,0,8323,1582,"10,05","1 068 842,82","107,91",3467,0,19209
Data,Ocup,Opção,Cheg,Oferta/Uso Interno,Deduz. Individ.,Deduz. Grupos,% Ocup.,Receita Quartos,Preço Médio,Saídas,Quartos FdS,Adul. / Cri.,abril,Previsão,22-abr-2026 qua,47,0,33,0,0,18,29,"34,81","8 365,12","177,98",17,0,94,1076,160,358,0,0,840,236,"26,57","154 724,82","143,80",364,0,2191,Total abr,1076,160,358,0,0,840,236,"26,57","154 724,82","143,80",364,0,2191,Total,9905,4276,3341,0,0,8323,1582,"10,05","1 068 842,82","107,91",3467,0,19209
Data,Ocup,Opção,Cheg,Oferta/Uso Interno,Deduz. Individ.,Deduz. Grupos,% Ocup.,Receita Quartos,Preço Médio,Saídas,Quartos FdS,Adul. / Cri.,abril,Previsão,23-abr-2026 qui,46,0,7,0,0,17,29,"34,07","8 098,35","176,05",8,0,92,1076,160,358,0,0,840,236,"26,57","154 724,82","143,80",364,0,2191,Total abr,1076,160,358,0,0,840,236,"26,57","154 724,82","143,80",364,0,2191,Total,9905,4276,3341,0,0,8323,1582,"10,05","1 068 842,82","107,91",3467,0,19209
Data,Ocup,Opção,Cheg,Oferta/Uso Interno,Deduz. Individ.,Deduz. Grupos,% Ocup.,Receita Quartos,Preço Médio,Saídas,Quartos FdS,Adul. / Cri.,abril,Previsão,24-abr-2026 sex,49,0,7,0,0,20,29,"36,30","9 063,81","184,98",4,0,99,1076,160,358,0,0,840,236,"26,57","154 724,82","143,80",364,0,2191,Total abr,1076,160,358,0,0,840,236,"26,57","154 724,82","143,80",364,0,2191,Total,9905,4276,3341,0,0,8323,1582,"10,05","1 068 842,82","107,91",3467,0,19209
Data,Ocup,Opção,Cheg,Oferta/Uso Interno,Deduz. Individ.,Deduz. Grupos,% Ocup.,Receita Quartos,Preço Médio,Saídas,Quartos FdS,Adul. / Cri.,abril,Previsão,25-abr-2026 sáb,28,0,13,0,0,28,0,"20,74","3 772,69","134,74",34,0,58,1076,160,358,0,0,840,236,"26,57","154 724,82","143,80",364,0,2191,Total abr,1076,160,358,0,0,840,236,"26,57","154 724,82","143,80",364,0,2191,Total,9905,4276,3341,0,0,8323,1582,"10,05","1 068 842,82","107,91",3467,0,19209
Data,Ocup,Opção,Cheg,Oferta/Uso Interno,Deduz. Individ.,Deduz. Grupos,% Ocup.,Receita Quartos,Preço Médio,Saídas,Quartos FdS,Adul. / Cri.,abril,Previsão,26-abr-2026 dom,27,0,8,0,0,27,0,"20,00","3 296,31","122,09",9,0,58,1076,160,358,0,0,840,236,"26,57","154 724,82","143,80",364,0,2191,Total abr,1076,160,358,0,0,840,236,"26,57","154 724,82","143,80",364,0,2191,Total,9905,4276,3341,0,0,8323,1582,"10,05","1 068 842,82","107,91",3467,0,19209
Data,Ocup,Opção,Cheg,Oferta/Uso Interno,Deduz. Individ.,Deduz. Grupos,% Ocup.,Receita Quartos,Preço Médio,Saídas,Quartos FdS,Adul. / Cri.,abril,Previsão,27-abr-2026 seg,34,0,12,0,0,34,0,"25,19","3 965,92","116,64",5,0,69,1076,160,358,0,0,840,236,"26,57","154 724,82","143,80",364,0,2191,Total abr,1076,160,358,0,0,840,236,"26,57","154 724,82","143,80",364,0,2191,Total,9905,4276,3341,0,0,8323,1582,"10,05","1 068 842,82","107,91",3467,0,19209
Data,Ocup,Opção,Cheg,Oferta/Uso Interno,Deduz. Individ.,Deduz. Grupos,% Ocup.,Receita Quartos,Preço Médio,Saídas,Quartos FdS,Adul. / Cri.,abril,Previsão,28-abr-2026 ter,34,0,13,0,0,33,1,"25,19","4 224,17","124,24",13,0,68,1076,160,358,0,0,840,236,"26,57","154 724,82","143,80",364,0,2191,Total abr,1076,160,358,0,0,840,236,"26,57","154 724,82","143,80",364,0,2191,Total,9905,4276,3341,0,0,8323,1582,"10,05","1 068 842,82","107,91",3467,0,19209
Data,Ocup,Opção,Cheg,Oferta/Uso Interno,Deduz. Individ.,Deduz. Grupos,% Ocup.,Receita Quartos,Preço Médio,Saídas,Quartos FdS,Adul. / Cri.,abril,Previsão,29-abr-2026 qua,40,0,22,0,0,23,17,"29,63","5 924,64","148,12",16,0,80,1076,160,358,0,0,840,236,"26,57","154 724,82","143,80",364,0,2191,Total abr,1076,160,358,0,0,840,236,"26,57","154 724,82","143,80",364,0,2191,Total,9905,4276,3341,0,0,8323,1582,"10,05","1 068 842,82","107,91",3467,0,19209
Data,Ocup,Opção,Cheg,Oferta/Uso Interno,Deduz. Individ.,Deduz. Grupos,% Ocup.,Receita Quartos,Preço Médio,Saídas,Quartos FdS,Adul. / Cri.,abril,Previsão,30-abr-2026 qui,35,4,3,0,0,18,17,"25,93","4 944,85","141,28",8,0,69,1076,160,358,0,0,840,236,"26,57","154 724,82","143,80",364,0,2191,Total abr,1076,160,358,0,0,840,236,"26,57","154 724,82","143,80",364,0,2191,Total,9905,4276,3341,0,0,8323,1582,"10,05","1 068 842,82","107,91",3467,0,19209
Data,Ocup,Opção,Cheg,Oferta/Uso Interno,Deduz. Individ.,Deduz. Grupos,% Ocup.,Receita Quartos,Preço Médio,Saídas,Quartos FdS,Adul. / Cri.,maio,Previsão,01-mai-2026 sex,29,13,4,0,0,12,17,"21,48","4 464,98","153,96",10,0,56,758,647,267,0,0,521,237,"18,11","119 824,90","158,08",287,0,1427,Total mai,758,647,267,0,0,521,237,"18,11","119 824,90","158,08",287,0,1427,Total,9905,4276,3341,0,0,8323,1582,"10,05","1 068 842,82","107,91",3467,0,19209
Data,Ocup,Opção,Cheg,Oferta/Uso Interno,Deduz. Individ.,Deduz. Grupos,% Ocup.,Receita Quartos,Preço Médio,Saídas,Quartos FdS,Adul. / Cri.,maio,Previsão,02-mai-2026 sáb,15,13,7,0,0,15,0,"11,11","2 645,96","176,40",21,0,28,758,647,267,0,0,521,237,"18,11","119 824,90","158,08",287,0,1427,Total mai,758,647,267,0,0,521,237,"18,11","119 824,90","158,08",287,0,1427,Total,9905,4276,3341,0,0,8323,1582,"10,05","1 068 842,82","107,91",3467,0,19209
Data,Ocup,Opção,Cheg,Oferta/Uso Interno,Deduz. Individ.,Deduz. Grupos,% Ocup.,Receita Quartos,Preço Médio,Saídas,Quartos FdS,Adul. / Cri.,maio,Previsão,03-mai-2026 dom,13,47,5,0,0,13,0,"9,63","1 861,24","143,17",7,0,25,758,647,267,0,0,521,237,"18,11","119 824,90","158,08",287,0,1427,Total mai,758,647,267,0,0,521,237,"18,11","119 824,90","158,08",287,0,1427,Total,9905,4276,3341,0,0,8323,1582,"10,05","1 068 842,82","107,91",3467,0,19209
Data,Ocup,Opção,Cheg,Oferta/Uso Interno,Deduz. Individ.,Deduz. Grupos,% Ocup.,Receita Quartos,Preço Médio,Saídas,Quartos FdS,Adul. / Cri.,maio,Previsão,04-mai-2026 seg,16,47,6,0,0,16,0,"11,85","2 482,87","155,18",3,0,31,758,647,267,0,0,521,237,"18,11","119 824,90","158,08",287,0,1427,Total mai,758,647,267,0,0,521,237,"18,11","119 824,90","158,08",287,0,1427,Total,9905,4276,3341,0,0,8323,1582,"10,05","1 068 842,82","107,91",3467,0,19209
Data,Ocup,Opção,Cheg,Oferta/Uso Interno,Deduz. Individ.,Deduz. Grupos,% Ocup.,Receita Quartos,Preço Médio,Saídas,Quartos FdS,Adul. / Cri.,maio,Previsão,05-mai-2026 ter,20,47,7,0,0,18,2,"14,81","3 103,74","155,19",3,0,39,758,647,267,0,0,521,237,"18,11","119 824,90","158,08",287,0,1427,Total mai,758,647,267,0,0,521,237,"18,11","119 824,90","158,08",287,0,1427,Total,9905,4276,3341,0,0,8323,1582,"10,05","1 068 842,82","107,91",3467,0,19209
Data,Ocup,Opção,Cheg,Oferta/Uso Interno,Deduz. Individ.,Deduz. Grupos,% Ocup.,Receita Quartos,Preço Médio,Saídas,Quartos FdS,Adul. / Cri.,maio,Previsão,06-mai-2026 qua,34,0,23,0,0,14,20,"25,19","4 861,89","143,00",9,0,67,758,647,267,0,0,521,237,"18,11","119 824,90","158,08",287,0,1427,Total mai,758,647,267,0,0,521,237,"18,11","119 824,90","158,08",287,0,1427,Total,9905,4276,3341,0,0,8323,1582,"10,05","1 068 842,82","107,91",3467,0,19209
Data,Ocup,Opção,Cheg,Oferta/Uso Interno,Deduz. Individ.,Deduz. Grupos,% Ocup.,Receita Quartos,Preço Médio,Saídas,Quartos FdS,Adul. / Cri.,maio,Previsão,07-mai-2026 qui,52,0,26,0,0,31,21,"38,52","7 654,51","147,20",8,0,94,758,647,267,0,0,521,237,"18,11","119 824,90","158,08",287,0,1427,Total mai,758,647,267,0,0,521,237,"18,11","119 824,90","158,08",287,0,1427,Total,9905,4276,3341,0,0,8323,1582,"10,05","1 068 842,82","107,91",3467,0,19209
Data,Ocup,Opção,Cheg,Oferta/Uso Interno,Deduz. Individ.,Deduz. Grupos,% Ocup.,Receita Quartos,Preço Médio,Saídas,Quartos FdS,Adul. / Cri.,maio,Previsão,08-mai-2026 sex,53,13,7,0,0,36,17,"39,26","8 247,29","155,61",6,0,97,758,647,267,0,0,521,237,"18,11","119 824,90","158,08",287,0,1427,Total mai,758,647,267,0,0,521,237,"18,11","119 824,90","158,08",287,0,1427,Total,9905,4276,3341,0,0,8323,1582,"10,05","1 068 842,82","107,91",3467,0,19209
Data,Ocup,Opção,Cheg,Oferta/Uso Interno,Deduz. Individ.,Deduz. Grupos,% Ocup.,Receita Quartos,Preço Médio,Saídas,Quartos FdS,Adul. / Cri.,maio,Previsão,09-mai-2026 sáb,38,35,6,0,0,38,0,"28,15","6 390,66","168,18",21,0,67,758,647,267,0,0,521,237,"18,11","119 824,90","158,08",287,0,1427,Total mai,758,647,267,0,0,521,237,"18,11","119 824,90","158,08",287,0,1427,Total,9905,4276,3341,0,0,8323,1582,"10,05","1 068 842,82","107,91",3467,0,19209
Data,Ocup,Opção,Cheg,Oferta/Uso Interno,Deduz. Individ.,Deduz. Grupos,% Ocup.,Receita Quartos,Preço Médio,Saídas,Quartos FdS,Adul. / Cri.,maio,Previsão,10-mai-2026 dom,13,22,3,0,0,13,0,"9,63","2 047,36","157,49",28,0,26,758,647,267,0,0,521,237,"18,11","119 824,90","158,08",287,0,1427,Total mai,758,647,267,0,0,521,237,"18,11","119 824,90","158,08",287,0,1427,Total,9905,4276,3341,0,0,8323,1582,"10,05","1 068 842,82","107,91",3467,0,19209
Data,Ocup,Opção,Cheg,Oferta/Uso Interno,Deduz. Individ.,Deduz. Grupos,% Ocup.,Receita Quartos,Preço Médio,Saídas,Quartos FdS,Adul. / Cri.,maio,Previsão,11-mai-2026 seg,14,22,5,0,0,14,0,"10,37","2 077,63","148,40",4,0,26,758,647,267,0,0,521,237,"18,11","119 824,90","158,08",287,0,1427,Total mai,758,647,267,0,0,521,237,"18,11","119 824,90","158,08",287,0,1427,Total,9905,4276,3341,0,0,8323,1582,"10,05","1 068 842,82","107,91",3467,0,19209
Data,Ocup,Opção,Cheg,Oferta/Uso Interno,Deduz. Individ.,Deduz. Grupos,% Ocup.,Receita Quartos,Preço Médio,Saídas,Quartos FdS,Adul. / Cri.,maio,Previsão,12-mai-2026 ter,21,22,10,0,0,20,1,"15,56","3 224,23","153,53",3,0,39,758,647,267,0,0,521,237,"18,11","119 824,90","158,08",287,0,1427,Total mai,758,647,267,0,0,521,237,"18,11","119 824,90","158,08",287,0,1427,Total,9905,4276,3341,0,0,8323,1582,"10,05","1 068 842,82","107,91",3467,0,19209
Data,Ocup,Opção,Cheg,Oferta/Uso Interno,Deduz. Individ.,Deduz. Grupos,% Ocup.,Receita Quartos,Preço Médio,Saídas,Quartos FdS,Adul. / Cri.,maio,Previsão,13-mai-2026 qua,28,22,18,0,0,11,17,"20,74","4 138,45","147,80",11,0,53,758,647,267,0,0,521,237,"18,11","119 824,90","158,08",287,0,1427,Total mai,758,647,267,0,0,521,237,"18,11","119 824,90","158,08",287,0,1427,Total,9905,4276,3341,0,0,8323,1582,"10,05","1 068 842,82","107,91",3467,0,19209
Data,Ocup,Opção,Cheg,Oferta/Uso Interno,Deduz. Individ.,Deduz. Grupos,% Ocup.,Receita Quartos,Preço Médio,Saídas,Quartos FdS,Adul. / Cri.,maio,Previsão,14-mai-2026 qui,32,48,6,0,0,15,17,"23,70","4 788,15","149,63",2,0,63,758,647,267,0,0,521,237,"18,11","119 824,90","158,08",287,0,1427,Total mai,758,647,267,0,0,521,237,"18,11","119 824,90","158,08",287,0,1427,Total,9905,4276,3341,0,0,8323,1582,"10,05","1 068 842,82","107,91",3467,0,19209
Data,Ocup,Opção,Cheg,Oferta/Uso Interno,Deduz. Individ.,Deduz. Grupos,% Ocup.,Receita Quartos,Preço Médio,Saídas,Quartos FdS,Adul. / Cri.,maio,Previsão,15-mai-2026 sex,32,35,3,0,0,15,17,"23,70","5 085,13","158,91",3,0,63,758,647,267,0,0,521,237,"18,11","119 824,90","158,08",287,0,1427,Total mai,758,647,267,0,0,521,237,"18,11","119 824,90","158,08",287,0,1427,Total,9905,4276,3341,0,0,8323,1582,"10,05","1 068 842,82","107,91",3467,0,19209
Data,Ocup,Opção,Cheg,Oferta/Uso Interno,Deduz. Individ.,Deduz. Grupos,% Ocup.,Receita Quartos,Preço Médio,Saídas,Quartos FdS,Adul. / Cri.,maio,Previsão,16-mai-2026 sáb,16,37,4,0,0,15,1,"11,85","2 631,88","164,49",20,0,32,758,647,267,0,0,521,237,"18,11","119 824,90","158,08",287,0,1427,Total mai,758,647,267,0,0,521,237,"18,11","119 824,90","158,08",287,0,1427,Total,9905,4276,3341,0,0,8323,1582,"10,05","1 068 842,82","107,91",3467,0,19209
Data,Ocup,Opção,Cheg,Oferta/Uso Interno,Deduz. Individ.,Deduz. Grupos,% Ocup.,Receita Quartos,Preço Médio,Saídas,Quartos FdS,Adul. / Cri.,maio,Previsão,17-mai-2026 dom,12,13,9,0,0,12,0,"8,89","1 585,83","132,15",13,0,23,758,647,267,0,0,521,237,"18,11","119 824,90","158,08",287,0,1427,Total mai,758,647,267,0,0,521,237,"18,11","119 824,90","158,08",287,0,1427,Total,9905,4276,3341,0,0,8323,1582,"10,05","1 068 842,82","107,91",3467,0,19209
Data,Ocup,Opção,Cheg,Oferta/Uso Interno,Deduz. Individ.,Deduz. Grupos,% Ocup.,Receita Quartos,Preço Médio,Saídas,Quartos FdS,Adul. / Cri.,maio,Previsão,18-mai-2026 seg,19,13,8,0,0,19,0,"14,07","2 748,60","144,66",1,0,36,758,647,267,0,0,521,237,"18,11","119 824,90","158,08",287,0,1427,Total mai,758,647,267,0,0,521,237,"18,11","119 824,90","158,08",287,0,1427,Total,9905,4276,3341,0,0,8323,1582,"10,05","1 068 842,82","107,91",3467,0,19209
Data,Ocup,Opção,Cheg,Oferta/Uso Interno,Deduz. Individ.,Deduz. Grupos,% Ocup.,Receita Quartos,Preço Médio,Saídas,Quartos FdS,Adul. / Cri.,maio,Previsão,19-mai-2026 ter,24,0,10,0,0,23,1,"17,78","3 900,27","162,51",5,0,46,758,647,267,0,0,521,237,"18,11","119 824,90","158,08",287,0,1427,Total mai,758,647,267,0,0,521,237,"18,11","119 824,90","158,08",287,0,1427,Total,9905,4276,3341,0,0,8323,1582,"10,05","1 068 842,82","107,91",3467,0,19209
Data,Ocup,Opção,Cheg,Oferta/Uso Interno,Deduz. Individ.,Deduz. Grupos,% Ocup.,Receita Quartos,Preço Médio,Saídas,Quartos FdS,Adul. / Cri.,maio,Previsão,20-mai-2026 qua,31,0,21,0,0,14,17,"22,96","5 001,92","161,35",14,0,60,758,647,267,0,0,521,237,"18,11","119 824,90","158,08",287,0,1427,Total mai,758,647,267,0,0,521,237,"18,11","119 824,90","158,08",287,0,1427,Total,9905,4276,3341,0,0,8323,1582,"10,05","1 068 842,82","107,91",3467,0,19209
Data,Ocup,Opção,Cheg,Oferta/Uso Interno,Deduz. Individ.,Deduz. Grupos,% Ocup.,Receita Quartos,Preço Médio,Saídas,Quartos FdS,Adul. / Cri.,maio,Previsão,21-mai-2026 qui,36,4,7,0,0,19,17,"26,67","5 823,43","161,76",2,0,65,758,647,267,0,0,521,237,"18,11","119 824,90","158,08",287,0,1427,Total mai,758,647,267,0,0,521,237,"18,11","119 824,90","158,08",287,0,1427,Total,9905,4276,3341,0,0,8323,1582,"10,05","1 068 842,82","107,91",3467,0,19209
Data,Ocup,Opção,Cheg,Oferta/Uso Interno,Deduz. Individ.,Deduz. Grupos,% Ocup.,Receita Quartos,Preço Médio,Saídas,Quartos FdS,Adul. / Cri.,maio,Previsão,22-mai-2026 sex,34,13,5,0,0,16,18,"25,19","5 944,16","174,83",7,0,64,758,647,267,0,0,521,237,"18,11","119 824,90","158,08",287,0,1427,Total mai,758,647,267,0,0,521,237,"18,11","119 824,90","158,08",287,0,1427,Total,9905,4276,3341,0,0,8323,1582,"10,05","1 068 842,82","107,91",3467,0,19209
Data,Ocup,Opção,Cheg,Oferta/Uso Interno,Deduz. Individ.,Deduz. Grupos,% Ocup.,Receita Quartos,Preço Médio,Saídas,Quartos FdS,Adul. / Cri.,maio,Previsão,23-mai-2026 sáb,16,15,3,0,0,14,2,"11,85","2 917,91","182,37",21,0,29,758,647,267,0,0,521,237,"18,11","119 824,90","158,08",287,0,1427,Total mai,758,647,267,0,0,521,237,"18,11","119 824,90","158,08",287,0,1427,Total,9905,4276,3341,0,0,8323,1582,"10,05","1 068 842,82","107,91",3467,0,19209
Data,Ocup,Opção,Cheg,Oferta/Uso Interno,Deduz. Individ.,Deduz. Grupos,% Ocup.,Receita Quartos,Preço Médio,Saídas,Quartos FdS,Adul. / Cri.,maio,Previsão,24-mai-2026 dom,12,13,7,0,0,12,0,"8,89","2 004,83","167,07",11,0,22,758,647,267,0,0,521,237,"18,11","119 824,90","158,08",287,0,1427,Total mai,758,647,267,0,0,521,237,"18,11","119 824,90","158,08",287,0,1427,Total,9905,4276,3341,0,0,8323,1582,"10,05","1 068 842,82","107,91",3467,0,19209
Data,Ocup,Opção,Cheg,Oferta/Uso Interno,Deduz. Individ.,Deduz. Grupos,% Ocup.,Receita Quartos,Preço Médio,Saídas,Quartos FdS,Adul. / Cri.,maio,Previsão,25-mai-2026 seg,16,13,6,0,0,16,0,"11,85","2 829,36","176,83",2,0,29,758,647,267,0,0,521,237,"18,11","119 824,90","158,08",287,0,1427,Total mai,758,647,267,0,0,521,237,"18,11","119 824,90","158,08",287,0,1427,Total,9905,4276,3341,0,0,8323,1582,"10,05","1 068 842,82","107,91",3467,0,19209
Data,Ocup,Opção,Cheg,Oferta/Uso Interno,Deduz. Individ.,Deduz. Grupos,% Ocup.,Receita Quartos,Preço Médio,Saídas,Quartos FdS,Adul. / Cri.,maio,Previsão,26-mai-2026 ter,21,22,10,0,0,20,1,"15,56","3 790,59","180,50",5,0,37,758,647,267,0,0,521,237,"18,11","119 824,90","158,08",287,0,1427,Total mai,758,647,267,0,0,521,237,"18,11","119 824,90","158,08",287,0,1427,Total,9905,4276,3341,0,0,8323,1582,"10,05","1 068 842,82","107,91",3467,0,19209
Data,Ocup,Opção,Cheg,Oferta/Uso Interno,Deduz. Individ.,Deduz. Grupos,% Ocup.,Receita Quartos,Preço Médio,Saídas,Quartos FdS,Adul. / Cri.,maio,Previsão,27-mai-2026 qua,28,22,18,0,0,11,17,"20,74","4 552,51","162,59",11,0,54,758,647,267,0,0,521,237,"18,11","119 824,90","158,08",287,0,1427,Total mai,758,647,267,0,0,521,237,"18,11","119 824,90","158,08",287,0,1427,Total,9905,4276,3341,0,0,8323,1582,"10,05","1 068 842,82","107,91",3467,0,19209
Data,Ocup,Opção,Cheg,Oferta/Uso Interno,Deduz. Individ.,Deduz. Grupos,% Ocup.,Receita Quartos,Preço Médio,Saídas,Quartos FdS,Adul. / Cri.,maio,Previsão,28-mai-2026 qui,25,26,4,0,0,8,17,"18,52","3 921,69","156,87",7,0,48,758,647,267,0,0,521,237,"18,11","119 824,90","158,08",287,0,1427,Total mai,758,647,267,0,0,521,237,"18,11","119 824,90","158,08",287,0,1427,Total,9905,4276,3341,0,0,8323,1582,"10,05","1 068 842,82","107,91",3467,0,19209
Data,Ocup,Opção,Cheg,Oferta/Uso Interno,Deduz. Individ.,Deduz. Grupos,% Ocup.,Receita Quartos,Preço Médio,Saídas,Quartos FdS,Adul. / Cri.,maio,Previsão,29-mai-2026 sex,30,13,5,0,0,13,17,"22,22","4 767,71","158,92",0,0,56,758,647,267,0,0,521,237,"18,11","119 824,90","158,08",287,0,1427,Total mai,758,647,267,0,0,521,237,"18,11","119 824,90","158,08",287,0,1427,Total,9905,4276,3341,0,0,8323,1582,"10,05","1 068 842,82","107,91",3467,0,19209
Data,Ocup,Opção,Cheg,Oferta/Uso Interno,Deduz. Individ.,Deduz. Grupos,% Ocup.,Receita Quartos,Preço Médio,Saídas,Quartos FdS,Adul. / Cri.,maio,Previsão,30-mai-2026 sáb,13,35,5,0,0,13,0,"9,63","2 047,67","157,51",22,0,23,758,647,267,0,0,521,237,"18,11","119 824,90","158,08",287,0,1427,Total mai,758,647,267,0,0,521,237,"18,11","119 824,90","158,08",287,0,1427,Total,9905,4276,3341,0,0,8323,1582,"10,05","1 068 842,82","107,91",3467,0,19209
Data,Ocup,Opção,Cheg,Oferta/Uso Interno,Deduz. Individ.,Deduz. Grupos,% Ocup.,Receita Quartos,Preço Médio,Saídas,Quartos FdS,Adul. / Cri.,maio,Previsão,31-mai-2026 dom,15,22,9,0,0,15,0,"11,11","2 282,44","152,16",7,0,29,758,647,267,0,0,521,237,"18,11","119 824,90","158,08",287,0,1427,Total mai,758,647,267,0,0,521,237,"18,11","119 824,90","158,08",287,0,1427,Total,9905,4276,3341,0,0,8323,1582,"10,05","1 068 842,82","107,91",3467,0,19209
Data,Ocup,Opção,Cheg,Oferta/Uso Interno,Deduz. Individ.,Deduz. Grupos,% Ocup.,Receita Quartos,Preço Médio,Saídas,Quartos FdS,Adul. / Cri.,junho,Previsão,01-jun-2026 seg,19,22,6,0,0,19,0,"14,07","2 965,67","156,09",2,0,37,467,725,171,0,0,219,248,"11,53","70 964,36","151,96",180,0,896,Total jun,467,725,171,0,0,219,248,"11,53","70 964,36","151,96",180,0,896,Total,9905,4276,3341,0,0,8323,1582,"10,05","1 068 842,82","107,91",3467,0,19209
Data,Ocup,Opção,Cheg,Oferta/Uso Interno,Deduz. Individ.,Deduz. Grupos,% Ocup.,Receita Quartos,Preço Médio,Saídas,Quartos FdS,Adul. / Cri.,junho,Previsão,02-jun-2026 ter,23,0,8,0,0,22,1,"17,04","3 127,21","135,97",4,0,44,467,725,171,0,0,219,248,"11,53","70 964,36","151,96",180,0,896,Total jun,467,725,171,0,0,219,248,"11,53","70 964,36","151,96",180,0,896,Total,9905,4276,3341,0,0,8323,1582,"10,05","1 068 842,82","107,91",3467,0,19209
Data,Ocup,Opção,Cheg,Oferta/Uso Interno,Deduz. Individ.,Deduz. Grupos,% Ocup.,Receita Quartos,Preço Médio,Saídas,Quartos FdS,Adul. / Cri.,junho,Previsão,03-jun-2026 qua,34,0,25,0,0,15,19,"25,19","4 954,96","145,73",14,0,66,467,725,171,0,0,219,248,"11,53","70 964,36","151,96",180,0,896,Total jun,467,725,171,0,0,219,248,"11,53","70 964,36","151,96",180,0,896,Total,9905,4276,3341,0,0,8323,1582,"10,05","1 068 842,82","107,91",3467,0,19209
Data,Ocup,Opção,Cheg,Oferta/Uso Interno,Deduz. Individ.,Deduz. Grupos,% Ocup.,Receita Quartos,Preço Médio,Saídas,Quartos FdS,Adul. / Cri.,junho,Previsão,04-jun-2026 qui,28,24,1,0,0,9,19,"20,74","4 082,18","145,79",7,0,54,467,725,171,0,0,219,248,"11,53","70 964,36","151,96",180,0,896,Total jun,467,725,171,0,0,219,248,"11,53","70 964,36","151,96",180,0,896,Total,9905,4276,3341,0,0,8323,1582,"10,05","1 068 842,82","107,91",3467,0,19209
Data,Ocup,Opção,Cheg,Oferta/Uso Interno,Deduz. Individ.,Deduz. Grupos,% Ocup.,Receita Quartos,Preço Médio,Saídas,Quartos FdS,Adul. / Cri.,junho,Previsão,05-jun-2026 sex,26,35,2,0,0,9,17,"19,26","3 927,50","151,06",4,0,50,467,725,171,0,0,219,248,"11,53","70 964,36","151,96",180,0,896,Total jun,467,725,171,0,0,219,248,"11,53","70 964,36","151,96",180,0,896,Total,9905,4276,3341,0,0,8323,1582,"10,05","1 068 842,82","107,91",3467,0,19209
Data,Ocup,Opção,Cheg,Oferta/Uso Interno,Deduz. Individ.,Deduz. Grupos,% Ocup.,Receita Quartos,Preço Médio,Saídas,Quartos FdS,Adul. / Cri.,junho,Previsão,06-jun-2026 sáb,25,48,20,0,0,8,17,"18,52","4 988,84","199,55",21,0,46,467,725,171,0,0,219,248,"11,53","70 964,36","151,96",180,0,896,Total jun,467,725,171,0,0,219,248,"11,53","70 964,36","151,96",180,0,896,Total,9905,4276,3341,0,0,8323,1582,"10,05","1 068 842,82","107,91",3467,0,19209
Data,Ocup,Opção,Cheg,Oferta/Uso Interno,Deduz. Individ.,Deduz. Grupos,% Ocup.,Receita Quartos,Preço Médio,Saídas,Quartos FdS,Adul. / Cri.,junho,Previsão,07-jun-2026 dom,30,13,6,0,0,13,17,"22,22","5 864,43","195,48",1,0,58,467,725,171,0,0,219,248,"11,53","70 964,36","151,96",180,0,896,Total jun,467,725,171,0,0,219,248,"11,53","70 964,36","151,96",180,0,896,Total,9905,4276,3341,0,0,8323,1582,"10,05","1 068 842,82","107,91",3467,0,19209
Data,Ocup,Opção,Cheg,Oferta/Uso Interno,Deduz. Individ.,Deduz. Grupos,% Ocup.,Receita Quartos,Preço Médio,Saídas,Quartos FdS,Adul. / Cri.,junho,Previsão,08-jun-2026 seg,14,15,5,0,0,14,0,"10,37","2 051,79","146,56",21,0,28,467,725,171,0,0,219,248,"11,53","70 964,36","151,96",180,0,896,Total jun,467,725,171,0,0,219,248,"11,53","70 964,36","151,96",180,0,896,Total,9905,4276,3341,0,0,8323,1582,"10,05","1 068 842,82","107,91",3467,0,19209
Data,Ocup,Opção,Cheg,Oferta/Uso Interno,Deduz. Individ.,Deduz. Grupos,% Ocup.,Receita Quartos,Preço Médio,Saídas,Quartos FdS,Adul. / Cri.,junho,Previsão,09-jun-2026 ter,12,33,4,0,0,11,1,"8,89","1 713,40","142,78",6,0,21,467,725,171,0,0,219,248,"11,53","70 964,36","151,96",180,0,896,Total jun,467,725,171,0,0,219,248,"11,53","70 964,36","151,96",180,0,896,Total,9905,4276,3341,0,0,8323,1582,"10,05","1 068 842,82","107,91",3467,0,19209
Data,Ocup,Opção,Cheg,Oferta/Uso Interno,Deduz. Individ.,Deduz. Grupos,% Ocup.,Receita Quartos,Preço Médio,Saídas,Quartos FdS,Adul. / Cri.,junho,Previsão,10-jun-2026 qua,24,0,18,0,0,7,17,"17,78","3 562,05","148,42",6,0,47,467,725,171,0,0,219,248,"11,53","70 964,36","151,96",180,0,896,Total jun,467,725,171,0,0,219,248,"11,53","70 964,36","151,96",180,0,896,Total,9905,4276,3341,0,0,8323,1582,"10,05","1 068 842,82","107,91",3467,0,19209
Data,Ocup,Opção,Cheg,Oferta/Uso Interno,Deduz. Individ.,Deduz. Grupos,% Ocup.,Receita Quartos,Preço Médio,Saídas,Quartos FdS,Adul. / Cri.,junho,Previsão,11-jun-2026 qui,20,26,0,0,0,3,17,"14,81","3 006,69","150,33",4,0,39,467,725,171,0,0,219,248,"11,53","70 964,36","151,96",180,0,896,Total jun,467,725,171,0,0,219,248,"11,53","70 964,36","151,96",180,0,896,Total,9905,4276,3341,0,0,8323,1582,"10,05","1 068 842,82","107,91",3467,0,19209
Data,Ocup,Opção,Cheg,Oferta/Uso Interno,Deduz. Individ.,Deduz. Grupos,% Ocup.,Receita Quartos,Preço Médio,Saídas,Quartos FdS,Adul. / Cri.,junho,Previsão,12-jun-2026 sex,24,22,4,0,0,7,17,"17,78","3 665,94","152,75",0,0,46,467,725,171,0,0,219,248,"11,53","70 964,36","151,96",180,0,896,Total jun,467,725,171,0,0,219,248,"11,53","70 964,36","151,96",180,0,896,Total,9905,4276,3341,0,0,8323,1582,"10,05","1 068 842,82","107,91",3467,0,19209
Data,Ocup,Opção,Cheg,Oferta/Uso Interno,Deduz. Individ.,Deduz. Grupos,% Ocup.,Receita Quartos,Preço Médio,Saídas,Quartos FdS,Adul. / Cri.,junho,Previsão,13-jun-2026 sáb,6,22,1,0,0,6,0,"4,44","939,35","156,56",19,0,11,467,725,171,0,0,219,248,"11,53","70 964,36","151,96",180,0,896,Total jun,467,725,171,0,0,219,248,"11,53","70 964,36","151,96",180,0,896,Total,9905,4276,3341,0,0,8323,1582,"10,05","1 068 842,82","107,91",3467,0,19209
Data,Ocup,Opção,Cheg,Oferta/Uso Interno,Deduz. Individ.,Deduz. Grupos,% Ocup.,Receita Quartos,Preço Médio,Saídas,Quartos FdS,Adul. / Cri.,junho,Previsão,14-jun-2026 dom,4,22,2,0,0,4,0,"2,96","550,90","137,72",4,0,7,467,725,171,0,0,219,248,"11,53","70 964,36","151,96",180,0,896,Total jun,467,725,171,0,0,219,248,"11,53","70 964,36","151,96",180,0,896,Total,9905,4276,3341,0,0,8323,1582,"10,05","1 068 842,82","107,91",3467,0,19209
Data,Ocup,Opção,Cheg,Oferta/Uso Interno,Deduz. Individ.,Deduz. Grupos,% Ocup.,Receita Quartos,Preço Médio,Saídas,Quartos FdS,Adul. / Cri.,junho,Previsão,15-jun-2026 seg,7,22,4,0,0,7,0,"5,19","1 094,14","156,31",1,0,13,467,725,171,0,0,219,248,"11,53","70 964,36","151,96",180,0,896,Total jun,467,725,171,0,0,219,248,"11,53","70 964,36","151,96",180,0,896,Total,9905,4276,3341,0,0,8323,1582,"10,05","1 068 842,82","107,91",3467,0,19209
Data,Ocup,Opção,Cheg,Oferta/Uso Interno,Deduz. Individ.,Deduz. Grupos,% Ocup.,Receita Quartos,Preço Médio,Saídas,Quartos FdS,Adul. / Cri.,junho,Previsão,16-jun-2026 ter,7,57,4,0,0,6,1,"5,19","1 206,96","172,42",4,0,12,467,725,171,0,0,219,248,"11,53","70 964,36","151,96",180,0,896,Total jun,467,725,171,0,0,219,248,"11,53","70 964,36","151,96",180,0,896,Total,9905,4276,3341,0,0,8323,1582,"10,05","1 068 842,82","107,91",3467,0,19209
Data,Ocup,Opção,Cheg,Oferta/Uso Interno,Deduz. Individ.,Deduz. Grupos,% Ocup.,Receita Quartos,Preço Médio,Saídas,Quartos FdS,Adul. / Cri.,junho,Previsão,17-jun-2026 qua,20,0,16,0,0,3,17,"14,81","2 947,28","147,36",3,0,38,467,725,171,0,0,219,248,"11,53","70 964,36","151,96",180,0,896,Total jun,467,725,171,0,0,219,248,"11,53","70 964,36","151,96",180,0,896,Total,9905,4276,3341,0,0,8323,1582,"10,05","1 068 842,82","107,91",3467,0,19209
Data,Ocup,Opção,Cheg,Oferta/Uso Interno,Deduz. Individ.,Deduz. Grupos,% Ocup.,Receita Quartos,Preço Médio,Saídas,Quartos FdS,Adul. / Cri.,junho,Previsão,18-jun-2026 qui,19,4,0,0,0,2,17,"14,07","2 785,13","146,59",1,0,36,467,725,171,0,0,219,248,"11,53","70 964,36","151,96",180,0,896,Total jun,467,725,171,0,0,219,248,"11,53","70 964,36","151,96",180,0,896,Total,9905,4276,3341,0,0,8323,1582,"10,05","1 068 842,82","107,91",3467,0,19209
Data,Ocup,Opção,Cheg,Oferta/Uso Interno,Deduz. Individ.,Deduz. Grupos,% Ocup.,Receita Quartos,Preço Médio,Saídas,Quartos FdS,Adul. / Cri.,junho,Previsão,19-jun-2026 sex,22,17,3,0,0,5,17,"16,30","3 193,22","145,15",0,0,42,467,725,171,0,0,219,248,"11,53","70 964,36","151,96",180,0,896,Total jun,467,725,171,0,0,219,248,"11,53","70 964,36","151,96",180,0,896,Total,9905,4276,3341,0,0,8323,1582,"10,05","1 068 842,82","107,91",3467,0,19209
Data,Ocup,Opção,Cheg,Oferta/Uso Interno,Deduz. Individ.,Deduz. Grupos,% Ocup.,Receita Quartos,Preço Médio,Saídas,Quartos FdS,Adul. / Cri.,junho,Previsão,20-jun-2026 sáb,5,21,3,0,0,5,0,"3,70","535,08","107,02",20,0,10,467,725,171,0,0,219,248,"11,53","70 964,36","151,96",180,0,896,Total jun,467,725,171,0,0,219,248,"11,53","70 964,36","151,96",180,0,896,Total,9905,4276,3341,0,0,8323,1582,"10,05","1 068 842,82","107,91",3467,0,19209
Data,Ocup,Opção,Cheg,Oferta/Uso Interno,Deduz. Individ.,Deduz. Grupos,% Ocup.,Receita Quartos,Preço Médio,Saídas,Quartos FdS,Adul. / Cri.,junho,Previsão,21-jun-2026 dom,7,13,4,0,0,7,0,"5,19","695,11","99,30",2,0,14,467,725,171,0,0,219,248,"11,53","70 964,36","151,96",180,0,896,Total jun,467,725,171,0,0,219,248,"11,53","70 964,36","151,96",180,0,896,Total,9905,4276,3341,0,0,8323,1582,"10,05","1 068 842,82","107,91",3467,0,19209
Data,Ocup,Opção,Cheg,Oferta/Uso Interno,Deduz. Individ.,Deduz. Grupos,% Ocup.,Receita Quartos,Preço Médio,Saídas,Quartos FdS,Adul. / Cri.,junho,Previsão,22-jun-2026 seg,8,39,4,0,0,8,0,"5,93","1 095,54","136,94",3,0,16,467,725,171,0,0,219,248,"11,53","70 964,36","151,96",180,0,896,Total jun,467,725,171,0,0,219,248,"11,53","70 964,36","151,96",180,0,896,Total,9905,4276,3341,0,0,8323,1582,"10,05","1 068 842,82","107,91",3467,0,19209
Data,Ocup,Opção,Cheg,Oferta/Uso Interno,Deduz. Individ.,Deduz. Grupos,% Ocup.,Receita Quartos,Preço Médio,Saídas,Quartos FdS,Adul. / Cri.,junho,Previsão,23-jun-2026 ter,7,26,1,0,0,6,1,"5,19","1 067,47","152,50",2,0,13,467,725,171,0,0,219,248,"11,53","70 964,36","151,96",180,0,896,Total jun,467,725,171,0,0,219,248,"11,53","70 964,36","151,96",180,0,896,Total,9905,4276,3341,0,0,8323,1582,"10,05","1 068 842,82","107,91",3467,0,19209
Data,Ocup,Opção,Cheg,Oferta/Uso Interno,Deduz. Individ.,Deduz. Grupos,% Ocup.,Receita Quartos,Preço Médio,Saídas,Quartos FdS,Adul. / Cri.,junho,Previsão,24-jun-2026 qua,23,0,19,0,0,6,17,"17,04","3 186,02","138,52",3,0,45,467,725,171,0,0,219,248,"11,53","70 964,36","151,96",180,0,896,Total jun,467,725,171,0,0,219,248,"11,53","70 964,36","151,96",180,0,896,Total,9905,4276,3341,0,0,8323,1582,"10,05","1 068 842,82","107,91",3467,0,19209
Data,Ocup,Opção,Cheg,Oferta/Uso Interno,Deduz. Individ.,Deduz. Grupos,% Ocup.,Receita Quartos,Preço Médio,Saídas,Quartos FdS,Adul. / Cri.,junho,Previsão,25-jun-2026 qui,23,26,2,0,0,6,17,"17,04","3 362,08","146,18",2,0,45,467,725,171,0,0,219,248,"11,53","70 964,36","151,96",180,0,896,Total jun,467,725,171,0,0,219,248,"11,53","70 964,36","151,96",180,0,896,Total,9905,4276,3341,0,0,8323,1582,"10,05","1 068 842,82","107,91",3467,0,19209
Data,Ocup,Opção,Cheg,Oferta/Uso Interno,Deduz. Individ.,Deduz. Grupos,% Ocup.,Receita Quartos,Preço Médio,Saídas,Quartos FdS,Adul. / Cri.,junho,Previsão,26-jun-2026 sex,18,35,0,0,0,1,17,"13,33","2 635,02","146,39",5,0,35,467,725,171,0,0,219,248,"11,53","70 964,36","151,96",180,0,896,Total jun,467,725,171,0,0,219,248,"11,53","70 964,36","151,96",180,0,896,Total,9905,4276,3341,0,0,8323,1582,"10,05","1 068 842,82","107,91",3467,0,19209
Data,Ocup,Opção,Cheg,Oferta/Uso Interno,Deduz. Individ.,Deduz. Grupos,% Ocup.,Receita Quartos,Preço Médio,Saídas,Quartos FdS,Adul. / Cri.,junho,Previsão,27-jun-2026 sáb,3,37,2,0,0,1,2,"2,22","377,75","125,92",17,0,5,467,725,171,0,0,219,248,"11,53","70 964,36","151,96",180,0,896,Total jun,467,725,171,0,0,219,248,"11,53","70 964,36","151,96",180,0,896,Total,9905,4276,3341,0,0,8323,1582,"10,05","1 068 842,82","107,91",3467,0,19209
Data,Ocup,Opção,Cheg,Oferta/Uso Interno,Deduz. Individ.,Deduz. Grupos,% Ocup.,Receita Quartos,Preço Médio,Saídas,Quartos FdS,Adul. / Cri.,junho,Previsão,28-jun-2026 dom,1,37,1,0,0,1,0,"0,74","105,49","105,49",3,0,2,467,725,171,0,0,219,248,"11,53","70 964,36","151,96",180,0,896,Total jun,467,725,171,0,0,219,248,"11,53","70 964,36","151,96",180,0,896,Total,9905,4276,3341,0,0,8323,1582,"10,05","1 068 842,82","107,91",3467,0,19209
Data,Ocup,Opção,Cheg,Oferta/Uso Interno,Deduz. Individ.,Deduz. Grupos,% Ocup.,Receita Quartos,Preço Médio,Saídas,Quartos FdS,Adul. / Cri.,junho,Previsão,29-jun-2026 seg,2,37,2,0,0,2,0,"1,48","312,65","156,33",1,0,4,467,725,171,0,0,219,248,"11,53","70 964,36","151,96",180,0,896,Total jun,467,725,171,0,0,219,248,"11,53","70 964,36","151,96",180,0,896,Total,9905,4276,3341,0,0,8323,1582,"10,05","1 068 842,82","107,91",3467,0,19209
Data,Ocup,Opção,Cheg,Oferta/Uso Interno,Deduz. Individ.,Deduz. Grupos,% Ocup.,Receita Quartos,Preço Médio,Saídas,Quartos FdS,Adul. / Cri.,junho,Previsão,30-jun-2026 ter,6,72,4,0,0,6,0,"4,44","964,53","160,75",0,0,12,467,725,171,0,0,219,248,"11,53","70 964,36","151,96",180,0,896,Total jun,467,725,171,0,0,219,248,"11,53","70 964,36","151,96",180,0,896,Total,9905,4276,3341,0,0,8323,1582,"10,05","1 068 842,82","107,91",3467,0,19209
Data,Ocup,Opção,Cheg,Oferta/Uso Interno,Deduz. Individ.,Deduz. Grupos,% Ocup.,Receita Quartos,Preço Médio,Saídas,Quartos FdS,Adul. / Cri.,julho,Previsão,01-jul-2026 qua,4,22,1,0,0,4,0,"2,96","682,21","170,55",3,0,9,251,219,78,0,0,251,0,"6,00","36 236,22","144,37",80,0,539,Total jul,251,219,78,0,0,251,0,"6,00","36 236,22","144,37",80,0,539,Total,9905,4276,3341,0,0,8323,1582,"10,05","1 068 842,82","107,91",3467,0,19209
Data,Ocup,Opção,Cheg,Oferta/Uso Interno,Deduz. Individ.,Deduz. Grupos,% Ocup.,Receita Quartos,Preço Médio,Saídas,Quartos FdS,Adul. / Cri.,julho,Previsão,02-jul-2026 qui,2,22,1,0,0,2,0,"1,48","387,00","193,50",3,0,5,251,219,78,0,0,251,0,"6,00","36 236,22","144,37",80,0,539,Total jul,251,219,78,0,0,251,0,"6,00","36 236,22","144,37",80,0,539,Total,9905,4276,3341,0,0,8323,1582,"10,05","1 068 842,82","107,91",3467,0,19209
Data,Ocup,Opção,Cheg,Oferta/Uso Interno,Deduz. Individ.,Deduz. Grupos,% Ocup.,Receita Quartos,Preço Médio,Saídas,Quartos FdS,Adul. / Cri.,julho,Previsão,03-jul-2026 sex,9,0,7,0,0,9,0,"6,67","1 453,78","161,53",0,0,19,251,219,78,0,0,251,0,"6,00","36 236,22","144,37",80,0,539,Total jul,251,219,78,0,0,251,0,"6,00","36 236,22","144,37",80,0,539,Total,9905,4276,3341,0,0,8323,1582,"10,05","1 068 842,82","107,91",3467,0,19209
Data,Ocup,Opção,Cheg,Oferta/Uso Interno,Deduz. Individ.,Deduz. Grupos,% Ocup.,Receita Quartos,Preço Médio,Saídas,Quartos FdS,Adul. / Cri.,julho,Previsão,04-jul-2026 sáb,9,0,4,0,0,9,0,"6,67","1 418,20","157,58",4,0,16,251,219,78,0,0,251,0,"6,00","36 236,22","144,37",80,0,539,Total jul,251,219,78,0,0,251,0,"6,00","36 236,22","144,37",80,0,539,Total,9905,4276,3341,0,0,8323,1582,"10,05","1 068 842,82","107,91",3467,0,19209
Data,Ocup,Opção,Cheg,Oferta/Uso Interno,Deduz. Individ.,Deduz. Grupos,% Ocup.,Receita Quartos,Preço Médio,Saídas,Quartos FdS,Adul. / Cri.,julho,Previsão,05-jul-2026 dom,6,16,0,0,0,6,0,"4,44","867,00","144,50",3,0,10,251,219,78,0,0,251,0,"6,00","36 236,22","144,37",80,0,539,Total jul,251,219,78,0,0,251,0,"6,00","36 236,22","144,37",80,0,539,Total,9905,4276,3341,0,0,8323,1582,"10,05","1 068 842,82","107,91",3467,0,19209
Data,Ocup,Opção,Cheg,Oferta/Uso Interno,Deduz. Individ.,Deduz. Grupos,% Ocup.,Receita Quartos,Preço Médio,Saídas,Quartos FdS,Adul. / Cri.,julho,Previsão,06-jul-2026 seg,12,16,8,0,0,12,0,"8,89","1 912,33","159,36",2,0,24,251,219,78,0,0,251,0,"6,00","36 236,22","144,37",80,0,539,Total jul,251,219,78,0,0,251,0,"6,00","36 236,22","144,37",80,0,539,Total,9905,4276,3341,0,0,8323,1582,"10,05","1 068 842,82","107,91",3467,0,19209
Data,Ocup,Opção,Cheg,Oferta/Uso Interno,Deduz. Individ.,Deduz. Grupos,% Ocup.,Receita Quartos,Preço Médio,Saídas,Quartos FdS,Adul. / Cri.,julho,Previsão,07-jul-2026 ter,12,22,2,0,0,12,0,"8,89","1 852,46","154,37",2,0,24,251,219,78,0,0,251,0,"6,00","36 236,22","144,37",80,0,539,Total jul,251,219,78,0,0,251,0,"6,00","36 236,22","144,37",80,0,539,Total,9905,4276,3341,0,0,8323,1582,"10,05","1 068 842,82","107,91",3467,0,19209
Data,Ocup,Opção,Cheg,Oferta/Uso Interno,Deduz. Individ.,Deduz. Grupos,% Ocup.,Receita Quartos,Preço Médio,Saídas,Quartos FdS,Adul. / Cri.,julho,Previsão,08-jul-2026 qua,7,22,1,0,0,7,0,"5,19","1 243,66","177,67",6,0,16,251,219,78,0,0,251,0,"6,00","36 236,22","144,37",80,0,539,Total jul,251,219,78,0,0,251,0,"6,00","36 236,22","144,37",80,0,539,Total,9905,4276,3341,0,0,8323,1582,"10,05","1 068 842,82","107,91",3467,0,19209
Data,Ocup,Opção,Cheg,Oferta/Uso Interno,Deduz. Individ.,Deduz. Grupos,% Ocup.,Receita Quartos,Preço Médio,Saídas,Quartos FdS,Adul. / Cri.,julho,Previsão,09-jul-2026 qui,16,22,10,0,0,16,0,"11,85","2 325,62","145,35",1,0,32,251,219,78,0,0,251,0,"6,00","36 236,22","144,37",80,0,539,Total jul,251,219,78,0,0,251,0,"6,00","36 236,22","144,37",80,0,539,Total,9905,4276,3341,0,0,8323,1582,"10,05","1 068 842,82","107,91",3467,0,19209
Data,Ocup,Opção,Cheg,Oferta/Uso Interno,Deduz. Individ.,Deduz. Grupos,% Ocup.,Receita Quartos,Preço Médio,Saídas,Quartos FdS,Adul. / Cri.,julho,Previsão,10-jul-2026 sex,22,0,6,0,0,22,0,"16,30","3 273,89","148,81",0,0,45,251,219,78,0,0,251,0,"6,00","36 236,22","144,37",80,0,539,Total jul,251,219,78,0,0,251,0,"6,00","36 236,22","144,37",80,0,539,Total,9905,4276,3341,0,0,8323,1582,"10,05","1 068 842,82","107,91",3467,0,19209
Data,Ocup,Opção,Cheg,Oferta/Uso Interno,Deduz. Individ.,Deduz. Grupos,% Ocup.,Receita Quartos,Preço Médio,Saídas,Quartos FdS,Adul. / Cri.,julho,Previsão,11-jul-2026 sáb,14,4,0,0,0,14,0,"10,37","1 939,87","138,56",8,0,29,251,219,78,0,0,251,0,"6,00","36 236,22","144,37",80,0,539,Total jul,251,219,78,0,0,251,0,"6,00","36 236,22","144,37",80,0,539,Total,9905,4276,3341,0,0,8323,1582,"10,05","1 068 842,82","107,91",3467,0,19209
Data,Ocup,Opção,Cheg,Oferta/Uso Interno,Deduz. Individ.,Deduz. Grupos,% Ocup.,Receita Quartos,Preço Médio,Saídas,Quartos FdS,Adul. / Cri.,julho,Previsão,12-jul-2026 dom,11,13,2,0,0,11,0,"8,15","1 510,05","137,28",5,0,23,251,219,78,0,0,251,0,"6,00","36 236,22","144,37",80,0,539,Total jul,251,219,78,0,0,251,0,"6,00","36 236,22","144,37",80,0,539,Total,9905,4276,3341,0,0,8323,1582,"10,05","1 068 842,82","107,91",3467,0,19209
Data,Ocup,Opção,Cheg,Oferta/Uso Interno,Deduz. Individ.,Deduz. Grupos,% Ocup.,Receita Quartos,Preço Médio,Saídas,Quartos FdS,Adul. / Cri.,julho,Previsão,13-jul-2026 seg,14,13,7,0,0,14,0,"10,37","1 648,41","117,74",4,0,26,251,219,78,0,0,251,0,"6,00","36 236,22","144,37",80,0,539,Total jul,251,219,78,0,0,251,0,"6,00","36 236,22","144,37",80,0,539,Total,9905,4276,3341,0,0,8323,1582,"10,05","1 068 842,82","107,91",3467,0,19209
Data,Ocup,Opção,Cheg,Oferta/Uso Interno,Deduz. Individ.,Deduz. Grupos,% Ocup.,Receita Quartos,Preço Médio,Saídas,Quartos FdS,Adul. / Cri.,julho,Previsão,14-jul-2026 ter,20,0,6,0,0,20,0,"14,81","2 513,81","125,69",0,0,40,251,219,78,0,0,251,0,"6,00","36 236,22","144,37",80,0,539,Total jul,251,219,78,0,0,251,0,"6,00","36 236,22","144,37",80,0,539,Total,9905,4276,3341,0,0,8323,1582,"10,05","1 068 842,82","107,91",3467,0,19209
Data,Ocup,Opção,Cheg,Oferta/Uso Interno,Deduz. Individ.,Deduz. Grupos,% Ocup.,Receita Quartos,Preço Médio,Saídas,Quartos FdS,Adul. / Cri.,julho,Previsão,15-jul-2026 qua,14,0,0,0,0,14,0,"10,37","1 701,64","121,55",6,0,28,251,219,78,0,0,251,0,"6,00","36 236,22","144,37",80,0,539,Total jul,251,219,78,0,0,251,0,"6,00","36 236,22","144,37",80,0,539,Total,9905,4276,3341,0,0,8323,1582,"10,05","1 068 842,82","107,91",3467,0,19209
Data,Ocup,Opção,Cheg,Oferta/Uso Interno,Deduz. Individ.,Deduz. Grupos,% Ocup.,Receita Quartos,Preço Médio,Saídas,Quartos FdS,Adul. / Cri.,julho,Previsão,16-jul-2026 qui,6,0,1,0,0,6,0,"4,44","736,77","122,80",9,0,13,251,219,78,0,0,251,0,"6,00","36 236,22","144,37",80,0,539,Total jul,251,219,78,0,0,251,0,"6,00","36 236,22","144,37",80,0,539,Total,9905,4276,3341,0,0,8323,1582,"10,05","1 068 842,82","107,91",3467,0,19209
Data,Ocup,Opção,Cheg,Oferta/Uso Interno,Deduz. Individ.,Deduz. Grupos,% Ocup.,Receita Quartos,Preço Médio,Saídas,Quartos FdS,Adul. / Cri.,julho,Previsão,17-jul-2026 sex,1,0,0,0,0,1,0,"0,74","116,40","116,40",5,0,2,251,219,78,0,0,251,0,"6,00","36 236,22","144,37",80,0,539,Total jul,251,219,78,0,0,251,0,"6,00","36 236,22","144,37",80,0,539,Total,9905,4276,3341,0,0,8323,1582,"10,05","1 068 842,82","107,91",3467,0,19209
Data,Ocup,Opção,Cheg,Oferta/Uso Interno,Deduz. Individ.,Deduz. Grupos,% Ocup.,Receita Quartos,Preço Médio,Saídas,Quartos FdS,Adul. / Cri.,julho,Previsão,18-jul-2026 sáb,0,4,0,0,0,0,0,-,-,NaN,1,0,0,251,219,78,0,0,251,0,"6,00","36 236,22","144,37",80,0,539,Total jul,251,219,78,0,0,251,0,"6,00","36 236,22","144,37",80,0,539,Total,9905,4276,3341,0,0,8323,1582,"10,05","1 068 842,82","107,91",3467,0,19209
Data,Ocup,Opção,Cheg,Oferta/Uso Interno,Deduz. Individ.,Deduz. Grupos,% Ocup.,Receita Quartos,Preço Médio,Saídas,Quartos FdS,Adul. / Cri.,julho,Previsão,19-jul-2026 dom,1,13,1,0,0,1,0,"0,74","210,38","210,38",0,0,4,251,219,78,0,0,251,0,"6,00","36 236,22","144,37",80,0,539,Total jul,251,219,78,0,0,251,0,"6,00","36 236,22","144,37",80,0,539,Total,9905,4276,3341,0,0,8323,1582,"10,05","1 068 842,82","107,91",3467,0,19209
Data,Ocup,Opção,Cheg,Oferta/Uso Interno,Deduz. Individ.,Deduz. Grupos,% Ocup.,Receita Quartos,Preço Médio,Saídas,Quartos FdS,Adul. / Cri.,julho,Previsão,20-jul-2026 seg,5,13,4,0,0,5,0,"3,70","768,89","153,78",0,0,13,251,219,78,0,0,251,0,"6,00","36 236,22","144,37",80,0,539,Total jul,251,219,78,0,0,251,0,"6,00","36 236,22","144,37",80,0,539,Total,9905,4276,3341,0,0,8323,1582,"10,05","1 068 842,82","107,91",3467,0,19209
Data,Ocup,Opção,Cheg,Oferta/Uso Interno,Deduz. Individ.,Deduz. Grupos,% Ocup.,Receita Quartos,Preço Médio,Saídas,Quartos FdS,Adul. / Cri.,julho,Previsão,21-jul-2026 ter,6,15,1,0,0,6,0,"4,44","985,69","164,28",0,0,16,251,219,78,0,0,251,0,"6,00","36 236,22","144,37",80,0,539,Total jul,251,219,78,0,0,251,0,"6,00","36 236,22","144,37",80,0,539,Total,9905,4276,3341,0,0,8323,1582,"10,05","1 068 842,82","107,91",3467,0,19209
Data,Ocup,Opção,Cheg,Oferta/Uso Interno,Deduz. Individ.,Deduz. Grupos,% Ocup.,Receita Quartos,Preço Médio,Saídas,Quartos FdS,Adul. / Cri.,julho,Previsão,22-jul-2026 qua,9,0,4,0,0,9,0,"6,67","1 287,45","143,05",1,0,22,251,219,78,0,0,251,0,"6,00","36 236,22","144,37",80,0,539,Total jul,251,219,78,0,0,251,0,"6,00","36 236,22","144,37",80,0,539,Total,9905,4276,3341,0,0,8323,1582,"10,05","1 068 842,82","107,91",3467,0,19209
Data,Ocup,Opção,Cheg,Oferta/Uso Interno,Deduz. Individ.,Deduz. Grupos,% Ocup.,Receita Quartos,Preço Médio,Saídas,Quartos FdS,Adul. / Cri.,julho,Previsão,23-jul-2026 qui,7,0,1,0,0,7,0,"5,19","1 110,64","158,66",3,0,19,251,219,78,0,0,251,0,"6,00","36 236,22","144,37",80,0,539,Total jul,251,219,78,0,0,251,0,"6,00","36 236,22","144,37",80,0,539,Total,9905,4276,3341,0,0,8323,1582,"10,05","1 068 842,82","107,91",3467,0,19209
Data,Ocup,Opção,Cheg,Oferta/Uso Interno,Deduz. Individ.,Deduz. Grupos,% Ocup.,Receita Quartos,Preço Médio,Saídas,Quartos FdS,Adul. / Cri.,julho,Previsão,24-jul-2026 sex,8,0,2,0,0,8,0,"5,93","1 327,89","165,99",1,0,21,251,219,78,0,0,251,0,"6,00","36 236,22","144,37",80,0,539,Total jul,251,219,78,0,0,251,0,"6,00","36 236,22","144,37",80,0,539,Total,9905,4276,3341,0,0,8323,1582,"10,05","1 068 842,82","107,91",3467,0,19209
Data,Ocup,Opção,Cheg,Oferta/Uso Interno,Deduz. Individ.,Deduz. Grupos,% Ocup.,Receita Quartos,Preço Médio,Saídas,Quartos FdS,Adul. / Cri.,julho,Previsão,25-jul-2026 sáb,7,0,3,0,0,7,0,"5,19","1 002,32","143,19",4,0,15,251,219,78,0,0,251,0,"6,00","36 236,22","144,37",80,0,539,Total jul,251,219,78,0,0,251,0,"6,00","36 236,22","144,37",80,0,539,Total,9905,4276,3341,0,0,8323,1582,"10,05","1 068 842,82","107,91",3467,0,19209
Data,Ocup,Opção,Cheg,Oferta/Uso Interno,Deduz. Individ.,Deduz. Grupos,% Ocup.,Receita Quartos,Preço Médio,Saídas,Quartos FdS,Adul. / Cri.,julho,Previsão,26-jul-2026 dom,8,0,2,0,0,8,0,"5,93","887,27","110,91",1,0,15,251,219,78,0,0,251,0,"6,00","36 236,22","144,37",80,0,539,Total jul,251,219,78,0,0,251,0,"6,00","36 236,22","144,37",80,0,539,Total,9905,4276,3341,0,0,8323,1582,"10,05","1 068 842,82","107,91",3467,0,19209
Data,Ocup,Opção,Cheg,Oferta/Uso Interno,Deduz. Individ.,Deduz. Grupos,% Ocup.,Receita Quartos,Preço Médio,Saídas,Quartos FdS,Adul. / Cri.,julho,Previsão,27-jul-2026 seg,5,0,0,0,0,5,0,"3,70","589,61","117,92",3,0,10,251,219,78,0,0,251,0,"6,00","36 236,22","144,37",80,0,539,Total jul,251,219,78,0,0,251,0,"6,00","36 236,22","144,37",80,0,539,Total,9905,4276,3341,0,0,8323,1582,"10,05","1 068 842,82","107,91",3467,0,19209
Data,Ocup,Opção,Cheg,Oferta/Uso Interno,Deduz. Individ.,Deduz. Grupos,% Ocup.,Receita Quartos,Preço Médio,Saídas,Quartos FdS,Adul. / Cri.,julho,Previsão,28-jul-2026 ter,4,0,1,0,0,4,0,"2,96","535,08","133,77",2,0,10,251,219,78,0,0,251,0,"6,00","36 236,22","144,37",80,0,539,Total jul,251,219,78,0,0,251,0,"6,00","36 236,22","144,37",80,0,539,Total,9905,4276,3341,0,0,8323,1582,"10,05","1 068 842,82","107,91",3467,0,19209
Data,Ocup,Opção,Cheg,Oferta/Uso Interno,Deduz. Individ.,Deduz. Grupos,% Ocup.,Receita Quartos,Preço Médio,Saídas,Quartos FdS,Adul. / Cri.,julho,Previsão,29-jul-2026 qua,4,0,0,0,0,4,0,"2,96","535,08","133,77",0,0,10,251,219,78,0,0,251,0,"6,00","36 236,22","144,37",80,0,539,Total jul,251,219,78,0,0,251,0,"6,00","36 236,22","144,37",80,0,539,Total,9905,4276,3341,0,0,8323,1582,"10,05","1 068 842,82","107,91",3467,0,19209
Data,Ocup,Opção,Cheg,Oferta/Uso Interno,Deduz. Individ.,Deduz. Grupos,% Ocup.,Receita Quartos,Preço Médio,Saídas,Quartos FdS,Adul. / Cri.,julho,Previsão,30-jul-2026 qui,4,0,2,0,0,4,0,"2,96","588,96","147,24",2,0,10,251,219,78,0,0,251,0,"6,00","36 236,22","144,37",80,0,539,Total jul,251,219,78,0,0,251,0,"6,00","36 236,22","144,37",80,0,539,Total,9905,4276,3341,0,0,8323,1582,"10,05","1 068 842,82","107,91",3467,0,19209
Data,Ocup,Opção,Cheg,Oferta/Uso Interno,Deduz. Individ.,Deduz. Grupos,% Ocup.,Receita Quartos,Preço Médio,Saídas,Quartos FdS,Adul. / Cri.,julho,Previsão,31-jul-2026 sex,4,2,1,0,0,4,0,"2,96","823,88","205,97",1,0,13,251,219,78,0,0,251,0,"6,00","36 236,22","144,37",80,0,539,Total jul,251,219,78,0,0,251,0,"6,00","36 236,22","144,37",80,0,539,Total,9905,4276,3341,0,0,8323,1582,"10,05","1 068 842,82","107,91",3467,0,19209
Data,Ocup,Opção,Cheg,Oferta/Uso Interno,Deduz. Individ.,Deduz. Grupos,% Ocup.,Receita Quartos,Preço Médio,Saídas,Quartos FdS,Adul. / Cri.,agosto,Previsão,01-ago-2026 sáb,7,1,3,0,0,7,0,"5,19","1 150,23","164,32",0,0,19,162,171,66,0,0,110,52,"3,87","22 498,34","138,88",57,0,338,Total ago,162,171,66,0,0,110,52,"3,87","22 498,34","138,88",57,0,338,Total,9905,4276,3341,0,0,8323,1582,"10,05","1 068 842,82","107,91",3467,0,19209
Data,Ocup,Opção,Cheg,Oferta/Uso Interno,Deduz. Individ.,Deduz. Grupos,% Ocup.,Receita Quartos,Preço Médio,Saídas,Quartos FdS,Adul. / Cri.,agosto,Previsão,02-ago-2026 dom,9,0,4,0,0,9,0,"6,67","1 437,61","159,73",2,0,24,162,171,66,0,0,110,52,"3,87","22 498,34","138,88",57,0,338,Total ago,162,171,66,0,0,110,52,"3,87","22 498,34","138,88",57,0,338,Total,9905,4276,3341,0,0,8323,1582,"10,05","1 068 842,82","107,91",3467,0,19209
Data,Ocup,Opção,Cheg,Oferta/Uso Interno,Deduz. Individ.,Deduz. Grupos,% Ocup.,Receita Quartos,Preço Médio,Saídas,Quartos FdS,Adul. / Cri.,agosto,Previsão,03-ago-2026 seg,4,0,0,0,0,4,0,"2,96","679,23","169,81",5,0,11,162,171,66,0,0,110,52,"3,87","22 498,34","138,88",57,0,338,Total ago,162,171,66,0,0,110,52,"3,87","22 498,34","138,88",57,0,338,Total,9905,4276,3341,0,0,8323,1582,"10,05","1 068 842,82","107,91",3467,0,19209
Data,Ocup,Opção,Cheg,Oferta/Uso Interno,Deduz. Individ.,Deduz. Grupos,% Ocup.,Receita Quartos,Preço Médio,Saídas,Quartos FdS,Adul. / Cri.,agosto,Previsão,04-ago-2026 ter,2,0,1,0,0,2,0,"1,48","320,72","160,36",3,0,4,162,171,66,0,0,110,52,"3,87","22 498,34","138,88",57,0,338,Total ago,162,171,66,0,0,110,52,"3,87","22 498,34","138,88",57,0,338,Total,9905,4276,3341,0,0,8323,1582,"10,05","1 068 842,82","107,91",3467,0,19209
Data,Ocup,Opção,Cheg,Oferta/Uso Interno,Deduz. Individ.,Deduz. Grupos,% Ocup.,Receita Quartos,Preço Médio,Saídas,Quartos FdS,Adul. / Cri.,agosto,Previsão,05-ago-2026 qua,1,0,0,0,0,1,0,"0,74","163,75","163,75",1,0,2,162,171,66,0,0,110,52,"3,87","22 498,34","138,88",57,0,338,Total ago,162,171,66,0,0,110,52,"3,87","22 498,34","138,88",57,0,338,Total,9905,4276,3341,0,0,8323,1582,"10,05","1 068 842,82","107,91",3467,0,19209
Data,Ocup,Opção,Cheg,Oferta/Uso Interno,Deduz. Individ.,Deduz. Grupos,% Ocup.,Receita Quartos,Preço Médio,Saídas,Quartos FdS,Adul. / Cri.,agosto,Previsão,06-ago-2026 qui,3,0,2,0,0,3,0,"2,22","495,98","165,33",0,0,6,162,171,66,0,0,110,52,"3,87","22 498,34","138,88",57,0,338,Total ago,162,171,66,0,0,110,52,"3,87","22 498,34","138,88",57,0,338,Total,9905,4276,3341,0,0,8323,1582,"10,05","1 068 842,82","107,91",3467,0,19209
Data,Ocup,Opção,Cheg,Oferta/Uso Interno,Deduz. Individ.,Deduz. Grupos,% Ocup.,Receita Quartos,Preço Médio,Saídas,Quartos FdS,Adul. / Cri.,agosto,Previsão,07-ago-2026 sex,3,0,1,0,0,3,0,"2,22","424,36","141,45",1,0,6,162,171,66,0,0,110,52,"3,87","22 498,34","138,88",57,0,338,Total ago,162,171,66,0,0,110,52,"3,87","22 498,34","138,88",57,0,338,Total,9905,4276,3341,0,0,8323,1582,"10,05","1 068 842,82","107,91",3467,0,19209
Data,Ocup,Opção,Cheg,Oferta/Uso Interno,Deduz. Individ.,Deduz. Grupos,% Ocup.,Receita Quartos,Preço Médio,Saídas,Quartos FdS,Adul. / Cri.,agosto,Previsão,08-ago-2026 sáb,1,0,1,0,0,1,0,"0,74","247,78","247,78",3,0,4,162,171,66,0,0,110,52,"3,87","22 498,34","138,88",57,0,338,Total ago,162,171,66,0,0,110,52,"3,87","22 498,34","138,88",57,0,338,Total,9905,4276,3341,0,0,8323,1582,"10,05","1 068 842,82","107,91",3467,0,19209
Data,Ocup,Opção,Cheg,Oferta/Uso Interno,Deduz. Individ.,Deduz. Grupos,% Ocup.,Receita Quartos,Preço Médio,Saídas,Quartos FdS,Adul. / Cri.,agosto,Previsão,09-ago-2026 dom,3,0,2,0,0,3,0,"2,22","487,75","162,58",0,0,8,162,171,66,0,0,110,52,"3,87","22 498,34","138,88",57,0,338,Total ago,162,171,66,0,0,110,52,"3,87","22 498,34","138,88",57,0,338,Total,9905,4276,3341,0,0,8323,1582,"10,05","1 068 842,82","107,91",3467,0,19209
Data,Ocup,Opção,Cheg,Oferta/Uso Interno,Deduz. Individ.,Deduz. Grupos,% Ocup.,Receita Quartos,Preço Médio,Saídas,Quartos FdS,Adul. / Cri.,agosto,Previsão,10-ago-2026 seg,3,0,2,0,0,3,0,"2,22","458,16","152,72",2,0,8,162,171,66,0,0,110,52,"3,87","22 498,34","138,88",57,0,338,Total ago,162,171,66,0,0,110,52,"3,87","22 498,34","138,88",57,0,338,Total,9905,4276,3341,0,0,8323,1582,"10,05","1 068 842,82","107,91",3467,0,19209
Data,Ocup,Opção,Cheg,Oferta/Uso Interno,Deduz. Individ.,Deduz. Grupos,% Ocup.,Receita Quartos,Preço Médio,Saídas,Quartos FdS,Adul. / Cri.,agosto,Previsão,11-ago-2026 ter,3,15,1,0,0,3,0,"2,22","371,11","123,70",1,0,6,162,171,66,0,0,110,52,"3,87","22 498,34","138,88",57,0,338,Total ago,162,171,66,0,0,110,52,"3,87","22 498,34","138,88",57,0,338,Total,9905,4276,3341,0,0,8323,1582,"10,05","1 068 842,82","107,91",3467,0,19209
Data,Ocup,Opção,Cheg,Oferta/Uso Interno,Deduz. Individ.,Deduz. Grupos,% Ocup.,Receita Quartos,Preço Médio,Saídas,Quartos FdS,Adul. / Cri.,agosto,Previsão,12-ago-2026 qua,2,0,0,0,0,2,0,"1,48","265,92","132,96",1,0,4,162,171,66,0,0,110,52,"3,87","22 498,34","138,88",57,0,338,Total ago,162,171,66,0,0,110,52,"3,87","22 498,34","138,88",57,0,338,Total,9905,4276,3341,0,0,8323,1582,"10,05","1 068 842,82","107,91",3467,0,19209
Data,Ocup,Opção,Cheg,Oferta/Uso Interno,Deduz. Individ.,Deduz. Grupos,% Ocup.,Receita Quartos,Preço Médio,Saídas,Quartos FdS,Adul. / Cri.,agosto,Previsão,13-ago-2026 qui,4,0,3,0,0,4,0,"2,96","477,92","119,48",1,0,8,162,171,66,0,0,110,52,"3,87","22 498,34","138,88",57,0,338,Total ago,162,171,66,0,0,110,52,"3,87","22 498,34","138,88",57,0,338,Total,9905,4276,3341,0,0,8323,1582,"10,05","1 068 842,82","107,91",3467,0,19209
Data,Ocup,Opção,Cheg,Oferta/Uso Interno,Deduz. Individ.,Deduz. Grupos,% Ocup.,Receita Quartos,Preço Médio,Saídas,Quartos FdS,Adul. / Cri.,agosto,Previsão,14-ago-2026 sex,6,0,3,0,0,6,0,"4,44","658,88","109,81",1,0,11,162,171,66,0,0,110,52,"3,87","22 498,34","138,88",57,0,338,Total ago,162,171,66,0,0,110,52,"3,87","22 498,34","138,88",57,0,338,Total,9905,4276,3341,0,0,8323,1582,"10,05","1 068 842,82","107,91",3467,0,19209
Data,Ocup,Opção,Cheg,Oferta/Uso Interno,Deduz. Individ.,Deduz. Grupos,% Ocup.,Receita Quartos,Preço Médio,Saídas,Quartos FdS,Adul. / Cri.,agosto,Previsão,15-ago-2026 sáb,6,0,0,0,0,6,0,"4,44","658,88","109,81",0,0,11,162,171,66,0,0,110,52,"3,87","22 498,34","138,88",57,0,338,Total ago,162,171,66,0,0,110,52,"3,87","22 498,34","138,88",57,0,338,Total,9905,4276,3341,0,0,8323,1582,"10,05","1 068 842,82","107,91",3467,0,19209
Data,Ocup,Opção,Cheg,Oferta/Uso Interno,Deduz. Individ.,Deduz. Grupos,% Ocup.,Receita Quartos,Preço Médio,Saídas,Quartos FdS,Adul. / Cri.,agosto,Previsão,16-ago-2026 dom,1,0,0,0,0,1,0,"0,74","105,72","105,72",5,0,2,162,171,66,0,0,110,52,"3,87","22 498,34","138,88",57,0,338,Total ago,162,171,66,0,0,110,52,"3,87","22 498,34","138,88",57,0,338,Total,9905,4276,3341,0,0,8323,1582,"10,05","1 068 842,82","107,91",3467,0,19209
Data,Ocup,Opção,Cheg,Oferta/Uso Interno,Deduz. Individ.,Deduz. Grupos,% Ocup.,Receita Quartos,Preço Médio,Saídas,Quartos FdS,Adul. / Cri.,agosto,Previsão,17-ago-2026 seg,0,0,0,0,0,0,0,-,-,NaN,1,0,0,162,171,66,0,0,110,52,"3,87","22 498,34","138,88",57,0,338,Total ago,162,171,66,0,0,110,52,"3,87","22 498,34","138,88",57,0,338,Total,9905,4276,3341,0,0,8323,1582,"10,05","1 068 842,82","107,91",3467,0,19209
Data,Ocup,Opção,Cheg,Oferta/Uso Interno,Deduz. Individ.,Deduz. Grupos,% Ocup.,Receita Quartos,Preço Médio,Saídas,Quartos FdS,Adul. / Cri.,agosto,Previsão,18-ago-2026 ter,3,0,3,0,0,3,0,"2,22","467,34","155,78",0,0,6,162,171,66,0,0,110,52,"3,87","22 498,34","138,88",57,0,338,Total ago,162,171,66,0,0,110,52,"3,87","22 498,34","138,88",57,0,338,Total,9905,4276,3341,0,0,8323,1582,"10,05","1 068 842,82","107,91",3467,0,19209
Data,Ocup,Opção,Cheg,Oferta/Uso Interno,Deduz. Individ.,Deduz. Grupos,% Ocup.,Receita Quartos,Preço Médio,Saídas,Quartos FdS,Adul. / Cri.,agosto,Previsão,19-ago-2026 qua,4,0,1,0,0,4,0,"2,96","636,70","159,17",0,0,9,162,171,66,0,0,110,52,"3,87","22 498,34","138,88",57,0,338,Total ago,162,171,66,0,0,110,52,"3,87","22 498,34","138,88",57,0,338,Total,9905,4276,3341,0,0,8323,1582,"10,05","1 068 842,82","107,91",3467,0,19209
Data,Ocup,Opção,Cheg,Oferta/Uso Interno,Deduz. Individ.,Deduz. Grupos,% Ocup.,Receita Quartos,Preço Médio,Saídas,Quartos FdS,Adul. / Cri.,agosto,Previsão,20-ago-2026 qui,3,0,0,0,0,3,0,"2,22","467,34","155,78",1,0,6,162,171,66,0,0,110,52,"3,87","22 498,34","138,88",57,0,338,Total ago,162,171,66,0,0,110,52,"3,87","22 498,34","138,88",57,0,338,Total,9905,4276,3341,0,0,8323,1582,"10,05","1 068 842,82","107,91",3467,0,19209
Data,Ocup,Opção,Cheg,Oferta/Uso Interno,Deduz. Individ.,Deduz. Grupos,% Ocup.,Receita Quartos,Preço Médio,Saídas,Quartos FdS,Adul. / Cri.,agosto,Previsão,21-ago-2026 sex,1,0,0,0,0,1,0,"0,74","167,79","167,79",2,0,2,162,171,66,0,0,110,52,"3,87","22 498,34","138,88",57,0,338,Total ago,162,171,66,0,0,110,52,"3,87","22 498,34","138,88",57,0,338,Total,9905,4276,3341,0,0,8323,1582,"10,05","1 068 842,82","107,91",3467,0,19209
Data,Ocup,Opção,Cheg,Oferta/Uso Interno,Deduz. Individ.,Deduz. Grupos,% Ocup.,Receita Quartos,Preço Médio,Saídas,Quartos FdS,Adul. / Cri.,agosto,Previsão,22-ago-2026 sáb,4,0,4,0,0,4,0,"2,96","481,77","120,44",1,0,7,162,171,66,0,0,110,52,"3,87","22 498,34","138,88",57,0,338,Total ago,162,171,66,0,0,110,52,"3,87","22 498,34","138,88",57,0,338,Total,9905,4276,3341,0,0,8323,1582,"10,05","1 068 842,82","107,91",3467,0,19209
Data,Ocup,Opção,Cheg,Oferta/Uso Interno,Deduz. Individ.,Deduz. Grupos,% Ocup.,Receita Quartos,Preço Médio,Saídas,Quartos FdS,Adul. / Cri.,agosto,Previsão,23-ago-2026 dom,4,0,3,0,0,4,0,"2,96","766,36","191,59",3,0,8,162,171,66,0,0,110,52,"3,87","22 498,34","138,88",57,0,338,Total ago,162,171,66,0,0,110,52,"3,87","22 498,34","138,88",57,0,338,Total,9905,4276,3341,0,0,8323,1582,"10,05","1 068 842,82","107,91",3467,0,19209
Data,Ocup,Opção,Cheg,Oferta/Uso Interno,Deduz. Individ.,Deduz. Grupos,% Ocup.,Receita Quartos,Preço Médio,Saídas,Quartos FdS,Adul. / Cri.,agosto,Previsão,24-ago-2026 seg,4,15,1,0,0,4,0,"2,96","762,92","190,73",1,0,9,162,171,66,0,0,110,52,"3,87","22 498,34","138,88",57,0,338,Total ago,162,171,66,0,0,110,52,"3,87","22 498,34","138,88",57,0,338,Total,9905,4276,3341,0,0,8323,1582,"10,05","1 068 842,82","107,91",3467,0,19209
Data,Ocup,Opção,Cheg,Oferta/Uso Interno,Deduz. Individ.,Deduz. Grupos,% Ocup.,Receita Quartos,Preço Médio,Saídas,Quartos FdS,Adul. / Cri.,agosto,Previsão,25-ago-2026 ter,5,37,1,0,0,4,1,"3,70","876,31","175,26",0,0,10,162,171,66,0,0,110,52,"3,87","22 498,34","138,88",57,0,338,Total ago,162,171,66,0,0,110,52,"3,87","22 498,34","138,88",57,0,338,Total,9905,4276,3341,0,0,8323,1582,"10,05","1 068 842,82","107,91",3467,0,19209
Data,Ocup,Opção,Cheg,Oferta/Uso Interno,Deduz. Individ.,Deduz. Grupos,% Ocup.,Receita Quartos,Preço Médio,Saídas,Quartos FdS,Adul. / Cri.,agosto,Previsão,26-ago-2026 qua,18,37,16,0,0,1,17,"13,33","2 141,24","118,96",3,0,35,162,171,66,0,0,110,52,"3,87","22 498,34","138,88",57,0,338,Total ago,162,171,66,0,0,110,52,"3,87","22 498,34","138,88",57,0,338,Total,9905,4276,3341,0,0,8323,1582,"10,05","1 068 842,82","107,91",3467,0,19209
Data,Ocup,Opção,Cheg,Oferta/Uso Interno,Deduz. Individ.,Deduz. Grupos,% Ocup.,Receita Quartos,Preço Médio,Saídas,Quartos FdS,Adul. / Cri.,agosto,Previsão,27-ago-2026 qui,18,22,1,0,0,1,17,"13,33","2 100,24","116,68",1,0,35,162,171,66,0,0,110,52,"3,87","22 498,34","138,88",57,0,338,Total ago,162,171,66,0,0,110,52,"3,87","22 498,34","138,88",57,0,338,Total,9905,4276,3341,0,0,8323,1582,"10,05","1 068 842,82","107,91",3467,0,19209
Data,Ocup,Opção,Cheg,Oferta/Uso Interno,Deduz. Individ.,Deduz. Grupos,% Ocup.,Receita Quartos,Preço Médio,Saídas,Quartos FdS,Adul. / Cri.,agosto,Previsão,28-ago-2026 sex,17,0,0,0,0,0,17,"12,59","2 013,46","118,44",1,0,33,162,171,66,0,0,110,52,"3,87","22 498,34","138,88",57,0,338,Total ago,162,171,66,0,0,110,52,"3,87","22 498,34","138,88",57,0,338,Total,9905,4276,3341,0,0,8323,1582,"10,05","1 068 842,82","107,91",3467,0,19209
Data,Ocup,Opção,Cheg,Oferta/Uso Interno,Deduz. Individ.,Deduz. Grupos,% Ocup.,Receita Quartos,Preço Médio,Saídas,Quartos FdS,Adul. / Cri.,agosto,Previsão,29-ago-2026 sáb,1,0,1,0,0,1,0,"0,74","185,76","185,76",17,0,2,162,171,66,0,0,110,52,"3,87","22 498,34","138,88",57,0,338,Total ago,162,171,66,0,0,110,52,"3,87","22 498,34","138,88",57,0,338,Total,9905,4276,3341,0,0,8323,1582,"10,05","1 068 842,82","107,91",3467,0,19209
Data,Ocup,Opção,Cheg,Oferta/Uso Interno,Deduz. Individ.,Deduz. Grupos,% Ocup.,Receita Quartos,Preço Médio,Saídas,Quartos FdS,Adul. / Cri.,agosto,Previsão,30-ago-2026 dom,9,22,8,0,0,9,0,"6,67","1 216,00","135,11",0,0,17,162,171,66,0,0,110,52,"3,87","22 498,34","138,88",57,0,338,Total ago,162,171,66,0,0,110,52,"3,87","22 498,34","138,88",57,0,338,Total,9905,4276,3341,0,0,8323,1582,"10,05","1 068 842,82","107,91",3467,0,19209
Data,Ocup,Opção,Cheg,Oferta/Uso Interno,Deduz. Individ.,Deduz. Grupos,% Ocup.,Receita Quartos,Preço Médio,Saídas,Quartos FdS,Adul. / Cri.,agosto,Previsão,31-ago-2026 seg,13,22,4,0,0,13,0,"9,63","1 811,12","139,32",0,0,25,162,171,66,0,0,110,52,"3,87","22 498,34","138,88",57,0,338,Total ago,162,171,66,0,0,110,52,"3,87","22 498,34","138,88",57,0,338,Total,9905,4276,3341,0,0,8323,1582,"10,05","1 068 842,82","107,91",3467,0,19209
Data,Ocup,Opção,Cheg,Oferta/Uso Interno,Deduz. Individ.,Deduz. Grupos,% Ocup.,Receita Quartos,Preço Médio,Saídas,Quartos FdS,Adul. / Cri.,setembro,Previsão,01-set-2026 ter,16,44,3,0,0,15,1,"11,85","2 476,35","154,77",0,0,29,371,946,141,0,0,140,231,"9,16","59 138,49","159,40",136,0,736,Total set,371,946,141,0,0,140,231,"9,16","59 138,49","159,40",136,0,736,Total,9905,4276,3341,0,0,8323,1582,"10,05","1 068 842,82","107,91",3467,0,19209
Data,Ocup,Opção,Cheg,Oferta/Uso Interno,Deduz. Individ.,Deduz. Grupos,% Ocup.,Receita Quartos,Preço Médio,Saídas,Quartos FdS,Adul. / Cri.,setembro,Previsão,02-set-2026 qua,19,22,18,0,0,2,17,"14,07","2 833,35","149,12",15,0,37,371,946,141,0,0,140,231,"9,16","59 138,49","159,40",136,0,736,Total set,371,946,141,0,0,140,231,"9,16","59 138,49","159,40",136,0,736,Total,9905,4276,3341,0,0,8323,1582,"10,05","1 068 842,82","107,91",3467,0,19209
Data,Ocup,Opção,Cheg,Oferta/Uso Interno,Deduz. Individ.,Deduz. Grupos,% Ocup.,Receita Quartos,Preço Médio,Saídas,Quartos FdS,Adul. / Cri.,setembro,Previsão,03-set-2026 qui,20,47,1,0,0,2,18,"14,81","2 969,56","148,48",0,0,39,371,946,141,0,0,140,231,"9,16","59 138,49","159,40",136,0,736,Total set,371,946,141,0,0,140,231,"9,16","59 138,49","159,40",136,0,736,Total,9905,4276,3341,0,0,8323,1582,"10,05","1 068 842,82","107,91",3467,0,19209
Data,Ocup,Opção,Cheg,Oferta/Uso Interno,Deduz. Individ.,Deduz. Grupos,% Ocup.,Receita Quartos,Preço Médio,Saídas,Quartos FdS,Adul. / Cri.,setembro,Previsão,04-set-2026 sex,19,35,0,0,0,2,17,"14,07","2 832,88","149,10",1,0,37,371,946,141,0,0,140,231,"9,16","59 138,49","159,40",136,0,736,Total set,371,946,141,0,0,140,231,"9,16","59 138,49","159,40",136,0,736,Total,9905,4276,3341,0,0,8323,1582,"10,05","1 068 842,82","107,91",3467,0,19209
Data,Ocup,Opção,Cheg,Oferta/Uso Interno,Deduz. Individ.,Deduz. Grupos,% Ocup.,Receita Quartos,Preço Médio,Saídas,Quartos FdS,Adul. / Cri.,setembro,Previsão,05-set-2026 sáb,4,39,2,0,0,4,0,"2,96","600,07","150,02",17,0,8,371,946,141,0,0,140,231,"9,16","59 138,49","159,40",136,0,736,Total set,371,946,141,0,0,140,231,"9,16","59 138,49","159,40",136,0,736,Total,9905,4276,3341,0,0,8323,1582,"10,05","1 068 842,82","107,91",3467,0,19209
Data,Ocup,Opção,Cheg,Oferta/Uso Interno,Deduz. Individ.,Deduz. Grupos,% Ocup.,Receita Quartos,Preço Médio,Saídas,Quartos FdS,Adul. / Cri.,setembro,Previsão,06-set-2026 dom,7,13,5,0,0,7,0,"5,19","934,52","133,50",2,0,14,371,946,141,0,0,140,231,"9,16","59 138,49","159,40",136,0,736,Total set,371,946,141,0,0,140,231,"9,16","59 138,49","159,40",136,0,736,Total,9905,4276,3341,0,0,8323,1582,"10,05","1 068 842,82","107,91",3467,0,19209
Data,Ocup,Opção,Cheg,Oferta/Uso Interno,Deduz. Individ.,Deduz. Grupos,% Ocup.,Receita Quartos,Preço Médio,Saídas,Quartos FdS,Adul. / Cri.,setembro,Previsão,07-set-2026 seg,7,13,1,0,0,7,0,"5,19","1 014,79","144,97",1,0,14,371,946,141,0,0,140,231,"9,16","59 138,49","159,40",136,0,736,Total set,371,946,141,0,0,140,231,"9,16","59 138,49","159,40",136,0,736,Total,9905,4276,3341,0,0,8323,1582,"10,05","1 068 842,82","107,91",3467,0,19209
Data,Ocup,Opção,Cheg,Oferta/Uso Interno,Deduz. Individ.,Deduz. Grupos,% Ocup.,Receita Quartos,Preço Médio,Saídas,Quartos FdS,Adul. / Cri.,setembro,Previsão,08-set-2026 ter,7,26,3,0,0,6,1,"5,19","1 125,92","160,85",3,0,13,371,946,141,0,0,140,231,"9,16","59 138,49","159,40",136,0,736,Total set,371,946,141,0,0,140,231,"9,16","59 138,49","159,40",136,0,736,Total,9905,4276,3341,0,0,8323,1582,"10,05","1 068 842,82","107,91",3467,0,19209
Data,Ocup,Opção,Cheg,Oferta/Uso Interno,Deduz. Individ.,Deduz. Grupos,% Ocup.,Receita Quartos,Preço Médio,Saídas,Quartos FdS,Adul. / Cri.,setembro,Previsão,09-set-2026 qua,20,35,18,0,0,3,17,"14,81","3 044,25","152,21",5,0,39,371,946,141,0,0,140,231,"9,16","59 138,49","159,40",136,0,736,Total set,371,946,141,0,0,140,231,"9,16","59 138,49","159,40",136,0,736,Total,9905,4276,3341,0,0,8323,1582,"10,05","1 068 842,82","107,91",3467,0,19209
Data,Ocup,Opção,Cheg,Oferta/Uso Interno,Deduz. Individ.,Deduz. Grupos,% Ocup.,Receita Quartos,Preço Médio,Saídas,Quartos FdS,Adul. / Cri.,setembro,Previsão,10-set-2026 qui,20,39,0,0,0,3,17,"14,81","3 044,25","152,21",0,0,39,371,946,141,0,0,140,231,"9,16","59 138,49","159,40",136,0,736,Total set,371,946,141,0,0,140,231,"9,16","59 138,49","159,40",136,0,736,Total,9905,4276,3341,0,0,8323,1582,"10,05","1 068 842,82","107,91",3467,0,19209
Data,Ocup,Opção,Cheg,Oferta/Uso Interno,Deduz. Individ.,Deduz. Grupos,% Ocup.,Receita Quartos,Preço Médio,Saídas,Quartos FdS,Adul. / Cri.,setembro,Previsão,11-set-2026 sex,18,13,0,0,0,1,17,"13,33","2 700,91","150,05",2,0,35,371,946,141,0,0,140,231,"9,16","59 138,49","159,40",136,0,736,Total set,371,946,141,0,0,140,231,"9,16","59 138,49","159,40",136,0,736,Total,9905,4276,3341,0,0,8323,1582,"10,05","1 068 842,82","107,91",3467,0,19209
Data,Ocup,Opção,Cheg,Oferta/Uso Interno,Deduz. Individ.,Deduz. Grupos,% Ocup.,Receita Quartos,Preço Médio,Saídas,Quartos FdS,Adul. / Cri.,setembro,Previsão,12-set-2026 sáb,4,16,4,0,0,3,1,"2,96","628,82","157,21",18,0,7,371,946,141,0,0,140,231,"9,16","59 138,49","159,40",136,0,736,Total set,371,946,141,0,0,140,231,"9,16","59 138,49","159,40",136,0,736,Total,9905,4276,3341,0,0,8323,1582,"10,05","1 068 842,82","107,91",3467,0,19209
Data,Ocup,Opção,Cheg,Oferta/Uso Interno,Deduz. Individ.,Deduz. Grupos,% Ocup.,Receita Quartos,Preço Médio,Saídas,Quartos FdS,Adul. / Cri.,setembro,Previsão,13-set-2026 dom,3,35,0,0,0,3,0,"2,22","505,06","168,35",1,0,6,371,946,141,0,0,140,231,"9,16","59 138,49","159,40",136,0,736,Total set,371,946,141,0,0,140,231,"9,16","59 138,49","159,40",136,0,736,Total,9905,4276,3341,0,0,8323,1582,"10,05","1 068 842,82","107,91",3467,0,19209
Data,Ocup,Opção,Cheg,Oferta/Uso Interno,Deduz. Individ.,Deduz. Grupos,% Ocup.,Receita Quartos,Preço Médio,Saídas,Quartos FdS,Adul. / Cri.,setembro,Previsão,14-set-2026 seg,4,35,1,0,0,4,0,"2,96","636,93","159,23",0,0,8,371,946,141,0,0,140,231,"9,16","59 138,49","159,40",136,0,736,Total set,371,946,141,0,0,140,231,"9,16","59 138,49","159,40",136,0,736,Total,9905,4276,3341,0,0,8323,1582,"10,05","1 068 842,82","107,91",3467,0,19209
Data,Ocup,Opção,Cheg,Oferta/Uso Interno,Deduz. Individ.,Deduz. Grupos,% Ocup.,Receita Quartos,Preço Médio,Saídas,Quartos FdS,Adul. / Cri.,setembro,Previsão,15-set-2026 ter,7,26,4,0,0,6,1,"5,19","1 082,05","154,58",1,0,12,371,946,141,0,0,140,231,"9,16","59 138,49","159,40",136,0,736,Total set,371,946,141,0,0,140,231,"9,16","59 138,49","159,40",136,0,736,Total,9905,4276,3341,0,0,8323,1582,"10,05","1 068 842,82","107,91",3467,0,19209
Data,Ocup,Opção,Cheg,Oferta/Uso Interno,Deduz. Individ.,Deduz. Grupos,% Ocup.,Receita Quartos,Preço Médio,Saídas,Quartos FdS,Adul. / Cri.,setembro,Previsão,16-set-2026 qua,18,13,17,0,0,1,17,"13,33","2 588,83","143,82",6,0,35,371,946,141,0,0,140,231,"9,16","59 138,49","159,40",136,0,736,Total set,371,946,141,0,0,140,231,"9,16","59 138,49","159,40",136,0,736,Total,9905,4276,3341,0,0,8323,1582,"10,05","1 068 842,82","107,91",3467,0,19209
Data,Ocup,Opção,Cheg,Oferta/Uso Interno,Deduz. Individ.,Deduz. Grupos,% Ocup.,Receita Quartos,Preço Médio,Saídas,Quartos FdS,Adul. / Cri.,setembro,Previsão,17-set-2026 qui,20,16,2,0,0,2,18,"14,81","2 900,28","145,01",0,0,38,371,946,141,0,0,140,231,"9,16","59 138,49","159,40",136,0,736,Total set,371,946,141,0,0,140,231,"9,16","59 138,49","159,40",136,0,736,Total,9905,4276,3341,0,0,8323,1582,"10,05","1 068 842,82","107,91",3467,0,19209
Data,Ocup,Opção,Cheg,Oferta/Uso Interno,Deduz. Individ.,Deduz. Grupos,% Ocup.,Receita Quartos,Preço Médio,Saídas,Quartos FdS,Adul. / Cri.,setembro,Previsão,18-set-2026 sex,28,13,10,0,0,11,17,"20,74","5 060,82","180,74",2,0,60,371,946,141,0,0,140,231,"9,16","59 138,49","159,40",136,0,736,Total set,371,946,141,0,0,140,231,"9,16","59 138,49","159,40",136,0,736,Total,9905,4276,3341,0,0,8323,1582,"10,05","1 068 842,82","107,91",3467,0,19209
Data,Ocup,Opção,Cheg,Oferta/Uso Interno,Deduz. Individ.,Deduz. Grupos,% Ocup.,Receita Quartos,Preço Médio,Saídas,Quartos FdS,Adul. / Cri.,setembro,Previsão,19-set-2026 sáb,12,17,2,0,0,12,0,"8,89","2 853,00","237,75",18,0,30,371,946,141,0,0,140,231,"9,16","59 138,49","159,40",136,0,736,Total set,371,946,141,0,0,140,231,"9,16","59 138,49","159,40",136,0,736,Total,9905,4276,3341,0,0,8323,1582,"10,05","1 068 842,82","107,91",3467,0,19209
Data,Ocup,Opção,Cheg,Oferta/Uso Interno,Deduz. Individ.,Deduz. Grupos,% Ocup.,Receita Quartos,Preço Médio,Saídas,Quartos FdS,Adul. / Cri.,setembro,Previsão,20-set-2026 dom,12,35,1,0,0,12,0,"8,89","2 821,95","235,16",1,0,30,371,946,141,0,0,140,231,"9,16","59 138,49","159,40",136,0,736,Total set,371,946,141,0,0,140,231,"9,16","59 138,49","159,40",136,0,736,Total,9905,4276,3341,0,0,8323,1582,"10,05","1 068 842,82","107,91",3467,0,19209
Data,Ocup,Opção,Cheg,Oferta/Uso Interno,Deduz. Individ.,Deduz. Grupos,% Ocup.,Receita Quartos,Preço Médio,Saídas,Quartos FdS,Adul. / Cri.,setembro,Previsão,21-set-2026 seg,2,35,1,0,0,2,0,"1,48","429,80","214,90",11,0,4,371,946,141,0,0,140,231,"9,16","59 138,49","159,40",136,0,736,Total set,371,946,141,0,0,140,231,"9,16","59 138,49","159,40",136,0,736,Total,9905,4276,3341,0,0,8323,1582,"10,05","1 068 842,82","107,91",3467,0,19209
Data,Ocup,Opção,Cheg,Oferta/Uso Interno,Deduz. Individ.,Deduz. Grupos,% Ocup.,Receita Quartos,Preço Médio,Saídas,Quartos FdS,Adul. / Cri.,setembro,Previsão,22-set-2026 ter,5,46,3,0,0,4,1,"3,70","821,36","164,27",0,0,9,371,946,141,0,0,140,231,"9,16","59 138,49","159,40",136,0,736,Total set,371,946,141,0,0,140,231,"9,16","59 138,49","159,40",136,0,736,Total,9905,4276,3341,0,0,8323,1582,"10,05","1 068 842,82","107,91",3467,0,19209
Data,Ocup,Opção,Cheg,Oferta/Uso Interno,Deduz. Individ.,Deduz. Grupos,% Ocup.,Receita Quartos,Preço Médio,Saídas,Quartos FdS,Adul. / Cri.,setembro,Previsão,23-set-2026 qua,22,33,18,0,0,5,17,"16,30","3 274,12","148,82",1,0,43,371,946,141,0,0,140,231,"9,16","59 138,49","159,40",136,0,736,Total set,371,946,141,0,0,140,231,"9,16","59 138,49","159,40",136,0,736,Total,9905,4276,3341,0,0,8323,1582,"10,05","1 068 842,82","107,91",3467,0,19209
Data,Ocup,Opção,Cheg,Oferta/Uso Interno,Deduz. Individ.,Deduz. Grupos,% Ocup.,Receita Quartos,Preço Médio,Saídas,Quartos FdS,Adul. / Cri.,setembro,Previsão,24-set-2026 qui,23,37,2,0,0,6,17,"17,04","3 367,16","146,40",1,0,45,371,946,141,0,0,140,231,"9,16","59 138,49","159,40",136,0,736,Total set,371,946,141,0,0,140,231,"9,16","59 138,49","159,40",136,0,736,Total,9905,4276,3341,0,0,8323,1582,"10,05","1 068 842,82","107,91",3467,0,19209
Data,Ocup,Opção,Cheg,Oferta/Uso Interno,Deduz. Individ.,Deduz. Grupos,% Ocup.,Receita Quartos,Preço Médio,Saídas,Quartos FdS,Adul. / Cri.,setembro,Previsão,25-set-2026 sex,24,33,2,0,0,7,17,"17,78","3 657,89","152,41",1,0,47,371,946,141,0,0,140,231,"9,16","59 138,49","159,40",136,0,736,Total set,371,946,141,0,0,140,231,"9,16","59 138,49","159,40",136,0,736,Total,9905,4276,3341,0,0,8323,1582,"10,05","1 068 842,82","107,91",3467,0,19209
Data,Ocup,Opção,Cheg,Oferta/Uso Interno,Deduz. Individ.,Deduz. Grupos,% Ocup.,Receita Quartos,Preço Médio,Saídas,Quartos FdS,Adul. / Cri.,setembro,Previsão,26-set-2026 sáb,6,14,2,0,0,4,2,"4,44","879,24","146,54",20,0,12,371,946,141,0,0,140,231,"9,16","59 138,49","159,40",136,0,736,Total set,371,946,141,0,0,140,231,"9,16","59 138,49","159,40",136,0,736,Total,9905,4276,3341,0,0,8323,1582,"10,05","1 068 842,82","107,91",3467,0,19209
Data,Ocup,Opção,Cheg,Oferta/Uso Interno,Deduz. Individ.,Deduz. Grupos,% Ocup.,Receita Quartos,Preço Médio,Saídas,Quartos FdS,Adul. / Cri.,setembro,Previsão,27-set-2026 dom,0,36,0,0,0,0,0,-,-,NaN,6,0,0,371,946,141,0,0,140,231,"9,16","59 138,49","159,40",136,0,736,Total set,371,946,141,0,0,140,231,"9,16","59 138,49","159,40",136,0,736,Total,9905,4276,3341,0,0,8323,1582,"10,05","1 068 842,82","107,91",3467,0,19209
Data,Ocup,Opção,Cheg,Oferta/Uso Interno,Deduz. Individ.,Deduz. Grupos,% Ocup.,Receita Quartos,Preço Médio,Saídas,Quartos FdS,Adul. / Cri.,setembro,Previsão,28-set-2026 seg,3,56,3,0,0,3,0,"2,22","557,89","185,96",0,0,6,371,946,141,0,0,140,231,"9,16","59 138,49","159,40",136,0,736,Total set,371,946,141,0,0,140,231,"9,16","59 138,49","159,40",136,0,736,Total,9905,4276,3341,0,0,8323,1582,"10,05","1 068 842,82","107,91",3467,0,19209
Data,Ocup,Opção,Cheg,Oferta/Uso Interno,Deduz. Individ.,Deduz. Grupos,% Ocup.,Receita Quartos,Preço Médio,Saídas,Quartos FdS,Adul. / Cri.,setembro,Previsão,29-set-2026 ter,3,69,1,0,0,2,1,"2,22","656,10","218,70",1,0,5,371,946,141,0,0,140,231,"9,16","59 138,49","159,40",136,0,736,Total set,371,946,141,0,0,140,231,"9,16","59 138,49","159,40",136,0,736,Total,9905,4276,3341,0,0,8323,1582,"10,05","1 068 842,82","107,91",3467,0,19209
Data,Ocup,Opção,Cheg,Oferta/Uso Interno,Deduz. Individ.,Deduz. Grupos,% Ocup.,Receita Quartos,Preço Médio,Saídas,Quartos FdS,Adul. / Cri.,setembro,Previsão,30-set-2026 qua,18,55,17,0,0,1,17,"13,33","2 840,35","157,80",2,0,35,371,946,141,0,0,140,231,"9,16","59 138,49","159,40",136,0,736,Total set,371,946,141,0,0,140,231,"9,16","59 138,49","159,40",136,0,736,Total,9905,4276,3341,0,0,8323,1582,"10,05","1 068 842,82","107,91",3467,0,19209
Data,Ocup,Opção,Cheg,Oferta/Uso Interno,Deduz. Individ.,Deduz. Grupos,% Ocup.,Receita Quartos,Preço Médio,Saídas,Quartos FdS,Adul. / Cri.,outubro,Previsão,01-out-2026 qui,18,39,0,0,0,1,17,"13,33","2 783,90","154,66",0,0,35,340,486,110,0,0,97,243,"8,12","50 956,65","149,87",128,0,670,Total out,340,486,110,0,0,97,243,"8,12","50 956,65","149,87",128,0,670,Total,9905,4276,3341,0,0,8323,1582,"10,05","1 068 842,82","107,91",3467,0,19209
Data,Ocup,Opção,Cheg,Oferta/Uso Interno,Deduz. Individ.,Deduz. Grupos,% Ocup.,Receita Quartos,Preço Médio,Saídas,Quartos FdS,Adul. / Cri.,outubro,Previsão,02-out-2026 sex,18,13,0,0,0,1,17,"13,33","2 626,47","145,92",0,0,35,340,486,110,0,0,97,243,"8,12","50 956,65","149,87",128,0,670,Total out,340,486,110,0,0,97,243,"8,12","50 956,65","149,87",128,0,670,Total,9905,4276,3341,0,0,8323,1582,"10,05","1 068 842,82","107,91",3467,0,19209
Data,Ocup,Opção,Cheg,Oferta/Uso Interno,Deduz. Individ.,Deduz. Grupos,% Ocup.,Receita Quartos,Preço Médio,Saídas,Quartos FdS,Adul. / Cri.,outubro,Previsão,03-out-2026 sáb,1,18,0,0,0,1,0,"0,74","131,88","131,88",17,0,2,340,486,110,0,0,97,243,"8,12","50 956,65","149,87",128,0,670,Total out,340,486,110,0,0,97,243,"8,12","50 956,65","149,87",128,0,670,Total,9905,4276,3341,0,0,8323,1582,"10,05","1 068 842,82","107,91",3467,0,19209
Data,Ocup,Opção,Cheg,Oferta/Uso Interno,Deduz. Individ.,Deduz. Grupos,% Ocup.,Receita Quartos,Preço Médio,Saídas,Quartos FdS,Adul. / Cri.,outubro,Previsão,04-out-2026 dom,3,14,2,0,0,3,0,"2,22","491,08","163,69",0,0,6,340,486,110,0,0,97,243,"8,12","50 956,65","149,87",128,0,670,Total out,340,486,110,0,0,97,243,"8,12","50 956,65","149,87",128,0,670,Total,9905,4276,3341,0,0,8323,1582,"10,05","1 068 842,82","107,91",3467,0,19209
Data,Ocup,Opção,Cheg,Oferta/Uso Interno,Deduz. Individ.,Deduz. Grupos,% Ocup.,Receita Quartos,Preço Médio,Saídas,Quartos FdS,Adul. / Cri.,outubro,Previsão,05-out-2026 seg,10,14,8,0,0,10,0,"7,41","1 604,72","160,47",1,0,17,340,486,110,0,0,97,243,"8,12","50 956,65","149,87",128,0,670,Total out,340,486,110,0,0,97,243,"8,12","50 956,65","149,87",128,0,670,Total,9905,4276,3341,0,0,8323,1582,"10,05","1 068 842,82","107,91",3467,0,19209
Data,Ocup,Opção,Cheg,Oferta/Uso Interno,Deduz. Individ.,Deduz. Grupos,% Ocup.,Receita Quartos,Preço Médio,Saídas,Quartos FdS,Adul. / Cri.,outubro,Previsão,06-out-2026 ter,13,5,3,0,0,11,2,"9,63","2 012,22","154,79",0,0,22,340,486,110,0,0,97,243,"8,12","50 956,65","149,87",128,0,670,Total out,340,486,110,0,0,97,243,"8,12","50 956,65","149,87",128,0,670,Total,9905,4276,3341,0,0,8323,1582,"10,05","1 068 842,82","107,91",3467,0,19209
Data,Ocup,Opção,Cheg,Oferta/Uso Interno,Deduz. Individ.,Deduz. Grupos,% Ocup.,Receita Quartos,Preço Médio,Saídas,Quartos FdS,Adul. / Cri.,outubro,Previsão,07-out-2026 qua,19,14,17,0,0,2,17,"14,07","2 760,76","145,30",11,0,37,340,486,110,0,0,97,243,"8,12","50 956,65","149,87",128,0,670,Total out,340,486,110,0,0,97,243,"8,12","50 956,65","149,87",128,0,670,Total,9905,4276,3341,0,0,8323,1582,"10,05","1 068 842,82","107,91",3467,0,19209
Data,Ocup,Opção,Cheg,Oferta/Uso Interno,Deduz. Individ.,Deduz. Grupos,% Ocup.,Receita Quartos,Preço Médio,Saídas,Quartos FdS,Adul. / Cri.,outubro,Previsão,08-out-2026 qui,19,18,0,0,0,2,17,"14,07","2 800,03","147,37",0,0,37,340,486,110,0,0,97,243,"8,12","50 956,65","149,87",128,0,670,Total out,340,486,110,0,0,97,243,"8,12","50 956,65","149,87",128,0,670,Total,9905,4276,3341,0,0,8323,1582,"10,05","1 068 842,82","107,91",3467,0,19209
Data,Ocup,Opção,Cheg,Oferta/Uso Interno,Deduz. Individ.,Deduz. Grupos,% Ocup.,Receita Quartos,Preço Médio,Saídas,Quartos FdS,Adul. / Cri.,outubro,Previsão,09-out-2026 sex,19,14,1,0,0,2,17,"14,07","2 759,91","145,26",1,0,37,340,486,110,0,0,97,243,"8,12","50 956,65","149,87",128,0,670,Total out,340,486,110,0,0,97,243,"8,12","50 956,65","149,87",128,0,670,Total,9905,4276,3341,0,0,8323,1582,"10,05","1 068 842,82","107,91",3467,0,19209
Data,Ocup,Opção,Cheg,Oferta/Uso Interno,Deduz. Individ.,Deduz. Grupos,% Ocup.,Receita Quartos,Preço Médio,Saídas,Quartos FdS,Adul. / Cri.,outubro,Previsão,10-out-2026 sáb,6,48,5,0,0,6,0,"4,44","1 731,87","288,64",18,0,19,340,486,110,0,0,97,243,"8,12","50 956,65","149,87",128,0,670,Total out,340,486,110,0,0,97,243,"8,12","50 956,65","149,87",128,0,670,Total,9905,4276,3341,0,0,8323,1582,"10,05","1 068 842,82","107,91",3467,0,19209
Data,Ocup,Opção,Cheg,Oferta/Uso Interno,Deduz. Individ.,Deduz. Grupos,% Ocup.,Receita Quartos,Preço Médio,Saídas,Quartos FdS,Adul. / Cri.,outubro,Previsão,11-out-2026 dom,5,44,0,0,0,5,0,"3,70","1 479,11","295,82",1,0,17,340,486,110,0,0,97,243,"8,12","50 956,65","149,87",128,0,670,Total out,340,486,110,0,0,97,243,"8,12","50 956,65","149,87",128,0,670,Total,9905,4276,3341,0,0,8323,1582,"10,05","1 068 842,82","107,91",3467,0,19209
Data,Ocup,Opção,Cheg,Oferta/Uso Interno,Deduz. Individ.,Deduz. Grupos,% Ocup.,Receita Quartos,Preço Médio,Saídas,Quartos FdS,Adul. / Cri.,outubro,Previsão,12-out-2026 seg,0,44,0,0,0,0,0,-,-,NaN,5,0,0,340,486,110,0,0,97,243,"8,12","50 956,65","149,87",128,0,670,Total out,340,486,110,0,0,97,243,"8,12","50 956,65","149,87",128,0,670,Total,9905,4276,3341,0,0,8323,1582,"10,05","1 068 842,82","107,91",3467,0,19209
Data,Ocup,Opção,Cheg,Oferta/Uso Interno,Deduz. Individ.,Deduz. Grupos,% Ocup.,Receita Quartos,Preço Médio,Saídas,Quartos FdS,Adul. / Cri.,outubro,Previsão,13-out-2026 ter,4,35,4,0,0,3,1,"2,96","600,91","150,23",0,0,7,340,486,110,0,0,97,243,"8,12","50 956,65","149,87",128,0,670,Total out,340,486,110,0,0,97,243,"8,12","50 956,65","149,87",128,0,670,Total,9905,4276,3341,0,0,8323,1582,"10,05","1 068 842,82","107,91",3467,0,19209
Data,Ocup,Opção,Cheg,Oferta/Uso Interno,Deduz. Individ.,Deduz. Grupos,% Ocup.,Receita Quartos,Preço Médio,Saídas,Quartos FdS,Adul. / Cri.,outubro,Previsão,14-out-2026 qua,18,14,16,0,0,1,17,"13,33","2 607,75","144,87",2,0,35,340,486,110,0,0,97,243,"8,12","50 956,65","149,87",128,0,670,Total out,340,486,110,0,0,97,243,"8,12","50 956,65","149,87",128,0,670,Total,9905,4276,3341,0,0,8323,1582,"10,05","1 068 842,82","107,91",3467,0,19209
Data,Ocup,Opção,Cheg,Oferta/Uso Interno,Deduz. Individ.,Deduz. Grupos,% Ocup.,Receita Quartos,Preço Médio,Saídas,Quartos FdS,Adul. / Cri.,outubro,Previsão,15-out-2026 qui,17,19,0,0,0,0,17,"12,59","2 494,59","146,74",1,0,33,340,486,110,0,0,97,243,"8,12","50 956,65","149,87",128,0,670,Total out,340,486,110,0,0,97,243,"8,12","50 956,65","149,87",128,0,670,Total,9905,4276,3341,0,0,8323,1582,"10,05","1 068 842,82","107,91",3467,0,19209
Data,Ocup,Opção,Cheg,Oferta/Uso Interno,Deduz. Individ.,Deduz. Grupos,% Ocup.,Receita Quartos,Preço Médio,Saídas,Quartos FdS,Adul. / Cri.,outubro,Previsão,16-out-2026 sex,19,15,2,0,0,2,17,"14,07","2 833,37","149,12",0,0,37,340,486,110,0,0,97,243,"8,12","50 956,65","149,87",128,0,670,Total out,340,486,110,0,0,97,243,"8,12","50 956,65","149,87",128,0,670,Total,9905,4276,3341,0,0,8323,1582,"10,05","1 068 842,82","107,91",3467,0,19209
Data,Ocup,Opção,Cheg,Oferta/Uso Interno,Deduz. Individ.,Deduz. Grupos,% Ocup.,Receita Quartos,Preço Médio,Saídas,Quartos FdS,Adul. / Cri.,outubro,Previsão,17-out-2026 sáb,2,18,0,0,0,2,0,"1,48","338,77","169,39",17,0,4,340,486,110,0,0,97,243,"8,12","50 956,65","149,87",128,0,670,Total out,340,486,110,0,0,97,243,"8,12","50 956,65","149,87",128,0,670,Total,9905,4276,3341,0,0,8323,1582,"10,05","1 068 842,82","107,91",3467,0,19209
Data,Ocup,Opção,Cheg,Oferta/Uso Interno,Deduz. Individ.,Deduz. Grupos,% Ocup.,Receita Quartos,Preço Médio,Saídas,Quartos FdS,Adul. / Cri.,outubro,Previsão,18-out-2026 dom,4,14,4,0,0,4,0,"2,96","550,04","137,51",2,0,8,340,486,110,0,0,97,243,"8,12","50 956,65","149,87",128,0,670,Total out,340,486,110,0,0,97,243,"8,12","50 956,65","149,87",128,0,670,Total,9905,4276,3341,0,0,8323,1582,"10,05","1 068 842,82","107,91",3467,0,19209
Data,Ocup,Opção,Cheg,Oferta/Uso Interno,Deduz. Individ.,Deduz. Grupos,% Ocup.,Receita Quartos,Preço Médio,Saídas,Quartos FdS,Adul. / Cri.,outubro,Previsão,19-out-2026 seg,6,13,2,0,0,6,0,"4,44","768,30","128,05",0,0,12,340,486,110,0,0,97,243,"8,12","50 956,65","149,87",128,0,670,Total out,340,486,110,0,0,97,243,"8,12","50 956,65","149,87",128,0,670,Total,9905,4276,3341,0,0,8323,1582,"10,05","1 068 842,82","107,91",3467,0,19209
Data,Ocup,Opção,Cheg,Oferta/Uso Interno,Deduz. Individ.,Deduz. Grupos,% Ocup.,Receita Quartos,Preço Médio,Saídas,Quartos FdS,Adul. / Cri.,outubro,Previsão,20-out-2026 ter,10,0,5,0,0,9,1,"7,41","1 427,22","142,72",1,0,19,340,486,110,0,0,97,243,"8,12","50 956,65","149,87",128,0,670,Total out,340,486,110,0,0,97,243,"8,12","50 956,65","149,87",128,0,670,Total,9905,4276,3341,0,0,8323,1582,"10,05","1 068 842,82","107,91",3467,0,19209
Data,Ocup,Opção,Cheg,Oferta/Uso Interno,Deduz. Individ.,Deduz. Grupos,% Ocup.,Receita Quartos,Preço Médio,Saídas,Quartos FdS,Adul. / Cri.,outubro,Previsão,21-out-2026 qua,21,0,17,0,0,4,17,"15,56","2 952,24","140,58",6,0,41,340,486,110,0,0,97,243,"8,12","50 956,65","149,87",128,0,670,Total out,340,486,110,0,0,97,243,"8,12","50 956,65","149,87",128,0,670,Total,9905,4276,3341,0,0,8323,1582,"10,05","1 068 842,82","107,91",3467,0,19209
Data,Ocup,Opção,Cheg,Oferta/Uso Interno,Deduz. Individ.,Deduz. Grupos,% Ocup.,Receita Quartos,Preço Médio,Saídas,Quartos FdS,Adul. / Cri.,outubro,Previsão,22-out-2026 qui,19,4,1,0,0,2,17,"14,07","2 763,35","145,44",3,0,37,340,486,110,0,0,97,243,"8,12","50 956,65","149,87",128,0,670,Total out,340,486,110,0,0,97,243,"8,12","50 956,65","149,87",128,0,670,Total,9905,4276,3341,0,0,8323,1582,"10,05","1 068 842,82","107,91",3467,0,19209
Data,Ocup,Opção,Cheg,Oferta/Uso Interno,Deduz. Individ.,Deduz. Grupos,% Ocup.,Receita Quartos,Preço Médio,Saídas,Quartos FdS,Adul. / Cri.,outubro,Previsão,23-out-2026 sex,20,13,1,0,0,3,17,"14,81","2 902,65","145,13",0,0,39,340,486,110,0,0,97,243,"8,12","50 956,65","149,87",128,0,670,Total out,340,486,110,0,0,97,243,"8,12","50 956,65","149,87",128,0,670,Total,9905,4276,3341,0,0,8323,1582,"10,05","1 068 842,82","107,91",3467,0,19209
Data,Ocup,Opção,Cheg,Oferta/Uso Interno,Deduz. Individ.,Deduz. Grupos,% Ocup.,Receita Quartos,Preço Médio,Saídas,Quartos FdS,Adul. / Cri.,outubro,Previsão,24-out-2026 sáb,2,17,0,0,0,2,0,"1,48","265,21","132,60",18,0,4,340,486,110,0,0,97,243,"8,12","50 956,65","149,87",128,0,670,Total out,340,486,110,0,0,97,243,"8,12","50 956,65","149,87",128,0,670,Total,9905,4276,3341,0,0,8323,1582,"10,05","1 068 842,82","107,91",3467,0,19209
Data,Ocup,Opção,Cheg,Oferta/Uso Interno,Deduz. Individ.,Deduz. Grupos,% Ocup.,Receita Quartos,Preço Médio,Saídas,Quartos FdS,Adul. / Cri.,outubro,Previsão,25-out-2026 dom,2,26,0,0,0,2,0,"1,48","265,21","132,60",0,0,4,340,486,110,0,0,97,243,"8,12","50 956,65","149,87",128,0,670,Total out,340,486,110,0,0,97,243,"8,12","50 956,65","149,87",128,0,670,Total,9905,4276,3341,0,0,8323,1582,"10,05","1 068 842,82","107,91",3467,0,19209
Data,Ocup,Opção,Cheg,Oferta/Uso Interno,Deduz. Individ.,Deduz. Grupos,% Ocup.,Receita Quartos,Preço Médio,Saídas,Quartos FdS,Adul. / Cri.,outubro,Previsão,26-out-2026 seg,3,13,2,0,0,3,0,"2,22","437,91","145,97",1,0,6,340,486,110,0,0,97,243,"8,12","50 956,65","149,87",128,0,670,Total out,340,486,110,0,0,97,243,"8,12","50 956,65","149,87",128,0,670,Total,9905,4276,3341,0,0,8323,1582,"10,05","1 068 842,82","107,91",3467,0,19209
Data,Ocup,Opção,Cheg,Oferta/Uso Interno,Deduz. Individ.,Deduz. Grupos,% Ocup.,Receita Quartos,Preço Médio,Saídas,Quartos FdS,Adul. / Cri.,outubro,Previsão,27-out-2026 ter,5,0,3,0,0,4,1,"3,70","547,03","109,41",1,0,9,340,486,110,0,0,97,243,"8,12","50 956,65","149,87",128,0,670,Total out,340,486,110,0,0,97,243,"8,12","50 956,65","149,87",128,0,670,Total,9905,4276,3341,0,0,8323,1582,"10,05","1 068 842,82","107,91",3467,0,19209
Data,Ocup,Opção,Cheg,Oferta/Uso Interno,Deduz. Individ.,Deduz. Grupos,% Ocup.,Receita Quartos,Preço Médio,Saídas,Quartos FdS,Adul. / Cri.,outubro,Previsão,28-out-2026 qua,20,0,17,0,0,3,17,"14,81","2 762,78","138,14",2,0,39,340,486,110,0,0,97,243,"8,12","50 956,65","149,87",128,0,670,Total out,340,486,110,0,0,97,243,"8,12","50 956,65","149,87",128,0,670,Total,9905,4276,3341,0,0,8323,1582,"10,05","1 068 842,82","107,91",3467,0,19209
Data,Ocup,Opção,Cheg,Oferta/Uso Interno,Deduz. Individ.,Deduz. Grupos,% Ocup.,Receita Quartos,Preço Médio,Saídas,Quartos FdS,Adul. / Cri.,outubro,Previsão,29-out-2026 qui,20,0,0,0,0,3,17,"14,81","2 762,78","138,14",0,0,39,340,486,110,0,0,97,243,"8,12","50 956,65","149,87",128,0,670,Total out,340,486,110,0,0,97,243,"8,12","50 956,65","149,87",128,0,670,Total,9905,4276,3341,0,0,8323,1582,"10,05","1 068 842,82","107,91",3467,0,19209
Data,Ocup,Opção,Cheg,Oferta/Uso Interno,Deduz. Individ.,Deduz. Grupos,% Ocup.,Receita Quartos,Preço Médio,Saídas,Quartos FdS,Adul. / Cri.,outubro,Previsão,30-out-2026 sex,17,0,0,0,0,0,17,"12,59","2 494,59","146,74",3,0,33,340,486,110,0,0,97,243,"8,12","50 956,65","149,87",128,0,670,Total out,340,486,110,0,0,97,243,"8,12","50 956,65","149,87",128,0,670,Total,9905,4276,3341,0,0,8323,1582,"10,05","1 068 842,82","107,91",3467,0,19209
Data,Ocup,Opção,Cheg,Oferta/Uso Interno,Deduz. Individ.,Deduz. Grupos,% Ocup.,Receita Quartos,Preço Médio,Saídas,Quartos FdS,Adul. / Cri.,outubro,Previsão,31-out-2026 sáb,0,0,0,0,0,0,0,-,-,NaN,17,0,0,340,486,110,0,0,97,243,"8,12","50 956,65","149,87",128,0,670,Total out,340,486,110,0,0,97,243,"8,12","50 956,65","149,87",128,0,670,Total,9905,4276,3341,0,0,8323,1582,"10,05","1 068 842,82","107,91",3467,0,19209
Data,Ocup,Opção,Cheg,Oferta/Uso Interno,Deduz. Individ.,Deduz. Grupos,% Ocup.,Receita Quartos,Preço Médio,Saídas,Quartos FdS,Adul. / Cri.,novembro,Previsão,01-nov-2026 dom,1,0,1,0,0,1,0,"0,74","79,70","79,70",0,0,2,17,67,6,0,0,17,0,"0,42","1 675,44","98,56",6,0,31,Total nov,17,67,6,0,0,17,0,"0,42","1 675,44","98,56",6,0,31,Total,9905,4276,3341,0,0,8323,1582,"10,05","1 068 842,82","107,91",3467,0,19209
Data,Ocup,Opção,Cheg,Oferta/Uso Interno,Deduz. Individ.,Deduz. Grupos,% Ocup.,Receita Quartos,Preço Médio,Saídas,Quartos FdS,Adul. / Cri.,novembro,Previsão,02-nov-2026 seg,2,0,1,0,0,2,0,"1,48","166,55","83,27",0,0,4,17,67,6,0,0,17,0,"0,42","1 675,44","98,56",6,0,31,Total nov,17,67,6,0,0,17,0,"0,42","1 675,44","98,56",6,0,31,Total,9905,4276,3341,0,0,8323,1582,"10,05","1 068 842,82","107,91",3467,0,19209
Data,Ocup,Opção,Cheg,Oferta/Uso Interno,Deduz. Individ.,Deduz. Grupos,% Ocup.,Receita Quartos,Preço Médio,Saídas,Quartos FdS,Adul. / Cri.,novembro,Previsão,03-nov-2026 ter,2,0,0,0,0,2,0,"1,48","166,53","83,26",0,0,4,17,67,6,0,0,17,0,"0,42","1 675,44","98,56",6,0,31,Total nov,17,67,6,0,0,17,0,"0,42","1 675,44","98,56",6,0,31,Total,9905,4276,3341,0,0,8323,1582,"10,05","1 068 842,82","107,91",3467,0,19209
Data,Ocup,Opção,Cheg,Oferta/Uso Interno,Deduz. Individ.,Deduz. Grupos,% Ocup.,Receita Quartos,Preço Médio,Saídas,Quartos FdS,Adul. / Cri.,novembro,Previsão,04-nov-2026 qua,2,0,0,0,0,2,0,"1,48","166,53","83,26",0,0,4,17,67,6,0,0,17,0,"0,42","1 675,44","98,56",6,0,31,Total nov,17,67,6,0,0,17,0,"0,42","1 675,44","98,56",6,0,31,Total,9905,4276,3341,0,0,8323,1582,"10,05","1 068 842,82","107,91",3467,0,19209
Data,Ocup,Opção,Cheg,Oferta/Uso Interno,Deduz. Individ.,Deduz. Grupos,% Ocup.,Receita Quartos,Preço Médio,Saídas,Quartos FdS,Adul. / Cri.,novembro,Previsão,05-nov-2026 qui,1,0,0,0,0,1,0,"0,74","86,83","86,83",1,0,2,17,67,6,0,0,17,0,"0,42","1 675,44","98,56",6,0,31,Total nov,17,67,6,0,0,17,0,"0,42","1 675,44","98,56",6,0,31,Total,9905,4276,3341,0,0,8323,1582,"10,05","1 068 842,82","107,91",3467,0,19209
Data,Ocup,Opção,Cheg,Oferta/Uso Interno,Deduz. Individ.,Deduz. Grupos,% Ocup.,Receita Quartos,Preço Médio,Saídas,Quartos FdS,Adul. / Cri.,novembro,Previsão,06-nov-2026 sex,1,0,1,0,0,1,0,"0,74","127,02","127,02",1,0,1,17,67,6,0,0,17,0,"0,42","1 675,44","98,56",6,0,31,Total nov,17,67,6,0,0,17,0,"0,42","1 675,44","98,56",6,0,31,Total,9905,4276,3341,0,0,8323,1582,"10,05","1 068 842,82","107,91",3467,0,19209
Data,Ocup,Opção,Cheg,Oferta/Uso Interno,Deduz. Individ.,Deduz. Grupos,% Ocup.,Receita Quartos,Preço Médio,Saídas,Quartos FdS,Adul. / Cri.,novembro,Previsão,07-nov-2026 sáb,1,0,0,0,0,1,0,"0,74","127,02","127,02",0,0,1,17,67,6,0,0,17,0,"0,42","1 675,44","98,56",6,0,31,Total nov,17,67,6,0,0,17,0,"0,42","1 675,44","98,56",6,0,31,Total,9905,4276,3341,0,0,8323,1582,"10,05","1 068 842,82","107,91",3467,0,19209
Data,Ocup,Opção,Cheg,Oferta/Uso Interno,Deduz. Individ.,Deduz. Grupos,% Ocup.,Receita Quartos,Preço Médio,Saídas,Quartos FdS,Adul. / Cri.,novembro,Previsão,08-nov-2026 dom,1,0,0,0,0,1,0,"0,74","112,58","112,58",0,0,1,17,67,6,0,0,17,0,"0,42","1 675,44","98,56",6,0,31,Total nov,17,67,6,0,0,17,0,"0,42","1 675,44","98,56",6,0,31,Total,9905,4276,3341,0,0,8323,1582,"10,05","1 068 842,82","107,91",3467,0,19209
Data,Ocup,Opção,Cheg,Oferta/Uso Interno,Deduz. Individ.,Deduz. Grupos,% Ocup.,Receita Quartos,Preço Médio,Saídas,Quartos FdS,Adul. / Cri.,novembro,Previsão,09-nov-2026 seg,0,0,0,0,0,0,0,-,-,NaN,1,0,0,17,67,6,0,0,17,0,"0,42","1 675,44","98,56",6,0,31,Total nov,17,67,6,0,0,17,0,"0,42","1 675,44","98,56",6,0,31,Total,9905,4276,3341,0,0,8323,1582,"10,05","1 068 842,82","107,91",3467,0,19209
Data,Ocup,Opção,Cheg,Oferta/Uso Interno,Deduz. Individ.,Deduz. Grupos,% Ocup.,Receita Quartos,Preço Médio,Saídas,Quartos FdS,Adul. / Cri.,novembro,Previsão,10-nov-2026 ter,0,0,0,0,0,0,0,-,-,NaN,0,0,0,17,67,6,0,0,17,0,"0,42","1 675,44","98,56",6,0,31,Total nov,17,67,6,0,0,17,0,"0,42","1 675,44","98,56",6,0,31,Total,9905,4276,3341,0,0,8323,1582,"10,05","1 068 842,82","107,91",3467,0,19209
Data,Ocup,Opção,Cheg,Oferta/Uso Interno,Deduz. Individ.,Deduz. Grupos,% Ocup.,Receita Quartos,Preço Médio,Saídas,Quartos FdS,Adul. / Cri.,novembro,Previsão,11-nov-2026 qua,0,0,0,0,0,0,0,-,-,NaN,0,0,0,17,67,6,0,0,17,0,"0,42","1 675,44","98,56",6,0,31,Total nov,17,67,6,0,0,17,0,"0,42","1 675,44","98,56",6,0,31,Total,9905,4276,3341,0,0,8323,1582,"10,05","1 068 842,82","107,91",3467,0,19209
Data,Ocup,Opção,Cheg,Oferta/Uso Interno,Deduz. Individ.,Deduz. Grupos,% Ocup.,Receita Quartos,Preço Médio,Saídas,Quartos FdS,Adul. / Cri.,novembro,Previsão,12-nov-2026 qui,1,0,1,0,0,1,0,"0,74","79,53","79,53",0,0,2,17,67,6,0,0,17,0,"0,42","1 675,44","98,56",6,0,31,Total nov,17,67,6,0,0,17,0,"0,42","1 675,44","98,56",6,0,31,Total,9905,4276,3341,0,0,8323,1582,"10,05","1 068 842,82","107,91",3467,0,19209
Data,Ocup,Opção,Cheg,Oferta/Uso Interno,Deduz. Individ.,Deduz. Grupos,% Ocup.,Receita Quartos,Preço Médio,Saídas,Quartos FdS,Adul. / Cri.,novembro,Previsão,13-nov-2026 sex,0,0,0,0,0,0,0,-,-,NaN,1,0,0,17,67,6,0,0,17,0,"0,42","1 675,44","98,56",6,0,31,Total nov,17,67,6,0,0,17,0,"0,42","1 675,44","98,56",6,0,31,Total,9905,4276,3341,0,0,8323,1582,"10,05","1 068 842,82","107,91",3467,0,19209
Data,Ocup,Opção,Cheg,Oferta/Uso Interno,Deduz. Individ.,Deduz. Grupos,% Ocup.,Receita Quartos,Preço Médio,Saídas,Quartos FdS,Adul. / Cri.,novembro,Previsão,14-nov-2026 sáb,0,11,0,0,0,0,0,-,-,NaN,0,0,0,17,67,6,0,0,17,0,"0,42","1 675,44","98,56",6,0,31,Total nov,17,67,6,0,0,17,0,"0,42","1 675,44","98,56",6,0,31,Total,9905,4276,3341,0,0,8323,1582,"10,05","1 068 842,82","107,91",3467,0,19209
Data,Ocup,Opção,Cheg,Oferta/Uso Interno,Deduz. Individ.,Deduz. Grupos,% Ocup.,Receita Quartos,Preço Médio,Saídas,Quartos FdS,Adul. / Cri.,novembro,Previsão,15-nov-2026 dom,0,13,0,0,0,0,0,-,-,NaN,0,0,0,17,67,6,0,0,17,0,"0,42","1 675,44","98,56",6,0,31,Total nov,17,67,6,0,0,17,0,"0,42","1 675,44","98,56",6,0,31,Total,9905,4276,3341,0,0,8323,1582,"10,05","1 068 842,82","107,91",3467,0,19209
Data,Ocup,Opção,Cheg,Oferta/Uso Interno,Deduz. Individ.,Deduz. Grupos,% Ocup.,Receita Quartos,Preço Médio,Saídas,Quartos FdS,Adul. / Cri.,novembro,Previsão,16-nov-2026 seg,0,13,0,0,0,0,0,-,-,NaN,0,0,0,17,67,6,0,0,17,0,"0,42","1 675,44","98,56",6,0,31,Total nov,17,67,6,0,0,17,0,"0,42","1 675,44","98,56",6,0,31,Total,9905,4276,3341,0,0,8323,1582,"10,05","1 068 842,82","107,91",3467,0,19209
Data,Ocup,Opção,Cheg,Oferta/Uso Interno,Deduz. Individ.,Deduz. Grupos,% Ocup.,Receita Quartos,Preço Médio,Saídas,Quartos FdS,Adul. / Cri.,novembro,Previsão,17-nov-2026 ter,1,0,1,0,0,1,0,"0,74","132,45","132,45",0,0,2,17,67,6,0,0,17,0,"0,42","1 675,44","98,56",6,0,31,Total nov,17,67,6,0,0,17,0,"0,42","1 675,44","98,56",6,0,31,Total,9905,4276,3341,0,0,8323,1582,"10,05","1 068 842,82","107,91",3467,0,19209
Data,Ocup,Opção,Cheg,Oferta/Uso Interno,Deduz. Individ.,Deduz. Grupos,% Ocup.,Receita Quartos,Preço Médio,Saídas,Quartos FdS,Adul. / Cri.,novembro,Previsão,18-nov-2026 qua,1,0,0,0,0,1,0,"0,74","132,45","132,45",0,0,2,17,67,6,0,0,17,0,"0,42","1 675,44","98,56",6,0,31,Total nov,17,67,6,0,0,17,0,"0,42","1 675,44","98,56",6,0,31,Total,9905,4276,3341,0,0,8323,1582,"10,05","1 068 842,82","107,91",3467,0,19209
Data,Ocup,Opção,Cheg,Oferta/Uso Interno,Deduz. Individ.,Deduz. Grupos,% Ocup.,Receita Quartos,Preço Médio,Saídas,Quartos FdS,Adul. / Cri.,novembro,Previsão,19-nov-2026 qui,0,0,0,0,0,0,0,-,-,NaN,1,0,0,17,67,6,0,0,17,0,"0,42","1 675,44","98,56",6,0,31,Total nov,17,67,6,0,0,17,0,"0,42","1 675,44","98,56",6,0,31,Total,9905,4276,3341,0,0,8323,1582,"10,05","1 068 842,82","107,91",3467,0,19209
Data,Ocup,Opção,Cheg,Oferta/Uso Interno,Deduz. Individ.,Deduz. Grupos,% Ocup.,Receita Quartos,Preço Médio,Saídas,Quartos FdS,Adul. / Cri.,novembro,Previsão,20-nov-2026 sex,0,0,0,0,0,0,0,-,-,NaN,0,0,0,17,67,6,0,0,17,0,"0,42","1 675,44","98,56",6,0,31,Total nov,17,67,6,0,0,17,0,"0,42","1 675,44","98,56",6,0,31,Total,9905,4276,3341,0,0,8323,1582,"10,05","1 068 842,82","107,91",3467,0,19209
Data,Ocup,Opção,Cheg,Oferta/Uso Interno,Deduz. Individ.,Deduz. Grupos,% Ocup.,Receita Quartos,Preço Médio,Saídas,Quartos FdS,Adul. / Cri.,novembro,Previsão,21-nov-2026 sáb,0,4,0,0,0,0,0,-,-,NaN,0,0,0,17,67,6,0,0,17,0,"0,42","1 675,44","98,56",6,0,31,Total nov,17,67,6,0,0,17,0,"0,42","1 675,44","98,56",6,0,31,Total,9905,4276,3341,0,0,8323,1582,"10,05","1 068 842,82","107,91",3467,0,19209
Data,Ocup,Opção,Cheg,Oferta/Uso Interno,Deduz. Individ.,Deduz. Grupos,% Ocup.,Receita Quartos,Preço Médio,Saídas,Quartos FdS,Adul. / Cri.,novembro,Previsão,22-nov-2026 dom,0,13,0,0,0,0,0,-,-,NaN,0,0,0,17,67,6,0,0,17,0,"0,42","1 675,44","98,56",6,0,31,Total nov,17,67,6,0,0,17,0,"0,42","1 675,44","98,56",6,0,31,Total,9905,4276,3341,0,0,8323,1582,"10,05","1 068 842,82","107,91",3467,0,19209
Data,Ocup,Opção,Cheg,Oferta/Uso Interno,Deduz. Individ.,Deduz. Grupos,% Ocup.,Receita Quartos,Preço Médio,Saídas,Quartos FdS,Adul. / Cri.,novembro,Previsão,23-nov-2026 seg,1,13,1,0,0,1,0,"0,74","113,97","113,97",0,0,2,17,67,6,0,0,17,0,"0,42","1 675,44","98,56",6,0,31,Total nov,17,67,6,0,0,17,0,"0,42","1 675,44","98,56",6,0,31,Total,9905,4276,3341,0,0,8323,1582,"10,05","1 068 842,82","107,91",3467,0,19209
Data,Ocup,Opção,Cheg,Oferta/Uso Interno,Deduz. Individ.,Deduz. Grupos,% Ocup.,Receita Quartos,Preço Médio,Saídas,Quartos FdS,Adul. / Cri.,novembro,Previsão,24-nov-2026 ter,1,0,0,0,0,1,0,"0,74","92,14","92,14",0,0,2,17,67,6,0,0,17,0,"0,42","1 675,44","98,56",6,0,31,Total nov,17,67,6,0,0,17,0,"0,42","1 675,44","98,56",6,0,31,Total,9905,4276,3341,0,0,8323,1582,"10,05","1 068 842,82","107,91",3467,0,19209
Data,Ocup,Opção,Cheg,Oferta/Uso Interno,Deduz. Individ.,Deduz. Grupos,% Ocup.,Receita Quartos,Preço Médio,Saídas,Quartos FdS,Adul. / Cri.,novembro,Previsão,25-nov-2026 qua,1,0,0,0,0,1,0,"0,74","92,14","92,14",0,0,2,17,67,6,0,0,17,0,"0,42","1 675,44","98,56",6,0,31,Total nov,17,67,6,0,0,17,0,"0,42","1 675,44","98,56",6,0,31,Total,9905,4276,3341,0,0,8323,1582,"10,05","1 068 842,82","107,91",3467,0,19209
Data,Ocup,Opção,Cheg,Oferta/Uso Interno,Deduz. Individ.,Deduz. Grupos,% Ocup.,Receita Quartos,Preço Médio,Saídas,Quartos FdS,Adul. / Cri.,novembro,Previsão,26-nov-2026 qui,0,0,0,0,0,0,0,-,-,NaN,1,0,0,17,67,6,0,0,17,0,"0,42","1 675,44","98,56",6,0,31,Total nov,17,67,6,0,0,17,0,"0,42","1 675,44","98,56",6,0,31,Total,9905,4276,3341,0,0,8323,1582,"10,05","1 068 842,82","107,91",3467,0,19209
Data,Ocup,Opção,Cheg,Oferta/Uso Interno,Deduz. Individ.,Deduz. Grupos,% Ocup.,Receita Quartos,Preço Médio,Saídas,Quartos FdS,Adul. / Cri.,novembro,Previsão,27-nov-2026 sex,0,0,0,0,0,0,0,-,-,NaN,0,0,0,17,67,6,0,0,17,0,"0,42","1 675,44","98,56",6,0,31,Total nov,17,67,6,0,0,17,0,"0,42","1 675,44","98,56",6,0,31,Total,9905,4276,3341,0,0,8323,1582,"10,05","1 068 842,82","107,91",3467,0,19209
Data,Ocup,Opção,Cheg,Oferta/Uso Interno,Deduz. Individ.,Deduz. Grupos,% Ocup.,Receita Quartos,Preço Médio,Saídas,Quartos FdS,Adul. / Cri.,novembro,Previsão,28-nov-2026 sáb,0,0,0,0,0,0,0,-,-,NaN,0,0,0,17,67,6,0,0,17,0,"0,42","1 675,44","98,56",6,0,31,Total nov,17,67,6,0,0,17,0,"0,42","1 675,44","98,56",6,0,31,Total,9905,4276,3341,0,0,8323,1582,"10,05","1 068 842,82","107,91",3467,0,19209
Data,Ocup,Opção,Cheg,Oferta/Uso Interno,Deduz. Individ.,Deduz. Grupos,% Ocup.,Receita Quartos,Preço Médio,Saídas,Quartos FdS,Adul. / Cri.,novembro,Previsão,29-nov-2026 dom,0,0,0,0,0,0,0,-,-,NaN,0,0,0,17,67,6,0,0,17,0,"0,42","1 675,44","98,56",6,0,31,Total nov,17,67,6,0,0,17,0,"0,42","1 675,44","98,56",6,0,31,Total,9905,4276,3341,0,0,8323,1582,"10,05","1 068 842,82","107,91",3467,0,19209
Data,Ocup,Opção,Cheg,Oferta/Uso Interno,Deduz. Individ.,Deduz. Grupos,% Ocup.,Receita Quartos,Preço Médio,Saídas,Quartos FdS,Adul. / Cri.,novembro,Previsão,30-nov-2026 seg,0,0,0,0,0,0,0,-,-,NaN,0,0,0,17,67,6,0,0,17,0,"0,42","1 675,44","98,56",6,0,31,Total nov,17,67,6,0,0,17,0,"0,42","1 675,44","98,56",6,0,31,Total,9905,4276,3341,0,0,8323,1582,"10,05","1 068 842,82","107,91",3467,0,19209
Data,Ocup,Opção,Cheg,Oferta/Uso Interno,Deduz. Individ.,Deduz. Grupos,% Ocup.,Receita Quartos,Preço Médio,Saídas,Quartos FdS,Adul. / Cri.,dezembro,Previsão,01-dez-2026 ter,0,0,0,0,0,0,0,-,-,NaN,0,0,0,15,2,5,0,0,15,0,"0,36","1 887,85","125,86",4,0,26,Total dez,15,2,5,0,0,15,0,"0,36","1 887,85","125,86",4,0,26,Total,9905,4276,3341,0,0,8323,1582,"10,05","1 068 842,82","107,91",3467,0,19209
Data,Ocup,Opção,Cheg,Oferta/Uso Interno,Deduz. Individ.,Deduz. Grupos,% Ocup.,Receita Quartos,Preço Médio,Saídas,Quartos FdS,Adul. / Cri.,dezembro,Previsão,02-dez-2026 qua,0,0,0,0,0,0,0,-,-,NaN,0,0,0,15,2,5,0,0,15,0,"0,36","1 887,85","125,86",4,0,26,Total dez,15,2,5,0,0,15,0,"0,36","1 887,85","125,86",4,0,26,Total,9905,4276,3341,0,0,8323,1582,"10,05","1 068 842,82","107,91",3467,0,19209
Data,Ocup,Opção,Cheg,Oferta/Uso Interno,Deduz. Individ.,Deduz. Grupos,% Ocup.,Receita Quartos,Preço Médio,Saídas,Quartos FdS,Adul. / Cri.,dezembro,Previsão,03-dez-2026 qui,0,0,0,0,0,0,0,-,-,NaN,0,0,0,15,2,5,0,0,15,0,"0,36","1 887,85","125,86",4,0,26,Total dez,15,2,5,0,0,15,0,"0,36","1 887,85","125,86",4,0,26,Total,9905,4276,3341,0,0,8323,1582,"10,05","1 068 842,82","107,91",3467,0,19209
Data,Ocup,Opção,Cheg,Oferta/Uso Interno,Deduz. Individ.,Deduz. Grupos,% Ocup.,Receita Quartos,Preço Médio,Saídas,Quartos FdS,Adul. / Cri.,dezembro,Previsão,04-dez-2026 sex,0,0,0,0,0,0,0,-,-,NaN,0,0,0,15,2,5,0,0,15,0,"0,36","1 887,85","125,86",4,0,26,Total dez,15,2,5,0,0,15,0,"0,36","1 887,85","125,86",4,0,26,Total,9905,4276,3341,0,0,8323,1582,"10,05","1 068 842,82","107,91",3467,0,19209
Data,Ocup,Opção,Cheg,Oferta/Uso Interno,Deduz. Individ.,Deduz. Grupos,% Ocup.,Receita Quartos,Preço Médio,Saídas,Quartos FdS,Adul. / Cri.,dezembro,Previsão,05-dez-2026 sáb,0,0,0,0,0,0,0,-,-,NaN,0,0,0,15,2,5,0,0,15,0,"0,36","1 887,85","125,86",4,0,26,Total dez,15,2,5,0,0,15,0,"0,36","1 887,85","125,86",4,0,26,Total,9905,4276,3341,0,0,8323,1582,"10,05","1 068 842,82","107,91",3467,0,19209
Data,Ocup,Opção,Cheg,Oferta/Uso Interno,Deduz. Individ.,Deduz. Grupos,% Ocup.,Receita Quartos,Preço Médio,Saídas,Quartos FdS,Adul. / Cri.,dezembro,Previsão,06-dez-2026 dom,0,0,0,0,0,0,0,-,-,NaN,0,0,0,15,2,5,0,0,15,0,"0,36","1 887,85","125,86",4,0,26,Total dez,15,2,5,0,0,15,0,"0,36","1 887,85","125,86",4,0,26,Total,9905,4276,3341,0,0,8323,1582,"10,05","1 068 842,82","107,91",3467,0,19209
Data,Ocup,Opção,Cheg,Oferta/Uso Interno,Deduz. Individ.,Deduz. Grupos,% Ocup.,Receita Quartos,Preço Médio,Saídas,Quartos FdS,Adul. / Cri.,dezembro,Previsão,07-dez-2026 seg,1,0,1,0,0,1,0,"0,74","136,58","136,58",0,0,2,15,2,5,0,0,15,0,"0,36","1 887,85","125,86",4,0,26,Total dez,15,2,5,0,0,15,0,"0,36","1 887,85","125,86",4,0,26,Total,9905,4276,3341,0,0,8323,1582,"10,05","1 068 842,82","107,91",3467,0,19209
Data,Ocup,Opção,Cheg,Oferta/Uso Interno,Deduz. Individ.,Deduz. Grupos,% Ocup.,Receita Quartos,Preço Médio,Saídas,Quartos FdS,Adul. / Cri.,dezembro,Previsão,08-dez-2026 ter,0,0,0,0,0,0,0,-,-,NaN,1,0,0,15,2,5,0,0,15,0,"0,36","1 887,85","125,86",4,0,26,Total dez,15,2,5,0,0,15,0,"0,36","1 887,85","125,86",4,0,26,Total,9905,4276,3341,0,0,8323,1582,"10,05","1 068 842,82","107,91",3467,0,19209
Data,Ocup,Opção,Cheg,Oferta/Uso Interno,Deduz. Individ.,Deduz. Grupos,% Ocup.,Receita Quartos,Preço Médio,Saídas,Quartos FdS,Adul. / Cri.,dezembro,Previsão,09-dez-2026 qua,0,0,0,0,0,0,0,-,-,NaN,0,0,0,15,2,5,0,0,15,0,"0,36","1 887,85","125,86",4,0,26,Total dez,15,2,5,0,0,15,0,"0,36","1 887,85","125,86",4,0,26,Total,9905,4276,3341,0,0,8323,1582,"10,05","1 068 842,82","107,91",3467,0,19209
Data,Ocup,Opção,Cheg,Oferta/Uso Interno,Deduz. Individ.,Deduz. Grupos,% Ocup.,Receita Quartos,Preço Médio,Saídas,Quartos FdS,Adul. / Cri.,dezembro,Previsão,10-dez-2026 qui,0,0,0,0,0,0,0,-,-,NaN,0,0,0,15,2,5,0,0,15,0,"0,36","1 887,85","125,86",4,0,26,Total dez,15,2,5,0,0,15,0,"0,36","1 887,85","125,86",4,0,26,Total,9905,4276,3341,0,0,8323,1582,"10,05","1 068 842,82","107,91",3467,0,19209
Data,Ocup,Opção,Cheg,Oferta/Uso Interno,Deduz. Individ.,Deduz. Grupos,% Ocup.,Receita Quartos,Preço Médio,Saídas,Quartos FdS,Adul. / Cri.,dezembro,Previsão,11-dez-2026 sex,1,0,1,0,0,1,0,"0,74","156,96","156,96",0,0,2,15,2,5,0,0,15,0,"0,36","1 887,85","125,86",4,0,26,Total dez,15,2,5,0,0,15,0,"0,36","1 887,85","125,86",4,0,26,Total,9905,4276,3341,0,0,8323,1582,"10,05","1 068 842,82","107,91",3467,0,19209
Data,Ocup,Opção,Cheg,Oferta/Uso Interno,Deduz. Individ.,Deduz. Grupos,% Ocup.,Receita Quartos,Preço Médio,Saídas,Quartos FdS,Adul. / Cri.,dezembro,Previsão,12-dez-2026 sáb,1,0,0,0,0,1,0,"0,74","156,96","156,96",0,0,2,15,2,5,0,0,15,0,"0,36","1 887,85","125,86",4,0,26,Total dez,15,2,5,0,0,15,0,"0,36","1 887,85","125,86",4,0,26,Total,9905,4276,3341,0,0,8323,1582,"10,05","1 068 842,82","107,91",3467,0,19209
Data,Ocup,Opção,Cheg,Oferta/Uso Interno,Deduz. Individ.,Deduz. Grupos,% Ocup.,Receita Quartos,Preço Médio,Saídas,Quartos FdS,Adul. / Cri.,dezembro,Previsão,13-dez-2026 dom,0,0,0,0,0,0,0,-,-,NaN,1,0,0,15,2,5,0,0,15,0,"0,36","1 887,85","125,86",4,0,26,Total dez,15,2,5,0,0,15,0,"0,36","1 887,85","125,86",4,0,26,Total,9905,4276,3341,0,0,8323,1582,"10,05","1 068 842,82","107,91",3467,0,19209
Data,Ocup,Opção,Cheg,Oferta/Uso Interno,Deduz. Individ.,Deduz. Grupos,% Ocup.,Receita Quartos,Preço Médio,Saídas,Quartos FdS,Adul. / Cri.,dezembro,Previsão,14-dez-2026 seg,0,0,0,0,0,0,0,-,-,NaN,0,0,0,15,2,5,0,0,15,0,"0,36","1 887,85","125,86",4,0,26,Total dez,15,2,5,0,0,15,0,"0,36","1 887,85","125,86",4,0,26,Total,9905,4276,3341,0,0,8323,1582,"10,05","1 068 842,82","107,91",3467,0,19209
Data,Ocup,Opção,Cheg,Oferta/Uso Interno,Deduz. Individ.,Deduz. Grupos,% Ocup.,Receita Quartos,Preço Médio,Saídas,Quartos FdS,Adul. / Cri.,dezembro,Previsão,15-dez-2026 ter,0,0,0,0,0,0,0,-,-,NaN,0,0,0,15,2,5,0,0,15,0,"0,36","1 887,85","125,86",4,0,26,Total dez,15,2,5,0,0,15,0,"0,36","1 887,85","125,86",4,0,26,Total,9905,4276,3341,0,0,8323,1582,"10,05","1 068 842,82","107,91",3467,0,19209
Data,Ocup,Opção,Cheg,Oferta/Uso Interno,Deduz. Individ.,Deduz. Grupos,% Ocup.,Receita Quartos,Preço Médio,Saídas,Quartos FdS,Adul. / Cri.,dezembro,Previsão,16-dez-2026 qua,0,0,0,0,0,0,0,-,-,NaN,0,0,0,15,2,5,0,0,15,0,"0,36","1 887,85","125,86",4,0,26,Total dez,15,2,5,0,0,15,0,"0,36","1 887,85","125,86",4,0,26,Total,9905,4276,3341,0,0,8323,1582,"10,05","1 068 842,82","107,91",3467,0,19209
Data,Ocup,Opção,Cheg,Oferta/Uso Interno,Deduz. Individ.,Deduz. Grupos,% Ocup.,Receita Quartos,Preço Médio,Saídas,Quartos FdS,Adul. / Cri.,dezembro,Previsão,17-dez-2026 qui,0,0,0,0,0,0,0,-,-,NaN,0,0,0,15,2,5,0,0,15,0,"0,36","1 887,85","125,86",4,0,26,Total dez,15,2,5,0,0,15,0,"0,36","1 887,85","125,86",4,0,26,Total,9905,4276,3341,0,0,8323,1582,"10,05","1 068 842,82","107,91",3467,0,19209
Data,Ocup,Opção,Cheg,Oferta/Uso Interno,Deduz. Individ.,Deduz. Grupos,% Ocup.,Receita Quartos,Preço Médio,Saídas,Quartos FdS,Adul. / Cri.,dezembro,Previsão,18-dez-2026 sex,0,0,0,0,0,0,0,-,-,NaN,0,0,0,15,2,5,0,0,15,0,"0,36","1 887,85","125,86",4,0,26,Total dez,15,2,5,0,0,15,0,"0,36","1 887,85","125,86",4,0,26,Total,9905,4276,3341,0,0,8323,1582,"10,05","1 068 842,82","107,91",3467,0,19209
Data,Ocup,Opção,Cheg,Oferta/Uso Interno,Deduz. Individ.,Deduz. Grupos,% Ocup.,Receita Quartos,Preço Médio,Saídas,Quartos FdS,Adul. / Cri.,dezembro,Previsão,19-dez-2026 sáb,2,1,2,0,0,2,0,"1,48","252,81","126,41",0,0,3,15,2,5,0,0,15,0,"0,36","1 887,85","125,86",4,0,26,Total dez,15,2,5,0,0,15,0,"0,36","1 887,85","125,86",4,0,26,Total,9905,4276,3341,0,0,8323,1582,"10,05","1 068 842,82","107,91",3467,0,19209
Data,Ocup,Opção,Cheg,Oferta/Uso Interno,Deduz. Individ.,Deduz. Grupos,% Ocup.,Receita Quartos,Preço Médio,Saídas,Quartos FdS,Adul. / Cri.,dezembro,Previsão,20-dez-2026 dom,2,1,0,0,0,2,0,"1,48","252,81","126,41",0,0,3,15,2,5,0,0,15,0,"0,36","1 887,85","125,86",4,0,26,Total dez,15,2,5,0,0,15,0,"0,36","1 887,85","125,86",4,0,26,Total,9905,4276,3341,0,0,8323,1582,"10,05","1 068 842,82","107,91",3467,0,19209
Data,Ocup,Opção,Cheg,Oferta/Uso Interno,Deduz. Individ.,Deduz. Grupos,% Ocup.,Receita Quartos,Preço Médio,Saídas,Quartos FdS,Adul. / Cri.,dezembro,Previsão,21-dez-2026 seg,2,0,0,0,0,2,0,"1,48","252,81","126,41",0,0,3,15,2,5,0,0,15,0,"0,36","1 887,85","125,86",4,0,26,Total dez,15,2,5,0,0,15,0,"0,36","1 887,85","125,86",4,0,26,Total,9905,4276,3341,0,0,8323,1582,"10,05","1 068 842,82","107,91",3467,0,19209
Data,Ocup,Opção,Cheg,Oferta/Uso Interno,Deduz. Individ.,Deduz. Grupos,% Ocup.,Receita Quartos,Preço Médio,Saídas,Quartos FdS,Adul. / Cri.,dezembro,Previsão,22-dez-2026 ter,2,0,0,0,0,2,0,"1,48","252,81","126,41",0,0,3,15,2,5,0,0,15,0,"0,36","1 887,85","125,86",4,0,26,Total dez,15,2,5,0,0,15,0,"0,36","1 887,85","125,86",4,0,26,Total,9905,4276,3341,0,0,8323,1582,"10,05","1 068 842,82","107,91",3467,0,19209
Data,Ocup,Opção,Cheg,Oferta/Uso Interno,Deduz. Individ.,Deduz. Grupos,% Ocup.,Receita Quartos,Preço Médio,Saídas,Quartos FdS,Adul. / Cri.,dezembro,Previsão,23-dez-2026 qua,0,0,0,0,0,0,0,-,-,NaN,2,0,0,15,2,5,0,0,15,0,"0,36","1 887,85","125,86",4,0,26,Total dez,15,2,5,0,0,15,0,"0,36","1 887,85","125,86",4,0,26,Total,9905,4276,3341,0,0,8323,1582,"10,05","1 068 842,82","107,91",3467,0,19209
Data,Ocup,Opção,Cheg,Oferta/Uso Interno,Deduz. Individ.,Deduz. Grupos,% Ocup.,Receita Quartos,Preço Médio,Saídas,Quartos FdS,Adul. / Cri.,dezembro,Previsão,24-dez-2026 qui,0,0,0,0,0,0,0,-,-,NaN,0,0,0,15,2,5,0,0,15,0,"0,36","1 887,85","125,86",4,0,26,Total dez,15,2,5,0,0,15,0,"0,36","1 887,85","125,86",4,0,26,Total,9905,4276,3341,0,0,8323,1582,"10,05","1 068 842,82","107,91",3467,0,19209
Data,Ocup,Opção,Cheg,Oferta/Uso Interno,Deduz. Individ.,Deduz. Grupos,% Ocup.,Receita Quartos,Preço Médio,Saídas,Quartos FdS,Adul. / Cri.,dezembro,Previsão,25-dez-2026 sex,0,0,0,0,0,0,0,-,-,NaN,0,0,0,15,2,5,0,0,15,0,"0,36","1 887,85","125,86",4,0,26,Total dez,15,2,5,0,0,15,0,"0,36","1 887,85","125,86",4,0,26,Total,9905,4276,3341,0,0,8323,1582,"10,05","1 068 842,82","107,91",3467,0,19209
Data,Ocup,Opção,Cheg,Oferta/Uso Interno,Deduz. Individ.,Deduz. Grupos,% Ocup.,Receita Quartos,Preço Médio,Saídas,Quartos FdS,Adul. / Cri.,dezembro,Previsão,26-dez-2026 sáb,0,0,0,0,0,0,0,-,-,NaN,0,0,0,15,2,5,0,0,15,0,"0,36","1 887,85","125,86",4,0,26,Total dez,15,2,5,0,0,15,0,"0,36","1 887,85","125,86",4,0,26,Total,9905,4276,3341,0,0,8323,1582,"10,05","1 068 842,82","107,91",3467,0,19209
Data,Ocup,Opção,Cheg,Oferta/Uso Interno,Deduz. Individ.,Deduz. Grupos,% Ocup.,Receita Quartos,Preço Médio,Saídas,Quartos FdS,Adul. / Cri.,dezembro,Previsão,27-dez-2026 dom,0,0,0,0,0,0,0,-,-,NaN,0,0,0,15,2,5,0,0,15,0,"0,36","1 887,85","125,86",4,0,26,Total dez,15,2,5,0,0,15,0,"0,36","1 887,85","125,86",4,0,26,Total,9905,4276,3341,0,0,8323,1582,"10,05","1 068 842,82","107,91",3467,0,19209
Data,Ocup,Opção,Cheg,Oferta/Uso Interno,Deduz. Individ.,Deduz. Grupos,% Ocup.,Receita Quartos,Preço Médio,Saídas,Quartos FdS,Adul. / Cri.,dezembro,Previsão,28-dez-2026 seg,1,0,1,0,0,1,0,"0,74","92,38","92,38",0,0,2,15,2,5,0,0,15,0,"0,36","1 887,85","125,86",4,0,26,Total dez,15,2,5,0,0,15,0,"0,36","1 887,85","125,86",4,0,26,Total,9905,4276,3341,0,0,8323,1582,"10,05","1 068 842,82","107,91",3467,0,19209
Data,Ocup,Opção,Cheg,Oferta/Uso Interno,Deduz. Individ.,Deduz. Grupos,% Ocup.,Receita Quartos,Preço Médio,Saídas,Quartos FdS,Adul. / Cri.,dezembro,Previsão,29-dez-2026 ter,1,0,0,0,0,1,0,"0,74","92,38","92,38",0,0,2,15,2,5,0,0,15,0,"0,36","1 887,85","125,86",4,0,26,Total dez,15,2,5,0,0,15,0,"0,36","1 887,85","125,86",4,0,26,Total,9905,4276,3341,0,0,8323,1582,"10,05","1 068 842,82","107,91",3467,0,19209
Data,Ocup,Opção,Cheg,Oferta/Uso Interno,Deduz. Individ.,Deduz. Grupos,% Ocup.,Receita Quartos,Preço Médio,Saídas,Quartos FdS,Adul. / Cri.,dezembro,Previsão,30-dez-2026 qua,1,0,0,0,0,1,0,"0,74","92,38","92,38",0,0,2,15,2,5,0,0,15,0,"0,36","1 887,85","125,86",4,0,26,Total dez,15,2,5,0,0,15,0,"0,36","1 887,85","125,86",4,0,26,Total,9905,4276,3341,0,0,8323,1582,"10,05","1 068 842,82","107,91",3467,0,19209
Data,Ocup,Opção,Cheg,Oferta/Uso Interno,Deduz. Individ.,Deduz. Grupos,% Ocup.,Receita Quartos,Preço Médio,Saídas,Quartos FdS,Adul. / Cri.,dezembro,Previsão,31-dez-2026 qui,1,0,0,0,0,1,0,"0,74","148,96","148,96",0,0,2,15,2,5,0,0,15,0,"0,36","1 887,85","125,86",4,0,26,Total dez,15,2,5,0,0,15,0,"0,36","1 887,85","125,86",4,0,26,Total,9905,4276,3341,0,0,8323,1582,"10,05","1 068 842,82","107,91",3467,0,19209
Data,Ocup,Opção,Cheg,Oferta/Uso Interno,Deduz. Individ.,Deduz. Grupos,% Ocup.,Receita Quartos,Preço Médio,Saídas,Quartos FdS,Adul. / Cri.,janeiro,Previsão,01-jan-2027 sex,0,0,0,0,0,0,0,-,-,NaN,1,0,0,0,560,0,0,0,0,0,-,-,NaN,1,0,0,Total jan,0,560,0,0,0,0,0,-,-,NaN,1,0,0,Total,9905,4276,3341,0,0,8323,1582,"10,05","1 068 842,82","107,91",3467,0,19209
Data,Ocup,Opção,Cheg,Oferta/Uso Interno,Deduz. Individ.,Deduz. Grupos,% Ocup.,Receita Quartos,Preço Médio,Saídas,Quartos FdS,Adul. / Cri.,janeiro,Previsão,02-jan-2027 sáb,0,0,0,0,0,0,0,-,-,NaN,0,0,0,0,560,0,0,0,0,0,-,-,NaN,1,0,0,Total jan,0,560,0,0,0,0,0,-,-,NaN,1,0,0,Total,9905,4276,3341,0,0,8323,1582,"10,05","1 068 842,82","107,91",3467,0,19209
Data,Ocup,Opção,Cheg,Oferta/Uso Interno,Deduz. Individ.,Deduz. Grupos,% Ocup.,Receita Quartos,Preço Médio,Saídas,Quartos FdS,Adul. / Cri.,janeiro,Previsão,03-jan-2027 dom,0,0,0,0,0,0,0,-,-,NaN,0,0,0,0,560,0,0,0,0,0,-,-,NaN,1,0,0,Total jan,0,560,0,0,0,0,0,-,-,NaN,1,0,0,Total,9905,4276,3341,0,0,8323,1582,"10,05","1 068 842,82","107,91",3467,0,19209
Data,Ocup,Opção,Cheg,Oferta/Uso Interno,Deduz. Individ.,Deduz. Grupos,% Ocup.,Receita Quartos,Preço Médio,Saídas,Quartos FdS,Adul. / Cri.,janeiro,Previsão,04-jan-2027 seg,0,0,0,0,0,0,0,-,-,NaN,0,0,0,0,560,0,0,0,0,0,-,-,NaN,1,0,0,Total jan,0,560,0,0,0,0,0,-,-,NaN,1,0,0,Total,9905,4276,3341,0,0,8323,1582,"10,05","1 068 842,82","107,91",3467,0,19209
Data,Ocup,Opção,Cheg,Oferta/Uso Interno,Deduz. Individ.,Deduz. Grupos,% Ocup.,Receita Quartos,Preço Médio,Saídas,Quartos FdS,Adul. / Cri.,janeiro,Previsão,05-jan-2027 ter,0,0,0,0,0,0,0,-,-,NaN,0,0,0,0,560,0,0,0,0,0,-,-,NaN,1,0,0,Total jan,0,560,0,0,0,0,0,-,-,NaN,1,0,0,Total,9905,4276,3341,0,0,8323,1582,"10,05","1 068 842,82","107,91",3467,0,19209
Data,Ocup,Opção,Cheg,Oferta/Uso Interno,Deduz. Individ.,Deduz. Grupos,% Ocup.,Receita Quartos,Preço Médio,Saídas,Quartos FdS,Adul. / Cri.,janeiro,Previsão,06-jan-2027 qua,0,0,0,0,0,0,0,-,-,NaN,0,0,0,0,560,0,0,0,0,0,-,-,NaN,1,0,0,Total jan,0,560,0,0,0,0,0,-,-,NaN,1,0,0,Total,9905,4276,3341,0,0,8323,1582,"10,05","1 068 842,82","107,91",3467,0,19209
Data,Ocup,Opção,Cheg,Oferta/Uso Interno,Deduz. Individ.,Deduz. Grupos,% Ocup.,Receita Quartos,Preço Médio,Saídas,Quartos FdS,Adul. / Cri.,janeiro,Previsão,07-jan-2027 qui,0,0,0,0,0,0,0,-,-,NaN,0,0,0,0,560,0,0,0,0,0,-,-,NaN,1,0,0,Total jan,0,560,0,0,0,0,0,-,-,NaN,1,0,0,Total,9905,4276,3341,0,0,8323,1582,"10,05","1 068 842,82","107,91",3467,0,19209
Data,Ocup,Opção,Cheg,Oferta/Uso Interno,Deduz. Individ.,Deduz. Grupos,% Ocup.,Receita Quartos,Preço Médio,Saídas,Quartos FdS,Adul. / Cri.,janeiro,Previsão,08-jan-2027 sex,0,0,0,0,0,0,0,-,-,NaN,0,0,0,0,560,0,0,0,0,0,-,-,NaN,1,0,0,Total jan,0,560,0,0,0,0,0,-,-,NaN,1,0,0,Total,9905,4276,3341,0,0,8323,1582,"10,05","1 068 842,82","107,91",3467,0,19209
Data,Ocup,Opção,Cheg,Oferta/Uso Interno,Deduz. Individ.,Deduz. Grupos,% Ocup.,Receita Quartos,Preço Médio,Saídas,Quartos FdS,Adul. / Cri.,janeiro,Previsão,09-jan-2027 sáb,0,0,0,0,0,0,0,-,-,NaN,0,0,0,0,560,0,0,0,0,0,-,-,NaN,1,0,0,Total jan,0,560,0,0,0,0,0,-,-,NaN,1,0,0,Total,9905,4276,3341,0,0,8323,1582,"10,05","1 068 842,82","107,91",3467,0,19209
Data,Ocup,Opção,Cheg,Oferta/Uso Interno,Deduz. Individ.,Deduz. Grupos,% Ocup.,Receita Quartos,Preço Médio,Saídas,Quartos FdS,Adul. / Cri.,janeiro,Previsão,10-jan-2027 dom,0,0,0,0,0,0,0,-,-,NaN,0,0,0,0,560,0,0,0,0,0,-,-,NaN,1,0,0,Total jan,0,560,0,0,0,0,0,-,-,NaN,1,0,0,Total,9905,4276,3341,0,0,8323,1582,"10,05","1 068 842,82","107,91",3467,0,19209
Data,Ocup,Opção,Cheg,Oferta/Uso Interno,Deduz. Individ.,Deduz. Grupos,% Ocup.,Receita Quartos,Preço Médio,Saídas,Quartos FdS,Adul. / Cri.,janeiro,Previsão,11-jan-2027 seg,0,0,0,0,0,0,0,-,-,NaN,0,0,0,0,560,0,0,0,0,0,-,-,NaN,1,0,0,Total jan,0,560,0,0,0,0,0,-,-,NaN,1,0,0,Total,9905,4276,3341,0,0,8323,1582,"10,05","1 068 842,82","107,91",3467,0,19209
Data,Ocup,Opção,Cheg,Oferta/Uso Interno,Deduz. Individ.,Deduz. Grupos,% Ocup.,Receita Quartos,Preço Médio,Saídas,Quartos FdS,Adul. / Cri.,janeiro,Previsão,12-jan-2027 ter,0,0,0,0,0,0,0,-,-,NaN,0,0,0,0,560,0,0,0,0,0,-,-,NaN,1,0,0,Total jan,0,560,0,0,0,0,0,-,-,NaN,1,0,0,Total,9905,4276,3341,0,0,8323,1582,"10,05","1 068 842,82","107,91",3467,0,19209
Data,Ocup,Opção,Cheg,Oferta/Uso Interno,Deduz. Individ.,Deduz. Grupos,% Ocup.,Receita Quartos,Preço Médio,Saídas,Quartos FdS,Adul. / Cri.,janeiro,Previsão,13-jan-2027 qua,0,0,0,0,0,0,0,-,-,NaN,0,0,0,0,560,0,0,0,0,0,-,-,NaN,1,0,0,Total jan,0,560,0,0,0,0,0,-,-,NaN,1,0,0,Total,9905,4276,3341,0,0,8323,1582,"10,05","1 068 842,82","107,91",3467,0,19209
Data,Ocup,Opção,Cheg,Oferta/Uso Interno,Deduz. Individ.,Deduz. Grupos,% Ocup.,Receita Quartos,Preço Médio,Saídas,Quartos FdS,Adul. / Cri.,janeiro,Previsão,14-jan-2027 qui,0,0,0,0,0,0,0,-,-,NaN,0,0,0,0,560,0,0,0,0,0,-,-,NaN,1,0,0,Total jan,0,560,0,0,0,0,0,-,-,NaN,1,0,0,Total,9905,4276,3341,0,0,8323,1582,"10,05","1 068 842,82","107,91",3467,0,19209
Data,Ocup,Opção,Cheg,Oferta/Uso Interno,Deduz. Individ.,Deduz. Grupos,% Ocup.,Receita Quartos,Preço Médio,Saídas,Quartos FdS,Adul. / Cri.,janeiro,Previsão,15-jan-2027 sex,0,0,0,0,0,0,0,-,-,NaN,0,0,0,0,560,0,0,0,0,0,-,-,NaN,1,0,0,Total jan,0,560,0,0,0,0,0,-,-,NaN,1,0,0,Total,9905,4276,3341,0,0,8323,1582,"10,05","1 068 842,82","107,91",3467,0,19209
Data,Ocup,Opção,Cheg,Oferta/Uso Interno,Deduz. Individ.,Deduz. Grupos,% Ocup.,Receita Quartos,Preço Médio,Saídas,Quartos FdS,Adul. / Cri.,janeiro,Previsão,16-jan-2027 sáb,0,0,0,0,0,0,0,-,-,NaN,0,0,0,0,560,0,0,0,0,0,-,-,NaN,1,0,0,Total jan,0,560,0,0,0,0,0,-,-,NaN,1,0,0,Total,9905,4276,3341,0,0,8323,1582,"10,05","1 068 842,82","107,91",3467,0,19209
Data,Ocup,Opção,Cheg,Oferta/Uso Interno,Deduz. Individ.,Deduz. Grupos,% Ocup.,Receita Quartos,Preço Médio,Saídas,Quartos FdS,Adul. / Cri.,janeiro,Previsão,17-jan-2027 dom,0,0,0,0,0,0,0,-,-,NaN,0,0,0,0,560,0,0,0,0,0,-,-,NaN,1,0,0,Total jan,0,560,0,0,0,0,0,-,-,NaN,1,0,0,Total,9905,4276,3341,0,0,8323,1582,"10,05","1 068 842,82","107,91",3467,0,19209
Data,Ocup,Opção,Cheg,Oferta/Uso Interno,Deduz. Individ.,Deduz. Grupos,% Ocup.,Receita Quartos,Preço Médio,Saídas,Quartos FdS,Adul. / Cri.,janeiro,Previsão,18-jan-2027 seg,0,0,0,0,0,0,0,-,-,NaN,0,0,0,0,560,0,0,0,0,0,-,-,NaN,1,0,0,Total jan,0,560,0,0,0,0,0,-,-,NaN,1,0,0,Total,9905,4276,3341,0,0,8323,1582,"10,05","1 068 842,82","107,91",3467,0,19209
Data,Ocup,Opção,Cheg,Oferta/Uso Interno,Deduz. Individ.,Deduz. Grupos,% Ocup.,Receita Quartos,Preço Médio,Saídas,Quartos FdS,Adul. / Cri.,janeiro,Previsão,19-jan-2027 ter,0,0,0,0,0,0,0,-,-,NaN,0,0,0,0,560,0,0,0,0,0,-,-,NaN,1,0,0,Total jan,0,560,0,0,0,0,0,-,-,NaN,1,0,0,Total,9905,4276,3341,0,0,8323,1582,"10,05","1 068 842,82","107,91",3467,0,19209
Data,Ocup,Opção,Cheg,Oferta/Uso Interno,Deduz. Individ.,Deduz. Grupos,% Ocup.,Receita Quartos,Preço Médio,Saídas,Quartos FdS,Adul. / Cri.,janeiro,Previsão,20-jan-2027 qua,0,0,0,0,0,0,0,-,-,NaN,0,0,0,0,560,0,0,0,0,0,-,-,NaN,1,0,0,Total jan,0,560,0,0,0,0,0,-,-,NaN,1,0,0,Total,9905,4276,3341,0,0,8323,1582,"10,05","1 068 842,82","107,91",3467,0,19209
Data,Ocup,Opção,Cheg,Oferta/Uso Interno,Deduz. Individ.,Deduz. Grupos,% Ocup.,Receita Quartos,Preço Médio,Saídas,Quartos FdS,Adul. / Cri.,janeiro,Previsão,21-jan-2027 qui,0,0,0,0,0,0,0,-,-,NaN,0,0,0,0,560,0,0,0,0,0,-,-,NaN,1,0,0,Total jan,0,560,0,0,0,0,0,-,-,NaN,1,0,0,Total,9905,4276,3341,0,0,8323,1582,"10,05","1 068 842,82","107,91",3467,0,19209
Data,Ocup,Opção,Cheg,Oferta/Uso Interno,Deduz. Individ.,Deduz. Grupos,% Ocup.,Receita Quartos,Preço Médio,Saídas,Quartos FdS,Adul. / Cri.,janeiro,Previsão,22-jan-2027 sex,0,0,0,0,0,0,0,-,-,NaN,0,0,0,0,560,0,0,0,0,0,-,-,NaN,1,0,0,Total jan,0,560,0,0,0,0,0,-,-,NaN,1,0,0,Total,9905,4276,3341,0,0,8323,1582,"10,05","1 068 842,82","107,91",3467,0,19209
Data,Ocup,Opção,Cheg,Oferta/Uso Interno,Deduz. Individ.,Deduz. Grupos,% Ocup.,Receita Quartos,Preço Médio,Saídas,Quartos FdS,Adul. / Cri.,janeiro,Previsão,23-jan-2027 sáb,0,80,0,0,0,0,0,-,-,NaN,0,0,0,0,560,0,0,0,0,0,-,-,NaN,1,0,0,Total jan,0,560,0,0,0,0,0,-,-,NaN,1,0,0,Total,9905,4276,3341,0,0,8323,1582,"10,05","1 068 842,82","107,91",3467,0,19209
Data,Ocup,Opção,Cheg,Oferta/Uso Interno,Deduz. Individ.,Deduz. Grupos,% Ocup.,Receita Quartos,Preço Médio,Saídas,Quartos FdS,Adul. / Cri.,janeiro,Previsão,24-jan-2027 dom,0,80,0,0,0,0,0,-,-,NaN,0,0,0,0,560,0,0,0,0,0,-,-,NaN,1,0,0,Total jan,0,560,0,0,0,0,0,-,-,NaN,1,0,0,Total,9905,4276,3341,0,0,8323,1582,"10,05","1 068 842,82","107,91",3467,0,19209
Data,Ocup,Opção,Cheg,Oferta/Uso Interno,Deduz. Individ.,Deduz. Grupos,% Ocup.,Receita Quartos,Preço Médio,Saídas,Quartos FdS,Adul. / Cri.,janeiro,Previsão,25-jan-2027 seg,0,80,0,0,0,0,0,-,-,NaN,0,0,0,0,560,0,0,0,0,0,-,-,NaN,1,0,0,Total jan,0,560,0,0,0,0,0,-,-,NaN,1,0,0,Total,9905,4276,3341,0,0,8323,1582,"10,05","1 068 842,82","107,91",3467,0,19209
Data,Ocup,Opção,Cheg,Oferta/Uso Interno,Deduz. Individ.,Deduz. Grupos,% Ocup.,Receita Quartos,Preço Médio,Saídas,Quartos FdS,Adul. / Cri.,janeiro,Previsão,26-jan-2027 ter,0,80,0,0,0,0,0,-,-,NaN,0,0,0,0,560,0,0,0,0,0,-,-,NaN,1,0,0,Total jan,0,560,0,0,0,0,0,-,-,NaN,1,0,0,Total,9905,4276,3341,0,0,8323,1582,"10,05","1 068 842,82","107,91",3467,0,19209
Data,Ocup,Opção,Cheg,Oferta/Uso Interno,Deduz. Individ.,Deduz. Grupos,% Ocup.,Receita Quartos,Preço Médio,Saídas,Quartos FdS,Adul. / Cri.,janeiro,Previsão,27-jan-2027 qua,0,80,0,0,0,0,0,-,-,NaN,0,0,0,0,560,0,0,0,0,0,-,-,NaN,1,0,0,Total jan,0,560,0,0,0,0,0,-,-,NaN,1,0,0,Total,9905,4276,3341,0,0,8323,1582,"10,05","1 068 842,82","107,91",3467,0,19209
Data,Ocup,Opção,Cheg,Oferta/Uso Interno,Deduz. Individ.,Deduz. Grupos,% Ocup.,Receita Quartos,Preço Médio,Saídas,Quartos FdS,Adul. / Cri.,janeiro,Previsão,28-jan-2027 qui,0,80,0,0,0,0,0,-,-,NaN,0,0,0,0,560,0,0,0,0,0,-,-,NaN,1,0,0,Total jan,0,560,0,0,0,0,0,-,-,NaN,1,0,0,Total,9905,4276,3341,0,0,8323,1582,"10,05","1 068 842,82","107,91",3467,0,19209
Data,Ocup,Opção,Cheg,Oferta/Uso Interno,Deduz. Individ.,Deduz. Grupos,% Ocup.,Receita Quartos,Preço Médio,Saídas,Quartos FdS,Adul. / Cri.,janeiro,Previsão,29-jan-2027 sex,0,80,0,0,0,0,0,-,-,NaN,0,0,0,0,560,0,0,0,0,0,-,-,NaN,1,0,0,Total jan,0,560,0,0,0,0,0,-,-,NaN,1,0,0,Total,9905,4276,3341,0,0,8323,1582,"10,05","1 068 842,82","107,91",3467,0,19209
Data,Ocup,Opção,Cheg,Oferta/Uso Interno,Deduz. Individ.,Deduz. Grupos,% Ocup.,Receita Quartos,Preço Médio,Saídas,Quartos FdS,Adul. / Cri.,janeiro,Previsão,30-jan-2027 sáb,0,0,0,0,0,0,0,-,-,NaN,0,0,0,0,560,0,0,0,0,0,-,-,NaN,1,0,0,Total jan,0,560,0,0,0,0,0,-,-,NaN,1,0,0,Total,9905,4276,3341,0,0,8323,1582,"10,05","1 068 842,82","107,91",3467,0,19209
Data,Ocup,Opção,Cheg,Oferta/Uso Interno,Deduz. Individ.,Deduz. Grupos,% Ocup.,Receita Quartos,Preço Médio,Saídas,Quartos FdS,Adul. / Cri.,janeiro,Previsão,31-jan-2027 dom,0,0,0,0,0,0,0,-,-,NaN,0,0,0,0,560,0,0,0,0,0,-,-,NaN,1,0,0,Total jan,0,560,0,0,0,0,0,-,-,NaN,1,0,0,Total,9905,4276,3341,0,0,8323,1582,"10,05","1 068 842,82","107,91",3467,0,19209
Data,Ocup,Opção,Cheg,Oferta/Uso Interno,Deduz. Individ.,Deduz. Grupos,% Ocup.,Receita Quartos,Preço Médio,Saídas,Quartos FdS,Adul. / Cri.,fevereiro,Previsão,01-fev-2027 seg,0,0,0,0,0,0,0,-,-,NaN,0,0,0,0,0,0,0,0,0,0,-,-,NaN,0,0,0,Total fev,0,0,0,0,0,0,0,-,-,NaN,0,0,0,Total,9905,4276,3341,0,0,8323,1582,"10,05","1 068 842,82","107,91",3467,0,19209
Data,Ocup,Opção,Cheg,Oferta/Uso Interno,Deduz. Individ.,Deduz. Grupos,% Ocup.,Receita Quartos,Preço Médio,Saídas,Quartos FdS,Adul. / Cri.,fevereiro,Previsão,02-fev-2027 ter,0,0,0,0,0,0,0,-,-,NaN,0,0,0,0,0,0,0,0,0,0,-,-,NaN,0,0,0,Total fev,0,0,0,0,0,0,0,-,-,NaN,0,0,0,Total,9905,4276,3341,0,0,8323,1582,"10,05","1 068 842,82","107,91",3467,0,19209
Data,Ocup,Opção,Cheg,Oferta/Uso Interno,Deduz. Individ.,Deduz. Grupos,% Ocup.,Receita Quartos,Preço Médio,Saídas,Quartos FdS,Adul. / Cri.,fevereiro,Previsão,03-fev-2027 qua,0,0,0,0,0,0,0,-,-,NaN,0,0,0,0,0,0,0,0,0,0,-,-,NaN,0,0,0,Total fev,0,0,0,0,0,0,0,-,-,NaN,0,0,0,Total,9905,4276,3341,0,0,8323,1582,"10,05","1 068 842,82","107,91",3467,0,19209
Data,Ocup,Opção,Cheg,Oferta/Uso Interno,Deduz. Individ.,Deduz. Grupos,% Ocup.,Receita Quartos,Preço Médio,Saídas,Quartos FdS,Adul. / Cri.,fevereiro,Previsão,04-fev-2027 qui,0,0,0,0,0,0,0,-,-,NaN,0,0,0,0,0,0,0,0,0,0,-,-,NaN,0,0,0,Total fev,0,0,0,0,0,0,0,-,-,NaN,0,0,0,Total,9905,4276,3341,0,0,8323,1582,"10,05","1 068 842,82","107,91",3467,0,19209
Data,Ocup,Opção,Cheg,Oferta/Uso Interno,Deduz. Individ.,Deduz. Grupos,% Ocup.,Receita Quartos,Preço Médio,Saídas,Quartos FdS,Adul. / Cri.,fevereiro,Previsão,05-fev-2027 sex,0,0,0,0,0,0,0,-,-,NaN,0,0,0,0,0,0,0,0,0,0,-,-,NaN,0,0,0,Total fev,0,0,0,0,0,0,0,-,-,NaN,0,0,0,Total,9905,4276,3341,0,0,8323,1582,"10,05","1 068 842,82","107,91",3467,0,19209
Data,Ocup,Opção,Cheg,Oferta/Uso Interno,Deduz. Individ.,Deduz. Grupos,% Ocup.,Receita Quartos,Preço Médio,Saídas,Quartos FdS,Adul. / Cri.,fevereiro,Previsão,06-fev-2027 sáb,0,0,0,0,0,0,0,-,-,NaN,0,0,0,0,0,0,0,0,0,0,-,-,NaN,0,0,0,Total fev,0,0,0,0,0,0,0,-,-,NaN,0,0,0,Total,9905,4276,3341,0,0,8323,1582,"10,05","1 068 842,82","107,91",3467,0,19209
Data,Ocup,Opção,Cheg,Oferta/Uso Interno,Deduz. Individ.,Deduz. Grupos,% Ocup.,Receita Quartos,Preço Médio,Saídas,Quartos FdS,Adul. / Cri.,fevereiro,Previsão,07-fev-2027 dom,0,0,0,0,0,0,0,-,-,NaN,0,0,0,0,0,0,0,0,0,0,-,-,NaN,0,0,0,Total fev,0,0,0,0,0,0,0,-,-,NaN,0,0,0,Total,9905,4276,3341,0,0,8323,1582,"10,05","1 068 842,82","107,91",3467,0,19209
Data,Ocup,Opção,Cheg,Oferta/Uso Interno,Deduz. Individ.,Deduz. Grupos,% Ocup.,Receita Quartos,Preço Médio,Saídas,Quartos FdS,Adul. / Cri.,fevereiro,Previsão,08-fev-2027 seg,0,0,0,0,0,0,0,-,-,NaN,0,0,0,0,0,0,0,0,0,0,-,-,NaN,0,0,0,Total fev,0,0,0,0,0,0,0,-,-,NaN,0,0,0,Total,9905,4276,3341,0,0,8323,1582,"10,05","1 068 842,82","107,91",3467,0,19209
Data,Ocup,Opção,Cheg,Oferta/Uso Interno,Deduz. Individ.,Deduz. Grupos,% Ocup.,Receita Quartos,Preço Médio,Saídas,Quartos FdS,Adul. / Cri.,fevereiro,Previsão,09-fev-2027 ter,0,0,0,0,0,0,0,-,-,NaN,0,0,0,0,0,0,0,0,0,0,-,-,NaN,0,0,0,Total fev,0,0,0,0,0,0,0,-,-,NaN,0,0,0,Total,9905,4276,3341,0,0,8323,1582,"10,05","1 068 842,82","107,91",3467,0,19209
Data,Ocup,Opção,Cheg,Oferta/Uso Interno,Deduz. Individ.,Deduz. Grupos,% Ocup.,Receita Quartos,Preço Médio,Saídas,Quartos FdS,Adul. / Cri.,fevereiro,Previsão,10-fev-2027 qua,0,0,0,0,0,0,0,-,-,NaN,0,0,0,0,0,0,0,0,0,0,-,-,NaN,0,0,0,Total fev,0,0,0,0,0,0,0,-,-,NaN,0,0,0,Total,9905,4276,3341,0,0,8323,1582,"10,05","1 068 842,82","107,91",3467,0,19209
Data,Ocup,Opção,Cheg,Oferta/Uso Interno,Deduz. Individ.,Deduz. Grupos,% Ocup.,Receita Quartos,Preço Médio,Saídas,Quartos FdS,Adul. / Cri.,fevereiro,Previsão,11-fev-2027 qui,0,0,0,0,0,0,0,-,-,NaN,0,0,0,0,0,0,0,0,0,0,-,-,NaN,0,0,0,Total fev,0,0,0,0,0,0,0,-,-,NaN,0,0,0,Total,9905,4276,3341,0,0,8323,1582,"10,05","1 068 842,82","107,91",3467,0,19209
Data,Ocup,Opção,Cheg,Oferta/Uso Interno,Deduz. Individ.,Deduz. Grupos,% Ocup.,Receita Quartos,Preço Médio,Saídas,Quartos FdS,Adul. / Cri.,fevereiro,Previsão,12-fev-2027 sex,0,0,0,0,0,0,0,-,-,NaN,0,0,0,0,0,0,0,0,0,0,-,-,NaN,0,0,0,Total fev,0,0,0,0,0,0,0,-,-,NaN,0,0,0,Total,9905,4276,3341,0,0,8323,1582,"10,05","1 068 842,82","107,91",3467,0,19209
Data,Ocup,Opção,Cheg,Oferta/Uso Interno,Deduz. Individ.,Deduz. Grupos,% Ocup.,Receita Quartos,Preço Médio,Saídas,Quartos FdS,Adul. / Cri.,fevereiro,Previsão,13-fev-2027 sáb,0,0,0,0,0,0,0,-,-,NaN,0,0,0,0,0,0,0,0,0,0,-,-,NaN,0,0,0,Total fev,0,0,0,0,0,0,0,-,-,NaN,0,0,0,Total,9905,4276,3341,0,0,8323,1582,"10,05","1 068 842,82","107,91",3467,0,19209
Data,Ocup,Opção,Cheg,Oferta/Uso Interno,Deduz. Individ.,Deduz. Grupos,% Ocup.,Receita Quartos,Preço Médio,Saídas,Quartos FdS,Adul. / Cri.,fevereiro,Previsão,14-fev-2027 dom,0,0,0,0,0,0,0,-,-,NaN,0,0,0,0,0,0,0,0,0,0,-,-,NaN,0,0,0,Total fev,0,0,0,0,0,0,0,-,-,NaN,0,0,0,Total,9905,4276,3341,0,0,8323,1582,"10,05","1 068 842,82","107,91",3467,0,19209
Data,Ocup,Opção,Cheg,Oferta/Uso Interno,Deduz. Individ.,Deduz. Grupos,% Ocup.,Receita Quartos,Preço Médio,Saídas,Quartos FdS,Adul. / Cri.,fevereiro,Previsão,15-fev-2027 seg,0,0,0,0,0,0,0,-,-,NaN,0,0,0,0,0,0,0,0,0,0,-,-,NaN,0,0,0,Total fev,0,0,0,0,0,0,0,-,-,NaN,0,0,0,Total,9905,4276,3341,0,0,8323,1582,"10,05","1 068 842,82","107,91",3467,0,19209
Data,Ocup,Opção,Cheg,Oferta/Uso Interno,Deduz. Individ.,Deduz. Grupos,% Ocup.,Receita Quartos,Preço Médio,Saídas,Quartos FdS,Adul. / Cri.,fevereiro,Previsão,16-fev-2027 ter,0,0,0,0,0,0,0,-,-,NaN,0,0,0,0,0,0,0,0,0,0,-,-,NaN,0,0,0,Total fev,0,0,0,0,0,0,0,-,-,NaN,0,0,0,Total,9905,4276,3341,0,0,8323,1582,"10,05","1 068 842,82","107,91",3467,0,19209
Data,Ocup,Opção,Cheg,Oferta/Uso Interno,Deduz. Individ.,Deduz. Grupos,% Ocup.,Receita Quartos,Preço Médio,Saídas,Quartos FdS,Adul. / Cri.,fevereiro,Previsão,17-fev-2027 qua,0,0,0,0,0,0,0,-,-,NaN,0,0,0,0,0,0,0,0,0,0,-,-,NaN,0,0,0,Total fev,0,0,0,0,0,0,0,-,-,NaN,0,0,0,Total,9905,4276,3341,0,0,8323,1582,"10,05","1 068 842,82","107,91",3467,0,19209
Data,Ocup,Opção,Cheg,Oferta/Uso Interno,Deduz. Individ.,Deduz. Grupos,% Ocup.,Receita Quartos,Preço Médio,Saídas,Quartos FdS,Adul. / Cri.,fevereiro,Previsão,18-fev-2027 qui,0,0,0,0,0,0,0,-,-,NaN,0,0,0,0,0,0,0,0,0,0,-,-,NaN,0,0,0,Total fev,0,0,0,0,0,0,0,-,-,NaN,0,0,0,Total,9905,4276,3341,0,0,8323,1582,"10,05","1 068 842,82","107,91",3467,0,19209
Data,Ocup,Opção,Cheg,Oferta/Uso Interno,Deduz. Individ.,Deduz. Grupos,% Ocup.,Receita Quartos,Preço Médio,Saídas,Quartos FdS,Adul. / Cri.,fevereiro,Previsão,19-fev-2027 sex,0,0,0,0,0,0,0,-,-,NaN,0,0,0,0,0,0,0,0,0,0,-,-,NaN,0,0,0,Total fev,0,0,0,0,0,0,0,-,-,NaN,0,0,0,Total,9905,4276,3341,0,0,8323,1582,"10,05","1 068 842,82","107,91",3467,0,19209
Data,Ocup,Opção,Cheg,Oferta/Uso Interno,Deduz. Individ.,Deduz. Grupos,% Ocup.,Receita Quartos,Preço Médio,Saídas,Quartos FdS,Adul. / Cri.,fevereiro,Previsão,20-fev-2027 sáb,0,0,0,0,0,0,0,-,-,NaN,0,0,0,0,0,0,0,0,0,0,-,-,NaN,0,0,0,Total fev,0,0,0,0,0,0,0,-,-,NaN,0,0,0,Total,9905,4276,3341,0,0,8323,1582,"10,05","1 068 842,82","107,91",3467,0,19209
Data,Ocup,Opção,Cheg,Oferta/Uso Interno,Deduz. Individ.,Deduz. Grupos,% Ocup.,Receita Quartos,Preço Médio,Saídas,Quartos FdS,Adul. / Cri.,fevereiro,Previsão,21-fev-2027 dom,0,0,0,0,0,0,0,-,-,NaN,0,0,0,0,0,0,0,0,0,0,-,-,NaN,0,0,0,Total fev,0,0,0,0,0,0,0,-,-,NaN,0,0,0,Total,9905,4276,3341,0,0,8323,1582,"10,05","1 068 842,82","107,91",3467,0,19209
Data,Ocup,Opção,Cheg,Oferta/Uso Interno,Deduz. Individ.,Deduz. Grupos,% Ocup.,Receita Quartos,Preço Médio,Saídas,Quartos FdS,Adul. / Cri.,fevereiro,Previsão,22-fev-2027 seg,0,0,0,0,0,0,0,-,-,NaN,0,0,0,0,0,0,0,0,0,0,-,-,NaN,0,0,0,Total fev,0,0,0,0,0,0,0,-,-,NaN,0,0,0,Total,9905,4276,3341,0,0,8323,1582,"10,05","1 068 842,82","107,91",3467,0,19209
Data,Ocup,Opção,Cheg,Oferta/Uso Interno,Deduz. Individ.,Deduz. Grupos,% Ocup.,Receita Quartos,Preço Médio,Saídas,Quartos FdS,Adul. / Cri.,fevereiro,Previsão,23-fev-2027 ter,0,0,0,0,0,0,0,-,-,NaN,0,0,0,0,0,0,0,0,0,0,-,-,NaN,0,0,0,Total fev,0,0,0,0,0,0,0,-,-,NaN,0,0,0,Total,9905,4276,3341,0,0,8323,1582,"10,05","1 068 842,82","107,91",3467,0,19209
Data,Ocup,Opção,Cheg,Oferta/Uso Interno,Deduz. Individ.,Deduz. Grupos,% Ocup.,Receita Quartos,Preço Médio,Saídas,Quartos FdS,Adul. / Cri.,fevereiro,Previsão,24-fev-2027 qua,0,0,0,0,0,0,0,-,-,NaN,0,0,0,0,0,0,0,0,0,0,-,-,NaN,0,0,0,Total fev,0,0,0,0,0,0,0,-,-,NaN,0,0,0,Total,9905,4276,3341,0,0,8323,1582,"10,05","1 068 842,82","107,91",3467,0,19209
Data,Ocup,Opção,Cheg,Oferta/Uso Interno,Deduz. Individ.,Deduz. Grupos,% Ocup.,Receita Quartos,Preço Médio,Saídas,Quartos FdS,Adul. / Cri.,fevereiro,Previsão,25-fev-2027 qui,0,0,0,0,0,0,0,-,-,NaN,0,0,0,0,0,0,0,0,0,0,-,-,NaN,0,0,0,Total fev,0,0,0,0,0,0,0,-,-,NaN,0,0,0,Total,9905,4276,3341,0,0,8323,1582,"10,05","1 068 842,82","107,91",3467,0,19209
Data,Ocup,Opção,Cheg,Oferta/Uso Interno,Deduz. Individ.,Deduz. Grupos,% Ocup.,Receita Quartos,Preço Médio,Saídas,Quartos FdS,Adul. / Cri.,fevereiro,Previsão,26-fev-2027 sex,0,0,0,0,0,0,0,-,-,NaN,0,0,0,0,0,0,0,0,0,0,-,-,NaN,0,0,0,Total fev,0,0,0,0,0,0,0,-,-,NaN,0,0,0,Total,9905,4276,3341,0,0,8323,1582,"10,05","1 068 842,82","107,91",3467,0,19209
Data,Ocup,Opção,Cheg,Oferta/Uso Interno,Deduz. Individ.,Deduz. Grupos,% Ocup.,Receita Quartos,Preço Médio,Saídas,Quartos FdS,Adul. / Cri.,fevereiro,Previsão,27-fev-2027 sáb,0,0,0,0,0,0,0,-,-,NaN,0,0,0,0,0,0,0,0,0,0,-,-,NaN,0,0,0,Total fev,0,0,0,0,0,0,0,-,-,NaN,0,0,0,Total,9905,4276,3341,0,0,8323,1582,"10,05","1 068 842,82","107,91",3467,0,19209
Data,Ocup,Opção,Cheg,Oferta/Uso Interno,Deduz. Individ.,Deduz. Grupos,% Ocup.,Receita Quartos,Preço Médio,Saídas,Quartos FdS,Adul. / Cri.,fevereiro,Previsão,28-fev-2027 dom,0,0,0,0,0,0,0,-,-,NaN,0,0,0,0,0,0,0,0,0,0,-,-,NaN,0,0,0,Total fev,0,0,0,0,0,0,0,-,-,NaN,0,0,0,Total,9905,4276,3341,0,0,8323,1582,"10,05","1 068 842,82","107,91",3467,0,19209
Data,Ocup,Opção,Cheg,Oferta/Uso Interno,Deduz. Individ.,Deduz. Grupos,% Ocup.,Receita Quartos,Preço Médio,Saídas,Quartos FdS,Adul. / Cri.,março,Previsão,01-mar-2027 seg,0,0,0,0,0,0,0,-,-,NaN,0,0,0,0,0,0,0,0,0,0,-,-,NaN,0,0,0,Total mar,0,0,0,0,0,0,0,-,-,NaN,0,0,0,Total,9905,4276,3341,0,0,8323,1582,"10,05","1 068 842,82","107,91",3467,0,19209
Data,Ocup,Opção,Cheg,Oferta/Uso Interno,Deduz. Individ.,Deduz. Grupos,% Ocup.,Receita Quartos,Preço Médio,Saídas,Quartos FdS,Adul. / Cri.,março,Previsão,02-mar-2027 ter,0,0,0,0,0,0,0,-,-,NaN,0,0,0,0,0,0,0,0,0,0,-,-,NaN,0,0,0,Total mar,0,0,0,0,0,0,0,-,-,NaN,0,0,0,Total,9905,4276,3341,0,0,8323,1582,"10,05","1 068 842,82","107,91",3467,0,19209
Data,Ocup,Opção,Cheg,Oferta/Uso Interno,Deduz. Individ.,Deduz. Grupos,% Ocup.,Receita Quartos,Preço Médio,Saídas,Quartos FdS,Adul. / Cri.,março,Previsão,03-mar-2027 qua,0,0,0,0,0,0,0,-,-,NaN,0,0,0,0,0,0,0,0,0,0,-,-,NaN,0,0,0,Total mar,0,0,0,0,0,0,0,-,-,NaN,0,0,0,Total,9905,4276,3341,0,0,8323,1582,"10,05","1 068 842,82","107,91",3467,0,19209
Data,Ocup,Opção,Cheg,Oferta/Uso Interno,Deduz. Individ.,Deduz. Grupos,% Ocup.,Receita Quartos,Preço Médio,Saídas,Quartos FdS,Adul. / Cri.,março,Previsão,04-mar-2027 qui,0,0,0,0,0,0,0,-,-,NaN,0,0,0,0,0,0,0,0,0,0,-,-,NaN,0,0,0,Total mar,0,0,0,0,0,0,0,-,-,NaN,0,0,0,Total,9905,4276,3341,0,0,8323,1582,"10,05","1 068 842,82","107,91",3467,0,19209
Data,Ocup,Opção,Cheg,Oferta/Uso Interno,Deduz. Individ.,Deduz. Grupos,% Ocup.,Receita Quartos,Preço Médio,Saídas,Quartos FdS,Adul. / Cri.,março,Previsão,05-mar-2027 sex,0,0,0,0,0,0,0,-,-,NaN,0,0,0,0,0,0,0,0,0,0,-,-,NaN,0,0,0,Total mar,0,0,0,0,0,0,0,-,-,NaN,0,0,0,Total,9905,4276,3341,0,0,8323,1582,"10,05","1 068 842,82","107,91",3467,0,19209
Data,Ocup,Opção,Cheg,Oferta/Uso Interno,Deduz. Individ.,Deduz. Grupos,% Ocup.,Receita Quartos,Preço Médio,Saídas,Quartos FdS,Adul. / Cri.,março,Previsão,06-mar-2027 sáb,0,0,0,0,0,0,0,-,-,NaN,0,0,0,0,0,0,0,0,0,0,-,-,NaN,0,0,0,Total mar,0,0,0,0,0,0,0,-,-,NaN,0,0,0,Total,9905,4276,3341,0,0,8323,1582,"10,05","1 068 842,82","107,91",3467,0,19209
Data,Ocup,Opção,Cheg,Oferta/Uso Interno,Deduz. Individ.,Deduz. Grupos,% Ocup.,Receita Quartos,Preço Médio,Saídas,Quartos FdS,Adul. / Cri.,março,Previsão,07-mar-2027 dom,0,0,0,0,0,0,0,-,-,NaN,0,0,0,0,0,0,0,0,0,0,-,-,NaN,0,0,0,Total mar,0,0,0,0,0,0,0,-,-,NaN,0,0,0,Total,9905,4276,3341,0,0,8323,1582,"10,05","1 068 842,82","107,91",3467,0,19209
Data,Ocup,Opção,Cheg,Oferta/Uso Interno,Deduz. Individ.,Deduz. Grupos,% Ocup.,Receita Quartos,Preço Médio,Saídas,Quartos FdS,Adul. / Cri.,março,Previsão,08-mar-2027 seg,0,0,0,0,0,0,0,-,-,NaN,0,0,0,0,0,0,0,0,0,0,-,-,NaN,0,0,0,Total mar,0,0,0,0,0,0,0,-,-,NaN,0,0,0,Total,9905,4276,3341,0,0,8323,1582,"10,05","1 068 842,82","107,91",3467,0,19209
Data,Ocup,Opção,Cheg,Oferta/Uso Interno,Deduz. Individ.,Deduz. Grupos,% Ocup.,Receita Quartos,Preço Médio,Saídas,Quartos FdS,Adul. / Cri.,março,Previsão,09-mar-2027 ter,0,0,0,0,0,0,0,-,-,NaN,0,0,0,0,0,0,0,0,0,0,-,-,NaN,0,0,0,Total mar,0,0,0,0,0,0,0,-,-,NaN,0,0,0,Total,9905,4276,3341,0,0,8323,1582,"10,05","1 068 842,82","107,91",3467,0,19209
Data,Ocup,Opção,Cheg,Oferta/Uso Interno,Deduz. Individ.,Deduz. Grupos,% Ocup.,Receita Quartos,Preço Médio,Saídas,Quartos FdS,Adul. / Cri.,março,Previsão,10-mar-2027 qua,0,0,0,0,0,0,0,-,-,NaN,0,0,0,0,0,0,0,0,0,0,-,-,NaN,0,0,0,Total mar,0,0,0,0,0,0,0,-,-,NaN,0,0,0,Total,9905,4276,3341,0,0,8323,1582,"10,05","1 068 842,82","107,91",3467,0,19209
Data,Ocup,Opção,Cheg,Oferta/Uso Interno,Deduz. Individ.,Deduz. Grupos,% Ocup.,Receita Quartos,Preço Médio,Saídas,Quartos FdS,Adul. / Cri.,março,Previsão,11-mar-2027 qui,0,0,0,0,0,0,0,-,-,NaN,0,0,0,0,0,0,0,0,0,0,-,-,NaN,0,0,0,Total mar,0,0,0,0,0,0,0,-,-,NaN,0,0,0,Total,9905,4276,3341,0,0,8323,1582,"10,05","1 068 842,82","107,91",3467,0,19209
Data,Ocup,Opção,Cheg,Oferta/Uso Interno,Deduz. Individ.,Deduz. Grupos,% Ocup.,Receita Quartos,Preço Médio,Saídas,Quartos FdS,Adul. / Cri.,março,Previsão,12-mar-2027 sex,0,0,0,0,0,0,0,-,-,NaN,0,0,0,0,0,0,0,0,0,0,-,-,NaN,0,0,0,Total mar,0,0,0,0,0,0,0,-,-,NaN,0,0,0,Total,9905,4276,3341,0,0,8323,1582,"10,05","1 068 842,82","107,91",3467,0,19209
Data,Ocup,Opção,Cheg,Oferta/Uso Interno,Deduz. Individ.,Deduz. Grupos,% Ocup.,Receita Quartos,Preço Médio,Saídas,Quartos FdS,Adul. / Cri.,março,Previsão,13-mar-2027 sáb,0,0,0,0,0,0,0,-,-,NaN,0,0,0,0,0,0,0,0,0,0,-,-,NaN,0,0,0,Total mar,0,0,0,0,0,0,0,-,-,NaN,0,0,0,Total,9905,4276,3341,0,0,8323,1582,"10,05","1 068 842,82","107,91",3467,0,19209
Data,Ocup,Opção,Cheg,Oferta/Uso Interno,Deduz. Individ.,Deduz. Grupos,% Ocup.,Receita Quartos,Preço Médio,Saídas,Quartos FdS,Adul. / Cri.,março,Previsão,14-mar-2027 dom,0,0,0,0,0,0,0,-,-,NaN,0,0,0,0,0,0,0,0,0,0,-,-,NaN,0,0,0,Total mar,0,0,0,0,0,0,0,-,-,NaN,0,0,0,Total,9905,4276,3341,0,0,8323,1582,"10,05","1 068 842,82","107,91",3467,0,19209
Data,Ocup,Opção,Cheg,Oferta/Uso Interno,Deduz. Individ.,Deduz. Grupos,% Ocup.,Receita Quartos,Preço Médio,Saídas,Quartos FdS,Adul. / Cri.,março,Previsão,15-mar-2027 seg,0,0,0,0,0,0,0,-,-,NaN,0,0,0,0,0,0,0,0,0,0,-,-,NaN,0,0,0,Total mar,0,0,0,0,0,0,0,-,-,NaN,0,0,0,Total,9905,4276,3341,0,0,8323,1582,"10,05","1 068 842,82","107,91",3467,0,19209
Data,Ocup,Opção,Cheg,Oferta/Uso Interno,Deduz. Individ.,Deduz. Grupos,% Ocup.,Receita Quartos,Preço Médio,Saídas,Quartos FdS,Adul. / Cri.,março,Previsão,16-mar-2027 ter,0,0,0,0,0,0,0,-,-,NaN,0,0,0,0,0,0,0,0,0,0,-,-,NaN,0,0,0,Total mar,0,0,0,0,0,0,0,-,-,NaN,0,0,0,Total,9905,4276,3341,0,0,8323,1582,"10,05","1 068 842,82","107,91",3467,0,19209
Data,Ocup,Opção,Cheg,Oferta/Uso Interno,Deduz. Individ.,Deduz. Grupos,% Ocup.,Receita Quartos,Preço Médio,Saídas,Quartos FdS,Adul. / Cri.,março,Previsão,17-mar-2027 qua,0,0,0,0,0,0,0,-,-,NaN,0,0,0,0,0,0,0,0,0,0,-,-,NaN,0,0,0,Total mar,0,0,0,0,0,0,0,-,-,NaN,0,0,0,Total,9905,4276,3341,0,0,8323,1582,"10,05","1 068 842,82","107,91",3467,0,19209
Data,Ocup,Opção,Cheg,Oferta/Uso Interno,Deduz. Individ.,Deduz. Grupos,% Ocup.,Receita Quartos,Preço Médio,Saídas,Quartos FdS,Adul. / Cri.,março,Previsão,18-mar-2027 qui,0,0,0,0,0,0,0,-,-,NaN,0,0,0,0,0,0,0,0,0,0,-,-,NaN,0,0,0,Total mar,0,0,0,0,0,0,0,-,-,NaN,0,0,0,Total,9905,4276,3341,0,0,8323,1582,"10,05","1 068 842,82","107,91",3467,0,19209
Data,Ocup,Opção,Cheg,Oferta/Uso Interno,Deduz. Individ.,Deduz. Grupos,% Ocup.,Receita Quartos,Preço Médio,Saídas,Quartos FdS,Adul. / Cri.,março,Previsão,19-mar-2027 sex,0,0,0,0,0,0,0,-,-,NaN,0,0,0,0,0,0,0,0,0,0,-,-,NaN,0,0,0,Total mar,0,0,0,0,0,0,0,-,-,NaN,0,0,0,Total,9905,4276,3341,0,0,8323,1582,"10,05","1 068 842,82","107,91",3467,0,19209
Data,Ocup,Opção,Cheg,Oferta/Uso Interno,Deduz. Individ.,Deduz. Grupos,% Ocup.,Receita Quartos,Preço Médio,Saídas,Quartos FdS,Adul. / Cri.,março,Previsão,20-mar-2027 sáb,0,0,0,0,0,0,0,-,-,NaN,0,0,0,0,0,0,0,0,0,0,-,-,NaN,0,0,0,Total mar,0,0,0,0,0,0,0,-,-,NaN,0,0,0,Total,9905,4276,3341,0,0,8323,1582,"10,05","1 068 842,82","107,91",3467,0,19209
Data,Ocup,Opção,Cheg,Oferta/Uso Interno,Deduz. Individ.,Deduz. Grupos,% Ocup.,Receita Quartos,Preço Médio,Saídas,Quartos FdS,Adul. / Cri.,março,Previsão,21-mar-2027 dom,0,0,0,0,0,0,0,-,-,NaN,0,0,0,0,0,0,0,0,0,0,-,-,NaN,0,0,0,Total mar,0,0,0,0,0,0,0,-,-,NaN,0,0,0,Total,9905,4276,3341,0,0,8323,1582,"10,05","1 068 842,82","107,91",3467,0,19209
Data,Ocup,Opção,Cheg,Oferta/Uso Interno,Deduz. Individ.,Deduz. Grupos,% Ocup.,Receita Quartos,Preço Médio,Saídas,Quartos FdS,Adul. / Cri.,março,Previsão,22-mar-2027 seg,0,0,0,0,0,0,0,-,-,NaN,0,0,0,0,0,0,0,0,0,0,-,-,NaN,0,0,0,Total mar,0,0,0,0,0,0,0,-,-,NaN,0,0,0,Total,9905,4276,3341,0,0,8323,1582,"10,05","1 068 842,82","107,91",3467,0,19209
Data,Ocup,Opção,Cheg,Oferta/Uso Interno,Deduz. Individ.,Deduz. Grupos,% Ocup.,Receita Quartos,Preço Médio,Saídas,Quartos FdS,Adul. / Cri.,março,Previsão,23-mar-2027 ter,0,0,0,0,0,0,0,-,-,NaN,0,0,0,0,0,0,0,0,0,0,-,-,NaN,0,0,0,Total mar,0,0,0,0,0,0,0,-,-,NaN,0,0,0,Total,9905,4276,3341,0,0,8323,1582,"10,05","1 068 842,82","107,91",3467,0,19209
Data,Ocup,Opção,Cheg,Oferta/Uso Interno,Deduz. Individ.,Deduz. Grupos,% Ocup.,Receita Quartos,Preço Médio,Saídas,Quartos FdS,Adul. / Cri.,março,Previsão,24-mar-2027 qua,0,0,0,0,0,0,0,-,-,NaN,0,0,0,0,0,0,0,0,0,0,-,-,NaN,0,0,0,Total mar,0,0,0,0,0,0,0,-,-,NaN,0,0,0,Total,9905,4276,3341,0,0,8323,1582,"10,05","1 068 842,82","107,91",3467,0,19209
Data,Ocup,Opção,Cheg,Oferta/Uso Interno,Deduz. Individ.,Deduz. Grupos,% Ocup.,Receita Quartos,Preço Médio,Saídas,Quartos FdS,Adul. / Cri.,março,Previsão,25-mar-2027 qui,0,0,0,0,0,0,0,-,-,NaN,0,0,0,0,0,0,0,0,0,0,-,-,NaN,0,0,0,Total mar,0,0,0,0,0,0,0,-,-,NaN,0,0,0,Total,9905,4276,3341,0,0,8323,1582,"10,05","1 068 842,82","107,91",3467,0,19209
Data,Ocup,Opção,Cheg,Oferta/Uso Interno,Deduz. Individ.,Deduz. Grupos,% Ocup.,Receita Quartos,Preço Médio,Saídas,Quartos FdS,Adul. / Cri.,março,Previsão,26-mar-2027 sex,0,0,0,0,0,0,0,-,-,NaN,0,0,0,0,0,0,0,0,0,0,-,-,NaN,0,0,0,Total mar,0,0,0,0,0,0,0,-,-,NaN,0,0,0,Total,9905,4276,3341,0,0,8323,1582,"10,05","1 068 842,82","107,91",3467,0,19209
Data,Ocup,Opção,Cheg,Oferta/Uso Interno,Deduz. Individ.,Deduz. Grupos,% Ocup.,Receita Quartos,Preço Médio,Saídas,Quartos FdS,Adul. / Cri.,março,Previsão,27-mar-2027 sáb,0,0,0,0,0,0,0,-,-,NaN,0,0,0,0,0,0,0,0,0,0,-,-,NaN,0,0,0,Total mar,0,0,0,0,0,0,0,-,-,NaN,0,0,0,Total,9905,4276,3341,0,0,8323,1582,"10,05","1 068 842,82","107,91",3467,0,19209
Data,Ocup,Opção,Cheg,Oferta/Uso Interno,Deduz. Individ.,Deduz. Grupos,% Ocup.,Receita Quartos,Preço Médio,Saídas,Quartos FdS,Adul. / Cri.,março,Previsão,28-mar-2027 dom,0,0,0,0,0,0,0,-,-,NaN,0,0,0,0,0,0,0,0,0,0,-,-,NaN,0,0,0,Total mar,0,0,0,0,0,0,0,-,-,NaN,0,0,0,Total,9905,4276,3341,0,0,8323,1582,"10,05","1 068 842,82","107,91",3467,0,19209
Data,Ocup,Opção,Cheg,Oferta/Uso Interno,Deduz. Individ.,Deduz. Grupos,% Ocup.,Receita Quartos,Preço Médio,Saídas,Quartos FdS,Adul. / Cri.,março,Previsão,29-mar-2027 seg,0,0,0,0,0,0,0,-,-,NaN,0,0,0,0,0,0,0,0,0,0,-,-,NaN,0,0,0,Total mar,0,0,0,0,0,0,0,-,-,NaN,0,0,0,Total,9905,4276,3341,0,0,8323,1582,"10,05","1 068 842,82","107,91",3467,0,19209
Data,Ocup,Opção,Cheg,Oferta/Uso Interno,Deduz. Individ.,Deduz. Grupos,% Ocup.,Receita Quartos,Preço Médio,Saídas,Quartos FdS,Adul. / Cri.,março,Previsão,30-mar-2027 ter,0,0,0,0,0,0,0,-,-,NaN,0,0,0,0,0,0,0,0,0,0,-,-,NaN,0,0,0,Total mar,0,0,0,0,0,0,0,-,-,NaN,0,0,0,Total,9905,4276,3341,0,0,8323,1582,"10,05","1 068 842,82","107,91",3467,0,19209
Data,Ocup,Opção,Cheg,Oferta/Uso Interno,Deduz. Individ.,Deduz. Grupos,% Ocup.,Receita Quartos,Preço Médio,Saídas,Quartos FdS,Adul. / Cri.,março,Previsão,31-mar-2027 qua,0,0,0,0,0,0,0,-,-,NaN,0,0,0,0,0,0,0,0,0,0,-,-,NaN,0,0,0,Total mar,0,0,0,0,0,0,0,-,-,NaN,0,0,0,Total,9905,4276,3341,0,0,8323,1582,"10,05","1 068 842,82","107,91",3467,0,19209
Data,Ocup,Opção,Cheg,Oferta/Uso Interno,Deduz. Individ.,Deduz. Grupos,% Ocup.,Receita Quartos,Preço Médio,Saídas,Quartos FdS,Adul. / Cri.,abril,Previsão,01-abr-2027 qui,0,0,0,0,0,0,0,-,-,NaN,0,0,0,0,0,0,0,0,0,0,-,-,NaN,0,0,0,Total abr,0,0,0,0,0,0,0,-,-,NaN,0,0,0,Total,9905,4276,3341,0,0,8323,1582,"10,05","1 068 842,82","107,91",3467,0,19209
Data,Ocup,Opção,Cheg,Oferta/Uso Interno,Deduz. Individ.,Deduz. Grupos,% Ocup.,Receita Quartos,Preço Médio,Saídas,Quartos FdS,Adul. / Cri.,abril,Previsão,02-abr-2027 sex,0,0,0,0,0,0,0,-,-,NaN,0,0,0,0,0,0,0,0,0,0,-,-,NaN,0,0,0,Total abr,0,0,0,0,0,0,0,-,-,NaN,0,0,0,Total,9905,4276,3341,0,0,8323,1582,"10,05","1 068 842,82","107,91",3467,0,19209
Data,Ocup,Opção,Cheg,Oferta/Uso Interno,Deduz. Individ.,Deduz. Grupos,% Ocup.,Receita Quartos,Preço Médio,Saídas,Quartos FdS,Adul. / Cri.,abril,Previsão,03-abr-2027 sáb,0,0,0,0,0,0,0,-,-,NaN,0,0,0,0,0,0,0,0,0,0,-,-,NaN,0,0,0,Total abr,0,0,0,0,0,0,0,-,-,NaN,0,0,0,Total,9905,4276,3341,0,0,8323,1582,"10,05","1 068 842,82","107,91",3467,0,19209
Data,Ocup,Opção,Cheg,Oferta/Uso Interno,Deduz. Individ.,Deduz. Grupos,% Ocup.,Receita Quartos,Preço Médio,Saídas,Quartos FdS,Adul. / Cri.,abril,Previsão,04-abr-2027 dom,0,0,0,0,0,0,0,-,-,NaN,0,0,0,0,0,0,0,0,0,0,-,-,NaN,0,0,0,Total abr,0,0,0,0,0,0,0,-,-,NaN,0,0,0,Total,9905,4276,3341,0,0,8323,1582,"10,05","1 068 842,82","107,91",3467,0,19209
Data,Ocup,Opção,Cheg,Oferta/Uso Interno,Deduz. Individ.,Deduz. Grupos,% Ocup.,Receita Quartos,Preço Médio,Saídas,Quartos FdS,Adul. / Cri.,abril,Previsão,05-abr-2027 seg,0,0,0,0,0,0,0,-,-,NaN,0,0,0,0,0,0,0,0,0,0,-,-,NaN,0,0,0,Total abr,0,0,0,0,0,0,0,-,-,NaN,0,0,0,Total,9905,4276,3341,0,0,8323,1582,"10,05","1 068 842,82","107,91",3467,0,19209
Data,Ocup,Opção,Cheg,Oferta/Uso Interno,Deduz. Individ.,Deduz. Grupos,% Ocup.,Receita Quartos,Preço Médio,Saídas,Quartos FdS,Adul. / Cri.,abril,Previsão,06-abr-2027 ter,0,0,0,0,0,0,0,-,-,NaN,0,0,0,0,0,0,0,0,0,0,-,-,NaN,0,0,0,Total abr,0,0,0,0,0,0,0,-,-,NaN,0,0,0,Total,9905,4276,3341,0,0,8323,1582,"10,05","1 068 842,82","107,91",3467,0,19209
Data,Ocup,Opção,Cheg,Oferta/Uso Interno,Deduz. Individ.,Deduz. Grupos,% Ocup.,Receita Quartos,Preço Médio,Saídas,Quartos FdS,Adul. / Cri.,abril,Previsão,07-abr-2027 qua,0,0,0,0,0,0,0,-,-,NaN,0,0,0,0,0,0,0,0,0,0,-,-,NaN,0,0,0,Total abr,0,0,0,0,0,0,0,-,-,NaN,0,0,0,Total,9905,4276,3341,0,0,8323,1582,"10,05","1 068 842,82","107,91",3467,0,19209
Data,Ocup,Opção,Cheg,Oferta/Uso Interno,Deduz. Individ.,Deduz. Grupos,% Ocup.,Receita Quartos,Preço Médio,Saídas,Quartos FdS,Adul. / Cri.,abril,Previsão,08-abr-2027 qui,0,0,0,0,0,0,0,-,-,NaN,0,0,0,0,0,0,0,0,0,0,-,-,NaN,0,0,0,Total abr,0,0,0,0,0,0,0,-,-,NaN,0,0,0,Total,9905,4276,3341,0,0,8323,1582,"10,05","1 068 842,82","107,91",3467,0,19209
Data,Ocup,Opção,Cheg,Oferta/Uso Interno,Deduz. Individ.,Deduz. Grupos,% Ocup.,Receita Quartos,Preço Médio,Saídas,Quartos FdS,Adul. / Cri.,abril,Previsão,09-abr-2027 sex,0,0,0,0,0,0,0,-,-,NaN,0,0,0,0,0,0,0,0,0,0,-,-,NaN,0,0,0,Total abr,0,0,0,0,0,0,0,-,-,NaN,0,0,0,Total,9905,4276,3341,0,0,8323,1582,"10,05","1 068 842,82","107,91",3467,0,19209
Data,Ocup,Opção,Cheg,Oferta/Uso Interno,Deduz. Individ.,Deduz. Grupos,% Ocup.,Receita Quartos,Preço Médio,Saídas,Quartos FdS,Adul. / Cri.,abril,Previsão,10-abr-2027 sáb,0,0,0,0,0,0,0,-,-,NaN,0,0,0,0,0,0,0,0,0,0,-,-,NaN,0,0,0,Total abr,0,0,0,0,0,0,0,-,-,NaN,0,0,0,Total,9905,4276,3341,0,0,8323,1582,"10,05","1 068 842,82","107,91",3467,0,19209
Data,Ocup,Opção,Cheg,Oferta/Uso Interno,Deduz. Individ.,Deduz. Grupos,% Ocup.,Receita Quartos,Preço Médio,Saídas,Quartos FdS,Adul. / Cri.,abril,Previsão,11-abr-2027 dom,0,0,0,0,0,0,0,-,-,NaN,0,0,0,0,0,0,0,0,0,0,-,-,NaN,0,0,0,Total abr,0,0,0,0,0,0,0,-,-,NaN,0,0,0,Total,9905,4276,3341,0,0,8323,1582,"10,05","1 068 842,82","107,91",3467,0,19209
Data,Ocup,Opção,Cheg,Oferta/Uso Interno,Deduz. Individ.,Deduz. Grupos,% Ocup.,Receita Quartos,Preço Médio,Saídas,Quartos FdS,Adul. / Cri.,abril,Previsão,12-abr-2027 seg,0,0,0,0,0,0,0,-,-,NaN,0,0,0,0,0,0,0,0,0,0,-,-,NaN,0,0,0,Total abr,0,0,0,0,0,0,0,-,-,NaN,0,0,0,Total,9905,4276,3341,0,0,8323,1582,"10,05","1 068 842,82","107,91",3467,0,19209
Data,Ocup,Opção,Cheg,Oferta/Uso Interno,Deduz. Individ.,Deduz. Grupos,% Ocup.,Receita Quartos,Preço Médio,Saídas,Quartos FdS,Adul. / Cri.,abril,Previsão,13-abr-2027 ter,0,0,0,0,0,0,0,-,-,NaN,0,0,0,0,0,0,0,0,0,0,-,-,NaN,0,0,0,Total abr,0,0,0,0,0,0,0,-,-,NaN,0,0,0,Total,9905,4276,3341,0,0,8323,1582,"10,05","1 068 842,82","107,91",3467,0,19209
Data,Ocup,Opção,Cheg,Oferta/Uso Interno,Deduz. Individ.,Deduz. Grupos,% Ocup.,Receita Quartos,Preço Médio,Saídas,Quartos FdS,Adul. / Cri.,abril,Previsão,14-abr-2027 qua,0,0,0,0,0,0,0,-,-,NaN,0,0,0,0,0,0,0,0,0,0,-,-,NaN,0,0,0,Total abr,0,0,0,0,0,0,0,-,-,NaN,0,0,0,Total,9905,4276,3341,0,0,8323,1582,"10,05","1 068 842,82","107,91",3467,0,19209
Data,Ocup,Opção,Cheg,Oferta/Uso Interno,Deduz. Individ.,Deduz. Grupos,% Ocup.,Receita Quartos,Preço Médio,Saídas,Quartos FdS,Adul. / Cri.,abril,Previsão,15-abr-2027 qui,0,0,0,0,0,0,0,-,-,NaN,0,0,0,0,0,0,0,0,0,0,-,-,NaN,0,0,0,Total abr,0,0,0,0,0,0,0,-,-,NaN,0,0,0,Total,9905,4276,3341,0,0,8323,1582,"10,05","1 068 842,82","107,91",3467,0,19209
Data,Ocup,Opção,Cheg,Oferta/Uso Interno,Deduz. Individ.,Deduz. Grupos,% Ocup.,Receita Quartos,Preço Médio,Saídas,Quartos FdS,Adul. / Cri.,abril,Previsão,16-abr-2027 sex,0,0,0,0,0,0,0,-,-,NaN,0,0,0,0,0,0,0,0,0,0,-,-,NaN,0,0,0,Total abr,0,0,0,0,0,0,0,-,-,NaN,0,0,0,Total,9905,4276,3341,0,0,8323,1582,"10,05","1 068 842,82","107,91",3467,0,19209
Data,Ocup,Opção,Cheg,Oferta/Uso Interno,Deduz. Individ.,Deduz. Grupos,% Ocup.,Receita Quartos,Preço Médio,Saídas,Quartos FdS,Adul. / Cri.,abril,Previsão,17-abr-2027 sáb,0,0,0,0,0,0,0,-,-,NaN,0,0,0,0,0,0,0,0,0,0,-,-,NaN,0,0,0,Total abr,0,0,0,0,0,0,0,-,-,NaN,0,0,0,Total,9905,4276,3341,0,0,8323,1582,"10,05","1 068 842,82","107,91",3467,0,19209
Data,Ocup,Opção,Cheg,Oferta/Uso Interno,Deduz. Individ.,Deduz. Grupos,% Ocup.,Receita Quartos,Preço Médio,Saídas,Quartos FdS,Adul. / Cri.,abril,Previsão,18-abr-2027 dom,0,0,0,0,0,0,0,-,-,NaN,0,0,0,0,0,0,0,0,0,0,-,-,NaN,0,0,0,Total abr,0,0,0,0,0,0,0,-,-,NaN,0,0,0,Total,9905,4276,3341,0,0,8323,1582,"10,05","1 068 842,82","107,91",3467,0,19209
Data,Ocup,Opção,Cheg,Oferta/Uso Interno,Deduz. Individ.,Deduz. Grupos,% Ocup.,Receita Quartos,Preço Médio,Saídas,Quartos FdS,Adul. / Cri.,abril,Previsão,19-abr-2027 seg,0,0,0,0,0,0,0,-,-,NaN,0,0,0,0,0,0,0,0,0,0,-,-,NaN,0,0,0,Total abr,0,0,0,0,0,0,0,-,-,NaN,0,0,0,Total,9905,4276,3341,0,0,8323,1582,"10,05","1 068 842,82","107,91",3467,0,19209
Data,Ocup,Opção,Cheg,Oferta/Uso Interno,Deduz. Individ.,Deduz. Grupos,% Ocup.,Receita Quartos,Preço Médio,Saídas,Quartos FdS,Adul. / Cri.,abril,Previsão,20-abr-2027 ter,0,0,0,0,0,0,0,-,-,NaN,0,0,0,0,0,0,0,0,0,0,-,-,NaN,0,0,0,Total abr,0,0,0,0,0,0,0,-,-,NaN,0,0,0,Total,9905,4276,3341,0,0,8323,1582,"10,05","1 068 842,82","107,91",3467,0,19209
Data,Ocup,Opção,Cheg,Oferta/Uso Interno,Deduz. Individ.,Deduz. Grupos,% Ocup.,Receita Quartos,Preço Médio,Saídas,Quartos FdS,Adul. / Cri.,abril,Previsão,21-abr-2027 qua,0,0,0,0,0,0,0,-,-,NaN,0,0,0,0,0,0,0,0,0,0,-,-,NaN,0,0,0,Total abr,0,0,0,0,0,0,0,-,-,NaN,0,0,0,Total,9905,4276,3341,0,0,8323,1582,"10,05","1 068 842,82","107,91",3467,0,19209
Data,Ocup,Opção,Cheg,Oferta/Uso Interno,Deduz. Individ.,Deduz. Grupos,% Ocup.,Receita Quartos,Preço Médio,Saídas,Quartos FdS,Adul. / Cri.,abril,Previsão,22-abr-2027 qui,0,0,0,0,0,0,0,-,-,NaN,0,0,0,0,0,0,0,0,0,0,-,-,NaN,0,0,0,Total abr,0,0,0,0,0,0,0,-,-,NaN,0,0,0,Total,9905,4276,3341,0,0,8323,1582,"10,05","1 068 842,82","107,91",3467,0,19209
Data,Ocup,Opção,Cheg,Oferta/Uso Interno,Deduz. Individ.,Deduz. Grupos,% Ocup.,Receita Quartos,Preço Médio,Saídas,Quartos FdS,Adul. / Cri.,abril,Previsão,23-abr-2027 sex,0,0,0,0,0,0,0,-,-,NaN,0,0,0,0,0,0,0,0,0,0,-,-,NaN,0,0,0,Total abr,0,0,0,0,0,0,0,-,-,NaN,0,0,0,Total,9905,4276,3341,0,0,8323,1582,"10,05","1 068 842,82","107,91",3467,0,19209
Data,Ocup,Opção,Cheg,Oferta/Uso Interno,Deduz. Individ.,Deduz. Grupos,% Ocup.,Receita Quartos,Preço Médio,Saídas,Quartos FdS,Adul. / Cri.,abril,Previsão,24-abr-2027 sáb,0,0,0,0,0,0,0,-,-,NaN,0,0,0,0,0,0,0,0,0,0,-,-,NaN,0,0,0,Total abr,0,0,0,0,0,0,0,-,-,NaN,0,0,0,Total,9905,4276,3341,0,0,8323,1582,"10,05","1 068 842,82","107,91",3467,0,19209
Data,Ocup,Opção,Cheg,Oferta/Uso Interno,Deduz. Individ.,Deduz. Grupos,% Ocup.,Receita Quartos,Preço Médio,Saídas,Quartos FdS,Adul. / Cri.,abril,Previsão,25-abr-2027 dom,0,0,0,0,0,0,0,-,-,NaN,0,0,0,0,0,0,0,0,0,0,-,-,NaN,0,0,0,Total abr,0,0,0,0,0,0,0,-,-,NaN,0,0,0,Total,9905,4276,3341,0,0,8323,1582,"10,05","1 068 842,82","107,91",3467,0,19209
Data,Ocup,Opção,Cheg,Oferta/Uso Interno,Deduz. Individ.,Deduz. Grupos,% Ocup.,Receita Quartos,Preço Médio,Saídas,Quartos FdS,Adul. / Cri.,abril,Previsão,26-abr-2027 seg,0,0,0,0,0,0,0,-,-,NaN,0,0,0,0,0,0,0,0,0,0,-,-,NaN,0,0,0,Total abr,0,0,0,0,0,0,0,-,-,NaN,0,0,0,Total,9905,4276,3341,0,0,8323,1582,"10,05","1 068 842,82","107,91",3467,0,19209
Data,Ocup,Opção,Cheg,Oferta/Uso Interno,Deduz. Individ.,Deduz. Grupos,% Ocup.,Receita Quartos,Preço Médio,Saídas,Quartos FdS,Adul. / Cri.,abril,Previsão,27-abr-2027 ter,0,0,0,0,0,0,0,-,-,NaN,0,0,0,0,0,0,0,0,0,0,-,-,NaN,0,0,0,Total abr,0,0,0,0,0,0,0,-,-,NaN,0,0,0,Total,9905,4276,3341,0,0,8323,1582,"10,05","1 068 842,82","107,91",3467,0,19209
Data,Ocup,Opção,Cheg,Oferta/Uso Interno,Deduz. Individ.,Deduz. Grupos,% Ocup.,Receita Quartos,Preço Médio,Saídas,Quartos FdS,Adul. / Cri.,abril,Previsão,28-abr-2027 qua,0,0,0,0,0,0,0,-,-,NaN,0,0,0,0,0,0,0,0,0,0,-,-,NaN,0,0,0,Total abr,0,0,0,0,0,0,0,-,-,NaN,0,0,0,Total,9905,4276,3341,0,0,8323,1582,"10,05","1 068 842,82","107,91",3467,0,19209
Data,Ocup,Opção,Cheg,Oferta/Uso Interno,Deduz. Individ.,Deduz. Grupos,% Ocup.,Receita Quartos,Preço Médio,Saídas,Quartos FdS,Adul. / Cri.,abril,Previsão,29-abr-2027 qui,0,0,0,0,0,0,0,-,-,NaN,0,0,0,0,0,0,0,0,0,0,-,-,NaN,0,0,0,Total abr,0,0,0,0,0,0,0,-,-,NaN,0,0,0,Total,9905,4276,3341,0,0,8323,1582,"10,05","1 068 842,82","107,91",3467,0,19209
Data,Ocup,Opção,Cheg,Oferta/Uso Interno,Deduz. Individ.,Deduz. Grupos,% Ocup.,Receita Quartos,Preço Médio,Saídas,Quartos FdS,Adul. / Cri.,abril,Previsão,30-abr-2027 sex,0,0,0,0,0,0,0,-,-,NaN,0,0,0,0,0,0,0,0,0,0,-,-,NaN,0,0,0,Total abr,0,0,0,0,0,0,0,-,-,NaN,0,0,0,Total,9905,4276,3341,0,0,8323,1582,"10,05","1 068 842,82","107,91",3467,0,19209
Data,Ocup,Opção,Cheg,Oferta/Uso Interno,Deduz. Individ.,Deduz. Grupos,% Ocup.,Receita Quartos,Preço Médio,Saídas,Quartos FdS,Adul. / Cri.,maio,Previsão,01-mai-2027 sáb,0,0,0,0,0,0,0,-,-,NaN,0,0,0,0,0,0,0,0,0,0,-,-,NaN,0,0,0,Total mai,0,0,0,0,0,0,0,-,-,NaN,0,0,0,Total,9905,4276,3341,0,0,8323,1582,"10,05","1 068 842,82","107,91",3467,0,19209
Data,Ocup,Opção,Cheg,Oferta/Uso Interno,Deduz. Individ.,Deduz. Grupos,% Ocup.,Receita Quartos,Preço Médio,Saídas,Quartos FdS,Adul. / Cri.,maio,Previsão,02-mai-2027 dom,0,0,0,0,0,0,0,-,-,NaN,0,0,0,0,0,0,0,0,0,0,-,-,NaN,0,0,0,Total mai,0,0,0,0,0,0,0,-,-,NaN,0,0,0,Total,9905,4276,3341,0,0,8323,1582,"10,05","1 068 842,82","107,91",3467,0,19209
Data,Ocup,Opção,Cheg,Oferta/Uso Interno,Deduz. Individ.,Deduz. Grupos,% Ocup.,Receita Quartos,Preço Médio,Saídas,Quartos FdS,Adul. / Cri.,maio,Previsão,03-mai-2027 seg,0,0,0,0,0,0,0,-,-,NaN,0,0,0,0,0,0,0,0,0,0,-,-,NaN,0,0,0,Total mai,0,0,0,0,0,0,0,-,-,NaN,0,0,0,Total,9905,4276,3341,0,0,8323,1582,"10,05","1 068 842,82","107,91",3467,0,19209
Data,Ocup,Opção,Cheg,Oferta/Uso Interno,Deduz. Individ.,Deduz. Grupos,% Ocup.,Receita Quartos,Preço Médio,Saídas,Quartos FdS,Adul. / Cri.,maio,Previsão,04-mai-2027 ter,0,0,0,0,0,0,0,-,-,NaN,0,0,0,0,0,0,0,0,0,0,-,-,NaN,0,0,0,Total mai,0,0,0,0,0,0,0,-,-,NaN,0,0,0,Total,9905,4276,3341,0,0,8323,1582,"10,05","1 068 842,82","107,91",3467,0,19209
Data,Ocup,Opção,Cheg,Oferta/Uso Interno,Deduz. Individ.,Deduz. Grupos,% Ocup.,Receita Quartos,Preço Médio,Saídas,Quartos FdS,Adul. / Cri.,maio,Previsão,05-mai-2027 qua,0,0,0,0,0,0,0,-,-,NaN,0,0,0,0,0,0,0,0,0,0,-,-,NaN,0,0,0,Total mai,0,0,0,0,0,0,0,-,-,NaN,0,0,0,Total,9905,4276,3341,0,0,8323,1582,"10,05","1 068 842,82","107,91",3467,0,19209
Data,Ocup,Opção,Cheg,Oferta/Uso Interno,Deduz. Individ.,Deduz. Grupos,% Ocup.,Receita Quartos,Preço Médio,Saídas,Quartos FdS,Adul. / Cri.,maio,Previsão,06-mai-2027 qui,0,0,0,0,0,0,0,-,-,NaN,0,0,0,0,0,0,0,0,0,0,-,-,NaN,0,0,0,Total mai,0,0,0,0,0,0,0,-,-,NaN,0,0,0,Total,9905,4276,3341,0,0,8323,1582,"10,05","1 068 842,82","107,91",3467,0,19209
Data,Ocup,Opção,Cheg,Oferta/Uso Interno,Deduz. Individ.,Deduz. Grupos,% Ocup.,Receita Quartos,Preço Médio,Saídas,Quartos FdS,Adul. / Cri.,maio,Previsão,07-mai-2027 sex,0,0,0,0,0,0,0,-,-,NaN,0,0,0,0,0,0,0,0,0,0,-,-,NaN,0,0,0,Total mai,0,0,0,0,0,0,0,-,-,NaN,0,0,0,Total,9905,4276,3341,0,0,8323,1582,"10,05","1 068 842,82","107,91",3467,0,19209
Data,Ocup,Opção,Cheg,Oferta/Uso Interno,Deduz. Individ.,Deduz. Grupos,% Ocup.,Receita Quartos,Preço Médio,Saídas,Quartos FdS,Adul. / Cri.,maio,Previsão,08-mai-2027 sáb,0,0,0,0,0,0,0,-,-,NaN,0,0,0,0,0,0,0,0,0,0,-,-,NaN,0,0,0,Total mai,0,0,0,0,0,0,0,-,-,NaN,0,0,0,Total,9905,4276,3341,0,0,8323,1582,"10,05","1 068 842,82","107,91",3467,0,19209
Data,Ocup,Opção,Cheg,Oferta/Uso Interno,Deduz. Individ.,Deduz. Grupos,% Ocup.,Receita Quartos,Preço Médio,Saídas,Quartos FdS,Adul. / Cri.,maio,Previsão,09-mai-2027 dom,0,0,0,0,0,0,0,-,-,NaN,0,0,0,0,0,0,0,0,0,0,-,-,NaN,0,0,0,Total mai,0,0,0,0,0,0,0,-,-,NaN,0,0,0,Total,9905,4276,3341,0,0,8323,1582,"10,05","1 068 842,82","107,91",3467,0,19209
Data,Ocup,Opção,Cheg,Oferta/Uso Interno,Deduz. Individ.,Deduz. Grupos,% Ocup.,Receita Quartos,Preço Médio,Saídas,Quartos FdS,Adul. / Cri.,maio,Previsão,10-mai-2027 seg,0,0,0,0,0,0,0,-,-,NaN,0,0,0,0,0,0,0,0,0,0,-,-,NaN,0,0,0,Total mai,0,0,0,0,0,0,0,-,-,NaN,0,0,0,Total,9905,4276,3341,0,0,8323,1582,"10,05","1 068 842,82","107,91",3467,0,19209
Data,Ocup,Opção,Cheg,Oferta/Uso Interno,Deduz. Individ.,Deduz. Grupos,% Ocup.,Receita Quartos,Preço Médio,Saídas,Quartos FdS,Adul. / Cri.,maio,Previsão,11-mai-2027 ter,0,0,0,0,0,0,0,-,-,NaN,0,0,0,0,0,0,0,0,0,0,-,-,NaN,0,0,0,Total mai,0,0,0,0,0,0,0,-,-,NaN,0,0,0,Total,9905,4276,3341,0,0,8323,1582,"10,05","1 068 842,82","107,91",3467,0,19209
Data,Ocup,Opção,Cheg,Oferta/Uso Interno,Deduz. Individ.,Deduz. Grupos,% Ocup.,Receita Quartos,Preço Médio,Saídas,Quartos FdS,Adul. / Cri.,maio,Previsão,12-mai-2027 qua,0,0,0,0,0,0,0,-,-,NaN,0,0,0,0,0,0,0,0,0,0,-,-,NaN,0,0,0,Total mai,0,0,0,0,0,0,0,-,-,NaN,0,0,0,Total,9905,4276,3341,0,0,8323,1582,"10,05","1 068 842,82","107,91",3467,0,19209
Data,Ocup,Opção,Cheg,Oferta/Uso Interno,Deduz. Individ.,Deduz. Grupos,% Ocup.,Receita Quartos,Preço Médio,Saídas,Quartos FdS,Adul. / Cri.,maio,Previsão,13-mai-2027 qui,0,0,0,0,0,0,0,-,-,NaN,0,0,0,0,0,0,0,0,0,0,-,-,NaN,0,0,0,Total mai,0,0,0,0,0,0,0,-,-,NaN,0,0,0,Total,9905,4276,3341,0,0,8323,1582,"10,05","1 068 842,82","107,91",3467,0,19209
Data,Ocup,Opção,Cheg,Oferta/Uso Interno,Deduz. Individ.,Deduz. Grupos,% Ocup.,Receita Quartos,Preço Médio,Saídas,Quartos FdS,Adul. / Cri.,maio,Previsão,14-mai-2027 sex,0,0,0,0,0,0,0,-,-,NaN,0,0,0,0,0,0,0,0,0,0,-,-,NaN,0,0,0,Total mai,0,0,0,0,0,0,0,-,-,NaN,0,0,0,Total,9905,4276,3341,0,0,8323,1582,"10,05","1 068 842,82","107,91",3467,0,19209
Data,Ocup,Opção,Cheg,Oferta/Uso Interno,Deduz. Individ.,Deduz. Grupos,% Ocup.,Receita Quartos,Preço Médio,Saídas,Quartos FdS,Adul. / Cri.,maio,Previsão,15-mai-2027 sáb,0,0,0,0,0,0,0,-,-,NaN,0,0,0,0,0,0,0,0,0,0,-,-,NaN,0,0,0,Total mai,0,0,0,0,0,0,0,-,-,NaN,0,0,0,Total,9905,4276,3341,0,0,8323,1582,"10,05","1 068 842,82","107,91",3467,0,19209
Data,Ocup,Opção,Cheg,Oferta/Uso Interno,Deduz. Individ.,Deduz. Grupos,% Ocup.,Receita Quartos,Preço Médio,Saídas,Quartos FdS,Adul. / Cri.,maio,Previsão,16-mai-2027 dom,0,0,0,0,0,0,0,-,-,NaN,0,0,0,0,0,0,0,0,0,0,-,-,NaN,0,0,0,Total mai,0,0,0,0,0,0,0,-,-,NaN,0,0,0,Total,9905,4276,3341,0,0,8323,1582,"10,05","1 068 842,82","107,91",3467,0,19209
Data,Ocup,Opção,Cheg,Oferta/Uso Interno,Deduz. Individ.,Deduz. Grupos,% Ocup.,Receita Quartos,Preço Médio,Saídas,Quartos FdS,Adul. / Cri.,maio,Previsão,17-mai-2027 seg,0,0,0,0,0,0,0,-,-,NaN,0,0,0,0,0,0,0,0,0,0,-,-,NaN,0,0,0,Total mai,0,0,0,0,0,0,0,-,-,NaN,0,0,0,Total,9905,4276,3341,0,0,8323,1582,"10,05","1 068 842,82","107,91",3467,0,19209
Data,Ocup,Opção,Cheg,Oferta/Uso Interno,Deduz. Individ.,Deduz. Grupos,% Ocup.,Receita Quartos,Preço Médio,Saídas,Quartos FdS,Adul. / Cri.,maio,Previsão,18-mai-2027 ter,0,0,0,0,0,0,0,-,-,NaN,0,0,0,0,0,0,0,0,0,0,-,-,NaN,0,0,0,Total mai,0,0,0,0,0,0,0,-,-,NaN,0,0,0,Total,9905,4276,3341,0,0,8323,1582,"10,05","1 068 842,82","107,91",3467,0,19209
Data,Ocup,Opção,Cheg,Oferta/Uso Interno,Deduz. Individ.,Deduz. Grupos,% Ocup.,Receita Quartos,Preço Médio,Saídas,Quartos FdS,Adul. / Cri.,maio,Previsão,19-mai-2027 qua,0,0,0,0,0,0,0,-,-,NaN,0,0,0,0,0,0,0,0,0,0,-,-,NaN,0,0,0,Total mai,0,0,0,0,0,0,0,-,-,NaN,0,0,0,Total,9905,4276,3341,0,0,8323,1582,"10,05","1 068 842,82","107,91",3467,0,19209
Data,Ocup,Opção,Cheg,Oferta/Uso Interno,Deduz. Individ.,Deduz. Grupos,% Ocup.,Receita Quartos,Preço Médio,Saídas,Quartos FdS,Adul. / Cri.,maio,Previsão,20-mai-2027 qui,0,0,0,0,0,0,0,-,-,NaN,0,0,0,0,0,0,0,0,0,0,-,-,NaN,0,0,0,Total mai,0,0,0,0,0,0,0,-,-,NaN,0,0,0,Total,9905,4276,3341,0,0,8323,1582,"10,05","1 068 842,82","107,91",3467,0,19209
Data,Ocup,Opção,Cheg,Oferta/Uso Interno,Deduz. Individ.,Deduz. Grupos,% Ocup.,Receita Quartos,Preço Médio,Saídas,Quartos FdS,Adul. / Cri.,maio,Previsão,21-mai-2027 sex,0,0,0,0,0,0,0,-,-,NaN,0,0,0,0,0,0,0,0,0,0,-,-,NaN,0,0,0,Total mai,0,0,0,0,0,0,0,-,-,NaN,0,0,0,Total,9905,4276,3341,0,0,8323,1582,"10,05","1 068 842,82","107,91",3467,0,19209
Data,Ocup,Opção,Cheg,Oferta/Uso Interno,Deduz. Individ.,Deduz. Grupos,% Ocup.,Receita Quartos,Preço Médio,Saídas,Quartos FdS,Adul. / Cri.,maio,Previsão,22-mai-2027 sáb,0,0,0,0,0,0,0,-,-,NaN,0,0,0,0,0,0,0,0,0,0,-,-,NaN,0,0,0,Total mai,0,0,0,0,0,0,0,-,-,NaN,0,0,0,Total,9905,4276,3341,0,0,8323,1582,"10,05","1 068 842,82","107,91",3467,0,19209
Data,Ocup,Opção,Cheg,Oferta/Uso Interno,Deduz. Individ.,Deduz. Grupos,% Ocup.,Receita Quartos,Preço Médio,Saídas,Quartos FdS,Adul. / Cri.,maio,Previsão,23-mai-2027 dom,0,0,0,0,0,0,0,-,-,NaN,0,0,0,0,0,0,0,0,0,0,-,-,NaN,0,0,0,Total mai,0,0,0,0,0,0,0,-,-,NaN,0,0,0,Total,9905,4276,3341,0,0,8323,1582,"10,05","1 068 842,82","107,91",3467,0,19209
Data,Ocup,Opção,Cheg,Oferta/Uso Interno,Deduz. Individ.,Deduz. Grupos,% Ocup.,Receita Quartos,Preço Médio,Saídas,Quartos FdS,Adul. / Cri.,maio,Previsão,24-mai-2027 seg,0,0,0,0,0,0,0,-,-,NaN,0,0,0,0,0,0,0,0,0,0,-,-,NaN,0,0,0,Total mai,0,0,0,0,0,0,0,-,-,NaN,0,0,0,Total,9905,4276,3341,0,0,8323,1582,"10,05","1 068 842,82","107,91",3467,0,19209
Data,Ocup,Opção,Cheg,Oferta/Uso Interno,Deduz. Individ.,Deduz. Grupos,% Ocup.,Receita Quartos,Preço Médio,Saídas,Quartos FdS,Adul. / Cri.,maio,Previsão,25-mai-2027 ter,0,0,0,0,0,0,0,-,-,NaN,0,0,0,0,0,0,0,0,0,0,-,-,NaN,0,0,0,Total mai,0,0,0,0,0,0,0,-,-,NaN,0,0,0,Total,9905,4276,3341,0,0,8323,1582,"10,05","1 068 842,82","107,91",3467,0,19209
Data,Ocup,Opção,Cheg,Oferta/Uso Interno,Deduz. Individ.,Deduz. Grupos,% Ocup.,Receita Quartos,Preço Médio,Saídas,Quartos FdS,Adul. / Cri.,maio,Previsão,26-mai-2027 qua,0,0,0,0,0,0,0,-,-,NaN,0,0,0,0,0,0,0,0,0,0,-,-,NaN,0,0,0,Total mai,0,0,0,0,0,0,0,-,-,NaN,0,0,0,Total,9905,4276,3341,0,0,8323,1582,"10,05","1 068 842,82","107,91",3467,0,19209
Data,Ocup,Opção,Cheg,Oferta/Uso Interno,Deduz. Individ.,Deduz. Grupos,% Ocup.,Receita Quartos,Preço Médio,Saídas,Quartos FdS,Adul. / Cri.,maio,Previsão,27-mai-2027 qui,0,0,0,0,0,0,0,-,-,NaN,0,0,0,0,0,0,0,0,0,0,-,-,NaN,0,0,0,Total mai,0,0,0,0,0,0,0,-,-,NaN,0,0,0,Total,9905,4276,3341,0,0,8323,1582,"10,05","1 068 842,82","107,91",3467,0,19209
Data,Ocup,Opção,Cheg,Oferta/Uso Interno,Deduz. Individ.,Deduz. Grupos,% Ocup.,Receita Quartos,Preço Médio,Saídas,Quartos FdS,Adul. / Cri.,maio,Previsão,28-mai-2027 sex,0,0,0,0,0,0,0,-,-,NaN,0,0,0,0,0,0,0,0,0,0,-,-,NaN,0,0,0,Total mai,0,0,0,0,0,0,0,-,-,NaN,0,0,0,Total,9905,4276,3341,0,0,8323,1582,"10,05","1 068 842,82","107,91",3467,0,19209
Data,Ocup,Opção,Cheg,Oferta/Uso Interno,Deduz. Individ.,Deduz. Grupos,% Ocup.,Receita Quartos,Preço Médio,Saídas,Quartos FdS,Adul. / Cri.,maio,Previsão,29-mai-2027 sáb,0,0,0,0,0,0,0,-,-,NaN,0,0,0,0,0,0,0,0,0,0,-,-,NaN,0,0,0,Total mai,0,0,0,0,0,0,0,-,-,NaN,0,0,0,Total,9905,4276,3341,0,0,8323,1582,"10,05","1 068 842,82","107,91",3467,0,19209
Data,Ocup,Opção,Cheg,Oferta/Uso Interno,Deduz. Individ.,Deduz. Grupos,% Ocup.,Receita Quartos,Preço Médio,Saídas,Quartos FdS,Adul. / Cri.,maio,Previsão,30-mai-2027 dom,0,0,0,0,0,0,0,-,-,NaN,0,0,0,0,0,0,0,0,0,0,-,-,NaN,0,0,0,Total mai,0,0,0,0,0,0,0,-,-,NaN,0,0,0,Total,9905,4276,3341,0,0,8323,1582,"10,05","1 068 842,82","107,91",3467,0,19209
Data,Ocup,Opção,Cheg,Oferta/Uso Interno,Deduz. Individ.,Deduz. Grupos,% Ocup.,Receita Quartos,Preço Médio,Saídas,Quartos FdS,Adul. / Cri.,maio,Previsão,31-mai-2027 seg,0,0,0,0,0,0,0,-,-,NaN,0,0,0,0,0,0,0,0,0,0,-,-,NaN,0,0,0,Total mai,0,0,0,0,0,0,0,-,-,NaN,0,0,0,Total,9905,4276,3341,0,0,8323,1582,"10,05","1 068 842,82","107,91",3467,0,19209
Data,Ocup,Opção,Cheg,Oferta/Uso Interno,Deduz. Individ.,Deduz. Grupos,% Ocup.,Receita Quartos,Preço Médio,Saídas,Quartos FdS,Adul. / Cri.,junho,Previsão,01-jun-2027 ter,0,0,0,0,0,0,0,-,-,NaN,0,0,0,0,45,0,0,0,0,0,-,-,NaN,0,0,0,Total jun,0,45,0,0,0,0,0,-,-,NaN,0,0,0,Total,9905,4276,3341,0,0,8323,1582,"10,05","1 068 842,82","107,91",3467,0,19209
Data,Ocup,Opção,Cheg,Oferta/Uso Interno,Deduz. Individ.,Deduz. Grupos,% Ocup.,Receita Quartos,Preço Médio,Saídas,Quartos FdS,Adul. / Cri.,junho,Previsão,02-jun-2027 qua,0,0,0,0,0,0,0,-,-,NaN,0,0,0,0,45,0,0,0,0,0,-,-,NaN,0,0,0,Total jun,0,45,0,0,0,0,0,-,-,NaN,0,0,0,Total,9905,4276,3341,0,0,8323,1582,"10,05","1 068 842,82","107,91",3467,0,19209
Data,Ocup,Opção,Cheg,Oferta/Uso Interno,Deduz. Individ.,Deduz. Grupos,% Ocup.,Receita Quartos,Preço Médio,Saídas,Quartos FdS,Adul. / Cri.,junho,Previsão,03-jun-2027 qui,0,0,0,0,0,0,0,-,-,NaN,0,0,0,0,45,0,0,0,0,0,-,-,NaN,0,0,0,Total jun,0,45,0,0,0,0,0,-,-,NaN,0,0,0,Total,9905,4276,3341,0,0,8323,1582,"10,05","1 068 842,82","107,91",3467,0,19209
Data,Ocup,Opção,Cheg,Oferta/Uso Interno,Deduz. Individ.,Deduz. Grupos,% Ocup.,Receita Quartos,Preço Médio,Saídas,Quartos FdS,Adul. / Cri.,junho,Previsão,04-jun-2027 sex,0,0,0,0,0,0,0,-,-,NaN,0,0,0,0,45,0,0,0,0,0,-,-,NaN,0,0,0,Total jun,0,45,0,0,0,0,0,-,-,NaN,0,0,0,Total,9905,4276,3341,0,0,8323,1582,"10,05","1 068 842,82","107,91",3467,0,19209
Data,Ocup,Opção,Cheg,Oferta/Uso Interno,Deduz. Individ.,Deduz. Grupos,% Ocup.,Receita Quartos,Preço Médio,Saídas,Quartos FdS,Adul. / Cri.,junho,Previsão,05-jun-2027 sáb,0,0,0,0,0,0,0,-,-,NaN,0,0,0,0,45,0,0,0,0,0,-,-,NaN,0,0,0,Total jun,0,45,0,0,0,0,0,-,-,NaN,0,0,0,Total,9905,4276,3341,0,0,8323,1582,"10,05","1 068 842,82","107,91",3467,0,19209
Data,Ocup,Opção,Cheg,Oferta/Uso Interno,Deduz. Individ.,Deduz. Grupos,% Ocup.,Receita Quartos,Preço Médio,Saídas,Quartos FdS,Adul. / Cri.,junho,Previsão,06-jun-2027 dom,0,0,0,0,0,0,0,-,-,NaN,0,0,0,0,45,0,0,0,0,0,-,-,NaN,0,0,0,Total jun,0,45,0,0,0,0,0,-,-,NaN,0,0,0,Total,9905,4276,3341,0,0,8323,1582,"10,05","1 068 842,82","107,91",3467,0,19209
Data,Ocup,Opção,Cheg,Oferta/Uso Interno,Deduz. Individ.,Deduz. Grupos,% Ocup.,Receita Quartos,Preço Médio,Saídas,Quartos FdS,Adul. / Cri.,junho,Previsão,07-jun-2027 seg,0,0,0,0,0,0,0,-,-,NaN,0,0,0,0,45,0,0,0,0,0,-,-,NaN,0,0,0,Total jun,0,45,0,0,0,0,0,-,-,NaN,0,0,0,Total,9905,4276,3341,0,0,8323,1582,"10,05","1 068 842,82","107,91",3467,0,19209
Data,Ocup,Opção,Cheg,Oferta/Uso Interno,Deduz. Individ.,Deduz. Grupos,% Ocup.,Receita Quartos,Preço Médio,Saídas,Quartos FdS,Adul. / Cri.,junho,Previsão,08-jun-2027 ter,0,0,0,0,0,0,0,-,-,NaN,0,0,0,0,45,0,0,0,0,0,-,-,NaN,0,0,0,Total jun,0,45,0,0,0,0,0,-,-,NaN,0,0,0,Total,9905,4276,3341,0,0,8323,1582,"10,05","1 068 842,82","107,91",3467,0,19209
Data,Ocup,Opção,Cheg,Oferta/Uso Interno,Deduz. Individ.,Deduz. Grupos,% Ocup.,Receita Quartos,Preço Médio,Saídas,Quartos FdS,Adul. / Cri.,junho,Previsão,09-jun-2027 qua,0,0,0,0,0,0,0,-,-,NaN,0,0,0,0,45,0,0,0,0,0,-,-,NaN,0,0,0,Total jun,0,45,0,0,0,0,0,-,-,NaN,0,0,0,Total,9905,4276,3341,0,0,8323,1582,"10,05","1 068 842,82","107,91",3467,0,19209
Data,Ocup,Opção,Cheg,Oferta/Uso Interno,Deduz. Individ.,Deduz. Grupos,% Ocup.,Receita Quartos,Preço Médio,Saídas,Quartos FdS,Adul. / Cri.,junho,Previsão,10-jun-2027 qui,0,0,0,0,0,0,0,-,-,NaN,0,0,0,0,45,0,0,0,0,0,-,-,NaN,0,0,0,Total jun,0,45,0,0,0,0,0,-,-,NaN,0,0,0,Total,9905,4276,3341,0,0,8323,1582,"10,05","1 068 842,82","107,91",3467,0,19209
Data,Ocup,Opção,Cheg,Oferta/Uso Interno,Deduz. Individ.,Deduz. Grupos,% Ocup.,Receita Quartos,Preço Médio,Saídas,Quartos FdS,Adul. / Cri.,junho,Previsão,11-jun-2027 sex,0,0,0,0,0,0,0,-,-,NaN,0,0,0,0,45,0,0,0,0,0,-,-,NaN,0,0,0,Total jun,0,45,0,0,0,0,0,-,-,NaN,0,0,0,Total,9905,4276,3341,0,0,8323,1582,"10,05","1 068 842,82","107,91",3467,0,19209
Data,Ocup,Opção,Cheg,Oferta/Uso Interno,Deduz. Individ.,Deduz. Grupos,% Ocup.,Receita Quartos,Preço Médio,Saídas,Quartos FdS,Adul. / Cri.,junho,Previsão,12-jun-2027 sáb,0,0,0,0,0,0,0,-,-,NaN,0,0,0,0,45,0,0,0,0,0,-,-,NaN,0,0,0,Total jun,0,45,0,0,0,0,0,-,-,NaN,0,0,0,Total,9905,4276,3341,0,0,8323,1582,"10,05","1 068 842,82","107,91",3467,0,19209
Data,Ocup,Opção,Cheg,Oferta/Uso Interno,Deduz. Individ.,Deduz. Grupos,% Ocup.,Receita Quartos,Preço Médio,Saídas,Quartos FdS,Adul. / Cri.,junho,Previsão,13-jun-2027 dom,0,0,0,0,0,0,0,-,-,NaN,0,0,0,0,45,0,0,0,0,0,-,-,NaN,0,0,0,Total jun,0,45,0,0,0,0,0,-,-,NaN,0,0,0,Total,9905,4276,3341,0,0,8323,1582,"10,05","1 068 842,82","107,91",3467,0,19209
Data,Ocup,Opção,Cheg,Oferta/Uso Interno,Deduz. Individ.,Deduz. Grupos,% Ocup.,Receita Quartos,Preço Médio,Saídas,Quartos FdS,Adul. / Cri.,junho,Previsão,14-jun-2027 seg,0,0,0,0,0,0,0,-,-,NaN,0,0,0,0,45,0,0,0,0,0,-,-,NaN,0,0,0,Total jun,0,45,0,0,0,0,0,-,-,NaN,0,0,0,Total,9905,4276,3341,0,0,8323,1582,"10,05","1 068 842,82","107,91",3467,0,19209
Data,Ocup,Opção,Cheg,Oferta/Uso Interno,Deduz. Individ.,Deduz. Grupos,% Ocup.,Receita Quartos,Preço Médio,Saídas,Quartos FdS,Adul. / Cri.,junho,Previsão,15-jun-2027 ter,0,0,0,0,0,0,0,-,-,NaN,0,0,0,0,45,0,0,0,0,0,-,-,NaN,0,0,0,Total jun,0,45,0,0,0,0,0,-,-,NaN,0,0,0,Total,9905,4276,3341,0,0,8323,1582,"10,05","1 068 842,82","107,91",3467,0,19209
Data,Ocup,Opção,Cheg,Oferta/Uso Interno,Deduz. Individ.,Deduz. Grupos,% Ocup.,Receita Quartos,Preço Médio,Saídas,Quartos FdS,Adul. / Cri.,junho,Previsão,16-jun-2027 qua,0,0,0,0,0,0,0,-,-,NaN,0,0,0,0,45,0,0,0,0,0,-,-,NaN,0,0,0,Total jun,0,45,0,0,0,0,0,-,-,NaN,0,0,0,Total,9905,4276,3341,0,0,8323,1582,"10,05","1 068 842,82","107,91",3467,0,19209
Data,Ocup,Opção,Cheg,Oferta/Uso Interno,Deduz. Individ.,Deduz. Grupos,% Ocup.,Receita Quartos,Preço Médio,Saídas,Quartos FdS,Adul. / Cri.,junho,Previsão,17-jun-2027 qui,0,0,0,0,0,0,0,-,-,NaN,0,0,0,0,45,0,0,0,0,0,-,-,NaN,0,0,0,Total jun,0,45,0,0,0,0,0,-,-,NaN,0,0,0,Total,9905,4276,3341,0,0,8323,1582,"10,05","1 068 842,82","107,91",3467,0,19209
Data,Ocup,Opção,Cheg,Oferta/Uso Interno,Deduz. Individ.,Deduz. Grupos,% Ocup.,Receita Quartos,Preço Médio,Saídas,Quartos FdS,Adul. / Cri.,junho,Previsão,18-jun-2027 sex,0,0,0,0,0,0,0,-,-,NaN,0,0,0,0,45,0,0,0,0,0,-,-,NaN,0,0,0,Total jun,0,45,0,0,0,0,0,-,-,NaN,0,0,0,Total,9905,4276,3341,0,0,8323,1582,"10,05","1 068 842,82","107,91",3467,0,19209
Data,Ocup,Opção,Cheg,Oferta/Uso Interno,Deduz. Individ.,Deduz. Grupos,% Ocup.,Receita Quartos,Preço Médio,Saídas,Quartos FdS,Adul. / Cri.,junho,Previsão,19-jun-2027 sáb,0,0,0,0,0,0,0,-,-,NaN,0,0,0,0,45,0,0,0,0,0,-,-,NaN,0,0,0,Total jun,0,45,0,0,0,0,0,-,-,NaN,0,0,0,Total,9905,4276,3341,0,0,8323,1582,"10,05","1 068 842,82","107,91",3467,0,19209
Data,Ocup,Opção,Cheg,Oferta/Uso Interno,Deduz. Individ.,Deduz. Grupos,% Ocup.,Receita Quartos,Preço Médio,Saídas,Quartos FdS,Adul. / Cri.,junho,Previsão,20-jun-2027 dom,0,0,0,0,0,0,0,-,-,NaN,0,0,0,0,45,0,0,0,0,0,-,-,NaN,0,0,0,Total jun,0,45,0,0,0,0,0,-,-,NaN,0,0,0,Total,9905,4276,3341,0,0,8323,1582,"10,05","1 068 842,82","107,91",3467,0,19209
Data,Ocup,Opção,Cheg,Oferta/Uso Interno,Deduz. Individ.,Deduz. Grupos,% Ocup.,Receita Quartos,Preço Médio,Saídas,Quartos FdS,Adul. / Cri.,junho,Previsão,21-jun-2027 seg,0,0,0,0,0,0,0,-,-,NaN,0,0,0,0,45,0,0,0,0,0,-,-,NaN,0,0,0,Total jun,0,45,0,0,0,0,0,-,-,NaN,0,0,0,Total,9905,4276,3341,0,0,8323,1582,"10,05","1 068 842,82","107,91",3467,0,19209
Data,Ocup,Opção,Cheg,Oferta/Uso Interno,Deduz. Individ.,Deduz. Grupos,% Ocup.,Receita Quartos,Preço Médio,Saídas,Quartos FdS,Adul. / Cri.,junho,Previsão,22-jun-2027 ter,0,0,0,0,0,0,0,-,-,NaN,0,0,0,0,45,0,0,0,0,0,-,-,NaN,0,0,0,Total jun,0,45,0,0,0,0,0,-,-,NaN,0,0,0,Total,9905,4276,3341,0,0,8323,1582,"10,05","1 068 842,82","107,91",3467,0,19209
Data,Ocup,Opção,Cheg,Oferta/Uso Interno,Deduz. Individ.,Deduz. Grupos,% Ocup.,Receita Quartos,Preço Médio,Saídas,Quartos FdS,Adul. / Cri.,junho,Previsão,23-jun-2027 qua,0,0,0,0,0,0,0,-,-,NaN,0,0,0,0,45,0,0,0,0,0,-,-,NaN,0,0,0,Total jun,0,45,0,0,0,0,0,-,-,NaN,0,0,0,Total,9905,4276,3341,0,0,8323,1582,"10,05","1 068 842,82","107,91",3467,0,19209
Data,Ocup,Opção,Cheg,Oferta/Uso Interno,Deduz. Individ.,Deduz. Grupos,% Ocup.,Receita Quartos,Preço Médio,Saídas,Quartos FdS,Adul. / Cri.,junho,Previsão,24-jun-2027 qui,0,0,0,0,0,0,0,-,-,NaN,0,0,0,0,45,0,0,0,0,0,-,-,NaN,0,0,0,Total jun,0,45,0,0,0,0,0,-,-,NaN,0,0,0,Total,9905,4276,3341,0,0,8323,1582,"10,05","1 068 842,82","107,91",3467,0,19209
Data,Ocup,Opção,Cheg,Oferta/Uso Interno,Deduz. Individ.,Deduz. Grupos,% Ocup.,Receita Quartos,Preço Médio,Saídas,Quartos FdS,Adul. / Cri.,junho,Previsão,25-jun-2027 sex,0,0,0,0,0,0,0,-,-,NaN,0,0,0,0,45,0,0,0,0,0,-,-,NaN,0,0,0,Total jun,0,45,0,0,0,0,0,-,-,NaN,0,0,0,Total,9905,4276,3341,0,0,8323,1582,"10,05","1 068 842,82","107,91",3467,0,19209
Data,Ocup,Opção,Cheg,Oferta/Uso Interno,Deduz. Individ.,Deduz. Grupos,% Ocup.,Receita Quartos,Preço Médio,Saídas,Quartos FdS,Adul. / Cri.,junho,Previsão,26-jun-2027 sáb,0,0,0,0,0,0,0,-,-,NaN,0,0,0,0,45,0,0,0,0,0,-,-,NaN,0,0,0,Total jun,0,45,0,0,0,0,0,-,-,NaN,0,0,0,Total,9905,4276,3341,0,0,8323,1582,"10,05","1 068 842,82","107,91",3467,0,19209
Data,Ocup,Opção,Cheg,Oferta/Uso Interno,Deduz. Individ.,Deduz. Grupos,% Ocup.,Receita Quartos,Preço Médio,Saídas,Quartos FdS,Adul. / Cri.,junho,Previsão,27-jun-2027 dom,0,0,0,0,0,0,0,-,-,NaN,0,0,0,0,45,0,0,0,0,0,-,-,NaN,0,0,0,Total jun,0,45,0,0,0,0,0,-,-,NaN,0,0,0,Total,9905,4276,3341,0,0,8323,1582,"10,05","1 068 842,82","107,91",3467,0,19209
Data,Ocup,Opção,Cheg,Oferta/Uso Interno,Deduz. Individ.,Deduz. Grupos,% Ocup.,Receita Quartos,Preço Médio,Saídas,Quartos FdS,Adul. / Cri.,junho,Previsão,28-jun-2027 seg,0,15,0,0,0,0,0,-,-,NaN,0,0,0,0,45,0,0,0,0,0,-,-,NaN,0,0,0,Total jun,0,45,0,0,0,0,0,-,-,NaN,0,0,0,Total,9905,4276,3341,0,0,8323,1582,"10,05","1 068 842,82","107,91",3467,0,19209
Data,Ocup,Opção,Cheg,Oferta/Uso Interno,Deduz. Individ.,Deduz. Grupos,% Ocup.,Receita Quartos,Preço Médio,Saídas,Quartos FdS,Adul. / Cri.,junho,Previsão,29-jun-2027 ter,0,15,0,0,0,0,0,-,-,NaN,0,0,0,0,45,0,0,0,0,0,-,-,NaN,0,0,0,Total jun,0,45,0,0,0,0,0,-,-,NaN,0,0,0,Total,9905,4276,3341,0,0,8323,1582,"10,05","1 068 842,82","107,91",3467,0,19209
Data,Ocup,Opção,Cheg,Oferta/Uso Interno,Deduz. Individ.,Deduz. Grupos,% Ocup.,Receita Quartos,Preço Médio,Saídas,Quartos FdS,Adul. / Cri.,junho,Previsão,30-jun-2027 qua,0,15,0,0,0,0,0,-,-,NaN,0,0,0,0,45,0,0,0,0,0,-,-,NaN,0,0,0,Total jun,0,45,0,0,0,0,0,-,-,NaN,0,0,0,Total,9905,4276,3341,0,0,8323,1582,"10,05","1 068 842,82","107,91",3467,0,19209
Data,Ocup,Opção,Cheg,Oferta/Uso Interno,Deduz. Individ.,Deduz. Grupos,% Ocup.,Receita Quartos,Preço Médio,Saídas,Quartos FdS,Adul. / Cri.,julho,Previsão,01-jul-2027 qui,0,0,0,0,0,0,0,-,-,NaN,0,0,0,0,45,0,0,0,0,0,-,-,NaN,0,0,0,Total jul,0,45,0,0,0,0,0,-,-,NaN,0,0,0,Total,9905,4276,3341,0,0,8323,1582,"10,05","1 068 842,82","107,91",3467,0,19209
Data,Ocup,Opção,Cheg,Oferta/Uso Interno,Deduz. Individ.,Deduz. Grupos,% Ocup.,Receita Quartos,Preço Médio,Saídas,Quartos FdS,Adul. / Cri.,julho,Previsão,02-jul-2027 sex,0,0,0,0,0,0,0,-,-,NaN,0,0,0,0,45,0,0,0,0,0,-,-,NaN,0,0,0,Total jul,0,45,0,0,0,0,0,-,-,NaN,0,0,0,Total,9905,4276,3341,0,0,8323,1582,"10,05","1 068 842,82","107,91",3467,0,19209
Data,Ocup,Opção,Cheg,Oferta/Uso Interno,Deduz. Individ.,Deduz. Grupos,% Ocup.,Receita Quartos,Preço Médio,Saídas,Quartos FdS,Adul. / Cri.,julho,Previsão,03-jul-2027 sáb,0,0,0,0,0,0,0,-,-,NaN,0,0,0,0,45,0,0,0,0,0,-,-,NaN,0,0,0,Total jul,0,45,0,0,0,0,0,-,-,NaN,0,0,0,Total,9905,4276,3341,0,0,8323,1582,"10,05","1 068 842,82","107,91",3467,0,19209
Data,Ocup,Opção,Cheg,Oferta/Uso Interno,Deduz. Individ.,Deduz. Grupos,% Ocup.,Receita Quartos,Preço Médio,Saídas,Quartos FdS,Adul. / Cri.,julho,Previsão,04-jul-2027 dom,0,0,0,0,0,0,0,-,-,NaN,0,0,0,0,45,0,0,0,0,0,-,-,NaN,0,0,0,Total jul,0,45,0,0,0,0,0,-,-,NaN,0,0,0,Total,9905,4276,3341,0,0,8323,1582,"10,05","1 068 842,82","107,91",3467,0,19209
Data,Ocup,Opção,Cheg,Oferta/Uso Interno,Deduz. Individ.,Deduz. Grupos,% Ocup.,Receita Quartos,Preço Médio,Saídas,Quartos FdS,Adul. / Cri.,julho,Previsão,05-jul-2027 seg,0,0,0,0,0,0,0,-,-,NaN,0,0,0,0,45,0,0,0,0,0,-,-,NaN,0,0,0,Total jul,0,45,0,0,0,0,0,-,-,NaN,0,0,0,Total,9905,4276,3341,0,0,8323,1582,"10,05","1 068 842,82","107,91",3467,0,19209
Data,Ocup,Opção,Cheg,Oferta/Uso Interno,Deduz. Individ.,Deduz. Grupos,% Ocup.,Receita Quartos,Preço Médio,Saídas,Quartos FdS,Adul. / Cri.,julho,Previsão,06-jul-2027 ter,0,0,0,0,0,0,0,-,-,NaN,0,0,0,0,45,0,0,0,0,0,-,-,NaN,0,0,0,Total jul,0,45,0,0,0,0,0,-,-,NaN,0,0,0,Total,9905,4276,3341,0,0,8323,1582,"10,05","1 068 842,82","107,91",3467,0,19209
Data,Ocup,Opção,Cheg,Oferta/Uso Interno,Deduz. Individ.,Deduz. Grupos,% Ocup.,Receita Quartos,Preço Médio,Saídas,Quartos FdS,Adul. / Cri.,julho,Previsão,07-jul-2027 qua,0,0,0,0,0,0,0,-,-,NaN,0,0,0,0,45,0,0,0,0,0,-,-,NaN,0,0,0,Total jul,0,45,0,0,0,0,0,-,-,NaN,0,0,0,Total,9905,4276,3341,0,0,8323,1582,"10,05","1 068 842,82","107,91",3467,0,19209
Data,Ocup,Opção,Cheg,Oferta/Uso Interno,Deduz. Individ.,Deduz. Grupos,% Ocup.,Receita Quartos,Preço Médio,Saídas,Quartos FdS,Adul. / Cri.,julho,Previsão,08-jul-2027 qui,0,0,0,0,0,0,0,-,-,NaN,0,0,0,0,45,0,0,0,0,0,-,-,NaN,0,0,0,Total jul,0,45,0,0,0,0,0,-,-,NaN,0,0,0,Total,9905,4276,3341,0,0,8323,1582,"10,05","1 068 842,82","107,91",3467,0,19209
Data,Ocup,Opção,Cheg,Oferta/Uso Interno,Deduz. Individ.,Deduz. Grupos,% Ocup.,Receita Quartos,Preço Médio,Saídas,Quartos FdS,Adul. / Cri.,julho,Previsão,09-jul-2027 sex,0,0,0,0,0,0,0,-,-,NaN,0,0,0,0,45,0,0,0,0,0,-,-,NaN,0,0,0,Total jul,0,45,0,0,0,0,0,-,-,NaN,0,0,0,Total,9905,4276,3341,0,0,8323,1582,"10,05","1 068 842,82","107,91",3467,0,19209
Data,Ocup,Opção,Cheg,Oferta/Uso Interno,Deduz. Individ.,Deduz. Grupos,% Ocup.,Receita Quartos,Preço Médio,Saídas,Quartos FdS,Adul. / Cri.,julho,Previsão,10-jul-2027 sáb,0,0,0,0,0,0,0,-,-,NaN,0,0,0,0,45,0,0,0,0,0,-,-,NaN,0,0,0,Total jul,0,45,0,0,0,0,0,-,-,NaN,0,0,0,Total,9905,4276,3341,0,0,8323,1582,"10,05","1 068 842,82","107,91",3467,0,19209
Data,Ocup,Opção,Cheg,Oferta/Uso Interno,Deduz. Individ.,Deduz. Grupos,% Ocup.,Receita Quartos,Preço Médio,Saídas,Quartos FdS,Adul. / Cri.,julho,Previsão,11-jul-2027 dom,0,0,0,0,0,0,0,-,-,NaN,0,0,0,0,45,0,0,0,0,0,-,-,NaN,0,0,0,Total jul,0,45,0,0,0,0,0,-,-,NaN,0,0,0,Total,9905,4276,3341,0,0,8323,1582,"10,05","1 068 842,82","107,91",3467,0,19209
Data,Ocup,Opção,Cheg,Oferta/Uso Interno,Deduz. Individ.,Deduz. Grupos,% Ocup.,Receita Quartos,Preço Médio,Saídas,Quartos FdS,Adul. / Cri.,julho,Previsão,12-jul-2027 seg,0,0,0,0,0,0,0,-,-,NaN,0,0,0,0,45,0,0,0,0,0,-,-,NaN,0,0,0,Total jul,0,45,0,0,0,0,0,-,-,NaN,0,0,0,Total,9905,4276,3341,0,0,8323,1582,"10,05","1 068 842,82","107,91",3467,0,19209
Data,Ocup,Opção,Cheg,Oferta/Uso Interno,Deduz. Individ.,Deduz. Grupos,% Ocup.,Receita Quartos,Preço Médio,Saídas,Quartos FdS,Adul. / Cri.,julho,Previsão,13-jul-2027 ter,0,0,0,0,0,0,0,-,-,NaN,0,0,0,0,45,0,0,0,0,0,-,-,NaN,0,0,0,Total jul,0,45,0,0,0,0,0,-,-,NaN,0,0,0,Total,9905,4276,3341,0,0,8323,1582,"10,05","1 068 842,82","107,91",3467,0,19209
Data,Ocup,Opção,Cheg,Oferta/Uso Interno,Deduz. Individ.,Deduz. Grupos,% Ocup.,Receita Quartos,Preço Médio,Saídas,Quartos FdS,Adul. / Cri.,julho,Previsão,14-jul-2027 qua,0,0,0,0,0,0,0,-,-,NaN,0,0,0,0,45,0,0,0,0,0,-,-,NaN,0,0,0,Total jul,0,45,0,0,0,0,0,-,-,NaN,0,0,0,Total,9905,4276,3341,0,0,8323,1582,"10,05","1 068 842,82","107,91",3467,0,19209
Data,Ocup,Opção,Cheg,Oferta/Uso Interno,Deduz. Individ.,Deduz. Grupos,% Ocup.,Receita Quartos,Preço Médio,Saídas,Quartos FdS,Adul. / Cri.,julho,Previsão,15-jul-2027 qui,0,0,0,0,0,0,0,-,-,NaN,0,0,0,0,45,0,0,0,0,0,-,-,NaN,0,0,0,Total jul,0,45,0,0,0,0,0,-,-,NaN,0,0,0,Total,9905,4276,3341,0,0,8323,1582,"10,05","1 068 842,82","107,91",3467,0,19209
Data,Ocup,Opção,Cheg,Oferta/Uso Interno,Deduz. Individ.,Deduz. Grupos,% Ocup.,Receita Quartos,Preço Médio,Saídas,Quartos FdS,Adul. / Cri.,julho,Previsão,16-jul-2027 sex,0,0,0,0,0,0,0,-,-,NaN,0,0,0,0,45,0,0,0,0,0,-,-,NaN,0,0,0,Total jul,0,45,0,0,0,0,0,-,-,NaN,0,0,0,Total,9905,4276,3341,0,0,8323,1582,"10,05","1 068 842,82","107,91",3467,0,19209
Data,Ocup,Opção,Cheg,Oferta/Uso Interno,Deduz. Individ.,Deduz. Grupos,% Ocup.,Receita Quartos,Preço Médio,Saídas,Quartos FdS,Adul. / Cri.,julho,Previsão,17-jul-2027 sáb,0,0,0,0,0,0,0,-,-,NaN,0,0,0,0,45,0,0,0,0,0,-,-,NaN,0,0,0,Total jul,0,45,0,0,0,0,0,-,-,NaN,0,0,0,Total,9905,4276,3341,0,0,8323,1582,"10,05","1 068 842,82","107,91",3467,0,19209
Data,Ocup,Opção,Cheg,Oferta/Uso Interno,Deduz. Individ.,Deduz. Grupos,% Ocup.,Receita Quartos,Preço Médio,Saídas,Quartos FdS,Adul. / Cri.,julho,Previsão,18-jul-2027 dom,0,0,0,0,0,0,0,-,-,NaN,0,0,0,0,45,0,0,0,0,0,-,-,NaN,0,0,0,Total jul,0,45,0,0,0,0,0,-,-,NaN,0,0,0,Total,9905,4276,3341,0,0,8323,1582,"10,05","1 068 842,82","107,91",3467,0,19209
Data,Ocup,Opção,Cheg,Oferta/Uso Interno,Deduz. Individ.,Deduz. Grupos,% Ocup.,Receita Quartos,Preço Médio,Saídas,Quartos FdS,Adul. / Cri.,julho,Previsão,19-jul-2027 seg,0,15,0,0,0,0,0,-,-,NaN,0,0,0,0,45,0,0,0,0,0,-,-,NaN,0,0,0,Total jul,0,45,0,0,0,0,0,-,-,NaN,0,0,0,Total,9905,4276,3341,0,0,8323,1582,"10,05","1 068 842,82","107,91",3467,0,19209
Data,Ocup,Opção,Cheg,Oferta/Uso Interno,Deduz. Individ.,Deduz. Grupos,% Ocup.,Receita Quartos,Preço Médio,Saídas,Quartos FdS,Adul. / Cri.,julho,Previsão,20-jul-2027 ter,0,15,0,0,0,0,0,-,-,NaN,0,0,0,0,45,0,0,0,0,0,-,-,NaN,0,0,0,Total jul,0,45,0,0,0,0,0,-,-,NaN,0,0,0,Total,9905,4276,3341,0,0,8323,1582,"10,05","1 068 842,82","107,91",3467,0,19209
Data,Ocup,Opção,Cheg,Oferta/Uso Interno,Deduz. Individ.,Deduz. Grupos,% Ocup.,Receita Quartos,Preço Médio,Saídas,Quartos FdS,Adul. / Cri.,julho,Previsão,21-jul-2027 qua,0,15,0,0,0,0,0,-,-,NaN,0,0,0,0,45,0,0,0,0,0,-,-,NaN,0,0,0,Total jul,0,45,0,0,0,0,0,-,-,NaN,0,0,0,Total,9905,4276,3341,0,0,8323,1582,"10,05","1 068 842,82","107,91",3467,0,19209
Data,Ocup,Opção,Cheg,Oferta/Uso Interno,Deduz. Individ.,Deduz. Grupos,% Ocup.,Receita Quartos,Preço Médio,Saídas,Quartos FdS,Adul. / Cri.,julho,Previsão,22-jul-2027 qui,0,0,0,0,0,0,0,-,-,NaN,0,0,0,0,45,0,0,0,0,0,-,-,NaN,0,0,0,Total jul,0,45,0,0,0,0,0,-,-,NaN,0,0,0,Total,9905,4276,3341,0,0,8323,1582,"10,05","1 068 842,82","107,91",3467,0,19209
Data,Ocup,Opção,Cheg,Oferta/Uso Interno,Deduz. Individ.,Deduz. Grupos,% Ocup.,Receita Quartos,Preço Médio,Saídas,Quartos FdS,Adul. / Cri.,julho,Previsão,23-jul-2027 sex,0,0,0,0,0,0,0,-,-,NaN,0,0,0,0,45,0,0,0,0,0,-,-,NaN,0,0,0,Total jul,0,45,0,0,0,0,0,-,-,NaN,0,0,0,Total,9905,4276,3341,0,0,8323,1582,"10,05","1 068 842,82","107,91",3467,0,19209
Data,Ocup,Opção,Cheg,Oferta/Uso Interno,Deduz. Individ.,Deduz. Grupos,% Ocup.,Receita Quartos,Preço Médio,Saídas,Quartos FdS,Adul. / Cri.,julho,Previsão,24-jul-2027 sáb,0,0,0,0,0,0,0,-,-,NaN,0,0,0,0,45,0,0,0,0,0,-,-,NaN,0,0,0,Total jul,0,45,0,0,0,0,0,-,-,NaN,0,0,0,Total,9905,4276,3341,0,0,8323,1582,"10,05","1 068 842,82","107,91",3467,0,19209
Data,Ocup,Opção,Cheg,Oferta/Uso Interno,Deduz. Individ.,Deduz. Grupos,% Ocup.,Receita Quartos,Preço Médio,Saídas,Quartos FdS,Adul. / Cri.,julho,Previsão,25-jul-2027 dom,0,0,0,0,0,0,0,-,-,NaN,0,0,0,0,45,0,0,0,0,0,-,-,NaN,0,0,0,Total jul,0,45,0,0,0,0,0,-,-,NaN,0,0,0,Total,9905,4276,3341,0,0,8323,1582,"10,05","1 068 842,82","107,91",3467,0,19209
Data,Ocup,Opção,Cheg,Oferta/Uso Interno,Deduz. Individ.,Deduz. Grupos,% Ocup.,Receita Quartos,Preço Médio,Saídas,Quartos FdS,Adul. / Cri.,julho,Previsão,26-jul-2027 seg,0,0,0,0,0,0,0,-,-,NaN,0,0,0,0,45,0,0,0,0,0,-,-,NaN,0,0,0,Total jul,0,45,0,0,0,0,0,-,-,NaN,0,0,0,Total,9905,4276,3341,0,0,8323,1582,"10,05","1 068 842,82","107,91",3467,0,19209
Data,Ocup,Opção,Cheg,Oferta/Uso Interno,Deduz. Individ.,Deduz. Grupos,% Ocup.,Receita Quartos,Preço Médio,Saídas,Quartos FdS,Adul. / Cri.,julho,Previsão,27-jul-2027 ter,0,0,0,0,0,0,0,-,-,NaN,0,0,0,0,45,0,0,0,0,0,-,-,NaN,0,0,0,Total jul,0,45,0,0,0,0,0,-,-,NaN,0,0,0,Total,9905,4276,3341,0,0,8323,1582,"10,05","1 068 842,82","107,91",3467,0,19209
Data,Ocup,Opção,Cheg,Oferta/Uso Interno,Deduz. Individ.,Deduz. Grupos,% Ocup.,Receita Quartos,Preço Médio,Saídas,Quartos FdS,Adul. / Cri.,julho,Previsão,28-jul-2027 qua,0,0,0,0,0,0,0,-,-,NaN,0,0,0,0,45,0,0,0,0,0,-,-,NaN,0,0,0,Total jul,0,45,0,0,0,0,0,-,-,NaN,0,0,0,Total,9905,4276,3341,0,0,8323,1582,"10,05","1 068 842,82","107,91",3467,0,19209
Data,Ocup,Opção,Cheg,Oferta/Uso Interno,Deduz. Individ.,Deduz. Grupos,% Ocup.,Receita Quartos,Preço Médio,Saídas,Quartos FdS,Adul. / Cri.,julho,Previsão,29-jul-2027 qui,0,0,0,0,0,0,0,-,-,NaN,0,0,0,0,45,0,0,0,0,0,-,-,NaN,0,0,0,Total jul,0,45,0,0,0,0,0,-,-,NaN,0,0,0,Total,9905,4276,3341,0,0,8323,1582,"10,05","1 068 842,82","107,91",3467,0,19209
Data,Ocup,Opção,Cheg,Oferta/Uso Interno,Deduz. Individ.,Deduz. Grupos,% Ocup.,Receita Quartos,Preço Médio,Saídas,Quartos FdS,Adul. / Cri.,julho,Previsão,30-jul-2027 sex,0,0,0,0,0,0,0,-,-,NaN,0,0,0,0,45,0,0,0,0,0,-,-,NaN,0,0,0,Total jul,0,45,0,0,0,0,0,-,-,NaN,0,0,0,Total,9905,4276,3341,0,0,8323,1582,"10,05","1 068 842,82","107,91",3467,0,19209
Data,Ocup,Opção,Cheg,Oferta/Uso Interno,Deduz. Individ.,Deduz. Grupos,% Ocup.,Receita Quartos,Preço Médio,Saídas,Quartos FdS,Adul. / Cri.,julho,Previsão,31-jul-2027 sáb,0,0,0,0,0,0,0,-,-,NaN,0,0,0,0,45,0,0,0,0,0,-,-,NaN,0,0,0,Total jul,0,45,0,0,0,0,0,-,-,NaN,0,0,0,Total,9905,4276,3341,0,0,8323,1582,"10,05","1 068 842,82","107,91",3467,0,19209
Data,Ocup,Opção,Cheg,Oferta/Uso Interno,Deduz. Individ.,Deduz. Grupos,% Ocup.,Receita Quartos,Preço Médio,Saídas,Quartos FdS,Adul. / Cri.,agosto,Previsão,01-ago-2027 dom,0,0,0,0,0,0,0,-,-,NaN,0,0,0,0,90,0,0,0,0,0,-,-,NaN,0,0,0,Total ago,0,90,0,0,0,0,0,-,-,NaN,0,0,0,Total,9905,4276,3341,0,0,8323,1582,"10,05","1 068 842,82","107,91",3467,0,19209
Data,Ocup,Opção,Cheg,Oferta/Uso Interno,Deduz. Individ.,Deduz. Grupos,% Ocup.,Receita Quartos,Preço Médio,Saídas,Quartos FdS,Adul. / Cri.,agosto,Previsão,02-ago-2027 seg,0,0,0,0,0,0,0,-,-,NaN,0,0,0,0,90,0,0,0,0,0,-,-,NaN,0,0,0,Total ago,0,90,0,0,0,0,0,-,-,NaN,0,0,0,Total,9905,4276,3341,0,0,8323,1582,"10,05","1 068 842,82","107,91",3467,0,19209
Data,Ocup,Opção,Cheg,Oferta/Uso Interno,Deduz. Individ.,Deduz. Grupos,% Ocup.,Receita Quartos,Preço Médio,Saídas,Quartos FdS,Adul. / Cri.,agosto,Previsão,03-ago-2027 ter,0,0,0,0,0,0,0,-,-,NaN,0,0,0,0,90,0,0,0,0,0,-,-,NaN,0,0,0,Total ago,0,90,0,0,0,0,0,-,-,NaN,0,0,0,Total,9905,4276,3341,0,0,8323,1582,"10,05","1 068 842,82","107,91",3467,0,19209
Data,Ocup,Opção,Cheg,Oferta/Uso Interno,Deduz. Individ.,Deduz. Grupos,% Ocup.,Receita Quartos,Preço Médio,Saídas,Quartos FdS,Adul. / Cri.,agosto,Previsão,04-ago-2027 qua,0,0,0,0,0,0,0,-,-,NaN,0,0,0,0,90,0,0,0,0,0,-,-,NaN,0,0,0,Total ago,0,90,0,0,0,0,0,-,-,NaN,0,0,0,Total,9905,4276,3341,0,0,8323,1582,"10,05","1 068 842,82","107,91",3467,0,19209
Data,Ocup,Opção,Cheg,Oferta/Uso Interno,Deduz. Individ.,Deduz. Grupos,% Ocup.,Receita Quartos,Preço Médio,Saídas,Quartos FdS,Adul. / Cri.,agosto,Previsão,05-ago-2027 qui,0,0,0,0,0,0,0,-,-,NaN,0,0,0,0,90,0,0,0,0,0,-,-,NaN,0,0,0,Total ago,0,90,0,0,0,0,0,-,-,NaN,0,0,0,Total,9905,4276,3341,0,0,8323,1582,"10,05","1 068 842,82","107,91",3467,0,19209
Data,Ocup,Opção,Cheg,Oferta/Uso Interno,Deduz. Individ.,Deduz. Grupos,% Ocup.,Receita Quartos,Preço Médio,Saídas,Quartos FdS,Adul. / Cri.,agosto,Previsão,06-ago-2027 sex,0,0,0,0,0,0,0,-,-,NaN,0,0,0,0,90,0,0,0,0,0,-,-,NaN,0,0,0,Total ago,0,90,0,0,0,0,0,-,-,NaN,0,0,0,Total,9905,4276,3341,0,0,8323,1582,"10,05","1 068 842,82","107,91",3467,0,19209
Data,Ocup,Opção,Cheg,Oferta/Uso Interno,Deduz. Individ.,Deduz. Grupos,% Ocup.,Receita Quartos,Preço Médio,Saídas,Quartos FdS,Adul. / Cri.,agosto,Previsão,07-ago-2027 sáb,0,0,0,0,0,0,0,-,-,NaN,0,0,0,0,90,0,0,0,0,0,-,-,NaN,0,0,0,Total ago,0,90,0,0,0,0,0,-,-,NaN,0,0,0,Total,9905,4276,3341,0,0,8323,1582,"10,05","1 068 842,82","107,91",3467,0,19209
Data,Ocup,Opção,Cheg,Oferta/Uso Interno,Deduz. Individ.,Deduz. Grupos,% Ocup.,Receita Quartos,Preço Médio,Saídas,Quartos FdS,Adul. / Cri.,agosto,Previsão,08-ago-2027 dom,0,0,0,0,0,0,0,-,-,NaN,0,0,0,0,90,0,0,0,0,0,-,-,NaN,0,0,0,Total ago,0,90,0,0,0,0,0,-,-,NaN,0,0,0,Total,9905,4276,3341,0,0,8323,1582,"10,05","1 068 842,82","107,91",3467,0,19209
Data,Ocup,Opção,Cheg,Oferta/Uso Interno,Deduz. Individ.,Deduz. Grupos,% Ocup.,Receita Quartos,Preço Médio,Saídas,Quartos FdS,Adul. / Cri.,agosto,Previsão,09-ago-2027 seg,0,15,0,0,0,0,0,-,-,NaN,0,0,0,0,90,0,0,0,0,0,-,-,NaN,0,0,0,Total ago,0,90,0,0,0,0,0,-,-,NaN,0,0,0,Total,9905,4276,3341,0,0,8323,1582,"10,05","1 068 842,82","107,91",3467,0,19209
Data,Ocup,Opção,Cheg,Oferta/Uso Interno,Deduz. Individ.,Deduz. Grupos,% Ocup.,Receita Quartos,Preço Médio,Saídas,Quartos FdS,Adul. / Cri.,agosto,Previsão,10-ago-2027 ter,0,15,0,0,0,0,0,-,-,NaN,0,0,0,0,90,0,0,0,0,0,-,-,NaN,0,0,0,Total ago,0,90,0,0,0,0,0,-,-,NaN,0,0,0,Total,9905,4276,3341,0,0,8323,1582,"10,05","1 068 842,82","107,91",3467,0,19209
Data,Ocup,Opção,Cheg,Oferta/Uso Interno,Deduz. Individ.,Deduz. Grupos,% Ocup.,Receita Quartos,Preço Médio,Saídas,Quartos FdS,Adul. / Cri.,agosto,Previsão,11-ago-2027 qua,0,15,0,0,0,0,0,-,-,NaN,0,0,0,0,90,0,0,0,0,0,-,-,NaN,0,0,0,Total ago,0,90,0,0,0,0,0,-,-,NaN,0,0,0,Total,9905,4276,3341,0,0,8323,1582,"10,05","1 068 842,82","107,91",3467,0,19209
Data,Ocup,Opção,Cheg,Oferta/Uso Interno,Deduz. Individ.,Deduz. Grupos,% Ocup.,Receita Quartos,Preço Médio,Saídas,Quartos FdS,Adul. / Cri.,agosto,Previsão,12-ago-2027 qui,0,0,0,0,0,0,0,-,-,NaN,0,0,0,0,90,0,0,0,0,0,-,-,NaN,0,0,0,Total ago,0,90,0,0,0,0,0,-,-,NaN,0,0,0,Total,9905,4276,3341,0,0,8323,1582,"10,05","1 068 842,82","107,91",3467,0,19209
Data,Ocup,Opção,Cheg,Oferta/Uso Interno,Deduz. Individ.,Deduz. Grupos,% Ocup.,Receita Quartos,Preço Médio,Saídas,Quartos FdS,Adul. / Cri.,agosto,Previsão,13-ago-2027 sex,0,0,0,0,0,0,0,-,-,NaN,0,0,0,0,90,0,0,0,0,0,-,-,NaN,0,0,0,Total ago,0,90,0,0,0,0,0,-,-,NaN,0,0,0,Total,9905,4276,3341,0,0,8323,1582,"10,05","1 068 842,82","107,91",3467,0,19209
Data,Ocup,Opção,Cheg,Oferta/Uso Interno,Deduz. Individ.,Deduz. Grupos,% Ocup.,Receita Quartos,Preço Médio,Saídas,Quartos FdS,Adul. / Cri.,agosto,Previsão,14-ago-2027 sáb,0,0,0,0,0,0,0,-,-,NaN,0,0,0,0,90,0,0,0,0,0,-,-,NaN,0,0,0,Total ago,0,90,0,0,0,0,0,-,-,NaN,0,0,0,Total,9905,4276,3341,0,0,8323,1582,"10,05","1 068 842,82","107,91",3467,0,19209
Data,Ocup,Opção,Cheg,Oferta/Uso Interno,Deduz. Individ.,Deduz. Grupos,% Ocup.,Receita Quartos,Preço Médio,Saídas,Quartos FdS,Adul. / Cri.,agosto,Previsão,15-ago-2027 dom,0,0,0,0,0,0,0,-,-,NaN,0,0,0,0,90,0,0,0,0,0,-,-,NaN,0,0,0,Total ago,0,90,0,0,0,0,0,-,-,NaN,0,0,0,Total,9905,4276,3341,0,0,8323,1582,"10,05","1 068 842,82","107,91",3467,0,19209
Data,Ocup,Opção,Cheg,Oferta/Uso Interno,Deduz. Individ.,Deduz. Grupos,% Ocup.,Receita Quartos,Preço Médio,Saídas,Quartos FdS,Adul. / Cri.,agosto,Previsão,16-ago-2027 seg,0,0,0,0,0,0,0,-,-,NaN,0,0,0,0,90,0,0,0,0,0,-,-,NaN,0,0,0,Total ago,0,90,0,0,0,0,0,-,-,NaN,0,0,0,Total,9905,4276,3341,0,0,8323,1582,"10,05","1 068 842,82","107,91",3467,0,19209
Data,Ocup,Opção,Cheg,Oferta/Uso Interno,Deduz. Individ.,Deduz. Grupos,% Ocup.,Receita Quartos,Preço Médio,Saídas,Quartos FdS,Adul. / Cri.,agosto,Previsão,17-ago-2027 ter,0,0,0,0,0,0,0,-,-,NaN,0,0,0,0,90,0,0,0,0,0,-,-,NaN,0,0,0,Total ago,0,90,0,0,0,0,0,-,-,NaN,0,0,0,Total,9905,4276,3341,0,0,8323,1582,"10,05","1 068 842,82","107,91",3467,0,19209
Data,Ocup,Opção,Cheg,Oferta/Uso Interno,Deduz. Individ.,Deduz. Grupos,% Ocup.,Receita Quartos,Preço Médio,Saídas,Quartos FdS,Adul. / Cri.,agosto,Previsão,18-ago-2027 qua,0,0,0,0,0,0,0,-,-,NaN,0,0,0,0,90,0,0,0,0,0,-,-,NaN,0,0,0,Total ago,0,90,0,0,0,0,0,-,-,NaN,0,0,0,Total,9905,4276,3341,0,0,8323,1582,"10,05","1 068 842,82","107,91",3467,0,19209
Data,Ocup,Opção,Cheg,Oferta/Uso Interno,Deduz. Individ.,Deduz. Grupos,% Ocup.,Receita Quartos,Preço Médio,Saídas,Quartos FdS,Adul. / Cri.,agosto,Previsão,19-ago-2027 qui,0,0,0,0,0,0,0,-,-,NaN,0,0,0,0,90,0,0,0,0,0,-,-,NaN,0,0,0,Total ago,0,90,0,0,0,0,0,-,-,NaN,0,0,0,Total,9905,4276,3341,0,0,8323,1582,"10,05","1 068 842,82","107,91",3467,0,19209
Data,Ocup,Opção,Cheg,Oferta/Uso Interno,Deduz. Individ.,Deduz. Grupos,% Ocup.,Receita Quartos,Preço Médio,Saídas,Quartos FdS,Adul. / Cri.,agosto,Previsão,20-ago-2027 sex,0,0,0,0,0,0,0,-,-,NaN,0,0,0,0,90,0,0,0,0,0,-,-,NaN,0,0,0,Total ago,0,90,0,0,0,0,0,-,-,NaN,0,0,0,Total,9905,4276,3341,0,0,8323,1582,"10,05","1 068 842,82","107,91",3467,0,19209
Data,Ocup,Opção,Cheg,Oferta/Uso Interno,Deduz. Individ.,Deduz. Grupos,% Ocup.,Receita Quartos,Preço Médio,Saídas,Quartos FdS,Adul. / Cri.,agosto,Previsão,21-ago-2027 sáb,0,0,0,0,0,0,0,-,-,NaN,0,0,0,0,90,0,0,0,0,0,-,-,NaN,0,0,0,Total ago,0,90,0,0,0,0,0,-,-,NaN,0,0,0,Total,9905,4276,3341,0,0,8323,1582,"10,05","1 068 842,82","107,91",3467,0,19209
Data,Ocup,Opção,Cheg,Oferta/Uso Interno,Deduz. Individ.,Deduz. Grupos,% Ocup.,Receita Quartos,Preço Médio,Saídas,Quartos FdS,Adul. / Cri.,agosto,Previsão,22-ago-2027 dom,0,0,0,0,0,0,0,-,-,NaN,0,0,0,0,90,0,0,0,0,0,-,-,NaN,0,0,0,Total ago,0,90,0,0,0,0,0,-,-,NaN,0,0,0,Total,9905,4276,3341,0,0,8323,1582,"10,05","1 068 842,82","107,91",3467,0,19209
Data,Ocup,Opção,Cheg,Oferta/Uso Interno,Deduz. Individ.,Deduz. Grupos,% Ocup.,Receita Quartos,Preço Médio,Saídas,Quartos FdS,Adul. / Cri.,agosto,Previsão,23-ago-2027 seg,0,15,0,0,0,0,0,-,-,NaN,0,0,0,0,90,0,0,0,0,0,-,-,NaN,0,0,0,Total ago,0,90,0,0,0,0,0,-,-,NaN,0,0,0,Total,9905,4276,3341,0,0,8323,1582,"10,05","1 068 842,82","107,91",3467,0,19209
Data,Ocup,Opção,Cheg,Oferta/Uso Interno,Deduz. Individ.,Deduz. Grupos,% Ocup.,Receita Quartos,Preço Médio,Saídas,Quartos FdS,Adul. / Cri.,agosto,Previsão,24-ago-2027 ter,0,15,0,0,0,0,0,-,-,NaN,0,0,0,0,90,0,0,0,0,0,-,-,NaN,0,0,0,Total ago,0,90,0,0,0,0,0,-,-,NaN,0,0,0,Total,9905,4276,3341,0,0,8323,1582,"10,05","1 068 842,82","107,91",3467,0,19209
Data,Ocup,Opção,Cheg,Oferta/Uso Interno,Deduz. Individ.,Deduz. Grupos,% Ocup.,Receita Quartos,Preço Médio,Saídas,Quartos FdS,Adul. / Cri.,agosto,Previsão,25-ago-2027 qua,0,15,0,0,0,0,0,-,-,NaN,0,0,0,0,90,0,0,0,0,0,-,-,NaN,0,0,0,Total ago,0,90,0,0,0,0,0,-,-,NaN,0,0,0,Total,9905,4276,3341,0,0,8323,1582,"10,05","1 068 842,82","107,91",3467,0,19209
Data,Ocup,Opção,Cheg,Oferta/Uso Interno,Deduz. Individ.,Deduz. Grupos,% Ocup.,Receita Quartos,Preço Médio,Saídas,Quartos FdS,Adul. / Cri.,agosto,Previsão,26-ago-2027 qui,0,0,0,0,0,0,0,-,-,NaN,0,0,0,0,90,0,0,0,0,0,-,-,NaN,0,0,0,Total ago,0,90,0,0,0,0,0,-,-,NaN,0,0,0,Total,9905,4276,3341,0,0,8323,1582,"10,05","1 068 842,82","107,91",3467,0,19209
Data,Ocup,Opção,Cheg,Oferta/Uso Interno,Deduz. Individ.,Deduz. Grupos,% Ocup.,Receita Quartos,Preço Médio,Saídas,Quartos FdS,Adul. / Cri.,agosto,Previsão,27-ago-2027 sex,0,0,0,0,0,0,0,-,-,NaN,0,0,0,0,90,0,0,0,0,0,-,-,NaN,0,0,0,Total ago,0,90,0,0,0,0,0,-,-,NaN,0,0,0,Total,9905,4276,3341,0,0,8323,1582,"10,05","1 068 842,82","107,91",3467,0,19209
Data,Ocup,Opção,Cheg,Oferta/Uso Interno,Deduz. Individ.,Deduz. Grupos,% Ocup.,Receita Quartos,Preço Médio,Saídas,Quartos FdS,Adul. / Cri.,agosto,Previsão,28-ago-2027 sáb,0,0,0,0,0,0,0,-,-,NaN,0,0,0,0,90,0,0,0,0,0,-,-,NaN,0,0,0,Total ago,0,90,0,0,0,0,0,-,-,NaN,0,0,0,Total,9905,4276,3341,0,0,8323,1582,"10,05","1 068 842,82","107,91",3467,0,19209
Data,Ocup,Opção,Cheg,Oferta/Uso Interno,Deduz. Individ.,Deduz. Grupos,% Ocup.,Receita Quartos,Preço Médio,Saídas,Quartos FdS,Adul. / Cri.,agosto,Previsão,29-ago-2027 dom,0,0,0,0,0,0,0,-,-,NaN,0,0,0,0,90,0,0,0,0,0,-,-,NaN,0,0,0,Total ago,0,90,0,0,0,0,0,-,-,NaN,0,0,0,Total,9905,4276,3341,0,0,8323,1582,"10,05","1 068 842,82","107,91",3467,0,19209
Data,Ocup,Opção,Cheg,Oferta/Uso Interno,Deduz. Individ.,Deduz. Grupos,% Ocup.,Receita Quartos,Preço Médio,Saídas,Quartos FdS,Adul. / Cri.,agosto,Previsão,30-ago-2027 seg,0,0,0,0,0,0,0,-,-,NaN,0,0,0,0,90,0,0,0,0,0,-,-,NaN,0,0,0,Total ago,0,90,0,0,0,0,0,-,-,NaN,0,0,0,Total,9905,4276,3341,0,0,8323,1582,"10,05","1 068 842,82","107,91",3467,0,19209
Data,Ocup,Opção,Cheg,Oferta/Uso Interno,Deduz. Individ.,Deduz. Grupos,% Ocup.,Receita Quartos,Preço Médio,Saídas,Quartos FdS,Adul. / Cri.,agosto,Previsão,31-ago-2027 ter,0,0,0,0,0,0,0,-,-,NaN,0,0,0,0,90,0,0,0,0,0,-,-,NaN,0,0,0,Total ago,0,90,0,0,0,0,0,-,-,NaN,0,0,0,Total,9905,4276,3341,0,0,8323,1582,"10,05","1 068 842,82","107,91",3467,0,19209
Data,Ocup,Opção,Cheg,Oferta/Uso Interno,Deduz. Individ.,Deduz. Grupos,% Ocup.,Receita Quartos,Preço Médio,Saídas,Quartos FdS,Adul. / Cri.,setembro,Previsão,01-set-2027 qua,0,0,0,0,0,0,0,-,-,NaN,0,0,0,0,0,0,0,0,0,0,-,-,NaN,0,0,0,Total set,0,0,0,0,0,0,0,-,-,NaN,0,0,0,Total,9905,4276,3341,0,0,8323,1582,"10,05","1 068 842,82","107,91",3467,0,19209
Data,Ocup,Opção,Cheg,Oferta/Uso Interno,Deduz. Individ.,Deduz. Grupos,% Ocup.,Receita Quartos,Preço Médio,Saídas,Quartos FdS,Adul. / Cri.,setembro,Previsão,02-set-2027 qui,0,0,0,0,0,0,0,-,-,NaN,0,0,0,0,0,0,0,0,0,0,-,-,NaN,0,0,0,Total set,0,0,0,0,0,0,0,-,-,NaN,0,0,0,Total,9905,4276,3341,0,0,8323,1582,"10,05","1 068 842,82","107,91",3467,0,19209
Data,Ocup,Opção,Cheg,Oferta/Uso Interno,Deduz. Individ.,Deduz. Grupos,% Ocup.,Receita Quartos,Preço Médio,Saídas,Quartos FdS,Adul. / Cri.,setembro,Previsão,03-set-2027 sex,0,0,0,0,0,0,0,-,-,NaN,0,0,0,0,0,0,0,0,0,0,-,-,NaN,0,0,0,Total set,0,0,0,0,0,0,0,-,-,NaN,0,0,0,Total,9905,4276,3341,0,0,8323,1582,"10,05","1 068 842,82","107,91",3467,0,19209
Data,Ocup,Opção,Cheg,Oferta/Uso Interno,Deduz. Individ.,Deduz. Grupos,% Ocup.,Receita Quartos,Preço Médio,Saídas,Quartos FdS,Adul. / Cri.,setembro,Previsão,04-set-2027 sáb,0,0,0,0,0,0,0,-,-,NaN,0,0,0,0,0,0,0,0,0,0,-,-,NaN,0,0,0,Total set,0,0,0,0,0,0,0,-,-,NaN,0,0,0,Total,9905,4276,3341,0,0,8323,1582,"10,05","1 068 842,82","107,91",3467,0,19209
Data,Ocup,Opção,Cheg,Oferta/Uso Interno,Deduz. Individ.,Deduz. Grupos,% Ocup.,Receita Quartos,Preço Médio,Saídas,Quartos FdS,Adul. / Cri.,setembro,Previsão,05-set-2027 dom,0,0,0,0,0,0,0,-,-,NaN,0,0,0,0,0,0,0,0,0,0,-,-,NaN,0,0,0,Total set,0,0,0,0,0,0,0,-,-,NaN,0,0,0,Total,9905,4276,3341,0,0,8323,1582,"10,05","1 068 842,82","107,91",3467,0,19209
Data,Ocup,Opção,Cheg,Oferta/Uso Interno,Deduz. Individ.,Deduz. Grupos,% Ocup.,Receita Quartos,Preço Médio,Saídas,Quartos FdS,Adul. / Cri.,setembro,Previsão,06-set-2027 seg,0,0,0,0,0,0,0,-,-,NaN,0,0,0,0,0,0,0,0,0,0,-,-,NaN,0,0,0,Total set,0,0,0,0,0,0,0,-,-,NaN,0,0,0,Total,9905,4276,3341,0,0,8323,1582,"10,05","1 068 842,82","107,91",3467,0,19209
Data,Ocup,Opção,Cheg,Oferta/Uso Interno,Deduz. Individ.,Deduz. Grupos,% Ocup.,Receita Quartos,Preço Médio,Saídas,Quartos FdS,Adul. / Cri.,setembro,Previsão,07-set-2027 ter,0,0,0,0,0,0,0,-,-,NaN,0,0,0,0,0,0,0,0,0,0,-,-,NaN,0,0,0,Total set,0,0,0,0,0,0,0,-,-,NaN,0,0,0,Total,9905,4276,3341,0,0,8323,1582,"10,05","1 068 842,82","107,91",3467,0,19209
Data,Ocup,Opção,Cheg,Oferta/Uso Interno,Deduz. Individ.,Deduz. Grupos,% Ocup.,Receita Quartos,Preço Médio,Saídas,Quartos FdS,Adul. / Cri.,setembro,Previsão,08-set-2027 qua,0,0,0,0,0,0,0,-,-,NaN,0,0,0,0,0,0,0,0,0,0,-,-,NaN,0,0,0,Total set,0,0,0,0,0,0,0,-,-,NaN,0,0,0,Total,9905,4276,3341,0,0,8323,1582,"10,05","1 068 842,82","107,91",3467,0,19209
Data,Ocup,Opção,Cheg,Oferta/Uso Interno,Deduz. Individ.,Deduz. Grupos,% Ocup.,Receita Quartos,Preço Médio,Saídas,Quartos FdS,Adul. / Cri.,setembro,Previsão,09-set-2027 qui,0,0,0,0,0,0,0,-,-,NaN,0,0,0,0,0,0,0,0,0,0,-,-,NaN,0,0,0,Total set,0,0,0,0,0,0,0,-,-,NaN,0,0,0,Total,9905,4276,3341,0,0,8323,1582,"10,05","1 068 842,82","107,91",3467,0,19209
Data,Ocup,Opção,Cheg,Oferta/Uso Interno,Deduz. Individ.,Deduz. Grupos,% Ocup.,Receita Quartos,Preço Médio,Saídas,Quartos FdS,Adul. / Cri.,setembro,Previsão,10-set-2027 sex,0,0,0,0,0,0,0,-,-,NaN,0,0,0,0,0,0,0,0,0,0,-,-,NaN,0,0,0,Total set,0,0,0,0,0,0,0,-,-,NaN,0,0,0,Total,9905,4276,3341,0,0,8323,1582,"10,05","1 068 842,82","107,91",3467,0,19209
Data,Ocup,Opção,Cheg,Oferta/Uso Interno,Deduz. Individ.,Deduz. Grupos,% Ocup.,Receita Quartos,Preço Médio,Saídas,Quartos FdS,Adul. / Cri.,setembro,Previsão,11-set-2027 sáb,0,0,0,0,0,0,0,-,-,NaN,0,0,0,0,0,0,0,0,0,0,-,-,NaN,0,0,0,Total set,0,0,0,0,0,0,0,-,-,NaN,0,0,0,Total,9905,4276,3341,0,0,8323,1582,"10,05","1 068 842,82","107,91",3467,0,19209
Data,Ocup,Opção,Cheg,Oferta/Uso Interno,Deduz. Individ.,Deduz. Grupos,% Ocup.,Receita Quartos,Preço Médio,Saídas,Quartos FdS,Adul. / Cri.,setembro,Previsão,12-set-2027 dom,0,0,0,0,0,0,0,-,-,NaN,0,0,0,0,0,0,0,0,0,0,-,-,NaN,0,0,0,Total set,0,0,0,0,0,0,0,-,-,NaN,0,0,0,Total,9905,4276,3341,0,0,8323,1582,"10,05","1 068 842,82","107,91",3467,0,19209
Data,Ocup,Opção,Cheg,Oferta/Uso Interno,Deduz. Individ.,Deduz. Grupos,% Ocup.,Receita Quartos,Preço Médio,Saídas,Quartos FdS,Adul. / Cri.,setembro,Previsão,13-set-2027 seg,0,0,0,0,0,0,0,-,-,NaN,0,0,0,0,0,0,0,0,0,0,-,-,NaN,0,0,0,Total set,0,0,0,0,0,0,0,-,-,NaN,0,0,0,Total,9905,4276,3341,0,0,8323,1582,"10,05","1 068 842,82","107,91",3467,0,19209
Data,Ocup,Opção,Cheg,Oferta/Uso Interno,Deduz. Individ.,Deduz. Grupos,% Ocup.,Receita Quartos,Preço Médio,Saídas,Quartos FdS,Adul. / Cri.,setembro,Previsão,14-set-2027 ter,0,0,0,0,0,0,0,-,-,NaN,0,0,0,0,0,0,0,0,0,0,-,-,NaN,0,0,0,Total set,0,0,0,0,0,0,0,-,-,NaN,0,0,0,Total,9905,4276,3341,0,0,8323,1582,"10,05","1 068 842,82","107,91",3467,0,19209
Data,Ocup,Opção,Cheg,Oferta/Uso Interno,Deduz. Individ.,Deduz. Grupos,% Ocup.,Receita Quartos,Preço Médio,Saídas,Quartos FdS,Adul. / Cri.,setembro,Previsão,15-set-2027 qua,0,0,0,0,0,0,0,-,-,NaN,0,0,0,0,0,0,0,0,0,0,-,-,NaN,0,0,0,Total set,0,0,0,0,0,0,0,-,-,NaN,0,0,0,Total,9905,4276,3341,0,0,8323,1582,"10,05","1 068 842,82","107,91",3467,0,19209
Data,Ocup,Opção,Cheg,Oferta/Uso Interno,Deduz. Individ.,Deduz. Grupos,% Ocup.,Receita Quartos,Preço Médio,Saídas,Quartos FdS,Adul. / Cri.,setembro,Previsão,16-set-2027 qui,0,0,0,0,0,0,0,-,-,NaN,0,0,0,0,0,0,0,0,0,0,-,-,NaN,0,0,0,Total set,0,0,0,0,0,0,0,-,-,NaN,0,0,0,Total,9905,4276,3341,0,0,8323,1582,"10,05","1 068 842,82","107,91",3467,0,19209
Data,Ocup,Opção,Cheg,Oferta/Uso Interno,Deduz. Individ.,Deduz. Grupos,% Ocup.,Receita Quartos,Preço Médio,Saídas,Quartos FdS,Adul. / Cri.,setembro,Previsão,17-set-2027 sex,0,0,0,0,0,0,0,-,-,NaN,0,0,0,0,0,0,0,0,0,0,-,-,NaN,0,0,0,Total set,0,0,0,0,0,0,0,-,-,NaN,0,0,0,Total,9905,4276,3341,0,0,8323,1582,"10,05","1 068 842,82","107,91",3467,0,19209
Data,Ocup,Opção,Cheg,Oferta/Uso Interno,Deduz. Individ.,Deduz. Grupos,% Ocup.,Receita Quartos,Preço Médio,Saídas,Quartos FdS,Adul. / Cri.,setembro,Previsão,18-set-2027 sáb,0,0,0,0,0,0,0,-,-,NaN,0,0,0,0,0,0,0,0,0,0,-,-,NaN,0,0,0,Total set,0,0,0,0,0,0,0,-,-,NaN,0,0,0,Total,9905,4276,3341,0,0,8323,1582,"10,05","1 068 842,82","107,91",3467,0,19209
Data,Ocup,Opção,Cheg,Oferta/Uso Interno,Deduz. Individ.,Deduz. Grupos,% Ocup.,Receita Quartos,Preço Médio,Saídas,Quartos FdS,Adul. / Cri.,setembro,Previsão,19-set-2027 dom,0,0,0,0,0,0,0,-,-,NaN,0,0,0,0,0,0,0,0,0,0,-,-,NaN,0,0,0,Total set,0,0,0,0,0,0,0,-,-,NaN,0,0,0,Total,9905,4276,3341,0,0,8323,1582,"10,05","1 068 842,82","107,91",3467,0,19209
Data,Ocup,Opção,Cheg,Oferta/Uso Interno,Deduz. Individ.,Deduz. Grupos,% Ocup.,Receita Quartos,Preço Médio,Saídas,Quartos FdS,Adul. / Cri.,setembro,Previsão,20-set-2027 seg,0,0,0,0,0,0,0,-,-,NaN,0,0,0,0,0,0,0,0,0,0,-,-,NaN,0,0,0,Total set,0,0,0,0,0,0,0,-,-,NaN,0,0,0,Total,9905,4276,3341,0,0,8323,1582,"10,05","1 068 842,82","107,91",3467,0,19209
Data,Ocup,Opção,Cheg,Oferta/Uso Interno,Deduz. Individ.,Deduz. Grupos,% Ocup.,Receita Quartos,Preço Médio,Saídas,Quartos FdS,Adul. / Cri.,setembro,Previsão,21-set-2027 ter,0,0,0,0,0,0,0,-,-,NaN,0,0,0,0,0,0,0,0,0,0,-,-,NaN,0,0,0,Total set,0,0,0,0,0,0,0,-,-,NaN,0,0,0,Total,9905,4276,3341,0,0,8323,1582,"10,05","1 068 842,82","107,91",3467,0,19209
Data,Ocup,Opção,Cheg,Oferta/Uso Interno,Deduz. Individ.,Deduz. Grupos,% Ocup.,Receita Quartos,Preço Médio,Saídas,Quartos FdS,Adul. / Cri.,setembro,Previsão,22-set-2027 qua,0,0,0,0,0,0,0,-,-,NaN,0,0,0,0,0,0,0,0,0,0,-,-,NaN,0,0,0,Total set,0,0,0,0,0,0,0,-,-,NaN,0,0,0,Total,9905,4276,3341,0,0,8323,1582,"10,05","1 068 842,82","107,91",3467,0,19209
Data,Ocup,Opção,Cheg,Oferta/Uso Interno,Deduz. Individ.,Deduz. Grupos,% Ocup.,Receita Quartos,Preço Médio,Saídas,Quartos FdS,Adul. / Cri.,setembro,Previsão,23-set-2027 qui,0,0,0,0,0,0,0,-,-,NaN,0,0,0,0,0,0,0,0,0,0,-,-,NaN,0,0,0,Total set,0,0,0,0,0,0,0,-,-,NaN,0,0,0,Total,9905,4276,3341,0,0,8323,1582,"10,05","1 068 842,82","107,91",3467,0,19209
Data,Ocup,Opção,Cheg,Oferta/Uso Interno,Deduz. Individ.,Deduz. Grupos,% Ocup.,Receita Quartos,Preço Médio,Saídas,Quartos FdS,Adul. / Cri.,setembro,Previsão,24-set-2027 sex,0,0,0,0,0,0,0,-,-,NaN,0,0,0,0,0,0,0,0,0,0,-,-,NaN,0,0,0,Total set,0,0,0,0,0,0,0,-,-,NaN,0,0,0,Total,9905,4276,3341,0,0,8323,1582,"10,05","1 068 842,82","107,91",3467,0,19209
Data,Ocup,Opção,Cheg,Oferta/Uso Interno,Deduz. Individ.,Deduz. Grupos,% Ocup.,Receita Quartos,Preço Médio,Saídas,Quartos FdS,Adul. / Cri.,setembro,Previsão,25-set-2027 sáb,0,0,0,0,0,0,0,-,-,NaN,0,0,0,0,0,0,0,0,0,0,-,-,NaN,0,0,0,Total set,0,0,0,0,0,0,0,-,-,NaN,0,0,0,Total,9905,4276,3341,0,0,8323,1582,"10,05","1 068 842,82","107,91",3467,0,19209
Data,Ocup,Opção,Cheg,Oferta/Uso Interno,Deduz. Individ.,Deduz. Grupos,% Ocup.,Receita Quartos,Preço Médio,Saídas,Quartos FdS,Adul. / Cri.,setembro,Previsão,26-set-2027 dom,0,0,0,0,0,0,0,-,-,NaN,0,0,0,0,0,0,0,0,0,0,-,-,NaN,0,0,0,Total set,0,0,0,0,0,0,0,-,-,NaN,0,0,0,Total,9905,4276,3341,0,0,8323,1582,"10,05","1 068 842,82","107,91",3467,0,19209
Data,Ocup,Opção,Cheg,Oferta/Uso Interno,Deduz. Individ.,Deduz. Grupos,% Ocup.,Receita Quartos,Preço Médio,Saídas,Quartos FdS,Adul. / Cri.,setembro,Previsão,27-set-2027 seg,0,0,0,0,0,0,0,-,-,NaN,0,0,0,0,0,0,0,0,0,0,-,-,NaN,0,0,0,Total set,0,0,0,0,0,0,0,-,-,NaN,0,0,0,Total,9905,4276,3341,0,0,8323,1582,"10,05","1 068 842,82","107,91",3467,0,19209
Data,Ocup,Opção,Cheg,Oferta/Uso Interno,Deduz. Individ.,Deduz. Grupos,% Ocup.,Receita Quartos,Preço Médio,Saídas,Quartos FdS,Adul. / Cri.,setembro,Previsão,28-set-2027 ter,0,0,0,0,0,0,0,-,-,NaN,0,0,0,0,0,0,0,0,0,0,-,-,NaN,0,0,0,Total set,0,0,0,0,0,0,0,-,-,NaN,0,0,0,Total,9905,4276,3341,0,0,8323,1582,"10,05","1 068 842,82","107,91",3467,0,19209
Data,Ocup,Opção,Cheg,Oferta/Uso Interno,Deduz. Individ.,Deduz. Grupos,% Ocup.,Receita Quartos,Preço Médio,Saídas,Quartos FdS,Adul. / Cri.,setembro,Previsão,29-set-2027 qua,0,0,0,0,0,0,0,-,-,NaN,0,0,0,0,0,0,0,0,0,0,-,-,NaN,0,0,0,Total set,0,0,0,0,0,0,0,-,-,NaN,0,0,0,Total,9905,4276,3341,0,0,8323,1582,"10,05","1 068 842,82","107,91",3467,0,19209
Data,Ocup,Opção,Cheg,Oferta/Uso Interno,Deduz. Individ.,Deduz. Grupos,% Ocup.,Receita Quartos,Preço Médio,Saídas,Quartos FdS,Adul. / Cri.,setembro,Previsão,30-set-2027 qui,0,0,0,0,0,0,0,-,-,NaN,0,0,0,0,0,0,0,0,0,0,-,-,NaN,0,0,0,Total set,0,0,0,0,0,0,0,-,-,NaN,0,0,0,Total,9905,4276,3341,0,0,8323,1582,"10,05","1 068 842,82","107,91",3467,0,19209
Data,Ocup,Opção,Cheg,Oferta/Uso Interno,Deduz. Individ.,Deduz. Grupos,% Ocup.,Receita Quartos,Preço Médio,Saídas,Quartos FdS,Adul. / Cri.,outubro,Previsão,01-out-2027 sex,0,0,0,0,0,0,0,-,-,NaN,0,0,0,0,0,0,0,0,0,0,-,-,NaN,0,0,0,Total out,0,0,0,0,0,0,0,-,-,NaN,0,0,0,Total,9905,4276,3341,0,0,8323,1582,"10,05","1 068 842,82","107,91",3467,0,19209
Data,Ocup,Opção,Cheg,Oferta/Uso Interno,Deduz. Individ.,Deduz. Grupos,% Ocup.,Receita Quartos,Preço Médio,Saídas,Quartos FdS,Adul. / Cri.,outubro,Previsão,02-out-2027 sáb,0,0,0,0,0,0,0,-,-,NaN,0,0,0,0,0,0,0,0,0,0,-,-,NaN,0,0,0,Total out,0,0,0,0,0,0,0,-,-,NaN,0,0,0,Total,9905,4276,3341,0,0,8323,1582,"10,05","1 068 842,82","107,91",3467,0,19209
Data,Ocup,Opção,Cheg,Oferta/Uso Interno,Deduz. Individ.,Deduz. Grupos,% Ocup.,Receita Quartos,Preço Médio,Saídas,Quartos FdS,Adul. / Cri.,outubro,Previsão,03-out-2027 dom,0,0,0,0,0,0,0,-,-,NaN,0,0,0,0,0,0,0,0,0,0,-,-,NaN,0,0,0,Total out,0,0,0,0,0,0,0,-,-,NaN,0,0,0,Total,9905,4276,3341,0,0,8323,1582,"10,05","1 068 842,82","107,91",3467,0,19209
Data,Ocup,Opção,Cheg,Oferta/Uso Interno,Deduz. Individ.,Deduz. Grupos,% Ocup.,Receita Quartos,Preço Médio,Saídas,Quartos FdS,Adul. / Cri.,outubro,Previsão,04-out-2027 seg,0,0,0,0,0,0,0,-,-,NaN,0,0,0,0,0,0,0,0,0,0,-,-,NaN,0,0,0,Total out,0,0,0,0,0,0,0,-,-,NaN,0,0,0,Total,9905,4276,3341,0,0,8323,1582,"10,05","1 068 842,82","107,91",3467,0,19209
Data,Ocup,Opção,Cheg,Oferta/Uso Interno,Deduz. Individ.,Deduz. Grupos,% Ocup.,Receita Quartos,Preço Médio,Saídas,Quartos FdS,Adul. / Cri.,outubro,Previsão,05-out-2027 ter,0,0,0,0,0,0,0,-,-,NaN,0,0,0,0,0,0,0,0,0,0,-,-,NaN,0,0,0,Total out,0,0,0,0,0,0,0,-,-,NaN,0,0,0,Total,9905,4276,3341,0,0,8323,1582,"10,05","1 068 842,82","107,91",3467,0,19209
Data,Ocup,Opção,Cheg,Oferta/Uso Interno,Deduz. Individ.,Deduz. Grupos,% Ocup.,Receita Quartos,Preço Médio,Saídas,Quartos FdS,Adul. / Cri.,outubro,Previsão,06-out-2027 qua,0,0,0,0,0,0,0,-,-,NaN,0,0,0,0,0,0,0,0,0,0,-,-,NaN,0,0,0,Total out,0,0,0,0,0,0,0,-,-,NaN,0,0,0,Total,9905,4276,3341,0,0,8323,1582,"10,05","1 068 842,82","107,91",3467,0,19209
Data,Ocup,Opção,Cheg,Oferta/Uso Interno,Deduz. Individ.,Deduz. Grupos,% Ocup.,Receita Quartos,Preço Médio,Saídas,Quartos FdS,Adul. / Cri.,outubro,Previsão,07-out-2027 qui,0,0,0,0,0,0,0,-,-,NaN,0,0,0,0,0,0,0,0,0,0,-,-,NaN,0,0,0,Total out,0,0,0,0,0,0,0,-,-,NaN,0,0,0,Total,9905,4276,3341,0,0,8323,1582,"10,05","1 068 842,82","107,91",3467,0,19209
Data,Ocup,Opção,Cheg,Oferta/Uso Interno,Deduz. Individ.,Deduz. Grupos,% Ocup.,Receita Quartos,Preço Médio,Saídas,Quartos FdS,Adul. / Cri.,outubro,Previsão,08-out-2027 sex,0,0,0,0,0,0,0,-,-,NaN,0,0,0,0,0,0,0,0,0,0,-,-,NaN,0,0,0,Total out,0,0,0,0,0,0,0,-,-,NaN,0,0,0,Total,9905,4276,3341,0,0,8323,1582,"10,05","1 068 842,82","107,91",3467,0,19209
Data,Ocup,Opção,Cheg,Oferta/Uso Interno,Deduz. Individ.,Deduz. Grupos,% Ocup.,Receita Quartos,Preço Médio,Saídas,Quartos FdS,Adul. / Cri.,outubro,Previsão,09-out-2027 sáb,0,0,0,0,0,0,0,-,-,NaN,0,0,0,0,0,0,0,0,0,0,-,-,NaN,0,0,0,Total out,0,0,0,0,0,0,0,-,-,NaN,0,0,0,Total,9905,4276,3341,0,0,8323,1582,"10,05","1 068 842,82","107,91",3467,0,19209
Data,Ocup,Opção,Cheg,Oferta/Uso Interno,Deduz. Individ.,Deduz. Grupos,% Ocup.,Receita Quartos,Preço Médio,Saídas,Quartos FdS,Adul. / Cri.,outubro,Previsão,10-out-2027 dom,0,0,0,0,0,0,0,-,-,NaN,0,0,0,0,0,0,0,0,0,0,-,-,NaN,0,0,0,Total out,0,0,0,0,0,0,0,-,-,NaN,0,0,0,Total,9905,4276,3341,0,0,8323,1582,"10,05","1 068 842,82","107,91",3467,0,19209
Data,Ocup,Opção,Cheg,Oferta/Uso Interno,Deduz. Individ.,Deduz. Grupos,% Ocup.,Receita Quartos,Preço Médio,Saídas,Quartos FdS,Adul. / Cri.,outubro,Previsão,11-out-2027 seg,0,0,0,0,0,0,0,-,-,NaN,0,0,0,0,0,0,0,0,0,0,-,-,NaN,0,0,0,Total out,0,0,0,0,0,0,0,-,-,NaN,0,0,0,Total,9905,4276,3341,0,0,8323,1582,"10,05","1 068 842,82","107,91",3467,0,19209
Data,Ocup,Opção,Cheg,Oferta/Uso Interno,Deduz. Individ.,Deduz. Grupos,% Ocup.,Receita Quartos,Preço Médio,Saídas,Quartos FdS,Adul. / Cri.,outubro,Previsão,12-out-2027 ter,0,0,0,0,0,0,0,-,-,NaN,0,0,0,0,0,0,0,0,0,0,-,-,NaN,0,0,0,Total out,0,0,0,0,0,0,0,-,-,NaN,0,0,0,Total,9905,4276,3341,0,0,8323,1582,"10,05","1 068 842,82","107,91",3467,0,19209
Data,Ocup,Opção,Cheg,Oferta/Uso Interno,Deduz. Individ.,Deduz. Grupos,% Ocup.,Receita Quartos,Preço Médio,Saídas,Quartos FdS,Adul. / Cri.,outubro,Previsão,13-out-2027 qua,0,0,0,0,0,0,0,-,-,NaN,0,0,0,0,0,0,0,0,0,0,-,-,NaN,0,0,0,Total out,0,0,0,0,0,0,0,-,-,NaN,0,0,0,Total,9905,4276,3341,0,0,8323,1582,"10,05","1 068 842,82","107,91",3467,0,19209
Data,Ocup,Opção,Cheg,Oferta/Uso Interno,Deduz. Individ.,Deduz. Grupos,% Ocup.,Receita Quartos,Preço Médio,Saídas,Quartos FdS,Adul. / Cri.,outubro,Previsão,14-out-2027 qui,0,0,0,0,0,0,0,-,-,NaN,0,0,0,0,0,0,0,0,0,0,-,-,NaN,0,0,0,Total out,0,0,0,0,0,0,0,-,-,NaN,0,0,0,Total,9905,4276,3341,0,0,8323,1582,"10,05","1 068 842,82","107,91",3467,0,19209
Data,Ocup,Opção,Cheg,Oferta/Uso Interno,Deduz. Individ.,Deduz. Grupos,% Ocup.,Receita Quartos,Preço Médio,Saídas,Quartos FdS,Adul. / Cri.,outubro,Previsão,15-out-2027 sex,0,0,0,0,0,0,0,-,-,NaN,0,0,0,0,0,0,0,0,0,0,-,-,NaN,0,0,0,Total out,0,0,0,0,0,0,0,-,-,NaN,0,0,0,Total,9905,4276,3341,0,0,8323,1582,"10,05","1 068 842,82","107,91",3467,0,19209
Data,Ocup,Opção,Cheg,Oferta/Uso Interno,Deduz. Individ.,Deduz. Grupos,% Ocup.,Receita Quartos,Preço Médio,Saídas,Quartos FdS,Adul. / Cri.,outubro,Previsão,16-out-2027 sáb,0,0,0,0,0,0,0,-,-,NaN,0,0,0,0,0,0,0,0,0,0,-,-,NaN,0,0,0,Total out,0,0,0,0,0,0,0,-,-,NaN,0,0,0,Total,9905,4276,3341,0,0,8323,1582,"10,05","1 068 842,82","107,91",3467,0,19209
Data,Ocup,Opção,Cheg,Oferta/Uso Interno,Deduz. Individ.,Deduz. Grupos,% Ocup.,Receita Quartos,Preço Médio,Saídas,Quartos FdS,Adul. / Cri.,outubro,Previsão,17-out-2027 dom,0,0,0,0,0,0,0,-,-,NaN,0,0,0,0,0,0,0,0,0,0,-,-,NaN,0,0,0,Total out,0,0,0,0,0,0,0,-,-,NaN,0,0,0,Total,9905,4276,3341,0,0,8323,1582,"10,05","1 068 842,82","107,91",3467,0,19209
Data,Ocup,Opção,Cheg,Oferta/Uso Interno,Deduz. Individ.,Deduz. Grupos,% Ocup.,Receita Quartos,Preço Médio,Saídas,Quartos FdS,Adul. / Cri.,outubro,Previsão,18-out-2027 seg,0,0,0,0,0,0,0,-,-,NaN,0,0,0,0,0,0,0,0,0,0,-,-,NaN,0,0,0,Total out,0,0,0,0,0,0,0,-,-,NaN,0,0,0,Total,9905,4276,3341,0,0,8323,1582,"10,05","1 068 842,82","107,91",3467,0,19209
Data,Ocup,Opção,Cheg,Oferta/Uso Interno,Deduz. Individ.,Deduz. Grupos,% Ocup.,Receita Quartos,Preço Médio,Saídas,Quartos FdS,Adul. / Cri.,outubro,Previsão,19-out-2027 ter,0,0,0,0,0,0,0,-,-,NaN,0,0,0,0,0,0,0,0,0,0,-,-,NaN,0,0,0,Total out,0,0,0,0,0,0,0,-,-,NaN,0,0,0,Total,9905,4276,3341,0,0,8323,1582,"10,05","1 068 842,82","107,91",3467,0,19209
Data,Ocup,Opção,Cheg,Oferta/Uso Interno,Deduz. Individ.,Deduz. Grupos,% Ocup.,Receita Quartos,Preço Médio,Saídas,Quartos FdS,Adul. / Cri.,outubro,Previsão,20-out-2027 qua,0,0,0,0,0,0,0,-,-,NaN,0,0,0,0,0,0,0,0,0,0,-,-,NaN,0,0,0,Total out,0,0,0,0,0,0,0,-,-,NaN,0,0,0,Total,9905,4276,3341,0,0,8323,1582,"10,05","1 068 842,82","107,91",3467,0,19209
Data,Ocup,Opção,Cheg,Oferta/Uso Interno,Deduz. Individ.,Deduz. Grupos,% Ocup.,Receita Quartos,Preço Médio,Saídas,Quartos FdS,Adul. / Cri.,outubro,Previsão,21-out-2027 qui,0,0,0,0,0,0,0,-,-,NaN,0,0,0,0,0,0,0,0,0,0,-,-,NaN,0,0,0,Total out,0,0,0,0,0,0,0,-,-,NaN,0,0,0,Total,9905,4276,3341,0,0,8323,1582,"10,05","1 068 842,82","107,91",3467,0,19209
Data,Ocup,Opção,Cheg,Oferta/Uso Interno,Deduz. Individ.,Deduz. Grupos,% Ocup.,Receita Quartos,Preço Médio,Saídas,Quartos FdS,Adul. / Cri.,outubro,Previsão,22-out-2027 sex,0,0,0,0,0,0,0,-,-,NaN,0,0,0,0,0,0,0,0,0,0,-,-,NaN,0,0,0,Total out,0,0,0,0,0,0,0,-,-,NaN,0,0,0,Total,9905,4276,3341,0,0,8323,1582,"10,05","1 068 842,82","107,91",3467,0,19209
Data,Ocup,Opção,Cheg,Oferta/Uso Interno,Deduz. Individ.,Deduz. Grupos,% Ocup.,Receita Quartos,Preço Médio,Saídas,Quartos FdS,Adul. / Cri.,outubro,Previsão,23-out-2027 sáb,0,0,0,0,0,0,0,-,-,NaN,0,0,0,0,0,0,0,0,0,0,-,-,NaN,0,0,0,Total out,0,0,0,0,0,0,0,-,-,NaN,0,0,0,Total,9905,4276,3341,0,0,8323,1582,"10,05","1 068 842,82","107,91",3467,0,19209
Data,Ocup,Opção,Cheg,Oferta/Uso Interno,Deduz. Individ.,Deduz. Grupos,% Ocup.,Receita Quartos,Preço Médio,Saídas,Quartos FdS,Adul. / Cri.,outubro,Previsão,24-out-2027 dom,0,0,0,0,0,0,0,-,-,NaN,0,0,0,0,0,0,0,0,0,0,-,-,NaN,0,0,0,Total out,0,0,0,0,0,0,0,-,-,NaN,0,0,0,Total,9905,4276,3341,0,0,8323,1582,"10,05","1 068 842,82","107,91",3467,0,19209
Data,Ocup,Opção,Cheg,Oferta/Uso Interno,Deduz. Individ.,Deduz. Grupos,% Ocup.,Receita Quartos,Preço Médio,Saídas,Quartos FdS,Adul. / Cri.,outubro,Previsão,25-out-2027 seg,0,0,0,0,0,0,0,-,-,NaN,0,0,0,0,0,0,0,0,0,0,-,-,NaN,0,0,0,Total out,0,0,0,0,0,0,0,-,-,NaN,0,0,0,Total,9905,4276,3341,0,0,8323,1582,"10,05","1 068 842,82","107,91",3467,0,19209
Data,Ocup,Opção,Cheg,Oferta/Uso Interno,Deduz. Individ.,Deduz. Grupos,% Ocup.,Receita Quartos,Preço Médio,Saídas,Quartos FdS,Adul. / Cri.,outubro,Previsão,26-out-2027 ter,0,0,0,0,0,0,0,-,-,NaN,0,0,0,0,0,0,0,0,0,0,-,-,NaN,0,0,0,Total out,0,0,0,0,0,0,0,-,-,NaN,0,0,0,Total,9905,4276,3341,0,0,8323,1582,"10,05","1 068 842,82","107,91",3467,0,19209
Data,Ocup,Opção,Cheg,Oferta/Uso Interno,Deduz. Individ.,Deduz. Grupos,% Ocup.,Receita Quartos,Preço Médio,Saídas,Quartos FdS,Adul. / Cri.,outubro,Previsão,27-out-2027 qua,0,0,0,0,0,0,0,-,-,NaN,0,0,0,0,0,0,0,0,0,0,-,-,NaN,0,0,0,Total out,0,0,0,0,0,0,0,-,-,NaN,0,0,0,Total,9905,4276,3341,0,0,8323,1582,"10,05","1 068 842,82","107,91",3467,0,19209
Data,Ocup,Opção,Cheg,Oferta/Uso Interno,Deduz. Individ.,Deduz. Grupos,% Ocup.,Receita Quartos,Preço Médio,Saídas,Quartos FdS,Adul. / Cri.,outubro,Previsão,28-out-2027 qui,0,0,0,0,0,0,0,-,-,NaN,0,0,0,0,0,0,0,0,0,0,-,-,NaN,0,0,0,Total out,0,0,0,0,0,0,0,-,-,NaN,0,0,0,Total,9905,4276,3341,0,0,8323,1582,"10,05","1 068 842,82","107,91",3467,0,19209
Data,Ocup,Opção,Cheg,Oferta/Uso Interno,Deduz. Individ.,Deduz. Grupos,% Ocup.,Receita Quartos,Preço Médio,Saídas,Quartos FdS,Adul. / Cri.,outubro,Previsão,29-out-2027 sex,0,0,0,0,0,0,0,-,-,NaN,0,0,0,0,0,0,0,0,0,0,-,-,NaN,0,0,0,Total out,0,0,0,0,0,0,0,-,-,NaN,0,0,0,Total,9905,4276,3341,0,0,8323,1582,"10,05","1 068 842,82","107,91",3467,0,19209
Data,Ocup,Opção,Cheg,Oferta/Uso Interno,Deduz. Individ.,Deduz. Grupos,% Ocup.,Receita Quartos,Preço Médio,Saídas,Quartos FdS,Adul. / Cri.,outubro,Previsão,30-out-2027 sáb,0,0,0,0,0,0,0,-,-,NaN,0,0,0,0,0,0,0,0,0,0,-,-,NaN,0,0,0,Total out,0,0,0,0,0,0,0,-,-,NaN,0,0,0,Total,9905,4276,3341,0,0,8323,1582,"10,05","1 068 842,82","107,91",3467,0,19209
Data,Ocup,Opção,Cheg,Oferta/Uso Interno,Deduz. Individ.,Deduz. Grupos,% Ocup.,Receita Quartos,Preço Médio,Saídas,Quartos FdS,Adul. / Cri.,outubro,Previsão,31-out-2027 dom,0,0,0,0,0,0,0,-,-,NaN,0,0,0,0,0,0,0,0,0,0,-,-,NaN,0,0,0,Total out,0,0,0,0,0,0,0,-,-,NaN,0,0,0,Total,9905,4276,3341,0,0,8323,1582,"10,05","1 068 842,82","107,91",3467,0,19209
Data,Ocup,Opção,Cheg,Oferta/Uso Interno,Deduz. Individ.,Deduz. Grupos,% Ocup.,Receita Quartos,Preço Médio,Saídas,Quartos FdS,Adul. / Cri.,novembro,Previsão,01-nov-2027 seg,0,0,0,0,0,0,0,-,-,NaN,0,0,0,0,0,0,0,0,0,0,-,-,NaN,0,0,0,Total nov,0,0,0,0,0,0,0,-,-,NaN,0,0,0,Total,9905,4276,3341,0,0,8323,1582,"10,05","1 068 842,82","107,91",3467,0,19209
Data,Ocup,Opção,Cheg,Oferta/Uso Interno,Deduz. Individ.,Deduz. Grupos,% Ocup.,Receita Quartos,Preço Médio,Saídas,Quartos FdS,Adul. / Cri.,novembro,Previsão,02-nov-2027 ter,0,0,0,0,0,0,0,-,-,NaN,0,0,0,0,0,0,0,0,0,0,-,-,NaN,0,0,0,Total nov,0,0,0,0,0,0,0,-,-,NaN,0,0,0,Total,9905,4276,3341,0,0,8323,1582,"10,05","1 068 842,82","107,91",3467,0,19209
Data,Ocup,Opção,Cheg,Oferta/Uso Interno,Deduz. Individ.,Deduz. Grupos,% Ocup.,Receita Quartos,Preço Médio,Saídas,Quartos FdS,Adul. / Cri.,novembro,Previsão,03-nov-2027 qua,0,0,0,0,0,0,0,-,-,NaN,0,0,0,0,0,0,0,0,0,0,-,-,NaN,0,0,0,Total nov,0,0,0,0,0,0,0,-,-,NaN,0,0,0,Total,9905,4276,3341,0,0,8323,1582,"10,05","1 068 842,82","107,91",3467,0,19209
Data,Ocup,Opção,Cheg,Oferta/Uso Interno,Deduz. Individ.,Deduz. Grupos,% Ocup.,Receita Quartos,Preço Médio,Saídas,Quartos FdS,Adul. / Cri.,novembro,Previsão,04-nov-2027 qui,0,0,0,0,0,0,0,-,-,NaN,0,0,0,0,0,0,0,0,0,0,-,-,NaN,0,0,0,Total nov,0,0,0,0,0,0,0,-,-,NaN,0,0,0,Total,9905,4276,3341,0,0,8323,1582,"10,05","1 068 842,82","107,91",3467,0,19209
Data,Ocup,Opção,Cheg,Oferta/Uso Interno,Deduz. Individ.,Deduz. Grupos,% Ocup.,Receita Quartos,Preço Médio,Saídas,Quartos FdS,Adul. / Cri.,novembro,Previsão,05-nov-2027 sex,0,0,0,0,0,0,0,-,-,NaN,0,0,0,0,0,0,0,0,0,0,-,-,NaN,0,0,0,Total nov,0,0,0,0,0,0,0,-,-,NaN,0,0,0,Total,9905,4276,3341,0,0,8323,1582,"10,05","1 068 842,82","107,91",3467,0,19209
Data,Ocup,Opção,Cheg,Oferta/Uso Interno,Deduz. Individ.,Deduz. Grupos,% Ocup.,Receita Quartos,Preço Médio,Saídas,Quartos FdS,Adul. / Cri.,novembro,Previsão,06-nov-2027 sáb,0,0,0,0,0,0,0,-,-,NaN,0,0,0,0,0,0,0,0,0,0,-,-,NaN,0,0,0,Total nov,0,0,0,0,0,0,0,-,-,NaN,0,0,0,Total,9905,4276,3341,0,0,8323,1582,"10,05","1 068 842,82","107,91",3467,0,19209
Data,Ocup,Opção,Cheg,Oferta/Uso Interno,Deduz. Individ.,Deduz. Grupos,% Ocup.,Receita Quartos,Preço Médio,Saídas,Quartos FdS,Adul. / Cri.,novembro,Previsão,07-nov-2027 dom,0,0,0,0,0,0,0,-,-,NaN,0,0,0,0,0,0,0,0,0,0,-,-,NaN,0,0,0,Total nov,0,0,0,0,0,0,0,-,-,NaN,0,0,0,Total,9905,4276,3341,0,0,8323,1582,"10,05","1 068 842,82","107,91",3467,0,19209
Data,Ocup,Opção,Cheg,Oferta/Uso Interno,Deduz. Individ.,Deduz. Grupos,% Ocup.,Receita Quartos,Preço Médio,Saídas,Quartos FdS,Adul. / Cri.,novembro,Previsão,08-nov-2027 seg,0,0,0,0,0,0,0,-,-,NaN,0,0,0,0,0,0,0,0,0,0,-,-,NaN,0,0,0,Total nov,0,0,0,0,0,0,0,-,-,NaN,0,0,0,Total,9905,4276,3341,0,0,8323,1582,"10,05","1 068 842,82","107,91",3467,0,19209
Data,Ocup,Opção,Cheg,Oferta/Uso Interno,Deduz. Individ.,Deduz. Grupos,% Ocup.,Receita Quartos,Preço Médio,Saídas,Quartos FdS,Adul. / Cri.,novembro,Previsão,09-nov-2027 ter,0,0,0,0,0,0,0,-,-,NaN,0,0,0,0,0,0,0,0,0,0,-,-,NaN,0,0,0,Total nov,0,0,0,0,0,0,0,-,-,NaN,0,0,0,Total,9905,4276,3341,0,0,8323,1582,"10,05","1 068 842,82","107,91",3467,0,19209
Data,Ocup,Opção,Cheg,Oferta/Uso Interno,Deduz. Individ.,Deduz. Grupos,% Ocup.,Receita Quartos,Preço Médio,Saídas,Quartos FdS,Adul. / Cri.,novembro,Previsão,10-nov-2027 qua,0,0,0,0,0,0,0,-,-,NaN,0,0,0,0,0,0,0,0,0,0,-,-,NaN,0,0,0,Total nov,0,0,0,0,0,0,0,-,-,NaN,0,0,0,Total,9905,4276,3341,0,0,8323,1582,"10,05","1 068 842,82","107,91",3467,0,19209
Data,Ocup,Opção,Cheg,Oferta/Uso Interno,Deduz. Individ.,Deduz. Grupos,% Ocup.,Receita Quartos,Preço Médio,Saídas,Quartos FdS,Adul. / Cri.,novembro,Previsão,11-nov-2027 qui,0,0,0,0,0,0,0,-,-,NaN,0,0,0,0,0,0,0,0,0,0,-,-,NaN,0,0,0,Total nov,0,0,0,0,0,0,0,-,-,NaN,0,0,0,Total,9905,4276,3341,0,0,8323,1582,"10,05","1 068 842,82","107,91",3467,0,19209
Data,Ocup,Opção,Cheg,Oferta/Uso Interno,Deduz. Individ.,Deduz. Grupos,% Ocup.,Receita Quartos,Preço Médio,Saídas,Quartos FdS,Adul. / Cri.,novembro,Previsão,12-nov-2027 sex,0,0,0,0,0,0,0,-,-,NaN,0,0,0,0,0,0,0,0,0,0,-,-,NaN,0,0,0,Total nov,0,0,0,0,0,0,0,-,-,NaN,0,0,0,Total,9905,4276,3341,0,0,8323,1582,"10,05","1 068 842,82","107,91",3467,0,19209
Data,Ocup,Opção,Cheg,Oferta/Uso Interno,Deduz. Individ.,Deduz. Grupos,% Ocup.,Receita Quartos,Preço Médio,Saídas,Quartos FdS,Adul. / Cri.,novembro,Previsão,13-nov-2027 sáb,0,0,0,0,0,0,0,-,-,NaN,0,0,0,0,0,0,0,0,0,0,-,-,NaN,0,0,0,Total nov,0,0,0,0,0,0,0,-,-,NaN,0,0,0,Total,9905,4276,3341,0,0,8323,1582,"10,05","1 068 842,82","107,91",3467,0,19209
Data,Ocup,Opção,Cheg,Oferta/Uso Interno,Deduz. Individ.,Deduz. Grupos,% Ocup.,Receita Quartos,Preço Médio,Saídas,Quartos FdS,Adul. / Cri.,novembro,Previsão,14-nov-2027 dom,0,0,0,0,0,0,0,-,-,NaN,0,0,0,0,0,0,0,0,0,0,-,-,NaN,0,0,0,Total nov,0,0,0,0,0,0,0,-,-,NaN,0,0,0,Total,9905,4276,3341,0,0,8323,1582,"10,05","1 068 842,82","107,91",3467,0,19209
Data,Ocup,Opção,Cheg,Oferta/Uso Interno,Deduz. Individ.,Deduz. Grupos,% Ocup.,Receita Quartos,Preço Médio,Saídas,Quartos FdS,Adul. / Cri.,novembro,Previsão,15-nov-2027 seg,0,0,0,0,0,0,0,-,-,NaN,0,0,0,0,0,0,0,0,0,0,-,-,NaN,0,0,0,Total nov,0,0,0,0,0,0,0,-,-,NaN,0,0,0,Total,9905,4276,3341,0,0,8323,1582,"10,05","1 068 842,82","107,91",3467,0,19209
Data,Ocup,Opção,Cheg,Oferta/Uso Interno,Deduz. Individ.,Deduz. Grupos,% Ocup.,Receita Quartos,Preço Médio,Saídas,Quartos FdS,Adul. / Cri.,novembro,Previsão,16-nov-2027 ter,0,0,0,0,0,0,0,-,-,NaN,0,0,0,0,0,0,0,0,0,0,-,-,NaN,0,0,0,Total nov,0,0,0,0,0,0,0,-,-,NaN,0,0,0,Total,9905,4276,3341,0,0,8323,1582,"10,05","1 068 842,82","107,91",3467,0,19209
Data,Ocup,Opção,Cheg,Oferta/Uso Interno,Deduz. Individ.,Deduz. Grupos,% Ocup.,Receita Quartos,Preço Médio,Saídas,Quartos FdS,Adul. / Cri.,novembro,Previsão,17-nov-2027 qua,0,0,0,0,0,0,0,-,-,NaN,0,0,0,0,0,0,0,0,0,0,-,-,NaN,0,0,0,Total nov,0,0,0,0,0,0,0,-,-,NaN,0,0,0,Total,9905,4276,3341,0,0,8323,1582,"10,05","1 068 842,82","107,91",3467,0,19209
Data,Ocup,Opção,Cheg,Oferta/Uso Interno,Deduz. Individ.,Deduz. Grupos,% Ocup.,Receita Quartos,Preço Médio,Saídas,Quartos FdS,Adul. / Cri.,novembro,Previsão,18-nov-2027 qui,0,0,0,0,0,0,0,-,-,NaN,0,0,0,0,0,0,0,0,0,0,-,-,NaN,0,0,0,Total nov,0,0,0,0,0,0,0,-,-,NaN,0,0,0,Total,9905,4276,3341,0,0,8323,1582,"10,05","1 068 842,82","107,91",3467,0,19209
Data,Ocup,Opção,Cheg,Oferta/Uso Interno,Deduz. Individ.,Deduz. Grupos,% Ocup.,Receita Quartos,Preço Médio,Saídas,Quartos FdS,Adul. / Cri.,novembro,Previsão,19-nov-2027 sex,0,0,0,0,0,0,0,-,-,NaN,0,0,0,0,0,0,0,0,0,0,-,-,NaN,0,0,0,Total nov,0,0,0,0,0,0,0,-,-,NaN,0,0,0,Total,9905,4276,3341,0,0,8323,1582,"10,05","1 068 842,82","107,91",3467,0,19209
Data,Ocup,Opção,Cheg,Oferta/Uso Interno,Deduz. Individ.,Deduz. Grupos,% Ocup.,Receita Quartos,Preço Médio,Saídas,Quartos FdS,Adul. / Cri.,novembro,Previsão,20-nov-2027 sáb,0,0,0,0,0,0,0,-,-,NaN,0,0,0,0,0,0,0,0,0,0,-,-,NaN,0,0,0,Total nov,0,0,0,0,0,0,0,-,-,NaN,0,0,0,Total,9905,4276,3341,0,0,8323,1582,"10,05","1 068 842,82","107,91",3467,0,19209
Data,Ocup,Opção,Cheg,Oferta/Uso Interno,Deduz. Individ.,Deduz. Grupos,% Ocup.,Receita Quartos,Preço Médio,Saídas,Quartos FdS,Adul. / Cri.,novembro,Previsão,21-nov-2027 dom,0,0,0,0,0,0,0,-,-,NaN,0,0,0,0,0,0,0,0,0,0,-,-,NaN,0,0,0,Total nov,0,0,0,0,0,0,0,-,-,NaN,0,0,0,Total,9905,4276,3341,0,0,8323,1582,"10,05","1 068 842,82","107,91",3467,0,19209
Data,Ocup,Opção,Cheg,Oferta/Uso Interno,Deduz. Individ.,Deduz. Grupos,% Ocup.,Receita Quartos,Preço Médio,Saídas,Quartos FdS,Adul. / Cri.,novembro,Previsão,22-nov-2027 seg,0,0,0,0,0,0,0,-,-,NaN,0,0,0,0,0,0,0,0,0,0,-,-,NaN,0,0,0,Total nov,0,0,0,0,0,0,0,-,-,NaN,0,0,0,Total,9905,4276,3341,0,0,8323,1582,"10,05","1 068 842,82","107,91",3467,0,19209
Data,Ocup,Opção,Cheg,Oferta/Uso Interno,Deduz. Individ.,Deduz. Grupos,% Ocup.,Receita Quartos,Preço Médio,Saídas,Quartos FdS,Adul. / Cri.,novembro,Previsão,23-nov-2027 ter,0,0,0,0,0,0,0,-,-,NaN,0,0,0,0,0,0,0,0,0,0,-,-,NaN,0,0,0,Total nov,0,0,0,0,0,0,0,-,-,NaN,0,0,0,Total,9905,4276,3341,0,0,8323,1582,"10,05","1 068 842,82","107,91",3467,0,19209
Data,Ocup,Opção,Cheg,Oferta/Uso Interno,Deduz. Individ.,Deduz. Grupos,% Ocup.,Receita Quartos,Preço Médio,Saídas,Quartos FdS,Adul. / Cri.,novembro,Previsão,24-nov-2027 qua,0,0,0,0,0,0,0,-,-,NaN,0,0,0,0,0,0,0,0,0,0,-,-,NaN,0,0,0,Total nov,0,0,0,0,0,0,0,-,-,NaN,0,0,0,Total,9905,4276,3341,0,0,8323,1582,"10,05","1 068 842,82","107,91",3467,0,19209
Data,Ocup,Opção,Cheg,Oferta/Uso Interno,Deduz. Individ.,Deduz. Grupos,% Ocup.,Receita Quartos,Preço Médio,Saídas,Quartos FdS,Adul. / Cri.,novembro,Previsão,25-nov-2027 qui,0,0,0,0,0,0,0,-,-,NaN,0,0,0,0,0,0,0,0,0,0,-,-,NaN,0,0,0,Total nov,0,0,0,0,0,0,0,-,-,NaN,0,0,0,Total,9905,4276,3341,0,0,8323,1582,"10,05","1 068 842,82","107,91",3467,0,19209
Data,Ocup,Opção,Cheg,Oferta/Uso Interno,Deduz. Individ.,Deduz. Grupos,% Ocup.,Receita Quartos,Preço Médio,Saídas,Quartos FdS,Adul. / Cri.,novembro,Previsão,26-nov-2027 sex,0,0,0,0,0,0,0,-,-,NaN,0,0,0,0,0,0,0,0,0,0,-,-,NaN,0,0,0,Total nov,0,0,0,0,0,0,0,-,-,NaN,0,0,0,Total,9905,4276,3341,0,0,8323,1582,"10,05","1 068 842,82","107,91",3467,0,19209
Data,Ocup,Opção,Cheg,Oferta/Uso Interno,Deduz. Individ.,Deduz. Grupos,% Ocup.,Receita Quartos,Preço Médio,Saídas,Quartos FdS,Adul. / Cri.,novembro,Previsão,27-nov-2027 sáb,0,0,0,0,0,0,0,-,-,NaN,0,0,0,0,0,0,0,0,0,0,-,-,NaN,0,0,0,Total nov,0,0,0,0,0,0,0,-,-,NaN,0,0,0,Total,9905,4276,3341,0,0,8323,1582,"10,05","1 068 842,82","107,91",3467,0,19209
Data,Ocup,Opção,Cheg,Oferta/Uso Interno,Deduz. Individ.,Deduz. Grupos,% Ocup.,Receita Quartos,Preço Médio,Saídas,Quartos FdS,Adul. / Cri.,novembro,Previsão,28-nov-2027 dom,0,0,0,0,0,0,0,-,-,NaN,0,0,0,0,0,0,0,0,0,0,-,-,NaN,0,0,0,Total nov,0,0,0,0,0,0,0,-,-,NaN,0,0,0,Total,9905,4276,3341,0,0,8323,1582,"10,05","1 068 842,82","107,91",3467,0,19209
Data,Ocup,Opção,Cheg,Oferta/Uso Interno,Deduz. Individ.,Deduz. Grupos,% Ocup.,Receita Quartos,Preço Médio,Saídas,Quartos FdS,Adul. / Cri.,novembro,Previsão,29-nov-2027 seg,0,0,0,0,0,0,0,-,-,NaN,0,0,0,0,0,0,0,0,0,0,-,-,NaN,0,0,0,Total nov,0,0,0,0,0,0,0,-,-,NaN,0,0,0,Total,9905,4276,3341,0,0,8323,1582,"10,05","1 068 842,82","107,91",3467,0,19209
Data,Ocup,Opção,Cheg,Oferta/Uso Interno,Deduz. Individ.,Deduz. Grupos,% Ocup.,Receita Quartos,Preço Médio,Saídas,Quartos FdS,Adul. / Cri.,novembro,Previsão,30-nov-2027 ter,0,0,0,0,0,0,0,-,-,NaN,0,0,0,0,0,0,0,0,0,0,-,-,NaN,0,0,0,Total nov,0,0,0,0,0,0,0,-,-,NaN,0,0,0,Total,9905,4276,3341,0,0,8323,1582,"10,05","1 068 842,82","107,91",3467,0,19209
Data,Ocup,Opção,Cheg,Oferta/Uso Interno,Deduz. Individ.,Deduz. Grupos,% Ocup.,Receita Quartos,Preço Médio,Saídas,Quartos FdS,Adul. / Cri.,dezembro,Previsão,01-dez-2027 qua,0,0,0,0,0,0,0,-,-,NaN,0,0,0,0,0,0,0,0,0,0,-,-,NaN,0,0,0,Total dez,0,0,0,0,0,0,0,-,-,NaN,0,0,0,Total,9905,4276,3341,0,0,8323,1582,"10,05","1 068 842,82","107,91",3467,0,19209
Data,Ocup,Opção,Cheg,Oferta/Uso Interno,Deduz. Individ.,Deduz. Grupos,% Ocup.,Receita Quartos,Preço Médio,Saídas,Quartos FdS,Adul. / Cri.,dezembro,Previsão,02-dez-2027 qui,0,0,0,0,0,0,0,-,-,NaN,0,0,0,0,0,0,0,0,0,0,-,-,NaN,0,0,0,Total dez,0,0,0,0,0,0,0,-,-,NaN,0,0,0,Total,9905,4276,3341,0,0,8323,1582,"10,05","1 068 842,82","107,91",3467,0,19209
Data,Ocup,Opção,Cheg,Oferta/Uso Interno,Deduz. Individ.,Deduz. Grupos,% Ocup.,Receita Quartos,Preço Médio,Saídas,Quartos FdS,Adul. / Cri.,dezembro,Previsão,03-dez-2027 sex,0,0,0,0,0,0,0,-,-,NaN,0,0,0,0,0,0,0,0,0,0,-,-,NaN,0,0,0,Total dez,0,0,0,0,0,0,0,-,-,NaN,0,0,0,Total,9905,4276,3341,0,0,8323,1582,"10,05","1 068 842,82","107,91",3467,0,19209
Data,Ocup,Opção,Cheg,Oferta/Uso Interno,Deduz. Individ.,Deduz. Grupos,% Ocup.,Receita Quartos,Preço Médio,Saídas,Quartos FdS,Adul. / Cri.,dezembro,Previsão,04-dez-2027 sáb,0,0,0,0,0,0,0,-,-,NaN,0,0,0,0,0,0,0,0,0,0,-,-,NaN,0,0,0,Total dez,0,0,0,0,0,0,0,-,-,NaN,0,0,0,Total,9905,4276,3341,0,0,8323,1582,"10,05","1 068 842,82","107,91",3467,0,19209
Data,Ocup,Opção,Cheg,Oferta/Uso Interno,Deduz. Individ.,Deduz. Grupos,% Ocup.,Receita Quartos,Preço Médio,Saídas,Quartos FdS,Adul. / Cri.,dezembro,Previsão,05-dez-2027 dom,0,0,0,0,0,0,0,-,-,NaN,0,0,0,0,0,0,0,0,0,0,-,-,NaN,0,0,0,Total dez,0,0,0,0,0,0,0,-,-,NaN,0,0,0,Total,9905,4276,3341,0,0,8323,1582,"10,05","1 068 842,82","107,91",3467,0,19209
Data,Ocup,Opção,Cheg,Oferta/Uso Interno,Deduz. Individ.,Deduz. Grupos,% Ocup.,Receita Quartos,Preço Médio,Saídas,Quartos FdS,Adul. / Cri.,dezembro,Previsão,06-dez-2027 seg,0,0,0,0,0,0,0,-,-,NaN,0,0,0,0,0,0,0,0,0,0,-,-,NaN,0,0,0,Total dez,0,0,0,0,0,0,0,-,-,NaN,0,0,0,Total,9905,4276,3341,0,0,8323,1582,"10,05","1 068 842,82","107,91",3467,0,19209
Data,Ocup,Opção,Cheg,Oferta/Uso Interno,Deduz. Individ.,Deduz. Grupos,% Ocup.,Receita Quartos,Preço Médio,Saídas,Quartos FdS,Adul. / Cri.,dezembro,Previsão,07-dez-2027 ter,0,0,0,0,0,0,0,-,-,NaN,0,0,0,0,0,0,0,0,0,0,-,-,NaN,0,0,0,Total dez,0,0,0,0,0,0,0,-,-,NaN,0,0,0,Total,9905,4276,3341,0,0,8323,1582,"10,05","1 068 842,82","107,91",3467,0,19209
Data,Ocup,Opção,Cheg,Oferta/Uso Interno,Deduz. Individ.,Deduz. Grupos,% Ocup.,Receita Quartos,Preço Médio,Saídas,Quartos FdS,Adul. / Cri.,dezembro,Previsão,08-dez-2027 qua,0,0,0,0,0,0,0,-,-,NaN,0,0,0,0,0,0,0,0,0,0,-,-,NaN,0,0,0,Total dez,0,0,0,0,0,0,0,-,-,NaN,0,0,0,Total,9905,4276,3341,0,0,8323,1582,"10,05","1 068 842,82","107,91",3467,0,19209
Data,Ocup,Opção,Cheg,Oferta/Uso Interno,Deduz. Individ.,Deduz. Grupos,% Ocup.,Receita Quartos,Preço Médio,Saídas,Quartos FdS,Adul. / Cri.,dezembro,Previsão,09-dez-2027 qui,0,0,0,0,0,0,0,-,-,NaN,0,0,0,0,0,0,0,0,0,0,-,-,NaN,0,0,0,Total dez,0,0,0,0,0,0,0,-,-,NaN,0,0,0,Total,9905,4276,3341,0,0,8323,1582,"10,05","1 068 842,82","107,91",3467,0,19209
Data,Ocup,Opção,Cheg,Oferta/Uso Interno,Deduz. Individ.,Deduz. Grupos,% Ocup.,Receita Quartos,Preço Médio,Saídas,Quartos FdS,Adul. / Cri.,dezembro,Previsão,10-dez-2027 sex,0,0,0,0,0,0,0,-,-,NaN,0,0,0,0,0,0,0,0,0,0,-,-,NaN,0,0,0,Total dez,0,0,0,0,0,0,0,-,-,NaN,0,0,0,Total,9905,4276,3341,0,0,8323,1582,"10,05","1 068 842,82","107,91",3467,0,19209
Data,Ocup,Opção,Cheg,Oferta/Uso Interno,Deduz. Individ.,Deduz. Grupos,% Ocup.,Receita Quartos,Preço Médio,Saídas,Quartos FdS,Adul. / Cri.,dezembro,Previsão,11-dez-2027 sáb,0,0,0,0,0,0,0,-,-,NaN,0,0,0,0,0,0,0,0,0,0,-,-,NaN,0,0,0,Total dez,0,0,0,0,0,0,0,-,-,NaN,0,0,0,Total,9905,4276,3341,0,0,8323,1582,"10,05","1 068 842,82","107,91",3467,0,19209
Data,Ocup,Opção,Cheg,Oferta/Uso Interno,Deduz. Individ.,Deduz. Grupos,% Ocup.,Receita Quartos,Preço Médio,Saídas,Quartos FdS,Adul. / Cri.,dezembro,Previsão,12-dez-2027 dom,0,0,0,0,0,0,0,-,-,NaN,0,0,0,0,0,0,0,0,0,0,-,-,NaN,0,0,0,Total dez,0,0,0,0,0,0,0,-,-,NaN,0,0,0,Total,9905,4276,3341,0,0,8323,1582,"10,05","1 068 842,82","107,91",3467,0,19209
Data,Ocup,Opção,Cheg,Oferta/Uso Interno,Deduz. Individ.,Deduz. Grupos,% Ocup.,Receita Quartos,Preço Médio,Saídas,Quartos FdS,Adul. / Cri.,dezembro,Previsão,13-dez-2027 seg,0,0,0,0,0,0,0,-,-,NaN,0,0,0,0,0,0,0,0,0,0,-,-,NaN,0,0,0,Total dez,0,0,0,0,0,0,0,-,-,NaN,0,0,0,Total,9905,4276,3341,0,0,8323,1582,"10,05","1 068 842,82","107,91",3467,0,19209
Data,Ocup,Opção,Cheg,Oferta/Uso Interno,Deduz. Individ.,Deduz. Grupos,% Ocup.,Receita Quartos,Preço Médio,Saídas,Quartos FdS,Adul. / Cri.,dezembro,Previsão,14-dez-2027 ter,0,0,0,0,0,0,0,-,-,NaN,0,0,0,0,0,0,0,0,0,0,-,-,NaN,0,0,0,Total dez,0,0,0,0,0,0,0,-,-,NaN,0,0,0,Total,9905,4276,3341,0,0,8323,1582,"10,05","1 068 842,82","107,91",3467,0,19209
Data,Ocup,Opção,Cheg,Oferta/Uso Interno,Deduz. Individ.,Deduz. Grupos,% Ocup.,Receita Quartos,Preço Médio,Saídas,Quartos FdS,Adul. / Cri.,dezembro,Previsão,15-dez-2027 qua,0,0,0,0,0,0,0,-,-,NaN,0,0,0,0,0,0,0,0,0,0,-,-,NaN,0,0,0,Total dez,0,0,0,0,0,0,0,-,-,NaN,0,0,0,Total,9905,4276,3341,0,0,8323,1582,"10,05","1 068 842,82","107,91",3467,0,19209
Data,Ocup,Opção,Cheg,Oferta/Uso Interno,Deduz. Individ.,Deduz. Grupos,% Ocup.,Receita Quartos,Preço Médio,Saídas,Quartos FdS,Adul. / Cri.,dezembro,Previsão,16-dez-2027 qui,0,0,0,0,0,0,0,-,-,NaN,0,0,0,0,0,0,0,0,0,0,-,-,NaN,0,0,0,Total dez,0,0,0,0,0,0,0,-,-,NaN,0,0,0,Total,9905,4276,3341,0,0,8323,1582,"10,05","1 068 842,82","107,91",3467,0,19209
Data,Ocup,Opção,Cheg,Oferta/Uso Interno,Deduz. Individ.,Deduz. Grupos,% Ocup.,Receita Quartos,Preço Médio,Saídas,Quartos FdS,Adul. / Cri.,dezembro,Previsão,17-dez-2027 sex,0,0,0,0,0,0,0,-,-,NaN,0,0,0,0,0,0,0,0,0,0,-,-,NaN,0,0,0,Total dez,0,0,0,0,0,0,0,-,-,NaN,0,0,0,Total,9905,4276,3341,0,0,8323,1582,"10,05","1 068 842,82","107,91",3467,0,19209
Data,Ocup,Opção,Cheg,Oferta/Uso Interno,Deduz. Individ.,Deduz. Grupos,% Ocup.,Receita Quartos,Preço Médio,Saídas,Quartos FdS,Adul. / Cri.,dezembro,Previsão,18-dez-2027 sáb,0,0,0,0,0,0,0,-,-,NaN,0,0,0,0,0,0,0,0,0,0,-,-,NaN,0,0,0,Total dez,0,0,0,0,0,0,0,-,-,NaN,0,0,0,Total,9905,4276,3341,0,0,8323,1582,"10,05","1 068 842,82","107,91",3467,0,19209
Data,Ocup,Opção,Cheg,Oferta/Uso Interno,Deduz. Individ.,Deduz. Grupos,% Ocup.,Receita Quartos,Preço Médio,Saídas,Quartos FdS,Adul. / Cri.,dezembro,Previsão,19-dez-2027 dom,0,0,0,0,0,0,0,-,-,NaN,0,0,0,0,0,0,0,0,0,0,-,-,NaN,0,0,0,Total dez,0,0,0,0,0,0,0,-,-,NaN,0,0,0,Total,9905,4276,3341,0,0,8323,1582,"10,05","1 068 842,82","107,91",3467,0,19209
Data,Ocup,Opção,Cheg,Oferta/Uso Interno,Deduz. Individ.,Deduz. Grupos,% Ocup.,Receita Quartos,Preço Médio,Saídas,Quartos FdS,Adul. / Cri.,dezembro,Previsão,20-dez-2027 seg,0,0,0,0,0,0,0,-,-,NaN,0,0,0,0,0,0,0,0,0,0,-,-,NaN,0,0,0,Total dez,0,0,0,0,0,0,0,-,-,NaN,0,0,0,Total,9905,4276,3341,0,0,8323,1582,"10,05","1 068 842,82","107,91",3467,0,19209
Data,Ocup,Opção,Cheg,Oferta/Uso Interno,Deduz. Individ.,Deduz. Grupos,% Ocup.,Receita Quartos,Preço Médio,Saídas,Quartos FdS,Adul. / Cri.,dezembro,Previsão,21-dez-2027 ter,0,0,0,0,0,0,0,-,-,NaN,0,0,0,0,0,0,0,0,0,0,-,-,NaN,0,0,0,Total dez,0,0,0,0,0,0,0,-,-,NaN,0,0,0,Total,9905,4276,3341,0,0,8323,1582,"10,05","1 068 842,82","107,91",3467,0,19209
Data,Ocup,Opção,Cheg,Oferta/Uso Interno,Deduz. Individ.,Deduz. Grupos,% Ocup.,Receita Quartos,Preço Médio,Saídas,Quartos FdS,Adul. / Cri.,dezembro,Previsão,22-dez-2027 qua,0,0,0,0,0,0,0,-,-,NaN,0,0,0,0,0,0,0,0,0,0,-,-,NaN,0,0,0,Total dez,0,0,0,0,0,0,0,-,-,NaN,0,0,0,Total,9905,4276,3341,0,0,8323,1582,"10,05","1 068 842,82","107,91",3467,0,19209
Data,Ocup,Opção,Cheg,Oferta/Uso Interno,Deduz. Individ.,Deduz. Grupos,% Ocup.,Receita Quartos,Preço Médio,Saídas,Quartos FdS,Adul. / Cri.,dezembro,Previsão,23-dez-2027 qui,0,0,0,0,0,0,0,-,-,NaN,0,0,0,0,0,0,0,0,0,0,-,-,NaN,0,0,0,Total dez,0,0,0,0,0,0,0,-,-,NaN,0,0,0,Total,9905,4276,3341,0,0,8323,1582,"10,05","1 068 842,82","107,91",3467,0,19209
Data,Ocup,Opção,Cheg,Oferta/Uso Interno,Deduz. Individ.,Deduz. Grupos,% Ocup.,Receita Quartos,Preço Médio,Saídas,Quartos FdS,Adul. / Cri.,dezembro,Previsão,24-dez-2027 sex,0,0,0,0,0,0,0,-,-,NaN,0,0,0,0,0,0,0,0,0,0,-,-,NaN,0,0,0,Total dez,0,0,0,0,0,0,0,-,-,NaN,0,0,0,Total,9905,4276,3341,0,0,8323,1582,"10,05","1 068 842,82","107,91",3467,0,19209
Data,Ocup,Opção,Cheg,Oferta/Uso Interno,Deduz. Individ.,Deduz. Grupos,% Ocup.,Receita Quartos,Preço Médio,Saídas,Quartos FdS,Adul. / Cri.,dezembro,Previsão,25-dez-2027 sáb,0,0,0,0,0,0,0,-,-,NaN,0,0,0,0,0,0,0,0,0,0,-,-,NaN,0,0,0,Total dez,0,0,0,0,0,0,0,-,-,NaN,0,0,0,Total,9905,4276,3341,0,0,8323,1582,"10,05","1 068 842,82","107,91",3467,0,19209
Data,Ocup,Opção,Cheg,Oferta/Uso Interno,Deduz. Individ.,Deduz. Grupos,% Ocup.,Receita Quartos,Preço Médio,Saídas,Quartos FdS,Adul. / Cri.,dezembro,Previsão,26-dez-2027 dom,0,0,0,0,0,0,0,-,-,NaN,0,0,0,0,0,0,0,0,0,0,-,-,NaN,0,0,0,Total dez,0,0,0,0,0,0,0,-,-,NaN,0,0,0,Total,9905,4276,3341,0,0,8323,1582,"10,05","1 068 842,82","107,91",3467,0,19209
Data,Ocup,Opção,Cheg,Oferta/Uso Interno,Deduz. Individ.,Deduz. Grupos,% Ocup.,Receita Quartos,Preço Médio,Saídas,Quartos FdS,Adul. / Cri.,dezembro,Previsão,27-dez-2027 seg,0,0,0,0,0,0,0,-,-,NaN,0,0,0,0,0,0,0,0,0,0,-,-,NaN,0,0,0,Total dez,0,0,0,0,0,0,0,-,-,NaN,0,0,0,Total,9905,4276,3341,0,0,8323,1582,"10,05","1 068 842,82","107,91",3467,0,19209
Data,Ocup,Opção,Cheg,Oferta/Uso Interno,Deduz. Individ.,Deduz. Grupos,% Ocup.,Receita Quartos,Preço Médio,Saídas,Quartos FdS,Adul. / Cri.,dezembro,Previsão,28-dez-2027 ter,0,0,0,0,0,0,0,-,-,NaN,0,0,0,0,0,0,0,0,0,0,-,-,NaN,0,0,0,Total dez,0,0,0,0,0,0,0,-,-,NaN,0,0,0,Total,9905,4276,3341,0,0,8323,1582,"10,05","1 068 842,82","107,91",3467,0,19209
Data,Ocup,Opção,Cheg,Oferta/Uso Interno,Deduz. Individ.,Deduz. Grupos,% Ocup.,Receita Quartos,Preço Médio,Saídas,Quartos FdS,Adul. / Cri.,dezembro,Previsão,29-dez-2027 qua,0,0,0,0,0,0,0,-,-,NaN,0,0,0,0,0,0,0,0,0,0,-,-,NaN,0,0,0,Total dez,0,0,0,0,0,0,0,-,-,NaN,0,0,0,Total,9905,4276,3341,0,0,8323,1582,"10,05","1 068 842,82","107,91",3467,0,19209
Data,Ocup,Opção,Cheg,Oferta/Uso Interno,Deduz. Individ.,Deduz. Grupos,% Ocup.,Receita Quartos,Preço Médio,Saídas,Quartos FdS,Adul. / Cri.,dezembro,Previsão,30-dez-2027 qui,0,0,0,0,0,0,0,-,-,NaN,0,0,0,0,0,0,0,0,0,0,-,-,NaN,0,0,0,Total dez,0,0,0,0,0,0,0,-,-,NaN,0,0,0,Total,9905,4276,3341,0,0,8323,1582,"10,05","1 068 842,82","107,91",3467,0,19209
Data,Ocup,Opção,Cheg,Oferta/Uso Interno,Deduz. Individ.,Deduz. Grupos,% Ocup.,Receita Quartos,Preço Médio,Saídas,Quartos FdS,Adul. / Cri.,dezembro,Previsão,31-dez-2027 sex,0,0,0,0,0,0,0,-,-,NaN,0,0,0,0,0,0,0,0,0,0,-,-,NaN,0,0,0,Total dez,0,0,0,0,0,0,0,-,-,NaN,0,0,0,Total,9905,4276,3341,0,0,8323,1582,"10,05","1 068 842,82","107,91",3467,0,19209

