Textbox53,Textbox55,Textbox3,Textbox57,Textbox59,Textbox63,Textbox65,Textbox67,Textbox69,Textbox77,Textbox73,Textbox75,Textbox79,Textbox23,Textbox100,hoteldate,Occ,xoption,Arr,Comp,House,Indiv,Group,Occ_perct,RoomRev,Avg,Dep,OOO,Ad_Ch,Textbox86,Textbox6,Textbox87,Textbox88,Textbox89,Textbox90,Textbox91,Textbox92,Textbox93,Textbox94,Textbox95,Textbox96,Textbox97,Textbox9,Textbox127,Textbox7,Textbox128,Textbox129,Textbox130,Textbox131,Textbox132,Textbox133,Textbox134,Textbox135,Textbox136,Textbox137,Textbox138,Textbox113,Textbox99,xoption1,Textbox139,Textbox140,Textbox141,Textbox142,Textbox143,Textbox144,Textbox145,Textbox146,Textbox147,Textbox148,Textbox149
Data,Ocup,Opção,Cheg,Oferta/Uso Interno,Deduz. Individ.,Deduz. Grupos,% Ocup.,Receita Quartos,Preço Médio,Saídas,Quartos FdS,Adul. / Cri.,janeiro,Histórico,01-jan-2025 qua,133,0,55,0,0,122,11,"98,52","16 530,15","124,29",57,0,250,2762,0,1012,0,5,2501,261,"66,00","252 681,65","91,49",1040,0,4978,Total jan,2762,0,1012,0,5,2501,261,"66,00","252 681,65","91,49",1040,0,4978,Total,42077,4770,14989,0,61,35613,6464,"42,70","5 795 514,62","137,74",15124,129,76825
Data,Ocup,Opção,Cheg,Oferta/Uso Interno,Deduz. Individ.,Deduz. Grupos,% Ocup.,Receita Quartos,Preço Médio,Saídas,Quartos FdS,Adul. / Cri.,janeiro,Histórico,02-jan-2025 qui,117,0,27,0,0,106,11,"86,67","13 204,43","112,86",43,0,219,2762,0,1012,0,5,2501,261,"66,00","252 681,65","91,49",1040,0,4978,Total jan,2762,0,1012,0,5,2501,261,"66,00","252 681,65","91,49",1040,0,4978,Total,42077,4770,14989,0,61,35613,6464,"42,70","5 795 514,62","137,74",15124,129,76825
Data,Ocup,Opção,Cheg,Oferta/Uso Interno,Deduz. Individ.,Deduz. Grupos,% Ocup.,Receita Quartos,Preço Médio,Saídas,Quartos FdS,Adul. / Cri.,janeiro,Histórico,03-jan-2025 sex,119,0,41,0,0,112,7,"88,15","12 141,25","102,03",39,0,227,2762,0,1012,0,5,2501,261,"66,00","252 681,65","91,49",1040,0,4978,Total jan,2762,0,1012,0,5,2501,261,"66,00","252 681,65","91,49",1040,0,4978,Total,42077,4770,14989,0,61,35613,6464,"42,70","5 795 514,62","137,74",15124,129,76825
Data,Ocup,Opção,Cheg,Oferta/Uso Interno,Deduz. Individ.,Deduz. Grupos,% Ocup.,Receita Quartos,Preço Médio,Saídas,Quartos FdS,Adul. / Cri.,janeiro,Histórico,04-jan-2025 sáb,103,0,19,0,0,96,7,"76,30","9 716,09","94,33",35,0,192,2762,0,1012,0,5,2501,261,"66,00","252 681,65","91,49",1040,0,4978,Total jan,2762,0,1012,0,5,2501,261,"66,00","252 681,65","91,49",1040,0,4978,Total,42077,4770,14989,0,61,35613,6464,"42,70","5 795 514,62","137,74",15124,129,76825
Data,Ocup,Opção,Cheg,Oferta/Uso Interno,Deduz. Individ.,Deduz. Grupos,% Ocup.,Receita Quartos,Preço Médio,Saídas,Quartos FdS,Adul. / Cri.,janeiro,Histórico,05-jan-2025 dom,91,0,37,0,0,84,7,"67,41","7 845,61","86,22",49,0,167,2762,0,1012,0,5,2501,261,"66,00","252 681,65","91,49",1040,0,4978,Total jan,2762,0,1012,0,5,2501,261,"66,00","252 681,65","91,49",1040,0,4978,Total,42077,4770,14989,0,61,35613,6464,"42,70","5 795 514,62","137,74",15124,129,76825
Data,Ocup,Opção,Cheg,Oferta/Uso Interno,Deduz. Individ.,Deduz. Grupos,% Ocup.,Receita Quartos,Preço Médio,Saídas,Quartos FdS,Adul. / Cri.,janeiro,Histórico,06-jan-2025 seg,69,0,18,0,0,69,0,"51,11","5 667,90","82,14",40,0,129,2762,0,1012,0,5,2501,261,"66,00","252 681,65","91,49",1040,0,4978,Total jan,2762,0,1012,0,5,2501,261,"66,00","252 681,65","91,49",1040,0,4978,Total,42077,4770,14989,0,61,35613,6464,"42,70","5 795 514,62","137,74",15124,129,76825
Data,Ocup,Opção,Cheg,Oferta/Uso Interno,Deduz. Individ.,Deduz. Grupos,% Ocup.,Receita Quartos,Preço Médio,Saídas,Quartos FdS,Adul. / Cri.,janeiro,Histórico,07-jan-2025 ter,71,0,15,0,0,71,0,"52,59","5 906,89","83,20",13,0,134,2762,0,1012,0,5,2501,261,"66,00","252 681,65","91,49",1040,0,4978,Total jan,2762,0,1012,0,5,2501,261,"66,00","252 681,65","91,49",1040,0,4978,Total,42077,4770,14989,0,61,35613,6464,"42,70","5 795 514,62","137,74",15124,129,76825
Data,Ocup,Opção,Cheg,Oferta/Uso Interno,Deduz. Individ.,Deduz. Grupos,% Ocup.,Receita Quartos,Preço Médio,Saídas,Quartos FdS,Adul. / Cri.,janeiro,Histórico,08-jan-2025 qua,79,0,34,0,0,79,0,"58,52","6 630,34","83,93",26,0,146,2762,0,1012,0,5,2501,261,"66,00","252 681,65","91,49",1040,0,4978,Total jan,2762,0,1012,0,5,2501,261,"66,00","252 681,65","91,49",1040,0,4978,Total,42077,4770,14989,0,61,35613,6464,"42,70","5 795 514,62","137,74",15124,129,76825
Data,Ocup,Opção,Cheg,Oferta/Uso Interno,Deduz. Individ.,Deduz. Grupos,% Ocup.,Receita Quartos,Preço Médio,Saídas,Quartos FdS,Adul. / Cri.,janeiro,Histórico,09-jan-2025 qui,84,0,25,0,0,84,0,"62,22","6 821,83","81,21",20,0,160,2762,0,1012,0,5,2501,261,"66,00","252 681,65","91,49",1040,0,4978,Total jan,2762,0,1012,0,5,2501,261,"66,00","252 681,65","91,49",1040,0,4978,Total,42077,4770,14989,0,61,35613,6464,"42,70","5 795 514,62","137,74",15124,129,76825
Data,Ocup,Opção,Cheg,Oferta/Uso Interno,Deduz. Individ.,Deduz. Grupos,% Ocup.,Receita Quartos,Preço Médio,Saídas,Quartos FdS,Adul. / Cri.,janeiro,Histórico,10-jan-2025 sex,75,0,24,0,0,75,0,"55,56","7 906,57","105,42",33,0,141,2762,0,1012,0,5,2501,261,"66,00","252 681,65","91,49",1040,0,4978,Total jan,2762,0,1012,0,5,2501,261,"66,00","252 681,65","91,49",1040,0,4978,Total,42077,4770,14989,0,61,35613,6464,"42,70","5 795 514,62","137,74",15124,129,76825
Data,Ocup,Opção,Cheg,Oferta/Uso Interno,Deduz. Individ.,Deduz. Grupos,% Ocup.,Receita Quartos,Preço Médio,Saídas,Quartos FdS,Adul. / Cri.,janeiro,Histórico,11-jan-2025 sáb,75,0,21,0,0,75,0,"55,56","7 879,27","105,06",21,0,137,2762,0,1012,0,5,2501,261,"66,00","252 681,65","91,49",1040,0,4978,Total jan,2762,0,1012,0,5,2501,261,"66,00","252 681,65","91,49",1040,0,4978,Total,42077,4770,14989,0,61,35613,6464,"42,70","5 795 514,62","137,74",15124,129,76825
Data,Ocup,Opção,Cheg,Oferta/Uso Interno,Deduz. Individ.,Deduz. Grupos,% Ocup.,Receita Quartos,Preço Médio,Saídas,Quartos FdS,Adul. / Cri.,janeiro,Histórico,12-jan-2025 dom,58,0,21,0,0,58,0,"42,96","4 788,00","82,55",38,0,107,2762,0,1012,0,5,2501,261,"66,00","252 681,65","91,49",1040,0,4978,Total jan,2762,0,1012,0,5,2501,261,"66,00","252 681,65","91,49",1040,0,4978,Total,42077,4770,14989,0,61,35613,6464,"42,70","5 795 514,62","137,74",15124,129,76825
Data,Ocup,Opção,Cheg,Oferta/Uso Interno,Deduz. Individ.,Deduz. Grupos,% Ocup.,Receita Quartos,Preço Médio,Saídas,Quartos FdS,Adul. / Cri.,janeiro,Histórico,13-jan-2025 seg,61,0,23,0,0,61,0,"45,19","4 930,84","80,83",20,0,111,2762,0,1012,0,5,2501,261,"66,00","252 681,65","91,49",1040,0,4978,Total jan,2762,0,1012,0,5,2501,261,"66,00","252 681,65","91,49",1040,0,4978,Total,42077,4770,14989,0,61,35613,6464,"42,70","5 795 514,62","137,74",15124,129,76825
Data,Ocup,Opção,Cheg,Oferta/Uso Interno,Deduz. Individ.,Deduz. Grupos,% Ocup.,Receita Quartos,Preço Médio,Saídas,Quartos FdS,Adul. / Cri.,janeiro,Histórico,14-jan-2025 ter,65,0,25,0,0,59,6,"48,15","5 525,91","85,01",21,0,117,2762,0,1012,0,5,2501,261,"66,00","252 681,65","91,49",1040,0,4978,Total jan,2762,0,1012,0,5,2501,261,"66,00","252 681,65","91,49",1040,0,4978,Total,42077,4770,14989,0,61,35613,6464,"42,70","5 795 514,62","137,74",15124,129,76825
Data,Ocup,Opção,Cheg,Oferta/Uso Interno,Deduz. Individ.,Deduz. Grupos,% Ocup.,Receita Quartos,Preço Médio,Saídas,Quartos FdS,Adul. / Cri.,janeiro,Histórico,15-jan-2025 qua,104,0,63,0,0,54,50,"77,04","9 031,85","86,84",24,0,153,2762,0,1012,0,5,2501,261,"66,00","252 681,65","91,49",1040,0,4978,Total jan,2762,0,1012,0,5,2501,261,"66,00","252 681,65","91,49",1040,0,4978,Total,42077,4770,14989,0,61,35613,6464,"42,70","5 795 514,62","137,74",15124,129,76825
Data,Ocup,Opção,Cheg,Oferta/Uso Interno,Deduz. Individ.,Deduz. Grupos,% Ocup.,Receita Quartos,Preço Médio,Saídas,Quartos FdS,Adul. / Cri.,janeiro,Histórico,16-jan-2025 qui,111,0,26,0,0,60,51,"82,22","9 678,76","87,20",19,0,165,2762,0,1012,0,5,2501,261,"66,00","252 681,65","91,49",1040,0,4978,Total jan,2762,0,1012,0,5,2501,261,"66,00","252 681,65","91,49",1040,0,4978,Total,42077,4770,14989,0,61,35613,6464,"42,70","5 795 514,62","137,74",15124,129,76825
Data,Ocup,Opção,Cheg,Oferta/Uso Interno,Deduz. Individ.,Deduz. Grupos,% Ocup.,Receita Quartos,Preço Médio,Saídas,Quartos FdS,Adul. / Cri.,janeiro,Histórico,17-jan-2025 sex,83,0,39,0,0,77,6,"61,48","7 792,91","93,89",67,0,149,2762,0,1012,0,5,2501,261,"66,00","252 681,65","91,49",1040,0,4978,Total jan,2762,0,1012,0,5,2501,261,"66,00","252 681,65","91,49",1040,0,4978,Total,42077,4770,14989,0,61,35613,6464,"42,70","5 795 514,62","137,74",15124,129,76825
Data,Ocup,Opção,Cheg,Oferta/Uso Interno,Deduz. Individ.,Deduz. Grupos,% Ocup.,Receita Quartos,Preço Médio,Saídas,Quartos FdS,Adul. / Cri.,janeiro,Histórico,18-jan-2025 sáb,100,0,38,0,0,95,5,"74,07","9 396,61","93,97",21,0,184,2762,0,1012,0,5,2501,261,"66,00","252 681,65","91,49",1040,0,4978,Total jan,2762,0,1012,0,5,2501,261,"66,00","252 681,65","91,49",1040,0,4978,Total,42077,4770,14989,0,61,35613,6464,"42,70","5 795 514,62","137,74",15124,129,76825
Data,Ocup,Opção,Cheg,Oferta/Uso Interno,Deduz. Individ.,Deduz. Grupos,% Ocup.,Receita Quartos,Preço Médio,Saídas,Quartos FdS,Adul. / Cri.,janeiro,Histórico,19-jan-2025 dom,79,0,30,0,0,79,0,"58,52","6 580,58","83,30",51,0,139,2762,0,1012,0,5,2501,261,"66,00","252 681,65","91,49",1040,0,4978,Total jan,2762,0,1012,0,5,2501,261,"66,00","252 681,65","91,49",1040,0,4978,Total,42077,4770,14989,0,61,35613,6464,"42,70","5 795 514,62","137,74",15124,129,76825
Data,Ocup,Opção,Cheg,Oferta/Uso Interno,Deduz. Individ.,Deduz. Grupos,% Ocup.,Receita Quartos,Preço Médio,Saídas,Quartos FdS,Adul. / Cri.,janeiro,Histórico,20-jan-2025 seg,98,0,40,0,0,88,10,"72,59","8 719,11","88,97",21,0,165,2762,0,1012,0,5,2501,261,"66,00","252 681,65","91,49",1040,0,4978,Total jan,2762,0,1012,0,5,2501,261,"66,00","252 681,65","91,49",1040,0,4978,Total,42077,4770,14989,0,61,35613,6464,"42,70","5 795 514,62","137,74",15124,129,76825
Data,Ocup,Opção,Cheg,Oferta/Uso Interno,Deduz. Individ.,Deduz. Grupos,% Ocup.,Receita Quartos,Preço Médio,Saídas,Quartos FdS,Adul. / Cri.,janeiro,Histórico,21-jan-2025 ter,97,0,31,0,0,87,10,"71,85","7 894,34","81,38",32,0,159,2762,0,1012,0,5,2501,261,"66,00","252 681,65","91,49",1040,0,4978,Total jan,2762,0,1012,0,5,2501,261,"66,00","252 681,65","91,49",1040,0,4978,Total,42077,4770,14989,0,61,35613,6464,"42,70","5 795 514,62","137,74",15124,129,76825
Data,Ocup,Opção,Cheg,Oferta/Uso Interno,Deduz. Individ.,Deduz. Grupos,% Ocup.,Receita Quartos,Preço Médio,Saídas,Quartos FdS,Adul. / Cri.,janeiro,Histórico,22-jan-2025 qua,55,0,20,0,0,55,0,"40,74","4 400,67","80,01",62,0,103,2762,0,1012,0,5,2501,261,"66,00","252 681,65","91,49",1040,0,4978,Total jan,2762,0,1012,0,5,2501,261,"66,00","252 681,65","91,49",1040,0,4978,Total,42077,4770,14989,0,61,35613,6464,"42,70","5 795 514,62","137,74",15124,129,76825
Data,Ocup,Opção,Cheg,Oferta/Uso Interno,Deduz. Individ.,Deduz. Grupos,% Ocup.,Receita Quartos,Preço Médio,Saídas,Quartos FdS,Adul. / Cri.,janeiro,Histórico,23-jan-2025 qui,77,0,34,0,2,77,0,"57,04","5 927,61","76,98",12,0,139,2762,0,1012,0,5,2501,261,"66,00","252 681,65","91,49",1040,0,4978,Total jan,2762,0,1012,0,5,2501,261,"66,00","252 681,65","91,49",1040,0,4978,Total,42077,4770,14989,0,61,35613,6464,"42,70","5 795 514,62","137,74",15124,129,76825
Data,Ocup,Opção,Cheg,Oferta/Uso Interno,Deduz. Individ.,Deduz. Grupos,% Ocup.,Receita Quartos,Preço Médio,Saídas,Quartos FdS,Adul. / Cri.,janeiro,Histórico,24-jan-2025 sex,101,0,51,0,2,85,16,"74,81","10 098,96","99,99",27,0,190,2762,0,1012,0,5,2501,261,"66,00","252 681,65","91,49",1040,0,4978,Total jan,2762,0,1012,0,5,2501,261,"66,00","252 681,65","91,49",1040,0,4978,Total,42077,4770,14989,0,61,35613,6464,"42,70","5 795 514,62","137,74",15124,129,76825
Data,Ocup,Opção,Cheg,Oferta/Uso Interno,Deduz. Individ.,Deduz. Grupos,% Ocup.,Receita Quartos,Preço Médio,Saídas,Quartos FdS,Adul. / Cri.,janeiro,Histórico,25-jan-2025 sáb,107,0,48,0,0,94,13,"79,26","10 066,30","94,08",42,0,196,2762,0,1012,0,5,2501,261,"66,00","252 681,65","91,49",1040,0,4978,Total jan,2762,0,1012,0,5,2501,261,"66,00","252 681,65","91,49",1040,0,4978,Total,42077,4770,14989,0,61,35613,6464,"42,70","5 795 514,62","137,74",15124,129,76825
Data,Ocup,Opção,Cheg,Oferta/Uso Interno,Deduz. Individ.,Deduz. Grupos,% Ocup.,Receita Quartos,Preço Médio,Saídas,Quartos FdS,Adul. / Cri.,janeiro,Histórico,26-jan-2025 dom,83,0,26,0,0,83,0,"61,48","7 092,58","85,45",50,0,160,2762,0,1012,0,5,2501,261,"66,00","252 681,65","91,49",1040,0,4978,Total jan,2762,0,1012,0,5,2501,261,"66,00","252 681,65","91,49",1040,0,4978,Total,42077,4770,14989,0,61,35613,6464,"42,70","5 795 514,62","137,74",15124,129,76825
Data,Ocup,Opção,Cheg,Oferta/Uso Interno,Deduz. Individ.,Deduz. Grupos,% Ocup.,Receita Quartos,Preço Médio,Saídas,Quartos FdS,Adul. / Cri.,janeiro,Histórico,27-jan-2025 seg,86,0,34,0,0,86,0,"63,70","7 275,19","84,60",31,0,161,2762,0,1012,0,5,2501,261,"66,00","252 681,65","91,49",1040,0,4978,Total jan,2762,0,1012,0,5,2501,261,"66,00","252 681,65","91,49",1040,0,4978,Total,42077,4770,14989,0,61,35613,6464,"42,70","5 795 514,62","137,74",15124,129,76825
Data,Ocup,Opção,Cheg,Oferta/Uso Interno,Deduz. Individ.,Deduz. Grupos,% Ocup.,Receita Quartos,Preço Médio,Saídas,Quartos FdS,Adul. / Cri.,janeiro,Histórico,28-jan-2025 ter,96,0,42,0,0,76,20,"71,11","8 116,76","84,55",32,0,164,2762,0,1012,0,5,2501,261,"66,00","252 681,65","91,49",1040,0,4978,Total jan,2762,0,1012,0,5,2501,261,"66,00","252 681,65","91,49",1040,0,4978,Total,42077,4770,14989,0,61,35613,6464,"42,70","5 795 514,62","137,74",15124,129,76825
Data,Ocup,Opção,Cheg,Oferta/Uso Interno,Deduz. Individ.,Deduz. Grupos,% Ocup.,Receita Quartos,Preço Médio,Saídas,Quartos FdS,Adul. / Cri.,janeiro,Histórico,29-jan-2025 qua,100,0,25,0,0,80,20,"74,07","8 322,78","83,23",21,0,165,2762,0,1012,0,5,2501,261,"66,00","252 681,65","91,49",1040,0,4978,Total jan,2762,0,1012,0,5,2501,261,"66,00","252 681,65","91,49",1040,0,4978,Total,42077,4770,14989,0,61,35613,6464,"42,70","5 795 514,62","137,74",15124,129,76825
Data,Ocup,Opção,Cheg,Oferta/Uso Interno,Deduz. Individ.,Deduz. Grupos,% Ocup.,Receita Quartos,Preço Médio,Saídas,Quartos FdS,Adul. / Cri.,janeiro,Histórico,30-jan-2025 qui,78,0,28,0,0,78,0,"57,78","6 710,14","86,03",50,0,147,2762,0,1012,0,5,2501,261,"66,00","252 681,65","91,49",1040,0,4978,Total jan,2762,0,1012,0,5,2501,261,"66,00","252 681,65","91,49",1040,0,4978,Total,42077,4770,14989,0,61,35613,6464,"42,70","5 795 514,62","137,74",15124,129,76825
Data,Ocup,Opção,Cheg,Oferta/Uso Interno,Deduz. Individ.,Deduz. Grupos,% Ocup.,Receita Quartos,Preço Médio,Saídas,Quartos FdS,Adul. / Cri.,janeiro,Histórico,31-jan-2025 sex,107,0,52,0,1,96,11,"79,26","10 081,41","94,22",23,0,202,2762,0,1012,0,5,2501,261,"66,00","252 681,65","91,49",1040,0,4978,Total jan,2762,0,1012,0,5,2501,261,"66,00","252 681,65","91,49",1040,0,4978,Total,42077,4770,14989,0,61,35613,6464,"42,70","5 795 514,62","137,74",15124,129,76825
Data,Ocup,Opção,Cheg,Oferta/Uso Interno,Deduz. Individ.,Deduz. Grupos,% Ocup.,Receita Quartos,Preço Médio,Saídas,Quartos FdS,Adul. / Cri.,fevereiro,Histórico,01-fev-2025 sáb,111,0,45,0,1,98,13,"82,22","10 741,26","96,77",41,0,204,2981,0,1037,0,7,2832,149,"78,86","282 906,35","94,90",1021,0,5468,Total fev,2981,0,1037,0,7,2832,149,"78,86","282 906,35","94,90",1021,0,5468,Total,42077,4770,14989,0,61,35613,6464,"42,70","5 795 514,62","137,74",15124,129,76825
Data,Ocup,Opção,Cheg,Oferta/Uso Interno,Deduz. Individ.,Deduz. Grupos,% Ocup.,Receita Quartos,Preço Médio,Saídas,Quartos FdS,Adul. / Cri.,fevereiro,Histórico,02-fev-2025 dom,75,0,18,0,1,75,0,"55,56","6 339,94","84,53",54,0,139,2981,0,1037,0,7,2832,149,"78,86","282 906,35","94,90",1021,0,5468,Total fev,2981,0,1037,0,7,2832,149,"78,86","282 906,35","94,90",1021,0,5468,Total,42077,4770,14989,0,61,35613,6464,"42,70","5 795 514,62","137,74",15124,129,76825
Data,Ocup,Opção,Cheg,Oferta/Uso Interno,Deduz. Individ.,Deduz. Grupos,% Ocup.,Receita Quartos,Preço Médio,Saídas,Quartos FdS,Adul. / Cri.,fevereiro,Histórico,03-fev-2025 seg,63,0,22,0,0,63,0,"46,67","5 469,23","86,81",34,0,117,2981,0,1037,0,7,2832,149,"78,86","282 906,35","94,90",1021,0,5468,Total fev,2981,0,1037,0,7,2832,149,"78,86","282 906,35","94,90",1021,0,5468,Total,42077,4770,14989,0,61,35613,6464,"42,70","5 795 514,62","137,74",15124,129,76825
Data,Ocup,Opção,Cheg,Oferta/Uso Interno,Deduz. Individ.,Deduz. Grupos,% Ocup.,Receita Quartos,Preço Médio,Saídas,Quartos FdS,Adul. / Cri.,fevereiro,Histórico,04-fev-2025 ter,61,0,24,0,0,61,0,"45,19","5 314,19","87,12",26,0,110,2981,0,1037,0,7,2832,149,"78,86","282 906,35","94,90",1021,0,5468,Total fev,2981,0,1037,0,7,2832,149,"78,86","282 906,35","94,90",1021,0,5468,Total,42077,4770,14989,0,61,35613,6464,"42,70","5 795 514,62","137,74",15124,129,76825
Data,Ocup,Opção,Cheg,Oferta/Uso Interno,Deduz. Individ.,Deduz. Grupos,% Ocup.,Receita Quartos,Preço Médio,Saídas,Quartos FdS,Adul. / Cri.,fevereiro,Histórico,05-fev-2025 qua,68,0,24,0,0,68,0,"50,37","5 891,52","86,64",17,0,123,2981,0,1037,0,7,2832,149,"78,86","282 906,35","94,90",1021,0,5468,Total fev,2981,0,1037,0,7,2832,149,"78,86","282 906,35","94,90",1021,0,5468,Total,42077,4770,14989,0,61,35613,6464,"42,70","5 795 514,62","137,74",15124,129,76825
Data,Ocup,Opção,Cheg,Oferta/Uso Interno,Deduz. Individ.,Deduz. Grupos,% Ocup.,Receita Quartos,Preço Médio,Saídas,Quartos FdS,Adul. / Cri.,fevereiro,Histórico,06-fev-2025 qui,87,0,39,0,0,87,0,"64,44","7 886,62","90,65",20,0,153,2981,0,1037,0,7,2832,149,"78,86","282 906,35","94,90",1021,0,5468,Total fev,2981,0,1037,0,7,2832,149,"78,86","282 906,35","94,90",1021,0,5468,Total,42077,4770,14989,0,61,35613,6464,"42,70","5 795 514,62","137,74",15124,129,76825
Data,Ocup,Opção,Cheg,Oferta/Uso Interno,Deduz. Individ.,Deduz. Grupos,% Ocup.,Receita Quartos,Preço Médio,Saídas,Quartos FdS,Adul. / Cri.,fevereiro,Histórico,07-fev-2025 sex,117,0,47,0,0,117,0,"86,67","11 341,63","96,94",17,0,210,2981,0,1037,0,7,2832,149,"78,86","282 906,35","94,90",1021,0,5468,Total fev,2981,0,1037,0,7,2832,149,"78,86","282 906,35","94,90",1021,0,5468,Total,42077,4770,14989,0,61,35613,6464,"42,70","5 795 514,62","137,74",15124,129,76825
Data,Ocup,Opção,Cheg,Oferta/Uso Interno,Deduz. Individ.,Deduz. Grupos,% Ocup.,Receita Quartos,Preço Médio,Saídas,Quartos FdS,Adul. / Cri.,fevereiro,Histórico,08-fev-2025 sáb,123,0,34,0,0,123,0,"91,11","12 118,45","98,52",28,0,227,2981,0,1037,0,7,2832,149,"78,86","282 906,35","94,90",1021,0,5468,Total fev,2981,0,1037,0,7,2832,149,"78,86","282 906,35","94,90",1021,0,5468,Total,42077,4770,14989,0,61,35613,6464,"42,70","5 795 514,62","137,74",15124,129,76825
Data,Ocup,Opção,Cheg,Oferta/Uso Interno,Deduz. Individ.,Deduz. Grupos,% Ocup.,Receita Quartos,Preço Médio,Saídas,Quartos FdS,Adul. / Cri.,fevereiro,Histórico,09-fev-2025 dom,108,0,35,0,0,107,1,"80,00","9 383,43","86,88",50,0,207,2981,0,1037,0,7,2832,149,"78,86","282 906,35","94,90",1021,0,5468,Total fev,2981,0,1037,0,7,2832,149,"78,86","282 906,35","94,90",1021,0,5468,Total,42077,4770,14989,0,61,35613,6464,"42,70","5 795 514,62","137,74",15124,129,76825
Data,Ocup,Opção,Cheg,Oferta/Uso Interno,Deduz. Individ.,Deduz. Grupos,% Ocup.,Receita Quartos,Preço Médio,Saídas,Quartos FdS,Adul. / Cri.,fevereiro,Histórico,10-fev-2025 seg,93,0,28,0,0,92,1,"68,89","7 755,84","83,40",43,0,173,2981,0,1037,0,7,2832,149,"78,86","282 906,35","94,90",1021,0,5468,Total fev,2981,0,1037,0,7,2832,149,"78,86","282 906,35","94,90",1021,0,5468,Total,42077,4770,14989,0,61,35613,6464,"42,70","5 795 514,62","137,74",15124,129,76825
Data,Ocup,Opção,Cheg,Oferta/Uso Interno,Deduz. Individ.,Deduz. Grupos,% Ocup.,Receita Quartos,Preço Médio,Saídas,Quartos FdS,Adul. / Cri.,fevereiro,Histórico,11-fev-2025 ter,90,0,26,0,0,87,3,"66,67","8 314,16","92,38",29,0,163,2981,0,1037,0,7,2832,149,"78,86","282 906,35","94,90",1021,0,5468,Total fev,2981,0,1037,0,7,2832,149,"78,86","282 906,35","94,90",1021,0,5468,Total,42077,4770,14989,0,61,35613,6464,"42,70","5 795 514,62","137,74",15124,129,76825
Data,Ocup,Opção,Cheg,Oferta/Uso Interno,Deduz. Individ.,Deduz. Grupos,% Ocup.,Receita Quartos,Preço Médio,Saídas,Quartos FdS,Adul. / Cri.,fevereiro,Histórico,12-fev-2025 qua,101,0,36,0,0,93,8,"74,81","9 385,41","92,92",25,0,182,2981,0,1037,0,7,2832,149,"78,86","282 906,35","94,90",1021,0,5468,Total fev,2981,0,1037,0,7,2832,149,"78,86","282 906,35","94,90",1021,0,5468,Total,42077,4770,14989,0,61,35613,6464,"42,70","5 795 514,62","137,74",15124,129,76825
Data,Ocup,Opção,Cheg,Oferta/Uso Interno,Deduz. Individ.,Deduz. Grupos,% Ocup.,Receita Quartos,Preço Médio,Saídas,Quartos FdS,Adul. / Cri.,fevereiro,Histórico,13-fev-2025 qui,121,0,40,0,0,108,13,"89,63","10 814,81","89,38",20,0,219,2981,0,1037,0,7,2832,149,"78,86","282 906,35","94,90",1021,0,5468,Total fev,2981,0,1037,0,7,2832,149,"78,86","282 906,35","94,90",1021,0,5468,Total,42077,4770,14989,0,61,35613,6464,"42,70","5 795 514,62","137,74",15124,129,76825
Data,Ocup,Opção,Cheg,Oferta/Uso Interno,Deduz. Individ.,Deduz. Grupos,% Ocup.,Receita Quartos,Preço Médio,Saídas,Quartos FdS,Adul. / Cri.,fevereiro,Histórico,14-fev-2025 sex,129,0,57,0,0,116,13,"95,56","13 445,90","104,23",49,0,236,2981,0,1037,0,7,2832,149,"78,86","282 906,35","94,90",1021,0,5468,Total fev,2981,0,1037,0,7,2832,149,"78,86","282 906,35","94,90",1021,0,5468,Total,42077,4770,14989,0,61,35613,6464,"42,70","5 795 514,62","137,74",15124,129,76825
Data,Ocup,Opção,Cheg,Oferta/Uso Interno,Deduz. Individ.,Deduz. Grupos,% Ocup.,Receita Quartos,Preço Médio,Saídas,Quartos FdS,Adul. / Cri.,fevereiro,Histórico,15-fev-2025 sáb,134,0,42,0,0,134,0,"99,26","13 957,46","104,16",37,0,256,2981,0,1037,0,7,2832,149,"78,86","282 906,35","94,90",1021,0,5468,Total fev,2981,0,1037,0,7,2832,149,"78,86","282 906,35","94,90",1021,0,5468,Total,42077,4770,14989,0,61,35613,6464,"42,70","5 795 514,62","137,74",15124,129,76825
Data,Ocup,Opção,Cheg,Oferta/Uso Interno,Deduz. Individ.,Deduz. Grupos,% Ocup.,Receita Quartos,Preço Médio,Saídas,Quartos FdS,Adul. / Cri.,fevereiro,Histórico,16-fev-2025 dom,125,0,36,0,0,125,0,"92,59","11 456,81","91,65",45,0,240,2981,0,1037,0,7,2832,149,"78,86","282 906,35","94,90",1021,0,5468,Total fev,2981,0,1037,0,7,2832,149,"78,86","282 906,35","94,90",1021,0,5468,Total,42077,4770,14989,0,61,35613,6464,"42,70","5 795 514,62","137,74",15124,129,76825
Data,Ocup,Opção,Cheg,Oferta/Uso Interno,Deduz. Individ.,Deduz. Grupos,% Ocup.,Receita Quartos,Preço Médio,Saídas,Quartos FdS,Adul. / Cri.,fevereiro,Histórico,17-fev-2025 seg,118,0,51,0,0,118,0,"87,41","11 356,57","96,24",58,0,224,2981,0,1037,0,7,2832,149,"78,86","282 906,35","94,90",1021,0,5468,Total fev,2981,0,1037,0,7,2832,149,"78,86","282 906,35","94,90",1021,0,5468,Total,42077,4770,14989,0,61,35613,6464,"42,70","5 795 514,62","137,74",15124,129,76825
Data,Ocup,Opção,Cheg,Oferta/Uso Interno,Deduz. Individ.,Deduz. Grupos,% Ocup.,Receita Quartos,Preço Médio,Saídas,Quartos FdS,Adul. / Cri.,fevereiro,Histórico,18-fev-2025 ter,118,0,23,0,0,118,0,"87,41","11 414,35","96,73",23,0,218,2981,0,1037,0,7,2832,149,"78,86","282 906,35","94,90",1021,0,5468,Total fev,2981,0,1037,0,7,2832,149,"78,86","282 906,35","94,90",1021,0,5468,Total,42077,4770,14989,0,61,35613,6464,"42,70","5 795 514,62","137,74",15124,129,76825
Data,Ocup,Opção,Cheg,Oferta/Uso Interno,Deduz. Individ.,Deduz. Grupos,% Ocup.,Receita Quartos,Preço Médio,Saídas,Quartos FdS,Adul. / Cri.,fevereiro,Histórico,19-fev-2025 qua,116,0,34,0,1,98,18,"85,93","10 899,95","93,97",36,0,209,2981,0,1037,0,7,2832,149,"78,86","282 906,35","94,90",1021,0,5468,Total fev,2981,0,1037,0,7,2832,149,"78,86","282 906,35","94,90",1021,0,5468,Total,42077,4770,14989,0,61,35613,6464,"42,70","5 795 514,62","137,74",15124,129,76825
Data,Ocup,Opção,Cheg,Oferta/Uso Interno,Deduz. Individ.,Deduz. Grupos,% Ocup.,Receita Quartos,Preço Médio,Saídas,Quartos FdS,Adul. / Cri.,fevereiro,Histórico,20-fev-2025 qui,129,0,59,0,1,99,30,"95,56","12 529,50","97,13",46,0,239,2981,0,1037,0,7,2832,149,"78,86","282 906,35","94,90",1021,0,5468,Total fev,2981,0,1037,0,7,2832,149,"78,86","282 906,35","94,90",1021,0,5468,Total,42077,4770,14989,0,61,35613,6464,"42,70","5 795 514,62","137,74",15124,129,76825
Data,Ocup,Opção,Cheg,Oferta/Uso Interno,Deduz. Individ.,Deduz. Grupos,% Ocup.,Receita Quartos,Preço Médio,Saídas,Quartos FdS,Adul. / Cri.,fevereiro,Histórico,21-fev-2025 sex,131,0,50,0,0,118,13,"97,04","13 917,85","106,24",48,0,246,2981,0,1037,0,7,2832,149,"78,86","282 906,35","94,90",1021,0,5468,Total fev,2981,0,1037,0,7,2832,149,"78,86","282 906,35","94,90",1021,0,5468,Total,42077,4770,14989,0,61,35613,6464,"42,70","5 795 514,62","137,74",15124,129,76825
Data,Ocup,Opção,Cheg,Oferta/Uso Interno,Deduz. Individ.,Deduz. Grupos,% Ocup.,Receita Quartos,Preço Médio,Saídas,Quartos FdS,Adul. / Cri.,fevereiro,Histórico,22-fev-2025 sáb,135,0,30,0,1,123,12,"100,00","14 010,27","103,78",26,0,248,2981,0,1037,0,7,2832,149,"78,86","282 906,35","94,90",1021,0,5468,Total fev,2981,0,1037,0,7,2832,149,"78,86","282 906,35","94,90",1021,0,5468,Total,42077,4770,14989,0,61,35613,6464,"42,70","5 795 514,62","137,74",15124,129,76825
Data,Ocup,Opção,Cheg,Oferta/Uso Interno,Deduz. Individ.,Deduz. Grupos,% Ocup.,Receita Quartos,Preço Médio,Saídas,Quartos FdS,Adul. / Cri.,fevereiro,Histórico,23-fev-2025 dom,113,0,46,0,1,102,11,"83,70","10 018,24","88,66",68,0,199,2981,0,1037,0,7,2832,149,"78,86","282 906,35","94,90",1021,0,5468,Total fev,2981,0,1037,0,7,2832,149,"78,86","282 906,35","94,90",1021,0,5468,Total,42077,4770,14989,0,61,35613,6464,"42,70","5 795 514,62","137,74",15124,129,76825
Data,Ocup,Opção,Cheg,Oferta/Uso Interno,Deduz. Individ.,Deduz. Grupos,% Ocup.,Receita Quartos,Preço Médio,Saídas,Quartos FdS,Adul. / Cri.,fevereiro,Histórico,24-fev-2025 seg,102,0,37,0,1,97,5,"75,56","8 944,80","87,69",48,0,181,2981,0,1037,0,7,2832,149,"78,86","282 906,35","94,90",1021,0,5468,Total fev,2981,0,1037,0,7,2832,149,"78,86","282 906,35","94,90",1021,0,5468,Total,42077,4770,14989,0,61,35613,6464,"42,70","5 795 514,62","137,74",15124,129,76825
Data,Ocup,Opção,Cheg,Oferta/Uso Interno,Deduz. Individ.,Deduz. Grupos,% Ocup.,Receita Quartos,Preço Médio,Saídas,Quartos FdS,Adul. / Cri.,fevereiro,Histórico,25-fev-2025 ter,95,0,29,0,0,91,4,"70,37","8 728,69","91,88",36,0,164,2981,0,1037,0,7,2832,149,"78,86","282 906,35","94,90",1021,0,5468,Total fev,2981,0,1037,0,7,2832,149,"78,86","282 906,35","94,90",1021,0,5468,Total,42077,4770,14989,0,61,35613,6464,"42,70","5 795 514,62","137,74",15124,129,76825
Data,Ocup,Opção,Cheg,Oferta/Uso Interno,Deduz. Individ.,Deduz. Grupos,% Ocup.,Receita Quartos,Preço Médio,Saídas,Quartos FdS,Adul. / Cri.,fevereiro,Histórico,26-fev-2025 qua,92,0,32,0,0,90,2,"68,15","8 608,78","93,57",35,0,166,2981,0,1037,0,7,2832,149,"78,86","282 906,35","94,90",1021,0,5468,Total fev,2981,0,1037,0,7,2832,149,"78,86","282 906,35","94,90",1021,0,5468,Total,42077,4770,14989,0,61,35613,6464,"42,70","5 795 514,62","137,74",15124,129,76825
Data,Ocup,Opção,Cheg,Oferta/Uso Interno,Deduz. Individ.,Deduz. Grupos,% Ocup.,Receita Quartos,Preço Médio,Saídas,Quartos FdS,Adul. / Cri.,fevereiro,Histórico,27-fev-2025 qui,103,0,46,0,0,101,2,"76,30","9 703,55","94,21",35,0,187,2981,0,1037,0,7,2832,149,"78,86","282 906,35","94,90",1021,0,5468,Total fev,2981,0,1037,0,7,2832,149,"78,86","282 906,35","94,90",1021,0,5468,Total,42077,4770,14989,0,61,35613,6464,"42,70","5 795 514,62","137,74",15124,129,76825
Data,Ocup,Opção,Cheg,Oferta/Uso Interno,Deduz. Individ.,Deduz. Grupos,% Ocup.,Receita Quartos,Preço Médio,Saídas,Quartos FdS,Adul. / Cri.,fevereiro,Histórico,28-fev-2025 sex,123,0,47,0,0,123,0,"91,11","13 157,14","106,97",27,0,228,2981,0,1037,0,7,2832,149,"78,86","282 906,35","94,90",1021,0,5468,Total fev,2981,0,1037,0,7,2832,149,"78,86","282 906,35","94,90",1021,0,5468,Total,42077,4770,14989,0,61,35613,6464,"42,70","5 795 514,62","137,74",15124,129,76825
Data,Ocup,Opção,Cheg,Oferta/Uso Interno,Deduz. Individ.,Deduz. Grupos,% Ocup.,Receita Quartos,Preço Médio,Saídas,Quartos FdS,Adul. / Cri.,março,Histórico,01-mar-2025 sáb,135,0,44,0,0,135,0,"100,00","16 404,58","121,52",32,0,247,3999,0,1365,0,0,3392,607,"95,69","465 689,30","116,45",1356,9,7323,Total mar,3999,0,1365,0,0,3392,607,"95,69","465 689,30","116,45",1356,9,7323,Total,42077,4770,14989,0,61,35613,6464,"42,70","5 795 514,62","137,74",15124,129,76825
Data,Ocup,Opção,Cheg,Oferta/Uso Interno,Deduz. Individ.,Deduz. Grupos,% Ocup.,Receita Quartos,Preço Médio,Saídas,Quartos FdS,Adul. / Cri.,março,Histórico,02-mar-2025 dom,127,0,47,0,0,125,2,"94,07","14 152,39","111,44",55,0,236,3999,0,1365,0,0,3392,607,"95,69","465 689,30","116,45",1356,9,7323,Total mar,3999,0,1365,0,0,3392,607,"95,69","465 689,30","116,45",1356,9,7323,Total,42077,4770,14989,0,61,35613,6464,"42,70","5 795 514,62","137,74",15124,129,76825
Data,Ocup,Opção,Cheg,Oferta/Uso Interno,Deduz. Individ.,Deduz. Grupos,% Ocup.,Receita Quartos,Preço Médio,Saídas,Quartos FdS,Adul. / Cri.,março,Histórico,03-mar-2025 seg,129,0,45,0,0,123,6,"95,56","14 399,92","111,63",43,0,239,3999,0,1365,0,0,3392,607,"95,69","465 689,30","116,45",1356,9,7323,Total mar,3999,0,1365,0,0,3392,607,"95,69","465 689,30","116,45",1356,9,7323,Total,42077,4770,14989,0,61,35613,6464,"42,70","5 795 514,62","137,74",15124,129,76825
Data,Ocup,Opção,Cheg,Oferta/Uso Interno,Deduz. Individ.,Deduz. Grupos,% Ocup.,Receita Quartos,Preço Médio,Saídas,Quartos FdS,Adul. / Cri.,março,Histórico,04-mar-2025 ter,120,0,25,0,0,114,6,"88,89","13 472,25","112,27",34,0,218,3999,0,1365,0,0,3392,607,"95,69","465 689,30","116,45",1356,9,7323,Total mar,3999,0,1365,0,0,3392,607,"95,69","465 689,30","116,45",1356,9,7323,Total,42077,4770,14989,0,61,35613,6464,"42,70","5 795 514,62","137,74",15124,129,76825
Data,Ocup,Opção,Cheg,Oferta/Uso Interno,Deduz. Individ.,Deduz. Grupos,% Ocup.,Receita Quartos,Preço Médio,Saídas,Quartos FdS,Adul. / Cri.,março,Histórico,05-mar-2025 qua,111,0,22,0,0,104,7,"82,22","12 341,51","111,18",31,0,204,3999,0,1365,0,0,3392,607,"95,69","465 689,30","116,45",1356,9,7323,Total mar,3999,0,1365,0,0,3392,607,"95,69","465 689,30","116,45",1356,9,7323,Total,42077,4770,14989,0,61,35613,6464,"42,70","5 795 514,62","137,74",15124,129,76825
Data,Ocup,Opção,Cheg,Oferta/Uso Interno,Deduz. Individ.,Deduz. Grupos,% Ocup.,Receita Quartos,Preço Médio,Saídas,Quartos FdS,Adul. / Cri.,março,Histórico,06-mar-2025 qui,128,0,52,0,0,112,16,"94,81","14 833,79","115,89",35,0,233,3999,0,1365,0,0,3392,607,"95,69","465 689,30","116,45",1356,9,7323,Total mar,3999,0,1365,0,0,3392,607,"95,69","465 689,30","116,45",1356,9,7323,Total,42077,4770,14989,0,61,35613,6464,"42,70","5 795 514,62","137,74",15124,129,76825
Data,Ocup,Opção,Cheg,Oferta/Uso Interno,Deduz. Individ.,Deduz. Grupos,% Ocup.,Receita Quartos,Preço Médio,Saídas,Quartos FdS,Adul. / Cri.,março,Histórico,07-mar-2025 sex,134,0,58,0,0,108,26,"99,26","16 974,74","126,68",52,0,243,3999,0,1365,0,0,3392,607,"95,69","465 689,30","116,45",1356,9,7323,Total mar,3999,0,1365,0,0,3392,607,"95,69","465 689,30","116,45",1356,9,7323,Total,42077,4770,14989,0,61,35613,6464,"42,70","5 795 514,62","137,74",15124,129,76825
Data,Ocup,Opção,Cheg,Oferta/Uso Interno,Deduz. Individ.,Deduz. Grupos,% Ocup.,Receita Quartos,Preço Médio,Saídas,Quartos FdS,Adul. / Cri.,março,Histórico,08-mar-2025 sáb,133,0,25,0,0,107,26,"98,52","16 638,47","125,10",26,0,243,3999,0,1365,0,0,3392,607,"95,69","465 689,30","116,45",1356,9,7323,Total mar,3999,0,1365,0,0,3392,607,"95,69","465 689,30","116,45",1356,9,7323,Total,42077,4770,14989,0,61,35613,6464,"42,70","5 795 514,62","137,74",15124,129,76825
Data,Ocup,Opção,Cheg,Oferta/Uso Interno,Deduz. Individ.,Deduz. Grupos,% Ocup.,Receita Quartos,Preço Médio,Saídas,Quartos FdS,Adul. / Cri.,março,Histórico,09-mar-2025 dom,130,0,43,0,0,108,22,"96,30","15 012,07","115,48",46,0,237,3999,0,1365,0,0,3392,607,"95,69","465 689,30","116,45",1356,9,7323,Total mar,3999,0,1365,0,0,3392,607,"95,69","465 689,30","116,45",1356,9,7323,Total,42077,4770,14989,0,61,35613,6464,"42,70","5 795 514,62","137,74",15124,129,76825
Data,Ocup,Opção,Cheg,Oferta/Uso Interno,Deduz. Individ.,Deduz. Grupos,% Ocup.,Receita Quartos,Preço Médio,Saídas,Quartos FdS,Adul. / Cri.,março,Histórico,10-mar-2025 seg,112,0,52,0,0,97,15,"82,96","12 829,45","114,55",70,0,202,3999,0,1365,0,0,3392,607,"95,69","465 689,30","116,45",1356,9,7323,Total mar,3999,0,1365,0,0,3392,607,"95,69","465 689,30","116,45",1356,9,7323,Total,42077,4770,14989,0,61,35613,6464,"42,70","5 795 514,62","137,74",15124,129,76825
Data,Ocup,Opção,Cheg,Oferta/Uso Interno,Deduz. Individ.,Deduz. Grupos,% Ocup.,Receita Quartos,Preço Médio,Saídas,Quartos FdS,Adul. / Cri.,março,Histórico,11-mar-2025 ter,125,0,40,0,0,116,9,"92,59","13 620,69","108,97",27,0,221,3999,0,1365,0,0,3392,607,"95,69","465 689,30","116,45",1356,9,7323,Total mar,3999,0,1365,0,0,3392,607,"95,69","465 689,30","116,45",1356,9,7323,Total,42077,4770,14989,0,61,35613,6464,"42,70","5 795 514,62","137,74",15124,129,76825
Data,Ocup,Opção,Cheg,Oferta/Uso Interno,Deduz. Individ.,Deduz. Grupos,% Ocup.,Receita Quartos,Preço Médio,Saídas,Quartos FdS,Adul. / Cri.,março,Histórico,12-mar-2025 qua,119,0,34,0,0,110,9,"88,15","12 844,61","107,94",40,0,204,3999,0,1365,0,0,3392,607,"95,69","465 689,30","116,45",1356,9,7323,Total mar,3999,0,1365,0,0,3392,607,"95,69","465 689,30","116,45",1356,9,7323,Total,42077,4770,14989,0,61,35613,6464,"42,70","5 795 514,62","137,74",15124,129,76825
Data,Ocup,Opção,Cheg,Oferta/Uso Interno,Deduz. Individ.,Deduz. Grupos,% Ocup.,Receita Quartos,Preço Médio,Saídas,Quartos FdS,Adul. / Cri.,março,Histórico,13-mar-2025 qui,132,0,64,0,0,108,24,"97,78","15 282,21","115,77",51,0,232,3999,0,1365,0,0,3392,607,"95,69","465 689,30","116,45",1356,9,7323,Total mar,3999,0,1365,0,0,3392,607,"95,69","465 689,30","116,45",1356,9,7323,Total,42077,4770,14989,0,61,35613,6464,"42,70","5 795 514,62","137,74",15124,129,76825
Data,Ocup,Opção,Cheg,Oferta/Uso Interno,Deduz. Individ.,Deduz. Grupos,% Ocup.,Receita Quartos,Preço Médio,Saídas,Quartos FdS,Adul. / Cri.,março,Histórico,14-mar-2025 sex,133,0,45,0,0,95,38,"98,52","15 309,45","115,11",44,0,239,3999,0,1365,0,0,3392,607,"95,69","465 689,30","116,45",1356,9,7323,Total mar,3999,0,1365,0,0,3392,607,"95,69","465 689,30","116,45",1356,9,7323,Total,42077,4770,14989,0,61,35613,6464,"42,70","5 795 514,62","137,74",15124,129,76825
Data,Ocup,Opção,Cheg,Oferta/Uso Interno,Deduz. Individ.,Deduz. Grupos,% Ocup.,Receita Quartos,Preço Médio,Saídas,Quartos FdS,Adul. / Cri.,março,Histórico,15-mar-2025 sáb,132,0,39,0,0,111,21,"98,51","15 428,48","116,88",40,0,243,3999,0,1365,0,0,3392,607,"95,69","465 689,30","116,45",1356,9,7323,Total mar,3999,0,1365,0,0,3392,607,"95,69","465 689,30","116,45",1356,9,7323,Total,42077,4770,14989,0,61,35613,6464,"42,70","5 795 514,62","137,74",15124,129,76825
Data,Ocup,Opção,Cheg,Oferta/Uso Interno,Deduz. Individ.,Deduz. Grupos,% Ocup.,Receita Quartos,Preço Médio,Saídas,Quartos FdS,Adul. / Cri.,março,Histórico,16-mar-2025 dom,118,0,44,0,0,111,7,"88,06","13 216,88","112,01",58,0,223,3999,0,1365,0,0,3392,607,"95,69","465 689,30","116,45",1356,9,7323,Total mar,3999,0,1365,0,0,3392,607,"95,69","465 689,30","116,45",1356,9,7323,Total,42077,4770,14989,0,61,35613,6464,"42,70","5 795 514,62","137,74",15124,129,76825
Data,Ocup,Opção,Cheg,Oferta/Uso Interno,Deduz. Individ.,Deduz. Grupos,% Ocup.,Receita Quartos,Preço Médio,Saídas,Quartos FdS,Adul. / Cri.,março,Histórico,17-mar-2025 seg,130,0,55,0,0,101,29,"97,74","14 681,70","112,94",43,0,233,3999,0,1365,0,0,3392,607,"95,69","465 689,30","116,45",1356,9,7323,Total mar,3999,0,1365,0,0,3392,607,"95,69","465 689,30","116,45",1356,9,7323,Total,42077,4770,14989,0,61,35613,6464,"42,70","5 795 514,62","137,74",15124,129,76825
Data,Ocup,Opção,Cheg,Oferta/Uso Interno,Deduz. Individ.,Deduz. Grupos,% Ocup.,Receita Quartos,Preço Médio,Saídas,Quartos FdS,Adul. / Cri.,março,Histórico,18-mar-2025 ter,126,0,23,0,0,97,29,"94,03","14 358,95","113,96",27,0,227,3999,0,1365,0,0,3392,607,"95,69","465 689,30","116,45",1356,9,7323,Total mar,3999,0,1365,0,0,3392,607,"95,69","465 689,30","116,45",1356,9,7323,Total,42077,4770,14989,0,61,35613,6464,"42,70","5 795 514,62","137,74",15124,129,76825
Data,Ocup,Opção,Cheg,Oferta/Uso Interno,Deduz. Individ.,Deduz. Grupos,% Ocup.,Receita Quartos,Preço Médio,Saídas,Quartos FdS,Adul. / Cri.,março,Histórico,19-mar-2025 qua,135,0,53,0,0,89,46,"100,00","15 387,39","113,98",44,0,239,3999,0,1365,0,0,3392,607,"95,69","465 689,30","116,45",1356,9,7323,Total mar,3999,0,1365,0,0,3392,607,"95,69","465 689,30","116,45",1356,9,7323,Total,42077,4770,14989,0,61,35613,6464,"42,70","5 795 514,62","137,74",15124,129,76825
Data,Ocup,Opção,Cheg,Oferta/Uso Interno,Deduz. Individ.,Deduz. Grupos,% Ocup.,Receita Quartos,Preço Médio,Saídas,Quartos FdS,Adul. / Cri.,março,Histórico,20-mar-2025 qui,128,0,52,0,0,78,50,"94,81","14 233,13","111,20",59,0,235,3999,0,1365,0,0,3392,607,"95,69","465 689,30","116,45",1356,9,7323,Total mar,3999,0,1365,0,0,3392,607,"95,69","465 689,30","116,45",1356,9,7323,Total,42077,4770,14989,0,61,35613,6464,"42,70","5 795 514,62","137,74",15124,129,76825
Data,Ocup,Opção,Cheg,Oferta/Uso Interno,Deduz. Individ.,Deduz. Grupos,% Ocup.,Receita Quartos,Preço Médio,Saídas,Quartos FdS,Adul. / Cri.,março,Histórico,21-mar-2025 sex,133,0,36,0,0,92,41,"98,52","16 341,56","122,87",31,0,248,3999,0,1365,0,0,3392,607,"95,69","465 689,30","116,45",1356,9,7323,Total mar,3999,0,1365,0,0,3392,607,"95,69","465 689,30","116,45",1356,9,7323,Total,42077,4770,14989,0,61,35613,6464,"42,70","5 795 514,62","137,74",15124,129,76825
Data,Ocup,Opção,Cheg,Oferta/Uso Interno,Deduz. Individ.,Deduz. Grupos,% Ocup.,Receita Quartos,Preço Médio,Saídas,Quartos FdS,Adul. / Cri.,março,Histórico,22-mar-2025 sáb,134,0,60,0,0,134,0,"99,26","17 464,34","130,33",59,0,253,3999,0,1365,0,0,3392,607,"95,69","465 689,30","116,45",1356,9,7323,Total mar,3999,0,1365,0,0,3392,607,"95,69","465 689,30","116,45",1356,9,7323,Total,42077,4770,14989,0,61,35613,6464,"42,70","5 795 514,62","137,74",15124,129,76825
Data,Ocup,Opção,Cheg,Oferta/Uso Interno,Deduz. Individ.,Deduz. Grupos,% Ocup.,Receita Quartos,Preço Médio,Saídas,Quartos FdS,Adul. / Cri.,março,Histórico,23-mar-2025 dom,132,0,48,0,0,121,11,"97,78","15 271,75","115,70",50,1,256,3999,0,1365,0,0,3392,607,"95,69","465 689,30","116,45",1356,9,7323,Total mar,3999,0,1365,0,0,3392,607,"95,69","465 689,30","116,45",1356,9,7323,Total,42077,4770,14989,0,61,35613,6464,"42,70","5 795 514,62","137,74",15124,129,76825
Data,Ocup,Opção,Cheg,Oferta/Uso Interno,Deduz. Individ.,Deduz. Grupos,% Ocup.,Receita Quartos,Preço Médio,Saídas,Quartos FdS,Adul. / Cri.,março,Histórico,24-mar-2025 seg,133,0,35,0,0,122,11,"98,52","15 630,92","117,53",34,1,253,3999,0,1365,0,0,3392,607,"95,69","465 689,30","116,45",1356,9,7323,Total mar,3999,0,1365,0,0,3392,607,"95,69","465 689,30","116,45",1356,9,7323,Total,42077,4770,14989,0,61,35613,6464,"42,70","5 795 514,62","137,74",15124,129,76825
Data,Ocup,Opção,Cheg,Oferta/Uso Interno,Deduz. Individ.,Deduz. Grupos,% Ocup.,Receita Quartos,Preço Médio,Saídas,Quartos FdS,Adul. / Cri.,março,Histórico,25-mar-2025 ter,131,0,51,0,0,122,9,"97,76","14 960,13","114,20",53,1,235,3999,0,1365,0,0,3392,607,"95,69","465 689,30","116,45",1356,9,7323,Total mar,3999,0,1365,0,0,3392,607,"95,69","465 689,30","116,45",1356,9,7323,Total,42077,4770,14989,0,61,35613,6464,"42,70","5 795 514,62","137,74",15124,129,76825
Data,Ocup,Opção,Cheg,Oferta/Uso Interno,Deduz. Individ.,Deduz. Grupos,% Ocup.,Receita Quartos,Preço Médio,Saídas,Quartos FdS,Adul. / Cri.,março,Histórico,26-mar-2025 qua,134,0,47,0,0,105,29,"99,26","15 111,77","112,77",44,1,240,3999,0,1365,0,0,3392,607,"95,69","465 689,30","116,45",1356,9,7323,Total mar,3999,0,1365,0,0,3392,607,"95,69","465 689,30","116,45",1356,9,7323,Total,42077,4770,14989,0,61,35613,6464,"42,70","5 795 514,62","137,74",15124,129,76825
Data,Ocup,Opção,Cheg,Oferta/Uso Interno,Deduz. Individ.,Deduz. Grupos,% Ocup.,Receita Quartos,Preço Médio,Saídas,Quartos FdS,Adul. / Cri.,março,Histórico,27-mar-2025 qui,133,0,38,0,0,101,32,"98,52","15 045,48","113,12",39,1,244,3999,0,1365,0,0,3392,607,"95,69","465 689,30","116,45",1356,9,7323,Total mar,3999,0,1365,0,0,3392,607,"95,69","465 689,30","116,45",1356,9,7323,Total,42077,4770,14989,0,61,35613,6464,"42,70","5 795 514,62","137,74",15124,129,76825
Data,Ocup,Opção,Cheg,Oferta/Uso Interno,Deduz. Individ.,Deduz. Grupos,% Ocup.,Receita Quartos,Preço Médio,Saídas,Quartos FdS,Adul. / Cri.,março,Histórico,28-mar-2025 sex,133,0,28,0,0,101,32,"98,52","16 405,07","123,35",28,1,243,3999,0,1365,0,0,3392,607,"95,69","465 689,30","116,45",1356,9,7323,Total mar,3999,0,1365,0,0,3392,607,"95,69","465 689,30","116,45",1356,9,7323,Total,42077,4770,14989,0,61,35613,6464,"42,70","5 795 514,62","137,74",15124,129,76825
Data,Ocup,Opção,Cheg,Oferta/Uso Interno,Deduz. Individ.,Deduz. Grupos,% Ocup.,Receita Quartos,Preço Médio,Saídas,Quartos FdS,Adul. / Cri.,março,Histórico,29-mar-2025 sáb,133,0,59,0,0,126,7,"98,52","17 054,70","128,23",59,1,248,3999,0,1365,0,0,3392,607,"95,69","465 689,30","116,45",1356,9,7323,Total mar,3999,0,1365,0,0,3392,607,"95,69","465 689,30","116,45",1356,9,7323,Total,42077,4770,14989,0,61,35613,6464,"42,70","5 795 514,62","137,74",15124,129,76825
Data,Ocup,Opção,Cheg,Oferta/Uso Interno,Deduz. Individ.,Deduz. Grupos,% Ocup.,Receita Quartos,Preço Médio,Saídas,Quartos FdS,Adul. / Cri.,março,Histórico,30-mar-2025 dom,134,0,60,0,0,111,23,"99,26","15 341,76","114,49",59,1,254,3999,0,1365,0,0,3392,607,"95,69","465 689,30","116,45",1356,9,7323,Total mar,3999,0,1365,0,0,3392,607,"95,69","465 689,30","116,45",1356,9,7323,Total,42077,4770,14989,0,61,35613,6464,"42,70","5 795 514,62","137,74",15124,129,76825
Data,Ocup,Opção,Cheg,Oferta/Uso Interno,Deduz. Individ.,Deduz. Grupos,% Ocup.,Receita Quartos,Preço Médio,Saídas,Quartos FdS,Adul. / Cri.,março,Histórico,31-mar-2025 seg,132,0,41,0,0,108,24,"97,78","15 639,16","118,48",43,1,251,3999,0,1365,0,0,3392,607,"95,69","465 689,30","116,45",1356,9,7323,Total mar,3999,0,1365,0,0,3392,607,"95,69","465 689,30","116,45",1356,9,7323,Total,42077,4770,14989,0,61,35613,6464,"42,70","5 795 514,62","137,74",15124,129,76825
Data,Ocup,Opção,Cheg,Oferta/Uso Interno,Deduz. Individ.,Deduz. Grupos,% Ocup.,Receita Quartos,Preço Médio,Saídas,Quartos FdS,Adul. / Cri.,abril,Histórico,01-abr-2025 ter,132,0,36,0,0,103,29,"97,78","16 534,33","125,26",36,1,248,3859,0,1344,0,14,3385,474,"95,28","554 075,08","143,58",1342,34,7407,Total abr,3859,0,1344,0,14,3385,474,"95,28","554 075,08","143,58",1342,34,7407,Total,42077,4770,14989,0,61,35613,6464,"42,70","5 795 514,62","137,74",15124,129,76825
Data,Ocup,Opção,Cheg,Oferta/Uso Interno,Deduz. Individ.,Deduz. Grupos,% Ocup.,Receita Quartos,Preço Médio,Saídas,Quartos FdS,Adul. / Cri.,abril,Histórico,02-abr-2025 qua,124,0,44,0,0,95,29,"91,85","16 638,29","134,18",52,1,229,3859,0,1344,0,14,3385,474,"95,28","554 075,08","143,58",1342,34,7407,Total abr,3859,0,1344,0,14,3385,474,"95,28","554 075,08","143,58",1342,34,7407,Total,42077,4770,14989,0,61,35613,6464,"42,70","5 795 514,62","137,74",15124,129,76825
Data,Ocup,Opção,Cheg,Oferta/Uso Interno,Deduz. Individ.,Deduz. Grupos,% Ocup.,Receita Quartos,Preço Médio,Saídas,Quartos FdS,Adul. / Cri.,abril,Histórico,03-abr-2025 qui,127,0,42,0,0,96,31,"94,07","17 268,88","135,98",39,1,236,3859,0,1344,0,14,3385,474,"95,28","554 075,08","143,58",1342,34,7407,Total abr,3859,0,1344,0,14,3385,474,"95,28","554 075,08","143,58",1342,34,7407,Total,42077,4770,14989,0,61,35613,6464,"42,70","5 795 514,62","137,74",15124,129,76825
Data,Ocup,Opção,Cheg,Oferta/Uso Interno,Deduz. Individ.,Deduz. Grupos,% Ocup.,Receita Quartos,Preço Médio,Saídas,Quartos FdS,Adul. / Cri.,abril,Histórico,04-abr-2025 sex,133,0,43,0,0,98,35,"98,52","19 318,56","145,25",37,1,251,3859,0,1344,0,14,3385,474,"95,28","554 075,08","143,58",1342,34,7407,Total abr,3859,0,1344,0,14,3385,474,"95,28","554 075,08","143,58",1342,34,7407,Total,42077,4770,14989,0,61,35613,6464,"42,70","5 795 514,62","137,74",15124,129,76825
Data,Ocup,Opção,Cheg,Oferta/Uso Interno,Deduz. Individ.,Deduz. Grupos,% Ocup.,Receita Quartos,Preço Médio,Saídas,Quartos FdS,Adul. / Cri.,abril,Histórico,05-abr-2025 sáb,133,0,61,0,0,107,26,"98,52","19 832,17","149,11",61,2,260,3859,0,1344,0,14,3385,474,"95,28","554 075,08","143,58",1342,34,7407,Total abr,3859,0,1344,0,14,3385,474,"95,28","554 075,08","143,58",1342,34,7407,Total,42077,4770,14989,0,61,35613,6464,"42,70","5 795 514,62","137,74",15124,129,76825
Data,Ocup,Opção,Cheg,Oferta/Uso Interno,Deduz. Individ.,Deduz. Grupos,% Ocup.,Receita Quartos,Preço Médio,Saídas,Quartos FdS,Adul. / Cri.,abril,Histórico,06-abr-2025 dom,131,0,34,0,1,97,34,"97,04","18 352,47","140,10",36,2,255,3859,0,1344,0,14,3385,474,"95,28","554 075,08","143,58",1342,34,7407,Total abr,3859,0,1344,0,14,3385,474,"95,28","554 075,08","143,58",1342,34,7407,Total,42077,4770,14989,0,61,35613,6464,"42,70","5 795 514,62","137,74",15124,129,76825
Data,Ocup,Opção,Cheg,Oferta/Uso Interno,Deduz. Individ.,Deduz. Grupos,% Ocup.,Receita Quartos,Preço Médio,Saídas,Quartos FdS,Adul. / Cri.,abril,Histórico,07-abr-2025 seg,112,0,58,0,1,103,9,"82,96","14 815,17","132,28",77,2,215,3859,0,1344,0,14,3385,474,"95,28","554 075,08","143,58",1342,34,7407,Total abr,3859,0,1344,0,14,3385,474,"95,28","554 075,08","143,58",1342,34,7407,Total,42077,4770,14989,0,61,35613,6464,"42,70","5 795 514,62","137,74",15124,129,76825
Data,Ocup,Opção,Cheg,Oferta/Uso Interno,Deduz. Individ.,Deduz. Grupos,% Ocup.,Receita Quartos,Preço Médio,Saídas,Quartos FdS,Adul. / Cri.,abril,Histórico,08-abr-2025 ter,130,0,40,0,1,120,10,"96,30","17 611,40","135,47",22,2,243,3859,0,1344,0,14,3385,474,"95,28","554 075,08","143,58",1342,34,7407,Total abr,3859,0,1344,0,14,3385,474,"95,28","554 075,08","143,58",1342,34,7407,Total,42077,4770,14989,0,61,35613,6464,"42,70","5 795 514,62","137,74",15124,129,76825
Data,Ocup,Opção,Cheg,Oferta/Uso Interno,Deduz. Individ.,Deduz. Grupos,% Ocup.,Receita Quartos,Preço Médio,Saídas,Quartos FdS,Adul. / Cri.,abril,Histórico,09-abr-2025 qua,128,0,41,0,0,102,26,"94,81","17 630,43","137,74",43,1,239,3859,0,1344,0,14,3385,474,"95,28","554 075,08","143,58",1342,34,7407,Total abr,3859,0,1344,0,14,3385,474,"95,28","554 075,08","143,58",1342,34,7407,Total,42077,4770,14989,0,61,35613,6464,"42,70","5 795 514,62","137,74",15124,129,76825
Data,Ocup,Opção,Cheg,Oferta/Uso Interno,Deduz. Individ.,Deduz. Grupos,% Ocup.,Receita Quartos,Preço Médio,Saídas,Quartos FdS,Adul. / Cri.,abril,Histórico,10-abr-2025 qui,127,0,45,0,1,110,17,"94,07","17 649,89","138,98",46,1,239,3859,0,1344,0,14,3385,474,"95,28","554 075,08","143,58",1342,34,7407,Total abr,3859,0,1344,0,14,3385,474,"95,28","554 075,08","143,58",1342,34,7407,Total,42077,4770,14989,0,61,35613,6464,"42,70","5 795 514,62","137,74",15124,129,76825
Data,Ocup,Opção,Cheg,Oferta/Uso Interno,Deduz. Individ.,Deduz. Grupos,% Ocup.,Receita Quartos,Preço Médio,Saídas,Quartos FdS,Adul. / Cri.,abril,Histórico,11-abr-2025 sex,133,0,48,0,1,116,17,"98,52","20 739,87","155,94",42,1,248,3859,0,1344,0,14,3385,474,"95,28","554 075,08","143,58",1342,34,7407,Total abr,3859,0,1344,0,14,3385,474,"95,28","554 075,08","143,58",1342,34,7407,Total,42077,4770,14989,0,61,35613,6464,"42,70","5 795 514,62","137,74",15124,129,76825
Data,Ocup,Opção,Cheg,Oferta/Uso Interno,Deduz. Individ.,Deduz. Grupos,% Ocup.,Receita Quartos,Preço Médio,Saídas,Quartos FdS,Adul. / Cri.,abril,Histórico,12-abr-2025 sáb,122,0,47,0,1,122,0,"90,37","19 170,75","157,14",58,1,230,3859,0,1344,0,14,3385,474,"95,28","554 075,08","143,58",1342,34,7407,Total abr,3859,0,1344,0,14,3385,474,"95,28","554 075,08","143,58",1342,34,7407,Total,42077,4770,14989,0,61,35613,6464,"42,70","5 795 514,62","137,74",15124,129,76825
Data,Ocup,Opção,Cheg,Oferta/Uso Interno,Deduz. Individ.,Deduz. Grupos,% Ocup.,Receita Quartos,Preço Médio,Saídas,Quartos FdS,Adul. / Cri.,abril,Histórico,13-abr-2025 dom,126,0,47,0,0,126,0,"93,33","17 346,22","137,67",43,1,241,3859,0,1344,0,14,3385,474,"95,28","554 075,08","143,58",1342,34,7407,Total abr,3859,0,1344,0,14,3385,474,"95,28","554 075,08","143,58",1342,34,7407,Total,42077,4770,14989,0,61,35613,6464,"42,70","5 795 514,62","137,74",15124,129,76825
Data,Ocup,Opção,Cheg,Oferta/Uso Interno,Deduz. Individ.,Deduz. Grupos,% Ocup.,Receita Quartos,Preço Médio,Saídas,Quartos FdS,Adul. / Cri.,abril,Histórico,14-abr-2025 seg,130,0,53,0,0,116,14,"96,30","18 079,67","139,07",49,1,249,3859,0,1344,0,14,3385,474,"95,28","554 075,08","143,58",1342,34,7407,Total abr,3859,0,1344,0,14,3385,474,"95,28","554 075,08","143,58",1342,34,7407,Total,42077,4770,14989,0,61,35613,6464,"42,70","5 795 514,62","137,74",15124,129,76825
Data,Ocup,Opção,Cheg,Oferta/Uso Interno,Deduz. Individ.,Deduz. Grupos,% Ocup.,Receita Quartos,Preço Médio,Saídas,Quartos FdS,Adul. / Cri.,abril,Histórico,15-abr-2025 ter,129,0,32,0,0,115,14,"95,56","17 934,63","139,03",33,1,251,3859,0,1344,0,14,3385,474,"95,28","554 075,08","143,58",1342,34,7407,Total abr,3859,0,1344,0,14,3385,474,"95,28","554 075,08","143,58",1342,34,7407,Total,42077,4770,14989,0,61,35613,6464,"42,70","5 795 514,62","137,74",15124,129,76825
Data,Ocup,Opção,Cheg,Oferta/Uso Interno,Deduz. Individ.,Deduz. Grupos,% Ocup.,Receita Quartos,Preço Médio,Saídas,Quartos FdS,Adul. / Cri.,abril,Histórico,16-abr-2025 qua,133,0,34,0,1,119,14,"98,52","18 878,71","141,95",30,1,261,3859,0,1344,0,14,3385,474,"95,28","554 075,08","143,58",1342,34,7407,Total abr,3859,0,1344,0,14,3385,474,"95,28","554 075,08","143,58",1342,34,7407,Total,42077,4770,14989,0,61,35613,6464,"42,70","5 795 514,62","137,74",15124,129,76825
Data,Ocup,Opção,Cheg,Oferta/Uso Interno,Deduz. Individ.,Deduz. Grupos,% Ocup.,Receita Quartos,Preço Médio,Saídas,Quartos FdS,Adul. / Cri.,abril,Histórico,17-abr-2025 qui,130,0,27,0,1,116,14,"96,30","19 254,47","148,11",30,1,255,3859,0,1344,0,14,3385,474,"95,28","554 075,08","143,58",1342,34,7407,Total abr,3859,0,1344,0,14,3385,474,"95,28","554 075,08","143,58",1342,34,7407,Total,42077,4770,14989,0,61,35613,6464,"42,70","5 795 514,62","137,74",15124,129,76825
Data,Ocup,Opção,Cheg,Oferta/Uso Interno,Deduz. Individ.,Deduz. Grupos,% Ocup.,Receita Quartos,Preço Médio,Saídas,Quartos FdS,Adul. / Cri.,abril,Histórico,18-abr-2025 sex,128,0,53,0,1,110,18,"94,81","20 057,92","156,70",55,1,255,3859,0,1344,0,14,3385,474,"95,28","554 075,08","143,58",1342,34,7407,Total abr,3859,0,1344,0,14,3385,474,"95,28","554 075,08","143,58",1342,34,7407,Total,42077,4770,14989,0,61,35613,6464,"42,70","5 795 514,62","137,74",15124,129,76825
Data,Ocup,Opção,Cheg,Oferta/Uso Interno,Deduz. Individ.,Deduz. Grupos,% Ocup.,Receita Quartos,Preço Médio,Saídas,Quartos FdS,Adul. / Cri.,abril,Histórico,19-abr-2025 sáb,134,0,44,0,1,114,20,"99,26","20 992,33","156,66",38,1,264,3859,0,1344,0,14,3385,474,"95,28","554 075,08","143,58",1342,34,7407,Total abr,3859,0,1344,0,14,3385,474,"95,28","554 075,08","143,58",1342,34,7407,Total,42077,4770,14989,0,61,35613,6464,"42,70","5 795 514,62","137,74",15124,129,76825
Data,Ocup,Opção,Cheg,Oferta/Uso Interno,Deduz. Individ.,Deduz. Grupos,% Ocup.,Receita Quartos,Preço Médio,Saídas,Quartos FdS,Adul. / Cri.,abril,Histórico,20-abr-2025 dom,133,0,65,0,0,123,10,"98,52","19 137,96","143,89",66,1,265,3859,0,1344,0,14,3385,474,"95,28","554 075,08","143,58",1342,34,7407,Total abr,3859,0,1344,0,14,3385,474,"95,28","554 075,08","143,58",1342,34,7407,Total,42077,4770,14989,0,61,35613,6464,"42,70","5 795 514,62","137,74",15124,129,76825
Data,Ocup,Opção,Cheg,Oferta/Uso Interno,Deduz. Individ.,Deduz. Grupos,% Ocup.,Receita Quartos,Preço Médio,Saídas,Quartos FdS,Adul. / Cri.,abril,Histórico,21-abr-2025 seg,125,0,32,0,0,115,10,"92,59","17 690,07","141,52",40,1,250,3859,0,1344,0,14,3385,474,"95,28","554 075,08","143,58",1342,34,7407,Total abr,3859,0,1344,0,14,3385,474,"95,28","554 075,08","143,58",1342,34,7407,Total,42077,4770,14989,0,61,35613,6464,"42,70","5 795 514,62","137,74",15124,129,76825
Data,Ocup,Opção,Cheg,Oferta/Uso Interno,Deduz. Individ.,Deduz. Grupos,% Ocup.,Receita Quartos,Preço Médio,Saídas,Quartos FdS,Adul. / Cri.,abril,Histórico,22-abr-2025 ter,118,0,39,0,0,116,2,"87,41","16 965,72","143,78",46,1,232,3859,0,1344,0,14,3385,474,"95,28","554 075,08","143,58",1342,34,7407,Total abr,3859,0,1344,0,14,3385,474,"95,28","554 075,08","143,58",1342,34,7407,Total,42077,4770,14989,0,61,35613,6464,"42,70","5 795 514,62","137,74",15124,129,76825
Data,Ocup,Opção,Cheg,Oferta/Uso Interno,Deduz. Individ.,Deduz. Grupos,% Ocup.,Receita Quartos,Preço Médio,Saídas,Quartos FdS,Adul. / Cri.,abril,Histórico,23-abr-2025 qua,130,0,50,0,0,110,20,"96,30","19 020,12","146,31",38,1,252,3859,0,1344,0,14,3385,474,"95,28","554 075,08","143,58",1342,34,7407,Total abr,3859,0,1344,0,14,3385,474,"95,28","554 075,08","143,58",1342,34,7407,Total,42077,4770,14989,0,61,35613,6464,"42,70","5 795 514,62","137,74",15124,129,76825
Data,Ocup,Opção,Cheg,Oferta/Uso Interno,Deduz. Individ.,Deduz. Grupos,% Ocup.,Receita Quartos,Preço Médio,Saídas,Quartos FdS,Adul. / Cri.,abril,Histórico,24-abr-2025 qui,128,0,35,0,1,105,23,"94,81","18 921,87","147,83",37,1,243,3859,0,1344,0,14,3385,474,"95,28","554 075,08","143,58",1342,34,7407,Total abr,3859,0,1344,0,14,3385,474,"95,28","554 075,08","143,58",1342,34,7407,Total,42077,4770,14989,0,61,35613,6464,"42,70","5 795 514,62","137,74",15124,129,76825
Data,Ocup,Opção,Cheg,Oferta/Uso Interno,Deduz. Individ.,Deduz. Grupos,% Ocup.,Receita Quartos,Preço Médio,Saídas,Quartos FdS,Adul. / Cri.,abril,Histórico,25-abr-2025 sex,132,0,44,0,0,106,26,"97,78","19 778,26","149,84",40,1,256,3859,0,1344,0,14,3385,474,"95,28","554 075,08","143,58",1342,34,7407,Total abr,3859,0,1344,0,14,3385,474,"95,28","554 075,08","143,58",1342,34,7407,Total,42077,4770,14989,0,61,35613,6464,"42,70","5 795 514,62","137,74",15124,129,76825
Data,Ocup,Opção,Cheg,Oferta/Uso Interno,Deduz. Individ.,Deduz. Grupos,% Ocup.,Receita Quartos,Preço Médio,Saídas,Quartos FdS,Adul. / Cri.,abril,Histórico,26-abr-2025 sáb,133,0,48,0,0,124,9,"98,52","20 645,65","155,23",47,1,258,3859,0,1344,0,14,3385,474,"95,28","554 075,08","143,58",1342,34,7407,Total abr,3859,0,1344,0,14,3385,474,"95,28","554 075,08","143,58",1342,34,7407,Total,42077,4770,14989,0,61,35613,6464,"42,70","5 795 514,62","137,74",15124,129,76825
Data,Ocup,Opção,Cheg,Oferta/Uso Interno,Deduz. Individ.,Deduz. Grupos,% Ocup.,Receita Quartos,Preço Médio,Saídas,Quartos FdS,Adul. / Cri.,abril,Histórico,27-abr-2025 dom,131,0,49,0,0,131,0,"97,04","17 924,56","136,83",51,1,249,3859,0,1344,0,14,3385,474,"95,28","554 075,08","143,58",1342,34,7407,Total abr,3859,0,1344,0,14,3385,474,"95,28","554 075,08","143,58",1342,34,7407,Total,42077,4770,14989,0,61,35613,6464,"42,70","5 795 514,62","137,74",15124,129,76825
Data,Ocup,Opção,Cheg,Oferta/Uso Interno,Deduz. Individ.,Deduz. Grupos,% Ocup.,Receita Quartos,Preço Médio,Saídas,Quartos FdS,Adul. / Cri.,abril,Histórico,28-abr-2025 seg,123,0,38,0,1,123,0,"91,11","18 972,67","154,25",46,1,230,3859,0,1344,0,14,3385,474,"95,28","554 075,08","143,58",1342,34,7407,Total abr,3859,0,1344,0,14,3385,474,"95,28","554 075,08","143,58",1342,34,7407,Total,42077,4770,14989,0,61,35613,6464,"42,70","5 795 514,62","137,74",15124,129,76825
Data,Ocup,Opção,Cheg,Oferta/Uso Interno,Deduz. Individ.,Deduz. Grupos,% Ocup.,Receita Quartos,Preço Médio,Saídas,Quartos FdS,Adul. / Cri.,abril,Histórico,29-abr-2025 ter,130,0,50,0,1,130,0,"96,30","18 119,90","139,38",43,1,247,3859,0,1344,0,14,3385,474,"95,28","554 075,08","143,58",1342,34,7407,Total abr,3859,0,1344,0,14,3385,474,"95,28","554 075,08","143,58",1342,34,7407,Total,42077,4770,14989,0,61,35613,6464,"42,70","5 795 514,62","137,74",15124,129,76825
Data,Ocup,Opção,Cheg,Oferta/Uso Interno,Deduz. Individ.,Deduz. Grupos,% Ocup.,Receita Quartos,Preço Médio,Saídas,Quartos FdS,Adul. / Cri.,abril,Histórico,30-abr-2025 qua,134,0,65,0,1,117,17,"99,26","18 792,15","140,24",61,1,256,3859,0,1344,0,14,3385,474,"95,28","554 075,08","143,58",1342,34,7407,Total abr,3859,0,1344,0,14,3385,474,"95,28","554 075,08","143,58",1342,34,7407,Total,42077,4770,14989,0,61,35613,6464,"42,70","5 795 514,62","137,74",15124,129,76825
Data,Ocup,Opção,Cheg,Oferta/Uso Interno,Deduz. Individ.,Deduz. Grupos,% Ocup.,Receita Quartos,Preço Médio,Saídas,Quartos FdS,Adul. / Cri.,maio,Histórico,01-mai-2025 qui,130,0,50,0,1,102,28,"96,30","21 115,34","162,43",54,1,238,4007,0,1500,0,2,3281,726,"95,77","655 674,79","163,63",1501,77,7395,Total mai,4007,0,1500,0,2,3281,726,"95,77","655 674,79","163,63",1501,77,7395,Total,42077,4770,14989,0,61,35613,6464,"42,70","5 795 514,62","137,74",15124,129,76825
Data,Ocup,Opção,Cheg,Oferta/Uso Interno,Deduz. Individ.,Deduz. Grupos,% Ocup.,Receita Quartos,Preço Médio,Saídas,Quartos FdS,Adul. / Cri.,maio,Histórico,02-mai-2025 sex,132,0,26,0,0,104,28,"97,78","21 566,82","163,39",24,1,246,4007,0,1500,0,2,3281,726,"95,77","655 674,79","163,63",1501,77,7395,Total mai,4007,0,1500,0,2,3281,726,"95,77","655 674,79","163,63",1501,77,7395,Total,42077,4770,14989,0,61,35613,6464,"42,70","5 795 514,62","137,74",15124,129,76825
Data,Ocup,Opção,Cheg,Oferta/Uso Interno,Deduz. Individ.,Deduz. Grupos,% Ocup.,Receita Quartos,Preço Médio,Saídas,Quartos FdS,Adul. / Cri.,maio,Histórico,03-mai-2025 sáb,132,0,57,0,0,132,0,"97,78","22 662,82","171,69",57,1,247,4007,0,1500,0,2,3281,726,"95,77","655 674,79","163,63",1501,77,7395,Total mai,4007,0,1500,0,2,3281,726,"95,77","655 674,79","163,63",1501,77,7395,Total,42077,4770,14989,0,61,35613,6464,"42,70","5 795 514,62","137,74",15124,129,76825
Data,Ocup,Opção,Cheg,Oferta/Uso Interno,Deduz. Individ.,Deduz. Grupos,% Ocup.,Receita Quartos,Preço Médio,Saídas,Quartos FdS,Adul. / Cri.,maio,Histórico,04-mai-2025 dom,120,0,44,0,0,111,9,"88,89","18 262,63","152,19",56,1,222,4007,0,1500,0,2,3281,726,"95,77","655 674,79","163,63",1501,77,7395,Total mai,4007,0,1500,0,2,3281,726,"95,77","655 674,79","163,63",1501,77,7395,Total,42077,4770,14989,0,61,35613,6464,"42,70","5 795 514,62","137,74",15124,129,76825
Data,Ocup,Opção,Cheg,Oferta/Uso Interno,Deduz. Individ.,Deduz. Grupos,% Ocup.,Receita Quartos,Preço Médio,Saídas,Quartos FdS,Adul. / Cri.,maio,Histórico,05-mai-2025 seg,117,0,39,0,0,108,9,"86,67","18 593,64","158,92",42,17,220,4007,0,1500,0,2,3281,726,"95,77","655 674,79","163,63",1501,77,7395,Total mai,4007,0,1500,0,2,3281,726,"95,77","655 674,79","163,63",1501,77,7395,Total,42077,4770,14989,0,61,35613,6464,"42,70","5 795 514,62","137,74",15124,129,76825
Data,Ocup,Opção,Cheg,Oferta/Uso Interno,Deduz. Individ.,Deduz. Grupos,% Ocup.,Receita Quartos,Preço Médio,Saídas,Quartos FdS,Adul. / Cri.,maio,Histórico,06-mai-2025 ter,109,0,32,0,0,109,0,"81,34","17 471,08","160,29",40,16,205,4007,0,1500,0,2,3281,726,"95,77","655 674,79","163,63",1501,77,7395,Total mai,4007,0,1500,0,2,3281,726,"95,77","655 674,79","163,63",1501,77,7395,Total,42077,4770,14989,0,61,35613,6464,"42,70","5 795 514,62","137,74",15124,129,76825
Data,Ocup,Opção,Cheg,Oferta/Uso Interno,Deduz. Individ.,Deduz. Grupos,% Ocup.,Receita Quartos,Preço Médio,Saídas,Quartos FdS,Adul. / Cri.,maio,Histórico,07-mai-2025 qua,118,0,64,0,0,101,17,"87,41","19 208,84","162,79",55,16,212,4007,0,1500,0,2,3281,726,"95,77","655 674,79","163,63",1501,77,7395,Total mai,4007,0,1500,0,2,3281,726,"95,77","655 674,79","163,63",1501,77,7395,Total,42077,4770,14989,0,61,35613,6464,"42,70","5 795 514,62","137,74",15124,129,76825
Data,Ocup,Opção,Cheg,Oferta/Uso Interno,Deduz. Individ.,Deduz. Grupos,% Ocup.,Receita Quartos,Preço Médio,Saídas,Quartos FdS,Adul. / Cri.,maio,Histórico,08-mai-2025 qui,118,0,33,0,0,101,17,"87,41","20 068,94","170,08",33,7,216,4007,0,1500,0,2,3281,726,"95,77","655 674,79","163,63",1501,77,7395,Total mai,4007,0,1500,0,2,3281,726,"95,77","655 674,79","163,63",1501,77,7395,Total,42077,4770,14989,0,61,35613,6464,"42,70","5 795 514,62","137,74",15124,129,76825
Data,Ocup,Opção,Cheg,Oferta/Uso Interno,Deduz. Individ.,Deduz. Grupos,% Ocup.,Receita Quartos,Preço Médio,Saídas,Quartos FdS,Adul. / Cri.,maio,Histórico,09-mai-2025 sex,127,0,49,0,0,110,17,"94,07","22 940,91","180,64",40,3,243,4007,0,1500,0,2,3281,726,"95,77","655 674,79","163,63",1501,77,7395,Total mai,4007,0,1500,0,2,3281,726,"95,77","655 674,79","163,63",1501,77,7395,Total,42077,4770,14989,0,61,35613,6464,"42,70","5 795 514,62","137,74",15124,129,76825
Data,Ocup,Opção,Cheg,Oferta/Uso Interno,Deduz. Individ.,Deduz. Grupos,% Ocup.,Receita Quartos,Preço Médio,Saídas,Quartos FdS,Adul. / Cri.,maio,Histórico,10-mai-2025 sáb,133,0,46,0,1,133,0,"98,52","25 471,11","191,51",40,2,256,4007,0,1500,0,2,3281,726,"95,77","655 674,79","163,63",1501,77,7395,Total mai,4007,0,1500,0,2,3281,726,"95,77","655 674,79","163,63",1501,77,7395,Total,42077,4770,14989,0,61,35613,6464,"42,70","5 795 514,62","137,74",15124,129,76825
Data,Ocup,Opção,Cheg,Oferta/Uso Interno,Deduz. Individ.,Deduz. Grupos,% Ocup.,Receita Quartos,Preço Médio,Saídas,Quartos FdS,Adul. / Cri.,maio,Histórico,11-mai-2025 dom,126,0,50,0,0,126,0,"93,33","20 522,59","162,88",57,2,236,4007,0,1500,0,2,3281,726,"95,77","655 674,79","163,63",1501,77,7395,Total mai,4007,0,1500,0,2,3281,726,"95,77","655 674,79","163,63",1501,77,7395,Total,42077,4770,14989,0,61,35613,6464,"42,70","5 795 514,62","137,74",15124,129,76825
Data,Ocup,Opção,Cheg,Oferta/Uso Interno,Deduz. Individ.,Deduz. Grupos,% Ocup.,Receita Quartos,Preço Médio,Saídas,Quartos FdS,Adul. / Cri.,maio,Histórico,12-mai-2025 seg,129,0,34,0,0,129,0,"95,56","21 618,95","167,59",31,2,233,4007,0,1500,0,2,3281,726,"95,77","655 674,79","163,63",1501,77,7395,Total mai,4007,0,1500,0,2,3281,726,"95,77","655 674,79","163,63",1501,77,7395,Total,42077,4770,14989,0,61,35613,6464,"42,70","5 795 514,62","137,74",15124,129,76825
Data,Ocup,Opção,Cheg,Oferta/Uso Interno,Deduz. Individ.,Deduz. Grupos,% Ocup.,Receita Quartos,Preço Médio,Saídas,Quartos FdS,Adul. / Cri.,maio,Histórico,13-mai-2025 ter,134,0,62,0,0,102,32,"99,26","20 877,36","155,80",57,1,231,4007,0,1500,0,2,3281,726,"95,77","655 674,79","163,63",1501,77,7395,Total mai,4007,0,1500,0,2,3281,726,"95,77","655 674,79","163,63",1501,77,7395,Total,42077,4770,14989,0,61,35613,6464,"42,70","5 795 514,62","137,74",15124,129,76825
Data,Ocup,Opção,Cheg,Oferta/Uso Interno,Deduz. Individ.,Deduz. Grupos,% Ocup.,Receita Quartos,Preço Médio,Saídas,Quartos FdS,Adul. / Cri.,maio,Histórico,14-mai-2025 qua,132,0,53,0,0,77,55,"97,78","19 672,23","149,03",55,1,231,4007,0,1500,0,2,3281,726,"95,77","655 674,79","163,63",1501,77,7395,Total mai,4007,0,1500,0,2,3281,726,"95,77","655 674,79","163,63",1501,77,7395,Total,42077,4770,14989,0,61,35613,6464,"42,70","5 795 514,62","137,74",15124,129,76825
Data,Ocup,Opção,Cheg,Oferta/Uso Interno,Deduz. Individ.,Deduz. Grupos,% Ocup.,Receita Quartos,Preço Médio,Saídas,Quartos FdS,Adul. / Cri.,maio,Histórico,15-mai-2025 qui,130,0,47,0,0,86,44,"96,30","20 494,28","157,65",49,1,233,4007,0,1500,0,2,3281,726,"95,77","655 674,79","163,63",1501,77,7395,Total mai,4007,0,1500,0,2,3281,726,"95,77","655 674,79","163,63",1501,77,7395,Total,42077,4770,14989,0,61,35613,6464,"42,70","5 795 514,62","137,74",15124,129,76825
Data,Ocup,Opção,Cheg,Oferta/Uso Interno,Deduz. Individ.,Deduz. Grupos,% Ocup.,Receita Quartos,Preço Médio,Saídas,Quartos FdS,Adul. / Cri.,maio,Histórico,16-mai-2025 sex,133,0,59,0,0,102,31,"98,52","22 681,08","170,53",56,1,241,4007,0,1500,0,2,3281,726,"95,77","655 674,79","163,63",1501,77,7395,Total mai,4007,0,1500,0,2,3281,726,"95,77","655 674,79","163,63",1501,77,7395,Total,42077,4770,14989,0,61,35613,6464,"42,70","5 795 514,62","137,74",15124,129,76825
Data,Ocup,Opção,Cheg,Oferta/Uso Interno,Deduz. Individ.,Deduz. Grupos,% Ocup.,Receita Quartos,Preço Médio,Saídas,Quartos FdS,Adul. / Cri.,maio,Histórico,17-mai-2025 sáb,132,0,60,0,0,120,12,"97,78","21 448,91","162,49",61,1,247,4007,0,1500,0,2,3281,726,"95,77","655 674,79","163,63",1501,77,7395,Total mai,4007,0,1500,0,2,3281,726,"95,77","655 674,79","163,63",1501,77,7395,Total,42077,4770,14989,0,61,35613,6464,"42,70","5 795 514,62","137,74",15124,129,76825
Data,Ocup,Opção,Cheg,Oferta/Uso Interno,Deduz. Individ.,Deduz. Grupos,% Ocup.,Receita Quartos,Preço Médio,Saídas,Quartos FdS,Adul. / Cri.,maio,Histórico,18-mai-2025 dom,132,0,58,0,0,96,36,"97,78","20 352,40","154,18",58,1,245,4007,0,1500,0,2,3281,726,"95,77","655 674,79","163,63",1501,77,7395,Total mai,4007,0,1500,0,2,3281,726,"95,77","655 674,79","163,63",1501,77,7395,Total,42077,4770,14989,0,61,35613,6464,"42,70","5 795 514,62","137,74",15124,129,76825
Data,Ocup,Opção,Cheg,Oferta/Uso Interno,Deduz. Individ.,Deduz. Grupos,% Ocup.,Receita Quartos,Preço Médio,Saídas,Quartos FdS,Adul. / Cri.,maio,Histórico,19-mai-2025 seg,131,0,47,0,0,106,25,"97,04","19 911,19","151,99",48,2,246,4007,0,1500,0,2,3281,726,"95,77","655 674,79","163,63",1501,77,7395,Total mai,4007,0,1500,0,2,3281,726,"95,77","655 674,79","163,63",1501,77,7395,Total,42077,4770,14989,0,61,35613,6464,"42,70","5 795 514,62","137,74",15124,129,76825
Data,Ocup,Opção,Cheg,Oferta/Uso Interno,Deduz. Individ.,Deduz. Grupos,% Ocup.,Receita Quartos,Preço Médio,Saídas,Quartos FdS,Adul. / Cri.,maio,Histórico,20-mai-2025 ter,135,0,42,0,0,108,27,"100,00","22 274,18","164,99",38,0,249,4007,0,1500,0,2,3281,726,"95,77","655 674,79","163,63",1501,77,7395,Total mai,4007,0,1500,0,2,3281,726,"95,77","655 674,79","163,63",1501,77,7395,Total,42077,4770,14989,0,61,35613,6464,"42,70","5 795 514,62","137,74",15124,129,76825
Data,Ocup,Opção,Cheg,Oferta/Uso Interno,Deduz. Individ.,Deduz. Grupos,% Ocup.,Receita Quartos,Preço Médio,Saídas,Quartos FdS,Adul. / Cri.,maio,Histórico,21-mai-2025 qua,132,0,67,0,0,109,23,"97,78","19 928,45","150,97",70,0,245,4007,0,1500,0,2,3281,726,"95,77","655 674,79","163,63",1501,77,7395,Total mai,4007,0,1500,0,2,3281,726,"95,77","655 674,79","163,63",1501,77,7395,Total,42077,4770,14989,0,61,35613,6464,"42,70","5 795 514,62","137,74",15124,129,76825
Data,Ocup,Opção,Cheg,Oferta/Uso Interno,Deduz. Individ.,Deduz. Grupos,% Ocup.,Receita Quartos,Preço Médio,Saídas,Quartos FdS,Adul. / Cri.,maio,Histórico,22-mai-2025 qui,132,0,49,0,0,89,43,"97,78","21 895,69","165,88",49,0,239,4007,0,1500,0,2,3281,726,"95,77","655 674,79","163,63",1501,77,7395,Total mai,4007,0,1500,0,2,3281,726,"95,77","655 674,79","163,63",1501,77,7395,Total,42077,4770,14989,0,61,35613,6464,"42,70","5 795 514,62","137,74",15124,129,76825
Data,Ocup,Opção,Cheg,Oferta/Uso Interno,Deduz. Individ.,Deduz. Grupos,% Ocup.,Receita Quartos,Preço Médio,Saídas,Quartos FdS,Adul. / Cri.,maio,Histórico,23-mai-2025 sex,132,0,37,0,0,96,36,"97,78","22 971,93","174,03",37,0,244,4007,0,1500,0,2,3281,726,"95,77","655 674,79","163,63",1501,77,7395,Total mai,4007,0,1500,0,2,3281,726,"95,77","655 674,79","163,63",1501,77,7395,Total,42077,4770,14989,0,61,35613,6464,"42,70","5 795 514,62","137,74",15124,129,76825
Data,Ocup,Opção,Cheg,Oferta/Uso Interno,Deduz. Individ.,Deduz. Grupos,% Ocup.,Receita Quartos,Preço Médio,Saídas,Quartos FdS,Adul. / Cri.,maio,Histórico,24-mai-2025 sáb,130,0,64,0,0,127,3,"96,30","23 800,96","183,08",66,0,231,4007,0,1500,0,2,3281,726,"95,77","655 674,79","163,63",1501,77,7395,Total mai,4007,0,1500,0,2,3281,726,"95,77","655 674,79","163,63",1501,77,7395,Total,42077,4770,14989,0,61,35613,6464,"42,70","5 795 514,62","137,74",15124,129,76825
Data,Ocup,Opção,Cheg,Oferta/Uso Interno,Deduz. Individ.,Deduz. Grupos,% Ocup.,Receita Quartos,Preço Médio,Saídas,Quartos FdS,Adul. / Cri.,maio,Histórico,25-mai-2025 dom,131,0,65,0,0,110,21,"97,04","21 013,46","160,41",64,0,227,4007,0,1500,0,2,3281,726,"95,77","655 674,79","163,63",1501,77,7395,Total mai,4007,0,1500,0,2,3281,726,"95,77","655 674,79","163,63",1501,77,7395,Total,42077,4770,14989,0,61,35613,6464,"42,70","5 795 514,62","137,74",15124,129,76825
Data,Ocup,Opção,Cheg,Oferta/Uso Interno,Deduz. Individ.,Deduz. Grupos,% Ocup.,Receita Quartos,Preço Médio,Saídas,Quartos FdS,Adul. / Cri.,maio,Histórico,26-mai-2025 seg,134,0,43,0,0,125,9,"99,26","20 719,07","154,62",40,0,237,4007,0,1500,0,2,3281,726,"95,77","655 674,79","163,63",1501,77,7395,Total mai,4007,0,1500,0,2,3281,726,"95,77","655 674,79","163,63",1501,77,7395,Total,42077,4770,14989,0,61,35613,6464,"42,70","5 795 514,62","137,74",15124,129,76825
Data,Ocup,Opção,Cheg,Oferta/Uso Interno,Deduz. Individ.,Deduz. Grupos,% Ocup.,Receita Quartos,Preço Médio,Saídas,Quartos FdS,Adul. / Cri.,maio,Histórico,27-mai-2025 ter,133,0,46,0,0,133,0,"98,52","21 011,14","157,98",47,0,243,4007,0,1500,0,2,3281,726,"95,77","655 674,79","163,63",1501,77,7395,Total mai,4007,0,1500,0,2,3281,726,"95,77","655 674,79","163,63",1501,77,7395,Total,42077,4770,14989,0,61,35613,6464,"42,70","5 795 514,62","137,74",15124,129,76825
Data,Ocup,Opção,Cheg,Oferta/Uso Interno,Deduz. Individ.,Deduz. Grupos,% Ocup.,Receita Quartos,Preço Médio,Saídas,Quartos FdS,Adul. / Cri.,maio,Histórico,28-mai-2025 qua,131,0,54,0,0,97,34,"97,04","21 629,60","165,11",56,0,256,4007,0,1500,0,2,3281,726,"95,77","655 674,79","163,63",1501,77,7395,Total mai,4007,0,1500,0,2,3281,726,"95,77","655 674,79","163,63",1501,77,7395,Total,42077,4770,14989,0,61,35613,6464,"42,70","5 795 514,62","137,74",15124,129,76825
Data,Ocup,Opção,Cheg,Oferta/Uso Interno,Deduz. Individ.,Deduz. Grupos,% Ocup.,Receita Quartos,Preço Médio,Saídas,Quartos FdS,Adul. / Cri.,maio,Histórico,29-mai-2025 qui,135,0,57,0,0,73,62,"100,00","21 395,29","158,48",53,0,256,4007,0,1500,0,2,3281,726,"95,77","655 674,79","163,63",1501,77,7395,Total mai,4007,0,1500,0,2,3281,726,"95,77","655 674,79","163,63",1501,77,7395,Total,42077,4770,14989,0,61,35613,6464,"42,70","5 795 514,62","137,74",15124,129,76825
Data,Ocup,Opção,Cheg,Oferta/Uso Interno,Deduz. Individ.,Deduz. Grupos,% Ocup.,Receita Quartos,Preço Médio,Saídas,Quartos FdS,Adul. / Cri.,maio,Histórico,30-mai-2025 sex,134,0,26,0,0,72,62,"99,26","21 611,94","161,28",27,0,262,4007,0,1500,0,2,3281,726,"95,77","655 674,79","163,63",1501,77,7395,Total mai,4007,0,1500,0,2,3281,726,"95,77","655 674,79","163,63",1501,77,7395,Total,42077,4770,14989,0,61,35613,6464,"42,70","5 795 514,62","137,74",15124,129,76825
Data,Ocup,Opção,Cheg,Oferta/Uso Interno,Deduz. Individ.,Deduz. Grupos,% Ocup.,Receita Quartos,Preço Médio,Saídas,Quartos FdS,Adul. / Cri.,maio,Histórico,31-mai-2025 sáb,133,0,40,0,0,87,46,"98,52","22 481,97","169,04",41,0,258,4007,0,1500,0,2,3281,726,"95,77","655 674,79","163,63",1501,77,7395,Total mai,4007,0,1500,0,2,3281,726,"95,77","655 674,79","163,63",1501,77,7395,Total,42077,4770,14989,0,61,35613,6464,"42,70","5 795 514,62","137,74",15124,129,76825
Data,Ocup,Opção,Cheg,Oferta/Uso Interno,Deduz. Individ.,Deduz. Grupos,% Ocup.,Receita Quartos,Preço Médio,Saídas,Quartos FdS,Adul. / Cri.,junho,Histórico,01-jun-2025 dom,130,0,74,0,0,130,0,"96,30","19 503,59","150,03",77,0,238,3969,2,1513,0,7,3268,701,"98,00","595 507,63","150,04",1512,1,7340,Total jun,3969,2,1513,0,7,3268,701,"98,00","595 507,63","150,04",1512,1,7340,Total,42077,4770,14989,0,61,35613,6464,"42,70","5 795 514,62","137,74",15124,129,76825
Data,Ocup,Opção,Cheg,Oferta/Uso Interno,Deduz. Individ.,Deduz. Grupos,% Ocup.,Receita Quartos,Preço Médio,Saídas,Quartos FdS,Adul. / Cri.,junho,Histórico,02-jun-2025 seg,134,0,47,0,0,134,0,"99,26","20 287,43","151,40",43,0,254,3969,2,1513,0,7,3268,701,"98,00","595 507,63","150,04",1512,1,7340,Total jun,3969,2,1513,0,7,3268,701,"98,00","595 507,63","150,04",1512,1,7340,Total,42077,4770,14989,0,61,35613,6464,"42,70","5 795 514,62","137,74",15124,129,76825
Data,Ocup,Opção,Cheg,Oferta/Uso Interno,Deduz. Individ.,Deduz. Grupos,% Ocup.,Receita Quartos,Preço Médio,Saídas,Quartos FdS,Adul. / Cri.,junho,Histórico,03-jun-2025 ter,132,0,38,0,0,132,0,"97,78","19 500,43","147,73",40,0,249,3969,2,1513,0,7,3268,701,"98,00","595 507,63","150,04",1512,1,7340,Total jun,3969,2,1513,0,7,3268,701,"98,00","595 507,63","150,04",1512,1,7340,Total,42077,4770,14989,0,61,35613,6464,"42,70","5 795 514,62","137,74",15124,129,76825
Data,Ocup,Opção,Cheg,Oferta/Uso Interno,Deduz. Individ.,Deduz. Grupos,% Ocup.,Receita Quartos,Preço Médio,Saídas,Quartos FdS,Adul. / Cri.,junho,Histórico,04-jun-2025 qua,134,0,53,0,0,108,26,"99,26","19 729,52","147,24",51,0,246,3969,2,1513,0,7,3268,701,"98,00","595 507,63","150,04",1512,1,7340,Total jun,3969,2,1513,0,7,3268,701,"98,00","595 507,63","150,04",1512,1,7340,Total,42077,4770,14989,0,61,35613,6464,"42,70","5 795 514,62","137,74",15124,129,76825
Data,Ocup,Opção,Cheg,Oferta/Uso Interno,Deduz. Individ.,Deduz. Grupos,% Ocup.,Receita Quartos,Preço Médio,Saídas,Quartos FdS,Adul. / Cri.,junho,Histórico,05-jun-2025 qui,132,0,49,0,0,93,39,"97,78","19 499,52","147,72",51,0,230,3969,2,1513,0,7,3268,701,"98,00","595 507,63","150,04",1512,1,7340,Total jun,3969,2,1513,0,7,3268,701,"98,00","595 507,63","150,04",1512,1,7340,Total,42077,4770,14989,0,61,35613,6464,"42,70","5 795 514,62","137,74",15124,129,76825
Data,Ocup,Opção,Cheg,Oferta/Uso Interno,Deduz. Individ.,Deduz. Grupos,% Ocup.,Receita Quartos,Preço Médio,Saídas,Quartos FdS,Adul. / Cri.,junho,Histórico,06-jun-2025 sex,134,0,75,0,0,69,65,"99,26","20 544,22","153,32",73,0,248,3969,2,1513,0,7,3268,701,"98,00","595 507,63","150,04",1512,1,7340,Total jun,3969,2,1513,0,7,3268,701,"98,00","595 507,63","150,04",1512,1,7340,Total,42077,4770,14989,0,61,35613,6464,"42,70","5 795 514,62","137,74",15124,129,76825
Data,Ocup,Opção,Cheg,Oferta/Uso Interno,Deduz. Individ.,Deduz. Grupos,% Ocup.,Receita Quartos,Preço Médio,Saídas,Quartos FdS,Adul. / Cri.,junho,Histórico,07-jun-2025 sáb,135,0,45,0,0,86,49,"100,00","21 138,88","156,58",44,0,254,3969,2,1513,0,7,3268,701,"98,00","595 507,63","150,04",1512,1,7340,Total jun,3969,2,1513,0,7,3268,701,"98,00","595 507,63","150,04",1512,1,7340,Total,42077,4770,14989,0,61,35613,6464,"42,70","5 795 514,62","137,74",15124,129,76825
Data,Ocup,Opção,Cheg,Oferta/Uso Interno,Deduz. Individ.,Deduz. Grupos,% Ocup.,Receita Quartos,Preço Médio,Saídas,Quartos FdS,Adul. / Cri.,junho,Histórico,08-jun-2025 dom,135,0,34,0,0,80,55,"100,00","19 459,15","144,14",34,0,253,3969,2,1513,0,7,3268,701,"98,00","595 507,63","150,04",1512,1,7340,Total jun,3969,2,1513,0,7,3268,701,"98,00","595 507,63","150,04",1512,1,7340,Total,42077,4770,14989,0,61,35613,6464,"42,70","5 795 514,62","137,74",15124,129,76825
Data,Ocup,Opção,Cheg,Oferta/Uso Interno,Deduz. Individ.,Deduz. Grupos,% Ocup.,Receita Quartos,Preço Médio,Saídas,Quartos FdS,Adul. / Cri.,junho,Histórico,09-jun-2025 seg,131,0,80,0,1,102,29,"97,04","18 173,91","138,73",84,0,246,3969,2,1513,0,7,3268,701,"98,00","595 507,63","150,04",1512,1,7340,Total jun,3969,2,1513,0,7,3268,701,"98,00","595 507,63","150,04",1512,1,7340,Total,42077,4770,14989,0,61,35613,6464,"42,70","5 795 514,62","137,74",15124,129,76825
Data,Ocup,Opção,Cheg,Oferta/Uso Interno,Deduz. Individ.,Deduz. Grupos,% Ocup.,Receita Quartos,Preço Médio,Saídas,Quartos FdS,Adul. / Cri.,junho,Histórico,10-jun-2025 ter,130,0,44,0,1,97,33,"96,30","18 719,77","144,00",45,1,234,3969,2,1513,0,7,3268,701,"98,00","595 507,63","150,04",1512,1,7340,Total jun,3969,2,1513,0,7,3268,701,"98,00","595 507,63","150,04",1512,1,7340,Total,42077,4770,14989,0,61,35613,6464,"42,70","5 795 514,62","137,74",15124,129,76825
Data,Ocup,Opção,Cheg,Oferta/Uso Interno,Deduz. Individ.,Deduz. Grupos,% Ocup.,Receita Quartos,Preço Médio,Saídas,Quartos FdS,Adul. / Cri.,junho,Histórico,11-jun-2025 qua,131,0,40,0,0,84,47,"97,04","19 240,22","146,87",39,0,235,3969,2,1513,0,7,3268,701,"98,00","595 507,63","150,04",1512,1,7340,Total jun,3969,2,1513,0,7,3268,701,"98,00","595 507,63","150,04",1512,1,7340,Total,42077,4770,14989,0,61,35613,6464,"42,70","5 795 514,62","137,74",15124,129,76825
Data,Ocup,Opção,Cheg,Oferta/Uso Interno,Deduz. Individ.,Deduz. Grupos,% Ocup.,Receita Quartos,Preço Médio,Saídas,Quartos FdS,Adul. / Cri.,junho,Histórico,12-jun-2025 qui,125,0,52,0,0,110,15,"92,59","18 370,47","146,96",58,0,225,3969,2,1513,0,7,3268,701,"98,00","595 507,63","150,04",1512,1,7340,Total jun,3969,2,1513,0,7,3268,701,"98,00","595 507,63","150,04",1512,1,7340,Total,42077,4770,14989,0,61,35613,6464,"42,70","5 795 514,62","137,74",15124,129,76825
Data,Ocup,Opção,Cheg,Oferta/Uso Interno,Deduz. Individ.,Deduz. Grupos,% Ocup.,Receita Quartos,Preço Médio,Saídas,Quartos FdS,Adul. / Cri.,junho,Histórico,13-jun-2025 sex,133,0,49,0,0,102,31,"98,52","21 936,13","164,93",41,0,244,3969,2,1513,0,7,3268,701,"98,00","595 507,63","150,04",1512,1,7340,Total jun,3969,2,1513,0,7,3268,701,"98,00","595 507,63","150,04",1512,1,7340,Total,42077,4770,14989,0,61,35613,6464,"42,70","5 795 514,62","137,74",15124,129,76825
Data,Ocup,Opção,Cheg,Oferta/Uso Interno,Deduz. Individ.,Deduz. Grupos,% Ocup.,Receita Quartos,Preço Médio,Saídas,Quartos FdS,Adul. / Cri.,junho,Histórico,14-jun-2025 sáb,134,0,47,0,0,118,16,"99,26","22 237,24","165,95",46,0,246,3969,2,1513,0,7,3268,701,"98,00","595 507,63","150,04",1512,1,7340,Total jun,3969,2,1513,0,7,3268,701,"98,00","595 507,63","150,04",1512,1,7340,Total,42077,4770,14989,0,61,35613,6464,"42,70","5 795 514,62","137,74",15124,129,76825
Data,Ocup,Opção,Cheg,Oferta/Uso Interno,Deduz. Individ.,Deduz. Grupos,% Ocup.,Receita Quartos,Preço Médio,Saídas,Quartos FdS,Adul. / Cri.,junho,Histórico,15-jun-2025 dom,130,0,60,0,2,120,10,"96,30","19 071,08","146,70",64,0,241,3969,2,1513,0,7,3268,701,"98,00","595 507,63","150,04",1512,1,7340,Total jun,3969,2,1513,0,7,3268,701,"98,00","595 507,63","150,04",1512,1,7340,Total,42077,4770,14989,0,61,35613,6464,"42,70","5 795 514,62","137,74",15124,129,76825
Data,Ocup,Opção,Cheg,Oferta/Uso Interno,Deduz. Individ.,Deduz. Grupos,% Ocup.,Receita Quartos,Preço Médio,Saídas,Quartos FdS,Adul. / Cri.,junho,Histórico,16-jun-2025 seg,135,0,60,0,0,133,2,"100,00","19 569,51","144,96",55,0,249,3969,2,1513,0,7,3268,701,"98,00","595 507,63","150,04",1512,1,7340,Total jun,3969,2,1513,0,7,3268,701,"98,00","595 507,63","150,04",1512,1,7340,Total,42077,4770,14989,0,61,35613,6464,"42,70","5 795 514,62","137,74",15124,129,76825
Data,Ocup,Opção,Cheg,Oferta/Uso Interno,Deduz. Individ.,Deduz. Grupos,% Ocup.,Receita Quartos,Preço Médio,Saídas,Quartos FdS,Adul. / Cri.,junho,Histórico,17-jun-2025 ter,135,0,38,0,0,135,0,"100,00","19 599,92","145,18",38,0,247,3969,2,1513,0,7,3268,701,"98,00","595 507,63","150,04",1512,1,7340,Total jun,3969,2,1513,0,7,3268,701,"98,00","595 507,63","150,04",1512,1,7340,Total,42077,4770,14989,0,61,35613,6464,"42,70","5 795 514,62","137,74",15124,129,76825
Data,Ocup,Opção,Cheg,Oferta/Uso Interno,Deduz. Individ.,Deduz. Grupos,% Ocup.,Receita Quartos,Preço Médio,Saídas,Quartos FdS,Adul. / Cri.,junho,Histórico,18-jun-2025 qua,134,0,56,0,0,117,17,"99,26","21 903,95","163,46",57,0,247,3969,2,1513,0,7,3268,701,"98,00","595 507,63","150,04",1512,1,7340,Total jun,3969,2,1513,0,7,3268,701,"98,00","595 507,63","150,04",1512,1,7340,Total,42077,4770,14989,0,61,35613,6464,"42,70","5 795 514,62","137,74",15124,129,76825
Data,Ocup,Opção,Cheg,Oferta/Uso Interno,Deduz. Individ.,Deduz. Grupos,% Ocup.,Receita Quartos,Preço Médio,Saídas,Quartos FdS,Adul. / Cri.,junho,Histórico,19-jun-2025 qui,129,0,37,0,0,99,30,"95,56","20 962,14","162,50",42,0,243,3969,2,1513,0,7,3268,701,"98,00","595 507,63","150,04",1512,1,7340,Total jun,3969,2,1513,0,7,3268,701,"98,00","595 507,63","150,04",1512,1,7340,Total,42077,4770,14989,0,61,35613,6464,"42,70","5 795 514,62","137,74",15124,129,76825
Data,Ocup,Opção,Cheg,Oferta/Uso Interno,Deduz. Individ.,Deduz. Grupos,% Ocup.,Receita Quartos,Preço Médio,Saídas,Quartos FdS,Adul. / Cri.,junho,Histórico,20-jun-2025 sex,134,0,45,0,0,96,38,"99,26","21 233,60","158,46",40,0,251,3969,2,1513,0,7,3268,701,"98,00","595 507,63","150,04",1512,1,7340,Total jun,3969,2,1513,0,7,3268,701,"98,00","595 507,63","150,04",1512,1,7340,Total,42077,4770,14989,0,61,35613,6464,"42,70","5 795 514,62","137,74",15124,129,76825
Data,Ocup,Opção,Cheg,Oferta/Uso Interno,Deduz. Individ.,Deduz. Grupos,% Ocup.,Receita Quartos,Preço Médio,Saídas,Quartos FdS,Adul. / Cri.,junho,Histórico,21-jun-2025 sáb,131,0,46,0,1,122,9,"97,04","21 081,76","160,93",49,0,247,3969,2,1513,0,7,3268,701,"98,00","595 507,63","150,04",1512,1,7340,Total jun,3969,2,1513,0,7,3268,701,"98,00","595 507,63","150,04",1512,1,7340,Total,42077,4770,14989,0,61,35613,6464,"42,70","5 795 514,62","137,74",15124,129,76825
Data,Ocup,Opção,Cheg,Oferta/Uso Interno,Deduz. Individ.,Deduz. Grupos,% Ocup.,Receita Quartos,Preço Médio,Saídas,Quartos FdS,Adul. / Cri.,junho,Histórico,22-jun-2025 dom,134,0,59,0,0,108,26,"99,26","19 889,32","148,43",56,0,249,3969,2,1513,0,7,3268,701,"98,00","595 507,63","150,04",1512,1,7340,Total jun,3969,2,1513,0,7,3268,701,"98,00","595 507,63","150,04",1512,1,7340,Total,42077,4770,14989,0,61,35613,6464,"42,70","5 795 514,62","137,74",15124,129,76825
Data,Ocup,Opção,Cheg,Oferta/Uso Interno,Deduz. Individ.,Deduz. Grupos,% Ocup.,Receita Quartos,Preço Médio,Saídas,Quartos FdS,Adul. / Cri.,junho,Histórico,23-jun-2025 seg,132,0,41,0,0,106,26,"97,78","18 902,86","143,20",43,0,243,3969,2,1513,0,7,3268,701,"98,00","595 507,63","150,04",1512,1,7340,Total jun,3969,2,1513,0,7,3268,701,"98,00","595 507,63","150,04",1512,1,7340,Total,42077,4770,14989,0,61,35613,6464,"42,70","5 795 514,62","137,74",15124,129,76825
Data,Ocup,Opção,Cheg,Oferta/Uso Interno,Deduz. Individ.,Deduz. Grupos,% Ocup.,Receita Quartos,Preço Médio,Saídas,Quartos FdS,Adul. / Cri.,junho,Histórico,24-jun-2025 ter,130,0,39,0,1,111,19,"96,30","19 243,52","148,03",41,0,242,3969,2,1513,0,7,3268,701,"98,00","595 507,63","150,04",1512,1,7340,Total jun,3969,2,1513,0,7,3268,701,"98,00","595 507,63","150,04",1512,1,7340,Total,42077,4770,14989,0,61,35613,6464,"42,70","5 795 514,62","137,74",15124,129,76825
Data,Ocup,Opção,Cheg,Oferta/Uso Interno,Deduz. Individ.,Deduz. Grupos,% Ocup.,Receita Quartos,Preço Médio,Saídas,Quartos FdS,Adul. / Cri.,junho,Histórico,25-jun-2025 qua,133,0,66,0,1,117,16,"98,52","19 682,21","147,99",63,0,246,3969,2,1513,0,7,3268,701,"98,00","595 507,63","150,04",1512,1,7340,Total jun,3969,2,1513,0,7,3268,701,"98,00","595 507,63","150,04",1512,1,7340,Total,42077,4770,14989,0,61,35613,6464,"42,70","5 795 514,62","137,74",15124,129,76825
Data,Ocup,Opção,Cheg,Oferta/Uso Interno,Deduz. Individ.,Deduz. Grupos,% Ocup.,Receita Quartos,Preço Médio,Saídas,Quartos FdS,Adul. / Cri.,junho,Histórico,26-jun-2025 qui,134,0,42,0,0,118,16,"99,26","16 905,54","126,16",41,0,243,3969,2,1513,0,7,3268,701,"98,00","595 507,63","150,04",1512,1,7340,Total jun,3969,2,1513,0,7,3268,701,"98,00","595 507,63","150,04",1512,1,7340,Total,42077,4770,14989,0,61,35613,6464,"42,70","5 795 514,62","137,74",15124,129,76825
Data,Ocup,Opção,Cheg,Oferta/Uso Interno,Deduz. Individ.,Deduz. Grupos,% Ocup.,Receita Quartos,Preço Médio,Saídas,Quartos FdS,Adul. / Cri.,junho,Histórico,27-jun-2025 sex,133,0,58,0,0,101,32,"98,52","20 836,45","156,67",59,0,243,3969,2,1513,0,7,3268,701,"98,00","595 507,63","150,04",1512,1,7340,Total jun,3969,2,1513,0,7,3268,701,"98,00","595 507,63","150,04",1512,1,7340,Total,42077,4770,14989,0,61,35613,6464,"42,70","5 795 514,62","137,74",15124,129,76825
Data,Ocup,Opção,Cheg,Oferta/Uso Interno,Deduz. Individ.,Deduz. Grupos,% Ocup.,Receita Quartos,Preço Médio,Saídas,Quartos FdS,Adul. / Cri.,junho,Histórico,28-jun-2025 sáb,131,0,56,0,0,102,29,"97,04","21 188,45","161,74",58,0,247,3969,2,1513,0,7,3268,701,"98,00","595 507,63","150,04",1512,1,7340,Total jun,3969,2,1513,0,7,3268,701,"98,00","595 507,63","150,04",1512,1,7340,Total,42077,4770,14989,0,61,35613,6464,"42,70","5 795 514,62","137,74",15124,129,76825
Data,Ocup,Opção,Cheg,Oferta/Uso Interno,Deduz. Individ.,Deduz. Grupos,% Ocup.,Receita Quartos,Preço Médio,Saídas,Quartos FdS,Adul. / Cri.,junho,Histórico,29-jun-2025 dom,130,0,47,0,0,117,13,"96,30","18 140,57","139,54",48,0,249,3969,2,1513,0,7,3268,701,"98,00","595 507,63","150,04",1512,1,7340,Total jun,3969,2,1513,0,7,3268,701,"98,00","595 507,63","150,04",1512,1,7340,Total,42077,4770,14989,0,61,35613,6464,"42,70","5 795 514,62","137,74",15124,129,76825
Data,Ocup,Opção,Cheg,Oferta/Uso Interno,Deduz. Individ.,Deduz. Grupos,% Ocup.,Receita Quartos,Preço Médio,Saídas,Quartos FdS,Adul. / Cri.,junho,Histórico,30-jun-2025 seg,134,2,36,0,0,121,13,"99,26","18 956,25","141,46",32,0,251,3969,2,1513,0,7,3268,701,"98,00","595 507,63","150,04",1512,1,7340,Total jun,3969,2,1513,0,7,3268,701,"98,00","595 507,63","150,04",1512,1,7340,Total,42077,4770,14989,0,61,35613,6464,"42,70","5 795 514,62","137,74",15124,129,76825
Data,Ocup,Opção,Cheg,Oferta/Uso Interno,Deduz. Individ.,Deduz. Grupos,% Ocup.,Receita Quartos,Preço Médio,Saídas,Quartos FdS,Adul. / Cri.,julho,Histórico,01-jul-2025 ter,116,2,34,0,0,116,0,"85,93","15 858,92","136,71",52,0,215,3720,2,1314,0,5,3623,97,"88,89","505 479,96","135,88",1329,0,6973,Total jul,3720,2,1314,0,5,3623,97,"88,89","505 479,96","135,88",1329,0,6973,Total,42077,4770,14989,0,61,35613,6464,"42,70","5 795 514,62","137,74",15124,129,76825
Data,Ocup,Opção,Cheg,Oferta/Uso Interno,Deduz. Individ.,Deduz. Grupos,% Ocup.,Receita Quartos,Preço Médio,Saídas,Quartos FdS,Adul. / Cri.,julho,Histórico,02-jul-2025 qua,112,0,39,0,0,112,0,"82,96","15 261,02","136,26",43,0,200,3720,2,1314,0,5,3623,97,"88,89","505 479,96","135,88",1329,0,6973,Total jul,3720,2,1314,0,5,3623,97,"88,89","505 479,96","135,88",1329,0,6973,Total,42077,4770,14989,0,61,35613,6464,"42,70","5 795 514,62","137,74",15124,129,76825
Data,Ocup,Opção,Cheg,Oferta/Uso Interno,Deduz. Individ.,Deduz. Grupos,% Ocup.,Receita Quartos,Preço Médio,Saídas,Quartos FdS,Adul. / Cri.,julho,Histórico,03-jul-2025 qui,130,0,44,0,0,130,0,"96,30","18 091,24","139,16",26,0,238,3720,2,1314,0,5,3623,97,"88,89","505 479,96","135,88",1329,0,6973,Total jul,3720,2,1314,0,5,3623,97,"88,89","505 479,96","135,88",1329,0,6973,Total,42077,4770,14989,0,61,35613,6464,"42,70","5 795 514,62","137,74",15124,129,76825
Data,Ocup,Opção,Cheg,Oferta/Uso Interno,Deduz. Individ.,Deduz. Grupos,% Ocup.,Receita Quartos,Preço Médio,Saídas,Quartos FdS,Adul. / Cri.,julho,Histórico,04-jul-2025 sex,130,0,38,0,0,130,0,"96,30","21 304,92","163,88",38,0,239,3720,2,1314,0,5,3623,97,"88,89","505 479,96","135,88",1329,0,6973,Total jul,3720,2,1314,0,5,3623,97,"88,89","505 479,96","135,88",1329,0,6973,Total,42077,4770,14989,0,61,35613,6464,"42,70","5 795 514,62","137,74",15124,129,76825
Data,Ocup,Opção,Cheg,Oferta/Uso Interno,Deduz. Individ.,Deduz. Grupos,% Ocup.,Receita Quartos,Preço Médio,Saídas,Quartos FdS,Adul. / Cri.,julho,Histórico,05-jul-2025 sáb,132,0,52,0,0,132,0,"97,78","20 263,24","153,51",50,0,253,3720,2,1314,0,5,3623,97,"88,89","505 479,96","135,88",1329,0,6973,Total jul,3720,2,1314,0,5,3623,97,"88,89","505 479,96","135,88",1329,0,6973,Total,42077,4770,14989,0,61,35613,6464,"42,70","5 795 514,62","137,74",15124,129,76825
Data,Ocup,Opção,Cheg,Oferta/Uso Interno,Deduz. Individ.,Deduz. Grupos,% Ocup.,Receita Quartos,Preço Médio,Saídas,Quartos FdS,Adul. / Cri.,julho,Histórico,06-jul-2025 dom,111,0,27,0,1,111,0,"82,22","15 239,70","137,29",48,0,215,3720,2,1314,0,5,3623,97,"88,89","505 479,96","135,88",1329,0,6973,Total jul,3720,2,1314,0,5,3623,97,"88,89","505 479,96","135,88",1329,0,6973,Total,42077,4770,14989,0,61,35613,6464,"42,70","5 795 514,62","137,74",15124,129,76825
Data,Ocup,Opção,Cheg,Oferta/Uso Interno,Deduz. Individ.,Deduz. Grupos,% Ocup.,Receita Quartos,Preço Médio,Saídas,Quartos FdS,Adul. / Cri.,julho,Histórico,07-jul-2025 seg,106,0,29,0,1,106,0,"78,52","14 308,59","134,99",34,0,199,3720,2,1314,0,5,3623,97,"88,89","505 479,96","135,88",1329,0,6973,Total jul,3720,2,1314,0,5,3623,97,"88,89","505 479,96","135,88",1329,0,6973,Total,42077,4770,14989,0,61,35613,6464,"42,70","5 795 514,62","137,74",15124,129,76825
Data,Ocup,Opção,Cheg,Oferta/Uso Interno,Deduz. Individ.,Deduz. Grupos,% Ocup.,Receita Quartos,Preço Médio,Saídas,Quartos FdS,Adul. / Cri.,julho,Histórico,08-jul-2025 ter,101,0,41,0,0,89,12,"74,81","14 503,10","143,60",46,0,185,3720,2,1314,0,5,3623,97,"88,89","505 479,96","135,88",1329,0,6973,Total jul,3720,2,1314,0,5,3623,97,"88,89","505 479,96","135,88",1329,0,6973,Total,42077,4770,14989,0,61,35613,6464,"42,70","5 795 514,62","137,74",15124,129,76825
Data,Ocup,Opção,Cheg,Oferta/Uso Interno,Deduz. Individ.,Deduz. Grupos,% Ocup.,Receita Quartos,Preço Médio,Saídas,Quartos FdS,Adul. / Cri.,julho,Histórico,09-jul-2025 qua,99,0,40,0,0,87,12,"73,33","14 756,73","149,06",42,0,186,3720,2,1314,0,5,3623,97,"88,89","505 479,96","135,88",1329,0,6973,Total jul,3720,2,1314,0,5,3623,97,"88,89","505 479,96","135,88",1329,0,6973,Total,42077,4770,14989,0,61,35613,6464,"42,70","5 795 514,62","137,74",15124,129,76825
Data,Ocup,Opção,Cheg,Oferta/Uso Interno,Deduz. Individ.,Deduz. Grupos,% Ocup.,Receita Quartos,Preço Médio,Saídas,Quartos FdS,Adul. / Cri.,julho,Histórico,10-jul-2025 qui,113,0,42,0,0,101,12,"83,70","16 231,75","143,64",28,0,209,3720,2,1314,0,5,3623,97,"88,89","505 479,96","135,88",1329,0,6973,Total jul,3720,2,1314,0,5,3623,97,"88,89","505 479,96","135,88",1329,0,6973,Total,42077,4770,14989,0,61,35613,6464,"42,70","5 795 514,62","137,74",15124,129,76825
Data,Ocup,Opção,Cheg,Oferta/Uso Interno,Deduz. Individ.,Deduz. Grupos,% Ocup.,Receita Quartos,Preço Médio,Saídas,Quartos FdS,Adul. / Cri.,julho,Histórico,11-jul-2025 sex,125,0,54,0,0,125,0,"92,59","18 890,41","151,12",42,0,231,3720,2,1314,0,5,3623,97,"88,89","505 479,96","135,88",1329,0,6973,Total jul,3720,2,1314,0,5,3623,97,"88,89","505 479,96","135,88",1329,0,6973,Total,42077,4770,14989,0,61,35613,6464,"42,70","5 795 514,62","137,74",15124,129,76825
Data,Ocup,Opção,Cheg,Oferta/Uso Interno,Deduz. Individ.,Deduz. Grupos,% Ocup.,Receita Quartos,Preço Médio,Saídas,Quartos FdS,Adul. / Cri.,julho,Histórico,12-jul-2025 sáb,133,0,37,0,0,133,0,"98,52","20 335,89","152,90",29,0,252,3720,2,1314,0,5,3623,97,"88,89","505 479,96","135,88",1329,0,6973,Total jul,3720,2,1314,0,5,3623,97,"88,89","505 479,96","135,88",1329,0,6973,Total,42077,4770,14989,0,61,35613,6464,"42,70","5 795 514,62","137,74",15124,129,76825
Data,Ocup,Opção,Cheg,Oferta/Uso Interno,Deduz. Individ.,Deduz. Grupos,% Ocup.,Receita Quartos,Preço Médio,Saídas,Quartos FdS,Adul. / Cri.,julho,Histórico,13-jul-2025 dom,106,0,38,0,0,106,0,"78,52","13 434,68","126,74",65,0,196,3720,2,1314,0,5,3623,97,"88,89","505 479,96","135,88",1329,0,6973,Total jul,3720,2,1314,0,5,3623,97,"88,89","505 479,96","135,88",1329,0,6973,Total,42077,4770,14989,0,61,35613,6464,"42,70","5 795 514,62","137,74",15124,129,76825
Data,Ocup,Opção,Cheg,Oferta/Uso Interno,Deduz. Individ.,Deduz. Grupos,% Ocup.,Receita Quartos,Preço Médio,Saídas,Quartos FdS,Adul. / Cri.,julho,Histórico,14-jul-2025 seg,104,0,36,0,0,104,0,"77,04","12 588,15","121,04",38,0,198,3720,2,1314,0,5,3623,97,"88,89","505 479,96","135,88",1329,0,6973,Total jul,3720,2,1314,0,5,3623,97,"88,89","505 479,96","135,88",1329,0,6973,Total,42077,4770,14989,0,61,35613,6464,"42,70","5 795 514,62","137,74",15124,129,76825
Data,Ocup,Opção,Cheg,Oferta/Uso Interno,Deduz. Individ.,Deduz. Grupos,% Ocup.,Receita Quartos,Preço Médio,Saídas,Quartos FdS,Adul. / Cri.,julho,Histórico,15-jul-2025 ter,120,0,51,0,0,105,15,"88,89","16 802,77","140,02",35,0,232,3720,2,1314,0,5,3623,97,"88,89","505 479,96","135,88",1329,0,6973,Total jul,3720,2,1314,0,5,3623,97,"88,89","505 479,96","135,88",1329,0,6973,Total,42077,4770,14989,0,61,35613,6464,"42,70","5 795 514,62","137,74",15124,129,76825
Data,Ocup,Opção,Cheg,Oferta/Uso Interno,Deduz. Individ.,Deduz. Grupos,% Ocup.,Receita Quartos,Preço Médio,Saídas,Quartos FdS,Adul. / Cri.,julho,Histórico,16-jul-2025 qua,115,0,49,0,0,102,13,"85,19","16 342,26","142,11",54,0,214,3720,2,1314,0,5,3623,97,"88,89","505 479,96","135,88",1329,0,6973,Total jul,3720,2,1314,0,5,3623,97,"88,89","505 479,96","135,88",1329,0,6973,Total,42077,4770,14989,0,61,35613,6464,"42,70","5 795 514,62","137,74",15124,129,76825
Data,Ocup,Opção,Cheg,Oferta/Uso Interno,Deduz. Individ.,Deduz. Grupos,% Ocup.,Receita Quartos,Preço Médio,Saídas,Quartos FdS,Adul. / Cri.,julho,Histórico,17-jul-2025 qui,118,0,43,0,0,105,13,"87,41","16 739,96","141,86",40,0,218,3720,2,1314,0,5,3623,97,"88,89","505 479,96","135,88",1329,0,6973,Total jul,3720,2,1314,0,5,3623,97,"88,89","505 479,96","135,88",1329,0,6973,Total,42077,4770,14989,0,61,35613,6464,"42,70","5 795 514,62","137,74",15124,129,76825
Data,Ocup,Opção,Cheg,Oferta/Uso Interno,Deduz. Individ.,Deduz. Grupos,% Ocup.,Receita Quartos,Preço Médio,Saídas,Quartos FdS,Adul. / Cri.,julho,Histórico,18-jul-2025 sex,106,0,30,0,0,106,0,"78,52","15 957,00","150,54",42,0,195,3720,2,1314,0,5,3623,97,"88,89","505 479,96","135,88",1329,0,6973,Total jul,3720,2,1314,0,5,3623,97,"88,89","505 479,96","135,88",1329,0,6973,Total,42077,4770,14989,0,61,35613,6464,"42,70","5 795 514,62","137,74",15124,129,76825
Data,Ocup,Opção,Cheg,Oferta/Uso Interno,Deduz. Individ.,Deduz. Grupos,% Ocup.,Receita Quartos,Preço Médio,Saídas,Quartos FdS,Adul. / Cri.,julho,Histórico,19-jul-2025 sáb,124,0,53,0,0,124,0,"91,85","16 819,18","135,64",35,0,235,3720,2,1314,0,5,3623,97,"88,89","505 479,96","135,88",1329,0,6973,Total jul,3720,2,1314,0,5,3623,97,"88,89","505 479,96","135,88",1329,0,6973,Total,42077,4770,14989,0,61,35613,6464,"42,70","5 795 514,62","137,74",15124,129,76825
Data,Ocup,Opção,Cheg,Oferta/Uso Interno,Deduz. Individ.,Deduz. Grupos,% Ocup.,Receita Quartos,Preço Médio,Saídas,Quartos FdS,Adul. / Cri.,julho,Histórico,20-jul-2025 dom,117,0,49,0,0,117,0,"86,67","15 116,65","129,20",56,0,226,3720,2,1314,0,5,3623,97,"88,89","505 479,96","135,88",1329,0,6973,Total jul,3720,2,1314,0,5,3623,97,"88,89","505 479,96","135,88",1329,0,6973,Total,42077,4770,14989,0,61,35613,6464,"42,70","5 795 514,62","137,74",15124,129,76825
Data,Ocup,Opção,Cheg,Oferta/Uso Interno,Deduz. Individ.,Deduz. Grupos,% Ocup.,Receita Quartos,Preço Médio,Saídas,Quartos FdS,Adul. / Cri.,julho,Histórico,21-jul-2025 seg,122,0,44,0,0,122,0,"90,37","15 200,14","124,59",39,0,238,3720,2,1314,0,5,3623,97,"88,89","505 479,96","135,88",1329,0,6973,Total jul,3720,2,1314,0,5,3623,97,"88,89","505 479,96","135,88",1329,0,6973,Total,42077,4770,14989,0,61,35613,6464,"42,70","5 795 514,62","137,74",15124,129,76825
Data,Ocup,Opção,Cheg,Oferta/Uso Interno,Deduz. Individ.,Deduz. Grupos,% Ocup.,Receita Quartos,Preço Médio,Saídas,Quartos FdS,Adul. / Cri.,julho,Histórico,22-jul-2025 ter,133,0,45,0,0,133,0,"98,52","17 069,26","128,34",34,0,254,3720,2,1314,0,5,3623,97,"88,89","505 479,96","135,88",1329,0,6973,Total jul,3720,2,1314,0,5,3623,97,"88,89","505 479,96","135,88",1329,0,6973,Total,42077,4770,14989,0,61,35613,6464,"42,70","5 795 514,62","137,74",15124,129,76825
Data,Ocup,Opção,Cheg,Oferta/Uso Interno,Deduz. Individ.,Deduz. Grupos,% Ocup.,Receita Quartos,Preço Médio,Saídas,Quartos FdS,Adul. / Cri.,julho,Histórico,23-jul-2025 qua,121,0,39,0,0,121,0,"89,63","13 816,99","114,19",51,0,227,3720,2,1314,0,5,3623,97,"88,89","505 479,96","135,88",1329,0,6973,Total jul,3720,2,1314,0,5,3623,97,"88,89","505 479,96","135,88",1329,0,6973,Total,42077,4770,14989,0,61,35613,6464,"42,70","5 795 514,62","137,74",15124,129,76825
Data,Ocup,Opção,Cheg,Oferta/Uso Interno,Deduz. Individ.,Deduz. Grupos,% Ocup.,Receita Quartos,Preço Médio,Saídas,Quartos FdS,Adul. / Cri.,julho,Histórico,24-jul-2025 qui,132,0,57,0,0,132,0,"97,78","16 137,37","122,25",46,0,246,3720,2,1314,0,5,3623,97,"88,89","505 479,96","135,88",1329,0,6973,Total jul,3720,2,1314,0,5,3623,97,"88,89","505 479,96","135,88",1329,0,6973,Total,42077,4770,14989,0,61,35613,6464,"42,70","5 795 514,62","137,74",15124,129,76825
Data,Ocup,Opção,Cheg,Oferta/Uso Interno,Deduz. Individ.,Deduz. Grupos,% Ocup.,Receita Quartos,Preço Médio,Saídas,Quartos FdS,Adul. / Cri.,julho,Histórico,25-jul-2025 sex,133,0,37,0,0,133,0,"98,52","16 550,10","124,44",36,0,246,3720,2,1314,0,5,3623,97,"88,89","505 479,96","135,88",1329,0,6973,Total jul,3720,2,1314,0,5,3623,97,"88,89","505 479,96","135,88",1329,0,6973,Total,42077,4770,14989,0,61,35613,6464,"42,70","5 795 514,62","137,74",15124,129,76825
Data,Ocup,Opção,Cheg,Oferta/Uso Interno,Deduz. Individ.,Deduz. Grupos,% Ocup.,Receita Quartos,Preço Médio,Saídas,Quartos FdS,Adul. / Cri.,julho,Histórico,26-jul-2025 sáb,133,0,54,0,1,133,0,"98,52","18 303,29","137,62",54,0,241,3720,2,1314,0,5,3623,97,"88,89","505 479,96","135,88",1329,0,6973,Total jul,3720,2,1314,0,5,3623,97,"88,89","505 479,96","135,88",1329,0,6973,Total,42077,4770,14989,0,61,35613,6464,"42,70","5 795 514,62","137,74",15124,129,76825
Data,Ocup,Opção,Cheg,Oferta/Uso Interno,Deduz. Individ.,Deduz. Grupos,% Ocup.,Receita Quartos,Preço Médio,Saídas,Quartos FdS,Adul. / Cri.,julho,Histórico,27-jul-2025 dom,127,0,46,0,1,127,0,"94,07","15 647,13","123,21",52,0,232,3720,2,1314,0,5,3623,97,"88,89","505 479,96","135,88",1329,0,6973,Total jul,3720,2,1314,0,5,3623,97,"88,89","505 479,96","135,88",1329,0,6973,Total,42077,4770,14989,0,61,35613,6464,"42,70","5 795 514,62","137,74",15124,129,76825
Data,Ocup,Opção,Cheg,Oferta/Uso Interno,Deduz. Individ.,Deduz. Grupos,% Ocup.,Receita Quartos,Preço Médio,Saídas,Quartos FdS,Adul. / Cri.,julho,Histórico,28-jul-2025 seg,133,0,47,0,1,133,0,"98,52","17 049,58","128,19",41,0,253,3720,2,1314,0,5,3623,97,"88,89","505 479,96","135,88",1329,0,6973,Total jul,3720,2,1314,0,5,3623,97,"88,89","505 479,96","135,88",1329,0,6973,Total,42077,4770,14989,0,61,35613,6464,"42,70","5 795 514,62","137,74",15124,129,76825
Data,Ocup,Opção,Cheg,Oferta/Uso Interno,Deduz. Individ.,Deduz. Grupos,% Ocup.,Receita Quartos,Preço Médio,Saídas,Quartos FdS,Adul. / Cri.,julho,Histórico,29-jul-2025 ter,120,0,32,0,0,120,0,"88,89","15 618,63","130,16",45,0,236,3720,2,1314,0,5,3623,97,"88,89","505 479,96","135,88",1329,0,6973,Total jul,3720,2,1314,0,5,3623,97,"88,89","505 479,96","135,88",1329,0,6973,Total,42077,4770,14989,0,61,35613,6464,"42,70","5 795 514,62","137,74",15124,129,76825
Data,Ocup,Opção,Cheg,Oferta/Uso Interno,Deduz. Individ.,Deduz. Grupos,% Ocup.,Receita Quartos,Preço Médio,Saídas,Quartos FdS,Adul. / Cri.,julho,Histórico,30-jul-2025 qua,129,0,53,0,0,119,10,"95,56","15 972,20","123,82",44,0,246,3720,2,1314,0,5,3623,97,"88,89","505 479,96","135,88",1329,0,6973,Total jul,3720,2,1314,0,5,3623,97,"88,89","505 479,96","135,88",1329,0,6973,Total,42077,4770,14989,0,61,35613,6464,"42,70","5 795 514,62","137,74",15124,129,76825
Data,Ocup,Opção,Cheg,Oferta/Uso Interno,Deduz. Individ.,Deduz. Grupos,% Ocup.,Receita Quartos,Preço Médio,Saídas,Quartos FdS,Adul. / Cri.,julho,Histórico,31-jul-2025 qui,119,0,34,0,0,109,10,"88,15","15 269,13","128,31",44,0,218,3720,2,1314,0,5,3623,97,"88,89","505 479,96","135,88",1329,0,6973,Total jul,3720,2,1314,0,5,3623,97,"88,89","505 479,96","135,88",1329,0,6973,Total,42077,4770,14989,0,61,35613,6464,"42,70","5 795 514,62","137,74",15124,129,76825
Data,Ocup,Opção,Cheg,Oferta/Uso Interno,Deduz. Individ.,Deduz. Grupos,% Ocup.,Receita Quartos,Preço Médio,Saídas,Quartos FdS,Adul. / Cri.,agosto,Histórico,01-ago-2025 sex,122,0,57,0,0,122,0,"90,37","15 311,70","125,51",54,0,228,3971,9,1442,0,15,3621,350,"94,89","515 412,47","129,79",1441,5,7494,Total ago,3971,9,1442,0,15,3621,350,"94,89","515 412,47","129,79",1441,5,7494,Total,42077,4770,14989,0,61,35613,6464,"42,70","5 795 514,62","137,74",15124,129,76825
Data,Ocup,Opção,Cheg,Oferta/Uso Interno,Deduz. Individ.,Deduz. Grupos,% Ocup.,Receita Quartos,Preço Médio,Saídas,Quartos FdS,Adul. / Cri.,agosto,Histórico,02-ago-2025 sáb,129,0,48,0,0,129,0,"95,56","17 236,12","133,61",41,0,245,3971,9,1442,0,15,3621,350,"94,89","515 412,47","129,79",1441,5,7494,Total ago,3971,9,1442,0,15,3621,350,"94,89","515 412,47","129,79",1441,5,7494,Total,42077,4770,14989,0,61,35613,6464,"42,70","5 795 514,62","137,74",15124,129,76825
Data,Ocup,Opção,Cheg,Oferta/Uso Interno,Deduz. Individ.,Deduz. Grupos,% Ocup.,Receita Quartos,Preço Médio,Saídas,Quartos FdS,Adul. / Cri.,agosto,Histórico,03-ago-2025 dom,117,0,34,0,0,117,0,"86,67","14 368,42","122,81",46,0,229,3971,9,1442,0,15,3621,350,"94,89","515 412,47","129,79",1441,5,7494,Total ago,3971,9,1442,0,15,3621,350,"94,89","515 412,47","129,79",1441,5,7494,Total,42077,4770,14989,0,61,35613,6464,"42,70","5 795 514,62","137,74",15124,129,76825
Data,Ocup,Opção,Cheg,Oferta/Uso Interno,Deduz. Individ.,Deduz. Grupos,% Ocup.,Receita Quartos,Preço Médio,Saídas,Quartos FdS,Adul. / Cri.,agosto,Histórico,04-ago-2025 seg,122,0,59,0,0,122,0,"90,37","15 649,63","128,28",54,1,236,3971,9,1442,0,15,3621,350,"94,89","515 412,47","129,79",1441,5,7494,Total ago,3971,9,1442,0,15,3621,350,"94,89","515 412,47","129,79",1441,5,7494,Total,42077,4770,14989,0,61,35613,6464,"42,70","5 795 514,62","137,74",15124,129,76825
Data,Ocup,Opção,Cheg,Oferta/Uso Interno,Deduz. Individ.,Deduz. Grupos,% Ocup.,Receita Quartos,Preço Médio,Saídas,Quartos FdS,Adul. / Cri.,agosto,Histórico,05-ago-2025 ter,131,1,53,0,0,116,15,"97,04","17 798,95","135,87",44,1,249,3971,9,1442,0,15,3621,350,"94,89","515 412,47","129,79",1441,5,7494,Total ago,3971,9,1442,0,15,3621,350,"94,89","515 412,47","129,79",1441,5,7494,Total,42077,4770,14989,0,61,35613,6464,"42,70","5 795 514,62","137,74",15124,129,76825
Data,Ocup,Opção,Cheg,Oferta/Uso Interno,Deduz. Individ.,Deduz. Grupos,% Ocup.,Receita Quartos,Preço Médio,Saídas,Quartos FdS,Adul. / Cri.,agosto,Histórico,06-ago-2025 qua,125,1,48,0,0,125,0,"92,59","16 059,32","128,47",54,1,242,3971,9,1442,0,15,3621,350,"94,89","515 412,47","129,79",1441,5,7494,Total ago,3971,9,1442,0,15,3621,350,"94,89","515 412,47","129,79",1441,5,7494,Total,42077,4770,14989,0,61,35613,6464,"42,70","5 795 514,62","137,74",15124,129,76825
Data,Ocup,Opção,Cheg,Oferta/Uso Interno,Deduz. Individ.,Deduz. Grupos,% Ocup.,Receita Quartos,Preço Médio,Saídas,Quartos FdS,Adul. / Cri.,agosto,Histórico,07-ago-2025 qui,118,1,37,0,0,118,0,"87,41","14 934,70","126,57",44,0,230,3971,9,1442,0,15,3621,350,"94,89","515 412,47","129,79",1441,5,7494,Total ago,3971,9,1442,0,15,3621,350,"94,89","515 412,47","129,79",1441,5,7494,Total,42077,4770,14989,0,61,35613,6464,"42,70","5 795 514,62","137,74",15124,129,76825
Data,Ocup,Opção,Cheg,Oferta/Uso Interno,Deduz. Individ.,Deduz. Grupos,% Ocup.,Receita Quartos,Preço Médio,Saídas,Quartos FdS,Adul. / Cri.,agosto,Histórico,08-ago-2025 sex,133,0,52,0,0,133,0,"98,52","17 054,09","128,23",37,0,258,3971,9,1442,0,15,3621,350,"94,89","515 412,47","129,79",1441,5,7494,Total ago,3971,9,1442,0,15,3621,350,"94,89","515 412,47","129,79",1441,5,7494,Total,42077,4770,14989,0,61,35613,6464,"42,70","5 795 514,62","137,74",15124,129,76825
Data,Ocup,Opção,Cheg,Oferta/Uso Interno,Deduz. Individ.,Deduz. Grupos,% Ocup.,Receita Quartos,Preço Médio,Saídas,Quartos FdS,Adul. / Cri.,agosto,Histórico,09-ago-2025 sáb,132,0,49,0,0,132,0,"97,78","18 336,47","138,91",50,0,253,3971,9,1442,0,15,3621,350,"94,89","515 412,47","129,79",1441,5,7494,Total ago,3971,9,1442,0,15,3621,350,"94,89","515 412,47","129,79",1441,5,7494,Total,42077,4770,14989,0,61,35613,6464,"42,70","5 795 514,62","137,74",15124,129,76825
Data,Ocup,Opção,Cheg,Oferta/Uso Interno,Deduz. Individ.,Deduz. Grupos,% Ocup.,Receita Quartos,Preço Médio,Saídas,Quartos FdS,Adul. / Cri.,agosto,Histórico,10-ago-2025 dom,134,0,47,0,1,134,0,"99,26","16 045,67","119,74",45,0,256,3971,9,1442,0,15,3621,350,"94,89","515 412,47","129,79",1441,5,7494,Total ago,3971,9,1442,0,15,3621,350,"94,89","515 412,47","129,79",1441,5,7494,Total,42077,4770,14989,0,61,35613,6464,"42,70","5 795 514,62","137,74",15124,129,76825
Data,Ocup,Opção,Cheg,Oferta/Uso Interno,Deduz. Individ.,Deduz. Grupos,% Ocup.,Receita Quartos,Preço Médio,Saídas,Quartos FdS,Adul. / Cri.,agosto,Histórico,11-ago-2025 seg,134,0,49,0,2,112,22,"99,26","16 685,60","124,52",49,0,263,3971,9,1442,0,15,3621,350,"94,89","515 412,47","129,79",1441,5,7494,Total ago,3971,9,1442,0,15,3621,350,"94,89","515 412,47","129,79",1441,5,7494,Total,42077,4770,14989,0,61,35613,6464,"42,70","5 795 514,62","137,74",15124,129,76825
Data,Ocup,Opção,Cheg,Oferta/Uso Interno,Deduz. Individ.,Deduz. Grupos,% Ocup.,Receita Quartos,Preço Médio,Saídas,Quartos FdS,Adul. / Cri.,agosto,Histórico,12-ago-2025 ter,134,0,64,0,2,134,0,"99,26","16 323,71","121,82",64,0,268,3971,9,1442,0,15,3621,350,"94,89","515 412,47","129,79",1441,5,7494,Total ago,3971,9,1442,0,15,3621,350,"94,89","515 412,47","129,79",1441,5,7494,Total,42077,4770,14989,0,61,35613,6464,"42,70","5 795 514,62","137,74",15124,129,76825
Data,Ocup,Opção,Cheg,Oferta/Uso Interno,Deduz. Individ.,Deduz. Grupos,% Ocup.,Receita Quartos,Preço Médio,Saídas,Quartos FdS,Adul. / Cri.,agosto,Histórico,13-ago-2025 qua,131,0,50,0,1,125,6,"97,04","15 305,53","116,84",53,0,250,3971,9,1442,0,15,3621,350,"94,89","515 412,47","129,79",1441,5,7494,Total ago,3971,9,1442,0,15,3621,350,"94,89","515 412,47","129,79",1441,5,7494,Total,42077,4770,14989,0,61,35613,6464,"42,70","5 795 514,62","137,74",15124,129,76825
Data,Ocup,Opção,Cheg,Oferta/Uso Interno,Deduz. Individ.,Deduz. Grupos,% Ocup.,Receita Quartos,Preço Médio,Saídas,Quartos FdS,Adul. / Cri.,agosto,Histórico,14-ago-2025 qui,134,0,46,0,1,128,6,"99,26","16 224,11","121,08",43,0,258,3971,9,1442,0,15,3621,350,"94,89","515 412,47","129,79",1441,5,7494,Total ago,3971,9,1442,0,15,3621,350,"94,89","515 412,47","129,79",1441,5,7494,Total,42077,4770,14989,0,61,35613,6464,"42,70","5 795 514,62","137,74",15124,129,76825
Data,Ocup,Opção,Cheg,Oferta/Uso Interno,Deduz. Individ.,Deduz. Grupos,% Ocup.,Receita Quartos,Preço Médio,Saídas,Quartos FdS,Adul. / Cri.,agosto,Histórico,15-ago-2025 sex,132,0,44,0,1,126,6,"97,78","17 812,39","134,94",46,0,257,3971,9,1442,0,15,3621,350,"94,89","515 412,47","129,79",1441,5,7494,Total ago,3971,9,1442,0,15,3621,350,"94,89","515 412,47","129,79",1441,5,7494,Total,42077,4770,14989,0,61,35613,6464,"42,70","5 795 514,62","137,74",15124,129,76825
Data,Ocup,Opção,Cheg,Oferta/Uso Interno,Deduz. Individ.,Deduz. Grupos,% Ocup.,Receita Quartos,Preço Médio,Saídas,Quartos FdS,Adul. / Cri.,agosto,Histórico,16-ago-2025 sáb,130,1,37,0,3,130,0,"96,30","17 339,25","133,38",38,0,255,3971,9,1442,0,15,3621,350,"94,89","515 412,47","129,79",1441,5,7494,Total ago,3971,9,1442,0,15,3621,350,"94,89","515 412,47","129,79",1441,5,7494,Total,42077,4770,14989,0,61,35613,6464,"42,70","5 795 514,62","137,74",15124,129,76825
Data,Ocup,Opção,Cheg,Oferta/Uso Interno,Deduz. Individ.,Deduz. Grupos,% Ocup.,Receita Quartos,Preço Médio,Saídas,Quartos FdS,Adul. / Cri.,agosto,Histórico,17-ago-2025 dom,127,1,39,0,2,127,0,"94,07","15 379,49","121,10",42,0,250,3971,9,1442,0,15,3621,350,"94,89","515 412,47","129,79",1441,5,7494,Total ago,3971,9,1442,0,15,3621,350,"94,89","515 412,47","129,79",1441,5,7494,Total,42077,4770,14989,0,61,35613,6464,"42,70","5 795 514,62","137,74",15124,129,76825
Data,Ocup,Opção,Cheg,Oferta/Uso Interno,Deduz. Individ.,Deduz. Grupos,% Ocup.,Receita Quartos,Preço Médio,Saídas,Quartos FdS,Adul. / Cri.,agosto,Histórico,18-ago-2025 seg,131,1,55,0,1,131,0,"97,04","16 276,40","124,25",52,1,247,3971,9,1442,0,15,3621,350,"94,89","515 412,47","129,79",1441,5,7494,Total ago,3971,9,1442,0,15,3621,350,"94,89","515 412,47","129,79",1441,5,7494,Total,42077,4770,14989,0,61,35613,6464,"42,70","5 795 514,62","137,74",15124,129,76825
Data,Ocup,Opção,Cheg,Oferta/Uso Interno,Deduz. Individ.,Deduz. Grupos,% Ocup.,Receita Quartos,Preço Médio,Saídas,Quartos FdS,Adul. / Cri.,agosto,Histórico,19-ago-2025 ter,129,1,51,0,0,127,2,"95,56","16 329,84","126,59",53,0,239,3971,9,1442,0,15,3621,350,"94,89","515 412,47","129,79",1441,5,7494,Total ago,3971,9,1442,0,15,3621,350,"94,89","515 412,47","129,79",1441,5,7494,Total,42077,4770,14989,0,61,35613,6464,"42,70","5 795 514,62","137,74",15124,129,76825
Data,Ocup,Opção,Cheg,Oferta/Uso Interno,Deduz. Individ.,Deduz. Grupos,% Ocup.,Receita Quartos,Preço Médio,Saídas,Quartos FdS,Adul. / Cri.,agosto,Histórico,20-ago-2025 qua,132,0,60,0,0,102,30,"97,78","17 267,59","130,82",57,0,241,3971,9,1442,0,15,3621,350,"94,89","515 412,47","129,79",1441,5,7494,Total ago,3971,9,1442,0,15,3621,350,"94,89","515 412,47","129,79",1441,5,7494,Total,42077,4770,14989,0,61,35613,6464,"42,70","5 795 514,62","137,74",15124,129,76825
Data,Ocup,Opção,Cheg,Oferta/Uso Interno,Deduz. Individ.,Deduz. Grupos,% Ocup.,Receita Quartos,Preço Médio,Saídas,Quartos FdS,Adul. / Cri.,agosto,Histórico,21-ago-2025 qui,127,0,32,0,0,97,30,"94,07","16 408,64","129,20",37,0,234,3971,9,1442,0,15,3621,350,"94,89","515 412,47","129,79",1441,5,7494,Total ago,3971,9,1442,0,15,3621,350,"94,89","515 412,47","129,79",1441,5,7494,Total,42077,4770,14989,0,61,35613,6464,"42,70","5 795 514,62","137,74",15124,129,76825
Data,Ocup,Opção,Cheg,Oferta/Uso Interno,Deduz. Individ.,Deduz. Grupos,% Ocup.,Receita Quartos,Preço Médio,Saídas,Quartos FdS,Adul. / Cri.,agosto,Histórico,22-ago-2025 sex,128,0,37,0,0,98,30,"94,81","17 421,08","136,10",36,0,242,3971,9,1442,0,15,3621,350,"94,89","515 412,47","129,79",1441,5,7494,Total ago,3971,9,1442,0,15,3621,350,"94,89","515 412,47","129,79",1441,5,7494,Total,42077,4770,14989,0,61,35613,6464,"42,70","5 795 514,62","137,74",15124,129,76825
Data,Ocup,Opção,Cheg,Oferta/Uso Interno,Deduz. Individ.,Deduz. Grupos,% Ocup.,Receita Quartos,Preço Médio,Saídas,Quartos FdS,Adul. / Cri.,agosto,Histórico,23-ago-2025 sáb,135,0,48,0,0,121,14,"100,00","17 606,46","130,42",41,0,250,3971,9,1442,0,15,3621,350,"94,89","515 412,47","129,79",1441,5,7494,Total ago,3971,9,1442,0,15,3621,350,"94,89","515 412,47","129,79",1441,5,7494,Total,42077,4770,14989,0,61,35613,6464,"42,70","5 795 514,62","137,74",15124,129,76825
Data,Ocup,Opção,Cheg,Oferta/Uso Interno,Deduz. Individ.,Deduz. Grupos,% Ocup.,Receita Quartos,Preço Médio,Saídas,Quartos FdS,Adul. / Cri.,agosto,Histórico,24-ago-2025 dom,130,0,42,0,0,116,14,"96,30","16 701,65","128,47",47,0,245,3971,9,1442,0,15,3621,350,"94,89","515 412,47","129,79",1441,5,7494,Total ago,3971,9,1442,0,15,3621,350,"94,89","515 412,47","129,79",1441,5,7494,Total,42077,4770,14989,0,61,35613,6464,"42,70","5 795 514,62","137,74",15124,129,76825
Data,Ocup,Opção,Cheg,Oferta/Uso Interno,Deduz. Individ.,Deduz. Grupos,% Ocup.,Receita Quartos,Preço Médio,Saídas,Quartos FdS,Adul. / Cri.,agosto,Histórico,25-ago-2025 seg,120,0,26,0,0,106,14,"88,89","15 731,88","131,10",36,0,226,3971,9,1442,0,15,3621,350,"94,89","515 412,47","129,79",1441,5,7494,Total ago,3971,9,1442,0,15,3621,350,"94,89","515 412,47","129,79",1441,5,7494,Total,42077,4770,14989,0,61,35613,6464,"42,70","5 795 514,62","137,74",15124,129,76825
Data,Ocup,Opção,Cheg,Oferta/Uso Interno,Deduz. Individ.,Deduz. Grupos,% Ocup.,Receita Quartos,Preço Médio,Saídas,Quartos FdS,Adul. / Cri.,agosto,Histórico,26-ago-2025 ter,123,0,48,0,0,95,28,"91,11","17 469,15","142,03",45,0,231,3971,9,1442,0,15,3621,350,"94,89","515 412,47","129,79",1441,5,7494,Total ago,3971,9,1442,0,15,3621,350,"94,89","515 412,47","129,79",1441,5,7494,Total,42077,4770,14989,0,61,35613,6464,"42,70","5 795 514,62","137,74",15124,129,76825
Data,Ocup,Opção,Cheg,Oferta/Uso Interno,Deduz. Individ.,Deduz. Grupos,% Ocup.,Receita Quartos,Preço Médio,Saídas,Quartos FdS,Adul. / Cri.,agosto,Histórico,27-ago-2025 qua,124,0,66,0,1,97,27,"91,85","14 701,65","118,56",65,0,225,3971,9,1442,0,15,3621,350,"94,89","515 412,47","129,79",1441,5,7494,Total ago,3971,9,1442,0,15,3621,350,"94,89","515 412,47","129,79",1441,5,7494,Total,42077,4770,14989,0,61,35613,6464,"42,70","5 795 514,62","137,74",15124,129,76825
Data,Ocup,Opção,Cheg,Oferta/Uso Interno,Deduz. Individ.,Deduz. Grupos,% Ocup.,Receita Quartos,Preço Médio,Saídas,Quartos FdS,Adul. / Cri.,agosto,Histórico,28-ago-2025 qui,124,0,37,0,0,94,30,"91,85","16 225,08","130,85",37,0,228,3971,9,1442,0,15,3621,350,"94,89","515 412,47","129,79",1441,5,7494,Total ago,3971,9,1442,0,15,3621,350,"94,89","515 412,47","129,79",1441,5,7494,Total,42077,4770,14989,0,61,35613,6464,"42,70","5 795 514,62","137,74",15124,129,76825
Data,Ocup,Opção,Cheg,Oferta/Uso Interno,Deduz. Individ.,Deduz. Grupos,% Ocup.,Receita Quartos,Preço Médio,Saídas,Quartos FdS,Adul. / Cri.,agosto,Histórico,29-ago-2025 sex,130,0,53,0,0,98,32,"96,30","18 863,86","145,11",47,0,228,3971,9,1442,0,15,3621,350,"94,89","515 412,47","129,79",1441,5,7494,Total ago,3971,9,1442,0,15,3621,350,"94,89","515 412,47","129,79",1441,5,7494,Total,42077,4770,14989,0,61,35613,6464,"42,70","5 795 514,62","137,74",15124,129,76825
Data,Ocup,Opção,Cheg,Oferta/Uso Interno,Deduz. Individ.,Deduz. Grupos,% Ocup.,Receita Quartos,Preço Médio,Saídas,Quartos FdS,Adul. / Cri.,agosto,Histórico,30-ago-2025 sáb,133,0,47,0,0,113,20,"98,52","19 323,09","145,29",44,0,226,3971,9,1442,0,15,3621,350,"94,89","515 412,47","129,79",1441,5,7494,Total ago,3971,9,1442,0,15,3621,350,"94,89","515 412,47","129,79",1441,5,7494,Total,42077,4770,14989,0,61,35613,6464,"42,70","5 795 514,62","137,74",15124,129,76825
Data,Ocup,Opção,Cheg,Oferta/Uso Interno,Deduz. Individ.,Deduz. Grupos,% Ocup.,Receita Quartos,Preço Médio,Saídas,Quartos FdS,Adul. / Cri.,agosto,Histórico,31-ago-2025 dom,120,2,27,0,0,96,24,"88,89","17 220,95","143,51",40,1,205,3971,9,1442,0,15,3621,350,"94,89","515 412,47","129,79",1441,5,7494,Total ago,3971,9,1442,0,15,3621,350,"94,89","515 412,47","129,79",1441,5,7494,Total,42077,4770,14989,0,61,35613,6464,"42,70","5 795 514,62","137,74",15124,129,76825
Data,Ocup,Opção,Cheg,Oferta/Uso Interno,Deduz. Individ.,Deduz. Grupos,% Ocup.,Receita Quartos,Preço Médio,Saídas,Quartos FdS,Adul. / Cri.,setembro,Histórico,01-set-2025 seg,117,2,33,0,0,100,17,"86,67","19 066,02","162,96",36,0,202,3615,6,1319,0,1,2924,691,"89,26","620 068,16","171,53",1320,2,6313,Total set,3615,6,1319,0,1,2924,691,"89,26","620 068,16","171,53",1320,2,6313,Total,42077,4770,14989,0,61,35613,6464,"42,70","5 795 514,62","137,74",15124,129,76825
Data,Ocup,Opção,Cheg,Oferta/Uso Interno,Deduz. Individ.,Deduz. Grupos,% Ocup.,Receita Quartos,Preço Médio,Saídas,Quartos FdS,Adul. / Cri.,setembro,Histórico,02-set-2025 ter,100,0,32,0,1,100,0,"74,07","15 518,42","155,18",49,0,176,3615,6,1319,0,1,2924,691,"89,26","620 068,16","171,53",1320,2,6313,Total set,3615,6,1319,0,1,2924,691,"89,26","620 068,16","171,53",1320,2,6313,Total,42077,4770,14989,0,61,35613,6464,"42,70","5 795 514,62","137,74",15124,129,76825
Data,Ocup,Opção,Cheg,Oferta/Uso Interno,Deduz. Individ.,Deduz. Grupos,% Ocup.,Receita Quartos,Preço Médio,Saídas,Quartos FdS,Adul. / Cri.,setembro,Histórico,03-set-2025 qua,104,0,49,0,0,87,17,"77,04","16 368,32","157,39",45,0,190,3615,6,1319,0,1,2924,691,"89,26","620 068,16","171,53",1320,2,6313,Total set,3615,6,1319,0,1,2924,691,"89,26","620 068,16","171,53",1320,2,6313,Total,42077,4770,14989,0,61,35613,6464,"42,70","5 795 514,62","137,74",15124,129,76825
Data,Ocup,Opção,Cheg,Oferta/Uso Interno,Deduz. Individ.,Deduz. Grupos,% Ocup.,Receita Quartos,Preço Médio,Saídas,Quartos FdS,Adul. / Cri.,setembro,Histórico,04-set-2025 qui,108,0,32,0,0,87,21,"80,00","18 026,52","166,91",28,0,196,3615,6,1319,0,1,2924,691,"89,26","620 068,16","171,53",1320,2,6313,Total set,3615,6,1319,0,1,2924,691,"89,26","620 068,16","171,53",1320,2,6313,Total,42077,4770,14989,0,61,35613,6464,"42,70","5 795 514,62","137,74",15124,129,76825
Data,Ocup,Opção,Cheg,Oferta/Uso Interno,Deduz. Individ.,Deduz. Grupos,% Ocup.,Receita Quartos,Preço Médio,Saídas,Quartos FdS,Adul. / Cri.,setembro,Histórico,05-set-2025 sex,115,0,38,0,0,88,27,"85,19","19 455,00","169,17",31,1,210,3615,6,1319,0,1,2924,691,"89,26","620 068,16","171,53",1320,2,6313,Total set,3615,6,1319,0,1,2924,691,"89,26","620 068,16","171,53",1320,2,6313,Total,42077,4770,14989,0,61,35613,6464,"42,70","5 795 514,62","137,74",15124,129,76825
Data,Ocup,Opção,Cheg,Oferta/Uso Interno,Deduz. Individ.,Deduz. Grupos,% Ocup.,Receita Quartos,Preço Médio,Saídas,Quartos FdS,Adul. / Cri.,setembro,Histórico,06-set-2025 sáb,103,0,31,0,0,92,11,"76,30","17 095,96","165,98",43,0,179,3615,6,1319,0,1,2924,691,"89,26","620 068,16","171,53",1320,2,6313,Total set,3615,6,1319,0,1,2924,691,"89,26","620 068,16","171,53",1320,2,6313,Total,42077,4770,14989,0,61,35613,6464,"42,70","5 795 514,62","137,74",15124,129,76825
Data,Ocup,Opção,Cheg,Oferta/Uso Interno,Deduz. Individ.,Deduz. Grupos,% Ocup.,Receita Quartos,Preço Médio,Saídas,Quartos FdS,Adul. / Cri.,setembro,Histórico,07-set-2025 dom,103,0,36,0,0,103,0,"76,30","15 957,73","154,93",36,0,179,3615,6,1319,0,1,2924,691,"89,26","620 068,16","171,53",1320,2,6313,Total set,3615,6,1319,0,1,2924,691,"89,26","620 068,16","171,53",1320,2,6313,Total,42077,4770,14989,0,61,35613,6464,"42,70","5 795 514,62","137,74",15124,129,76825
Data,Ocup,Opção,Cheg,Oferta/Uso Interno,Deduz. Individ.,Deduz. Grupos,% Ocup.,Receita Quartos,Preço Médio,Saídas,Quartos FdS,Adul. / Cri.,setembro,Histórico,08-set-2025 seg,105,0,42,0,0,105,0,"77,78","16 753,64","159,56",40,0,182,3615,6,1319,0,1,2924,691,"89,26","620 068,16","171,53",1320,2,6313,Total set,3615,6,1319,0,1,2924,691,"89,26","620 068,16","171,53",1320,2,6313,Total,42077,4770,14989,0,61,35613,6464,"42,70","5 795 514,62","137,74",15124,129,76825
Data,Ocup,Opção,Cheg,Oferta/Uso Interno,Deduz. Individ.,Deduz. Grupos,% Ocup.,Receita Quartos,Preço Médio,Saídas,Quartos FdS,Adul. / Cri.,setembro,Histórico,09-set-2025 ter,112,0,44,0,0,112,0,"82,96","18 842,15","168,23",37,0,194,3615,6,1319,0,1,2924,691,"89,26","620 068,16","171,53",1320,2,6313,Total set,3615,6,1319,0,1,2924,691,"89,26","620 068,16","171,53",1320,2,6313,Total,42077,4770,14989,0,61,35613,6464,"42,70","5 795 514,62","137,74",15124,129,76825
Data,Ocup,Opção,Cheg,Oferta/Uso Interno,Deduz. Individ.,Deduz. Grupos,% Ocup.,Receita Quartos,Preço Médio,Saídas,Quartos FdS,Adul. / Cri.,setembro,Histórico,10-set-2025 qua,113,0,45,0,0,95,18,"83,70","17 865,24","158,10",44,0,196,3615,6,1319,0,1,2924,691,"89,26","620 068,16","171,53",1320,2,6313,Total set,3615,6,1319,0,1,2924,691,"89,26","620 068,16","171,53",1320,2,6313,Total,42077,4770,14989,0,61,35613,6464,"42,70","5 795 514,62","137,74",15124,129,76825
Data,Ocup,Opção,Cheg,Oferta/Uso Interno,Deduz. Individ.,Deduz. Grupos,% Ocup.,Receita Quartos,Preço Médio,Saídas,Quartos FdS,Adul. / Cri.,setembro,Histórico,11-set-2025 qui,120,0,36,0,0,89,31,"88,89","18 453,95","153,78",29,0,213,3615,6,1319,0,1,2924,691,"89,26","620 068,16","171,53",1320,2,6313,Total set,3615,6,1319,0,1,2924,691,"89,26","620 068,16","171,53",1320,2,6313,Total,42077,4770,14989,0,61,35613,6464,"42,70","5 795 514,62","137,74",15124,129,76825
Data,Ocup,Opção,Cheg,Oferta/Uso Interno,Deduz. Individ.,Deduz. Grupos,% Ocup.,Receita Quartos,Preço Médio,Saídas,Quartos FdS,Adul. / Cri.,setembro,Histórico,12-set-2025 sex,129,0,49,0,0,74,55,"95,56","22 349,19","173,25",40,0,229,3615,6,1319,0,1,2924,691,"89,26","620 068,16","171,53",1320,2,6313,Total set,3615,6,1319,0,1,2924,691,"89,26","620 068,16","171,53",1320,2,6313,Total,42077,4770,14989,0,61,35613,6464,"42,70","5 795 514,62","137,74",15124,129,76825
Data,Ocup,Opção,Cheg,Oferta/Uso Interno,Deduz. Individ.,Deduz. Grupos,% Ocup.,Receita Quartos,Preço Médio,Saídas,Quartos FdS,Adul. / Cri.,setembro,Histórico,13-set-2025 sáb,126,0,33,0,0,85,41,"93,33","23 175,51","183,93",36,0,228,3615,6,1319,0,1,2924,691,"89,26","620 068,16","171,53",1320,2,6313,Total set,3615,6,1319,0,1,2924,691,"89,26","620 068,16","171,53",1320,2,6313,Total,42077,4770,14989,0,61,35613,6464,"42,70","5 795 514,62","137,74",15124,129,76825
Data,Ocup,Opção,Cheg,Oferta/Uso Interno,Deduz. Individ.,Deduz. Grupos,% Ocup.,Receita Quartos,Preço Médio,Saídas,Quartos FdS,Adul. / Cri.,setembro,Histórico,14-set-2025 dom,87,0,22,0,0,64,23,"64,44","15 188,94","174,59",61,0,152,3615,6,1319,0,1,2924,691,"89,26","620 068,16","171,53",1320,2,6313,Total set,3615,6,1319,0,1,2924,691,"89,26","620 068,16","171,53",1320,2,6313,Total,42077,4770,14989,0,61,35613,6464,"42,70","5 795 514,62","137,74",15124,129,76825
Data,Ocup,Opção,Cheg,Oferta/Uso Interno,Deduz. Individ.,Deduz. Grupos,% Ocup.,Receita Quartos,Preço Médio,Saídas,Quartos FdS,Adul. / Cri.,setembro,Histórico,15-set-2025 seg,133,0,104,0,0,51,82,"98,52","22 798,18","171,41",58,0,244,3615,6,1319,0,1,2924,691,"89,26","620 068,16","171,53",1320,2,6313,Total set,3615,6,1319,0,1,2924,691,"89,26","620 068,16","171,53",1320,2,6313,Total,42077,4770,14989,0,61,35613,6464,"42,70","5 795 514,62","137,74",15124,129,76825
Data,Ocup,Opção,Cheg,Oferta/Uso Interno,Deduz. Individ.,Deduz. Grupos,% Ocup.,Receita Quartos,Preço Médio,Saídas,Quartos FdS,Adul. / Cri.,setembro,Histórico,16-set-2025 ter,135,0,15,0,0,53,82,"100,00","22 590,98","167,34",13,0,247,3615,6,1319,0,1,2924,691,"89,26","620 068,16","171,53",1320,2,6313,Total set,3615,6,1319,0,1,2924,691,"89,26","620 068,16","171,53",1320,2,6313,Total,42077,4770,14989,0,61,35613,6464,"42,70","5 795 514,62","137,74",15124,129,76825
Data,Ocup,Opção,Cheg,Oferta/Uso Interno,Deduz. Individ.,Deduz. Grupos,% Ocup.,Receita Quartos,Preço Médio,Saídas,Quartos FdS,Adul. / Cri.,setembro,Histórico,17-set-2025 qua,133,0,28,0,0,36,97,"98,52","21 823,81","164,09",30,0,245,3615,6,1319,0,1,2924,691,"89,26","620 068,16","171,53",1320,2,6313,Total set,3615,6,1319,0,1,2924,691,"89,26","620 068,16","171,53",1320,2,6313,Total,42077,4770,14989,0,61,35613,6464,"42,70","5 795 514,62","137,74",15124,129,76825
Data,Ocup,Opção,Cheg,Oferta/Uso Interno,Deduz. Individ.,Deduz. Grupos,% Ocup.,Receita Quartos,Preço Médio,Saídas,Quartos FdS,Adul. / Cri.,setembro,Histórico,18-set-2025 qui,132,0,93,0,0,115,17,"97,78","25 853,21","195,86",94,0,218,3615,6,1319,0,1,2924,691,"89,26","620 068,16","171,53",1320,2,6313,Total set,3615,6,1319,0,1,2924,691,"89,26","620 068,16","171,53",1320,2,6313,Total,42077,4770,14989,0,61,35613,6464,"42,70","5 795 514,62","137,74",15124,129,76825
Data,Ocup,Opção,Cheg,Oferta/Uso Interno,Deduz. Individ.,Deduz. Grupos,% Ocup.,Receita Quartos,Preço Médio,Saídas,Quartos FdS,Adul. / Cri.,setembro,Histórico,19-set-2025 sex,131,0,49,0,0,105,26,"97,04","26 816,32","204,70",50,0,228,3615,6,1319,0,1,2924,691,"89,26","620 068,16","171,53",1320,2,6313,Total set,3615,6,1319,0,1,2924,691,"89,26","620 068,16","171,53",1320,2,6313,Total,42077,4770,14989,0,61,35613,6464,"42,70","5 795 514,62","137,74",15124,129,76825
Data,Ocup,Opção,Cheg,Oferta/Uso Interno,Deduz. Individ.,Deduz. Grupos,% Ocup.,Receita Quartos,Preço Médio,Saídas,Quartos FdS,Adul. / Cri.,setembro,Histórico,20-set-2025 sáb,129,1,47,0,0,115,14,"95,56","25 765,82","199,74",49,0,222,3615,6,1319,0,1,2924,691,"89,26","620 068,16","171,53",1320,2,6313,Total set,3615,6,1319,0,1,2924,691,"89,26","620 068,16","171,53",1320,2,6313,Total,42077,4770,14989,0,61,35613,6464,"42,70","5 795 514,62","137,74",15124,129,76825
Data,Ocup,Opção,Cheg,Oferta/Uso Interno,Deduz. Individ.,Deduz. Grupos,% Ocup.,Receita Quartos,Preço Médio,Saídas,Quartos FdS,Adul. / Cri.,setembro,Histórico,21-set-2025 dom,121,1,46,0,0,111,10,"89,63","21 108,76","174,45",54,0,212,3615,6,1319,0,1,2924,691,"89,26","620 068,16","171,53",1320,2,6313,Total set,3615,6,1319,0,1,2924,691,"89,26","620 068,16","171,53",1320,2,6313,Total,42077,4770,14989,0,61,35613,6464,"42,70","5 795 514,62","137,74",15124,129,76825
Data,Ocup,Opção,Cheg,Oferta/Uso Interno,Deduz. Individ.,Deduz. Grupos,% Ocup.,Receita Quartos,Preço Médio,Saídas,Quartos FdS,Adul. / Cri.,setembro,Histórico,22-set-2025 seg,124,1,27,0,0,114,10,"91,85","20 080,42","161,94",24,0,214,3615,6,1319,0,1,2924,691,"89,26","620 068,16","171,53",1320,2,6313,Total set,3615,6,1319,0,1,2924,691,"89,26","620 068,16","171,53",1320,2,6313,Total,42077,4770,14989,0,61,35613,6464,"42,70","5 795 514,62","137,74",15124,129,76825
Data,Ocup,Opção,Cheg,Oferta/Uso Interno,Deduz. Individ.,Deduz. Grupos,% Ocup.,Receita Quartos,Preço Médio,Saídas,Quartos FdS,Adul. / Cri.,setembro,Histórico,23-set-2025 ter,134,0,66,0,0,134,0,"99,26","21 802,86","162,71",56,0,222,3615,6,1319,0,1,2924,691,"89,26","620 068,16","171,53",1320,2,6313,Total set,3615,6,1319,0,1,2924,691,"89,26","620 068,16","171,53",1320,2,6313,Total,42077,4770,14989,0,61,35613,6464,"42,70","5 795 514,62","137,74",15124,129,76825
Data,Ocup,Opção,Cheg,Oferta/Uso Interno,Deduz. Individ.,Deduz. Grupos,% Ocup.,Receita Quartos,Preço Médio,Saídas,Quartos FdS,Adul. / Cri.,setembro,Histórico,24-set-2025 qua,135,1,55,0,0,119,16,"100,00","22 290,01","165,11",54,0,224,3615,6,1319,0,1,2924,691,"89,26","620 068,16","171,53",1320,2,6313,Total set,3615,6,1319,0,1,2924,691,"89,26","620 068,16","171,53",1320,2,6313,Total,42077,4770,14989,0,61,35613,6464,"42,70","5 795 514,62","137,74",15124,129,76825
Data,Ocup,Opção,Cheg,Oferta/Uso Interno,Deduz. Individ.,Deduz. Grupos,% Ocup.,Receita Quartos,Preço Médio,Saídas,Quartos FdS,Adul. / Cri.,setembro,Histórico,25-set-2025 qui,133,0,40,0,0,115,18,"98,52","23 208,43","174,50",42,0,235,3615,6,1319,0,1,2924,691,"89,26","620 068,16","171,53",1320,2,6313,Total set,3615,6,1319,0,1,2924,691,"89,26","620 068,16","171,53",1320,2,6313,Total,42077,4770,14989,0,61,35613,6464,"42,70","5 795 514,62","137,74",15124,129,76825
Data,Ocup,Opção,Cheg,Oferta/Uso Interno,Deduz. Individ.,Deduz. Grupos,% Ocup.,Receita Quartos,Preço Médio,Saídas,Quartos FdS,Adul. / Cri.,setembro,Histórico,26-set-2025 sex,131,0,46,0,0,113,18,"97,04","24 197,35","184,71",48,0,235,3615,6,1319,0,1,2924,691,"89,26","620 068,16","171,53",1320,2,6313,Total set,3615,6,1319,0,1,2924,691,"89,26","620 068,16","171,53",1320,2,6313,Total,42077,4770,14989,0,61,35613,6464,"42,70","5 795 514,62","137,74",15124,129,76825
Data,Ocup,Opção,Cheg,Oferta/Uso Interno,Deduz. Individ.,Deduz. Grupos,% Ocup.,Receita Quartos,Preço Médio,Saídas,Quartos FdS,Adul. / Cri.,setembro,Histórico,27-set-2025 sáb,131,0,47,0,0,127,4,"97,04","24 952,89","190,48",47,0,224,3615,6,1319,0,1,2924,691,"89,26","620 068,16","171,53",1320,2,6313,Total set,3615,6,1319,0,1,2924,691,"89,26","620 068,16","171,53",1320,2,6313,Total,42077,4770,14989,0,61,35613,6464,"42,70","5 795 514,62","137,74",15124,129,76825
Data,Ocup,Opção,Cheg,Oferta/Uso Interno,Deduz. Individ.,Deduz. Grupos,% Ocup.,Receita Quartos,Preço Médio,Saídas,Quartos FdS,Adul. / Cri.,setembro,Histórico,28-set-2025 dom,130,0,52,0,0,120,10,"96,30","22 177,99","170,60",53,0,224,3615,6,1319,0,1,2924,691,"89,26","620 068,16","171,53",1320,2,6313,Total set,3615,6,1319,0,1,2924,691,"89,26","620 068,16","171,53",1320,2,6313,Total,42077,4770,14989,0,61,35613,6464,"42,70","5 795 514,62","137,74",15124,129,76825
Data,Ocup,Opção,Cheg,Oferta/Uso Interno,Deduz. Individ.,Deduz. Grupos,% Ocup.,Receita Quartos,Preço Médio,Saídas,Quartos FdS,Adul. / Cri.,setembro,Histórico,29-set-2025 seg,122,0,36,0,0,111,11,"90,37","20 496,06","168,00",44,1,198,3615,6,1319,0,1,2924,691,"89,26","620 068,16","171,53",1320,2,6313,Total set,3615,6,1319,0,1,2924,691,"89,26","620 068,16","171,53",1320,2,6313,Total,42077,4770,14989,0,61,35613,6464,"42,70","5 795 514,62","137,74",15124,129,76825
Data,Ocup,Opção,Cheg,Oferta/Uso Interno,Deduz. Individ.,Deduz. Grupos,% Ocup.,Receita Quartos,Preço Médio,Saídas,Quartos FdS,Adul. / Cri.,setembro,Histórico,30-set-2025 ter,119,0,46,0,0,104,15,"88,15","19 988,49","167,97",49,0,195,3615,6,1319,0,1,2924,691,"89,26","620 068,16","171,53",1320,2,6313,Total set,3615,6,1319,0,1,2924,691,"89,26","620 068,16","171,53",1320,2,6313,Total,42077,4770,14989,0,61,35613,6464,"42,70","5 795 514,62","137,74",15124,129,76825
Data,Ocup,Opção,Cheg,Oferta/Uso Interno,Deduz. Individ.,Deduz. Grupos,% Ocup.,Receita Quartos,Preço Médio,Saídas,Quartos FdS,Adul. / Cri.,outubro,Histórico,01-out-2025 qua,128,0,58,0,0,76,52,"94,81","21 668,14","169,28",49,0,219,3225,7,1227,0,4,2538,687,"95,56","544 897,31","168,96",1217,1,5502,Total out,3824,17,1422,0,5,3119,705,"91,37","636 267,85","166,39",1450,1,6558,Total,42077,4770,14989,0,61,35613,6464,"42,70","5 795 514,62","137,74",15124,129,76825
Data,Ocup,Opção,Cheg,Oferta/Uso Interno,Deduz. Individ.,Deduz. Grupos,% Ocup.,Receita Quartos,Preço Médio,Saídas,Quartos FdS,Adul. / Cri.,outubro,Histórico,02-out-2025 qui,131,0,45,0,0,92,39,"97,04","22 103,75","168,73",42,0,228,3225,7,1227,0,4,2538,687,"95,56","544 897,31","168,96",1217,1,5502,Total out,3824,17,1422,0,5,3119,705,"91,37","636 267,85","166,39",1450,1,6558,Total,42077,4770,14989,0,61,35613,6464,"42,70","5 795 514,62","137,74",15124,129,76825
Data,Ocup,Opção,Cheg,Oferta/Uso Interno,Deduz. Individ.,Deduz. Grupos,% Ocup.,Receita Quartos,Preço Médio,Saídas,Quartos FdS,Adul. / Cri.,outubro,Histórico,03-out-2025 sex,134,0,35,0,0,90,44,"99,26","26 009,17","194,10",32,0,230,3225,7,1227,0,4,2538,687,"95,56","544 897,31","168,96",1217,1,5502,Total out,3824,17,1422,0,5,3119,705,"91,37","636 267,85","166,39",1450,1,6558,Total,42077,4770,14989,0,61,35613,6464,"42,70","5 795 514,62","137,74",15124,129,76825
Data,Ocup,Opção,Cheg,Oferta/Uso Interno,Deduz. Individ.,Deduz. Grupos,% Ocup.,Receita Quartos,Preço Médio,Saídas,Quartos FdS,Adul. / Cri.,outubro,Histórico,04-out-2025 sáb,132,0,39,0,0,105,27,"97,78","23 672,45","179,34",41,0,223,3225,7,1227,0,4,2538,687,"95,56","544 897,31","168,96",1217,1,5502,Total out,3824,17,1422,0,5,3119,705,"91,37","636 267,85","166,39",1450,1,6558,Total,42077,4770,14989,0,61,35613,6464,"42,70","5 795 514,62","137,74",15124,129,76825
Data,Ocup,Opção,Cheg,Oferta/Uso Interno,Deduz. Individ.,Deduz. Grupos,% Ocup.,Receita Quartos,Preço Médio,Saídas,Quartos FdS,Adul. / Cri.,outubro,Histórico,05-out-2025 dom,119,0,66,0,0,106,13,"88,15","19 080,12","160,34",79,0,201,3225,7,1227,0,4,2538,687,"95,56","544 897,31","168,96",1217,1,5502,Total out,3824,17,1422,0,5,3119,705,"91,37","636 267,85","166,39",1450,1,6558,Total,42077,4770,14989,0,61,35613,6464,"42,70","5 795 514,62","137,74",15124,129,76825
Data,Ocup,Opção,Cheg,Oferta/Uso Interno,Deduz. Individ.,Deduz. Grupos,% Ocup.,Receita Quartos,Preço Médio,Saídas,Quartos FdS,Adul. / Cri.,outubro,Histórico,06-out-2025 seg,133,0,55,0,0,129,4,"98,52","22 825,49","171,62",41,0,228,3225,7,1227,0,4,2538,687,"95,56","544 897,31","168,96",1217,1,5502,Total out,3824,17,1422,0,5,3119,705,"91,37","636 267,85","166,39",1450,1,6558,Total,42077,4770,14989,0,61,35613,6464,"42,70","5 795 514,62","137,74",15124,129,76825
Data,Ocup,Opção,Cheg,Oferta/Uso Interno,Deduz. Individ.,Deduz. Grupos,% Ocup.,Receita Quartos,Preço Médio,Saídas,Quartos FdS,Adul. / Cri.,outubro,Histórico,07-out-2025 ter,135,4,46,0,0,133,2,"100,00","25 143,54","186,25",44,0,229,3225,7,1227,0,4,2538,687,"95,56","544 897,31","168,96",1217,1,5502,Total out,3824,17,1422,0,5,3119,705,"91,37","636 267,85","166,39",1450,1,6558,Total,42077,4770,14989,0,61,35613,6464,"42,70","5 795 514,62","137,74",15124,129,76825
Data,Ocup,Opção,Cheg,Oferta/Uso Interno,Deduz. Individ.,Deduz. Grupos,% Ocup.,Receita Quartos,Preço Médio,Saídas,Quartos FdS,Adul. / Cri.,outubro,Histórico,08-out-2025 qua,135,0,64,0,0,94,41,"100,00","23 522,23","174,24",64,0,236,3225,7,1227,0,4,2538,687,"95,56","544 897,31","168,96",1217,1,5502,Total out,3824,17,1422,0,5,3119,705,"91,37","636 267,85","166,39",1450,1,6558,Total,42077,4770,14989,0,61,35613,6464,"42,70","5 795 514,62","137,74",15124,129,76825
Data,Ocup,Opção,Cheg,Oferta/Uso Interno,Deduz. Individ.,Deduz. Grupos,% Ocup.,Receita Quartos,Preço Médio,Saídas,Quartos FdS,Adul. / Cri.,outubro,Histórico,09-out-2025 qui,127,0,51,0,0,110,17,"94,07","21 729,92","171,10",59,0,224,3225,7,1227,0,4,2538,687,"95,56","544 897,31","168,96",1217,1,5502,Total out,3824,17,1422,0,5,3119,705,"91,37","636 267,85","166,39",1450,1,6558,Total,42077,4770,14989,0,61,35613,6464,"42,70","5 795 514,62","137,74",15124,129,76825
Data,Ocup,Opção,Cheg,Oferta/Uso Interno,Deduz. Individ.,Deduz. Grupos,% Ocup.,Receita Quartos,Preço Médio,Saídas,Quartos FdS,Adul. / Cri.,outubro,Histórico,10-out-2025 sex,133,0,50,0,0,96,37,"98,52","23 874,61","179,51",44,0,237,3225,7,1227,0,4,2538,687,"95,56","544 897,31","168,96",1217,1,5502,Total out,3824,17,1422,0,5,3119,705,"91,37","636 267,85","166,39",1450,1,6558,Total,42077,4770,14989,0,61,35613,6464,"42,70","5 795 514,62","137,74",15124,129,76825
Data,Ocup,Opção,Cheg,Oferta/Uso Interno,Deduz. Individ.,Deduz. Grupos,% Ocup.,Receita Quartos,Preço Médio,Saídas,Quartos FdS,Adul. / Cri.,outubro,Histórico,11-out-2025 sáb,135,0,45,0,0,102,33,"100,00","26 022,04","192,76",43,0,239,3225,7,1227,0,4,2538,687,"95,56","544 897,31","168,96",1217,1,5502,Total out,3824,17,1422,0,5,3119,705,"91,37","636 267,85","166,39",1450,1,6558,Total,42077,4770,14989,0,61,35613,6464,"42,70","5 795 514,62","137,74",15124,129,76825
Data,Ocup,Opção,Cheg,Oferta/Uso Interno,Deduz. Individ.,Deduz. Grupos,% Ocup.,Receita Quartos,Preço Médio,Saídas,Quartos FdS,Adul. / Cri.,outubro,Histórico,12-out-2025 dom,107,0,49,0,0,89,18,"79,26","17 009,71","158,97",77,0,189,3225,7,1227,0,4,2538,687,"95,56","544 897,31","168,96",1217,1,5502,Total out,3824,17,1422,0,5,3119,705,"91,37","636 267,85","166,39",1450,1,6558,Total,42077,4770,14989,0,61,35613,6464,"42,70","5 795 514,62","137,74",15124,129,76825
Data,Ocup,Opção,Cheg,Oferta/Uso Interno,Deduz. Individ.,Deduz. Grupos,% Ocup.,Receita Quartos,Preço Médio,Saídas,Quartos FdS,Adul. / Cri.,outubro,Histórico,13-out-2025 seg,133,0,59,0,0,123,10,"98,52","21 100,38","158,65",33,0,232,3225,7,1227,0,4,2538,687,"95,56","544 897,31","168,96",1217,1,5502,Total out,3824,17,1422,0,5,3119,705,"91,37","636 267,85","166,39",1450,1,6558,Total,42077,4770,14989,0,61,35613,6464,"42,70","5 795 514,62","137,74",15124,129,76825
Data,Ocup,Opção,Cheg,Oferta/Uso Interno,Deduz. Individ.,Deduz. Grupos,% Ocup.,Receita Quartos,Preço Médio,Saídas,Quartos FdS,Adul. / Cri.,outubro,Histórico,14-out-2025 ter,134,1,54,0,0,121,13,"99,26","21 174,42","158,02",53,0,235,3225,7,1227,0,4,2538,687,"95,56","544 897,31","168,96",1217,1,5502,Total out,3824,17,1422,0,5,3119,705,"91,37","636 267,85","166,39",1450,1,6558,Total,42077,4770,14989,0,61,35613,6464,"42,70","5 795 514,62","137,74",15124,129,76825
Data,Ocup,Opção,Cheg,Oferta/Uso Interno,Deduz. Individ.,Deduz. Grupos,% Ocup.,Receita Quartos,Preço Médio,Saídas,Quartos FdS,Adul. / Cri.,outubro,Histórico,15-out-2025 qua,131,1,50,0,0,102,29,"97,04","19 798,38","151,13",53,0,231,3225,7,1227,0,4,2538,687,"95,56","544 897,31","168,96",1217,1,5502,Total out,3824,17,1422,0,5,3119,705,"91,37","636 267,85","166,39",1450,1,6558,Total,42077,4770,14989,0,61,35613,6464,"42,70","5 795 514,62","137,74",15124,129,76825
Data,Ocup,Opção,Cheg,Oferta/Uso Interno,Deduz. Individ.,Deduz. Grupos,% Ocup.,Receita Quartos,Preço Médio,Saídas,Quartos FdS,Adul. / Cri.,outubro,Histórico,16-out-2025 qui,132,1,64,0,0,76,56,"97,78","21 580,77","163,49",63,1,237,3225,7,1227,0,4,2538,687,"95,56","544 897,31","168,96",1217,1,5502,Total out,3824,17,1422,0,5,3119,705,"91,37","636 267,85","166,39",1450,1,6558,Total,42077,4770,14989,0,61,35613,6464,"42,70","5 795 514,62","137,74",15124,129,76825
Data,Ocup,Opção,Cheg,Oferta/Uso Interno,Deduz. Individ.,Deduz. Grupos,% Ocup.,Receita Quartos,Preço Médio,Saídas,Quartos FdS,Adul. / Cri.,outubro,Histórico,17-out-2025 sex,134,0,38,0,0,78,56,"99,26","22 837,83","170,43",36,0,240,3225,7,1227,0,4,2538,687,"95,56","544 897,31","168,96",1217,1,5502,Total out,3824,17,1422,0,5,3119,705,"91,37","636 267,85","166,39",1450,1,6558,Total,42077,4770,14989,0,61,35613,6464,"42,70","5 795 514,62","137,74",15124,129,76825
Data,Ocup,Opção,Cheg,Oferta/Uso Interno,Deduz. Individ.,Deduz. Grupos,% Ocup.,Receita Quartos,Preço Médio,Saídas,Quartos FdS,Adul. / Cri.,outubro,Histórico,18-out-2025 sáb,123,0,32,0,0,79,44,"91,11","21 785,28","177,12",43,0,215,3225,7,1227,0,4,2538,687,"95,56","544 897,31","168,96",1217,1,5502,Total out,3824,17,1422,0,5,3119,705,"91,37","636 267,85","166,39",1450,1,6558,Total,42077,4770,14989,0,61,35613,6464,"42,70","5 795 514,62","137,74",15124,129,76825
Data,Ocup,Opção,Cheg,Oferta/Uso Interno,Deduz. Individ.,Deduz. Grupos,% Ocup.,Receita Quartos,Preço Médio,Saídas,Quartos FdS,Adul. / Cri.,outubro,Histórico,19-out-2025 dom,117,0,67,0,0,96,21,"86,67","18 738,57","160,16",73,0,188,3225,7,1227,0,4,2538,687,"95,56","544 897,31","168,96",1217,1,5502,Total out,3824,17,1422,0,5,3119,705,"91,37","636 267,85","166,39",1450,1,6558,Total,42077,4770,14989,0,61,35613,6464,"42,70","5 795 514,62","137,74",15124,129,76825
Data,Ocup,Opção,Cheg,Oferta/Uso Interno,Deduz. Individ.,Deduz. Grupos,% Ocup.,Receita Quartos,Preço Médio,Saídas,Quartos FdS,Adul. / Cri.,outubro,Histórico,20-out-2025 seg,122,0,42,0,0,112,10,"90,37","19 639,68","160,98",37,0,197,3225,7,1227,0,4,2538,687,"95,56","544 897,31","168,96",1217,1,5502,Total out,3824,17,1422,0,5,3119,705,"91,37","636 267,85","166,39",1450,1,6558,Total,42077,4770,14989,0,61,35613,6464,"42,70","5 795 514,62","137,74",15124,129,76825
Data,Ocup,Opção,Cheg,Oferta/Uso Interno,Deduz. Individ.,Deduz. Grupos,% Ocup.,Receita Quartos,Preço Médio,Saídas,Quartos FdS,Adul. / Cri.,outubro,Histórico,21-out-2025 ter,126,0,42,0,0,104,22,"93,33","19 984,61","158,61",38,0,203,3225,7,1227,0,4,2538,687,"95,56","544 897,31","168,96",1217,1,5502,Total out,3824,17,1422,0,5,3119,705,"91,37","636 267,85","166,39",1450,1,6558,Total,42077,4770,14989,0,61,35613,6464,"42,70","5 795 514,62","137,74",15124,129,76825
Data,Ocup,Opção,Cheg,Oferta/Uso Interno,Deduz. Individ.,Deduz. Grupos,% Ocup.,Receita Quartos,Preço Médio,Saídas,Quartos FdS,Adul. / Cri.,outubro,Histórico,22-out-2025 qua,134,0,55,0,1,106,28,"99,26","21 233,11","158,46",47,0,203,3225,7,1227,0,4,2538,687,"95,56","544 897,31","168,96",1217,1,5502,Total out,3824,17,1422,0,5,3119,705,"91,37","636 267,85","166,39",1450,1,6558,Total,42077,4770,14989,0,61,35613,6464,"42,70","5 795 514,62","137,74",15124,129,76825
Data,Ocup,Opção,Cheg,Oferta/Uso Interno,Deduz. Individ.,Deduz. Grupos,% Ocup.,Receita Quartos,Preço Médio,Saídas,Quartos FdS,Adul. / Cri.,outubro,Histórico,23-out-2025 qui,126,0,38,0,1,103,23,"93,33","20 048,76","159,12",46,0,195,3225,7,1227,0,4,2538,687,"95,56","544 897,31","168,96",1217,1,5502,Total out,3824,17,1422,0,5,3119,705,"91,37","636 267,85","166,39",1450,1,6558,Total,42077,4770,14989,0,61,35613,6464,"42,70","5 795 514,62","137,74",15124,129,76825
Data,Ocup,Opção,Cheg,Oferta/Uso Interno,Deduz. Individ.,Deduz. Grupos,% Ocup.,Receita Quartos,Preço Médio,Saídas,Quartos FdS,Adul. / Cri.,outubro,Histórico,24-out-2025 sex,135,0,53,0,1,102,33,"100,00","22 109,50","163,77",44,0,223,3225,7,1227,0,4,2538,687,"95,56","544 897,31","168,96",1217,1,5502,Total out,3824,17,1422,0,5,3119,705,"91,37","636 267,85","166,39",1450,1,6558,Total,42077,4770,14989,0,61,35613,6464,"42,70","5 795 514,62","137,74",15124,129,76825
Data,Ocup,Opção,Cheg,Oferta/Uso Interno,Deduz. Individ.,Deduz. Grupos,% Ocup.,Receita Quartos,Preço Médio,Saídas,Quartos FdS,Adul. / Cri.,outubro,Histórico,25-out-2025 sáb,129,0,30,0,1,114,15,"95,56","22 204,85","172,13",36,0,220,3225,7,1227,0,4,2538,687,"95,56","544 897,31","168,96",1217,1,5502,Total out,3824,17,1422,0,5,3119,705,"91,37","636 267,85","166,39",1450,1,6558,Total,42077,4770,14989,0,61,35613,6464,"42,70","5 795 514,62","137,74",15124,129,76825
Data,Ocup,Opção,Cheg,Oferta/Uso Interno,Deduz. Individ.,Deduz. Grupos,% Ocup.,Receita Quartos,Preço Médio,Saídas,Quartos FdS,Adul. / Cri.,outubro,Previsão,26-out-2025 dom,123,0,49,0,1,114,9,"91,11","18 888,16","153,56",55,0,218,599,10,195,0,1,581,18,"73,95","91 370,54","152,54",233,0,1056,Total out,3824,17,1422,0,5,3119,705,"91,37","636 267,85","166,39",1450,1,6558,Total,42077,4770,14989,0,61,35613,6464,"42,70","5 795 514,62","137,74",15124,129,76825
Data,Ocup,Opção,Cheg,Oferta/Uso Interno,Deduz. Individ.,Deduz. Grupos,% Ocup.,Receita Quartos,Preço Médio,Saídas,Quartos FdS,Adul. / Cri.,outubro,Previsão,27-out-2025 seg,115,0,23,0,0,106,9,"85,19","17 506,86","152,23",31,0,206,599,10,195,0,1,581,18,"73,95","91 370,54","152,54",233,0,1056,Total out,3824,17,1422,0,5,3119,705,"91,37","636 267,85","166,39",1450,1,6558,Total,42077,4770,14989,0,61,35613,6464,"42,70","5 795 514,62","137,74",15124,129,76825
Data,Ocup,Opção,Cheg,Oferta/Uso Interno,Deduz. Individ.,Deduz. Grupos,% Ocup.,Receita Quartos,Preço Médio,Saídas,Quartos FdS,Adul. / Cri.,outubro,Previsão,28-out-2025 ter,99,1,26,0,0,99,0,"73,33","14 945,18","150,96",42,0,171,599,10,195,0,1,581,18,"73,95","91 370,54","152,54",233,0,1056,Total out,3824,17,1422,0,5,3119,705,"91,37","636 267,85","166,39",1450,1,6558,Total,42077,4770,14989,0,61,35613,6464,"42,70","5 795 514,62","137,74",15124,129,76825
Data,Ocup,Opção,Cheg,Oferta/Uso Interno,Deduz. Individ.,Deduz. Grupos,% Ocup.,Receita Quartos,Preço Médio,Saídas,Quartos FdS,Adul. / Cri.,outubro,Previsão,29-out-2025 qua,90,3,26,0,0,90,0,"66,67","13 903,71","154,49",35,0,160,599,10,195,0,1,581,18,"73,95","91 370,54","152,54",233,0,1056,Total out,3824,17,1422,0,5,3119,705,"91,37","636 267,85","166,39",1450,1,6558,Total,42077,4770,14989,0,61,35613,6464,"42,70","5 795 514,62","137,74",15124,129,76825
Data,Ocup,Opção,Cheg,Oferta/Uso Interno,Deduz. Individ.,Deduz. Grupos,% Ocup.,Receita Quartos,Preço Médio,Saídas,Quartos FdS,Adul. / Cri.,outubro,Previsão,30-out-2025 qui,81,3,28,0,0,81,0,"60,00","12 027,68","148,49",37,0,144,599,10,195,0,1,581,18,"73,95","91 370,54","152,54",233,0,1056,Total out,3824,17,1422,0,5,3119,705,"91,37","636 267,85","166,39",1450,1,6558,Total,42077,4770,14989,0,61,35613,6464,"42,70","5 795 514,62","137,74",15124,129,76825
Data,Ocup,Opção,Cheg,Oferta/Uso Interno,Deduz. Individ.,Deduz. Grupos,% Ocup.,Receita Quartos,Preço Médio,Saídas,Quartos FdS,Adul. / Cri.,outubro,Previsão,31-out-2025 sex,91,3,43,0,0,91,0,"67,41","14 098,95","154,93",33,0,157,599,10,195,0,1,581,18,"73,95","91 370,54","152,54",233,0,1056,Total out,3824,17,1422,0,5,3119,705,"91,37","636 267,85","166,39",1450,1,6558,Total,42077,4770,14989,0,61,35613,6464,"42,70","5 795 514,62","137,74",15124,129,76825
Data,Ocup,Opção,Cheg,Oferta/Uso Interno,Deduz. Individ.,Deduz. Grupos,% Ocup.,Receita Quartos,Preço Médio,Saídas,Quartos FdS,Adul. / Cri.,novembro,Previsão,01-nov-2025 sáb,100,3,20,0,0,100,0,"74,07","14 323,90","143,24",11,0,170,2024,3,601,0,0,1866,158,"49,98","255 979,37","126,47",667,0,3102,Total nov,2024,3,601,0,0,1866,158,"49,98","255 979,37","126,47",667,0,3102,Total,42077,4770,14989,0,61,35613,6464,"42,70","5 795 514,62","137,74",15124,129,76825
Data,Ocup,Opção,Cheg,Oferta/Uso Interno,Deduz. Individ.,Deduz. Grupos,% Ocup.,Receita Quartos,Preço Médio,Saídas,Quartos FdS,Adul. / Cri.,novembro,Previsão,02-nov-2025 dom,86,0,28,0,0,85,1,"63,70","10 751,61","125,02",42,0,143,2024,3,601,0,0,1866,158,"49,98","255 979,37","126,47",667,0,3102,Total nov,2024,3,601,0,0,1866,158,"49,98","255 979,37","126,47",667,0,3102,Total,42077,4770,14989,0,61,35613,6464,"42,70","5 795 514,62","137,74",15124,129,76825
Data,Ocup,Opção,Cheg,Oferta/Uso Interno,Deduz. Individ.,Deduz. Grupos,% Ocup.,Receita Quartos,Preço Médio,Saídas,Quartos FdS,Adul. / Cri.,novembro,Previsão,03-nov-2025 seg,78,0,35,0,0,72,6,"57,78","9 150,89","117,32",43,0,123,2024,3,601,0,0,1866,158,"49,98","255 979,37","126,47",667,0,3102,Total nov,2024,3,601,0,0,1866,158,"49,98","255 979,37","126,47",667,0,3102,Total,42077,4770,14989,0,61,35613,6464,"42,70","5 795 514,62","137,74",15124,129,76825
Data,Ocup,Opção,Cheg,Oferta/Uso Interno,Deduz. Individ.,Deduz. Grupos,% Ocup.,Receita Quartos,Preço Médio,Saídas,Quartos FdS,Adul. / Cri.,novembro,Previsão,04-nov-2025 ter,74,0,18,0,0,68,6,"54,81","8 373,96","113,16",22,0,116,2024,3,601,0,0,1866,158,"49,98","255 979,37","126,47",667,0,3102,Total nov,2024,3,601,0,0,1866,158,"49,98","255 979,37","126,47",667,0,3102,Total,42077,4770,14989,0,61,35613,6464,"42,70","5 795 514,62","137,74",15124,129,76825
Data,Ocup,Opção,Cheg,Oferta/Uso Interno,Deduz. Individ.,Deduz. Grupos,% Ocup.,Receita Quartos,Preço Médio,Saídas,Quartos FdS,Adul. / Cri.,novembro,Previsão,05-nov-2025 qua,82,0,22,0,0,76,6,"60,74","9 272,55","113,08",14,0,128,2024,3,601,0,0,1866,158,"49,98","255 979,37","126,47",667,0,3102,Total nov,2024,3,601,0,0,1866,158,"49,98","255 979,37","126,47",667,0,3102,Total,42077,4770,14989,0,61,35613,6464,"42,70","5 795 514,62","137,74",15124,129,76825
Data,Ocup,Opção,Cheg,Oferta/Uso Interno,Deduz. Individ.,Deduz. Grupos,% Ocup.,Receita Quartos,Preço Médio,Saídas,Quartos FdS,Adul. / Cri.,novembro,Previsão,06-nov-2025 qui,90,0,36,0,0,73,17,"66,67","11 006,35","122,29",28,0,145,2024,3,601,0,0,1866,158,"49,98","255 979,37","126,47",667,0,3102,Total nov,2024,3,601,0,0,1866,158,"49,98","255 979,37","126,47",667,0,3102,Total,42077,4770,14989,0,61,35613,6464,"42,70","5 795 514,62","137,74",15124,129,76825
Data,Ocup,Opção,Cheg,Oferta/Uso Interno,Deduz. Individ.,Deduz. Grupos,% Ocup.,Receita Quartos,Preço Médio,Saídas,Quartos FdS,Adul. / Cri.,novembro,Previsão,07-nov-2025 sex,87,0,22,0,0,75,12,"64,44","10 952,14","125,89",25,0,144,2024,3,601,0,0,1866,158,"49,98","255 979,37","126,47",667,0,3102,Total nov,2024,3,601,0,0,1866,158,"49,98","255 979,37","126,47",667,0,3102,Total,42077,4770,14989,0,61,35613,6464,"42,70","5 795 514,62","137,74",15124,129,76825
Data,Ocup,Opção,Cheg,Oferta/Uso Interno,Deduz. Individ.,Deduz. Grupos,% Ocup.,Receita Quartos,Preço Médio,Saídas,Quartos FdS,Adul. / Cri.,novembro,Previsão,08-nov-2025 sáb,93,0,33,0,0,82,11,"68,89","11 974,93","128,76",27,0,150,2024,3,601,0,0,1866,158,"49,98","255 979,37","126,47",667,0,3102,Total nov,2024,3,601,0,0,1866,158,"49,98","255 979,37","126,47",667,0,3102,Total,42077,4770,14989,0,61,35613,6464,"42,70","5 795 514,62","137,74",15124,129,76825
Data,Ocup,Opção,Cheg,Oferta/Uso Interno,Deduz. Individ.,Deduz. Grupos,% Ocup.,Receita Quartos,Preço Médio,Saídas,Quartos FdS,Adul. / Cri.,novembro,Previsão,09-nov-2025 dom,115,0,63,0,0,115,0,"85,19","15 189,23","132,08",41,0,152,2024,3,601,0,0,1866,158,"49,98","255 979,37","126,47",667,0,3102,Total nov,2024,3,601,0,0,1866,158,"49,98","255 979,37","126,47",667,0,3102,Total,42077,4770,14989,0,61,35613,6464,"42,70","5 795 514,62","137,74",15124,129,76825
Data,Ocup,Opção,Cheg,Oferta/Uso Interno,Deduz. Individ.,Deduz. Grupos,% Ocup.,Receita Quartos,Preço Médio,Saídas,Quartos FdS,Adul. / Cri.,novembro,Previsão,10-nov-2025 seg,128,0,36,0,0,128,0,"94,81","19 716,17","154,03",23,0,160,2024,3,601,0,0,1866,158,"49,98","255 979,37","126,47",667,0,3102,Total nov,2024,3,601,0,0,1866,158,"49,98","255 979,37","126,47",667,0,3102,Total,42077,4770,14989,0,61,35613,6464,"42,70","5 795 514,62","137,74",15124,129,76825
Data,Ocup,Opção,Cheg,Oferta/Uso Interno,Deduz. Individ.,Deduz. Grupos,% Ocup.,Receita Quartos,Preço Médio,Saídas,Quartos FdS,Adul. / Cri.,novembro,Previsão,11-nov-2025 ter,128,0,14,0,0,128,0,"94,81","20 092,84","156,98",14,0,161,2024,3,601,0,0,1866,158,"49,98","255 979,37","126,47",667,0,3102,Total nov,2024,3,601,0,0,1866,158,"49,98","255 979,37","126,47",667,0,3102,Total,42077,4770,14989,0,61,35613,6464,"42,70","5 795 514,62","137,74",15124,129,76825
Data,Ocup,Opção,Cheg,Oferta/Uso Interno,Deduz. Individ.,Deduz. Grupos,% Ocup.,Receita Quartos,Preço Médio,Saídas,Quartos FdS,Adul. / Cri.,novembro,Previsão,12-nov-2025 qua,124,0,20,0,0,124,0,"91,85","17 673,04","142,52",24,0,153,2024,3,601,0,0,1866,158,"49,98","255 979,37","126,47",667,0,3102,Total nov,2024,3,601,0,0,1866,158,"49,98","255 979,37","126,47",667,0,3102,Total,42077,4770,14989,0,61,35613,6464,"42,70","5 795 514,62","137,74",15124,129,76825
Data,Ocup,Opção,Cheg,Oferta/Uso Interno,Deduz. Individ.,Deduz. Grupos,% Ocup.,Receita Quartos,Preço Médio,Saídas,Quartos FdS,Adul. / Cri.,novembro,Previsão,13-nov-2025 qui,117,0,24,0,0,117,0,"86,67","15 127,60","129,30",31,0,145,2024,3,601,0,0,1866,158,"49,98","255 979,37","126,47",667,0,3102,Total nov,2024,3,601,0,0,1866,158,"49,98","255 979,37","126,47",667,0,3102,Total,42077,4770,14989,0,61,35613,6464,"42,70","5 795 514,62","137,74",15124,129,76825
Data,Ocup,Opção,Cheg,Oferta/Uso Interno,Deduz. Individ.,Deduz. Grupos,% Ocup.,Receita Quartos,Preço Médio,Saídas,Quartos FdS,Adul. / Cri.,novembro,Previsão,14-nov-2025 sex,66,0,25,0,0,66,0,"48,89","8 193,27","124,14",76,0,95,2024,3,601,0,0,1866,158,"49,98","255 979,37","126,47",667,0,3102,Total nov,2024,3,601,0,0,1866,158,"49,98","255 979,37","126,47",667,0,3102,Total,42077,4770,14989,0,61,35613,6464,"42,70","5 795 514,62","137,74",15124,129,76825
Data,Ocup,Opção,Cheg,Oferta/Uso Interno,Deduz. Individ.,Deduz. Grupos,% Ocup.,Receita Quartos,Preço Médio,Saídas,Quartos FdS,Adul. / Cri.,novembro,Previsão,15-nov-2025 sáb,64,0,16,0,0,64,0,"47,41","8 034,47","125,54",18,0,101,2024,3,601,0,0,1866,158,"49,98","255 979,37","126,47",667,0,3102,Total nov,2024,3,601,0,0,1866,158,"49,98","255 979,37","126,47",667,0,3102,Total,42077,4770,14989,0,61,35613,6464,"42,70","5 795 514,62","137,74",15124,129,76825
Data,Ocup,Opção,Cheg,Oferta/Uso Interno,Deduz. Individ.,Deduz. Grupos,% Ocup.,Receita Quartos,Preço Médio,Saídas,Quartos FdS,Adul. / Cri.,novembro,Previsão,16-nov-2025 dom,50,0,10,0,0,50,0,"37,04","5 581,20","111,62",24,0,86,2024,3,601,0,0,1866,158,"49,98","255 979,37","126,47",667,0,3102,Total nov,2024,3,601,0,0,1866,158,"49,98","255 979,37","126,47",667,0,3102,Total,42077,4770,14989,0,61,35613,6464,"42,70","5 795 514,62","137,74",15124,129,76825
Data,Ocup,Opção,Cheg,Oferta/Uso Interno,Deduz. Individ.,Deduz. Grupos,% Ocup.,Receita Quartos,Preço Médio,Saídas,Quartos FdS,Adul. / Cri.,novembro,Previsão,17-nov-2025 seg,40,0,14,0,0,40,0,"29,63","4 324,70","108,12",24,0,73,2024,3,601,0,0,1866,158,"49,98","255 979,37","126,47",667,0,3102,Total nov,2024,3,601,0,0,1866,158,"49,98","255 979,37","126,47",667,0,3102,Total,42077,4770,14989,0,61,35613,6464,"42,70","5 795 514,62","137,74",15124,129,76825
Data,Ocup,Opção,Cheg,Oferta/Uso Interno,Deduz. Individ.,Deduz. Grupos,% Ocup.,Receita Quartos,Preço Médio,Saídas,Quartos FdS,Adul. / Cri.,novembro,Previsão,18-nov-2025 ter,29,0,5,0,0,29,0,"21,48","3 083,77","106,34",16,0,49,2024,3,601,0,0,1866,158,"49,98","255 979,37","126,47",667,0,3102,Total nov,2024,3,601,0,0,1866,158,"49,98","255 979,37","126,47",667,0,3102,Total,42077,4770,14989,0,61,35613,6464,"42,70","5 795 514,62","137,74",15124,129,76825
Data,Ocup,Opção,Cheg,Oferta/Uso Interno,Deduz. Individ.,Deduz. Grupos,% Ocup.,Receita Quartos,Preço Médio,Saídas,Quartos FdS,Adul. / Cri.,novembro,Previsão,19-nov-2025 qua,37,0,20,0,0,37,0,"27,41","4 069,39","109,98",12,0,61,2024,3,601,0,0,1866,158,"49,98","255 979,37","126,47",667,0,3102,Total nov,2024,3,601,0,0,1866,158,"49,98","255 979,37","126,47",667,0,3102,Total,42077,4770,14989,0,61,35613,6464,"42,70","5 795 514,62","137,74",15124,129,76825
Data,Ocup,Opção,Cheg,Oferta/Uso Interno,Deduz. Individ.,Deduz. Grupos,% Ocup.,Receita Quartos,Preço Médio,Saídas,Quartos FdS,Adul. / Cri.,novembro,Previsão,20-nov-2025 qui,48,0,23,0,0,41,7,"35,56","5 873,95","122,37",12,0,83,2024,3,601,0,0,1866,158,"49,98","255 979,37","126,47",667,0,3102,Total nov,2024,3,601,0,0,1866,158,"49,98","255 979,37","126,47",667,0,3102,Total,42077,4770,14989,0,61,35613,6464,"42,70","5 795 514,62","137,74",15124,129,76825
Data,Ocup,Opção,Cheg,Oferta/Uso Interno,Deduz. Individ.,Deduz. Grupos,% Ocup.,Receita Quartos,Preço Médio,Saídas,Quartos FdS,Adul. / Cri.,novembro,Previsão,21-nov-2025 sex,59,0,19,0,0,52,7,"43,70","7 495,52","127,04",8,0,100,2024,3,601,0,0,1866,158,"49,98","255 979,37","126,47",667,0,3102,Total nov,2024,3,601,0,0,1866,158,"49,98","255 979,37","126,47",667,0,3102,Total,42077,4770,14989,0,61,35613,6464,"42,70","5 795 514,62","137,74",15124,129,76825
Data,Ocup,Opção,Cheg,Oferta/Uso Interno,Deduz. Individ.,Deduz. Grupos,% Ocup.,Receita Quartos,Preço Médio,Saídas,Quartos FdS,Adul. / Cri.,novembro,Previsão,22-nov-2025 sáb,56,0,7,0,0,49,7,"41,48","6 855,93","122,43",10,0,90,2024,3,601,0,0,1866,158,"49,98","255 979,37","126,47",667,0,3102,Total nov,2024,3,601,0,0,1866,158,"49,98","255 979,37","126,47",667,0,3102,Total,42077,4770,14989,0,61,35613,6464,"42,70","5 795 514,62","137,74",15124,129,76825
Data,Ocup,Opção,Cheg,Oferta/Uso Interno,Deduz. Individ.,Deduz. Grupos,% Ocup.,Receita Quartos,Preço Médio,Saídas,Quartos FdS,Adul. / Cri.,novembro,Previsão,23-nov-2025 dom,42,0,25,0,0,26,16,"31,11","4 346,06","103,48",39,0,70,2024,3,601,0,0,1866,158,"49,98","255 979,37","126,47",667,0,3102,Total nov,2024,3,601,0,0,1866,158,"49,98","255 979,37","126,47",667,0,3102,Total,42077,4770,14989,0,61,35613,6464,"42,70","5 795 514,62","137,74",15124,129,76825
Data,Ocup,Opção,Cheg,Oferta/Uso Interno,Deduz. Individ.,Deduz. Grupos,% Ocup.,Receita Quartos,Preço Médio,Saídas,Quartos FdS,Adul. / Cri.,novembro,Previsão,24-nov-2025 seg,35,0,4,0,0,19,16,"25,93","3 537,01","101,06",11,0,59,2024,3,601,0,0,1866,158,"49,98","255 979,37","126,47",667,0,3102,Total nov,2024,3,601,0,0,1866,158,"49,98","255 979,37","126,47",667,0,3102,Total,42077,4770,14989,0,61,35613,6464,"42,70","5 795 514,62","137,74",15124,129,76825
Data,Ocup,Opção,Cheg,Oferta/Uso Interno,Deduz. Individ.,Deduz. Grupos,% Ocup.,Receita Quartos,Preço Médio,Saídas,Quartos FdS,Adul. / Cri.,novembro,Previsão,25-nov-2025 ter,31,0,4,0,0,15,16,"22,96","2 960,57","95,50",8,0,49,2024,3,601,0,0,1866,158,"49,98","255 979,37","126,47",667,0,3102,Total nov,2024,3,601,0,0,1866,158,"49,98","255 979,37","126,47",667,0,3102,Total,42077,4770,14989,0,61,35613,6464,"42,70","5 795 514,62","137,74",15124,129,76825
Data,Ocup,Opção,Cheg,Oferta/Uso Interno,Deduz. Individ.,Deduz. Grupos,% Ocup.,Receita Quartos,Preço Médio,Saídas,Quartos FdS,Adul. / Cri.,novembro,Previsão,26-nov-2025 qua,30,0,6,0,0,14,16,"22,22","2 822,88","94,10",7,0,50,2024,3,601,0,0,1866,158,"49,98","255 979,37","126,47",667,0,3102,Total nov,2024,3,601,0,0,1866,158,"49,98","255 979,37","126,47",667,0,3102,Total,42077,4770,14989,0,61,35613,6464,"42,70","5 795 514,62","137,74",15124,129,76825
Data,Ocup,Opção,Cheg,Oferta/Uso Interno,Deduz. Individ.,Deduz. Grupos,% Ocup.,Receita Quartos,Preço Médio,Saídas,Quartos FdS,Adul. / Cri.,novembro,Previsão,27-nov-2025 qui,26,0,13,0,0,26,0,"19,26","2 582,22","99,32",17,0,45,2024,3,601,0,0,1866,158,"49,98","255 979,37","126,47",667,0,3102,Total nov,2024,3,601,0,0,1866,158,"49,98","255 979,37","126,47",667,0,3102,Total,42077,4770,14989,0,61,35613,6464,"42,70","5 795 514,62","137,74",15124,129,76825
Data,Ocup,Opção,Cheg,Oferta/Uso Interno,Deduz. Individ.,Deduz. Grupos,% Ocup.,Receita Quartos,Preço Médio,Saídas,Quartos FdS,Adul. / Cri.,novembro,Previsão,28-nov-2025 sex,41,0,22,0,0,34,7,"30,37","4 906,58","119,67",7,0,78,2024,3,601,0,0,1866,158,"49,98","255 979,37","126,47",667,0,3102,Total nov,2024,3,601,0,0,1866,158,"49,98","255 979,37","126,47",667,0,3102,Total,42077,4770,14989,0,61,35613,6464,"42,70","5 795 514,62","137,74",15124,129,76825
Data,Ocup,Opção,Cheg,Oferta/Uso Interno,Deduz. Individ.,Deduz. Grupos,% Ocup.,Receita Quartos,Preço Médio,Saídas,Quartos FdS,Adul. / Cri.,novembro,Previsão,29-nov-2025 sáb,43,0,7,0,0,36,7,"31,85","4 996,05","116,19",5,0,80,2024,3,601,0,0,1866,158,"49,98","255 979,37","126,47",667,0,3102,Total nov,2024,3,601,0,0,1866,158,"49,98","255 979,37","126,47",667,0,3102,Total,42077,4770,14989,0,61,35613,6464,"42,70","5 795 514,62","137,74",15124,129,76825
Data,Ocup,Opção,Cheg,Oferta/Uso Interno,Deduz. Individ.,Deduz. Grupos,% Ocup.,Receita Quartos,Preço Médio,Saídas,Quartos FdS,Adul. / Cri.,novembro,Previsão,30-nov-2025 dom,25,0,10,0,0,25,0,"18,52","2 710,59","108,42",28,0,43,2024,3,601,0,0,1866,158,"49,98","255 979,37","126,47",667,0,3102,Total nov,2024,3,601,0,0,1866,158,"49,98","255 979,37","126,47",667,0,3102,Total,42077,4770,14989,0,61,35613,6464,"42,70","5 795 514,62","137,74",15124,129,76825
Data,Ocup,Opção,Cheg,Oferta/Uso Interno,Deduz. Individ.,Deduz. Grupos,% Ocup.,Receita Quartos,Preço Médio,Saídas,Quartos FdS,Adul. / Cri.,dezembro,Previsão,01-dez-2025 seg,21,0,6,0,0,21,0,"15,56","2 024,57","96,41",10,0,35,997,15,335,0,0,971,26,"23,82","116 565,64","116,92",304,0,1843,Total dez,997,15,335,0,0,971,26,"23,82","116 565,64","116,92",304,0,1843,Total,42077,4770,14989,0,61,35613,6464,"42,70","5 795 514,62","137,74",15124,129,76825
Data,Ocup,Opção,Cheg,Oferta/Uso Interno,Deduz. Individ.,Deduz. Grupos,% Ocup.,Receita Quartos,Preço Médio,Saídas,Quartos FdS,Adul. / Cri.,dezembro,Previsão,02-dez-2025 ter,24,0,8,0,0,24,0,"17,78","2 336,87","97,37",5,0,39,997,15,335,0,0,971,26,"23,82","116 565,64","116,92",304,0,1843,Total dez,997,15,335,0,0,971,26,"23,82","116 565,64","116,92",304,0,1843,Total,42077,4770,14989,0,61,35613,6464,"42,70","5 795 514,62","137,74",15124,129,76825
Data,Ocup,Opção,Cheg,Oferta/Uso Interno,Deduz. Individ.,Deduz. Grupos,% Ocup.,Receita Quartos,Preço Médio,Saídas,Quartos FdS,Adul. / Cri.,dezembro,Previsão,03-dez-2025 qua,29,0,15,0,0,29,0,"21,48","3 222,33","111,11",10,0,46,997,15,335,0,0,971,26,"23,82","116 565,64","116,92",304,0,1843,Total dez,997,15,335,0,0,971,26,"23,82","116 565,64","116,92",304,0,1843,Total,42077,4770,14989,0,61,35613,6464,"42,70","5 795 514,62","137,74",15124,129,76825
Data,Ocup,Opção,Cheg,Oferta/Uso Interno,Deduz. Individ.,Deduz. Grupos,% Ocup.,Receita Quartos,Preço Médio,Saídas,Quartos FdS,Adul. / Cri.,dezembro,Previsão,04-dez-2025 qui,51,0,28,0,0,51,0,"37,78","5 602,71","109,86",6,0,81,997,15,335,0,0,971,26,"23,82","116 565,64","116,92",304,0,1843,Total dez,997,15,335,0,0,971,26,"23,82","116 565,64","116,92",304,0,1843,Total,42077,4770,14989,0,61,35613,6464,"42,70","5 795 514,62","137,74",15124,129,76825
Data,Ocup,Opção,Cheg,Oferta/Uso Interno,Deduz. Individ.,Deduz. Grupos,% Ocup.,Receita Quartos,Preço Médio,Saídas,Quartos FdS,Adul. / Cri.,dezembro,Previsão,05-dez-2025 sex,54,3,18,0,0,54,0,"40,00","6 393,40","118,40",15,0,92,997,15,335,0,0,971,26,"23,82","116 565,64","116,92",304,0,1843,Total dez,997,15,335,0,0,971,26,"23,82","116 565,64","116,92",304,0,1843,Total,42077,4770,14989,0,61,35613,6464,"42,70","5 795 514,62","137,74",15124,129,76825
Data,Ocup,Opção,Cheg,Oferta/Uso Interno,Deduz. Individ.,Deduz. Grupos,% Ocup.,Receita Quartos,Preço Médio,Saídas,Quartos FdS,Adul. / Cri.,dezembro,Previsão,06-dez-2025 sáb,46,3,9,0,0,46,0,"34,07","5 547,36","120,59",17,0,80,997,15,335,0,0,971,26,"23,82","116 565,64","116,92",304,0,1843,Total dez,997,15,335,0,0,971,26,"23,82","116 565,64","116,92",304,0,1843,Total,42077,4770,14989,0,61,35613,6464,"42,70","5 795 514,62","137,74",15124,129,76825
Data,Ocup,Opção,Cheg,Oferta/Uso Interno,Deduz. Individ.,Deduz. Grupos,% Ocup.,Receita Quartos,Preço Médio,Saídas,Quartos FdS,Adul. / Cri.,dezembro,Previsão,07-dez-2025 dom,28,3,5,0,0,28,0,"20,74","2 973,37","106,19",23,0,56,997,15,335,0,0,971,26,"23,82","116 565,64","116,92",304,0,1843,Total dez,997,15,335,0,0,971,26,"23,82","116 565,64","116,92",304,0,1843,Total,42077,4770,14989,0,61,35613,6464,"42,70","5 795 514,62","137,74",15124,129,76825
Data,Ocup,Opção,Cheg,Oferta/Uso Interno,Deduz. Individ.,Deduz. Grupos,% Ocup.,Receita Quartos,Preço Médio,Saídas,Quartos FdS,Adul. / Cri.,dezembro,Previsão,08-dez-2025 seg,17,0,9,0,0,17,0,"12,59","1 516,39","89,20",20,0,29,997,15,335,0,0,971,26,"23,82","116 565,64","116,92",304,0,1843,Total dez,997,15,335,0,0,971,26,"23,82","116 565,64","116,92",304,0,1843,Total,42077,4770,14989,0,61,35613,6464,"42,70","5 795 514,62","137,74",15124,129,76825
Data,Ocup,Opção,Cheg,Oferta/Uso Interno,Deduz. Individ.,Deduz. Grupos,% Ocup.,Receita Quartos,Preço Médio,Saídas,Quartos FdS,Adul. / Cri.,dezembro,Previsão,09-dez-2025 ter,17,0,2,0,0,17,0,"12,59","1 552,97","91,35",2,0,29,997,15,335,0,0,971,26,"23,82","116 565,64","116,92",304,0,1843,Total dez,997,15,335,0,0,971,26,"23,82","116 565,64","116,92",304,0,1843,Total,42077,4770,14989,0,61,35613,6464,"42,70","5 795 514,62","137,74",15124,129,76825
Data,Ocup,Opção,Cheg,Oferta/Uso Interno,Deduz. Individ.,Deduz. Grupos,% Ocup.,Receita Quartos,Preço Médio,Saídas,Quartos FdS,Adul. / Cri.,dezembro,Previsão,10-dez-2025 qua,17,0,6,0,0,17,0,"12,59","1 640,88","96,52",6,0,29,997,15,335,0,0,971,26,"23,82","116 565,64","116,92",304,0,1843,Total dez,997,15,335,0,0,971,26,"23,82","116 565,64","116,92",304,0,1843,Total,42077,4770,14989,0,61,35613,6464,"42,70","5 795 514,62","137,74",15124,129,76825
Data,Ocup,Opção,Cheg,Oferta/Uso Interno,Deduz. Individ.,Deduz. Grupos,% Ocup.,Receita Quartos,Preço Médio,Saídas,Quartos FdS,Adul. / Cri.,dezembro,Previsão,11-dez-2025 qui,25,0,12,0,0,25,0,"18,52","2 509,30","100,37",4,0,46,997,15,335,0,0,971,26,"23,82","116 565,64","116,92",304,0,1843,Total dez,997,15,335,0,0,971,26,"23,82","116 565,64","116,92",304,0,1843,Total,42077,4770,14989,0,61,35613,6464,"42,70","5 795 514,62","137,74",15124,129,76825
Data,Ocup,Opção,Cheg,Oferta/Uso Interno,Deduz. Individ.,Deduz. Grupos,% Ocup.,Receita Quartos,Preço Médio,Saídas,Quartos FdS,Adul. / Cri.,dezembro,Previsão,12-dez-2025 sex,30,0,15,0,0,30,0,"22,22","3 198,67","106,62",10,0,61,997,15,335,0,0,971,26,"23,82","116 565,64","116,92",304,0,1843,Total dez,997,15,335,0,0,971,26,"23,82","116 565,64","116,92",304,0,1843,Total,42077,4770,14989,0,61,35613,6464,"42,70","5 795 514,62","137,74",15124,129,76825
Data,Ocup,Opção,Cheg,Oferta/Uso Interno,Deduz. Individ.,Deduz. Grupos,% Ocup.,Receita Quartos,Preço Médio,Saídas,Quartos FdS,Adul. / Cri.,dezembro,Previsão,13-dez-2025 sáb,34,0,7,0,0,34,0,"25,19","3 756,71","110,49",3,0,69,997,15,335,0,0,971,26,"23,82","116 565,64","116,92",304,0,1843,Total dez,997,15,335,0,0,971,26,"23,82","116 565,64","116,92",304,0,1843,Total,42077,4770,14989,0,61,35613,6464,"42,70","5 795 514,62","137,74",15124,129,76825
Data,Ocup,Opção,Cheg,Oferta/Uso Interno,Deduz. Individ.,Deduz. Grupos,% Ocup.,Receita Quartos,Preço Médio,Saídas,Quartos FdS,Adul. / Cri.,dezembro,Previsão,14-dez-2025 dom,25,0,7,0,0,25,0,"18,52","2 342,40","93,70",16,0,54,997,15,335,0,0,971,26,"23,82","116 565,64","116,92",304,0,1843,Total dez,997,15,335,0,0,971,26,"23,82","116 565,64","116,92",304,0,1843,Total,42077,4770,14989,0,61,35613,6464,"42,70","5 795 514,62","137,74",15124,129,76825
Data,Ocup,Opção,Cheg,Oferta/Uso Interno,Deduz. Individ.,Deduz. Grupos,% Ocup.,Receita Quartos,Preço Médio,Saídas,Quartos FdS,Adul. / Cri.,dezembro,Previsão,15-dez-2025 seg,18,0,5,0,0,18,0,"13,33","1 796,27","99,79",12,0,39,997,15,335,0,0,971,26,"23,82","116 565,64","116,92",304,0,1843,Total dez,997,15,335,0,0,971,26,"23,82","116 565,64","116,92",304,0,1843,Total,42077,4770,14989,0,61,35613,6464,"42,70","5 795 514,62","137,74",15124,129,76825
Data,Ocup,Opção,Cheg,Oferta/Uso Interno,Deduz. Individ.,Deduz. Grupos,% Ocup.,Receita Quartos,Preço Médio,Saídas,Quartos FdS,Adul. / Cri.,dezembro,Previsão,16-dez-2025 ter,16,0,2,0,0,16,0,"11,85","1 509,28","94,33",4,0,33,997,15,335,0,0,971,26,"23,82","116 565,64","116,92",304,0,1843,Total dez,997,15,335,0,0,971,26,"23,82","116 565,64","116,92",304,0,1843,Total,42077,4770,14989,0,61,35613,6464,"42,70","5 795 514,62","137,74",15124,129,76825
Data,Ocup,Opção,Cheg,Oferta/Uso Interno,Deduz. Individ.,Deduz. Grupos,% Ocup.,Receita Quartos,Preço Médio,Saídas,Quartos FdS,Adul. / Cri.,dezembro,Previsão,17-dez-2025 qua,12,0,0,0,0,12,0,"8,89","1 173,15","97,76",4,0,25,997,15,335,0,0,971,26,"23,82","116 565,64","116,92",304,0,1843,Total dez,997,15,335,0,0,971,26,"23,82","116 565,64","116,92",304,0,1843,Total,42077,4770,14989,0,61,35613,6464,"42,70","5 795 514,62","137,74",15124,129,76825
Data,Ocup,Opção,Cheg,Oferta/Uso Interno,Deduz. Individ.,Deduz. Grupos,% Ocup.,Receita Quartos,Preço Médio,Saídas,Quartos FdS,Adul. / Cri.,dezembro,Previsão,18-dez-2025 qui,8,0,2,0,0,8,0,"5,93","718,85","89,86",6,0,14,997,15,335,0,0,971,26,"23,82","116 565,64","116,92",304,0,1843,Total dez,997,15,335,0,0,971,26,"23,82","116 565,64","116,92",304,0,1843,Total,42077,4770,14989,0,61,35613,6464,"42,70","5 795 514,62","137,74",15124,129,76825
Data,Ocup,Opção,Cheg,Oferta/Uso Interno,Deduz. Individ.,Deduz. Grupos,% Ocup.,Receita Quartos,Preço Médio,Saídas,Quartos FdS,Adul. / Cri.,dezembro,Previsão,19-dez-2025 sex,18,0,11,0,0,18,0,"13,33","1 815,85","100,88",1,0,34,997,15,335,0,0,971,26,"23,82","116 565,64","116,92",304,0,1843,Total dez,997,15,335,0,0,971,26,"23,82","116 565,64","116,92",304,0,1843,Total,42077,4770,14989,0,61,35613,6464,"42,70","5 795 514,62","137,74",15124,129,76825
Data,Ocup,Opção,Cheg,Oferta/Uso Interno,Deduz. Individ.,Deduz. Grupos,% Ocup.,Receita Quartos,Preço Médio,Saídas,Quartos FdS,Adul. / Cri.,dezembro,Previsão,20-dez-2025 sáb,24,0,11,0,0,24,0,"17,78","2 351,35","97,97",5,0,47,997,15,335,0,0,971,26,"23,82","116 565,64","116,92",304,0,1843,Total dez,997,15,335,0,0,971,26,"23,82","116 565,64","116,92",304,0,1843,Total,42077,4770,14989,0,61,35613,6464,"42,70","5 795 514,62","137,74",15124,129,76825
Data,Ocup,Opção,Cheg,Oferta/Uso Interno,Deduz. Individ.,Deduz. Grupos,% Ocup.,Receita Quartos,Preço Médio,Saídas,Quartos FdS,Adul. / Cri.,dezembro,Previsão,21-dez-2025 dom,28,0,11,0,0,28,0,"20,74","2 528,40","90,30",7,0,51,997,15,335,0,0,971,26,"23,82","116 565,64","116,92",304,0,1843,Total dez,997,15,335,0,0,971,26,"23,82","116 565,64","116,92",304,0,1843,Total,42077,4770,14989,0,61,35613,6464,"42,70","5 795 514,62","137,74",15124,129,76825
Data,Ocup,Opção,Cheg,Oferta/Uso Interno,Deduz. Individ.,Deduz. Grupos,% Ocup.,Receita Quartos,Preço Médio,Saídas,Quartos FdS,Adul. / Cri.,dezembro,Previsão,22-dez-2025 seg,31,0,7,0,0,31,0,"22,96","2 984,26","96,27",4,0,61,997,15,335,0,0,971,26,"23,82","116 565,64","116,92",304,0,1843,Total dez,997,15,335,0,0,971,26,"23,82","116 565,64","116,92",304,0,1843,Total,42077,4770,14989,0,61,35613,6464,"42,70","5 795 514,62","137,74",15124,129,76825
Data,Ocup,Opção,Cheg,Oferta/Uso Interno,Deduz. Individ.,Deduz. Grupos,% Ocup.,Receita Quartos,Preço Médio,Saídas,Quartos FdS,Adul. / Cri.,dezembro,Previsão,23-dez-2025 ter,25,0,9,0,0,25,0,"18,52","2 390,81","95,63",15,0,47,997,15,335,0,0,971,26,"23,82","116 565,64","116,92",304,0,1843,Total dez,997,15,335,0,0,971,26,"23,82","116 565,64","116,92",304,0,1843,Total,42077,4770,14989,0,61,35613,6464,"42,70","5 795 514,62","137,74",15124,129,76825
Data,Ocup,Opção,Cheg,Oferta/Uso Interno,Deduz. Individ.,Deduz. Grupos,% Ocup.,Receita Quartos,Preço Médio,Saídas,Quartos FdS,Adul. / Cri.,dezembro,Previsão,24-dez-2025 qua,33,0,18,0,0,33,0,"24,44","3 499,74","106,05",10,0,65,997,15,335,0,0,971,26,"23,82","116 565,64","116,92",304,0,1843,Total dez,997,15,335,0,0,971,26,"23,82","116 565,64","116,92",304,0,1843,Total,42077,4770,14989,0,61,35613,6464,"42,70","5 795 514,62","137,74",15124,129,76825
Data,Ocup,Opção,Cheg,Oferta/Uso Interno,Deduz. Individ.,Deduz. Grupos,% Ocup.,Receita Quartos,Preço Médio,Saídas,Quartos FdS,Adul. / Cri.,dezembro,Previsão,25-dez-2025 qui,33,0,3,0,0,33,0,"24,44","3 462,46","104,92",3,0,63,997,15,335,0,0,971,26,"23,82","116 565,64","116,92",304,0,1843,Total dez,997,15,335,0,0,971,26,"23,82","116 565,64","116,92",304,0,1843,Total,42077,4770,14989,0,61,35613,6464,"42,70","5 795 514,62","137,74",15124,129,76825
Data,Ocup,Opção,Cheg,Oferta/Uso Interno,Deduz. Individ.,Deduz. Grupos,% Ocup.,Receita Quartos,Preço Médio,Saídas,Quartos FdS,Adul. / Cri.,dezembro,Previsão,26-dez-2025 sex,56,0,29,0,0,56,0,"41,48","6 832,37","122,01",6,0,103,997,15,335,0,0,971,26,"23,82","116 565,64","116,92",304,0,1843,Total dez,997,15,335,0,0,971,26,"23,82","116 565,64","116,92",304,0,1843,Total,42077,4770,14989,0,61,35613,6464,"42,70","5 795 514,62","137,74",15124,129,76825
Data,Ocup,Opção,Cheg,Oferta/Uso Interno,Deduz. Individ.,Deduz. Grupos,% Ocup.,Receita Quartos,Preço Médio,Saídas,Quartos FdS,Adul. / Cri.,dezembro,Previsão,27-dez-2025 sáb,56,0,13,0,0,56,0,"41,48","6 687,62","119,42",13,0,101,997,15,335,0,0,971,26,"23,82","116 565,64","116,92",304,0,1843,Total dez,997,15,335,0,0,971,26,"23,82","116 565,64","116,92",304,0,1843,Total,42077,4770,14989,0,61,35613,6464,"42,70","5 795 514,62","137,74",15124,129,76825
Data,Ocup,Opção,Cheg,Oferta/Uso Interno,Deduz. Individ.,Deduz. Grupos,% Ocup.,Receita Quartos,Preço Médio,Saídas,Quartos FdS,Adul. / Cri.,dezembro,Previsão,28-dez-2025 dom,52,0,16,0,0,52,0,"38,52","6 648,47","127,86",20,0,97,997,15,335,0,0,971,26,"23,82","116 565,64","116,92",304,0,1843,Total dez,997,15,335,0,0,971,26,"23,82","116 565,64","116,92",304,0,1843,Total,42077,4770,14989,0,61,35613,6464,"42,70","5 795 514,62","137,74",15124,129,76825
Data,Ocup,Opção,Cheg,Oferta/Uso Interno,Deduz. Individ.,Deduz. Grupos,% Ocup.,Receita Quartos,Preço Médio,Saídas,Quartos FdS,Adul. / Cri.,dezembro,Previsão,29-dez-2025 seg,54,0,18,0,0,54,0,"40,00","7 772,31","143,93",16,0,106,997,15,335,0,0,971,26,"23,82","116 565,64","116,92",304,0,1843,Total dez,997,15,335,0,0,971,26,"23,82","116 565,64","116,92",304,0,1843,Total,42077,4770,14989,0,61,35613,6464,"42,70","5 795 514,62","137,74",15124,129,76825
Data,Ocup,Opção,Cheg,Oferta/Uso Interno,Deduz. Individ.,Deduz. Grupos,% Ocup.,Receita Quartos,Preço Médio,Saídas,Quartos FdS,Adul. / Cri.,dezembro,Previsão,30-dez-2025 ter,59,2,27,0,0,46,13,"43,70","9 903,80","167,86",22,0,110,997,15,335,0,0,971,26,"23,82","116 565,64","116,92",304,0,1843,Total dez,997,15,335,0,0,971,26,"23,82","116 565,64","116,92",304,0,1843,Total,42077,4770,14989,0,61,35613,6464,"42,70","5 795 514,62","137,74",15124,129,76825
Data,Ocup,Opção,Cheg,Oferta/Uso Interno,Deduz. Individ.,Deduz. Grupos,% Ocup.,Receita Quartos,Preço Médio,Saídas,Quartos FdS,Adul. / Cri.,dezembro,Previsão,31-dez-2025 qua,56,4,6,0,0,43,13,"41,48","9 872,74","176,30",9,0,101,997,15,335,0,0,971,26,"23,82","116 565,64","116,92",304,0,1843,Total dez,997,15,335,0,0,971,26,"23,82","116 565,64","116,92",304,0,1843,Total,42077,4770,14989,0,61,35613,6464,"42,70","5 795 514,62","137,74",15124,129,76825
Data,Ocup,Opção,Cheg,Oferta/Uso Interno,Deduz. Individ.,Deduz. Grupos,% Ocup.,Receita Quartos,Preço Médio,Saídas,Quartos FdS,Adul. / Cri.,janeiro,Previsão,01-jan-2026 qui,48,4,8,0,0,35,13,"35,56","8 031,72","167,33",16,0,92,292,85,78,0,0,250,42,"6,98","35 135,80","120,33",128,0,589,Total jan,292,85,78,0,0,250,42,"6,98","35 135,80","120,33",128,0,589,Total,42077,4770,14989,0,61,35613,6464,"42,70","5 795 514,62","137,74",15124,129,76825
Data,Ocup,Opção,Cheg,Oferta/Uso Interno,Deduz. Individ.,Deduz. Grupos,% Ocup.,Receita Quartos,Preço Médio,Saídas,Quartos FdS,Adul. / Cri.,janeiro,Previsão,02-jan-2026 sex,47,2,8,0,0,34,13,"34,81","6 388,89","135,93",9,0,89,292,85,78,0,0,250,42,"6,98","35 135,80","120,33",128,0,589,Total jan,292,85,78,0,0,250,42,"6,98","35 135,80","120,33",128,0,589,Total,42077,4770,14989,0,61,35613,6464,"42,70","5 795 514,62","137,74",15124,129,76825
Data,Ocup,Opção,Cheg,Oferta/Uso Interno,Deduz. Individ.,Deduz. Grupos,% Ocup.,Receita Quartos,Preço Médio,Saídas,Quartos FdS,Adul. / Cri.,janeiro,Previsão,03-jan-2026 sáb,38,2,5,0,0,25,13,"28,15","5 346,72","140,70",14,0,71,292,85,78,0,0,250,42,"6,98","35 135,80","120,33",128,0,589,Total jan,292,85,78,0,0,250,42,"6,98","35 135,80","120,33",128,0,589,Total,42077,4770,14989,0,61,35613,6464,"42,70","5 795 514,62","137,74",15124,129,76825
Data,Ocup,Opção,Cheg,Oferta/Uso Interno,Deduz. Individ.,Deduz. Grupos,% Ocup.,Receita Quartos,Preço Médio,Saídas,Quartos FdS,Adul. / Cri.,janeiro,Previsão,04-jan-2026 dom,20,0,2,0,0,20,0,"14,81","2 241,75","112,09",20,0,43,292,85,78,0,0,250,42,"6,98","35 135,80","120,33",128,0,589,Total jan,292,85,78,0,0,250,42,"6,98","35 135,80","120,33",128,0,589,Total,42077,4770,14989,0,61,35613,6464,"42,70","5 795 514,62","137,74",15124,129,76825
Data,Ocup,Opção,Cheg,Oferta/Uso Interno,Deduz. Individ.,Deduz. Grupos,% Ocup.,Receita Quartos,Preço Médio,Saídas,Quartos FdS,Adul. / Cri.,janeiro,Previsão,05-jan-2026 seg,9,0,2,0,0,9,0,"6,67","1 159,50","128,83",13,0,24,292,85,78,0,0,250,42,"6,98","35 135,80","120,33",128,0,589,Total jan,292,85,78,0,0,250,42,"6,98","35 135,80","120,33",128,0,589,Total,42077,4770,14989,0,61,35613,6464,"42,70","5 795 514,62","137,74",15124,129,76825
Data,Ocup,Opção,Cheg,Oferta/Uso Interno,Deduz. Individ.,Deduz. Grupos,% Ocup.,Receita Quartos,Preço Médio,Saídas,Quartos FdS,Adul. / Cri.,janeiro,Previsão,06-jan-2026 ter,9,0,3,0,0,9,0,"6,67","1 050,37","116,71",3,0,23,292,85,78,0,0,250,42,"6,98","35 135,80","120,33",128,0,589,Total jan,292,85,78,0,0,250,42,"6,98","35 135,80","120,33",128,0,589,Total,42077,4770,14989,0,61,35613,6464,"42,70","5 795 514,62","137,74",15124,129,76825
Data,Ocup,Opção,Cheg,Oferta/Uso Interno,Deduz. Individ.,Deduz. Grupos,% Ocup.,Receita Quartos,Preço Médio,Saídas,Quartos FdS,Adul. / Cri.,janeiro,Previsão,07-jan-2026 qua,9,0,4,0,0,9,0,"6,67","717,62","79,74",4,0,20,292,85,78,0,0,250,42,"6,98","35 135,80","120,33",128,0,589,Total jan,292,85,78,0,0,250,42,"6,98","35 135,80","120,33",128,0,589,Total,42077,4770,14989,0,61,35613,6464,"42,70","5 795 514,62","137,74",15124,129,76825
Data,Ocup,Opção,Cheg,Oferta/Uso Interno,Deduz. Individ.,Deduz. Grupos,% Ocup.,Receita Quartos,Preço Médio,Saídas,Quartos FdS,Adul. / Cri.,janeiro,Previsão,08-jan-2026 qui,5,0,1,0,0,5,0,"3,70","445,43","89,09",5,0,10,292,85,78,0,0,250,42,"6,98","35 135,80","120,33",128,0,589,Total jan,292,85,78,0,0,250,42,"6,98","35 135,80","120,33",128,0,589,Total,42077,4770,14989,0,61,35613,6464,"42,70","5 795 514,62","137,74",15124,129,76825
Data,Ocup,Opção,Cheg,Oferta/Uso Interno,Deduz. Individ.,Deduz. Grupos,% Ocup.,Receita Quartos,Preço Médio,Saídas,Quartos FdS,Adul. / Cri.,janeiro,Previsão,09-jan-2026 sex,6,0,2,0,0,6,0,"4,44","579,22","96,54",1,0,11,292,85,78,0,0,250,42,"6,98","35 135,80","120,33",128,0,589,Total jan,292,85,78,0,0,250,42,"6,98","35 135,80","120,33",128,0,589,Total,42077,4770,14989,0,61,35613,6464,"42,70","5 795 514,62","137,74",15124,129,76825
Data,Ocup,Opção,Cheg,Oferta/Uso Interno,Deduz. Individ.,Deduz. Grupos,% Ocup.,Receita Quartos,Preço Médio,Saídas,Quartos FdS,Adul. / Cri.,janeiro,Previsão,10-jan-2026 sáb,8,1,5,0,0,5,3,"5,93","834,41","104,30",3,0,15,292,85,78,0,0,250,42,"6,98","35 135,80","120,33",128,0,589,Total jan,292,85,78,0,0,250,42,"6,98","35 135,80","120,33",128,0,589,Total,42077,4770,14989,0,61,35613,6464,"42,70","5 795 514,62","137,74",15124,129,76825
Data,Ocup,Opção,Cheg,Oferta/Uso Interno,Deduz. Individ.,Deduz. Grupos,% Ocup.,Receita Quartos,Preço Médio,Saídas,Quartos FdS,Adul. / Cri.,janeiro,Previsão,11-jan-2026 dom,5,13,4,0,0,5,0,"3,70","416,26","83,25",7,0,10,292,85,78,0,0,250,42,"6,98","35 135,80","120,33",128,0,589,Total jan,292,85,78,0,0,250,42,"6,98","35 135,80","120,33",128,0,589,Total,42077,4770,14989,0,61,35613,6464,"42,70","5 795 514,62","137,74",15124,129,76825
Data,Ocup,Opção,Cheg,Oferta/Uso Interno,Deduz. Individ.,Deduz. Grupos,% Ocup.,Receita Quartos,Preço Médio,Saídas,Quartos FdS,Adul. / Cri.,janeiro,Previsão,12-jan-2026 seg,3,13,0,0,0,3,0,"2,22","235,89","78,63",2,0,6,292,85,78,0,0,250,42,"6,98","35 135,80","120,33",128,0,589,Total jan,292,85,78,0,0,250,42,"6,98","35 135,80","120,33",128,0,589,Total,42077,4770,14989,0,61,35613,6464,"42,70","5 795 514,62","137,74",15124,129,76825
Data,Ocup,Opção,Cheg,Oferta/Uso Interno,Deduz. Individ.,Deduz. Grupos,% Ocup.,Receita Quartos,Preço Médio,Saídas,Quartos FdS,Adul. / Cri.,janeiro,Previsão,13-jan-2026 ter,3,25,1,0,0,3,0,"2,22","212,85","70,95",1,0,6,292,85,78,0,0,250,42,"6,98","35 135,80","120,33",128,0,589,Total jan,292,85,78,0,0,250,42,"6,98","35 135,80","120,33",128,0,589,Total,42077,4770,14989,0,61,35613,6464,"42,70","5 795 514,62","137,74",15124,129,76825
Data,Ocup,Opção,Cheg,Oferta/Uso Interno,Deduz. Individ.,Deduz. Grupos,% Ocup.,Receita Quartos,Preço Médio,Saídas,Quartos FdS,Adul. / Cri.,janeiro,Previsão,14-jan-2026 qua,9,25,7,0,0,9,0,"6,67","805,85","89,54",1,0,19,292,85,78,0,0,250,42,"6,98","35 135,80","120,33",128,0,589,Total jan,292,85,78,0,0,250,42,"6,98","35 135,80","120,33",128,0,589,Total,42077,4770,14989,0,61,35613,6464,"42,70","5 795 514,62","137,74",15124,129,76825
Data,Ocup,Opção,Cheg,Oferta/Uso Interno,Deduz. Individ.,Deduz. Grupos,% Ocup.,Receita Quartos,Preço Médio,Saídas,Quartos FdS,Adul. / Cri.,janeiro,Previsão,15-jan-2026 qui,7,0,2,0,0,7,0,"5,19","664,08","94,87",4,0,15,292,85,78,0,0,250,42,"6,98","35 135,80","120,33",128,0,589,Total jan,292,85,78,0,0,250,42,"6,98","35 135,80","120,33",128,0,589,Total,42077,4770,14989,0,61,35613,6464,"42,70","5 795 514,62","137,74",15124,129,76825
Data,Ocup,Opção,Cheg,Oferta/Uso Interno,Deduz. Individ.,Deduz. Grupos,% Ocup.,Receita Quartos,Preço Médio,Saídas,Quartos FdS,Adul. / Cri.,janeiro,Previsão,16-jan-2026 sex,8,0,1,0,0,8,0,"5,93","733,87","91,73",0,0,17,292,85,78,0,0,250,42,"6,98","35 135,80","120,33",128,0,589,Total jan,292,85,78,0,0,250,42,"6,98","35 135,80","120,33",128,0,589,Total,42077,4770,14989,0,61,35613,6464,"42,70","5 795 514,62","137,74",15124,129,76825
Data,Ocup,Opção,Cheg,Oferta/Uso Interno,Deduz. Individ.,Deduz. Grupos,% Ocup.,Receita Quartos,Preço Médio,Saídas,Quartos FdS,Adul. / Cri.,janeiro,Previsão,17-jan-2026 sáb,6,0,2,0,0,6,0,"4,44","471,65","78,61",4,0,12,292,85,78,0,0,250,42,"6,98","35 135,80","120,33",128,0,589,Total jan,292,85,78,0,0,250,42,"6,98","35 135,80","120,33",128,0,589,Total,42077,4770,14989,0,61,35613,6464,"42,70","5 795 514,62","137,74",15124,129,76825
Data,Ocup,Opção,Cheg,Oferta/Uso Interno,Deduz. Individ.,Deduz. Grupos,% Ocup.,Receita Quartos,Preço Médio,Saídas,Quartos FdS,Adul. / Cri.,janeiro,Previsão,18-jan-2026 dom,4,0,1,0,0,4,0,"2,96","307,36","76,84",3,0,8,292,85,78,0,0,250,42,"6,98","35 135,80","120,33",128,0,589,Total jan,292,85,78,0,0,250,42,"6,98","35 135,80","120,33",128,0,589,Total,42077,4770,14989,0,61,35613,6464,"42,70","5 795 514,62","137,74",15124,129,76825
Data,Ocup,Opção,Cheg,Oferta/Uso Interno,Deduz. Individ.,Deduz. Grupos,% Ocup.,Receita Quartos,Preço Médio,Saídas,Quartos FdS,Adul. / Cri.,janeiro,Previsão,19-jan-2026 seg,4,0,2,0,0,4,0,"2,96","322,60","80,65",2,0,8,292,85,78,0,0,250,42,"6,98","35 135,80","120,33",128,0,589,Total jan,292,85,78,0,0,250,42,"6,98","35 135,80","120,33",128,0,589,Total,42077,4770,14989,0,61,35613,6464,"42,70","5 795 514,62","137,74",15124,129,76825
Data,Ocup,Opção,Cheg,Oferta/Uso Interno,Deduz. Individ.,Deduz. Grupos,% Ocup.,Receita Quartos,Preço Médio,Saídas,Quartos FdS,Adul. / Cri.,janeiro,Previsão,20-jan-2026 ter,3,0,1,0,0,3,0,"2,22","244,23","81,41",2,0,6,292,85,78,0,0,250,42,"6,98","35 135,80","120,33",128,0,589,Total jan,292,85,78,0,0,250,42,"6,98","35 135,80","120,33",128,0,589,Total,42077,4770,14989,0,61,35613,6464,"42,70","5 795 514,62","137,74",15124,129,76825
Data,Ocup,Opção,Cheg,Oferta/Uso Interno,Deduz. Individ.,Deduz. Grupos,% Ocup.,Receita Quartos,Preço Médio,Saídas,Quartos FdS,Adul. / Cri.,janeiro,Previsão,21-jan-2026 qua,2,0,1,0,0,2,0,"1,48","165,25","82,62",2,0,4,292,85,78,0,0,250,42,"6,98","35 135,80","120,33",128,0,589,Total jan,292,85,78,0,0,250,42,"6,98","35 135,80","120,33",128,0,589,Total,42077,4770,14989,0,61,35613,6464,"42,70","5 795 514,62","137,74",15124,129,76825
Data,Ocup,Opção,Cheg,Oferta/Uso Interno,Deduz. Individ.,Deduz. Grupos,% Ocup.,Receita Quartos,Preço Médio,Saídas,Quartos FdS,Adul. / Cri.,janeiro,Previsão,22-jan-2026 qui,3,0,2,0,0,3,0,"2,22","306,08","102,03",1,0,6,292,85,78,0,0,250,42,"6,98","35 135,80","120,33",128,0,589,Total jan,292,85,78,0,0,250,42,"6,98","35 135,80","120,33",128,0,589,Total,42077,4770,14989,0,61,35613,6464,"42,70","5 795 514,62","137,74",15124,129,76825
Data,Ocup,Opção,Cheg,Oferta/Uso Interno,Deduz. Individ.,Deduz. Grupos,% Ocup.,Receita Quartos,Preço Médio,Saídas,Quartos FdS,Adul. / Cri.,janeiro,Previsão,23-jan-2026 sex,3,0,0,0,0,3,0,"2,22","306,08","102,03",0,0,6,292,85,78,0,0,250,42,"6,98","35 135,80","120,33",128,0,589,Total jan,292,85,78,0,0,250,42,"6,98","35 135,80","120,33",128,0,589,Total,42077,4770,14989,0,61,35613,6464,"42,70","5 795 514,62","137,74",15124,129,76825
Data,Ocup,Opção,Cheg,Oferta/Uso Interno,Deduz. Individ.,Deduz. Grupos,% Ocup.,Receita Quartos,Preço Médio,Saídas,Quartos FdS,Adul. / Cri.,janeiro,Previsão,24-jan-2026 sáb,2,0,1,0,0,2,0,"1,48","194,42","97,21",2,0,4,292,85,78,0,0,250,42,"6,98","35 135,80","120,33",128,0,589,Total jan,292,85,78,0,0,250,42,"6,98","35 135,80","120,33",128,0,589,Total,42077,4770,14989,0,61,35613,6464,"42,70","5 795 514,62","137,74",15124,129,76825
Data,Ocup,Opção,Cheg,Oferta/Uso Interno,Deduz. Individ.,Deduz. Grupos,% Ocup.,Receita Quartos,Preço Médio,Saídas,Quartos FdS,Adul. / Cri.,janeiro,Previsão,25-jan-2026 dom,4,0,3,0,0,4,0,"2,96","346,19","86,55",1,0,8,292,85,78,0,0,250,42,"6,98","35 135,80","120,33",128,0,589,Total jan,292,85,78,0,0,250,42,"6,98","35 135,80","120,33",128,0,589,Total,42077,4770,14989,0,61,35613,6464,"42,70","5 795 514,62","137,74",15124,129,76825
Data,Ocup,Opção,Cheg,Oferta/Uso Interno,Deduz. Individ.,Deduz. Grupos,% Ocup.,Receita Quartos,Preço Médio,Saídas,Quartos FdS,Adul. / Cri.,janeiro,Previsão,26-jan-2026 seg,5,0,2,0,0,5,0,"3,70","380,42","76,08",1,0,9,292,85,78,0,0,250,42,"6,98","35 135,80","120,33",128,0,589,Total jan,292,85,78,0,0,250,42,"6,98","35 135,80","120,33",128,0,589,Total,42077,4770,14989,0,61,35613,6464,"42,70","5 795 514,62","137,74",15124,129,76825
Data,Ocup,Opção,Cheg,Oferta/Uso Interno,Deduz. Individ.,Deduz. Grupos,% Ocup.,Receita Quartos,Preço Médio,Saídas,Quartos FdS,Adul. / Cri.,janeiro,Previsão,27-jan-2026 ter,2,0,0,0,0,2,0,"1,48","134,92","67,46",3,0,3,292,85,78,0,0,250,42,"6,98","35 135,80","120,33",128,0,589,Total jan,292,85,78,0,0,250,42,"6,98","35 135,80","120,33",128,0,589,Total,42077,4770,14989,0,61,35613,6464,"42,70","5 795 514,62","137,74",15124,129,76825
Data,Ocup,Opção,Cheg,Oferta/Uso Interno,Deduz. Individ.,Deduz. Grupos,% Ocup.,Receita Quartos,Preço Médio,Saídas,Quartos FdS,Adul. / Cri.,janeiro,Previsão,28-jan-2026 qua,3,0,2,0,0,3,0,"2,22","275,57","91,86",1,0,5,292,85,78,0,0,250,42,"6,98","35 135,80","120,33",128,0,589,Total jan,292,85,78,0,0,250,42,"6,98","35 135,80","120,33",128,0,589,Total,42077,4770,14989,0,61,35613,6464,"42,70","5 795 514,62","137,74",15124,129,76825
Data,Ocup,Opção,Cheg,Oferta/Uso Interno,Deduz. Individ.,Deduz. Grupos,% Ocup.,Receita Quartos,Preço Médio,Saídas,Quartos FdS,Adul. / Cri.,janeiro,Previsão,29-jan-2026 qui,5,0,3,0,0,5,0,"3,70","526,42","105,28",1,0,11,292,85,78,0,0,250,42,"6,98","35 135,80","120,33",128,0,589,Total jan,292,85,78,0,0,250,42,"6,98","35 135,80","120,33",128,0,589,Total,42077,4770,14989,0,61,35613,6464,"42,70","5 795 514,62","137,74",15124,129,76825
Data,Ocup,Opção,Cheg,Oferta/Uso Interno,Deduz. Individ.,Deduz. Grupos,% Ocup.,Receita Quartos,Preço Médio,Saídas,Quartos FdS,Adul. / Cri.,janeiro,Previsão,30-jan-2026 sex,6,0,2,0,0,6,0,"4,44","651,26","108,54",1,0,14,292,85,78,0,0,250,42,"6,98","35 135,80","120,33",128,0,589,Total jan,292,85,78,0,0,250,42,"6,98","35 135,80","120,33",128,0,589,Total,42077,4770,14989,0,61,35613,6464,"42,70","5 795 514,62","137,74",15124,129,76825
Data,Ocup,Opção,Cheg,Oferta/Uso Interno,Deduz. Individ.,Deduz. Grupos,% Ocup.,Receita Quartos,Preço Médio,Saídas,Quartos FdS,Adul. / Cri.,janeiro,Previsão,31-jan-2026 sáb,6,0,1,0,0,6,0,"4,44","638,94","106,49",1,0,14,292,85,78,0,0,250,42,"6,98","35 135,80","120,33",128,0,589,Total jan,292,85,78,0,0,250,42,"6,98","35 135,80","120,33",128,0,589,Total,42077,4770,14989,0,61,35613,6464,"42,70","5 795 514,62","137,74",15124,129,76825
Data,Ocup,Opção,Cheg,Oferta/Uso Interno,Deduz. Individ.,Deduz. Grupos,% Ocup.,Receita Quartos,Preço Médio,Saídas,Quartos FdS,Adul. / Cri.,fevereiro,Previsão,01-fev-2026 dom,5,0,3,0,0,5,0,"3,70","425,81","85,16",4,0,10,134,80,51,0,0,133,1,"3,54","14 794,48","110,41",55,0,306,Total fev,134,80,51,0,0,133,1,"3,54","14 794,48","110,41",55,0,306,Total,42077,4770,14989,0,61,35613,6464,"42,70","5 795 514,62","137,74",15124,129,76825
Data,Ocup,Opção,Cheg,Oferta/Uso Interno,Deduz. Individ.,Deduz. Grupos,% Ocup.,Receita Quartos,Preço Médio,Saídas,Quartos FdS,Adul. / Cri.,fevereiro,Previsão,02-fev-2026 seg,3,10,0,0,0,3,0,"2,22","240,51","80,17",2,0,6,134,80,51,0,0,133,1,"3,54","14 794,48","110,41",55,0,306,Total fev,134,80,51,0,0,133,1,"3,54","14 794,48","110,41",55,0,306,Total,42077,4770,14989,0,61,35613,6464,"42,70","5 795 514,62","137,74",15124,129,76825
Data,Ocup,Opção,Cheg,Oferta/Uso Interno,Deduz. Individ.,Deduz. Grupos,% Ocup.,Receita Quartos,Preço Médio,Saídas,Quartos FdS,Adul. / Cri.,fevereiro,Previsão,03-fev-2026 ter,3,10,1,0,0,3,0,"2,22","229,38","76,46",1,0,6,134,80,51,0,0,133,1,"3,54","14 794,48","110,41",55,0,306,Total fev,134,80,51,0,0,133,1,"3,54","14 794,48","110,41",55,0,306,Total,42077,4770,14989,0,61,35613,6464,"42,70","5 795 514,62","137,74",15124,129,76825
Data,Ocup,Opção,Cheg,Oferta/Uso Interno,Deduz. Individ.,Deduz. Grupos,% Ocup.,Receita Quartos,Preço Médio,Saídas,Quartos FdS,Adul. / Cri.,fevereiro,Previsão,04-fev-2026 qua,4,0,2,0,0,4,0,"2,96","475,45","118,86",1,0,10,134,80,51,0,0,133,1,"3,54","14 794,48","110,41",55,0,306,Total fev,134,80,51,0,0,133,1,"3,54","14 794,48","110,41",55,0,306,Total,42077,4770,14989,0,61,35613,6464,"42,70","5 795 514,62","137,74",15124,129,76825
Data,Ocup,Opção,Cheg,Oferta/Uso Interno,Deduz. Individ.,Deduz. Grupos,% Ocup.,Receita Quartos,Preço Médio,Saídas,Quartos FdS,Adul. / Cri.,fevereiro,Previsão,05-fev-2026 qui,2,0,1,0,0,2,0,"1,48","152,93","76,47",3,0,4,134,80,51,0,0,133,1,"3,54","14 794,48","110,41",55,0,306,Total fev,134,80,51,0,0,133,1,"3,54","14 794,48","110,41",55,0,306,Total,42077,4770,14989,0,61,35613,6464,"42,70","5 795 514,62","137,74",15124,129,76825
Data,Ocup,Opção,Cheg,Oferta/Uso Interno,Deduz. Individ.,Deduz. Grupos,% Ocup.,Receita Quartos,Preço Médio,Saídas,Quartos FdS,Adul. / Cri.,fevereiro,Previsão,06-fev-2026 sex,6,0,5,0,0,6,0,"4,44","593,17","98,86",1,0,12,134,80,51,0,0,133,1,"3,54","14 794,48","110,41",55,0,306,Total fev,134,80,51,0,0,133,1,"3,54","14 794,48","110,41",55,0,306,Total,42077,4770,14989,0,61,35613,6464,"42,70","5 795 514,62","137,74",15124,129,76825
Data,Ocup,Opção,Cheg,Oferta/Uso Interno,Deduz. Individ.,Deduz. Grupos,% Ocup.,Receita Quartos,Preço Médio,Saídas,Quartos FdS,Adul. / Cri.,fevereiro,Previsão,07-fev-2026 sáb,8,4,2,0,0,8,0,"5,93","750,68","93,83",0,0,16,134,80,51,0,0,133,1,"3,54","14 794,48","110,41",55,0,306,Total fev,134,80,51,0,0,133,1,"3,54","14 794,48","110,41",55,0,306,Total,42077,4770,14989,0,61,35613,6464,"42,70","5 795 514,62","137,74",15124,129,76825
Data,Ocup,Opção,Cheg,Oferta/Uso Interno,Deduz. Individ.,Deduz. Grupos,% Ocup.,Receita Quartos,Preço Médio,Saídas,Quartos FdS,Adul. / Cri.,fevereiro,Previsão,08-fev-2026 dom,2,13,0,0,0,2,0,"1,48","149,40","74,70",6,0,4,134,80,51,0,0,133,1,"3,54","14 794,48","110,41",55,0,306,Total fev,134,80,51,0,0,133,1,"3,54","14 794,48","110,41",55,0,306,Total,42077,4770,14989,0,61,35613,6464,"42,70","5 795 514,62","137,74",15124,129,76825
Data,Ocup,Opção,Cheg,Oferta/Uso Interno,Deduz. Individ.,Deduz. Grupos,% Ocup.,Receita Quartos,Preço Médio,Saídas,Quartos FdS,Adul. / Cri.,fevereiro,Previsão,09-fev-2026 seg,1,13,0,0,0,1,0,"0,74","61,58","61,58",1,0,2,134,80,51,0,0,133,1,"3,54","14 794,48","110,41",55,0,306,Total fev,134,80,51,0,0,133,1,"3,54","14 794,48","110,41",55,0,306,Total,42077,4770,14989,0,61,35613,6464,"42,70","5 795 514,62","137,74",15124,129,76825
Data,Ocup,Opção,Cheg,Oferta/Uso Interno,Deduz. Individ.,Deduz. Grupos,% Ocup.,Receita Quartos,Preço Médio,Saídas,Quartos FdS,Adul. / Cri.,fevereiro,Previsão,10-fev-2026 ter,2,0,2,0,0,2,0,"1,48","153,19","76,59",1,0,4,134,80,51,0,0,133,1,"3,54","14 794,48","110,41",55,0,306,Total fev,134,80,51,0,0,133,1,"3,54","14 794,48","110,41",55,0,306,Total,42077,4770,14989,0,61,35613,6464,"42,70","5 795 514,62","137,74",15124,129,76825
Data,Ocup,Opção,Cheg,Oferta/Uso Interno,Deduz. Individ.,Deduz. Grupos,% Ocup.,Receita Quartos,Preço Médio,Saídas,Quartos FdS,Adul. / Cri.,fevereiro,Previsão,11-fev-2026 qua,2,0,0,0,0,2,0,"1,48","153,19","76,59",0,0,4,134,80,51,0,0,133,1,"3,54","14 794,48","110,41",55,0,306,Total fev,134,80,51,0,0,133,1,"3,54","14 794,48","110,41",55,0,306,Total,42077,4770,14989,0,61,35613,6464,"42,70","5 795 514,62","137,74",15124,129,76825
Data,Ocup,Opção,Cheg,Oferta/Uso Interno,Deduz. Individ.,Deduz. Grupos,% Ocup.,Receita Quartos,Preço Médio,Saídas,Quartos FdS,Adul. / Cri.,fevereiro,Previsão,12-fev-2026 qui,3,0,2,0,0,3,0,"2,22","324,96","108,32",1,0,5,134,80,51,0,0,133,1,"3,54","14 794,48","110,41",55,0,306,Total fev,134,80,51,0,0,133,1,"3,54","14 794,48","110,41",55,0,306,Total,42077,4770,14989,0,61,35613,6464,"42,70","5 795 514,62","137,74",15124,129,76825
Data,Ocup,Opção,Cheg,Oferta/Uso Interno,Deduz. Individ.,Deduz. Grupos,% Ocup.,Receita Quartos,Preço Médio,Saídas,Quartos FdS,Adul. / Cri.,fevereiro,Previsão,13-fev-2026 sex,4,0,3,0,0,4,0,"2,96","503,08","125,77",2,0,11,134,80,51,0,0,133,1,"3,54","14 794,48","110,41",55,0,306,Total fev,134,80,51,0,0,133,1,"3,54","14 794,48","110,41",55,0,306,Total,42077,4770,14989,0,61,35613,6464,"42,70","5 795 514,62","137,74",15124,129,76825
Data,Ocup,Opção,Cheg,Oferta/Uso Interno,Deduz. Individ.,Deduz. Grupos,% Ocup.,Receita Quartos,Preço Médio,Saídas,Quartos FdS,Adul. / Cri.,fevereiro,Previsão,14-fev-2026 sáb,5,0,2,0,0,5,0,"3,70","555,09","111,02",1,0,13,134,80,51,0,0,133,1,"3,54","14 794,48","110,41",55,0,306,Total fev,134,80,51,0,0,133,1,"3,54","14 794,48","110,41",55,0,306,Total,42077,4770,14989,0,61,35613,6464,"42,70","5 795 514,62","137,74",15124,129,76825
Data,Ocup,Opção,Cheg,Oferta/Uso Interno,Deduz. Individ.,Deduz. Grupos,% Ocup.,Receita Quartos,Preço Médio,Saídas,Quartos FdS,Adul. / Cri.,fevereiro,Previsão,15-fev-2026 dom,6,0,2,0,0,6,0,"4,44","766,76","127,79",1,0,16,134,80,51,0,0,133,1,"3,54","14 794,48","110,41",55,0,306,Total fev,134,80,51,0,0,133,1,"3,54","14 794,48","110,41",55,0,306,Total,42077,4770,14989,0,61,35613,6464,"42,70","5 795 514,62","137,74",15124,129,76825
Data,Ocup,Opção,Cheg,Oferta/Uso Interno,Deduz. Individ.,Deduz. Grupos,% Ocup.,Receita Quartos,Preço Médio,Saídas,Quartos FdS,Adul. / Cri.,fevereiro,Previsão,16-fev-2026 seg,7,0,2,0,0,7,0,"5,19","927,12","132,45",1,0,20,134,80,51,0,0,133,1,"3,54","14 794,48","110,41",55,0,306,Total fev,134,80,51,0,0,133,1,"3,54","14 794,48","110,41",55,0,306,Total,42077,4770,14989,0,61,35613,6464,"42,70","5 795 514,62","137,74",15124,129,76825
Data,Ocup,Opção,Cheg,Oferta/Uso Interno,Deduz. Individ.,Deduz. Grupos,% Ocup.,Receita Quartos,Preço Médio,Saídas,Quartos FdS,Adul. / Cri.,fevereiro,Previsão,17-fev-2026 ter,5,0,1,0,0,5,0,"3,70","611,56","122,31",3,0,15,134,80,51,0,0,133,1,"3,54","14 794,48","110,41",55,0,306,Total fev,134,80,51,0,0,133,1,"3,54","14 794,48","110,41",55,0,306,Total,42077,4770,14989,0,61,35613,6464,"42,70","5 795 514,62","137,74",15124,129,76825
Data,Ocup,Opção,Cheg,Oferta/Uso Interno,Deduz. Individ.,Deduz. Grupos,% Ocup.,Receita Quartos,Preço Médio,Saídas,Quartos FdS,Adul. / Cri.,fevereiro,Previsão,18-fev-2026 qua,5,0,2,0,0,5,0,"3,70","749,75","149,95",2,0,16,134,80,51,0,0,133,1,"3,54","14 794,48","110,41",55,0,306,Total fev,134,80,51,0,0,133,1,"3,54","14 794,48","110,41",55,0,306,Total,42077,4770,14989,0,61,35613,6464,"42,70","5 795 514,62","137,74",15124,129,76825
Data,Ocup,Opção,Cheg,Oferta/Uso Interno,Deduz. Individ.,Deduz. Grupos,% Ocup.,Receita Quartos,Preço Médio,Saídas,Quartos FdS,Adul. / Cri.,fevereiro,Previsão,19-fev-2026 qui,6,0,1,0,0,6,0,"4,44","852,37","142,06",0,0,18,134,80,51,0,0,133,1,"3,54","14 794,48","110,41",55,0,306,Total fev,134,80,51,0,0,133,1,"3,54","14 794,48","110,41",55,0,306,Total,42077,4770,14989,0,61,35613,6464,"42,70","5 795 514,62","137,74",15124,129,76825
Data,Ocup,Opção,Cheg,Oferta/Uso Interno,Deduz. Individ.,Deduz. Grupos,% Ocup.,Receita Quartos,Preço Médio,Saídas,Quartos FdS,Adul. / Cri.,fevereiro,Previsão,20-fev-2026 sex,8,0,3,0,0,8,0,"5,93","1 049,52","131,19",1,0,20,134,80,51,0,0,133,1,"3,54","14 794,48","110,41",55,0,306,Total fev,134,80,51,0,0,133,1,"3,54","14 794,48","110,41",55,0,306,Total,42077,4770,14989,0,61,35613,6464,"42,70","5 795 514,62","137,74",15124,129,76825
Data,Ocup,Opção,Cheg,Oferta/Uso Interno,Deduz. Individ.,Deduz. Grupos,% Ocup.,Receita Quartos,Preço Médio,Saídas,Quartos FdS,Adul. / Cri.,fevereiro,Previsão,21-fev-2026 sáb,10,0,3,0,0,10,0,"7,41","1 286,80","128,68",1,0,24,134,80,51,0,0,133,1,"3,54","14 794,48","110,41",55,0,306,Total fev,134,80,51,0,0,133,1,"3,54","14 794,48","110,41",55,0,306,Total,42077,4770,14989,0,61,35613,6464,"42,70","5 795 514,62","137,74",15124,129,76825
Data,Ocup,Opção,Cheg,Oferta/Uso Interno,Deduz. Individ.,Deduz. Grupos,% Ocup.,Receita Quartos,Preço Médio,Saídas,Quartos FdS,Adul. / Cri.,fevereiro,Previsão,22-fev-2026 dom,7,0,2,0,0,7,0,"5,19","871,05","124,44",5,0,17,134,80,51,0,0,133,1,"3,54","14 794,48","110,41",55,0,306,Total fev,134,80,51,0,0,133,1,"3,54","14 794,48","110,41",55,0,306,Total,42077,4770,14989,0,61,35613,6464,"42,70","5 795 514,62","137,74",15124,129,76825
Data,Ocup,Opção,Cheg,Oferta/Uso Interno,Deduz. Individ.,Deduz. Grupos,% Ocup.,Receita Quartos,Preço Médio,Saídas,Quartos FdS,Adul. / Cri.,fevereiro,Previsão,23-fev-2026 seg,6,9,5,0,0,6,0,"4,44","583,48","97,25",6,0,11,134,80,51,0,0,133,1,"3,54","14 794,48","110,41",55,0,306,Total fev,134,80,51,0,0,133,1,"3,54","14 794,48","110,41",55,0,306,Total,42077,4770,14989,0,61,35613,6464,"42,70","5 795 514,62","137,74",15124,129,76825
Data,Ocup,Opção,Cheg,Oferta/Uso Interno,Deduz. Individ.,Deduz. Grupos,% Ocup.,Receita Quartos,Preço Médio,Saídas,Quartos FdS,Adul. / Cri.,fevereiro,Previsão,24-fev-2026 ter,9,9,3,0,0,9,0,"6,67","828,69","92,08",0,0,16,134,80,51,0,0,133,1,"3,54","14 794,48","110,41",55,0,306,Total fev,134,80,51,0,0,133,1,"3,54","14 794,48","110,41",55,0,306,Total,42077,4770,14989,0,61,35613,6464,"42,70","5 795 514,62","137,74",15124,129,76825
Data,Ocup,Opção,Cheg,Oferta/Uso Interno,Deduz. Individ.,Deduz. Grupos,% Ocup.,Receita Quartos,Preço Médio,Saídas,Quartos FdS,Adul. / Cri.,fevereiro,Previsão,25-fev-2026 qua,6,9,0,0,0,6,0,"4,44","557,74","92,96",3,0,10,134,80,51,0,0,133,1,"3,54","14 794,48","110,41",55,0,306,Total fev,134,80,51,0,0,133,1,"3,54","14 794,48","110,41",55,0,306,Total,42077,4770,14989,0,61,35613,6464,"42,70","5 795 514,62","137,74",15124,129,76825
Data,Ocup,Opção,Cheg,Oferta/Uso Interno,Deduz. Individ.,Deduz. Grupos,% Ocup.,Receita Quartos,Preço Médio,Saídas,Quartos FdS,Adul. / Cri.,fevereiro,Previsão,26-fev-2026 qui,4,0,1,0,0,4,0,"2,96","372,90","93,22",3,0,7,134,80,51,0,0,133,1,"3,54","14 794,48","110,41",55,0,306,Total fev,134,80,51,0,0,133,1,"3,54","14 794,48","110,41",55,0,306,Total,42077,4770,14989,0,61,35613,6464,"42,70","5 795 514,62","137,74",15124,129,76825
Data,Ocup,Opção,Cheg,Oferta/Uso Interno,Deduz. Individ.,Deduz. Grupos,% Ocup.,Receita Quartos,Preço Médio,Saídas,Quartos FdS,Adul. / Cri.,fevereiro,Previsão,27-fev-2026 sex,3,0,2,0,0,3,0,"2,22","338,74","112,91",3,0,6,134,80,51,0,0,133,1,"3,54","14 794,48","110,41",55,0,306,Total fev,134,80,51,0,0,133,1,"3,54","14 794,48","110,41",55,0,306,Total,42077,4770,14989,0,61,35613,6464,"42,70","5 795 514,62","137,74",15124,129,76825
Data,Ocup,Opção,Cheg,Oferta/Uso Interno,Deduz. Individ.,Deduz. Grupos,% Ocup.,Receita Quartos,Preço Médio,Saídas,Quartos FdS,Adul. / Cri.,fevereiro,Previsão,28-fev-2026 sáb,2,3,1,0,0,1,1,"1,48","229,59","114,80",2,0,3,134,80,51,0,0,133,1,"3,54","14 794,48","110,41",55,0,306,Total fev,134,80,51,0,0,133,1,"3,54","14 794,48","110,41",55,0,306,Total,42077,4770,14989,0,61,35613,6464,"42,70","5 795 514,62","137,74",15124,129,76825
Data,Ocup,Opção,Cheg,Oferta/Uso Interno,Deduz. Individ.,Deduz. Grupos,% Ocup.,Receita Quartos,Preço Médio,Saídas,Quartos FdS,Adul. / Cri.,março,Previsão,01-mar-2026 dom,2,13,1,0,0,2,0,"1,48","267,73","133,86",1,0,4,370,388,118,0,0,138,232,"8,84","49 417,07","133,56",118,0,708,Total mar,370,388,118,0,0,138,232,"8,84","49 417,07","133,56",118,0,708,Total,42077,4770,14989,0,61,35613,6464,"42,70","5 795 514,62","137,74",15124,129,76825
Data,Ocup,Opção,Cheg,Oferta/Uso Interno,Deduz. Individ.,Deduz. Grupos,% Ocup.,Receita Quartos,Preço Médio,Saídas,Quartos FdS,Adul. / Cri.,março,Previsão,02-mar-2026 seg,3,13,2,0,0,3,0,"2,22","318,49","106,16",1,0,5,370,388,118,0,0,138,232,"8,84","49 417,07","133,56",118,0,708,Total mar,370,388,118,0,0,138,232,"8,84","49 417,07","133,56",118,0,708,Total,42077,4770,14989,0,61,35613,6464,"42,70","5 795 514,62","137,74",15124,129,76825
Data,Ocup,Opção,Cheg,Oferta/Uso Interno,Deduz. Individ.,Deduz. Grupos,% Ocup.,Receita Quartos,Preço Médio,Saídas,Quartos FdS,Adul. / Cri.,março,Previsão,03-mar-2026 ter,4,0,1,0,0,4,0,"2,96","450,94","112,74",0,0,7,370,388,118,0,0,138,232,"8,84","49 417,07","133,56",118,0,708,Total mar,370,388,118,0,0,138,232,"8,84","49 417,07","133,56",118,0,708,Total,42077,4770,14989,0,61,35613,6464,"42,70","5 795 514,62","137,74",15124,129,76825
Data,Ocup,Opção,Cheg,Oferta/Uso Interno,Deduz. Individ.,Deduz. Grupos,% Ocup.,Receita Quartos,Preço Médio,Saídas,Quartos FdS,Adul. / Cri.,março,Previsão,04-mar-2026 qua,3,0,0,0,0,3,0,"2,22","318,49","106,16",1,0,5,370,388,118,0,0,138,232,"8,84","49 417,07","133,56",118,0,708,Total mar,370,388,118,0,0,138,232,"8,84","49 417,07","133,56",118,0,708,Total,42077,4770,14989,0,61,35613,6464,"42,70","5 795 514,62","137,74",15124,129,76825
Data,Ocup,Opção,Cheg,Oferta/Uso Interno,Deduz. Individ.,Deduz. Grupos,% Ocup.,Receita Quartos,Preço Médio,Saídas,Quartos FdS,Adul. / Cri.,março,Previsão,05-mar-2026 qui,4,0,2,0,0,4,0,"2,96","456,10","114,03",1,0,8,370,388,118,0,0,138,232,"8,84","49 417,07","133,56",118,0,708,Total mar,370,388,118,0,0,138,232,"8,84","49 417,07","133,56",118,0,708,Total,42077,4770,14989,0,61,35613,6464,"42,70","5 795 514,62","137,74",15124,129,76825
Data,Ocup,Opção,Cheg,Oferta/Uso Interno,Deduz. Individ.,Deduz. Grupos,% Ocup.,Receita Quartos,Preço Médio,Saídas,Quartos FdS,Adul. / Cri.,março,Previsão,06-mar-2026 sex,6,6,4,0,0,6,0,"4,44","754,33","125,72",2,0,12,370,388,118,0,0,138,232,"8,84","49 417,07","133,56",118,0,708,Total mar,370,388,118,0,0,138,232,"8,84","49 417,07","133,56",118,0,708,Total,42077,4770,14989,0,61,35613,6464,"42,70","5 795 514,62","137,74",15124,129,76825
Data,Ocup,Opção,Cheg,Oferta/Uso Interno,Deduz. Individ.,Deduz. Grupos,% Ocup.,Receita Quartos,Preço Médio,Saídas,Quartos FdS,Adul. / Cri.,março,Previsão,07-mar-2026 sáb,7,6,1,0,0,7,0,"5,19","888,82","126,97",0,0,14,370,388,118,0,0,138,232,"8,84","49 417,07","133,56",118,0,708,Total mar,370,388,118,0,0,138,232,"8,84","49 417,07","133,56",118,0,708,Total,42077,4770,14989,0,61,35613,6464,"42,70","5 795 514,62","137,74",15124,129,76825
Data,Ocup,Opção,Cheg,Oferta/Uso Interno,Deduz. Individ.,Deduz. Grupos,% Ocup.,Receita Quartos,Preço Médio,Saídas,Quartos FdS,Adul. / Cri.,março,Previsão,08-mar-2026 dom,7,0,2,0,0,7,0,"5,19","784,31","112,04",2,0,14,370,388,118,0,0,138,232,"8,84","49 417,07","133,56",118,0,708,Total mar,370,388,118,0,0,138,232,"8,84","49 417,07","133,56",118,0,708,Total,42077,4770,14989,0,61,35613,6464,"42,70","5 795 514,62","137,74",15124,129,76825
Data,Ocup,Opção,Cheg,Oferta/Uso Interno,Deduz. Individ.,Deduz. Grupos,% Ocup.,Receita Quartos,Preço Médio,Saídas,Quartos FdS,Adul. / Cri.,março,Previsão,09-mar-2026 seg,6,16,1,0,0,6,0,"4,44","633,27","105,55",2,0,12,370,388,118,0,0,138,232,"8,84","49 417,07","133,56",118,0,708,Total mar,370,388,118,0,0,138,232,"8,84","49 417,07","133,56",118,0,708,Total,42077,4770,14989,0,61,35613,6464,"42,70","5 795 514,62","137,74",15124,129,76825
Data,Ocup,Opção,Cheg,Oferta/Uso Interno,Deduz. Individ.,Deduz. Grupos,% Ocup.,Receita Quartos,Preço Médio,Saídas,Quartos FdS,Adul. / Cri.,março,Previsão,10-mar-2026 ter,4,15,1,0,0,3,1,"2,96","447,32","111,83",3,0,7,370,388,118,0,0,138,232,"8,84","49 417,07","133,56",118,0,708,Total mar,370,388,118,0,0,138,232,"8,84","49 417,07","133,56",118,0,708,Total,42077,4770,14989,0,61,35613,6464,"42,70","5 795 514,62","137,74",15124,129,76825
Data,Ocup,Opção,Cheg,Oferta/Uso Interno,Deduz. Individ.,Deduz. Grupos,% Ocup.,Receita Quartos,Preço Médio,Saídas,Quartos FdS,Adul. / Cri.,março,Previsão,11-mar-2026 qua,19,15,17,0,0,2,17,"14,07","2 231,14","117,43",2,0,37,370,388,118,0,0,138,232,"8,84","49 417,07","133,56",118,0,708,Total mar,370,388,118,0,0,138,232,"8,84","49 417,07","133,56",118,0,708,Total,42077,4770,14989,0,61,35613,6464,"42,70","5 795 514,62","137,74",15124,129,76825
Data,Ocup,Opção,Cheg,Oferta/Uso Interno,Deduz. Individ.,Deduz. Grupos,% Ocup.,Receita Quartos,Preço Médio,Saídas,Quartos FdS,Adul. / Cri.,março,Previsão,12-mar-2026 qui,21,15,2,0,0,4,17,"15,56","2 528,33","120,40",0,0,42,370,388,118,0,0,138,232,"8,84","49 417,07","133,56",118,0,708,Total mar,370,388,118,0,0,138,232,"8,84","49 417,07","133,56",118,0,708,Total,42077,4770,14989,0,61,35613,6464,"42,70","5 795 514,62","137,74",15124,129,76825
Data,Ocup,Opção,Cheg,Oferta/Uso Interno,Deduz. Individ.,Deduz. Grupos,% Ocup.,Receita Quartos,Preço Médio,Saídas,Quartos FdS,Adul. / Cri.,março,Previsão,13-mar-2026 sex,23,15,2,0,0,6,17,"17,04","2 837,63","123,38",0,0,46,370,388,118,0,0,138,232,"8,84","49 417,07","133,56",118,0,708,Total mar,370,388,118,0,0,138,232,"8,84","49 417,07","133,56",118,0,708,Total,42077,4770,14989,0,61,35613,6464,"42,70","5 795 514,62","137,74",15124,129,76825
Data,Ocup,Opção,Cheg,Oferta/Uso Interno,Deduz. Individ.,Deduz. Grupos,% Ocup.,Receita Quartos,Preço Médio,Saídas,Quartos FdS,Adul. / Cri.,março,Previsão,14-mar-2026 sáb,8,22,2,0,0,8,0,"5,93","1 095,31","136,91",17,0,17,370,388,118,0,0,138,232,"8,84","49 417,07","133,56",118,0,708,Total mar,370,388,118,0,0,138,232,"8,84","49 417,07","133,56",118,0,708,Total,42077,4770,14989,0,61,35613,6464,"42,70","5 795 514,62","137,74",15124,129,76825
Data,Ocup,Opção,Cheg,Oferta/Uso Interno,Deduz. Individ.,Deduz. Grupos,% Ocup.,Receita Quartos,Preço Médio,Saídas,Quartos FdS,Adul. / Cri.,março,Previsão,15-mar-2026 dom,4,31,1,0,0,4,0,"2,96","439,52","109,88",5,0,8,370,388,118,0,0,138,232,"8,84","49 417,07","133,56",118,0,708,Total mar,370,388,118,0,0,138,232,"8,84","49 417,07","133,56",118,0,708,Total,42077,4770,14989,0,61,35613,6464,"42,70","5 795 514,62","137,74",15124,129,76825
Data,Ocup,Opção,Cheg,Oferta/Uso Interno,Deduz. Individ.,Deduz. Grupos,% Ocup.,Receita Quartos,Preço Médio,Saídas,Quartos FdS,Adul. / Cri.,março,Previsão,16-mar-2026 seg,26,31,23,0,0,7,19,"19,26","5 324,56","204,79",1,0,46,370,388,118,0,0,138,232,"8,84","49 417,07","133,56",118,0,708,Total mar,370,388,118,0,0,138,232,"8,84","49 417,07","133,56",118,0,708,Total,42077,4770,14989,0,61,35613,6464,"42,70","5 795 514,62","137,74",15124,129,76825
Data,Ocup,Opção,Cheg,Oferta/Uso Interno,Deduz. Individ.,Deduz. Grupos,% Ocup.,Receita Quartos,Preço Médio,Saídas,Quartos FdS,Adul. / Cri.,março,Previsão,17-mar-2026 ter,29,0,4,0,0,9,20,"21,48","4 363,36","150,46",1,0,51,370,388,118,0,0,138,232,"8,84","49 417,07","133,56",118,0,708,Total mar,370,388,118,0,0,138,232,"8,84","49 417,07","133,56",118,0,708,Total,42077,4770,14989,0,61,35613,6464,"42,70","5 795 514,62","137,74",15124,129,76825
Data,Ocup,Opção,Cheg,Oferta/Uso Interno,Deduz. Individ.,Deduz. Grupos,% Ocup.,Receita Quartos,Preço Médio,Saídas,Quartos FdS,Adul. / Cri.,março,Previsão,18-mar-2026 qua,41,0,18,0,0,5,36,"30,37","5 731,78","139,80",6,0,75,370,388,118,0,0,138,232,"8,84","49 417,07","133,56",118,0,708,Total mar,370,388,118,0,0,138,232,"8,84","49 417,07","133,56",118,0,708,Total,42077,4770,14989,0,61,35613,6464,"42,70","5 795 514,62","137,74",15124,129,76825
Data,Ocup,Opção,Cheg,Oferta/Uso Interno,Deduz. Individ.,Deduz. Grupos,% Ocup.,Receita Quartos,Preço Médio,Saídas,Quartos FdS,Adul. / Cri.,março,Previsão,19-mar-2026 qui,45,0,5,0,0,9,36,"33,33","6 393,72","142,08",1,0,85,370,388,118,0,0,138,232,"8,84","49 417,07","133,56",118,0,708,Total mar,370,388,118,0,0,138,232,"8,84","49 417,07","133,56",118,0,708,Total,42077,4770,14989,0,61,35613,6464,"42,70","5 795 514,62","137,74",15124,129,76825
Data,Ocup,Opção,Cheg,Oferta/Uso Interno,Deduz. Individ.,Deduz. Grupos,% Ocup.,Receita Quartos,Preço Médio,Saídas,Quartos FdS,Adul. / Cri.,março,Previsão,20-mar-2026 sex,26,0,0,0,0,9,17,"19,26","3 245,65","124,83",19,0,53,370,388,118,0,0,138,232,"8,84","49 417,07","133,56",118,0,708,Total mar,370,388,118,0,0,138,232,"8,84","49 417,07","133,56",118,0,708,Total,42077,4770,14989,0,61,35613,6464,"42,70","5 795 514,62","137,74",15124,129,76825
Data,Ocup,Opção,Cheg,Oferta/Uso Interno,Deduz. Individ.,Deduz. Grupos,% Ocup.,Receita Quartos,Preço Médio,Saídas,Quartos FdS,Adul. / Cri.,março,Previsão,21-mar-2026 sáb,4,4,1,0,0,4,0,"2,96","506,33","126,58",23,0,8,370,388,118,0,0,138,232,"8,84","49 417,07","133,56",118,0,708,Total mar,370,388,118,0,0,138,232,"8,84","49 417,07","133,56",118,0,708,Total,42077,4770,14989,0,61,35613,6464,"42,70","5 795 514,62","137,74",15124,129,76825
Data,Ocup,Opção,Cheg,Oferta/Uso Interno,Deduz. Individ.,Deduz. Grupos,% Ocup.,Receita Quartos,Preço Médio,Saídas,Quartos FdS,Adul. / Cri.,março,Previsão,22-mar-2026 dom,2,13,0,0,0,2,0,"1,48","234,23","117,11",2,0,4,370,388,118,0,0,138,232,"8,84","49 417,07","133,56",118,0,708,Total mar,370,388,118,0,0,138,232,"8,84","49 417,07","133,56",118,0,708,Total,42077,4770,14989,0,61,35613,6464,"42,70","5 795 514,62","137,74",15124,129,76825
Data,Ocup,Opção,Cheg,Oferta/Uso Interno,Deduz. Individ.,Deduz. Grupos,% Ocup.,Receita Quartos,Preço Médio,Saídas,Quartos FdS,Adul. / Cri.,março,Previsão,23-mar-2026 seg,1,13,1,0,0,1,0,"0,74","96,98","96,98",2,0,2,370,388,118,0,0,138,232,"8,84","49 417,07","133,56",118,0,708,Total mar,370,388,118,0,0,138,232,"8,84","49 417,07","133,56",118,0,708,Total,42077,4770,14989,0,61,35613,6464,"42,70","5 795 514,62","137,74",15124,129,76825
Data,Ocup,Opção,Cheg,Oferta/Uso Interno,Deduz. Individ.,Deduz. Grupos,% Ocup.,Receita Quartos,Preço Médio,Saídas,Quartos FdS,Adul. / Cri.,março,Previsão,24-mar-2026 ter,6,15,5,0,0,5,1,"4,44","747,29","124,55",0,0,9,370,388,118,0,0,138,232,"8,84","49 417,07","133,56",118,0,708,Total mar,370,388,118,0,0,138,232,"8,84","49 417,07","133,56",118,0,708,Total,42077,4770,14989,0,61,35613,6464,"42,70","5 795 514,62","137,74",15124,129,76825
Data,Ocup,Opção,Cheg,Oferta/Uso Interno,Deduz. Individ.,Deduz. Grupos,% Ocup.,Receita Quartos,Preço Médio,Saídas,Quartos FdS,Adul. / Cri.,março,Previsão,25-mar-2026 qua,19,15,18,0,0,2,17,"14,07","2 315,33","121,86",5,0,38,370,388,118,0,0,138,232,"8,84","49 417,07","133,56",118,0,708,Total mar,370,388,118,0,0,138,232,"8,84","49 417,07","133,56",118,0,708,Total,42077,4770,14989,0,61,35613,6464,"42,70","5 795 514,62","137,74",15124,129,76825
Data,Ocup,Opção,Cheg,Oferta/Uso Interno,Deduz. Individ.,Deduz. Grupos,% Ocup.,Receita Quartos,Preço Médio,Saídas,Quartos FdS,Adul. / Cri.,março,Previsão,26-mar-2026 qui,19,15,0,0,0,2,17,"14,07","2 315,33","121,86",0,0,38,370,388,118,0,0,138,232,"8,84","49 417,07","133,56",118,0,708,Total mar,370,388,118,0,0,138,232,"8,84","49 417,07","133,56",118,0,708,Total,42077,4770,14989,0,61,35613,6464,"42,70","5 795 514,62","137,74",15124,129,76825
Data,Ocup,Opção,Cheg,Oferta/Uso Interno,Deduz. Individ.,Deduz. Grupos,% Ocup.,Receita Quartos,Preço Médio,Saídas,Quartos FdS,Adul. / Cri.,março,Previsão,27-mar-2026 sex,19,40,2,0,0,2,17,"14,07","2 307,10","121,43",2,0,37,370,388,118,0,0,138,232,"8,84","49 417,07","133,56",118,0,708,Total mar,370,388,118,0,0,138,232,"8,84","49 417,07","133,56",118,0,708,Total,42077,4770,14989,0,61,35613,6464,"42,70","5 795 514,62","137,74",15124,129,76825
Data,Ocup,Opção,Cheg,Oferta/Uso Interno,Deduz. Individ.,Deduz. Grupos,% Ocup.,Receita Quartos,Preço Médio,Saídas,Quartos FdS,Adul. / Cri.,março,Previsão,28-mar-2026 sáb,4,25,2,0,0,4,0,"2,96","483,07","120,77",17,0,8,370,388,118,0,0,138,232,"8,84","49 417,07","133,56",118,0,708,Total mar,370,388,118,0,0,138,232,"8,84","49 417,07","133,56",118,0,708,Total,42077,4770,14989,0,61,35613,6464,"42,70","5 795 514,62","137,74",15124,129,76825
Data,Ocup,Opção,Cheg,Oferta/Uso Interno,Deduz. Individ.,Deduz. Grupos,% Ocup.,Receita Quartos,Preço Médio,Saídas,Quartos FdS,Adul. / Cri.,março,Previsão,29-mar-2026 dom,3,25,0,0,0,3,0,"2,22","337,98","112,66",1,0,6,370,388,118,0,0,138,232,"8,84","49 417,07","133,56",118,0,708,Total mar,370,388,118,0,0,138,232,"8,84","49 417,07","133,56",118,0,708,Total,42077,4770,14989,0,61,35613,6464,"42,70","5 795 514,62","137,74",15124,129,76825
Data,Ocup,Opção,Cheg,Oferta/Uso Interno,Deduz. Individ.,Deduz. Grupos,% Ocup.,Receita Quartos,Preço Médio,Saídas,Quartos FdS,Adul. / Cri.,março,Previsão,30-mar-2026 seg,3,25,0,0,0,3,0,"2,22","337,98","112,66",0,0,6,370,388,118,0,0,138,232,"8,84","49 417,07","133,56",118,0,708,Total mar,370,388,118,0,0,138,232,"8,84","49 417,07","133,56",118,0,708,Total,42077,4770,14989,0,61,35613,6464,"42,70","5 795 514,62","137,74",15124,129,76825
Data,Ocup,Opção,Cheg,Oferta/Uso Interno,Deduz. Individ.,Deduz. Grupos,% Ocup.,Receita Quartos,Preço Médio,Saídas,Quartos FdS,Adul. / Cri.,março,Previsão,31-mar-2026 ter,2,0,0,0,0,2,0,"1,48","224,64","112,32",1,0,4,370,388,118,0,0,138,232,"8,84","49 417,07","133,56",118,0,708,Total mar,370,388,118,0,0,138,232,"8,84","49 417,07","133,56",118,0,708,Total,42077,4770,14989,0,61,35613,6464,"42,70","5 795 514,62","137,74",15124,129,76825
Data,Ocup,Opção,Cheg,Oferta/Uso Interno,Deduz. Individ.,Deduz. Grupos,% Ocup.,Receita Quartos,Preço Médio,Saídas,Quartos FdS,Adul. / Cri.,abril,Previsão,01-abr-2026 qua,11,13,11,0,0,2,9,"8,15","1 601,34","145,58",2,0,22,341,688,124,0,0,87,254,"8,42","53 187,72","155,98",105,0,660,Total abr,341,688,124,0,0,87,254,"8,42","53 187,72","155,98",105,0,660,Total,42077,4770,14989,0,61,35613,6464,"42,70","5 795 514,62","137,74",15124,129,76825
Data,Ocup,Opção,Cheg,Oferta/Uso Interno,Deduz. Individ.,Deduz. Grupos,% Ocup.,Receita Quartos,Preço Médio,Saídas,Quartos FdS,Adul. / Cri.,abril,Previsão,02-abr-2026 qui,11,13,0,0,0,2,9,"8,15","1 601,34","145,58",0,0,22,341,688,124,0,0,87,254,"8,42","53 187,72","155,98",105,0,660,Total abr,341,688,124,0,0,87,254,"8,42","53 187,72","155,98",105,0,660,Total,42077,4770,14989,0,61,35613,6464,"42,70","5 795 514,62","137,74",15124,129,76825
Data,Ocup,Opção,Cheg,Oferta/Uso Interno,Deduz. Individ.,Deduz. Grupos,% Ocup.,Receita Quartos,Preço Médio,Saídas,Quartos FdS,Adul. / Cri.,abril,Previsão,03-abr-2026 sex,9,13,0,0,0,0,9,"6,67","1 285,30","142,81",2,0,18,341,688,124,0,0,87,254,"8,42","53 187,72","155,98",105,0,660,Total abr,341,688,124,0,0,87,254,"8,42","53 187,72","155,98",105,0,660,Total,42077,4770,14989,0,61,35613,6464,"42,70","5 795 514,62","137,74",15124,129,76825
Data,Ocup,Opção,Cheg,Oferta/Uso Interno,Deduz. Individ.,Deduz. Grupos,% Ocup.,Receita Quartos,Preço Médio,Saídas,Quartos FdS,Adul. / Cri.,abril,Previsão,04-abr-2026 sáb,0,0,0,0,0,0,0,-,-,NaN,9,0,0,341,688,124,0,0,87,254,"8,42","53 187,72","155,98",105,0,660,Total abr,341,688,124,0,0,87,254,"8,42","53 187,72","155,98",105,0,660,Total,42077,4770,14989,0,61,35613,6464,"42,70","5 795 514,62","137,74",15124,129,76825
Data,Ocup,Opção,Cheg,Oferta/Uso Interno,Deduz. Individ.,Deduz. Grupos,% Ocup.,Receita Quartos,Preço Médio,Saídas,Quartos FdS,Adul. / Cri.,abril,Previsão,05-abr-2026 dom,0,22,0,0,0,0,0,-,-,NaN,0,0,0,341,688,124,0,0,87,254,"8,42","53 187,72","155,98",105,0,660,Total abr,341,688,124,0,0,87,254,"8,42","53 187,72","155,98",105,0,660,Total,42077,4770,14989,0,61,35613,6464,"42,70","5 795 514,62","137,74",15124,129,76825
Data,Ocup,Opção,Cheg,Oferta/Uso Interno,Deduz. Individ.,Deduz. Grupos,% Ocup.,Receita Quartos,Preço Médio,Saídas,Quartos FdS,Adul. / Cri.,abril,Previsão,06-abr-2026 seg,2,22,2,0,0,2,0,"1,48","289,04","144,52",0,0,2,341,688,124,0,0,87,254,"8,42","53 187,72","155,98",105,0,660,Total abr,341,688,124,0,0,87,254,"8,42","53 187,72","155,98",105,0,660,Total,42077,4770,14989,0,61,35613,6464,"42,70","5 795 514,62","137,74",15124,129,76825
Data,Ocup,Opção,Cheg,Oferta/Uso Interno,Deduz. Individ.,Deduz. Grupos,% Ocup.,Receita Quartos,Preço Médio,Saídas,Quartos FdS,Adul. / Cri.,abril,Previsão,07-abr-2026 ter,2,22,2,0,0,1,1,"1,48","261,14","130,57",2,0,3,341,688,124,0,0,87,254,"8,42","53 187,72","155,98",105,0,660,Total abr,341,688,124,0,0,87,254,"8,42","53 187,72","155,98",105,0,660,Total,42077,4770,14989,0,61,35613,6464,"42,70","5 795 514,62","137,74",15124,129,76825
Data,Ocup,Opção,Cheg,Oferta/Uso Interno,Deduz. Individ.,Deduz. Grupos,% Ocup.,Receita Quartos,Preço Médio,Saídas,Quartos FdS,Adul. / Cri.,abril,Previsão,08-abr-2026 qua,17,0,16,0,0,0,17,"12,59","2 494,59","146,74",1,0,33,341,688,124,0,0,87,254,"8,42","53 187,72","155,98",105,0,660,Total abr,341,688,124,0,0,87,254,"8,42","53 187,72","155,98",105,0,660,Total,42077,4770,14989,0,61,35613,6464,"42,70","5 795 514,62","137,74",15124,129,76825
Data,Ocup,Opção,Cheg,Oferta/Uso Interno,Deduz. Individ.,Deduz. Grupos,% Ocup.,Receita Quartos,Preço Médio,Saídas,Quartos FdS,Adul. / Cri.,abril,Previsão,09-abr-2026 qui,18,15,1,0,0,1,17,"13,33","2 616,24","145,35",0,0,35,341,688,124,0,0,87,254,"8,42","53 187,72","155,98",105,0,660,Total abr,341,688,124,0,0,87,254,"8,42","53 187,72","155,98",105,0,660,Total,42077,4770,14989,0,61,35613,6464,"42,70","5 795 514,62","137,74",15124,129,76825
Data,Ocup,Opção,Cheg,Oferta/Uso Interno,Deduz. Individ.,Deduz. Grupos,% Ocup.,Receita Quartos,Preço Médio,Saídas,Quartos FdS,Adul. / Cri.,abril,Previsão,10-abr-2026 sex,18,37,0,0,0,1,17,"13,33","2 628,45","146,03",0,0,35,341,688,124,0,0,87,254,"8,42","53 187,72","155,98",105,0,660,Total abr,341,688,124,0,0,87,254,"8,42","53 187,72","155,98",105,0,660,Total,42077,4770,14989,0,61,35613,6464,"42,70","5 795 514,62","137,74",15124,129,76825
Data,Ocup,Opção,Cheg,Oferta/Uso Interno,Deduz. Individ.,Deduz. Grupos,% Ocup.,Receita Quartos,Preço Médio,Saídas,Quartos FdS,Adul. / Cri.,abril,Previsão,11-abr-2026 sáb,1,41,1,0,0,1,0,"0,74","147,53","147,53",18,0,2,341,688,124,0,0,87,254,"8,42","53 187,72","155,98",105,0,660,Total abr,341,688,124,0,0,87,254,"8,42","53 187,72","155,98",105,0,660,Total,42077,4770,14989,0,61,35613,6464,"42,70","5 795 514,62","137,74",15124,129,76825
Data,Ocup,Opção,Cheg,Oferta/Uso Interno,Deduz. Individ.,Deduz. Grupos,% Ocup.,Receita Quartos,Preço Médio,Saídas,Quartos FdS,Adul. / Cri.,abril,Previsão,12-abr-2026 dom,2,50,1,0,0,2,0,"1,48","304,49","152,25",0,0,4,341,688,124,0,0,87,254,"8,42","53 187,72","155,98",105,0,660,Total abr,341,688,124,0,0,87,254,"8,42","53 187,72","155,98",105,0,660,Total,42077,4770,14989,0,61,35613,6464,"42,70","5 795 514,62","137,74",15124,129,76825
Data,Ocup,Opção,Cheg,Oferta/Uso Interno,Deduz. Individ.,Deduz. Grupos,% Ocup.,Receita Quartos,Preço Médio,Saídas,Quartos FdS,Adul. / Cri.,abril,Previsão,13-abr-2026 seg,2,13,1,0,0,2,0,"1,48","275,81","137,91",1,0,4,341,688,124,0,0,87,254,"8,42","53 187,72","155,98",105,0,660,Total abr,341,688,124,0,0,87,254,"8,42","53 187,72","155,98",105,0,660,Total,42077,4770,14989,0,61,35613,6464,"42,70","5 795 514,62","137,74",15124,129,76825
Data,Ocup,Opção,Cheg,Oferta/Uso Interno,Deduz. Individ.,Deduz. Grupos,% Ocup.,Receita Quartos,Preço Médio,Saídas,Quartos FdS,Adul. / Cri.,abril,Previsão,14-abr-2026 ter,7,22,5,0,0,6,1,"5,19","1 034,00","147,71",0,0,12,341,688,124,0,0,87,254,"8,42","53 187,72","155,98",105,0,660,Total abr,341,688,124,0,0,87,254,"8,42","53 187,72","155,98",105,0,660,Total,42077,4770,14989,0,61,35613,6464,"42,70","5 795 514,62","137,74",15124,129,76825
Data,Ocup,Opção,Cheg,Oferta/Uso Interno,Deduz. Individ.,Deduz. Grupos,% Ocup.,Receita Quartos,Preço Médio,Saídas,Quartos FdS,Adul. / Cri.,abril,Previsão,15-abr-2026 qua,23,22,19,0,0,6,17,"17,04","3 349,37","145,62",3,0,45,341,688,124,0,0,87,254,"8,42","53 187,72","155,98",105,0,660,Total abr,341,688,124,0,0,87,254,"8,42","53 187,72","155,98",105,0,660,Total,42077,4770,14989,0,61,35613,6464,"42,70","5 795 514,62","137,74",15124,129,76825
Data,Ocup,Opção,Cheg,Oferta/Uso Interno,Deduz. Individ.,Deduz. Grupos,% Ocup.,Receita Quartos,Preço Médio,Saídas,Quartos FdS,Adul. / Cri.,abril,Previsão,16-abr-2026 qui,24,63,1,0,0,7,17,"17,78","3 512,93","146,37",0,0,47,341,688,124,0,0,87,254,"8,42","53 187,72","155,98",105,0,660,Total abr,341,688,124,0,0,87,254,"8,42","53 187,72","155,98",105,0,660,Total,42077,4770,14989,0,61,35613,6464,"42,70","5 795 514,62","137,74",15124,129,76825
Data,Ocup,Opção,Cheg,Oferta/Uso Interno,Deduz. Individ.,Deduz. Grupos,% Ocup.,Receita Quartos,Preço Médio,Saídas,Quartos FdS,Adul. / Cri.,abril,Previsão,17-abr-2026 sex,21,50,0,0,0,4,17,"15,56","3 123,08","148,72",3,0,41,341,688,124,0,0,87,254,"8,42","53 187,72","155,98",105,0,660,Total abr,341,688,124,0,0,87,254,"8,42","53 187,72","155,98",105,0,660,Total,42077,4770,14989,0,61,35613,6464,"42,70","5 795 514,62","137,74",15124,129,76825
Data,Ocup,Opção,Cheg,Oferta/Uso Interno,Deduz. Individ.,Deduz. Grupos,% Ocup.,Receita Quartos,Preço Médio,Saídas,Quartos FdS,Adul. / Cri.,abril,Previsão,18-abr-2026 sáb,5,50,2,0,0,5,0,"3,70","770,42","154,08",18,0,10,341,688,124,0,0,87,254,"8,42","53 187,72","155,98",105,0,660,Total abr,341,688,124,0,0,87,254,"8,42","53 187,72","155,98",105,0,660,Total,42077,4770,14989,0,61,35613,6464,"42,70","5 795 514,62","137,74",15124,129,76825
Data,Ocup,Opção,Cheg,Oferta/Uso Interno,Deduz. Individ.,Deduz. Grupos,% Ocup.,Receita Quartos,Preço Médio,Saídas,Quartos FdS,Adul. / Cri.,abril,Previsão,19-abr-2026 dom,6,15,2,0,0,6,0,"4,44","850,93","141,82",1,0,12,341,688,124,0,0,87,254,"8,42","53 187,72","155,98",105,0,660,Total abr,341,688,124,0,0,87,254,"8,42","53 187,72","155,98",105,0,660,Total,42077,4770,14989,0,61,35613,6464,"42,70","5 795 514,62","137,74",15124,129,76825
Data,Ocup,Opção,Cheg,Oferta/Uso Interno,Deduz. Individ.,Deduz. Grupos,% Ocup.,Receita Quartos,Preço Médio,Saídas,Quartos FdS,Adul. / Cri.,abril,Previsão,20-abr-2026 seg,7,0,2,0,0,7,0,"5,19","986,25","140,89",1,0,14,341,688,124,0,0,87,254,"8,42","53 187,72","155,98",105,0,660,Total abr,341,688,124,0,0,87,254,"8,42","53 187,72","155,98",105,0,660,Total,42077,4770,14989,0,61,35613,6464,"42,70","5 795 514,62","137,74",15124,129,76825
Data,Ocup,Opção,Cheg,Oferta/Uso Interno,Deduz. Individ.,Deduz. Grupos,% Ocup.,Receita Quartos,Preço Médio,Saídas,Quartos FdS,Adul. / Cri.,abril,Previsão,21-abr-2026 ter,7,0,2,0,0,6,1,"5,19","1 004,58","143,51",2,0,12,341,688,124,0,0,87,254,"8,42","53 187,72","155,98",105,0,660,Total abr,341,688,124,0,0,87,254,"8,42","53 187,72","155,98",105,0,660,Total,42077,4770,14989,0,61,35613,6464,"42,70","5 795 514,62","137,74",15124,129,76825
Data,Ocup,Opção,Cheg,Oferta/Uso Interno,Deduz. Individ.,Deduz. Grupos,% Ocup.,Receita Quartos,Preço Médio,Saídas,Quartos FdS,Adul. / Cri.,abril,Previsão,22-abr-2026 qua,30,0,28,0,0,1,29,"22,22","5 304,97","176,83",5,0,56,341,688,124,0,0,87,254,"8,42","53 187,72","155,98",105,0,660,Total abr,341,688,124,0,0,87,254,"8,42","53 187,72","155,98",105,0,660,Total,42077,4770,14989,0,61,35613,6464,"42,70","5 795 514,62","137,74",15124,129,76825
Data,Ocup,Opção,Cheg,Oferta/Uso Interno,Deduz. Individ.,Deduz. Grupos,% Ocup.,Receita Quartos,Preço Médio,Saídas,Quartos FdS,Adul. / Cri.,abril,Previsão,23-abr-2026 qui,31,17,2,0,0,2,29,"22,96","5 621,91","181,35",1,0,60,341,688,124,0,0,87,254,"8,42","53 187,72","155,98",105,0,660,Total abr,341,688,124,0,0,87,254,"8,42","53 187,72","155,98",105,0,660,Total,42077,4770,14989,0,61,35613,6464,"42,70","5 795 514,62","137,74",15124,129,76825
Data,Ocup,Opção,Cheg,Oferta/Uso Interno,Deduz. Individ.,Deduz. Grupos,% Ocup.,Receita Quartos,Preço Médio,Saídas,Quartos FdS,Adul. / Cri.,abril,Previsão,24-abr-2026 sex,33,17,2,0,0,4,29,"24,44","6 003,71","181,93",0,0,64,341,688,124,0,0,87,254,"8,42","53 187,72","155,98",105,0,660,Total abr,341,688,124,0,0,87,254,"8,42","53 187,72","155,98",105,0,660,Total,42077,4770,14989,0,61,35613,6464,"42,70","5 795 514,62","137,74",15124,129,76825
Data,Ocup,Opção,Cheg,Oferta/Uso Interno,Deduz. Individ.,Deduz. Grupos,% Ocup.,Receita Quartos,Preço Médio,Saídas,Quartos FdS,Adul. / Cri.,abril,Previsão,25-abr-2026 sáb,4,37,0,0,0,4,0,"2,96","822,21","205,55",29,0,10,341,688,124,0,0,87,254,"8,42","53 187,72","155,98",105,0,660,Total abr,341,688,124,0,0,87,254,"8,42","53 187,72","155,98",105,0,660,Total,42077,4770,14989,0,61,35613,6464,"42,70","5 795 514,62","137,74",15124,129,76825
Data,Ocup,Opção,Cheg,Oferta/Uso Interno,Deduz. Individ.,Deduz. Grupos,% Ocup.,Receita Quartos,Preço Médio,Saídas,Quartos FdS,Adul. / Cri.,abril,Previsão,26-abr-2026 dom,2,42,0,0,0,2,0,"1,48","303,58","151,79",2,0,4,341,688,124,0,0,87,254,"8,42","53 187,72","155,98",105,0,660,Total abr,341,688,124,0,0,87,254,"8,42","53 187,72","155,98",105,0,660,Total,42077,4770,14989,0,61,35613,6464,"42,70","5 795 514,62","137,74",15124,129,76825
Data,Ocup,Opção,Cheg,Oferta/Uso Interno,Deduz. Individ.,Deduz. Grupos,% Ocup.,Receita Quartos,Preço Médio,Saídas,Quartos FdS,Adul. / Cri.,abril,Previsão,27-abr-2026 seg,3,22,1,0,0,3,0,"2,22","431,86","143,95",0,0,6,341,688,124,0,0,87,254,"8,42","53 187,72","155,98",105,0,660,Total abr,341,688,124,0,0,87,254,"8,42","53 187,72","155,98",105,0,660,Total,42077,4770,14989,0,61,35613,6464,"42,70","5 795 514,62","137,74",15124,129,76825
Data,Ocup,Opção,Cheg,Oferta/Uso Interno,Deduz. Individ.,Deduz. Grupos,% Ocup.,Receita Quartos,Preço Médio,Saídas,Quartos FdS,Adul. / Cri.,abril,Previsão,28-abr-2026 ter,5,22,4,0,0,4,1,"3,70","714,05","142,81",2,0,9,341,688,124,0,0,87,254,"8,42","53 187,72","155,98",105,0,660,Total abr,341,688,124,0,0,87,254,"8,42","53 187,72","155,98",105,0,660,Total,42077,4770,14989,0,61,35613,6464,"42,70","5 795 514,62","137,74",15124,129,76825
Data,Ocup,Opção,Cheg,Oferta/Uso Interno,Deduz. Individ.,Deduz. Grupos,% Ocup.,Receita Quartos,Preço Médio,Saídas,Quartos FdS,Adul. / Cri.,abril,Previsão,29-abr-2026 qua,19,22,17,0,0,2,17,"14,07","2 773,87","145,99",3,0,37,341,688,124,0,0,87,254,"8,42","53 187,72","155,98",105,0,660,Total abr,341,688,124,0,0,87,254,"8,42","53 187,72","155,98",105,0,660,Total,42077,4770,14989,0,61,35613,6464,"42,70","5 795 514,62","137,74",15124,129,76825
Data,Ocup,Opção,Cheg,Oferta/Uso Interno,Deduz. Individ.,Deduz. Grupos,% Ocup.,Receita Quartos,Preço Médio,Saídas,Quartos FdS,Adul. / Cri.,abril,Previsão,30-abr-2026 qui,21,26,2,0,0,4,17,"15,56","3 074,72","146,42",0,0,41,341,688,124,0,0,87,254,"8,42","53 187,72","155,98",105,0,660,Total abr,341,688,124,0,0,87,254,"8,42","53 187,72","155,98",105,0,660,Total,42077,4770,14989,0,61,35613,6464,"42,70","5 795 514,62","137,74",15124,129,76825
Data,Ocup,Opção,Cheg,Oferta/Uso Interno,Deduz. Individ.,Deduz. Grupos,% Ocup.,Receita Quartos,Preço Médio,Saídas,Quartos FdS,Adul. / Cri.,maio,Previsão,01-mai-2026 sex,19,35,0,0,0,2,17,"14,07","2 785,52","146,61",2,0,37,319,679,107,0,0,94,225,"7,62","49 872,49","156,34",124,0,618,Total mai,319,679,107,0,0,94,225,"7,62","49 872,49","156,34",124,0,618,Total,42077,4770,14989,0,61,35613,6464,"42,70","5 795 514,62","137,74",15124,129,76825
Data,Ocup,Opção,Cheg,Oferta/Uso Interno,Deduz. Individ.,Deduz. Grupos,% Ocup.,Receita Quartos,Preço Médio,Saídas,Quartos FdS,Adul. / Cri.,maio,Previsão,02-mai-2026 sáb,2,13,0,0,0,2,0,"1,48","315,42","157,71",17,0,4,319,679,107,0,0,94,225,"7,62","49 872,49","156,34",124,0,618,Total mai,319,679,107,0,0,94,225,"7,62","49 872,49","156,34",124,0,618,Total,42077,4770,14989,0,61,35613,6464,"42,70","5 795 514,62","137,74",15124,129,76825
Data,Ocup,Opção,Cheg,Oferta/Uso Interno,Deduz. Individ.,Deduz. Grupos,% Ocup.,Receita Quartos,Preço Médio,Saídas,Quartos FdS,Adul. / Cri.,maio,Previsão,03-mai-2026 dom,3,47,2,0,0,3,0,"2,22","402,50","134,17",1,0,7,319,679,107,0,0,94,225,"7,62","49 872,49","156,34",124,0,618,Total mai,319,679,107,0,0,94,225,"7,62","49 872,49","156,34",124,0,618,Total,42077,4770,14989,0,61,35613,6464,"42,70","5 795 514,62","137,74",15124,129,76825
Data,Ocup,Opção,Cheg,Oferta/Uso Interno,Deduz. Individ.,Deduz. Grupos,% Ocup.,Receita Quartos,Preço Médio,Saídas,Quartos FdS,Adul. / Cri.,maio,Previsão,04-mai-2026 seg,5,47,3,0,0,5,0,"3,70","800,27","160,05",1,0,10,319,679,107,0,0,94,225,"7,62","49 872,49","156,34",124,0,618,Total mai,319,679,107,0,0,94,225,"7,62","49 872,49","156,34",124,0,618,Total,42077,4770,14989,0,61,35613,6464,"42,70","5 795 514,62","137,74",15124,129,76825
Data,Ocup,Opção,Cheg,Oferta/Uso Interno,Deduz. Individ.,Deduz. Grupos,% Ocup.,Receita Quartos,Preço Médio,Saídas,Quartos FdS,Adul. / Cri.,maio,Previsão,05-mai-2026 ter,8,48,3,0,0,7,1,"5,93","1 243,62","155,45",0,0,15,319,679,107,0,0,94,225,"7,62","49 872,49","156,34",124,0,618,Total mai,319,679,107,0,0,94,225,"7,62","49 872,49","156,34",124,0,618,Total,42077,4770,14989,0,61,35613,6464,"42,70","5 795 514,62","137,74",15124,129,76825
Data,Ocup,Opção,Cheg,Oferta/Uso Interno,Deduz. Individ.,Deduz. Grupos,% Ocup.,Receita Quartos,Preço Médio,Saídas,Quartos FdS,Adul. / Cri.,maio,Previsão,06-mai-2026 qua,21,1,18,0,0,4,17,"15,56","3 123,20","148,72",5,0,42,319,679,107,0,0,94,225,"7,62","49 872,49","156,34",124,0,618,Total mai,319,679,107,0,0,94,225,"7,62","49 872,49","156,34",124,0,618,Total,42077,4770,14989,0,61,35613,6464,"42,70","5 795 514,62","137,74",15124,129,76825
Data,Ocup,Opção,Cheg,Oferta/Uso Interno,Deduz. Individ.,Deduz. Grupos,% Ocup.,Receita Quartos,Preço Médio,Saídas,Quartos FdS,Adul. / Cri.,maio,Previsão,07-mai-2026 qui,18,4,0,0,0,1,17,"13,33","2 617,23","145,40",3,0,36,319,679,107,0,0,94,225,"7,62","49 872,49","156,34",124,0,618,Total mai,319,679,107,0,0,94,225,"7,62","49 872,49","156,34",124,0,618,Total,42077,4770,14989,0,61,35613,6464,"42,70","5 795 514,62","137,74",15124,129,76825
Data,Ocup,Opção,Cheg,Oferta/Uso Interno,Deduz. Individ.,Deduz. Grupos,% Ocup.,Receita Quartos,Preço Médio,Saídas,Quartos FdS,Adul. / Cri.,maio,Previsão,08-mai-2026 sex,18,13,1,0,0,1,17,"13,33","2 648,17","147,12",1,0,36,319,679,107,0,0,94,225,"7,62","49 872,49","156,34",124,0,618,Total mai,319,679,107,0,0,94,225,"7,62","49 872,49","156,34",124,0,618,Total,42077,4770,14989,0,61,35613,6464,"42,70","5 795 514,62","137,74",15124,129,76825
Data,Ocup,Opção,Cheg,Oferta/Uso Interno,Deduz. Individ.,Deduz. Grupos,% Ocup.,Receita Quartos,Preço Médio,Saídas,Quartos FdS,Adul. / Cri.,maio,Previsão,09-mai-2026 sáb,0,35,0,0,0,0,0,-,-,NaN,18,0,0,319,679,107,0,0,94,225,"7,62","49 872,49","156,34",124,0,618,Total mai,319,679,107,0,0,94,225,"7,62","49 872,49","156,34",124,0,618,Total,42077,4770,14989,0,61,35613,6464,"42,70","5 795 514,62","137,74",15124,129,76825
Data,Ocup,Opção,Cheg,Oferta/Uso Interno,Deduz. Individ.,Deduz. Grupos,% Ocup.,Receita Quartos,Preço Médio,Saídas,Quartos FdS,Adul. / Cri.,maio,Previsão,10-mai-2026 dom,0,22,0,0,0,0,0,-,-,NaN,0,0,0,319,679,107,0,0,94,225,"7,62","49 872,49","156,34",124,0,618,Total mai,319,679,107,0,0,94,225,"7,62","49 872,49","156,34",124,0,618,Total,42077,4770,14989,0,61,35613,6464,"42,70","5 795 514,62","137,74",15124,129,76825
Data,Ocup,Opção,Cheg,Oferta/Uso Interno,Deduz. Individ.,Deduz. Grupos,% Ocup.,Receita Quartos,Preço Médio,Saídas,Quartos FdS,Adul. / Cri.,maio,Previsão,11-mai-2026 seg,2,22,2,0,0,2,0,"1,48","410,53","205,26",0,0,4,319,679,107,0,0,94,225,"7,62","49 872,49","156,34",124,0,618,Total mai,319,679,107,0,0,94,225,"7,62","49 872,49","156,34",124,0,618,Total,42077,4770,14989,0,61,35613,6464,"42,70","5 795 514,62","137,74",15124,129,76825
Data,Ocup,Opção,Cheg,Oferta/Uso Interno,Deduz. Individ.,Deduz. Grupos,% Ocup.,Receita Quartos,Preço Médio,Saídas,Quartos FdS,Adul. / Cri.,maio,Previsão,12-mai-2026 ter,7,22,5,0,0,6,1,"5,19","1 280,80","182,97",0,0,13,319,679,107,0,0,94,225,"7,62","49 872,49","156,34",124,0,618,Total mai,319,679,107,0,0,94,225,"7,62","49 872,49","156,34",124,0,618,Total,42077,4770,14989,0,61,35613,6464,"42,70","5 795 514,62","137,74",15124,129,76825
Data,Ocup,Opção,Cheg,Oferta/Uso Interno,Deduz. Individ.,Deduz. Grupos,% Ocup.,Receita Quartos,Preço Médio,Saídas,Quartos FdS,Adul. / Cri.,maio,Previsão,13-mai-2026 qua,18,22,16,0,0,1,17,"13,33","2 658,36","147,69",5,0,35,319,679,107,0,0,94,225,"7,62","49 872,49","156,34",124,0,618,Total mai,319,679,107,0,0,94,225,"7,62","49 872,49","156,34",124,0,618,Total,42077,4770,14989,0,61,35613,6464,"42,70","5 795 514,62","137,74",15124,129,76825
Data,Ocup,Opção,Cheg,Oferta/Uso Interno,Deduz. Individ.,Deduz. Grupos,% Ocup.,Receita Quartos,Preço Médio,Saídas,Quartos FdS,Adul. / Cri.,maio,Previsão,14-mai-2026 qui,20,48,2,0,0,3,17,"14,81","2 973,11","148,66",0,0,39,319,679,107,0,0,94,225,"7,62","49 872,49","156,34",124,0,618,Total mai,319,679,107,0,0,94,225,"7,62","49 872,49","156,34",124,0,618,Total,42077,4770,14989,0,61,35613,6464,"42,70","5 795 514,62","137,74",15124,129,76825
Data,Ocup,Opção,Cheg,Oferta/Uso Interno,Deduz. Individ.,Deduz. Grupos,% Ocup.,Receita Quartos,Preço Médio,Saídas,Quartos FdS,Adul. / Cri.,maio,Previsão,15-mai-2026 sex,20,35,0,0,0,3,17,"14,81","3 032,76","151,64",0,0,39,319,679,107,0,0,94,225,"7,62","49 872,49","156,34",124,0,618,Total mai,319,679,107,0,0,94,225,"7,62","49 872,49","156,34",124,0,618,Total,42077,4770,14989,0,61,35613,6464,"42,70","5 795 514,62","137,74",15124,129,76825
Data,Ocup,Opção,Cheg,Oferta/Uso Interno,Deduz. Individ.,Deduz. Grupos,% Ocup.,Receita Quartos,Preço Médio,Saídas,Quartos FdS,Adul. / Cri.,maio,Previsão,16-mai-2026 sáb,1,39,0,0,0,1,0,"0,74","208,75","208,75",19,0,2,319,679,107,0,0,94,225,"7,62","49 872,49","156,34",124,0,618,Total mai,319,679,107,0,0,94,225,"7,62","49 872,49","156,34",124,0,618,Total,42077,4770,14989,0,61,35613,6464,"42,70","5 795 514,62","137,74",15124,129,76825
Data,Ocup,Opção,Cheg,Oferta/Uso Interno,Deduz. Individ.,Deduz. Grupos,% Ocup.,Receita Quartos,Preço Médio,Saídas,Quartos FdS,Adul. / Cri.,maio,Previsão,17-mai-2026 dom,2,13,2,0,0,2,0,"1,48","293,89","146,94",1,0,4,319,679,107,0,0,94,225,"7,62","49 872,49","156,34",124,0,618,Total mai,319,679,107,0,0,94,225,"7,62","49 872,49","156,34",124,0,618,Total,42077,4770,14989,0,61,35613,6464,"42,70","5 795 514,62","137,74",15124,129,76825
Data,Ocup,Opção,Cheg,Oferta/Uso Interno,Deduz. Individ.,Deduz. Grupos,% Ocup.,Receita Quartos,Preço Médio,Saídas,Quartos FdS,Adul. / Cri.,maio,Previsão,18-mai-2026 seg,5,13,3,0,0,5,0,"3,70","906,51","181,30",0,0,10,319,679,107,0,0,94,225,"7,62","49 872,49","156,34",124,0,618,Total mai,319,679,107,0,0,94,225,"7,62","49 872,49","156,34",124,0,618,Total,42077,4770,14989,0,61,35613,6464,"42,70","5 795 514,62","137,74",15124,129,76825
Data,Ocup,Opção,Cheg,Oferta/Uso Interno,Deduz. Individ.,Deduz. Grupos,% Ocup.,Receita Quartos,Preço Médio,Saídas,Quartos FdS,Adul. / Cri.,maio,Previsão,19-mai-2026 ter,6,0,3,0,0,5,1,"4,44","1 078,27","179,71",2,0,11,319,679,107,0,0,94,225,"7,62","49 872,49","156,34",124,0,618,Total mai,319,679,107,0,0,94,225,"7,62","49 872,49","156,34",124,0,618,Total,42077,4770,14989,0,61,35613,6464,"42,70","5 795 514,62","137,74",15124,129,76825
Data,Ocup,Opção,Cheg,Oferta/Uso Interno,Deduz. Individ.,Deduz. Grupos,% Ocup.,Receita Quartos,Preço Médio,Saídas,Quartos FdS,Adul. / Cri.,maio,Previsão,20-mai-2026 qua,19,0,17,0,0,2,17,"14,07","2 837,41","149,34",4,0,37,319,679,107,0,0,94,225,"7,62","49 872,49","156,34",124,0,618,Total mai,319,679,107,0,0,94,225,"7,62","49 872,49","156,34",124,0,618,Total,42077,4770,14989,0,61,35613,6464,"42,70","5 795 514,62","137,74",15124,129,76825
Data,Ocup,Opção,Cheg,Oferta/Uso Interno,Deduz. Individ.,Deduz. Grupos,% Ocup.,Receita Quartos,Preço Médio,Saídas,Quartos FdS,Adul. / Cri.,maio,Previsão,21-mai-2026 qui,18,4,0,0,0,1,17,"13,33","2 675,14","148,62",1,0,35,319,679,107,0,0,94,225,"7,62","49 872,49","156,34",124,0,618,Total mai,319,679,107,0,0,94,225,"7,62","49 872,49","156,34",124,0,618,Total,42077,4770,14989,0,61,35613,6464,"42,70","5 795 514,62","137,74",15124,129,76825
Data,Ocup,Opção,Cheg,Oferta/Uso Interno,Deduz. Individ.,Deduz. Grupos,% Ocup.,Receita Quartos,Preço Médio,Saídas,Quartos FdS,Adul. / Cri.,maio,Previsão,22-mai-2026 sex,18,13,0,0,0,1,17,"13,33","2 675,14","148,62",0,0,35,319,679,107,0,0,94,225,"7,62","49 872,49","156,34",124,0,618,Total mai,319,679,107,0,0,94,225,"7,62","49 872,49","156,34",124,0,618,Total,42077,4770,14989,0,61,35613,6464,"42,70","5 795 514,62","137,74",15124,129,76825
Data,Ocup,Opção,Cheg,Oferta/Uso Interno,Deduz. Individ.,Deduz. Grupos,% Ocup.,Receita Quartos,Preço Médio,Saídas,Quartos FdS,Adul. / Cri.,maio,Previsão,23-mai-2026 sáb,1,17,1,0,0,1,0,"0,74","219,70","219,70",18,0,2,319,679,107,0,0,94,225,"7,62","49 872,49","156,34",124,0,618,Total mai,319,679,107,0,0,94,225,"7,62","49 872,49","156,34",124,0,618,Total,42077,4770,14989,0,61,35613,6464,"42,70","5 795 514,62","137,74",15124,129,76825
Data,Ocup,Opção,Cheg,Oferta/Uso Interno,Deduz. Individ.,Deduz. Grupos,% Ocup.,Receita Quartos,Preço Médio,Saídas,Quartos FdS,Adul. / Cri.,maio,Previsão,24-mai-2026 dom,4,13,3,0,0,4,0,"2,96","720,03","180,01",0,0,7,319,679,107,0,0,94,225,"7,62","49 872,49","156,34",124,0,618,Total mai,319,679,107,0,0,94,225,"7,62","49 872,49","156,34",124,0,618,Total,42077,4770,14989,0,61,35613,6464,"42,70","5 795 514,62","137,74",15124,129,76825
Data,Ocup,Opção,Cheg,Oferta/Uso Interno,Deduz. Individ.,Deduz. Grupos,% Ocup.,Receita Quartos,Preço Médio,Saídas,Quartos FdS,Adul. / Cri.,maio,Previsão,25-mai-2026 seg,5,13,1,0,0,5,0,"3,70","1 050,58","210,12",0,0,9,319,679,107,0,0,94,225,"7,62","49 872,49","156,34",124,0,618,Total mai,319,679,107,0,0,94,225,"7,62","49 872,49","156,34",124,0,618,Total,42077,4770,14989,0,61,35613,6464,"42,70","5 795 514,62","137,74",15124,129,76825
Data,Ocup,Opção,Cheg,Oferta/Uso Interno,Deduz. Individ.,Deduz. Grupos,% Ocup.,Receita Quartos,Preço Médio,Saídas,Quartos FdS,Adul. / Cri.,maio,Previsão,26-mai-2026 ter,11,22,6,0,0,10,1,"8,15","2 115,81","192,35",0,0,19,319,679,107,0,0,94,225,"7,62","49 872,49","156,34",124,0,618,Total mai,319,679,107,0,0,94,225,"7,62","49 872,49","156,34",124,0,618,Total,42077,4770,14989,0,61,35613,6464,"42,70","5 795 514,62","137,74",15124,129,76825
Data,Ocup,Opção,Cheg,Oferta/Uso Interno,Deduz. Individ.,Deduz. Grupos,% Ocup.,Receita Quartos,Preço Médio,Saídas,Quartos FdS,Adul. / Cri.,maio,Previsão,27-mai-2026 qua,21,22,16,0,0,4,17,"15,56","3 250,71","154,80",6,0,40,319,679,107,0,0,94,225,"7,62","49 872,49","156,34",124,0,618,Total mai,319,679,107,0,0,94,225,"7,62","49 872,49","156,34",124,0,618,Total,42077,4770,14989,0,61,35613,6464,"42,70","5 795 514,62","137,74",15124,129,76825
Data,Ocup,Opção,Cheg,Oferta/Uso Interno,Deduz. Individ.,Deduz. Grupos,% Ocup.,Receita Quartos,Preço Médio,Saídas,Quartos FdS,Adul. / Cri.,maio,Previsão,28-mai-2026 qui,21,26,0,0,0,4,17,"15,56","3 250,71","154,80",0,0,40,319,679,107,0,0,94,225,"7,62","49 872,49","156,34",124,0,618,Total mai,319,679,107,0,0,94,225,"7,62","49 872,49","156,34",124,0,618,Total,42077,4770,14989,0,61,35613,6464,"42,70","5 795 514,62","137,74",15124,129,76825
Data,Ocup,Opção,Cheg,Oferta/Uso Interno,Deduz. Individ.,Deduz. Grupos,% Ocup.,Receita Quartos,Preço Médio,Saídas,Quartos FdS,Adul. / Cri.,maio,Previsão,29-mai-2026 sex,21,13,0,0,0,4,17,"15,56","3 340,92","159,09",0,0,40,319,679,107,0,0,94,225,"7,62","49 872,49","156,34",124,0,618,Total mai,319,679,107,0,0,94,225,"7,62","49 872,49","156,34",124,0,618,Total,42077,4770,14989,0,61,35613,6464,"42,70","5 795 514,62","137,74",15124,129,76825
Data,Ocup,Opção,Cheg,Oferta/Uso Interno,Deduz. Individ.,Deduz. Grupos,% Ocup.,Receita Quartos,Preço Médio,Saídas,Quartos FdS,Adul. / Cri.,maio,Previsão,30-mai-2026 sáb,1,35,0,0,0,1,0,"0,74","196,44","196,44",20,0,2,319,679,107,0,0,94,225,"7,62","49 872,49","156,34",124,0,618,Total mai,319,679,107,0,0,94,225,"7,62","49 872,49","156,34",124,0,618,Total,42077,4770,14989,0,61,35613,6464,"42,70","5 795 514,62","137,74",15124,129,76825
Data,Ocup,Opção,Cheg,Oferta/Uso Interno,Deduz. Individ.,Deduz. Grupos,% Ocup.,Receita Quartos,Preço Médio,Saídas,Quartos FdS,Adul. / Cri.,maio,Previsão,31-mai-2026 dom,4,22,3,0,0,4,0,"2,96","760,99","190,25",0,0,8,319,679,107,0,0,94,225,"7,62","49 872,49","156,34",124,0,618,Total mai,319,679,107,0,0,94,225,"7,62","49 872,49","156,34",124,0,618,Total,42077,4770,14989,0,61,35613,6464,"42,70","5 795 514,62","137,74",15124,129,76825
Data,Ocup,Opção,Cheg,Oferta/Uso Interno,Deduz. Individ.,Deduz. Grupos,% Ocup.,Receita Quartos,Preço Médio,Saídas,Quartos FdS,Adul. / Cri.,junho,Previsão,01-jun-2026 seg,6,22,2,0,0,6,0,"4,44","1 070,23","178,37",0,0,12,275,681,95,0,0,33,242,"6,79","43 396,09","157,80",99,0,528,Total jun,275,681,95,0,0,33,242,"6,79","43 396,09","157,80",99,0,528,Total,42077,4770,14989,0,61,35613,6464,"42,70","5 795 514,62","137,74",15124,129,76825
Data,Ocup,Opção,Cheg,Oferta/Uso Interno,Deduz. Individ.,Deduz. Grupos,% Ocup.,Receita Quartos,Preço Médio,Saídas,Quartos FdS,Adul. / Cri.,junho,Previsão,02-jun-2026 ter,7,0,3,0,0,6,1,"5,19","1 083,76","154,82",2,0,13,275,681,95,0,0,33,242,"6,79","43 396,09","157,80",99,0,528,Total jun,275,681,95,0,0,33,242,"6,79","43 396,09","157,80",99,0,528,Total,42077,4770,14989,0,61,35613,6464,"42,70","5 795 514,62","137,74",15124,129,76825
Data,Ocup,Opção,Cheg,Oferta/Uso Interno,Deduz. Individ.,Deduz. Grupos,% Ocup.,Receita Quartos,Preço Médio,Saídas,Quartos FdS,Adul. / Cri.,junho,Previsão,03-jun-2026 qua,22,0,16,0,0,5,17,"16,30","3 239,32","147,24",1,0,43,275,681,95,0,0,33,242,"6,79","43 396,09","157,80",99,0,528,Total jun,275,681,95,0,0,33,242,"6,79","43 396,09","157,80",99,0,528,Total,42077,4770,14989,0,61,35613,6464,"42,70","5 795 514,62","137,74",15124,129,76825
Data,Ocup,Opção,Cheg,Oferta/Uso Interno,Deduz. Individ.,Deduz. Grupos,% Ocup.,Receita Quartos,Preço Médio,Saídas,Quartos FdS,Adul. / Cri.,junho,Previsão,04-jun-2026 qui,18,26,0,0,0,1,17,"13,33","2 654,95","147,50",4,0,35,275,681,95,0,0,33,242,"6,79","43 396,09","157,80",99,0,528,Total jun,275,681,95,0,0,33,242,"6,79","43 396,09","157,80",99,0,528,Total,42077,4770,14989,0,61,35613,6464,"42,70","5 795 514,62","137,74",15124,129,76825
Data,Ocup,Opção,Cheg,Oferta/Uso Interno,Deduz. Individ.,Deduz. Grupos,% Ocup.,Receita Quartos,Preço Médio,Saídas,Quartos FdS,Adul. / Cri.,junho,Previsão,05-jun-2026 sex,19,35,1,0,0,2,17,"14,07","2 869,76","151,04",0,0,37,275,681,95,0,0,33,242,"6,79","43 396,09","157,80",99,0,528,Total jun,275,681,95,0,0,33,242,"6,79","43 396,09","157,80",99,0,528,Total,42077,4770,14989,0,61,35613,6464,"42,70","5 795 514,62","137,74",15124,129,76825
Data,Ocup,Opção,Cheg,Oferta/Uso Interno,Deduz. Individ.,Deduz. Grupos,% Ocup.,Receita Quartos,Preço Médio,Saídas,Quartos FdS,Adul. / Cri.,junho,Previsão,06-jun-2026 sáb,18,48,17,0,0,1,17,"13,33","3 925,75","218,10",18,0,33,275,681,95,0,0,33,242,"6,79","43 396,09","157,80",99,0,528,Total jun,275,681,95,0,0,33,242,"6,79","43 396,09","157,80",99,0,528,Total,42077,4770,14989,0,61,35613,6464,"42,70","5 795 514,62","137,74",15124,129,76825
Data,Ocup,Opção,Cheg,Oferta/Uso Interno,Deduz. Individ.,Deduz. Grupos,% Ocup.,Receita Quartos,Preço Médio,Saídas,Quartos FdS,Adul. / Cri.,junho,Previsão,07-jun-2026 dom,19,13,1,0,0,2,17,"14,07","4 039,01","212,58",0,0,35,275,681,95,0,0,33,242,"6,79","43 396,09","157,80",99,0,528,Total jun,275,681,95,0,0,33,242,"6,79","43 396,09","157,80",99,0,528,Total,42077,4770,14989,0,61,35613,6464,"42,70","5 795 514,62","137,74",15124,129,76825
Data,Ocup,Opção,Cheg,Oferta/Uso Interno,Deduz. Individ.,Deduz. Grupos,% Ocup.,Receita Quartos,Preço Médio,Saídas,Quartos FdS,Adul. / Cri.,junho,Previsão,08-jun-2026 seg,2,15,1,0,0,2,0,"1,48","261,88","130,94",18,0,4,275,681,95,0,0,33,242,"6,79","43 396,09","157,80",99,0,528,Total jun,275,681,95,0,0,33,242,"6,79","43 396,09","157,80",99,0,528,Total,42077,4770,14989,0,61,35613,6464,"42,70","5 795 514,62","137,74",15124,129,76825
Data,Ocup,Opção,Cheg,Oferta/Uso Interno,Deduz. Individ.,Deduz. Grupos,% Ocup.,Receita Quartos,Preço Médio,Saídas,Quartos FdS,Adul. / Cri.,junho,Previsão,09-jun-2026 ter,2,33,1,0,0,1,1,"1,48","275,28","137,64",1,0,3,275,681,95,0,0,33,242,"6,79","43 396,09","157,80",99,0,528,Total jun,275,681,95,0,0,33,242,"6,79","43 396,09","157,80",99,0,528,Total,42077,4770,14989,0,61,35613,6464,"42,70","5 795 514,62","137,74",15124,129,76825
Data,Ocup,Opção,Cheg,Oferta/Uso Interno,Deduz. Individ.,Deduz. Grupos,% Ocup.,Receita Quartos,Preço Médio,Saídas,Quartos FdS,Adul. / Cri.,junho,Previsão,10-jun-2026 qua,17,0,16,0,0,0,17,"12,59","2 494,59","146,74",1,0,33,275,681,95,0,0,33,242,"6,79","43 396,09","157,80",99,0,528,Total jun,275,681,95,0,0,33,242,"6,79","43 396,09","157,80",99,0,528,Total,42077,4770,14989,0,61,35613,6464,"42,70","5 795 514,62","137,74",15124,129,76825
Data,Ocup,Opção,Cheg,Oferta/Uso Interno,Deduz. Individ.,Deduz. Grupos,% Ocup.,Receita Quartos,Preço Médio,Saídas,Quartos FdS,Adul. / Cri.,junho,Previsão,11-jun-2026 qui,17,26,0,0,0,0,17,"12,59","2 494,59","146,74",0,0,33,275,681,95,0,0,33,242,"6,79","43 396,09","157,80",99,0,528,Total jun,275,681,95,0,0,33,242,"6,79","43 396,09","157,80",99,0,528,Total,42077,4770,14989,0,61,35613,6464,"42,70","5 795 514,62","137,74",15124,129,76825
Data,Ocup,Opção,Cheg,Oferta/Uso Interno,Deduz. Individ.,Deduz. Grupos,% Ocup.,Receita Quartos,Preço Médio,Saídas,Quartos FdS,Adul. / Cri.,junho,Previsão,12-jun-2026 sex,19,22,2,0,0,2,17,"14,07","2 885,88","151,89",0,0,37,275,681,95,0,0,33,242,"6,79","43 396,09","157,80",99,0,528,Total jun,275,681,95,0,0,33,242,"6,79","43 396,09","157,80",99,0,528,Total,42077,4770,14989,0,61,35613,6464,"42,70","5 795 514,62","137,74",15124,129,76825
Data,Ocup,Opção,Cheg,Oferta/Uso Interno,Deduz. Individ.,Deduz. Grupos,% Ocup.,Receita Quartos,Preço Médio,Saídas,Quartos FdS,Adul. / Cri.,junho,Previsão,13-jun-2026 sáb,2,22,0,0,0,2,0,"1,48","359,21","179,60",17,0,4,275,681,95,0,0,33,242,"6,79","43 396,09","157,80",99,0,528,Total jun,275,681,95,0,0,33,242,"6,79","43 396,09","157,80",99,0,528,Total,42077,4770,14989,0,61,35613,6464,"42,70","5 795 514,62","137,74",15124,129,76825
Data,Ocup,Opção,Cheg,Oferta/Uso Interno,Deduz. Individ.,Deduz. Grupos,% Ocup.,Receita Quartos,Preço Médio,Saídas,Quartos FdS,Adul. / Cri.,junho,Previsão,14-jun-2026 dom,0,22,0,0,0,0,0,-,-,NaN,2,0,0,275,681,95,0,0,33,242,"6,79","43 396,09","157,80",99,0,528,Total jun,275,681,95,0,0,33,242,"6,79","43 396,09","157,80",99,0,528,Total,42077,4770,14989,0,61,35613,6464,"42,70","5 795 514,62","137,74",15124,129,76825
Data,Ocup,Opção,Cheg,Oferta/Uso Interno,Deduz. Individ.,Deduz. Grupos,% Ocup.,Receita Quartos,Preço Médio,Saídas,Quartos FdS,Adul. / Cri.,junho,Previsão,15-jun-2026 seg,0,22,0,0,0,0,0,-,-,NaN,0,0,0,275,681,95,0,0,33,242,"6,79","43 396,09","157,80",99,0,528,Total jun,275,681,95,0,0,33,242,"6,79","43 396,09","157,80",99,0,528,Total,42077,4770,14989,0,61,35613,6464,"42,70","5 795 514,62","137,74",15124,129,76825
Data,Ocup,Opção,Cheg,Oferta/Uso Interno,Deduz. Individ.,Deduz. Grupos,% Ocup.,Receita Quartos,Preço Médio,Saídas,Quartos FdS,Adul. / Cri.,junho,Previsão,16-jun-2026 ter,1,57,1,0,0,0,1,"0,74","141,69","141,69",0,0,1,275,681,95,0,0,33,242,"6,79","43 396,09","157,80",99,0,528,Total jun,275,681,95,0,0,33,242,"6,79","43 396,09","157,80",99,0,528,Total,42077,4770,14989,0,61,35613,6464,"42,70","5 795 514,62","137,74",15124,129,76825
Data,Ocup,Opção,Cheg,Oferta/Uso Interno,Deduz. Individ.,Deduz. Grupos,% Ocup.,Receita Quartos,Preço Médio,Saídas,Quartos FdS,Adul. / Cri.,junho,Previsão,17-jun-2026 qua,17,0,16,0,0,0,17,"12,59","2 494,59","146,74",0,0,33,275,681,95,0,0,33,242,"6,79","43 396,09","157,80",99,0,528,Total jun,275,681,95,0,0,33,242,"6,79","43 396,09","157,80",99,0,528,Total,42077,4770,14989,0,61,35613,6464,"42,70","5 795 514,62","137,74",15124,129,76825
Data,Ocup,Opção,Cheg,Oferta/Uso Interno,Deduz. Individ.,Deduz. Grupos,% Ocup.,Receita Quartos,Preço Médio,Saídas,Quartos FdS,Adul. / Cri.,junho,Previsão,18-jun-2026 qui,17,4,0,0,0,0,17,"12,59","2 494,59","146,74",0,0,33,275,681,95,0,0,33,242,"6,79","43 396,09","157,80",99,0,528,Total jun,275,681,95,0,0,33,242,"6,79","43 396,09","157,80",99,0,528,Total,42077,4770,14989,0,61,35613,6464,"42,70","5 795 514,62","137,74",15124,129,76825
Data,Ocup,Opção,Cheg,Oferta/Uso Interno,Deduz. Individ.,Deduz. Grupos,% Ocup.,Receita Quartos,Preço Médio,Saídas,Quartos FdS,Adul. / Cri.,junho,Previsão,19-jun-2026 sex,18,17,1,0,0,1,17,"13,33","2 640,08","146,67",0,0,35,275,681,95,0,0,33,242,"6,79","43 396,09","157,80",99,0,528,Total jun,275,681,95,0,0,33,242,"6,79","43 396,09","157,80",99,0,528,Total,42077,4770,14989,0,61,35613,6464,"42,70","5 795 514,62","137,74",15124,129,76825
Data,Ocup,Opção,Cheg,Oferta/Uso Interno,Deduz. Individ.,Deduz. Grupos,% Ocup.,Receita Quartos,Preço Médio,Saídas,Quartos FdS,Adul. / Cri.,junho,Previsão,20-jun-2026 sáb,1,21,0,0,0,1,0,"0,74","145,49","145,49",17,0,2,275,681,95,0,0,33,242,"6,79","43 396,09","157,80",99,0,528,Total jun,275,681,95,0,0,33,242,"6,79","43 396,09","157,80",99,0,528,Total,42077,4770,14989,0,61,35613,6464,"42,70","5 795 514,62","137,74",15124,129,76825
Data,Ocup,Opção,Cheg,Oferta/Uso Interno,Deduz. Individ.,Deduz. Grupos,% Ocup.,Receita Quartos,Preço Médio,Saídas,Quartos FdS,Adul. / Cri.,junho,Previsão,21-jun-2026 dom,1,13,0,0,0,1,0,"0,74","132,03","132,03",0,0,2,275,681,95,0,0,33,242,"6,79","43 396,09","157,80",99,0,528,Total jun,275,681,95,0,0,33,242,"6,79","43 396,09","157,80",99,0,528,Total,42077,4770,14989,0,61,35613,6464,"42,70","5 795 514,62","137,74",15124,129,76825
Data,Ocup,Opção,Cheg,Oferta/Uso Interno,Deduz. Individ.,Deduz. Grupos,% Ocup.,Receita Quartos,Preço Médio,Saídas,Quartos FdS,Adul. / Cri.,junho,Previsão,22-jun-2026 seg,0,13,0,0,0,0,0,-,-,NaN,1,0,0,275,681,95,0,0,33,242,"6,79","43 396,09","157,80",99,0,528,Total jun,275,681,95,0,0,33,242,"6,79","43 396,09","157,80",99,0,528,Total,42077,4770,14989,0,61,35613,6464,"42,70","5 795 514,62","137,74",15124,129,76825
Data,Ocup,Opção,Cheg,Oferta/Uso Interno,Deduz. Individ.,Deduz. Grupos,% Ocup.,Receita Quartos,Preço Médio,Saídas,Quartos FdS,Adul. / Cri.,junho,Previsão,23-jun-2026 ter,1,0,1,0,0,0,1,"0,74","141,69","141,69",0,0,1,275,681,95,0,0,33,242,"6,79","43 396,09","157,80",99,0,528,Total jun,275,681,95,0,0,33,242,"6,79","43 396,09","157,80",99,0,528,Total,42077,4770,14989,0,61,35613,6464,"42,70","5 795 514,62","137,74",15124,129,76825
Data,Ocup,Opção,Cheg,Oferta/Uso Interno,Deduz. Individ.,Deduz. Grupos,% Ocup.,Receita Quartos,Preço Médio,Saídas,Quartos FdS,Adul. / Cri.,junho,Previsão,24-jun-2026 qua,17,0,16,0,0,0,17,"12,59","2 517,24","148,07",0,0,33,275,681,95,0,0,33,242,"6,79","43 396,09","157,80",99,0,528,Total jun,275,681,95,0,0,33,242,"6,79","43 396,09","157,80",99,0,528,Total,42077,4770,14989,0,61,35613,6464,"42,70","5 795 514,62","137,74",15124,129,76825
Data,Ocup,Opção,Cheg,Oferta/Uso Interno,Deduz. Individ.,Deduz. Grupos,% Ocup.,Receita Quartos,Preço Médio,Saídas,Quartos FdS,Adul. / Cri.,junho,Previsão,25-jun-2026 qui,17,26,0,0,0,0,17,"12,59","2 517,24","148,07",0,0,33,275,681,95,0,0,33,242,"6,79","43 396,09","157,80",99,0,528,Total jun,275,681,95,0,0,33,242,"6,79","43 396,09","157,80",99,0,528,Total,42077,4770,14989,0,61,35613,6464,"42,70","5 795 514,62","137,74",15124,129,76825
Data,Ocup,Opção,Cheg,Oferta/Uso Interno,Deduz. Individ.,Deduz. Grupos,% Ocup.,Receita Quartos,Preço Médio,Saídas,Quartos FdS,Adul. / Cri.,junho,Previsão,26-jun-2026 sex,17,35,0,0,0,0,17,"12,59","2 517,24","148,07",0,0,33,275,681,95,0,0,33,242,"6,79","43 396,09","157,80",99,0,528,Total jun,275,681,95,0,0,33,242,"6,79","43 396,09","157,80",99,0,528,Total,42077,4770,14989,0,61,35613,6464,"42,70","5 795 514,62","137,74",15124,129,76825
Data,Ocup,Opção,Cheg,Oferta/Uso Interno,Deduz. Individ.,Deduz. Grupos,% Ocup.,Receita Quartos,Preço Médio,Saídas,Quartos FdS,Adul. / Cri.,junho,Previsão,27-jun-2026 sáb,0,39,0,0,0,0,0,-,-,NaN,17,0,0,275,681,95,0,0,33,242,"6,79","43 396,09","157,80",99,0,528,Total jun,275,681,95,0,0,33,242,"6,79","43 396,09","157,80",99,0,528,Total,42077,4770,14989,0,61,35613,6464,"42,70","5 795 514,62","137,74",15124,129,76825
Data,Ocup,Opção,Cheg,Oferta/Uso Interno,Deduz. Individ.,Deduz. Grupos,% Ocup.,Receita Quartos,Preço Médio,Saídas,Quartos FdS,Adul. / Cri.,junho,Previsão,28-jun-2026 dom,0,39,0,0,0,0,0,-,-,NaN,0,0,0,275,681,95,0,0,33,242,"6,79","43 396,09","157,80",99,0,528,Total jun,275,681,95,0,0,33,242,"6,79","43 396,09","157,80",99,0,528,Total,42077,4770,14989,0,61,35613,6464,"42,70","5 795 514,62","137,74",15124,129,76825
Data,Ocup,Opção,Cheg,Oferta/Uso Interno,Deduz. Individ.,Deduz. Grupos,% Ocup.,Receita Quartos,Preço Médio,Saídas,Quartos FdS,Adul. / Cri.,junho,Previsão,29-jun-2026 seg,0,39,0,0,0,0,0,-,-,NaN,0,0,0,275,681,95,0,0,33,242,"6,79","43 396,09","157,80",99,0,528,Total jun,275,681,95,0,0,33,242,"6,79","43 396,09","157,80",99,0,528,Total,42077,4770,14989,0,61,35613,6464,"42,70","5 795 514,62","137,74",15124,129,76825
Data,Ocup,Opção,Cheg,Oferta/Uso Interno,Deduz. Individ.,Deduz. Grupos,% Ocup.,Receita Quartos,Preço Médio,Saídas,Quartos FdS,Adul. / Cri.,junho,Previsão,30-jun-2026 ter,0,72,0,0,0,0,0,-,-,NaN,0,0,0,275,681,95,0,0,33,242,"6,79","43 396,09","157,80",99,0,528,Total jun,275,681,95,0,0,33,242,"6,79","43 396,09","157,80",99,0,528,Total,42077,4770,14989,0,61,35613,6464,"42,70","5 795 514,62","137,74",15124,129,76825
Data,Ocup,Opção,Cheg,Oferta/Uso Interno,Deduz. Individ.,Deduz. Grupos,% Ocup.,Receita Quartos,Preço Médio,Saídas,Quartos FdS,Adul. / Cri.,julho,Previsão,01-jul-2026 qua,0,22,0,0,0,0,0,-,-,NaN,0,0,0,32,229,10,0,0,32,0,"0,76","6 468,94","202,15",9,0,75,Total jul,32,229,10,0,0,32,0,"0,76","6 468,94","202,15",9,0,75,Total,42077,4770,14989,0,61,35613,6464,"42,70","5 795 514,62","137,74",15124,129,76825
Data,Ocup,Opção,Cheg,Oferta/Uso Interno,Deduz. Individ.,Deduz. Grupos,% Ocup.,Receita Quartos,Preço Médio,Saídas,Quartos FdS,Adul. / Cri.,julho,Previsão,02-jul-2026 qui,1,22,1,0,0,1,0,"0,74","152,25","152,25",0,0,2,32,229,10,0,0,32,0,"0,76","6 468,94","202,15",9,0,75,Total jul,32,229,10,0,0,32,0,"0,76","6 468,94","202,15",9,0,75,Total,42077,4770,14989,0,61,35613,6464,"42,70","5 795 514,62","137,74",15124,129,76825
Data,Ocup,Opção,Cheg,Oferta/Uso Interno,Deduz. Individ.,Deduz. Grupos,% Ocup.,Receita Quartos,Preço Médio,Saídas,Quartos FdS,Adul. / Cri.,julho,Previsão,03-jul-2026 sex,3,0,2,0,0,3,0,"2,22","461,64","153,88",0,0,6,32,229,10,0,0,32,0,"0,76","6 468,94","202,15",9,0,75,Total jul,32,229,10,0,0,32,0,"0,76","6 468,94","202,15",9,0,75,Total,42077,4770,14989,0,61,35613,6464,"42,70","5 795 514,62","137,74",15124,129,76825
Data,Ocup,Opção,Cheg,Oferta/Uso Interno,Deduz. Individ.,Deduz. Grupos,% Ocup.,Receita Quartos,Preço Médio,Saídas,Quartos FdS,Adul. / Cri.,julho,Previsão,04-jul-2026 sáb,5,0,2,0,0,5,0,"3,70","835,97","167,19",0,0,8,32,229,10,0,0,32,0,"0,76","6 468,94","202,15",9,0,75,Total jul,32,229,10,0,0,32,0,"0,76","6 468,94","202,15",9,0,75,Total,42077,4770,14989,0,61,35613,6464,"42,70","5 795 514,62","137,74",15124,129,76825
Data,Ocup,Opção,Cheg,Oferta/Uso Interno,Deduz. Individ.,Deduz. Grupos,% Ocup.,Receita Quartos,Preço Médio,Saídas,Quartos FdS,Adul. / Cri.,julho,Previsão,05-jul-2026 dom,4,16,0,0,0,4,0,"2,96","623,55","155,89",1,0,6,32,229,10,0,0,32,0,"0,76","6 468,94","202,15",9,0,75,Total jul,32,229,10,0,0,32,0,"0,76","6 468,94","202,15",9,0,75,Total,42077,4770,14989,0,61,35613,6464,"42,70","5 795 514,62","137,74",15124,129,76825
Data,Ocup,Opção,Cheg,Oferta/Uso Interno,Deduz. Individ.,Deduz. Grupos,% Ocup.,Receita Quartos,Preço Médio,Saídas,Quartos FdS,Adul. / Cri.,julho,Previsão,06-jul-2026 seg,3,16,1,0,0,3,0,"2,22","628,09","209,36",2,0,6,32,229,10,0,0,32,0,"0,76","6 468,94","202,15",9,0,75,Total jul,32,229,10,0,0,32,0,"0,76","6 468,94","202,15",9,0,75,Total,42077,4770,14989,0,61,35613,6464,"42,70","5 795 514,62","137,74",15124,129,76825
Data,Ocup,Opção,Cheg,Oferta/Uso Interno,Deduz. Individ.,Deduz. Grupos,% Ocup.,Receita Quartos,Preço Médio,Saídas,Quartos FdS,Adul. / Cri.,julho,Previsão,07-jul-2026 ter,3,22,0,0,0,3,0,"2,22","628,09","209,36",0,0,6,32,229,10,0,0,32,0,"0,76","6 468,94","202,15",9,0,75,Total jul,32,229,10,0,0,32,0,"0,76","6 468,94","202,15",9,0,75,Total,42077,4770,14989,0,61,35613,6464,"42,70","5 795 514,62","137,74",15124,129,76825
Data,Ocup,Opção,Cheg,Oferta/Uso Interno,Deduz. Individ.,Deduz. Grupos,% Ocup.,Receita Quartos,Preço Médio,Saídas,Quartos FdS,Adul. / Cri.,julho,Previsão,08-jul-2026 qua,0,22,0,0,0,0,0,-,-,NaN,3,0,0,32,229,10,0,0,32,0,"0,76","6 468,94","202,15",9,0,75,Total jul,32,229,10,0,0,32,0,"0,76","6 468,94","202,15",9,0,75,Total,42077,4770,14989,0,61,35613,6464,"42,70","5 795 514,62","137,74",15124,129,76825
Data,Ocup,Opção,Cheg,Oferta/Uso Interno,Deduz. Individ.,Deduz. Grupos,% Ocup.,Receita Quartos,Preço Médio,Saídas,Quartos FdS,Adul. / Cri.,julho,Previsão,09-jul-2026 qui,0,22,0,0,0,0,0,-,-,NaN,0,0,0,32,229,10,0,0,32,0,"0,76","6 468,94","202,15",9,0,75,Total jul,32,229,10,0,0,32,0,"0,76","6 468,94","202,15",9,0,75,Total,42077,4770,14989,0,61,35613,6464,"42,70","5 795 514,62","137,74",15124,129,76825
Data,Ocup,Opção,Cheg,Oferta/Uso Interno,Deduz. Individ.,Deduz. Grupos,% Ocup.,Receita Quartos,Preço Médio,Saídas,Quartos FdS,Adul. / Cri.,julho,Previsão,10-jul-2026 sex,0,0,0,0,0,0,0,-,-,NaN,0,0,0,32,229,10,0,0,32,0,"0,76","6 468,94","202,15",9,0,75,Total jul,32,229,10,0,0,32,0,"0,76","6 468,94","202,15",9,0,75,Total,42077,4770,14989,0,61,35613,6464,"42,70","5 795 514,62","137,74",15124,129,76825
Data,Ocup,Opção,Cheg,Oferta/Uso Interno,Deduz. Individ.,Deduz. Grupos,% Ocup.,Receita Quartos,Preço Médio,Saídas,Quartos FdS,Adul. / Cri.,julho,Previsão,11-jul-2026 sáb,0,4,0,0,0,0,0,-,-,NaN,0,0,0,32,229,10,0,0,32,0,"0,76","6 468,94","202,15",9,0,75,Total jul,32,229,10,0,0,32,0,"0,76","6 468,94","202,15",9,0,75,Total,42077,4770,14989,0,61,35613,6464,"42,70","5 795 514,62","137,74",15124,129,76825
Data,Ocup,Opção,Cheg,Oferta/Uso Interno,Deduz. Individ.,Deduz. Grupos,% Ocup.,Receita Quartos,Preço Médio,Saídas,Quartos FdS,Adul. / Cri.,julho,Previsão,12-jul-2026 dom,2,13,2,0,0,2,0,"1,48","337,51","168,75",0,0,4,32,229,10,0,0,32,0,"0,76","6 468,94","202,15",9,0,75,Total jul,32,229,10,0,0,32,0,"0,76","6 468,94","202,15",9,0,75,Total,42077,4770,14989,0,61,35613,6464,"42,70","5 795 514,62","137,74",15124,129,76825
Data,Ocup,Opção,Cheg,Oferta/Uso Interno,Deduz. Individ.,Deduz. Grupos,% Ocup.,Receita Quartos,Preço Médio,Saídas,Quartos FdS,Adul. / Cri.,julho,Previsão,13-jul-2026 seg,2,13,0,0,0,2,0,"1,48","337,51","168,75",0,0,4,32,229,10,0,0,32,0,"0,76","6 468,94","202,15",9,0,75,Total jul,32,229,10,0,0,32,0,"0,76","6 468,94","202,15",9,0,75,Total,42077,4770,14989,0,61,35613,6464,"42,70","5 795 514,62","137,74",15124,129,76825
Data,Ocup,Opção,Cheg,Oferta/Uso Interno,Deduz. Individ.,Deduz. Grupos,% Ocup.,Receita Quartos,Preço Médio,Saídas,Quartos FdS,Adul. / Cri.,julho,Previsão,14-jul-2026 ter,2,0,0,0,0,2,0,"1,48","337,51","168,75",0,0,4,32,229,10,0,0,32,0,"0,76","6 468,94","202,15",9,0,75,Total jul,32,229,10,0,0,32,0,"0,76","6 468,94","202,15",9,0,75,Total,42077,4770,14989,0,61,35613,6464,"42,70","5 795 514,62","137,74",15124,129,76825
Data,Ocup,Opção,Cheg,Oferta/Uso Interno,Deduz. Individ.,Deduz. Grupos,% Ocup.,Receita Quartos,Preço Médio,Saídas,Quartos FdS,Adul. / Cri.,julho,Previsão,15-jul-2026 qua,0,0,0,0,0,0,0,-,-,NaN,2,0,0,32,229,10,0,0,32,0,"0,76","6 468,94","202,15",9,0,75,Total jul,32,229,10,0,0,32,0,"0,76","6 468,94","202,15",9,0,75,Total,42077,4770,14989,0,61,35613,6464,"42,70","5 795 514,62","137,74",15124,129,76825
Data,Ocup,Opção,Cheg,Oferta/Uso Interno,Deduz. Individ.,Deduz. Grupos,% Ocup.,Receita Quartos,Preço Médio,Saídas,Quartos FdS,Adul. / Cri.,julho,Previsão,16-jul-2026 qui,0,0,0,0,0,0,0,-,-,NaN,0,0,0,32,229,10,0,0,32,0,"0,76","6 468,94","202,15",9,0,75,Total jul,32,229,10,0,0,32,0,"0,76","6 468,94","202,15",9,0,75,Total,42077,4770,14989,0,61,35613,6464,"42,70","5 795 514,62","137,74",15124,129,76825
Data,Ocup,Opção,Cheg,Oferta/Uso Interno,Deduz. Individ.,Deduz. Grupos,% Ocup.,Receita Quartos,Preço Médio,Saídas,Quartos FdS,Adul. / Cri.,julho,Previsão,17-jul-2026 sex,0,0,0,0,0,0,0,-,-,NaN,0,0,0,32,229,10,0,0,32,0,"0,76","6 468,94","202,15",9,0,75,Total jul,32,229,10,0,0,32,0,"0,76","6 468,94","202,15",9,0,75,Total,42077,4770,14989,0,61,35613,6464,"42,70","5 795 514,62","137,74",15124,129,76825
Data,Ocup,Opção,Cheg,Oferta/Uso Interno,Deduz. Individ.,Deduz. Grupos,% Ocup.,Receita Quartos,Preço Médio,Saídas,Quartos FdS,Adul. / Cri.,julho,Previsão,18-jul-2026 sáb,0,4,0,0,0,0,0,-,-,NaN,0,0,0,32,229,10,0,0,32,0,"0,76","6 468,94","202,15",9,0,75,Total jul,32,229,10,0,0,32,0,"0,76","6 468,94","202,15",9,0,75,Total,42077,4770,14989,0,61,35613,6464,"42,70","5 795 514,62","137,74",15124,129,76825
Data,Ocup,Opção,Cheg,Oferta/Uso Interno,Deduz. Individ.,Deduz. Grupos,% Ocup.,Receita Quartos,Preço Médio,Saídas,Quartos FdS,Adul. / Cri.,julho,Previsão,19-jul-2026 dom,0,13,0,0,0,0,0,-,-,NaN,0,0,0,32,229,10,0,0,32,0,"0,76","6 468,94","202,15",9,0,75,Total jul,32,229,10,0,0,32,0,"0,76","6 468,94","202,15",9,0,75,Total,42077,4770,14989,0,61,35613,6464,"42,70","5 795 514,62","137,74",15124,129,76825
Data,Ocup,Opção,Cheg,Oferta/Uso Interno,Deduz. Individ.,Deduz. Grupos,% Ocup.,Receita Quartos,Preço Médio,Saídas,Quartos FdS,Adul. / Cri.,julho,Previsão,20-jul-2026 seg,1,18,1,0,0,1,0,"0,74","291,85","291,85",0,0,4,32,229,10,0,0,32,0,"0,76","6 468,94","202,15",9,0,75,Total jul,32,229,10,0,0,32,0,"0,76","6 468,94","202,15",9,0,75,Total,42077,4770,14989,0,61,35613,6464,"42,70","5 795 514,62","137,74",15124,129,76825
Data,Ocup,Opção,Cheg,Oferta/Uso Interno,Deduz. Individ.,Deduz. Grupos,% Ocup.,Receita Quartos,Preço Médio,Saídas,Quartos FdS,Adul. / Cri.,julho,Previsão,21-jul-2026 ter,1,15,0,0,0,1,0,"0,74","291,85","291,85",0,0,4,32,229,10,0,0,32,0,"0,76","6 468,94","202,15",9,0,75,Total jul,32,229,10,0,0,32,0,"0,76","6 468,94","202,15",9,0,75,Total,42077,4770,14989,0,61,35613,6464,"42,70","5 795 514,62","137,74",15124,129,76825
Data,Ocup,Opção,Cheg,Oferta/Uso Interno,Deduz. Individ.,Deduz. Grupos,% Ocup.,Receita Quartos,Preço Médio,Saídas,Quartos FdS,Adul. / Cri.,julho,Previsão,22-jul-2026 qua,1,5,0,0,0,1,0,"0,74","291,85","291,85",0,0,4,32,229,10,0,0,32,0,"0,76","6 468,94","202,15",9,0,75,Total jul,32,229,10,0,0,32,0,"0,76","6 468,94","202,15",9,0,75,Total,42077,4770,14989,0,61,35613,6464,"42,70","5 795 514,62","137,74",15124,129,76825
Data,Ocup,Opção,Cheg,Oferta/Uso Interno,Deduz. Individ.,Deduz. Grupos,% Ocup.,Receita Quartos,Preço Médio,Saídas,Quartos FdS,Adul. / Cri.,julho,Previsão,23-jul-2026 qui,1,0,0,0,0,1,0,"0,74","291,85","291,85",0,0,4,32,229,10,0,0,32,0,"0,76","6 468,94","202,15",9,0,75,Total jul,32,229,10,0,0,32,0,"0,76","6 468,94","202,15",9,0,75,Total,42077,4770,14989,0,61,35613,6464,"42,70","5 795 514,62","137,74",15124,129,76825
Data,Ocup,Opção,Cheg,Oferta/Uso Interno,Deduz. Individ.,Deduz. Grupos,% Ocup.,Receita Quartos,Preço Médio,Saídas,Quartos FdS,Adul. / Cri.,julho,Previsão,24-jul-2026 sex,1,0,0,0,0,1,0,"0,74","320,72","320,72",0,0,4,32,229,10,0,0,32,0,"0,76","6 468,94","202,15",9,0,75,Total jul,32,229,10,0,0,32,0,"0,76","6 468,94","202,15",9,0,75,Total,42077,4770,14989,0,61,35613,6464,"42,70","5 795 514,62","137,74",15124,129,76825
Data,Ocup,Opção,Cheg,Oferta/Uso Interno,Deduz. Individ.,Deduz. Grupos,% Ocup.,Receita Quartos,Preço Médio,Saídas,Quartos FdS,Adul. / Cri.,julho,Previsão,25-jul-2026 sáb,1,0,0,0,0,1,0,"0,74","320,72","320,72",0,0,4,32,229,10,0,0,32,0,"0,76","6 468,94","202,15",9,0,75,Total jul,32,229,10,0,0,32,0,"0,76","6 468,94","202,15",9,0,75,Total,42077,4770,14989,0,61,35613,6464,"42,70","5 795 514,62","137,74",15124,129,76825
Data,Ocup,Opção,Cheg,Oferta/Uso Interno,Deduz. Individ.,Deduz. Grupos,% Ocup.,Receita Quartos,Preço Médio,Saídas,Quartos FdS,Adul. / Cri.,julho,Previsão,26-jul-2026 dom,0,0,0,0,0,0,0,-,-,NaN,1,0,0,32,229,10,0,0,32,0,"0,76","6 468,94","202,15",9,0,75,Total jul,32,229,10,0,0,32,0,"0,76","6 468,94","202,15",9,0,75,Total,42077,4770,14989,0,61,35613,6464,"42,70","5 795 514,62","137,74",15124,129,76825
Data,Ocup,Opção,Cheg,Oferta/Uso Interno,Deduz. Individ.,Deduz. Grupos,% Ocup.,Receita Quartos,Preço Médio,Saídas,Quartos FdS,Adul. / Cri.,julho,Previsão,27-jul-2026 seg,0,0,0,0,0,0,0,-,-,NaN,0,0,0,32,229,10,0,0,32,0,"0,76","6 468,94","202,15",9,0,75,Total jul,32,229,10,0,0,32,0,"0,76","6 468,94","202,15",9,0,75,Total,42077,4770,14989,0,61,35613,6464,"42,70","5 795 514,62","137,74",15124,129,76825
Data,Ocup,Opção,Cheg,Oferta/Uso Interno,Deduz. Individ.,Deduz. Grupos,% Ocup.,Receita Quartos,Preço Médio,Saídas,Quartos FdS,Adul. / Cri.,julho,Previsão,28-jul-2026 ter,0,0,0,0,0,0,0,-,-,NaN,0,0,0,32,229,10,0,0,32,0,"0,76","6 468,94","202,15",9,0,75,Total jul,32,229,10,0,0,32,0,"0,76","6 468,94","202,15",9,0,75,Total,42077,4770,14989,0,61,35613,6464,"42,70","5 795 514,62","137,74",15124,129,76825
Data,Ocup,Opção,Cheg,Oferta/Uso Interno,Deduz. Individ.,Deduz. Grupos,% Ocup.,Receita Quartos,Preço Médio,Saídas,Quartos FdS,Adul. / Cri.,julho,Previsão,29-jul-2026 qua,0,0,0,0,0,0,0,-,-,NaN,0,0,0,32,229,10,0,0,32,0,"0,76","6 468,94","202,15",9,0,75,Total jul,32,229,10,0,0,32,0,"0,76","6 468,94","202,15",9,0,75,Total,42077,4770,14989,0,61,35613,6464,"42,70","5 795 514,62","137,74",15124,129,76825
Data,Ocup,Opção,Cheg,Oferta/Uso Interno,Deduz. Individ.,Deduz. Grupos,% Ocup.,Receita Quartos,Preço Médio,Saídas,Quartos FdS,Adul. / Cri.,julho,Previsão,30-jul-2026 qui,0,0,0,0,0,0,0,-,-,NaN,0,0,0,32,229,10,0,0,32,0,"0,76","6 468,94","202,15",9,0,75,Total jul,32,229,10,0,0,32,0,"0,76","6 468,94","202,15",9,0,75,Total,42077,4770,14989,0,61,35613,6464,"42,70","5 795 514,62","137,74",15124,129,76825
Data,Ocup,Opção,Cheg,Oferta/Uso Interno,Deduz. Individ.,Deduz. Grupos,% Ocup.,Receita Quartos,Preço Médio,Saídas,Quartos FdS,Adul. / Cri.,julho,Previsão,31-jul-2026 sex,1,2,1,0,0,1,0,"0,74","317,99","317,99",0,0,5,32,229,10,0,0,32,0,"0,76","6 468,94","202,15",9,0,75,Total jul,32,229,10,0,0,32,0,"0,76","6 468,94","202,15",9,0,75,Total,42077,4770,14989,0,61,35613,6464,"42,70","5 795 514,62","137,74",15124,129,76825
Data,Ocup,Opção,Cheg,Oferta/Uso Interno,Deduz. Individ.,Deduz. Grupos,% Ocup.,Receita Quartos,Preço Médio,Saídas,Quartos FdS,Adul. / Cri.,agosto,Previsão,01-ago-2026 sáb,2,1,1,0,0,2,0,"1,48","459,10","229,55",0,0,7,84,171,30,0,0,32,52,"2,01","12 459,43","148,33",31,0,181,Total ago,84,171,30,0,0,32,52,"2,01","12 459,43","148,33",31,0,181,Total,42077,4770,14989,0,61,35613,6464,"42,70","5 795 514,62","137,74",15124,129,76825
Data,Ocup,Opção,Cheg,Oferta/Uso Interno,Deduz. Individ.,Deduz. Grupos,% Ocup.,Receita Quartos,Preço Médio,Saídas,Quartos FdS,Adul. / Cri.,agosto,Previsão,02-ago-2026 dom,2,0,1,0,0,2,0,"1,48","474,95","237,48",1,0,7,84,171,30,0,0,32,52,"2,01","12 459,43","148,33",31,0,181,Total ago,84,171,30,0,0,32,52,"2,01","12 459,43","148,33",31,0,181,Total,42077,4770,14989,0,61,35613,6464,"42,70","5 795 514,62","137,74",15124,129,76825
Data,Ocup,Opção,Cheg,Oferta/Uso Interno,Deduz. Individ.,Deduz. Grupos,% Ocup.,Receita Quartos,Preço Médio,Saídas,Quartos FdS,Adul. / Cri.,agosto,Previsão,03-ago-2026 seg,2,0,0,0,0,2,0,"1,48","474,95","237,48",0,0,7,84,171,30,0,0,32,52,"2,01","12 459,43","148,33",31,0,181,Total ago,84,171,30,0,0,32,52,"2,01","12 459,43","148,33",31,0,181,Total,42077,4770,14989,0,61,35613,6464,"42,70","5 795 514,62","137,74",15124,129,76825
Data,Ocup,Opção,Cheg,Oferta/Uso Interno,Deduz. Individ.,Deduz. Grupos,% Ocup.,Receita Quartos,Preço Médio,Saídas,Quartos FdS,Adul. / Cri.,agosto,Previsão,04-ago-2026 ter,1,0,0,0,0,1,0,"0,74","156,96","156,96",1,0,2,84,171,30,0,0,32,52,"2,01","12 459,43","148,33",31,0,181,Total ago,84,171,30,0,0,32,52,"2,01","12 459,43","148,33",31,0,181,Total,42077,4770,14989,0,61,35613,6464,"42,70","5 795 514,62","137,74",15124,129,76825
Data,Ocup,Opção,Cheg,Oferta/Uso Interno,Deduz. Individ.,Deduz. Grupos,% Ocup.,Receita Quartos,Preço Médio,Saídas,Quartos FdS,Adul. / Cri.,agosto,Previsão,05-ago-2026 qua,0,0,0,0,0,0,0,-,-,NaN,1,0,0,84,171,30,0,0,32,52,"2,01","12 459,43","148,33",31,0,181,Total ago,84,171,30,0,0,32,52,"2,01","12 459,43","148,33",31,0,181,Total,42077,4770,14989,0,61,35613,6464,"42,70","5 795 514,62","137,74",15124,129,76825
Data,Ocup,Opção,Cheg,Oferta/Uso Interno,Deduz. Individ.,Deduz. Grupos,% Ocup.,Receita Quartos,Preço Médio,Saídas,Quartos FdS,Adul. / Cri.,agosto,Previsão,06-ago-2026 qui,2,0,2,0,0,2,0,"1,48","318,64","159,32",0,0,4,84,171,30,0,0,32,52,"2,01","12 459,43","148,33",31,0,181,Total ago,84,171,30,0,0,32,52,"2,01","12 459,43","148,33",31,0,181,Total,42077,4770,14989,0,61,35613,6464,"42,70","5 795 514,62","137,74",15124,129,76825
Data,Ocup,Opção,Cheg,Oferta/Uso Interno,Deduz. Individ.,Deduz. Grupos,% Ocup.,Receita Quartos,Preço Médio,Saídas,Quartos FdS,Adul. / Cri.,agosto,Previsão,07-ago-2026 sex,2,0,0,0,0,2,0,"1,48","318,64","159,32",0,0,4,84,171,30,0,0,32,52,"2,01","12 459,43","148,33",31,0,181,Total ago,84,171,30,0,0,32,52,"2,01","12 459,43","148,33",31,0,181,Total,42077,4770,14989,0,61,35613,6464,"42,70","5 795 514,62","137,74",15124,129,76825
Data,Ocup,Opção,Cheg,Oferta/Uso Interno,Deduz. Individ.,Deduz. Grupos,% Ocup.,Receita Quartos,Preço Médio,Saídas,Quartos FdS,Adul. / Cri.,agosto,Previsão,08-ago-2026 sáb,0,0,0,0,0,0,0,-,-,NaN,2,0,0,84,171,30,0,0,32,52,"2,01","12 459,43","148,33",31,0,181,Total ago,84,171,30,0,0,32,52,"2,01","12 459,43","148,33",31,0,181,Total,42077,4770,14989,0,61,35613,6464,"42,70","5 795 514,62","137,74",15124,129,76825
Data,Ocup,Opção,Cheg,Oferta/Uso Interno,Deduz. Individ.,Deduz. Grupos,% Ocup.,Receita Quartos,Preço Médio,Saídas,Quartos FdS,Adul. / Cri.,agosto,Previsão,09-ago-2026 dom,2,0,2,0,0,2,0,"1,48","306,38","153,19",0,0,4,84,171,30,0,0,32,52,"2,01","12 459,43","148,33",31,0,181,Total ago,84,171,30,0,0,32,52,"2,01","12 459,43","148,33",31,0,181,Total,42077,4770,14989,0,61,35613,6464,"42,70","5 795 514,62","137,74",15124,129,76825
Data,Ocup,Opção,Cheg,Oferta/Uso Interno,Deduz. Individ.,Deduz. Grupos,% Ocup.,Receita Quartos,Preço Médio,Saídas,Quartos FdS,Adul. / Cri.,agosto,Previsão,10-ago-2026 seg,0,0,0,0,0,0,0,-,-,NaN,2,0,0,84,171,30,0,0,32,52,"2,01","12 459,43","148,33",31,0,181,Total ago,84,171,30,0,0,32,52,"2,01","12 459,43","148,33",31,0,181,Total,42077,4770,14989,0,61,35613,6464,"42,70","5 795 514,62","137,74",15124,129,76825
Data,Ocup,Opção,Cheg,Oferta/Uso Interno,Deduz. Individ.,Deduz. Grupos,% Ocup.,Receita Quartos,Preço Médio,Saídas,Quartos FdS,Adul. / Cri.,agosto,Previsão,11-ago-2026 ter,1,15,1,0,0,1,0,"0,74","360,74","360,74",0,0,4,84,171,30,0,0,32,52,"2,01","12 459,43","148,33",31,0,181,Total ago,84,171,30,0,0,32,52,"2,01","12 459,43","148,33",31,0,181,Total,42077,4770,14989,0,61,35613,6464,"42,70","5 795 514,62","137,74",15124,129,76825
Data,Ocup,Opção,Cheg,Oferta/Uso Interno,Deduz. Individ.,Deduz. Grupos,% Ocup.,Receita Quartos,Preço Médio,Saídas,Quartos FdS,Adul. / Cri.,agosto,Previsão,12-ago-2026 qua,1,0,0,0,0,1,0,"0,74","360,74","360,74",0,0,4,84,171,30,0,0,32,52,"2,01","12 459,43","148,33",31,0,181,Total ago,84,171,30,0,0,32,52,"2,01","12 459,43","148,33",31,0,181,Total,42077,4770,14989,0,61,35613,6464,"42,70","5 795 514,62","137,74",15124,129,76825
Data,Ocup,Opção,Cheg,Oferta/Uso Interno,Deduz. Individ.,Deduz. Grupos,% Ocup.,Receita Quartos,Preço Médio,Saídas,Quartos FdS,Adul. / Cri.,agosto,Previsão,13-ago-2026 qui,1,0,0,0,0,1,0,"0,74","360,74","360,74",0,0,4,84,171,30,0,0,32,52,"2,01","12 459,43","148,33",31,0,181,Total ago,84,171,30,0,0,32,52,"2,01","12 459,43","148,33",31,0,181,Total,42077,4770,14989,0,61,35613,6464,"42,70","5 795 514,62","137,74",15124,129,76825
Data,Ocup,Opção,Cheg,Oferta/Uso Interno,Deduz. Individ.,Deduz. Grupos,% Ocup.,Receita Quartos,Preço Médio,Saídas,Quartos FdS,Adul. / Cri.,agosto,Previsão,14-ago-2026 sex,1,0,0,0,0,1,0,"0,74","394,70","394,70",0,0,4,84,171,30,0,0,32,52,"2,01","12 459,43","148,33",31,0,181,Total ago,84,171,30,0,0,32,52,"2,01","12 459,43","148,33",31,0,181,Total,42077,4770,14989,0,61,35613,6464,"42,70","5 795 514,62","137,74",15124,129,76825
Data,Ocup,Opção,Cheg,Oferta/Uso Interno,Deduz. Individ.,Deduz. Grupos,% Ocup.,Receita Quartos,Preço Médio,Saídas,Quartos FdS,Adul. / Cri.,agosto,Previsão,15-ago-2026 sáb,1,0,0,0,0,1,0,"0,74","394,70","394,70",0,0,4,84,171,30,0,0,32,52,"2,01","12 459,43","148,33",31,0,181,Total ago,84,171,30,0,0,32,52,"2,01","12 459,43","148,33",31,0,181,Total,42077,4770,14989,0,61,35613,6464,"42,70","5 795 514,62","137,74",15124,129,76825
Data,Ocup,Opção,Cheg,Oferta/Uso Interno,Deduz. Individ.,Deduz. Grupos,% Ocup.,Receita Quartos,Preço Médio,Saídas,Quartos FdS,Adul. / Cri.,agosto,Previsão,16-ago-2026 dom,0,0,0,0,0,0,0,-,-,NaN,1,0,0,84,171,30,0,0,32,52,"2,01","12 459,43","148,33",31,0,181,Total ago,84,171,30,0,0,32,52,"2,01","12 459,43","148,33",31,0,181,Total,42077,4770,14989,0,61,35613,6464,"42,70","5 795 514,62","137,74",15124,129,76825
Data,Ocup,Opção,Cheg,Oferta/Uso Interno,Deduz. Individ.,Deduz. Grupos,% Ocup.,Receita Quartos,Preço Médio,Saídas,Quartos FdS,Adul. / Cri.,agosto,Previsão,17-ago-2026 seg,0,0,0,0,0,0,0,-,-,NaN,0,0,0,84,171,30,0,0,32,52,"2,01","12 459,43","148,33",31,0,181,Total ago,84,171,30,0,0,32,52,"2,01","12 459,43","148,33",31,0,181,Total,42077,4770,14989,0,61,35613,6464,"42,70","5 795 514,62","137,74",15124,129,76825
Data,Ocup,Opção,Cheg,Oferta/Uso Interno,Deduz. Individ.,Deduz. Grupos,% Ocup.,Receita Quartos,Preço Médio,Saídas,Quartos FdS,Adul. / Cri.,agosto,Previsão,18-ago-2026 ter,2,0,2,0,0,2,0,"1,48","299,55","149,77",0,0,4,84,171,30,0,0,32,52,"2,01","12 459,43","148,33",31,0,181,Total ago,84,171,30,0,0,32,52,"2,01","12 459,43","148,33",31,0,181,Total,42077,4770,14989,0,61,35613,6464,"42,70","5 795 514,62","137,74",15124,129,76825
Data,Ocup,Opção,Cheg,Oferta/Uso Interno,Deduz. Individ.,Deduz. Grupos,% Ocup.,Receita Quartos,Preço Médio,Saídas,Quartos FdS,Adul. / Cri.,agosto,Previsão,19-ago-2026 qua,2,0,0,0,0,2,0,"1,48","299,55","149,77",0,0,4,84,171,30,0,0,32,52,"2,01","12 459,43","148,33",31,0,181,Total ago,84,171,30,0,0,32,52,"2,01","12 459,43","148,33",31,0,181,Total,42077,4770,14989,0,61,35613,6464,"42,70","5 795 514,62","137,74",15124,129,76825
Data,Ocup,Opção,Cheg,Oferta/Uso Interno,Deduz. Individ.,Deduz. Grupos,% Ocup.,Receita Quartos,Preço Médio,Saídas,Quartos FdS,Adul. / Cri.,agosto,Previsão,20-ago-2026 qui,2,0,0,0,0,2,0,"1,48","299,55","149,77",0,0,4,84,171,30,0,0,32,52,"2,01","12 459,43","148,33",31,0,181,Total ago,84,171,30,0,0,32,52,"2,01","12 459,43","148,33",31,0,181,Total,42077,4770,14989,0,61,35613,6464,"42,70","5 795 514,62","137,74",15124,129,76825
Data,Ocup,Opção,Cheg,Oferta/Uso Interno,Deduz. Individ.,Deduz. Grupos,% Ocup.,Receita Quartos,Preço Médio,Saídas,Quartos FdS,Adul. / Cri.,agosto,Previsão,21-ago-2026 sex,0,0,0,0,0,0,0,-,-,NaN,2,0,0,84,171,30,0,0,32,52,"2,01","12 459,43","148,33",31,0,181,Total ago,84,171,30,0,0,32,52,"2,01","12 459,43","148,33",31,0,181,Total,42077,4770,14989,0,61,35613,6464,"42,70","5 795 514,62","137,74",15124,129,76825
Data,Ocup,Opção,Cheg,Oferta/Uso Interno,Deduz. Individ.,Deduz. Grupos,% Ocup.,Receita Quartos,Preço Médio,Saídas,Quartos FdS,Adul. / Cri.,agosto,Previsão,22-ago-2026 sáb,3,0,3,0,0,3,0,"2,22","386,62","128,87",0,0,5,84,171,30,0,0,32,52,"2,01","12 459,43","148,33",31,0,181,Total ago,84,171,30,0,0,32,52,"2,01","12 459,43","148,33",31,0,181,Total,42077,4770,14989,0,61,35613,6464,"42,70","5 795 514,62","137,74",15124,129,76825
Data,Ocup,Opção,Cheg,Oferta/Uso Interno,Deduz. Individ.,Deduz. Grupos,% Ocup.,Receita Quartos,Preço Médio,Saídas,Quartos FdS,Adul. / Cri.,agosto,Previsão,23-ago-2026 dom,2,0,1,0,0,2,0,"1,48","255,84","127,92",2,0,3,84,171,30,0,0,32,52,"2,01","12 459,43","148,33",31,0,181,Total ago,84,171,30,0,0,32,52,"2,01","12 459,43","148,33",31,0,181,Total,42077,4770,14989,0,61,35613,6464,"42,70","5 795 514,62","137,74",15124,129,76825
Data,Ocup,Opção,Cheg,Oferta/Uso Interno,Deduz. Individ.,Deduz. Grupos,% Ocup.,Receita Quartos,Preço Médio,Saídas,Quartos FdS,Adul. / Cri.,agosto,Previsão,24-ago-2026 seg,1,15,0,0,0,1,0,"0,74","127,77","127,77",1,0,2,84,171,30,0,0,32,52,"2,01","12 459,43","148,33",31,0,181,Total ago,84,171,30,0,0,32,52,"2,01","12 459,43","148,33",31,0,181,Total,42077,4770,14989,0,61,35613,6464,"42,70","5 795 514,62","137,74",15124,129,76825
Data,Ocup,Opção,Cheg,Oferta/Uso Interno,Deduz. Individ.,Deduz. Grupos,% Ocup.,Receita Quartos,Preço Médio,Saídas,Quartos FdS,Adul. / Cri.,agosto,Previsão,25-ago-2026 ter,2,37,1,0,0,1,1,"1,48","241,16","120,58",0,0,3,84,171,30,0,0,32,52,"2,01","12 459,43","148,33",31,0,181,Total ago,84,171,30,0,0,32,52,"2,01","12 459,43","148,33",31,0,181,Total,42077,4770,14989,0,61,35613,6464,"42,70","5 795 514,62","137,74",15124,129,76825
Data,Ocup,Opção,Cheg,Oferta/Uso Interno,Deduz. Individ.,Deduz. Grupos,% Ocup.,Receita Quartos,Preço Médio,Saídas,Quartos FdS,Adul. / Cri.,agosto,Previsão,26-ago-2026 qua,18,37,16,0,0,1,17,"13,33","2 141,24","118,96",0,0,35,84,171,30,0,0,32,52,"2,01","12 459,43","148,33",31,0,181,Total ago,84,171,30,0,0,32,52,"2,01","12 459,43","148,33",31,0,181,Total,42077,4770,14989,0,61,35613,6464,"42,70","5 795 514,62","137,74",15124,129,76825
Data,Ocup,Opção,Cheg,Oferta/Uso Interno,Deduz. Individ.,Deduz. Grupos,% Ocup.,Receita Quartos,Preço Médio,Saídas,Quartos FdS,Adul. / Cri.,agosto,Previsão,27-ago-2026 qui,17,22,0,0,0,0,17,"12,59","2 013,46","118,44",1,0,33,84,171,30,0,0,32,52,"2,01","12 459,43","148,33",31,0,181,Total ago,84,171,30,0,0,32,52,"2,01","12 459,43","148,33",31,0,181,Total,42077,4770,14989,0,61,35613,6464,"42,70","5 795 514,62","137,74",15124,129,76825
Data,Ocup,Opção,Cheg,Oferta/Uso Interno,Deduz. Individ.,Deduz. Grupos,% Ocup.,Receita Quartos,Preço Médio,Saídas,Quartos FdS,Adul. / Cri.,agosto,Previsão,28-ago-2026 sex,17,0,0,0,0,0,17,"12,59","2 013,46","118,44",0,0,33,84,171,30,0,0,32,52,"2,01","12 459,43","148,33",31,0,181,Total ago,84,171,30,0,0,32,52,"2,01","12 459,43","148,33",31,0,181,Total,42077,4770,14989,0,61,35613,6464,"42,70","5 795 514,62","137,74",15124,129,76825
Data,Ocup,Opção,Cheg,Oferta/Uso Interno,Deduz. Individ.,Deduz. Grupos,% Ocup.,Receita Quartos,Preço Médio,Saídas,Quartos FdS,Adul. / Cri.,agosto,Previsão,29-ago-2026 sáb,0,0,0,0,0,0,0,-,-,NaN,17,0,0,84,171,30,0,0,32,52,"2,01","12 459,43","148,33",31,0,181,Total ago,84,171,30,0,0,32,52,"2,01","12 459,43","148,33",31,0,181,Total,42077,4770,14989,0,61,35613,6464,"42,70","5 795 514,62","137,74",15124,129,76825
Data,Ocup,Opção,Cheg,Oferta/Uso Interno,Deduz. Individ.,Deduz. Grupos,% Ocup.,Receita Quartos,Preço Médio,Saídas,Quartos FdS,Adul. / Cri.,agosto,Previsão,30-ago-2026 dom,0,22,0,0,0,0,0,-,-,NaN,0,0,0,84,171,30,0,0,32,52,"2,01","12 459,43","148,33",31,0,181,Total ago,84,171,30,0,0,32,52,"2,01","12 459,43","148,33",31,0,181,Total,42077,4770,14989,0,61,35613,6464,"42,70","5 795 514,62","137,74",15124,129,76825
Data,Ocup,Opção,Cheg,Oferta/Uso Interno,Deduz. Individ.,Deduz. Grupos,% Ocup.,Receita Quartos,Preço Médio,Saídas,Quartos FdS,Adul. / Cri.,agosto,Previsão,31-ago-2026 seg,0,22,0,0,0,0,0,-,-,NaN,0,0,0,84,171,30,0,0,32,52,"2,01","12 459,43","148,33",31,0,181,Total ago,84,171,30,0,0,32,52,"2,01","12 459,43","148,33",31,0,181,Total,42077,4770,14989,0,61,35613,6464,"42,70","5 795 514,62","137,74",15124,129,76825
Data,Ocup,Opção,Cheg,Oferta/Uso Interno,Deduz. Individ.,Deduz. Grupos,% Ocup.,Receita Quartos,Preço Médio,Saídas,Quartos FdS,Adul. / Cri.,setembro,Previsão,01-set-2026 ter,1,44,1,0,0,0,1,"0,74","141,69","141,69",0,0,1,249,969,97,0,0,21,228,"6,15","37 318,20","149,87",80,0,480,Total set,249,969,97,0,0,21,228,"6,15","37 318,20","149,87",80,0,480,Total,42077,4770,14989,0,61,35613,6464,"42,70","5 795 514,62","137,74",15124,129,76825
Data,Ocup,Opção,Cheg,Oferta/Uso Interno,Deduz. Individ.,Deduz. Grupos,% Ocup.,Receita Quartos,Preço Médio,Saídas,Quartos FdS,Adul. / Cri.,setembro,Previsão,02-set-2026 qua,18,22,17,0,0,1,17,"13,33","2 674,20","148,57",0,0,35,249,969,97,0,0,21,228,"6,15","37 318,20","149,87",80,0,480,Total set,249,969,97,0,0,21,228,"6,15","37 318,20","149,87",80,0,480,Total,42077,4770,14989,0,61,35613,6464,"42,70","5 795 514,62","137,74",15124,129,76825
Data,Ocup,Opção,Cheg,Oferta/Uso Interno,Deduz. Individ.,Deduz. Grupos,% Ocup.,Receita Quartos,Preço Médio,Saídas,Quartos FdS,Adul. / Cri.,setembro,Previsão,03-set-2026 qui,18,48,0,0,0,1,17,"13,33","2 674,20","148,57",0,0,35,249,969,97,0,0,21,228,"6,15","37 318,20","149,87",80,0,480,Total set,249,969,97,0,0,21,228,"6,15","37 318,20","149,87",80,0,480,Total,42077,4770,14989,0,61,35613,6464,"42,70","5 795 514,62","137,74",15124,129,76825
Data,Ocup,Opção,Cheg,Oferta/Uso Interno,Deduz. Individ.,Deduz. Grupos,% Ocup.,Receita Quartos,Preço Médio,Saídas,Quartos FdS,Adul. / Cri.,setembro,Previsão,04-set-2026 sex,18,35,0,0,0,1,17,"13,33","2 690,24","149,46",0,0,35,249,969,97,0,0,21,228,"6,15","37 318,20","149,87",80,0,480,Total set,249,969,97,0,0,21,228,"6,15","37 318,20","149,87",80,0,480,Total,42077,4770,14989,0,61,35613,6464,"42,70","5 795 514,62","137,74",15124,129,76825
Data,Ocup,Opção,Cheg,Oferta/Uso Interno,Deduz. Individ.,Deduz. Grupos,% Ocup.,Receita Quartos,Preço Médio,Saídas,Quartos FdS,Adul. / Cri.,setembro,Previsão,05-set-2026 sáb,1,39,0,0,0,1,0,"0,74","195,64","195,64",17,0,2,249,969,97,0,0,21,228,"6,15","37 318,20","149,87",80,0,480,Total set,249,969,97,0,0,21,228,"6,15","37 318,20","149,87",80,0,480,Total,42077,4770,14989,0,61,35613,6464,"42,70","5 795 514,62","137,74",15124,129,76825
Data,Ocup,Opção,Cheg,Oferta/Uso Interno,Deduz. Individ.,Deduz. Grupos,% Ocup.,Receita Quartos,Preço Médio,Saídas,Quartos FdS,Adul. / Cri.,setembro,Previsão,06-set-2026 dom,0,13,0,0,0,0,0,-,-,NaN,1,0,0,249,969,97,0,0,21,228,"6,15","37 318,20","149,87",80,0,480,Total set,249,969,97,0,0,21,228,"6,15","37 318,20","149,87",80,0,480,Total,42077,4770,14989,0,61,35613,6464,"42,70","5 795 514,62","137,74",15124,129,76825
Data,Ocup,Opção,Cheg,Oferta/Uso Interno,Deduz. Individ.,Deduz. Grupos,% Ocup.,Receita Quartos,Preço Médio,Saídas,Quartos FdS,Adul. / Cri.,setembro,Previsão,07-set-2026 seg,1,13,1,0,0,1,0,"0,74","181,23","181,23",0,0,2,249,969,97,0,0,21,228,"6,15","37 318,20","149,87",80,0,480,Total set,249,969,97,0,0,21,228,"6,15","37 318,20","149,87",80,0,480,Total,42077,4770,14989,0,61,35613,6464,"42,70","5 795 514,62","137,74",15124,129,76825
Data,Ocup,Opção,Cheg,Oferta/Uso Interno,Deduz. Individ.,Deduz. Grupos,% Ocup.,Receita Quartos,Preço Médio,Saídas,Quartos FdS,Adul. / Cri.,setembro,Previsão,08-set-2026 ter,3,26,2,0,0,2,1,"2,22","484,59","161,53",0,0,5,249,969,97,0,0,21,228,"6,15","37 318,20","149,87",80,0,480,Total set,249,969,97,0,0,21,228,"6,15","37 318,20","149,87",80,0,480,Total,42077,4770,14989,0,61,35613,6464,"42,70","5 795 514,62","137,74",15124,129,76825
Data,Ocup,Opção,Cheg,Oferta/Uso Interno,Deduz. Individ.,Deduz. Grupos,% Ocup.,Receita Quartos,Preço Médio,Saídas,Quartos FdS,Adul. / Cri.,setembro,Previsão,09-set-2026 qua,19,35,18,0,0,2,17,"14,07","2 876,67","151,40",2,0,37,249,969,97,0,0,21,228,"6,15","37 318,20","149,87",80,0,480,Total set,249,969,97,0,0,21,228,"6,15","37 318,20","149,87",80,0,480,Total,42077,4770,14989,0,61,35613,6464,"42,70","5 795 514,62","137,74",15124,129,76825
Data,Ocup,Opção,Cheg,Oferta/Uso Interno,Deduz. Individ.,Deduz. Grupos,% Ocup.,Receita Quartos,Preço Médio,Saídas,Quartos FdS,Adul. / Cri.,setembro,Previsão,10-set-2026 qui,19,39,0,0,0,2,17,"14,07","2 876,67","151,40",0,0,37,249,969,97,0,0,21,228,"6,15","37 318,20","149,87",80,0,480,Total set,249,969,97,0,0,21,228,"6,15","37 318,20","149,87",80,0,480,Total,42077,4770,14989,0,61,35613,6464,"42,70","5 795 514,62","137,74",15124,129,76825
Data,Ocup,Opção,Cheg,Oferta/Uso Interno,Deduz. Individ.,Deduz. Grupos,% Ocup.,Receita Quartos,Preço Médio,Saídas,Quartos FdS,Adul. / Cri.,setembro,Previsão,11-set-2026 sex,18,13,0,0,0,1,17,"13,33","2 700,91","150,05",1,0,35,249,969,97,0,0,21,228,"6,15","37 318,20","149,87",80,0,480,Total set,249,969,97,0,0,21,228,"6,15","37 318,20","149,87",80,0,480,Total,42077,4770,14989,0,61,35613,6464,"42,70","5 795 514,62","137,74",15124,129,76825
Data,Ocup,Opção,Cheg,Oferta/Uso Interno,Deduz. Individ.,Deduz. Grupos,% Ocup.,Receita Quartos,Preço Médio,Saídas,Quartos FdS,Adul. / Cri.,setembro,Previsão,12-set-2026 sáb,0,17,0,0,0,0,0,-,-,NaN,18,0,0,249,969,97,0,0,21,228,"6,15","37 318,20","149,87",80,0,480,Total set,249,969,97,0,0,21,228,"6,15","37 318,20","149,87",80,0,480,Total,42077,4770,14989,0,61,35613,6464,"42,70","5 795 514,62","137,74",15124,129,76825
Data,Ocup,Opção,Cheg,Oferta/Uso Interno,Deduz. Individ.,Deduz. Grupos,% Ocup.,Receita Quartos,Preço Médio,Saídas,Quartos FdS,Adul. / Cri.,setembro,Previsão,13-set-2026 dom,0,35,0,0,0,0,0,-,-,NaN,0,0,0,249,969,97,0,0,21,228,"6,15","37 318,20","149,87",80,0,480,Total set,249,969,97,0,0,21,228,"6,15","37 318,20","149,87",80,0,480,Total,42077,4770,14989,0,61,35613,6464,"42,70","5 795 514,62","137,74",15124,129,76825
Data,Ocup,Opção,Cheg,Oferta/Uso Interno,Deduz. Individ.,Deduz. Grupos,% Ocup.,Receita Quartos,Preço Médio,Saídas,Quartos FdS,Adul. / Cri.,setembro,Previsão,14-set-2026 seg,0,35,0,0,0,0,0,-,-,NaN,0,0,0,249,969,97,0,0,21,228,"6,15","37 318,20","149,87",80,0,480,Total set,249,969,97,0,0,21,228,"6,15","37 318,20","149,87",80,0,480,Total,42077,4770,14989,0,61,35613,6464,"42,70","5 795 514,62","137,74",15124,129,76825
Data,Ocup,Opção,Cheg,Oferta/Uso Interno,Deduz. Individ.,Deduz. Grupos,% Ocup.,Receita Quartos,Preço Médio,Saídas,Quartos FdS,Adul. / Cri.,setembro,Previsão,15-set-2026 ter,2,66,2,0,0,1,1,"1,48","309,26","154,63",0,0,3,249,969,97,0,0,21,228,"6,15","37 318,20","149,87",80,0,480,Total set,249,969,97,0,0,21,228,"6,15","37 318,20","149,87",80,0,480,Total,42077,4770,14989,0,61,35613,6464,"42,70","5 795 514,62","137,74",15124,129,76825
Data,Ocup,Opção,Cheg,Oferta/Uso Interno,Deduz. Individ.,Deduz. Grupos,% Ocup.,Receita Quartos,Preço Médio,Saídas,Quartos FdS,Adul. / Cri.,setembro,Previsão,16-set-2026 qua,17,53,16,0,0,0,17,"12,59","2 494,59","146,74",1,0,33,249,969,97,0,0,21,228,"6,15","37 318,20","149,87",80,0,480,Total set,249,969,97,0,0,21,228,"6,15","37 318,20","149,87",80,0,480,Total,42077,4770,14989,0,61,35613,6464,"42,70","5 795 514,62","137,74",15124,129,76825
Data,Ocup,Opção,Cheg,Oferta/Uso Interno,Deduz. Individ.,Deduz. Grupos,% Ocup.,Receita Quartos,Preço Médio,Saídas,Quartos FdS,Adul. / Cri.,setembro,Previsão,17-set-2026 qui,18,56,1,0,0,0,18,"13,33","2 630,80","146,16",0,0,35,249,969,97,0,0,21,228,"6,15","37 318,20","149,87",80,0,480,Total set,249,969,97,0,0,21,228,"6,15","37 318,20","149,87",80,0,480,Total,42077,4770,14989,0,61,35613,6464,"42,70","5 795 514,62","137,74",15124,129,76825
Data,Ocup,Opção,Cheg,Oferta/Uso Interno,Deduz. Individ.,Deduz. Grupos,% Ocup.,Receita Quartos,Preço Médio,Saídas,Quartos FdS,Adul. / Cri.,setembro,Previsão,18-set-2026 sex,17,53,0,0,0,0,17,"12,59","2 494,59","146,74",1,0,33,249,969,97,0,0,21,228,"6,15","37 318,20","149,87",80,0,480,Total set,249,969,97,0,0,21,228,"6,15","37 318,20","149,87",80,0,480,Total,42077,4770,14989,0,61,35613,6464,"42,70","5 795 514,62","137,74",15124,129,76825
Data,Ocup,Opção,Cheg,Oferta/Uso Interno,Deduz. Individ.,Deduz. Grupos,% Ocup.,Receita Quartos,Preço Médio,Saídas,Quartos FdS,Adul. / Cri.,setembro,Previsão,19-set-2026 sáb,0,17,0,0,0,0,0,-,-,NaN,17,0,0,249,969,97,0,0,21,228,"6,15","37 318,20","149,87",80,0,480,Total set,249,969,97,0,0,21,228,"6,15","37 318,20","149,87",80,0,480,Total,42077,4770,14989,0,61,35613,6464,"42,70","5 795 514,62","137,74",15124,129,76825
Data,Ocup,Opção,Cheg,Oferta/Uso Interno,Deduz. Individ.,Deduz. Grupos,% Ocup.,Receita Quartos,Preço Médio,Saídas,Quartos FdS,Adul. / Cri.,setembro,Previsão,20-set-2026 dom,0,35,0,0,0,0,0,-,-,NaN,0,0,0,249,969,97,0,0,21,228,"6,15","37 318,20","149,87",80,0,480,Total set,249,969,97,0,0,21,228,"6,15","37 318,20","149,87",80,0,480,Total,42077,4770,14989,0,61,35613,6464,"42,70","5 795 514,62","137,74",15124,129,76825
Data,Ocup,Opção,Cheg,Oferta/Uso Interno,Deduz. Individ.,Deduz. Grupos,% Ocup.,Receita Quartos,Preço Médio,Saídas,Quartos FdS,Adul. / Cri.,setembro,Previsão,21-set-2026 seg,1,35,1,0,0,1,0,"0,74","219,79","219,79",0,0,2,249,969,97,0,0,21,228,"6,15","37 318,20","149,87",80,0,480,Total set,249,969,97,0,0,21,228,"6,15","37 318,20","149,87",80,0,480,Total,42077,4770,14989,0,61,35613,6464,"42,70","5 795 514,62","137,74",15124,129,76825
Data,Ocup,Opção,Cheg,Oferta/Uso Interno,Deduz. Individ.,Deduz. Grupos,% Ocup.,Receita Quartos,Preço Médio,Saídas,Quartos FdS,Adul. / Cri.,setembro,Previsão,22-set-2026 ter,2,26,1,0,0,1,1,"1,48","361,48","180,74",0,0,3,249,969,97,0,0,21,228,"6,15","37 318,20","149,87",80,0,480,Total set,249,969,97,0,0,21,228,"6,15","37 318,20","149,87",80,0,480,Total,42077,4770,14989,0,61,35613,6464,"42,70","5 795 514,62","137,74",15124,129,76825
Data,Ocup,Opção,Cheg,Oferta/Uso Interno,Deduz. Individ.,Deduz. Grupos,% Ocup.,Receita Quartos,Preço Médio,Saídas,Quartos FdS,Adul. / Cri.,setembro,Previsão,23-set-2026 qua,18,13,17,0,0,1,17,"13,33","2 642,12","146,78",1,0,35,249,969,97,0,0,21,228,"6,15","37 318,20","149,87",80,0,480,Total set,249,969,97,0,0,21,228,"6,15","37 318,20","149,87",80,0,480,Total,42077,4770,14989,0,61,35613,6464,"42,70","5 795 514,62","137,74",15124,129,76825
Data,Ocup,Opção,Cheg,Oferta/Uso Interno,Deduz. Individ.,Deduz. Grupos,% Ocup.,Receita Quartos,Preço Médio,Saídas,Quartos FdS,Adul. / Cri.,setembro,Previsão,24-set-2026 qui,18,17,0,0,0,1,17,"13,33","2 642,12","146,78",0,0,35,249,969,97,0,0,21,228,"6,15","37 318,20","149,87",80,0,480,Total set,249,969,97,0,0,21,228,"6,15","37 318,20","149,87",80,0,480,Total,42077,4770,14989,0,61,35613,6464,"42,70","5 795 514,62","137,74",15124,129,76825
Data,Ocup,Opção,Cheg,Oferta/Uso Interno,Deduz. Individ.,Deduz. Grupos,% Ocup.,Receita Quartos,Preço Médio,Saídas,Quartos FdS,Adul. / Cri.,setembro,Previsão,25-set-2026 sex,18,13,0,0,0,1,17,"13,33","2 654,95","147,50",0,0,35,249,969,97,0,0,21,228,"6,15","37 318,20","149,87",80,0,480,Total set,249,969,97,0,0,21,228,"6,15","37 318,20","149,87",80,0,480,Total,42077,4770,14989,0,61,35613,6464,"42,70","5 795 514,62","137,74",15124,129,76825
Data,Ocup,Opção,Cheg,Oferta/Uso Interno,Deduz. Individ.,Deduz. Grupos,% Ocup.,Receita Quartos,Preço Médio,Saídas,Quartos FdS,Adul. / Cri.,setembro,Previsão,26-set-2026 sáb,1,15,1,0,0,0,1,"0,74","137,15","137,15",18,0,2,249,969,97,0,0,21,228,"6,15","37 318,20","149,87",80,0,480,Total set,249,969,97,0,0,21,228,"6,15","37 318,20","149,87",80,0,480,Total,42077,4770,14989,0,61,35613,6464,"42,70","5 795 514,62","137,74",15124,129,76825
Data,Ocup,Opção,Cheg,Oferta/Uso Interno,Deduz. Individ.,Deduz. Grupos,% Ocup.,Receita Quartos,Preço Médio,Saídas,Quartos FdS,Adul. / Cri.,setembro,Previsão,27-set-2026 dom,0,36,0,0,0,0,0,-,-,NaN,1,0,0,249,969,97,0,0,21,228,"6,15","37 318,20","149,87",80,0,480,Total set,249,969,97,0,0,21,228,"6,15","37 318,20","149,87",80,0,480,Total,42077,4770,14989,0,61,35613,6464,"42,70","5 795 514,62","137,74",15124,129,76825
Data,Ocup,Opção,Cheg,Oferta/Uso Interno,Deduz. Individ.,Deduz. Grupos,% Ocup.,Receita Quartos,Preço Médio,Saídas,Quartos FdS,Adul. / Cri.,setembro,Previsão,28-set-2026 seg,2,36,2,0,0,2,0,"1,48","392,13","196,07",0,0,4,249,969,97,0,0,21,228,"6,15","37 318,20","149,87",80,0,480,Total set,249,969,97,0,0,21,228,"6,15","37 318,20","149,87",80,0,480,Total,42077,4770,14989,0,61,35613,6464,"42,70","5 795 514,62","137,74",15124,129,76825
Data,Ocup,Opção,Cheg,Oferta/Uso Interno,Deduz. Individ.,Deduz. Grupos,% Ocup.,Receita Quartos,Preço Médio,Saídas,Quartos FdS,Adul. / Cri.,setembro,Previsão,29-set-2026 ter,2,49,1,0,0,1,1,"1,48","348,56","174,28",1,0,3,249,969,97,0,0,21,228,"6,15","37 318,20","149,87",80,0,480,Total set,249,969,97,0,0,21,228,"6,15","37 318,20","149,87",80,0,480,Total,42077,4770,14989,0,61,35613,6464,"42,70","5 795 514,62","137,74",15124,129,76825
Data,Ocup,Opção,Cheg,Oferta/Uso Interno,Deduz. Individ.,Deduz. Grupos,% Ocup.,Receita Quartos,Preço Médio,Saídas,Quartos FdS,Adul. / Cri.,setembro,Previsão,30-set-2026 qua,17,35,16,0,0,0,17,"12,59","2 494,59","146,74",1,0,33,249,969,97,0,0,21,228,"6,15","37 318,20","149,87",80,0,480,Total set,249,969,97,0,0,21,228,"6,15","37 318,20","149,87",80,0,480,Total,42077,4770,14989,0,61,35613,6464,"42,70","5 795 514,62","137,74",15124,129,76825
Data,Ocup,Opção,Cheg,Oferta/Uso Interno,Deduz. Individ.,Deduz. Grupos,% Ocup.,Receita Quartos,Preço Médio,Saídas,Quartos FdS,Adul. / Cri.,outubro,Previsão,01-out-2026 qui,17,39,0,0,0,0,17,"12,59","2 494,59","146,74",0,0,33,249,486,72,0,0,6,243,"5,95","36 608,54","147,02",89,0,474,Total out,249,486,72,0,0,6,243,"5,95","36 608,54","147,02",89,0,474,Total,42077,4770,14989,0,61,35613,6464,"42,70","5 795 514,62","137,74",15124,129,76825
Data,Ocup,Opção,Cheg,Oferta/Uso Interno,Deduz. Individ.,Deduz. Grupos,% Ocup.,Receita Quartos,Preço Médio,Saídas,Quartos FdS,Adul. / Cri.,outubro,Previsão,02-out-2026 sex,17,13,0,0,0,0,17,"12,59","2 494,59","146,74",0,0,33,249,486,72,0,0,6,243,"5,95","36 608,54","147,02",89,0,474,Total out,249,486,72,0,0,6,243,"5,95","36 608,54","147,02",89,0,474,Total,42077,4770,14989,0,61,35613,6464,"42,70","5 795 514,62","137,74",15124,129,76825
Data,Ocup,Opção,Cheg,Oferta/Uso Interno,Deduz. Individ.,Deduz. Grupos,% Ocup.,Receita Quartos,Preço Médio,Saídas,Quartos FdS,Adul. / Cri.,outubro,Previsão,03-out-2026 sáb,0,18,0,0,0,0,0,-,-,NaN,17,0,0,249,486,72,0,0,6,243,"5,95","36 608,54","147,02",89,0,474,Total out,249,486,72,0,0,6,243,"5,95","36 608,54","147,02",89,0,474,Total,42077,4770,14989,0,61,35613,6464,"42,70","5 795 514,62","137,74",15124,129,76825
Data,Ocup,Opção,Cheg,Oferta/Uso Interno,Deduz. Individ.,Deduz. Grupos,% Ocup.,Receita Quartos,Preço Médio,Saídas,Quartos FdS,Adul. / Cri.,outubro,Previsão,04-out-2026 dom,0,14,0,0,0,0,0,-,-,NaN,0,0,0,249,486,72,0,0,6,243,"5,95","36 608,54","147,02",89,0,474,Total out,249,486,72,0,0,6,243,"5,95","36 608,54","147,02",89,0,474,Total,42077,4770,14989,0,61,35613,6464,"42,70","5 795 514,62","137,74",15124,129,76825
Data,Ocup,Opção,Cheg,Oferta/Uso Interno,Deduz. Individ.,Deduz. Grupos,% Ocup.,Receita Quartos,Preço Médio,Saídas,Quartos FdS,Adul. / Cri.,outubro,Previsão,05-out-2026 seg,3,14,3,0,0,3,0,"2,22","490,16","163,39",0,0,3,249,486,72,0,0,6,243,"5,95","36 608,54","147,02",89,0,474,Total out,249,486,72,0,0,6,243,"5,95","36 608,54","147,02",89,0,474,Total,42077,4770,14989,0,61,35613,6464,"42,70","5 795 514,62","137,74",15124,129,76825
Data,Ocup,Opção,Cheg,Oferta/Uso Interno,Deduz. Individ.,Deduz. Grupos,% Ocup.,Receita Quartos,Preço Médio,Saídas,Quartos FdS,Adul. / Cri.,outubro,Previsão,06-out-2026 ter,5,5,2,0,0,3,2,"3,70","769,00","153,80",0,0,6,249,486,72,0,0,6,243,"5,95","36 608,54","147,02",89,0,474,Total out,249,486,72,0,0,6,243,"5,95","36 608,54","147,02",89,0,474,Total,42077,4770,14989,0,61,35613,6464,"42,70","5 795 514,62","137,74",15124,129,76825
Data,Ocup,Opção,Cheg,Oferta/Uso Interno,Deduz. Individ.,Deduz. Grupos,% Ocup.,Receita Quartos,Preço Médio,Saídas,Quartos FdS,Adul. / Cri.,outubro,Previsão,07-out-2026 qua,17,14,16,0,0,0,17,"12,59","2 494,59","146,74",4,0,33,249,486,72,0,0,6,243,"5,95","36 608,54","147,02",89,0,474,Total out,249,486,72,0,0,6,243,"5,95","36 608,54","147,02",89,0,474,Total,42077,4770,14989,0,61,35613,6464,"42,70","5 795 514,62","137,74",15124,129,76825
Data,Ocup,Opção,Cheg,Oferta/Uso Interno,Deduz. Individ.,Deduz. Grupos,% Ocup.,Receita Quartos,Preço Médio,Saídas,Quartos FdS,Adul. / Cri.,outubro,Previsão,08-out-2026 qui,17,18,0,0,0,0,17,"12,59","2 494,59","146,74",0,0,33,249,486,72,0,0,6,243,"5,95","36 608,54","147,02",89,0,474,Total out,249,486,72,0,0,6,243,"5,95","36 608,54","147,02",89,0,474,Total,42077,4770,14989,0,61,35613,6464,"42,70","5 795 514,62","137,74",15124,129,76825
Data,Ocup,Opção,Cheg,Oferta/Uso Interno,Deduz. Individ.,Deduz. Grupos,% Ocup.,Receita Quartos,Preço Médio,Saídas,Quartos FdS,Adul. / Cri.,outubro,Previsão,09-out-2026 sex,17,14,0,0,0,0,17,"12,59","2 494,59","146,74",0,0,33,249,486,72,0,0,6,243,"5,95","36 608,54","147,02",89,0,474,Total out,249,486,72,0,0,6,243,"5,95","36 608,54","147,02",89,0,474,Total,42077,4770,14989,0,61,35613,6464,"42,70","5 795 514,62","137,74",15124,129,76825
Data,Ocup,Opção,Cheg,Oferta/Uso Interno,Deduz. Individ.,Deduz. Grupos,% Ocup.,Receita Quartos,Preço Médio,Saídas,Quartos FdS,Adul. / Cri.,outubro,Previsão,10-out-2026 sáb,0,48,0,0,0,0,0,-,-,NaN,17,0,0,249,486,72,0,0,6,243,"5,95","36 608,54","147,02",89,0,474,Total out,249,486,72,0,0,6,243,"5,95","36 608,54","147,02",89,0,474,Total,42077,4770,14989,0,61,35613,6464,"42,70","5 795 514,62","137,74",15124,129,76825
Data,Ocup,Opção,Cheg,Oferta/Uso Interno,Deduz. Individ.,Deduz. Grupos,% Ocup.,Receita Quartos,Preço Médio,Saídas,Quartos FdS,Adul. / Cri.,outubro,Previsão,11-out-2026 dom,0,44,0,0,0,0,0,-,-,NaN,0,0,0,249,486,72,0,0,6,243,"5,95","36 608,54","147,02",89,0,474,Total out,249,486,72,0,0,6,243,"5,95","36 608,54","147,02",89,0,474,Total,42077,4770,14989,0,61,35613,6464,"42,70","5 795 514,62","137,74",15124,129,76825
Data,Ocup,Opção,Cheg,Oferta/Uso Interno,Deduz. Individ.,Deduz. Grupos,% Ocup.,Receita Quartos,Preço Médio,Saídas,Quartos FdS,Adul. / Cri.,outubro,Previsão,12-out-2026 seg,0,44,0,0,0,0,0,-,-,NaN,0,0,0,249,486,72,0,0,6,243,"5,95","36 608,54","147,02",89,0,474,Total out,249,486,72,0,0,6,243,"5,95","36 608,54","147,02",89,0,474,Total,42077,4770,14989,0,61,35613,6464,"42,70","5 795 514,62","137,74",15124,129,76825
Data,Ocup,Opção,Cheg,Oferta/Uso Interno,Deduz. Individ.,Deduz. Grupos,% Ocup.,Receita Quartos,Preço Médio,Saídas,Quartos FdS,Adul. / Cri.,outubro,Previsão,13-out-2026 ter,1,35,1,0,0,0,1,"0,74","141,69","141,69",0,0,1,249,486,72,0,0,6,243,"5,95","36 608,54","147,02",89,0,474,Total out,249,486,72,0,0,6,243,"5,95","36 608,54","147,02",89,0,474,Total,42077,4770,14989,0,61,35613,6464,"42,70","5 795 514,62","137,74",15124,129,76825
Data,Ocup,Opção,Cheg,Oferta/Uso Interno,Deduz. Individ.,Deduz. Grupos,% Ocup.,Receita Quartos,Preço Médio,Saídas,Quartos FdS,Adul. / Cri.,outubro,Previsão,14-out-2026 qua,17,14,16,0,0,0,17,"12,59","2 494,59","146,74",0,0,33,249,486,72,0,0,6,243,"5,95","36 608,54","147,02",89,0,474,Total out,249,486,72,0,0,6,243,"5,95","36 608,54","147,02",89,0,474,Total,42077,4770,14989,0,61,35613,6464,"42,70","5 795 514,62","137,74",15124,129,76825
Data,Ocup,Opção,Cheg,Oferta/Uso Interno,Deduz. Individ.,Deduz. Grupos,% Ocup.,Receita Quartos,Preço Médio,Saídas,Quartos FdS,Adul. / Cri.,outubro,Previsão,15-out-2026 qui,17,19,0,0,0,0,17,"12,59","2 494,59","146,74",0,0,33,249,486,72,0,0,6,243,"5,95","36 608,54","147,02",89,0,474,Total out,249,486,72,0,0,6,243,"5,95","36 608,54","147,02",89,0,474,Total,42077,4770,14989,0,61,35613,6464,"42,70","5 795 514,62","137,74",15124,129,76825
Data,Ocup,Opção,Cheg,Oferta/Uso Interno,Deduz. Individ.,Deduz. Grupos,% Ocup.,Receita Quartos,Preço Médio,Saídas,Quartos FdS,Adul. / Cri.,outubro,Previsão,16-out-2026 sex,17,15,0,0,0,0,17,"12,59","2 494,59","146,74",0,0,33,249,486,72,0,0,6,243,"5,95","36 608,54","147,02",89,0,474,Total out,249,486,72,0,0,6,243,"5,95","36 608,54","147,02",89,0,474,Total,42077,4770,14989,0,61,35613,6464,"42,70","5 795 514,62","137,74",15124,129,76825
Data,Ocup,Opção,Cheg,Oferta/Uso Interno,Deduz. Individ.,Deduz. Grupos,% Ocup.,Receita Quartos,Preço Médio,Saídas,Quartos FdS,Adul. / Cri.,outubro,Previsão,17-out-2026 sáb,0,18,0,0,0,0,0,-,-,NaN,17,0,0,249,486,72,0,0,6,243,"5,95","36 608,54","147,02",89,0,474,Total out,249,486,72,0,0,6,243,"5,95","36 608,54","147,02",89,0,474,Total,42077,4770,14989,0,61,35613,6464,"42,70","5 795 514,62","137,74",15124,129,76825
Data,Ocup,Opção,Cheg,Oferta/Uso Interno,Deduz. Individ.,Deduz. Grupos,% Ocup.,Receita Quartos,Preço Médio,Saídas,Quartos FdS,Adul. / Cri.,outubro,Previsão,18-out-2026 dom,0,14,0,0,0,0,0,-,-,NaN,0,0,0,249,486,72,0,0,6,243,"5,95","36 608,54","147,02",89,0,474,Total out,249,486,72,0,0,6,243,"5,95","36 608,54","147,02",89,0,474,Total,42077,4770,14989,0,61,35613,6464,"42,70","5 795 514,62","137,74",15124,129,76825
Data,Ocup,Opção,Cheg,Oferta/Uso Interno,Deduz. Individ.,Deduz. Grupos,% Ocup.,Receita Quartos,Preço Médio,Saídas,Quartos FdS,Adul. / Cri.,outubro,Previsão,19-out-2026 seg,0,13,0,0,0,0,0,-,-,NaN,0,0,0,249,486,72,0,0,6,243,"5,95","36 608,54","147,02",89,0,474,Total out,249,486,72,0,0,6,243,"5,95","36 608,54","147,02",89,0,474,Total,42077,4770,14989,0,61,35613,6464,"42,70","5 795 514,62","137,74",15124,129,76825
Data,Ocup,Opção,Cheg,Oferta/Uso Interno,Deduz. Individ.,Deduz. Grupos,% Ocup.,Receita Quartos,Preço Médio,Saídas,Quartos FdS,Adul. / Cri.,outubro,Previsão,20-out-2026 ter,1,0,1,0,0,0,1,"0,74","141,69","141,69",0,0,1,249,486,72,0,0,6,243,"5,95","36 608,54","147,02",89,0,474,Total out,249,486,72,0,0,6,243,"5,95","36 608,54","147,02",89,0,474,Total,42077,4770,14989,0,61,35613,6464,"42,70","5 795 514,62","137,74",15124,129,76825
Data,Ocup,Opção,Cheg,Oferta/Uso Interno,Deduz. Individ.,Deduz. Grupos,% Ocup.,Receita Quartos,Preço Médio,Saídas,Quartos FdS,Adul. / Cri.,outubro,Previsão,21-out-2026 qua,17,0,16,0,0,0,17,"12,59","2 494,59","146,74",0,0,33,249,486,72,0,0,6,243,"5,95","36 608,54","147,02",89,0,474,Total out,249,486,72,0,0,6,243,"5,95","36 608,54","147,02",89,0,474,Total,42077,4770,14989,0,61,35613,6464,"42,70","5 795 514,62","137,74",15124,129,76825
Data,Ocup,Opção,Cheg,Oferta/Uso Interno,Deduz. Individ.,Deduz. Grupos,% Ocup.,Receita Quartos,Preço Médio,Saídas,Quartos FdS,Adul. / Cri.,outubro,Previsão,22-out-2026 qui,17,4,0,0,0,0,17,"12,59","2 494,59","146,74",0,0,33,249,486,72,0,0,6,243,"5,95","36 608,54","147,02",89,0,474,Total out,249,486,72,0,0,6,243,"5,95","36 608,54","147,02",89,0,474,Total,42077,4770,14989,0,61,35613,6464,"42,70","5 795 514,62","137,74",15124,129,76825
Data,Ocup,Opção,Cheg,Oferta/Uso Interno,Deduz. Individ.,Deduz. Grupos,% Ocup.,Receita Quartos,Preço Médio,Saídas,Quartos FdS,Adul. / Cri.,outubro,Previsão,23-out-2026 sex,17,13,0,0,0,0,17,"12,59","2 494,59","146,74",0,0,33,249,486,72,0,0,6,243,"5,95","36 608,54","147,02",89,0,474,Total out,249,486,72,0,0,6,243,"5,95","36 608,54","147,02",89,0,474,Total,42077,4770,14989,0,61,35613,6464,"42,70","5 795 514,62","137,74",15124,129,76825
Data,Ocup,Opção,Cheg,Oferta/Uso Interno,Deduz. Individ.,Deduz. Grupos,% Ocup.,Receita Quartos,Preço Médio,Saídas,Quartos FdS,Adul. / Cri.,outubro,Previsão,24-out-2026 sáb,0,17,0,0,0,0,0,-,-,NaN,17,0,0,249,486,72,0,0,6,243,"5,95","36 608,54","147,02",89,0,474,Total out,249,486,72,0,0,6,243,"5,95","36 608,54","147,02",89,0,474,Total,42077,4770,14989,0,61,35613,6464,"42,70","5 795 514,62","137,74",15124,129,76825
Data,Ocup,Opção,Cheg,Oferta/Uso Interno,Deduz. Individ.,Deduz. Grupos,% Ocup.,Receita Quartos,Preço Médio,Saídas,Quartos FdS,Adul. / Cri.,outubro,Previsão,25-out-2026 dom,0,26,0,0,0,0,0,-,-,NaN,0,0,0,249,486,72,0,0,6,243,"5,95","36 608,54","147,02",89,0,474,Total out,249,486,72,0,0,6,243,"5,95","36 608,54","147,02",89,0,474,Total,42077,4770,14989,0,61,35613,6464,"42,70","5 795 514,62","137,74",15124,129,76825
Data,Ocup,Opção,Cheg,Oferta/Uso Interno,Deduz. Individ.,Deduz. Grupos,% Ocup.,Receita Quartos,Preço Médio,Saídas,Quartos FdS,Adul. / Cri.,outubro,Previsão,26-out-2026 seg,0,13,0,0,0,0,0,-,-,NaN,0,0,0,249,486,72,0,0,6,243,"5,95","36 608,54","147,02",89,0,474,Total out,249,486,72,0,0,6,243,"5,95","36 608,54","147,02",89,0,474,Total,42077,4770,14989,0,61,35613,6464,"42,70","5 795 514,62","137,74",15124,129,76825
Data,Ocup,Opção,Cheg,Oferta/Uso Interno,Deduz. Individ.,Deduz. Grupos,% Ocup.,Receita Quartos,Preço Médio,Saídas,Quartos FdS,Adul. / Cri.,outubro,Previsão,27-out-2026 ter,1,0,1,0,0,0,1,"0,74","141,69","141,69",0,0,1,249,486,72,0,0,6,243,"5,95","36 608,54","147,02",89,0,474,Total out,249,486,72,0,0,6,243,"5,95","36 608,54","147,02",89,0,474,Total,42077,4770,14989,0,61,35613,6464,"42,70","5 795 514,62","137,74",15124,129,76825
Data,Ocup,Opção,Cheg,Oferta/Uso Interno,Deduz. Individ.,Deduz. Grupos,% Ocup.,Receita Quartos,Preço Médio,Saídas,Quartos FdS,Adul. / Cri.,outubro,Previsão,28-out-2026 qua,17,0,16,0,0,0,17,"12,59","2 494,59","146,74",0,0,33,249,486,72,0,0,6,243,"5,95","36 608,54","147,02",89,0,474,Total out,249,486,72,0,0,6,243,"5,95","36 608,54","147,02",89,0,474,Total,42077,4770,14989,0,61,35613,6464,"42,70","5 795 514,62","137,74",15124,129,76825
Data,Ocup,Opção,Cheg,Oferta/Uso Interno,Deduz. Individ.,Deduz. Grupos,% Ocup.,Receita Quartos,Preço Médio,Saídas,Quartos FdS,Adul. / Cri.,outubro,Previsão,29-out-2026 qui,17,0,0,0,0,0,17,"12,59","2 494,59","146,74",0,0,33,249,486,72,0,0,6,243,"5,95","36 608,54","147,02",89,0,474,Total out,249,486,72,0,0,6,243,"5,95","36 608,54","147,02",89,0,474,Total,42077,4770,14989,0,61,35613,6464,"42,70","5 795 514,62","137,74",15124,129,76825
Data,Ocup,Opção,Cheg,Oferta/Uso Interno,Deduz. Individ.,Deduz. Grupos,% Ocup.,Receita Quartos,Preço Médio,Saídas,Quartos FdS,Adul. / Cri.,outubro,Previsão,30-out-2026 sex,17,0,0,0,0,0,17,"12,59","2 494,59","146,74",0,0,33,249,486,72,0,0,6,243,"5,95","36 608,54","147,02",89,0,474,Total out,249,486,72,0,0,6,243,"5,95","36 608,54","147,02",89,0,474,Total,42077,4770,14989,0,61,35613,6464,"42,70","5 795 514,62","137,74",15124,129,76825
Data,Ocup,Opção,Cheg,Oferta/Uso Interno,Deduz. Individ.,Deduz. Grupos,% Ocup.,Receita Quartos,Preço Médio,Saídas,Quartos FdS,Adul. / Cri.,outubro,Previsão,31-out-2026 sáb,0,0,0,0,0,0,0,-,-,NaN,17,0,0,249,486,72,0,0,6,243,"5,95","36 608,54","147,02",89,0,474,Total out,249,486,72,0,0,6,243,"5,95","36 608,54","147,02",89,0,474,Total,42077,4770,14989,0,61,35613,6464,"42,70","5 795 514,62","137,74",15124,129,76825
Data,Ocup,Opção,Cheg,Oferta/Uso Interno,Deduz. Individ.,Deduz. Grupos,% Ocup.,Receita Quartos,Preço Médio,Saídas,Quartos FdS,Adul. / Cri.,novembro,Previsão,01-nov-2026 dom,0,0,0,0,0,0,0,-,-,NaN,0,0,0,2,260,1,0,0,2,0,"0,05","264,91","132,45",1,0,4,Total nov,2,260,1,0,0,2,0,"0,05","264,91","132,45",1,0,4,Total,42077,4770,14989,0,61,35613,6464,"42,70","5 795 514,62","137,74",15124,129,76825
Data,Ocup,Opção,Cheg,Oferta/Uso Interno,Deduz. Individ.,Deduz. Grupos,% Ocup.,Receita Quartos,Preço Médio,Saídas,Quartos FdS,Adul. / Cri.,novembro,Previsão,02-nov-2026 seg,0,0,0,0,0,0,0,-,-,NaN,0,0,0,2,260,1,0,0,2,0,"0,05","264,91","132,45",1,0,4,Total nov,2,260,1,0,0,2,0,"0,05","264,91","132,45",1,0,4,Total,42077,4770,14989,0,61,35613,6464,"42,70","5 795 514,62","137,74",15124,129,76825
Data,Ocup,Opção,Cheg,Oferta/Uso Interno,Deduz. Individ.,Deduz. Grupos,% Ocup.,Receita Quartos,Preço Médio,Saídas,Quartos FdS,Adul. / Cri.,novembro,Previsão,03-nov-2026 ter,0,15,0,0,0,0,0,-,-,NaN,0,0,0,2,260,1,0,0,2,0,"0,05","264,91","132,45",1,0,4,Total nov,2,260,1,0,0,2,0,"0,05","264,91","132,45",1,0,4,Total,42077,4770,14989,0,61,35613,6464,"42,70","5 795 514,62","137,74",15124,129,76825
Data,Ocup,Opção,Cheg,Oferta/Uso Interno,Deduz. Individ.,Deduz. Grupos,% Ocup.,Receita Quartos,Preço Médio,Saídas,Quartos FdS,Adul. / Cri.,novembro,Previsão,04-nov-2026 qua,0,15,0,0,0,0,0,-,-,NaN,0,0,0,2,260,1,0,0,2,0,"0,05","264,91","132,45",1,0,4,Total nov,2,260,1,0,0,2,0,"0,05","264,91","132,45",1,0,4,Total,42077,4770,14989,0,61,35613,6464,"42,70","5 795 514,62","137,74",15124,129,76825
Data,Ocup,Opção,Cheg,Oferta/Uso Interno,Deduz. Individ.,Deduz. Grupos,% Ocup.,Receita Quartos,Preço Médio,Saídas,Quartos FdS,Adul. / Cri.,novembro,Previsão,05-nov-2026 qui,0,15,0,0,0,0,0,-,-,NaN,0,0,0,2,260,1,0,0,2,0,"0,05","264,91","132,45",1,0,4,Total nov,2,260,1,0,0,2,0,"0,05","264,91","132,45",1,0,4,Total,42077,4770,14989,0,61,35613,6464,"42,70","5 795 514,62","137,74",15124,129,76825
Data,Ocup,Opção,Cheg,Oferta/Uso Interno,Deduz. Individ.,Deduz. Grupos,% Ocup.,Receita Quartos,Preço Médio,Saídas,Quartos FdS,Adul. / Cri.,novembro,Previsão,06-nov-2026 sex,0,15,0,0,0,0,0,-,-,NaN,0,0,0,2,260,1,0,0,2,0,"0,05","264,91","132,45",1,0,4,Total nov,2,260,1,0,0,2,0,"0,05","264,91","132,45",1,0,4,Total,42077,4770,14989,0,61,35613,6464,"42,70","5 795 514,62","137,74",15124,129,76825
Data,Ocup,Opção,Cheg,Oferta/Uso Interno,Deduz. Individ.,Deduz. Grupos,% Ocup.,Receita Quartos,Preço Médio,Saídas,Quartos FdS,Adul. / Cri.,novembro,Previsão,07-nov-2026 sáb,0,0,0,0,0,0,0,-,-,NaN,0,0,0,2,260,1,0,0,2,0,"0,05","264,91","132,45",1,0,4,Total nov,2,260,1,0,0,2,0,"0,05","264,91","132,45",1,0,4,Total,42077,4770,14989,0,61,35613,6464,"42,70","5 795 514,62","137,74",15124,129,76825
Data,Ocup,Opção,Cheg,Oferta/Uso Interno,Deduz. Individ.,Deduz. Grupos,% Ocup.,Receita Quartos,Preço Médio,Saídas,Quartos FdS,Adul. / Cri.,novembro,Previsão,08-nov-2026 dom,0,0,0,0,0,0,0,-,-,NaN,0,0,0,2,260,1,0,0,2,0,"0,05","264,91","132,45",1,0,4,Total nov,2,260,1,0,0,2,0,"0,05","264,91","132,45",1,0,4,Total,42077,4770,14989,0,61,35613,6464,"42,70","5 795 514,62","137,74",15124,129,76825
Data,Ocup,Opção,Cheg,Oferta/Uso Interno,Deduz. Individ.,Deduz. Grupos,% Ocup.,Receita Quartos,Preço Médio,Saídas,Quartos FdS,Adul. / Cri.,novembro,Previsão,09-nov-2026 seg,0,0,0,0,0,0,0,-,-,NaN,0,0,0,2,260,1,0,0,2,0,"0,05","264,91","132,45",1,0,4,Total nov,2,260,1,0,0,2,0,"0,05","264,91","132,45",1,0,4,Total,42077,4770,14989,0,61,35613,6464,"42,70","5 795 514,62","137,74",15124,129,76825
Data,Ocup,Opção,Cheg,Oferta/Uso Interno,Deduz. Individ.,Deduz. Grupos,% Ocup.,Receita Quartos,Preço Médio,Saídas,Quartos FdS,Adul. / Cri.,novembro,Previsão,10-nov-2026 ter,0,15,0,0,0,0,0,-,-,NaN,0,0,0,2,260,1,0,0,2,0,"0,05","264,91","132,45",1,0,4,Total nov,2,260,1,0,0,2,0,"0,05","264,91","132,45",1,0,4,Total,42077,4770,14989,0,61,35613,6464,"42,70","5 795 514,62","137,74",15124,129,76825
Data,Ocup,Opção,Cheg,Oferta/Uso Interno,Deduz. Individ.,Deduz. Grupos,% Ocup.,Receita Quartos,Preço Médio,Saídas,Quartos FdS,Adul. / Cri.,novembro,Previsão,11-nov-2026 qua,0,15,0,0,0,0,0,-,-,NaN,0,0,0,2,260,1,0,0,2,0,"0,05","264,91","132,45",1,0,4,Total nov,2,260,1,0,0,2,0,"0,05","264,91","132,45",1,0,4,Total,42077,4770,14989,0,61,35613,6464,"42,70","5 795 514,62","137,74",15124,129,76825
Data,Ocup,Opção,Cheg,Oferta/Uso Interno,Deduz. Individ.,Deduz. Grupos,% Ocup.,Receita Quartos,Preço Médio,Saídas,Quartos FdS,Adul. / Cri.,novembro,Previsão,12-nov-2026 qui,0,15,0,0,0,0,0,-,-,NaN,0,0,0,2,260,1,0,0,2,0,"0,05","264,91","132,45",1,0,4,Total nov,2,260,1,0,0,2,0,"0,05","264,91","132,45",1,0,4,Total,42077,4770,14989,0,61,35613,6464,"42,70","5 795 514,62","137,74",15124,129,76825
Data,Ocup,Opção,Cheg,Oferta/Uso Interno,Deduz. Individ.,Deduz. Grupos,% Ocup.,Receita Quartos,Preço Médio,Saídas,Quartos FdS,Adul. / Cri.,novembro,Previsão,13-nov-2026 sex,0,15,0,0,0,0,0,-,-,NaN,0,0,0,2,260,1,0,0,2,0,"0,05","264,91","132,45",1,0,4,Total nov,2,260,1,0,0,2,0,"0,05","264,91","132,45",1,0,4,Total,42077,4770,14989,0,61,35613,6464,"42,70","5 795 514,62","137,74",15124,129,76825
Data,Ocup,Opção,Cheg,Oferta/Uso Interno,Deduz. Individ.,Deduz. Grupos,% Ocup.,Receita Quartos,Preço Médio,Saídas,Quartos FdS,Adul. / Cri.,novembro,Previsão,14-nov-2026 sáb,0,4,0,0,0,0,0,-,-,NaN,0,0,0,2,260,1,0,0,2,0,"0,05","264,91","132,45",1,0,4,Total nov,2,260,1,0,0,2,0,"0,05","264,91","132,45",1,0,4,Total,42077,4770,14989,0,61,35613,6464,"42,70","5 795 514,62","137,74",15124,129,76825
Data,Ocup,Opção,Cheg,Oferta/Uso Interno,Deduz. Individ.,Deduz. Grupos,% Ocup.,Receita Quartos,Preço Médio,Saídas,Quartos FdS,Adul. / Cri.,novembro,Previsão,15-nov-2026 dom,0,13,0,0,0,0,0,-,-,NaN,0,0,0,2,260,1,0,0,2,0,"0,05","264,91","132,45",1,0,4,Total nov,2,260,1,0,0,2,0,"0,05","264,91","132,45",1,0,4,Total,42077,4770,14989,0,61,35613,6464,"42,70","5 795 514,62","137,74",15124,129,76825
Data,Ocup,Opção,Cheg,Oferta/Uso Interno,Deduz. Individ.,Deduz. Grupos,% Ocup.,Receita Quartos,Preço Médio,Saídas,Quartos FdS,Adul. / Cri.,novembro,Previsão,16-nov-2026 seg,0,33,0,0,0,0,0,-,-,NaN,0,0,0,2,260,1,0,0,2,0,"0,05","264,91","132,45",1,0,4,Total nov,2,260,1,0,0,2,0,"0,05","264,91","132,45",1,0,4,Total,42077,4770,14989,0,61,35613,6464,"42,70","5 795 514,62","137,74",15124,129,76825
Data,Ocup,Opção,Cheg,Oferta/Uso Interno,Deduz. Individ.,Deduz. Grupos,% Ocup.,Receita Quartos,Preço Médio,Saídas,Quartos FdS,Adul. / Cri.,novembro,Previsão,17-nov-2026 ter,1,20,1,0,0,1,0,"0,74","132,45","132,45",0,0,2,2,260,1,0,0,2,0,"0,05","264,91","132,45",1,0,4,Total nov,2,260,1,0,0,2,0,"0,05","264,91","132,45",1,0,4,Total,42077,4770,14989,0,61,35613,6464,"42,70","5 795 514,62","137,74",15124,129,76825
Data,Ocup,Opção,Cheg,Oferta/Uso Interno,Deduz. Individ.,Deduz. Grupos,% Ocup.,Receita Quartos,Preço Médio,Saídas,Quartos FdS,Adul. / Cri.,novembro,Previsão,18-nov-2026 qua,1,20,0,0,0,1,0,"0,74","132,45","132,45",0,0,2,2,260,1,0,0,2,0,"0,05","264,91","132,45",1,0,4,Total nov,2,260,1,0,0,2,0,"0,05","264,91","132,45",1,0,4,Total,42077,4770,14989,0,61,35613,6464,"42,70","5 795 514,62","137,74",15124,129,76825
Data,Ocup,Opção,Cheg,Oferta/Uso Interno,Deduz. Individ.,Deduz. Grupos,% Ocup.,Receita Quartos,Preço Médio,Saídas,Quartos FdS,Adul. / Cri.,novembro,Previsão,19-nov-2026 qui,0,20,0,0,0,0,0,-,-,NaN,1,0,0,2,260,1,0,0,2,0,"0,05","264,91","132,45",1,0,4,Total nov,2,260,1,0,0,2,0,"0,05","264,91","132,45",1,0,4,Total,42077,4770,14989,0,61,35613,6464,"42,70","5 795 514,62","137,74",15124,129,76825
Data,Ocup,Opção,Cheg,Oferta/Uso Interno,Deduz. Individ.,Deduz. Grupos,% Ocup.,Receita Quartos,Preço Médio,Saídas,Quartos FdS,Adul. / Cri.,novembro,Previsão,20-nov-2026 sex,0,0,0,0,0,0,0,-,-,NaN,0,0,0,2,260,1,0,0,2,0,"0,05","264,91","132,45",1,0,4,Total nov,2,260,1,0,0,2,0,"0,05","264,91","132,45",1,0,4,Total,42077,4770,14989,0,61,35613,6464,"42,70","5 795 514,62","137,74",15124,129,76825
Data,Ocup,Opção,Cheg,Oferta/Uso Interno,Deduz. Individ.,Deduz. Grupos,% Ocup.,Receita Quartos,Preço Médio,Saídas,Quartos FdS,Adul. / Cri.,novembro,Previsão,21-nov-2026 sáb,0,4,0,0,0,0,0,-,-,NaN,0,0,0,2,260,1,0,0,2,0,"0,05","264,91","132,45",1,0,4,Total nov,2,260,1,0,0,2,0,"0,05","264,91","132,45",1,0,4,Total,42077,4770,14989,0,61,35613,6464,"42,70","5 795 514,62","137,74",15124,129,76825
Data,Ocup,Opção,Cheg,Oferta/Uso Interno,Deduz. Individ.,Deduz. Grupos,% Ocup.,Receita Quartos,Preço Médio,Saídas,Quartos FdS,Adul. / Cri.,novembro,Previsão,22-nov-2026 dom,0,13,0,0,0,0,0,-,-,NaN,0,0,0,2,260,1,0,0,2,0,"0,05","264,91","132,45",1,0,4,Total nov,2,260,1,0,0,2,0,"0,05","264,91","132,45",1,0,4,Total,42077,4770,14989,0,61,35613,6464,"42,70","5 795 514,62","137,74",15124,129,76825
Data,Ocup,Opção,Cheg,Oferta/Uso Interno,Deduz. Individ.,Deduz. Grupos,% Ocup.,Receita Quartos,Preço Médio,Saídas,Quartos FdS,Adul. / Cri.,novembro,Previsão,23-nov-2026 seg,0,13,0,0,0,0,0,-,-,NaN,0,0,0,2,260,1,0,0,2,0,"0,05","264,91","132,45",1,0,4,Total nov,2,260,1,0,0,2,0,"0,05","264,91","132,45",1,0,4,Total,42077,4770,14989,0,61,35613,6464,"42,70","5 795 514,62","137,74",15124,129,76825
Data,Ocup,Opção,Cheg,Oferta/Uso Interno,Deduz. Individ.,Deduz. Grupos,% Ocup.,Receita Quartos,Preço Médio,Saídas,Quartos FdS,Adul. / Cri.,novembro,Previsão,24-nov-2026 ter,0,0,0,0,0,0,0,-,-,NaN,0,0,0,2,260,1,0,0,2,0,"0,05","264,91","132,45",1,0,4,Total nov,2,260,1,0,0,2,0,"0,05","264,91","132,45",1,0,4,Total,42077,4770,14989,0,61,35613,6464,"42,70","5 795 514,62","137,74",15124,129,76825
Data,Ocup,Opção,Cheg,Oferta/Uso Interno,Deduz. Individ.,Deduz. Grupos,% Ocup.,Receita Quartos,Preço Médio,Saídas,Quartos FdS,Adul. / Cri.,novembro,Previsão,25-nov-2026 qua,0,0,0,0,0,0,0,-,-,NaN,0,0,0,2,260,1,0,0,2,0,"0,05","264,91","132,45",1,0,4,Total nov,2,260,1,0,0,2,0,"0,05","264,91","132,45",1,0,4,Total,42077,4770,14989,0,61,35613,6464,"42,70","5 795 514,62","137,74",15124,129,76825
Data,Ocup,Opção,Cheg,Oferta/Uso Interno,Deduz. Individ.,Deduz. Grupos,% Ocup.,Receita Quartos,Preço Médio,Saídas,Quartos FdS,Adul. / Cri.,novembro,Previsão,26-nov-2026 qui,0,0,0,0,0,0,0,-,-,NaN,0,0,0,2,260,1,0,0,2,0,"0,05","264,91","132,45",1,0,4,Total nov,2,260,1,0,0,2,0,"0,05","264,91","132,45",1,0,4,Total,42077,4770,14989,0,61,35613,6464,"42,70","5 795 514,62","137,74",15124,129,76825
Data,Ocup,Opção,Cheg,Oferta/Uso Interno,Deduz. Individ.,Deduz. Grupos,% Ocup.,Receita Quartos,Preço Médio,Saídas,Quartos FdS,Adul. / Cri.,novembro,Previsão,27-nov-2026 sex,0,0,0,0,0,0,0,-,-,NaN,0,0,0,2,260,1,0,0,2,0,"0,05","264,91","132,45",1,0,4,Total nov,2,260,1,0,0,2,0,"0,05","264,91","132,45",1,0,4,Total,42077,4770,14989,0,61,35613,6464,"42,70","5 795 514,62","137,74",15124,129,76825
Data,Ocup,Opção,Cheg,Oferta/Uso Interno,Deduz. Individ.,Deduz. Grupos,% Ocup.,Receita Quartos,Preço Médio,Saídas,Quartos FdS,Adul. / Cri.,novembro,Previsão,28-nov-2026 sáb,0,0,0,0,0,0,0,-,-,NaN,0,0,0,2,260,1,0,0,2,0,"0,05","264,91","132,45",1,0,4,Total nov,2,260,1,0,0,2,0,"0,05","264,91","132,45",1,0,4,Total,42077,4770,14989,0,61,35613,6464,"42,70","5 795 514,62","137,74",15124,129,76825
Data,Ocup,Opção,Cheg,Oferta/Uso Interno,Deduz. Individ.,Deduz. Grupos,% Ocup.,Receita Quartos,Preço Médio,Saídas,Quartos FdS,Adul. / Cri.,novembro,Previsão,29-nov-2026 dom,0,0,0,0,0,0,0,-,-,NaN,0,0,0,2,260,1,0,0,2,0,"0,05","264,91","132,45",1,0,4,Total nov,2,260,1,0,0,2,0,"0,05","264,91","132,45",1,0,4,Total,42077,4770,14989,0,61,35613,6464,"42,70","5 795 514,62","137,74",15124,129,76825
Data,Ocup,Opção,Cheg,Oferta/Uso Interno,Deduz. Individ.,Deduz. Grupos,% Ocup.,Receita Quartos,Preço Médio,Saídas,Quartos FdS,Adul. / Cri.,novembro,Previsão,30-nov-2026 seg,0,0,0,0,0,0,0,-,-,NaN,0,0,0,2,260,1,0,0,2,0,"0,05","264,91","132,45",1,0,4,Total nov,2,260,1,0,0,2,0,"0,05","264,91","132,45",1,0,4,Total,42077,4770,14989,0,61,35613,6464,"42,70","5 795 514,62","137,74",15124,129,76825
Data,Ocup,Opção,Cheg,Oferta/Uso Interno,Deduz. Individ.,Deduz. Grupos,% Ocup.,Receita Quartos,Preço Médio,Saídas,Quartos FdS,Adul. / Cri.,dezembro,Previsão,01-dez-2026 ter,0,0,0,0,0,0,0,-,-,NaN,0,0,0,2,0,2,0,0,2,0,"0,05","282,68","141,34",2,0,8,Total dez,2,0,2,0,0,2,0,"0,05","282,68","141,34",2,0,8,Total,42077,4770,14989,0,61,35613,6464,"42,70","5 795 514,62","137,74",15124,129,76825
Data,Ocup,Opção,Cheg,Oferta/Uso Interno,Deduz. Individ.,Deduz. Grupos,% Ocup.,Receita Quartos,Preço Médio,Saídas,Quartos FdS,Adul. / Cri.,dezembro,Previsão,02-dez-2026 qua,0,0,0,0,0,0,0,-,-,NaN,0,0,0,2,0,2,0,0,2,0,"0,05","282,68","141,34",2,0,8,Total dez,2,0,2,0,0,2,0,"0,05","282,68","141,34",2,0,8,Total,42077,4770,14989,0,61,35613,6464,"42,70","5 795 514,62","137,74",15124,129,76825
Data,Ocup,Opção,Cheg,Oferta/Uso Interno,Deduz. Individ.,Deduz. Grupos,% Ocup.,Receita Quartos,Preço Médio,Saídas,Quartos FdS,Adul. / Cri.,dezembro,Previsão,03-dez-2026 qui,0,0,0,0,0,0,0,-,-,NaN,0,0,0,2,0,2,0,0,2,0,"0,05","282,68","141,34",2,0,8,Total dez,2,0,2,0,0,2,0,"0,05","282,68","141,34",2,0,8,Total,42077,4770,14989,0,61,35613,6464,"42,70","5 795 514,62","137,74",15124,129,76825
Data,Ocup,Opção,Cheg,Oferta/Uso Interno,Deduz. Individ.,Deduz. Grupos,% Ocup.,Receita Quartos,Preço Médio,Saídas,Quartos FdS,Adul. / Cri.,dezembro,Previsão,04-dez-2026 sex,0,0,0,0,0,0,0,-,-,NaN,0,0,0,2,0,2,0,0,2,0,"0,05","282,68","141,34",2,0,8,Total dez,2,0,2,0,0,2,0,"0,05","282,68","141,34",2,0,8,Total,42077,4770,14989,0,61,35613,6464,"42,70","5 795 514,62","137,74",15124,129,76825
Data,Ocup,Opção,Cheg,Oferta/Uso Interno,Deduz. Individ.,Deduz. Grupos,% Ocup.,Receita Quartos,Preço Médio,Saídas,Quartos FdS,Adul. / Cri.,dezembro,Previsão,05-dez-2026 sáb,0,0,0,0,0,0,0,-,-,NaN,0,0,0,2,0,2,0,0,2,0,"0,05","282,68","141,34",2,0,8,Total dez,2,0,2,0,0,2,0,"0,05","282,68","141,34",2,0,8,Total,42077,4770,14989,0,61,35613,6464,"42,70","5 795 514,62","137,74",15124,129,76825
Data,Ocup,Opção,Cheg,Oferta/Uso Interno,Deduz. Individ.,Deduz. Grupos,% Ocup.,Receita Quartos,Preço Médio,Saídas,Quartos FdS,Adul. / Cri.,dezembro,Previsão,06-dez-2026 dom,0,0,0,0,0,0,0,-,-,NaN,0,0,0,2,0,2,0,0,2,0,"0,05","282,68","141,34",2,0,8,Total dez,2,0,2,0,0,2,0,"0,05","282,68","141,34",2,0,8,Total,42077,4770,14989,0,61,35613,6464,"42,70","5 795 514,62","137,74",15124,129,76825
Data,Ocup,Opção,Cheg,Oferta/Uso Interno,Deduz. Individ.,Deduz. Grupos,% Ocup.,Receita Quartos,Preço Médio,Saídas,Quartos FdS,Adul. / Cri.,dezembro,Previsão,07-dez-2026 seg,0,0,0,0,0,0,0,-,-,NaN,0,0,0,2,0,2,0,0,2,0,"0,05","282,68","141,34",2,0,8,Total dez,2,0,2,0,0,2,0,"0,05","282,68","141,34",2,0,8,Total,42077,4770,14989,0,61,35613,6464,"42,70","5 795 514,62","137,74",15124,129,76825
Data,Ocup,Opção,Cheg,Oferta/Uso Interno,Deduz. Individ.,Deduz. Grupos,% Ocup.,Receita Quartos,Preço Médio,Saídas,Quartos FdS,Adul. / Cri.,dezembro,Previsão,08-dez-2026 ter,0,0,0,0,0,0,0,-,-,NaN,0,0,0,2,0,2,0,0,2,0,"0,05","282,68","141,34",2,0,8,Total dez,2,0,2,0,0,2,0,"0,05","282,68","141,34",2,0,8,Total,42077,4770,14989,0,61,35613,6464,"42,70","5 795 514,62","137,74",15124,129,76825
Data,Ocup,Opção,Cheg,Oferta/Uso Interno,Deduz. Individ.,Deduz. Grupos,% Ocup.,Receita Quartos,Preço Médio,Saídas,Quartos FdS,Adul. / Cri.,dezembro,Previsão,09-dez-2026 qua,0,0,0,0,0,0,0,-,-,NaN,0,0,0,2,0,2,0,0,2,0,"0,05","282,68","141,34",2,0,8,Total dez,2,0,2,0,0,2,0,"0,05","282,68","141,34",2,0,8,Total,42077,4770,14989,0,61,35613,6464,"42,70","5 795 514,62","137,74",15124,129,76825
Data,Ocup,Opção,Cheg,Oferta/Uso Interno,Deduz. Individ.,Deduz. Grupos,% Ocup.,Receita Quartos,Preço Médio,Saídas,Quartos FdS,Adul. / Cri.,dezembro,Previsão,10-dez-2026 qui,0,0,0,0,0,0,0,-,-,NaN,0,0,0,2,0,2,0,0,2,0,"0,05","282,68","141,34",2,0,8,Total dez,2,0,2,0,0,2,0,"0,05","282,68","141,34",2,0,8,Total,42077,4770,14989,0,61,35613,6464,"42,70","5 795 514,62","137,74",15124,129,76825
Data,Ocup,Opção,Cheg,Oferta/Uso Interno,Deduz. Individ.,Deduz. Grupos,% Ocup.,Receita Quartos,Preço Médio,Saídas,Quartos FdS,Adul. / Cri.,dezembro,Previsão,11-dez-2026 sex,0,0,0,0,0,0,0,-,-,NaN,0,0,0,2,0,2,0,0,2,0,"0,05","282,68","141,34",2,0,8,Total dez,2,0,2,0,0,2,0,"0,05","282,68","141,34",2,0,8,Total,42077,4770,14989,0,61,35613,6464,"42,70","5 795 514,62","137,74",15124,129,76825
Data,Ocup,Opção,Cheg,Oferta/Uso Interno,Deduz. Individ.,Deduz. Grupos,% Ocup.,Receita Quartos,Preço Médio,Saídas,Quartos FdS,Adul. / Cri.,dezembro,Previsão,12-dez-2026 sáb,0,0,0,0,0,0,0,-,-,NaN,0,0,0,2,0,2,0,0,2,0,"0,05","282,68","141,34",2,0,8,Total dez,2,0,2,0,0,2,0,"0,05","282,68","141,34",2,0,8,Total,42077,4770,14989,0,61,35613,6464,"42,70","5 795 514,62","137,74",15124,129,76825
Data,Ocup,Opção,Cheg,Oferta/Uso Interno,Deduz. Individ.,Deduz. Grupos,% Ocup.,Receita Quartos,Preço Médio,Saídas,Quartos FdS,Adul. / Cri.,dezembro,Previsão,13-dez-2026 dom,0,0,0,0,0,0,0,-,-,NaN,0,0,0,2,0,2,0,0,2,0,"0,05","282,68","141,34",2,0,8,Total dez,2,0,2,0,0,2,0,"0,05","282,68","141,34",2,0,8,Total,42077,4770,14989,0,61,35613,6464,"42,70","5 795 514,62","137,74",15124,129,76825
Data,Ocup,Opção,Cheg,Oferta/Uso Interno,Deduz. Individ.,Deduz. Grupos,% Ocup.,Receita Quartos,Preço Médio,Saídas,Quartos FdS,Adul. / Cri.,dezembro,Previsão,14-dez-2026 seg,0,0,0,0,0,0,0,-,-,NaN,0,0,0,2,0,2,0,0,2,0,"0,05","282,68","141,34",2,0,8,Total dez,2,0,2,0,0,2,0,"0,05","282,68","141,34",2,0,8,Total,42077,4770,14989,0,61,35613,6464,"42,70","5 795 514,62","137,74",15124,129,76825
Data,Ocup,Opção,Cheg,Oferta/Uso Interno,Deduz. Individ.,Deduz. Grupos,% Ocup.,Receita Quartos,Preço Médio,Saídas,Quartos FdS,Adul. / Cri.,dezembro,Previsão,15-dez-2026 ter,0,0,0,0,0,0,0,-,-,NaN,0,0,0,2,0,2,0,0,2,0,"0,05","282,68","141,34",2,0,8,Total dez,2,0,2,0,0,2,0,"0,05","282,68","141,34",2,0,8,Total,42077,4770,14989,0,61,35613,6464,"42,70","5 795 514,62","137,74",15124,129,76825
Data,Ocup,Opção,Cheg,Oferta/Uso Interno,Deduz. Individ.,Deduz. Grupos,% Ocup.,Receita Quartos,Preço Médio,Saídas,Quartos FdS,Adul. / Cri.,dezembro,Previsão,16-dez-2026 qua,0,0,0,0,0,0,0,-,-,NaN,0,0,0,2,0,2,0,0,2,0,"0,05","282,68","141,34",2,0,8,Total dez,2,0,2,0,0,2,0,"0,05","282,68","141,34",2,0,8,Total,42077,4770,14989,0,61,35613,6464,"42,70","5 795 514,62","137,74",15124,129,76825
Data,Ocup,Opção,Cheg,Oferta/Uso Interno,Deduz. Individ.,Deduz. Grupos,% Ocup.,Receita Quartos,Preço Médio,Saídas,Quartos FdS,Adul. / Cri.,dezembro,Previsão,17-dez-2026 qui,0,0,0,0,0,0,0,-,-,NaN,0,0,0,2,0,2,0,0,2,0,"0,05","282,68","141,34",2,0,8,Total dez,2,0,2,0,0,2,0,"0,05","282,68","141,34",2,0,8,Total,42077,4770,14989,0,61,35613,6464,"42,70","5 795 514,62","137,74",15124,129,76825
Data,Ocup,Opção,Cheg,Oferta/Uso Interno,Deduz. Individ.,Deduz. Grupos,% Ocup.,Receita Quartos,Preço Médio,Saídas,Quartos FdS,Adul. / Cri.,dezembro,Previsão,18-dez-2026 sex,0,0,0,0,0,0,0,-,-,NaN,0,0,0,2,0,2,0,0,2,0,"0,05","282,68","141,34",2,0,8,Total dez,2,0,2,0,0,2,0,"0,05","282,68","141,34",2,0,8,Total,42077,4770,14989,0,61,35613,6464,"42,70","5 795 514,62","137,74",15124,129,76825
Data,Ocup,Opção,Cheg,Oferta/Uso Interno,Deduz. Individ.,Deduz. Grupos,% Ocup.,Receita Quartos,Preço Médio,Saídas,Quartos FdS,Adul. / Cri.,dezembro,Previsão,19-dez-2026 sáb,0,0,0,0,0,0,0,-,-,NaN,0,0,0,2,0,2,0,0,2,0,"0,05","282,68","141,34",2,0,8,Total dez,2,0,2,0,0,2,0,"0,05","282,68","141,34",2,0,8,Total,42077,4770,14989,0,61,35613,6464,"42,70","5 795 514,62","137,74",15124,129,76825
Data,Ocup,Opção,Cheg,Oferta/Uso Interno,Deduz. Individ.,Deduz. Grupos,% Ocup.,Receita Quartos,Preço Médio,Saídas,Quartos FdS,Adul. / Cri.,dezembro,Previsão,20-dez-2026 dom,0,0,0,0,0,0,0,-,-,NaN,0,0,0,2,0,2,0,0,2,0,"0,05","282,68","141,34",2,0,8,Total dez,2,0,2,0,0,2,0,"0,05","282,68","141,34",2,0,8,Total,42077,4770,14989,0,61,35613,6464,"42,70","5 795 514,62","137,74",15124,129,76825
Data,Ocup,Opção,Cheg,Oferta/Uso Interno,Deduz. Individ.,Deduz. Grupos,% Ocup.,Receita Quartos,Preço Médio,Saídas,Quartos FdS,Adul. / Cri.,dezembro,Previsão,21-dez-2026 seg,0,0,0,0,0,0,0,-,-,NaN,0,0,0,2,0,2,0,0,2,0,"0,05","282,68","141,34",2,0,8,Total dez,2,0,2,0,0,2,0,"0,05","282,68","141,34",2,0,8,Total,42077,4770,14989,0,61,35613,6464,"42,70","5 795 514,62","137,74",15124,129,76825
Data,Ocup,Opção,Cheg,Oferta/Uso Interno,Deduz. Individ.,Deduz. Grupos,% Ocup.,Receita Quartos,Preço Médio,Saídas,Quartos FdS,Adul. / Cri.,dezembro,Previsão,22-dez-2026 ter,2,0,2,0,0,2,0,"1,48","282,68","141,34",0,0,8,2,0,2,0,0,2,0,"0,05","282,68","141,34",2,0,8,Total dez,2,0,2,0,0,2,0,"0,05","282,68","141,34",2,0,8,Total,42077,4770,14989,0,61,35613,6464,"42,70","5 795 514,62","137,74",15124,129,76825
Data,Ocup,Opção,Cheg,Oferta/Uso Interno,Deduz. Individ.,Deduz. Grupos,% Ocup.,Receita Quartos,Preço Médio,Saídas,Quartos FdS,Adul. / Cri.,dezembro,Previsão,23-dez-2026 qua,0,0,0,0,0,0,0,-,-,NaN,2,0,0,2,0,2,0,0,2,0,"0,05","282,68","141,34",2,0,8,Total dez,2,0,2,0,0,2,0,"0,05","282,68","141,34",2,0,8,Total,42077,4770,14989,0,61,35613,6464,"42,70","5 795 514,62","137,74",15124,129,76825
Data,Ocup,Opção,Cheg,Oferta/Uso Interno,Deduz. Individ.,Deduz. Grupos,% Ocup.,Receita Quartos,Preço Médio,Saídas,Quartos FdS,Adul. / Cri.,dezembro,Previsão,24-dez-2026 qui,0,0,0,0,0,0,0,-,-,NaN,0,0,0,2,0,2,0,0,2,0,"0,05","282,68","141,34",2,0,8,Total dez,2,0,2,0,0,2,0,"0,05","282,68","141,34",2,0,8,Total,42077,4770,14989,0,61,35613,6464,"42,70","5 795 514,62","137,74",15124,129,76825
Data,Ocup,Opção,Cheg,Oferta/Uso Interno,Deduz. Individ.,Deduz. Grupos,% Ocup.,Receita Quartos,Preço Médio,Saídas,Quartos FdS,Adul. / Cri.,dezembro,Previsão,25-dez-2026 sex,0,0,0,0,0,0,0,-,-,NaN,0,0,0,2,0,2,0,0,2,0,"0,05","282,68","141,34",2,0,8,Total dez,2,0,2,0,0,2,0,"0,05","282,68","141,34",2,0,8,Total,42077,4770,14989,0,61,35613,6464,"42,70","5 795 514,62","137,74",15124,129,76825
Data,Ocup,Opção,Cheg,Oferta/Uso Interno,Deduz. Individ.,Deduz. Grupos,% Ocup.,Receita Quartos,Preço Médio,Saídas,Quartos FdS,Adul. / Cri.,dezembro,Previsão,26-dez-2026 sáb,0,0,0,0,0,0,0,-,-,NaN,0,0,0,2,0,2,0,0,2,0,"0,05","282,68","141,34",2,0,8,Total dez,2,0,2,0,0,2,0,"0,05","282,68","141,34",2,0,8,Total,42077,4770,14989,0,61,35613,6464,"42,70","5 795 514,62","137,74",15124,129,76825
Data,Ocup,Opção,Cheg,Oferta/Uso Interno,Deduz. Individ.,Deduz. Grupos,% Ocup.,Receita Quartos,Preço Médio,Saídas,Quartos FdS,Adul. / Cri.,dezembro,Previsão,27-dez-2026 dom,0,0,0,0,0,0,0,-,-,NaN,0,0,0,2,0,2,0,0,2,0,"0,05","282,68","141,34",2,0,8,Total dez,2,0,2,0,0,2,0,"0,05","282,68","141,34",2,0,8,Total,42077,4770,14989,0,61,35613,6464,"42,70","5 795 514,62","137,74",15124,129,76825
Data,Ocup,Opção,Cheg,Oferta/Uso Interno,Deduz. Individ.,Deduz. Grupos,% Ocup.,Receita Quartos,Preço Médio,Saídas,Quartos FdS,Adul. / Cri.,dezembro,Previsão,28-dez-2026 seg,0,0,0,0,0,0,0,-,-,NaN,0,0,0,2,0,2,0,0,2,0,"0,05","282,68","141,34",2,0,8,Total dez,2,0,2,0,0,2,0,"0,05","282,68","141,34",2,0,8,Total,42077,4770,14989,0,61,35613,6464,"42,70","5 795 514,62","137,74",15124,129,76825
Data,Ocup,Opção,Cheg,Oferta/Uso Interno,Deduz. Individ.,Deduz. Grupos,% Ocup.,Receita Quartos,Preço Médio,Saídas,Quartos FdS,Adul. / Cri.,dezembro,Previsão,29-dez-2026 ter,0,0,0,0,0,0,0,-,-,NaN,0,0,0,2,0,2,0,0,2,0,"0,05","282,68","141,34",2,0,8,Total dez,2,0,2,0,0,2,0,"0,05","282,68","141,34",2,0,8,Total,42077,4770,14989,0,61,35613,6464,"42,70","5 795 514,62","137,74",15124,129,76825
Data,Ocup,Opção,Cheg,Oferta/Uso Interno,Deduz. Individ.,Deduz. Grupos,% Ocup.,Receita Quartos,Preço Médio,Saídas,Quartos FdS,Adul. / Cri.,dezembro,Previsão,30-dez-2026 qua,0,0,0,0,0,0,0,-,-,NaN,0,0,0,2,0,2,0,0,2,0,"0,05","282,68","141,34",2,0,8,Total dez,2,0,2,0,0,2,0,"0,05","282,68","141,34",2,0,8,Total,42077,4770,14989,0,61,35613,6464,"42,70","5 795 514,62","137,74",15124,129,76825
Data,Ocup,Opção,Cheg,Oferta/Uso Interno,Deduz. Individ.,Deduz. Grupos,% Ocup.,Receita Quartos,Preço Médio,Saídas,Quartos FdS,Adul. / Cri.,dezembro,Previsão,31-dez-2026 qui,0,0,0,0,0,0,0,-,-,NaN,0,0,0,2,0,2,0,0,2,0,"0,05","282,68","141,34",2,0,8,Total dez,2,0,2,0,0,2,0,"0,05","282,68","141,34",2,0,8,Total,42077,4770,14989,0,61,35613,6464,"42,70","5 795 514,62","137,74",15124,129,76825

