Textbox53,Textbox55,Textbox3,Textbox57,Textbox59,Textbox63,Textbox65,Textbox67,Textbox69,Textbox77,Textbox73,Textbox75,Textbox79,Textbox23,Textbox100,hoteldate,Occ,xoption,Arr,Comp,House,Indiv,Group,Occ_perct,RoomRev,Avg,Dep,OOO,Ad_Ch,Textbox86,Textbox6,Textbox87,Textbox88,Textbox89,Textbox90,Textbox91,Textbox92,Textbox93,Textbox94,Textbox95,Textbox96,Textbox97,Textbox9,Textbox127,Textbox7,Textbox128,Textbox129,Textbox130,Textbox131,Textbox132,Textbox133,Textbox134,Textbox135,Textbox136,Textbox137,Textbox138,Textbox113,Textbox99,xoption1,Textbox139,Textbox140,Textbox141,Textbox142,Textbox143,Textbox144,Textbox145,Textbox146,Textbox147,Textbox148,Textbox149
Data,Ocup,Opção,Cheg,Oferta/Uso Interno,Deduz. Individ.,Deduz. Grupos,% Ocup.,Receita Quartos,Preço Médio,Saídas,Quartos FdS,Adul. / Cri.,janeiro,Histórico,01-jan-2026 qui,125,4,29,0,0,111,14,"95,56","17 526,25","135,86",31,0,244,965,8,285,0,0,909,56,"65,52","86 749,32","89,16",340,0,1820,Total jan,2341,8,784,0,0,2276,65,"56,13","181 296,15","77,18",828,0,4422,Total,8740,4410,2949,0,0,7186,1554,"13,34","943 607,11","71,76",3075,0,16938
Data,Ocup,Opção,Cheg,Oferta/Uso Interno,Deduz. Individ.,Deduz. Grupos,% Ocup.,Receita Quartos,Preço Médio,Saídas,Quartos FdS,Adul. / Cri.,janeiro,Histórico,02-jan-2026 sex,114,2,36,0,0,100,14,"85,93","13 052,25","112,52",46,0,218,965,8,285,0,0,909,56,"65,52","86 749,32","89,16",340,0,1820,Total jan,2341,8,784,0,0,2276,65,"56,13","181 296,15","77,18",828,0,4422,Total,8740,4410,2949,0,0,7186,1554,"13,34","943 607,11","71,76",3075,0,16938
Data,Ocup,Opção,Cheg,Oferta/Uso Interno,Deduz. Individ.,Deduz. Grupos,% Ocup.,Receita Quartos,Preço Médio,Saídas,Quartos FdS,Adul. / Cri.,janeiro,Histórico,03-jan-2026 sáb,111,2,31,0,0,97,14,"83,70","11 061,34","97,89",34,0,209,965,8,285,0,0,909,56,"65,52","86 749,32","89,16",340,0,1820,Total jan,2341,8,784,0,0,2276,65,"56,13","181 296,15","77,18",828,0,4422,Total,8740,4410,2949,0,0,7186,1554,"13,34","943 607,11","71,76",3075,0,16938
Data,Ocup,Opção,Cheg,Oferta/Uso Interno,Deduz. Individ.,Deduz. Grupos,% Ocup.,Receita Quartos,Preço Médio,Saídas,Quartos FdS,Adul. / Cri.,janeiro,Histórico,04-jan-2026 dom,86,0,19,0,0,86,0,"63,70","7 348,92","85,45",43,0,168,965,8,285,0,0,909,56,"65,52","86 749,32","89,16",340,0,1820,Total jan,2341,8,784,0,0,2276,65,"56,13","181 296,15","77,18",828,0,4422,Total,8740,4410,2949,0,0,7186,1554,"13,34","943 607,11","71,76",3075,0,16938
Data,Ocup,Opção,Cheg,Oferta/Uso Interno,Deduz. Individ.,Deduz. Grupos,% Ocup.,Receita Quartos,Preço Médio,Saídas,Quartos FdS,Adul. / Cri.,janeiro,Histórico,05-jan-2026 seg,80,0,26,0,0,80,0,"59,26","6 322,70","79,03",32,0,155,965,8,285,0,0,909,56,"65,52","86 749,32","89,16",340,0,1820,Total jan,2341,8,784,0,0,2276,65,"56,13","181 296,15","77,18",828,0,4422,Total,8740,4410,2949,0,0,7186,1554,"13,34","943 607,11","71,76",3075,0,16938
Data,Ocup,Opção,Cheg,Oferta/Uso Interno,Deduz. Individ.,Deduz. Grupos,% Ocup.,Receita Quartos,Preço Médio,Saídas,Quartos FdS,Adul. / Cri.,janeiro,Histórico,06-jan-2026 ter,78,0,21,0,0,78,0,"57,78","5 885,19","75,45",24,0,150,965,8,285,0,0,909,56,"65,52","86 749,32","89,16",340,0,1820,Total jan,2341,8,784,0,0,2276,65,"56,13","181 296,15","77,18",828,0,4422,Total,8740,4410,2949,0,0,7186,1554,"13,34","943 607,11","71,76",3075,0,16938
Data,Ocup,Opção,Cheg,Oferta/Uso Interno,Deduz. Individ.,Deduz. Grupos,% Ocup.,Receita Quartos,Preço Médio,Saídas,Quartos FdS,Adul. / Cri.,janeiro,Histórico,07-jan-2026 qua,63,0,18,0,0,63,0,"46,67","4 231,60","67,17",33,0,118,965,8,285,0,0,909,56,"65,52","86 749,32","89,16",340,0,1820,Total jan,2341,8,784,0,0,2276,65,"56,13","181 296,15","77,18",828,0,4422,Total,8740,4410,2949,0,0,7186,1554,"13,34","943 607,11","71,76",3075,0,16938
Data,Ocup,Opção,Cheg,Oferta/Uso Interno,Deduz. Individ.,Deduz. Grupos,% Ocup.,Receita Quartos,Preço Médio,Saídas,Quartos FdS,Adul. / Cri.,janeiro,Histórico,08-jan-2026 qui,59,0,23,0,0,59,0,"43,70","3 948,81","66,93",27,0,109,965,8,285,0,0,909,56,"65,52","86 749,32","89,16",340,0,1820,Total jan,2341,8,784,0,0,2276,65,"56,13","181 296,15","77,18",828,0,4422,Total,8740,4410,2949,0,0,7186,1554,"13,34","943 607,11","71,76",3075,0,16938
Data,Ocup,Opção,Cheg,Oferta/Uso Interno,Deduz. Individ.,Deduz. Grupos,% Ocup.,Receita Quartos,Preço Médio,Saídas,Quartos FdS,Adul. / Cri.,janeiro,Histórico,09-jan-2026 sex,89,0,39,0,0,89,0,"65,93","5 777,03","64,91",9,0,166,965,8,285,0,0,909,56,"65,52","86 749,32","89,16",340,0,1820,Total jan,2341,8,784,0,0,2276,65,"56,13","181 296,15","77,18",828,0,4422,Total,8740,4410,2949,0,0,7186,1554,"13,34","943 607,11","71,76",3075,0,16938
Data,Ocup,Opção,Cheg,Oferta/Uso Interno,Deduz. Individ.,Deduz. Grupos,% Ocup.,Receita Quartos,Preço Médio,Saídas,Quartos FdS,Adul. / Cri.,janeiro,Histórico,10-jan-2026 sáb,89,0,23,0,0,84,5,"65,93","6 272,27","70,47",23,0,158,965,8,285,0,0,909,56,"65,52","86 749,32","89,16",340,0,1820,Total jan,2341,8,784,0,0,2276,65,"56,13","181 296,15","77,18",828,0,4422,Total,8740,4410,2949,0,0,7186,1554,"13,34","943 607,11","71,76",3075,0,16938
Data,Ocup,Opção,Cheg,Oferta/Uso Interno,Deduz. Individ.,Deduz. Grupos,% Ocup.,Receita Quartos,Preço Médio,Saídas,Quartos FdS,Adul. / Cri.,janeiro,Histórico,11-jan-2026 dom,71,0,20,0,0,62,9,"52,59","5 322,95","74,97",38,0,125,965,8,285,0,0,909,56,"65,52","86 749,32","89,16",340,0,1820,Total jan,2341,8,784,0,0,2276,65,"56,13","181 296,15","77,18",828,0,4422,Total,8740,4410,2949,0,0,7186,1554,"13,34","943 607,11","71,76",3075,0,16938
Data,Ocup,Opção,Cheg,Oferta/Uso Interno,Deduz. Individ.,Deduz. Grupos,% Ocup.,Receita Quartos,Preço Médio,Saídas,Quartos FdS,Adul. / Cri.,janeiro,Previsão,12-jan-2026 seg,55,0,15,0,0,46,9,"40,74","3 895,63","70,83",31,0,98,1376,0,499,0,0,1367,9,"50,96","94 546,83","68,71",488,0,2602,Total jan,2341,8,784,0,0,2276,65,"56,13","181 296,15","77,18",828,0,4422,Total,8740,4410,2949,0,0,7186,1554,"13,34","943 607,11","71,76",3075,0,16938
Data,Ocup,Opção,Cheg,Oferta/Uso Interno,Deduz. Individ.,Deduz. Grupos,% Ocup.,Receita Quartos,Preço Médio,Saídas,Quartos FdS,Adul. / Cri.,janeiro,Previsão,13-jan-2026 ter,48,0,15,0,0,48,0,"35,56","3 102,62","64,64",22,0,84,1376,0,499,0,0,1367,9,"50,96","94 546,83","68,71",488,0,2602,Total jan,2341,8,784,0,0,2276,65,"56,13","181 296,15","77,18",828,0,4422,Total,8740,4410,2949,0,0,7186,1554,"13,34","943 607,11","71,76",3075,0,16938
Data,Ocup,Opção,Cheg,Oferta/Uso Interno,Deduz. Individ.,Deduz. Grupos,% Ocup.,Receita Quartos,Preço Médio,Saídas,Quartos FdS,Adul. / Cri.,janeiro,Previsão,14-jan-2026 qua,48,0,22,0,0,48,0,"35,56","3 089,46","64,36",22,0,86,1376,0,499,0,0,1367,9,"50,96","94 546,83","68,71",488,0,2602,Total jan,2341,8,784,0,0,2276,65,"56,13","181 296,15","77,18",828,0,4422,Total,8740,4410,2949,0,0,7186,1554,"13,34","943 607,11","71,76",3075,0,16938
Data,Ocup,Opção,Cheg,Oferta/Uso Interno,Deduz. Individ.,Deduz. Grupos,% Ocup.,Receita Quartos,Preço Médio,Saídas,Quartos FdS,Adul. / Cri.,janeiro,Previsão,15-jan-2026 qui,59,0,21,0,0,59,0,"43,70","3 837,40","65,04",10,0,104,1376,0,499,0,0,1367,9,"50,96","94 546,83","68,71",488,0,2602,Total jan,2341,8,784,0,0,2276,65,"56,13","181 296,15","77,18",828,0,4422,Total,8740,4410,2949,0,0,7186,1554,"13,34","943 607,11","71,76",3075,0,16938
Data,Ocup,Opção,Cheg,Oferta/Uso Interno,Deduz. Individ.,Deduz. Grupos,% Ocup.,Receita Quartos,Preço Médio,Saídas,Quartos FdS,Adul. / Cri.,janeiro,Previsão,16-jan-2026 sex,75,0,36,0,0,75,0,"55,56","4 838,35","64,51",20,0,139,1376,0,499,0,0,1367,9,"50,96","94 546,83","68,71",488,0,2602,Total jan,2341,8,784,0,0,2276,65,"56,13","181 296,15","77,18",828,0,4422,Total,8740,4410,2949,0,0,7186,1554,"13,34","943 607,11","71,76",3075,0,16938
Data,Ocup,Opção,Cheg,Oferta/Uso Interno,Deduz. Individ.,Deduz. Grupos,% Ocup.,Receita Quartos,Preço Médio,Saídas,Quartos FdS,Adul. / Cri.,janeiro,Previsão,17-jan-2026 sáb,90,0,37,0,0,90,0,"66,67","5 900,13","65,56",22,0,165,1376,0,499,0,0,1367,9,"50,96","94 546,83","68,71",488,0,2602,Total jan,2341,8,784,0,0,2276,65,"56,13","181 296,15","77,18",828,0,4422,Total,8740,4410,2949,0,0,7186,1554,"13,34","943 607,11","71,76",3075,0,16938
Data,Ocup,Opção,Cheg,Oferta/Uso Interno,Deduz. Individ.,Deduz. Grupos,% Ocup.,Receita Quartos,Preço Médio,Saídas,Quartos FdS,Adul. / Cri.,janeiro,Previsão,18-jan-2026 dom,74,0,18,0,0,74,0,"54,81","4 682,53","63,28",34,0,132,1376,0,499,0,0,1367,9,"50,96","94 546,83","68,71",488,0,2602,Total jan,2341,8,784,0,0,2276,65,"56,13","181 296,15","77,18",828,0,4422,Total,8740,4410,2949,0,0,7186,1554,"13,34","943 607,11","71,76",3075,0,16938
Data,Ocup,Opção,Cheg,Oferta/Uso Interno,Deduz. Individ.,Deduz. Grupos,% Ocup.,Receita Quartos,Preço Médio,Saídas,Quartos FdS,Adul. / Cri.,janeiro,Previsão,19-jan-2026 seg,73,0,24,0,0,73,0,"54,07","4 721,00","64,67",25,0,128,1376,0,499,0,0,1367,9,"50,96","94 546,83","68,71",488,0,2602,Total jan,2341,8,784,0,0,2276,65,"56,13","181 296,15","77,18",828,0,4422,Total,8740,4410,2949,0,0,7186,1554,"13,34","943 607,11","71,76",3075,0,16938
Data,Ocup,Opção,Cheg,Oferta/Uso Interno,Deduz. Individ.,Deduz. Grupos,% Ocup.,Receita Quartos,Preço Médio,Saídas,Quartos FdS,Adul. / Cri.,janeiro,Previsão,20-jan-2026 ter,51,0,10,0,0,51,0,"37,78","3 369,63","66,07",32,0,89,1376,0,499,0,0,1367,9,"50,96","94 546,83","68,71",488,0,2602,Total jan,2341,8,784,0,0,2276,65,"56,13","181 296,15","77,18",828,0,4422,Total,8740,4410,2949,0,0,7186,1554,"13,34","943 607,11","71,76",3075,0,16938
Data,Ocup,Opção,Cheg,Oferta/Uso Interno,Deduz. Individ.,Deduz. Grupos,% Ocup.,Receita Quartos,Preço Médio,Saídas,Quartos FdS,Adul. / Cri.,janeiro,Previsão,21-jan-2026 qua,59,0,28,0,0,59,0,"43,70","3 849,59","65,25",20,0,109,1376,0,499,0,0,1367,9,"50,96","94 546,83","68,71",488,0,2602,Total jan,2341,8,784,0,0,2276,65,"56,13","181 296,15","77,18",828,0,4422,Total,8740,4410,2949,0,0,7186,1554,"13,34","943 607,11","71,76",3075,0,16938
Data,Ocup,Opção,Cheg,Oferta/Uso Interno,Deduz. Individ.,Deduz. Grupos,% Ocup.,Receita Quartos,Preço Médio,Saídas,Quartos FdS,Adul. / Cri.,janeiro,Previsão,22-jan-2026 qui,72,0,30,0,0,72,0,"53,33","4 975,79","69,11",17,0,142,1376,0,499,0,0,1367,9,"50,96","94 546,83","68,71",488,0,2602,Total jan,2341,8,784,0,0,2276,65,"56,13","181 296,15","77,18",828,0,4422,Total,8740,4410,2949,0,0,7186,1554,"13,34","943 607,11","71,76",3075,0,16938
Data,Ocup,Opção,Cheg,Oferta/Uso Interno,Deduz. Individ.,Deduz. Grupos,% Ocup.,Receita Quartos,Preço Médio,Saídas,Quartos FdS,Adul. / Cri.,janeiro,Previsão,23-jan-2026 sex,94,0,40,0,0,94,0,"69,63","6 538,28","69,56",18,0,186,1376,0,499,0,0,1367,9,"50,96","94 546,83","68,71",488,0,2602,Total jan,2341,8,784,0,0,2276,65,"56,13","181 296,15","77,18",828,0,4422,Total,8740,4410,2949,0,0,7186,1554,"13,34","943 607,11","71,76",3075,0,16938
Data,Ocup,Opção,Cheg,Oferta/Uso Interno,Deduz. Individ.,Deduz. Grupos,% Ocup.,Receita Quartos,Preço Médio,Saídas,Quartos FdS,Adul. / Cri.,janeiro,Previsão,24-jan-2026 sáb,92,0,25,0,0,92,0,"68,15","6 667,31","72,47",27,0,186,1376,0,499,0,0,1367,9,"50,96","94 546,83","68,71",488,0,2602,Total jan,2341,8,784,0,0,2276,65,"56,13","181 296,15","77,18",828,0,4422,Total,8740,4410,2949,0,0,7186,1554,"13,34","943 607,11","71,76",3075,0,16938
Data,Ocup,Opção,Cheg,Oferta/Uso Interno,Deduz. Individ.,Deduz. Grupos,% Ocup.,Receita Quartos,Preço Médio,Saídas,Quartos FdS,Adul. / Cri.,janeiro,Previsão,25-jan-2026 dom,68,0,22,0,0,68,0,"50,37","5 060,91","74,43",46,0,143,1376,0,499,0,0,1367,9,"50,96","94 546,83","68,71",488,0,2602,Total jan,2341,8,784,0,0,2276,65,"56,13","181 296,15","77,18",828,0,4422,Total,8740,4410,2949,0,0,7186,1554,"13,34","943 607,11","71,76",3075,0,16938
Data,Ocup,Opção,Cheg,Oferta/Uso Interno,Deduz. Individ.,Deduz. Grupos,% Ocup.,Receita Quartos,Preço Médio,Saídas,Quartos FdS,Adul. / Cri.,janeiro,Previsão,26-jan-2026 seg,54,0,13,0,0,54,0,"40,00","4 051,57","75,03",27,0,110,1376,0,499,0,0,1367,9,"50,96","94 546,83","68,71",488,0,2602,Total jan,2341,8,784,0,0,2276,65,"56,13","181 296,15","77,18",828,0,4422,Total,8740,4410,2949,0,0,7186,1554,"13,34","943 607,11","71,76",3075,0,16938
Data,Ocup,Opção,Cheg,Oferta/Uso Interno,Deduz. Individ.,Deduz. Grupos,% Ocup.,Receita Quartos,Preço Médio,Saídas,Quartos FdS,Adul. / Cri.,janeiro,Previsão,27-jan-2026 ter,53,0,24,0,0,53,0,"39,26","3 589,59","67,73",25,0,96,1376,0,499,0,0,1367,9,"50,96","94 546,83","68,71",488,0,2602,Total jan,2341,8,784,0,0,2276,65,"56,13","181 296,15","77,18",828,0,4422,Total,8740,4410,2949,0,0,7186,1554,"13,34","943 607,11","71,76",3075,0,16938
Data,Ocup,Opção,Cheg,Oferta/Uso Interno,Deduz. Individ.,Deduz. Grupos,% Ocup.,Receita Quartos,Preço Médio,Saídas,Quartos FdS,Adul. / Cri.,janeiro,Previsão,28-jan-2026 qua,65,0,31,0,0,65,0,"48,15","4 453,53","68,52",19,0,119,1376,0,499,0,0,1367,9,"50,96","94 546,83","68,71",488,0,2602,Total jan,2341,8,784,0,0,2276,65,"56,13","181 296,15","77,18",828,0,4422,Total,8740,4410,2949,0,0,7186,1554,"13,34","943 607,11","71,76",3075,0,16938
Data,Ocup,Opção,Cheg,Oferta/Uso Interno,Deduz. Individ.,Deduz. Grupos,% Ocup.,Receita Quartos,Preço Médio,Saídas,Quartos FdS,Adul. / Cri.,janeiro,Previsão,29-jan-2026 qui,80,0,35,0,0,80,0,"59,26","5 491,39","68,64",20,0,152,1376,0,499,0,0,1367,9,"50,96","94 546,83","68,71",488,0,2602,Total jan,2341,8,784,0,0,2276,65,"56,13","181 296,15","77,18",828,0,4422,Total,8740,4410,2949,0,0,7186,1554,"13,34","943 607,11","71,76",3075,0,16938
Data,Ocup,Opção,Cheg,Oferta/Uso Interno,Deduz. Individ.,Deduz. Grupos,% Ocup.,Receita Quartos,Preço Médio,Saídas,Quartos FdS,Adul. / Cri.,janeiro,Previsão,30-jan-2026 sex,84,0,28,0,0,84,0,"62,22","6 168,19","73,43",24,0,169,1376,0,499,0,0,1367,9,"50,96","94 546,83","68,71",488,0,2602,Total jan,2341,8,784,0,0,2276,65,"56,13","181 296,15","77,18",828,0,4422,Total,8740,4410,2949,0,0,7186,1554,"13,34","943 607,11","71,76",3075,0,16938
Data,Ocup,Opção,Cheg,Oferta/Uso Interno,Deduz. Individ.,Deduz. Grupos,% Ocup.,Receita Quartos,Preço Médio,Saídas,Quartos FdS,Adul. / Cri.,janeiro,Previsão,31-jan-2026 sáb,82,0,25,0,0,82,0,"60,74","6 263,93","76,39",27,0,165,1376,0,499,0,0,1367,9,"50,96","94 546,83","68,71",488,0,2602,Total jan,2341,8,784,0,0,2276,65,"56,13","181 296,15","77,18",828,0,4422,Total,8740,4410,2949,0,0,7186,1554,"13,34","943 607,11","71,76",3075,0,16938
Data,Ocup,Opção,Cheg,Oferta/Uso Interno,Deduz. Individ.,Deduz. Grupos,% Ocup.,Receita Quartos,Preço Médio,Saídas,Quartos FdS,Adul. / Cri.,fevereiro,Previsão,01-fev-2026 dom,59,0,17,0,0,59,0,"43,70","4 087,40","69,28",40,0,112,1761,1,584,0,0,1757,4,"46,61","137 653,61","78,12",595,0,3429,Total fev,1761,1,584,0,0,1757,4,"46,61","137 653,61","78,12",595,0,3429,Total,8740,4410,2949,0,0,7186,1554,"13,34","943 607,11","71,76",3075,0,16938
Data,Ocup,Opção,Cheg,Oferta/Uso Interno,Deduz. Individ.,Deduz. Grupos,% Ocup.,Receita Quartos,Preço Médio,Saídas,Quartos FdS,Adul. / Cri.,fevereiro,Previsão,02-fev-2026 seg,53,0,18,0,0,53,0,"39,26","3 554,05","67,06",24,0,97,1761,1,584,0,0,1757,4,"46,61","137 653,61","78,12",595,0,3429,Total fev,1761,1,584,0,0,1757,4,"46,61","137 653,61","78,12",595,0,3429,Total,8740,4410,2949,0,0,7186,1554,"13,34","943 607,11","71,76",3075,0,16938
Data,Ocup,Opção,Cheg,Oferta/Uso Interno,Deduz. Individ.,Deduz. Grupos,% Ocup.,Receita Quartos,Preço Médio,Saídas,Quartos FdS,Adul. / Cri.,fevereiro,Previsão,03-fev-2026 ter,50,0,12,0,0,50,0,"37,04","3 325,52","66,51",15,0,93,1761,1,584,0,0,1757,4,"46,61","137 653,61","78,12",595,0,3429,Total fev,1761,1,584,0,0,1757,4,"46,61","137 653,61","78,12",595,0,3429,Total,8740,4410,2949,0,0,7186,1554,"13,34","943 607,11","71,76",3075,0,16938
Data,Ocup,Opção,Cheg,Oferta/Uso Interno,Deduz. Individ.,Deduz. Grupos,% Ocup.,Receita Quartos,Preço Médio,Saídas,Quartos FdS,Adul. / Cri.,fevereiro,Previsão,04-fev-2026 qua,47,0,18,0,0,47,0,"34,81","3 340,48","71,07",21,0,94,1761,1,584,0,0,1757,4,"46,61","137 653,61","78,12",595,0,3429,Total fev,1761,1,584,0,0,1757,4,"46,61","137 653,61","78,12",595,0,3429,Total,8740,4410,2949,0,0,7186,1554,"13,34","943 607,11","71,76",3075,0,16938
Data,Ocup,Opção,Cheg,Oferta/Uso Interno,Deduz. Individ.,Deduz. Grupos,% Ocup.,Receita Quartos,Preço Médio,Saídas,Quartos FdS,Adul. / Cri.,fevereiro,Previsão,05-fev-2026 qui,53,0,20,0,0,53,0,"39,26","3 395,82","64,07",14,0,103,1761,1,584,0,0,1757,4,"46,61","137 653,61","78,12",595,0,3429,Total fev,1761,1,584,0,0,1757,4,"46,61","137 653,61","78,12",595,0,3429,Total,8740,4410,2949,0,0,7186,1554,"13,34","943 607,11","71,76",3075,0,16938
Data,Ocup,Opção,Cheg,Oferta/Uso Interno,Deduz. Individ.,Deduz. Grupos,% Ocup.,Receita Quartos,Preço Médio,Saídas,Quartos FdS,Adul. / Cri.,fevereiro,Previsão,06-fev-2026 sex,71,0,32,0,0,71,0,"52,59","5 365,04","75,56",14,0,144,1761,1,584,0,0,1757,4,"46,61","137 653,61","78,12",595,0,3429,Total fev,1761,1,584,0,0,1757,4,"46,61","137 653,61","78,12",595,0,3429,Total,8740,4410,2949,0,0,7186,1554,"13,34","943 607,11","71,76",3075,0,16938
Data,Ocup,Opção,Cheg,Oferta/Uso Interno,Deduz. Individ.,Deduz. Grupos,% Ocup.,Receita Quartos,Preço Médio,Saídas,Quartos FdS,Adul. / Cri.,fevereiro,Previsão,07-fev-2026 sáb,75,0,21,0,0,75,0,"55,56","5 750,14","76,67",17,0,153,1761,1,584,0,0,1757,4,"46,61","137 653,61","78,12",595,0,3429,Total fev,1761,1,584,0,0,1757,4,"46,61","137 653,61","78,12",595,0,3429,Total,8740,4410,2949,0,0,7186,1554,"13,34","943 607,11","71,76",3075,0,16938
Data,Ocup,Opção,Cheg,Oferta/Uso Interno,Deduz. Individ.,Deduz. Grupos,% Ocup.,Receita Quartos,Preço Médio,Saídas,Quartos FdS,Adul. / Cri.,fevereiro,Previsão,08-fev-2026 dom,49,0,9,0,0,49,0,"36,30","3 251,71","66,36",35,0,100,1761,1,584,0,0,1757,4,"46,61","137 653,61","78,12",595,0,3429,Total fev,1761,1,584,0,0,1757,4,"46,61","137 653,61","78,12",595,0,3429,Total,8740,4410,2949,0,0,7186,1554,"13,34","943 607,11","71,76",3075,0,16938
Data,Ocup,Opção,Cheg,Oferta/Uso Interno,Deduz. Individ.,Deduz. Grupos,% Ocup.,Receita Quartos,Preço Médio,Saídas,Quartos FdS,Adul. / Cri.,fevereiro,Previsão,09-fev-2026 seg,40,0,17,0,0,40,0,"29,63","2 656,95","66,42",26,0,71,1761,1,584,0,0,1757,4,"46,61","137 653,61","78,12",595,0,3429,Total fev,1761,1,584,0,0,1757,4,"46,61","137 653,61","78,12",595,0,3429,Total,8740,4410,2949,0,0,7186,1554,"13,34","943 607,11","71,76",3075,0,16938
Data,Ocup,Opção,Cheg,Oferta/Uso Interno,Deduz. Individ.,Deduz. Grupos,% Ocup.,Receita Quartos,Preço Médio,Saídas,Quartos FdS,Adul. / Cri.,fevereiro,Previsão,10-fev-2026 ter,44,0,17,0,0,44,0,"32,59","2 925,46","66,49",13,0,78,1761,1,584,0,0,1757,4,"46,61","137 653,61","78,12",595,0,3429,Total fev,1761,1,584,0,0,1757,4,"46,61","137 653,61","78,12",595,0,3429,Total,8740,4410,2949,0,0,7186,1554,"13,34","943 607,11","71,76",3075,0,16938
Data,Ocup,Opção,Cheg,Oferta/Uso Interno,Deduz. Individ.,Deduz. Grupos,% Ocup.,Receita Quartos,Preço Médio,Saídas,Quartos FdS,Adul. / Cri.,fevereiro,Previsão,11-fev-2026 qua,53,0,21,0,0,53,0,"39,26","3 582,32","67,59",12,0,95,1761,1,584,0,0,1757,4,"46,61","137 653,61","78,12",595,0,3429,Total fev,1761,1,584,0,0,1757,4,"46,61","137 653,61","78,12",595,0,3429,Total,8740,4410,2949,0,0,7186,1554,"13,34","943 607,11","71,76",3075,0,16938
Data,Ocup,Opção,Cheg,Oferta/Uso Interno,Deduz. Individ.,Deduz. Grupos,% Ocup.,Receita Quartos,Preço Médio,Saídas,Quartos FdS,Adul. / Cri.,fevereiro,Previsão,12-fev-2026 qui,61,0,26,0,0,61,0,"45,19","4 408,65","72,27",18,0,116,1761,1,584,0,0,1757,4,"46,61","137 653,61","78,12",595,0,3429,Total fev,1761,1,584,0,0,1757,4,"46,61","137 653,61","78,12",595,0,3429,Total,8740,4410,2949,0,0,7186,1554,"13,34","943 607,11","71,76",3075,0,16938
Data,Ocup,Opção,Cheg,Oferta/Uso Interno,Deduz. Individ.,Deduz. Grupos,% Ocup.,Receita Quartos,Preço Médio,Saídas,Quartos FdS,Adul. / Cri.,fevereiro,Previsão,13-fev-2026 sex,78,0,33,0,0,78,0,"57,78","6 740,67","86,42",16,0,160,1761,1,584,0,0,1757,4,"46,61","137 653,61","78,12",595,0,3429,Total fev,1761,1,584,0,0,1757,4,"46,61","137 653,61","78,12",595,0,3429,Total,8740,4410,2949,0,0,7186,1554,"13,34","943 607,11","71,76",3075,0,16938
Data,Ocup,Opção,Cheg,Oferta/Uso Interno,Deduz. Individ.,Deduz. Grupos,% Ocup.,Receita Quartos,Preço Médio,Saídas,Quartos FdS,Adul. / Cri.,fevereiro,Previsão,14-fev-2026 sáb,83,0,27,0,0,83,0,"61,48","7 929,30","95,53",22,0,164,1761,1,584,0,0,1757,4,"46,61","137 653,61","78,12",595,0,3429,Total fev,1761,1,584,0,0,1757,4,"46,61","137 653,61","78,12",595,0,3429,Total,8740,4410,2949,0,0,7186,1554,"13,34","943 607,11","71,76",3075,0,16938
Data,Ocup,Opção,Cheg,Oferta/Uso Interno,Deduz. Individ.,Deduz. Grupos,% Ocup.,Receita Quartos,Preço Médio,Saídas,Quartos FdS,Adul. / Cri.,fevereiro,Previsão,15-fev-2026 dom,82,0,23,0,0,82,0,"60,74","7 629,43","93,04",24,0,168,1761,1,584,0,0,1757,4,"46,61","137 653,61","78,12",595,0,3429,Total fev,1761,1,584,0,0,1757,4,"46,61","137 653,61","78,12",595,0,3429,Total,8740,4410,2949,0,0,7186,1554,"13,34","943 607,11","71,76",3075,0,16938
Data,Ocup,Opção,Cheg,Oferta/Uso Interno,Deduz. Individ.,Deduz. Grupos,% Ocup.,Receita Quartos,Preço Médio,Saídas,Quartos FdS,Adul. / Cri.,fevereiro,Previsão,16-fev-2026 seg,64,0,14,0,0,64,0,"47,41","5 870,77","91,73",32,0,139,1761,1,584,0,0,1757,4,"46,61","137 653,61","78,12",595,0,3429,Total fev,1761,1,584,0,0,1757,4,"46,61","137 653,61","78,12",595,0,3429,Total,8740,4410,2949,0,0,7186,1554,"13,34","943 607,11","71,76",3075,0,16938
Data,Ocup,Opção,Cheg,Oferta/Uso Interno,Deduz. Individ.,Deduz. Grupos,% Ocup.,Receita Quartos,Preço Médio,Saídas,Quartos FdS,Adul. / Cri.,fevereiro,Previsão,17-fev-2026 ter,70,0,29,0,0,70,0,"51,85","5 743,62","82,05",23,0,147,1761,1,584,0,0,1757,4,"46,61","137 653,61","78,12",595,0,3429,Total fev,1761,1,584,0,0,1757,4,"46,61","137 653,61","78,12",595,0,3429,Total,8740,4410,2949,0,0,7186,1554,"13,34","943 607,11","71,76",3075,0,16938
Data,Ocup,Opção,Cheg,Oferta/Uso Interno,Deduz. Individ.,Deduz. Grupos,% Ocup.,Receita Quartos,Preço Médio,Saídas,Quartos FdS,Adul. / Cri.,fevereiro,Previsão,18-fev-2026 qua,58,0,18,0,0,58,0,"42,96","4 733,51","81,61",30,0,121,1761,1,584,0,0,1757,4,"46,61","137 653,61","78,12",595,0,3429,Total fev,1761,1,584,0,0,1757,4,"46,61","137 653,61","78,12",595,0,3429,Total,8740,4410,2949,0,0,7186,1554,"13,34","943 607,11","71,76",3075,0,16938
Data,Ocup,Opção,Cheg,Oferta/Uso Interno,Deduz. Individ.,Deduz. Grupos,% Ocup.,Receita Quartos,Preço Médio,Saídas,Quartos FdS,Adul. / Cri.,fevereiro,Previsão,19-fev-2026 qui,65,0,25,0,0,65,0,"48,15","5 783,65","88,98",18,0,135,1761,1,584,0,0,1757,4,"46,61","137 653,61","78,12",595,0,3429,Total fev,1761,1,584,0,0,1757,4,"46,61","137 653,61","78,12",595,0,3429,Total,8740,4410,2949,0,0,7186,1554,"13,34","943 607,11","71,76",3075,0,16938
Data,Ocup,Opção,Cheg,Oferta/Uso Interno,Deduz. Individ.,Deduz. Grupos,% Ocup.,Receita Quartos,Preço Médio,Saídas,Quartos FdS,Adul. / Cri.,fevereiro,Previsão,20-fev-2026 sex,71,0,21,0,0,71,0,"52,59","6 470,92","91,14",15,0,145,1761,1,584,0,0,1757,4,"46,61","137 653,61","78,12",595,0,3429,Total fev,1761,1,584,0,0,1757,4,"46,61","137 653,61","78,12",595,0,3429,Total,8740,4410,2949,0,0,7186,1554,"13,34","943 607,11","71,76",3075,0,16938
Data,Ocup,Opção,Cheg,Oferta/Uso Interno,Deduz. Individ.,Deduz. Grupos,% Ocup.,Receita Quartos,Preço Médio,Saídas,Quartos FdS,Adul. / Cri.,fevereiro,Previsão,21-fev-2026 sáb,72,0,23,0,0,72,0,"53,33","6 638,22","92,20",22,0,148,1761,1,584,0,0,1757,4,"46,61","137 653,61","78,12",595,0,3429,Total fev,1761,1,584,0,0,1757,4,"46,61","137 653,61","78,12",595,0,3429,Total,8740,4410,2949,0,0,7186,1554,"13,34","943 607,11","71,76",3075,0,16938
Data,Ocup,Opção,Cheg,Oferta/Uso Interno,Deduz. Individ.,Deduz. Grupos,% Ocup.,Receita Quartos,Preço Médio,Saídas,Quartos FdS,Adul. / Cri.,fevereiro,Previsão,22-fev-2026 dom,73,0,20,0,0,73,0,"54,07","5 857,84","80,24",19,0,142,1761,1,584,0,0,1757,4,"46,61","137 653,61","78,12",595,0,3429,Total fev,1761,1,584,0,0,1757,4,"46,61","137 653,61","78,12",595,0,3429,Total,8740,4410,2949,0,0,7186,1554,"13,34","943 607,11","71,76",3075,0,16938
Data,Ocup,Opção,Cheg,Oferta/Uso Interno,Deduz. Individ.,Deduz. Grupos,% Ocup.,Receita Quartos,Preço Médio,Saídas,Quartos FdS,Adul. / Cri.,fevereiro,Previsão,23-fev-2026 seg,61,0,21,0,0,61,0,"45,19","4 661,54","76,42",33,0,110,1761,1,584,0,0,1757,4,"46,61","137 653,61","78,12",595,0,3429,Total fev,1761,1,584,0,0,1757,4,"46,61","137 653,61","78,12",595,0,3429,Total,8740,4410,2949,0,0,7186,1554,"13,34","943 607,11","71,76",3075,0,16938
Data,Ocup,Opção,Cheg,Oferta/Uso Interno,Deduz. Individ.,Deduz. Grupos,% Ocup.,Receita Quartos,Preço Médio,Saídas,Quartos FdS,Adul. / Cri.,fevereiro,Previsão,24-fev-2026 ter,75,0,21,0,0,75,0,"55,56","5 623,45","74,98",7,0,133,1761,1,584,0,0,1757,4,"46,61","137 653,61","78,12",595,0,3429,Total fev,1761,1,584,0,0,1757,4,"46,61","137 653,61","78,12",595,0,3429,Total,8740,4410,2949,0,0,7186,1554,"13,34","943 607,11","71,76",3075,0,16938
Data,Ocup,Opção,Cheg,Oferta/Uso Interno,Deduz. Individ.,Deduz. Grupos,% Ocup.,Receita Quartos,Preço Médio,Saídas,Quartos FdS,Adul. / Cri.,fevereiro,Previsão,25-fev-2026 qua,58,0,13,0,0,58,0,"42,96","4 067,38","70,13",30,0,102,1761,1,584,0,0,1757,4,"46,61","137 653,61","78,12",595,0,3429,Total fev,1761,1,584,0,0,1757,4,"46,61","137 653,61","78,12",595,0,3429,Total,8740,4410,2949,0,0,7186,1554,"13,34","943 607,11","71,76",3075,0,16938
Data,Ocup,Opção,Cheg,Oferta/Uso Interno,Deduz. Individ.,Deduz. Grupos,% Ocup.,Receita Quartos,Preço Médio,Saídas,Quartos FdS,Adul. / Cri.,fevereiro,Previsão,26-fev-2026 qui,56,0,15,0,0,56,0,"41,48","3 812,62","68,08",17,0,99,1761,1,584,0,0,1757,4,"46,61","137 653,61","78,12",595,0,3429,Total fev,1761,1,584,0,0,1757,4,"46,61","137 653,61","78,12",595,0,3429,Total,8740,4410,2949,0,0,7186,1554,"13,34","943 607,11","71,76",3075,0,16938
Data,Ocup,Opção,Cheg,Oferta/Uso Interno,Deduz. Individ.,Deduz. Grupos,% Ocup.,Receita Quartos,Preço Médio,Saídas,Quartos FdS,Adul. / Cri.,fevereiro,Previsão,27-fev-2026 sex,69,0,33,0,0,68,1,"51,11","5 045,13","73,12",20,0,127,1761,1,584,0,0,1757,4,"46,61","137 653,61","78,12",595,0,3429,Total fev,1761,1,584,0,0,1757,4,"46,61","137 653,61","78,12",595,0,3429,Total,8740,4410,2949,0,0,7186,1554,"13,34","943 607,11","71,76",3075,0,16938
Data,Ocup,Opção,Cheg,Oferta/Uso Interno,Deduz. Individ.,Deduz. Grupos,% Ocup.,Receita Quartos,Preço Médio,Saídas,Quartos FdS,Adul. / Cri.,fevereiro,Previsão,28-fev-2026 sáb,71,1,20,0,0,68,3,"53,33","5 402,04","75,03",18,0,133,1761,1,584,0,0,1757,4,"46,61","137 653,61","78,12",595,0,3429,Total fev,1761,1,584,0,0,1757,4,"46,61","137 653,61","78,12",595,0,3429,Total,8740,4410,2949,0,0,7186,1554,"13,34","943 607,11","71,76",3075,0,16938
Data,Ocup,Opção,Cheg,Oferta/Uso Interno,Deduz. Individ.,Deduz. Grupos,% Ocup.,Receita Quartos,Preço Médio,Saídas,Quartos FdS,Adul. / Cri.,março,Previsão,01-mar-2026 dom,48,13,12,0,0,48,0,"45,19","4 071,26","66,74",35,0,94,1596,106,516,0,0,1356,240,"40,67","166 721,44","97,96",550,0,3104,Total mar,1596,106,516,0,0,1356,240,"40,67","166 721,44","97,96",550,0,3104,Total,8740,4410,2949,0,0,7186,1554,"13,34","943 607,11","71,76",3075,0,16938
Data,Ocup,Opção,Cheg,Oferta/Uso Interno,Deduz. Individ.,Deduz. Grupos,% Ocup.,Receita Quartos,Preço Médio,Saídas,Quartos FdS,Adul. / Cri.,março,Previsão,02-mar-2026 seg,47,24,18,0,0,47,0,"52,59","4 057,53","57,15",19,0,95,1596,106,516,0,0,1356,240,"40,67","166 721,44","97,96",550,0,3104,Total mar,1596,106,516,0,0,1356,240,"40,67","166 721,44","97,96",550,0,3104,Total,8740,4410,2949,0,0,7186,1554,"13,34","943 607,11","71,76",3075,0,16938
Data,Ocup,Opção,Cheg,Oferta/Uso Interno,Deduz. Individ.,Deduz. Grupos,% Ocup.,Receita Quartos,Preço Médio,Saídas,Quartos FdS,Adul. / Cri.,março,Previsão,03-mar-2026 ter,46,11,11,0,0,46,0,"42,22","4 063,49","71,29",12,0,91,1596,106,516,0,0,1356,240,"40,67","166 721,44","97,96",550,0,3104,Total mar,1596,106,516,0,0,1356,240,"40,67","166 721,44","97,96",550,0,3104,Total,8740,4410,2949,0,0,7186,1554,"13,34","943 607,11","71,76",3075,0,16938
Data,Ocup,Opção,Cheg,Oferta/Uso Interno,Deduz. Individ.,Deduz. Grupos,% Ocup.,Receita Quartos,Preço Médio,Saídas,Quartos FdS,Adul. / Cri.,março,Previsão,04-mar-2026 qua,45,0,16,0,0,45,0,"33,33","3 900,32","86,67",17,0,85,1596,106,516,0,0,1356,240,"40,67","166 721,44","97,96",550,0,3104,Total mar,1596,106,516,0,0,1356,240,"40,67","166 721,44","97,96",550,0,3104,Total,8740,4410,2949,0,0,7186,1554,"13,34","943 607,11","71,76",3075,0,16938
Data,Ocup,Opção,Cheg,Oferta/Uso Interno,Deduz. Individ.,Deduz. Grupos,% Ocup.,Receita Quartos,Preço Médio,Saídas,Quartos FdS,Adul. / Cri.,março,Previsão,05-mar-2026 qui,49,0,11,0,0,49,0,"36,30","4 294,80","87,65",7,0,93,1596,106,516,0,0,1356,240,"40,67","166 721,44","97,96",550,0,3104,Total mar,1596,106,516,0,0,1356,240,"40,67","166 721,44","97,96",550,0,3104,Total,8740,4410,2949,0,0,7186,1554,"13,34","943 607,11","71,76",3075,0,16938
Data,Ocup,Opção,Cheg,Oferta/Uso Interno,Deduz. Individ.,Deduz. Grupos,% Ocup.,Receita Quartos,Preço Médio,Saídas,Quartos FdS,Adul. / Cri.,março,Previsão,06-mar-2026 sex,70,0,37,0,0,67,3,"51,85","7 415,57","105,94",16,0,128,1596,106,516,0,0,1356,240,"40,67","166 721,44","97,96",550,0,3104,Total mar,1596,106,516,0,0,1356,240,"40,67","166 721,44","97,96",550,0,3104,Total,8740,4410,2949,0,0,7186,1554,"13,34","943 607,11","71,76",3075,0,16938
Data,Ocup,Opção,Cheg,Oferta/Uso Interno,Deduz. Individ.,Deduz. Grupos,% Ocup.,Receita Quartos,Preço Médio,Saídas,Quartos FdS,Adul. / Cri.,março,Previsão,07-mar-2026 sáb,66,0,14,0,0,63,3,"48,89","6 905,88","104,63",18,0,124,1596,106,516,0,0,1356,240,"40,67","166 721,44","97,96",550,0,3104,Total mar,1596,106,516,0,0,1356,240,"40,67","166 721,44","97,96",550,0,3104,Total,8740,4410,2949,0,0,7186,1554,"13,34","943 607,11","71,76",3075,0,16938
Data,Ocup,Opção,Cheg,Oferta/Uso Interno,Deduz. Individ.,Deduz. Grupos,% Ocup.,Receita Quartos,Preço Médio,Saídas,Quartos FdS,Adul. / Cri.,março,Previsão,08-mar-2026 dom,57,0,15,0,0,57,0,"42,22","5 005,83","87,82",24,0,111,1596,106,516,0,0,1356,240,"40,67","166 721,44","97,96",550,0,3104,Total mar,1596,106,516,0,0,1356,240,"40,67","166 721,44","97,96",550,0,3104,Total,8740,4410,2949,0,0,7186,1554,"13,34","943 607,11","71,76",3075,0,16938
Data,Ocup,Opção,Cheg,Oferta/Uso Interno,Deduz. Individ.,Deduz. Grupos,% Ocup.,Receita Quartos,Preço Médio,Saídas,Quartos FdS,Adul. / Cri.,março,Previsão,09-mar-2026 seg,48,0,10,0,0,48,0,"35,56","4 171,26","86,90",19,0,94,1596,106,516,0,0,1356,240,"40,67","166 721,44","97,96",550,0,3104,Total mar,1596,106,516,0,0,1356,240,"40,67","166 721,44","97,96",550,0,3104,Total,8740,4410,2949,0,0,7186,1554,"13,34","943 607,11","71,76",3075,0,16938
Data,Ocup,Opção,Cheg,Oferta/Uso Interno,Deduz. Individ.,Deduz. Grupos,% Ocup.,Receita Quartos,Preço Médio,Saídas,Quartos FdS,Adul. / Cri.,março,Previsão,10-mar-2026 ter,36,0,12,0,0,35,1,"26,67","3 297,29","91,59",24,0,65,1596,106,516,0,0,1356,240,"40,67","166 721,44","97,96",550,0,3104,Total mar,1596,106,516,0,0,1356,240,"40,67","166 721,44","97,96",550,0,3104,Total,8740,4410,2949,0,0,7186,1554,"13,34","943 607,11","71,76",3075,0,16938
Data,Ocup,Opção,Cheg,Oferta/Uso Interno,Deduz. Individ.,Deduz. Grupos,% Ocup.,Receita Quartos,Preço Médio,Saídas,Quartos FdS,Adul. / Cri.,março,Previsão,11-mar-2026 qua,40,0,23,0,0,23,17,"29,63","4 172,90","104,32",19,0,79,1596,106,516,0,0,1356,240,"40,67","166 721,44","97,96",550,0,3104,Total mar,1596,106,516,0,0,1356,240,"40,67","166 721,44","97,96",550,0,3104,Total,8740,4410,2949,0,0,7186,1554,"13,34","943 607,11","71,76",3075,0,16938
Data,Ocup,Opção,Cheg,Oferta/Uso Interno,Deduz. Individ.,Deduz. Grupos,% Ocup.,Receita Quartos,Preço Médio,Saídas,Quartos FdS,Adul. / Cri.,março,Previsão,12-mar-2026 qui,48,0,18,0,0,31,17,"35,56","5 213,20","108,61",10,0,94,1596,106,516,0,0,1356,240,"40,67","166 721,44","97,96",550,0,3104,Total mar,1596,106,516,0,0,1356,240,"40,67","166 721,44","97,96",550,0,3104,Total,8740,4410,2949,0,0,7186,1554,"13,34","943 607,11","71,76",3075,0,16938
Data,Ocup,Opção,Cheg,Oferta/Uso Interno,Deduz. Individ.,Deduz. Grupos,% Ocup.,Receita Quartos,Preço Médio,Saídas,Quartos FdS,Adul. / Cri.,março,Previsão,13-mar-2026 sex,65,0,19,0,0,48,17,"48,15","7 384,85","113,61",2,0,129,1596,106,516,0,0,1356,240,"40,67","166 721,44","97,96",550,0,3104,Total mar,1596,106,516,0,0,1356,240,"40,67","166 721,44","97,96",550,0,3104,Total,8740,4410,2949,0,0,7186,1554,"13,34","943 607,11","71,76",3075,0,16938
Data,Ocup,Opção,Cheg,Oferta/Uso Interno,Deduz. Individ.,Deduz. Grupos,% Ocup.,Receita Quartos,Preço Médio,Saídas,Quartos FdS,Adul. / Cri.,março,Previsão,14-mar-2026 sáb,67,2,26,0,0,65,2,"51,11","7 154,27","103,69",24,0,136,1596,106,516,0,0,1356,240,"40,67","166 721,44","97,96",550,0,3104,Total mar,1596,106,516,0,0,1356,240,"40,67","166 721,44","97,96",550,0,3104,Total,8740,4410,2949,0,0,7186,1554,"13,34","943 607,11","71,76",3075,0,16938
Data,Ocup,Opção,Cheg,Oferta/Uso Interno,Deduz. Individ.,Deduz. Grupos,% Ocup.,Receita Quartos,Preço Médio,Saídas,Quartos FdS,Adul. / Cri.,março,Previsão,15-mar-2026 dom,50,13,7,0,0,50,0,"46,67","4 703,58","74,66",24,0,99,1596,106,516,0,0,1356,240,"40,67","166 721,44","97,96",550,0,3104,Total mar,1596,106,516,0,0,1356,240,"40,67","166 721,44","97,96",550,0,3104,Total,8740,4410,2949,0,0,7186,1554,"13,34","943 607,11","71,76",3075,0,16938
Data,Ocup,Opção,Cheg,Oferta/Uso Interno,Deduz. Individ.,Deduz. Grupos,% Ocup.,Receita Quartos,Preço Médio,Saídas,Quartos FdS,Adul. / Cri.,março,Previsão,16-mar-2026 seg,50,13,29,0,0,31,19,"46,67","6 397,40","101,55",29,0,95,1596,106,516,0,0,1356,240,"40,67","166 721,44","97,96",550,0,3104,Total mar,1596,106,516,0,0,1356,240,"40,67","166 721,44","97,96",550,0,3104,Total,8740,4410,2949,0,0,7186,1554,"13,34","943 607,11","71,76",3075,0,16938
Data,Ocup,Opção,Cheg,Oferta/Uso Interno,Deduz. Individ.,Deduz. Grupos,% Ocup.,Receita Quartos,Preço Médio,Saídas,Quartos FdS,Adul. / Cri.,março,Previsão,17-mar-2026 ter,53,0,8,0,0,33,20,"39,26","6 786,89","128,05",5,0,99,1596,106,516,0,0,1356,240,"40,67","166 721,44","97,96",550,0,3104,Total mar,1596,106,516,0,0,1356,240,"40,67","166 721,44","97,96",550,0,3104,Total,8740,4410,2949,0,0,7186,1554,"13,34","943 607,11","71,76",3075,0,16938
Data,Ocup,Opção,Cheg,Oferta/Uso Interno,Deduz. Individ.,Deduz. Grupos,% Ocup.,Receita Quartos,Preço Médio,Saídas,Quartos FdS,Adul. / Cri.,março,Previsão,18-mar-2026 qua,58,0,25,0,0,22,36,"42,96","7 489,97","129,14",20,0,109,1596,106,516,0,0,1356,240,"40,67","166 721,44","97,96",550,0,3104,Total mar,1596,106,516,0,0,1356,240,"40,67","166 721,44","97,96",550,0,3104,Total,8740,4410,2949,0,0,7186,1554,"13,34","943 607,11","71,76",3075,0,16938
Data,Ocup,Opção,Cheg,Oferta/Uso Interno,Deduz. Individ.,Deduz. Grupos,% Ocup.,Receita Quartos,Preço Médio,Saídas,Quartos FdS,Adul. / Cri.,março,Previsão,19-mar-2026 qui,57,0,8,0,0,21,36,"42,22","7 677,09","134,69",9,0,108,1596,106,516,0,0,1356,240,"40,67","166 721,44","97,96",550,0,3104,Total mar,1596,106,516,0,0,1356,240,"40,67","166 721,44","97,96",550,0,3104,Total,8740,4410,2949,0,0,7186,1554,"13,34","943 607,11","71,76",3075,0,16938
Data,Ocup,Opção,Cheg,Oferta/Uso Interno,Deduz. Individ.,Deduz. Grupos,% Ocup.,Receita Quartos,Preço Médio,Saídas,Quartos FdS,Adul. / Cri.,março,Previsão,20-mar-2026 sex,64,0,29,0,0,47,17,"47,41","7 971,98","124,56",22,0,129,1596,106,516,0,0,1356,240,"40,67","166 721,44","97,96",550,0,3104,Total mar,1596,106,516,0,0,1356,240,"40,67","166 721,44","97,96",550,0,3104,Total,8740,4410,2949,0,0,7186,1554,"13,34","943 607,11","71,76",3075,0,16938
Data,Ocup,Opção,Cheg,Oferta/Uso Interno,Deduz. Individ.,Deduz. Grupos,% Ocup.,Receita Quartos,Preço Médio,Saídas,Quartos FdS,Adul. / Cri.,março,Previsão,21-mar-2026 sáb,60,4,23,0,0,60,0,"47,41","6 095,23","95,24",27,0,119,1596,106,516,0,0,1356,240,"40,67","166 721,44","97,96",550,0,3104,Total mar,1596,106,516,0,0,1356,240,"40,67","166 721,44","97,96",550,0,3104,Total,8740,4410,2949,0,0,7186,1554,"13,34","943 607,11","71,76",3075,0,16938
Data,Ocup,Opção,Cheg,Oferta/Uso Interno,Deduz. Individ.,Deduz. Grupos,% Ocup.,Receita Quartos,Preço Médio,Saídas,Quartos FdS,Adul. / Cri.,março,Previsão,22-mar-2026 dom,53,13,15,0,0,53,0,"48,89","4 404,59","66,74",22,0,103,1596,106,516,0,0,1356,240,"40,67","166 721,44","97,96",550,0,3104,Total mar,1596,106,516,0,0,1356,240,"40,67","166 721,44","97,96",550,0,3104,Total,8740,4410,2949,0,0,7186,1554,"13,34","943 607,11","71,76",3075,0,16938
Data,Ocup,Opção,Cheg,Oferta/Uso Interno,Deduz. Individ.,Deduz. Grupos,% Ocup.,Receita Quartos,Preço Médio,Saídas,Quartos FdS,Adul. / Cri.,março,Previsão,23-mar-2026 seg,55,13,14,0,0,55,0,"50,37","4 657,40","68,49",12,0,106,1596,106,516,0,0,1356,240,"40,67","166 721,44","97,96",550,0,3104,Total mar,1596,106,516,0,0,1356,240,"40,67","166 721,44","97,96",550,0,3104,Total,8740,4410,2949,0,0,7186,1554,"13,34","943 607,11","71,76",3075,0,16938
Data,Ocup,Opção,Cheg,Oferta/Uso Interno,Deduz. Individ.,Deduz. Grupos,% Ocup.,Receita Quartos,Preço Médio,Saídas,Quartos FdS,Adul. / Cri.,março,Previsão,24-mar-2026 ter,60,0,21,0,0,59,1,"44,44","5 800,97","96,68",16,0,113,1596,106,516,0,0,1356,240,"40,67","166 721,44","97,96",550,0,3104,Total mar,1596,106,516,0,0,1356,240,"40,67","166 721,44","97,96",550,0,3104,Total,8740,4410,2949,0,0,7186,1554,"13,34","943 607,11","71,76",3075,0,16938
Data,Ocup,Opção,Cheg,Oferta/Uso Interno,Deduz. Individ.,Deduz. Grupos,% Ocup.,Receita Quartos,Preço Médio,Saídas,Quartos FdS,Adul. / Cri.,março,Previsão,25-mar-2026 qua,51,0,21,0,0,34,17,"37,78","5 599,14","109,79",30,0,100,1596,106,516,0,0,1356,240,"40,67","166 721,44","97,96",550,0,3104,Total mar,1596,106,516,0,0,1356,240,"40,67","166 721,44","97,96",550,0,3104,Total,8740,4410,2949,0,0,7186,1554,"13,34","943 607,11","71,76",3075,0,16938
Data,Ocup,Opção,Cheg,Oferta/Uso Interno,Deduz. Individ.,Deduz. Grupos,% Ocup.,Receita Quartos,Preço Médio,Saídas,Quartos FdS,Adul. / Cri.,março,Previsão,26-mar-2026 qui,47,0,3,0,0,30,17,"34,81","5 246,49","111,63",7,0,93,1596,106,516,0,0,1356,240,"40,67","166 721,44","97,96",550,0,3104,Total mar,1596,106,516,0,0,1356,240,"40,67","166 721,44","97,96",550,0,3104,Total,8740,4410,2949,0,0,7186,1554,"13,34","943 607,11","71,76",3075,0,16938
Data,Ocup,Opção,Cheg,Oferta/Uso Interno,Deduz. Individ.,Deduz. Grupos,% Ocup.,Receita Quartos,Preço Médio,Saídas,Quartos FdS,Adul. / Cri.,março,Previsão,27-mar-2026 sex,34,0,8,0,0,17,17,"25,19","4 247,27","124,92",21,0,66,1596,106,516,0,0,1356,240,"40,67","166 721,44","97,96",550,0,3104,Total mar,1596,106,516,0,0,1356,240,"40,67","166 721,44","97,96",550,0,3104,Total,8740,4410,2949,0,0,7186,1554,"13,34","943 607,11","71,76",3075,0,16938
Data,Ocup,Opção,Cheg,Oferta/Uso Interno,Deduz. Individ.,Deduz. Grupos,% Ocup.,Receita Quartos,Preço Médio,Saídas,Quartos FdS,Adul. / Cri.,março,Previsão,28-mar-2026 sáb,33,0,22,0,0,33,0,"24,44","3 870,94","117,30",23,0,64,1596,106,516,0,0,1356,240,"40,67","166 721,44","97,96",550,0,3104,Total mar,1596,106,516,0,0,1356,240,"40,67","166 721,44","97,96",550,0,3104,Total,8740,4410,2949,0,0,7186,1554,"13,34","943 607,11","71,76",3075,0,16938
Data,Ocup,Opção,Cheg,Oferta/Uso Interno,Deduz. Individ.,Deduz. Grupos,% Ocup.,Receita Quartos,Preço Médio,Saídas,Quartos FdS,Adul. / Cri.,março,Previsão,29-mar-2026 dom,52,0,22,0,0,52,0,"38,52","5 597,02","107,63",3,0,103,1596,106,516,0,0,1356,240,"40,67","166 721,44","97,96",550,0,3104,Total mar,1596,106,516,0,0,1356,240,"40,67","166 721,44","97,96",550,0,3104,Total,8740,4410,2949,0,0,7186,1554,"13,34","943 607,11","71,76",3075,0,16938
Data,Ocup,Opção,Cheg,Oferta/Uso Interno,Deduz. Individ.,Deduz. Grupos,% Ocup.,Receita Quartos,Preço Médio,Saídas,Quartos FdS,Adul. / Cri.,março,Previsão,30-mar-2026 seg,50,0,9,0,0,50,0,"37,04","5 126,81","102,54",11,0,103,1596,106,516,0,0,1356,240,"40,67","166 721,44","97,96",550,0,3104,Total mar,1596,106,516,0,0,1356,240,"40,67","166 721,44","97,96",550,0,3104,Total,8740,4410,2949,0,0,7186,1554,"13,34","943 607,11","71,76",3075,0,16938
Data,Ocup,Opção,Cheg,Oferta/Uso Interno,Deduz. Individ.,Deduz. Grupos,% Ocup.,Receita Quartos,Preço Médio,Saídas,Quartos FdS,Adul. / Cri.,março,Previsão,31-mar-2026 ter,37,0,10,0,0,37,0,"27,41","3 940,22","106,49",23,0,77,1596,106,516,0,0,1356,240,"40,67","166 721,44","97,96",550,0,3104,Total mar,1596,106,516,0,0,1356,240,"40,67","166 721,44","97,96",550,0,3104,Total,8740,4410,2949,0,0,7186,1554,"13,34","943 607,11","71,76",3075,0,16938
Data,Ocup,Opção,Cheg,Oferta/Uso Interno,Deduz. Individ.,Deduz. Grupos,% Ocup.,Receita Quartos,Preço Médio,Saídas,Quartos FdS,Adul. / Cri.,abril,Previsão,01-abr-2026 qua,32,0,7,0,0,32,0,"23,70","4 919,73","153,74",12,0,73,915,211,303,0,0,679,236,"27,80","132 777,33","117,92",309,0,1856,Total abr,915,211,303,0,0,679,236,"27,80","132 777,33","117,92",309,0,1856,Total,8740,4410,2949,0,0,7186,1554,"13,34","943 607,11","71,76",3075,0,16938
Data,Ocup,Opção,Cheg,Oferta/Uso Interno,Deduz. Individ.,Deduz. Grupos,% Ocup.,Receita Quartos,Preço Médio,Saídas,Quartos FdS,Adul. / Cri.,abril,Previsão,02-abr-2026 qui,24,0,4,0,0,24,0,"17,78","4 285,59","178,57",12,0,59,915,211,303,0,0,679,236,"27,80","132 777,33","117,92",309,0,1856,Total abr,915,211,303,0,0,679,236,"27,80","132 777,33","117,92",309,0,1856,Total,8740,4410,2949,0,0,7186,1554,"13,34","943 607,11","71,76",3075,0,16938
Data,Ocup,Opção,Cheg,Oferta/Uso Interno,Deduz. Individ.,Deduz. Grupos,% Ocup.,Receita Quartos,Preço Médio,Saídas,Quartos FdS,Adul. / Cri.,abril,Previsão,03-abr-2026 sex,14,0,1,0,0,14,0,"10,37","3 367,22","240,52",11,0,37,915,211,303,0,0,679,236,"27,80","132 777,33","117,92",309,0,1856,Total abr,915,211,303,0,0,679,236,"27,80","132 777,33","117,92",309,0,1856,Total,8740,4410,2949,0,0,7186,1554,"13,34","943 607,11","71,76",3075,0,16938
Data,Ocup,Opção,Cheg,Oferta/Uso Interno,Deduz. Individ.,Deduz. Grupos,% Ocup.,Receita Quartos,Preço Médio,Saídas,Quartos FdS,Adul. / Cri.,abril,Previsão,04-abr-2026 sáb,11,0,4,0,0,11,0,"8,15","2 677,74","243,43",7,0,32,915,211,303,0,0,679,236,"27,80","132 777,33","117,92",309,0,1856,Total abr,915,211,303,0,0,679,236,"27,80","132 777,33","117,92",309,0,1856,Total,8740,4410,2949,0,0,7186,1554,"13,34","943 607,11","71,76",3075,0,16938
Data,Ocup,Opção,Cheg,Oferta/Uso Interno,Deduz. Individ.,Deduz. Grupos,% Ocup.,Receita Quartos,Preço Médio,Saídas,Quartos FdS,Adul. / Cri.,abril,Previsão,05-abr-2026 dom,18,0,8,0,0,18,0,"13,33","3 172,38","176,24",1,0,44,915,211,303,0,0,679,236,"27,80","132 777,33","117,92",309,0,1856,Total abr,915,211,303,0,0,679,236,"27,80","132 777,33","117,92",309,0,1856,Total,8740,4410,2949,0,0,7186,1554,"13,34","943 607,11","71,76",3075,0,16938
Data,Ocup,Opção,Cheg,Oferta/Uso Interno,Deduz. Individ.,Deduz. Grupos,% Ocup.,Receita Quartos,Preço Médio,Saídas,Quartos FdS,Adul. / Cri.,abril,Previsão,06-abr-2026 seg,27,0,13,0,0,27,0,"20,00","3 541,40","131,16",4,0,57,915,211,303,0,0,679,236,"27,80","132 777,33","117,92",309,0,1856,Total abr,915,211,303,0,0,679,236,"27,80","132 777,33","117,92",309,0,1856,Total,8740,4410,2949,0,0,7186,1554,"13,34","943 607,11","71,76",3075,0,16938
Data,Ocup,Opção,Cheg,Oferta/Uso Interno,Deduz. Individ.,Deduz. Grupos,% Ocup.,Receita Quartos,Preço Médio,Saídas,Quartos FdS,Adul. / Cri.,abril,Previsão,07-abr-2026 ter,33,12,9,0,0,32,1,"33,33","4 344,80","96,55",3,0,69,915,211,303,0,0,679,236,"27,80","132 777,33","117,92",309,0,1856,Total abr,915,211,303,0,0,679,236,"27,80","132 777,33","117,92",309,0,1856,Total,8740,4410,2949,0,0,7186,1554,"13,34","943 607,11","71,76",3075,0,16938
Data,Ocup,Opção,Cheg,Oferta/Uso Interno,Deduz. Individ.,Deduz. Grupos,% Ocup.,Receita Quartos,Preço Médio,Saídas,Quartos FdS,Adul. / Cri.,abril,Previsão,08-abr-2026 qua,33,12,21,0,0,16,17,"33,33","4 705,50","104,57",21,0,66,915,211,303,0,0,679,236,"27,80","132 777,33","117,92",309,0,1856,Total abr,915,211,303,0,0,679,236,"27,80","132 777,33","117,92",309,0,1856,Total,8740,4410,2949,0,0,7186,1554,"13,34","943 607,11","71,76",3075,0,16938
Data,Ocup,Opção,Cheg,Oferta/Uso Interno,Deduz. Individ.,Deduz. Grupos,% Ocup.,Receita Quartos,Preço Médio,Saídas,Quartos FdS,Adul. / Cri.,abril,Previsão,09-abr-2026 qui,30,12,2,0,0,13,17,"31,11","4 207,57","100,18",5,0,59,915,211,303,0,0,679,236,"27,80","132 777,33","117,92",309,0,1856,Total abr,915,211,303,0,0,679,236,"27,80","132 777,33","117,92",309,0,1856,Total,8740,4410,2949,0,0,7186,1554,"13,34","943 607,11","71,76",3075,0,16938
Data,Ocup,Opção,Cheg,Oferta/Uso Interno,Deduz. Individ.,Deduz. Grupos,% Ocup.,Receita Quartos,Preço Médio,Saídas,Quartos FdS,Adul. / Cri.,abril,Previsão,10-abr-2026 sex,35,0,9,0,0,18,17,"25,93","5 329,16","152,26",4,0,69,915,211,303,0,0,679,236,"27,80","132 777,33","117,92",309,0,1856,Total abr,915,211,303,0,0,679,236,"27,80","132 777,33","117,92",309,0,1856,Total,8740,4410,2949,0,0,7186,1554,"13,34","943 607,11","71,76",3075,0,16938
Data,Ocup,Opção,Cheg,Oferta/Uso Interno,Deduz. Individ.,Deduz. Grupos,% Ocup.,Receita Quartos,Preço Médio,Saídas,Quartos FdS,Adul. / Cri.,abril,Previsão,11-abr-2026 sáb,31,1,19,0,0,28,3,"23,70","4 084,67","127,65",23,0,58,915,211,303,0,0,679,236,"27,80","132 777,33","117,92",309,0,1856,Total abr,915,211,303,0,0,679,236,"27,80","132 777,33","117,92",309,0,1856,Total,8740,4410,2949,0,0,7186,1554,"13,34","943 607,11","71,76",3075,0,16938
Data,Ocup,Opção,Cheg,Oferta/Uso Interno,Deduz. Individ.,Deduz. Grupos,% Ocup.,Receita Quartos,Preço Médio,Saídas,Quartos FdS,Adul. / Cri.,abril,Previsão,12-abr-2026 dom,29,13,9,0,0,29,0,"31,11","3 499,42","83,32",11,0,54,915,211,303,0,0,679,236,"27,80","132 777,33","117,92",309,0,1856,Total abr,915,211,303,0,0,679,236,"27,80","132 777,33","117,92",309,0,1856,Total,8740,4410,2949,0,0,7186,1554,"13,34","943 607,11","71,76",3075,0,16938
Data,Ocup,Opção,Cheg,Oferta/Uso Interno,Deduz. Individ.,Deduz. Grupos,% Ocup.,Receita Quartos,Preço Médio,Saídas,Quartos FdS,Adul. / Cri.,abril,Previsão,13-abr-2026 seg,28,13,2,0,0,28,0,"30,37","3 399,23","82,91",3,0,52,915,211,303,0,0,679,236,"27,80","132 777,33","117,92",309,0,1856,Total abr,915,211,303,0,0,679,236,"27,80","132 777,33","117,92",309,0,1856,Total,8740,4410,2949,0,0,7186,1554,"13,34","943 607,11","71,76",3075,0,16938
Data,Ocup,Opção,Cheg,Oferta/Uso Interno,Deduz. Individ.,Deduz. Grupos,% Ocup.,Receita Quartos,Preço Médio,Saídas,Quartos FdS,Adul. / Cri.,abril,Previsão,14-abr-2026 ter,29,22,15,0,0,28,1,"37,78","3 686,58","72,29",14,0,54,915,211,303,0,0,679,236,"27,80","132 777,33","117,92",309,0,1856,Total abr,915,211,303,0,0,679,236,"27,80","132 777,33","117,92",309,0,1856,Total,8740,4410,2949,0,0,7186,1554,"13,34","943 607,11","71,76",3075,0,16938
Data,Ocup,Opção,Cheg,Oferta/Uso Interno,Deduz. Individ.,Deduz. Grupos,% Ocup.,Receita Quartos,Preço Médio,Saídas,Quartos FdS,Adul. / Cri.,abril,Previsão,15-abr-2026 qua,34,22,22,0,0,15,19,"41,48","5 015,57","89,56",17,0,67,915,211,303,0,0,679,236,"27,80","132 777,33","117,92",309,0,1856,Total abr,915,211,303,0,0,679,236,"27,80","132 777,33","117,92",309,0,1856,Total,8740,4410,2949,0,0,7186,1554,"13,34","943 607,11","71,76",3075,0,16938
Data,Ocup,Opção,Cheg,Oferta/Uso Interno,Deduz. Individ.,Deduz. Grupos,% Ocup.,Receita Quartos,Preço Médio,Saídas,Quartos FdS,Adul. / Cri.,abril,Previsão,16-abr-2026 qui,42,23,11,0,0,22,20,"48,15","6 235,40","95,93",3,0,82,915,211,303,0,0,679,236,"27,80","132 777,33","117,92",309,0,1856,Total abr,915,211,303,0,0,679,236,"27,80","132 777,33","117,92",309,0,1856,Total,8740,4410,2949,0,0,7186,1554,"13,34","943 607,11","71,76",3075,0,16938
Data,Ocup,Opção,Cheg,Oferta/Uso Interno,Deduz. Individ.,Deduz. Grupos,% Ocup.,Receita Quartos,Preço Médio,Saídas,Quartos FdS,Adul. / Cri.,abril,Previsão,17-abr-2026 sex,43,13,9,0,0,26,17,"41,48","6 213,46","110,95",8,0,85,915,211,303,0,0,679,236,"27,80","132 777,33","117,92",309,0,1856,Total abr,915,211,303,0,0,679,236,"27,80","132 777,33","117,92",309,0,1856,Total,8740,4410,2949,0,0,7186,1554,"13,34","943 607,11","71,76",3075,0,16938
Data,Ocup,Opção,Cheg,Oferta/Uso Interno,Deduz. Individ.,Deduz. Grupos,% Ocup.,Receita Quartos,Preço Médio,Saídas,Quartos FdS,Adul. / Cri.,abril,Previsão,18-abr-2026 sáb,38,13,14,0,0,37,1,"37,78","4 538,11","88,98",19,0,75,915,211,303,0,0,679,236,"27,80","132 777,33","117,92",309,0,1856,Total abr,915,211,303,0,0,679,236,"27,80","132 777,33","117,92",309,0,1856,Total,8740,4410,2949,0,0,7186,1554,"13,34","943 607,11","71,76",3075,0,16938
Data,Ocup,Opção,Cheg,Oferta/Uso Interno,Deduz. Individ.,Deduz. Grupos,% Ocup.,Receita Quartos,Preço Médio,Saídas,Quartos FdS,Adul. / Cri.,abril,Previsão,19-abr-2026 dom,31,0,7,0,0,31,0,"22,96","3 448,28","111,23",14,0,61,915,211,303,0,0,679,236,"27,80","132 777,33","117,92",309,0,1856,Total abr,915,211,303,0,0,679,236,"27,80","132 777,33","117,92",309,0,1856,Total,8740,4410,2949,0,0,7186,1554,"13,34","943 607,11","71,76",3075,0,16938
Data,Ocup,Opção,Cheg,Oferta/Uso Interno,Deduz. Individ.,Deduz. Grupos,% Ocup.,Receita Quartos,Preço Médio,Saídas,Quartos FdS,Adul. / Cri.,abril,Previsão,20-abr-2026 seg,26,0,5,0,0,26,0,"19,26","2 994,08","115,16",10,0,53,915,211,303,0,0,679,236,"27,80","132 777,33","117,92",309,0,1856,Total abr,915,211,303,0,0,679,236,"27,80","132 777,33","117,92",309,0,1856,Total,8740,4410,2949,0,0,7186,1554,"13,34","943 607,11","71,76",3075,0,16938
Data,Ocup,Opção,Cheg,Oferta/Uso Interno,Deduz. Individ.,Deduz. Grupos,% Ocup.,Receita Quartos,Preço Médio,Saídas,Quartos FdS,Adul. / Cri.,abril,Previsão,21-abr-2026 ter,24,0,8,0,0,23,1,"17,78","3 081,65","128,40",10,0,48,915,211,303,0,0,679,236,"27,80","132 777,33","117,92",309,0,1856,Total abr,915,211,303,0,0,679,236,"27,80","132 777,33","117,92",309,0,1856,Total,8740,4410,2949,0,0,7186,1554,"13,34","943 607,11","71,76",3075,0,16938
Data,Ocup,Opção,Cheg,Oferta/Uso Interno,Deduz. Individ.,Deduz. Grupos,% Ocup.,Receita Quartos,Preço Médio,Saídas,Quartos FdS,Adul. / Cri.,abril,Previsão,22-abr-2026 qua,43,0,33,0,0,14,29,"31,85","7 415,67","172,46",14,0,84,915,211,303,0,0,679,236,"27,80","132 777,33","117,92",309,0,1856,Total abr,915,211,303,0,0,679,236,"27,80","132 777,33","117,92",309,0,1856,Total,8740,4410,2949,0,0,7186,1554,"13,34","943 607,11","71,76",3075,0,16938
Data,Ocup,Opção,Cheg,Oferta/Uso Interno,Deduz. Individ.,Deduz. Grupos,% Ocup.,Receita Quartos,Preço Médio,Saídas,Quartos FdS,Adul. / Cri.,abril,Previsão,23-abr-2026 qui,44,17,7,0,0,15,29,"45,19","7 579,97","124,26",6,0,86,915,211,303,0,0,679,236,"27,80","132 777,33","117,92",309,0,1856,Total abr,915,211,303,0,0,679,236,"27,80","132 777,33","117,92",309,0,1856,Total,8740,4410,2949,0,0,7186,1554,"13,34","943 607,11","71,76",3075,0,16938
Data,Ocup,Opção,Cheg,Oferta/Uso Interno,Deduz. Individ.,Deduz. Grupos,% Ocup.,Receita Quartos,Preço Médio,Saídas,Quartos FdS,Adul. / Cri.,abril,Previsão,24-abr-2026 sex,46,17,6,0,0,17,29,"46,67","8 349,79","132,54",4,0,91,915,211,303,0,0,679,236,"27,80","132 777,33","117,92",309,0,1856,Total abr,915,211,303,0,0,679,236,"27,80","132 777,33","117,92",309,0,1856,Total,8740,4410,2949,0,0,7186,1554,"13,34","943 607,11","71,76",3075,0,16938
Data,Ocup,Opção,Cheg,Oferta/Uso Interno,Deduz. Individ.,Deduz. Grupos,% Ocup.,Receita Quartos,Preço Médio,Saídas,Quartos FdS,Adul. / Cri.,abril,Previsão,25-abr-2026 sáb,23,17,9,0,0,23,0,"29,63","3 021,18","75,53",32,0,47,915,211,303,0,0,679,236,"27,80","132 777,33","117,92",309,0,1856,Total abr,915,211,303,0,0,679,236,"27,80","132 777,33","117,92",309,0,1856,Total,8740,4410,2949,0,0,7186,1554,"13,34","943 607,11","71,76",3075,0,16938
Data,Ocup,Opção,Cheg,Oferta/Uso Interno,Deduz. Individ.,Deduz. Grupos,% Ocup.,Receita Quartos,Preço Médio,Saídas,Quartos FdS,Adul. / Cri.,abril,Previsão,26-abr-2026 dom,24,0,9,0,0,24,0,"17,78","2 993,02","124,71",8,0,50,915,211,303,0,0,679,236,"27,80","132 777,33","117,92",309,0,1856,Total abr,915,211,303,0,0,679,236,"27,80","132 777,33","117,92",309,0,1856,Total,8740,4410,2949,0,0,7186,1554,"13,34","943 607,11","71,76",3075,0,16938
Data,Ocup,Opção,Cheg,Oferta/Uso Interno,Deduz. Individ.,Deduz. Grupos,% Ocup.,Receita Quartos,Preço Médio,Saídas,Quartos FdS,Adul. / Cri.,abril,Previsão,27-abr-2026 seg,27,0,8,0,0,27,0,"20,00","3 192,63","118,25",5,0,53,915,211,303,0,0,679,236,"27,80","132 777,33","117,92",309,0,1856,Total abr,915,211,303,0,0,679,236,"27,80","132 777,33","117,92",309,0,1856,Total,8740,4410,2949,0,0,7186,1554,"13,34","943 607,11","71,76",3075,0,16938
Data,Ocup,Opção,Cheg,Oferta/Uso Interno,Deduz. Individ.,Deduz. Grupos,% Ocup.,Receita Quartos,Preço Médio,Saídas,Quartos FdS,Adul. / Cri.,abril,Previsão,28-abr-2026 ter,28,0,9,0,0,27,1,"20,74","3 547,64","126,70",8,0,56,915,211,303,0,0,679,236,"27,80","132 777,33","117,92",309,0,1856,Total abr,915,211,303,0,0,679,236,"27,80","132 777,33","117,92",309,0,1856,Total,8740,4410,2949,0,0,7186,1554,"13,34","943 607,11","71,76",3075,0,16938
Data,Ocup,Opção,Cheg,Oferta/Uso Interno,Deduz. Individ.,Deduz. Grupos,% Ocup.,Receita Quartos,Preço Médio,Saídas,Quartos FdS,Adul. / Cri.,abril,Previsão,29-abr-2026 qua,37,0,21,0,0,20,17,"27,41","5 454,03","147,41",12,0,74,915,211,303,0,0,679,236,"27,80","132 777,33","117,92",309,0,1856,Total abr,915,211,303,0,0,679,236,"27,80","132 777,33","117,92",309,0,1856,Total,8740,4410,2949,0,0,7186,1554,"13,34","943 607,11","71,76",3075,0,16938
Data,Ocup,Opção,Cheg,Oferta/Uso Interno,Deduz. Individ.,Deduz. Grupos,% Ocup.,Receita Quartos,Preço Médio,Saídas,Quartos FdS,Adul. / Cri.,abril,Previsão,30-abr-2026 qui,31,4,2,0,0,14,17,"25,93","4 475,88","127,88",8,0,61,915,211,303,0,0,679,236,"27,80","132 777,33","117,92",309,0,1856,Total abr,915,211,303,0,0,679,236,"27,80","132 777,33","117,92",309,0,1856,Total,8740,4410,2949,0,0,7186,1554,"13,34","943 607,11","71,76",3075,0,16938
Data,Ocup,Opção,Cheg,Oferta/Uso Interno,Deduz. Individ.,Deduz. Grupos,% Ocup.,Receita Quartos,Preço Médio,Saídas,Quartos FdS,Adul. / Cri.,maio,Previsão,01-mai-2026 sex,27,13,4,0,0,10,17,"29,63","4 176,74","104,42",8,0,52,677,648,239,0,0,442,235,"31,66","107 079,63","80,81",261,0,1260,Total mai,677,648,239,0,0,442,235,"31,66","107 079,63","80,81",261,0,1260,Total,8740,4410,2949,0,0,7186,1554,"13,34","943 607,11","71,76",3075,0,16938
Data,Ocup,Opção,Cheg,Oferta/Uso Interno,Deduz. Individ.,Deduz. Grupos,% Ocup.,Receita Quartos,Preço Médio,Saídas,Quartos FdS,Adul. / Cri.,maio,Previsão,02-mai-2026 sáb,13,13,7,0,0,13,0,"19,26","2 344,87","90,19",21,0,23,677,648,239,0,0,442,235,"31,66","107 079,63","80,81",261,0,1260,Total mai,677,648,239,0,0,442,235,"31,66","107 079,63","80,81",261,0,1260,Total,8740,4410,2949,0,0,7186,1554,"13,34","943 607,11","71,76",3075,0,16938
Data,Ocup,Opção,Cheg,Oferta/Uso Interno,Deduz. Individ.,Deduz. Grupos,% Ocup.,Receita Quartos,Preço Médio,Saídas,Quartos FdS,Adul. / Cri.,maio,Previsão,03-mai-2026 dom,11,47,3,0,0,11,0,"42,96","1 611,93","27,79",5,0,21,677,648,239,0,0,442,235,"31,66","107 079,63","80,81",261,0,1260,Total mai,677,648,239,0,0,442,235,"31,66","107 079,63","80,81",261,0,1260,Total,8740,4410,2949,0,0,7186,1554,"13,34","943 607,11","71,76",3075,0,16938
Data,Ocup,Opção,Cheg,Oferta/Uso Interno,Deduz. Individ.,Deduz. Grupos,% Ocup.,Receita Quartos,Preço Médio,Saídas,Quartos FdS,Adul. / Cri.,maio,Previsão,04-mai-2026 seg,13,47,5,0,0,13,0,"44,44","1 979,46","32,99",3,0,25,677,648,239,0,0,442,235,"31,66","107 079,63","80,81",261,0,1260,Total mai,677,648,239,0,0,442,235,"31,66","107 079,63","80,81",261,0,1260,Total,8740,4410,2949,0,0,7186,1554,"13,34","943 607,11","71,76",3075,0,16938
Data,Ocup,Opção,Cheg,Oferta/Uso Interno,Deduz. Individ.,Deduz. Grupos,% Ocup.,Receita Quartos,Preço Médio,Saídas,Quartos FdS,Adul. / Cri.,maio,Previsão,05-mai-2026 ter,18,47,8,0,0,16,2,"48,15","2 790,31","42,93",3,0,35,677,648,239,0,0,442,235,"31,66","107 079,63","80,81",261,0,1260,Total mai,677,648,239,0,0,442,235,"31,66","107 079,63","80,81",261,0,1260,Total,8740,4410,2949,0,0,7186,1554,"13,34","943 607,11","71,76",3075,0,16938
Data,Ocup,Opção,Cheg,Oferta/Uso Interno,Deduz. Individ.,Deduz. Grupos,% Ocup.,Receita Quartos,Preço Médio,Saídas,Quartos FdS,Adul. / Cri.,maio,Previsão,06-mai-2026 qua,30,0,21,0,0,11,19,"22,22","4 288,06","142,94",9,0,59,677,648,239,0,0,442,235,"31,66","107 079,63","80,81",261,0,1260,Total mai,677,648,239,0,0,442,235,"31,66","107 079,63","80,81",261,0,1260,Total,8740,4410,2949,0,0,7186,1554,"13,34","943 607,11","71,76",3075,0,16938
Data,Ocup,Opção,Cheg,Oferta/Uso Interno,Deduz. Individ.,Deduz. Grupos,% Ocup.,Receita Quartos,Preço Médio,Saídas,Quartos FdS,Adul. / Cri.,maio,Previsão,07-mai-2026 qui,50,1,26,0,0,30,20,"37,78","7 386,24","144,83",6,0,90,677,648,239,0,0,442,235,"31,66","107 079,63","80,81",261,0,1260,Total mai,677,648,239,0,0,442,235,"31,66","107 079,63","80,81",261,0,1260,Total,8740,4410,2949,0,0,7186,1554,"13,34","943 607,11","71,76",3075,0,16938
Data,Ocup,Opção,Cheg,Oferta/Uso Interno,Deduz. Individ.,Deduz. Grupos,% Ocup.,Receita Quartos,Preço Médio,Saídas,Quartos FdS,Adul. / Cri.,maio,Previsão,08-mai-2026 sex,49,13,4,0,0,32,17,"45,93","7 611,47","122,77",5,0,89,677,648,239,0,0,442,235,"31,66","107 079,63","80,81",261,0,1260,Total mai,677,648,239,0,0,442,235,"31,66","107 079,63","80,81",261,0,1260,Total,8740,4410,2949,0,0,7186,1554,"13,34","943 607,11","71,76",3075,0,16938
Data,Ocup,Opção,Cheg,Oferta/Uso Interno,Deduz. Individ.,Deduz. Grupos,% Ocup.,Receita Quartos,Preço Médio,Saídas,Quartos FdS,Adul. / Cri.,maio,Previsão,09-mai-2026 sáb,34,35,5,0,0,34,0,"51,11","5 739,50","83,18",20,0,59,677,648,239,0,0,442,235,"31,66","107 079,63","80,81",261,0,1260,Total mai,677,648,239,0,0,442,235,"31,66","107 079,63","80,81",261,0,1260,Total,8740,4410,2949,0,0,7186,1554,"13,34","943 607,11","71,76",3075,0,16938
Data,Ocup,Opção,Cheg,Oferta/Uso Interno,Deduz. Individ.,Deduz. Grupos,% Ocup.,Receita Quartos,Preço Médio,Saídas,Quartos FdS,Adul. / Cri.,maio,Previsão,10-mai-2026 dom,7,22,1,0,0,7,0,"21,48","1 130,40","38,98",28,0,14,677,648,239,0,0,442,235,"31,66","107 079,63","80,81",261,0,1260,Total mai,677,648,239,0,0,442,235,"31,66","107 079,63","80,81",261,0,1260,Total,8740,4410,2949,0,0,7186,1554,"13,34","943 607,11","71,76",3075,0,16938
Data,Ocup,Opção,Cheg,Oferta/Uso Interno,Deduz. Individ.,Deduz. Grupos,% Ocup.,Receita Quartos,Preço Médio,Saídas,Quartos FdS,Adul. / Cri.,maio,Previsão,11-mai-2026 seg,9,22,5,0,0,9,0,"22,96","1 373,50","44,31",3,0,16,677,648,239,0,0,442,235,"31,66","107 079,63","80,81",261,0,1260,Total mai,677,648,239,0,0,442,235,"31,66","107 079,63","80,81",261,0,1260,Total,8740,4410,2949,0,0,7186,1554,"13,34","943 607,11","71,76",3075,0,16938
Data,Ocup,Opção,Cheg,Oferta/Uso Interno,Deduz. Individ.,Deduz. Grupos,% Ocup.,Receita Quartos,Preço Médio,Saídas,Quartos FdS,Adul. / Cri.,maio,Previsão,12-mai-2026 ter,17,22,10,0,0,16,1,"28,89","2 637,51","67,63",2,0,31,677,648,239,0,0,442,235,"31,66","107 079,63","80,81",261,0,1260,Total mai,677,648,239,0,0,442,235,"31,66","107 079,63","80,81",261,0,1260,Total,8740,4410,2949,0,0,7186,1554,"13,34","943 607,11","71,76",3075,0,16938
Data,Ocup,Opção,Cheg,Oferta/Uso Interno,Deduz. Individ.,Deduz. Grupos,% Ocup.,Receita Quartos,Preço Médio,Saídas,Quartos FdS,Adul. / Cri.,maio,Previsão,13-mai-2026 qua,28,22,19,0,0,11,17,"37,04","4 162,79","83,26",8,0,52,677,648,239,0,0,442,235,"31,66","107 079,63","80,81",261,0,1260,Total mai,677,648,239,0,0,442,235,"31,66","107 079,63","80,81",261,0,1260,Total,8740,4410,2949,0,0,7186,1554,"13,34","943 607,11","71,76",3075,0,16938
Data,Ocup,Opção,Cheg,Oferta/Uso Interno,Deduz. Individ.,Deduz. Grupos,% Ocup.,Receita Quartos,Preço Médio,Saídas,Quartos FdS,Adul. / Cri.,maio,Previsão,14-mai-2026 qui,32,48,6,0,0,15,17,"59,26","4 788,19","59,85",2,0,62,677,648,239,0,0,442,235,"31,66","107 079,63","80,81",261,0,1260,Total mai,677,648,239,0,0,442,235,"31,66","107 079,63","80,81",261,0,1260,Total,8740,4410,2949,0,0,7186,1554,"13,34","943 607,11","71,76",3075,0,16938
Data,Ocup,Opção,Cheg,Oferta/Uso Interno,Deduz. Individ.,Deduz. Grupos,% Ocup.,Receita Quartos,Preço Médio,Saídas,Quartos FdS,Adul. / Cri.,maio,Previsão,15-mai-2026 sex,32,35,3,0,0,15,17,"49,63","5 121,39","76,44",3,0,63,677,648,239,0,0,442,235,"31,66","107 079,63","80,81",261,0,1260,Total mai,677,648,239,0,0,442,235,"31,66","107 079,63","80,81",261,0,1260,Total,8740,4410,2949,0,0,7186,1554,"13,34","943 607,11","71,76",3075,0,16938
Data,Ocup,Opção,Cheg,Oferta/Uso Interno,Deduz. Individ.,Deduz. Grupos,% Ocup.,Receita Quartos,Preço Médio,Saídas,Quartos FdS,Adul. / Cri.,maio,Previsão,16-mai-2026 sáb,14,37,2,0,0,13,1,"37,78","2 290,35","44,91",20,0,28,677,648,239,0,0,442,235,"31,66","107 079,63","80,81",261,0,1260,Total mai,677,648,239,0,0,442,235,"31,66","107 079,63","80,81",261,0,1260,Total,8740,4410,2949,0,0,7186,1554,"13,34","943 607,11","71,76",3075,0,16938
Data,Ocup,Opção,Cheg,Oferta/Uso Interno,Deduz. Individ.,Deduz. Grupos,% Ocup.,Receita Quartos,Preço Médio,Saídas,Quartos FdS,Adul. / Cri.,maio,Previsão,17-mai-2026 dom,11,13,8,0,0,11,0,"17,78","1 466,66","61,11",11,0,21,677,648,239,0,0,442,235,"31,66","107 079,63","80,81",261,0,1260,Total mai,677,648,239,0,0,442,235,"31,66","107 079,63","80,81",261,0,1260,Total,8740,4410,2949,0,0,7186,1554,"13,34","943 607,11","71,76",3075,0,16938
Data,Ocup,Opção,Cheg,Oferta/Uso Interno,Deduz. Individ.,Deduz. Grupos,% Ocup.,Receita Quartos,Preço Médio,Saídas,Quartos FdS,Adul. / Cri.,maio,Previsão,18-mai-2026 seg,16,13,6,0,0,16,0,"21,48","2 378,38","82,01",1,0,30,677,648,239,0,0,442,235,"31,66","107 079,63","80,81",261,0,1260,Total mai,677,648,239,0,0,442,235,"31,66","107 079,63","80,81",261,0,1260,Total,8740,4410,2949,0,0,7186,1554,"13,34","943 607,11","71,76",3075,0,16938
Data,Ocup,Opção,Cheg,Oferta/Uso Interno,Deduz. Individ.,Deduz. Grupos,% Ocup.,Receita Quartos,Preço Médio,Saídas,Quartos FdS,Adul. / Cri.,maio,Previsão,19-mai-2026 ter,18,0,7,0,0,17,1,"13,33","2 956,90","164,27",5,0,33,677,648,239,0,0,442,235,"31,66","107 079,63","80,81",261,0,1260,Total mai,677,648,239,0,0,442,235,"31,66","107 079,63","80,81",261,0,1260,Total,8740,4410,2949,0,0,7186,1554,"13,34","943 607,11","71,76",3075,0,16938
Data,Ocup,Opção,Cheg,Oferta/Uso Interno,Deduz. Individ.,Deduz. Grupos,% Ocup.,Receita Quartos,Preço Médio,Saídas,Quartos FdS,Adul. / Cri.,maio,Previsão,20-mai-2026 qua,28,0,21,0,0,11,17,"20,74","4 386,63","156,67",11,0,53,677,648,239,0,0,442,235,"31,66","107 079,63","80,81",261,0,1260,Total mai,677,648,239,0,0,442,235,"31,66","107 079,63","80,81",261,0,1260,Total,8740,4410,2949,0,0,7186,1554,"13,34","943 607,11","71,76",3075,0,16938
Data,Ocup,Opção,Cheg,Oferta/Uso Interno,Deduz. Individ.,Deduz. Grupos,% Ocup.,Receita Quartos,Preço Médio,Saídas,Quartos FdS,Adul. / Cri.,maio,Previsão,21-mai-2026 qui,33,4,6,0,0,16,17,"27,41","5 164,00","139,57",1,0,58,677,648,239,0,0,442,235,"31,66","107 079,63","80,81",261,0,1260,Total mai,677,648,239,0,0,442,235,"31,66","107 079,63","80,81",261,0,1260,Total,8740,4410,2949,0,0,7186,1554,"13,34","943 607,11","71,76",3075,0,16938
Data,Ocup,Opção,Cheg,Oferta/Uso Interno,Deduz. Individ.,Deduz. Grupos,% Ocup.,Receita Quartos,Preço Médio,Saídas,Quartos FdS,Adul. / Cri.,maio,Previsão,22-mai-2026 sex,30,13,4,0,0,12,18,"31,85","4 820,50","112,10",7,0,55,677,648,239,0,0,442,235,"31,66","107 079,63","80,81",261,0,1260,Total mai,677,648,239,0,0,442,235,"31,66","107 079,63","80,81",261,0,1260,Total,8740,4410,2949,0,0,7186,1554,"13,34","943 607,11","71,76",3075,0,16938
Data,Ocup,Opção,Cheg,Oferta/Uso Interno,Deduz. Individ.,Deduz. Grupos,% Ocup.,Receita Quartos,Preço Médio,Saídas,Quartos FdS,Adul. / Cri.,maio,Previsão,23-mai-2026 sáb,14,15,3,0,0,12,2,"21,48","2 540,38","87,60",19,0,25,677,648,239,0,0,442,235,"31,66","107 079,63","80,81",261,0,1260,Total mai,677,648,239,0,0,442,235,"31,66","107 079,63","80,81",261,0,1260,Total,8740,4410,2949,0,0,7186,1554,"13,34","943 607,11","71,76",3075,0,16938
Data,Ocup,Opção,Cheg,Oferta/Uso Interno,Deduz. Individ.,Deduz. Grupos,% Ocup.,Receita Quartos,Preço Médio,Saídas,Quartos FdS,Adul. / Cri.,maio,Previsão,24-mai-2026 dom,11,13,7,0,0,11,0,"17,78","1 865,18","77,72",10,0,20,677,648,239,0,0,442,235,"31,66","107 079,63","80,81",261,0,1260,Total mai,677,648,239,0,0,442,235,"31,66","107 079,63","80,81",261,0,1260,Total,8740,4410,2949,0,0,7186,1554,"13,34","943 607,11","71,76",3075,0,16938
Data,Ocup,Opção,Cheg,Oferta/Uso Interno,Deduz. Individ.,Deduz. Grupos,% Ocup.,Receita Quartos,Preço Médio,Saídas,Quartos FdS,Adul. / Cri.,maio,Previsão,25-mai-2026 seg,14,13,5,0,0,14,0,"20,00","2 636,71","97,66",2,0,25,677,648,239,0,0,442,235,"31,66","107 079,63","80,81",261,0,1260,Total mai,677,648,239,0,0,442,235,"31,66","107 079,63","80,81",261,0,1260,Total,8740,4410,2949,0,0,7186,1554,"13,34","943 607,11","71,76",3075,0,16938
Data,Ocup,Opção,Cheg,Oferta/Uso Interno,Deduz. Individ.,Deduz. Grupos,% Ocup.,Receita Quartos,Preço Médio,Saídas,Quartos FdS,Adul. / Cri.,maio,Previsão,26-mai-2026 ter,20,22,10,0,0,19,1,"31,11","3 737,59","88,99",4,0,35,677,648,239,0,0,442,235,"31,66","107 079,63","80,81",261,0,1260,Total mai,677,648,239,0,0,442,235,"31,66","107 079,63","80,81",261,0,1260,Total,8740,4410,2949,0,0,7186,1554,"13,34","943 607,11","71,76",3075,0,16938
Data,Ocup,Opção,Cheg,Oferta/Uso Interno,Deduz. Individ.,Deduz. Grupos,% Ocup.,Receita Quartos,Preço Médio,Saídas,Quartos FdS,Adul. / Cri.,maio,Previsão,27-mai-2026 qua,27,22,18,0,0,10,17,"36,30","4 398,31","89,76",11,0,52,677,648,239,0,0,442,235,"31,66","107 079,63","80,81",261,0,1260,Total mai,677,648,239,0,0,442,235,"31,66","107 079,63","80,81",261,0,1260,Total,8740,4410,2949,0,0,7186,1554,"13,34","943 607,11","71,76",3075,0,16938
Data,Ocup,Opção,Cheg,Oferta/Uso Interno,Deduz. Individ.,Deduz. Grupos,% Ocup.,Receita Quartos,Preço Médio,Saídas,Quartos FdS,Adul. / Cri.,maio,Previsão,28-mai-2026 qui,24,26,3,0,0,7,17,"37,04","3 745,59","74,91",6,0,46,677,648,239,0,0,442,235,"31,66","107 079,63","80,81",261,0,1260,Total mai,677,648,239,0,0,442,235,"31,66","107 079,63","80,81",261,0,1260,Total,8740,4410,2949,0,0,7186,1554,"13,34","943 607,11","71,76",3075,0,16938
Data,Ocup,Opção,Cheg,Oferta/Uso Interno,Deduz. Individ.,Deduz. Grupos,% Ocup.,Receita Quartos,Preço Médio,Saídas,Quartos FdS,Adul. / Cri.,maio,Previsão,29-mai-2026 sex,29,13,5,0,0,12,17,"31,11","4 640,23","110,48",0,0,54,677,648,239,0,0,442,235,"31,66","107 079,63","80,81",261,0,1260,Total mai,677,648,239,0,0,442,235,"31,66","107 079,63","80,81",261,0,1260,Total,8740,4410,2949,0,0,7186,1554,"13,34","943 607,11","71,76",3075,0,16938
Data,Ocup,Opção,Cheg,Oferta/Uso Interno,Deduz. Individ.,Deduz. Grupos,% Ocup.,Receita Quartos,Preço Médio,Saídas,Quartos FdS,Adul. / Cri.,maio,Previsão,30-mai-2026 sáb,9,35,1,0,0,9,0,"32,59","1 460,88","33,20",21,0,16,677,648,239,0,0,442,235,"31,66","107 079,63","80,81",261,0,1260,Total mai,677,648,239,0,0,442,235,"31,66","107 079,63","80,81",261,0,1260,Total,8740,4410,2949,0,0,7186,1554,"13,34","943 607,11","71,76",3075,0,16938
Data,Ocup,Opção,Cheg,Oferta/Uso Interno,Deduz. Individ.,Deduz. Grupos,% Ocup.,Receita Quartos,Preço Médio,Saídas,Quartos FdS,Adul. / Cri.,maio,Previsão,31-mai-2026 dom,9,22,6,0,0,9,0,"22,96","1 449,01","46,74",6,0,18,677,648,239,0,0,442,235,"31,66","107 079,63","80,81",261,0,1260,Total mai,677,648,239,0,0,442,235,"31,66","107 079,63","80,81",261,0,1260,Total,8740,4410,2949,0,0,7186,1554,"13,34","943 607,11","71,76",3075,0,16938
Data,Ocup,Opção,Cheg,Oferta/Uso Interno,Deduz. Individ.,Deduz. Grupos,% Ocup.,Receita Quartos,Preço Médio,Saídas,Quartos FdS,Adul. / Cri.,junho,Previsão,01-jun-2026 seg,14,22,6,0,0,14,0,"26,67","2 251,41","62,54",1,0,28,428,725,158,0,0,180,248,"28,47","65 267,95","56,61",163,0,822,Total jun,428,725,158,0,0,180,248,"28,47","65 267,95","56,61",163,0,822,Total,8740,4410,2949,0,0,7186,1554,"13,34","943 607,11","71,76",3075,0,16938
Data,Ocup,Opção,Cheg,Oferta/Uso Interno,Deduz. Individ.,Deduz. Grupos,% Ocup.,Receita Quartos,Preço Médio,Saídas,Quartos FdS,Adul. / Cri.,junho,Previsão,02-jun-2026 ter,18,0,7,0,0,17,1,"13,33","2 539,97","141,11",3,0,35,428,725,158,0,0,180,248,"28,47","65 267,95","56,61",163,0,822,Total jun,428,725,158,0,0,180,248,"28,47","65 267,95","56,61",163,0,822,Total,8740,4410,2949,0,0,7186,1554,"13,34","943 607,11","71,76",3075,0,16938
Data,Ocup,Opção,Cheg,Oferta/Uso Interno,Deduz. Individ.,Deduz. Grupos,% Ocup.,Receita Quartos,Preço Médio,Saídas,Quartos FdS,Adul. / Cri.,junho,Previsão,03-jun-2026 qua,33,0,25,0,0,14,19,"24,44","4 802,32","145,52",10,0,64,428,725,158,0,0,180,248,"28,47","65 267,95","56,61",163,0,822,Total jun,428,725,158,0,0,180,248,"28,47","65 267,95","56,61",163,0,822,Total,8740,4410,2949,0,0,7186,1554,"13,34","943 607,11","71,76",3075,0,16938
Data,Ocup,Opção,Cheg,Oferta/Uso Interno,Deduz. Individ.,Deduz. Grupos,% Ocup.,Receita Quartos,Preço Médio,Saídas,Quartos FdS,Adul. / Cri.,junho,Previsão,04-jun-2026 qui,28,24,1,0,0,9,19,"38,52","4 082,18","78,50",6,0,54,428,725,158,0,0,180,248,"28,47","65 267,95","56,61",163,0,822,Total jun,428,725,158,0,0,180,248,"28,47","65 267,95","56,61",163,0,822,Total,8740,4410,2949,0,0,7186,1554,"13,34","943 607,11","71,76",3075,0,16938
Data,Ocup,Opção,Cheg,Oferta/Uso Interno,Deduz. Individ.,Deduz. Grupos,% Ocup.,Receita Quartos,Preço Médio,Saídas,Quartos FdS,Adul. / Cri.,junho,Previsão,05-jun-2026 sex,26,35,2,0,0,9,17,"45,19","3 927,50","64,39",4,0,50,428,725,158,0,0,180,248,"28,47","65 267,95","56,61",163,0,822,Total jun,428,725,158,0,0,180,248,"28,47","65 267,95","56,61",163,0,822,Total,8740,4410,2949,0,0,7186,1554,"13,34","943 607,11","71,76",3075,0,16938
Data,Ocup,Opção,Cheg,Oferta/Uso Interno,Deduz. Individ.,Deduz. Grupos,% Ocup.,Receita Quartos,Preço Médio,Saídas,Quartos FdS,Adul. / Cri.,junho,Previsão,06-jun-2026 sáb,25,48,20,0,0,8,17,"54,07","4 988,84","68,34",21,0,46,428,725,158,0,0,180,248,"28,47","65 267,95","56,61",163,0,822,Total jun,428,725,158,0,0,180,248,"28,47","65 267,95","56,61",163,0,822,Total,8740,4410,2949,0,0,7186,1554,"13,34","943 607,11","71,76",3075,0,16938
Data,Ocup,Opção,Cheg,Oferta/Uso Interno,Deduz. Individ.,Deduz. Grupos,% Ocup.,Receita Quartos,Preço Médio,Saídas,Quartos FdS,Adul. / Cri.,junho,Previsão,07-jun-2026 dom,29,13,5,0,0,12,17,"31,11","5 732,54","136,49",1,0,56,428,725,158,0,0,180,248,"28,47","65 267,95","56,61",163,0,822,Total jun,428,725,158,0,0,180,248,"28,47","65 267,95","56,61",163,0,822,Total,8740,4410,2949,0,0,7186,1554,"13,34","943 607,11","71,76",3075,0,16938
Data,Ocup,Opção,Cheg,Oferta/Uso Interno,Deduz. Individ.,Deduz. Grupos,% Ocup.,Receita Quartos,Preço Médio,Saídas,Quartos FdS,Adul. / Cri.,junho,Previsão,08-jun-2026 seg,13,15,5,0,0,13,0,"20,74","1 919,92","68,57",21,0,26,428,725,158,0,0,180,248,"28,47","65 267,95","56,61",163,0,822,Total jun,428,725,158,0,0,180,248,"28,47","65 267,95","56,61",163,0,822,Total,8740,4410,2949,0,0,7186,1554,"13,34","943 607,11","71,76",3075,0,16938
Data,Ocup,Opção,Cheg,Oferta/Uso Interno,Deduz. Individ.,Deduz. Grupos,% Ocup.,Receita Quartos,Preço Médio,Saídas,Quartos FdS,Adul. / Cri.,junho,Previsão,09-jun-2026 ter,11,33,4,0,0,10,1,"32,59","1 581,53","35,94",6,0,19,428,725,158,0,0,180,248,"28,47","65 267,95","56,61",163,0,822,Total jun,428,725,158,0,0,180,248,"28,47","65 267,95","56,61",163,0,822,Total,8740,4410,2949,0,0,7186,1554,"13,34","943 607,11","71,76",3075,0,16938
Data,Ocup,Opção,Cheg,Oferta/Uso Interno,Deduz. Individ.,Deduz. Grupos,% Ocup.,Receita Quartos,Preço Médio,Saídas,Quartos FdS,Adul. / Cri.,junho,Previsão,10-jun-2026 qua,21,0,16,0,0,4,17,"15,56","3 076,10","146,48",6,0,41,428,725,158,0,0,180,248,"28,47","65 267,95","56,61",163,0,822,Total jun,428,725,158,0,0,180,248,"28,47","65 267,95","56,61",163,0,822,Total,8740,4410,2949,0,0,7186,1554,"13,34","943 607,11","71,76",3075,0,16938
Data,Ocup,Opção,Cheg,Oferta/Uso Interno,Deduz. Individ.,Deduz. Grupos,% Ocup.,Receita Quartos,Preço Médio,Saídas,Quartos FdS,Adul. / Cri.,junho,Previsão,11-jun-2026 qui,18,26,0,0,0,1,17,"32,59","2 662,88","60,52",3,0,35,428,725,158,0,0,180,248,"28,47","65 267,95","56,61",163,0,822,Total jun,428,725,158,0,0,180,248,"28,47","65 267,95","56,61",163,0,822,Total,8740,4410,2949,0,0,7186,1554,"13,34","943 607,11","71,76",3075,0,16938
Data,Ocup,Opção,Cheg,Oferta/Uso Interno,Deduz. Individ.,Deduz. Grupos,% Ocup.,Receita Quartos,Preço Médio,Saídas,Quartos FdS,Adul. / Cri.,junho,Previsão,12-jun-2026 sex,21,22,3,0,0,4,17,"31,85","3 191,89","74,23",0,0,40,428,725,158,0,0,180,248,"28,47","65 267,95","56,61",163,0,822,Total jun,428,725,158,0,0,180,248,"28,47","65 267,95","56,61",163,0,822,Total,8740,4410,2949,0,0,7186,1554,"13,34","943 607,11","71,76",3075,0,16938
Data,Ocup,Opção,Cheg,Oferta/Uso Interno,Deduz. Individ.,Deduz. Grupos,% Ocup.,Receita Quartos,Preço Médio,Saídas,Quartos FdS,Adul. / Cri.,junho,Previsão,13-jun-2026 sáb,5,22,2,0,0,5,0,"20,00","953,24","35,31",18,0,11,428,725,158,0,0,180,248,"28,47","65 267,95","56,61",163,0,822,Total jun,428,725,158,0,0,180,248,"28,47","65 267,95","56,61",163,0,822,Total,8740,4410,2949,0,0,7186,1554,"13,34","943 607,11","71,76",3075,0,16938
Data,Ocup,Opção,Cheg,Oferta/Uso Interno,Deduz. Individ.,Deduz. Grupos,% Ocup.,Receita Quartos,Preço Médio,Saídas,Quartos FdS,Adul. / Cri.,junho,Previsão,14-jun-2026 dom,3,22,1,0,0,3,0,"18,52","395,73","15,83",3,0,5,428,725,158,0,0,180,248,"28,47","65 267,95","56,61",163,0,822,Total jun,428,725,158,0,0,180,248,"28,47","65 267,95","56,61",163,0,822,Total,8740,4410,2949,0,0,7186,1554,"13,34","943 607,11","71,76",3075,0,16938
Data,Ocup,Opção,Cheg,Oferta/Uso Interno,Deduz. Individ.,Deduz. Grupos,% Ocup.,Receita Quartos,Preço Médio,Saídas,Quartos FdS,Adul. / Cri.,junho,Previsão,15-jun-2026 seg,5,22,3,0,0,5,0,"20,00","753,73","27,92",1,0,9,428,725,158,0,0,180,248,"28,47","65 267,95","56,61",163,0,822,Total jun,428,725,158,0,0,180,248,"28,47","65 267,95","56,61",163,0,822,Total,8740,4410,2949,0,0,7186,1554,"13,34","943 607,11","71,76",3075,0,16938
Data,Ocup,Opção,Cheg,Oferta/Uso Interno,Deduz. Individ.,Deduz. Grupos,% Ocup.,Receita Quartos,Preço Médio,Saídas,Quartos FdS,Adul. / Cri.,junho,Previsão,16-jun-2026 ter,6,57,4,0,0,5,1,"46,67","972,19","15,43",3,0,10,428,725,158,0,0,180,248,"28,47","65 267,95","56,61",163,0,822,Total jun,428,725,158,0,0,180,248,"28,47","65 267,95","56,61",163,0,822,Total,8740,4410,2949,0,0,7186,1554,"13,34","943 607,11","71,76",3075,0,16938
Data,Ocup,Opção,Cheg,Oferta/Uso Interno,Deduz. Individ.,Deduz. Grupos,% Ocup.,Receita Quartos,Preço Médio,Saídas,Quartos FdS,Adul. / Cri.,junho,Previsão,17-jun-2026 qua,20,0,16,0,0,3,17,"14,81","2 947,28","147,36",2,0,38,428,725,158,0,0,180,248,"28,47","65 267,95","56,61",163,0,822,Total jun,428,725,158,0,0,180,248,"28,47","65 267,95","56,61",163,0,822,Total,8740,4410,2949,0,0,7186,1554,"13,34","943 607,11","71,76",3075,0,16938
Data,Ocup,Opção,Cheg,Oferta/Uso Interno,Deduz. Individ.,Deduz. Grupos,% Ocup.,Receita Quartos,Preço Médio,Saídas,Quartos FdS,Adul. / Cri.,junho,Previsão,18-jun-2026 qui,19,4,0,0,0,2,17,"17,04","2 785,13","121,09",1,0,36,428,725,158,0,0,180,248,"28,47","65 267,95","56,61",163,0,822,Total jun,428,725,158,0,0,180,248,"28,47","65 267,95","56,61",163,0,822,Total,8740,4410,2949,0,0,7186,1554,"13,34","943 607,11","71,76",3075,0,16938
Data,Ocup,Opção,Cheg,Oferta/Uso Interno,Deduz. Individ.,Deduz. Grupos,% Ocup.,Receita Quartos,Preço Médio,Saídas,Quartos FdS,Adul. / Cri.,junho,Previsão,19-jun-2026 sex,21,17,2,0,0,4,17,"28,15","3 023,61","79,57",0,0,40,428,725,158,0,0,180,248,"28,47","65 267,95","56,61",163,0,822,Total jun,428,725,158,0,0,180,248,"28,47","65 267,95","56,61",163,0,822,Total,8740,4410,2949,0,0,7186,1554,"13,34","943 607,11","71,76",3075,0,16938
Data,Ocup,Opção,Cheg,Oferta/Uso Interno,Deduz. Individ.,Deduz. Grupos,% Ocup.,Receita Quartos,Preço Médio,Saídas,Quartos FdS,Adul. / Cri.,junho,Previsão,20-jun-2026 sáb,2,21,1,0,0,2,0,"17,04","198,28","8,62",20,0,4,428,725,158,0,0,180,248,"28,47","65 267,95","56,61",163,0,822,Total jun,428,725,158,0,0,180,248,"28,47","65 267,95","56,61",163,0,822,Total,8740,4410,2949,0,0,7186,1554,"13,34","943 607,11","71,76",3075,0,16938
Data,Ocup,Opção,Cheg,Oferta/Uso Interno,Deduz. Individ.,Deduz. Grupos,% Ocup.,Receita Quartos,Preço Médio,Saídas,Quartos FdS,Adul. / Cri.,junho,Previsão,21-jun-2026 dom,8,13,6,0,0,8,0,"15,56","780,14","37,15",0,0,16,428,725,158,0,0,180,248,"28,47","65 267,95","56,61",163,0,822,Total jun,428,725,158,0,0,180,248,"28,47","65 267,95","56,61",163,0,822,Total,8740,4410,2949,0,0,7186,1554,"13,34","943 607,11","71,76",3075,0,16938
Data,Ocup,Opção,Cheg,Oferta/Uso Interno,Deduz. Individ.,Deduz. Grupos,% Ocup.,Receita Quartos,Preço Médio,Saídas,Quartos FdS,Adul. / Cri.,junho,Previsão,22-jun-2026 seg,7,39,2,0,0,7,0,"34,07","917,27","19,94",3,0,14,428,725,158,0,0,180,248,"28,47","65 267,95","56,61",163,0,822,Total jun,428,725,158,0,0,180,248,"28,47","65 267,95","56,61",163,0,822,Total,8740,4410,2949,0,0,7186,1554,"13,34","943 607,11","71,76",3075,0,16938
Data,Ocup,Opção,Cheg,Oferta/Uso Interno,Deduz. Individ.,Deduz. Grupos,% Ocup.,Receita Quartos,Preço Médio,Saídas,Quartos FdS,Adul. / Cri.,junho,Previsão,23-jun-2026 ter,6,26,1,0,0,5,1,"23,70","889,21","27,79",2,0,11,428,725,158,0,0,180,248,"28,47","65 267,95","56,61",163,0,822,Total jun,428,725,158,0,0,180,248,"28,47","65 267,95","56,61",163,0,822,Total,8740,4410,2949,0,0,7186,1554,"13,34","943 607,11","71,76",3075,0,16938
Data,Ocup,Opção,Cheg,Oferta/Uso Interno,Deduz. Individ.,Deduz. Grupos,% Ocup.,Receita Quartos,Preço Médio,Saídas,Quartos FdS,Adul. / Cri.,junho,Previsão,24-jun-2026 qua,22,0,18,0,0,5,17,"16,30","3 025,85","137,54",2,0,43,428,725,158,0,0,180,248,"28,47","65 267,95","56,61",163,0,822,Total jun,428,725,158,0,0,180,248,"28,47","65 267,95","56,61",163,0,822,Total,8740,4410,2949,0,0,7186,1554,"13,34","943 607,11","71,76",3075,0,16938
Data,Ocup,Opção,Cheg,Oferta/Uso Interno,Deduz. Individ.,Deduz. Grupos,% Ocup.,Receita Quartos,Preço Médio,Saídas,Quartos FdS,Adul. / Cri.,junho,Previsão,25-jun-2026 qui,21,26,2,0,0,4,17,"34,81","3 042,61","64,74",3,0,41,428,725,158,0,0,180,248,"28,47","65 267,95","56,61",163,0,822,Total jun,428,725,158,0,0,180,248,"28,47","65 267,95","56,61",163,0,822,Total,8740,4410,2949,0,0,7186,1554,"13,34","943 607,11","71,76",3075,0,16938
Data,Ocup,Opção,Cheg,Oferta/Uso Interno,Deduz. Individ.,Deduz. Grupos,% Ocup.,Receita Quartos,Preço Médio,Saídas,Quartos FdS,Adul. / Cri.,junho,Previsão,26-jun-2026 sex,18,35,0,0,0,1,17,"39,26","2 635,02","49,72",3,0,35,428,725,158,0,0,180,248,"28,47","65 267,95","56,61",163,0,822,Total jun,428,725,158,0,0,180,248,"28,47","65 267,95","56,61",163,0,822,Total,8740,4410,2949,0,0,7186,1554,"13,34","943 607,11","71,76",3075,0,16938
Data,Ocup,Opção,Cheg,Oferta/Uso Interno,Deduz. Individ.,Deduz. Grupos,% Ocup.,Receita Quartos,Preço Médio,Saídas,Quartos FdS,Adul. / Cri.,junho,Previsão,27-jun-2026 sáb,3,37,2,0,0,1,2,"29,63","377,75","9,44",17,0,5,428,725,158,0,0,180,248,"28,47","65 267,95","56,61",163,0,822,Total jun,428,725,158,0,0,180,248,"28,47","65 267,95","56,61",163,0,822,Total,8740,4410,2949,0,0,7186,1554,"13,34","943 607,11","71,76",3075,0,16938
Data,Ocup,Opção,Cheg,Oferta/Uso Interno,Deduz. Individ.,Deduz. Grupos,% Ocup.,Receita Quartos,Preço Médio,Saídas,Quartos FdS,Adul. / Cri.,junho,Previsão,28-jun-2026 dom,0,37,0,0,0,0,0,"27,41",-,-,3,0,0,428,725,158,0,0,180,248,"28,47","65 267,95","56,61",163,0,822,Total jun,428,725,158,0,0,180,248,"28,47","65 267,95","56,61",163,0,822,Total,8740,4410,2949,0,0,7186,1554,"13,34","943 607,11","71,76",3075,0,16938
Data,Ocup,Opção,Cheg,Oferta/Uso Interno,Deduz. Individ.,Deduz. Grupos,% Ocup.,Receita Quartos,Preço Médio,Saídas,Quartos FdS,Adul. / Cri.,junho,Previsão,29-jun-2026 seg,1,37,1,0,0,1,0,"28,15","180,25","4,74",0,0,2,428,725,158,0,0,180,248,"28,47","65 267,95","56,61",163,0,822,Total jun,428,725,158,0,0,180,248,"28,47","65 267,95","56,61",163,0,822,Total,8740,4410,2949,0,0,7186,1554,"13,34","943 607,11","71,76",3075,0,16938
Data,Ocup,Opção,Cheg,Oferta/Uso Interno,Deduz. Individ.,Deduz. Grupos,% Ocup.,Receita Quartos,Preço Médio,Saídas,Quartos FdS,Adul. / Cri.,junho,Previsão,30-jun-2026 ter,4,72,3,0,0,4,0,"56,30","633,58","8,34",0,0,8,428,725,158,0,0,180,248,"28,47","65 267,95","56,61",163,0,822,Total jun,428,725,158,0,0,180,248,"28,47","65 267,95","56,61",163,0,822,Total,8740,4410,2949,0,0,7186,1554,"13,34","943 607,11","71,76",3075,0,16938
Data,Ocup,Opção,Cheg,Oferta/Uso Interno,Deduz. Individ.,Deduz. Grupos,% Ocup.,Receita Quartos,Preço Médio,Saídas,Quartos FdS,Adul. / Cri.,julho,Previsão,01-jul-2026 qua,3,22,1,0,0,3,0,"18,52","576,49","23,06",2,0,7,183,219,57,0,0,183,0,"9,61","26 976,31","67,11",57,0,382,Total jul,183,219,57,0,0,183,0,"9,61","26 976,31","67,11",57,0,382,Total,8740,4410,2949,0,0,7186,1554,"13,34","943 607,11","71,76",3075,0,16938
Data,Ocup,Opção,Cheg,Oferta/Uso Interno,Deduz. Individ.,Deduz. Grupos,% Ocup.,Receita Quartos,Preço Médio,Saídas,Quartos FdS,Adul. / Cri.,julho,Previsão,02-jul-2026 qui,2,22,1,0,0,2,0,"17,78","387,00","16,12",2,0,5,183,219,57,0,0,183,0,"9,61","26 976,31","67,11",57,0,382,Total jul,183,219,57,0,0,183,0,"9,61","26 976,31","67,11",57,0,382,Total,8740,4410,2949,0,0,7186,1554,"13,34","943 607,11","71,76",3075,0,16938
Data,Ocup,Opção,Cheg,Oferta/Uso Interno,Deduz. Individ.,Deduz. Grupos,% Ocup.,Receita Quartos,Preço Médio,Saídas,Quartos FdS,Adul. / Cri.,julho,Previsão,03-jul-2026 sex,9,0,7,0,0,9,0,"6,67","1 453,78","161,53",0,0,19,183,219,57,0,0,183,0,"9,61","26 976,31","67,11",57,0,382,Total jul,183,219,57,0,0,183,0,"9,61","26 976,31","67,11",57,0,382,Total,8740,4410,2949,0,0,7186,1554,"13,34","943 607,11","71,76",3075,0,16938
Data,Ocup,Opção,Cheg,Oferta/Uso Interno,Deduz. Individ.,Deduz. Grupos,% Ocup.,Receita Quartos,Preço Médio,Saídas,Quartos FdS,Adul. / Cri.,julho,Previsão,04-jul-2026 sáb,9,0,4,0,0,9,0,"6,67","1 418,20","157,58",4,0,16,183,219,57,0,0,183,0,"9,61","26 976,31","67,11",57,0,382,Total jul,183,219,57,0,0,183,0,"9,61","26 976,31","67,11",57,0,382,Total,8740,4410,2949,0,0,7186,1554,"13,34","943 607,11","71,76",3075,0,16938
Data,Ocup,Opção,Cheg,Oferta/Uso Interno,Deduz. Individ.,Deduz. Grupos,% Ocup.,Receita Quartos,Preço Médio,Saídas,Quartos FdS,Adul. / Cri.,julho,Previsão,05-jul-2026 dom,6,16,0,0,0,6,0,"16,30","867,00","39,41",3,0,10,183,219,57,0,0,183,0,"9,61","26 976,31","67,11",57,0,382,Total jul,183,219,57,0,0,183,0,"9,61","26 976,31","67,11",57,0,382,Total,8740,4410,2949,0,0,7186,1554,"13,34","943 607,11","71,76",3075,0,16938
Data,Ocup,Opção,Cheg,Oferta/Uso Interno,Deduz. Individ.,Deduz. Grupos,% Ocup.,Receita Quartos,Preço Médio,Saídas,Quartos FdS,Adul. / Cri.,julho,Previsão,06-jul-2026 seg,11,16,7,0,0,11,0,"20,00","1 701,95","63,04",2,0,20,183,219,57,0,0,183,0,"9,61","26 976,31","67,11",57,0,382,Total jul,183,219,57,0,0,183,0,"9,61","26 976,31","67,11",57,0,382,Total,8740,4410,2949,0,0,7186,1554,"13,34","943 607,11","71,76",3075,0,16938
Data,Ocup,Opção,Cheg,Oferta/Uso Interno,Deduz. Individ.,Deduz. Grupos,% Ocup.,Receita Quartos,Preço Médio,Saídas,Quartos FdS,Adul. / Cri.,julho,Previsão,07-jul-2026 ter,11,22,2,0,0,11,0,"24,44","1 642,08","49,76",2,0,20,183,219,57,0,0,183,0,"9,61","26 976,31","67,11",57,0,382,Total jul,183,219,57,0,0,183,0,"9,61","26 976,31","67,11",57,0,382,Total,8740,4410,2949,0,0,7186,1554,"13,34","943 607,11","71,76",3075,0,16938
Data,Ocup,Opção,Cheg,Oferta/Uso Interno,Deduz. Individ.,Deduz. Grupos,% Ocup.,Receita Quartos,Preço Médio,Saídas,Quartos FdS,Adul. / Cri.,julho,Previsão,08-jul-2026 qua,5,22,0,0,0,5,0,"20,00","894,95","33,15",6,0,10,183,219,57,0,0,183,0,"9,61","26 976,31","67,11",57,0,382,Total jul,183,219,57,0,0,183,0,"9,61","26 976,31","67,11",57,0,382,Total,8740,4410,2949,0,0,7186,1554,"13,34","943 607,11","71,76",3075,0,16938
Data,Ocup,Opção,Cheg,Oferta/Uso Interno,Deduz. Individ.,Deduz. Grupos,% Ocup.,Receita Quartos,Preço Médio,Saídas,Quartos FdS,Adul. / Cri.,julho,Previsão,09-jul-2026 qui,13,22,8,0,0,13,0,"25,93","1 907,69","54,51",0,0,26,183,219,57,0,0,183,0,"9,61","26 976,31","67,11",57,0,382,Total jul,183,219,57,0,0,183,0,"9,61","26 976,31","67,11",57,0,382,Total,8740,4410,2949,0,0,7186,1554,"13,34","943 607,11","71,76",3075,0,16938
Data,Ocup,Opção,Cheg,Oferta/Uso Interno,Deduz. Individ.,Deduz. Grupos,% Ocup.,Receita Quartos,Preço Médio,Saídas,Quartos FdS,Adul. / Cri.,julho,Previsão,10-jul-2026 sex,19,0,6,0,0,19,0,"14,07","2 846,39","149,81",0,0,39,183,219,57,0,0,183,0,"9,61","26 976,31","67,11",57,0,382,Total jul,183,219,57,0,0,183,0,"9,61","26 976,31","67,11",57,0,382,Total,8740,4410,2949,0,0,7186,1554,"13,34","943 607,11","71,76",3075,0,16938
Data,Ocup,Opção,Cheg,Oferta/Uso Interno,Deduz. Individ.,Deduz. Grupos,% Ocup.,Receita Quartos,Preço Médio,Saídas,Quartos FdS,Adul. / Cri.,julho,Previsão,11-jul-2026 sáb,14,4,0,0,0,14,0,"13,33","1 939,87","107,77",5,0,29,183,219,57,0,0,183,0,"9,61","26 976,31","67,11",57,0,382,Total jul,183,219,57,0,0,183,0,"9,61","26 976,31","67,11",57,0,382,Total,8740,4410,2949,0,0,7186,1554,"13,34","943 607,11","71,76",3075,0,16938
Data,Ocup,Opção,Cheg,Oferta/Uso Interno,Deduz. Individ.,Deduz. Grupos,% Ocup.,Receita Quartos,Preço Médio,Saídas,Quartos FdS,Adul. / Cri.,julho,Previsão,12-jul-2026 dom,11,13,2,0,0,11,0,"17,78","1 510,05","62,92",5,0,23,183,219,57,0,0,183,0,"9,61","26 976,31","67,11",57,0,382,Total jul,183,219,57,0,0,183,0,"9,61","26 976,31","67,11",57,0,382,Total,8740,4410,2949,0,0,7186,1554,"13,34","943 607,11","71,76",3075,0,16938
Data,Ocup,Opção,Cheg,Oferta/Uso Interno,Deduz. Individ.,Deduz. Grupos,% Ocup.,Receita Quartos,Preço Médio,Saídas,Quartos FdS,Adul. / Cri.,julho,Previsão,13-jul-2026 seg,7,13,0,0,0,7,0,"14,81","909,42","45,47",4,0,14,183,219,57,0,0,183,0,"9,61","26 976,31","67,11",57,0,382,Total jul,183,219,57,0,0,183,0,"9,61","26 976,31","67,11",57,0,382,Total,8740,4410,2949,0,0,7186,1554,"13,34","943 607,11","71,76",3075,0,16938
Data,Ocup,Opção,Cheg,Oferta/Uso Interno,Deduz. Individ.,Deduz. Grupos,% Ocup.,Receita Quartos,Preço Médio,Saídas,Quartos FdS,Adul. / Cri.,julho,Previsão,14-jul-2026 ter,7,0,0,0,0,7,0,"5,19","909,42","129,92",0,0,14,183,219,57,0,0,183,0,"9,61","26 976,31","67,11",57,0,382,Total jul,183,219,57,0,0,183,0,"9,61","26 976,31","67,11",57,0,382,Total,8740,4410,2949,0,0,7186,1554,"13,34","943 607,11","71,76",3075,0,16938
Data,Ocup,Opção,Cheg,Oferta/Uso Interno,Deduz. Individ.,Deduz. Grupos,% Ocup.,Receita Quartos,Preço Médio,Saídas,Quartos FdS,Adul. / Cri.,julho,Previsão,15-jul-2026 qua,1,0,0,0,0,1,0,"0,74","125,48","125,48",6,0,2,183,219,57,0,0,183,0,"9,61","26 976,31","67,11",57,0,382,Total jul,183,219,57,0,0,183,0,"9,61","26 976,31","67,11",57,0,382,Total,8740,4410,2949,0,0,7186,1554,"13,34","943 607,11","71,76",3075,0,16938
Data,Ocup,Opção,Cheg,Oferta/Uso Interno,Deduz. Individ.,Deduz. Grupos,% Ocup.,Receita Quartos,Preço Médio,Saídas,Quartos FdS,Adul. / Cri.,julho,Previsão,16-jul-2026 qui,1,0,1,0,0,1,0,"0,74","116,40","116,40",1,0,2,183,219,57,0,0,183,0,"9,61","26 976,31","67,11",57,0,382,Total jul,183,219,57,0,0,183,0,"9,61","26 976,31","67,11",57,0,382,Total,8740,4410,2949,0,0,7186,1554,"13,34","943 607,11","71,76",3075,0,16938
Data,Ocup,Opção,Cheg,Oferta/Uso Interno,Deduz. Individ.,Deduz. Grupos,% Ocup.,Receita Quartos,Preço Médio,Saídas,Quartos FdS,Adul. / Cri.,julho,Previsão,17-jul-2026 sex,1,0,0,0,0,1,0,"0,74","116,40","116,40",0,0,2,183,219,57,0,0,183,0,"9,61","26 976,31","67,11",57,0,382,Total jul,183,219,57,0,0,183,0,"9,61","26 976,31","67,11",57,0,382,Total,8740,4410,2949,0,0,7186,1554,"13,34","943 607,11","71,76",3075,0,16938
Data,Ocup,Opção,Cheg,Oferta/Uso Interno,Deduz. Individ.,Deduz. Grupos,% Ocup.,Receita Quartos,Preço Médio,Saídas,Quartos FdS,Adul. / Cri.,julho,Previsão,18-jul-2026 sáb,0,4,0,0,0,0,0,"2,96",-,-,1,0,0,183,219,57,0,0,183,0,"9,61","26 976,31","67,11",57,0,382,Total jul,183,219,57,0,0,183,0,"9,61","26 976,31","67,11",57,0,382,Total,8740,4410,2949,0,0,7186,1554,"13,34","943 607,11","71,76",3075,0,16938
Data,Ocup,Opção,Cheg,Oferta/Uso Interno,Deduz. Individ.,Deduz. Grupos,% Ocup.,Receita Quartos,Preço Médio,Saídas,Quartos FdS,Adul. / Cri.,julho,Previsão,19-jul-2026 dom,0,13,0,0,0,0,0,"9,63",-,-,0,0,0,183,219,57,0,0,183,0,"9,61","26 976,31","67,11",57,0,382,Total jul,183,219,57,0,0,183,0,"9,61","26 976,31","67,11",57,0,382,Total,8740,4410,2949,0,0,7186,1554,"13,34","943 607,11","71,76",3075,0,16938
Data,Ocup,Opção,Cheg,Oferta/Uso Interno,Deduz. Individ.,Deduz. Grupos,% Ocup.,Receita Quartos,Preço Médio,Saídas,Quartos FdS,Adul. / Cri.,julho,Previsão,20-jul-2026 seg,4,13,4,0,0,4,0,"12,59","558,51","32,85",0,0,9,183,219,57,0,0,183,0,"9,61","26 976,31","67,11",57,0,382,Total jul,183,219,57,0,0,183,0,"9,61","26 976,31","67,11",57,0,382,Total,8740,4410,2949,0,0,7186,1554,"13,34","943 607,11","71,76",3075,0,16938
Data,Ocup,Opção,Cheg,Oferta/Uso Interno,Deduz. Individ.,Deduz. Grupos,% Ocup.,Receita Quartos,Preço Médio,Saídas,Quartos FdS,Adul. / Cri.,julho,Previsão,21-jul-2026 ter,4,15,0,0,0,4,0,"14,07","558,51","29,40",0,0,9,183,219,57,0,0,183,0,"9,61","26 976,31","67,11",57,0,382,Total jul,183,219,57,0,0,183,0,"9,61","26 976,31","67,11",57,0,382,Total,8740,4410,2949,0,0,7186,1554,"13,34","943 607,11","71,76",3075,0,16938
Data,Ocup,Opção,Cheg,Oferta/Uso Interno,Deduz. Individ.,Deduz. Grupos,% Ocup.,Receita Quartos,Preço Médio,Saídas,Quartos FdS,Adul. / Cri.,julho,Previsão,22-jul-2026 qua,6,0,2,0,0,6,0,"4,44","781,74","130,29",0,0,13,183,219,57,0,0,183,0,"9,61","26 976,31","67,11",57,0,382,Total jul,183,219,57,0,0,183,0,"9,61","26 976,31","67,11",57,0,382,Total,8740,4410,2949,0,0,7186,1554,"13,34","943 607,11","71,76",3075,0,16938
Data,Ocup,Opção,Cheg,Oferta/Uso Interno,Deduz. Individ.,Deduz. Grupos,% Ocup.,Receita Quartos,Preço Médio,Saídas,Quartos FdS,Adul. / Cri.,julho,Previsão,23-jul-2026 qui,4,0,1,0,0,4,0,"2,96","604,92","151,23",3,0,10,183,219,57,0,0,183,0,"9,61","26 976,31","67,11",57,0,382,Total jul,183,219,57,0,0,183,0,"9,61","26 976,31","67,11",57,0,382,Total,8740,4410,2949,0,0,7186,1554,"13,34","943 607,11","71,76",3075,0,16938
Data,Ocup,Opção,Cheg,Oferta/Uso Interno,Deduz. Individ.,Deduz. Grupos,% Ocup.,Receita Quartos,Preço Médio,Saídas,Quartos FdS,Adul. / Cri.,julho,Previsão,24-jul-2026 sex,5,0,2,0,0,5,0,"3,70","822,17","164,43",1,0,12,183,219,57,0,0,183,0,"9,61","26 976,31","67,11",57,0,382,Total jul,183,219,57,0,0,183,0,"9,61","26 976,31","67,11",57,0,382,Total,8740,4410,2949,0,0,7186,1554,"13,34","943 607,11","71,76",3075,0,16938
Data,Ocup,Opção,Cheg,Oferta/Uso Interno,Deduz. Individ.,Deduz. Grupos,% Ocup.,Receita Quartos,Preço Médio,Saídas,Quartos FdS,Adul. / Cri.,julho,Previsão,25-jul-2026 sáb,6,0,3,0,0,6,0,"4,44","896,60","149,43",2,0,13,183,219,57,0,0,183,0,"9,61","26 976,31","67,11",57,0,382,Total jul,183,219,57,0,0,183,0,"9,61","26 976,31","67,11",57,0,382,Total,8740,4410,2949,0,0,7186,1554,"13,34","943 607,11","71,76",3075,0,16938
Data,Ocup,Opção,Cheg,Oferta/Uso Interno,Deduz. Individ.,Deduz. Grupos,% Ocup.,Receita Quartos,Preço Médio,Saídas,Quartos FdS,Adul. / Cri.,julho,Previsão,26-jul-2026 dom,7,0,2,0,0,7,0,"5,19","781,56","111,65",1,0,13,183,219,57,0,0,183,0,"9,61","26 976,31","67,11",57,0,382,Total jul,183,219,57,0,0,183,0,"9,61","26 976,31","67,11",57,0,382,Total,8740,4410,2949,0,0,7186,1554,"13,34","943 607,11","71,76",3075,0,16938
Data,Ocup,Opção,Cheg,Oferta/Uso Interno,Deduz. Individ.,Deduz. Grupos,% Ocup.,Receita Quartos,Preço Médio,Saídas,Quartos FdS,Adul. / Cri.,julho,Previsão,27-jul-2026 seg,4,0,0,0,0,4,0,"2,96","483,90","120,97",3,0,8,183,219,57,0,0,183,0,"9,61","26 976,31","67,11",57,0,382,Total jul,183,219,57,0,0,183,0,"9,61","26 976,31","67,11",57,0,382,Total,8740,4410,2949,0,0,7186,1554,"13,34","943 607,11","71,76",3075,0,16938
Data,Ocup,Opção,Cheg,Oferta/Uso Interno,Deduz. Individ.,Deduz. Grupos,% Ocup.,Receita Quartos,Preço Médio,Saídas,Quartos FdS,Adul. / Cri.,julho,Previsão,28-jul-2026 ter,3,0,1,0,0,3,0,"2,22","429,36","143,12",2,0,8,183,219,57,0,0,183,0,"9,61","26 976,31","67,11",57,0,382,Total jul,183,219,57,0,0,183,0,"9,61","26 976,31","67,11",57,0,382,Total,8740,4410,2949,0,0,7186,1554,"13,34","943 607,11","71,76",3075,0,16938
Data,Ocup,Opção,Cheg,Oferta/Uso Interno,Deduz. Individ.,Deduz. Grupos,% Ocup.,Receita Quartos,Preço Médio,Saídas,Quartos FdS,Adul. / Cri.,julho,Previsão,29-jul-2026 qua,3,0,0,0,0,3,0,"2,22","429,36","143,12",0,0,8,183,219,57,0,0,183,0,"9,61","26 976,31","67,11",57,0,382,Total jul,183,219,57,0,0,183,0,"9,61","26 976,31","67,11",57,0,382,Total,8740,4410,2949,0,0,7186,1554,"13,34","943 607,11","71,76",3075,0,16938
Data,Ocup,Opção,Cheg,Oferta/Uso Interno,Deduz. Individ.,Deduz. Grupos,% Ocup.,Receita Quartos,Preço Médio,Saídas,Quartos FdS,Adul. / Cri.,julho,Previsão,30-jul-2026 qui,3,0,2,0,0,3,0,"2,22","483,25","161,08",2,0,8,183,219,57,0,0,183,0,"9,61","26 976,31","67,11",57,0,382,Total jul,183,219,57,0,0,183,0,"9,61","26 976,31","67,11",57,0,382,Total,8740,4410,2949,0,0,7186,1554,"13,34","943 607,11","71,76",3075,0,16938
Data,Ocup,Opção,Cheg,Oferta/Uso Interno,Deduz. Individ.,Deduz. Grupos,% Ocup.,Receita Quartos,Preço Médio,Saídas,Quartos FdS,Adul. / Cri.,julho,Previsão,31-jul-2026 sex,4,2,1,0,0,4,0,"4,44","823,88","137,31",0,0,13,183,219,57,0,0,183,0,"9,61","26 976,31","67,11",57,0,382,Total jul,183,219,57,0,0,183,0,"9,61","26 976,31","67,11",57,0,382,Total,8740,4410,2949,0,0,7186,1554,"13,34","943 607,11","71,76",3075,0,16938
Data,Ocup,Opção,Cheg,Oferta/Uso Interno,Deduz. Individ.,Deduz. Grupos,% Ocup.,Receita Quartos,Preço Médio,Saídas,Quartos FdS,Adul. / Cri.,agosto,Previsão,01-ago-2026 sáb,6,1,2,0,0,6,0,"5,19","1 024,22","146,32",0,0,17,149,171,61,0,0,97,52,"7,65","20 408,94","63,78",52,0,306,Total ago,149,171,61,0,0,97,52,"7,65","20 408,94","63,78",52,0,306,Total,8740,4410,2949,0,0,7186,1554,"13,34","943 607,11","71,76",3075,0,16938
Data,Ocup,Opção,Cheg,Oferta/Uso Interno,Deduz. Individ.,Deduz. Grupos,% Ocup.,Receita Quartos,Preço Médio,Saídas,Quartos FdS,Adul. / Cri.,agosto,Previsão,02-ago-2026 dom,8,0,4,0,0,8,0,"5,93","1 311,60","163,95",2,0,22,149,171,61,0,0,97,52,"7,65","20 408,94","63,78",52,0,306,Total ago,149,171,61,0,0,97,52,"7,65","20 408,94","63,78",52,0,306,Total,8740,4410,2949,0,0,7186,1554,"13,34","943 607,11","71,76",3075,0,16938
Data,Ocup,Opção,Cheg,Oferta/Uso Interno,Deduz. Individ.,Deduz. Grupos,% Ocup.,Receita Quartos,Preço Médio,Saídas,Quartos FdS,Adul. / Cri.,agosto,Previsão,03-ago-2026 seg,4,0,0,0,0,4,0,"2,96","679,23","169,81",4,0,11,149,171,61,0,0,97,52,"7,65","20 408,94","63,78",52,0,306,Total ago,149,171,61,0,0,97,52,"7,65","20 408,94","63,78",52,0,306,Total,8740,4410,2949,0,0,7186,1554,"13,34","943 607,11","71,76",3075,0,16938
Data,Ocup,Opção,Cheg,Oferta/Uso Interno,Deduz. Individ.,Deduz. Grupos,% Ocup.,Receita Quartos,Preço Médio,Saídas,Quartos FdS,Adul. / Cri.,agosto,Previsão,04-ago-2026 ter,2,0,1,0,0,2,0,"1,48","320,72","160,36",3,0,4,149,171,61,0,0,97,52,"7,65","20 408,94","63,78",52,0,306,Total ago,149,171,61,0,0,97,52,"7,65","20 408,94","63,78",52,0,306,Total,8740,4410,2949,0,0,7186,1554,"13,34","943 607,11","71,76",3075,0,16938
Data,Ocup,Opção,Cheg,Oferta/Uso Interno,Deduz. Individ.,Deduz. Grupos,% Ocup.,Receita Quartos,Preço Médio,Saídas,Quartos FdS,Adul. / Cri.,agosto,Previsão,05-ago-2026 qua,1,0,0,0,0,1,0,"0,74","163,75","163,75",1,0,2,149,171,61,0,0,97,52,"7,65","20 408,94","63,78",52,0,306,Total ago,149,171,61,0,0,97,52,"7,65","20 408,94","63,78",52,0,306,Total,8740,4410,2949,0,0,7186,1554,"13,34","943 607,11","71,76",3075,0,16938
Data,Ocup,Opção,Cheg,Oferta/Uso Interno,Deduz. Individ.,Deduz. Grupos,% Ocup.,Receita Quartos,Preço Médio,Saídas,Quartos FdS,Adul. / Cri.,agosto,Previsão,06-ago-2026 qui,3,0,2,0,0,3,0,"2,22","495,98","165,33",0,0,6,149,171,61,0,0,97,52,"7,65","20 408,94","63,78",52,0,306,Total ago,149,171,61,0,0,97,52,"7,65","20 408,94","63,78",52,0,306,Total,8740,4410,2949,0,0,7186,1554,"13,34","943 607,11","71,76",3075,0,16938
Data,Ocup,Opção,Cheg,Oferta/Uso Interno,Deduz. Individ.,Deduz. Grupos,% Ocup.,Receita Quartos,Preço Médio,Saídas,Quartos FdS,Adul. / Cri.,agosto,Previsão,07-ago-2026 sex,2,0,0,0,0,2,0,"1,48","318,64","159,32",1,0,4,149,171,61,0,0,97,52,"7,65","20 408,94","63,78",52,0,306,Total ago,149,171,61,0,0,97,52,"7,65","20 408,94","63,78",52,0,306,Total,8740,4410,2949,0,0,7186,1554,"13,34","943 607,11","71,76",3075,0,16938
Data,Ocup,Opção,Cheg,Oferta/Uso Interno,Deduz. Individ.,Deduz. Grupos,% Ocup.,Receita Quartos,Preço Médio,Saídas,Quartos FdS,Adul. / Cri.,agosto,Previsão,08-ago-2026 sáb,0,0,0,0,0,0,0,-,-,NaN,2,0,0,149,171,61,0,0,97,52,"7,65","20 408,94","63,78",52,0,306,Total ago,149,171,61,0,0,97,52,"7,65","20 408,94","63,78",52,0,306,Total,8740,4410,2949,0,0,7186,1554,"13,34","943 607,11","71,76",3075,0,16938
Data,Ocup,Opção,Cheg,Oferta/Uso Interno,Deduz. Individ.,Deduz. Grupos,% Ocup.,Receita Quartos,Preço Médio,Saídas,Quartos FdS,Adul. / Cri.,agosto,Previsão,09-ago-2026 dom,2,0,2,0,0,2,0,"1,48","239,96","119,98",0,0,4,149,171,61,0,0,97,52,"7,65","20 408,94","63,78",52,0,306,Total ago,149,171,61,0,0,97,52,"7,65","20 408,94","63,78",52,0,306,Total,8740,4410,2949,0,0,7186,1554,"13,34","943 607,11","71,76",3075,0,16938
Data,Ocup,Opção,Cheg,Oferta/Uso Interno,Deduz. Individ.,Deduz. Grupos,% Ocup.,Receita Quartos,Preço Médio,Saídas,Quartos FdS,Adul. / Cri.,agosto,Previsão,10-ago-2026 seg,2,0,2,0,0,2,0,"1,48","210,38","105,19",2,0,4,149,171,61,0,0,97,52,"7,65","20 408,94","63,78",52,0,306,Total ago,149,171,61,0,0,97,52,"7,65","20 408,94","63,78",52,0,306,Total,8740,4410,2949,0,0,7186,1554,"13,34","943 607,11","71,76",3075,0,16938
Data,Ocup,Opção,Cheg,Oferta/Uso Interno,Deduz. Individ.,Deduz. Grupos,% Ocup.,Receita Quartos,Preço Médio,Saídas,Quartos FdS,Adul. / Cri.,agosto,Previsão,11-ago-2026 ter,3,15,1,0,0,3,0,"13,33","371,11","20,62",0,0,6,149,171,61,0,0,97,52,"7,65","20 408,94","63,78",52,0,306,Total ago,149,171,61,0,0,97,52,"7,65","20 408,94","63,78",52,0,306,Total,8740,4410,2949,0,0,7186,1554,"13,34","943 607,11","71,76",3075,0,16938
Data,Ocup,Opção,Cheg,Oferta/Uso Interno,Deduz. Individ.,Deduz. Grupos,% Ocup.,Receita Quartos,Preço Médio,Saídas,Quartos FdS,Adul. / Cri.,agosto,Previsão,12-ago-2026 qua,2,0,0,0,0,2,0,"1,48","265,92","132,96",1,0,4,149,171,61,0,0,97,52,"7,65","20 408,94","63,78",52,0,306,Total ago,149,171,61,0,0,97,52,"7,65","20 408,94","63,78",52,0,306,Total,8740,4410,2949,0,0,7186,1554,"13,34","943 607,11","71,76",3075,0,16938
Data,Ocup,Opção,Cheg,Oferta/Uso Interno,Deduz. Individ.,Deduz. Grupos,% Ocup.,Receita Quartos,Preço Médio,Saídas,Quartos FdS,Adul. / Cri.,agosto,Previsão,13-ago-2026 qui,4,0,3,0,0,4,0,"2,96","477,92","119,48",1,0,8,149,171,61,0,0,97,52,"7,65","20 408,94","63,78",52,0,306,Total ago,149,171,61,0,0,97,52,"7,65","20 408,94","63,78",52,0,306,Total,8740,4410,2949,0,0,7186,1554,"13,34","943 607,11","71,76",3075,0,16938
Data,Ocup,Opção,Cheg,Oferta/Uso Interno,Deduz. Individ.,Deduz. Grupos,% Ocup.,Receita Quartos,Preço Médio,Saídas,Quartos FdS,Adul. / Cri.,agosto,Previsão,14-ago-2026 sex,5,0,2,0,0,5,0,"3,70","553,16","110,63",1,0,9,149,171,61,0,0,97,52,"7,65","20 408,94","63,78",52,0,306,Total ago,149,171,61,0,0,97,52,"7,65","20 408,94","63,78",52,0,306,Total,8740,4410,2949,0,0,7186,1554,"13,34","943 607,11","71,76",3075,0,16938
Data,Ocup,Opção,Cheg,Oferta/Uso Interno,Deduz. Individ.,Deduz. Grupos,% Ocup.,Receita Quartos,Preço Médio,Saídas,Quartos FdS,Adul. / Cri.,agosto,Previsão,15-ago-2026 sáb,5,0,0,0,0,5,0,"3,70","553,16","110,63",0,0,9,149,171,61,0,0,97,52,"7,65","20 408,94","63,78",52,0,306,Total ago,149,171,61,0,0,97,52,"7,65","20 408,94","63,78",52,0,306,Total,8740,4410,2949,0,0,7186,1554,"13,34","943 607,11","71,76",3075,0,16938
Data,Ocup,Opção,Cheg,Oferta/Uso Interno,Deduz. Individ.,Deduz. Grupos,% Ocup.,Receita Quartos,Preço Médio,Saídas,Quartos FdS,Adul. / Cri.,agosto,Previsão,16-ago-2026 dom,0,0,0,0,0,0,0,-,-,NaN,5,0,0,149,171,61,0,0,97,52,"7,65","20 408,94","63,78",52,0,306,Total ago,149,171,61,0,0,97,52,"7,65","20 408,94","63,78",52,0,306,Total,8740,4410,2949,0,0,7186,1554,"13,34","943 607,11","71,76",3075,0,16938
Data,Ocup,Opção,Cheg,Oferta/Uso Interno,Deduz. Individ.,Deduz. Grupos,% Ocup.,Receita Quartos,Preço Médio,Saídas,Quartos FdS,Adul. / Cri.,agosto,Previsão,17-ago-2026 seg,0,0,0,0,0,0,0,-,-,NaN,0,0,0,149,171,61,0,0,97,52,"7,65","20 408,94","63,78",52,0,306,Total ago,149,171,61,0,0,97,52,"7,65","20 408,94","63,78",52,0,306,Total,8740,4410,2949,0,0,7186,1554,"13,34","943 607,11","71,76",3075,0,16938
Data,Ocup,Opção,Cheg,Oferta/Uso Interno,Deduz. Individ.,Deduz. Grupos,% Ocup.,Receita Quartos,Preço Médio,Saídas,Quartos FdS,Adul. / Cri.,agosto,Previsão,18-ago-2026 ter,2,0,2,0,0,2,0,"1,48","299,55","149,77",0,0,4,149,171,61,0,0,97,52,"7,65","20 408,94","63,78",52,0,306,Total ago,149,171,61,0,0,97,52,"7,65","20 408,94","63,78",52,0,306,Total,8740,4410,2949,0,0,7186,1554,"13,34","943 607,11","71,76",3075,0,16938
Data,Ocup,Opção,Cheg,Oferta/Uso Interno,Deduz. Individ.,Deduz. Grupos,% Ocup.,Receita Quartos,Preço Médio,Saídas,Quartos FdS,Adul. / Cri.,agosto,Previsão,19-ago-2026 qua,3,0,1,0,0,3,0,"2,22","468,91","156,30",0,0,7,149,171,61,0,0,97,52,"7,65","20 408,94","63,78",52,0,306,Total ago,149,171,61,0,0,97,52,"7,65","20 408,94","63,78",52,0,306,Total,8740,4410,2949,0,0,7186,1554,"13,34","943 607,11","71,76",3075,0,16938
Data,Ocup,Opção,Cheg,Oferta/Uso Interno,Deduz. Individ.,Deduz. Grupos,% Ocup.,Receita Quartos,Preço Médio,Saídas,Quartos FdS,Adul. / Cri.,agosto,Previsão,20-ago-2026 qui,2,0,0,0,0,2,0,"1,48","299,55","149,77",1,0,4,149,171,61,0,0,97,52,"7,65","20 408,94","63,78",52,0,306,Total ago,149,171,61,0,0,97,52,"7,65","20 408,94","63,78",52,0,306,Total,8740,4410,2949,0,0,7186,1554,"13,34","943 607,11","71,76",3075,0,16938
Data,Ocup,Opção,Cheg,Oferta/Uso Interno,Deduz. Individ.,Deduz. Grupos,% Ocup.,Receita Quartos,Preço Médio,Saídas,Quartos FdS,Adul. / Cri.,agosto,Previsão,21-ago-2026 sex,0,0,0,0,0,0,0,-,-,NaN,2,0,0,149,171,61,0,0,97,52,"7,65","20 408,94","63,78",52,0,306,Total ago,149,171,61,0,0,97,52,"7,65","20 408,94","63,78",52,0,306,Total,8740,4410,2949,0,0,7186,1554,"13,34","943 607,11","71,76",3075,0,16938
Data,Ocup,Opção,Cheg,Oferta/Uso Interno,Deduz. Individ.,Deduz. Grupos,% Ocup.,Receita Quartos,Preço Médio,Saídas,Quartos FdS,Adul. / Cri.,agosto,Previsão,22-ago-2026 sáb,4,0,4,0,0,4,0,"2,96","481,77","120,44",0,0,7,149,171,61,0,0,97,52,"7,65","20 408,94","63,78",52,0,306,Total ago,149,171,61,0,0,97,52,"7,65","20 408,94","63,78",52,0,306,Total,8740,4410,2949,0,0,7186,1554,"13,34","943 607,11","71,76",3075,0,16938
Data,Ocup,Opção,Cheg,Oferta/Uso Interno,Deduz. Individ.,Deduz. Grupos,% Ocup.,Receita Quartos,Preço Médio,Saídas,Quartos FdS,Adul. / Cri.,agosto,Previsão,23-ago-2026 dom,4,0,3,0,0,4,0,"2,96","766,36","191,59",3,0,8,149,171,61,0,0,97,52,"7,65","20 408,94","63,78",52,0,306,Total ago,149,171,61,0,0,97,52,"7,65","20 408,94","63,78",52,0,306,Total,8740,4410,2949,0,0,7186,1554,"13,34","943 607,11","71,76",3075,0,16938
Data,Ocup,Opção,Cheg,Oferta/Uso Interno,Deduz. Individ.,Deduz. Grupos,% Ocup.,Receita Quartos,Preço Médio,Saídas,Quartos FdS,Adul. / Cri.,agosto,Previsão,24-ago-2026 seg,4,15,1,0,0,4,0,"14,07","762,92","40,15",1,0,9,149,171,61,0,0,97,52,"7,65","20 408,94","63,78",52,0,306,Total ago,149,171,61,0,0,97,52,"7,65","20 408,94","63,78",52,0,306,Total,8740,4410,2949,0,0,7186,1554,"13,34","943 607,11","71,76",3075,0,16938
Data,Ocup,Opção,Cheg,Oferta/Uso Interno,Deduz. Individ.,Deduz. Grupos,% Ocup.,Receita Quartos,Preço Médio,Saídas,Quartos FdS,Adul. / Cri.,agosto,Previsão,25-ago-2026 ter,5,37,1,0,0,4,1,"31,11","876,31","20,86",0,0,10,149,171,61,0,0,97,52,"7,65","20 408,94","63,78",52,0,306,Total ago,149,171,61,0,0,97,52,"7,65","20 408,94","63,78",52,0,306,Total,8740,4410,2949,0,0,7186,1554,"13,34","943 607,11","71,76",3075,0,16938
Data,Ocup,Opção,Cheg,Oferta/Uso Interno,Deduz. Individ.,Deduz. Grupos,% Ocup.,Receita Quartos,Preço Médio,Saídas,Quartos FdS,Adul. / Cri.,agosto,Previsão,26-ago-2026 qua,18,37,16,0,0,1,17,"40,74","2 141,24","38,93",3,0,35,149,171,61,0,0,97,52,"7,65","20 408,94","63,78",52,0,306,Total ago,149,171,61,0,0,97,52,"7,65","20 408,94","63,78",52,0,306,Total,8740,4410,2949,0,0,7186,1554,"13,34","943 607,11","71,76",3075,0,16938
Data,Ocup,Opção,Cheg,Oferta/Uso Interno,Deduz. Individ.,Deduz. Grupos,% Ocup.,Receita Quartos,Preço Médio,Saídas,Quartos FdS,Adul. / Cri.,agosto,Previsão,27-ago-2026 qui,18,22,1,0,0,1,17,"29,63","2 100,24","52,51",1,0,35,149,171,61,0,0,97,52,"7,65","20 408,94","63,78",52,0,306,Total ago,149,171,61,0,0,97,52,"7,65","20 408,94","63,78",52,0,306,Total,8740,4410,2949,0,0,7186,1554,"13,34","943 607,11","71,76",3075,0,16938
Data,Ocup,Opção,Cheg,Oferta/Uso Interno,Deduz. Individ.,Deduz. Grupos,% Ocup.,Receita Quartos,Preço Médio,Saídas,Quartos FdS,Adul. / Cri.,agosto,Previsão,28-ago-2026 sex,17,0,0,0,0,0,17,"12,59","2 013,46","118,44",1,0,33,149,171,61,0,0,97,52,"7,65","20 408,94","63,78",52,0,306,Total ago,149,171,61,0,0,97,52,"7,65","20 408,94","63,78",52,0,306,Total,8740,4410,2949,0,0,7186,1554,"13,34","943 607,11","71,76",3075,0,16938
Data,Ocup,Opção,Cheg,Oferta/Uso Interno,Deduz. Individ.,Deduz. Grupos,% Ocup.,Receita Quartos,Preço Médio,Saídas,Quartos FdS,Adul. / Cri.,agosto,Previsão,29-ago-2026 sáb,1,0,1,0,0,1,0,"0,74","185,76","185,76",17,0,2,149,171,61,0,0,97,52,"7,65","20 408,94","63,78",52,0,306,Total ago,149,171,61,0,0,97,52,"7,65","20 408,94","63,78",52,0,306,Total,8740,4410,2949,0,0,7186,1554,"13,34","943 607,11","71,76",3075,0,16938
Data,Ocup,Opção,Cheg,Oferta/Uso Interno,Deduz. Individ.,Deduz. Grupos,% Ocup.,Receita Quartos,Preço Médio,Saídas,Quartos FdS,Adul. / Cri.,agosto,Previsão,30-ago-2026 dom,9,22,8,0,0,9,0,"22,96","1 216,00","39,23",0,0,17,149,171,61,0,0,97,52,"7,65","20 408,94","63,78",52,0,306,Total ago,149,171,61,0,0,97,52,"7,65","20 408,94","63,78",52,0,306,Total,8740,4410,2949,0,0,7186,1554,"13,34","943 607,11","71,76",3075,0,16938
Data,Ocup,Opção,Cheg,Oferta/Uso Interno,Deduz. Individ.,Deduz. Grupos,% Ocup.,Receita Quartos,Preço Médio,Saídas,Quartos FdS,Adul. / Cri.,agosto,Previsão,31-ago-2026 seg,13,22,4,0,0,13,0,"25,93","1 811,12","51,75",0,0,25,149,171,61,0,0,97,52,"7,65","20 408,94","63,78",52,0,306,Total ago,149,171,61,0,0,97,52,"7,65","20 408,94","63,78",52,0,306,Total,8740,4410,2949,0,0,7186,1554,"13,34","943 607,11","71,76",3075,0,16938
Data,Ocup,Opção,Cheg,Oferta/Uso Interno,Deduz. Individ.,Deduz. Grupos,% Ocup.,Receita Quartos,Preço Médio,Saídas,Quartos FdS,Adul. / Cri.,setembro,Previsão,01-set-2026 ter,16,44,3,0,0,15,1,"44,44","2 476,35","41,27",0,0,29,351,946,136,0,0,120,231,"32,02","55 341,41","42,67",132,0,696,Total set,351,946,136,0,0,120,231,"32,02","55 341,41","42,67",132,0,696,Total,8740,4410,2949,0,0,7186,1554,"13,34","943 607,11","71,76",3075,0,16938
Data,Ocup,Opção,Cheg,Oferta/Uso Interno,Deduz. Individ.,Deduz. Grupos,% Ocup.,Receita Quartos,Preço Médio,Saídas,Quartos FdS,Adul. / Cri.,setembro,Previsão,02-set-2026 qua,19,22,18,0,0,2,17,"30,37","2 833,35","69,11",15,0,37,351,946,136,0,0,120,231,"32,02","55 341,41","42,67",132,0,696,Total set,351,946,136,0,0,120,231,"32,02","55 341,41","42,67",132,0,696,Total,8740,4410,2949,0,0,7186,1554,"13,34","943 607,11","71,76",3075,0,16938
Data,Ocup,Opção,Cheg,Oferta/Uso Interno,Deduz. Individ.,Deduz. Grupos,% Ocup.,Receita Quartos,Preço Médio,Saídas,Quartos FdS,Adul. / Cri.,setembro,Previsão,03-set-2026 qui,20,47,1,0,0,2,18,"49,63","2 969,56","44,32",0,0,39,351,946,136,0,0,120,231,"32,02","55 341,41","42,67",132,0,696,Total set,351,946,136,0,0,120,231,"32,02","55 341,41","42,67",132,0,696,Total,8740,4410,2949,0,0,7186,1554,"13,34","943 607,11","71,76",3075,0,16938
Data,Ocup,Opção,Cheg,Oferta/Uso Interno,Deduz. Individ.,Deduz. Grupos,% Ocup.,Receita Quartos,Preço Médio,Saídas,Quartos FdS,Adul. / Cri.,setembro,Previsão,04-set-2026 sex,19,35,0,0,0,2,17,"40,00","2 832,88","52,46",1,0,37,351,946,136,0,0,120,231,"32,02","55 341,41","42,67",132,0,696,Total set,351,946,136,0,0,120,231,"32,02","55 341,41","42,67",132,0,696,Total,8740,4410,2949,0,0,7186,1554,"13,34","943 607,11","71,76",3075,0,16938
Data,Ocup,Opção,Cheg,Oferta/Uso Interno,Deduz. Individ.,Deduz. Grupos,% Ocup.,Receita Quartos,Preço Médio,Saídas,Quartos FdS,Adul. / Cri.,setembro,Previsão,05-set-2026 sáb,3,39,1,0,0,3,0,"31,11","436,09","10,38",17,0,6,351,946,136,0,0,120,231,"32,02","55 341,41","42,67",132,0,696,Total set,351,946,136,0,0,120,231,"32,02","55 341,41","42,67",132,0,696,Total,8740,4410,2949,0,0,7186,1554,"13,34","943 607,11","71,76",3075,0,16938
Data,Ocup,Opção,Cheg,Oferta/Uso Interno,Deduz. Individ.,Deduz. Grupos,% Ocup.,Receita Quartos,Preço Médio,Saídas,Quartos FdS,Adul. / Cri.,setembro,Previsão,06-set-2026 dom,6,13,5,0,0,6,0,"14,07","777,76","40,93",2,0,12,351,946,136,0,0,120,231,"32,02","55 341,41","42,67",132,0,696,Total set,351,946,136,0,0,120,231,"32,02","55 341,41","42,67",132,0,696,Total,8740,4410,2949,0,0,7186,1554,"13,34","943 607,11","71,76",3075,0,16938
Data,Ocup,Opção,Cheg,Oferta/Uso Interno,Deduz. Individ.,Deduz. Grupos,% Ocup.,Receita Quartos,Preço Médio,Saídas,Quartos FdS,Adul. / Cri.,setembro,Previsão,07-set-2026 seg,6,13,1,0,0,6,0,"14,07","858,04","45,16",1,0,12,351,946,136,0,0,120,231,"32,02","55 341,41","42,67",132,0,696,Total set,351,946,136,0,0,120,231,"32,02","55 341,41","42,67",132,0,696,Total,8740,4410,2949,0,0,7186,1554,"13,34","943 607,11","71,76",3075,0,16938
Data,Ocup,Opção,Cheg,Oferta/Uso Interno,Deduz. Individ.,Deduz. Grupos,% Ocup.,Receita Quartos,Preço Médio,Saídas,Quartos FdS,Adul. / Cri.,setembro,Previsão,08-set-2026 ter,6,26,3,0,0,5,1,"23,70","969,17","30,29",3,0,11,351,946,136,0,0,120,231,"32,02","55 341,41","42,67",132,0,696,Total set,351,946,136,0,0,120,231,"32,02","55 341,41","42,67",132,0,696,Total,8740,4410,2949,0,0,7186,1554,"13,34","943 607,11","71,76",3075,0,16938
Data,Ocup,Opção,Cheg,Oferta/Uso Interno,Deduz. Individ.,Deduz. Grupos,% Ocup.,Receita Quartos,Preço Médio,Saídas,Quartos FdS,Adul. / Cri.,setembro,Previsão,09-set-2026 qua,20,35,18,0,0,3,17,"40,74","3 044,25","55,35",4,0,39,351,946,136,0,0,120,231,"32,02","55 341,41","42,67",132,0,696,Total set,351,946,136,0,0,120,231,"32,02","55 341,41","42,67",132,0,696,Total,8740,4410,2949,0,0,7186,1554,"13,34","943 607,11","71,76",3075,0,16938
Data,Ocup,Opção,Cheg,Oferta/Uso Interno,Deduz. Individ.,Deduz. Grupos,% Ocup.,Receita Quartos,Preço Médio,Saídas,Quartos FdS,Adul. / Cri.,setembro,Previsão,10-set-2026 qui,20,39,0,0,0,3,17,"43,70","3 044,25","51,60",0,0,39,351,946,136,0,0,120,231,"32,02","55 341,41","42,67",132,0,696,Total set,351,946,136,0,0,120,231,"32,02","55 341,41","42,67",132,0,696,Total,8740,4410,2949,0,0,7186,1554,"13,34","943 607,11","71,76",3075,0,16938
Data,Ocup,Opção,Cheg,Oferta/Uso Interno,Deduz. Individ.,Deduz. Grupos,% Ocup.,Receita Quartos,Preço Médio,Saídas,Quartos FdS,Adul. / Cri.,setembro,Previsão,11-set-2026 sex,18,13,0,0,0,1,17,"22,96","2 700,91","87,13",2,0,35,351,946,136,0,0,120,231,"32,02","55 341,41","42,67",132,0,696,Total set,351,946,136,0,0,120,231,"32,02","55 341,41","42,67",132,0,696,Total,8740,4410,2949,0,0,7186,1554,"13,34","943 607,11","71,76",3075,0,16938
Data,Ocup,Opção,Cheg,Oferta/Uso Interno,Deduz. Individ.,Deduz. Grupos,% Ocup.,Receita Quartos,Preço Médio,Saídas,Quartos FdS,Adul. / Cri.,setembro,Previsão,12-set-2026 sáb,2,16,2,0,0,1,1,"13,33","318,48","17,69",18,0,3,351,946,136,0,0,120,231,"32,02","55 341,41","42,67",132,0,696,Total set,351,946,136,0,0,120,231,"32,02","55 341,41","42,67",132,0,696,Total,8740,4410,2949,0,0,7186,1554,"13,34","943 607,11","71,76",3075,0,16938
Data,Ocup,Opção,Cheg,Oferta/Uso Interno,Deduz. Individ.,Deduz. Grupos,% Ocup.,Receita Quartos,Preço Médio,Saídas,Quartos FdS,Adul. / Cri.,setembro,Previsão,13-set-2026 dom,1,35,0,0,0,1,0,"26,67","194,72","5,41",1,0,2,351,946,136,0,0,120,231,"32,02","55 341,41","42,67",132,0,696,Total set,351,946,136,0,0,120,231,"32,02","55 341,41","42,67",132,0,696,Total,8740,4410,2949,0,0,7186,1554,"13,34","943 607,11","71,76",3075,0,16938
Data,Ocup,Opção,Cheg,Oferta/Uso Interno,Deduz. Individ.,Deduz. Grupos,% Ocup.,Receita Quartos,Preço Médio,Saídas,Quartos FdS,Adul. / Cri.,setembro,Previsão,14-set-2026 seg,2,35,1,0,0,2,0,"27,41","326,59","8,83",0,0,4,351,946,136,0,0,120,231,"32,02","55 341,41","42,67",132,0,696,Total set,351,946,136,0,0,120,231,"32,02","55 341,41","42,67",132,0,696,Total,8740,4410,2949,0,0,7186,1554,"13,34","943 607,11","71,76",3075,0,16938
Data,Ocup,Opção,Cheg,Oferta/Uso Interno,Deduz. Individ.,Deduz. Grupos,% Ocup.,Receita Quartos,Preço Médio,Saídas,Quartos FdS,Adul. / Cri.,setembro,Previsão,15-set-2026 ter,5,26,4,0,0,4,1,"22,96","771,71","24,89",1,0,8,351,946,136,0,0,120,231,"32,02","55 341,41","42,67",132,0,696,Total set,351,946,136,0,0,120,231,"32,02","55 341,41","42,67",132,0,696,Total,8740,4410,2949,0,0,7186,1554,"13,34","943 607,11","71,76",3075,0,16938
Data,Ocup,Opção,Cheg,Oferta/Uso Interno,Deduz. Individ.,Deduz. Grupos,% Ocup.,Receita Quartos,Preço Médio,Saídas,Quartos FdS,Adul. / Cri.,setembro,Previsão,16-set-2026 qua,18,13,17,0,0,1,17,"22,96","2 588,83","83,51",4,0,35,351,946,136,0,0,120,231,"32,02","55 341,41","42,67",132,0,696,Total set,351,946,136,0,0,120,231,"32,02","55 341,41","42,67",132,0,696,Total,8740,4410,2949,0,0,7186,1554,"13,34","943 607,11","71,76",3075,0,16938
Data,Ocup,Opção,Cheg,Oferta/Uso Interno,Deduz. Individ.,Deduz. Grupos,% Ocup.,Receita Quartos,Preço Médio,Saídas,Quartos FdS,Adul. / Cri.,setembro,Previsão,17-set-2026 qui,20,16,2,0,0,2,18,"26,67","2 900,28","80,56",0,0,38,351,946,136,0,0,120,231,"32,02","55 341,41","42,67",132,0,696,Total set,351,946,136,0,0,120,231,"32,02","55 341,41","42,67",132,0,696,Total,8740,4410,2949,0,0,7186,1554,"13,34","943 607,11","71,76",3075,0,16938
Data,Ocup,Opção,Cheg,Oferta/Uso Interno,Deduz. Individ.,Deduz. Grupos,% Ocup.,Receita Quartos,Preço Médio,Saídas,Quartos FdS,Adul. / Cri.,setembro,Previsão,18-set-2026 sex,28,13,10,0,0,11,17,"30,37","5 060,82","123,43",2,0,60,351,946,136,0,0,120,231,"32,02","55 341,41","42,67",132,0,696,Total set,351,946,136,0,0,120,231,"32,02","55 341,41","42,67",132,0,696,Total,8740,4410,2949,0,0,7186,1554,"13,34","943 607,11","71,76",3075,0,16938
Data,Ocup,Opção,Cheg,Oferta/Uso Interno,Deduz. Individ.,Deduz. Grupos,% Ocup.,Receita Quartos,Preço Médio,Saídas,Quartos FdS,Adul. / Cri.,setembro,Previsão,19-set-2026 sáb,12,17,2,0,0,12,0,"21,48","2 853,00","98,38",18,0,30,351,946,136,0,0,120,231,"32,02","55 341,41","42,67",132,0,696,Total set,351,946,136,0,0,120,231,"32,02","55 341,41","42,67",132,0,696,Total,8740,4410,2949,0,0,7186,1554,"13,34","943 607,11","71,76",3075,0,16938
Data,Ocup,Opção,Cheg,Oferta/Uso Interno,Deduz. Individ.,Deduz. Grupos,% Ocup.,Receita Quartos,Preço Médio,Saídas,Quartos FdS,Adul. / Cri.,setembro,Previsão,20-set-2026 dom,11,35,0,0,0,11,0,"34,07","2 611,94","56,78",1,0,28,351,946,136,0,0,120,231,"32,02","55 341,41","42,67",132,0,696,Total set,351,946,136,0,0,120,231,"32,02","55 341,41","42,67",132,0,696,Total,8740,4410,2949,0,0,7186,1554,"13,34","943 607,11","71,76",3075,0,16938
Data,Ocup,Opção,Cheg,Oferta/Uso Interno,Deduz. Individ.,Deduz. Grupos,% Ocup.,Receita Quartos,Preço Médio,Saídas,Quartos FdS,Adul. / Cri.,setembro,Previsão,21-set-2026 seg,1,35,1,0,0,1,0,"26,67","219,79","6,11",11,0,2,351,946,136,0,0,120,231,"32,02","55 341,41","42,67",132,0,696,Total set,351,946,136,0,0,120,231,"32,02","55 341,41","42,67",132,0,696,Total,8740,4410,2949,0,0,7186,1554,"13,34","943 607,11","71,76",3075,0,16938
Data,Ocup,Opção,Cheg,Oferta/Uso Interno,Deduz. Individ.,Deduz. Grupos,% Ocup.,Receita Quartos,Preço Médio,Saídas,Quartos FdS,Adul. / Cri.,setembro,Previsão,22-set-2026 ter,4,46,3,0,0,3,1,"37,04","611,35","12,23",0,0,7,351,946,136,0,0,120,231,"32,02","55 341,41","42,67",132,0,696,Total set,351,946,136,0,0,120,231,"32,02","55 341,41","42,67",132,0,696,Total,8740,4410,2949,0,0,7186,1554,"13,34","943 607,11","71,76",3075,0,16938
Data,Ocup,Opção,Cheg,Oferta/Uso Interno,Deduz. Individ.,Deduz. Grupos,% Ocup.,Receita Quartos,Preço Médio,Saídas,Quartos FdS,Adul. / Cri.,setembro,Previsão,23-set-2026 qua,21,33,18,0,0,4,17,"40,00","3 036,97","56,24",1,0,41,351,946,136,0,0,120,231,"32,02","55 341,41","42,67",132,0,696,Total set,351,946,136,0,0,120,231,"32,02","55 341,41","42,67",132,0,696,Total,8740,4410,2949,0,0,7186,1554,"13,34","943 607,11","71,76",3075,0,16938
Data,Ocup,Opção,Cheg,Oferta/Uso Interno,Deduz. Individ.,Deduz. Grupos,% Ocup.,Receita Quartos,Preço Médio,Saídas,Quartos FdS,Adul. / Cri.,setembro,Previsão,24-set-2026 qui,22,37,2,0,0,5,17,"43,70","3 130,01","53,05",1,0,43,351,946,136,0,0,120,231,"32,02","55 341,41","42,67",132,0,696,Total set,351,946,136,0,0,120,231,"32,02","55 341,41","42,67",132,0,696,Total,8740,4410,2949,0,0,7186,1554,"13,34","943 607,11","71,76",3075,0,16938
Data,Ocup,Opção,Cheg,Oferta/Uso Interno,Deduz. Individ.,Deduz. Grupos,% Ocup.,Receita Quartos,Preço Médio,Saídas,Quartos FdS,Adul. / Cri.,setembro,Previsão,25-set-2026 sex,23,33,2,0,0,6,17,"41,48","3 410,35","60,90",1,0,45,351,946,136,0,0,120,231,"32,02","55 341,41","42,67",132,0,696,Total set,351,946,136,0,0,120,231,"32,02","55 341,41","42,67",132,0,696,Total,8740,4410,2949,0,0,7186,1554,"13,34","943 607,11","71,76",3075,0,16938
Data,Ocup,Opção,Cheg,Oferta/Uso Interno,Deduz. Individ.,Deduz. Grupos,% Ocup.,Receita Quartos,Preço Médio,Saídas,Quartos FdS,Adul. / Cri.,setembro,Previsão,26-set-2026 sáb,5,14,2,0,0,3,2,"14,07","655,38","34,49",20,0,10,351,946,136,0,0,120,231,"32,02","55 341,41","42,67",132,0,696,Total set,351,946,136,0,0,120,231,"32,02","55 341,41","42,67",132,0,696,Total,8740,4410,2949,0,0,7186,1554,"13,34","943 607,11","71,76",3075,0,16938
Data,Ocup,Opção,Cheg,Oferta/Uso Interno,Deduz. Individ.,Deduz. Grupos,% Ocup.,Receita Quartos,Preço Médio,Saídas,Quartos FdS,Adul. / Cri.,setembro,Previsão,27-set-2026 dom,0,36,0,0,0,0,0,"26,67",-,-,5,0,0,351,946,136,0,0,120,231,"32,02","55 341,41","42,67",132,0,696,Total set,351,946,136,0,0,120,231,"32,02","55 341,41","42,67",132,0,696,Total,8740,4410,2949,0,0,7186,1554,"13,34","943 607,11","71,76",3075,0,16938
Data,Ocup,Opção,Cheg,Oferta/Uso Interno,Deduz. Individ.,Deduz. Grupos,% Ocup.,Receita Quartos,Preço Médio,Saídas,Quartos FdS,Adul. / Cri.,setembro,Previsão,28-set-2026 seg,3,56,3,0,0,3,0,"43,70","557,89","9,46",0,0,6,351,946,136,0,0,120,231,"32,02","55 341,41","42,67",132,0,696,Total set,351,946,136,0,0,120,231,"32,02","55 341,41","42,67",132,0,696,Total,8740,4410,2949,0,0,7186,1554,"13,34","943 607,11","71,76",3075,0,16938
Data,Ocup,Opção,Cheg,Oferta/Uso Interno,Deduz. Individ.,Deduz. Grupos,% Ocup.,Receita Quartos,Preço Médio,Saídas,Quartos FdS,Adul. / Cri.,setembro,Previsão,29-set-2026 ter,3,69,1,0,0,2,1,"53,33","656,10","9,11",1,0,5,351,946,136,0,0,120,231,"32,02","55 341,41","42,67",132,0,696,Total set,351,946,136,0,0,120,231,"32,02","55 341,41","42,67",132,0,696,Total,8740,4410,2949,0,0,7186,1554,"13,34","943 607,11","71,76",3075,0,16938
Data,Ocup,Opção,Cheg,Oferta/Uso Interno,Deduz. Individ.,Deduz. Grupos,% Ocup.,Receita Quartos,Preço Médio,Saídas,Quartos FdS,Adul. / Cri.,setembro,Previsão,30-set-2026 qua,17,55,16,0,0,0,17,"53,33","2 494,59","34,65",2,0,33,351,946,136,0,0,120,231,"32,02","55 341,41","42,67",132,0,696,Total set,351,946,136,0,0,120,231,"32,02","55 341,41","42,67",132,0,696,Total,8740,4410,2949,0,0,7186,1554,"13,34","943 607,11","71,76",3075,0,16938
Data,Ocup,Opção,Cheg,Oferta/Uso Interno,Deduz. Individ.,Deduz. Grupos,% Ocup.,Receita Quartos,Preço Médio,Saídas,Quartos FdS,Adul. / Cri.,outubro,Previsão,01-out-2026 qui,17,39,0,0,0,0,17,"41,48","2 494,59","44,55",0,0,33,312,486,102,0,0,69,243,"19,07","46 952,62","58,84",119,0,614,Total out,312,486,102,0,0,69,243,"19,07","46 952,62","58,84",119,0,614,Total,8740,4410,2949,0,0,7186,1554,"13,34","943 607,11","71,76",3075,0,16938
Data,Ocup,Opção,Cheg,Oferta/Uso Interno,Deduz. Individ.,Deduz. Grupos,% Ocup.,Receita Quartos,Preço Médio,Saídas,Quartos FdS,Adul. / Cri.,outubro,Previsão,02-out-2026 sex,17,13,0,0,0,0,17,"22,22","2 494,59","83,15",0,0,33,312,486,102,0,0,69,243,"19,07","46 952,62","58,84",119,0,614,Total out,312,486,102,0,0,69,243,"19,07","46 952,62","58,84",119,0,614,Total,8740,4410,2949,0,0,7186,1554,"13,34","943 607,11","71,76",3075,0,16938
Data,Ocup,Opção,Cheg,Oferta/Uso Interno,Deduz. Individ.,Deduz. Grupos,% Ocup.,Receita Quartos,Preço Médio,Saídas,Quartos FdS,Adul. / Cri.,outubro,Previsão,03-out-2026 sáb,0,18,0,0,0,0,0,"13,33",-,-,17,0,0,312,486,102,0,0,69,243,"19,07","46 952,62","58,84",119,0,614,Total out,312,486,102,0,0,69,243,"19,07","46 952,62","58,84",119,0,614,Total,8740,4410,2949,0,0,7186,1554,"13,34","943 607,11","71,76",3075,0,16938
Data,Ocup,Opção,Cheg,Oferta/Uso Interno,Deduz. Individ.,Deduz. Grupos,% Ocup.,Receita Quartos,Preço Médio,Saídas,Quartos FdS,Adul. / Cri.,outubro,Previsão,04-out-2026 dom,2,14,2,0,0,2,0,"11,85","359,21","22,45",0,0,4,312,486,102,0,0,69,243,"19,07","46 952,62","58,84",119,0,614,Total out,312,486,102,0,0,69,243,"19,07","46 952,62","58,84",119,0,614,Total,8740,4410,2949,0,0,7186,1554,"13,34","943 607,11","71,76",3075,0,16938
Data,Ocup,Opção,Cheg,Oferta/Uso Interno,Deduz. Individ.,Deduz. Grupos,% Ocup.,Receita Quartos,Preço Médio,Saídas,Quartos FdS,Adul. / Cri.,outubro,Previsão,05-out-2026 seg,9,14,7,0,0,9,0,"17,04","1 459,99","63,48",0,0,15,312,486,102,0,0,69,243,"19,07","46 952,62","58,84",119,0,614,Total out,312,486,102,0,0,69,243,"19,07","46 952,62","58,84",119,0,614,Total,8740,4410,2949,0,0,7186,1554,"13,34","943 607,11","71,76",3075,0,16938
Data,Ocup,Opção,Cheg,Oferta/Uso Interno,Deduz. Individ.,Deduz. Grupos,% Ocup.,Receita Quartos,Preço Médio,Saídas,Quartos FdS,Adul. / Cri.,outubro,Previsão,06-out-2026 ter,12,5,3,0,0,10,2,"12,59","1 867,49","109,85",0,0,20,312,486,102,0,0,69,243,"19,07","46 952,62","58,84",119,0,614,Total out,312,486,102,0,0,69,243,"19,07","46 952,62","58,84",119,0,614,Total,8740,4410,2949,0,0,7186,1554,"13,34","943 607,11","71,76",3075,0,16938
Data,Ocup,Opção,Cheg,Oferta/Uso Interno,Deduz. Individ.,Deduz. Grupos,% Ocup.,Receita Quartos,Preço Médio,Saídas,Quartos FdS,Adul. / Cri.,outubro,Previsão,07-out-2026 qua,18,14,17,0,0,1,17,"23,70","2 603,73","81,37",11,0,35,312,486,102,0,0,69,243,"19,07","46 952,62","58,84",119,0,614,Total out,312,486,102,0,0,69,243,"19,07","46 952,62","58,84",119,0,614,Total,8740,4410,2949,0,0,7186,1554,"13,34","943 607,11","71,76",3075,0,16938
Data,Ocup,Opção,Cheg,Oferta/Uso Interno,Deduz. Individ.,Deduz. Grupos,% Ocup.,Receita Quartos,Preço Médio,Saídas,Quartos FdS,Adul. / Cri.,outubro,Previsão,08-out-2026 qui,18,18,0,0,0,1,17,"26,67","2 603,73","72,33",0,0,35,312,486,102,0,0,69,243,"19,07","46 952,62","58,84",119,0,614,Total out,312,486,102,0,0,69,243,"19,07","46 952,62","58,84",119,0,614,Total,8740,4410,2949,0,0,7186,1554,"13,34","943 607,11","71,76",3075,0,16938
Data,Ocup,Opção,Cheg,Oferta/Uso Interno,Deduz. Individ.,Deduz. Grupos,% Ocup.,Receita Quartos,Preço Médio,Saídas,Quartos FdS,Adul. / Cri.,outubro,Previsão,09-out-2026 sex,19,14,1,0,0,2,17,"24,44","2 759,91","83,63",0,0,37,312,486,102,0,0,69,243,"19,07","46 952,62","58,84",119,0,614,Total out,312,486,102,0,0,69,243,"19,07","46 952,62","58,84",119,0,614,Total,8740,4410,2949,0,0,7186,1554,"13,34","943 607,11","71,76",3075,0,16938
Data,Ocup,Opção,Cheg,Oferta/Uso Interno,Deduz. Individ.,Deduz. Grupos,% Ocup.,Receita Quartos,Preço Médio,Saídas,Quartos FdS,Adul. / Cri.,outubro,Previsão,10-out-2026 sáb,5,48,4,0,0,5,0,"39,26","1 525,96","28,79",18,0,17,312,486,102,0,0,69,243,"19,07","46 952,62","58,84",119,0,614,Total out,312,486,102,0,0,69,243,"19,07","46 952,62","58,84",119,0,614,Total,8740,4410,2949,0,0,7186,1554,"13,34","943 607,11","71,76",3075,0,16938
Data,Ocup,Opção,Cheg,Oferta/Uso Interno,Deduz. Individ.,Deduz. Grupos,% Ocup.,Receita Quartos,Preço Médio,Saídas,Quartos FdS,Adul. / Cri.,outubro,Previsão,11-out-2026 dom,4,44,0,0,0,4,0,"35,56","1 273,21","26,53",1,0,15,312,486,102,0,0,69,243,"19,07","46 952,62","58,84",119,0,614,Total out,312,486,102,0,0,69,243,"19,07","46 952,62","58,84",119,0,614,Total,8740,4410,2949,0,0,7186,1554,"13,34","943 607,11","71,76",3075,0,16938
Data,Ocup,Opção,Cheg,Oferta/Uso Interno,Deduz. Individ.,Deduz. Grupos,% Ocup.,Receita Quartos,Preço Médio,Saídas,Quartos FdS,Adul. / Cri.,outubro,Previsão,12-out-2026 seg,0,44,0,0,0,0,0,"32,59",-,-,4,0,0,312,486,102,0,0,69,243,"19,07","46 952,62","58,84",119,0,614,Total out,312,486,102,0,0,69,243,"19,07","46 952,62","58,84",119,0,614,Total,8740,4410,2949,0,0,7186,1554,"13,34","943 607,11","71,76",3075,0,16938
Data,Ocup,Opção,Cheg,Oferta/Uso Interno,Deduz. Individ.,Deduz. Grupos,% Ocup.,Receita Quartos,Preço Médio,Saídas,Quartos FdS,Adul. / Cri.,outubro,Previsão,13-out-2026 ter,4,35,4,0,0,3,1,"28,89","600,91","15,41",0,0,7,312,486,102,0,0,69,243,"19,07","46 952,62","58,84",119,0,614,Total out,312,486,102,0,0,69,243,"19,07","46 952,62","58,84",119,0,614,Total,8740,4410,2949,0,0,7186,1554,"13,34","943 607,11","71,76",3075,0,16938
Data,Ocup,Opção,Cheg,Oferta/Uso Interno,Deduz. Individ.,Deduz. Grupos,% Ocup.,Receita Quartos,Preço Médio,Saídas,Quartos FdS,Adul. / Cri.,outubro,Previsão,14-out-2026 qua,18,14,16,0,0,1,17,"23,70","2 607,75","81,49",2,0,35,312,486,102,0,0,69,243,"19,07","46 952,62","58,84",119,0,614,Total out,312,486,102,0,0,69,243,"19,07","46 952,62","58,84",119,0,614,Total,8740,4410,2949,0,0,7186,1554,"13,34","943 607,11","71,76",3075,0,16938
Data,Ocup,Opção,Cheg,Oferta/Uso Interno,Deduz. Individ.,Deduz. Grupos,% Ocup.,Receita Quartos,Preço Médio,Saídas,Quartos FdS,Adul. / Cri.,outubro,Previsão,15-out-2026 qui,17,19,0,0,0,0,17,"26,67","2 494,59","69,29",1,0,33,312,486,102,0,0,69,243,"19,07","46 952,62","58,84",119,0,614,Total out,312,486,102,0,0,69,243,"19,07","46 952,62","58,84",119,0,614,Total,8740,4410,2949,0,0,7186,1554,"13,34","943 607,11","71,76",3075,0,16938
Data,Ocup,Opção,Cheg,Oferta/Uso Interno,Deduz. Individ.,Deduz. Grupos,% Ocup.,Receita Quartos,Preço Médio,Saídas,Quartos FdS,Adul. / Cri.,outubro,Previsão,16-out-2026 sex,19,15,2,0,0,2,17,"25,19","2 833,37","83,33",0,0,37,312,486,102,0,0,69,243,"19,07","46 952,62","58,84",119,0,614,Total out,312,486,102,0,0,69,243,"19,07","46 952,62","58,84",119,0,614,Total,8740,4410,2949,0,0,7186,1554,"13,34","943 607,11","71,76",3075,0,16938
Data,Ocup,Opção,Cheg,Oferta/Uso Interno,Deduz. Individ.,Deduz. Grupos,% Ocup.,Receita Quartos,Preço Médio,Saídas,Quartos FdS,Adul. / Cri.,outubro,Previsão,17-out-2026 sáb,2,18,0,0,0,2,0,"14,81","338,77","16,94",17,0,4,312,486,102,0,0,69,243,"19,07","46 952,62","58,84",119,0,614,Total out,312,486,102,0,0,69,243,"19,07","46 952,62","58,84",119,0,614,Total,8740,4410,2949,0,0,7186,1554,"13,34","943 607,11","71,76",3075,0,16938
Data,Ocup,Opção,Cheg,Oferta/Uso Interno,Deduz. Individ.,Deduz. Grupos,% Ocup.,Receita Quartos,Preço Médio,Saídas,Quartos FdS,Adul. / Cri.,outubro,Previsão,18-out-2026 dom,2,14,2,0,0,2,0,"11,85","204,28","12,77",2,0,4,312,486,102,0,0,69,243,"19,07","46 952,62","58,84",119,0,614,Total out,312,486,102,0,0,69,243,"19,07","46 952,62","58,84",119,0,614,Total,8740,4410,2949,0,0,7186,1554,"13,34","943 607,11","71,76",3075,0,16938
Data,Ocup,Opção,Cheg,Oferta/Uso Interno,Deduz. Individ.,Deduz. Grupos,% Ocup.,Receita Quartos,Preço Médio,Saídas,Quartos FdS,Adul. / Cri.,outubro,Previsão,19-out-2026 seg,4,13,2,0,0,4,0,"12,59","422,55","24,86",0,0,8,312,486,102,0,0,69,243,"19,07","46 952,62","58,84",119,0,614,Total out,312,486,102,0,0,69,243,"19,07","46 952,62","58,84",119,0,614,Total,8740,4410,2949,0,0,7186,1554,"13,34","943 607,11","71,76",3075,0,16938
Data,Ocup,Opção,Cheg,Oferta/Uso Interno,Deduz. Individ.,Deduz. Grupos,% Ocup.,Receita Quartos,Preço Médio,Saídas,Quartos FdS,Adul. / Cri.,outubro,Previsão,20-out-2026 ter,8,0,5,0,0,7,1,"5,93","1 081,46","135,18",1,0,15,312,486,102,0,0,69,243,"19,07","46 952,62","58,84",119,0,614,Total out,312,486,102,0,0,69,243,"19,07","46 952,62","58,84",119,0,614,Total,8740,4410,2949,0,0,7186,1554,"13,34","943 607,11","71,76",3075,0,16938
Data,Ocup,Opção,Cheg,Oferta/Uso Interno,Deduz. Individ.,Deduz. Grupos,% Ocup.,Receita Quartos,Preço Médio,Saídas,Quartos FdS,Adul. / Cri.,outubro,Previsão,21-out-2026 qua,20,0,17,0,0,3,17,"14,81","2 821,99","141,10",5,0,39,312,486,102,0,0,69,243,"19,07","46 952,62","58,84",119,0,614,Total out,312,486,102,0,0,69,243,"19,07","46 952,62","58,84",119,0,614,Total,8740,4410,2949,0,0,7186,1554,"13,34","943 607,11","71,76",3075,0,16938
Data,Ocup,Opção,Cheg,Oferta/Uso Interno,Deduz. Individ.,Deduz. Grupos,% Ocup.,Receita Quartos,Preço Médio,Saídas,Quartos FdS,Adul. / Cri.,outubro,Previsão,22-out-2026 qui,19,4,1,0,0,2,17,"17,04","2 763,35","120,15",2,0,37,312,486,102,0,0,69,243,"19,07","46 952,62","58,84",119,0,614,Total out,312,486,102,0,0,69,243,"19,07","46 952,62","58,84",119,0,614,Total,8740,4410,2949,0,0,7186,1554,"13,34","943 607,11","71,76",3075,0,16938
Data,Ocup,Opção,Cheg,Oferta/Uso Interno,Deduz. Individ.,Deduz. Grupos,% Ocup.,Receita Quartos,Preço Médio,Saídas,Quartos FdS,Adul. / Cri.,outubro,Previsão,23-out-2026 sex,19,13,0,0,0,2,17,"23,70","2 772,41","86,64",0,0,37,312,486,102,0,0,69,243,"19,07","46 952,62","58,84",119,0,614,Total out,312,486,102,0,0,69,243,"19,07","46 952,62","58,84",119,0,614,Total,8740,4410,2949,0,0,7186,1554,"13,34","943 607,11","71,76",3075,0,16938
Data,Ocup,Opção,Cheg,Oferta/Uso Interno,Deduz. Individ.,Deduz. Grupos,% Ocup.,Receita Quartos,Preço Médio,Saídas,Quartos FdS,Adul. / Cri.,outubro,Previsão,24-out-2026 sáb,1,17,0,0,0,1,0,"13,33","146,04","8,11",18,0,2,312,486,102,0,0,69,243,"19,07","46 952,62","58,84",119,0,614,Total out,312,486,102,0,0,69,243,"19,07","46 952,62","58,84",119,0,614,Total,8740,4410,2949,0,0,7186,1554,"13,34","943 607,11","71,76",3075,0,16938
Data,Ocup,Opção,Cheg,Oferta/Uso Interno,Deduz. Individ.,Deduz. Grupos,% Ocup.,Receita Quartos,Preço Médio,Saídas,Quartos FdS,Adul. / Cri.,outubro,Previsão,25-out-2026 dom,1,26,0,0,0,1,0,"20,00","146,04","5,41",0,0,2,312,486,102,0,0,69,243,"19,07","46 952,62","58,84",119,0,614,Total out,312,486,102,0,0,69,243,"19,07","46 952,62","58,84",119,0,614,Total,8740,4410,2949,0,0,7186,1554,"13,34","943 607,11","71,76",3075,0,16938
Data,Ocup,Opção,Cheg,Oferta/Uso Interno,Deduz. Individ.,Deduz. Grupos,% Ocup.,Receita Quartos,Preço Médio,Saídas,Quartos FdS,Adul. / Cri.,outubro,Previsão,26-out-2026 seg,1,13,1,0,0,1,0,"10,37","186,68","13,33",1,0,2,312,486,102,0,0,69,243,"19,07","46 952,62","58,84",119,0,614,Total out,312,486,102,0,0,69,243,"19,07","46 952,62","58,84",119,0,614,Total,8740,4410,2949,0,0,7186,1554,"13,34","943 607,11","71,76",3075,0,16938
Data,Ocup,Opção,Cheg,Oferta/Uso Interno,Deduz. Individ.,Deduz. Grupos,% Ocup.,Receita Quartos,Preço Médio,Saídas,Quartos FdS,Adul. / Cri.,outubro,Previsão,27-out-2026 ter,3,0,2,0,0,2,1,"2,22","387,97","129,32",0,0,5,312,486,102,0,0,69,243,"19,07","46 952,62","58,84",119,0,614,Total out,312,486,102,0,0,69,243,"19,07","46 952,62","58,84",119,0,614,Total,8740,4410,2949,0,0,7186,1554,"13,34","943 607,11","71,76",3075,0,16938
Data,Ocup,Opção,Cheg,Oferta/Uso Interno,Deduz. Individ.,Deduz. Grupos,% Ocup.,Receita Quartos,Preço Médio,Saídas,Quartos FdS,Adul. / Cri.,outubro,Previsão,28-out-2026 qua,18,0,16,0,0,1,17,"13,33","2 603,73","144,65",1,0,35,312,486,102,0,0,69,243,"19,07","46 952,62","58,84",119,0,614,Total out,312,486,102,0,0,69,243,"19,07","46 952,62","58,84",119,0,614,Total,8740,4410,2949,0,0,7186,1554,"13,34","943 607,11","71,76",3075,0,16938
Data,Ocup,Opção,Cheg,Oferta/Uso Interno,Deduz. Individ.,Deduz. Grupos,% Ocup.,Receita Quartos,Preço Médio,Saídas,Quartos FdS,Adul. / Cri.,outubro,Previsão,29-out-2026 qui,18,0,0,0,0,1,17,"13,33","2 603,73","144,65",0,0,35,312,486,102,0,0,69,243,"19,07","46 952,62","58,84",119,0,614,Total out,312,486,102,0,0,69,243,"19,07","46 952,62","58,84",119,0,614,Total,8740,4410,2949,0,0,7186,1554,"13,34","943 607,11","71,76",3075,0,16938
Data,Ocup,Opção,Cheg,Oferta/Uso Interno,Deduz. Individ.,Deduz. Grupos,% Ocup.,Receita Quartos,Preço Médio,Saídas,Quartos FdS,Adul. / Cri.,outubro,Previsão,30-out-2026 sex,17,0,0,0,0,0,17,"12,59","2 494,59","146,74",1,0,33,312,486,102,0,0,69,243,"19,07","46 952,62","58,84",119,0,614,Total out,312,486,102,0,0,69,243,"19,07","46 952,62","58,84",119,0,614,Total,8740,4410,2949,0,0,7186,1554,"13,34","943 607,11","71,76",3075,0,16938
Data,Ocup,Opção,Cheg,Oferta/Uso Interno,Deduz. Individ.,Deduz. Grupos,% Ocup.,Receita Quartos,Preço Médio,Saídas,Quartos FdS,Adul. / Cri.,outubro,Previsão,31-out-2026 sáb,0,0,0,0,0,0,0,-,-,NaN,17,0,0,312,486,102,0,0,69,243,"19,07","46 952,62","58,84",119,0,614,Total out,312,486,102,0,0,69,243,"19,07","46 952,62","58,84",119,0,614,Total,8740,4410,2949,0,0,7186,1554,"13,34","943 607,11","71,76",3075,0,16938
Data,Ocup,Opção,Cheg,Oferta/Uso Interno,Deduz. Individ.,Deduz. Grupos,% Ocup.,Receita Quartos,Preço Médio,Saídas,Quartos FdS,Adul. / Cri.,novembro,Previsão,01-nov-2026 dom,1,0,1,0,0,1,0,"0,74","79,70","79,70",0,0,2,13,147,5,0,0,13,0,"3,95","1 380,45","8,63",5,0,23,Total nov,13,147,5,0,0,13,0,"3,95","1 380,45","8,63",5,0,23,Total,8740,4410,2949,0,0,7186,1554,"13,34","943 607,11","71,76",3075,0,16938
Data,Ocup,Opção,Cheg,Oferta/Uso Interno,Deduz. Individ.,Deduz. Grupos,% Ocup.,Receita Quartos,Preço Médio,Saídas,Quartos FdS,Adul. / Cri.,novembro,Previsão,02-nov-2026 seg,1,0,0,0,0,1,0,"0,74","79,70","79,70",0,0,2,13,147,5,0,0,13,0,"3,95","1 380,45","8,63",5,0,23,Total nov,13,147,5,0,0,13,0,"3,95","1 380,45","8,63",5,0,23,Total,8740,4410,2949,0,0,7186,1554,"13,34","943 607,11","71,76",3075,0,16938
Data,Ocup,Opção,Cheg,Oferta/Uso Interno,Deduz. Individ.,Deduz. Grupos,% Ocup.,Receita Quartos,Preço Médio,Saídas,Quartos FdS,Adul. / Cri.,novembro,Previsão,03-nov-2026 ter,1,0,0,0,0,1,0,"0,74","79,70","79,70",0,0,2,13,147,5,0,0,13,0,"3,95","1 380,45","8,63",5,0,23,Total nov,13,147,5,0,0,13,0,"3,95","1 380,45","8,63",5,0,23,Total,8740,4410,2949,0,0,7186,1554,"13,34","943 607,11","71,76",3075,0,16938
Data,Ocup,Opção,Cheg,Oferta/Uso Interno,Deduz. Individ.,Deduz. Grupos,% Ocup.,Receita Quartos,Preço Médio,Saídas,Quartos FdS,Adul. / Cri.,novembro,Previsão,04-nov-2026 qua,1,0,0,0,0,1,0,"0,74","79,70","79,70",0,0,2,13,147,5,0,0,13,0,"3,95","1 380,45","8,63",5,0,23,Total nov,13,147,5,0,0,13,0,"3,95","1 380,45","8,63",5,0,23,Total,8740,4410,2949,0,0,7186,1554,"13,34","943 607,11","71,76",3075,0,16938
Data,Ocup,Opção,Cheg,Oferta/Uso Interno,Deduz. Individ.,Deduz. Grupos,% Ocup.,Receita Quartos,Preço Médio,Saídas,Quartos FdS,Adul. / Cri.,novembro,Previsão,05-nov-2026 qui,0,0,0,0,0,0,0,-,-,NaN,1,0,0,13,147,5,0,0,13,0,"3,95","1 380,45","8,63",5,0,23,Total nov,13,147,5,0,0,13,0,"3,95","1 380,45","8,63",5,0,23,Total,8740,4410,2949,0,0,7186,1554,"13,34","943 607,11","71,76",3075,0,16938
Data,Ocup,Opção,Cheg,Oferta/Uso Interno,Deduz. Individ.,Deduz. Grupos,% Ocup.,Receita Quartos,Preço Médio,Saídas,Quartos FdS,Adul. / Cri.,novembro,Previsão,06-nov-2026 sex,1,0,1,0,0,1,0,"0,74","127,02","127,02",0,0,1,13,147,5,0,0,13,0,"3,95","1 380,45","8,63",5,0,23,Total nov,13,147,5,0,0,13,0,"3,95","1 380,45","8,63",5,0,23,Total,8740,4410,2949,0,0,7186,1554,"13,34","943 607,11","71,76",3075,0,16938
Data,Ocup,Opção,Cheg,Oferta/Uso Interno,Deduz. Individ.,Deduz. Grupos,% Ocup.,Receita Quartos,Preço Médio,Saídas,Quartos FdS,Adul. / Cri.,novembro,Previsão,07-nov-2026 sáb,1,0,0,0,0,1,0,"0,74","127,02","127,02",0,0,1,13,147,5,0,0,13,0,"3,95","1 380,45","8,63",5,0,23,Total nov,13,147,5,0,0,13,0,"3,95","1 380,45","8,63",5,0,23,Total,8740,4410,2949,0,0,7186,1554,"13,34","943 607,11","71,76",3075,0,16938
Data,Ocup,Opção,Cheg,Oferta/Uso Interno,Deduz. Individ.,Deduz. Grupos,% Ocup.,Receita Quartos,Preço Médio,Saídas,Quartos FdS,Adul. / Cri.,novembro,Previsão,08-nov-2026 dom,1,0,0,0,0,1,0,"0,74","112,58","112,58",0,0,1,13,147,5,0,0,13,0,"3,95","1 380,45","8,63",5,0,23,Total nov,13,147,5,0,0,13,0,"3,95","1 380,45","8,63",5,0,23,Total,8740,4410,2949,0,0,7186,1554,"13,34","943 607,11","71,76",3075,0,16938
Data,Ocup,Opção,Cheg,Oferta/Uso Interno,Deduz. Individ.,Deduz. Grupos,% Ocup.,Receita Quartos,Preço Médio,Saídas,Quartos FdS,Adul. / Cri.,novembro,Previsão,09-nov-2026 seg,0,0,0,0,0,0,0,-,-,NaN,1,0,0,13,147,5,0,0,13,0,"3,95","1 380,45","8,63",5,0,23,Total nov,13,147,5,0,0,13,0,"3,95","1 380,45","8,63",5,0,23,Total,8740,4410,2949,0,0,7186,1554,"13,34","943 607,11","71,76",3075,0,16938
Data,Ocup,Opção,Cheg,Oferta/Uso Interno,Deduz. Individ.,Deduz. Grupos,% Ocup.,Receita Quartos,Preço Médio,Saídas,Quartos FdS,Adul. / Cri.,novembro,Previsão,10-nov-2026 ter,0,0,0,0,0,0,0,-,-,NaN,0,0,0,13,147,5,0,0,13,0,"3,95","1 380,45","8,63",5,0,23,Total nov,13,147,5,0,0,13,0,"3,95","1 380,45","8,63",5,0,23,Total,8740,4410,2949,0,0,7186,1554,"13,34","943 607,11","71,76",3075,0,16938
Data,Ocup,Opção,Cheg,Oferta/Uso Interno,Deduz. Individ.,Deduz. Grupos,% Ocup.,Receita Quartos,Preço Médio,Saídas,Quartos FdS,Adul. / Cri.,novembro,Previsão,11-nov-2026 qua,0,0,0,0,0,0,0,-,-,NaN,0,0,0,13,147,5,0,0,13,0,"3,95","1 380,45","8,63",5,0,23,Total nov,13,147,5,0,0,13,0,"3,95","1 380,45","8,63",5,0,23,Total,8740,4410,2949,0,0,7186,1554,"13,34","943 607,11","71,76",3075,0,16938
Data,Ocup,Opção,Cheg,Oferta/Uso Interno,Deduz. Individ.,Deduz. Grupos,% Ocup.,Receita Quartos,Preço Médio,Saídas,Quartos FdS,Adul. / Cri.,novembro,Previsão,12-nov-2026 qui,1,0,1,0,0,1,0,"0,74","131,88","131,88",0,0,2,13,147,5,0,0,13,0,"3,95","1 380,45","8,63",5,0,23,Total nov,13,147,5,0,0,13,0,"3,95","1 380,45","8,63",5,0,23,Total,8740,4410,2949,0,0,7186,1554,"13,34","943 607,11","71,76",3075,0,16938
Data,Ocup,Opção,Cheg,Oferta/Uso Interno,Deduz. Individ.,Deduz. Grupos,% Ocup.,Receita Quartos,Preço Médio,Saídas,Quartos FdS,Adul. / Cri.,novembro,Previsão,13-nov-2026 sex,0,0,0,0,0,0,0,-,-,NaN,1,0,0,13,147,5,0,0,13,0,"3,95","1 380,45","8,63",5,0,23,Total nov,13,147,5,0,0,13,0,"3,95","1 380,45","8,63",5,0,23,Total,8740,4410,2949,0,0,7186,1554,"13,34","943 607,11","71,76",3075,0,16938
Data,Ocup,Opção,Cheg,Oferta/Uso Interno,Deduz. Individ.,Deduz. Grupos,% Ocup.,Receita Quartos,Preço Médio,Saídas,Quartos FdS,Adul. / Cri.,novembro,Previsão,14-nov-2026 sáb,0,11,0,0,0,0,0,"8,15",-,-,0,0,0,13,147,5,0,0,13,0,"3,95","1 380,45","8,63",5,0,23,Total nov,13,147,5,0,0,13,0,"3,95","1 380,45","8,63",5,0,23,Total,8740,4410,2949,0,0,7186,1554,"13,34","943 607,11","71,76",3075,0,16938
Data,Ocup,Opção,Cheg,Oferta/Uso Interno,Deduz. Individ.,Deduz. Grupos,% Ocup.,Receita Quartos,Preço Médio,Saídas,Quartos FdS,Adul. / Cri.,novembro,Previsão,15-nov-2026 dom,0,13,0,0,0,0,0,"9,63",-,-,0,0,0,13,147,5,0,0,13,0,"3,95","1 380,45","8,63",5,0,23,Total nov,13,147,5,0,0,13,0,"3,95","1 380,45","8,63",5,0,23,Total,8740,4410,2949,0,0,7186,1554,"13,34","943 607,11","71,76",3075,0,16938
Data,Ocup,Opção,Cheg,Oferta/Uso Interno,Deduz. Individ.,Deduz. Grupos,% Ocup.,Receita Quartos,Preço Médio,Saídas,Quartos FdS,Adul. / Cri.,novembro,Previsão,16-nov-2026 seg,0,33,0,0,0,0,0,"24,44",-,-,0,0,0,13,147,5,0,0,13,0,"3,95","1 380,45","8,63",5,0,23,Total nov,13,147,5,0,0,13,0,"3,95","1 380,45","8,63",5,0,23,Total,8740,4410,2949,0,0,7186,1554,"13,34","943 607,11","71,76",3075,0,16938
Data,Ocup,Opção,Cheg,Oferta/Uso Interno,Deduz. Individ.,Deduz. Grupos,% Ocup.,Receita Quartos,Preço Médio,Saídas,Quartos FdS,Adul. / Cri.,novembro,Previsão,17-nov-2026 ter,1,20,1,0,0,1,0,"15,56","132,45","6,31",0,0,2,13,147,5,0,0,13,0,"3,95","1 380,45","8,63",5,0,23,Total nov,13,147,5,0,0,13,0,"3,95","1 380,45","8,63",5,0,23,Total,8740,4410,2949,0,0,7186,1554,"13,34","943 607,11","71,76",3075,0,16938
Data,Ocup,Opção,Cheg,Oferta/Uso Interno,Deduz. Individ.,Deduz. Grupos,% Ocup.,Receita Quartos,Preço Médio,Saídas,Quartos FdS,Adul. / Cri.,novembro,Previsão,18-nov-2026 qua,1,20,0,0,0,1,0,"15,56","132,45","6,31",0,0,2,13,147,5,0,0,13,0,"3,95","1 380,45","8,63",5,0,23,Total nov,13,147,5,0,0,13,0,"3,95","1 380,45","8,63",5,0,23,Total,8740,4410,2949,0,0,7186,1554,"13,34","943 607,11","71,76",3075,0,16938
Data,Ocup,Opção,Cheg,Oferta/Uso Interno,Deduz. Individ.,Deduz. Grupos,% Ocup.,Receita Quartos,Preço Médio,Saídas,Quartos FdS,Adul. / Cri.,novembro,Previsão,19-nov-2026 qui,0,20,0,0,0,0,0,"14,81",-,-,1,0,0,13,147,5,0,0,13,0,"3,95","1 380,45","8,63",5,0,23,Total nov,13,147,5,0,0,13,0,"3,95","1 380,45","8,63",5,0,23,Total,8740,4410,2949,0,0,7186,1554,"13,34","943 607,11","71,76",3075,0,16938
Data,Ocup,Opção,Cheg,Oferta/Uso Interno,Deduz. Individ.,Deduz. Grupos,% Ocup.,Receita Quartos,Preço Médio,Saídas,Quartos FdS,Adul. / Cri.,novembro,Previsão,20-nov-2026 sex,0,0,0,0,0,0,0,-,-,NaN,0,0,0,13,147,5,0,0,13,0,"3,95","1 380,45","8,63",5,0,23,Total nov,13,147,5,0,0,13,0,"3,95","1 380,45","8,63",5,0,23,Total,8740,4410,2949,0,0,7186,1554,"13,34","943 607,11","71,76",3075,0,16938
Data,Ocup,Opção,Cheg,Oferta/Uso Interno,Deduz. Individ.,Deduz. Grupos,% Ocup.,Receita Quartos,Preço Médio,Saídas,Quartos FdS,Adul. / Cri.,novembro,Previsão,21-nov-2026 sáb,0,4,0,0,0,0,0,"2,96",-,-,0,0,0,13,147,5,0,0,13,0,"3,95","1 380,45","8,63",5,0,23,Total nov,13,147,5,0,0,13,0,"3,95","1 380,45","8,63",5,0,23,Total,8740,4410,2949,0,0,7186,1554,"13,34","943 607,11","71,76",3075,0,16938
Data,Ocup,Opção,Cheg,Oferta/Uso Interno,Deduz. Individ.,Deduz. Grupos,% Ocup.,Receita Quartos,Preço Médio,Saídas,Quartos FdS,Adul. / Cri.,novembro,Previsão,22-nov-2026 dom,0,13,0,0,0,0,0,"9,63",-,-,0,0,0,13,147,5,0,0,13,0,"3,95","1 380,45","8,63",5,0,23,Total nov,13,147,5,0,0,13,0,"3,95","1 380,45","8,63",5,0,23,Total,8740,4410,2949,0,0,7186,1554,"13,34","943 607,11","71,76",3075,0,16938
Data,Ocup,Opção,Cheg,Oferta/Uso Interno,Deduz. Individ.,Deduz. Grupos,% Ocup.,Receita Quartos,Preço Médio,Saídas,Quartos FdS,Adul. / Cri.,novembro,Previsão,23-nov-2026 seg,1,13,1,0,0,1,0,"10,37","113,97","8,14",0,0,2,13,147,5,0,0,13,0,"3,95","1 380,45","8,63",5,0,23,Total nov,13,147,5,0,0,13,0,"3,95","1 380,45","8,63",5,0,23,Total,8740,4410,2949,0,0,7186,1554,"13,34","943 607,11","71,76",3075,0,16938
Data,Ocup,Opção,Cheg,Oferta/Uso Interno,Deduz. Individ.,Deduz. Grupos,% Ocup.,Receita Quartos,Preço Médio,Saídas,Quartos FdS,Adul. / Cri.,novembro,Previsão,24-nov-2026 ter,1,0,0,0,0,1,0,"0,74","92,14","92,14",0,0,2,13,147,5,0,0,13,0,"3,95","1 380,45","8,63",5,0,23,Total nov,13,147,5,0,0,13,0,"3,95","1 380,45","8,63",5,0,23,Total,8740,4410,2949,0,0,7186,1554,"13,34","943 607,11","71,76",3075,0,16938
Data,Ocup,Opção,Cheg,Oferta/Uso Interno,Deduz. Individ.,Deduz. Grupos,% Ocup.,Receita Quartos,Preço Médio,Saídas,Quartos FdS,Adul. / Cri.,novembro,Previsão,25-nov-2026 qua,1,0,0,0,0,1,0,"0,74","92,14","92,14",0,0,2,13,147,5,0,0,13,0,"3,95","1 380,45","8,63",5,0,23,Total nov,13,147,5,0,0,13,0,"3,95","1 380,45","8,63",5,0,23,Total,8740,4410,2949,0,0,7186,1554,"13,34","943 607,11","71,76",3075,0,16938
Data,Ocup,Opção,Cheg,Oferta/Uso Interno,Deduz. Individ.,Deduz. Grupos,% Ocup.,Receita Quartos,Preço Médio,Saídas,Quartos FdS,Adul. / Cri.,novembro,Previsão,26-nov-2026 qui,0,0,0,0,0,0,0,-,-,NaN,1,0,0,13,147,5,0,0,13,0,"3,95","1 380,45","8,63",5,0,23,Total nov,13,147,5,0,0,13,0,"3,95","1 380,45","8,63",5,0,23,Total,8740,4410,2949,0,0,7186,1554,"13,34","943 607,11","71,76",3075,0,16938
Data,Ocup,Opção,Cheg,Oferta/Uso Interno,Deduz. Individ.,Deduz. Grupos,% Ocup.,Receita Quartos,Preço Médio,Saídas,Quartos FdS,Adul. / Cri.,novembro,Previsão,27-nov-2026 sex,0,0,0,0,0,0,0,-,-,NaN,0,0,0,13,147,5,0,0,13,0,"3,95","1 380,45","8,63",5,0,23,Total nov,13,147,5,0,0,13,0,"3,95","1 380,45","8,63",5,0,23,Total,8740,4410,2949,0,0,7186,1554,"13,34","943 607,11","71,76",3075,0,16938
Data,Ocup,Opção,Cheg,Oferta/Uso Interno,Deduz. Individ.,Deduz. Grupos,% Ocup.,Receita Quartos,Preço Médio,Saídas,Quartos FdS,Adul. / Cri.,novembro,Previsão,28-nov-2026 sáb,0,0,0,0,0,0,0,-,-,NaN,0,0,0,13,147,5,0,0,13,0,"3,95","1 380,45","8,63",5,0,23,Total nov,13,147,5,0,0,13,0,"3,95","1 380,45","8,63",5,0,23,Total,8740,4410,2949,0,0,7186,1554,"13,34","943 607,11","71,76",3075,0,16938
Data,Ocup,Opção,Cheg,Oferta/Uso Interno,Deduz. Individ.,Deduz. Grupos,% Ocup.,Receita Quartos,Preço Médio,Saídas,Quartos FdS,Adul. / Cri.,novembro,Previsão,29-nov-2026 dom,0,0,0,0,0,0,0,-,-,NaN,0,0,0,13,147,5,0,0,13,0,"3,95","1 380,45","8,63",5,0,23,Total nov,13,147,5,0,0,13,0,"3,95","1 380,45","8,63",5,0,23,Total,8740,4410,2949,0,0,7186,1554,"13,34","943 607,11","71,76",3075,0,16938
Data,Ocup,Opção,Cheg,Oferta/Uso Interno,Deduz. Individ.,Deduz. Grupos,% Ocup.,Receita Quartos,Preço Médio,Saídas,Quartos FdS,Adul. / Cri.,novembro,Previsão,30-nov-2026 seg,0,0,0,0,0,0,0,-,-,NaN,0,0,0,13,147,5,0,0,13,0,"3,95","1 380,45","8,63",5,0,23,Total nov,13,147,5,0,0,13,0,"3,95","1 380,45","8,63",5,0,23,Total,8740,4410,2949,0,0,7186,1554,"13,34","943 607,11","71,76",3075,0,16938
Data,Ocup,Opção,Cheg,Oferta/Uso Interno,Deduz. Individ.,Deduz. Grupos,% Ocup.,Receita Quartos,Preço Médio,Saídas,Quartos FdS,Adul. / Cri.,dezembro,Previsão,01-dez-2026 ter,0,0,0,0,0,0,0,-,-,NaN,0,0,0,14,2,4,0,0,14,0,"0,38","1 751,26","109,45",3,0,24,Total dez,14,2,4,0,0,14,0,"0,38","1 751,26","109,45",3,0,24,Total,8740,4410,2949,0,0,7186,1554,"13,34","943 607,11","71,76",3075,0,16938
Data,Ocup,Opção,Cheg,Oferta/Uso Interno,Deduz. Individ.,Deduz. Grupos,% Ocup.,Receita Quartos,Preço Médio,Saídas,Quartos FdS,Adul. / Cri.,dezembro,Previsão,02-dez-2026 qua,0,0,0,0,0,0,0,-,-,NaN,0,0,0,14,2,4,0,0,14,0,"0,38","1 751,26","109,45",3,0,24,Total dez,14,2,4,0,0,14,0,"0,38","1 751,26","109,45",3,0,24,Total,8740,4410,2949,0,0,7186,1554,"13,34","943 607,11","71,76",3075,0,16938
Data,Ocup,Opção,Cheg,Oferta/Uso Interno,Deduz. Individ.,Deduz. Grupos,% Ocup.,Receita Quartos,Preço Médio,Saídas,Quartos FdS,Adul. / Cri.,dezembro,Previsão,03-dez-2026 qui,0,0,0,0,0,0,0,-,-,NaN,0,0,0,14,2,4,0,0,14,0,"0,38","1 751,26","109,45",3,0,24,Total dez,14,2,4,0,0,14,0,"0,38","1 751,26","109,45",3,0,24,Total,8740,4410,2949,0,0,7186,1554,"13,34","943 607,11","71,76",3075,0,16938
Data,Ocup,Opção,Cheg,Oferta/Uso Interno,Deduz. Individ.,Deduz. Grupos,% Ocup.,Receita Quartos,Preço Médio,Saídas,Quartos FdS,Adul. / Cri.,dezembro,Previsão,04-dez-2026 sex,0,0,0,0,0,0,0,-,-,NaN,0,0,0,14,2,4,0,0,14,0,"0,38","1 751,26","109,45",3,0,24,Total dez,14,2,4,0,0,14,0,"0,38","1 751,26","109,45",3,0,24,Total,8740,4410,2949,0,0,7186,1554,"13,34","943 607,11","71,76",3075,0,16938
Data,Ocup,Opção,Cheg,Oferta/Uso Interno,Deduz. Individ.,Deduz. Grupos,% Ocup.,Receita Quartos,Preço Médio,Saídas,Quartos FdS,Adul. / Cri.,dezembro,Previsão,05-dez-2026 sáb,0,0,0,0,0,0,0,-,-,NaN,0,0,0,14,2,4,0,0,14,0,"0,38","1 751,26","109,45",3,0,24,Total dez,14,2,4,0,0,14,0,"0,38","1 751,26","109,45",3,0,24,Total,8740,4410,2949,0,0,7186,1554,"13,34","943 607,11","71,76",3075,0,16938
Data,Ocup,Opção,Cheg,Oferta/Uso Interno,Deduz. Individ.,Deduz. Grupos,% Ocup.,Receita Quartos,Preço Médio,Saídas,Quartos FdS,Adul. / Cri.,dezembro,Previsão,06-dez-2026 dom,0,0,0,0,0,0,0,-,-,NaN,0,0,0,14,2,4,0,0,14,0,"0,38","1 751,26","109,45",3,0,24,Total dez,14,2,4,0,0,14,0,"0,38","1 751,26","109,45",3,0,24,Total,8740,4410,2949,0,0,7186,1554,"13,34","943 607,11","71,76",3075,0,16938
Data,Ocup,Opção,Cheg,Oferta/Uso Interno,Deduz. Individ.,Deduz. Grupos,% Ocup.,Receita Quartos,Preço Médio,Saídas,Quartos FdS,Adul. / Cri.,dezembro,Previsão,07-dez-2026 seg,0,0,0,0,0,0,0,-,-,NaN,0,0,0,14,2,4,0,0,14,0,"0,38","1 751,26","109,45",3,0,24,Total dez,14,2,4,0,0,14,0,"0,38","1 751,26","109,45",3,0,24,Total,8740,4410,2949,0,0,7186,1554,"13,34","943 607,11","71,76",3075,0,16938
Data,Ocup,Opção,Cheg,Oferta/Uso Interno,Deduz. Individ.,Deduz. Grupos,% Ocup.,Receita Quartos,Preço Médio,Saídas,Quartos FdS,Adul. / Cri.,dezembro,Previsão,08-dez-2026 ter,0,0,0,0,0,0,0,-,-,NaN,0,0,0,14,2,4,0,0,14,0,"0,38","1 751,26","109,45",3,0,24,Total dez,14,2,4,0,0,14,0,"0,38","1 751,26","109,45",3,0,24,Total,8740,4410,2949,0,0,7186,1554,"13,34","943 607,11","71,76",3075,0,16938
Data,Ocup,Opção,Cheg,Oferta/Uso Interno,Deduz. Individ.,Deduz. Grupos,% Ocup.,Receita Quartos,Preço Médio,Saídas,Quartos FdS,Adul. / Cri.,dezembro,Previsão,09-dez-2026 qua,0,0,0,0,0,0,0,-,-,NaN,0,0,0,14,2,4,0,0,14,0,"0,38","1 751,26","109,45",3,0,24,Total dez,14,2,4,0,0,14,0,"0,38","1 751,26","109,45",3,0,24,Total,8740,4410,2949,0,0,7186,1554,"13,34","943 607,11","71,76",3075,0,16938
Data,Ocup,Opção,Cheg,Oferta/Uso Interno,Deduz. Individ.,Deduz. Grupos,% Ocup.,Receita Quartos,Preço Médio,Saídas,Quartos FdS,Adul. / Cri.,dezembro,Previsão,10-dez-2026 qui,0,0,0,0,0,0,0,-,-,NaN,0,0,0,14,2,4,0,0,14,0,"0,38","1 751,26","109,45",3,0,24,Total dez,14,2,4,0,0,14,0,"0,38","1 751,26","109,45",3,0,24,Total,8740,4410,2949,0,0,7186,1554,"13,34","943 607,11","71,76",3075,0,16938
Data,Ocup,Opção,Cheg,Oferta/Uso Interno,Deduz. Individ.,Deduz. Grupos,% Ocup.,Receita Quartos,Preço Médio,Saídas,Quartos FdS,Adul. / Cri.,dezembro,Previsão,11-dez-2026 sex,1,0,1,0,0,1,0,"0,74","156,96","156,96",0,0,2,14,2,4,0,0,14,0,"0,38","1 751,26","109,45",3,0,24,Total dez,14,2,4,0,0,14,0,"0,38","1 751,26","109,45",3,0,24,Total,8740,4410,2949,0,0,7186,1554,"13,34","943 607,11","71,76",3075,0,16938
Data,Ocup,Opção,Cheg,Oferta/Uso Interno,Deduz. Individ.,Deduz. Grupos,% Ocup.,Receita Quartos,Preço Médio,Saídas,Quartos FdS,Adul. / Cri.,dezembro,Previsão,12-dez-2026 sáb,1,0,0,0,0,1,0,"0,74","156,96","156,96",0,0,2,14,2,4,0,0,14,0,"0,38","1 751,26","109,45",3,0,24,Total dez,14,2,4,0,0,14,0,"0,38","1 751,26","109,45",3,0,24,Total,8740,4410,2949,0,0,7186,1554,"13,34","943 607,11","71,76",3075,0,16938
Data,Ocup,Opção,Cheg,Oferta/Uso Interno,Deduz. Individ.,Deduz. Grupos,% Ocup.,Receita Quartos,Preço Médio,Saídas,Quartos FdS,Adul. / Cri.,dezembro,Previsão,13-dez-2026 dom,0,0,0,0,0,0,0,-,-,NaN,1,0,0,14,2,4,0,0,14,0,"0,38","1 751,26","109,45",3,0,24,Total dez,14,2,4,0,0,14,0,"0,38","1 751,26","109,45",3,0,24,Total,8740,4410,2949,0,0,7186,1554,"13,34","943 607,11","71,76",3075,0,16938
Data,Ocup,Opção,Cheg,Oferta/Uso Interno,Deduz. Individ.,Deduz. Grupos,% Ocup.,Receita Quartos,Preço Médio,Saídas,Quartos FdS,Adul. / Cri.,dezembro,Previsão,14-dez-2026 seg,0,0,0,0,0,0,0,-,-,NaN,0,0,0,14,2,4,0,0,14,0,"0,38","1 751,26","109,45",3,0,24,Total dez,14,2,4,0,0,14,0,"0,38","1 751,26","109,45",3,0,24,Total,8740,4410,2949,0,0,7186,1554,"13,34","943 607,11","71,76",3075,0,16938
Data,Ocup,Opção,Cheg,Oferta/Uso Interno,Deduz. Individ.,Deduz. Grupos,% Ocup.,Receita Quartos,Preço Médio,Saídas,Quartos FdS,Adul. / Cri.,dezembro,Previsão,15-dez-2026 ter,0,0,0,0,0,0,0,-,-,NaN,0,0,0,14,2,4,0,0,14,0,"0,38","1 751,26","109,45",3,0,24,Total dez,14,2,4,0,0,14,0,"0,38","1 751,26","109,45",3,0,24,Total,8740,4410,2949,0,0,7186,1554,"13,34","943 607,11","71,76",3075,0,16938
Data,Ocup,Opção,Cheg,Oferta/Uso Interno,Deduz. Individ.,Deduz. Grupos,% Ocup.,Receita Quartos,Preço Médio,Saídas,Quartos FdS,Adul. / Cri.,dezembro,Previsão,16-dez-2026 qua,0,0,0,0,0,0,0,-,-,NaN,0,0,0,14,2,4,0,0,14,0,"0,38","1 751,26","109,45",3,0,24,Total dez,14,2,4,0,0,14,0,"0,38","1 751,26","109,45",3,0,24,Total,8740,4410,2949,0,0,7186,1554,"13,34","943 607,11","71,76",3075,0,16938
Data,Ocup,Opção,Cheg,Oferta/Uso Interno,Deduz. Individ.,Deduz. Grupos,% Ocup.,Receita Quartos,Preço Médio,Saídas,Quartos FdS,Adul. / Cri.,dezembro,Previsão,17-dez-2026 qui,0,0,0,0,0,0,0,-,-,NaN,0,0,0,14,2,4,0,0,14,0,"0,38","1 751,26","109,45",3,0,24,Total dez,14,2,4,0,0,14,0,"0,38","1 751,26","109,45",3,0,24,Total,8740,4410,2949,0,0,7186,1554,"13,34","943 607,11","71,76",3075,0,16938
Data,Ocup,Opção,Cheg,Oferta/Uso Interno,Deduz. Individ.,Deduz. Grupos,% Ocup.,Receita Quartos,Preço Médio,Saídas,Quartos FdS,Adul. / Cri.,dezembro,Previsão,18-dez-2026 sex,0,0,0,0,0,0,0,-,-,NaN,0,0,0,14,2,4,0,0,14,0,"0,38","1 751,26","109,45",3,0,24,Total dez,14,2,4,0,0,14,0,"0,38","1 751,26","109,45",3,0,24,Total,8740,4410,2949,0,0,7186,1554,"13,34","943 607,11","71,76",3075,0,16938
Data,Ocup,Opção,Cheg,Oferta/Uso Interno,Deduz. Individ.,Deduz. Grupos,% Ocup.,Receita Quartos,Preço Médio,Saídas,Quartos FdS,Adul. / Cri.,dezembro,Previsão,19-dez-2026 sáb,2,1,2,0,0,2,0,"2,22","252,81","84,27",0,0,3,14,2,4,0,0,14,0,"0,38","1 751,26","109,45",3,0,24,Total dez,14,2,4,0,0,14,0,"0,38","1 751,26","109,45",3,0,24,Total,8740,4410,2949,0,0,7186,1554,"13,34","943 607,11","71,76",3075,0,16938
Data,Ocup,Opção,Cheg,Oferta/Uso Interno,Deduz. Individ.,Deduz. Grupos,% Ocup.,Receita Quartos,Preço Médio,Saídas,Quartos FdS,Adul. / Cri.,dezembro,Previsão,20-dez-2026 dom,2,1,0,0,0,2,0,"2,22","252,81","84,27",0,0,3,14,2,4,0,0,14,0,"0,38","1 751,26","109,45",3,0,24,Total dez,14,2,4,0,0,14,0,"0,38","1 751,26","109,45",3,0,24,Total,8740,4410,2949,0,0,7186,1554,"13,34","943 607,11","71,76",3075,0,16938
Data,Ocup,Opção,Cheg,Oferta/Uso Interno,Deduz. Individ.,Deduz. Grupos,% Ocup.,Receita Quartos,Preço Médio,Saídas,Quartos FdS,Adul. / Cri.,dezembro,Previsão,21-dez-2026 seg,2,0,0,0,0,2,0,"1,48","252,81","126,41",0,0,3,14,2,4,0,0,14,0,"0,38","1 751,26","109,45",3,0,24,Total dez,14,2,4,0,0,14,0,"0,38","1 751,26","109,45",3,0,24,Total,8740,4410,2949,0,0,7186,1554,"13,34","943 607,11","71,76",3075,0,16938
Data,Ocup,Opção,Cheg,Oferta/Uso Interno,Deduz. Individ.,Deduz. Grupos,% Ocup.,Receita Quartos,Preço Médio,Saídas,Quartos FdS,Adul. / Cri.,dezembro,Previsão,22-dez-2026 ter,2,0,0,0,0,2,0,"1,48","252,81","126,41",0,0,3,14,2,4,0,0,14,0,"0,38","1 751,26","109,45",3,0,24,Total dez,14,2,4,0,0,14,0,"0,38","1 751,26","109,45",3,0,24,Total,8740,4410,2949,0,0,7186,1554,"13,34","943 607,11","71,76",3075,0,16938
Data,Ocup,Opção,Cheg,Oferta/Uso Interno,Deduz. Individ.,Deduz. Grupos,% Ocup.,Receita Quartos,Preço Médio,Saídas,Quartos FdS,Adul. / Cri.,dezembro,Previsão,23-dez-2026 qua,0,0,0,0,0,0,0,-,-,NaN,2,0,0,14,2,4,0,0,14,0,"0,38","1 751,26","109,45",3,0,24,Total dez,14,2,4,0,0,14,0,"0,38","1 751,26","109,45",3,0,24,Total,8740,4410,2949,0,0,7186,1554,"13,34","943 607,11","71,76",3075,0,16938
Data,Ocup,Opção,Cheg,Oferta/Uso Interno,Deduz. Individ.,Deduz. Grupos,% Ocup.,Receita Quartos,Preço Médio,Saídas,Quartos FdS,Adul. / Cri.,dezembro,Previsão,24-dez-2026 qui,0,0,0,0,0,0,0,-,-,NaN,0,0,0,14,2,4,0,0,14,0,"0,38","1 751,26","109,45",3,0,24,Total dez,14,2,4,0,0,14,0,"0,38","1 751,26","109,45",3,0,24,Total,8740,4410,2949,0,0,7186,1554,"13,34","943 607,11","71,76",3075,0,16938
Data,Ocup,Opção,Cheg,Oferta/Uso Interno,Deduz. Individ.,Deduz. Grupos,% Ocup.,Receita Quartos,Preço Médio,Saídas,Quartos FdS,Adul. / Cri.,dezembro,Previsão,25-dez-2026 sex,0,0,0,0,0,0,0,-,-,NaN,0,0,0,14,2,4,0,0,14,0,"0,38","1 751,26","109,45",3,0,24,Total dez,14,2,4,0,0,14,0,"0,38","1 751,26","109,45",3,0,24,Total,8740,4410,2949,0,0,7186,1554,"13,34","943 607,11","71,76",3075,0,16938
Data,Ocup,Opção,Cheg,Oferta/Uso Interno,Deduz. Individ.,Deduz. Grupos,% Ocup.,Receita Quartos,Preço Médio,Saídas,Quartos FdS,Adul. / Cri.,dezembro,Previsão,26-dez-2026 sáb,0,0,0,0,0,0,0,-,-,NaN,0,0,0,14,2,4,0,0,14,0,"0,38","1 751,26","109,45",3,0,24,Total dez,14,2,4,0,0,14,0,"0,38","1 751,26","109,45",3,0,24,Total,8740,4410,2949,0,0,7186,1554,"13,34","943 607,11","71,76",3075,0,16938
Data,Ocup,Opção,Cheg,Oferta/Uso Interno,Deduz. Individ.,Deduz. Grupos,% Ocup.,Receita Quartos,Preço Médio,Saídas,Quartos FdS,Adul. / Cri.,dezembro,Previsão,27-dez-2026 dom,0,0,0,0,0,0,0,-,-,NaN,0,0,0,14,2,4,0,0,14,0,"0,38","1 751,26","109,45",3,0,24,Total dez,14,2,4,0,0,14,0,"0,38","1 751,26","109,45",3,0,24,Total,8740,4410,2949,0,0,7186,1554,"13,34","943 607,11","71,76",3075,0,16938
Data,Ocup,Opção,Cheg,Oferta/Uso Interno,Deduz. Individ.,Deduz. Grupos,% Ocup.,Receita Quartos,Preço Médio,Saídas,Quartos FdS,Adul. / Cri.,dezembro,Previsão,28-dez-2026 seg,1,0,1,0,0,1,0,"0,74","92,38","92,38",0,0,2,14,2,4,0,0,14,0,"0,38","1 751,26","109,45",3,0,24,Total dez,14,2,4,0,0,14,0,"0,38","1 751,26","109,45",3,0,24,Total,8740,4410,2949,0,0,7186,1554,"13,34","943 607,11","71,76",3075,0,16938
Data,Ocup,Opção,Cheg,Oferta/Uso Interno,Deduz. Individ.,Deduz. Grupos,% Ocup.,Receita Quartos,Preço Médio,Saídas,Quartos FdS,Adul. / Cri.,dezembro,Previsão,29-dez-2026 ter,1,0,0,0,0,1,0,"0,74","92,38","92,38",0,0,2,14,2,4,0,0,14,0,"0,38","1 751,26","109,45",3,0,24,Total dez,14,2,4,0,0,14,0,"0,38","1 751,26","109,45",3,0,24,Total,8740,4410,2949,0,0,7186,1554,"13,34","943 607,11","71,76",3075,0,16938
Data,Ocup,Opção,Cheg,Oferta/Uso Interno,Deduz. Individ.,Deduz. Grupos,% Ocup.,Receita Quartos,Preço Médio,Saídas,Quartos FdS,Adul. / Cri.,dezembro,Previsão,30-dez-2026 qua,1,0,0,0,0,1,0,"0,74","92,38","92,38",0,0,2,14,2,4,0,0,14,0,"0,38","1 751,26","109,45",3,0,24,Total dez,14,2,4,0,0,14,0,"0,38","1 751,26","109,45",3,0,24,Total,8740,4410,2949,0,0,7186,1554,"13,34","943 607,11","71,76",3075,0,16938
Data,Ocup,Opção,Cheg,Oferta/Uso Interno,Deduz. Individ.,Deduz. Grupos,% Ocup.,Receita Quartos,Preço Médio,Saídas,Quartos FdS,Adul. / Cri.,dezembro,Previsão,31-dez-2026 qui,1,0,0,0,0,1,0,"0,74","148,96","148,96",0,0,2,14,2,4,0,0,14,0,"0,38","1 751,26","109,45",3,0,24,Total dez,14,2,4,0,0,14,0,"0,38","1 751,26","109,45",3,0,24,Total,8740,4410,2949,0,0,7186,1554,"13,34","943 607,11","71,76",3075,0,16938
Data,Ocup,Opção,Cheg,Oferta/Uso Interno,Deduz. Individ.,Deduz. Grupos,% Ocup.,Receita Quartos,Preço Médio,Saídas,Quartos FdS,Adul. / Cri.,janeiro,Previsão,01-jan-2027 sex,0,0,0,0,0,0,0,-,-,NaN,1,0,0,0,560,0,0,0,0,0,"13,38",-,-,1,0,0,Total jan,0,560,0,0,0,0,0,"13,38",-,-,1,0,0,Total,8740,4410,2949,0,0,7186,1554,"13,34","943 607,11","71,76",3075,0,16938
Data,Ocup,Opção,Cheg,Oferta/Uso Interno,Deduz. Individ.,Deduz. Grupos,% Ocup.,Receita Quartos,Preço Médio,Saídas,Quartos FdS,Adul. / Cri.,janeiro,Previsão,02-jan-2027 sáb,0,0,0,0,0,0,0,-,-,NaN,0,0,0,0,560,0,0,0,0,0,"13,38",-,-,1,0,0,Total jan,0,560,0,0,0,0,0,"13,38",-,-,1,0,0,Total,8740,4410,2949,0,0,7186,1554,"13,34","943 607,11","71,76",3075,0,16938
Data,Ocup,Opção,Cheg,Oferta/Uso Interno,Deduz. Individ.,Deduz. Grupos,% Ocup.,Receita Quartos,Preço Médio,Saídas,Quartos FdS,Adul. / Cri.,janeiro,Previsão,03-jan-2027 dom,0,0,0,0,0,0,0,-,-,NaN,0,0,0,0,560,0,0,0,0,0,"13,38",-,-,1,0,0,Total jan,0,560,0,0,0,0,0,"13,38",-,-,1,0,0,Total,8740,4410,2949,0,0,7186,1554,"13,34","943 607,11","71,76",3075,0,16938
Data,Ocup,Opção,Cheg,Oferta/Uso Interno,Deduz. Individ.,Deduz. Grupos,% Ocup.,Receita Quartos,Preço Médio,Saídas,Quartos FdS,Adul. / Cri.,janeiro,Previsão,04-jan-2027 seg,0,0,0,0,0,0,0,-,-,NaN,0,0,0,0,560,0,0,0,0,0,"13,38",-,-,1,0,0,Total jan,0,560,0,0,0,0,0,"13,38",-,-,1,0,0,Total,8740,4410,2949,0,0,7186,1554,"13,34","943 607,11","71,76",3075,0,16938
Data,Ocup,Opção,Cheg,Oferta/Uso Interno,Deduz. Individ.,Deduz. Grupos,% Ocup.,Receita Quartos,Preço Médio,Saídas,Quartos FdS,Adul. / Cri.,janeiro,Previsão,05-jan-2027 ter,0,0,0,0,0,0,0,-,-,NaN,0,0,0,0,560,0,0,0,0,0,"13,38",-,-,1,0,0,Total jan,0,560,0,0,0,0,0,"13,38",-,-,1,0,0,Total,8740,4410,2949,0,0,7186,1554,"13,34","943 607,11","71,76",3075,0,16938
Data,Ocup,Opção,Cheg,Oferta/Uso Interno,Deduz. Individ.,Deduz. Grupos,% Ocup.,Receita Quartos,Preço Médio,Saídas,Quartos FdS,Adul. / Cri.,janeiro,Previsão,06-jan-2027 qua,0,0,0,0,0,0,0,-,-,NaN,0,0,0,0,560,0,0,0,0,0,"13,38",-,-,1,0,0,Total jan,0,560,0,0,0,0,0,"13,38",-,-,1,0,0,Total,8740,4410,2949,0,0,7186,1554,"13,34","943 607,11","71,76",3075,0,16938
Data,Ocup,Opção,Cheg,Oferta/Uso Interno,Deduz. Individ.,Deduz. Grupos,% Ocup.,Receita Quartos,Preço Médio,Saídas,Quartos FdS,Adul. / Cri.,janeiro,Previsão,07-jan-2027 qui,0,0,0,0,0,0,0,-,-,NaN,0,0,0,0,560,0,0,0,0,0,"13,38",-,-,1,0,0,Total jan,0,560,0,0,0,0,0,"13,38",-,-,1,0,0,Total,8740,4410,2949,0,0,7186,1554,"13,34","943 607,11","71,76",3075,0,16938
Data,Ocup,Opção,Cheg,Oferta/Uso Interno,Deduz. Individ.,Deduz. Grupos,% Ocup.,Receita Quartos,Preço Médio,Saídas,Quartos FdS,Adul. / Cri.,janeiro,Previsão,08-jan-2027 sex,0,0,0,0,0,0,0,-,-,NaN,0,0,0,0,560,0,0,0,0,0,"13,38",-,-,1,0,0,Total jan,0,560,0,0,0,0,0,"13,38",-,-,1,0,0,Total,8740,4410,2949,0,0,7186,1554,"13,34","943 607,11","71,76",3075,0,16938
Data,Ocup,Opção,Cheg,Oferta/Uso Interno,Deduz. Individ.,Deduz. Grupos,% Ocup.,Receita Quartos,Preço Médio,Saídas,Quartos FdS,Adul. / Cri.,janeiro,Previsão,09-jan-2027 sáb,0,0,0,0,0,0,0,-,-,NaN,0,0,0,0,560,0,0,0,0,0,"13,38",-,-,1,0,0,Total jan,0,560,0,0,0,0,0,"13,38",-,-,1,0,0,Total,8740,4410,2949,0,0,7186,1554,"13,34","943 607,11","71,76",3075,0,16938
Data,Ocup,Opção,Cheg,Oferta/Uso Interno,Deduz. Individ.,Deduz. Grupos,% Ocup.,Receita Quartos,Preço Médio,Saídas,Quartos FdS,Adul. / Cri.,janeiro,Previsão,10-jan-2027 dom,0,0,0,0,0,0,0,-,-,NaN,0,0,0,0,560,0,0,0,0,0,"13,38",-,-,1,0,0,Total jan,0,560,0,0,0,0,0,"13,38",-,-,1,0,0,Total,8740,4410,2949,0,0,7186,1554,"13,34","943 607,11","71,76",3075,0,16938
Data,Ocup,Opção,Cheg,Oferta/Uso Interno,Deduz. Individ.,Deduz. Grupos,% Ocup.,Receita Quartos,Preço Médio,Saídas,Quartos FdS,Adul. / Cri.,janeiro,Previsão,11-jan-2027 seg,0,0,0,0,0,0,0,-,-,NaN,0,0,0,0,560,0,0,0,0,0,"13,38",-,-,1,0,0,Total jan,0,560,0,0,0,0,0,"13,38",-,-,1,0,0,Total,8740,4410,2949,0,0,7186,1554,"13,34","943 607,11","71,76",3075,0,16938
Data,Ocup,Opção,Cheg,Oferta/Uso Interno,Deduz. Individ.,Deduz. Grupos,% Ocup.,Receita Quartos,Preço Médio,Saídas,Quartos FdS,Adul. / Cri.,janeiro,Previsão,12-jan-2027 ter,0,0,0,0,0,0,0,-,-,NaN,0,0,0,0,560,0,0,0,0,0,"13,38",-,-,1,0,0,Total jan,0,560,0,0,0,0,0,"13,38",-,-,1,0,0,Total,8740,4410,2949,0,0,7186,1554,"13,34","943 607,11","71,76",3075,0,16938
Data,Ocup,Opção,Cheg,Oferta/Uso Interno,Deduz. Individ.,Deduz. Grupos,% Ocup.,Receita Quartos,Preço Médio,Saídas,Quartos FdS,Adul. / Cri.,janeiro,Previsão,13-jan-2027 qua,0,0,0,0,0,0,0,-,-,NaN,0,0,0,0,560,0,0,0,0,0,"13,38",-,-,1,0,0,Total jan,0,560,0,0,0,0,0,"13,38",-,-,1,0,0,Total,8740,4410,2949,0,0,7186,1554,"13,34","943 607,11","71,76",3075,0,16938
Data,Ocup,Opção,Cheg,Oferta/Uso Interno,Deduz. Individ.,Deduz. Grupos,% Ocup.,Receita Quartos,Preço Médio,Saídas,Quartos FdS,Adul. / Cri.,janeiro,Previsão,14-jan-2027 qui,0,0,0,0,0,0,0,-,-,NaN,0,0,0,0,560,0,0,0,0,0,"13,38",-,-,1,0,0,Total jan,0,560,0,0,0,0,0,"13,38",-,-,1,0,0,Total,8740,4410,2949,0,0,7186,1554,"13,34","943 607,11","71,76",3075,0,16938
Data,Ocup,Opção,Cheg,Oferta/Uso Interno,Deduz. Individ.,Deduz. Grupos,% Ocup.,Receita Quartos,Preço Médio,Saídas,Quartos FdS,Adul. / Cri.,janeiro,Previsão,15-jan-2027 sex,0,0,0,0,0,0,0,-,-,NaN,0,0,0,0,560,0,0,0,0,0,"13,38",-,-,1,0,0,Total jan,0,560,0,0,0,0,0,"13,38",-,-,1,0,0,Total,8740,4410,2949,0,0,7186,1554,"13,34","943 607,11","71,76",3075,0,16938
Data,Ocup,Opção,Cheg,Oferta/Uso Interno,Deduz. Individ.,Deduz. Grupos,% Ocup.,Receita Quartos,Preço Médio,Saídas,Quartos FdS,Adul. / Cri.,janeiro,Previsão,16-jan-2027 sáb,0,0,0,0,0,0,0,-,-,NaN,0,0,0,0,560,0,0,0,0,0,"13,38",-,-,1,0,0,Total jan,0,560,0,0,0,0,0,"13,38",-,-,1,0,0,Total,8740,4410,2949,0,0,7186,1554,"13,34","943 607,11","71,76",3075,0,16938
Data,Ocup,Opção,Cheg,Oferta/Uso Interno,Deduz. Individ.,Deduz. Grupos,% Ocup.,Receita Quartos,Preço Médio,Saídas,Quartos FdS,Adul. / Cri.,janeiro,Previsão,17-jan-2027 dom,0,0,0,0,0,0,0,-,-,NaN,0,0,0,0,560,0,0,0,0,0,"13,38",-,-,1,0,0,Total jan,0,560,0,0,0,0,0,"13,38",-,-,1,0,0,Total,8740,4410,2949,0,0,7186,1554,"13,34","943 607,11","71,76",3075,0,16938
Data,Ocup,Opção,Cheg,Oferta/Uso Interno,Deduz. Individ.,Deduz. Grupos,% Ocup.,Receita Quartos,Preço Médio,Saídas,Quartos FdS,Adul. / Cri.,janeiro,Previsão,18-jan-2027 seg,0,0,0,0,0,0,0,-,-,NaN,0,0,0,0,560,0,0,0,0,0,"13,38",-,-,1,0,0,Total jan,0,560,0,0,0,0,0,"13,38",-,-,1,0,0,Total,8740,4410,2949,0,0,7186,1554,"13,34","943 607,11","71,76",3075,0,16938
Data,Ocup,Opção,Cheg,Oferta/Uso Interno,Deduz. Individ.,Deduz. Grupos,% Ocup.,Receita Quartos,Preço Médio,Saídas,Quartos FdS,Adul. / Cri.,janeiro,Previsão,19-jan-2027 ter,0,0,0,0,0,0,0,-,-,NaN,0,0,0,0,560,0,0,0,0,0,"13,38",-,-,1,0,0,Total jan,0,560,0,0,0,0,0,"13,38",-,-,1,0,0,Total,8740,4410,2949,0,0,7186,1554,"13,34","943 607,11","71,76",3075,0,16938
Data,Ocup,Opção,Cheg,Oferta/Uso Interno,Deduz. Individ.,Deduz. Grupos,% Ocup.,Receita Quartos,Preço Médio,Saídas,Quartos FdS,Adul. / Cri.,janeiro,Previsão,20-jan-2027 qua,0,0,0,0,0,0,0,-,-,NaN,0,0,0,0,560,0,0,0,0,0,"13,38",-,-,1,0,0,Total jan,0,560,0,0,0,0,0,"13,38",-,-,1,0,0,Total,8740,4410,2949,0,0,7186,1554,"13,34","943 607,11","71,76",3075,0,16938
Data,Ocup,Opção,Cheg,Oferta/Uso Interno,Deduz. Individ.,Deduz. Grupos,% Ocup.,Receita Quartos,Preço Médio,Saídas,Quartos FdS,Adul. / Cri.,janeiro,Previsão,21-jan-2027 qui,0,0,0,0,0,0,0,-,-,NaN,0,0,0,0,560,0,0,0,0,0,"13,38",-,-,1,0,0,Total jan,0,560,0,0,0,0,0,"13,38",-,-,1,0,0,Total,8740,4410,2949,0,0,7186,1554,"13,34","943 607,11","71,76",3075,0,16938
Data,Ocup,Opção,Cheg,Oferta/Uso Interno,Deduz. Individ.,Deduz. Grupos,% Ocup.,Receita Quartos,Preço Médio,Saídas,Quartos FdS,Adul. / Cri.,janeiro,Previsão,22-jan-2027 sex,0,0,0,0,0,0,0,-,-,NaN,0,0,0,0,560,0,0,0,0,0,"13,38",-,-,1,0,0,Total jan,0,560,0,0,0,0,0,"13,38",-,-,1,0,0,Total,8740,4410,2949,0,0,7186,1554,"13,34","943 607,11","71,76",3075,0,16938
Data,Ocup,Opção,Cheg,Oferta/Uso Interno,Deduz. Individ.,Deduz. Grupos,% Ocup.,Receita Quartos,Preço Médio,Saídas,Quartos FdS,Adul. / Cri.,janeiro,Previsão,23-jan-2027 sáb,0,80,0,0,0,0,0,"59,26",-,-,0,0,0,0,560,0,0,0,0,0,"13,38",-,-,1,0,0,Total jan,0,560,0,0,0,0,0,"13,38",-,-,1,0,0,Total,8740,4410,2949,0,0,7186,1554,"13,34","943 607,11","71,76",3075,0,16938
Data,Ocup,Opção,Cheg,Oferta/Uso Interno,Deduz. Individ.,Deduz. Grupos,% Ocup.,Receita Quartos,Preço Médio,Saídas,Quartos FdS,Adul. / Cri.,janeiro,Previsão,24-jan-2027 dom,0,80,0,0,0,0,0,"59,26",-,-,0,0,0,0,560,0,0,0,0,0,"13,38",-,-,1,0,0,Total jan,0,560,0,0,0,0,0,"13,38",-,-,1,0,0,Total,8740,4410,2949,0,0,7186,1554,"13,34","943 607,11","71,76",3075,0,16938
Data,Ocup,Opção,Cheg,Oferta/Uso Interno,Deduz. Individ.,Deduz. Grupos,% Ocup.,Receita Quartos,Preço Médio,Saídas,Quartos FdS,Adul. / Cri.,janeiro,Previsão,25-jan-2027 seg,0,80,0,0,0,0,0,"59,26",-,-,0,0,0,0,560,0,0,0,0,0,"13,38",-,-,1,0,0,Total jan,0,560,0,0,0,0,0,"13,38",-,-,1,0,0,Total,8740,4410,2949,0,0,7186,1554,"13,34","943 607,11","71,76",3075,0,16938
Data,Ocup,Opção,Cheg,Oferta/Uso Interno,Deduz. Individ.,Deduz. Grupos,% Ocup.,Receita Quartos,Preço Médio,Saídas,Quartos FdS,Adul. / Cri.,janeiro,Previsão,26-jan-2027 ter,0,80,0,0,0,0,0,"59,26",-,-,0,0,0,0,560,0,0,0,0,0,"13,38",-,-,1,0,0,Total jan,0,560,0,0,0,0,0,"13,38",-,-,1,0,0,Total,8740,4410,2949,0,0,7186,1554,"13,34","943 607,11","71,76",3075,0,16938
Data,Ocup,Opção,Cheg,Oferta/Uso Interno,Deduz. Individ.,Deduz. Grupos,% Ocup.,Receita Quartos,Preço Médio,Saídas,Quartos FdS,Adul. / Cri.,janeiro,Previsão,27-jan-2027 qua,0,80,0,0,0,0,0,"59,26",-,-,0,0,0,0,560,0,0,0,0,0,"13,38",-,-,1,0,0,Total jan,0,560,0,0,0,0,0,"13,38",-,-,1,0,0,Total,8740,4410,2949,0,0,7186,1554,"13,34","943 607,11","71,76",3075,0,16938
Data,Ocup,Opção,Cheg,Oferta/Uso Interno,Deduz. Individ.,Deduz. Grupos,% Ocup.,Receita Quartos,Preço Médio,Saídas,Quartos FdS,Adul. / Cri.,janeiro,Previsão,28-jan-2027 qui,0,80,0,0,0,0,0,"59,26",-,-,0,0,0,0,560,0,0,0,0,0,"13,38",-,-,1,0,0,Total jan,0,560,0,0,0,0,0,"13,38",-,-,1,0,0,Total,8740,4410,2949,0,0,7186,1554,"13,34","943 607,11","71,76",3075,0,16938
Data,Ocup,Opção,Cheg,Oferta/Uso Interno,Deduz. Individ.,Deduz. Grupos,% Ocup.,Receita Quartos,Preço Médio,Saídas,Quartos FdS,Adul. / Cri.,janeiro,Previsão,29-jan-2027 sex,0,80,0,0,0,0,0,"59,26",-,-,0,0,0,0,560,0,0,0,0,0,"13,38",-,-,1,0,0,Total jan,0,560,0,0,0,0,0,"13,38",-,-,1,0,0,Total,8740,4410,2949,0,0,7186,1554,"13,34","943 607,11","71,76",3075,0,16938
Data,Ocup,Opção,Cheg,Oferta/Uso Interno,Deduz. Individ.,Deduz. Grupos,% Ocup.,Receita Quartos,Preço Médio,Saídas,Quartos FdS,Adul. / Cri.,janeiro,Previsão,30-jan-2027 sáb,0,0,0,0,0,0,0,-,-,NaN,0,0,0,0,560,0,0,0,0,0,"13,38",-,-,1,0,0,Total jan,0,560,0,0,0,0,0,"13,38",-,-,1,0,0,Total,8740,4410,2949,0,0,7186,1554,"13,34","943 607,11","71,76",3075,0,16938
Data,Ocup,Opção,Cheg,Oferta/Uso Interno,Deduz. Individ.,Deduz. Grupos,% Ocup.,Receita Quartos,Preço Médio,Saídas,Quartos FdS,Adul. / Cri.,janeiro,Previsão,31-jan-2027 dom,0,0,0,0,0,0,0,-,-,NaN,0,0,0,0,560,0,0,0,0,0,"13,38",-,-,1,0,0,Total jan,0,560,0,0,0,0,0,"13,38",-,-,1,0,0,Total,8740,4410,2949,0,0,7186,1554,"13,34","943 607,11","71,76",3075,0,16938
Data,Ocup,Opção,Cheg,Oferta/Uso Interno,Deduz. Individ.,Deduz. Grupos,% Ocup.,Receita Quartos,Preço Médio,Saídas,Quartos FdS,Adul. / Cri.,fevereiro,Previsão,01-fev-2027 seg,0,0,0,0,0,0,0,-,-,NaN,0,0,0,0,0,0,0,0,0,0,-,-,NaN,0,0,0,Total fev,0,0,0,0,0,0,0,-,-,NaN,0,0,0,Total,8740,4410,2949,0,0,7186,1554,"13,34","943 607,11","71,76",3075,0,16938
Data,Ocup,Opção,Cheg,Oferta/Uso Interno,Deduz. Individ.,Deduz. Grupos,% Ocup.,Receita Quartos,Preço Médio,Saídas,Quartos FdS,Adul. / Cri.,fevereiro,Previsão,02-fev-2027 ter,0,0,0,0,0,0,0,-,-,NaN,0,0,0,0,0,0,0,0,0,0,-,-,NaN,0,0,0,Total fev,0,0,0,0,0,0,0,-,-,NaN,0,0,0,Total,8740,4410,2949,0,0,7186,1554,"13,34","943 607,11","71,76",3075,0,16938
Data,Ocup,Opção,Cheg,Oferta/Uso Interno,Deduz. Individ.,Deduz. Grupos,% Ocup.,Receita Quartos,Preço Médio,Saídas,Quartos FdS,Adul. / Cri.,fevereiro,Previsão,03-fev-2027 qua,0,0,0,0,0,0,0,-,-,NaN,0,0,0,0,0,0,0,0,0,0,-,-,NaN,0,0,0,Total fev,0,0,0,0,0,0,0,-,-,NaN,0,0,0,Total,8740,4410,2949,0,0,7186,1554,"13,34","943 607,11","71,76",3075,0,16938
Data,Ocup,Opção,Cheg,Oferta/Uso Interno,Deduz. Individ.,Deduz. Grupos,% Ocup.,Receita Quartos,Preço Médio,Saídas,Quartos FdS,Adul. / Cri.,fevereiro,Previsão,04-fev-2027 qui,0,0,0,0,0,0,0,-,-,NaN,0,0,0,0,0,0,0,0,0,0,-,-,NaN,0,0,0,Total fev,0,0,0,0,0,0,0,-,-,NaN,0,0,0,Total,8740,4410,2949,0,0,7186,1554,"13,34","943 607,11","71,76",3075,0,16938
Data,Ocup,Opção,Cheg,Oferta/Uso Interno,Deduz. Individ.,Deduz. Grupos,% Ocup.,Receita Quartos,Preço Médio,Saídas,Quartos FdS,Adul. / Cri.,fevereiro,Previsão,05-fev-2027 sex,0,0,0,0,0,0,0,-,-,NaN,0,0,0,0,0,0,0,0,0,0,-,-,NaN,0,0,0,Total fev,0,0,0,0,0,0,0,-,-,NaN,0,0,0,Total,8740,4410,2949,0,0,7186,1554,"13,34","943 607,11","71,76",3075,0,16938
Data,Ocup,Opção,Cheg,Oferta/Uso Interno,Deduz. Individ.,Deduz. Grupos,% Ocup.,Receita Quartos,Preço Médio,Saídas,Quartos FdS,Adul. / Cri.,fevereiro,Previsão,06-fev-2027 sáb,0,0,0,0,0,0,0,-,-,NaN,0,0,0,0,0,0,0,0,0,0,-,-,NaN,0,0,0,Total fev,0,0,0,0,0,0,0,-,-,NaN,0,0,0,Total,8740,4410,2949,0,0,7186,1554,"13,34","943 607,11","71,76",3075,0,16938
Data,Ocup,Opção,Cheg,Oferta/Uso Interno,Deduz. Individ.,Deduz. Grupos,% Ocup.,Receita Quartos,Preço Médio,Saídas,Quartos FdS,Adul. / Cri.,fevereiro,Previsão,07-fev-2027 dom,0,0,0,0,0,0,0,-,-,NaN,0,0,0,0,0,0,0,0,0,0,-,-,NaN,0,0,0,Total fev,0,0,0,0,0,0,0,-,-,NaN,0,0,0,Total,8740,4410,2949,0,0,7186,1554,"13,34","943 607,11","71,76",3075,0,16938
Data,Ocup,Opção,Cheg,Oferta/Uso Interno,Deduz. Individ.,Deduz. Grupos,% Ocup.,Receita Quartos,Preço Médio,Saídas,Quartos FdS,Adul. / Cri.,fevereiro,Previsão,08-fev-2027 seg,0,0,0,0,0,0,0,-,-,NaN,0,0,0,0,0,0,0,0,0,0,-,-,NaN,0,0,0,Total fev,0,0,0,0,0,0,0,-,-,NaN,0,0,0,Total,8740,4410,2949,0,0,7186,1554,"13,34","943 607,11","71,76",3075,0,16938
Data,Ocup,Opção,Cheg,Oferta/Uso Interno,Deduz. Individ.,Deduz. Grupos,% Ocup.,Receita Quartos,Preço Médio,Saídas,Quartos FdS,Adul. / Cri.,fevereiro,Previsão,09-fev-2027 ter,0,0,0,0,0,0,0,-,-,NaN,0,0,0,0,0,0,0,0,0,0,-,-,NaN,0,0,0,Total fev,0,0,0,0,0,0,0,-,-,NaN,0,0,0,Total,8740,4410,2949,0,0,7186,1554,"13,34","943 607,11","71,76",3075,0,16938
Data,Ocup,Opção,Cheg,Oferta/Uso Interno,Deduz. Individ.,Deduz. Grupos,% Ocup.,Receita Quartos,Preço Médio,Saídas,Quartos FdS,Adul. / Cri.,fevereiro,Previsão,10-fev-2027 qua,0,0,0,0,0,0,0,-,-,NaN,0,0,0,0,0,0,0,0,0,0,-,-,NaN,0,0,0,Total fev,0,0,0,0,0,0,0,-,-,NaN,0,0,0,Total,8740,4410,2949,0,0,7186,1554,"13,34","943 607,11","71,76",3075,0,16938
Data,Ocup,Opção,Cheg,Oferta/Uso Interno,Deduz. Individ.,Deduz. Grupos,% Ocup.,Receita Quartos,Preço Médio,Saídas,Quartos FdS,Adul. / Cri.,fevereiro,Previsão,11-fev-2027 qui,0,0,0,0,0,0,0,-,-,NaN,0,0,0,0,0,0,0,0,0,0,-,-,NaN,0,0,0,Total fev,0,0,0,0,0,0,0,-,-,NaN,0,0,0,Total,8740,4410,2949,0,0,7186,1554,"13,34","943 607,11","71,76",3075,0,16938
Data,Ocup,Opção,Cheg,Oferta/Uso Interno,Deduz. Individ.,Deduz. Grupos,% Ocup.,Receita Quartos,Preço Médio,Saídas,Quartos FdS,Adul. / Cri.,fevereiro,Previsão,12-fev-2027 sex,0,0,0,0,0,0,0,-,-,NaN,0,0,0,0,0,0,0,0,0,0,-,-,NaN,0,0,0,Total fev,0,0,0,0,0,0,0,-,-,NaN,0,0,0,Total,8740,4410,2949,0,0,7186,1554,"13,34","943 607,11","71,76",3075,0,16938
Data,Ocup,Opção,Cheg,Oferta/Uso Interno,Deduz. Individ.,Deduz. Grupos,% Ocup.,Receita Quartos,Preço Médio,Saídas,Quartos FdS,Adul. / Cri.,fevereiro,Previsão,13-fev-2027 sáb,0,0,0,0,0,0,0,-,-,NaN,0,0,0,0,0,0,0,0,0,0,-,-,NaN,0,0,0,Total fev,0,0,0,0,0,0,0,-,-,NaN,0,0,0,Total,8740,4410,2949,0,0,7186,1554,"13,34","943 607,11","71,76",3075,0,16938
Data,Ocup,Opção,Cheg,Oferta/Uso Interno,Deduz. Individ.,Deduz. Grupos,% Ocup.,Receita Quartos,Preço Médio,Saídas,Quartos FdS,Adul. / Cri.,fevereiro,Previsão,14-fev-2027 dom,0,0,0,0,0,0,0,-,-,NaN,0,0,0,0,0,0,0,0,0,0,-,-,NaN,0,0,0,Total fev,0,0,0,0,0,0,0,-,-,NaN,0,0,0,Total,8740,4410,2949,0,0,7186,1554,"13,34","943 607,11","71,76",3075,0,16938
Data,Ocup,Opção,Cheg,Oferta/Uso Interno,Deduz. Individ.,Deduz. Grupos,% Ocup.,Receita Quartos,Preço Médio,Saídas,Quartos FdS,Adul. / Cri.,fevereiro,Previsão,15-fev-2027 seg,0,0,0,0,0,0,0,-,-,NaN,0,0,0,0,0,0,0,0,0,0,-,-,NaN,0,0,0,Total fev,0,0,0,0,0,0,0,-,-,NaN,0,0,0,Total,8740,4410,2949,0,0,7186,1554,"13,34","943 607,11","71,76",3075,0,16938
Data,Ocup,Opção,Cheg,Oferta/Uso Interno,Deduz. Individ.,Deduz. Grupos,% Ocup.,Receita Quartos,Preço Médio,Saídas,Quartos FdS,Adul. / Cri.,fevereiro,Previsão,16-fev-2027 ter,0,0,0,0,0,0,0,-,-,NaN,0,0,0,0,0,0,0,0,0,0,-,-,NaN,0,0,0,Total fev,0,0,0,0,0,0,0,-,-,NaN,0,0,0,Total,8740,4410,2949,0,0,7186,1554,"13,34","943 607,11","71,76",3075,0,16938
Data,Ocup,Opção,Cheg,Oferta/Uso Interno,Deduz. Individ.,Deduz. Grupos,% Ocup.,Receita Quartos,Preço Médio,Saídas,Quartos FdS,Adul. / Cri.,fevereiro,Previsão,17-fev-2027 qua,0,0,0,0,0,0,0,-,-,NaN,0,0,0,0,0,0,0,0,0,0,-,-,NaN,0,0,0,Total fev,0,0,0,0,0,0,0,-,-,NaN,0,0,0,Total,8740,4410,2949,0,0,7186,1554,"13,34","943 607,11","71,76",3075,0,16938
Data,Ocup,Opção,Cheg,Oferta/Uso Interno,Deduz. Individ.,Deduz. Grupos,% Ocup.,Receita Quartos,Preço Médio,Saídas,Quartos FdS,Adul. / Cri.,fevereiro,Previsão,18-fev-2027 qui,0,0,0,0,0,0,0,-,-,NaN,0,0,0,0,0,0,0,0,0,0,-,-,NaN,0,0,0,Total fev,0,0,0,0,0,0,0,-,-,NaN,0,0,0,Total,8740,4410,2949,0,0,7186,1554,"13,34","943 607,11","71,76",3075,0,16938
Data,Ocup,Opção,Cheg,Oferta/Uso Interno,Deduz. Individ.,Deduz. Grupos,% Ocup.,Receita Quartos,Preço Médio,Saídas,Quartos FdS,Adul. / Cri.,fevereiro,Previsão,19-fev-2027 sex,0,0,0,0,0,0,0,-,-,NaN,0,0,0,0,0,0,0,0,0,0,-,-,NaN,0,0,0,Total fev,0,0,0,0,0,0,0,-,-,NaN,0,0,0,Total,8740,4410,2949,0,0,7186,1554,"13,34","943 607,11","71,76",3075,0,16938
Data,Ocup,Opção,Cheg,Oferta/Uso Interno,Deduz. Individ.,Deduz. Grupos,% Ocup.,Receita Quartos,Preço Médio,Saídas,Quartos FdS,Adul. / Cri.,fevereiro,Previsão,20-fev-2027 sáb,0,0,0,0,0,0,0,-,-,NaN,0,0,0,0,0,0,0,0,0,0,-,-,NaN,0,0,0,Total fev,0,0,0,0,0,0,0,-,-,NaN,0,0,0,Total,8740,4410,2949,0,0,7186,1554,"13,34","943 607,11","71,76",3075,0,16938
Data,Ocup,Opção,Cheg,Oferta/Uso Interno,Deduz. Individ.,Deduz. Grupos,% Ocup.,Receita Quartos,Preço Médio,Saídas,Quartos FdS,Adul. / Cri.,fevereiro,Previsão,21-fev-2027 dom,0,0,0,0,0,0,0,-,-,NaN,0,0,0,0,0,0,0,0,0,0,-,-,NaN,0,0,0,Total fev,0,0,0,0,0,0,0,-,-,NaN,0,0,0,Total,8740,4410,2949,0,0,7186,1554,"13,34","943 607,11","71,76",3075,0,16938
Data,Ocup,Opção,Cheg,Oferta/Uso Interno,Deduz. Individ.,Deduz. Grupos,% Ocup.,Receita Quartos,Preço Médio,Saídas,Quartos FdS,Adul. / Cri.,fevereiro,Previsão,22-fev-2027 seg,0,0,0,0,0,0,0,-,-,NaN,0,0,0,0,0,0,0,0,0,0,-,-,NaN,0,0,0,Total fev,0,0,0,0,0,0,0,-,-,NaN,0,0,0,Total,8740,4410,2949,0,0,7186,1554,"13,34","943 607,11","71,76",3075,0,16938
Data,Ocup,Opção,Cheg,Oferta/Uso Interno,Deduz. Individ.,Deduz. Grupos,% Ocup.,Receita Quartos,Preço Médio,Saídas,Quartos FdS,Adul. / Cri.,fevereiro,Previsão,23-fev-2027 ter,0,0,0,0,0,0,0,-,-,NaN,0,0,0,0,0,0,0,0,0,0,-,-,NaN,0,0,0,Total fev,0,0,0,0,0,0,0,-,-,NaN,0,0,0,Total,8740,4410,2949,0,0,7186,1554,"13,34","943 607,11","71,76",3075,0,16938
Data,Ocup,Opção,Cheg,Oferta/Uso Interno,Deduz. Individ.,Deduz. Grupos,% Ocup.,Receita Quartos,Preço Médio,Saídas,Quartos FdS,Adul. / Cri.,fevereiro,Previsão,24-fev-2027 qua,0,0,0,0,0,0,0,-,-,NaN,0,0,0,0,0,0,0,0,0,0,-,-,NaN,0,0,0,Total fev,0,0,0,0,0,0,0,-,-,NaN,0,0,0,Total,8740,4410,2949,0,0,7186,1554,"13,34","943 607,11","71,76",3075,0,16938
Data,Ocup,Opção,Cheg,Oferta/Uso Interno,Deduz. Individ.,Deduz. Grupos,% Ocup.,Receita Quartos,Preço Médio,Saídas,Quartos FdS,Adul. / Cri.,fevereiro,Previsão,25-fev-2027 qui,0,0,0,0,0,0,0,-,-,NaN,0,0,0,0,0,0,0,0,0,0,-,-,NaN,0,0,0,Total fev,0,0,0,0,0,0,0,-,-,NaN,0,0,0,Total,8740,4410,2949,0,0,7186,1554,"13,34","943 607,11","71,76",3075,0,16938
Data,Ocup,Opção,Cheg,Oferta/Uso Interno,Deduz. Individ.,Deduz. Grupos,% Ocup.,Receita Quartos,Preço Médio,Saídas,Quartos FdS,Adul. / Cri.,fevereiro,Previsão,26-fev-2027 sex,0,0,0,0,0,0,0,-,-,NaN,0,0,0,0,0,0,0,0,0,0,-,-,NaN,0,0,0,Total fev,0,0,0,0,0,0,0,-,-,NaN,0,0,0,Total,8740,4410,2949,0,0,7186,1554,"13,34","943 607,11","71,76",3075,0,16938
Data,Ocup,Opção,Cheg,Oferta/Uso Interno,Deduz. Individ.,Deduz. Grupos,% Ocup.,Receita Quartos,Preço Médio,Saídas,Quartos FdS,Adul. / Cri.,fevereiro,Previsão,27-fev-2027 sáb,0,0,0,0,0,0,0,-,-,NaN,0,0,0,0,0,0,0,0,0,0,-,-,NaN,0,0,0,Total fev,0,0,0,0,0,0,0,-,-,NaN,0,0,0,Total,8740,4410,2949,0,0,7186,1554,"13,34","943 607,11","71,76",3075,0,16938
Data,Ocup,Opção,Cheg,Oferta/Uso Interno,Deduz. Individ.,Deduz. Grupos,% Ocup.,Receita Quartos,Preço Médio,Saídas,Quartos FdS,Adul. / Cri.,fevereiro,Previsão,28-fev-2027 dom,0,0,0,0,0,0,0,-,-,NaN,0,0,0,0,0,0,0,0,0,0,-,-,NaN,0,0,0,Total fev,0,0,0,0,0,0,0,-,-,NaN,0,0,0,Total,8740,4410,2949,0,0,7186,1554,"13,34","943 607,11","71,76",3075,0,16938
Data,Ocup,Opção,Cheg,Oferta/Uso Interno,Deduz. Individ.,Deduz. Grupos,% Ocup.,Receita Quartos,Preço Médio,Saídas,Quartos FdS,Adul. / Cri.,março,Previsão,01-mar-2027 seg,0,0,0,0,0,0,0,-,-,NaN,0,0,0,0,0,0,0,0,0,0,-,-,NaN,0,0,0,Total mar,0,0,0,0,0,0,0,-,-,NaN,0,0,0,Total,8740,4410,2949,0,0,7186,1554,"13,34","943 607,11","71,76",3075,0,16938
Data,Ocup,Opção,Cheg,Oferta/Uso Interno,Deduz. Individ.,Deduz. Grupos,% Ocup.,Receita Quartos,Preço Médio,Saídas,Quartos FdS,Adul. / Cri.,março,Previsão,02-mar-2027 ter,0,0,0,0,0,0,0,-,-,NaN,0,0,0,0,0,0,0,0,0,0,-,-,NaN,0,0,0,Total mar,0,0,0,0,0,0,0,-,-,NaN,0,0,0,Total,8740,4410,2949,0,0,7186,1554,"13,34","943 607,11","71,76",3075,0,16938
Data,Ocup,Opção,Cheg,Oferta/Uso Interno,Deduz. Individ.,Deduz. Grupos,% Ocup.,Receita Quartos,Preço Médio,Saídas,Quartos FdS,Adul. / Cri.,março,Previsão,03-mar-2027 qua,0,0,0,0,0,0,0,-,-,NaN,0,0,0,0,0,0,0,0,0,0,-,-,NaN,0,0,0,Total mar,0,0,0,0,0,0,0,-,-,NaN,0,0,0,Total,8740,4410,2949,0,0,7186,1554,"13,34","943 607,11","71,76",3075,0,16938
Data,Ocup,Opção,Cheg,Oferta/Uso Interno,Deduz. Individ.,Deduz. Grupos,% Ocup.,Receita Quartos,Preço Médio,Saídas,Quartos FdS,Adul. / Cri.,março,Previsão,04-mar-2027 qui,0,0,0,0,0,0,0,-,-,NaN,0,0,0,0,0,0,0,0,0,0,-,-,NaN,0,0,0,Total mar,0,0,0,0,0,0,0,-,-,NaN,0,0,0,Total,8740,4410,2949,0,0,7186,1554,"13,34","943 607,11","71,76",3075,0,16938
Data,Ocup,Opção,Cheg,Oferta/Uso Interno,Deduz. Individ.,Deduz. Grupos,% Ocup.,Receita Quartos,Preço Médio,Saídas,Quartos FdS,Adul. / Cri.,março,Previsão,05-mar-2027 sex,0,0,0,0,0,0,0,-,-,NaN,0,0,0,0,0,0,0,0,0,0,-,-,NaN,0,0,0,Total mar,0,0,0,0,0,0,0,-,-,NaN,0,0,0,Total,8740,4410,2949,0,0,7186,1554,"13,34","943 607,11","71,76",3075,0,16938
Data,Ocup,Opção,Cheg,Oferta/Uso Interno,Deduz. Individ.,Deduz. Grupos,% Ocup.,Receita Quartos,Preço Médio,Saídas,Quartos FdS,Adul. / Cri.,março,Previsão,06-mar-2027 sáb,0,0,0,0,0,0,0,-,-,NaN,0,0,0,0,0,0,0,0,0,0,-,-,NaN,0,0,0,Total mar,0,0,0,0,0,0,0,-,-,NaN,0,0,0,Total,8740,4410,2949,0,0,7186,1554,"13,34","943 607,11","71,76",3075,0,16938
Data,Ocup,Opção,Cheg,Oferta/Uso Interno,Deduz. Individ.,Deduz. Grupos,% Ocup.,Receita Quartos,Preço Médio,Saídas,Quartos FdS,Adul. / Cri.,março,Previsão,07-mar-2027 dom,0,0,0,0,0,0,0,-,-,NaN,0,0,0,0,0,0,0,0,0,0,-,-,NaN,0,0,0,Total mar,0,0,0,0,0,0,0,-,-,NaN,0,0,0,Total,8740,4410,2949,0,0,7186,1554,"13,34","943 607,11","71,76",3075,0,16938
Data,Ocup,Opção,Cheg,Oferta/Uso Interno,Deduz. Individ.,Deduz. Grupos,% Ocup.,Receita Quartos,Preço Médio,Saídas,Quartos FdS,Adul. / Cri.,março,Previsão,08-mar-2027 seg,0,0,0,0,0,0,0,-,-,NaN,0,0,0,0,0,0,0,0,0,0,-,-,NaN,0,0,0,Total mar,0,0,0,0,0,0,0,-,-,NaN,0,0,0,Total,8740,4410,2949,0,0,7186,1554,"13,34","943 607,11","71,76",3075,0,16938
Data,Ocup,Opção,Cheg,Oferta/Uso Interno,Deduz. Individ.,Deduz. Grupos,% Ocup.,Receita Quartos,Preço Médio,Saídas,Quartos FdS,Adul. / Cri.,março,Previsão,09-mar-2027 ter,0,0,0,0,0,0,0,-,-,NaN,0,0,0,0,0,0,0,0,0,0,-,-,NaN,0,0,0,Total mar,0,0,0,0,0,0,0,-,-,NaN,0,0,0,Total,8740,4410,2949,0,0,7186,1554,"13,34","943 607,11","71,76",3075,0,16938
Data,Ocup,Opção,Cheg,Oferta/Uso Interno,Deduz. Individ.,Deduz. Grupos,% Ocup.,Receita Quartos,Preço Médio,Saídas,Quartos FdS,Adul. / Cri.,março,Previsão,10-mar-2027 qua,0,0,0,0,0,0,0,-,-,NaN,0,0,0,0,0,0,0,0,0,0,-,-,NaN,0,0,0,Total mar,0,0,0,0,0,0,0,-,-,NaN,0,0,0,Total,8740,4410,2949,0,0,7186,1554,"13,34","943 607,11","71,76",3075,0,16938
Data,Ocup,Opção,Cheg,Oferta/Uso Interno,Deduz. Individ.,Deduz. Grupos,% Ocup.,Receita Quartos,Preço Médio,Saídas,Quartos FdS,Adul. / Cri.,março,Previsão,11-mar-2027 qui,0,0,0,0,0,0,0,-,-,NaN,0,0,0,0,0,0,0,0,0,0,-,-,NaN,0,0,0,Total mar,0,0,0,0,0,0,0,-,-,NaN,0,0,0,Total,8740,4410,2949,0,0,7186,1554,"13,34","943 607,11","71,76",3075,0,16938
Data,Ocup,Opção,Cheg,Oferta/Uso Interno,Deduz. Individ.,Deduz. Grupos,% Ocup.,Receita Quartos,Preço Médio,Saídas,Quartos FdS,Adul. / Cri.,março,Previsão,12-mar-2027 sex,0,0,0,0,0,0,0,-,-,NaN,0,0,0,0,0,0,0,0,0,0,-,-,NaN,0,0,0,Total mar,0,0,0,0,0,0,0,-,-,NaN,0,0,0,Total,8740,4410,2949,0,0,7186,1554,"13,34","943 607,11","71,76",3075,0,16938
Data,Ocup,Opção,Cheg,Oferta/Uso Interno,Deduz. Individ.,Deduz. Grupos,% Ocup.,Receita Quartos,Preço Médio,Saídas,Quartos FdS,Adul. / Cri.,março,Previsão,13-mar-2027 sáb,0,0,0,0,0,0,0,-,-,NaN,0,0,0,0,0,0,0,0,0,0,-,-,NaN,0,0,0,Total mar,0,0,0,0,0,0,0,-,-,NaN,0,0,0,Total,8740,4410,2949,0,0,7186,1554,"13,34","943 607,11","71,76",3075,0,16938
Data,Ocup,Opção,Cheg,Oferta/Uso Interno,Deduz. Individ.,Deduz. Grupos,% Ocup.,Receita Quartos,Preço Médio,Saídas,Quartos FdS,Adul. / Cri.,março,Previsão,14-mar-2027 dom,0,0,0,0,0,0,0,-,-,NaN,0,0,0,0,0,0,0,0,0,0,-,-,NaN,0,0,0,Total mar,0,0,0,0,0,0,0,-,-,NaN,0,0,0,Total,8740,4410,2949,0,0,7186,1554,"13,34","943 607,11","71,76",3075,0,16938
Data,Ocup,Opção,Cheg,Oferta/Uso Interno,Deduz. Individ.,Deduz. Grupos,% Ocup.,Receita Quartos,Preço Médio,Saídas,Quartos FdS,Adul. / Cri.,março,Previsão,15-mar-2027 seg,0,0,0,0,0,0,0,-,-,NaN,0,0,0,0,0,0,0,0,0,0,-,-,NaN,0,0,0,Total mar,0,0,0,0,0,0,0,-,-,NaN,0,0,0,Total,8740,4410,2949,0,0,7186,1554,"13,34","943 607,11","71,76",3075,0,16938
Data,Ocup,Opção,Cheg,Oferta/Uso Interno,Deduz. Individ.,Deduz. Grupos,% Ocup.,Receita Quartos,Preço Médio,Saídas,Quartos FdS,Adul. / Cri.,março,Previsão,16-mar-2027 ter,0,0,0,0,0,0,0,-,-,NaN,0,0,0,0,0,0,0,0,0,0,-,-,NaN,0,0,0,Total mar,0,0,0,0,0,0,0,-,-,NaN,0,0,0,Total,8740,4410,2949,0,0,7186,1554,"13,34","943 607,11","71,76",3075,0,16938
Data,Ocup,Opção,Cheg,Oferta/Uso Interno,Deduz. Individ.,Deduz. Grupos,% Ocup.,Receita Quartos,Preço Médio,Saídas,Quartos FdS,Adul. / Cri.,março,Previsão,17-mar-2027 qua,0,0,0,0,0,0,0,-,-,NaN,0,0,0,0,0,0,0,0,0,0,-,-,NaN,0,0,0,Total mar,0,0,0,0,0,0,0,-,-,NaN,0,0,0,Total,8740,4410,2949,0,0,7186,1554,"13,34","943 607,11","71,76",3075,0,16938
Data,Ocup,Opção,Cheg,Oferta/Uso Interno,Deduz. Individ.,Deduz. Grupos,% Ocup.,Receita Quartos,Preço Médio,Saídas,Quartos FdS,Adul. / Cri.,março,Previsão,18-mar-2027 qui,0,0,0,0,0,0,0,-,-,NaN,0,0,0,0,0,0,0,0,0,0,-,-,NaN,0,0,0,Total mar,0,0,0,0,0,0,0,-,-,NaN,0,0,0,Total,8740,4410,2949,0,0,7186,1554,"13,34","943 607,11","71,76",3075,0,16938
Data,Ocup,Opção,Cheg,Oferta/Uso Interno,Deduz. Individ.,Deduz. Grupos,% Ocup.,Receita Quartos,Preço Médio,Saídas,Quartos FdS,Adul. / Cri.,março,Previsão,19-mar-2027 sex,0,0,0,0,0,0,0,-,-,NaN,0,0,0,0,0,0,0,0,0,0,-,-,NaN,0,0,0,Total mar,0,0,0,0,0,0,0,-,-,NaN,0,0,0,Total,8740,4410,2949,0,0,7186,1554,"13,34","943 607,11","71,76",3075,0,16938
Data,Ocup,Opção,Cheg,Oferta/Uso Interno,Deduz. Individ.,Deduz. Grupos,% Ocup.,Receita Quartos,Preço Médio,Saídas,Quartos FdS,Adul. / Cri.,março,Previsão,20-mar-2027 sáb,0,0,0,0,0,0,0,-,-,NaN,0,0,0,0,0,0,0,0,0,0,-,-,NaN,0,0,0,Total mar,0,0,0,0,0,0,0,-,-,NaN,0,0,0,Total,8740,4410,2949,0,0,7186,1554,"13,34","943 607,11","71,76",3075,0,16938
Data,Ocup,Opção,Cheg,Oferta/Uso Interno,Deduz. Individ.,Deduz. Grupos,% Ocup.,Receita Quartos,Preço Médio,Saídas,Quartos FdS,Adul. / Cri.,março,Previsão,21-mar-2027 dom,0,0,0,0,0,0,0,-,-,NaN,0,0,0,0,0,0,0,0,0,0,-,-,NaN,0,0,0,Total mar,0,0,0,0,0,0,0,-,-,NaN,0,0,0,Total,8740,4410,2949,0,0,7186,1554,"13,34","943 607,11","71,76",3075,0,16938
Data,Ocup,Opção,Cheg,Oferta/Uso Interno,Deduz. Individ.,Deduz. Grupos,% Ocup.,Receita Quartos,Preço Médio,Saídas,Quartos FdS,Adul. / Cri.,março,Previsão,22-mar-2027 seg,0,0,0,0,0,0,0,-,-,NaN,0,0,0,0,0,0,0,0,0,0,-,-,NaN,0,0,0,Total mar,0,0,0,0,0,0,0,-,-,NaN,0,0,0,Total,8740,4410,2949,0,0,7186,1554,"13,34","943 607,11","71,76",3075,0,16938
Data,Ocup,Opção,Cheg,Oferta/Uso Interno,Deduz. Individ.,Deduz. Grupos,% Ocup.,Receita Quartos,Preço Médio,Saídas,Quartos FdS,Adul. / Cri.,março,Previsão,23-mar-2027 ter,0,0,0,0,0,0,0,-,-,NaN,0,0,0,0,0,0,0,0,0,0,-,-,NaN,0,0,0,Total mar,0,0,0,0,0,0,0,-,-,NaN,0,0,0,Total,8740,4410,2949,0,0,7186,1554,"13,34","943 607,11","71,76",3075,0,16938
Data,Ocup,Opção,Cheg,Oferta/Uso Interno,Deduz. Individ.,Deduz. Grupos,% Ocup.,Receita Quartos,Preço Médio,Saídas,Quartos FdS,Adul. / Cri.,março,Previsão,24-mar-2027 qua,0,0,0,0,0,0,0,-,-,NaN,0,0,0,0,0,0,0,0,0,0,-,-,NaN,0,0,0,Total mar,0,0,0,0,0,0,0,-,-,NaN,0,0,0,Total,8740,4410,2949,0,0,7186,1554,"13,34","943 607,11","71,76",3075,0,16938
Data,Ocup,Opção,Cheg,Oferta/Uso Interno,Deduz. Individ.,Deduz. Grupos,% Ocup.,Receita Quartos,Preço Médio,Saídas,Quartos FdS,Adul. / Cri.,março,Previsão,25-mar-2027 qui,0,0,0,0,0,0,0,-,-,NaN,0,0,0,0,0,0,0,0,0,0,-,-,NaN,0,0,0,Total mar,0,0,0,0,0,0,0,-,-,NaN,0,0,0,Total,8740,4410,2949,0,0,7186,1554,"13,34","943 607,11","71,76",3075,0,16938
Data,Ocup,Opção,Cheg,Oferta/Uso Interno,Deduz. Individ.,Deduz. Grupos,% Ocup.,Receita Quartos,Preço Médio,Saídas,Quartos FdS,Adul. / Cri.,março,Previsão,26-mar-2027 sex,0,0,0,0,0,0,0,-,-,NaN,0,0,0,0,0,0,0,0,0,0,-,-,NaN,0,0,0,Total mar,0,0,0,0,0,0,0,-,-,NaN,0,0,0,Total,8740,4410,2949,0,0,7186,1554,"13,34","943 607,11","71,76",3075,0,16938
Data,Ocup,Opção,Cheg,Oferta/Uso Interno,Deduz. Individ.,Deduz. Grupos,% Ocup.,Receita Quartos,Preço Médio,Saídas,Quartos FdS,Adul. / Cri.,março,Previsão,27-mar-2027 sáb,0,0,0,0,0,0,0,-,-,NaN,0,0,0,0,0,0,0,0,0,0,-,-,NaN,0,0,0,Total mar,0,0,0,0,0,0,0,-,-,NaN,0,0,0,Total,8740,4410,2949,0,0,7186,1554,"13,34","943 607,11","71,76",3075,0,16938
Data,Ocup,Opção,Cheg,Oferta/Uso Interno,Deduz. Individ.,Deduz. Grupos,% Ocup.,Receita Quartos,Preço Médio,Saídas,Quartos FdS,Adul. / Cri.,março,Previsão,28-mar-2027 dom,0,0,0,0,0,0,0,-,-,NaN,0,0,0,0,0,0,0,0,0,0,-,-,NaN,0,0,0,Total mar,0,0,0,0,0,0,0,-,-,NaN,0,0,0,Total,8740,4410,2949,0,0,7186,1554,"13,34","943 607,11","71,76",3075,0,16938
Data,Ocup,Opção,Cheg,Oferta/Uso Interno,Deduz. Individ.,Deduz. Grupos,% Ocup.,Receita Quartos,Preço Médio,Saídas,Quartos FdS,Adul. / Cri.,março,Previsão,29-mar-2027 seg,0,0,0,0,0,0,0,-,-,NaN,0,0,0,0,0,0,0,0,0,0,-,-,NaN,0,0,0,Total mar,0,0,0,0,0,0,0,-,-,NaN,0,0,0,Total,8740,4410,2949,0,0,7186,1554,"13,34","943 607,11","71,76",3075,0,16938
Data,Ocup,Opção,Cheg,Oferta/Uso Interno,Deduz. Individ.,Deduz. Grupos,% Ocup.,Receita Quartos,Preço Médio,Saídas,Quartos FdS,Adul. / Cri.,março,Previsão,30-mar-2027 ter,0,0,0,0,0,0,0,-,-,NaN,0,0,0,0,0,0,0,0,0,0,-,-,NaN,0,0,0,Total mar,0,0,0,0,0,0,0,-,-,NaN,0,0,0,Total,8740,4410,2949,0,0,7186,1554,"13,34","943 607,11","71,76",3075,0,16938
Data,Ocup,Opção,Cheg,Oferta/Uso Interno,Deduz. Individ.,Deduz. Grupos,% Ocup.,Receita Quartos,Preço Médio,Saídas,Quartos FdS,Adul. / Cri.,março,Previsão,31-mar-2027 qua,0,0,0,0,0,0,0,-,-,NaN,0,0,0,0,0,0,0,0,0,0,-,-,NaN,0,0,0,Total mar,0,0,0,0,0,0,0,-,-,NaN,0,0,0,Total,8740,4410,2949,0,0,7186,1554,"13,34","943 607,11","71,76",3075,0,16938
Data,Ocup,Opção,Cheg,Oferta/Uso Interno,Deduz. Individ.,Deduz. Grupos,% Ocup.,Receita Quartos,Preço Médio,Saídas,Quartos FdS,Adul. / Cri.,abril,Previsão,01-abr-2027 qui,0,0,0,0,0,0,0,-,-,NaN,0,0,0,0,0,0,0,0,0,0,-,-,NaN,0,0,0,Total abr,0,0,0,0,0,0,0,-,-,NaN,0,0,0,Total,8740,4410,2949,0,0,7186,1554,"13,34","943 607,11","71,76",3075,0,16938
Data,Ocup,Opção,Cheg,Oferta/Uso Interno,Deduz. Individ.,Deduz. Grupos,% Ocup.,Receita Quartos,Preço Médio,Saídas,Quartos FdS,Adul. / Cri.,abril,Previsão,02-abr-2027 sex,0,0,0,0,0,0,0,-,-,NaN,0,0,0,0,0,0,0,0,0,0,-,-,NaN,0,0,0,Total abr,0,0,0,0,0,0,0,-,-,NaN,0,0,0,Total,8740,4410,2949,0,0,7186,1554,"13,34","943 607,11","71,76",3075,0,16938
Data,Ocup,Opção,Cheg,Oferta/Uso Interno,Deduz. Individ.,Deduz. Grupos,% Ocup.,Receita Quartos,Preço Médio,Saídas,Quartos FdS,Adul. / Cri.,abril,Previsão,03-abr-2027 sáb,0,0,0,0,0,0,0,-,-,NaN,0,0,0,0,0,0,0,0,0,0,-,-,NaN,0,0,0,Total abr,0,0,0,0,0,0,0,-,-,NaN,0,0,0,Total,8740,4410,2949,0,0,7186,1554,"13,34","943 607,11","71,76",3075,0,16938
Data,Ocup,Opção,Cheg,Oferta/Uso Interno,Deduz. Individ.,Deduz. Grupos,% Ocup.,Receita Quartos,Preço Médio,Saídas,Quartos FdS,Adul. / Cri.,abril,Previsão,04-abr-2027 dom,0,0,0,0,0,0,0,-,-,NaN,0,0,0,0,0,0,0,0,0,0,-,-,NaN,0,0,0,Total abr,0,0,0,0,0,0,0,-,-,NaN,0,0,0,Total,8740,4410,2949,0,0,7186,1554,"13,34","943 607,11","71,76",3075,0,16938
Data,Ocup,Opção,Cheg,Oferta/Uso Interno,Deduz. Individ.,Deduz. Grupos,% Ocup.,Receita Quartos,Preço Médio,Saídas,Quartos FdS,Adul. / Cri.,abril,Previsão,05-abr-2027 seg,0,0,0,0,0,0,0,-,-,NaN,0,0,0,0,0,0,0,0,0,0,-,-,NaN,0,0,0,Total abr,0,0,0,0,0,0,0,-,-,NaN,0,0,0,Total,8740,4410,2949,0,0,7186,1554,"13,34","943 607,11","71,76",3075,0,16938
Data,Ocup,Opção,Cheg,Oferta/Uso Interno,Deduz. Individ.,Deduz. Grupos,% Ocup.,Receita Quartos,Preço Médio,Saídas,Quartos FdS,Adul. / Cri.,abril,Previsão,06-abr-2027 ter,0,0,0,0,0,0,0,-,-,NaN,0,0,0,0,0,0,0,0,0,0,-,-,NaN,0,0,0,Total abr,0,0,0,0,0,0,0,-,-,NaN,0,0,0,Total,8740,4410,2949,0,0,7186,1554,"13,34","943 607,11","71,76",3075,0,16938
Data,Ocup,Opção,Cheg,Oferta/Uso Interno,Deduz. Individ.,Deduz. Grupos,% Ocup.,Receita Quartos,Preço Médio,Saídas,Quartos FdS,Adul. / Cri.,abril,Previsão,07-abr-2027 qua,0,0,0,0,0,0,0,-,-,NaN,0,0,0,0,0,0,0,0,0,0,-,-,NaN,0,0,0,Total abr,0,0,0,0,0,0,0,-,-,NaN,0,0,0,Total,8740,4410,2949,0,0,7186,1554,"13,34","943 607,11","71,76",3075,0,16938
Data,Ocup,Opção,Cheg,Oferta/Uso Interno,Deduz. Individ.,Deduz. Grupos,% Ocup.,Receita Quartos,Preço Médio,Saídas,Quartos FdS,Adul. / Cri.,abril,Previsão,08-abr-2027 qui,0,0,0,0,0,0,0,-,-,NaN,0,0,0,0,0,0,0,0,0,0,-,-,NaN,0,0,0,Total abr,0,0,0,0,0,0,0,-,-,NaN,0,0,0,Total,8740,4410,2949,0,0,7186,1554,"13,34","943 607,11","71,76",3075,0,16938
Data,Ocup,Opção,Cheg,Oferta/Uso Interno,Deduz. Individ.,Deduz. Grupos,% Ocup.,Receita Quartos,Preço Médio,Saídas,Quartos FdS,Adul. / Cri.,abril,Previsão,09-abr-2027 sex,0,0,0,0,0,0,0,-,-,NaN,0,0,0,0,0,0,0,0,0,0,-,-,NaN,0,0,0,Total abr,0,0,0,0,0,0,0,-,-,NaN,0,0,0,Total,8740,4410,2949,0,0,7186,1554,"13,34","943 607,11","71,76",3075,0,16938
Data,Ocup,Opção,Cheg,Oferta/Uso Interno,Deduz. Individ.,Deduz. Grupos,% Ocup.,Receita Quartos,Preço Médio,Saídas,Quartos FdS,Adul. / Cri.,abril,Previsão,10-abr-2027 sáb,0,0,0,0,0,0,0,-,-,NaN,0,0,0,0,0,0,0,0,0,0,-,-,NaN,0,0,0,Total abr,0,0,0,0,0,0,0,-,-,NaN,0,0,0,Total,8740,4410,2949,0,0,7186,1554,"13,34","943 607,11","71,76",3075,0,16938
Data,Ocup,Opção,Cheg,Oferta/Uso Interno,Deduz. Individ.,Deduz. Grupos,% Ocup.,Receita Quartos,Preço Médio,Saídas,Quartos FdS,Adul. / Cri.,abril,Previsão,11-abr-2027 dom,0,0,0,0,0,0,0,-,-,NaN,0,0,0,0,0,0,0,0,0,0,-,-,NaN,0,0,0,Total abr,0,0,0,0,0,0,0,-,-,NaN,0,0,0,Total,8740,4410,2949,0,0,7186,1554,"13,34","943 607,11","71,76",3075,0,16938
Data,Ocup,Opção,Cheg,Oferta/Uso Interno,Deduz. Individ.,Deduz. Grupos,% Ocup.,Receita Quartos,Preço Médio,Saídas,Quartos FdS,Adul. / Cri.,abril,Previsão,12-abr-2027 seg,0,0,0,0,0,0,0,-,-,NaN,0,0,0,0,0,0,0,0,0,0,-,-,NaN,0,0,0,Total abr,0,0,0,0,0,0,0,-,-,NaN,0,0,0,Total,8740,4410,2949,0,0,7186,1554,"13,34","943 607,11","71,76",3075,0,16938
Data,Ocup,Opção,Cheg,Oferta/Uso Interno,Deduz. Individ.,Deduz. Grupos,% Ocup.,Receita Quartos,Preço Médio,Saídas,Quartos FdS,Adul. / Cri.,abril,Previsão,13-abr-2027 ter,0,0,0,0,0,0,0,-,-,NaN,0,0,0,0,0,0,0,0,0,0,-,-,NaN,0,0,0,Total abr,0,0,0,0,0,0,0,-,-,NaN,0,0,0,Total,8740,4410,2949,0,0,7186,1554,"13,34","943 607,11","71,76",3075,0,16938
Data,Ocup,Opção,Cheg,Oferta/Uso Interno,Deduz. Individ.,Deduz. Grupos,% Ocup.,Receita Quartos,Preço Médio,Saídas,Quartos FdS,Adul. / Cri.,abril,Previsão,14-abr-2027 qua,0,0,0,0,0,0,0,-,-,NaN,0,0,0,0,0,0,0,0,0,0,-,-,NaN,0,0,0,Total abr,0,0,0,0,0,0,0,-,-,NaN,0,0,0,Total,8740,4410,2949,0,0,7186,1554,"13,34","943 607,11","71,76",3075,0,16938
Data,Ocup,Opção,Cheg,Oferta/Uso Interno,Deduz. Individ.,Deduz. Grupos,% Ocup.,Receita Quartos,Preço Médio,Saídas,Quartos FdS,Adul. / Cri.,abril,Previsão,15-abr-2027 qui,0,0,0,0,0,0,0,-,-,NaN,0,0,0,0,0,0,0,0,0,0,-,-,NaN,0,0,0,Total abr,0,0,0,0,0,0,0,-,-,NaN,0,0,0,Total,8740,4410,2949,0,0,7186,1554,"13,34","943 607,11","71,76",3075,0,16938
Data,Ocup,Opção,Cheg,Oferta/Uso Interno,Deduz. Individ.,Deduz. Grupos,% Ocup.,Receita Quartos,Preço Médio,Saídas,Quartos FdS,Adul. / Cri.,abril,Previsão,16-abr-2027 sex,0,0,0,0,0,0,0,-,-,NaN,0,0,0,0,0,0,0,0,0,0,-,-,NaN,0,0,0,Total abr,0,0,0,0,0,0,0,-,-,NaN,0,0,0,Total,8740,4410,2949,0,0,7186,1554,"13,34","943 607,11","71,76",3075,0,16938
Data,Ocup,Opção,Cheg,Oferta/Uso Interno,Deduz. Individ.,Deduz. Grupos,% Ocup.,Receita Quartos,Preço Médio,Saídas,Quartos FdS,Adul. / Cri.,abril,Previsão,17-abr-2027 sáb,0,0,0,0,0,0,0,-,-,NaN,0,0,0,0,0,0,0,0,0,0,-,-,NaN,0,0,0,Total abr,0,0,0,0,0,0,0,-,-,NaN,0,0,0,Total,8740,4410,2949,0,0,7186,1554,"13,34","943 607,11","71,76",3075,0,16938
Data,Ocup,Opção,Cheg,Oferta/Uso Interno,Deduz. Individ.,Deduz. Grupos,% Ocup.,Receita Quartos,Preço Médio,Saídas,Quartos FdS,Adul. / Cri.,abril,Previsão,18-abr-2027 dom,0,0,0,0,0,0,0,-,-,NaN,0,0,0,0,0,0,0,0,0,0,-,-,NaN,0,0,0,Total abr,0,0,0,0,0,0,0,-,-,NaN,0,0,0,Total,8740,4410,2949,0,0,7186,1554,"13,34","943 607,11","71,76",3075,0,16938
Data,Ocup,Opção,Cheg,Oferta/Uso Interno,Deduz. Individ.,Deduz. Grupos,% Ocup.,Receita Quartos,Preço Médio,Saídas,Quartos FdS,Adul. / Cri.,abril,Previsão,19-abr-2027 seg,0,0,0,0,0,0,0,-,-,NaN,0,0,0,0,0,0,0,0,0,0,-,-,NaN,0,0,0,Total abr,0,0,0,0,0,0,0,-,-,NaN,0,0,0,Total,8740,4410,2949,0,0,7186,1554,"13,34","943 607,11","71,76",3075,0,16938
Data,Ocup,Opção,Cheg,Oferta/Uso Interno,Deduz. Individ.,Deduz. Grupos,% Ocup.,Receita Quartos,Preço Médio,Saídas,Quartos FdS,Adul. / Cri.,abril,Previsão,20-abr-2027 ter,0,0,0,0,0,0,0,-,-,NaN,0,0,0,0,0,0,0,0,0,0,-,-,NaN,0,0,0,Total abr,0,0,0,0,0,0,0,-,-,NaN,0,0,0,Total,8740,4410,2949,0,0,7186,1554,"13,34","943 607,11","71,76",3075,0,16938
Data,Ocup,Opção,Cheg,Oferta/Uso Interno,Deduz. Individ.,Deduz. Grupos,% Ocup.,Receita Quartos,Preço Médio,Saídas,Quartos FdS,Adul. / Cri.,abril,Previsão,21-abr-2027 qua,0,0,0,0,0,0,0,-,-,NaN,0,0,0,0,0,0,0,0,0,0,-,-,NaN,0,0,0,Total abr,0,0,0,0,0,0,0,-,-,NaN,0,0,0,Total,8740,4410,2949,0,0,7186,1554,"13,34","943 607,11","71,76",3075,0,16938
Data,Ocup,Opção,Cheg,Oferta/Uso Interno,Deduz. Individ.,Deduz. Grupos,% Ocup.,Receita Quartos,Preço Médio,Saídas,Quartos FdS,Adul. / Cri.,abril,Previsão,22-abr-2027 qui,0,0,0,0,0,0,0,-,-,NaN,0,0,0,0,0,0,0,0,0,0,-,-,NaN,0,0,0,Total abr,0,0,0,0,0,0,0,-,-,NaN,0,0,0,Total,8740,4410,2949,0,0,7186,1554,"13,34","943 607,11","71,76",3075,0,16938
Data,Ocup,Opção,Cheg,Oferta/Uso Interno,Deduz. Individ.,Deduz. Grupos,% Ocup.,Receita Quartos,Preço Médio,Saídas,Quartos FdS,Adul. / Cri.,abril,Previsão,23-abr-2027 sex,0,0,0,0,0,0,0,-,-,NaN,0,0,0,0,0,0,0,0,0,0,-,-,NaN,0,0,0,Total abr,0,0,0,0,0,0,0,-,-,NaN,0,0,0,Total,8740,4410,2949,0,0,7186,1554,"13,34","943 607,11","71,76",3075,0,16938
Data,Ocup,Opção,Cheg,Oferta/Uso Interno,Deduz. Individ.,Deduz. Grupos,% Ocup.,Receita Quartos,Preço Médio,Saídas,Quartos FdS,Adul. / Cri.,abril,Previsão,24-abr-2027 sáb,0,0,0,0,0,0,0,-,-,NaN,0,0,0,0,0,0,0,0,0,0,-,-,NaN,0,0,0,Total abr,0,0,0,0,0,0,0,-,-,NaN,0,0,0,Total,8740,4410,2949,0,0,7186,1554,"13,34","943 607,11","71,76",3075,0,16938
Data,Ocup,Opção,Cheg,Oferta/Uso Interno,Deduz. Individ.,Deduz. Grupos,% Ocup.,Receita Quartos,Preço Médio,Saídas,Quartos FdS,Adul. / Cri.,abril,Previsão,25-abr-2027 dom,0,0,0,0,0,0,0,-,-,NaN,0,0,0,0,0,0,0,0,0,0,-,-,NaN,0,0,0,Total abr,0,0,0,0,0,0,0,-,-,NaN,0,0,0,Total,8740,4410,2949,0,0,7186,1554,"13,34","943 607,11","71,76",3075,0,16938
Data,Ocup,Opção,Cheg,Oferta/Uso Interno,Deduz. Individ.,Deduz. Grupos,% Ocup.,Receita Quartos,Preço Médio,Saídas,Quartos FdS,Adul. / Cri.,abril,Previsão,26-abr-2027 seg,0,0,0,0,0,0,0,-,-,NaN,0,0,0,0,0,0,0,0,0,0,-,-,NaN,0,0,0,Total abr,0,0,0,0,0,0,0,-,-,NaN,0,0,0,Total,8740,4410,2949,0,0,7186,1554,"13,34","943 607,11","71,76",3075,0,16938
Data,Ocup,Opção,Cheg,Oferta/Uso Interno,Deduz. Individ.,Deduz. Grupos,% Ocup.,Receita Quartos,Preço Médio,Saídas,Quartos FdS,Adul. / Cri.,abril,Previsão,27-abr-2027 ter,0,0,0,0,0,0,0,-,-,NaN,0,0,0,0,0,0,0,0,0,0,-,-,NaN,0,0,0,Total abr,0,0,0,0,0,0,0,-,-,NaN,0,0,0,Total,8740,4410,2949,0,0,7186,1554,"13,34","943 607,11","71,76",3075,0,16938
Data,Ocup,Opção,Cheg,Oferta/Uso Interno,Deduz. Individ.,Deduz. Grupos,% Ocup.,Receita Quartos,Preço Médio,Saídas,Quartos FdS,Adul. / Cri.,abril,Previsão,28-abr-2027 qua,0,0,0,0,0,0,0,-,-,NaN,0,0,0,0,0,0,0,0,0,0,-,-,NaN,0,0,0,Total abr,0,0,0,0,0,0,0,-,-,NaN,0,0,0,Total,8740,4410,2949,0,0,7186,1554,"13,34","943 607,11","71,76",3075,0,16938
Data,Ocup,Opção,Cheg,Oferta/Uso Interno,Deduz. Individ.,Deduz. Grupos,% Ocup.,Receita Quartos,Preço Médio,Saídas,Quartos FdS,Adul. / Cri.,abril,Previsão,29-abr-2027 qui,0,0,0,0,0,0,0,-,-,NaN,0,0,0,0,0,0,0,0,0,0,-,-,NaN,0,0,0,Total abr,0,0,0,0,0,0,0,-,-,NaN,0,0,0,Total,8740,4410,2949,0,0,7186,1554,"13,34","943 607,11","71,76",3075,0,16938
Data,Ocup,Opção,Cheg,Oferta/Uso Interno,Deduz. Individ.,Deduz. Grupos,% Ocup.,Receita Quartos,Preço Médio,Saídas,Quartos FdS,Adul. / Cri.,abril,Previsão,30-abr-2027 sex,0,0,0,0,0,0,0,-,-,NaN,0,0,0,0,0,0,0,0,0,0,-,-,NaN,0,0,0,Total abr,0,0,0,0,0,0,0,-,-,NaN,0,0,0,Total,8740,4410,2949,0,0,7186,1554,"13,34","943 607,11","71,76",3075,0,16938
Data,Ocup,Opção,Cheg,Oferta/Uso Interno,Deduz. Individ.,Deduz. Grupos,% Ocup.,Receita Quartos,Preço Médio,Saídas,Quartos FdS,Adul. / Cri.,maio,Previsão,01-mai-2027 sáb,0,0,0,0,0,0,0,-,-,NaN,0,0,0,0,0,0,0,0,0,0,-,-,NaN,0,0,0,Total mai,0,0,0,0,0,0,0,-,-,NaN,0,0,0,Total,8740,4410,2949,0,0,7186,1554,"13,34","943 607,11","71,76",3075,0,16938
Data,Ocup,Opção,Cheg,Oferta/Uso Interno,Deduz. Individ.,Deduz. Grupos,% Ocup.,Receita Quartos,Preço Médio,Saídas,Quartos FdS,Adul. / Cri.,maio,Previsão,02-mai-2027 dom,0,0,0,0,0,0,0,-,-,NaN,0,0,0,0,0,0,0,0,0,0,-,-,NaN,0,0,0,Total mai,0,0,0,0,0,0,0,-,-,NaN,0,0,0,Total,8740,4410,2949,0,0,7186,1554,"13,34","943 607,11","71,76",3075,0,16938
Data,Ocup,Opção,Cheg,Oferta/Uso Interno,Deduz. Individ.,Deduz. Grupos,% Ocup.,Receita Quartos,Preço Médio,Saídas,Quartos FdS,Adul. / Cri.,maio,Previsão,03-mai-2027 seg,0,0,0,0,0,0,0,-,-,NaN,0,0,0,0,0,0,0,0,0,0,-,-,NaN,0,0,0,Total mai,0,0,0,0,0,0,0,-,-,NaN,0,0,0,Total,8740,4410,2949,0,0,7186,1554,"13,34","943 607,11","71,76",3075,0,16938
Data,Ocup,Opção,Cheg,Oferta/Uso Interno,Deduz. Individ.,Deduz. Grupos,% Ocup.,Receita Quartos,Preço Médio,Saídas,Quartos FdS,Adul. / Cri.,maio,Previsão,04-mai-2027 ter,0,0,0,0,0,0,0,-,-,NaN,0,0,0,0,0,0,0,0,0,0,-,-,NaN,0,0,0,Total mai,0,0,0,0,0,0,0,-,-,NaN,0,0,0,Total,8740,4410,2949,0,0,7186,1554,"13,34","943 607,11","71,76",3075,0,16938
Data,Ocup,Opção,Cheg,Oferta/Uso Interno,Deduz. Individ.,Deduz. Grupos,% Ocup.,Receita Quartos,Preço Médio,Saídas,Quartos FdS,Adul. / Cri.,maio,Previsão,05-mai-2027 qua,0,0,0,0,0,0,0,-,-,NaN,0,0,0,0,0,0,0,0,0,0,-,-,NaN,0,0,0,Total mai,0,0,0,0,0,0,0,-,-,NaN,0,0,0,Total,8740,4410,2949,0,0,7186,1554,"13,34","943 607,11","71,76",3075,0,16938
Data,Ocup,Opção,Cheg,Oferta/Uso Interno,Deduz. Individ.,Deduz. Grupos,% Ocup.,Receita Quartos,Preço Médio,Saídas,Quartos FdS,Adul. / Cri.,maio,Previsão,06-mai-2027 qui,0,0,0,0,0,0,0,-,-,NaN,0,0,0,0,0,0,0,0,0,0,-,-,NaN,0,0,0,Total mai,0,0,0,0,0,0,0,-,-,NaN,0,0,0,Total,8740,4410,2949,0,0,7186,1554,"13,34","943 607,11","71,76",3075,0,16938
Data,Ocup,Opção,Cheg,Oferta/Uso Interno,Deduz. Individ.,Deduz. Grupos,% Ocup.,Receita Quartos,Preço Médio,Saídas,Quartos FdS,Adul. / Cri.,maio,Previsão,07-mai-2027 sex,0,0,0,0,0,0,0,-,-,NaN,0,0,0,0,0,0,0,0,0,0,-,-,NaN,0,0,0,Total mai,0,0,0,0,0,0,0,-,-,NaN,0,0,0,Total,8740,4410,2949,0,0,7186,1554,"13,34","943 607,11","71,76",3075,0,16938
Data,Ocup,Opção,Cheg,Oferta/Uso Interno,Deduz. Individ.,Deduz. Grupos,% Ocup.,Receita Quartos,Preço Médio,Saídas,Quartos FdS,Adul. / Cri.,maio,Previsão,08-mai-2027 sáb,0,0,0,0,0,0,0,-,-,NaN,0,0,0,0,0,0,0,0,0,0,-,-,NaN,0,0,0,Total mai,0,0,0,0,0,0,0,-,-,NaN,0,0,0,Total,8740,4410,2949,0,0,7186,1554,"13,34","943 607,11","71,76",3075,0,16938
Data,Ocup,Opção,Cheg,Oferta/Uso Interno,Deduz. Individ.,Deduz. Grupos,% Ocup.,Receita Quartos,Preço Médio,Saídas,Quartos FdS,Adul. / Cri.,maio,Previsão,09-mai-2027 dom,0,0,0,0,0,0,0,-,-,NaN,0,0,0,0,0,0,0,0,0,0,-,-,NaN,0,0,0,Total mai,0,0,0,0,0,0,0,-,-,NaN,0,0,0,Total,8740,4410,2949,0,0,7186,1554,"13,34","943 607,11","71,76",3075,0,16938
Data,Ocup,Opção,Cheg,Oferta/Uso Interno,Deduz. Individ.,Deduz. Grupos,% Ocup.,Receita Quartos,Preço Médio,Saídas,Quartos FdS,Adul. / Cri.,maio,Previsão,10-mai-2027 seg,0,0,0,0,0,0,0,-,-,NaN,0,0,0,0,0,0,0,0,0,0,-,-,NaN,0,0,0,Total mai,0,0,0,0,0,0,0,-,-,NaN,0,0,0,Total,8740,4410,2949,0,0,7186,1554,"13,34","943 607,11","71,76",3075,0,16938
Data,Ocup,Opção,Cheg,Oferta/Uso Interno,Deduz. Individ.,Deduz. Grupos,% Ocup.,Receita Quartos,Preço Médio,Saídas,Quartos FdS,Adul. / Cri.,maio,Previsão,11-mai-2027 ter,0,0,0,0,0,0,0,-,-,NaN,0,0,0,0,0,0,0,0,0,0,-,-,NaN,0,0,0,Total mai,0,0,0,0,0,0,0,-,-,NaN,0,0,0,Total,8740,4410,2949,0,0,7186,1554,"13,34","943 607,11","71,76",3075,0,16938
Data,Ocup,Opção,Cheg,Oferta/Uso Interno,Deduz. Individ.,Deduz. Grupos,% Ocup.,Receita Quartos,Preço Médio,Saídas,Quartos FdS,Adul. / Cri.,maio,Previsão,12-mai-2027 qua,0,0,0,0,0,0,0,-,-,NaN,0,0,0,0,0,0,0,0,0,0,-,-,NaN,0,0,0,Total mai,0,0,0,0,0,0,0,-,-,NaN,0,0,0,Total,8740,4410,2949,0,0,7186,1554,"13,34","943 607,11","71,76",3075,0,16938
Data,Ocup,Opção,Cheg,Oferta/Uso Interno,Deduz. Individ.,Deduz. Grupos,% Ocup.,Receita Quartos,Preço Médio,Saídas,Quartos FdS,Adul. / Cri.,maio,Previsão,13-mai-2027 qui,0,0,0,0,0,0,0,-,-,NaN,0,0,0,0,0,0,0,0,0,0,-,-,NaN,0,0,0,Total mai,0,0,0,0,0,0,0,-,-,NaN,0,0,0,Total,8740,4410,2949,0,0,7186,1554,"13,34","943 607,11","71,76",3075,0,16938
Data,Ocup,Opção,Cheg,Oferta/Uso Interno,Deduz. Individ.,Deduz. Grupos,% Ocup.,Receita Quartos,Preço Médio,Saídas,Quartos FdS,Adul. / Cri.,maio,Previsão,14-mai-2027 sex,0,0,0,0,0,0,0,-,-,NaN,0,0,0,0,0,0,0,0,0,0,-,-,NaN,0,0,0,Total mai,0,0,0,0,0,0,0,-,-,NaN,0,0,0,Total,8740,4410,2949,0,0,7186,1554,"13,34","943 607,11","71,76",3075,0,16938
Data,Ocup,Opção,Cheg,Oferta/Uso Interno,Deduz. Individ.,Deduz. Grupos,% Ocup.,Receita Quartos,Preço Médio,Saídas,Quartos FdS,Adul. / Cri.,maio,Previsão,15-mai-2027 sáb,0,0,0,0,0,0,0,-,-,NaN,0,0,0,0,0,0,0,0,0,0,-,-,NaN,0,0,0,Total mai,0,0,0,0,0,0,0,-,-,NaN,0,0,0,Total,8740,4410,2949,0,0,7186,1554,"13,34","943 607,11","71,76",3075,0,16938
Data,Ocup,Opção,Cheg,Oferta/Uso Interno,Deduz. Individ.,Deduz. Grupos,% Ocup.,Receita Quartos,Preço Médio,Saídas,Quartos FdS,Adul. / Cri.,maio,Previsão,16-mai-2027 dom,0,0,0,0,0,0,0,-,-,NaN,0,0,0,0,0,0,0,0,0,0,-,-,NaN,0,0,0,Total mai,0,0,0,0,0,0,0,-,-,NaN,0,0,0,Total,8740,4410,2949,0,0,7186,1554,"13,34","943 607,11","71,76",3075,0,16938
Data,Ocup,Opção,Cheg,Oferta/Uso Interno,Deduz. Individ.,Deduz. Grupos,% Ocup.,Receita Quartos,Preço Médio,Saídas,Quartos FdS,Adul. / Cri.,maio,Previsão,17-mai-2027 seg,0,0,0,0,0,0,0,-,-,NaN,0,0,0,0,0,0,0,0,0,0,-,-,NaN,0,0,0,Total mai,0,0,0,0,0,0,0,-,-,NaN,0,0,0,Total,8740,4410,2949,0,0,7186,1554,"13,34","943 607,11","71,76",3075,0,16938
Data,Ocup,Opção,Cheg,Oferta/Uso Interno,Deduz. Individ.,Deduz. Grupos,% Ocup.,Receita Quartos,Preço Médio,Saídas,Quartos FdS,Adul. / Cri.,maio,Previsão,18-mai-2027 ter,0,0,0,0,0,0,0,-,-,NaN,0,0,0,0,0,0,0,0,0,0,-,-,NaN,0,0,0,Total mai,0,0,0,0,0,0,0,-,-,NaN,0,0,0,Total,8740,4410,2949,0,0,7186,1554,"13,34","943 607,11","71,76",3075,0,16938
Data,Ocup,Opção,Cheg,Oferta/Uso Interno,Deduz. Individ.,Deduz. Grupos,% Ocup.,Receita Quartos,Preço Médio,Saídas,Quartos FdS,Adul. / Cri.,maio,Previsão,19-mai-2027 qua,0,0,0,0,0,0,0,-,-,NaN,0,0,0,0,0,0,0,0,0,0,-,-,NaN,0,0,0,Total mai,0,0,0,0,0,0,0,-,-,NaN,0,0,0,Total,8740,4410,2949,0,0,7186,1554,"13,34","943 607,11","71,76",3075,0,16938
Data,Ocup,Opção,Cheg,Oferta/Uso Interno,Deduz. Individ.,Deduz. Grupos,% Ocup.,Receita Quartos,Preço Médio,Saídas,Quartos FdS,Adul. / Cri.,maio,Previsão,20-mai-2027 qui,0,0,0,0,0,0,0,-,-,NaN,0,0,0,0,0,0,0,0,0,0,-,-,NaN,0,0,0,Total mai,0,0,0,0,0,0,0,-,-,NaN,0,0,0,Total,8740,4410,2949,0,0,7186,1554,"13,34","943 607,11","71,76",3075,0,16938
Data,Ocup,Opção,Cheg,Oferta/Uso Interno,Deduz. Individ.,Deduz. Grupos,% Ocup.,Receita Quartos,Preço Médio,Saídas,Quartos FdS,Adul. / Cri.,maio,Previsão,21-mai-2027 sex,0,0,0,0,0,0,0,-,-,NaN,0,0,0,0,0,0,0,0,0,0,-,-,NaN,0,0,0,Total mai,0,0,0,0,0,0,0,-,-,NaN,0,0,0,Total,8740,4410,2949,0,0,7186,1554,"13,34","943 607,11","71,76",3075,0,16938
Data,Ocup,Opção,Cheg,Oferta/Uso Interno,Deduz. Individ.,Deduz. Grupos,% Ocup.,Receita Quartos,Preço Médio,Saídas,Quartos FdS,Adul. / Cri.,maio,Previsão,22-mai-2027 sáb,0,0,0,0,0,0,0,-,-,NaN,0,0,0,0,0,0,0,0,0,0,-,-,NaN,0,0,0,Total mai,0,0,0,0,0,0,0,-,-,NaN,0,0,0,Total,8740,4410,2949,0,0,7186,1554,"13,34","943 607,11","71,76",3075,0,16938
Data,Ocup,Opção,Cheg,Oferta/Uso Interno,Deduz. Individ.,Deduz. Grupos,% Ocup.,Receita Quartos,Preço Médio,Saídas,Quartos FdS,Adul. / Cri.,maio,Previsão,23-mai-2027 dom,0,0,0,0,0,0,0,-,-,NaN,0,0,0,0,0,0,0,0,0,0,-,-,NaN,0,0,0,Total mai,0,0,0,0,0,0,0,-,-,NaN,0,0,0,Total,8740,4410,2949,0,0,7186,1554,"13,34","943 607,11","71,76",3075,0,16938
Data,Ocup,Opção,Cheg,Oferta/Uso Interno,Deduz. Individ.,Deduz. Grupos,% Ocup.,Receita Quartos,Preço Médio,Saídas,Quartos FdS,Adul. / Cri.,maio,Previsão,24-mai-2027 seg,0,0,0,0,0,0,0,-,-,NaN,0,0,0,0,0,0,0,0,0,0,-,-,NaN,0,0,0,Total mai,0,0,0,0,0,0,0,-,-,NaN,0,0,0,Total,8740,4410,2949,0,0,7186,1554,"13,34","943 607,11","71,76",3075,0,16938
Data,Ocup,Opção,Cheg,Oferta/Uso Interno,Deduz. Individ.,Deduz. Grupos,% Ocup.,Receita Quartos,Preço Médio,Saídas,Quartos FdS,Adul. / Cri.,maio,Previsão,25-mai-2027 ter,0,0,0,0,0,0,0,-,-,NaN,0,0,0,0,0,0,0,0,0,0,-,-,NaN,0,0,0,Total mai,0,0,0,0,0,0,0,-,-,NaN,0,0,0,Total,8740,4410,2949,0,0,7186,1554,"13,34","943 607,11","71,76",3075,0,16938
Data,Ocup,Opção,Cheg,Oferta/Uso Interno,Deduz. Individ.,Deduz. Grupos,% Ocup.,Receita Quartos,Preço Médio,Saídas,Quartos FdS,Adul. / Cri.,maio,Previsão,26-mai-2027 qua,0,0,0,0,0,0,0,-,-,NaN,0,0,0,0,0,0,0,0,0,0,-,-,NaN,0,0,0,Total mai,0,0,0,0,0,0,0,-,-,NaN,0,0,0,Total,8740,4410,2949,0,0,7186,1554,"13,34","943 607,11","71,76",3075,0,16938
Data,Ocup,Opção,Cheg,Oferta/Uso Interno,Deduz. Individ.,Deduz. Grupos,% Ocup.,Receita Quartos,Preço Médio,Saídas,Quartos FdS,Adul. / Cri.,maio,Previsão,27-mai-2027 qui,0,0,0,0,0,0,0,-,-,NaN,0,0,0,0,0,0,0,0,0,0,-,-,NaN,0,0,0,Total mai,0,0,0,0,0,0,0,-,-,NaN,0,0,0,Total,8740,4410,2949,0,0,7186,1554,"13,34","943 607,11","71,76",3075,0,16938
Data,Ocup,Opção,Cheg,Oferta/Uso Interno,Deduz. Individ.,Deduz. Grupos,% Ocup.,Receita Quartos,Preço Médio,Saídas,Quartos FdS,Adul. / Cri.,maio,Previsão,28-mai-2027 sex,0,0,0,0,0,0,0,-,-,NaN,0,0,0,0,0,0,0,0,0,0,-,-,NaN,0,0,0,Total mai,0,0,0,0,0,0,0,-,-,NaN,0,0,0,Total,8740,4410,2949,0,0,7186,1554,"13,34","943 607,11","71,76",3075,0,16938
Data,Ocup,Opção,Cheg,Oferta/Uso Interno,Deduz. Individ.,Deduz. Grupos,% Ocup.,Receita Quartos,Preço Médio,Saídas,Quartos FdS,Adul. / Cri.,maio,Previsão,29-mai-2027 sáb,0,0,0,0,0,0,0,-,-,NaN,0,0,0,0,0,0,0,0,0,0,-,-,NaN,0,0,0,Total mai,0,0,0,0,0,0,0,-,-,NaN,0,0,0,Total,8740,4410,2949,0,0,7186,1554,"13,34","943 607,11","71,76",3075,0,16938
Data,Ocup,Opção,Cheg,Oferta/Uso Interno,Deduz. Individ.,Deduz. Grupos,% Ocup.,Receita Quartos,Preço Médio,Saídas,Quartos FdS,Adul. / Cri.,maio,Previsão,30-mai-2027 dom,0,0,0,0,0,0,0,-,-,NaN,0,0,0,0,0,0,0,0,0,0,-,-,NaN,0,0,0,Total mai,0,0,0,0,0,0,0,-,-,NaN,0,0,0,Total,8740,4410,2949,0,0,7186,1554,"13,34","943 607,11","71,76",3075,0,16938
Data,Ocup,Opção,Cheg,Oferta/Uso Interno,Deduz. Individ.,Deduz. Grupos,% Ocup.,Receita Quartos,Preço Médio,Saídas,Quartos FdS,Adul. / Cri.,maio,Previsão,31-mai-2027 seg,0,0,0,0,0,0,0,-,-,NaN,0,0,0,0,0,0,0,0,0,0,-,-,NaN,0,0,0,Total mai,0,0,0,0,0,0,0,-,-,NaN,0,0,0,Total,8740,4410,2949,0,0,7186,1554,"13,34","943 607,11","71,76",3075,0,16938
Data,Ocup,Opção,Cheg,Oferta/Uso Interno,Deduz. Individ.,Deduz. Grupos,% Ocup.,Receita Quartos,Preço Médio,Saídas,Quartos FdS,Adul. / Cri.,junho,Previsão,01-jun-2027 ter,0,0,0,0,0,0,0,-,-,NaN,0,0,0,0,45,0,0,0,0,0,"1,11",-,-,0,0,0,Total jun,0,45,0,0,0,0,0,"1,11",-,-,0,0,0,Total,8740,4410,2949,0,0,7186,1554,"13,34","943 607,11","71,76",3075,0,16938
Data,Ocup,Opção,Cheg,Oferta/Uso Interno,Deduz. Individ.,Deduz. Grupos,% Ocup.,Receita Quartos,Preço Médio,Saídas,Quartos FdS,Adul. / Cri.,junho,Previsão,02-jun-2027 qua,0,0,0,0,0,0,0,-,-,NaN,0,0,0,0,45,0,0,0,0,0,"1,11",-,-,0,0,0,Total jun,0,45,0,0,0,0,0,"1,11",-,-,0,0,0,Total,8740,4410,2949,0,0,7186,1554,"13,34","943 607,11","71,76",3075,0,16938
Data,Ocup,Opção,Cheg,Oferta/Uso Interno,Deduz. Individ.,Deduz. Grupos,% Ocup.,Receita Quartos,Preço Médio,Saídas,Quartos FdS,Adul. / Cri.,junho,Previsão,03-jun-2027 qui,0,0,0,0,0,0,0,-,-,NaN,0,0,0,0,45,0,0,0,0,0,"1,11",-,-,0,0,0,Total jun,0,45,0,0,0,0,0,"1,11",-,-,0,0,0,Total,8740,4410,2949,0,0,7186,1554,"13,34","943 607,11","71,76",3075,0,16938
Data,Ocup,Opção,Cheg,Oferta/Uso Interno,Deduz. Individ.,Deduz. Grupos,% Ocup.,Receita Quartos,Preço Médio,Saídas,Quartos FdS,Adul. / Cri.,junho,Previsão,04-jun-2027 sex,0,0,0,0,0,0,0,-,-,NaN,0,0,0,0,45,0,0,0,0,0,"1,11",-,-,0,0,0,Total jun,0,45,0,0,0,0,0,"1,11",-,-,0,0,0,Total,8740,4410,2949,0,0,7186,1554,"13,34","943 607,11","71,76",3075,0,16938
Data,Ocup,Opção,Cheg,Oferta/Uso Interno,Deduz. Individ.,Deduz. Grupos,% Ocup.,Receita Quartos,Preço Médio,Saídas,Quartos FdS,Adul. / Cri.,junho,Previsão,05-jun-2027 sáb,0,0,0,0,0,0,0,-,-,NaN,0,0,0,0,45,0,0,0,0,0,"1,11",-,-,0,0,0,Total jun,0,45,0,0,0,0,0,"1,11",-,-,0,0,0,Total,8740,4410,2949,0,0,7186,1554,"13,34","943 607,11","71,76",3075,0,16938
Data,Ocup,Opção,Cheg,Oferta/Uso Interno,Deduz. Individ.,Deduz. Grupos,% Ocup.,Receita Quartos,Preço Médio,Saídas,Quartos FdS,Adul. / Cri.,junho,Previsão,06-jun-2027 dom,0,0,0,0,0,0,0,-,-,NaN,0,0,0,0,45,0,0,0,0,0,"1,11",-,-,0,0,0,Total jun,0,45,0,0,0,0,0,"1,11",-,-,0,0,0,Total,8740,4410,2949,0,0,7186,1554,"13,34","943 607,11","71,76",3075,0,16938
Data,Ocup,Opção,Cheg,Oferta/Uso Interno,Deduz. Individ.,Deduz. Grupos,% Ocup.,Receita Quartos,Preço Médio,Saídas,Quartos FdS,Adul. / Cri.,junho,Previsão,07-jun-2027 seg,0,0,0,0,0,0,0,-,-,NaN,0,0,0,0,45,0,0,0,0,0,"1,11",-,-,0,0,0,Total jun,0,45,0,0,0,0,0,"1,11",-,-,0,0,0,Total,8740,4410,2949,0,0,7186,1554,"13,34","943 607,11","71,76",3075,0,16938
Data,Ocup,Opção,Cheg,Oferta/Uso Interno,Deduz. Individ.,Deduz. Grupos,% Ocup.,Receita Quartos,Preço Médio,Saídas,Quartos FdS,Adul. / Cri.,junho,Previsão,08-jun-2027 ter,0,0,0,0,0,0,0,-,-,NaN,0,0,0,0,45,0,0,0,0,0,"1,11",-,-,0,0,0,Total jun,0,45,0,0,0,0,0,"1,11",-,-,0,0,0,Total,8740,4410,2949,0,0,7186,1554,"13,34","943 607,11","71,76",3075,0,16938
Data,Ocup,Opção,Cheg,Oferta/Uso Interno,Deduz. Individ.,Deduz. Grupos,% Ocup.,Receita Quartos,Preço Médio,Saídas,Quartos FdS,Adul. / Cri.,junho,Previsão,09-jun-2027 qua,0,0,0,0,0,0,0,-,-,NaN,0,0,0,0,45,0,0,0,0,0,"1,11",-,-,0,0,0,Total jun,0,45,0,0,0,0,0,"1,11",-,-,0,0,0,Total,8740,4410,2949,0,0,7186,1554,"13,34","943 607,11","71,76",3075,0,16938
Data,Ocup,Opção,Cheg,Oferta/Uso Interno,Deduz. Individ.,Deduz. Grupos,% Ocup.,Receita Quartos,Preço Médio,Saídas,Quartos FdS,Adul. / Cri.,junho,Previsão,10-jun-2027 qui,0,0,0,0,0,0,0,-,-,NaN,0,0,0,0,45,0,0,0,0,0,"1,11",-,-,0,0,0,Total jun,0,45,0,0,0,0,0,"1,11",-,-,0,0,0,Total,8740,4410,2949,0,0,7186,1554,"13,34","943 607,11","71,76",3075,0,16938
Data,Ocup,Opção,Cheg,Oferta/Uso Interno,Deduz. Individ.,Deduz. Grupos,% Ocup.,Receita Quartos,Preço Médio,Saídas,Quartos FdS,Adul. / Cri.,junho,Previsão,11-jun-2027 sex,0,0,0,0,0,0,0,-,-,NaN,0,0,0,0,45,0,0,0,0,0,"1,11",-,-,0,0,0,Total jun,0,45,0,0,0,0,0,"1,11",-,-,0,0,0,Total,8740,4410,2949,0,0,7186,1554,"13,34","943 607,11","71,76",3075,0,16938
Data,Ocup,Opção,Cheg,Oferta/Uso Interno,Deduz. Individ.,Deduz. Grupos,% Ocup.,Receita Quartos,Preço Médio,Saídas,Quartos FdS,Adul. / Cri.,junho,Previsão,12-jun-2027 sáb,0,0,0,0,0,0,0,-,-,NaN,0,0,0,0,45,0,0,0,0,0,"1,11",-,-,0,0,0,Total jun,0,45,0,0,0,0,0,"1,11",-,-,0,0,0,Total,8740,4410,2949,0,0,7186,1554,"13,34","943 607,11","71,76",3075,0,16938
Data,Ocup,Opção,Cheg,Oferta/Uso Interno,Deduz. Individ.,Deduz. Grupos,% Ocup.,Receita Quartos,Preço Médio,Saídas,Quartos FdS,Adul. / Cri.,junho,Previsão,13-jun-2027 dom,0,0,0,0,0,0,0,-,-,NaN,0,0,0,0,45,0,0,0,0,0,"1,11",-,-,0,0,0,Total jun,0,45,0,0,0,0,0,"1,11",-,-,0,0,0,Total,8740,4410,2949,0,0,7186,1554,"13,34","943 607,11","71,76",3075,0,16938
Data,Ocup,Opção,Cheg,Oferta/Uso Interno,Deduz. Individ.,Deduz. Grupos,% Ocup.,Receita Quartos,Preço Médio,Saídas,Quartos FdS,Adul. / Cri.,junho,Previsão,14-jun-2027 seg,0,0,0,0,0,0,0,-,-,NaN,0,0,0,0,45,0,0,0,0,0,"1,11",-,-,0,0,0,Total jun,0,45,0,0,0,0,0,"1,11",-,-,0,0,0,Total,8740,4410,2949,0,0,7186,1554,"13,34","943 607,11","71,76",3075,0,16938
Data,Ocup,Opção,Cheg,Oferta/Uso Interno,Deduz. Individ.,Deduz. Grupos,% Ocup.,Receita Quartos,Preço Médio,Saídas,Quartos FdS,Adul. / Cri.,junho,Previsão,15-jun-2027 ter,0,0,0,0,0,0,0,-,-,NaN,0,0,0,0,45,0,0,0,0,0,"1,11",-,-,0,0,0,Total jun,0,45,0,0,0,0,0,"1,11",-,-,0,0,0,Total,8740,4410,2949,0,0,7186,1554,"13,34","943 607,11","71,76",3075,0,16938
Data,Ocup,Opção,Cheg,Oferta/Uso Interno,Deduz. Individ.,Deduz. Grupos,% Ocup.,Receita Quartos,Preço Médio,Saídas,Quartos FdS,Adul. / Cri.,junho,Previsão,16-jun-2027 qua,0,0,0,0,0,0,0,-,-,NaN,0,0,0,0,45,0,0,0,0,0,"1,11",-,-,0,0,0,Total jun,0,45,0,0,0,0,0,"1,11",-,-,0,0,0,Total,8740,4410,2949,0,0,7186,1554,"13,34","943 607,11","71,76",3075,0,16938
Data,Ocup,Opção,Cheg,Oferta/Uso Interno,Deduz. Individ.,Deduz. Grupos,% Ocup.,Receita Quartos,Preço Médio,Saídas,Quartos FdS,Adul. / Cri.,junho,Previsão,17-jun-2027 qui,0,0,0,0,0,0,0,-,-,NaN,0,0,0,0,45,0,0,0,0,0,"1,11",-,-,0,0,0,Total jun,0,45,0,0,0,0,0,"1,11",-,-,0,0,0,Total,8740,4410,2949,0,0,7186,1554,"13,34","943 607,11","71,76",3075,0,16938
Data,Ocup,Opção,Cheg,Oferta/Uso Interno,Deduz. Individ.,Deduz. Grupos,% Ocup.,Receita Quartos,Preço Médio,Saídas,Quartos FdS,Adul. / Cri.,junho,Previsão,18-jun-2027 sex,0,0,0,0,0,0,0,-,-,NaN,0,0,0,0,45,0,0,0,0,0,"1,11",-,-,0,0,0,Total jun,0,45,0,0,0,0,0,"1,11",-,-,0,0,0,Total,8740,4410,2949,0,0,7186,1554,"13,34","943 607,11","71,76",3075,0,16938
Data,Ocup,Opção,Cheg,Oferta/Uso Interno,Deduz. Individ.,Deduz. Grupos,% Ocup.,Receita Quartos,Preço Médio,Saídas,Quartos FdS,Adul. / Cri.,junho,Previsão,19-jun-2027 sáb,0,0,0,0,0,0,0,-,-,NaN,0,0,0,0,45,0,0,0,0,0,"1,11",-,-,0,0,0,Total jun,0,45,0,0,0,0,0,"1,11",-,-,0,0,0,Total,8740,4410,2949,0,0,7186,1554,"13,34","943 607,11","71,76",3075,0,16938
Data,Ocup,Opção,Cheg,Oferta/Uso Interno,Deduz. Individ.,Deduz. Grupos,% Ocup.,Receita Quartos,Preço Médio,Saídas,Quartos FdS,Adul. / Cri.,junho,Previsão,20-jun-2027 dom,0,0,0,0,0,0,0,-,-,NaN,0,0,0,0,45,0,0,0,0,0,"1,11",-,-,0,0,0,Total jun,0,45,0,0,0,0,0,"1,11",-,-,0,0,0,Total,8740,4410,2949,0,0,7186,1554,"13,34","943 607,11","71,76",3075,0,16938
Data,Ocup,Opção,Cheg,Oferta/Uso Interno,Deduz. Individ.,Deduz. Grupos,% Ocup.,Receita Quartos,Preço Médio,Saídas,Quartos FdS,Adul. / Cri.,junho,Previsão,21-jun-2027 seg,0,0,0,0,0,0,0,-,-,NaN,0,0,0,0,45,0,0,0,0,0,"1,11",-,-,0,0,0,Total jun,0,45,0,0,0,0,0,"1,11",-,-,0,0,0,Total,8740,4410,2949,0,0,7186,1554,"13,34","943 607,11","71,76",3075,0,16938
Data,Ocup,Opção,Cheg,Oferta/Uso Interno,Deduz. Individ.,Deduz. Grupos,% Ocup.,Receita Quartos,Preço Médio,Saídas,Quartos FdS,Adul. / Cri.,junho,Previsão,22-jun-2027 ter,0,0,0,0,0,0,0,-,-,NaN,0,0,0,0,45,0,0,0,0,0,"1,11",-,-,0,0,0,Total jun,0,45,0,0,0,0,0,"1,11",-,-,0,0,0,Total,8740,4410,2949,0,0,7186,1554,"13,34","943 607,11","71,76",3075,0,16938
Data,Ocup,Opção,Cheg,Oferta/Uso Interno,Deduz. Individ.,Deduz. Grupos,% Ocup.,Receita Quartos,Preço Médio,Saídas,Quartos FdS,Adul. / Cri.,junho,Previsão,23-jun-2027 qua,0,0,0,0,0,0,0,-,-,NaN,0,0,0,0,45,0,0,0,0,0,"1,11",-,-,0,0,0,Total jun,0,45,0,0,0,0,0,"1,11",-,-,0,0,0,Total,8740,4410,2949,0,0,7186,1554,"13,34","943 607,11","71,76",3075,0,16938
Data,Ocup,Opção,Cheg,Oferta/Uso Interno,Deduz. Individ.,Deduz. Grupos,% Ocup.,Receita Quartos,Preço Médio,Saídas,Quartos FdS,Adul. / Cri.,junho,Previsão,24-jun-2027 qui,0,0,0,0,0,0,0,-,-,NaN,0,0,0,0,45,0,0,0,0,0,"1,11",-,-,0,0,0,Total jun,0,45,0,0,0,0,0,"1,11",-,-,0,0,0,Total,8740,4410,2949,0,0,7186,1554,"13,34","943 607,11","71,76",3075,0,16938
Data,Ocup,Opção,Cheg,Oferta/Uso Interno,Deduz. Individ.,Deduz. Grupos,% Ocup.,Receita Quartos,Preço Médio,Saídas,Quartos FdS,Adul. / Cri.,junho,Previsão,25-jun-2027 sex,0,0,0,0,0,0,0,-,-,NaN,0,0,0,0,45,0,0,0,0,0,"1,11",-,-,0,0,0,Total jun,0,45,0,0,0,0,0,"1,11",-,-,0,0,0,Total,8740,4410,2949,0,0,7186,1554,"13,34","943 607,11","71,76",3075,0,16938
Data,Ocup,Opção,Cheg,Oferta/Uso Interno,Deduz. Individ.,Deduz. Grupos,% Ocup.,Receita Quartos,Preço Médio,Saídas,Quartos FdS,Adul. / Cri.,junho,Previsão,26-jun-2027 sáb,0,0,0,0,0,0,0,-,-,NaN,0,0,0,0,45,0,0,0,0,0,"1,11",-,-,0,0,0,Total jun,0,45,0,0,0,0,0,"1,11",-,-,0,0,0,Total,8740,4410,2949,0,0,7186,1554,"13,34","943 607,11","71,76",3075,0,16938
Data,Ocup,Opção,Cheg,Oferta/Uso Interno,Deduz. Individ.,Deduz. Grupos,% Ocup.,Receita Quartos,Preço Médio,Saídas,Quartos FdS,Adul. / Cri.,junho,Previsão,27-jun-2027 dom,0,0,0,0,0,0,0,-,-,NaN,0,0,0,0,45,0,0,0,0,0,"1,11",-,-,0,0,0,Total jun,0,45,0,0,0,0,0,"1,11",-,-,0,0,0,Total,8740,4410,2949,0,0,7186,1554,"13,34","943 607,11","71,76",3075,0,16938
Data,Ocup,Opção,Cheg,Oferta/Uso Interno,Deduz. Individ.,Deduz. Grupos,% Ocup.,Receita Quartos,Preço Médio,Saídas,Quartos FdS,Adul. / Cri.,junho,Previsão,28-jun-2027 seg,0,15,0,0,0,0,0,"11,11",-,-,0,0,0,0,45,0,0,0,0,0,"1,11",-,-,0,0,0,Total jun,0,45,0,0,0,0,0,"1,11",-,-,0,0,0,Total,8740,4410,2949,0,0,7186,1554,"13,34","943 607,11","71,76",3075,0,16938
Data,Ocup,Opção,Cheg,Oferta/Uso Interno,Deduz. Individ.,Deduz. Grupos,% Ocup.,Receita Quartos,Preço Médio,Saídas,Quartos FdS,Adul. / Cri.,junho,Previsão,29-jun-2027 ter,0,15,0,0,0,0,0,"11,11",-,-,0,0,0,0,45,0,0,0,0,0,"1,11",-,-,0,0,0,Total jun,0,45,0,0,0,0,0,"1,11",-,-,0,0,0,Total,8740,4410,2949,0,0,7186,1554,"13,34","943 607,11","71,76",3075,0,16938
Data,Ocup,Opção,Cheg,Oferta/Uso Interno,Deduz. Individ.,Deduz. Grupos,% Ocup.,Receita Quartos,Preço Médio,Saídas,Quartos FdS,Adul. / Cri.,junho,Previsão,30-jun-2027 qua,0,15,0,0,0,0,0,"11,11",-,-,0,0,0,0,45,0,0,0,0,0,"1,11",-,-,0,0,0,Total jun,0,45,0,0,0,0,0,"1,11",-,-,0,0,0,Total,8740,4410,2949,0,0,7186,1554,"13,34","943 607,11","71,76",3075,0,16938
Data,Ocup,Opção,Cheg,Oferta/Uso Interno,Deduz. Individ.,Deduz. Grupos,% Ocup.,Receita Quartos,Preço Médio,Saídas,Quartos FdS,Adul. / Cri.,julho,Previsão,01-jul-2027 qui,0,0,0,0,0,0,0,-,-,NaN,0,0,0,0,45,0,0,0,0,0,"1,08",-,-,0,0,0,Total jul,0,45,0,0,0,0,0,"1,08",-,-,0,0,0,Total,8740,4410,2949,0,0,7186,1554,"13,34","943 607,11","71,76",3075,0,16938
Data,Ocup,Opção,Cheg,Oferta/Uso Interno,Deduz. Individ.,Deduz. Grupos,% Ocup.,Receita Quartos,Preço Médio,Saídas,Quartos FdS,Adul. / Cri.,julho,Previsão,02-jul-2027 sex,0,0,0,0,0,0,0,-,-,NaN,0,0,0,0,45,0,0,0,0,0,"1,08",-,-,0,0,0,Total jul,0,45,0,0,0,0,0,"1,08",-,-,0,0,0,Total,8740,4410,2949,0,0,7186,1554,"13,34","943 607,11","71,76",3075,0,16938
Data,Ocup,Opção,Cheg,Oferta/Uso Interno,Deduz. Individ.,Deduz. Grupos,% Ocup.,Receita Quartos,Preço Médio,Saídas,Quartos FdS,Adul. / Cri.,julho,Previsão,03-jul-2027 sáb,0,0,0,0,0,0,0,-,-,NaN,0,0,0,0,45,0,0,0,0,0,"1,08",-,-,0,0,0,Total jul,0,45,0,0,0,0,0,"1,08",-,-,0,0,0,Total,8740,4410,2949,0,0,7186,1554,"13,34","943 607,11","71,76",3075,0,16938
Data,Ocup,Opção,Cheg,Oferta/Uso Interno,Deduz. Individ.,Deduz. Grupos,% Ocup.,Receita Quartos,Preço Médio,Saídas,Quartos FdS,Adul. / Cri.,julho,Previsão,04-jul-2027 dom,0,0,0,0,0,0,0,-,-,NaN,0,0,0,0,45,0,0,0,0,0,"1,08",-,-,0,0,0,Total jul,0,45,0,0,0,0,0,"1,08",-,-,0,0,0,Total,8740,4410,2949,0,0,7186,1554,"13,34","943 607,11","71,76",3075,0,16938
Data,Ocup,Opção,Cheg,Oferta/Uso Interno,Deduz. Individ.,Deduz. Grupos,% Ocup.,Receita Quartos,Preço Médio,Saídas,Quartos FdS,Adul. / Cri.,julho,Previsão,05-jul-2027 seg,0,0,0,0,0,0,0,-,-,NaN,0,0,0,0,45,0,0,0,0,0,"1,08",-,-,0,0,0,Total jul,0,45,0,0,0,0,0,"1,08",-,-,0,0,0,Total,8740,4410,2949,0,0,7186,1554,"13,34","943 607,11","71,76",3075,0,16938
Data,Ocup,Opção,Cheg,Oferta/Uso Interno,Deduz. Individ.,Deduz. Grupos,% Ocup.,Receita Quartos,Preço Médio,Saídas,Quartos FdS,Adul. / Cri.,julho,Previsão,06-jul-2027 ter,0,0,0,0,0,0,0,-,-,NaN,0,0,0,0,45,0,0,0,0,0,"1,08",-,-,0,0,0,Total jul,0,45,0,0,0,0,0,"1,08",-,-,0,0,0,Total,8740,4410,2949,0,0,7186,1554,"13,34","943 607,11","71,76",3075,0,16938
Data,Ocup,Opção,Cheg,Oferta/Uso Interno,Deduz. Individ.,Deduz. Grupos,% Ocup.,Receita Quartos,Preço Médio,Saídas,Quartos FdS,Adul. / Cri.,julho,Previsão,07-jul-2027 qua,0,0,0,0,0,0,0,-,-,NaN,0,0,0,0,45,0,0,0,0,0,"1,08",-,-,0,0,0,Total jul,0,45,0,0,0,0,0,"1,08",-,-,0,0,0,Total,8740,4410,2949,0,0,7186,1554,"13,34","943 607,11","71,76",3075,0,16938
Data,Ocup,Opção,Cheg,Oferta/Uso Interno,Deduz. Individ.,Deduz. Grupos,% Ocup.,Receita Quartos,Preço Médio,Saídas,Quartos FdS,Adul. / Cri.,julho,Previsão,08-jul-2027 qui,0,0,0,0,0,0,0,-,-,NaN,0,0,0,0,45,0,0,0,0,0,"1,08",-,-,0,0,0,Total jul,0,45,0,0,0,0,0,"1,08",-,-,0,0,0,Total,8740,4410,2949,0,0,7186,1554,"13,34","943 607,11","71,76",3075,0,16938
Data,Ocup,Opção,Cheg,Oferta/Uso Interno,Deduz. Individ.,Deduz. Grupos,% Ocup.,Receita Quartos,Preço Médio,Saídas,Quartos FdS,Adul. / Cri.,julho,Previsão,09-jul-2027 sex,0,0,0,0,0,0,0,-,-,NaN,0,0,0,0,45,0,0,0,0,0,"1,08",-,-,0,0,0,Total jul,0,45,0,0,0,0,0,"1,08",-,-,0,0,0,Total,8740,4410,2949,0,0,7186,1554,"13,34","943 607,11","71,76",3075,0,16938
Data,Ocup,Opção,Cheg,Oferta/Uso Interno,Deduz. Individ.,Deduz. Grupos,% Ocup.,Receita Quartos,Preço Médio,Saídas,Quartos FdS,Adul. / Cri.,julho,Previsão,10-jul-2027 sáb,0,0,0,0,0,0,0,-,-,NaN,0,0,0,0,45,0,0,0,0,0,"1,08",-,-,0,0,0,Total jul,0,45,0,0,0,0,0,"1,08",-,-,0,0,0,Total,8740,4410,2949,0,0,7186,1554,"13,34","943 607,11","71,76",3075,0,16938
Data,Ocup,Opção,Cheg,Oferta/Uso Interno,Deduz. Individ.,Deduz. Grupos,% Ocup.,Receita Quartos,Preço Médio,Saídas,Quartos FdS,Adul. / Cri.,julho,Previsão,11-jul-2027 dom,0,0,0,0,0,0,0,-,-,NaN,0,0,0,0,45,0,0,0,0,0,"1,08",-,-,0,0,0,Total jul,0,45,0,0,0,0,0,"1,08",-,-,0,0,0,Total,8740,4410,2949,0,0,7186,1554,"13,34","943 607,11","71,76",3075,0,16938
Data,Ocup,Opção,Cheg,Oferta/Uso Interno,Deduz. Individ.,Deduz. Grupos,% Ocup.,Receita Quartos,Preço Médio,Saídas,Quartos FdS,Adul. / Cri.,julho,Previsão,12-jul-2027 seg,0,0,0,0,0,0,0,-,-,NaN,0,0,0,0,45,0,0,0,0,0,"1,08",-,-,0,0,0,Total jul,0,45,0,0,0,0,0,"1,08",-,-,0,0,0,Total,8740,4410,2949,0,0,7186,1554,"13,34","943 607,11","71,76",3075,0,16938
Data,Ocup,Opção,Cheg,Oferta/Uso Interno,Deduz. Individ.,Deduz. Grupos,% Ocup.,Receita Quartos,Preço Médio,Saídas,Quartos FdS,Adul. / Cri.,julho,Previsão,13-jul-2027 ter,0,0,0,0,0,0,0,-,-,NaN,0,0,0,0,45,0,0,0,0,0,"1,08",-,-,0,0,0,Total jul,0,45,0,0,0,0,0,"1,08",-,-,0,0,0,Total,8740,4410,2949,0,0,7186,1554,"13,34","943 607,11","71,76",3075,0,16938
Data,Ocup,Opção,Cheg,Oferta/Uso Interno,Deduz. Individ.,Deduz. Grupos,% Ocup.,Receita Quartos,Preço Médio,Saídas,Quartos FdS,Adul. / Cri.,julho,Previsão,14-jul-2027 qua,0,0,0,0,0,0,0,-,-,NaN,0,0,0,0,45,0,0,0,0,0,"1,08",-,-,0,0,0,Total jul,0,45,0,0,0,0,0,"1,08",-,-,0,0,0,Total,8740,4410,2949,0,0,7186,1554,"13,34","943 607,11","71,76",3075,0,16938
Data,Ocup,Opção,Cheg,Oferta/Uso Interno,Deduz. Individ.,Deduz. Grupos,% Ocup.,Receita Quartos,Preço Médio,Saídas,Quartos FdS,Adul. / Cri.,julho,Previsão,15-jul-2027 qui,0,0,0,0,0,0,0,-,-,NaN,0,0,0,0,45,0,0,0,0,0,"1,08",-,-,0,0,0,Total jul,0,45,0,0,0,0,0,"1,08",-,-,0,0,0,Total,8740,4410,2949,0,0,7186,1554,"13,34","943 607,11","71,76",3075,0,16938
Data,Ocup,Opção,Cheg,Oferta/Uso Interno,Deduz. Individ.,Deduz. Grupos,% Ocup.,Receita Quartos,Preço Médio,Saídas,Quartos FdS,Adul. / Cri.,julho,Previsão,16-jul-2027 sex,0,0,0,0,0,0,0,-,-,NaN,0,0,0,0,45,0,0,0,0,0,"1,08",-,-,0,0,0,Total jul,0,45,0,0,0,0,0,"1,08",-,-,0,0,0,Total,8740,4410,2949,0,0,7186,1554,"13,34","943 607,11","71,76",3075,0,16938
Data,Ocup,Opção,Cheg,Oferta/Uso Interno,Deduz. Individ.,Deduz. Grupos,% Ocup.,Receita Quartos,Preço Médio,Saídas,Quartos FdS,Adul. / Cri.,julho,Previsão,17-jul-2027 sáb,0,0,0,0,0,0,0,-,-,NaN,0,0,0,0,45,0,0,0,0,0,"1,08",-,-,0,0,0,Total jul,0,45,0,0,0,0,0,"1,08",-,-,0,0,0,Total,8740,4410,2949,0,0,7186,1554,"13,34","943 607,11","71,76",3075,0,16938
Data,Ocup,Opção,Cheg,Oferta/Uso Interno,Deduz. Individ.,Deduz. Grupos,% Ocup.,Receita Quartos,Preço Médio,Saídas,Quartos FdS,Adul. / Cri.,julho,Previsão,18-jul-2027 dom,0,0,0,0,0,0,0,-,-,NaN,0,0,0,0,45,0,0,0,0,0,"1,08",-,-,0,0,0,Total jul,0,45,0,0,0,0,0,"1,08",-,-,0,0,0,Total,8740,4410,2949,0,0,7186,1554,"13,34","943 607,11","71,76",3075,0,16938
Data,Ocup,Opção,Cheg,Oferta/Uso Interno,Deduz. Individ.,Deduz. Grupos,% Ocup.,Receita Quartos,Preço Médio,Saídas,Quartos FdS,Adul. / Cri.,julho,Previsão,19-jul-2027 seg,0,15,0,0,0,0,0,"11,11",-,-,0,0,0,0,45,0,0,0,0,0,"1,08",-,-,0,0,0,Total jul,0,45,0,0,0,0,0,"1,08",-,-,0,0,0,Total,8740,4410,2949,0,0,7186,1554,"13,34","943 607,11","71,76",3075,0,16938
Data,Ocup,Opção,Cheg,Oferta/Uso Interno,Deduz. Individ.,Deduz. Grupos,% Ocup.,Receita Quartos,Preço Médio,Saídas,Quartos FdS,Adul. / Cri.,julho,Previsão,20-jul-2027 ter,0,15,0,0,0,0,0,"11,11",-,-,0,0,0,0,45,0,0,0,0,0,"1,08",-,-,0,0,0,Total jul,0,45,0,0,0,0,0,"1,08",-,-,0,0,0,Total,8740,4410,2949,0,0,7186,1554,"13,34","943 607,11","71,76",3075,0,16938
Data,Ocup,Opção,Cheg,Oferta/Uso Interno,Deduz. Individ.,Deduz. Grupos,% Ocup.,Receita Quartos,Preço Médio,Saídas,Quartos FdS,Adul. / Cri.,julho,Previsão,21-jul-2027 qua,0,15,0,0,0,0,0,"11,11",-,-,0,0,0,0,45,0,0,0,0,0,"1,08",-,-,0,0,0,Total jul,0,45,0,0,0,0,0,"1,08",-,-,0,0,0,Total,8740,4410,2949,0,0,7186,1554,"13,34","943 607,11","71,76",3075,0,16938
Data,Ocup,Opção,Cheg,Oferta/Uso Interno,Deduz. Individ.,Deduz. Grupos,% Ocup.,Receita Quartos,Preço Médio,Saídas,Quartos FdS,Adul. / Cri.,julho,Previsão,22-jul-2027 qui,0,0,0,0,0,0,0,-,-,NaN,0,0,0,0,45,0,0,0,0,0,"1,08",-,-,0,0,0,Total jul,0,45,0,0,0,0,0,"1,08",-,-,0,0,0,Total,8740,4410,2949,0,0,7186,1554,"13,34","943 607,11","71,76",3075,0,16938
Data,Ocup,Opção,Cheg,Oferta/Uso Interno,Deduz. Individ.,Deduz. Grupos,% Ocup.,Receita Quartos,Preço Médio,Saídas,Quartos FdS,Adul. / Cri.,julho,Previsão,23-jul-2027 sex,0,0,0,0,0,0,0,-,-,NaN,0,0,0,0,45,0,0,0,0,0,"1,08",-,-,0,0,0,Total jul,0,45,0,0,0,0,0,"1,08",-,-,0,0,0,Total,8740,4410,2949,0,0,7186,1554,"13,34","943 607,11","71,76",3075,0,16938
Data,Ocup,Opção,Cheg,Oferta/Uso Interno,Deduz. Individ.,Deduz. Grupos,% Ocup.,Receita Quartos,Preço Médio,Saídas,Quartos FdS,Adul. / Cri.,julho,Previsão,24-jul-2027 sáb,0,0,0,0,0,0,0,-,-,NaN,0,0,0,0,45,0,0,0,0,0,"1,08",-,-,0,0,0,Total jul,0,45,0,0,0,0,0,"1,08",-,-,0,0,0,Total,8740,4410,2949,0,0,7186,1554,"13,34","943 607,11","71,76",3075,0,16938
Data,Ocup,Opção,Cheg,Oferta/Uso Interno,Deduz. Individ.,Deduz. Grupos,% Ocup.,Receita Quartos,Preço Médio,Saídas,Quartos FdS,Adul. / Cri.,julho,Previsão,25-jul-2027 dom,0,0,0,0,0,0,0,-,-,NaN,0,0,0,0,45,0,0,0,0,0,"1,08",-,-,0,0,0,Total jul,0,45,0,0,0,0,0,"1,08",-,-,0,0,0,Total,8740,4410,2949,0,0,7186,1554,"13,34","943 607,11","71,76",3075,0,16938
Data,Ocup,Opção,Cheg,Oferta/Uso Interno,Deduz. Individ.,Deduz. Grupos,% Ocup.,Receita Quartos,Preço Médio,Saídas,Quartos FdS,Adul. / Cri.,julho,Previsão,26-jul-2027 seg,0,0,0,0,0,0,0,-,-,NaN,0,0,0,0,45,0,0,0,0,0,"1,08",-,-,0,0,0,Total jul,0,45,0,0,0,0,0,"1,08",-,-,0,0,0,Total,8740,4410,2949,0,0,7186,1554,"13,34","943 607,11","71,76",3075,0,16938
Data,Ocup,Opção,Cheg,Oferta/Uso Interno,Deduz. Individ.,Deduz. Grupos,% Ocup.,Receita Quartos,Preço Médio,Saídas,Quartos FdS,Adul. / Cri.,julho,Previsão,27-jul-2027 ter,0,0,0,0,0,0,0,-,-,NaN,0,0,0,0,45,0,0,0,0,0,"1,08",-,-,0,0,0,Total jul,0,45,0,0,0,0,0,"1,08",-,-,0,0,0,Total,8740,4410,2949,0,0,7186,1554,"13,34","943 607,11","71,76",3075,0,16938
Data,Ocup,Opção,Cheg,Oferta/Uso Interno,Deduz. Individ.,Deduz. Grupos,% Ocup.,Receita Quartos,Preço Médio,Saídas,Quartos FdS,Adul. / Cri.,julho,Previsão,28-jul-2027 qua,0,0,0,0,0,0,0,-,-,NaN,0,0,0,0,45,0,0,0,0,0,"1,08",-,-,0,0,0,Total jul,0,45,0,0,0,0,0,"1,08",-,-,0,0,0,Total,8740,4410,2949,0,0,7186,1554,"13,34","943 607,11","71,76",3075,0,16938
Data,Ocup,Opção,Cheg,Oferta/Uso Interno,Deduz. Individ.,Deduz. Grupos,% Ocup.,Receita Quartos,Preço Médio,Saídas,Quartos FdS,Adul. / Cri.,julho,Previsão,29-jul-2027 qui,0,0,0,0,0,0,0,-,-,NaN,0,0,0,0,45,0,0,0,0,0,"1,08",-,-,0,0,0,Total jul,0,45,0,0,0,0,0,"1,08",-,-,0,0,0,Total,8740,4410,2949,0,0,7186,1554,"13,34","943 607,11","71,76",3075,0,16938
Data,Ocup,Opção,Cheg,Oferta/Uso Interno,Deduz. Individ.,Deduz. Grupos,% Ocup.,Receita Quartos,Preço Médio,Saídas,Quartos FdS,Adul. / Cri.,julho,Previsão,30-jul-2027 sex,0,0,0,0,0,0,0,-,-,NaN,0,0,0,0,45,0,0,0,0,0,"1,08",-,-,0,0,0,Total jul,0,45,0,0,0,0,0,"1,08",-,-,0,0,0,Total,8740,4410,2949,0,0,7186,1554,"13,34","943 607,11","71,76",3075,0,16938
Data,Ocup,Opção,Cheg,Oferta/Uso Interno,Deduz. Individ.,Deduz. Grupos,% Ocup.,Receita Quartos,Preço Médio,Saídas,Quartos FdS,Adul. / Cri.,julho,Previsão,31-jul-2027 sáb,0,0,0,0,0,0,0,-,-,NaN,0,0,0,0,45,0,0,0,0,0,"1,08",-,-,0,0,0,Total jul,0,45,0,0,0,0,0,"1,08",-,-,0,0,0,Total,8740,4410,2949,0,0,7186,1554,"13,34","943 607,11","71,76",3075,0,16938
Data,Ocup,Opção,Cheg,Oferta/Uso Interno,Deduz. Individ.,Deduz. Grupos,% Ocup.,Receita Quartos,Preço Médio,Saídas,Quartos FdS,Adul. / Cri.,agosto,Previsão,01-ago-2027 dom,0,0,0,0,0,0,0,-,-,NaN,0,0,0,0,90,0,0,0,0,0,"2,15",-,-,0,0,0,Total ago,0,90,0,0,0,0,0,"2,15",-,-,0,0,0,Total,8740,4410,2949,0,0,7186,1554,"13,34","943 607,11","71,76",3075,0,16938
Data,Ocup,Opção,Cheg,Oferta/Uso Interno,Deduz. Individ.,Deduz. Grupos,% Ocup.,Receita Quartos,Preço Médio,Saídas,Quartos FdS,Adul. / Cri.,agosto,Previsão,02-ago-2027 seg,0,0,0,0,0,0,0,-,-,NaN,0,0,0,0,90,0,0,0,0,0,"2,15",-,-,0,0,0,Total ago,0,90,0,0,0,0,0,"2,15",-,-,0,0,0,Total,8740,4410,2949,0,0,7186,1554,"13,34","943 607,11","71,76",3075,0,16938
Data,Ocup,Opção,Cheg,Oferta/Uso Interno,Deduz. Individ.,Deduz. Grupos,% Ocup.,Receita Quartos,Preço Médio,Saídas,Quartos FdS,Adul. / Cri.,agosto,Previsão,03-ago-2027 ter,0,0,0,0,0,0,0,-,-,NaN,0,0,0,0,90,0,0,0,0,0,"2,15",-,-,0,0,0,Total ago,0,90,0,0,0,0,0,"2,15",-,-,0,0,0,Total,8740,4410,2949,0,0,7186,1554,"13,34","943 607,11","71,76",3075,0,16938
Data,Ocup,Opção,Cheg,Oferta/Uso Interno,Deduz. Individ.,Deduz. Grupos,% Ocup.,Receita Quartos,Preço Médio,Saídas,Quartos FdS,Adul. / Cri.,agosto,Previsão,04-ago-2027 qua,0,0,0,0,0,0,0,-,-,NaN,0,0,0,0,90,0,0,0,0,0,"2,15",-,-,0,0,0,Total ago,0,90,0,0,0,0,0,"2,15",-,-,0,0,0,Total,8740,4410,2949,0,0,7186,1554,"13,34","943 607,11","71,76",3075,0,16938
Data,Ocup,Opção,Cheg,Oferta/Uso Interno,Deduz. Individ.,Deduz. Grupos,% Ocup.,Receita Quartos,Preço Médio,Saídas,Quartos FdS,Adul. / Cri.,agosto,Previsão,05-ago-2027 qui,0,0,0,0,0,0,0,-,-,NaN,0,0,0,0,90,0,0,0,0,0,"2,15",-,-,0,0,0,Total ago,0,90,0,0,0,0,0,"2,15",-,-,0,0,0,Total,8740,4410,2949,0,0,7186,1554,"13,34","943 607,11","71,76",3075,0,16938
Data,Ocup,Opção,Cheg,Oferta/Uso Interno,Deduz. Individ.,Deduz. Grupos,% Ocup.,Receita Quartos,Preço Médio,Saídas,Quartos FdS,Adul. / Cri.,agosto,Previsão,06-ago-2027 sex,0,0,0,0,0,0,0,-,-,NaN,0,0,0,0,90,0,0,0,0,0,"2,15",-,-,0,0,0,Total ago,0,90,0,0,0,0,0,"2,15",-,-,0,0,0,Total,8740,4410,2949,0,0,7186,1554,"13,34","943 607,11","71,76",3075,0,16938
Data,Ocup,Opção,Cheg,Oferta/Uso Interno,Deduz. Individ.,Deduz. Grupos,% Ocup.,Receita Quartos,Preço Médio,Saídas,Quartos FdS,Adul. / Cri.,agosto,Previsão,07-ago-2027 sáb,0,0,0,0,0,0,0,-,-,NaN,0,0,0,0,90,0,0,0,0,0,"2,15",-,-,0,0,0,Total ago,0,90,0,0,0,0,0,"2,15",-,-,0,0,0,Total,8740,4410,2949,0,0,7186,1554,"13,34","943 607,11","71,76",3075,0,16938
Data,Ocup,Opção,Cheg,Oferta/Uso Interno,Deduz. Individ.,Deduz. Grupos,% Ocup.,Receita Quartos,Preço Médio,Saídas,Quartos FdS,Adul. / Cri.,agosto,Previsão,08-ago-2027 dom,0,0,0,0,0,0,0,-,-,NaN,0,0,0,0,90,0,0,0,0,0,"2,15",-,-,0,0,0,Total ago,0,90,0,0,0,0,0,"2,15",-,-,0,0,0,Total,8740,4410,2949,0,0,7186,1554,"13,34","943 607,11","71,76",3075,0,16938
Data,Ocup,Opção,Cheg,Oferta/Uso Interno,Deduz. Individ.,Deduz. Grupos,% Ocup.,Receita Quartos,Preço Médio,Saídas,Quartos FdS,Adul. / Cri.,agosto,Previsão,09-ago-2027 seg,0,15,0,0,0,0,0,"11,11",-,-,0,0,0,0,90,0,0,0,0,0,"2,15",-,-,0,0,0,Total ago,0,90,0,0,0,0,0,"2,15",-,-,0,0,0,Total,8740,4410,2949,0,0,7186,1554,"13,34","943 607,11","71,76",3075,0,16938
Data,Ocup,Opção,Cheg,Oferta/Uso Interno,Deduz. Individ.,Deduz. Grupos,% Ocup.,Receita Quartos,Preço Médio,Saídas,Quartos FdS,Adul. / Cri.,agosto,Previsão,10-ago-2027 ter,0,15,0,0,0,0,0,"11,11",-,-,0,0,0,0,90,0,0,0,0,0,"2,15",-,-,0,0,0,Total ago,0,90,0,0,0,0,0,"2,15",-,-,0,0,0,Total,8740,4410,2949,0,0,7186,1554,"13,34","943 607,11","71,76",3075,0,16938
Data,Ocup,Opção,Cheg,Oferta/Uso Interno,Deduz. Individ.,Deduz. Grupos,% Ocup.,Receita Quartos,Preço Médio,Saídas,Quartos FdS,Adul. / Cri.,agosto,Previsão,11-ago-2027 qua,0,15,0,0,0,0,0,"11,11",-,-,0,0,0,0,90,0,0,0,0,0,"2,15",-,-,0,0,0,Total ago,0,90,0,0,0,0,0,"2,15",-,-,0,0,0,Total,8740,4410,2949,0,0,7186,1554,"13,34","943 607,11","71,76",3075,0,16938
Data,Ocup,Opção,Cheg,Oferta/Uso Interno,Deduz. Individ.,Deduz. Grupos,% Ocup.,Receita Quartos,Preço Médio,Saídas,Quartos FdS,Adul. / Cri.,agosto,Previsão,12-ago-2027 qui,0,0,0,0,0,0,0,-,-,NaN,0,0,0,0,90,0,0,0,0,0,"2,15",-,-,0,0,0,Total ago,0,90,0,0,0,0,0,"2,15",-,-,0,0,0,Total,8740,4410,2949,0,0,7186,1554,"13,34","943 607,11","71,76",3075,0,16938
Data,Ocup,Opção,Cheg,Oferta/Uso Interno,Deduz. Individ.,Deduz. Grupos,% Ocup.,Receita Quartos,Preço Médio,Saídas,Quartos FdS,Adul. / Cri.,agosto,Previsão,13-ago-2027 sex,0,0,0,0,0,0,0,-,-,NaN,0,0,0,0,90,0,0,0,0,0,"2,15",-,-,0,0,0,Total ago,0,90,0,0,0,0,0,"2,15",-,-,0,0,0,Total,8740,4410,2949,0,0,7186,1554,"13,34","943 607,11","71,76",3075,0,16938
Data,Ocup,Opção,Cheg,Oferta/Uso Interno,Deduz. Individ.,Deduz. Grupos,% Ocup.,Receita Quartos,Preço Médio,Saídas,Quartos FdS,Adul. / Cri.,agosto,Previsão,14-ago-2027 sáb,0,0,0,0,0,0,0,-,-,NaN,0,0,0,0,90,0,0,0,0,0,"2,15",-,-,0,0,0,Total ago,0,90,0,0,0,0,0,"2,15",-,-,0,0,0,Total,8740,4410,2949,0,0,7186,1554,"13,34","943 607,11","71,76",3075,0,16938
Data,Ocup,Opção,Cheg,Oferta/Uso Interno,Deduz. Individ.,Deduz. Grupos,% Ocup.,Receita Quartos,Preço Médio,Saídas,Quartos FdS,Adul. / Cri.,agosto,Previsão,15-ago-2027 dom,0,0,0,0,0,0,0,-,-,NaN,0,0,0,0,90,0,0,0,0,0,"2,15",-,-,0,0,0,Total ago,0,90,0,0,0,0,0,"2,15",-,-,0,0,0,Total,8740,4410,2949,0,0,7186,1554,"13,34","943 607,11","71,76",3075,0,16938
Data,Ocup,Opção,Cheg,Oferta/Uso Interno,Deduz. Individ.,Deduz. Grupos,% Ocup.,Receita Quartos,Preço Médio,Saídas,Quartos FdS,Adul. / Cri.,agosto,Previsão,16-ago-2027 seg,0,0,0,0,0,0,0,-,-,NaN,0,0,0,0,90,0,0,0,0,0,"2,15",-,-,0,0,0,Total ago,0,90,0,0,0,0,0,"2,15",-,-,0,0,0,Total,8740,4410,2949,0,0,7186,1554,"13,34","943 607,11","71,76",3075,0,16938
Data,Ocup,Opção,Cheg,Oferta/Uso Interno,Deduz. Individ.,Deduz. Grupos,% Ocup.,Receita Quartos,Preço Médio,Saídas,Quartos FdS,Adul. / Cri.,agosto,Previsão,17-ago-2027 ter,0,0,0,0,0,0,0,-,-,NaN,0,0,0,0,90,0,0,0,0,0,"2,15",-,-,0,0,0,Total ago,0,90,0,0,0,0,0,"2,15",-,-,0,0,0,Total,8740,4410,2949,0,0,7186,1554,"13,34","943 607,11","71,76",3075,0,16938
Data,Ocup,Opção,Cheg,Oferta/Uso Interno,Deduz. Individ.,Deduz. Grupos,% Ocup.,Receita Quartos,Preço Médio,Saídas,Quartos FdS,Adul. / Cri.,agosto,Previsão,18-ago-2027 qua,0,0,0,0,0,0,0,-,-,NaN,0,0,0,0,90,0,0,0,0,0,"2,15",-,-,0,0,0,Total ago,0,90,0,0,0,0,0,"2,15",-,-,0,0,0,Total,8740,4410,2949,0,0,7186,1554,"13,34","943 607,11","71,76",3075,0,16938
Data,Ocup,Opção,Cheg,Oferta/Uso Interno,Deduz. Individ.,Deduz. Grupos,% Ocup.,Receita Quartos,Preço Médio,Saídas,Quartos FdS,Adul. / Cri.,agosto,Previsão,19-ago-2027 qui,0,0,0,0,0,0,0,-,-,NaN,0,0,0,0,90,0,0,0,0,0,"2,15",-,-,0,0,0,Total ago,0,90,0,0,0,0,0,"2,15",-,-,0,0,0,Total,8740,4410,2949,0,0,7186,1554,"13,34","943 607,11","71,76",3075,0,16938
Data,Ocup,Opção,Cheg,Oferta/Uso Interno,Deduz. Individ.,Deduz. Grupos,% Ocup.,Receita Quartos,Preço Médio,Saídas,Quartos FdS,Adul. / Cri.,agosto,Previsão,20-ago-2027 sex,0,0,0,0,0,0,0,-,-,NaN,0,0,0,0,90,0,0,0,0,0,"2,15",-,-,0,0,0,Total ago,0,90,0,0,0,0,0,"2,15",-,-,0,0,0,Total,8740,4410,2949,0,0,7186,1554,"13,34","943 607,11","71,76",3075,0,16938
Data,Ocup,Opção,Cheg,Oferta/Uso Interno,Deduz. Individ.,Deduz. Grupos,% Ocup.,Receita Quartos,Preço Médio,Saídas,Quartos FdS,Adul. / Cri.,agosto,Previsão,21-ago-2027 sáb,0,0,0,0,0,0,0,-,-,NaN,0,0,0,0,90,0,0,0,0,0,"2,15",-,-,0,0,0,Total ago,0,90,0,0,0,0,0,"2,15",-,-,0,0,0,Total,8740,4410,2949,0,0,7186,1554,"13,34","943 607,11","71,76",3075,0,16938
Data,Ocup,Opção,Cheg,Oferta/Uso Interno,Deduz. Individ.,Deduz. Grupos,% Ocup.,Receita Quartos,Preço Médio,Saídas,Quartos FdS,Adul. / Cri.,agosto,Previsão,22-ago-2027 dom,0,0,0,0,0,0,0,-,-,NaN,0,0,0,0,90,0,0,0,0,0,"2,15",-,-,0,0,0,Total ago,0,90,0,0,0,0,0,"2,15",-,-,0,0,0,Total,8740,4410,2949,0,0,7186,1554,"13,34","943 607,11","71,76",3075,0,16938
Data,Ocup,Opção,Cheg,Oferta/Uso Interno,Deduz. Individ.,Deduz. Grupos,% Ocup.,Receita Quartos,Preço Médio,Saídas,Quartos FdS,Adul. / Cri.,agosto,Previsão,23-ago-2027 seg,0,15,0,0,0,0,0,"11,11",-,-,0,0,0,0,90,0,0,0,0,0,"2,15",-,-,0,0,0,Total ago,0,90,0,0,0,0,0,"2,15",-,-,0,0,0,Total,8740,4410,2949,0,0,7186,1554,"13,34","943 607,11","71,76",3075,0,16938
Data,Ocup,Opção,Cheg,Oferta/Uso Interno,Deduz. Individ.,Deduz. Grupos,% Ocup.,Receita Quartos,Preço Médio,Saídas,Quartos FdS,Adul. / Cri.,agosto,Previsão,24-ago-2027 ter,0,15,0,0,0,0,0,"11,11",-,-,0,0,0,0,90,0,0,0,0,0,"2,15",-,-,0,0,0,Total ago,0,90,0,0,0,0,0,"2,15",-,-,0,0,0,Total,8740,4410,2949,0,0,7186,1554,"13,34","943 607,11","71,76",3075,0,16938
Data,Ocup,Opção,Cheg,Oferta/Uso Interno,Deduz. Individ.,Deduz. Grupos,% Ocup.,Receita Quartos,Preço Médio,Saídas,Quartos FdS,Adul. / Cri.,agosto,Previsão,25-ago-2027 qua,0,15,0,0,0,0,0,"11,11",-,-,0,0,0,0,90,0,0,0,0,0,"2,15",-,-,0,0,0,Total ago,0,90,0,0,0,0,0,"2,15",-,-,0,0,0,Total,8740,4410,2949,0,0,7186,1554,"13,34","943 607,11","71,76",3075,0,16938
Data,Ocup,Opção,Cheg,Oferta/Uso Interno,Deduz. Individ.,Deduz. Grupos,% Ocup.,Receita Quartos,Preço Médio,Saídas,Quartos FdS,Adul. / Cri.,agosto,Previsão,26-ago-2027 qui,0,0,0,0,0,0,0,-,-,NaN,0,0,0,0,90,0,0,0,0,0,"2,15",-,-,0,0,0,Total ago,0,90,0,0,0,0,0,"2,15",-,-,0,0,0,Total,8740,4410,2949,0,0,7186,1554,"13,34","943 607,11","71,76",3075,0,16938
Data,Ocup,Opção,Cheg,Oferta/Uso Interno,Deduz. Individ.,Deduz. Grupos,% Ocup.,Receita Quartos,Preço Médio,Saídas,Quartos FdS,Adul. / Cri.,agosto,Previsão,27-ago-2027 sex,0,0,0,0,0,0,0,-,-,NaN,0,0,0,0,90,0,0,0,0,0,"2,15",-,-,0,0,0,Total ago,0,90,0,0,0,0,0,"2,15",-,-,0,0,0,Total,8740,4410,2949,0,0,7186,1554,"13,34","943 607,11","71,76",3075,0,16938
Data,Ocup,Opção,Cheg,Oferta/Uso Interno,Deduz. Individ.,Deduz. Grupos,% Ocup.,Receita Quartos,Preço Médio,Saídas,Quartos FdS,Adul. / Cri.,agosto,Previsão,28-ago-2027 sáb,0,0,0,0,0,0,0,-,-,NaN,0,0,0,0,90,0,0,0,0,0,"2,15",-,-,0,0,0,Total ago,0,90,0,0,0,0,0,"2,15",-,-,0,0,0,Total,8740,4410,2949,0,0,7186,1554,"13,34","943 607,11","71,76",3075,0,16938
Data,Ocup,Opção,Cheg,Oferta/Uso Interno,Deduz. Individ.,Deduz. Grupos,% Ocup.,Receita Quartos,Preço Médio,Saídas,Quartos FdS,Adul. / Cri.,agosto,Previsão,29-ago-2027 dom,0,0,0,0,0,0,0,-,-,NaN,0,0,0,0,90,0,0,0,0,0,"2,15",-,-,0,0,0,Total ago,0,90,0,0,0,0,0,"2,15",-,-,0,0,0,Total,8740,4410,2949,0,0,7186,1554,"13,34","943 607,11","71,76",3075,0,16938
Data,Ocup,Opção,Cheg,Oferta/Uso Interno,Deduz. Individ.,Deduz. Grupos,% Ocup.,Receita Quartos,Preço Médio,Saídas,Quartos FdS,Adul. / Cri.,agosto,Previsão,30-ago-2027 seg,0,0,0,0,0,0,0,-,-,NaN,0,0,0,0,90,0,0,0,0,0,"2,15",-,-,0,0,0,Total ago,0,90,0,0,0,0,0,"2,15",-,-,0,0,0,Total,8740,4410,2949,0,0,7186,1554,"13,34","943 607,11","71,76",3075,0,16938
Data,Ocup,Opção,Cheg,Oferta/Uso Interno,Deduz. Individ.,Deduz. Grupos,% Ocup.,Receita Quartos,Preço Médio,Saídas,Quartos FdS,Adul. / Cri.,agosto,Previsão,31-ago-2027 ter,0,0,0,0,0,0,0,-,-,NaN,0,0,0,0,90,0,0,0,0,0,"2,15",-,-,0,0,0,Total ago,0,90,0,0,0,0,0,"2,15",-,-,0,0,0,Total,8740,4410,2949,0,0,7186,1554,"13,34","943 607,11","71,76",3075,0,16938
Data,Ocup,Opção,Cheg,Oferta/Uso Interno,Deduz. Individ.,Deduz. Grupos,% Ocup.,Receita Quartos,Preço Médio,Saídas,Quartos FdS,Adul. / Cri.,setembro,Previsão,01-set-2027 qua,0,0,0,0,0,0,0,-,-,NaN,0,0,0,0,0,0,0,0,0,0,-,-,NaN,0,0,0,Total set,0,0,0,0,0,0,0,-,-,NaN,0,0,0,Total,8740,4410,2949,0,0,7186,1554,"13,34","943 607,11","71,76",3075,0,16938
Data,Ocup,Opção,Cheg,Oferta/Uso Interno,Deduz. Individ.,Deduz. Grupos,% Ocup.,Receita Quartos,Preço Médio,Saídas,Quartos FdS,Adul. / Cri.,setembro,Previsão,02-set-2027 qui,0,0,0,0,0,0,0,-,-,NaN,0,0,0,0,0,0,0,0,0,0,-,-,NaN,0,0,0,Total set,0,0,0,0,0,0,0,-,-,NaN,0,0,0,Total,8740,4410,2949,0,0,7186,1554,"13,34","943 607,11","71,76",3075,0,16938
Data,Ocup,Opção,Cheg,Oferta/Uso Interno,Deduz. Individ.,Deduz. Grupos,% Ocup.,Receita Quartos,Preço Médio,Saídas,Quartos FdS,Adul. / Cri.,setembro,Previsão,03-set-2027 sex,0,0,0,0,0,0,0,-,-,NaN,0,0,0,0,0,0,0,0,0,0,-,-,NaN,0,0,0,Total set,0,0,0,0,0,0,0,-,-,NaN,0,0,0,Total,8740,4410,2949,0,0,7186,1554,"13,34","943 607,11","71,76",3075,0,16938
Data,Ocup,Opção,Cheg,Oferta/Uso Interno,Deduz. Individ.,Deduz. Grupos,% Ocup.,Receita Quartos,Preço Médio,Saídas,Quartos FdS,Adul. / Cri.,setembro,Previsão,04-set-2027 sáb,0,0,0,0,0,0,0,-,-,NaN,0,0,0,0,0,0,0,0,0,0,-,-,NaN,0,0,0,Total set,0,0,0,0,0,0,0,-,-,NaN,0,0,0,Total,8740,4410,2949,0,0,7186,1554,"13,34","943 607,11","71,76",3075,0,16938
Data,Ocup,Opção,Cheg,Oferta/Uso Interno,Deduz. Individ.,Deduz. Grupos,% Ocup.,Receita Quartos,Preço Médio,Saídas,Quartos FdS,Adul. / Cri.,setembro,Previsão,05-set-2027 dom,0,0,0,0,0,0,0,-,-,NaN,0,0,0,0,0,0,0,0,0,0,-,-,NaN,0,0,0,Total set,0,0,0,0,0,0,0,-,-,NaN,0,0,0,Total,8740,4410,2949,0,0,7186,1554,"13,34","943 607,11","71,76",3075,0,16938
Data,Ocup,Opção,Cheg,Oferta/Uso Interno,Deduz. Individ.,Deduz. Grupos,% Ocup.,Receita Quartos,Preço Médio,Saídas,Quartos FdS,Adul. / Cri.,setembro,Previsão,06-set-2027 seg,0,0,0,0,0,0,0,-,-,NaN,0,0,0,0,0,0,0,0,0,0,-,-,NaN,0,0,0,Total set,0,0,0,0,0,0,0,-,-,NaN,0,0,0,Total,8740,4410,2949,0,0,7186,1554,"13,34","943 607,11","71,76",3075,0,16938
Data,Ocup,Opção,Cheg,Oferta/Uso Interno,Deduz. Individ.,Deduz. Grupos,% Ocup.,Receita Quartos,Preço Médio,Saídas,Quartos FdS,Adul. / Cri.,setembro,Previsão,07-set-2027 ter,0,0,0,0,0,0,0,-,-,NaN,0,0,0,0,0,0,0,0,0,0,-,-,NaN,0,0,0,Total set,0,0,0,0,0,0,0,-,-,NaN,0,0,0,Total,8740,4410,2949,0,0,7186,1554,"13,34","943 607,11","71,76",3075,0,16938
Data,Ocup,Opção,Cheg,Oferta/Uso Interno,Deduz. Individ.,Deduz. Grupos,% Ocup.,Receita Quartos,Preço Médio,Saídas,Quartos FdS,Adul. / Cri.,setembro,Previsão,08-set-2027 qua,0,0,0,0,0,0,0,-,-,NaN,0,0,0,0,0,0,0,0,0,0,-,-,NaN,0,0,0,Total set,0,0,0,0,0,0,0,-,-,NaN,0,0,0,Total,8740,4410,2949,0,0,7186,1554,"13,34","943 607,11","71,76",3075,0,16938
Data,Ocup,Opção,Cheg,Oferta/Uso Interno,Deduz. Individ.,Deduz. Grupos,% Ocup.,Receita Quartos,Preço Médio,Saídas,Quartos FdS,Adul. / Cri.,setembro,Previsão,09-set-2027 qui,0,0,0,0,0,0,0,-,-,NaN,0,0,0,0,0,0,0,0,0,0,-,-,NaN,0,0,0,Total set,0,0,0,0,0,0,0,-,-,NaN,0,0,0,Total,8740,4410,2949,0,0,7186,1554,"13,34","943 607,11","71,76",3075,0,16938
Data,Ocup,Opção,Cheg,Oferta/Uso Interno,Deduz. Individ.,Deduz. Grupos,% Ocup.,Receita Quartos,Preço Médio,Saídas,Quartos FdS,Adul. / Cri.,setembro,Previsão,10-set-2027 sex,0,0,0,0,0,0,0,-,-,NaN,0,0,0,0,0,0,0,0,0,0,-,-,NaN,0,0,0,Total set,0,0,0,0,0,0,0,-,-,NaN,0,0,0,Total,8740,4410,2949,0,0,7186,1554,"13,34","943 607,11","71,76",3075,0,16938
Data,Ocup,Opção,Cheg,Oferta/Uso Interno,Deduz. Individ.,Deduz. Grupos,% Ocup.,Receita Quartos,Preço Médio,Saídas,Quartos FdS,Adul. / Cri.,setembro,Previsão,11-set-2027 sáb,0,0,0,0,0,0,0,-,-,NaN,0,0,0,0,0,0,0,0,0,0,-,-,NaN,0,0,0,Total set,0,0,0,0,0,0,0,-,-,NaN,0,0,0,Total,8740,4410,2949,0,0,7186,1554,"13,34","943 607,11","71,76",3075,0,16938
Data,Ocup,Opção,Cheg,Oferta/Uso Interno,Deduz. Individ.,Deduz. Grupos,% Ocup.,Receita Quartos,Preço Médio,Saídas,Quartos FdS,Adul. / Cri.,setembro,Previsão,12-set-2027 dom,0,0,0,0,0,0,0,-,-,NaN,0,0,0,0,0,0,0,0,0,0,-,-,NaN,0,0,0,Total set,0,0,0,0,0,0,0,-,-,NaN,0,0,0,Total,8740,4410,2949,0,0,7186,1554,"13,34","943 607,11","71,76",3075,0,16938
Data,Ocup,Opção,Cheg,Oferta/Uso Interno,Deduz. Individ.,Deduz. Grupos,% Ocup.,Receita Quartos,Preço Médio,Saídas,Quartos FdS,Adul. / Cri.,setembro,Previsão,13-set-2027 seg,0,0,0,0,0,0,0,-,-,NaN,0,0,0,0,0,0,0,0,0,0,-,-,NaN,0,0,0,Total set,0,0,0,0,0,0,0,-,-,NaN,0,0,0,Total,8740,4410,2949,0,0,7186,1554,"13,34","943 607,11","71,76",3075,0,16938
Data,Ocup,Opção,Cheg,Oferta/Uso Interno,Deduz. Individ.,Deduz. Grupos,% Ocup.,Receita Quartos,Preço Médio,Saídas,Quartos FdS,Adul. / Cri.,setembro,Previsão,14-set-2027 ter,0,0,0,0,0,0,0,-,-,NaN,0,0,0,0,0,0,0,0,0,0,-,-,NaN,0,0,0,Total set,0,0,0,0,0,0,0,-,-,NaN,0,0,0,Total,8740,4410,2949,0,0,7186,1554,"13,34","943 607,11","71,76",3075,0,16938
Data,Ocup,Opção,Cheg,Oferta/Uso Interno,Deduz. Individ.,Deduz. Grupos,% Ocup.,Receita Quartos,Preço Médio,Saídas,Quartos FdS,Adul. / Cri.,setembro,Previsão,15-set-2027 qua,0,0,0,0,0,0,0,-,-,NaN,0,0,0,0,0,0,0,0,0,0,-,-,NaN,0,0,0,Total set,0,0,0,0,0,0,0,-,-,NaN,0,0,0,Total,8740,4410,2949,0,0,7186,1554,"13,34","943 607,11","71,76",3075,0,16938
Data,Ocup,Opção,Cheg,Oferta/Uso Interno,Deduz. Individ.,Deduz. Grupos,% Ocup.,Receita Quartos,Preço Médio,Saídas,Quartos FdS,Adul. / Cri.,setembro,Previsão,16-set-2027 qui,0,0,0,0,0,0,0,-,-,NaN,0,0,0,0,0,0,0,0,0,0,-,-,NaN,0,0,0,Total set,0,0,0,0,0,0,0,-,-,NaN,0,0,0,Total,8740,4410,2949,0,0,7186,1554,"13,34","943 607,11","71,76",3075,0,16938
Data,Ocup,Opção,Cheg,Oferta/Uso Interno,Deduz. Individ.,Deduz. Grupos,% Ocup.,Receita Quartos,Preço Médio,Saídas,Quartos FdS,Adul. / Cri.,setembro,Previsão,17-set-2027 sex,0,0,0,0,0,0,0,-,-,NaN,0,0,0,0,0,0,0,0,0,0,-,-,NaN,0,0,0,Total set,0,0,0,0,0,0,0,-,-,NaN,0,0,0,Total,8740,4410,2949,0,0,7186,1554,"13,34","943 607,11","71,76",3075,0,16938
Data,Ocup,Opção,Cheg,Oferta/Uso Interno,Deduz. Individ.,Deduz. Grupos,% Ocup.,Receita Quartos,Preço Médio,Saídas,Quartos FdS,Adul. / Cri.,setembro,Previsão,18-set-2027 sáb,0,0,0,0,0,0,0,-,-,NaN,0,0,0,0,0,0,0,0,0,0,-,-,NaN,0,0,0,Total set,0,0,0,0,0,0,0,-,-,NaN,0,0,0,Total,8740,4410,2949,0,0,7186,1554,"13,34","943 607,11","71,76",3075,0,16938
Data,Ocup,Opção,Cheg,Oferta/Uso Interno,Deduz. Individ.,Deduz. Grupos,% Ocup.,Receita Quartos,Preço Médio,Saídas,Quartos FdS,Adul. / Cri.,setembro,Previsão,19-set-2027 dom,0,0,0,0,0,0,0,-,-,NaN,0,0,0,0,0,0,0,0,0,0,-,-,NaN,0,0,0,Total set,0,0,0,0,0,0,0,-,-,NaN,0,0,0,Total,8740,4410,2949,0,0,7186,1554,"13,34","943 607,11","71,76",3075,0,16938
Data,Ocup,Opção,Cheg,Oferta/Uso Interno,Deduz. Individ.,Deduz. Grupos,% Ocup.,Receita Quartos,Preço Médio,Saídas,Quartos FdS,Adul. / Cri.,setembro,Previsão,20-set-2027 seg,0,0,0,0,0,0,0,-,-,NaN,0,0,0,0,0,0,0,0,0,0,-,-,NaN,0,0,0,Total set,0,0,0,0,0,0,0,-,-,NaN,0,0,0,Total,8740,4410,2949,0,0,7186,1554,"13,34","943 607,11","71,76",3075,0,16938
Data,Ocup,Opção,Cheg,Oferta/Uso Interno,Deduz. Individ.,Deduz. Grupos,% Ocup.,Receita Quartos,Preço Médio,Saídas,Quartos FdS,Adul. / Cri.,setembro,Previsão,21-set-2027 ter,0,0,0,0,0,0,0,-,-,NaN,0,0,0,0,0,0,0,0,0,0,-,-,NaN,0,0,0,Total set,0,0,0,0,0,0,0,-,-,NaN,0,0,0,Total,8740,4410,2949,0,0,7186,1554,"13,34","943 607,11","71,76",3075,0,16938
Data,Ocup,Opção,Cheg,Oferta/Uso Interno,Deduz. Individ.,Deduz. Grupos,% Ocup.,Receita Quartos,Preço Médio,Saídas,Quartos FdS,Adul. / Cri.,setembro,Previsão,22-set-2027 qua,0,0,0,0,0,0,0,-,-,NaN,0,0,0,0,0,0,0,0,0,0,-,-,NaN,0,0,0,Total set,0,0,0,0,0,0,0,-,-,NaN,0,0,0,Total,8740,4410,2949,0,0,7186,1554,"13,34","943 607,11","71,76",3075,0,16938
Data,Ocup,Opção,Cheg,Oferta/Uso Interno,Deduz. Individ.,Deduz. Grupos,% Ocup.,Receita Quartos,Preço Médio,Saídas,Quartos FdS,Adul. / Cri.,setembro,Previsão,23-set-2027 qui,0,0,0,0,0,0,0,-,-,NaN,0,0,0,0,0,0,0,0,0,0,-,-,NaN,0,0,0,Total set,0,0,0,0,0,0,0,-,-,NaN,0,0,0,Total,8740,4410,2949,0,0,7186,1554,"13,34","943 607,11","71,76",3075,0,16938
Data,Ocup,Opção,Cheg,Oferta/Uso Interno,Deduz. Individ.,Deduz. Grupos,% Ocup.,Receita Quartos,Preço Médio,Saídas,Quartos FdS,Adul. / Cri.,setembro,Previsão,24-set-2027 sex,0,0,0,0,0,0,0,-,-,NaN,0,0,0,0,0,0,0,0,0,0,-,-,NaN,0,0,0,Total set,0,0,0,0,0,0,0,-,-,NaN,0,0,0,Total,8740,4410,2949,0,0,7186,1554,"13,34","943 607,11","71,76",3075,0,16938
Data,Ocup,Opção,Cheg,Oferta/Uso Interno,Deduz. Individ.,Deduz. Grupos,% Ocup.,Receita Quartos,Preço Médio,Saídas,Quartos FdS,Adul. / Cri.,setembro,Previsão,25-set-2027 sáb,0,0,0,0,0,0,0,-,-,NaN,0,0,0,0,0,0,0,0,0,0,-,-,NaN,0,0,0,Total set,0,0,0,0,0,0,0,-,-,NaN,0,0,0,Total,8740,4410,2949,0,0,7186,1554,"13,34","943 607,11","71,76",3075,0,16938
Data,Ocup,Opção,Cheg,Oferta/Uso Interno,Deduz. Individ.,Deduz. Grupos,% Ocup.,Receita Quartos,Preço Médio,Saídas,Quartos FdS,Adul. / Cri.,setembro,Previsão,26-set-2027 dom,0,0,0,0,0,0,0,-,-,NaN,0,0,0,0,0,0,0,0,0,0,-,-,NaN,0,0,0,Total set,0,0,0,0,0,0,0,-,-,NaN,0,0,0,Total,8740,4410,2949,0,0,7186,1554,"13,34","943 607,11","71,76",3075,0,16938
Data,Ocup,Opção,Cheg,Oferta/Uso Interno,Deduz. Individ.,Deduz. Grupos,% Ocup.,Receita Quartos,Preço Médio,Saídas,Quartos FdS,Adul. / Cri.,setembro,Previsão,27-set-2027 seg,0,0,0,0,0,0,0,-,-,NaN,0,0,0,0,0,0,0,0,0,0,-,-,NaN,0,0,0,Total set,0,0,0,0,0,0,0,-,-,NaN,0,0,0,Total,8740,4410,2949,0,0,7186,1554,"13,34","943 607,11","71,76",3075,0,16938
Data,Ocup,Opção,Cheg,Oferta/Uso Interno,Deduz. Individ.,Deduz. Grupos,% Ocup.,Receita Quartos,Preço Médio,Saídas,Quartos FdS,Adul. / Cri.,setembro,Previsão,28-set-2027 ter,0,0,0,0,0,0,0,-,-,NaN,0,0,0,0,0,0,0,0,0,0,-,-,NaN,0,0,0,Total set,0,0,0,0,0,0,0,-,-,NaN,0,0,0,Total,8740,4410,2949,0,0,7186,1554,"13,34","943 607,11","71,76",3075,0,16938
Data,Ocup,Opção,Cheg,Oferta/Uso Interno,Deduz. Individ.,Deduz. Grupos,% Ocup.,Receita Quartos,Preço Médio,Saídas,Quartos FdS,Adul. / Cri.,setembro,Previsão,29-set-2027 qua,0,0,0,0,0,0,0,-,-,NaN,0,0,0,0,0,0,0,0,0,0,-,-,NaN,0,0,0,Total set,0,0,0,0,0,0,0,-,-,NaN,0,0,0,Total,8740,4410,2949,0,0,7186,1554,"13,34","943 607,11","71,76",3075,0,16938
Data,Ocup,Opção,Cheg,Oferta/Uso Interno,Deduz. Individ.,Deduz. Grupos,% Ocup.,Receita Quartos,Preço Médio,Saídas,Quartos FdS,Adul. / Cri.,setembro,Previsão,30-set-2027 qui,0,0,0,0,0,0,0,-,-,NaN,0,0,0,0,0,0,0,0,0,0,-,-,NaN,0,0,0,Total set,0,0,0,0,0,0,0,-,-,NaN,0,0,0,Total,8740,4410,2949,0,0,7186,1554,"13,34","943 607,11","71,76",3075,0,16938
Data,Ocup,Opção,Cheg,Oferta/Uso Interno,Deduz. Individ.,Deduz. Grupos,% Ocup.,Receita Quartos,Preço Médio,Saídas,Quartos FdS,Adul. / Cri.,outubro,Previsão,01-out-2027 sex,0,0,0,0,0,0,0,-,-,NaN,0,0,0,0,0,0,0,0,0,0,-,-,NaN,0,0,0,Total out,0,0,0,0,0,0,0,-,-,NaN,0,0,0,Total,8740,4410,2949,0,0,7186,1554,"13,34","943 607,11","71,76",3075,0,16938
Data,Ocup,Opção,Cheg,Oferta/Uso Interno,Deduz. Individ.,Deduz. Grupos,% Ocup.,Receita Quartos,Preço Médio,Saídas,Quartos FdS,Adul. / Cri.,outubro,Previsão,02-out-2027 sáb,0,0,0,0,0,0,0,-,-,NaN,0,0,0,0,0,0,0,0,0,0,-,-,NaN,0,0,0,Total out,0,0,0,0,0,0,0,-,-,NaN,0,0,0,Total,8740,4410,2949,0,0,7186,1554,"13,34","943 607,11","71,76",3075,0,16938
Data,Ocup,Opção,Cheg,Oferta/Uso Interno,Deduz. Individ.,Deduz. Grupos,% Ocup.,Receita Quartos,Preço Médio,Saídas,Quartos FdS,Adul. / Cri.,outubro,Previsão,03-out-2027 dom,0,0,0,0,0,0,0,-,-,NaN,0,0,0,0,0,0,0,0,0,0,-,-,NaN,0,0,0,Total out,0,0,0,0,0,0,0,-,-,NaN,0,0,0,Total,8740,4410,2949,0,0,7186,1554,"13,34","943 607,11","71,76",3075,0,16938
Data,Ocup,Opção,Cheg,Oferta/Uso Interno,Deduz. Individ.,Deduz. Grupos,% Ocup.,Receita Quartos,Preço Médio,Saídas,Quartos FdS,Adul. / Cri.,outubro,Previsão,04-out-2027 seg,0,0,0,0,0,0,0,-,-,NaN,0,0,0,0,0,0,0,0,0,0,-,-,NaN,0,0,0,Total out,0,0,0,0,0,0,0,-,-,NaN,0,0,0,Total,8740,4410,2949,0,0,7186,1554,"13,34","943 607,11","71,76",3075,0,16938
Data,Ocup,Opção,Cheg,Oferta/Uso Interno,Deduz. Individ.,Deduz. Grupos,% Ocup.,Receita Quartos,Preço Médio,Saídas,Quartos FdS,Adul. / Cri.,outubro,Previsão,05-out-2027 ter,0,0,0,0,0,0,0,-,-,NaN,0,0,0,0,0,0,0,0,0,0,-,-,NaN,0,0,0,Total out,0,0,0,0,0,0,0,-,-,NaN,0,0,0,Total,8740,4410,2949,0,0,7186,1554,"13,34","943 607,11","71,76",3075,0,16938
Data,Ocup,Opção,Cheg,Oferta/Uso Interno,Deduz. Individ.,Deduz. Grupos,% Ocup.,Receita Quartos,Preço Médio,Saídas,Quartos FdS,Adul. / Cri.,outubro,Previsão,06-out-2027 qua,0,0,0,0,0,0,0,-,-,NaN,0,0,0,0,0,0,0,0,0,0,-,-,NaN,0,0,0,Total out,0,0,0,0,0,0,0,-,-,NaN,0,0,0,Total,8740,4410,2949,0,0,7186,1554,"13,34","943 607,11","71,76",3075,0,16938
Data,Ocup,Opção,Cheg,Oferta/Uso Interno,Deduz. Individ.,Deduz. Grupos,% Ocup.,Receita Quartos,Preço Médio,Saídas,Quartos FdS,Adul. / Cri.,outubro,Previsão,07-out-2027 qui,0,0,0,0,0,0,0,-,-,NaN,0,0,0,0,0,0,0,0,0,0,-,-,NaN,0,0,0,Total out,0,0,0,0,0,0,0,-,-,NaN,0,0,0,Total,8740,4410,2949,0,0,7186,1554,"13,34","943 607,11","71,76",3075,0,16938
Data,Ocup,Opção,Cheg,Oferta/Uso Interno,Deduz. Individ.,Deduz. Grupos,% Ocup.,Receita Quartos,Preço Médio,Saídas,Quartos FdS,Adul. / Cri.,outubro,Previsão,08-out-2027 sex,0,0,0,0,0,0,0,-,-,NaN,0,0,0,0,0,0,0,0,0,0,-,-,NaN,0,0,0,Total out,0,0,0,0,0,0,0,-,-,NaN,0,0,0,Total,8740,4410,2949,0,0,7186,1554,"13,34","943 607,11","71,76",3075,0,16938
Data,Ocup,Opção,Cheg,Oferta/Uso Interno,Deduz. Individ.,Deduz. Grupos,% Ocup.,Receita Quartos,Preço Médio,Saídas,Quartos FdS,Adul. / Cri.,outubro,Previsão,09-out-2027 sáb,0,0,0,0,0,0,0,-,-,NaN,0,0,0,0,0,0,0,0,0,0,-,-,NaN,0,0,0,Total out,0,0,0,0,0,0,0,-,-,NaN,0,0,0,Total,8740,4410,2949,0,0,7186,1554,"13,34","943 607,11","71,76",3075,0,16938
Data,Ocup,Opção,Cheg,Oferta/Uso Interno,Deduz. Individ.,Deduz. Grupos,% Ocup.,Receita Quartos,Preço Médio,Saídas,Quartos FdS,Adul. / Cri.,outubro,Previsão,10-out-2027 dom,0,0,0,0,0,0,0,-,-,NaN,0,0,0,0,0,0,0,0,0,0,-,-,NaN,0,0,0,Total out,0,0,0,0,0,0,0,-,-,NaN,0,0,0,Total,8740,4410,2949,0,0,7186,1554,"13,34","943 607,11","71,76",3075,0,16938
Data,Ocup,Opção,Cheg,Oferta/Uso Interno,Deduz. Individ.,Deduz. Grupos,% Ocup.,Receita Quartos,Preço Médio,Saídas,Quartos FdS,Adul. / Cri.,outubro,Previsão,11-out-2027 seg,0,0,0,0,0,0,0,-,-,NaN,0,0,0,0,0,0,0,0,0,0,-,-,NaN,0,0,0,Total out,0,0,0,0,0,0,0,-,-,NaN,0,0,0,Total,8740,4410,2949,0,0,7186,1554,"13,34","943 607,11","71,76",3075,0,16938
Data,Ocup,Opção,Cheg,Oferta/Uso Interno,Deduz. Individ.,Deduz. Grupos,% Ocup.,Receita Quartos,Preço Médio,Saídas,Quartos FdS,Adul. / Cri.,outubro,Previsão,12-out-2027 ter,0,0,0,0,0,0,0,-,-,NaN,0,0,0,0,0,0,0,0,0,0,-,-,NaN,0,0,0,Total out,0,0,0,0,0,0,0,-,-,NaN,0,0,0,Total,8740,4410,2949,0,0,7186,1554,"13,34","943 607,11","71,76",3075,0,16938
Data,Ocup,Opção,Cheg,Oferta/Uso Interno,Deduz. Individ.,Deduz. Grupos,% Ocup.,Receita Quartos,Preço Médio,Saídas,Quartos FdS,Adul. / Cri.,outubro,Previsão,13-out-2027 qua,0,0,0,0,0,0,0,-,-,NaN,0,0,0,0,0,0,0,0,0,0,-,-,NaN,0,0,0,Total out,0,0,0,0,0,0,0,-,-,NaN,0,0,0,Total,8740,4410,2949,0,0,7186,1554,"13,34","943 607,11","71,76",3075,0,16938
Data,Ocup,Opção,Cheg,Oferta/Uso Interno,Deduz. Individ.,Deduz. Grupos,% Ocup.,Receita Quartos,Preço Médio,Saídas,Quartos FdS,Adul. / Cri.,outubro,Previsão,14-out-2027 qui,0,0,0,0,0,0,0,-,-,NaN,0,0,0,0,0,0,0,0,0,0,-,-,NaN,0,0,0,Total out,0,0,0,0,0,0,0,-,-,NaN,0,0,0,Total,8740,4410,2949,0,0,7186,1554,"13,34","943 607,11","71,76",3075,0,16938
Data,Ocup,Opção,Cheg,Oferta/Uso Interno,Deduz. Individ.,Deduz. Grupos,% Ocup.,Receita Quartos,Preço Médio,Saídas,Quartos FdS,Adul. / Cri.,outubro,Previsão,15-out-2027 sex,0,0,0,0,0,0,0,-,-,NaN,0,0,0,0,0,0,0,0,0,0,-,-,NaN,0,0,0,Total out,0,0,0,0,0,0,0,-,-,NaN,0,0,0,Total,8740,4410,2949,0,0,7186,1554,"13,34","943 607,11","71,76",3075,0,16938
Data,Ocup,Opção,Cheg,Oferta/Uso Interno,Deduz. Individ.,Deduz. Grupos,% Ocup.,Receita Quartos,Preço Médio,Saídas,Quartos FdS,Adul. / Cri.,outubro,Previsão,16-out-2027 sáb,0,0,0,0,0,0,0,-,-,NaN,0,0,0,0,0,0,0,0,0,0,-,-,NaN,0,0,0,Total out,0,0,0,0,0,0,0,-,-,NaN,0,0,0,Total,8740,4410,2949,0,0,7186,1554,"13,34","943 607,11","71,76",3075,0,16938
Data,Ocup,Opção,Cheg,Oferta/Uso Interno,Deduz. Individ.,Deduz. Grupos,% Ocup.,Receita Quartos,Preço Médio,Saídas,Quartos FdS,Adul. / Cri.,outubro,Previsão,17-out-2027 dom,0,0,0,0,0,0,0,-,-,NaN,0,0,0,0,0,0,0,0,0,0,-,-,NaN,0,0,0,Total out,0,0,0,0,0,0,0,-,-,NaN,0,0,0,Total,8740,4410,2949,0,0,7186,1554,"13,34","943 607,11","71,76",3075,0,16938
Data,Ocup,Opção,Cheg,Oferta/Uso Interno,Deduz. Individ.,Deduz. Grupos,% Ocup.,Receita Quartos,Preço Médio,Saídas,Quartos FdS,Adul. / Cri.,outubro,Previsão,18-out-2027 seg,0,0,0,0,0,0,0,-,-,NaN,0,0,0,0,0,0,0,0,0,0,-,-,NaN,0,0,0,Total out,0,0,0,0,0,0,0,-,-,NaN,0,0,0,Total,8740,4410,2949,0,0,7186,1554,"13,34","943 607,11","71,76",3075,0,16938
Data,Ocup,Opção,Cheg,Oferta/Uso Interno,Deduz. Individ.,Deduz. Grupos,% Ocup.,Receita Quartos,Preço Médio,Saídas,Quartos FdS,Adul. / Cri.,outubro,Previsão,19-out-2027 ter,0,0,0,0,0,0,0,-,-,NaN,0,0,0,0,0,0,0,0,0,0,-,-,NaN,0,0,0,Total out,0,0,0,0,0,0,0,-,-,NaN,0,0,0,Total,8740,4410,2949,0,0,7186,1554,"13,34","943 607,11","71,76",3075,0,16938
Data,Ocup,Opção,Cheg,Oferta/Uso Interno,Deduz. Individ.,Deduz. Grupos,% Ocup.,Receita Quartos,Preço Médio,Saídas,Quartos FdS,Adul. / Cri.,outubro,Previsão,20-out-2027 qua,0,0,0,0,0,0,0,-,-,NaN,0,0,0,0,0,0,0,0,0,0,-,-,NaN,0,0,0,Total out,0,0,0,0,0,0,0,-,-,NaN,0,0,0,Total,8740,4410,2949,0,0,7186,1554,"13,34","943 607,11","71,76",3075,0,16938
Data,Ocup,Opção,Cheg,Oferta/Uso Interno,Deduz. Individ.,Deduz. Grupos,% Ocup.,Receita Quartos,Preço Médio,Saídas,Quartos FdS,Adul. / Cri.,outubro,Previsão,21-out-2027 qui,0,0,0,0,0,0,0,-,-,NaN,0,0,0,0,0,0,0,0,0,0,-,-,NaN,0,0,0,Total out,0,0,0,0,0,0,0,-,-,NaN,0,0,0,Total,8740,4410,2949,0,0,7186,1554,"13,34","943 607,11","71,76",3075,0,16938
Data,Ocup,Opção,Cheg,Oferta/Uso Interno,Deduz. Individ.,Deduz. Grupos,% Ocup.,Receita Quartos,Preço Médio,Saídas,Quartos FdS,Adul. / Cri.,outubro,Previsão,22-out-2027 sex,0,0,0,0,0,0,0,-,-,NaN,0,0,0,0,0,0,0,0,0,0,-,-,NaN,0,0,0,Total out,0,0,0,0,0,0,0,-,-,NaN,0,0,0,Total,8740,4410,2949,0,0,7186,1554,"13,34","943 607,11","71,76",3075,0,16938
Data,Ocup,Opção,Cheg,Oferta/Uso Interno,Deduz. Individ.,Deduz. Grupos,% Ocup.,Receita Quartos,Preço Médio,Saídas,Quartos FdS,Adul. / Cri.,outubro,Previsão,23-out-2027 sáb,0,0,0,0,0,0,0,-,-,NaN,0,0,0,0,0,0,0,0,0,0,-,-,NaN,0,0,0,Total out,0,0,0,0,0,0,0,-,-,NaN,0,0,0,Total,8740,4410,2949,0,0,7186,1554,"13,34","943 607,11","71,76",3075,0,16938
Data,Ocup,Opção,Cheg,Oferta/Uso Interno,Deduz. Individ.,Deduz. Grupos,% Ocup.,Receita Quartos,Preço Médio,Saídas,Quartos FdS,Adul. / Cri.,outubro,Previsão,24-out-2027 dom,0,0,0,0,0,0,0,-,-,NaN,0,0,0,0,0,0,0,0,0,0,-,-,NaN,0,0,0,Total out,0,0,0,0,0,0,0,-,-,NaN,0,0,0,Total,8740,4410,2949,0,0,7186,1554,"13,34","943 607,11","71,76",3075,0,16938
Data,Ocup,Opção,Cheg,Oferta/Uso Interno,Deduz. Individ.,Deduz. Grupos,% Ocup.,Receita Quartos,Preço Médio,Saídas,Quartos FdS,Adul. / Cri.,outubro,Previsão,25-out-2027 seg,0,0,0,0,0,0,0,-,-,NaN,0,0,0,0,0,0,0,0,0,0,-,-,NaN,0,0,0,Total out,0,0,0,0,0,0,0,-,-,NaN,0,0,0,Total,8740,4410,2949,0,0,7186,1554,"13,34","943 607,11","71,76",3075,0,16938
Data,Ocup,Opção,Cheg,Oferta/Uso Interno,Deduz. Individ.,Deduz. Grupos,% Ocup.,Receita Quartos,Preço Médio,Saídas,Quartos FdS,Adul. / Cri.,outubro,Previsão,26-out-2027 ter,0,0,0,0,0,0,0,-,-,NaN,0,0,0,0,0,0,0,0,0,0,-,-,NaN,0,0,0,Total out,0,0,0,0,0,0,0,-,-,NaN,0,0,0,Total,8740,4410,2949,0,0,7186,1554,"13,34","943 607,11","71,76",3075,0,16938
Data,Ocup,Opção,Cheg,Oferta/Uso Interno,Deduz. Individ.,Deduz. Grupos,% Ocup.,Receita Quartos,Preço Médio,Saídas,Quartos FdS,Adul. / Cri.,outubro,Previsão,27-out-2027 qua,0,0,0,0,0,0,0,-,-,NaN,0,0,0,0,0,0,0,0,0,0,-,-,NaN,0,0,0,Total out,0,0,0,0,0,0,0,-,-,NaN,0,0,0,Total,8740,4410,2949,0,0,7186,1554,"13,34","943 607,11","71,76",3075,0,16938
Data,Ocup,Opção,Cheg,Oferta/Uso Interno,Deduz. Individ.,Deduz. Grupos,% Ocup.,Receita Quartos,Preço Médio,Saídas,Quartos FdS,Adul. / Cri.,outubro,Previsão,28-out-2027 qui,0,0,0,0,0,0,0,-,-,NaN,0,0,0,0,0,0,0,0,0,0,-,-,NaN,0,0,0,Total out,0,0,0,0,0,0,0,-,-,NaN,0,0,0,Total,8740,4410,2949,0,0,7186,1554,"13,34","943 607,11","71,76",3075,0,16938
Data,Ocup,Opção,Cheg,Oferta/Uso Interno,Deduz. Individ.,Deduz. Grupos,% Ocup.,Receita Quartos,Preço Médio,Saídas,Quartos FdS,Adul. / Cri.,outubro,Previsão,29-out-2027 sex,0,0,0,0,0,0,0,-,-,NaN,0,0,0,0,0,0,0,0,0,0,-,-,NaN,0,0,0,Total out,0,0,0,0,0,0,0,-,-,NaN,0,0,0,Total,8740,4410,2949,0,0,7186,1554,"13,34","943 607,11","71,76",3075,0,16938
Data,Ocup,Opção,Cheg,Oferta/Uso Interno,Deduz. Individ.,Deduz. Grupos,% Ocup.,Receita Quartos,Preço Médio,Saídas,Quartos FdS,Adul. / Cri.,outubro,Previsão,30-out-2027 sáb,0,0,0,0,0,0,0,-,-,NaN,0,0,0,0,0,0,0,0,0,0,-,-,NaN,0,0,0,Total out,0,0,0,0,0,0,0,-,-,NaN,0,0,0,Total,8740,4410,2949,0,0,7186,1554,"13,34","943 607,11","71,76",3075,0,16938
Data,Ocup,Opção,Cheg,Oferta/Uso Interno,Deduz. Individ.,Deduz. Grupos,% Ocup.,Receita Quartos,Preço Médio,Saídas,Quartos FdS,Adul. / Cri.,outubro,Previsão,31-out-2027 dom,0,0,0,0,0,0,0,-,-,NaN,0,0,0,0,0,0,0,0,0,0,-,-,NaN,0,0,0,Total out,0,0,0,0,0,0,0,-,-,NaN,0,0,0,Total,8740,4410,2949,0,0,7186,1554,"13,34","943 607,11","71,76",3075,0,16938
Data,Ocup,Opção,Cheg,Oferta/Uso Interno,Deduz. Individ.,Deduz. Grupos,% Ocup.,Receita Quartos,Preço Médio,Saídas,Quartos FdS,Adul. / Cri.,novembro,Previsão,01-nov-2027 seg,0,0,0,0,0,0,0,-,-,NaN,0,0,0,0,0,0,0,0,0,0,-,-,NaN,0,0,0,Total nov,0,0,0,0,0,0,0,-,-,NaN,0,0,0,Total,8740,4410,2949,0,0,7186,1554,"13,34","943 607,11","71,76",3075,0,16938
Data,Ocup,Opção,Cheg,Oferta/Uso Interno,Deduz. Individ.,Deduz. Grupos,% Ocup.,Receita Quartos,Preço Médio,Saídas,Quartos FdS,Adul. / Cri.,novembro,Previsão,02-nov-2027 ter,0,0,0,0,0,0,0,-,-,NaN,0,0,0,0,0,0,0,0,0,0,-,-,NaN,0,0,0,Total nov,0,0,0,0,0,0,0,-,-,NaN,0,0,0,Total,8740,4410,2949,0,0,7186,1554,"13,34","943 607,11","71,76",3075,0,16938
Data,Ocup,Opção,Cheg,Oferta/Uso Interno,Deduz. Individ.,Deduz. Grupos,% Ocup.,Receita Quartos,Preço Médio,Saídas,Quartos FdS,Adul. / Cri.,novembro,Previsão,03-nov-2027 qua,0,0,0,0,0,0,0,-,-,NaN,0,0,0,0,0,0,0,0,0,0,-,-,NaN,0,0,0,Total nov,0,0,0,0,0,0,0,-,-,NaN,0,0,0,Total,8740,4410,2949,0,0,7186,1554,"13,34","943 607,11","71,76",3075,0,16938
Data,Ocup,Opção,Cheg,Oferta/Uso Interno,Deduz. Individ.,Deduz. Grupos,% Ocup.,Receita Quartos,Preço Médio,Saídas,Quartos FdS,Adul. / Cri.,novembro,Previsão,04-nov-2027 qui,0,0,0,0,0,0,0,-,-,NaN,0,0,0,0,0,0,0,0,0,0,-,-,NaN,0,0,0,Total nov,0,0,0,0,0,0,0,-,-,NaN,0,0,0,Total,8740,4410,2949,0,0,7186,1554,"13,34","943 607,11","71,76",3075,0,16938
Data,Ocup,Opção,Cheg,Oferta/Uso Interno,Deduz. Individ.,Deduz. Grupos,% Ocup.,Receita Quartos,Preço Médio,Saídas,Quartos FdS,Adul. / Cri.,novembro,Previsão,05-nov-2027 sex,0,0,0,0,0,0,0,-,-,NaN,0,0,0,0,0,0,0,0,0,0,-,-,NaN,0,0,0,Total nov,0,0,0,0,0,0,0,-,-,NaN,0,0,0,Total,8740,4410,2949,0,0,7186,1554,"13,34","943 607,11","71,76",3075,0,16938
Data,Ocup,Opção,Cheg,Oferta/Uso Interno,Deduz. Individ.,Deduz. Grupos,% Ocup.,Receita Quartos,Preço Médio,Saídas,Quartos FdS,Adul. / Cri.,novembro,Previsão,06-nov-2027 sáb,0,0,0,0,0,0,0,-,-,NaN,0,0,0,0,0,0,0,0,0,0,-,-,NaN,0,0,0,Total nov,0,0,0,0,0,0,0,-,-,NaN,0,0,0,Total,8740,4410,2949,0,0,7186,1554,"13,34","943 607,11","71,76",3075,0,16938
Data,Ocup,Opção,Cheg,Oferta/Uso Interno,Deduz. Individ.,Deduz. Grupos,% Ocup.,Receita Quartos,Preço Médio,Saídas,Quartos FdS,Adul. / Cri.,novembro,Previsão,07-nov-2027 dom,0,0,0,0,0,0,0,-,-,NaN,0,0,0,0,0,0,0,0,0,0,-,-,NaN,0,0,0,Total nov,0,0,0,0,0,0,0,-,-,NaN,0,0,0,Total,8740,4410,2949,0,0,7186,1554,"13,34","943 607,11","71,76",3075,0,16938
Data,Ocup,Opção,Cheg,Oferta/Uso Interno,Deduz. Individ.,Deduz. Grupos,% Ocup.,Receita Quartos,Preço Médio,Saídas,Quartos FdS,Adul. / Cri.,novembro,Previsão,08-nov-2027 seg,0,0,0,0,0,0,0,-,-,NaN,0,0,0,0,0,0,0,0,0,0,-,-,NaN,0,0,0,Total nov,0,0,0,0,0,0,0,-,-,NaN,0,0,0,Total,8740,4410,2949,0,0,7186,1554,"13,34","943 607,11","71,76",3075,0,16938
Data,Ocup,Opção,Cheg,Oferta/Uso Interno,Deduz. Individ.,Deduz. Grupos,% Ocup.,Receita Quartos,Preço Médio,Saídas,Quartos FdS,Adul. / Cri.,novembro,Previsão,09-nov-2027 ter,0,0,0,0,0,0,0,-,-,NaN,0,0,0,0,0,0,0,0,0,0,-,-,NaN,0,0,0,Total nov,0,0,0,0,0,0,0,-,-,NaN,0,0,0,Total,8740,4410,2949,0,0,7186,1554,"13,34","943 607,11","71,76",3075,0,16938
Data,Ocup,Opção,Cheg,Oferta/Uso Interno,Deduz. Individ.,Deduz. Grupos,% Ocup.,Receita Quartos,Preço Médio,Saídas,Quartos FdS,Adul. / Cri.,novembro,Previsão,10-nov-2027 qua,0,0,0,0,0,0,0,-,-,NaN,0,0,0,0,0,0,0,0,0,0,-,-,NaN,0,0,0,Total nov,0,0,0,0,0,0,0,-,-,NaN,0,0,0,Total,8740,4410,2949,0,0,7186,1554,"13,34","943 607,11","71,76",3075,0,16938
Data,Ocup,Opção,Cheg,Oferta/Uso Interno,Deduz. Individ.,Deduz. Grupos,% Ocup.,Receita Quartos,Preço Médio,Saídas,Quartos FdS,Adul. / Cri.,novembro,Previsão,11-nov-2027 qui,0,0,0,0,0,0,0,-,-,NaN,0,0,0,0,0,0,0,0,0,0,-,-,NaN,0,0,0,Total nov,0,0,0,0,0,0,0,-,-,NaN,0,0,0,Total,8740,4410,2949,0,0,7186,1554,"13,34","943 607,11","71,76",3075,0,16938
Data,Ocup,Opção,Cheg,Oferta/Uso Interno,Deduz. Individ.,Deduz. Grupos,% Ocup.,Receita Quartos,Preço Médio,Saídas,Quartos FdS,Adul. / Cri.,novembro,Previsão,12-nov-2027 sex,0,0,0,0,0,0,0,-,-,NaN,0,0,0,0,0,0,0,0,0,0,-,-,NaN,0,0,0,Total nov,0,0,0,0,0,0,0,-,-,NaN,0,0,0,Total,8740,4410,2949,0,0,7186,1554,"13,34","943 607,11","71,76",3075,0,16938
Data,Ocup,Opção,Cheg,Oferta/Uso Interno,Deduz. Individ.,Deduz. Grupos,% Ocup.,Receita Quartos,Preço Médio,Saídas,Quartos FdS,Adul. / Cri.,novembro,Previsão,13-nov-2027 sáb,0,0,0,0,0,0,0,-,-,NaN,0,0,0,0,0,0,0,0,0,0,-,-,NaN,0,0,0,Total nov,0,0,0,0,0,0,0,-,-,NaN,0,0,0,Total,8740,4410,2949,0,0,7186,1554,"13,34","943 607,11","71,76",3075,0,16938
Data,Ocup,Opção,Cheg,Oferta/Uso Interno,Deduz. Individ.,Deduz. Grupos,% Ocup.,Receita Quartos,Preço Médio,Saídas,Quartos FdS,Adul. / Cri.,novembro,Previsão,14-nov-2027 dom,0,0,0,0,0,0,0,-,-,NaN,0,0,0,0,0,0,0,0,0,0,-,-,NaN,0,0,0,Total nov,0,0,0,0,0,0,0,-,-,NaN,0,0,0,Total,8740,4410,2949,0,0,7186,1554,"13,34","943 607,11","71,76",3075,0,16938
Data,Ocup,Opção,Cheg,Oferta/Uso Interno,Deduz. Individ.,Deduz. Grupos,% Ocup.,Receita Quartos,Preço Médio,Saídas,Quartos FdS,Adul. / Cri.,novembro,Previsão,15-nov-2027 seg,0,0,0,0,0,0,0,-,-,NaN,0,0,0,0,0,0,0,0,0,0,-,-,NaN,0,0,0,Total nov,0,0,0,0,0,0,0,-,-,NaN,0,0,0,Total,8740,4410,2949,0,0,7186,1554,"13,34","943 607,11","71,76",3075,0,16938
Data,Ocup,Opção,Cheg,Oferta/Uso Interno,Deduz. Individ.,Deduz. Grupos,% Ocup.,Receita Quartos,Preço Médio,Saídas,Quartos FdS,Adul. / Cri.,novembro,Previsão,16-nov-2027 ter,0,0,0,0,0,0,0,-,-,NaN,0,0,0,0,0,0,0,0,0,0,-,-,NaN,0,0,0,Total nov,0,0,0,0,0,0,0,-,-,NaN,0,0,0,Total,8740,4410,2949,0,0,7186,1554,"13,34","943 607,11","71,76",3075,0,16938
Data,Ocup,Opção,Cheg,Oferta/Uso Interno,Deduz. Individ.,Deduz. Grupos,% Ocup.,Receita Quartos,Preço Médio,Saídas,Quartos FdS,Adul. / Cri.,novembro,Previsão,17-nov-2027 qua,0,0,0,0,0,0,0,-,-,NaN,0,0,0,0,0,0,0,0,0,0,-,-,NaN,0,0,0,Total nov,0,0,0,0,0,0,0,-,-,NaN,0,0,0,Total,8740,4410,2949,0,0,7186,1554,"13,34","943 607,11","71,76",3075,0,16938
Data,Ocup,Opção,Cheg,Oferta/Uso Interno,Deduz. Individ.,Deduz. Grupos,% Ocup.,Receita Quartos,Preço Médio,Saídas,Quartos FdS,Adul. / Cri.,novembro,Previsão,18-nov-2027 qui,0,0,0,0,0,0,0,-,-,NaN,0,0,0,0,0,0,0,0,0,0,-,-,NaN,0,0,0,Total nov,0,0,0,0,0,0,0,-,-,NaN,0,0,0,Total,8740,4410,2949,0,0,7186,1554,"13,34","943 607,11","71,76",3075,0,16938
Data,Ocup,Opção,Cheg,Oferta/Uso Interno,Deduz. Individ.,Deduz. Grupos,% Ocup.,Receita Quartos,Preço Médio,Saídas,Quartos FdS,Adul. / Cri.,novembro,Previsão,19-nov-2027 sex,0,0,0,0,0,0,0,-,-,NaN,0,0,0,0,0,0,0,0,0,0,-,-,NaN,0,0,0,Total nov,0,0,0,0,0,0,0,-,-,NaN,0,0,0,Total,8740,4410,2949,0,0,7186,1554,"13,34","943 607,11","71,76",3075,0,16938
Data,Ocup,Opção,Cheg,Oferta/Uso Interno,Deduz. Individ.,Deduz. Grupos,% Ocup.,Receita Quartos,Preço Médio,Saídas,Quartos FdS,Adul. / Cri.,novembro,Previsão,20-nov-2027 sáb,0,0,0,0,0,0,0,-,-,NaN,0,0,0,0,0,0,0,0,0,0,-,-,NaN,0,0,0,Total nov,0,0,0,0,0,0,0,-,-,NaN,0,0,0,Total,8740,4410,2949,0,0,7186,1554,"13,34","943 607,11","71,76",3075,0,16938
Data,Ocup,Opção,Cheg,Oferta/Uso Interno,Deduz. Individ.,Deduz. Grupos,% Ocup.,Receita Quartos,Preço Médio,Saídas,Quartos FdS,Adul. / Cri.,novembro,Previsão,21-nov-2027 dom,0,0,0,0,0,0,0,-,-,NaN,0,0,0,0,0,0,0,0,0,0,-,-,NaN,0,0,0,Total nov,0,0,0,0,0,0,0,-,-,NaN,0,0,0,Total,8740,4410,2949,0,0,7186,1554,"13,34","943 607,11","71,76",3075,0,16938
Data,Ocup,Opção,Cheg,Oferta/Uso Interno,Deduz. Individ.,Deduz. Grupos,% Ocup.,Receita Quartos,Preço Médio,Saídas,Quartos FdS,Adul. / Cri.,novembro,Previsão,22-nov-2027 seg,0,0,0,0,0,0,0,-,-,NaN,0,0,0,0,0,0,0,0,0,0,-,-,NaN,0,0,0,Total nov,0,0,0,0,0,0,0,-,-,NaN,0,0,0,Total,8740,4410,2949,0,0,7186,1554,"13,34","943 607,11","71,76",3075,0,16938
Data,Ocup,Opção,Cheg,Oferta/Uso Interno,Deduz. Individ.,Deduz. Grupos,% Ocup.,Receita Quartos,Preço Médio,Saídas,Quartos FdS,Adul. / Cri.,novembro,Previsão,23-nov-2027 ter,0,0,0,0,0,0,0,-,-,NaN,0,0,0,0,0,0,0,0,0,0,-,-,NaN,0,0,0,Total nov,0,0,0,0,0,0,0,-,-,NaN,0,0,0,Total,8740,4410,2949,0,0,7186,1554,"13,34","943 607,11","71,76",3075,0,16938
Data,Ocup,Opção,Cheg,Oferta/Uso Interno,Deduz. Individ.,Deduz. Grupos,% Ocup.,Receita Quartos,Preço Médio,Saídas,Quartos FdS,Adul. / Cri.,novembro,Previsão,24-nov-2027 qua,0,0,0,0,0,0,0,-,-,NaN,0,0,0,0,0,0,0,0,0,0,-,-,NaN,0,0,0,Total nov,0,0,0,0,0,0,0,-,-,NaN,0,0,0,Total,8740,4410,2949,0,0,7186,1554,"13,34","943 607,11","71,76",3075,0,16938
Data,Ocup,Opção,Cheg,Oferta/Uso Interno,Deduz. Individ.,Deduz. Grupos,% Ocup.,Receita Quartos,Preço Médio,Saídas,Quartos FdS,Adul. / Cri.,novembro,Previsão,25-nov-2027 qui,0,0,0,0,0,0,0,-,-,NaN,0,0,0,0,0,0,0,0,0,0,-,-,NaN,0,0,0,Total nov,0,0,0,0,0,0,0,-,-,NaN,0,0,0,Total,8740,4410,2949,0,0,7186,1554,"13,34","943 607,11","71,76",3075,0,16938
Data,Ocup,Opção,Cheg,Oferta/Uso Interno,Deduz. Individ.,Deduz. Grupos,% Ocup.,Receita Quartos,Preço Médio,Saídas,Quartos FdS,Adul. / Cri.,novembro,Previsão,26-nov-2027 sex,0,0,0,0,0,0,0,-,-,NaN,0,0,0,0,0,0,0,0,0,0,-,-,NaN,0,0,0,Total nov,0,0,0,0,0,0,0,-,-,NaN,0,0,0,Total,8740,4410,2949,0,0,7186,1554,"13,34","943 607,11","71,76",3075,0,16938
Data,Ocup,Opção,Cheg,Oferta/Uso Interno,Deduz. Individ.,Deduz. Grupos,% Ocup.,Receita Quartos,Preço Médio,Saídas,Quartos FdS,Adul. / Cri.,novembro,Previsão,27-nov-2027 sáb,0,0,0,0,0,0,0,-,-,NaN,0,0,0,0,0,0,0,0,0,0,-,-,NaN,0,0,0,Total nov,0,0,0,0,0,0,0,-,-,NaN,0,0,0,Total,8740,4410,2949,0,0,7186,1554,"13,34","943 607,11","71,76",3075,0,16938
Data,Ocup,Opção,Cheg,Oferta/Uso Interno,Deduz. Individ.,Deduz. Grupos,% Ocup.,Receita Quartos,Preço Médio,Saídas,Quartos FdS,Adul. / Cri.,novembro,Previsão,28-nov-2027 dom,0,0,0,0,0,0,0,-,-,NaN,0,0,0,0,0,0,0,0,0,0,-,-,NaN,0,0,0,Total nov,0,0,0,0,0,0,0,-,-,NaN,0,0,0,Total,8740,4410,2949,0,0,7186,1554,"13,34","943 607,11","71,76",3075,0,16938
Data,Ocup,Opção,Cheg,Oferta/Uso Interno,Deduz. Individ.,Deduz. Grupos,% Ocup.,Receita Quartos,Preço Médio,Saídas,Quartos FdS,Adul. / Cri.,novembro,Previsão,29-nov-2027 seg,0,0,0,0,0,0,0,-,-,NaN,0,0,0,0,0,0,0,0,0,0,-,-,NaN,0,0,0,Total nov,0,0,0,0,0,0,0,-,-,NaN,0,0,0,Total,8740,4410,2949,0,0,7186,1554,"13,34","943 607,11","71,76",3075,0,16938
Data,Ocup,Opção,Cheg,Oferta/Uso Interno,Deduz. Individ.,Deduz. Grupos,% Ocup.,Receita Quartos,Preço Médio,Saídas,Quartos FdS,Adul. / Cri.,novembro,Previsão,30-nov-2027 ter,0,0,0,0,0,0,0,-,-,NaN,0,0,0,0,0,0,0,0,0,0,-,-,NaN,0,0,0,Total nov,0,0,0,0,0,0,0,-,-,NaN,0,0,0,Total,8740,4410,2949,0,0,7186,1554,"13,34","943 607,11","71,76",3075,0,16938
Data,Ocup,Opção,Cheg,Oferta/Uso Interno,Deduz. Individ.,Deduz. Grupos,% Ocup.,Receita Quartos,Preço Médio,Saídas,Quartos FdS,Adul. / Cri.,dezembro,Previsão,01-dez-2027 qua,0,0,0,0,0,0,0,-,-,NaN,0,0,0,0,0,0,0,0,0,0,-,-,NaN,0,0,0,Total dez,0,0,0,0,0,0,0,-,-,NaN,0,0,0,Total,8740,4410,2949,0,0,7186,1554,"13,34","943 607,11","71,76",3075,0,16938
Data,Ocup,Opção,Cheg,Oferta/Uso Interno,Deduz. Individ.,Deduz. Grupos,% Ocup.,Receita Quartos,Preço Médio,Saídas,Quartos FdS,Adul. / Cri.,dezembro,Previsão,02-dez-2027 qui,0,0,0,0,0,0,0,-,-,NaN,0,0,0,0,0,0,0,0,0,0,-,-,NaN,0,0,0,Total dez,0,0,0,0,0,0,0,-,-,NaN,0,0,0,Total,8740,4410,2949,0,0,7186,1554,"13,34","943 607,11","71,76",3075,0,16938
Data,Ocup,Opção,Cheg,Oferta/Uso Interno,Deduz. Individ.,Deduz. Grupos,% Ocup.,Receita Quartos,Preço Médio,Saídas,Quartos FdS,Adul. / Cri.,dezembro,Previsão,03-dez-2027 sex,0,0,0,0,0,0,0,-,-,NaN,0,0,0,0,0,0,0,0,0,0,-,-,NaN,0,0,0,Total dez,0,0,0,0,0,0,0,-,-,NaN,0,0,0,Total,8740,4410,2949,0,0,7186,1554,"13,34","943 607,11","71,76",3075,0,16938
Data,Ocup,Opção,Cheg,Oferta/Uso Interno,Deduz. Individ.,Deduz. Grupos,% Ocup.,Receita Quartos,Preço Médio,Saídas,Quartos FdS,Adul. / Cri.,dezembro,Previsão,04-dez-2027 sáb,0,0,0,0,0,0,0,-,-,NaN,0,0,0,0,0,0,0,0,0,0,-,-,NaN,0,0,0,Total dez,0,0,0,0,0,0,0,-,-,NaN,0,0,0,Total,8740,4410,2949,0,0,7186,1554,"13,34","943 607,11","71,76",3075,0,16938
Data,Ocup,Opção,Cheg,Oferta/Uso Interno,Deduz. Individ.,Deduz. Grupos,% Ocup.,Receita Quartos,Preço Médio,Saídas,Quartos FdS,Adul. / Cri.,dezembro,Previsão,05-dez-2027 dom,0,0,0,0,0,0,0,-,-,NaN,0,0,0,0,0,0,0,0,0,0,-,-,NaN,0,0,0,Total dez,0,0,0,0,0,0,0,-,-,NaN,0,0,0,Total,8740,4410,2949,0,0,7186,1554,"13,34","943 607,11","71,76",3075,0,16938
Data,Ocup,Opção,Cheg,Oferta/Uso Interno,Deduz. Individ.,Deduz. Grupos,% Ocup.,Receita Quartos,Preço Médio,Saídas,Quartos FdS,Adul. / Cri.,dezembro,Previsão,06-dez-2027 seg,0,0,0,0,0,0,0,-,-,NaN,0,0,0,0,0,0,0,0,0,0,-,-,NaN,0,0,0,Total dez,0,0,0,0,0,0,0,-,-,NaN,0,0,0,Total,8740,4410,2949,0,0,7186,1554,"13,34","943 607,11","71,76",3075,0,16938
Data,Ocup,Opção,Cheg,Oferta/Uso Interno,Deduz. Individ.,Deduz. Grupos,% Ocup.,Receita Quartos,Preço Médio,Saídas,Quartos FdS,Adul. / Cri.,dezembro,Previsão,07-dez-2027 ter,0,0,0,0,0,0,0,-,-,NaN,0,0,0,0,0,0,0,0,0,0,-,-,NaN,0,0,0,Total dez,0,0,0,0,0,0,0,-,-,NaN,0,0,0,Total,8740,4410,2949,0,0,7186,1554,"13,34","943 607,11","71,76",3075,0,16938
Data,Ocup,Opção,Cheg,Oferta/Uso Interno,Deduz. Individ.,Deduz. Grupos,% Ocup.,Receita Quartos,Preço Médio,Saídas,Quartos FdS,Adul. / Cri.,dezembro,Previsão,08-dez-2027 qua,0,0,0,0,0,0,0,-,-,NaN,0,0,0,0,0,0,0,0,0,0,-,-,NaN,0,0,0,Total dez,0,0,0,0,0,0,0,-,-,NaN,0,0,0,Total,8740,4410,2949,0,0,7186,1554,"13,34","943 607,11","71,76",3075,0,16938
Data,Ocup,Opção,Cheg,Oferta/Uso Interno,Deduz. Individ.,Deduz. Grupos,% Ocup.,Receita Quartos,Preço Médio,Saídas,Quartos FdS,Adul. / Cri.,dezembro,Previsão,09-dez-2027 qui,0,0,0,0,0,0,0,-,-,NaN,0,0,0,0,0,0,0,0,0,0,-,-,NaN,0,0,0,Total dez,0,0,0,0,0,0,0,-,-,NaN,0,0,0,Total,8740,4410,2949,0,0,7186,1554,"13,34","943 607,11","71,76",3075,0,16938
Data,Ocup,Opção,Cheg,Oferta/Uso Interno,Deduz. Individ.,Deduz. Grupos,% Ocup.,Receita Quartos,Preço Médio,Saídas,Quartos FdS,Adul. / Cri.,dezembro,Previsão,10-dez-2027 sex,0,0,0,0,0,0,0,-,-,NaN,0,0,0,0,0,0,0,0,0,0,-,-,NaN,0,0,0,Total dez,0,0,0,0,0,0,0,-,-,NaN,0,0,0,Total,8740,4410,2949,0,0,7186,1554,"13,34","943 607,11","71,76",3075,0,16938
Data,Ocup,Opção,Cheg,Oferta/Uso Interno,Deduz. Individ.,Deduz. Grupos,% Ocup.,Receita Quartos,Preço Médio,Saídas,Quartos FdS,Adul. / Cri.,dezembro,Previsão,11-dez-2027 sáb,0,0,0,0,0,0,0,-,-,NaN,0,0,0,0,0,0,0,0,0,0,-,-,NaN,0,0,0,Total dez,0,0,0,0,0,0,0,-,-,NaN,0,0,0,Total,8740,4410,2949,0,0,7186,1554,"13,34","943 607,11","71,76",3075,0,16938
Data,Ocup,Opção,Cheg,Oferta/Uso Interno,Deduz. Individ.,Deduz. Grupos,% Ocup.,Receita Quartos,Preço Médio,Saídas,Quartos FdS,Adul. / Cri.,dezembro,Previsão,12-dez-2027 dom,0,0,0,0,0,0,0,-,-,NaN,0,0,0,0,0,0,0,0,0,0,-,-,NaN,0,0,0,Total dez,0,0,0,0,0,0,0,-,-,NaN,0,0,0,Total,8740,4410,2949,0,0,7186,1554,"13,34","943 607,11","71,76",3075,0,16938
Data,Ocup,Opção,Cheg,Oferta/Uso Interno,Deduz. Individ.,Deduz. Grupos,% Ocup.,Receita Quartos,Preço Médio,Saídas,Quartos FdS,Adul. / Cri.,dezembro,Previsão,13-dez-2027 seg,0,0,0,0,0,0,0,-,-,NaN,0,0,0,0,0,0,0,0,0,0,-,-,NaN,0,0,0,Total dez,0,0,0,0,0,0,0,-,-,NaN,0,0,0,Total,8740,4410,2949,0,0,7186,1554,"13,34","943 607,11","71,76",3075,0,16938
Data,Ocup,Opção,Cheg,Oferta/Uso Interno,Deduz. Individ.,Deduz. Grupos,% Ocup.,Receita Quartos,Preço Médio,Saídas,Quartos FdS,Adul. / Cri.,dezembro,Previsão,14-dez-2027 ter,0,0,0,0,0,0,0,-,-,NaN,0,0,0,0,0,0,0,0,0,0,-,-,NaN,0,0,0,Total dez,0,0,0,0,0,0,0,-,-,NaN,0,0,0,Total,8740,4410,2949,0,0,7186,1554,"13,34","943 607,11","71,76",3075,0,16938
Data,Ocup,Opção,Cheg,Oferta/Uso Interno,Deduz. Individ.,Deduz. Grupos,% Ocup.,Receita Quartos,Preço Médio,Saídas,Quartos FdS,Adul. / Cri.,dezembro,Previsão,15-dez-2027 qua,0,0,0,0,0,0,0,-,-,NaN,0,0,0,0,0,0,0,0,0,0,-,-,NaN,0,0,0,Total dez,0,0,0,0,0,0,0,-,-,NaN,0,0,0,Total,8740,4410,2949,0,0,7186,1554,"13,34","943 607,11","71,76",3075,0,16938
Data,Ocup,Opção,Cheg,Oferta/Uso Interno,Deduz. Individ.,Deduz. Grupos,% Ocup.,Receita Quartos,Preço Médio,Saídas,Quartos FdS,Adul. / Cri.,dezembro,Previsão,16-dez-2027 qui,0,0,0,0,0,0,0,-,-,NaN,0,0,0,0,0,0,0,0,0,0,-,-,NaN,0,0,0,Total dez,0,0,0,0,0,0,0,-,-,NaN,0,0,0,Total,8740,4410,2949,0,0,7186,1554,"13,34","943 607,11","71,76",3075,0,16938
Data,Ocup,Opção,Cheg,Oferta/Uso Interno,Deduz. Individ.,Deduz. Grupos,% Ocup.,Receita Quartos,Preço Médio,Saídas,Quartos FdS,Adul. / Cri.,dezembro,Previsão,17-dez-2027 sex,0,0,0,0,0,0,0,-,-,NaN,0,0,0,0,0,0,0,0,0,0,-,-,NaN,0,0,0,Total dez,0,0,0,0,0,0,0,-,-,NaN,0,0,0,Total,8740,4410,2949,0,0,7186,1554,"13,34","943 607,11","71,76",3075,0,16938
Data,Ocup,Opção,Cheg,Oferta/Uso Interno,Deduz. Individ.,Deduz. Grupos,% Ocup.,Receita Quartos,Preço Médio,Saídas,Quartos FdS,Adul. / Cri.,dezembro,Previsão,18-dez-2027 sáb,0,0,0,0,0,0,0,-,-,NaN,0,0,0,0,0,0,0,0,0,0,-,-,NaN,0,0,0,Total dez,0,0,0,0,0,0,0,-,-,NaN,0,0,0,Total,8740,4410,2949,0,0,7186,1554,"13,34","943 607,11","71,76",3075,0,16938
Data,Ocup,Opção,Cheg,Oferta/Uso Interno,Deduz. Individ.,Deduz. Grupos,% Ocup.,Receita Quartos,Preço Médio,Saídas,Quartos FdS,Adul. / Cri.,dezembro,Previsão,19-dez-2027 dom,0,0,0,0,0,0,0,-,-,NaN,0,0,0,0,0,0,0,0,0,0,-,-,NaN,0,0,0,Total dez,0,0,0,0,0,0,0,-,-,NaN,0,0,0,Total,8740,4410,2949,0,0,7186,1554,"13,34","943 607,11","71,76",3075,0,16938
Data,Ocup,Opção,Cheg,Oferta/Uso Interno,Deduz. Individ.,Deduz. Grupos,% Ocup.,Receita Quartos,Preço Médio,Saídas,Quartos FdS,Adul. / Cri.,dezembro,Previsão,20-dez-2027 seg,0,0,0,0,0,0,0,-,-,NaN,0,0,0,0,0,0,0,0,0,0,-,-,NaN,0,0,0,Total dez,0,0,0,0,0,0,0,-,-,NaN,0,0,0,Total,8740,4410,2949,0,0,7186,1554,"13,34","943 607,11","71,76",3075,0,16938
Data,Ocup,Opção,Cheg,Oferta/Uso Interno,Deduz. Individ.,Deduz. Grupos,% Ocup.,Receita Quartos,Preço Médio,Saídas,Quartos FdS,Adul. / Cri.,dezembro,Previsão,21-dez-2027 ter,0,0,0,0,0,0,0,-,-,NaN,0,0,0,0,0,0,0,0,0,0,-,-,NaN,0,0,0,Total dez,0,0,0,0,0,0,0,-,-,NaN,0,0,0,Total,8740,4410,2949,0,0,7186,1554,"13,34","943 607,11","71,76",3075,0,16938
Data,Ocup,Opção,Cheg,Oferta/Uso Interno,Deduz. Individ.,Deduz. Grupos,% Ocup.,Receita Quartos,Preço Médio,Saídas,Quartos FdS,Adul. / Cri.,dezembro,Previsão,22-dez-2027 qua,0,0,0,0,0,0,0,-,-,NaN,0,0,0,0,0,0,0,0,0,0,-,-,NaN,0,0,0,Total dez,0,0,0,0,0,0,0,-,-,NaN,0,0,0,Total,8740,4410,2949,0,0,7186,1554,"13,34","943 607,11","71,76",3075,0,16938
Data,Ocup,Opção,Cheg,Oferta/Uso Interno,Deduz. Individ.,Deduz. Grupos,% Ocup.,Receita Quartos,Preço Médio,Saídas,Quartos FdS,Adul. / Cri.,dezembro,Previsão,23-dez-2027 qui,0,0,0,0,0,0,0,-,-,NaN,0,0,0,0,0,0,0,0,0,0,-,-,NaN,0,0,0,Total dez,0,0,0,0,0,0,0,-,-,NaN,0,0,0,Total,8740,4410,2949,0,0,7186,1554,"13,34","943 607,11","71,76",3075,0,16938
Data,Ocup,Opção,Cheg,Oferta/Uso Interno,Deduz. Individ.,Deduz. Grupos,% Ocup.,Receita Quartos,Preço Médio,Saídas,Quartos FdS,Adul. / Cri.,dezembro,Previsão,24-dez-2027 sex,0,0,0,0,0,0,0,-,-,NaN,0,0,0,0,0,0,0,0,0,0,-,-,NaN,0,0,0,Total dez,0,0,0,0,0,0,0,-,-,NaN,0,0,0,Total,8740,4410,2949,0,0,7186,1554,"13,34","943 607,11","71,76",3075,0,16938
Data,Ocup,Opção,Cheg,Oferta/Uso Interno,Deduz. Individ.,Deduz. Grupos,% Ocup.,Receita Quartos,Preço Médio,Saídas,Quartos FdS,Adul. / Cri.,dezembro,Previsão,25-dez-2027 sáb,0,0,0,0,0,0,0,-,-,NaN,0,0,0,0,0,0,0,0,0,0,-,-,NaN,0,0,0,Total dez,0,0,0,0,0,0,0,-,-,NaN,0,0,0,Total,8740,4410,2949,0,0,7186,1554,"13,34","943 607,11","71,76",3075,0,16938
Data,Ocup,Opção,Cheg,Oferta/Uso Interno,Deduz. Individ.,Deduz. Grupos,% Ocup.,Receita Quartos,Preço Médio,Saídas,Quartos FdS,Adul. / Cri.,dezembro,Previsão,26-dez-2027 dom,0,0,0,0,0,0,0,-,-,NaN,0,0,0,0,0,0,0,0,0,0,-,-,NaN,0,0,0,Total dez,0,0,0,0,0,0,0,-,-,NaN,0,0,0,Total,8740,4410,2949,0,0,7186,1554,"13,34","943 607,11","71,76",3075,0,16938
Data,Ocup,Opção,Cheg,Oferta/Uso Interno,Deduz. Individ.,Deduz. Grupos,% Ocup.,Receita Quartos,Preço Médio,Saídas,Quartos FdS,Adul. / Cri.,dezembro,Previsão,27-dez-2027 seg,0,0,0,0,0,0,0,-,-,NaN,0,0,0,0,0,0,0,0,0,0,-,-,NaN,0,0,0,Total dez,0,0,0,0,0,0,0,-,-,NaN,0,0,0,Total,8740,4410,2949,0,0,7186,1554,"13,34","943 607,11","71,76",3075,0,16938
Data,Ocup,Opção,Cheg,Oferta/Uso Interno,Deduz. Individ.,Deduz. Grupos,% Ocup.,Receita Quartos,Preço Médio,Saídas,Quartos FdS,Adul. / Cri.,dezembro,Previsão,28-dez-2027 ter,0,0,0,0,0,0,0,-,-,NaN,0,0,0,0,0,0,0,0,0,0,-,-,NaN,0,0,0,Total dez,0,0,0,0,0,0,0,-,-,NaN,0,0,0,Total,8740,4410,2949,0,0,7186,1554,"13,34","943 607,11","71,76",3075,0,16938
Data,Ocup,Opção,Cheg,Oferta/Uso Interno,Deduz. Individ.,Deduz. Grupos,% Ocup.,Receita Quartos,Preço Médio,Saídas,Quartos FdS,Adul. / Cri.,dezembro,Previsão,29-dez-2027 qua,0,0,0,0,0,0,0,-,-,NaN,0,0,0,0,0,0,0,0,0,0,-,-,NaN,0,0,0,Total dez,0,0,0,0,0,0,0,-,-,NaN,0,0,0,Total,8740,4410,2949,0,0,7186,1554,"13,34","943 607,11","71,76",3075,0,16938
Data,Ocup,Opção,Cheg,Oferta/Uso Interno,Deduz. Individ.,Deduz. Grupos,% Ocup.,Receita Quartos,Preço Médio,Saídas,Quartos FdS,Adul. / Cri.,dezembro,Previsão,30-dez-2027 qui,0,0,0,0,0,0,0,-,-,NaN,0,0,0,0,0,0,0,0,0,0,-,-,NaN,0,0,0,Total dez,0,0,0,0,0,0,0,-,-,NaN,0,0,0,Total,8740,4410,2949,0,0,7186,1554,"13,34","943 607,11","71,76",3075,0,16938
Data,Ocup,Opção,Cheg,Oferta/Uso Interno,Deduz. Individ.,Deduz. Grupos,% Ocup.,Receita Quartos,Preço Médio,Saídas,Quartos FdS,Adul. / Cri.,dezembro,Previsão,31-dez-2027 sex,0,0,0,0,0,0,0,-,-,NaN,0,0,0,0,0,0,0,0,0,0,-,-,NaN,0,0,0,Total dez,0,0,0,0,0,0,0,-,-,NaN,0,0,0,Total,8740,4410,2949,0,0,7186,1554,"13,34","943 607,11","71,76",3075,0,16938

