Textbox53,Textbox55,Textbox3,Textbox57,Textbox59,Textbox63,Textbox65,Textbox67,Textbox69,Textbox77,Textbox73,Textbox75,Textbox79,Textbox23,Textbox100,hoteldate,Occ,xoption,Arr,Comp,House,Indiv,Group,Occ_perct,RoomRev,Avg,Dep,OOO,Ad_Ch,Textbox86,Textbox6,Textbox87,Textbox88,Textbox89,Textbox90,Textbox91,Textbox92,Textbox93,Textbox94,Textbox95,Textbox96,Textbox97,Textbox9,Textbox127,Textbox7,Textbox128,Textbox129,Textbox130,Textbox131,Textbox132,Textbox133,Textbox134,Textbox135,Textbox136,Textbox137,Textbox138,Textbox113,Textbox99,xoption1,Textbox139,Textbox140,Textbox141,Textbox142,Textbox143,Textbox144,Textbox145,Textbox146,Textbox147,Textbox148,Textbox149
Data,Ocup,Opção,Cheg,Oferta/Uso Interno,Deduz. Individ.,Deduz. Grupos,% Ocup.,Receita Quartos,Preço Médio,Saídas,Quartos FdS,Adul. / Cri.,janeiro,Histórico,01-jan-2025 qua,133,0,55,0,0,122,11,"98,52","16 530,15","124,29",57,0,250,2762,0,1012,0,5,2501,261,"66,00","252 681,65","91,49",1040,0,4978,Total jan,2762,0,1012,0,5,2501,261,"66,00","252 681,65","91,49",1040,0,4978,Total,48534,4631,17251,0,64,41984,6550,"53,96","6 403 055,44","120,44",17386,135,88949
Data,Ocup,Opção,Cheg,Oferta/Uso Interno,Deduz. Individ.,Deduz. Grupos,% Ocup.,Receita Quartos,Preço Médio,Saídas,Quartos FdS,Adul. / Cri.,janeiro,Histórico,02-jan-2025 qui,117,0,27,0,0,106,11,"86,67","13 204,43","112,86",43,0,219,2762,0,1012,0,5,2501,261,"66,00","252 681,65","91,49",1040,0,4978,Total jan,2762,0,1012,0,5,2501,261,"66,00","252 681,65","91,49",1040,0,4978,Total,48534,4631,17251,0,64,41984,6550,"53,96","6 403 055,44","120,44",17386,135,88949
Data,Ocup,Opção,Cheg,Oferta/Uso Interno,Deduz. Individ.,Deduz. Grupos,% Ocup.,Receita Quartos,Preço Médio,Saídas,Quartos FdS,Adul. / Cri.,janeiro,Histórico,03-jan-2025 sex,119,0,41,0,0,112,7,"88,15","12 141,25","102,03",39,0,227,2762,0,1012,0,5,2501,261,"66,00","252 681,65","91,49",1040,0,4978,Total jan,2762,0,1012,0,5,2501,261,"66,00","252 681,65","91,49",1040,0,4978,Total,48534,4631,17251,0,64,41984,6550,"53,96","6 403 055,44","120,44",17386,135,88949
Data,Ocup,Opção,Cheg,Oferta/Uso Interno,Deduz. Individ.,Deduz. Grupos,% Ocup.,Receita Quartos,Preço Médio,Saídas,Quartos FdS,Adul. / Cri.,janeiro,Histórico,04-jan-2025 sáb,103,0,19,0,0,96,7,"76,30","9 716,09","94,33",35,0,192,2762,0,1012,0,5,2501,261,"66,00","252 681,65","91,49",1040,0,4978,Total jan,2762,0,1012,0,5,2501,261,"66,00","252 681,65","91,49",1040,0,4978,Total,48534,4631,17251,0,64,41984,6550,"53,96","6 403 055,44","120,44",17386,135,88949
Data,Ocup,Opção,Cheg,Oferta/Uso Interno,Deduz. Individ.,Deduz. Grupos,% Ocup.,Receita Quartos,Preço Médio,Saídas,Quartos FdS,Adul. / Cri.,janeiro,Histórico,05-jan-2025 dom,91,0,37,0,0,84,7,"67,41","7 845,61","86,22",49,0,167,2762,0,1012,0,5,2501,261,"66,00","252 681,65","91,49",1040,0,4978,Total jan,2762,0,1012,0,5,2501,261,"66,00","252 681,65","91,49",1040,0,4978,Total,48534,4631,17251,0,64,41984,6550,"53,96","6 403 055,44","120,44",17386,135,88949
Data,Ocup,Opção,Cheg,Oferta/Uso Interno,Deduz. Individ.,Deduz. Grupos,% Ocup.,Receita Quartos,Preço Médio,Saídas,Quartos FdS,Adul. / Cri.,janeiro,Histórico,06-jan-2025 seg,69,0,18,0,0,69,0,"51,11","5 667,90","82,14",40,0,129,2762,0,1012,0,5,2501,261,"66,00","252 681,65","91,49",1040,0,4978,Total jan,2762,0,1012,0,5,2501,261,"66,00","252 681,65","91,49",1040,0,4978,Total,48534,4631,17251,0,64,41984,6550,"53,96","6 403 055,44","120,44",17386,135,88949
Data,Ocup,Opção,Cheg,Oferta/Uso Interno,Deduz. Individ.,Deduz. Grupos,% Ocup.,Receita Quartos,Preço Médio,Saídas,Quartos FdS,Adul. / Cri.,janeiro,Histórico,07-jan-2025 ter,71,0,15,0,0,71,0,"52,59","5 906,89","83,20",13,0,134,2762,0,1012,0,5,2501,261,"66,00","252 681,65","91,49",1040,0,4978,Total jan,2762,0,1012,0,5,2501,261,"66,00","252 681,65","91,49",1040,0,4978,Total,48534,4631,17251,0,64,41984,6550,"53,96","6 403 055,44","120,44",17386,135,88949
Data,Ocup,Opção,Cheg,Oferta/Uso Interno,Deduz. Individ.,Deduz. Grupos,% Ocup.,Receita Quartos,Preço Médio,Saídas,Quartos FdS,Adul. / Cri.,janeiro,Histórico,08-jan-2025 qua,79,0,34,0,0,79,0,"58,52","6 630,34","83,93",26,0,146,2762,0,1012,0,5,2501,261,"66,00","252 681,65","91,49",1040,0,4978,Total jan,2762,0,1012,0,5,2501,261,"66,00","252 681,65","91,49",1040,0,4978,Total,48534,4631,17251,0,64,41984,6550,"53,96","6 403 055,44","120,44",17386,135,88949
Data,Ocup,Opção,Cheg,Oferta/Uso Interno,Deduz. Individ.,Deduz. Grupos,% Ocup.,Receita Quartos,Preço Médio,Saídas,Quartos FdS,Adul. / Cri.,janeiro,Histórico,09-jan-2025 qui,84,0,25,0,0,84,0,"62,22","6 821,83","81,21",20,0,160,2762,0,1012,0,5,2501,261,"66,00","252 681,65","91,49",1040,0,4978,Total jan,2762,0,1012,0,5,2501,261,"66,00","252 681,65","91,49",1040,0,4978,Total,48534,4631,17251,0,64,41984,6550,"53,96","6 403 055,44","120,44",17386,135,88949
Data,Ocup,Opção,Cheg,Oferta/Uso Interno,Deduz. Individ.,Deduz. Grupos,% Ocup.,Receita Quartos,Preço Médio,Saídas,Quartos FdS,Adul. / Cri.,janeiro,Histórico,10-jan-2025 sex,75,0,24,0,0,75,0,"55,56","7 906,57","105,42",33,0,141,2762,0,1012,0,5,2501,261,"66,00","252 681,65","91,49",1040,0,4978,Total jan,2762,0,1012,0,5,2501,261,"66,00","252 681,65","91,49",1040,0,4978,Total,48534,4631,17251,0,64,41984,6550,"53,96","6 403 055,44","120,44",17386,135,88949
Data,Ocup,Opção,Cheg,Oferta/Uso Interno,Deduz. Individ.,Deduz. Grupos,% Ocup.,Receita Quartos,Preço Médio,Saídas,Quartos FdS,Adul. / Cri.,janeiro,Histórico,11-jan-2025 sáb,75,0,21,0,0,75,0,"55,56","7 879,27","105,06",21,0,137,2762,0,1012,0,5,2501,261,"66,00","252 681,65","91,49",1040,0,4978,Total jan,2762,0,1012,0,5,2501,261,"66,00","252 681,65","91,49",1040,0,4978,Total,48534,4631,17251,0,64,41984,6550,"53,96","6 403 055,44","120,44",17386,135,88949
Data,Ocup,Opção,Cheg,Oferta/Uso Interno,Deduz. Individ.,Deduz. Grupos,% Ocup.,Receita Quartos,Preço Médio,Saídas,Quartos FdS,Adul. / Cri.,janeiro,Histórico,12-jan-2025 dom,58,0,21,0,0,58,0,"42,96","4 788,00","82,55",38,0,107,2762,0,1012,0,5,2501,261,"66,00","252 681,65","91,49",1040,0,4978,Total jan,2762,0,1012,0,5,2501,261,"66,00","252 681,65","91,49",1040,0,4978,Total,48534,4631,17251,0,64,41984,6550,"53,96","6 403 055,44","120,44",17386,135,88949
Data,Ocup,Opção,Cheg,Oferta/Uso Interno,Deduz. Individ.,Deduz. Grupos,% Ocup.,Receita Quartos,Preço Médio,Saídas,Quartos FdS,Adul. / Cri.,janeiro,Histórico,13-jan-2025 seg,61,0,23,0,0,61,0,"45,19","4 930,84","80,83",20,0,111,2762,0,1012,0,5,2501,261,"66,00","252 681,65","91,49",1040,0,4978,Total jan,2762,0,1012,0,5,2501,261,"66,00","252 681,65","91,49",1040,0,4978,Total,48534,4631,17251,0,64,41984,6550,"53,96","6 403 055,44","120,44",17386,135,88949
Data,Ocup,Opção,Cheg,Oferta/Uso Interno,Deduz. Individ.,Deduz. Grupos,% Ocup.,Receita Quartos,Preço Médio,Saídas,Quartos FdS,Adul. / Cri.,janeiro,Histórico,14-jan-2025 ter,65,0,25,0,0,59,6,"48,15","5 525,91","85,01",21,0,117,2762,0,1012,0,5,2501,261,"66,00","252 681,65","91,49",1040,0,4978,Total jan,2762,0,1012,0,5,2501,261,"66,00","252 681,65","91,49",1040,0,4978,Total,48534,4631,17251,0,64,41984,6550,"53,96","6 403 055,44","120,44",17386,135,88949
Data,Ocup,Opção,Cheg,Oferta/Uso Interno,Deduz. Individ.,Deduz. Grupos,% Ocup.,Receita Quartos,Preço Médio,Saídas,Quartos FdS,Adul. / Cri.,janeiro,Histórico,15-jan-2025 qua,104,0,63,0,0,54,50,"77,04","9 031,85","86,84",24,0,153,2762,0,1012,0,5,2501,261,"66,00","252 681,65","91,49",1040,0,4978,Total jan,2762,0,1012,0,5,2501,261,"66,00","252 681,65","91,49",1040,0,4978,Total,48534,4631,17251,0,64,41984,6550,"53,96","6 403 055,44","120,44",17386,135,88949
Data,Ocup,Opção,Cheg,Oferta/Uso Interno,Deduz. Individ.,Deduz. Grupos,% Ocup.,Receita Quartos,Preço Médio,Saídas,Quartos FdS,Adul. / Cri.,janeiro,Histórico,16-jan-2025 qui,111,0,26,0,0,60,51,"82,22","9 678,76","87,20",19,0,165,2762,0,1012,0,5,2501,261,"66,00","252 681,65","91,49",1040,0,4978,Total jan,2762,0,1012,0,5,2501,261,"66,00","252 681,65","91,49",1040,0,4978,Total,48534,4631,17251,0,64,41984,6550,"53,96","6 403 055,44","120,44",17386,135,88949
Data,Ocup,Opção,Cheg,Oferta/Uso Interno,Deduz. Individ.,Deduz. Grupos,% Ocup.,Receita Quartos,Preço Médio,Saídas,Quartos FdS,Adul. / Cri.,janeiro,Histórico,17-jan-2025 sex,83,0,39,0,0,77,6,"61,48","7 792,91","93,89",67,0,149,2762,0,1012,0,5,2501,261,"66,00","252 681,65","91,49",1040,0,4978,Total jan,2762,0,1012,0,5,2501,261,"66,00","252 681,65","91,49",1040,0,4978,Total,48534,4631,17251,0,64,41984,6550,"53,96","6 403 055,44","120,44",17386,135,88949
Data,Ocup,Opção,Cheg,Oferta/Uso Interno,Deduz. Individ.,Deduz. Grupos,% Ocup.,Receita Quartos,Preço Médio,Saídas,Quartos FdS,Adul. / Cri.,janeiro,Histórico,18-jan-2025 sáb,100,0,38,0,0,95,5,"74,07","9 396,61","93,97",21,0,184,2762,0,1012,0,5,2501,261,"66,00","252 681,65","91,49",1040,0,4978,Total jan,2762,0,1012,0,5,2501,261,"66,00","252 681,65","91,49",1040,0,4978,Total,48534,4631,17251,0,64,41984,6550,"53,96","6 403 055,44","120,44",17386,135,88949
Data,Ocup,Opção,Cheg,Oferta/Uso Interno,Deduz. Individ.,Deduz. Grupos,% Ocup.,Receita Quartos,Preço Médio,Saídas,Quartos FdS,Adul. / Cri.,janeiro,Histórico,19-jan-2025 dom,79,0,30,0,0,79,0,"58,52","6 580,58","83,30",51,0,139,2762,0,1012,0,5,2501,261,"66,00","252 681,65","91,49",1040,0,4978,Total jan,2762,0,1012,0,5,2501,261,"66,00","252 681,65","91,49",1040,0,4978,Total,48534,4631,17251,0,64,41984,6550,"53,96","6 403 055,44","120,44",17386,135,88949
Data,Ocup,Opção,Cheg,Oferta/Uso Interno,Deduz. Individ.,Deduz. Grupos,% Ocup.,Receita Quartos,Preço Médio,Saídas,Quartos FdS,Adul. / Cri.,janeiro,Histórico,20-jan-2025 seg,98,0,40,0,0,88,10,"72,59","8 719,11","88,97",21,0,165,2762,0,1012,0,5,2501,261,"66,00","252 681,65","91,49",1040,0,4978,Total jan,2762,0,1012,0,5,2501,261,"66,00","252 681,65","91,49",1040,0,4978,Total,48534,4631,17251,0,64,41984,6550,"53,96","6 403 055,44","120,44",17386,135,88949
Data,Ocup,Opção,Cheg,Oferta/Uso Interno,Deduz. Individ.,Deduz. Grupos,% Ocup.,Receita Quartos,Preço Médio,Saídas,Quartos FdS,Adul. / Cri.,janeiro,Histórico,21-jan-2025 ter,97,0,31,0,0,87,10,"71,85","7 894,34","81,38",32,0,159,2762,0,1012,0,5,2501,261,"66,00","252 681,65","91,49",1040,0,4978,Total jan,2762,0,1012,0,5,2501,261,"66,00","252 681,65","91,49",1040,0,4978,Total,48534,4631,17251,0,64,41984,6550,"53,96","6 403 055,44","120,44",17386,135,88949
Data,Ocup,Opção,Cheg,Oferta/Uso Interno,Deduz. Individ.,Deduz. Grupos,% Ocup.,Receita Quartos,Preço Médio,Saídas,Quartos FdS,Adul. / Cri.,janeiro,Histórico,22-jan-2025 qua,55,0,20,0,0,55,0,"40,74","4 400,67","80,01",62,0,103,2762,0,1012,0,5,2501,261,"66,00","252 681,65","91,49",1040,0,4978,Total jan,2762,0,1012,0,5,2501,261,"66,00","252 681,65","91,49",1040,0,4978,Total,48534,4631,17251,0,64,41984,6550,"53,96","6 403 055,44","120,44",17386,135,88949
Data,Ocup,Opção,Cheg,Oferta/Uso Interno,Deduz. Individ.,Deduz. Grupos,% Ocup.,Receita Quartos,Preço Médio,Saídas,Quartos FdS,Adul. / Cri.,janeiro,Histórico,23-jan-2025 qui,77,0,34,0,2,77,0,"57,04","5 927,61","76,98",12,0,139,2762,0,1012,0,5,2501,261,"66,00","252 681,65","91,49",1040,0,4978,Total jan,2762,0,1012,0,5,2501,261,"66,00","252 681,65","91,49",1040,0,4978,Total,48534,4631,17251,0,64,41984,6550,"53,96","6 403 055,44","120,44",17386,135,88949
Data,Ocup,Opção,Cheg,Oferta/Uso Interno,Deduz. Individ.,Deduz. Grupos,% Ocup.,Receita Quartos,Preço Médio,Saídas,Quartos FdS,Adul. / Cri.,janeiro,Histórico,24-jan-2025 sex,101,0,51,0,2,85,16,"74,81","10 098,96","99,99",27,0,190,2762,0,1012,0,5,2501,261,"66,00","252 681,65","91,49",1040,0,4978,Total jan,2762,0,1012,0,5,2501,261,"66,00","252 681,65","91,49",1040,0,4978,Total,48534,4631,17251,0,64,41984,6550,"53,96","6 403 055,44","120,44",17386,135,88949
Data,Ocup,Opção,Cheg,Oferta/Uso Interno,Deduz. Individ.,Deduz. Grupos,% Ocup.,Receita Quartos,Preço Médio,Saídas,Quartos FdS,Adul. / Cri.,janeiro,Histórico,25-jan-2025 sáb,107,0,48,0,0,94,13,"79,26","10 066,30","94,08",42,0,196,2762,0,1012,0,5,2501,261,"66,00","252 681,65","91,49",1040,0,4978,Total jan,2762,0,1012,0,5,2501,261,"66,00","252 681,65","91,49",1040,0,4978,Total,48534,4631,17251,0,64,41984,6550,"53,96","6 403 055,44","120,44",17386,135,88949
Data,Ocup,Opção,Cheg,Oferta/Uso Interno,Deduz. Individ.,Deduz. Grupos,% Ocup.,Receita Quartos,Preço Médio,Saídas,Quartos FdS,Adul. / Cri.,janeiro,Histórico,26-jan-2025 dom,83,0,26,0,0,83,0,"61,48","7 092,58","85,45",50,0,160,2762,0,1012,0,5,2501,261,"66,00","252 681,65","91,49",1040,0,4978,Total jan,2762,0,1012,0,5,2501,261,"66,00","252 681,65","91,49",1040,0,4978,Total,48534,4631,17251,0,64,41984,6550,"53,96","6 403 055,44","120,44",17386,135,88949
Data,Ocup,Opção,Cheg,Oferta/Uso Interno,Deduz. Individ.,Deduz. Grupos,% Ocup.,Receita Quartos,Preço Médio,Saídas,Quartos FdS,Adul. / Cri.,janeiro,Histórico,27-jan-2025 seg,86,0,34,0,0,86,0,"63,70","7 275,19","84,60",31,0,161,2762,0,1012,0,5,2501,261,"66,00","252 681,65","91,49",1040,0,4978,Total jan,2762,0,1012,0,5,2501,261,"66,00","252 681,65","91,49",1040,0,4978,Total,48534,4631,17251,0,64,41984,6550,"53,96","6 403 055,44","120,44",17386,135,88949
Data,Ocup,Opção,Cheg,Oferta/Uso Interno,Deduz. Individ.,Deduz. Grupos,% Ocup.,Receita Quartos,Preço Médio,Saídas,Quartos FdS,Adul. / Cri.,janeiro,Histórico,28-jan-2025 ter,96,0,42,0,0,76,20,"71,11","8 116,76","84,55",32,0,164,2762,0,1012,0,5,2501,261,"66,00","252 681,65","91,49",1040,0,4978,Total jan,2762,0,1012,0,5,2501,261,"66,00","252 681,65","91,49",1040,0,4978,Total,48534,4631,17251,0,64,41984,6550,"53,96","6 403 055,44","120,44",17386,135,88949
Data,Ocup,Opção,Cheg,Oferta/Uso Interno,Deduz. Individ.,Deduz. Grupos,% Ocup.,Receita Quartos,Preço Médio,Saídas,Quartos FdS,Adul. / Cri.,janeiro,Histórico,29-jan-2025 qua,100,0,25,0,0,80,20,"74,07","8 322,78","83,23",21,0,165,2762,0,1012,0,5,2501,261,"66,00","252 681,65","91,49",1040,0,4978,Total jan,2762,0,1012,0,5,2501,261,"66,00","252 681,65","91,49",1040,0,4978,Total,48534,4631,17251,0,64,41984,6550,"53,96","6 403 055,44","120,44",17386,135,88949
Data,Ocup,Opção,Cheg,Oferta/Uso Interno,Deduz. Individ.,Deduz. Grupos,% Ocup.,Receita Quartos,Preço Médio,Saídas,Quartos FdS,Adul. / Cri.,janeiro,Histórico,30-jan-2025 qui,78,0,28,0,0,78,0,"57,78","6 710,14","86,03",50,0,147,2762,0,1012,0,5,2501,261,"66,00","252 681,65","91,49",1040,0,4978,Total jan,2762,0,1012,0,5,2501,261,"66,00","252 681,65","91,49",1040,0,4978,Total,48534,4631,17251,0,64,41984,6550,"53,96","6 403 055,44","120,44",17386,135,88949
Data,Ocup,Opção,Cheg,Oferta/Uso Interno,Deduz. Individ.,Deduz. Grupos,% Ocup.,Receita Quartos,Preço Médio,Saídas,Quartos FdS,Adul. / Cri.,janeiro,Histórico,31-jan-2025 sex,107,0,52,0,1,96,11,"79,26","10 081,41","94,22",23,0,202,2762,0,1012,0,5,2501,261,"66,00","252 681,65","91,49",1040,0,4978,Total jan,2762,0,1012,0,5,2501,261,"66,00","252 681,65","91,49",1040,0,4978,Total,48534,4631,17251,0,64,41984,6550,"53,96","6 403 055,44","120,44",17386,135,88949
Data,Ocup,Opção,Cheg,Oferta/Uso Interno,Deduz. Individ.,Deduz. Grupos,% Ocup.,Receita Quartos,Preço Médio,Saídas,Quartos FdS,Adul. / Cri.,fevereiro,Histórico,01-fev-2025 sáb,111,0,45,0,1,98,13,"82,22","10 741,26","96,77",41,0,204,2981,0,1037,0,7,2832,149,"78,86","282 906,35","94,90",1021,0,5468,Total fev,2981,0,1037,0,7,2832,149,"78,86","282 906,35","94,90",1021,0,5468,Total,48534,4631,17251,0,64,41984,6550,"53,96","6 403 055,44","120,44",17386,135,88949
Data,Ocup,Opção,Cheg,Oferta/Uso Interno,Deduz. Individ.,Deduz. Grupos,% Ocup.,Receita Quartos,Preço Médio,Saídas,Quartos FdS,Adul. / Cri.,fevereiro,Histórico,02-fev-2025 dom,75,0,18,0,1,75,0,"55,56","6 339,94","84,53",54,0,139,2981,0,1037,0,7,2832,149,"78,86","282 906,35","94,90",1021,0,5468,Total fev,2981,0,1037,0,7,2832,149,"78,86","282 906,35","94,90",1021,0,5468,Total,48534,4631,17251,0,64,41984,6550,"53,96","6 403 055,44","120,44",17386,135,88949
Data,Ocup,Opção,Cheg,Oferta/Uso Interno,Deduz. Individ.,Deduz. Grupos,% Ocup.,Receita Quartos,Preço Médio,Saídas,Quartos FdS,Adul. / Cri.,fevereiro,Histórico,03-fev-2025 seg,63,0,22,0,0,63,0,"46,67","5 469,23","86,81",34,0,117,2981,0,1037,0,7,2832,149,"78,86","282 906,35","94,90",1021,0,5468,Total fev,2981,0,1037,0,7,2832,149,"78,86","282 906,35","94,90",1021,0,5468,Total,48534,4631,17251,0,64,41984,6550,"53,96","6 403 055,44","120,44",17386,135,88949
Data,Ocup,Opção,Cheg,Oferta/Uso Interno,Deduz. Individ.,Deduz. Grupos,% Ocup.,Receita Quartos,Preço Médio,Saídas,Quartos FdS,Adul. / Cri.,fevereiro,Histórico,04-fev-2025 ter,61,0,24,0,0,61,0,"45,19","5 314,19","87,12",26,0,110,2981,0,1037,0,7,2832,149,"78,86","282 906,35","94,90",1021,0,5468,Total fev,2981,0,1037,0,7,2832,149,"78,86","282 906,35","94,90",1021,0,5468,Total,48534,4631,17251,0,64,41984,6550,"53,96","6 403 055,44","120,44",17386,135,88949
Data,Ocup,Opção,Cheg,Oferta/Uso Interno,Deduz. Individ.,Deduz. Grupos,% Ocup.,Receita Quartos,Preço Médio,Saídas,Quartos FdS,Adul. / Cri.,fevereiro,Histórico,05-fev-2025 qua,68,0,24,0,0,68,0,"50,37","5 891,52","86,64",17,0,123,2981,0,1037,0,7,2832,149,"78,86","282 906,35","94,90",1021,0,5468,Total fev,2981,0,1037,0,7,2832,149,"78,86","282 906,35","94,90",1021,0,5468,Total,48534,4631,17251,0,64,41984,6550,"53,96","6 403 055,44","120,44",17386,135,88949
Data,Ocup,Opção,Cheg,Oferta/Uso Interno,Deduz. Individ.,Deduz. Grupos,% Ocup.,Receita Quartos,Preço Médio,Saídas,Quartos FdS,Adul. / Cri.,fevereiro,Histórico,06-fev-2025 qui,87,0,39,0,0,87,0,"64,44","7 886,62","90,65",20,0,153,2981,0,1037,0,7,2832,149,"78,86","282 906,35","94,90",1021,0,5468,Total fev,2981,0,1037,0,7,2832,149,"78,86","282 906,35","94,90",1021,0,5468,Total,48534,4631,17251,0,64,41984,6550,"53,96","6 403 055,44","120,44",17386,135,88949
Data,Ocup,Opção,Cheg,Oferta/Uso Interno,Deduz. Individ.,Deduz. Grupos,% Ocup.,Receita Quartos,Preço Médio,Saídas,Quartos FdS,Adul. / Cri.,fevereiro,Histórico,07-fev-2025 sex,117,0,47,0,0,117,0,"86,67","11 341,63","96,94",17,0,210,2981,0,1037,0,7,2832,149,"78,86","282 906,35","94,90",1021,0,5468,Total fev,2981,0,1037,0,7,2832,149,"78,86","282 906,35","94,90",1021,0,5468,Total,48534,4631,17251,0,64,41984,6550,"53,96","6 403 055,44","120,44",17386,135,88949
Data,Ocup,Opção,Cheg,Oferta/Uso Interno,Deduz. Individ.,Deduz. Grupos,% Ocup.,Receita Quartos,Preço Médio,Saídas,Quartos FdS,Adul. / Cri.,fevereiro,Histórico,08-fev-2025 sáb,123,0,34,0,0,123,0,"91,11","12 118,45","98,52",28,0,227,2981,0,1037,0,7,2832,149,"78,86","282 906,35","94,90",1021,0,5468,Total fev,2981,0,1037,0,7,2832,149,"78,86","282 906,35","94,90",1021,0,5468,Total,48534,4631,17251,0,64,41984,6550,"53,96","6 403 055,44","120,44",17386,135,88949
Data,Ocup,Opção,Cheg,Oferta/Uso Interno,Deduz. Individ.,Deduz. Grupos,% Ocup.,Receita Quartos,Preço Médio,Saídas,Quartos FdS,Adul. / Cri.,fevereiro,Histórico,09-fev-2025 dom,108,0,35,0,0,107,1,"80,00","9 383,43","86,88",50,0,207,2981,0,1037,0,7,2832,149,"78,86","282 906,35","94,90",1021,0,5468,Total fev,2981,0,1037,0,7,2832,149,"78,86","282 906,35","94,90",1021,0,5468,Total,48534,4631,17251,0,64,41984,6550,"53,96","6 403 055,44","120,44",17386,135,88949
Data,Ocup,Opção,Cheg,Oferta/Uso Interno,Deduz. Individ.,Deduz. Grupos,% Ocup.,Receita Quartos,Preço Médio,Saídas,Quartos FdS,Adul. / Cri.,fevereiro,Histórico,10-fev-2025 seg,93,0,28,0,0,92,1,"68,89","7 755,84","83,40",43,0,173,2981,0,1037,0,7,2832,149,"78,86","282 906,35","94,90",1021,0,5468,Total fev,2981,0,1037,0,7,2832,149,"78,86","282 906,35","94,90",1021,0,5468,Total,48534,4631,17251,0,64,41984,6550,"53,96","6 403 055,44","120,44",17386,135,88949
Data,Ocup,Opção,Cheg,Oferta/Uso Interno,Deduz. Individ.,Deduz. Grupos,% Ocup.,Receita Quartos,Preço Médio,Saídas,Quartos FdS,Adul. / Cri.,fevereiro,Histórico,11-fev-2025 ter,90,0,26,0,0,87,3,"66,67","8 314,16","92,38",29,0,163,2981,0,1037,0,7,2832,149,"78,86","282 906,35","94,90",1021,0,5468,Total fev,2981,0,1037,0,7,2832,149,"78,86","282 906,35","94,90",1021,0,5468,Total,48534,4631,17251,0,64,41984,6550,"53,96","6 403 055,44","120,44",17386,135,88949
Data,Ocup,Opção,Cheg,Oferta/Uso Interno,Deduz. Individ.,Deduz. Grupos,% Ocup.,Receita Quartos,Preço Médio,Saídas,Quartos FdS,Adul. / Cri.,fevereiro,Histórico,12-fev-2025 qua,101,0,36,0,0,93,8,"74,81","9 385,41","92,92",25,0,182,2981,0,1037,0,7,2832,149,"78,86","282 906,35","94,90",1021,0,5468,Total fev,2981,0,1037,0,7,2832,149,"78,86","282 906,35","94,90",1021,0,5468,Total,48534,4631,17251,0,64,41984,6550,"53,96","6 403 055,44","120,44",17386,135,88949
Data,Ocup,Opção,Cheg,Oferta/Uso Interno,Deduz. Individ.,Deduz. Grupos,% Ocup.,Receita Quartos,Preço Médio,Saídas,Quartos FdS,Adul. / Cri.,fevereiro,Histórico,13-fev-2025 qui,121,0,40,0,0,108,13,"89,63","10 814,81","89,38",20,0,219,2981,0,1037,0,7,2832,149,"78,86","282 906,35","94,90",1021,0,5468,Total fev,2981,0,1037,0,7,2832,149,"78,86","282 906,35","94,90",1021,0,5468,Total,48534,4631,17251,0,64,41984,6550,"53,96","6 403 055,44","120,44",17386,135,88949
Data,Ocup,Opção,Cheg,Oferta/Uso Interno,Deduz. Individ.,Deduz. Grupos,% Ocup.,Receita Quartos,Preço Médio,Saídas,Quartos FdS,Adul. / Cri.,fevereiro,Histórico,14-fev-2025 sex,129,0,57,0,0,116,13,"95,56","13 445,90","104,23",49,0,236,2981,0,1037,0,7,2832,149,"78,86","282 906,35","94,90",1021,0,5468,Total fev,2981,0,1037,0,7,2832,149,"78,86","282 906,35","94,90",1021,0,5468,Total,48534,4631,17251,0,64,41984,6550,"53,96","6 403 055,44","120,44",17386,135,88949
Data,Ocup,Opção,Cheg,Oferta/Uso Interno,Deduz. Individ.,Deduz. Grupos,% Ocup.,Receita Quartos,Preço Médio,Saídas,Quartos FdS,Adul. / Cri.,fevereiro,Histórico,15-fev-2025 sáb,134,0,42,0,0,134,0,"99,26","13 957,46","104,16",37,0,256,2981,0,1037,0,7,2832,149,"78,86","282 906,35","94,90",1021,0,5468,Total fev,2981,0,1037,0,7,2832,149,"78,86","282 906,35","94,90",1021,0,5468,Total,48534,4631,17251,0,64,41984,6550,"53,96","6 403 055,44","120,44",17386,135,88949
Data,Ocup,Opção,Cheg,Oferta/Uso Interno,Deduz. Individ.,Deduz. Grupos,% Ocup.,Receita Quartos,Preço Médio,Saídas,Quartos FdS,Adul. / Cri.,fevereiro,Histórico,16-fev-2025 dom,125,0,36,0,0,125,0,"92,59","11 456,81","91,65",45,0,240,2981,0,1037,0,7,2832,149,"78,86","282 906,35","94,90",1021,0,5468,Total fev,2981,0,1037,0,7,2832,149,"78,86","282 906,35","94,90",1021,0,5468,Total,48534,4631,17251,0,64,41984,6550,"53,96","6 403 055,44","120,44",17386,135,88949
Data,Ocup,Opção,Cheg,Oferta/Uso Interno,Deduz. Individ.,Deduz. Grupos,% Ocup.,Receita Quartos,Preço Médio,Saídas,Quartos FdS,Adul. / Cri.,fevereiro,Histórico,17-fev-2025 seg,118,0,51,0,0,118,0,"87,41","11 356,57","96,24",58,0,224,2981,0,1037,0,7,2832,149,"78,86","282 906,35","94,90",1021,0,5468,Total fev,2981,0,1037,0,7,2832,149,"78,86","282 906,35","94,90",1021,0,5468,Total,48534,4631,17251,0,64,41984,6550,"53,96","6 403 055,44","120,44",17386,135,88949
Data,Ocup,Opção,Cheg,Oferta/Uso Interno,Deduz. Individ.,Deduz. Grupos,% Ocup.,Receita Quartos,Preço Médio,Saídas,Quartos FdS,Adul. / Cri.,fevereiro,Histórico,18-fev-2025 ter,118,0,23,0,0,118,0,"87,41","11 414,35","96,73",23,0,218,2981,0,1037,0,7,2832,149,"78,86","282 906,35","94,90",1021,0,5468,Total fev,2981,0,1037,0,7,2832,149,"78,86","282 906,35","94,90",1021,0,5468,Total,48534,4631,17251,0,64,41984,6550,"53,96","6 403 055,44","120,44",17386,135,88949
Data,Ocup,Opção,Cheg,Oferta/Uso Interno,Deduz. Individ.,Deduz. Grupos,% Ocup.,Receita Quartos,Preço Médio,Saídas,Quartos FdS,Adul. / Cri.,fevereiro,Histórico,19-fev-2025 qua,116,0,34,0,1,98,18,"85,93","10 899,95","93,97",36,0,209,2981,0,1037,0,7,2832,149,"78,86","282 906,35","94,90",1021,0,5468,Total fev,2981,0,1037,0,7,2832,149,"78,86","282 906,35","94,90",1021,0,5468,Total,48534,4631,17251,0,64,41984,6550,"53,96","6 403 055,44","120,44",17386,135,88949
Data,Ocup,Opção,Cheg,Oferta/Uso Interno,Deduz. Individ.,Deduz. Grupos,% Ocup.,Receita Quartos,Preço Médio,Saídas,Quartos FdS,Adul. / Cri.,fevereiro,Histórico,20-fev-2025 qui,129,0,59,0,1,99,30,"95,56","12 529,50","97,13",46,0,239,2981,0,1037,0,7,2832,149,"78,86","282 906,35","94,90",1021,0,5468,Total fev,2981,0,1037,0,7,2832,149,"78,86","282 906,35","94,90",1021,0,5468,Total,48534,4631,17251,0,64,41984,6550,"53,96","6 403 055,44","120,44",17386,135,88949
Data,Ocup,Opção,Cheg,Oferta/Uso Interno,Deduz. Individ.,Deduz. Grupos,% Ocup.,Receita Quartos,Preço Médio,Saídas,Quartos FdS,Adul. / Cri.,fevereiro,Histórico,21-fev-2025 sex,131,0,50,0,0,118,13,"97,04","13 917,85","106,24",48,0,246,2981,0,1037,0,7,2832,149,"78,86","282 906,35","94,90",1021,0,5468,Total fev,2981,0,1037,0,7,2832,149,"78,86","282 906,35","94,90",1021,0,5468,Total,48534,4631,17251,0,64,41984,6550,"53,96","6 403 055,44","120,44",17386,135,88949
Data,Ocup,Opção,Cheg,Oferta/Uso Interno,Deduz. Individ.,Deduz. Grupos,% Ocup.,Receita Quartos,Preço Médio,Saídas,Quartos FdS,Adul. / Cri.,fevereiro,Histórico,22-fev-2025 sáb,135,0,30,0,1,123,12,"100,00","14 010,27","103,78",26,0,248,2981,0,1037,0,7,2832,149,"78,86","282 906,35","94,90",1021,0,5468,Total fev,2981,0,1037,0,7,2832,149,"78,86","282 906,35","94,90",1021,0,5468,Total,48534,4631,17251,0,64,41984,6550,"53,96","6 403 055,44","120,44",17386,135,88949
Data,Ocup,Opção,Cheg,Oferta/Uso Interno,Deduz. Individ.,Deduz. Grupos,% Ocup.,Receita Quartos,Preço Médio,Saídas,Quartos FdS,Adul. / Cri.,fevereiro,Histórico,23-fev-2025 dom,113,0,46,0,1,102,11,"83,70","10 018,24","88,66",68,0,199,2981,0,1037,0,7,2832,149,"78,86","282 906,35","94,90",1021,0,5468,Total fev,2981,0,1037,0,7,2832,149,"78,86","282 906,35","94,90",1021,0,5468,Total,48534,4631,17251,0,64,41984,6550,"53,96","6 403 055,44","120,44",17386,135,88949
Data,Ocup,Opção,Cheg,Oferta/Uso Interno,Deduz. Individ.,Deduz. Grupos,% Ocup.,Receita Quartos,Preço Médio,Saídas,Quartos FdS,Adul. / Cri.,fevereiro,Histórico,24-fev-2025 seg,102,0,37,0,1,97,5,"75,56","8 944,80","87,69",48,0,181,2981,0,1037,0,7,2832,149,"78,86","282 906,35","94,90",1021,0,5468,Total fev,2981,0,1037,0,7,2832,149,"78,86","282 906,35","94,90",1021,0,5468,Total,48534,4631,17251,0,64,41984,6550,"53,96","6 403 055,44","120,44",17386,135,88949
Data,Ocup,Opção,Cheg,Oferta/Uso Interno,Deduz. Individ.,Deduz. Grupos,% Ocup.,Receita Quartos,Preço Médio,Saídas,Quartos FdS,Adul. / Cri.,fevereiro,Histórico,25-fev-2025 ter,95,0,29,0,0,91,4,"70,37","8 728,69","91,88",36,0,164,2981,0,1037,0,7,2832,149,"78,86","282 906,35","94,90",1021,0,5468,Total fev,2981,0,1037,0,7,2832,149,"78,86","282 906,35","94,90",1021,0,5468,Total,48534,4631,17251,0,64,41984,6550,"53,96","6 403 055,44","120,44",17386,135,88949
Data,Ocup,Opção,Cheg,Oferta/Uso Interno,Deduz. Individ.,Deduz. Grupos,% Ocup.,Receita Quartos,Preço Médio,Saídas,Quartos FdS,Adul. / Cri.,fevereiro,Histórico,26-fev-2025 qua,92,0,32,0,0,90,2,"68,15","8 608,78","93,57",35,0,166,2981,0,1037,0,7,2832,149,"78,86","282 906,35","94,90",1021,0,5468,Total fev,2981,0,1037,0,7,2832,149,"78,86","282 906,35","94,90",1021,0,5468,Total,48534,4631,17251,0,64,41984,6550,"53,96","6 403 055,44","120,44",17386,135,88949
Data,Ocup,Opção,Cheg,Oferta/Uso Interno,Deduz. Individ.,Deduz. Grupos,% Ocup.,Receita Quartos,Preço Médio,Saídas,Quartos FdS,Adul. / Cri.,fevereiro,Histórico,27-fev-2025 qui,103,0,46,0,0,101,2,"76,30","9 703,55","94,21",35,0,187,2981,0,1037,0,7,2832,149,"78,86","282 906,35","94,90",1021,0,5468,Total fev,2981,0,1037,0,7,2832,149,"78,86","282 906,35","94,90",1021,0,5468,Total,48534,4631,17251,0,64,41984,6550,"53,96","6 403 055,44","120,44",17386,135,88949
Data,Ocup,Opção,Cheg,Oferta/Uso Interno,Deduz. Individ.,Deduz. Grupos,% Ocup.,Receita Quartos,Preço Médio,Saídas,Quartos FdS,Adul. / Cri.,fevereiro,Histórico,28-fev-2025 sex,123,0,47,0,0,123,0,"91,11","13 157,14","106,97",27,0,228,2981,0,1037,0,7,2832,149,"78,86","282 906,35","94,90",1021,0,5468,Total fev,2981,0,1037,0,7,2832,149,"78,86","282 906,35","94,90",1021,0,5468,Total,48534,4631,17251,0,64,41984,6550,"53,96","6 403 055,44","120,44",17386,135,88949
Data,Ocup,Opção,Cheg,Oferta/Uso Interno,Deduz. Individ.,Deduz. Grupos,% Ocup.,Receita Quartos,Preço Médio,Saídas,Quartos FdS,Adul. / Cri.,março,Histórico,01-mar-2025 sáb,135,0,44,0,0,135,0,"100,00","16 404,58","121,52",32,0,247,3999,0,1365,0,0,3392,607,"95,69","465 689,30","116,45",1356,9,7323,Total mar,3999,0,1365,0,0,3392,607,"95,69","465 689,30","116,45",1356,9,7323,Total,48534,4631,17251,0,64,41984,6550,"53,96","6 403 055,44","120,44",17386,135,88949
Data,Ocup,Opção,Cheg,Oferta/Uso Interno,Deduz. Individ.,Deduz. Grupos,% Ocup.,Receita Quartos,Preço Médio,Saídas,Quartos FdS,Adul. / Cri.,março,Histórico,02-mar-2025 dom,127,0,47,0,0,125,2,"94,07","14 152,39","111,44",55,0,236,3999,0,1365,0,0,3392,607,"95,69","465 689,30","116,45",1356,9,7323,Total mar,3999,0,1365,0,0,3392,607,"95,69","465 689,30","116,45",1356,9,7323,Total,48534,4631,17251,0,64,41984,6550,"53,96","6 403 055,44","120,44",17386,135,88949
Data,Ocup,Opção,Cheg,Oferta/Uso Interno,Deduz. Individ.,Deduz. Grupos,% Ocup.,Receita Quartos,Preço Médio,Saídas,Quartos FdS,Adul. / Cri.,março,Histórico,03-mar-2025 seg,129,0,45,0,0,123,6,"95,56","14 399,92","111,63",43,0,239,3999,0,1365,0,0,3392,607,"95,69","465 689,30","116,45",1356,9,7323,Total mar,3999,0,1365,0,0,3392,607,"95,69","465 689,30","116,45",1356,9,7323,Total,48534,4631,17251,0,64,41984,6550,"53,96","6 403 055,44","120,44",17386,135,88949
Data,Ocup,Opção,Cheg,Oferta/Uso Interno,Deduz. Individ.,Deduz. Grupos,% Ocup.,Receita Quartos,Preço Médio,Saídas,Quartos FdS,Adul. / Cri.,março,Histórico,04-mar-2025 ter,120,0,25,0,0,114,6,"88,89","13 472,25","112,27",34,0,218,3999,0,1365,0,0,3392,607,"95,69","465 689,30","116,45",1356,9,7323,Total mar,3999,0,1365,0,0,3392,607,"95,69","465 689,30","116,45",1356,9,7323,Total,48534,4631,17251,0,64,41984,6550,"53,96","6 403 055,44","120,44",17386,135,88949
Data,Ocup,Opção,Cheg,Oferta/Uso Interno,Deduz. Individ.,Deduz. Grupos,% Ocup.,Receita Quartos,Preço Médio,Saídas,Quartos FdS,Adul. / Cri.,março,Histórico,05-mar-2025 qua,111,0,22,0,0,104,7,"82,22","12 341,51","111,18",31,0,204,3999,0,1365,0,0,3392,607,"95,69","465 689,30","116,45",1356,9,7323,Total mar,3999,0,1365,0,0,3392,607,"95,69","465 689,30","116,45",1356,9,7323,Total,48534,4631,17251,0,64,41984,6550,"53,96","6 403 055,44","120,44",17386,135,88949
Data,Ocup,Opção,Cheg,Oferta/Uso Interno,Deduz. Individ.,Deduz. Grupos,% Ocup.,Receita Quartos,Preço Médio,Saídas,Quartos FdS,Adul. / Cri.,março,Histórico,06-mar-2025 qui,128,0,52,0,0,112,16,"94,81","14 833,79","115,89",35,0,233,3999,0,1365,0,0,3392,607,"95,69","465 689,30","116,45",1356,9,7323,Total mar,3999,0,1365,0,0,3392,607,"95,69","465 689,30","116,45",1356,9,7323,Total,48534,4631,17251,0,64,41984,6550,"53,96","6 403 055,44","120,44",17386,135,88949
Data,Ocup,Opção,Cheg,Oferta/Uso Interno,Deduz. Individ.,Deduz. Grupos,% Ocup.,Receita Quartos,Preço Médio,Saídas,Quartos FdS,Adul. / Cri.,março,Histórico,07-mar-2025 sex,134,0,58,0,0,108,26,"99,26","16 974,74","126,68",52,0,243,3999,0,1365,0,0,3392,607,"95,69","465 689,30","116,45",1356,9,7323,Total mar,3999,0,1365,0,0,3392,607,"95,69","465 689,30","116,45",1356,9,7323,Total,48534,4631,17251,0,64,41984,6550,"53,96","6 403 055,44","120,44",17386,135,88949
Data,Ocup,Opção,Cheg,Oferta/Uso Interno,Deduz. Individ.,Deduz. Grupos,% Ocup.,Receita Quartos,Preço Médio,Saídas,Quartos FdS,Adul. / Cri.,março,Histórico,08-mar-2025 sáb,133,0,25,0,0,107,26,"98,52","16 638,47","125,10",26,0,243,3999,0,1365,0,0,3392,607,"95,69","465 689,30","116,45",1356,9,7323,Total mar,3999,0,1365,0,0,3392,607,"95,69","465 689,30","116,45",1356,9,7323,Total,48534,4631,17251,0,64,41984,6550,"53,96","6 403 055,44","120,44",17386,135,88949
Data,Ocup,Opção,Cheg,Oferta/Uso Interno,Deduz. Individ.,Deduz. Grupos,% Ocup.,Receita Quartos,Preço Médio,Saídas,Quartos FdS,Adul. / Cri.,março,Histórico,09-mar-2025 dom,130,0,43,0,0,108,22,"96,30","15 012,07","115,48",46,0,237,3999,0,1365,0,0,3392,607,"95,69","465 689,30","116,45",1356,9,7323,Total mar,3999,0,1365,0,0,3392,607,"95,69","465 689,30","116,45",1356,9,7323,Total,48534,4631,17251,0,64,41984,6550,"53,96","6 403 055,44","120,44",17386,135,88949
Data,Ocup,Opção,Cheg,Oferta/Uso Interno,Deduz. Individ.,Deduz. Grupos,% Ocup.,Receita Quartos,Preço Médio,Saídas,Quartos FdS,Adul. / Cri.,março,Histórico,10-mar-2025 seg,112,0,52,0,0,97,15,"82,96","12 829,45","114,55",70,0,202,3999,0,1365,0,0,3392,607,"95,69","465 689,30","116,45",1356,9,7323,Total mar,3999,0,1365,0,0,3392,607,"95,69","465 689,30","116,45",1356,9,7323,Total,48534,4631,17251,0,64,41984,6550,"53,96","6 403 055,44","120,44",17386,135,88949
Data,Ocup,Opção,Cheg,Oferta/Uso Interno,Deduz. Individ.,Deduz. Grupos,% Ocup.,Receita Quartos,Preço Médio,Saídas,Quartos FdS,Adul. / Cri.,março,Histórico,11-mar-2025 ter,125,0,40,0,0,116,9,"92,59","13 620,69","108,97",27,0,221,3999,0,1365,0,0,3392,607,"95,69","465 689,30","116,45",1356,9,7323,Total mar,3999,0,1365,0,0,3392,607,"95,69","465 689,30","116,45",1356,9,7323,Total,48534,4631,17251,0,64,41984,6550,"53,96","6 403 055,44","120,44",17386,135,88949
Data,Ocup,Opção,Cheg,Oferta/Uso Interno,Deduz. Individ.,Deduz. Grupos,% Ocup.,Receita Quartos,Preço Médio,Saídas,Quartos FdS,Adul. / Cri.,março,Histórico,12-mar-2025 qua,119,0,34,0,0,110,9,"88,15","12 844,61","107,94",40,0,204,3999,0,1365,0,0,3392,607,"95,69","465 689,30","116,45",1356,9,7323,Total mar,3999,0,1365,0,0,3392,607,"95,69","465 689,30","116,45",1356,9,7323,Total,48534,4631,17251,0,64,41984,6550,"53,96","6 403 055,44","120,44",17386,135,88949
Data,Ocup,Opção,Cheg,Oferta/Uso Interno,Deduz. Individ.,Deduz. Grupos,% Ocup.,Receita Quartos,Preço Médio,Saídas,Quartos FdS,Adul. / Cri.,março,Histórico,13-mar-2025 qui,132,0,64,0,0,108,24,"97,78","15 282,21","115,77",51,0,232,3999,0,1365,0,0,3392,607,"95,69","465 689,30","116,45",1356,9,7323,Total mar,3999,0,1365,0,0,3392,607,"95,69","465 689,30","116,45",1356,9,7323,Total,48534,4631,17251,0,64,41984,6550,"53,96","6 403 055,44","120,44",17386,135,88949
Data,Ocup,Opção,Cheg,Oferta/Uso Interno,Deduz. Individ.,Deduz. Grupos,% Ocup.,Receita Quartos,Preço Médio,Saídas,Quartos FdS,Adul. / Cri.,março,Histórico,14-mar-2025 sex,133,0,45,0,0,95,38,"98,52","15 309,45","115,11",44,0,239,3999,0,1365,0,0,3392,607,"95,69","465 689,30","116,45",1356,9,7323,Total mar,3999,0,1365,0,0,3392,607,"95,69","465 689,30","116,45",1356,9,7323,Total,48534,4631,17251,0,64,41984,6550,"53,96","6 403 055,44","120,44",17386,135,88949
Data,Ocup,Opção,Cheg,Oferta/Uso Interno,Deduz. Individ.,Deduz. Grupos,% Ocup.,Receita Quartos,Preço Médio,Saídas,Quartos FdS,Adul. / Cri.,março,Histórico,15-mar-2025 sáb,132,0,39,0,0,111,21,"98,51","15 428,48","116,88",40,0,243,3999,0,1365,0,0,3392,607,"95,69","465 689,30","116,45",1356,9,7323,Total mar,3999,0,1365,0,0,3392,607,"95,69","465 689,30","116,45",1356,9,7323,Total,48534,4631,17251,0,64,41984,6550,"53,96","6 403 055,44","120,44",17386,135,88949
Data,Ocup,Opção,Cheg,Oferta/Uso Interno,Deduz. Individ.,Deduz. Grupos,% Ocup.,Receita Quartos,Preço Médio,Saídas,Quartos FdS,Adul. / Cri.,março,Histórico,16-mar-2025 dom,118,0,44,0,0,111,7,"88,06","13 216,88","112,01",58,0,223,3999,0,1365,0,0,3392,607,"95,69","465 689,30","116,45",1356,9,7323,Total mar,3999,0,1365,0,0,3392,607,"95,69","465 689,30","116,45",1356,9,7323,Total,48534,4631,17251,0,64,41984,6550,"53,96","6 403 055,44","120,44",17386,135,88949
Data,Ocup,Opção,Cheg,Oferta/Uso Interno,Deduz. Individ.,Deduz. Grupos,% Ocup.,Receita Quartos,Preço Médio,Saídas,Quartos FdS,Adul. / Cri.,março,Histórico,17-mar-2025 seg,130,0,55,0,0,101,29,"97,74","14 681,70","112,94",43,0,233,3999,0,1365,0,0,3392,607,"95,69","465 689,30","116,45",1356,9,7323,Total mar,3999,0,1365,0,0,3392,607,"95,69","465 689,30","116,45",1356,9,7323,Total,48534,4631,17251,0,64,41984,6550,"53,96","6 403 055,44","120,44",17386,135,88949
Data,Ocup,Opção,Cheg,Oferta/Uso Interno,Deduz. Individ.,Deduz. Grupos,% Ocup.,Receita Quartos,Preço Médio,Saídas,Quartos FdS,Adul. / Cri.,março,Histórico,18-mar-2025 ter,126,0,23,0,0,97,29,"94,03","14 358,95","113,96",27,0,227,3999,0,1365,0,0,3392,607,"95,69","465 689,30","116,45",1356,9,7323,Total mar,3999,0,1365,0,0,3392,607,"95,69","465 689,30","116,45",1356,9,7323,Total,48534,4631,17251,0,64,41984,6550,"53,96","6 403 055,44","120,44",17386,135,88949
Data,Ocup,Opção,Cheg,Oferta/Uso Interno,Deduz. Individ.,Deduz. Grupos,% Ocup.,Receita Quartos,Preço Médio,Saídas,Quartos FdS,Adul. / Cri.,março,Histórico,19-mar-2025 qua,135,0,53,0,0,89,46,"100,00","15 387,39","113,98",44,0,239,3999,0,1365,0,0,3392,607,"95,69","465 689,30","116,45",1356,9,7323,Total mar,3999,0,1365,0,0,3392,607,"95,69","465 689,30","116,45",1356,9,7323,Total,48534,4631,17251,0,64,41984,6550,"53,96","6 403 055,44","120,44",17386,135,88949
Data,Ocup,Opção,Cheg,Oferta/Uso Interno,Deduz. Individ.,Deduz. Grupos,% Ocup.,Receita Quartos,Preço Médio,Saídas,Quartos FdS,Adul. / Cri.,março,Histórico,20-mar-2025 qui,128,0,52,0,0,78,50,"94,81","14 233,13","111,20",59,0,235,3999,0,1365,0,0,3392,607,"95,69","465 689,30","116,45",1356,9,7323,Total mar,3999,0,1365,0,0,3392,607,"95,69","465 689,30","116,45",1356,9,7323,Total,48534,4631,17251,0,64,41984,6550,"53,96","6 403 055,44","120,44",17386,135,88949
Data,Ocup,Opção,Cheg,Oferta/Uso Interno,Deduz. Individ.,Deduz. Grupos,% Ocup.,Receita Quartos,Preço Médio,Saídas,Quartos FdS,Adul. / Cri.,março,Histórico,21-mar-2025 sex,133,0,36,0,0,92,41,"98,52","16 341,56","122,87",31,0,248,3999,0,1365,0,0,3392,607,"95,69","465 689,30","116,45",1356,9,7323,Total mar,3999,0,1365,0,0,3392,607,"95,69","465 689,30","116,45",1356,9,7323,Total,48534,4631,17251,0,64,41984,6550,"53,96","6 403 055,44","120,44",17386,135,88949
Data,Ocup,Opção,Cheg,Oferta/Uso Interno,Deduz. Individ.,Deduz. Grupos,% Ocup.,Receita Quartos,Preço Médio,Saídas,Quartos FdS,Adul. / Cri.,março,Histórico,22-mar-2025 sáb,134,0,60,0,0,134,0,"99,26","17 464,34","130,33",59,0,253,3999,0,1365,0,0,3392,607,"95,69","465 689,30","116,45",1356,9,7323,Total mar,3999,0,1365,0,0,3392,607,"95,69","465 689,30","116,45",1356,9,7323,Total,48534,4631,17251,0,64,41984,6550,"53,96","6 403 055,44","120,44",17386,135,88949
Data,Ocup,Opção,Cheg,Oferta/Uso Interno,Deduz. Individ.,Deduz. Grupos,% Ocup.,Receita Quartos,Preço Médio,Saídas,Quartos FdS,Adul. / Cri.,março,Histórico,23-mar-2025 dom,132,0,48,0,0,121,11,"97,78","15 271,75","115,70",50,1,256,3999,0,1365,0,0,3392,607,"95,69","465 689,30","116,45",1356,9,7323,Total mar,3999,0,1365,0,0,3392,607,"95,69","465 689,30","116,45",1356,9,7323,Total,48534,4631,17251,0,64,41984,6550,"53,96","6 403 055,44","120,44",17386,135,88949
Data,Ocup,Opção,Cheg,Oferta/Uso Interno,Deduz. Individ.,Deduz. Grupos,% Ocup.,Receita Quartos,Preço Médio,Saídas,Quartos FdS,Adul. / Cri.,março,Histórico,24-mar-2025 seg,133,0,35,0,0,122,11,"98,52","15 630,92","117,53",34,1,253,3999,0,1365,0,0,3392,607,"95,69","465 689,30","116,45",1356,9,7323,Total mar,3999,0,1365,0,0,3392,607,"95,69","465 689,30","116,45",1356,9,7323,Total,48534,4631,17251,0,64,41984,6550,"53,96","6 403 055,44","120,44",17386,135,88949
Data,Ocup,Opção,Cheg,Oferta/Uso Interno,Deduz. Individ.,Deduz. Grupos,% Ocup.,Receita Quartos,Preço Médio,Saídas,Quartos FdS,Adul. / Cri.,março,Histórico,25-mar-2025 ter,131,0,51,0,0,122,9,"97,76","14 960,13","114,20",53,1,235,3999,0,1365,0,0,3392,607,"95,69","465 689,30","116,45",1356,9,7323,Total mar,3999,0,1365,0,0,3392,607,"95,69","465 689,30","116,45",1356,9,7323,Total,48534,4631,17251,0,64,41984,6550,"53,96","6 403 055,44","120,44",17386,135,88949
Data,Ocup,Opção,Cheg,Oferta/Uso Interno,Deduz. Individ.,Deduz. Grupos,% Ocup.,Receita Quartos,Preço Médio,Saídas,Quartos FdS,Adul. / Cri.,março,Histórico,26-mar-2025 qua,134,0,47,0,0,105,29,"99,26","15 111,77","112,77",44,1,240,3999,0,1365,0,0,3392,607,"95,69","465 689,30","116,45",1356,9,7323,Total mar,3999,0,1365,0,0,3392,607,"95,69","465 689,30","116,45",1356,9,7323,Total,48534,4631,17251,0,64,41984,6550,"53,96","6 403 055,44","120,44",17386,135,88949
Data,Ocup,Opção,Cheg,Oferta/Uso Interno,Deduz. Individ.,Deduz. Grupos,% Ocup.,Receita Quartos,Preço Médio,Saídas,Quartos FdS,Adul. / Cri.,março,Histórico,27-mar-2025 qui,133,0,38,0,0,101,32,"98,52","15 045,48","113,12",39,1,244,3999,0,1365,0,0,3392,607,"95,69","465 689,30","116,45",1356,9,7323,Total mar,3999,0,1365,0,0,3392,607,"95,69","465 689,30","116,45",1356,9,7323,Total,48534,4631,17251,0,64,41984,6550,"53,96","6 403 055,44","120,44",17386,135,88949
Data,Ocup,Opção,Cheg,Oferta/Uso Interno,Deduz. Individ.,Deduz. Grupos,% Ocup.,Receita Quartos,Preço Médio,Saídas,Quartos FdS,Adul. / Cri.,março,Histórico,28-mar-2025 sex,133,0,28,0,0,101,32,"98,52","16 405,07","123,35",28,1,243,3999,0,1365,0,0,3392,607,"95,69","465 689,30","116,45",1356,9,7323,Total mar,3999,0,1365,0,0,3392,607,"95,69","465 689,30","116,45",1356,9,7323,Total,48534,4631,17251,0,64,41984,6550,"53,96","6 403 055,44","120,44",17386,135,88949
Data,Ocup,Opção,Cheg,Oferta/Uso Interno,Deduz. Individ.,Deduz. Grupos,% Ocup.,Receita Quartos,Preço Médio,Saídas,Quartos FdS,Adul. / Cri.,março,Histórico,29-mar-2025 sáb,133,0,59,0,0,126,7,"98,52","17 054,70","128,23",59,1,248,3999,0,1365,0,0,3392,607,"95,69","465 689,30","116,45",1356,9,7323,Total mar,3999,0,1365,0,0,3392,607,"95,69","465 689,30","116,45",1356,9,7323,Total,48534,4631,17251,0,64,41984,6550,"53,96","6 403 055,44","120,44",17386,135,88949
Data,Ocup,Opção,Cheg,Oferta/Uso Interno,Deduz. Individ.,Deduz. Grupos,% Ocup.,Receita Quartos,Preço Médio,Saídas,Quartos FdS,Adul. / Cri.,março,Histórico,30-mar-2025 dom,134,0,60,0,0,111,23,"99,26","15 341,76","114,49",59,1,254,3999,0,1365,0,0,3392,607,"95,69","465 689,30","116,45",1356,9,7323,Total mar,3999,0,1365,0,0,3392,607,"95,69","465 689,30","116,45",1356,9,7323,Total,48534,4631,17251,0,64,41984,6550,"53,96","6 403 055,44","120,44",17386,135,88949
Data,Ocup,Opção,Cheg,Oferta/Uso Interno,Deduz. Individ.,Deduz. Grupos,% Ocup.,Receita Quartos,Preço Médio,Saídas,Quartos FdS,Adul. / Cri.,março,Histórico,31-mar-2025 seg,132,0,41,0,0,108,24,"97,78","15 639,16","118,48",43,1,251,3999,0,1365,0,0,3392,607,"95,69","465 689,30","116,45",1356,9,7323,Total mar,3999,0,1365,0,0,3392,607,"95,69","465 689,30","116,45",1356,9,7323,Total,48534,4631,17251,0,64,41984,6550,"53,96","6 403 055,44","120,44",17386,135,88949
Data,Ocup,Opção,Cheg,Oferta/Uso Interno,Deduz. Individ.,Deduz. Grupos,% Ocup.,Receita Quartos,Preço Médio,Saídas,Quartos FdS,Adul. / Cri.,abril,Histórico,01-abr-2025 ter,132,0,36,0,0,103,29,"97,78","16 534,33","125,26",36,1,248,3859,0,1344,0,14,3385,474,"95,28","554 075,08","143,58",1342,34,7407,Total abr,3859,0,1344,0,14,3385,474,"95,28","554 075,08","143,58",1342,34,7407,Total,48534,4631,17251,0,64,41984,6550,"53,96","6 403 055,44","120,44",17386,135,88949
Data,Ocup,Opção,Cheg,Oferta/Uso Interno,Deduz. Individ.,Deduz. Grupos,% Ocup.,Receita Quartos,Preço Médio,Saídas,Quartos FdS,Adul. / Cri.,abril,Histórico,02-abr-2025 qua,124,0,44,0,0,95,29,"91,85","16 638,29","134,18",52,1,229,3859,0,1344,0,14,3385,474,"95,28","554 075,08","143,58",1342,34,7407,Total abr,3859,0,1344,0,14,3385,474,"95,28","554 075,08","143,58",1342,34,7407,Total,48534,4631,17251,0,64,41984,6550,"53,96","6 403 055,44","120,44",17386,135,88949
Data,Ocup,Opção,Cheg,Oferta/Uso Interno,Deduz. Individ.,Deduz. Grupos,% Ocup.,Receita Quartos,Preço Médio,Saídas,Quartos FdS,Adul. / Cri.,abril,Histórico,03-abr-2025 qui,127,0,42,0,0,96,31,"94,07","17 268,88","135,98",39,1,236,3859,0,1344,0,14,3385,474,"95,28","554 075,08","143,58",1342,34,7407,Total abr,3859,0,1344,0,14,3385,474,"95,28","554 075,08","143,58",1342,34,7407,Total,48534,4631,17251,0,64,41984,6550,"53,96","6 403 055,44","120,44",17386,135,88949
Data,Ocup,Opção,Cheg,Oferta/Uso Interno,Deduz. Individ.,Deduz. Grupos,% Ocup.,Receita Quartos,Preço Médio,Saídas,Quartos FdS,Adul. / Cri.,abril,Histórico,04-abr-2025 sex,133,0,43,0,0,98,35,"98,52","19 318,56","145,25",37,1,251,3859,0,1344,0,14,3385,474,"95,28","554 075,08","143,58",1342,34,7407,Total abr,3859,0,1344,0,14,3385,474,"95,28","554 075,08","143,58",1342,34,7407,Total,48534,4631,17251,0,64,41984,6550,"53,96","6 403 055,44","120,44",17386,135,88949
Data,Ocup,Opção,Cheg,Oferta/Uso Interno,Deduz. Individ.,Deduz. Grupos,% Ocup.,Receita Quartos,Preço Médio,Saídas,Quartos FdS,Adul. / Cri.,abril,Histórico,05-abr-2025 sáb,133,0,61,0,0,107,26,"98,52","19 832,17","149,11",61,2,260,3859,0,1344,0,14,3385,474,"95,28","554 075,08","143,58",1342,34,7407,Total abr,3859,0,1344,0,14,3385,474,"95,28","554 075,08","143,58",1342,34,7407,Total,48534,4631,17251,0,64,41984,6550,"53,96","6 403 055,44","120,44",17386,135,88949
Data,Ocup,Opção,Cheg,Oferta/Uso Interno,Deduz. Individ.,Deduz. Grupos,% Ocup.,Receita Quartos,Preço Médio,Saídas,Quartos FdS,Adul. / Cri.,abril,Histórico,06-abr-2025 dom,131,0,34,0,1,97,34,"97,04","18 352,47","140,10",36,2,255,3859,0,1344,0,14,3385,474,"95,28","554 075,08","143,58",1342,34,7407,Total abr,3859,0,1344,0,14,3385,474,"95,28","554 075,08","143,58",1342,34,7407,Total,48534,4631,17251,0,64,41984,6550,"53,96","6 403 055,44","120,44",17386,135,88949
Data,Ocup,Opção,Cheg,Oferta/Uso Interno,Deduz. Individ.,Deduz. Grupos,% Ocup.,Receita Quartos,Preço Médio,Saídas,Quartos FdS,Adul. / Cri.,abril,Histórico,07-abr-2025 seg,112,0,58,0,1,103,9,"82,96","14 815,17","132,28",77,2,215,3859,0,1344,0,14,3385,474,"95,28","554 075,08","143,58",1342,34,7407,Total abr,3859,0,1344,0,14,3385,474,"95,28","554 075,08","143,58",1342,34,7407,Total,48534,4631,17251,0,64,41984,6550,"53,96","6 403 055,44","120,44",17386,135,88949
Data,Ocup,Opção,Cheg,Oferta/Uso Interno,Deduz. Individ.,Deduz. Grupos,% Ocup.,Receita Quartos,Preço Médio,Saídas,Quartos FdS,Adul. / Cri.,abril,Histórico,08-abr-2025 ter,130,0,40,0,1,120,10,"96,30","17 611,40","135,47",22,2,243,3859,0,1344,0,14,3385,474,"95,28","554 075,08","143,58",1342,34,7407,Total abr,3859,0,1344,0,14,3385,474,"95,28","554 075,08","143,58",1342,34,7407,Total,48534,4631,17251,0,64,41984,6550,"53,96","6 403 055,44","120,44",17386,135,88949
Data,Ocup,Opção,Cheg,Oferta/Uso Interno,Deduz. Individ.,Deduz. Grupos,% Ocup.,Receita Quartos,Preço Médio,Saídas,Quartos FdS,Adul. / Cri.,abril,Histórico,09-abr-2025 qua,128,0,41,0,0,102,26,"94,81","17 630,43","137,74",43,1,239,3859,0,1344,0,14,3385,474,"95,28","554 075,08","143,58",1342,34,7407,Total abr,3859,0,1344,0,14,3385,474,"95,28","554 075,08","143,58",1342,34,7407,Total,48534,4631,17251,0,64,41984,6550,"53,96","6 403 055,44","120,44",17386,135,88949
Data,Ocup,Opção,Cheg,Oferta/Uso Interno,Deduz. Individ.,Deduz. Grupos,% Ocup.,Receita Quartos,Preço Médio,Saídas,Quartos FdS,Adul. / Cri.,abril,Histórico,10-abr-2025 qui,127,0,45,0,1,110,17,"94,07","17 649,89","138,98",46,1,239,3859,0,1344,0,14,3385,474,"95,28","554 075,08","143,58",1342,34,7407,Total abr,3859,0,1344,0,14,3385,474,"95,28","554 075,08","143,58",1342,34,7407,Total,48534,4631,17251,0,64,41984,6550,"53,96","6 403 055,44","120,44",17386,135,88949
Data,Ocup,Opção,Cheg,Oferta/Uso Interno,Deduz. Individ.,Deduz. Grupos,% Ocup.,Receita Quartos,Preço Médio,Saídas,Quartos FdS,Adul. / Cri.,abril,Histórico,11-abr-2025 sex,133,0,48,0,1,116,17,"98,52","20 739,87","155,94",42,1,248,3859,0,1344,0,14,3385,474,"95,28","554 075,08","143,58",1342,34,7407,Total abr,3859,0,1344,0,14,3385,474,"95,28","554 075,08","143,58",1342,34,7407,Total,48534,4631,17251,0,64,41984,6550,"53,96","6 403 055,44","120,44",17386,135,88949
Data,Ocup,Opção,Cheg,Oferta/Uso Interno,Deduz. Individ.,Deduz. Grupos,% Ocup.,Receita Quartos,Preço Médio,Saídas,Quartos FdS,Adul. / Cri.,abril,Histórico,12-abr-2025 sáb,122,0,47,0,1,122,0,"90,37","19 170,75","157,14",58,1,230,3859,0,1344,0,14,3385,474,"95,28","554 075,08","143,58",1342,34,7407,Total abr,3859,0,1344,0,14,3385,474,"95,28","554 075,08","143,58",1342,34,7407,Total,48534,4631,17251,0,64,41984,6550,"53,96","6 403 055,44","120,44",17386,135,88949
Data,Ocup,Opção,Cheg,Oferta/Uso Interno,Deduz. Individ.,Deduz. Grupos,% Ocup.,Receita Quartos,Preço Médio,Saídas,Quartos FdS,Adul. / Cri.,abril,Histórico,13-abr-2025 dom,126,0,47,0,0,126,0,"93,33","17 346,22","137,67",43,1,241,3859,0,1344,0,14,3385,474,"95,28","554 075,08","143,58",1342,34,7407,Total abr,3859,0,1344,0,14,3385,474,"95,28","554 075,08","143,58",1342,34,7407,Total,48534,4631,17251,0,64,41984,6550,"53,96","6 403 055,44","120,44",17386,135,88949
Data,Ocup,Opção,Cheg,Oferta/Uso Interno,Deduz. Individ.,Deduz. Grupos,% Ocup.,Receita Quartos,Preço Médio,Saídas,Quartos FdS,Adul. / Cri.,abril,Histórico,14-abr-2025 seg,130,0,53,0,0,116,14,"96,30","18 079,67","139,07",49,1,249,3859,0,1344,0,14,3385,474,"95,28","554 075,08","143,58",1342,34,7407,Total abr,3859,0,1344,0,14,3385,474,"95,28","554 075,08","143,58",1342,34,7407,Total,48534,4631,17251,0,64,41984,6550,"53,96","6 403 055,44","120,44",17386,135,88949
Data,Ocup,Opção,Cheg,Oferta/Uso Interno,Deduz. Individ.,Deduz. Grupos,% Ocup.,Receita Quartos,Preço Médio,Saídas,Quartos FdS,Adul. / Cri.,abril,Histórico,15-abr-2025 ter,129,0,32,0,0,115,14,"95,56","17 934,63","139,03",33,1,251,3859,0,1344,0,14,3385,474,"95,28","554 075,08","143,58",1342,34,7407,Total abr,3859,0,1344,0,14,3385,474,"95,28","554 075,08","143,58",1342,34,7407,Total,48534,4631,17251,0,64,41984,6550,"53,96","6 403 055,44","120,44",17386,135,88949
Data,Ocup,Opção,Cheg,Oferta/Uso Interno,Deduz. Individ.,Deduz. Grupos,% Ocup.,Receita Quartos,Preço Médio,Saídas,Quartos FdS,Adul. / Cri.,abril,Histórico,16-abr-2025 qua,133,0,34,0,1,119,14,"98,52","18 878,71","141,95",30,1,261,3859,0,1344,0,14,3385,474,"95,28","554 075,08","143,58",1342,34,7407,Total abr,3859,0,1344,0,14,3385,474,"95,28","554 075,08","143,58",1342,34,7407,Total,48534,4631,17251,0,64,41984,6550,"53,96","6 403 055,44","120,44",17386,135,88949
Data,Ocup,Opção,Cheg,Oferta/Uso Interno,Deduz. Individ.,Deduz. Grupos,% Ocup.,Receita Quartos,Preço Médio,Saídas,Quartos FdS,Adul. / Cri.,abril,Histórico,17-abr-2025 qui,130,0,27,0,1,116,14,"96,30","19 254,47","148,11",30,1,255,3859,0,1344,0,14,3385,474,"95,28","554 075,08","143,58",1342,34,7407,Total abr,3859,0,1344,0,14,3385,474,"95,28","554 075,08","143,58",1342,34,7407,Total,48534,4631,17251,0,64,41984,6550,"53,96","6 403 055,44","120,44",17386,135,88949
Data,Ocup,Opção,Cheg,Oferta/Uso Interno,Deduz. Individ.,Deduz. Grupos,% Ocup.,Receita Quartos,Preço Médio,Saídas,Quartos FdS,Adul. / Cri.,abril,Histórico,18-abr-2025 sex,128,0,53,0,1,110,18,"94,81","20 057,92","156,70",55,1,255,3859,0,1344,0,14,3385,474,"95,28","554 075,08","143,58",1342,34,7407,Total abr,3859,0,1344,0,14,3385,474,"95,28","554 075,08","143,58",1342,34,7407,Total,48534,4631,17251,0,64,41984,6550,"53,96","6 403 055,44","120,44",17386,135,88949
Data,Ocup,Opção,Cheg,Oferta/Uso Interno,Deduz. Individ.,Deduz. Grupos,% Ocup.,Receita Quartos,Preço Médio,Saídas,Quartos FdS,Adul. / Cri.,abril,Histórico,19-abr-2025 sáb,134,0,44,0,1,114,20,"99,26","20 992,33","156,66",38,1,264,3859,0,1344,0,14,3385,474,"95,28","554 075,08","143,58",1342,34,7407,Total abr,3859,0,1344,0,14,3385,474,"95,28","554 075,08","143,58",1342,34,7407,Total,48534,4631,17251,0,64,41984,6550,"53,96","6 403 055,44","120,44",17386,135,88949
Data,Ocup,Opção,Cheg,Oferta/Uso Interno,Deduz. Individ.,Deduz. Grupos,% Ocup.,Receita Quartos,Preço Médio,Saídas,Quartos FdS,Adul. / Cri.,abril,Histórico,20-abr-2025 dom,133,0,65,0,0,123,10,"98,52","19 137,96","143,89",66,1,265,3859,0,1344,0,14,3385,474,"95,28","554 075,08","143,58",1342,34,7407,Total abr,3859,0,1344,0,14,3385,474,"95,28","554 075,08","143,58",1342,34,7407,Total,48534,4631,17251,0,64,41984,6550,"53,96","6 403 055,44","120,44",17386,135,88949
Data,Ocup,Opção,Cheg,Oferta/Uso Interno,Deduz. Individ.,Deduz. Grupos,% Ocup.,Receita Quartos,Preço Médio,Saídas,Quartos FdS,Adul. / Cri.,abril,Histórico,21-abr-2025 seg,125,0,32,0,0,115,10,"92,59","17 690,07","141,52",40,1,250,3859,0,1344,0,14,3385,474,"95,28","554 075,08","143,58",1342,34,7407,Total abr,3859,0,1344,0,14,3385,474,"95,28","554 075,08","143,58",1342,34,7407,Total,48534,4631,17251,0,64,41984,6550,"53,96","6 403 055,44","120,44",17386,135,88949
Data,Ocup,Opção,Cheg,Oferta/Uso Interno,Deduz. Individ.,Deduz. Grupos,% Ocup.,Receita Quartos,Preço Médio,Saídas,Quartos FdS,Adul. / Cri.,abril,Histórico,22-abr-2025 ter,118,0,39,0,0,116,2,"87,41","16 965,72","143,78",46,1,232,3859,0,1344,0,14,3385,474,"95,28","554 075,08","143,58",1342,34,7407,Total abr,3859,0,1344,0,14,3385,474,"95,28","554 075,08","143,58",1342,34,7407,Total,48534,4631,17251,0,64,41984,6550,"53,96","6 403 055,44","120,44",17386,135,88949
Data,Ocup,Opção,Cheg,Oferta/Uso Interno,Deduz. Individ.,Deduz. Grupos,% Ocup.,Receita Quartos,Preço Médio,Saídas,Quartos FdS,Adul. / Cri.,abril,Histórico,23-abr-2025 qua,130,0,50,0,0,110,20,"96,30","19 020,12","146,31",38,1,252,3859,0,1344,0,14,3385,474,"95,28","554 075,08","143,58",1342,34,7407,Total abr,3859,0,1344,0,14,3385,474,"95,28","554 075,08","143,58",1342,34,7407,Total,48534,4631,17251,0,64,41984,6550,"53,96","6 403 055,44","120,44",17386,135,88949
Data,Ocup,Opção,Cheg,Oferta/Uso Interno,Deduz. Individ.,Deduz. Grupos,% Ocup.,Receita Quartos,Preço Médio,Saídas,Quartos FdS,Adul. / Cri.,abril,Histórico,24-abr-2025 qui,128,0,35,0,1,105,23,"94,81","18 921,87","147,83",37,1,243,3859,0,1344,0,14,3385,474,"95,28","554 075,08","143,58",1342,34,7407,Total abr,3859,0,1344,0,14,3385,474,"95,28","554 075,08","143,58",1342,34,7407,Total,48534,4631,17251,0,64,41984,6550,"53,96","6 403 055,44","120,44",17386,135,88949
Data,Ocup,Opção,Cheg,Oferta/Uso Interno,Deduz. Individ.,Deduz. Grupos,% Ocup.,Receita Quartos,Preço Médio,Saídas,Quartos FdS,Adul. / Cri.,abril,Histórico,25-abr-2025 sex,132,0,44,0,0,106,26,"97,78","19 778,26","149,84",40,1,256,3859,0,1344,0,14,3385,474,"95,28","554 075,08","143,58",1342,34,7407,Total abr,3859,0,1344,0,14,3385,474,"95,28","554 075,08","143,58",1342,34,7407,Total,48534,4631,17251,0,64,41984,6550,"53,96","6 403 055,44","120,44",17386,135,88949
Data,Ocup,Opção,Cheg,Oferta/Uso Interno,Deduz. Individ.,Deduz. Grupos,% Ocup.,Receita Quartos,Preço Médio,Saídas,Quartos FdS,Adul. / Cri.,abril,Histórico,26-abr-2025 sáb,133,0,48,0,0,124,9,"98,52","20 645,65","155,23",47,1,258,3859,0,1344,0,14,3385,474,"95,28","554 075,08","143,58",1342,34,7407,Total abr,3859,0,1344,0,14,3385,474,"95,28","554 075,08","143,58",1342,34,7407,Total,48534,4631,17251,0,64,41984,6550,"53,96","6 403 055,44","120,44",17386,135,88949
Data,Ocup,Opção,Cheg,Oferta/Uso Interno,Deduz. Individ.,Deduz. Grupos,% Ocup.,Receita Quartos,Preço Médio,Saídas,Quartos FdS,Adul. / Cri.,abril,Histórico,27-abr-2025 dom,131,0,49,0,0,131,0,"97,04","17 924,56","136,83",51,1,249,3859,0,1344,0,14,3385,474,"95,28","554 075,08","143,58",1342,34,7407,Total abr,3859,0,1344,0,14,3385,474,"95,28","554 075,08","143,58",1342,34,7407,Total,48534,4631,17251,0,64,41984,6550,"53,96","6 403 055,44","120,44",17386,135,88949
Data,Ocup,Opção,Cheg,Oferta/Uso Interno,Deduz. Individ.,Deduz. Grupos,% Ocup.,Receita Quartos,Preço Médio,Saídas,Quartos FdS,Adul. / Cri.,abril,Histórico,28-abr-2025 seg,123,0,38,0,1,123,0,"91,11","18 972,67","154,25",46,1,230,3859,0,1344,0,14,3385,474,"95,28","554 075,08","143,58",1342,34,7407,Total abr,3859,0,1344,0,14,3385,474,"95,28","554 075,08","143,58",1342,34,7407,Total,48534,4631,17251,0,64,41984,6550,"53,96","6 403 055,44","120,44",17386,135,88949
Data,Ocup,Opção,Cheg,Oferta/Uso Interno,Deduz. Individ.,Deduz. Grupos,% Ocup.,Receita Quartos,Preço Médio,Saídas,Quartos FdS,Adul. / Cri.,abril,Histórico,29-abr-2025 ter,130,0,50,0,1,130,0,"96,30","18 119,90","139,38",43,1,247,3859,0,1344,0,14,3385,474,"95,28","554 075,08","143,58",1342,34,7407,Total abr,3859,0,1344,0,14,3385,474,"95,28","554 075,08","143,58",1342,34,7407,Total,48534,4631,17251,0,64,41984,6550,"53,96","6 403 055,44","120,44",17386,135,88949
Data,Ocup,Opção,Cheg,Oferta/Uso Interno,Deduz. Individ.,Deduz. Grupos,% Ocup.,Receita Quartos,Preço Médio,Saídas,Quartos FdS,Adul. / Cri.,abril,Histórico,30-abr-2025 qua,134,0,65,0,1,117,17,"99,26","18 792,15","140,24",61,1,256,3859,0,1344,0,14,3385,474,"95,28","554 075,08","143,58",1342,34,7407,Total abr,3859,0,1344,0,14,3385,474,"95,28","554 075,08","143,58",1342,34,7407,Total,48534,4631,17251,0,64,41984,6550,"53,96","6 403 055,44","120,44",17386,135,88949
Data,Ocup,Opção,Cheg,Oferta/Uso Interno,Deduz. Individ.,Deduz. Grupos,% Ocup.,Receita Quartos,Preço Médio,Saídas,Quartos FdS,Adul. / Cri.,maio,Histórico,01-mai-2025 qui,130,0,50,0,1,102,28,"96,30","21 115,34","162,43",54,1,238,4007,0,1500,0,2,3281,726,"95,77","655 674,79","163,63",1501,77,7395,Total mai,4007,0,1500,0,2,3281,726,"95,77","655 674,79","163,63",1501,77,7395,Total,48534,4631,17251,0,64,41984,6550,"53,96","6 403 055,44","120,44",17386,135,88949
Data,Ocup,Opção,Cheg,Oferta/Uso Interno,Deduz. Individ.,Deduz. Grupos,% Ocup.,Receita Quartos,Preço Médio,Saídas,Quartos FdS,Adul. / Cri.,maio,Histórico,02-mai-2025 sex,132,0,26,0,0,104,28,"97,78","21 566,82","163,39",24,1,246,4007,0,1500,0,2,3281,726,"95,77","655 674,79","163,63",1501,77,7395,Total mai,4007,0,1500,0,2,3281,726,"95,77","655 674,79","163,63",1501,77,7395,Total,48534,4631,17251,0,64,41984,6550,"53,96","6 403 055,44","120,44",17386,135,88949
Data,Ocup,Opção,Cheg,Oferta/Uso Interno,Deduz. Individ.,Deduz. Grupos,% Ocup.,Receita Quartos,Preço Médio,Saídas,Quartos FdS,Adul. / Cri.,maio,Histórico,03-mai-2025 sáb,132,0,57,0,0,132,0,"97,78","22 662,82","171,69",57,1,247,4007,0,1500,0,2,3281,726,"95,77","655 674,79","163,63",1501,77,7395,Total mai,4007,0,1500,0,2,3281,726,"95,77","655 674,79","163,63",1501,77,7395,Total,48534,4631,17251,0,64,41984,6550,"53,96","6 403 055,44","120,44",17386,135,88949
Data,Ocup,Opção,Cheg,Oferta/Uso Interno,Deduz. Individ.,Deduz. Grupos,% Ocup.,Receita Quartos,Preço Médio,Saídas,Quartos FdS,Adul. / Cri.,maio,Histórico,04-mai-2025 dom,120,0,44,0,0,111,9,"88,89","18 262,63","152,19",56,1,222,4007,0,1500,0,2,3281,726,"95,77","655 674,79","163,63",1501,77,7395,Total mai,4007,0,1500,0,2,3281,726,"95,77","655 674,79","163,63",1501,77,7395,Total,48534,4631,17251,0,64,41984,6550,"53,96","6 403 055,44","120,44",17386,135,88949
Data,Ocup,Opção,Cheg,Oferta/Uso Interno,Deduz. Individ.,Deduz. Grupos,% Ocup.,Receita Quartos,Preço Médio,Saídas,Quartos FdS,Adul. / Cri.,maio,Histórico,05-mai-2025 seg,117,0,39,0,0,108,9,"86,67","18 593,64","158,92",42,17,220,4007,0,1500,0,2,3281,726,"95,77","655 674,79","163,63",1501,77,7395,Total mai,4007,0,1500,0,2,3281,726,"95,77","655 674,79","163,63",1501,77,7395,Total,48534,4631,17251,0,64,41984,6550,"53,96","6 403 055,44","120,44",17386,135,88949
Data,Ocup,Opção,Cheg,Oferta/Uso Interno,Deduz. Individ.,Deduz. Grupos,% Ocup.,Receita Quartos,Preço Médio,Saídas,Quartos FdS,Adul. / Cri.,maio,Histórico,06-mai-2025 ter,109,0,32,0,0,109,0,"81,34","17 471,08","160,29",40,16,205,4007,0,1500,0,2,3281,726,"95,77","655 674,79","163,63",1501,77,7395,Total mai,4007,0,1500,0,2,3281,726,"95,77","655 674,79","163,63",1501,77,7395,Total,48534,4631,17251,0,64,41984,6550,"53,96","6 403 055,44","120,44",17386,135,88949
Data,Ocup,Opção,Cheg,Oferta/Uso Interno,Deduz. Individ.,Deduz. Grupos,% Ocup.,Receita Quartos,Preço Médio,Saídas,Quartos FdS,Adul. / Cri.,maio,Histórico,07-mai-2025 qua,118,0,64,0,0,101,17,"87,41","19 208,84","162,79",55,16,212,4007,0,1500,0,2,3281,726,"95,77","655 674,79","163,63",1501,77,7395,Total mai,4007,0,1500,0,2,3281,726,"95,77","655 674,79","163,63",1501,77,7395,Total,48534,4631,17251,0,64,41984,6550,"53,96","6 403 055,44","120,44",17386,135,88949
Data,Ocup,Opção,Cheg,Oferta/Uso Interno,Deduz. Individ.,Deduz. Grupos,% Ocup.,Receita Quartos,Preço Médio,Saídas,Quartos FdS,Adul. / Cri.,maio,Histórico,08-mai-2025 qui,118,0,33,0,0,101,17,"87,41","20 068,94","170,08",33,7,216,4007,0,1500,0,2,3281,726,"95,77","655 674,79","163,63",1501,77,7395,Total mai,4007,0,1500,0,2,3281,726,"95,77","655 674,79","163,63",1501,77,7395,Total,48534,4631,17251,0,64,41984,6550,"53,96","6 403 055,44","120,44",17386,135,88949
Data,Ocup,Opção,Cheg,Oferta/Uso Interno,Deduz. Individ.,Deduz. Grupos,% Ocup.,Receita Quartos,Preço Médio,Saídas,Quartos FdS,Adul. / Cri.,maio,Histórico,09-mai-2025 sex,127,0,49,0,0,110,17,"94,07","22 940,91","180,64",40,3,243,4007,0,1500,0,2,3281,726,"95,77","655 674,79","163,63",1501,77,7395,Total mai,4007,0,1500,0,2,3281,726,"95,77","655 674,79","163,63",1501,77,7395,Total,48534,4631,17251,0,64,41984,6550,"53,96","6 403 055,44","120,44",17386,135,88949
Data,Ocup,Opção,Cheg,Oferta/Uso Interno,Deduz. Individ.,Deduz. Grupos,% Ocup.,Receita Quartos,Preço Médio,Saídas,Quartos FdS,Adul. / Cri.,maio,Histórico,10-mai-2025 sáb,133,0,46,0,1,133,0,"98,52","25 471,11","191,51",40,2,256,4007,0,1500,0,2,3281,726,"95,77","655 674,79","163,63",1501,77,7395,Total mai,4007,0,1500,0,2,3281,726,"95,77","655 674,79","163,63",1501,77,7395,Total,48534,4631,17251,0,64,41984,6550,"53,96","6 403 055,44","120,44",17386,135,88949
Data,Ocup,Opção,Cheg,Oferta/Uso Interno,Deduz. Individ.,Deduz. Grupos,% Ocup.,Receita Quartos,Preço Médio,Saídas,Quartos FdS,Adul. / Cri.,maio,Histórico,11-mai-2025 dom,126,0,50,0,0,126,0,"93,33","20 522,59","162,88",57,2,236,4007,0,1500,0,2,3281,726,"95,77","655 674,79","163,63",1501,77,7395,Total mai,4007,0,1500,0,2,3281,726,"95,77","655 674,79","163,63",1501,77,7395,Total,48534,4631,17251,0,64,41984,6550,"53,96","6 403 055,44","120,44",17386,135,88949
Data,Ocup,Opção,Cheg,Oferta/Uso Interno,Deduz. Individ.,Deduz. Grupos,% Ocup.,Receita Quartos,Preço Médio,Saídas,Quartos FdS,Adul. / Cri.,maio,Histórico,12-mai-2025 seg,129,0,34,0,0,129,0,"95,56","21 618,95","167,59",31,2,233,4007,0,1500,0,2,3281,726,"95,77","655 674,79","163,63",1501,77,7395,Total mai,4007,0,1500,0,2,3281,726,"95,77","655 674,79","163,63",1501,77,7395,Total,48534,4631,17251,0,64,41984,6550,"53,96","6 403 055,44","120,44",17386,135,88949
Data,Ocup,Opção,Cheg,Oferta/Uso Interno,Deduz. Individ.,Deduz. Grupos,% Ocup.,Receita Quartos,Preço Médio,Saídas,Quartos FdS,Adul. / Cri.,maio,Histórico,13-mai-2025 ter,134,0,62,0,0,102,32,"99,26","20 877,36","155,80",57,1,231,4007,0,1500,0,2,3281,726,"95,77","655 674,79","163,63",1501,77,7395,Total mai,4007,0,1500,0,2,3281,726,"95,77","655 674,79","163,63",1501,77,7395,Total,48534,4631,17251,0,64,41984,6550,"53,96","6 403 055,44","120,44",17386,135,88949
Data,Ocup,Opção,Cheg,Oferta/Uso Interno,Deduz. Individ.,Deduz. Grupos,% Ocup.,Receita Quartos,Preço Médio,Saídas,Quartos FdS,Adul. / Cri.,maio,Histórico,14-mai-2025 qua,132,0,53,0,0,77,55,"97,78","19 672,23","149,03",55,1,231,4007,0,1500,0,2,3281,726,"95,77","655 674,79","163,63",1501,77,7395,Total mai,4007,0,1500,0,2,3281,726,"95,77","655 674,79","163,63",1501,77,7395,Total,48534,4631,17251,0,64,41984,6550,"53,96","6 403 055,44","120,44",17386,135,88949
Data,Ocup,Opção,Cheg,Oferta/Uso Interno,Deduz. Individ.,Deduz. Grupos,% Ocup.,Receita Quartos,Preço Médio,Saídas,Quartos FdS,Adul. / Cri.,maio,Histórico,15-mai-2025 qui,130,0,47,0,0,86,44,"96,30","20 494,28","157,65",49,1,233,4007,0,1500,0,2,3281,726,"95,77","655 674,79","163,63",1501,77,7395,Total mai,4007,0,1500,0,2,3281,726,"95,77","655 674,79","163,63",1501,77,7395,Total,48534,4631,17251,0,64,41984,6550,"53,96","6 403 055,44","120,44",17386,135,88949
Data,Ocup,Opção,Cheg,Oferta/Uso Interno,Deduz. Individ.,Deduz. Grupos,% Ocup.,Receita Quartos,Preço Médio,Saídas,Quartos FdS,Adul. / Cri.,maio,Histórico,16-mai-2025 sex,133,0,59,0,0,102,31,"98,52","22 681,08","170,53",56,1,241,4007,0,1500,0,2,3281,726,"95,77","655 674,79","163,63",1501,77,7395,Total mai,4007,0,1500,0,2,3281,726,"95,77","655 674,79","163,63",1501,77,7395,Total,48534,4631,17251,0,64,41984,6550,"53,96","6 403 055,44","120,44",17386,135,88949
Data,Ocup,Opção,Cheg,Oferta/Uso Interno,Deduz. Individ.,Deduz. Grupos,% Ocup.,Receita Quartos,Preço Médio,Saídas,Quartos FdS,Adul. / Cri.,maio,Histórico,17-mai-2025 sáb,132,0,60,0,0,120,12,"97,78","21 448,91","162,49",61,1,247,4007,0,1500,0,2,3281,726,"95,77","655 674,79","163,63",1501,77,7395,Total mai,4007,0,1500,0,2,3281,726,"95,77","655 674,79","163,63",1501,77,7395,Total,48534,4631,17251,0,64,41984,6550,"53,96","6 403 055,44","120,44",17386,135,88949
Data,Ocup,Opção,Cheg,Oferta/Uso Interno,Deduz. Individ.,Deduz. Grupos,% Ocup.,Receita Quartos,Preço Médio,Saídas,Quartos FdS,Adul. / Cri.,maio,Histórico,18-mai-2025 dom,132,0,58,0,0,96,36,"97,78","20 352,40","154,18",58,1,245,4007,0,1500,0,2,3281,726,"95,77","655 674,79","163,63",1501,77,7395,Total mai,4007,0,1500,0,2,3281,726,"95,77","655 674,79","163,63",1501,77,7395,Total,48534,4631,17251,0,64,41984,6550,"53,96","6 403 055,44","120,44",17386,135,88949
Data,Ocup,Opção,Cheg,Oferta/Uso Interno,Deduz. Individ.,Deduz. Grupos,% Ocup.,Receita Quartos,Preço Médio,Saídas,Quartos FdS,Adul. / Cri.,maio,Histórico,19-mai-2025 seg,131,0,47,0,0,106,25,"97,04","19 911,19","151,99",48,2,246,4007,0,1500,0,2,3281,726,"95,77","655 674,79","163,63",1501,77,7395,Total mai,4007,0,1500,0,2,3281,726,"95,77","655 674,79","163,63",1501,77,7395,Total,48534,4631,17251,0,64,41984,6550,"53,96","6 403 055,44","120,44",17386,135,88949
Data,Ocup,Opção,Cheg,Oferta/Uso Interno,Deduz. Individ.,Deduz. Grupos,% Ocup.,Receita Quartos,Preço Médio,Saídas,Quartos FdS,Adul. / Cri.,maio,Histórico,20-mai-2025 ter,135,0,42,0,0,108,27,"100,00","22 274,18","164,99",38,0,249,4007,0,1500,0,2,3281,726,"95,77","655 674,79","163,63",1501,77,7395,Total mai,4007,0,1500,0,2,3281,726,"95,77","655 674,79","163,63",1501,77,7395,Total,48534,4631,17251,0,64,41984,6550,"53,96","6 403 055,44","120,44",17386,135,88949
Data,Ocup,Opção,Cheg,Oferta/Uso Interno,Deduz. Individ.,Deduz. Grupos,% Ocup.,Receita Quartos,Preço Médio,Saídas,Quartos FdS,Adul. / Cri.,maio,Histórico,21-mai-2025 qua,132,0,67,0,0,109,23,"97,78","19 928,45","150,97",70,0,245,4007,0,1500,0,2,3281,726,"95,77","655 674,79","163,63",1501,77,7395,Total mai,4007,0,1500,0,2,3281,726,"95,77","655 674,79","163,63",1501,77,7395,Total,48534,4631,17251,0,64,41984,6550,"53,96","6 403 055,44","120,44",17386,135,88949
Data,Ocup,Opção,Cheg,Oferta/Uso Interno,Deduz. Individ.,Deduz. Grupos,% Ocup.,Receita Quartos,Preço Médio,Saídas,Quartos FdS,Adul. / Cri.,maio,Histórico,22-mai-2025 qui,132,0,49,0,0,89,43,"97,78","21 895,69","165,88",49,0,239,4007,0,1500,0,2,3281,726,"95,77","655 674,79","163,63",1501,77,7395,Total mai,4007,0,1500,0,2,3281,726,"95,77","655 674,79","163,63",1501,77,7395,Total,48534,4631,17251,0,64,41984,6550,"53,96","6 403 055,44","120,44",17386,135,88949
Data,Ocup,Opção,Cheg,Oferta/Uso Interno,Deduz. Individ.,Deduz. Grupos,% Ocup.,Receita Quartos,Preço Médio,Saídas,Quartos FdS,Adul. / Cri.,maio,Histórico,23-mai-2025 sex,132,0,37,0,0,96,36,"97,78","22 971,93","174,03",37,0,244,4007,0,1500,0,2,3281,726,"95,77","655 674,79","163,63",1501,77,7395,Total mai,4007,0,1500,0,2,3281,726,"95,77","655 674,79","163,63",1501,77,7395,Total,48534,4631,17251,0,64,41984,6550,"53,96","6 403 055,44","120,44",17386,135,88949
Data,Ocup,Opção,Cheg,Oferta/Uso Interno,Deduz. Individ.,Deduz. Grupos,% Ocup.,Receita Quartos,Preço Médio,Saídas,Quartos FdS,Adul. / Cri.,maio,Histórico,24-mai-2025 sáb,130,0,64,0,0,127,3,"96,30","23 800,96","183,08",66,0,231,4007,0,1500,0,2,3281,726,"95,77","655 674,79","163,63",1501,77,7395,Total mai,4007,0,1500,0,2,3281,726,"95,77","655 674,79","163,63",1501,77,7395,Total,48534,4631,17251,0,64,41984,6550,"53,96","6 403 055,44","120,44",17386,135,88949
Data,Ocup,Opção,Cheg,Oferta/Uso Interno,Deduz. Individ.,Deduz. Grupos,% Ocup.,Receita Quartos,Preço Médio,Saídas,Quartos FdS,Adul. / Cri.,maio,Histórico,25-mai-2025 dom,131,0,65,0,0,110,21,"97,04","21 013,46","160,41",64,0,227,4007,0,1500,0,2,3281,726,"95,77","655 674,79","163,63",1501,77,7395,Total mai,4007,0,1500,0,2,3281,726,"95,77","655 674,79","163,63",1501,77,7395,Total,48534,4631,17251,0,64,41984,6550,"53,96","6 403 055,44","120,44",17386,135,88949
Data,Ocup,Opção,Cheg,Oferta/Uso Interno,Deduz. Individ.,Deduz. Grupos,% Ocup.,Receita Quartos,Preço Médio,Saídas,Quartos FdS,Adul. / Cri.,maio,Histórico,26-mai-2025 seg,134,0,43,0,0,125,9,"99,26","20 719,07","154,62",40,0,237,4007,0,1500,0,2,3281,726,"95,77","655 674,79","163,63",1501,77,7395,Total mai,4007,0,1500,0,2,3281,726,"95,77","655 674,79","163,63",1501,77,7395,Total,48534,4631,17251,0,64,41984,6550,"53,96","6 403 055,44","120,44",17386,135,88949
Data,Ocup,Opção,Cheg,Oferta/Uso Interno,Deduz. Individ.,Deduz. Grupos,% Ocup.,Receita Quartos,Preço Médio,Saídas,Quartos FdS,Adul. / Cri.,maio,Histórico,27-mai-2025 ter,133,0,46,0,0,133,0,"98,52","21 011,14","157,98",47,0,243,4007,0,1500,0,2,3281,726,"95,77","655 674,79","163,63",1501,77,7395,Total mai,4007,0,1500,0,2,3281,726,"95,77","655 674,79","163,63",1501,77,7395,Total,48534,4631,17251,0,64,41984,6550,"53,96","6 403 055,44","120,44",17386,135,88949
Data,Ocup,Opção,Cheg,Oferta/Uso Interno,Deduz. Individ.,Deduz. Grupos,% Ocup.,Receita Quartos,Preço Médio,Saídas,Quartos FdS,Adul. / Cri.,maio,Histórico,28-mai-2025 qua,131,0,54,0,0,97,34,"97,04","21 629,60","165,11",56,0,256,4007,0,1500,0,2,3281,726,"95,77","655 674,79","163,63",1501,77,7395,Total mai,4007,0,1500,0,2,3281,726,"95,77","655 674,79","163,63",1501,77,7395,Total,48534,4631,17251,0,64,41984,6550,"53,96","6 403 055,44","120,44",17386,135,88949
Data,Ocup,Opção,Cheg,Oferta/Uso Interno,Deduz. Individ.,Deduz. Grupos,% Ocup.,Receita Quartos,Preço Médio,Saídas,Quartos FdS,Adul. / Cri.,maio,Histórico,29-mai-2025 qui,135,0,57,0,0,73,62,"100,00","21 395,29","158,48",53,0,256,4007,0,1500,0,2,3281,726,"95,77","655 674,79","163,63",1501,77,7395,Total mai,4007,0,1500,0,2,3281,726,"95,77","655 674,79","163,63",1501,77,7395,Total,48534,4631,17251,0,64,41984,6550,"53,96","6 403 055,44","120,44",17386,135,88949
Data,Ocup,Opção,Cheg,Oferta/Uso Interno,Deduz. Individ.,Deduz. Grupos,% Ocup.,Receita Quartos,Preço Médio,Saídas,Quartos FdS,Adul. / Cri.,maio,Histórico,30-mai-2025 sex,134,0,26,0,0,72,62,"99,26","21 611,94","161,28",27,0,262,4007,0,1500,0,2,3281,726,"95,77","655 674,79","163,63",1501,77,7395,Total mai,4007,0,1500,0,2,3281,726,"95,77","655 674,79","163,63",1501,77,7395,Total,48534,4631,17251,0,64,41984,6550,"53,96","6 403 055,44","120,44",17386,135,88949
Data,Ocup,Opção,Cheg,Oferta/Uso Interno,Deduz. Individ.,Deduz. Grupos,% Ocup.,Receita Quartos,Preço Médio,Saídas,Quartos FdS,Adul. / Cri.,maio,Histórico,31-mai-2025 sáb,133,0,40,0,0,87,46,"98,52","22 481,97","169,04",41,0,258,4007,0,1500,0,2,3281,726,"95,77","655 674,79","163,63",1501,77,7395,Total mai,4007,0,1500,0,2,3281,726,"95,77","655 674,79","163,63",1501,77,7395,Total,48534,4631,17251,0,64,41984,6550,"53,96","6 403 055,44","120,44",17386,135,88949
Data,Ocup,Opção,Cheg,Oferta/Uso Interno,Deduz. Individ.,Deduz. Grupos,% Ocup.,Receita Quartos,Preço Médio,Saídas,Quartos FdS,Adul. / Cri.,junho,Histórico,01-jun-2025 dom,130,0,74,0,0,130,0,"96,30","19 503,59","150,03",77,0,238,3969,2,1513,0,7,3268,701,"98,05","595 507,63","149,96",1512,1,7340,Total jun,3969,2,1513,0,7,3268,701,"98,05","595 507,63","149,96",1512,1,7340,Total,48534,4631,17251,0,64,41984,6550,"53,96","6 403 055,44","120,44",17386,135,88949
Data,Ocup,Opção,Cheg,Oferta/Uso Interno,Deduz. Individ.,Deduz. Grupos,% Ocup.,Receita Quartos,Preço Médio,Saídas,Quartos FdS,Adul. / Cri.,junho,Histórico,02-jun-2025 seg,134,0,47,0,0,134,0,"99,26","20 287,43","151,40",43,0,254,3969,2,1513,0,7,3268,701,"98,05","595 507,63","149,96",1512,1,7340,Total jun,3969,2,1513,0,7,3268,701,"98,05","595 507,63","149,96",1512,1,7340,Total,48534,4631,17251,0,64,41984,6550,"53,96","6 403 055,44","120,44",17386,135,88949
Data,Ocup,Opção,Cheg,Oferta/Uso Interno,Deduz. Individ.,Deduz. Grupos,% Ocup.,Receita Quartos,Preço Médio,Saídas,Quartos FdS,Adul. / Cri.,junho,Histórico,03-jun-2025 ter,132,0,38,0,0,132,0,"97,78","19 500,43","147,73",40,0,249,3969,2,1513,0,7,3268,701,"98,05","595 507,63","149,96",1512,1,7340,Total jun,3969,2,1513,0,7,3268,701,"98,05","595 507,63","149,96",1512,1,7340,Total,48534,4631,17251,0,64,41984,6550,"53,96","6 403 055,44","120,44",17386,135,88949
Data,Ocup,Opção,Cheg,Oferta/Uso Interno,Deduz. Individ.,Deduz. Grupos,% Ocup.,Receita Quartos,Preço Médio,Saídas,Quartos FdS,Adul. / Cri.,junho,Histórico,04-jun-2025 qua,134,0,53,0,0,108,26,"99,26","19 729,52","147,24",51,0,246,3969,2,1513,0,7,3268,701,"98,05","595 507,63","149,96",1512,1,7340,Total jun,3969,2,1513,0,7,3268,701,"98,05","595 507,63","149,96",1512,1,7340,Total,48534,4631,17251,0,64,41984,6550,"53,96","6 403 055,44","120,44",17386,135,88949
Data,Ocup,Opção,Cheg,Oferta/Uso Interno,Deduz. Individ.,Deduz. Grupos,% Ocup.,Receita Quartos,Preço Médio,Saídas,Quartos FdS,Adul. / Cri.,junho,Histórico,05-jun-2025 qui,132,0,49,0,0,93,39,"97,78","19 499,52","147,72",51,0,230,3969,2,1513,0,7,3268,701,"98,05","595 507,63","149,96",1512,1,7340,Total jun,3969,2,1513,0,7,3268,701,"98,05","595 507,63","149,96",1512,1,7340,Total,48534,4631,17251,0,64,41984,6550,"53,96","6 403 055,44","120,44",17386,135,88949
Data,Ocup,Opção,Cheg,Oferta/Uso Interno,Deduz. Individ.,Deduz. Grupos,% Ocup.,Receita Quartos,Preço Médio,Saídas,Quartos FdS,Adul. / Cri.,junho,Histórico,06-jun-2025 sex,134,0,75,0,0,69,65,"99,26","20 544,22","153,32",73,0,248,3969,2,1513,0,7,3268,701,"98,05","595 507,63","149,96",1512,1,7340,Total jun,3969,2,1513,0,7,3268,701,"98,05","595 507,63","149,96",1512,1,7340,Total,48534,4631,17251,0,64,41984,6550,"53,96","6 403 055,44","120,44",17386,135,88949
Data,Ocup,Opção,Cheg,Oferta/Uso Interno,Deduz. Individ.,Deduz. Grupos,% Ocup.,Receita Quartos,Preço Médio,Saídas,Quartos FdS,Adul. / Cri.,junho,Histórico,07-jun-2025 sáb,135,0,45,0,0,86,49,"100,00","21 138,88","156,58",44,0,254,3969,2,1513,0,7,3268,701,"98,05","595 507,63","149,96",1512,1,7340,Total jun,3969,2,1513,0,7,3268,701,"98,05","595 507,63","149,96",1512,1,7340,Total,48534,4631,17251,0,64,41984,6550,"53,96","6 403 055,44","120,44",17386,135,88949
Data,Ocup,Opção,Cheg,Oferta/Uso Interno,Deduz. Individ.,Deduz. Grupos,% Ocup.,Receita Quartos,Preço Médio,Saídas,Quartos FdS,Adul. / Cri.,junho,Histórico,08-jun-2025 dom,135,0,34,0,0,80,55,"100,00","19 459,15","144,14",34,0,253,3969,2,1513,0,7,3268,701,"98,05","595 507,63","149,96",1512,1,7340,Total jun,3969,2,1513,0,7,3268,701,"98,05","595 507,63","149,96",1512,1,7340,Total,48534,4631,17251,0,64,41984,6550,"53,96","6 403 055,44","120,44",17386,135,88949
Data,Ocup,Opção,Cheg,Oferta/Uso Interno,Deduz. Individ.,Deduz. Grupos,% Ocup.,Receita Quartos,Preço Médio,Saídas,Quartos FdS,Adul. / Cri.,junho,Histórico,09-jun-2025 seg,131,0,80,0,1,102,29,"97,04","18 173,91","138,73",84,0,246,3969,2,1513,0,7,3268,701,"98,05","595 507,63","149,96",1512,1,7340,Total jun,3969,2,1513,0,7,3268,701,"98,05","595 507,63","149,96",1512,1,7340,Total,48534,4631,17251,0,64,41984,6550,"53,96","6 403 055,44","120,44",17386,135,88949
Data,Ocup,Opção,Cheg,Oferta/Uso Interno,Deduz. Individ.,Deduz. Grupos,% Ocup.,Receita Quartos,Preço Médio,Saídas,Quartos FdS,Adul. / Cri.,junho,Histórico,10-jun-2025 ter,130,0,44,0,1,97,33,"96,30","18 719,77","144,00",45,1,234,3969,2,1513,0,7,3268,701,"98,05","595 507,63","149,96",1512,1,7340,Total jun,3969,2,1513,0,7,3268,701,"98,05","595 507,63","149,96",1512,1,7340,Total,48534,4631,17251,0,64,41984,6550,"53,96","6 403 055,44","120,44",17386,135,88949
Data,Ocup,Opção,Cheg,Oferta/Uso Interno,Deduz. Individ.,Deduz. Grupos,% Ocup.,Receita Quartos,Preço Médio,Saídas,Quartos FdS,Adul. / Cri.,junho,Histórico,11-jun-2025 qua,131,0,40,0,0,84,47,"97,04","19 240,22","146,87",39,0,235,3969,2,1513,0,7,3268,701,"98,05","595 507,63","149,96",1512,1,7340,Total jun,3969,2,1513,0,7,3268,701,"98,05","595 507,63","149,96",1512,1,7340,Total,48534,4631,17251,0,64,41984,6550,"53,96","6 403 055,44","120,44",17386,135,88949
Data,Ocup,Opção,Cheg,Oferta/Uso Interno,Deduz. Individ.,Deduz. Grupos,% Ocup.,Receita Quartos,Preço Médio,Saídas,Quartos FdS,Adul. / Cri.,junho,Histórico,12-jun-2025 qui,125,0,52,0,0,110,15,"92,59","18 370,47","146,96",58,0,225,3969,2,1513,0,7,3268,701,"98,05","595 507,63","149,96",1512,1,7340,Total jun,3969,2,1513,0,7,3268,701,"98,05","595 507,63","149,96",1512,1,7340,Total,48534,4631,17251,0,64,41984,6550,"53,96","6 403 055,44","120,44",17386,135,88949
Data,Ocup,Opção,Cheg,Oferta/Uso Interno,Deduz. Individ.,Deduz. Grupos,% Ocup.,Receita Quartos,Preço Médio,Saídas,Quartos FdS,Adul. / Cri.,junho,Histórico,13-jun-2025 sex,133,0,49,0,0,102,31,"98,52","21 936,13","164,93",41,0,244,3969,2,1513,0,7,3268,701,"98,05","595 507,63","149,96",1512,1,7340,Total jun,3969,2,1513,0,7,3268,701,"98,05","595 507,63","149,96",1512,1,7340,Total,48534,4631,17251,0,64,41984,6550,"53,96","6 403 055,44","120,44",17386,135,88949
Data,Ocup,Opção,Cheg,Oferta/Uso Interno,Deduz. Individ.,Deduz. Grupos,% Ocup.,Receita Quartos,Preço Médio,Saídas,Quartos FdS,Adul. / Cri.,junho,Histórico,14-jun-2025 sáb,134,0,47,0,0,118,16,"99,26","22 237,24","165,95",46,0,246,3969,2,1513,0,7,3268,701,"98,05","595 507,63","149,96",1512,1,7340,Total jun,3969,2,1513,0,7,3268,701,"98,05","595 507,63","149,96",1512,1,7340,Total,48534,4631,17251,0,64,41984,6550,"53,96","6 403 055,44","120,44",17386,135,88949
Data,Ocup,Opção,Cheg,Oferta/Uso Interno,Deduz. Individ.,Deduz. Grupos,% Ocup.,Receita Quartos,Preço Médio,Saídas,Quartos FdS,Adul. / Cri.,junho,Histórico,15-jun-2025 dom,130,0,60,0,2,120,10,"96,30","19 071,08","146,70",64,0,241,3969,2,1513,0,7,3268,701,"98,05","595 507,63","149,96",1512,1,7340,Total jun,3969,2,1513,0,7,3268,701,"98,05","595 507,63","149,96",1512,1,7340,Total,48534,4631,17251,0,64,41984,6550,"53,96","6 403 055,44","120,44",17386,135,88949
Data,Ocup,Opção,Cheg,Oferta/Uso Interno,Deduz. Individ.,Deduz. Grupos,% Ocup.,Receita Quartos,Preço Médio,Saídas,Quartos FdS,Adul. / Cri.,junho,Histórico,16-jun-2025 seg,135,0,60,0,0,133,2,"100,00","19 569,51","144,96",55,0,249,3969,2,1513,0,7,3268,701,"98,05","595 507,63","149,96",1512,1,7340,Total jun,3969,2,1513,0,7,3268,701,"98,05","595 507,63","149,96",1512,1,7340,Total,48534,4631,17251,0,64,41984,6550,"53,96","6 403 055,44","120,44",17386,135,88949
Data,Ocup,Opção,Cheg,Oferta/Uso Interno,Deduz. Individ.,Deduz. Grupos,% Ocup.,Receita Quartos,Preço Médio,Saídas,Quartos FdS,Adul. / Cri.,junho,Histórico,17-jun-2025 ter,135,0,38,0,0,135,0,"100,00","19 599,92","145,18",38,0,247,3969,2,1513,0,7,3268,701,"98,05","595 507,63","149,96",1512,1,7340,Total jun,3969,2,1513,0,7,3268,701,"98,05","595 507,63","149,96",1512,1,7340,Total,48534,4631,17251,0,64,41984,6550,"53,96","6 403 055,44","120,44",17386,135,88949
Data,Ocup,Opção,Cheg,Oferta/Uso Interno,Deduz. Individ.,Deduz. Grupos,% Ocup.,Receita Quartos,Preço Médio,Saídas,Quartos FdS,Adul. / Cri.,junho,Histórico,18-jun-2025 qua,134,0,56,0,0,117,17,"99,26","21 903,95","163,46",57,0,247,3969,2,1513,0,7,3268,701,"98,05","595 507,63","149,96",1512,1,7340,Total jun,3969,2,1513,0,7,3268,701,"98,05","595 507,63","149,96",1512,1,7340,Total,48534,4631,17251,0,64,41984,6550,"53,96","6 403 055,44","120,44",17386,135,88949
Data,Ocup,Opção,Cheg,Oferta/Uso Interno,Deduz. Individ.,Deduz. Grupos,% Ocup.,Receita Quartos,Preço Médio,Saídas,Quartos FdS,Adul. / Cri.,junho,Histórico,19-jun-2025 qui,129,0,37,0,0,99,30,"95,56","20 962,14","162,50",42,0,243,3969,2,1513,0,7,3268,701,"98,05","595 507,63","149,96",1512,1,7340,Total jun,3969,2,1513,0,7,3268,701,"98,05","595 507,63","149,96",1512,1,7340,Total,48534,4631,17251,0,64,41984,6550,"53,96","6 403 055,44","120,44",17386,135,88949
Data,Ocup,Opção,Cheg,Oferta/Uso Interno,Deduz. Individ.,Deduz. Grupos,% Ocup.,Receita Quartos,Preço Médio,Saídas,Quartos FdS,Adul. / Cri.,junho,Histórico,20-jun-2025 sex,134,0,45,0,0,96,38,"99,26","21 233,60","158,46",40,0,251,3969,2,1513,0,7,3268,701,"98,05","595 507,63","149,96",1512,1,7340,Total jun,3969,2,1513,0,7,3268,701,"98,05","595 507,63","149,96",1512,1,7340,Total,48534,4631,17251,0,64,41984,6550,"53,96","6 403 055,44","120,44",17386,135,88949
Data,Ocup,Opção,Cheg,Oferta/Uso Interno,Deduz. Individ.,Deduz. Grupos,% Ocup.,Receita Quartos,Preço Médio,Saídas,Quartos FdS,Adul. / Cri.,junho,Histórico,21-jun-2025 sáb,131,0,46,0,1,122,9,"97,04","21 081,76","160,93",49,0,247,3969,2,1513,0,7,3268,701,"98,05","595 507,63","149,96",1512,1,7340,Total jun,3969,2,1513,0,7,3268,701,"98,05","595 507,63","149,96",1512,1,7340,Total,48534,4631,17251,0,64,41984,6550,"53,96","6 403 055,44","120,44",17386,135,88949
Data,Ocup,Opção,Cheg,Oferta/Uso Interno,Deduz. Individ.,Deduz. Grupos,% Ocup.,Receita Quartos,Preço Médio,Saídas,Quartos FdS,Adul. / Cri.,junho,Histórico,22-jun-2025 dom,134,0,59,0,0,108,26,"99,26","19 889,32","148,43",56,0,249,3969,2,1513,0,7,3268,701,"98,05","595 507,63","149,96",1512,1,7340,Total jun,3969,2,1513,0,7,3268,701,"98,05","595 507,63","149,96",1512,1,7340,Total,48534,4631,17251,0,64,41984,6550,"53,96","6 403 055,44","120,44",17386,135,88949
Data,Ocup,Opção,Cheg,Oferta/Uso Interno,Deduz. Individ.,Deduz. Grupos,% Ocup.,Receita Quartos,Preço Médio,Saídas,Quartos FdS,Adul. / Cri.,junho,Histórico,23-jun-2025 seg,132,0,41,0,0,106,26,"97,78","18 902,86","143,20",43,0,243,3969,2,1513,0,7,3268,701,"98,05","595 507,63","149,96",1512,1,7340,Total jun,3969,2,1513,0,7,3268,701,"98,05","595 507,63","149,96",1512,1,7340,Total,48534,4631,17251,0,64,41984,6550,"53,96","6 403 055,44","120,44",17386,135,88949
Data,Ocup,Opção,Cheg,Oferta/Uso Interno,Deduz. Individ.,Deduz. Grupos,% Ocup.,Receita Quartos,Preço Médio,Saídas,Quartos FdS,Adul. / Cri.,junho,Histórico,24-jun-2025 ter,130,0,39,0,1,111,19,"96,30","19 243,52","148,03",41,0,242,3969,2,1513,0,7,3268,701,"98,05","595 507,63","149,96",1512,1,7340,Total jun,3969,2,1513,0,7,3268,701,"98,05","595 507,63","149,96",1512,1,7340,Total,48534,4631,17251,0,64,41984,6550,"53,96","6 403 055,44","120,44",17386,135,88949
Data,Ocup,Opção,Cheg,Oferta/Uso Interno,Deduz. Individ.,Deduz. Grupos,% Ocup.,Receita Quartos,Preço Médio,Saídas,Quartos FdS,Adul. / Cri.,junho,Histórico,25-jun-2025 qua,133,0,66,0,1,117,16,"98,52","19 682,21","147,99",63,0,246,3969,2,1513,0,7,3268,701,"98,05","595 507,63","149,96",1512,1,7340,Total jun,3969,2,1513,0,7,3268,701,"98,05","595 507,63","149,96",1512,1,7340,Total,48534,4631,17251,0,64,41984,6550,"53,96","6 403 055,44","120,44",17386,135,88949
Data,Ocup,Opção,Cheg,Oferta/Uso Interno,Deduz. Individ.,Deduz. Grupos,% Ocup.,Receita Quartos,Preço Médio,Saídas,Quartos FdS,Adul. / Cri.,junho,Histórico,26-jun-2025 qui,134,0,42,0,0,118,16,"99,26","16 905,54","126,16",41,0,243,3969,2,1513,0,7,3268,701,"98,05","595 507,63","149,96",1512,1,7340,Total jun,3969,2,1513,0,7,3268,701,"98,05","595 507,63","149,96",1512,1,7340,Total,48534,4631,17251,0,64,41984,6550,"53,96","6 403 055,44","120,44",17386,135,88949
Data,Ocup,Opção,Cheg,Oferta/Uso Interno,Deduz. Individ.,Deduz. Grupos,% Ocup.,Receita Quartos,Preço Médio,Saídas,Quartos FdS,Adul. / Cri.,junho,Histórico,27-jun-2025 sex,133,0,58,0,0,101,32,"98,52","20 836,45","156,67",59,0,243,3969,2,1513,0,7,3268,701,"98,05","595 507,63","149,96",1512,1,7340,Total jun,3969,2,1513,0,7,3268,701,"98,05","595 507,63","149,96",1512,1,7340,Total,48534,4631,17251,0,64,41984,6550,"53,96","6 403 055,44","120,44",17386,135,88949
Data,Ocup,Opção,Cheg,Oferta/Uso Interno,Deduz. Individ.,Deduz. Grupos,% Ocup.,Receita Quartos,Preço Médio,Saídas,Quartos FdS,Adul. / Cri.,junho,Histórico,28-jun-2025 sáb,131,0,56,0,0,102,29,"97,04","21 188,45","161,74",58,0,247,3969,2,1513,0,7,3268,701,"98,05","595 507,63","149,96",1512,1,7340,Total jun,3969,2,1513,0,7,3268,701,"98,05","595 507,63","149,96",1512,1,7340,Total,48534,4631,17251,0,64,41984,6550,"53,96","6 403 055,44","120,44",17386,135,88949
Data,Ocup,Opção,Cheg,Oferta/Uso Interno,Deduz. Individ.,Deduz. Grupos,% Ocup.,Receita Quartos,Preço Médio,Saídas,Quartos FdS,Adul. / Cri.,junho,Histórico,29-jun-2025 dom,130,0,47,0,0,117,13,"96,30","18 140,57","139,54",48,0,249,3969,2,1513,0,7,3268,701,"98,05","595 507,63","149,96",1512,1,7340,Total jun,3969,2,1513,0,7,3268,701,"98,05","595 507,63","149,96",1512,1,7340,Total,48534,4631,17251,0,64,41984,6550,"53,96","6 403 055,44","120,44",17386,135,88949
Data,Ocup,Opção,Cheg,Oferta/Uso Interno,Deduz. Individ.,Deduz. Grupos,% Ocup.,Receita Quartos,Preço Médio,Saídas,Quartos FdS,Adul. / Cri.,junho,Histórico,30-jun-2025 seg,134,2,36,0,0,121,13,"100,74","18 956,25","139,38",32,0,251,3969,2,1513,0,7,3268,701,"98,05","595 507,63","149,96",1512,1,7340,Total jun,3969,2,1513,0,7,3268,701,"98,05","595 507,63","149,96",1512,1,7340,Total,48534,4631,17251,0,64,41984,6550,"53,96","6 403 055,44","120,44",17386,135,88949
Data,Ocup,Opção,Cheg,Oferta/Uso Interno,Deduz. Individ.,Deduz. Grupos,% Ocup.,Receita Quartos,Preço Médio,Saídas,Quartos FdS,Adul. / Cri.,julho,Histórico,01-jul-2025 ter,116,2,34,0,0,116,0,"87,41","15 858,92","134,40",52,0,215,3720,2,1314,0,5,3623,97,"88,94","505 479,96","135,81",1329,0,6973,Total jul,3720,2,1314,0,5,3623,97,"88,94","505 479,96","135,81",1329,0,6973,Total,48534,4631,17251,0,64,41984,6550,"53,96","6 403 055,44","120,44",17386,135,88949
Data,Ocup,Opção,Cheg,Oferta/Uso Interno,Deduz. Individ.,Deduz. Grupos,% Ocup.,Receita Quartos,Preço Médio,Saídas,Quartos FdS,Adul. / Cri.,julho,Histórico,02-jul-2025 qua,112,0,39,0,0,112,0,"82,96","15 261,02","136,26",43,0,200,3720,2,1314,0,5,3623,97,"88,94","505 479,96","135,81",1329,0,6973,Total jul,3720,2,1314,0,5,3623,97,"88,94","505 479,96","135,81",1329,0,6973,Total,48534,4631,17251,0,64,41984,6550,"53,96","6 403 055,44","120,44",17386,135,88949
Data,Ocup,Opção,Cheg,Oferta/Uso Interno,Deduz. Individ.,Deduz. Grupos,% Ocup.,Receita Quartos,Preço Médio,Saídas,Quartos FdS,Adul. / Cri.,julho,Histórico,03-jul-2025 qui,130,0,44,0,0,130,0,"96,30","18 091,24","139,16",26,0,238,3720,2,1314,0,5,3623,97,"88,94","505 479,96","135,81",1329,0,6973,Total jul,3720,2,1314,0,5,3623,97,"88,94","505 479,96","135,81",1329,0,6973,Total,48534,4631,17251,0,64,41984,6550,"53,96","6 403 055,44","120,44",17386,135,88949
Data,Ocup,Opção,Cheg,Oferta/Uso Interno,Deduz. Individ.,Deduz. Grupos,% Ocup.,Receita Quartos,Preço Médio,Saídas,Quartos FdS,Adul. / Cri.,julho,Histórico,04-jul-2025 sex,130,0,38,0,0,130,0,"96,30","21 304,92","163,88",38,0,239,3720,2,1314,0,5,3623,97,"88,94","505 479,96","135,81",1329,0,6973,Total jul,3720,2,1314,0,5,3623,97,"88,94","505 479,96","135,81",1329,0,6973,Total,48534,4631,17251,0,64,41984,6550,"53,96","6 403 055,44","120,44",17386,135,88949
Data,Ocup,Opção,Cheg,Oferta/Uso Interno,Deduz. Individ.,Deduz. Grupos,% Ocup.,Receita Quartos,Preço Médio,Saídas,Quartos FdS,Adul. / Cri.,julho,Histórico,05-jul-2025 sáb,132,0,52,0,0,132,0,"97,78","20 263,24","153,51",50,0,253,3720,2,1314,0,5,3623,97,"88,94","505 479,96","135,81",1329,0,6973,Total jul,3720,2,1314,0,5,3623,97,"88,94","505 479,96","135,81",1329,0,6973,Total,48534,4631,17251,0,64,41984,6550,"53,96","6 403 055,44","120,44",17386,135,88949
Data,Ocup,Opção,Cheg,Oferta/Uso Interno,Deduz. Individ.,Deduz. Grupos,% Ocup.,Receita Quartos,Preço Médio,Saídas,Quartos FdS,Adul. / Cri.,julho,Histórico,06-jul-2025 dom,111,0,27,0,1,111,0,"82,22","15 239,70","137,29",48,0,215,3720,2,1314,0,5,3623,97,"88,94","505 479,96","135,81",1329,0,6973,Total jul,3720,2,1314,0,5,3623,97,"88,94","505 479,96","135,81",1329,0,6973,Total,48534,4631,17251,0,64,41984,6550,"53,96","6 403 055,44","120,44",17386,135,88949
Data,Ocup,Opção,Cheg,Oferta/Uso Interno,Deduz. Individ.,Deduz. Grupos,% Ocup.,Receita Quartos,Preço Médio,Saídas,Quartos FdS,Adul. / Cri.,julho,Histórico,07-jul-2025 seg,106,0,29,0,1,106,0,"78,52","14 308,59","134,99",34,0,199,3720,2,1314,0,5,3623,97,"88,94","505 479,96","135,81",1329,0,6973,Total jul,3720,2,1314,0,5,3623,97,"88,94","505 479,96","135,81",1329,0,6973,Total,48534,4631,17251,0,64,41984,6550,"53,96","6 403 055,44","120,44",17386,135,88949
Data,Ocup,Opção,Cheg,Oferta/Uso Interno,Deduz. Individ.,Deduz. Grupos,% Ocup.,Receita Quartos,Preço Médio,Saídas,Quartos FdS,Adul. / Cri.,julho,Histórico,08-jul-2025 ter,101,0,41,0,0,89,12,"74,81","14 503,10","143,60",46,0,185,3720,2,1314,0,5,3623,97,"88,94","505 479,96","135,81",1329,0,6973,Total jul,3720,2,1314,0,5,3623,97,"88,94","505 479,96","135,81",1329,0,6973,Total,48534,4631,17251,0,64,41984,6550,"53,96","6 403 055,44","120,44",17386,135,88949
Data,Ocup,Opção,Cheg,Oferta/Uso Interno,Deduz. Individ.,Deduz. Grupos,% Ocup.,Receita Quartos,Preço Médio,Saídas,Quartos FdS,Adul. / Cri.,julho,Histórico,09-jul-2025 qua,99,0,40,0,0,87,12,"73,33","14 756,73","149,06",42,0,186,3720,2,1314,0,5,3623,97,"88,94","505 479,96","135,81",1329,0,6973,Total jul,3720,2,1314,0,5,3623,97,"88,94","505 479,96","135,81",1329,0,6973,Total,48534,4631,17251,0,64,41984,6550,"53,96","6 403 055,44","120,44",17386,135,88949
Data,Ocup,Opção,Cheg,Oferta/Uso Interno,Deduz. Individ.,Deduz. Grupos,% Ocup.,Receita Quartos,Preço Médio,Saídas,Quartos FdS,Adul. / Cri.,julho,Histórico,10-jul-2025 qui,113,0,42,0,0,101,12,"83,70","16 231,75","143,64",28,0,209,3720,2,1314,0,5,3623,97,"88,94","505 479,96","135,81",1329,0,6973,Total jul,3720,2,1314,0,5,3623,97,"88,94","505 479,96","135,81",1329,0,6973,Total,48534,4631,17251,0,64,41984,6550,"53,96","6 403 055,44","120,44",17386,135,88949
Data,Ocup,Opção,Cheg,Oferta/Uso Interno,Deduz. Individ.,Deduz. Grupos,% Ocup.,Receita Quartos,Preço Médio,Saídas,Quartos FdS,Adul. / Cri.,julho,Histórico,11-jul-2025 sex,125,0,54,0,0,125,0,"92,59","18 890,41","151,12",42,0,231,3720,2,1314,0,5,3623,97,"88,94","505 479,96","135,81",1329,0,6973,Total jul,3720,2,1314,0,5,3623,97,"88,94","505 479,96","135,81",1329,0,6973,Total,48534,4631,17251,0,64,41984,6550,"53,96","6 403 055,44","120,44",17386,135,88949
Data,Ocup,Opção,Cheg,Oferta/Uso Interno,Deduz. Individ.,Deduz. Grupos,% Ocup.,Receita Quartos,Preço Médio,Saídas,Quartos FdS,Adul. / Cri.,julho,Histórico,12-jul-2025 sáb,133,0,37,0,0,133,0,"98,52","20 335,89","152,90",29,0,252,3720,2,1314,0,5,3623,97,"88,94","505 479,96","135,81",1329,0,6973,Total jul,3720,2,1314,0,5,3623,97,"88,94","505 479,96","135,81",1329,0,6973,Total,48534,4631,17251,0,64,41984,6550,"53,96","6 403 055,44","120,44",17386,135,88949
Data,Ocup,Opção,Cheg,Oferta/Uso Interno,Deduz. Individ.,Deduz. Grupos,% Ocup.,Receita Quartos,Preço Médio,Saídas,Quartos FdS,Adul. / Cri.,julho,Histórico,13-jul-2025 dom,106,0,38,0,0,106,0,"78,52","13 434,68","126,74",65,0,196,3720,2,1314,0,5,3623,97,"88,94","505 479,96","135,81",1329,0,6973,Total jul,3720,2,1314,0,5,3623,97,"88,94","505 479,96","135,81",1329,0,6973,Total,48534,4631,17251,0,64,41984,6550,"53,96","6 403 055,44","120,44",17386,135,88949
Data,Ocup,Opção,Cheg,Oferta/Uso Interno,Deduz. Individ.,Deduz. Grupos,% Ocup.,Receita Quartos,Preço Médio,Saídas,Quartos FdS,Adul. / Cri.,julho,Histórico,14-jul-2025 seg,104,0,36,0,0,104,0,"77,04","12 588,15","121,04",38,0,198,3720,2,1314,0,5,3623,97,"88,94","505 479,96","135,81",1329,0,6973,Total jul,3720,2,1314,0,5,3623,97,"88,94","505 479,96","135,81",1329,0,6973,Total,48534,4631,17251,0,64,41984,6550,"53,96","6 403 055,44","120,44",17386,135,88949
Data,Ocup,Opção,Cheg,Oferta/Uso Interno,Deduz. Individ.,Deduz. Grupos,% Ocup.,Receita Quartos,Preço Médio,Saídas,Quartos FdS,Adul. / Cri.,julho,Histórico,15-jul-2025 ter,120,0,51,0,0,105,15,"88,89","16 802,77","140,02",35,0,232,3720,2,1314,0,5,3623,97,"88,94","505 479,96","135,81",1329,0,6973,Total jul,3720,2,1314,0,5,3623,97,"88,94","505 479,96","135,81",1329,0,6973,Total,48534,4631,17251,0,64,41984,6550,"53,96","6 403 055,44","120,44",17386,135,88949
Data,Ocup,Opção,Cheg,Oferta/Uso Interno,Deduz. Individ.,Deduz. Grupos,% Ocup.,Receita Quartos,Preço Médio,Saídas,Quartos FdS,Adul. / Cri.,julho,Histórico,16-jul-2025 qua,115,0,49,0,0,102,13,"85,19","16 342,26","142,11",54,0,214,3720,2,1314,0,5,3623,97,"88,94","505 479,96","135,81",1329,0,6973,Total jul,3720,2,1314,0,5,3623,97,"88,94","505 479,96","135,81",1329,0,6973,Total,48534,4631,17251,0,64,41984,6550,"53,96","6 403 055,44","120,44",17386,135,88949
Data,Ocup,Opção,Cheg,Oferta/Uso Interno,Deduz. Individ.,Deduz. Grupos,% Ocup.,Receita Quartos,Preço Médio,Saídas,Quartos FdS,Adul. / Cri.,julho,Histórico,17-jul-2025 qui,118,0,43,0,0,105,13,"87,41","16 739,96","141,86",40,0,218,3720,2,1314,0,5,3623,97,"88,94","505 479,96","135,81",1329,0,6973,Total jul,3720,2,1314,0,5,3623,97,"88,94","505 479,96","135,81",1329,0,6973,Total,48534,4631,17251,0,64,41984,6550,"53,96","6 403 055,44","120,44",17386,135,88949
Data,Ocup,Opção,Cheg,Oferta/Uso Interno,Deduz. Individ.,Deduz. Grupos,% Ocup.,Receita Quartos,Preço Médio,Saídas,Quartos FdS,Adul. / Cri.,julho,Histórico,18-jul-2025 sex,106,0,30,0,0,106,0,"78,52","15 957,00","150,54",42,0,195,3720,2,1314,0,5,3623,97,"88,94","505 479,96","135,81",1329,0,6973,Total jul,3720,2,1314,0,5,3623,97,"88,94","505 479,96","135,81",1329,0,6973,Total,48534,4631,17251,0,64,41984,6550,"53,96","6 403 055,44","120,44",17386,135,88949
Data,Ocup,Opção,Cheg,Oferta/Uso Interno,Deduz. Individ.,Deduz. Grupos,% Ocup.,Receita Quartos,Preço Médio,Saídas,Quartos FdS,Adul. / Cri.,julho,Histórico,19-jul-2025 sáb,124,0,53,0,0,124,0,"91,85","16 819,18","135,64",35,0,235,3720,2,1314,0,5,3623,97,"88,94","505 479,96","135,81",1329,0,6973,Total jul,3720,2,1314,0,5,3623,97,"88,94","505 479,96","135,81",1329,0,6973,Total,48534,4631,17251,0,64,41984,6550,"53,96","6 403 055,44","120,44",17386,135,88949
Data,Ocup,Opção,Cheg,Oferta/Uso Interno,Deduz. Individ.,Deduz. Grupos,% Ocup.,Receita Quartos,Preço Médio,Saídas,Quartos FdS,Adul. / Cri.,julho,Histórico,20-jul-2025 dom,117,0,49,0,0,117,0,"86,67","15 116,65","129,20",56,0,226,3720,2,1314,0,5,3623,97,"88,94","505 479,96","135,81",1329,0,6973,Total jul,3720,2,1314,0,5,3623,97,"88,94","505 479,96","135,81",1329,0,6973,Total,48534,4631,17251,0,64,41984,6550,"53,96","6 403 055,44","120,44",17386,135,88949
Data,Ocup,Opção,Cheg,Oferta/Uso Interno,Deduz. Individ.,Deduz. Grupos,% Ocup.,Receita Quartos,Preço Médio,Saídas,Quartos FdS,Adul. / Cri.,julho,Histórico,21-jul-2025 seg,122,0,44,0,0,122,0,"90,37","15 200,14","124,59",39,0,238,3720,2,1314,0,5,3623,97,"88,94","505 479,96","135,81",1329,0,6973,Total jul,3720,2,1314,0,5,3623,97,"88,94","505 479,96","135,81",1329,0,6973,Total,48534,4631,17251,0,64,41984,6550,"53,96","6 403 055,44","120,44",17386,135,88949
Data,Ocup,Opção,Cheg,Oferta/Uso Interno,Deduz. Individ.,Deduz. Grupos,% Ocup.,Receita Quartos,Preço Médio,Saídas,Quartos FdS,Adul. / Cri.,julho,Histórico,22-jul-2025 ter,133,0,45,0,0,133,0,"98,52","17 069,26","128,34",34,0,254,3720,2,1314,0,5,3623,97,"88,94","505 479,96","135,81",1329,0,6973,Total jul,3720,2,1314,0,5,3623,97,"88,94","505 479,96","135,81",1329,0,6973,Total,48534,4631,17251,0,64,41984,6550,"53,96","6 403 055,44","120,44",17386,135,88949
Data,Ocup,Opção,Cheg,Oferta/Uso Interno,Deduz. Individ.,Deduz. Grupos,% Ocup.,Receita Quartos,Preço Médio,Saídas,Quartos FdS,Adul. / Cri.,julho,Histórico,23-jul-2025 qua,121,0,39,0,0,121,0,"89,63","13 816,99","114,19",51,0,227,3720,2,1314,0,5,3623,97,"88,94","505 479,96","135,81",1329,0,6973,Total jul,3720,2,1314,0,5,3623,97,"88,94","505 479,96","135,81",1329,0,6973,Total,48534,4631,17251,0,64,41984,6550,"53,96","6 403 055,44","120,44",17386,135,88949
Data,Ocup,Opção,Cheg,Oferta/Uso Interno,Deduz. Individ.,Deduz. Grupos,% Ocup.,Receita Quartos,Preço Médio,Saídas,Quartos FdS,Adul. / Cri.,julho,Histórico,24-jul-2025 qui,132,0,57,0,0,132,0,"97,78","16 137,37","122,25",46,0,246,3720,2,1314,0,5,3623,97,"88,94","505 479,96","135,81",1329,0,6973,Total jul,3720,2,1314,0,5,3623,97,"88,94","505 479,96","135,81",1329,0,6973,Total,48534,4631,17251,0,64,41984,6550,"53,96","6 403 055,44","120,44",17386,135,88949
Data,Ocup,Opção,Cheg,Oferta/Uso Interno,Deduz. Individ.,Deduz. Grupos,% Ocup.,Receita Quartos,Preço Médio,Saídas,Quartos FdS,Adul. / Cri.,julho,Histórico,25-jul-2025 sex,133,0,37,0,0,133,0,"98,52","16 550,10","124,44",36,0,246,3720,2,1314,0,5,3623,97,"88,94","505 479,96","135,81",1329,0,6973,Total jul,3720,2,1314,0,5,3623,97,"88,94","505 479,96","135,81",1329,0,6973,Total,48534,4631,17251,0,64,41984,6550,"53,96","6 403 055,44","120,44",17386,135,88949
Data,Ocup,Opção,Cheg,Oferta/Uso Interno,Deduz. Individ.,Deduz. Grupos,% Ocup.,Receita Quartos,Preço Médio,Saídas,Quartos FdS,Adul. / Cri.,julho,Histórico,26-jul-2025 sáb,133,0,54,0,1,133,0,"98,52","18 303,29","137,62",54,0,241,3720,2,1314,0,5,3623,97,"88,94","505 479,96","135,81",1329,0,6973,Total jul,3720,2,1314,0,5,3623,97,"88,94","505 479,96","135,81",1329,0,6973,Total,48534,4631,17251,0,64,41984,6550,"53,96","6 403 055,44","120,44",17386,135,88949
Data,Ocup,Opção,Cheg,Oferta/Uso Interno,Deduz. Individ.,Deduz. Grupos,% Ocup.,Receita Quartos,Preço Médio,Saídas,Quartos FdS,Adul. / Cri.,julho,Histórico,27-jul-2025 dom,127,0,46,0,1,127,0,"94,07","15 647,13","123,21",52,0,232,3720,2,1314,0,5,3623,97,"88,94","505 479,96","135,81",1329,0,6973,Total jul,3720,2,1314,0,5,3623,97,"88,94","505 479,96","135,81",1329,0,6973,Total,48534,4631,17251,0,64,41984,6550,"53,96","6 403 055,44","120,44",17386,135,88949
Data,Ocup,Opção,Cheg,Oferta/Uso Interno,Deduz. Individ.,Deduz. Grupos,% Ocup.,Receita Quartos,Preço Médio,Saídas,Quartos FdS,Adul. / Cri.,julho,Histórico,28-jul-2025 seg,133,0,47,0,1,133,0,"98,52","17 049,58","128,19",41,0,253,3720,2,1314,0,5,3623,97,"88,94","505 479,96","135,81",1329,0,6973,Total jul,3720,2,1314,0,5,3623,97,"88,94","505 479,96","135,81",1329,0,6973,Total,48534,4631,17251,0,64,41984,6550,"53,96","6 403 055,44","120,44",17386,135,88949
Data,Ocup,Opção,Cheg,Oferta/Uso Interno,Deduz. Individ.,Deduz. Grupos,% Ocup.,Receita Quartos,Preço Médio,Saídas,Quartos FdS,Adul. / Cri.,julho,Histórico,29-jul-2025 ter,120,0,32,0,0,120,0,"88,89","15 618,63","130,16",45,0,236,3720,2,1314,0,5,3623,97,"88,94","505 479,96","135,81",1329,0,6973,Total jul,3720,2,1314,0,5,3623,97,"88,94","505 479,96","135,81",1329,0,6973,Total,48534,4631,17251,0,64,41984,6550,"53,96","6 403 055,44","120,44",17386,135,88949
Data,Ocup,Opção,Cheg,Oferta/Uso Interno,Deduz. Individ.,Deduz. Grupos,% Ocup.,Receita Quartos,Preço Médio,Saídas,Quartos FdS,Adul. / Cri.,julho,Histórico,30-jul-2025 qua,129,0,53,0,0,119,10,"95,56","15 972,20","123,82",44,0,246,3720,2,1314,0,5,3623,97,"88,94","505 479,96","135,81",1329,0,6973,Total jul,3720,2,1314,0,5,3623,97,"88,94","505 479,96","135,81",1329,0,6973,Total,48534,4631,17251,0,64,41984,6550,"53,96","6 403 055,44","120,44",17386,135,88949
Data,Ocup,Opção,Cheg,Oferta/Uso Interno,Deduz. Individ.,Deduz. Grupos,% Ocup.,Receita Quartos,Preço Médio,Saídas,Quartos FdS,Adul. / Cri.,julho,Histórico,31-jul-2025 qui,119,0,34,0,0,109,10,"88,15","15 269,13","128,31",44,0,218,3720,2,1314,0,5,3623,97,"88,94","505 479,96","135,81",1329,0,6973,Total jul,3720,2,1314,0,5,3623,97,"88,94","505 479,96","135,81",1329,0,6973,Total,48534,4631,17251,0,64,41984,6550,"53,96","6 403 055,44","120,44",17386,135,88949
Data,Ocup,Opção,Cheg,Oferta/Uso Interno,Deduz. Individ.,Deduz. Grupos,% Ocup.,Receita Quartos,Preço Médio,Saídas,Quartos FdS,Adul. / Cri.,agosto,Histórico,01-ago-2025 sex,122,0,57,0,0,122,0,"90,37","15 311,70","125,51",54,0,228,3971,9,1442,0,15,3621,350,"95,10","515 412,47","129,50",1441,5,7494,Total ago,3971,9,1442,0,15,3621,350,"95,10","515 412,47","129,50",1441,5,7494,Total,48534,4631,17251,0,64,41984,6550,"53,96","6 403 055,44","120,44",17386,135,88949
Data,Ocup,Opção,Cheg,Oferta/Uso Interno,Deduz. Individ.,Deduz. Grupos,% Ocup.,Receita Quartos,Preço Médio,Saídas,Quartos FdS,Adul. / Cri.,agosto,Histórico,02-ago-2025 sáb,129,0,48,0,0,129,0,"95,56","17 236,12","133,61",41,0,245,3971,9,1442,0,15,3621,350,"95,10","515 412,47","129,50",1441,5,7494,Total ago,3971,9,1442,0,15,3621,350,"95,10","515 412,47","129,50",1441,5,7494,Total,48534,4631,17251,0,64,41984,6550,"53,96","6 403 055,44","120,44",17386,135,88949
Data,Ocup,Opção,Cheg,Oferta/Uso Interno,Deduz. Individ.,Deduz. Grupos,% Ocup.,Receita Quartos,Preço Médio,Saídas,Quartos FdS,Adul. / Cri.,agosto,Histórico,03-ago-2025 dom,117,0,34,0,0,117,0,"86,67","14 368,42","122,81",46,0,229,3971,9,1442,0,15,3621,350,"95,10","515 412,47","129,50",1441,5,7494,Total ago,3971,9,1442,0,15,3621,350,"95,10","515 412,47","129,50",1441,5,7494,Total,48534,4631,17251,0,64,41984,6550,"53,96","6 403 055,44","120,44",17386,135,88949
Data,Ocup,Opção,Cheg,Oferta/Uso Interno,Deduz. Individ.,Deduz. Grupos,% Ocup.,Receita Quartos,Preço Médio,Saídas,Quartos FdS,Adul. / Cri.,agosto,Histórico,04-ago-2025 seg,122,0,59,0,0,122,0,"90,37","15 649,63","128,28",54,1,236,3971,9,1442,0,15,3621,350,"95,10","515 412,47","129,50",1441,5,7494,Total ago,3971,9,1442,0,15,3621,350,"95,10","515 412,47","129,50",1441,5,7494,Total,48534,4631,17251,0,64,41984,6550,"53,96","6 403 055,44","120,44",17386,135,88949
Data,Ocup,Opção,Cheg,Oferta/Uso Interno,Deduz. Individ.,Deduz. Grupos,% Ocup.,Receita Quartos,Preço Médio,Saídas,Quartos FdS,Adul. / Cri.,agosto,Histórico,05-ago-2025 ter,131,1,53,0,0,116,15,"97,78","17 798,95","134,84",44,1,249,3971,9,1442,0,15,3621,350,"95,10","515 412,47","129,50",1441,5,7494,Total ago,3971,9,1442,0,15,3621,350,"95,10","515 412,47","129,50",1441,5,7494,Total,48534,4631,17251,0,64,41984,6550,"53,96","6 403 055,44","120,44",17386,135,88949
Data,Ocup,Opção,Cheg,Oferta/Uso Interno,Deduz. Individ.,Deduz. Grupos,% Ocup.,Receita Quartos,Preço Médio,Saídas,Quartos FdS,Adul. / Cri.,agosto,Histórico,06-ago-2025 qua,125,1,48,0,0,125,0,"93,33","16 059,32","127,45",54,1,242,3971,9,1442,0,15,3621,350,"95,10","515 412,47","129,50",1441,5,7494,Total ago,3971,9,1442,0,15,3621,350,"95,10","515 412,47","129,50",1441,5,7494,Total,48534,4631,17251,0,64,41984,6550,"53,96","6 403 055,44","120,44",17386,135,88949
Data,Ocup,Opção,Cheg,Oferta/Uso Interno,Deduz. Individ.,Deduz. Grupos,% Ocup.,Receita Quartos,Preço Médio,Saídas,Quartos FdS,Adul. / Cri.,agosto,Histórico,07-ago-2025 qui,118,1,37,0,0,118,0,"88,15","14 934,70","125,50",44,0,230,3971,9,1442,0,15,3621,350,"95,10","515 412,47","129,50",1441,5,7494,Total ago,3971,9,1442,0,15,3621,350,"95,10","515 412,47","129,50",1441,5,7494,Total,48534,4631,17251,0,64,41984,6550,"53,96","6 403 055,44","120,44",17386,135,88949
Data,Ocup,Opção,Cheg,Oferta/Uso Interno,Deduz. Individ.,Deduz. Grupos,% Ocup.,Receita Quartos,Preço Médio,Saídas,Quartos FdS,Adul. / Cri.,agosto,Histórico,08-ago-2025 sex,133,0,52,0,0,133,0,"98,52","17 054,09","128,23",37,0,258,3971,9,1442,0,15,3621,350,"95,10","515 412,47","129,50",1441,5,7494,Total ago,3971,9,1442,0,15,3621,350,"95,10","515 412,47","129,50",1441,5,7494,Total,48534,4631,17251,0,64,41984,6550,"53,96","6 403 055,44","120,44",17386,135,88949
Data,Ocup,Opção,Cheg,Oferta/Uso Interno,Deduz. Individ.,Deduz. Grupos,% Ocup.,Receita Quartos,Preço Médio,Saídas,Quartos FdS,Adul. / Cri.,agosto,Histórico,09-ago-2025 sáb,132,0,49,0,0,132,0,"97,78","18 336,47","138,91",50,0,253,3971,9,1442,0,15,3621,350,"95,10","515 412,47","129,50",1441,5,7494,Total ago,3971,9,1442,0,15,3621,350,"95,10","515 412,47","129,50",1441,5,7494,Total,48534,4631,17251,0,64,41984,6550,"53,96","6 403 055,44","120,44",17386,135,88949
Data,Ocup,Opção,Cheg,Oferta/Uso Interno,Deduz. Individ.,Deduz. Grupos,% Ocup.,Receita Quartos,Preço Médio,Saídas,Quartos FdS,Adul. / Cri.,agosto,Histórico,10-ago-2025 dom,134,0,47,0,1,134,0,"99,26","16 045,67","119,74",45,0,256,3971,9,1442,0,15,3621,350,"95,10","515 412,47","129,50",1441,5,7494,Total ago,3971,9,1442,0,15,3621,350,"95,10","515 412,47","129,50",1441,5,7494,Total,48534,4631,17251,0,64,41984,6550,"53,96","6 403 055,44","120,44",17386,135,88949
Data,Ocup,Opção,Cheg,Oferta/Uso Interno,Deduz. Individ.,Deduz. Grupos,% Ocup.,Receita Quartos,Preço Médio,Saídas,Quartos FdS,Adul. / Cri.,agosto,Histórico,11-ago-2025 seg,134,0,49,0,2,112,22,"99,26","16 685,60","124,52",49,0,263,3971,9,1442,0,15,3621,350,"95,10","515 412,47","129,50",1441,5,7494,Total ago,3971,9,1442,0,15,3621,350,"95,10","515 412,47","129,50",1441,5,7494,Total,48534,4631,17251,0,64,41984,6550,"53,96","6 403 055,44","120,44",17386,135,88949
Data,Ocup,Opção,Cheg,Oferta/Uso Interno,Deduz. Individ.,Deduz. Grupos,% Ocup.,Receita Quartos,Preço Médio,Saídas,Quartos FdS,Adul. / Cri.,agosto,Histórico,12-ago-2025 ter,134,0,64,0,2,134,0,"99,26","16 323,71","121,82",64,0,268,3971,9,1442,0,15,3621,350,"95,10","515 412,47","129,50",1441,5,7494,Total ago,3971,9,1442,0,15,3621,350,"95,10","515 412,47","129,50",1441,5,7494,Total,48534,4631,17251,0,64,41984,6550,"53,96","6 403 055,44","120,44",17386,135,88949
Data,Ocup,Opção,Cheg,Oferta/Uso Interno,Deduz. Individ.,Deduz. Grupos,% Ocup.,Receita Quartos,Preço Médio,Saídas,Quartos FdS,Adul. / Cri.,agosto,Histórico,13-ago-2025 qua,131,0,50,0,1,125,6,"97,04","15 305,53","116,84",53,0,250,3971,9,1442,0,15,3621,350,"95,10","515 412,47","129,50",1441,5,7494,Total ago,3971,9,1442,0,15,3621,350,"95,10","515 412,47","129,50",1441,5,7494,Total,48534,4631,17251,0,64,41984,6550,"53,96","6 403 055,44","120,44",17386,135,88949
Data,Ocup,Opção,Cheg,Oferta/Uso Interno,Deduz. Individ.,Deduz. Grupos,% Ocup.,Receita Quartos,Preço Médio,Saídas,Quartos FdS,Adul. / Cri.,agosto,Histórico,14-ago-2025 qui,134,0,46,0,1,128,6,"99,26","16 224,11","121,08",43,0,258,3971,9,1442,0,15,3621,350,"95,10","515 412,47","129,50",1441,5,7494,Total ago,3971,9,1442,0,15,3621,350,"95,10","515 412,47","129,50",1441,5,7494,Total,48534,4631,17251,0,64,41984,6550,"53,96","6 403 055,44","120,44",17386,135,88949
Data,Ocup,Opção,Cheg,Oferta/Uso Interno,Deduz. Individ.,Deduz. Grupos,% Ocup.,Receita Quartos,Preço Médio,Saídas,Quartos FdS,Adul. / Cri.,agosto,Histórico,15-ago-2025 sex,132,0,44,0,1,126,6,"97,78","17 812,39","134,94",46,0,257,3971,9,1442,0,15,3621,350,"95,10","515 412,47","129,50",1441,5,7494,Total ago,3971,9,1442,0,15,3621,350,"95,10","515 412,47","129,50",1441,5,7494,Total,48534,4631,17251,0,64,41984,6550,"53,96","6 403 055,44","120,44",17386,135,88949
Data,Ocup,Opção,Cheg,Oferta/Uso Interno,Deduz. Individ.,Deduz. Grupos,% Ocup.,Receita Quartos,Preço Médio,Saídas,Quartos FdS,Adul. / Cri.,agosto,Histórico,16-ago-2025 sáb,130,1,37,0,3,130,0,"97,04","17 339,25","132,36",38,0,255,3971,9,1442,0,15,3621,350,"95,10","515 412,47","129,50",1441,5,7494,Total ago,3971,9,1442,0,15,3621,350,"95,10","515 412,47","129,50",1441,5,7494,Total,48534,4631,17251,0,64,41984,6550,"53,96","6 403 055,44","120,44",17386,135,88949
Data,Ocup,Opção,Cheg,Oferta/Uso Interno,Deduz. Individ.,Deduz. Grupos,% Ocup.,Receita Quartos,Preço Médio,Saídas,Quartos FdS,Adul. / Cri.,agosto,Histórico,17-ago-2025 dom,127,1,39,0,2,127,0,"94,81","15 379,49","120,15",42,0,250,3971,9,1442,0,15,3621,350,"95,10","515 412,47","129,50",1441,5,7494,Total ago,3971,9,1442,0,15,3621,350,"95,10","515 412,47","129,50",1441,5,7494,Total,48534,4631,17251,0,64,41984,6550,"53,96","6 403 055,44","120,44",17386,135,88949
Data,Ocup,Opção,Cheg,Oferta/Uso Interno,Deduz. Individ.,Deduz. Grupos,% Ocup.,Receita Quartos,Preço Médio,Saídas,Quartos FdS,Adul. / Cri.,agosto,Histórico,18-ago-2025 seg,131,1,55,0,1,131,0,"97,78","16 276,40","123,31",52,1,247,3971,9,1442,0,15,3621,350,"95,10","515 412,47","129,50",1441,5,7494,Total ago,3971,9,1442,0,15,3621,350,"95,10","515 412,47","129,50",1441,5,7494,Total,48534,4631,17251,0,64,41984,6550,"53,96","6 403 055,44","120,44",17386,135,88949
Data,Ocup,Opção,Cheg,Oferta/Uso Interno,Deduz. Individ.,Deduz. Grupos,% Ocup.,Receita Quartos,Preço Médio,Saídas,Quartos FdS,Adul. / Cri.,agosto,Histórico,19-ago-2025 ter,129,1,51,0,0,127,2,"96,30","16 329,84","125,61",53,0,239,3971,9,1442,0,15,3621,350,"95,10","515 412,47","129,50",1441,5,7494,Total ago,3971,9,1442,0,15,3621,350,"95,10","515 412,47","129,50",1441,5,7494,Total,48534,4631,17251,0,64,41984,6550,"53,96","6 403 055,44","120,44",17386,135,88949
Data,Ocup,Opção,Cheg,Oferta/Uso Interno,Deduz. Individ.,Deduz. Grupos,% Ocup.,Receita Quartos,Preço Médio,Saídas,Quartos FdS,Adul. / Cri.,agosto,Histórico,20-ago-2025 qua,132,0,60,0,0,102,30,"97,78","17 267,59","130,82",57,0,241,3971,9,1442,0,15,3621,350,"95,10","515 412,47","129,50",1441,5,7494,Total ago,3971,9,1442,0,15,3621,350,"95,10","515 412,47","129,50",1441,5,7494,Total,48534,4631,17251,0,64,41984,6550,"53,96","6 403 055,44","120,44",17386,135,88949
Data,Ocup,Opção,Cheg,Oferta/Uso Interno,Deduz. Individ.,Deduz. Grupos,% Ocup.,Receita Quartos,Preço Médio,Saídas,Quartos FdS,Adul. / Cri.,agosto,Histórico,21-ago-2025 qui,127,0,32,0,0,97,30,"94,07","16 408,64","129,20",37,0,234,3971,9,1442,0,15,3621,350,"95,10","515 412,47","129,50",1441,5,7494,Total ago,3971,9,1442,0,15,3621,350,"95,10","515 412,47","129,50",1441,5,7494,Total,48534,4631,17251,0,64,41984,6550,"53,96","6 403 055,44","120,44",17386,135,88949
Data,Ocup,Opção,Cheg,Oferta/Uso Interno,Deduz. Individ.,Deduz. Grupos,% Ocup.,Receita Quartos,Preço Médio,Saídas,Quartos FdS,Adul. / Cri.,agosto,Histórico,22-ago-2025 sex,128,0,37,0,0,98,30,"94,81","17 421,08","136,10",36,0,242,3971,9,1442,0,15,3621,350,"95,10","515 412,47","129,50",1441,5,7494,Total ago,3971,9,1442,0,15,3621,350,"95,10","515 412,47","129,50",1441,5,7494,Total,48534,4631,17251,0,64,41984,6550,"53,96","6 403 055,44","120,44",17386,135,88949
Data,Ocup,Opção,Cheg,Oferta/Uso Interno,Deduz. Individ.,Deduz. Grupos,% Ocup.,Receita Quartos,Preço Médio,Saídas,Quartos FdS,Adul. / Cri.,agosto,Histórico,23-ago-2025 sáb,135,0,48,0,0,121,14,"100,00","17 606,46","130,42",41,0,250,3971,9,1442,0,15,3621,350,"95,10","515 412,47","129,50",1441,5,7494,Total ago,3971,9,1442,0,15,3621,350,"95,10","515 412,47","129,50",1441,5,7494,Total,48534,4631,17251,0,64,41984,6550,"53,96","6 403 055,44","120,44",17386,135,88949
Data,Ocup,Opção,Cheg,Oferta/Uso Interno,Deduz. Individ.,Deduz. Grupos,% Ocup.,Receita Quartos,Preço Médio,Saídas,Quartos FdS,Adul. / Cri.,agosto,Histórico,24-ago-2025 dom,130,0,42,0,0,116,14,"96,30","16 701,65","128,47",47,0,245,3971,9,1442,0,15,3621,350,"95,10","515 412,47","129,50",1441,5,7494,Total ago,3971,9,1442,0,15,3621,350,"95,10","515 412,47","129,50",1441,5,7494,Total,48534,4631,17251,0,64,41984,6550,"53,96","6 403 055,44","120,44",17386,135,88949
Data,Ocup,Opção,Cheg,Oferta/Uso Interno,Deduz. Individ.,Deduz. Grupos,% Ocup.,Receita Quartos,Preço Médio,Saídas,Quartos FdS,Adul. / Cri.,agosto,Histórico,25-ago-2025 seg,120,0,26,0,0,106,14,"88,89","15 731,88","131,10",36,0,226,3971,9,1442,0,15,3621,350,"95,10","515 412,47","129,50",1441,5,7494,Total ago,3971,9,1442,0,15,3621,350,"95,10","515 412,47","129,50",1441,5,7494,Total,48534,4631,17251,0,64,41984,6550,"53,96","6 403 055,44","120,44",17386,135,88949
Data,Ocup,Opção,Cheg,Oferta/Uso Interno,Deduz. Individ.,Deduz. Grupos,% Ocup.,Receita Quartos,Preço Médio,Saídas,Quartos FdS,Adul. / Cri.,agosto,Histórico,26-ago-2025 ter,123,0,48,0,0,95,28,"91,11","17 469,15","142,03",45,0,231,3971,9,1442,0,15,3621,350,"95,10","515 412,47","129,50",1441,5,7494,Total ago,3971,9,1442,0,15,3621,350,"95,10","515 412,47","129,50",1441,5,7494,Total,48534,4631,17251,0,64,41984,6550,"53,96","6 403 055,44","120,44",17386,135,88949
Data,Ocup,Opção,Cheg,Oferta/Uso Interno,Deduz. Individ.,Deduz. Grupos,% Ocup.,Receita Quartos,Preço Médio,Saídas,Quartos FdS,Adul. / Cri.,agosto,Histórico,27-ago-2025 qua,124,0,66,0,1,97,27,"91,85","14 701,65","118,56",65,0,225,3971,9,1442,0,15,3621,350,"95,10","515 412,47","129,50",1441,5,7494,Total ago,3971,9,1442,0,15,3621,350,"95,10","515 412,47","129,50",1441,5,7494,Total,48534,4631,17251,0,64,41984,6550,"53,96","6 403 055,44","120,44",17386,135,88949
Data,Ocup,Opção,Cheg,Oferta/Uso Interno,Deduz. Individ.,Deduz. Grupos,% Ocup.,Receita Quartos,Preço Médio,Saídas,Quartos FdS,Adul. / Cri.,agosto,Histórico,28-ago-2025 qui,124,0,37,0,0,94,30,"91,85","16 225,08","130,85",37,0,228,3971,9,1442,0,15,3621,350,"95,10","515 412,47","129,50",1441,5,7494,Total ago,3971,9,1442,0,15,3621,350,"95,10","515 412,47","129,50",1441,5,7494,Total,48534,4631,17251,0,64,41984,6550,"53,96","6 403 055,44","120,44",17386,135,88949
Data,Ocup,Opção,Cheg,Oferta/Uso Interno,Deduz. Individ.,Deduz. Grupos,% Ocup.,Receita Quartos,Preço Médio,Saídas,Quartos FdS,Adul. / Cri.,agosto,Histórico,29-ago-2025 sex,130,0,53,0,0,98,32,"96,30","18 863,86","145,11",47,0,228,3971,9,1442,0,15,3621,350,"95,10","515 412,47","129,50",1441,5,7494,Total ago,3971,9,1442,0,15,3621,350,"95,10","515 412,47","129,50",1441,5,7494,Total,48534,4631,17251,0,64,41984,6550,"53,96","6 403 055,44","120,44",17386,135,88949
Data,Ocup,Opção,Cheg,Oferta/Uso Interno,Deduz. Individ.,Deduz. Grupos,% Ocup.,Receita Quartos,Preço Médio,Saídas,Quartos FdS,Adul. / Cri.,agosto,Histórico,30-ago-2025 sáb,133,0,47,0,0,113,20,"98,52","19 323,09","145,29",44,0,226,3971,9,1442,0,15,3621,350,"95,10","515 412,47","129,50",1441,5,7494,Total ago,3971,9,1442,0,15,3621,350,"95,10","515 412,47","129,50",1441,5,7494,Total,48534,4631,17251,0,64,41984,6550,"53,96","6 403 055,44","120,44",17386,135,88949
Data,Ocup,Opção,Cheg,Oferta/Uso Interno,Deduz. Individ.,Deduz. Grupos,% Ocup.,Receita Quartos,Preço Médio,Saídas,Quartos FdS,Adul. / Cri.,agosto,Histórico,31-ago-2025 dom,120,2,27,0,0,96,24,"90,37","17 220,95","141,16",40,1,205,3971,9,1442,0,15,3621,350,"95,10","515 412,47","129,50",1441,5,7494,Total ago,3971,9,1442,0,15,3621,350,"95,10","515 412,47","129,50",1441,5,7494,Total,48534,4631,17251,0,64,41984,6550,"53,96","6 403 055,44","120,44",17386,135,88949
Data,Ocup,Opção,Cheg,Oferta/Uso Interno,Deduz. Individ.,Deduz. Grupos,% Ocup.,Receita Quartos,Preço Médio,Saídas,Quartos FdS,Adul. / Cri.,setembro,Histórico,01-set-2025 seg,117,2,33,0,0,100,17,"88,15","19 066,02","160,22",36,0,202,3615,5,1319,0,1,2924,691,"89,38","620 068,16","171,29",1320,2,6313,Total set,3615,5,1319,0,1,2924,691,"89,38","620 068,16","171,29",1320,2,6313,Total,48534,4631,17251,0,64,41984,6550,"53,96","6 403 055,44","120,44",17386,135,88949
Data,Ocup,Opção,Cheg,Oferta/Uso Interno,Deduz. Individ.,Deduz. Grupos,% Ocup.,Receita Quartos,Preço Médio,Saídas,Quartos FdS,Adul. / Cri.,setembro,Histórico,02-set-2025 ter,100,0,32,0,1,100,0,"74,07","15 518,42","155,18",49,0,176,3615,5,1319,0,1,2924,691,"89,38","620 068,16","171,29",1320,2,6313,Total set,3615,5,1319,0,1,2924,691,"89,38","620 068,16","171,29",1320,2,6313,Total,48534,4631,17251,0,64,41984,6550,"53,96","6 403 055,44","120,44",17386,135,88949
Data,Ocup,Opção,Cheg,Oferta/Uso Interno,Deduz. Individ.,Deduz. Grupos,% Ocup.,Receita Quartos,Preço Médio,Saídas,Quartos FdS,Adul. / Cri.,setembro,Histórico,03-set-2025 qua,104,0,49,0,0,87,17,"77,04","16 368,32","157,39",45,0,190,3615,5,1319,0,1,2924,691,"89,38","620 068,16","171,29",1320,2,6313,Total set,3615,5,1319,0,1,2924,691,"89,38","620 068,16","171,29",1320,2,6313,Total,48534,4631,17251,0,64,41984,6550,"53,96","6 403 055,44","120,44",17386,135,88949
Data,Ocup,Opção,Cheg,Oferta/Uso Interno,Deduz. Individ.,Deduz. Grupos,% Ocup.,Receita Quartos,Preço Médio,Saídas,Quartos FdS,Adul. / Cri.,setembro,Histórico,04-set-2025 qui,108,0,32,0,0,87,21,"80,00","18 026,52","166,91",28,0,196,3615,5,1319,0,1,2924,691,"89,38","620 068,16","171,29",1320,2,6313,Total set,3615,5,1319,0,1,2924,691,"89,38","620 068,16","171,29",1320,2,6313,Total,48534,4631,17251,0,64,41984,6550,"53,96","6 403 055,44","120,44",17386,135,88949
Data,Ocup,Opção,Cheg,Oferta/Uso Interno,Deduz. Individ.,Deduz. Grupos,% Ocup.,Receita Quartos,Preço Médio,Saídas,Quartos FdS,Adul. / Cri.,setembro,Histórico,05-set-2025 sex,115,0,38,0,0,88,27,"85,19","19 455,00","169,17",31,1,210,3615,5,1319,0,1,2924,691,"89,38","620 068,16","171,29",1320,2,6313,Total set,3615,5,1319,0,1,2924,691,"89,38","620 068,16","171,29",1320,2,6313,Total,48534,4631,17251,0,64,41984,6550,"53,96","6 403 055,44","120,44",17386,135,88949
Data,Ocup,Opção,Cheg,Oferta/Uso Interno,Deduz. Individ.,Deduz. Grupos,% Ocup.,Receita Quartos,Preço Médio,Saídas,Quartos FdS,Adul. / Cri.,setembro,Histórico,06-set-2025 sáb,103,0,31,0,0,92,11,"76,30","17 095,96","165,98",43,0,179,3615,5,1319,0,1,2924,691,"89,38","620 068,16","171,29",1320,2,6313,Total set,3615,5,1319,0,1,2924,691,"89,38","620 068,16","171,29",1320,2,6313,Total,48534,4631,17251,0,64,41984,6550,"53,96","6 403 055,44","120,44",17386,135,88949
Data,Ocup,Opção,Cheg,Oferta/Uso Interno,Deduz. Individ.,Deduz. Grupos,% Ocup.,Receita Quartos,Preço Médio,Saídas,Quartos FdS,Adul. / Cri.,setembro,Histórico,07-set-2025 dom,103,0,36,0,0,103,0,"76,30","15 957,73","154,93",36,0,179,3615,5,1319,0,1,2924,691,"89,38","620 068,16","171,29",1320,2,6313,Total set,3615,5,1319,0,1,2924,691,"89,38","620 068,16","171,29",1320,2,6313,Total,48534,4631,17251,0,64,41984,6550,"53,96","6 403 055,44","120,44",17386,135,88949
Data,Ocup,Opção,Cheg,Oferta/Uso Interno,Deduz. Individ.,Deduz. Grupos,% Ocup.,Receita Quartos,Preço Médio,Saídas,Quartos FdS,Adul. / Cri.,setembro,Histórico,08-set-2025 seg,105,0,42,0,0,105,0,"77,78","16 753,64","159,56",40,0,182,3615,5,1319,0,1,2924,691,"89,38","620 068,16","171,29",1320,2,6313,Total set,3615,5,1319,0,1,2924,691,"89,38","620 068,16","171,29",1320,2,6313,Total,48534,4631,17251,0,64,41984,6550,"53,96","6 403 055,44","120,44",17386,135,88949
Data,Ocup,Opção,Cheg,Oferta/Uso Interno,Deduz. Individ.,Deduz. Grupos,% Ocup.,Receita Quartos,Preço Médio,Saídas,Quartos FdS,Adul. / Cri.,setembro,Histórico,09-set-2025 ter,112,0,44,0,0,112,0,"82,96","18 842,15","168,23",37,0,194,3615,5,1319,0,1,2924,691,"89,38","620 068,16","171,29",1320,2,6313,Total set,3615,5,1319,0,1,2924,691,"89,38","620 068,16","171,29",1320,2,6313,Total,48534,4631,17251,0,64,41984,6550,"53,96","6 403 055,44","120,44",17386,135,88949
Data,Ocup,Opção,Cheg,Oferta/Uso Interno,Deduz. Individ.,Deduz. Grupos,% Ocup.,Receita Quartos,Preço Médio,Saídas,Quartos FdS,Adul. / Cri.,setembro,Histórico,10-set-2025 qua,113,0,45,0,0,95,18,"83,70","17 865,24","158,10",44,0,196,3615,5,1319,0,1,2924,691,"89,38","620 068,16","171,29",1320,2,6313,Total set,3615,5,1319,0,1,2924,691,"89,38","620 068,16","171,29",1320,2,6313,Total,48534,4631,17251,0,64,41984,6550,"53,96","6 403 055,44","120,44",17386,135,88949
Data,Ocup,Opção,Cheg,Oferta/Uso Interno,Deduz. Individ.,Deduz. Grupos,% Ocup.,Receita Quartos,Preço Médio,Saídas,Quartos FdS,Adul. / Cri.,setembro,Histórico,11-set-2025 qui,120,0,36,0,0,89,31,"88,89","18 453,95","153,78",29,0,213,3615,5,1319,0,1,2924,691,"89,38","620 068,16","171,29",1320,2,6313,Total set,3615,5,1319,0,1,2924,691,"89,38","620 068,16","171,29",1320,2,6313,Total,48534,4631,17251,0,64,41984,6550,"53,96","6 403 055,44","120,44",17386,135,88949
Data,Ocup,Opção,Cheg,Oferta/Uso Interno,Deduz. Individ.,Deduz. Grupos,% Ocup.,Receita Quartos,Preço Médio,Saídas,Quartos FdS,Adul. / Cri.,setembro,Histórico,12-set-2025 sex,129,0,49,0,0,74,55,"95,56","22 349,19","173,25",40,0,229,3615,5,1319,0,1,2924,691,"89,38","620 068,16","171,29",1320,2,6313,Total set,3615,5,1319,0,1,2924,691,"89,38","620 068,16","171,29",1320,2,6313,Total,48534,4631,17251,0,64,41984,6550,"53,96","6 403 055,44","120,44",17386,135,88949
Data,Ocup,Opção,Cheg,Oferta/Uso Interno,Deduz. Individ.,Deduz. Grupos,% Ocup.,Receita Quartos,Preço Médio,Saídas,Quartos FdS,Adul. / Cri.,setembro,Histórico,13-set-2025 sáb,126,0,33,0,0,85,41,"93,33","23 175,51","183,93",36,0,228,3615,5,1319,0,1,2924,691,"89,38","620 068,16","171,29",1320,2,6313,Total set,3615,5,1319,0,1,2924,691,"89,38","620 068,16","171,29",1320,2,6313,Total,48534,4631,17251,0,64,41984,6550,"53,96","6 403 055,44","120,44",17386,135,88949
Data,Ocup,Opção,Cheg,Oferta/Uso Interno,Deduz. Individ.,Deduz. Grupos,% Ocup.,Receita Quartos,Preço Médio,Saídas,Quartos FdS,Adul. / Cri.,setembro,Histórico,14-set-2025 dom,87,0,22,0,0,64,23,"64,44","15 188,94","174,59",61,0,152,3615,5,1319,0,1,2924,691,"89,38","620 068,16","171,29",1320,2,6313,Total set,3615,5,1319,0,1,2924,691,"89,38","620 068,16","171,29",1320,2,6313,Total,48534,4631,17251,0,64,41984,6550,"53,96","6 403 055,44","120,44",17386,135,88949
Data,Ocup,Opção,Cheg,Oferta/Uso Interno,Deduz. Individ.,Deduz. Grupos,% Ocup.,Receita Quartos,Preço Médio,Saídas,Quartos FdS,Adul. / Cri.,setembro,Histórico,15-set-2025 seg,133,0,104,0,0,51,82,"98,52","22 798,18","171,41",58,0,244,3615,5,1319,0,1,2924,691,"89,38","620 068,16","171,29",1320,2,6313,Total set,3615,5,1319,0,1,2924,691,"89,38","620 068,16","171,29",1320,2,6313,Total,48534,4631,17251,0,64,41984,6550,"53,96","6 403 055,44","120,44",17386,135,88949
Data,Ocup,Opção,Cheg,Oferta/Uso Interno,Deduz. Individ.,Deduz. Grupos,% Ocup.,Receita Quartos,Preço Médio,Saídas,Quartos FdS,Adul. / Cri.,setembro,Histórico,16-set-2025 ter,135,0,15,0,0,53,82,"100,00","22 590,98","167,34",13,0,247,3615,5,1319,0,1,2924,691,"89,38","620 068,16","171,29",1320,2,6313,Total set,3615,5,1319,0,1,2924,691,"89,38","620 068,16","171,29",1320,2,6313,Total,48534,4631,17251,0,64,41984,6550,"53,96","6 403 055,44","120,44",17386,135,88949
Data,Ocup,Opção,Cheg,Oferta/Uso Interno,Deduz. Individ.,Deduz. Grupos,% Ocup.,Receita Quartos,Preço Médio,Saídas,Quartos FdS,Adul. / Cri.,setembro,Histórico,17-set-2025 qua,133,0,28,0,0,36,97,"98,52","21 823,81","164,09",30,0,245,3615,5,1319,0,1,2924,691,"89,38","620 068,16","171,29",1320,2,6313,Total set,3615,5,1319,0,1,2924,691,"89,38","620 068,16","171,29",1320,2,6313,Total,48534,4631,17251,0,64,41984,6550,"53,96","6 403 055,44","120,44",17386,135,88949
Data,Ocup,Opção,Cheg,Oferta/Uso Interno,Deduz. Individ.,Deduz. Grupos,% Ocup.,Receita Quartos,Preço Médio,Saídas,Quartos FdS,Adul. / Cri.,setembro,Histórico,18-set-2025 qui,132,0,93,0,0,115,17,"97,78","25 853,21","195,86",94,0,218,3615,5,1319,0,1,2924,691,"89,38","620 068,16","171,29",1320,2,6313,Total set,3615,5,1319,0,1,2924,691,"89,38","620 068,16","171,29",1320,2,6313,Total,48534,4631,17251,0,64,41984,6550,"53,96","6 403 055,44","120,44",17386,135,88949
Data,Ocup,Opção,Cheg,Oferta/Uso Interno,Deduz. Individ.,Deduz. Grupos,% Ocup.,Receita Quartos,Preço Médio,Saídas,Quartos FdS,Adul. / Cri.,setembro,Histórico,19-set-2025 sex,131,0,49,0,0,105,26,"97,04","26 816,32","204,70",50,0,228,3615,5,1319,0,1,2924,691,"89,38","620 068,16","171,29",1320,2,6313,Total set,3615,5,1319,0,1,2924,691,"89,38","620 068,16","171,29",1320,2,6313,Total,48534,4631,17251,0,64,41984,6550,"53,96","6 403 055,44","120,44",17386,135,88949
Data,Ocup,Opção,Cheg,Oferta/Uso Interno,Deduz. Individ.,Deduz. Grupos,% Ocup.,Receita Quartos,Preço Médio,Saídas,Quartos FdS,Adul. / Cri.,setembro,Histórico,20-set-2025 sáb,129,1,47,0,0,115,14,"96,30","25 765,82","198,20",49,0,222,3615,5,1319,0,1,2924,691,"89,38","620 068,16","171,29",1320,2,6313,Total set,3615,5,1319,0,1,2924,691,"89,38","620 068,16","171,29",1320,2,6313,Total,48534,4631,17251,0,64,41984,6550,"53,96","6 403 055,44","120,44",17386,135,88949
Data,Ocup,Opção,Cheg,Oferta/Uso Interno,Deduz. Individ.,Deduz. Grupos,% Ocup.,Receita Quartos,Preço Médio,Saídas,Quartos FdS,Adul. / Cri.,setembro,Histórico,21-set-2025 dom,121,1,46,0,0,111,10,"90,37","21 108,76","173,02",54,0,212,3615,5,1319,0,1,2924,691,"89,38","620 068,16","171,29",1320,2,6313,Total set,3615,5,1319,0,1,2924,691,"89,38","620 068,16","171,29",1320,2,6313,Total,48534,4631,17251,0,64,41984,6550,"53,96","6 403 055,44","120,44",17386,135,88949
Data,Ocup,Opção,Cheg,Oferta/Uso Interno,Deduz. Individ.,Deduz. Grupos,% Ocup.,Receita Quartos,Preço Médio,Saídas,Quartos FdS,Adul. / Cri.,setembro,Histórico,22-set-2025 seg,124,1,27,0,0,114,10,"92,59","20 080,42","160,64",24,0,214,3615,5,1319,0,1,2924,691,"89,38","620 068,16","171,29",1320,2,6313,Total set,3615,5,1319,0,1,2924,691,"89,38","620 068,16","171,29",1320,2,6313,Total,48534,4631,17251,0,64,41984,6550,"53,96","6 403 055,44","120,44",17386,135,88949
Data,Ocup,Opção,Cheg,Oferta/Uso Interno,Deduz. Individ.,Deduz. Grupos,% Ocup.,Receita Quartos,Preço Médio,Saídas,Quartos FdS,Adul. / Cri.,setembro,Histórico,23-set-2025 ter,134,0,66,0,0,134,0,"99,26","21 802,86","162,71",56,0,222,3615,5,1319,0,1,2924,691,"89,38","620 068,16","171,29",1320,2,6313,Total set,3615,5,1319,0,1,2924,691,"89,38","620 068,16","171,29",1320,2,6313,Total,48534,4631,17251,0,64,41984,6550,"53,96","6 403 055,44","120,44",17386,135,88949
Data,Ocup,Opção,Cheg,Oferta/Uso Interno,Deduz. Individ.,Deduz. Grupos,% Ocup.,Receita Quartos,Preço Médio,Saídas,Quartos FdS,Adul. / Cri.,setembro,Histórico,24-set-2025 qua,135,0,55,0,0,119,16,"100,00","22 290,01","165,11",54,0,224,3615,5,1319,0,1,2924,691,"89,38","620 068,16","171,29",1320,2,6313,Total set,3615,5,1319,0,1,2924,691,"89,38","620 068,16","171,29",1320,2,6313,Total,48534,4631,17251,0,64,41984,6550,"53,96","6 403 055,44","120,44",17386,135,88949
Data,Ocup,Opção,Cheg,Oferta/Uso Interno,Deduz. Individ.,Deduz. Grupos,% Ocup.,Receita Quartos,Preço Médio,Saídas,Quartos FdS,Adul. / Cri.,setembro,Histórico,25-set-2025 qui,133,0,40,0,0,115,18,"98,52","23 208,43","174,50",42,0,235,3615,5,1319,0,1,2924,691,"89,38","620 068,16","171,29",1320,2,6313,Total set,3615,5,1319,0,1,2924,691,"89,38","620 068,16","171,29",1320,2,6313,Total,48534,4631,17251,0,64,41984,6550,"53,96","6 403 055,44","120,44",17386,135,88949
Data,Ocup,Opção,Cheg,Oferta/Uso Interno,Deduz. Individ.,Deduz. Grupos,% Ocup.,Receita Quartos,Preço Médio,Saídas,Quartos FdS,Adul. / Cri.,setembro,Histórico,26-set-2025 sex,131,0,46,0,0,113,18,"97,04","24 197,35","184,71",48,0,235,3615,5,1319,0,1,2924,691,"89,38","620 068,16","171,29",1320,2,6313,Total set,3615,5,1319,0,1,2924,691,"89,38","620 068,16","171,29",1320,2,6313,Total,48534,4631,17251,0,64,41984,6550,"53,96","6 403 055,44","120,44",17386,135,88949
Data,Ocup,Opção,Cheg,Oferta/Uso Interno,Deduz. Individ.,Deduz. Grupos,% Ocup.,Receita Quartos,Preço Médio,Saídas,Quartos FdS,Adul. / Cri.,setembro,Histórico,27-set-2025 sáb,131,0,47,0,0,127,4,"97,04","24 952,89","190,48",47,0,224,3615,5,1319,0,1,2924,691,"89,38","620 068,16","171,29",1320,2,6313,Total set,3615,5,1319,0,1,2924,691,"89,38","620 068,16","171,29",1320,2,6313,Total,48534,4631,17251,0,64,41984,6550,"53,96","6 403 055,44","120,44",17386,135,88949
Data,Ocup,Opção,Cheg,Oferta/Uso Interno,Deduz. Individ.,Deduz. Grupos,% Ocup.,Receita Quartos,Preço Médio,Saídas,Quartos FdS,Adul. / Cri.,setembro,Histórico,28-set-2025 dom,130,0,52,0,0,120,10,"96,30","22 177,99","170,60",53,0,224,3615,5,1319,0,1,2924,691,"89,38","620 068,16","171,29",1320,2,6313,Total set,3615,5,1319,0,1,2924,691,"89,38","620 068,16","171,29",1320,2,6313,Total,48534,4631,17251,0,64,41984,6550,"53,96","6 403 055,44","120,44",17386,135,88949
Data,Ocup,Opção,Cheg,Oferta/Uso Interno,Deduz. Individ.,Deduz. Grupos,% Ocup.,Receita Quartos,Preço Médio,Saídas,Quartos FdS,Adul. / Cri.,setembro,Histórico,29-set-2025 seg,122,0,36,0,0,111,11,"90,37","20 496,06","168,00",44,1,198,3615,5,1319,0,1,2924,691,"89,38","620 068,16","171,29",1320,2,6313,Total set,3615,5,1319,0,1,2924,691,"89,38","620 068,16","171,29",1320,2,6313,Total,48534,4631,17251,0,64,41984,6550,"53,96","6 403 055,44","120,44",17386,135,88949
Data,Ocup,Opção,Cheg,Oferta/Uso Interno,Deduz. Individ.,Deduz. Grupos,% Ocup.,Receita Quartos,Preço Médio,Saídas,Quartos FdS,Adul. / Cri.,setembro,Histórico,30-set-2025 ter,119,0,46,0,0,104,15,"88,15","19 988,49","167,97",49,0,195,3615,5,1319,0,1,2924,691,"89,38","620 068,16","171,29",1320,2,6313,Total set,3615,5,1319,0,1,2924,691,"89,38","620 068,16","171,29",1320,2,6313,Total,48534,4631,17251,0,64,41984,6550,"53,96","6 403 055,44","120,44",17386,135,88949
Data,Ocup,Opção,Cheg,Oferta/Uso Interno,Deduz. Individ.,Deduz. Grupos,% Ocup.,Receita Quartos,Preço Médio,Saídas,Quartos FdS,Adul. / Cri.,outubro,Histórico,01-out-2025 qua,128,0,58,0,0,76,52,"94,81","21 668,14","169,28",49,0,219,3832,16,1433,0,7,3127,705,"91,95","636 684,71","165,46",1457,1,6564,Total out,3832,16,1433,0,7,3127,705,"91,95","636 684,71","165,46",1457,1,6564,Total,48534,4631,17251,0,64,41984,6550,"53,96","6 403 055,44","120,44",17386,135,88949
Data,Ocup,Opção,Cheg,Oferta/Uso Interno,Deduz. Individ.,Deduz. Grupos,% Ocup.,Receita Quartos,Preço Médio,Saídas,Quartos FdS,Adul. / Cri.,outubro,Histórico,02-out-2025 qui,131,0,45,0,0,92,39,"97,04","22 103,75","168,73",42,0,228,3832,16,1433,0,7,3127,705,"91,95","636 684,71","165,46",1457,1,6564,Total out,3832,16,1433,0,7,3127,705,"91,95","636 684,71","165,46",1457,1,6564,Total,48534,4631,17251,0,64,41984,6550,"53,96","6 403 055,44","120,44",17386,135,88949
Data,Ocup,Opção,Cheg,Oferta/Uso Interno,Deduz. Individ.,Deduz. Grupos,% Ocup.,Receita Quartos,Preço Médio,Saídas,Quartos FdS,Adul. / Cri.,outubro,Histórico,03-out-2025 sex,134,0,35,0,0,90,44,"99,26","26 009,17","194,10",32,0,230,3832,16,1433,0,7,3127,705,"91,95","636 684,71","165,46",1457,1,6564,Total out,3832,16,1433,0,7,3127,705,"91,95","636 684,71","165,46",1457,1,6564,Total,48534,4631,17251,0,64,41984,6550,"53,96","6 403 055,44","120,44",17386,135,88949
Data,Ocup,Opção,Cheg,Oferta/Uso Interno,Deduz. Individ.,Deduz. Grupos,% Ocup.,Receita Quartos,Preço Médio,Saídas,Quartos FdS,Adul. / Cri.,outubro,Histórico,04-out-2025 sáb,132,0,39,0,0,105,27,"97,78","23 672,45","179,34",41,0,223,3832,16,1433,0,7,3127,705,"91,95","636 684,71","165,46",1457,1,6564,Total out,3832,16,1433,0,7,3127,705,"91,95","636 684,71","165,46",1457,1,6564,Total,48534,4631,17251,0,64,41984,6550,"53,96","6 403 055,44","120,44",17386,135,88949
Data,Ocup,Opção,Cheg,Oferta/Uso Interno,Deduz. Individ.,Deduz. Grupos,% Ocup.,Receita Quartos,Preço Médio,Saídas,Quartos FdS,Adul. / Cri.,outubro,Histórico,05-out-2025 dom,119,0,66,0,0,106,13,"88,15","19 080,12","160,34",79,0,201,3832,16,1433,0,7,3127,705,"91,95","636 684,71","165,46",1457,1,6564,Total out,3832,16,1433,0,7,3127,705,"91,95","636 684,71","165,46",1457,1,6564,Total,48534,4631,17251,0,64,41984,6550,"53,96","6 403 055,44","120,44",17386,135,88949
Data,Ocup,Opção,Cheg,Oferta/Uso Interno,Deduz. Individ.,Deduz. Grupos,% Ocup.,Receita Quartos,Preço Médio,Saídas,Quartos FdS,Adul. / Cri.,outubro,Histórico,06-out-2025 seg,133,0,55,0,0,129,4,"98,52","22 825,49","171,62",41,0,228,3832,16,1433,0,7,3127,705,"91,95","636 684,71","165,46",1457,1,6564,Total out,3832,16,1433,0,7,3127,705,"91,95","636 684,71","165,46",1457,1,6564,Total,48534,4631,17251,0,64,41984,6550,"53,96","6 403 055,44","120,44",17386,135,88949
Data,Ocup,Opção,Cheg,Oferta/Uso Interno,Deduz. Individ.,Deduz. Grupos,% Ocup.,Receita Quartos,Preço Médio,Saídas,Quartos FdS,Adul. / Cri.,outubro,Histórico,07-out-2025 ter,135,4,46,0,0,133,2,"102,96","25 143,54","180,89",44,0,229,3832,16,1433,0,7,3127,705,"91,95","636 684,71","165,46",1457,1,6564,Total out,3832,16,1433,0,7,3127,705,"91,95","636 684,71","165,46",1457,1,6564,Total,48534,4631,17251,0,64,41984,6550,"53,96","6 403 055,44","120,44",17386,135,88949
Data,Ocup,Opção,Cheg,Oferta/Uso Interno,Deduz. Individ.,Deduz. Grupos,% Ocup.,Receita Quartos,Preço Médio,Saídas,Quartos FdS,Adul. / Cri.,outubro,Histórico,08-out-2025 qua,135,0,64,0,0,94,41,"100,00","23 522,23","174,24",64,0,236,3832,16,1433,0,7,3127,705,"91,95","636 684,71","165,46",1457,1,6564,Total out,3832,16,1433,0,7,3127,705,"91,95","636 684,71","165,46",1457,1,6564,Total,48534,4631,17251,0,64,41984,6550,"53,96","6 403 055,44","120,44",17386,135,88949
Data,Ocup,Opção,Cheg,Oferta/Uso Interno,Deduz. Individ.,Deduz. Grupos,% Ocup.,Receita Quartos,Preço Médio,Saídas,Quartos FdS,Adul. / Cri.,outubro,Histórico,09-out-2025 qui,127,0,51,0,0,110,17,"94,07","21 729,92","171,10",59,0,224,3832,16,1433,0,7,3127,705,"91,95","636 684,71","165,46",1457,1,6564,Total out,3832,16,1433,0,7,3127,705,"91,95","636 684,71","165,46",1457,1,6564,Total,48534,4631,17251,0,64,41984,6550,"53,96","6 403 055,44","120,44",17386,135,88949
Data,Ocup,Opção,Cheg,Oferta/Uso Interno,Deduz. Individ.,Deduz. Grupos,% Ocup.,Receita Quartos,Preço Médio,Saídas,Quartos FdS,Adul. / Cri.,outubro,Histórico,10-out-2025 sex,133,0,50,0,0,96,37,"98,52","23 874,61","179,51",44,0,237,3832,16,1433,0,7,3127,705,"91,95","636 684,71","165,46",1457,1,6564,Total out,3832,16,1433,0,7,3127,705,"91,95","636 684,71","165,46",1457,1,6564,Total,48534,4631,17251,0,64,41984,6550,"53,96","6 403 055,44","120,44",17386,135,88949
Data,Ocup,Opção,Cheg,Oferta/Uso Interno,Deduz. Individ.,Deduz. Grupos,% Ocup.,Receita Quartos,Preço Médio,Saídas,Quartos FdS,Adul. / Cri.,outubro,Histórico,11-out-2025 sáb,135,0,45,0,0,102,33,"100,00","26 022,04","192,76",43,0,239,3832,16,1433,0,7,3127,705,"91,95","636 684,71","165,46",1457,1,6564,Total out,3832,16,1433,0,7,3127,705,"91,95","636 684,71","165,46",1457,1,6564,Total,48534,4631,17251,0,64,41984,6550,"53,96","6 403 055,44","120,44",17386,135,88949
Data,Ocup,Opção,Cheg,Oferta/Uso Interno,Deduz. Individ.,Deduz. Grupos,% Ocup.,Receita Quartos,Preço Médio,Saídas,Quartos FdS,Adul. / Cri.,outubro,Histórico,12-out-2025 dom,107,0,49,0,0,89,18,"79,26","17 009,71","158,97",77,0,189,3832,16,1433,0,7,3127,705,"91,95","636 684,71","165,46",1457,1,6564,Total out,3832,16,1433,0,7,3127,705,"91,95","636 684,71","165,46",1457,1,6564,Total,48534,4631,17251,0,64,41984,6550,"53,96","6 403 055,44","120,44",17386,135,88949
Data,Ocup,Opção,Cheg,Oferta/Uso Interno,Deduz. Individ.,Deduz. Grupos,% Ocup.,Receita Quartos,Preço Médio,Saídas,Quartos FdS,Adul. / Cri.,outubro,Histórico,13-out-2025 seg,133,0,59,0,0,123,10,"98,52","21 100,38","158,65",33,0,232,3832,16,1433,0,7,3127,705,"91,95","636 684,71","165,46",1457,1,6564,Total out,3832,16,1433,0,7,3127,705,"91,95","636 684,71","165,46",1457,1,6564,Total,48534,4631,17251,0,64,41984,6550,"53,96","6 403 055,44","120,44",17386,135,88949
Data,Ocup,Opção,Cheg,Oferta/Uso Interno,Deduz. Individ.,Deduz. Grupos,% Ocup.,Receita Quartos,Preço Médio,Saídas,Quartos FdS,Adul. / Cri.,outubro,Histórico,14-out-2025 ter,134,1,54,0,0,121,13,"100,00","21 174,42","156,85",53,0,235,3832,16,1433,0,7,3127,705,"91,95","636 684,71","165,46",1457,1,6564,Total out,3832,16,1433,0,7,3127,705,"91,95","636 684,71","165,46",1457,1,6564,Total,48534,4631,17251,0,64,41984,6550,"53,96","6 403 055,44","120,44",17386,135,88949
Data,Ocup,Opção,Cheg,Oferta/Uso Interno,Deduz. Individ.,Deduz. Grupos,% Ocup.,Receita Quartos,Preço Médio,Saídas,Quartos FdS,Adul. / Cri.,outubro,Histórico,15-out-2025 qua,131,1,50,0,0,102,29,"97,78","19 798,38","149,99",53,0,231,3832,16,1433,0,7,3127,705,"91,95","636 684,71","165,46",1457,1,6564,Total out,3832,16,1433,0,7,3127,705,"91,95","636 684,71","165,46",1457,1,6564,Total,48534,4631,17251,0,64,41984,6550,"53,96","6 403 055,44","120,44",17386,135,88949
Data,Ocup,Opção,Cheg,Oferta/Uso Interno,Deduz. Individ.,Deduz. Grupos,% Ocup.,Receita Quartos,Preço Médio,Saídas,Quartos FdS,Adul. / Cri.,outubro,Histórico,16-out-2025 qui,132,1,64,0,0,76,56,"98,52","21 580,77","162,26",63,1,237,3832,16,1433,0,7,3127,705,"91,95","636 684,71","165,46",1457,1,6564,Total out,3832,16,1433,0,7,3127,705,"91,95","636 684,71","165,46",1457,1,6564,Total,48534,4631,17251,0,64,41984,6550,"53,96","6 403 055,44","120,44",17386,135,88949
Data,Ocup,Opção,Cheg,Oferta/Uso Interno,Deduz. Individ.,Deduz. Grupos,% Ocup.,Receita Quartos,Preço Médio,Saídas,Quartos FdS,Adul. / Cri.,outubro,Histórico,17-out-2025 sex,134,0,38,0,0,78,56,"99,26","22 837,83","170,43",36,0,240,3832,16,1433,0,7,3127,705,"91,95","636 684,71","165,46",1457,1,6564,Total out,3832,16,1433,0,7,3127,705,"91,95","636 684,71","165,46",1457,1,6564,Total,48534,4631,17251,0,64,41984,6550,"53,96","6 403 055,44","120,44",17386,135,88949
Data,Ocup,Opção,Cheg,Oferta/Uso Interno,Deduz. Individ.,Deduz. Grupos,% Ocup.,Receita Quartos,Preço Médio,Saídas,Quartos FdS,Adul. / Cri.,outubro,Histórico,18-out-2025 sáb,123,0,32,0,0,79,44,"91,11","21 785,28","177,12",43,0,215,3832,16,1433,0,7,3127,705,"91,95","636 684,71","165,46",1457,1,6564,Total out,3832,16,1433,0,7,3127,705,"91,95","636 684,71","165,46",1457,1,6564,Total,48534,4631,17251,0,64,41984,6550,"53,96","6 403 055,44","120,44",17386,135,88949
Data,Ocup,Opção,Cheg,Oferta/Uso Interno,Deduz. Individ.,Deduz. Grupos,% Ocup.,Receita Quartos,Preço Médio,Saídas,Quartos FdS,Adul. / Cri.,outubro,Histórico,19-out-2025 dom,117,0,67,0,0,96,21,"86,67","18 738,57","160,16",73,0,188,3832,16,1433,0,7,3127,705,"91,95","636 684,71","165,46",1457,1,6564,Total out,3832,16,1433,0,7,3127,705,"91,95","636 684,71","165,46",1457,1,6564,Total,48534,4631,17251,0,64,41984,6550,"53,96","6 403 055,44","120,44",17386,135,88949
Data,Ocup,Opção,Cheg,Oferta/Uso Interno,Deduz. Individ.,Deduz. Grupos,% Ocup.,Receita Quartos,Preço Médio,Saídas,Quartos FdS,Adul. / Cri.,outubro,Histórico,20-out-2025 seg,122,0,42,0,0,112,10,"90,37","19 639,68","160,98",37,0,197,3832,16,1433,0,7,3127,705,"91,95","636 684,71","165,46",1457,1,6564,Total out,3832,16,1433,0,7,3127,705,"91,95","636 684,71","165,46",1457,1,6564,Total,48534,4631,17251,0,64,41984,6550,"53,96","6 403 055,44","120,44",17386,135,88949
Data,Ocup,Opção,Cheg,Oferta/Uso Interno,Deduz. Individ.,Deduz. Grupos,% Ocup.,Receita Quartos,Preço Médio,Saídas,Quartos FdS,Adul. / Cri.,outubro,Histórico,21-out-2025 ter,126,0,42,0,0,104,22,"93,33","19 984,61","158,61",38,0,203,3832,16,1433,0,7,3127,705,"91,95","636 684,71","165,46",1457,1,6564,Total out,3832,16,1433,0,7,3127,705,"91,95","636 684,71","165,46",1457,1,6564,Total,48534,4631,17251,0,64,41984,6550,"53,96","6 403 055,44","120,44",17386,135,88949
Data,Ocup,Opção,Cheg,Oferta/Uso Interno,Deduz. Individ.,Deduz. Grupos,% Ocup.,Receita Quartos,Preço Médio,Saídas,Quartos FdS,Adul. / Cri.,outubro,Histórico,22-out-2025 qua,134,0,55,0,1,106,28,"99,26","21 233,11","158,46",47,0,203,3832,16,1433,0,7,3127,705,"91,95","636 684,71","165,46",1457,1,6564,Total out,3832,16,1433,0,7,3127,705,"91,95","636 684,71","165,46",1457,1,6564,Total,48534,4631,17251,0,64,41984,6550,"53,96","6 403 055,44","120,44",17386,135,88949
Data,Ocup,Opção,Cheg,Oferta/Uso Interno,Deduz. Individ.,Deduz. Grupos,% Ocup.,Receita Quartos,Preço Médio,Saídas,Quartos FdS,Adul. / Cri.,outubro,Histórico,23-out-2025 qui,126,0,38,0,1,103,23,"93,33","20 048,76","159,12",46,0,195,3832,16,1433,0,7,3127,705,"91,95","636 684,71","165,46",1457,1,6564,Total out,3832,16,1433,0,7,3127,705,"91,95","636 684,71","165,46",1457,1,6564,Total,48534,4631,17251,0,64,41984,6550,"53,96","6 403 055,44","120,44",17386,135,88949
Data,Ocup,Opção,Cheg,Oferta/Uso Interno,Deduz. Individ.,Deduz. Grupos,% Ocup.,Receita Quartos,Preço Médio,Saídas,Quartos FdS,Adul. / Cri.,outubro,Histórico,24-out-2025 sex,135,0,53,0,1,102,33,"100,00","22 109,50","163,77",44,0,223,3832,16,1433,0,7,3127,705,"91,95","636 684,71","165,46",1457,1,6564,Total out,3832,16,1433,0,7,3127,705,"91,95","636 684,71","165,46",1457,1,6564,Total,48534,4631,17251,0,64,41984,6550,"53,96","6 403 055,44","120,44",17386,135,88949
Data,Ocup,Opção,Cheg,Oferta/Uso Interno,Deduz. Individ.,Deduz. Grupos,% Ocup.,Receita Quartos,Preço Médio,Saídas,Quartos FdS,Adul. / Cri.,outubro,Histórico,25-out-2025 sáb,129,0,30,0,1,114,15,"95,56","22 204,85","172,13",36,0,220,3832,16,1433,0,7,3127,705,"91,95","636 684,71","165,46",1457,1,6564,Total out,3832,16,1433,0,7,3127,705,"91,95","636 684,71","165,46",1457,1,6564,Total,48534,4631,17251,0,64,41984,6550,"53,96","6 403 055,44","120,44",17386,135,88949
Data,Ocup,Opção,Cheg,Oferta/Uso Interno,Deduz. Individ.,Deduz. Grupos,% Ocup.,Receita Quartos,Preço Médio,Saídas,Quartos FdS,Adul. / Cri.,outubro,Histórico,26-out-2025 dom,122,0,48,0,1,113,9,"90,37","18 650,36","152,87",55,0,215,3832,16,1433,0,7,3127,705,"91,95","636 684,71","165,46",1457,1,6564,Total out,3832,16,1433,0,7,3127,705,"91,95","636 684,71","165,46",1457,1,6564,Total,48534,4631,17251,0,64,41984,6550,"53,96","6 403 055,44","120,44",17386,135,88949
Data,Ocup,Opção,Cheg,Oferta/Uso Interno,Deduz. Individ.,Deduz. Grupos,% Ocup.,Receita Quartos,Preço Médio,Saídas,Quartos FdS,Adul. / Cri.,outubro,Histórico,27-out-2025 seg,114,0,23,0,0,105,9,"84,44","17 616,94","154,53",31,0,202,3832,16,1433,0,7,3127,705,"91,95","636 684,71","165,46",1457,1,6564,Total out,3832,16,1433,0,7,3127,705,"91,95","636 684,71","165,46",1457,1,6564,Total,48534,4631,17251,0,64,41984,6550,"53,96","6 403 055,44","120,44",17386,135,88949
Data,Ocup,Opção,Cheg,Oferta/Uso Interno,Deduz. Individ.,Deduz. Grupos,% Ocup.,Receita Quartos,Preço Médio,Saídas,Quartos FdS,Adul. / Cri.,outubro,Histórico,28-out-2025 ter,101,1,28,0,0,101,0,"75,56","15 227,99","149,29",41,0,173,3832,16,1433,0,7,3127,705,"91,95","636 684,71","165,46",1457,1,6564,Total out,3832,16,1433,0,7,3127,705,"91,95","636 684,71","165,46",1457,1,6564,Total,48534,4631,17251,0,64,41984,6550,"53,96","6 403 055,44","120,44",17386,135,88949
Data,Ocup,Opção,Cheg,Oferta/Uso Interno,Deduz. Individ.,Deduz. Grupos,% Ocup.,Receita Quartos,Preço Médio,Saídas,Quartos FdS,Adul. / Cri.,outubro,Histórico,29-out-2025 qua,91,2,29,0,0,91,0,"68,89","13 432,93","144,44",39,0,159,3832,16,1433,0,7,3127,705,"91,95","636 684,71","165,46",1457,1,6564,Total out,3832,16,1433,0,7,3127,705,"91,95","636 684,71","165,46",1457,1,6564,Total,48534,4631,17251,0,64,41984,6550,"53,96","6 403 055,44","120,44",17386,135,88949
Data,Ocup,Opção,Cheg,Oferta/Uso Interno,Deduz. Individ.,Deduz. Grupos,% Ocup.,Receita Quartos,Preço Médio,Saídas,Quartos FdS,Adul. / Cri.,outubro,Histórico,30-out-2025 qui,84,3,31,0,1,84,0,"64,44","12 391,65","142,43",38,0,151,3832,16,1433,0,7,3127,705,"91,95","636 684,71","165,46",1457,1,6564,Total out,3832,16,1433,0,7,3127,705,"91,95","636 684,71","165,46",1457,1,6564,Total,48534,4631,17251,0,64,41984,6550,"53,96","6 403 055,44","120,44",17386,135,88949
Data,Ocup,Opção,Cheg,Oferta/Uso Interno,Deduz. Individ.,Deduz. Grupos,% Ocup.,Receita Quartos,Preço Médio,Saídas,Quartos FdS,Adul. / Cri.,outubro,Histórico,31-out-2025 sex,95,3,47,0,1,95,0,"72,59","14 467,52","147,63",36,0,162,3832,16,1433,0,7,3127,705,"91,95","636 684,71","165,46",1457,1,6564,Total out,3832,16,1433,0,7,3127,705,"91,95","636 684,71","165,46",1457,1,6564,Total,48534,4631,17251,0,64,41984,6550,"53,96","6 403 055,44","120,44",17386,135,88949
Data,Ocup,Opção,Cheg,Oferta/Uso Interno,Deduz. Individ.,Deduz. Grupos,% Ocup.,Receita Quartos,Preço Médio,Saídas,Quartos FdS,Adul. / Cri.,novembro,Histórico,01-nov-2025 sáb,114,3,32,0,1,114,0,"86,67","15 553,34","132,93",13,0,190,3396,3,1184,0,1,3177,219,"84,11","383 447,79","112,81",1182,5,5309,Total nov,3396,3,1184,0,1,3177,219,"84,11","383 447,79","112,81",1182,5,5309,Total,48534,4631,17251,0,64,41984,6550,"53,96","6 403 055,44","120,44",17386,135,88949
Data,Ocup,Opção,Cheg,Oferta/Uso Interno,Deduz. Individ.,Deduz. Grupos,% Ocup.,Receita Quartos,Preço Médio,Saídas,Quartos FdS,Adul. / Cri.,novembro,Histórico,02-nov-2025 dom,101,0,35,0,0,101,0,"74,81","12 459,28","123,36",48,0,166,3396,3,1184,0,1,3177,219,"84,11","383 447,79","112,81",1182,5,5309,Total nov,3396,3,1184,0,1,3177,219,"84,11","383 447,79","112,81",1182,5,5309,Total,48534,4631,17251,0,64,41984,6550,"53,96","6 403 055,44","120,44",17386,135,88949
Data,Ocup,Opção,Cheg,Oferta/Uso Interno,Deduz. Individ.,Deduz. Grupos,% Ocup.,Receita Quartos,Preço Médio,Saídas,Quartos FdS,Adul. / Cri.,novembro,Histórico,03-nov-2025 seg,101,0,47,0,0,95,6,"74,81","11 423,39","113,10",47,0,156,3396,3,1184,0,1,3177,219,"84,11","383 447,79","112,81",1182,5,5309,Total nov,3396,3,1184,0,1,3177,219,"84,11","383 447,79","112,81",1182,5,5309,Total,48534,4631,17251,0,64,41984,6550,"53,96","6 403 055,44","120,44",17386,135,88949
Data,Ocup,Opção,Cheg,Oferta/Uso Interno,Deduz. Individ.,Deduz. Grupos,% Ocup.,Receita Quartos,Preço Médio,Saídas,Quartos FdS,Adul. / Cri.,novembro,Histórico,04-nov-2025 ter,102,0,27,0,0,96,6,"75,56","11 010,89","107,95",26,0,154,3396,3,1184,0,1,3177,219,"84,11","383 447,79","112,81",1182,5,5309,Total nov,3396,3,1184,0,1,3177,219,"84,11","383 447,79","112,81",1182,5,5309,Total,48534,4631,17251,0,64,41984,6550,"53,96","6 403 055,44","120,44",17386,135,88949
Data,Ocup,Opção,Cheg,Oferta/Uso Interno,Deduz. Individ.,Deduz. Grupos,% Ocup.,Receita Quartos,Preço Médio,Saídas,Quartos FdS,Adul. / Cri.,novembro,Histórico,05-nov-2025 qua,121,0,40,0,0,115,6,"89,63","12 516,51","103,44",21,0,185,3396,3,1184,0,1,3177,219,"84,11","383 447,79","112,81",1182,5,5309,Total nov,3396,3,1184,0,1,3177,219,"84,11","383 447,79","112,81",1182,5,5309,Total,48534,4631,17251,0,64,41984,6550,"53,96","6 403 055,44","120,44",17386,135,88949
Data,Ocup,Opção,Cheg,Oferta/Uso Interno,Deduz. Individ.,Deduz. Grupos,% Ocup.,Receita Quartos,Preço Médio,Saídas,Quartos FdS,Adul. / Cri.,novembro,Histórico,06-nov-2025 qui,128,0,49,0,0,112,16,"94,81","15 843,67","123,78",42,0,209,3396,3,1184,0,1,3177,219,"84,11","383 447,79","112,81",1182,5,5309,Total nov,3396,3,1184,0,1,3177,219,"84,11","383 447,79","112,81",1182,5,5309,Total,48534,4631,17251,0,64,41984,6550,"53,96","6 403 055,44","120,44",17386,135,88949
Data,Ocup,Opção,Cheg,Oferta/Uso Interno,Deduz. Individ.,Deduz. Grupos,% Ocup.,Receita Quartos,Preço Médio,Saídas,Quartos FdS,Adul. / Cri.,novembro,Histórico,07-nov-2025 sex,128,0,34,0,0,117,11,"94,81","15 987,08","124,90",34,0,210,3396,3,1184,0,1,3177,219,"84,11","383 447,79","112,81",1182,5,5309,Total nov,3396,3,1184,0,1,3177,219,"84,11","383 447,79","112,81",1182,5,5309,Total,48534,4631,17251,0,64,41984,6550,"53,96","6 403 055,44","120,44",17386,135,88949
Data,Ocup,Opção,Cheg,Oferta/Uso Interno,Deduz. Individ.,Deduz. Grupos,% Ocup.,Receita Quartos,Preço Médio,Saídas,Quartos FdS,Adul. / Cri.,novembro,Histórico,08-nov-2025 sáb,125,0,43,0,0,115,10,"92,59","15 789,03","126,31",46,1,199,3396,3,1184,0,1,3177,219,"84,11","383 447,79","112,81",1182,5,5309,Total nov,3396,3,1184,0,1,3177,219,"84,11","383 447,79","112,81",1182,5,5309,Total,48534,4631,17251,0,64,41984,6550,"53,96","6 403 055,44","120,44",17386,135,88949
Data,Ocup,Opção,Cheg,Oferta/Uso Interno,Deduz. Individ.,Deduz. Grupos,% Ocup.,Receita Quartos,Preço Médio,Saídas,Quartos FdS,Adul. / Cri.,novembro,Histórico,09-nov-2025 dom,129,0,67,0,0,119,10,"95,56","18 674,07","144,76",63,0,180,3396,3,1184,0,1,3177,219,"84,11","383 447,79","112,81",1182,5,5309,Total nov,3396,3,1184,0,1,3177,219,"84,11","383 447,79","112,81",1182,5,5309,Total,48534,4631,17251,0,64,41984,6550,"53,96","6 403 055,44","120,44",17386,135,88949
Data,Ocup,Opção,Cheg,Oferta/Uso Interno,Deduz. Individ.,Deduz. Grupos,% Ocup.,Receita Quartos,Preço Médio,Saídas,Quartos FdS,Adul. / Cri.,novembro,Histórico,10-nov-2025 seg,133,0,45,0,0,133,0,"98,52","21 109,66","158,72",41,0,166,3396,3,1184,0,1,3177,219,"84,11","383 447,79","112,81",1182,5,5309,Total nov,3396,3,1184,0,1,3177,219,"84,11","383 447,79","112,81",1182,5,5309,Total,48534,4631,17251,0,64,41984,6550,"53,96","6 403 055,44","120,44",17386,135,88949
Data,Ocup,Opção,Cheg,Oferta/Uso Interno,Deduz. Individ.,Deduz. Grupos,% Ocup.,Receita Quartos,Preço Médio,Saídas,Quartos FdS,Adul. / Cri.,novembro,Histórico,11-nov-2025 ter,135,0,22,0,0,135,0,"100,00","21 708,45","160,80",20,0,170,3396,3,1184,0,1,3177,219,"84,11","383 447,79","112,81",1182,5,5309,Total nov,3396,3,1184,0,1,3177,219,"84,11","383 447,79","112,81",1182,5,5309,Total,48534,4631,17251,0,64,41984,6550,"53,96","6 403 055,44","120,44",17386,135,88949
Data,Ocup,Opção,Cheg,Oferta/Uso Interno,Deduz. Individ.,Deduz. Grupos,% Ocup.,Receita Quartos,Preço Médio,Saídas,Quartos FdS,Adul. / Cri.,novembro,Histórico,12-nov-2025 qua,135,0,26,0,0,135,0,"100,00","19 983,88","148,03",26,0,162,3396,3,1184,0,1,3177,219,"84,11","383 447,79","112,81",1182,5,5309,Total nov,3396,3,1184,0,1,3177,219,"84,11","383 447,79","112,81",1182,5,5309,Total,48534,4631,17251,0,64,41984,6550,"53,96","6 403 055,44","120,44",17386,135,88949
Data,Ocup,Opção,Cheg,Oferta/Uso Interno,Deduz. Individ.,Deduz. Grupos,% Ocup.,Receita Quartos,Preço Médio,Saídas,Quartos FdS,Adul. / Cri.,novembro,Histórico,13-nov-2025 qui,130,0,28,0,0,130,0,"96,30","16 917,75","130,14",33,1,156,3396,3,1184,0,1,3177,219,"84,11","383 447,79","112,81",1182,5,5309,Total nov,3396,3,1184,0,1,3177,219,"84,11","383 447,79","112,81",1182,5,5309,Total,48534,4631,17251,0,64,41984,6550,"53,96","6 403 055,44","120,44",17386,135,88949
Data,Ocup,Opção,Cheg,Oferta/Uso Interno,Deduz. Individ.,Deduz. Grupos,% Ocup.,Receita Quartos,Preço Médio,Saídas,Quartos FdS,Adul. / Cri.,novembro,Histórico,14-nov-2025 sex,109,0,67,0,0,109,0,"80,74","11 634,63","106,74",88,1,160,3396,3,1184,0,1,3177,219,"84,11","383 447,79","112,81",1182,5,5309,Total nov,3396,3,1184,0,1,3177,219,"84,11","383 447,79","112,81",1182,5,5309,Total,48534,4631,17251,0,64,41984,6550,"53,96","6 403 055,44","120,44",17386,135,88949
Data,Ocup,Opção,Cheg,Oferta/Uso Interno,Deduz. Individ.,Deduz. Grupos,% Ocup.,Receita Quartos,Preço Médio,Saídas,Quartos FdS,Adul. / Cri.,novembro,Histórico,15-nov-2025 sáb,125,0,51,0,0,125,0,"92,59","14 101,24","112,81",35,1,205,3396,3,1184,0,1,3177,219,"84,11","383 447,79","112,81",1182,5,5309,Total nov,3396,3,1184,0,1,3177,219,"84,11","383 447,79","112,81",1182,5,5309,Total,48534,4631,17251,0,64,41984,6550,"53,96","6 403 055,44","120,44",17386,135,88949
Data,Ocup,Opção,Cheg,Oferta/Uso Interno,Deduz. Individ.,Deduz. Grupos,% Ocup.,Receita Quartos,Preço Médio,Saídas,Quartos FdS,Adul. / Cri.,novembro,Histórico,16-nov-2025 dom,106,0,27,0,0,106,0,"78,52","10 915,59","102,98",46,1,185,3396,3,1184,0,1,3177,219,"84,11","383 447,79","112,81",1182,5,5309,Total nov,3396,3,1184,0,1,3177,219,"84,11","383 447,79","112,81",1182,5,5309,Total,48534,4631,17251,0,64,41984,6550,"53,96","6 403 055,44","120,44",17386,135,88949
Data,Ocup,Opção,Cheg,Oferta/Uso Interno,Deduz. Individ.,Deduz. Grupos,% Ocup.,Receita Quartos,Preço Médio,Saídas,Quartos FdS,Adul. / Cri.,novembro,Histórico,17-nov-2025 seg,101,0,39,0,0,99,2,"74,81","9 354,04","92,61",44,0,175,3396,3,1184,0,1,3177,219,"84,11","383 447,79","112,81",1182,5,5309,Total nov,3396,3,1184,0,1,3177,219,"84,11","383 447,79","112,81",1182,5,5309,Total,48534,4631,17251,0,64,41984,6550,"53,96","6 403 055,44","120,44",17386,135,88949
Data,Ocup,Opção,Cheg,Oferta/Uso Interno,Deduz. Individ.,Deduz. Grupos,% Ocup.,Receita Quartos,Preço Médio,Saídas,Quartos FdS,Adul. / Cri.,novembro,Histórico,18-nov-2025 ter,88,0,23,0,0,85,3,"65,19","6 214,98","70,62",36,0,142,3396,3,1184,0,1,3177,219,"84,11","383 447,79","112,81",1182,5,5309,Total nov,3396,3,1184,0,1,3177,219,"84,11","383 447,79","112,81",1182,5,5309,Total,48534,4631,17251,0,64,41984,6550,"53,96","6 403 055,44","120,44",17386,135,88949
Data,Ocup,Opção,Cheg,Oferta/Uso Interno,Deduz. Individ.,Deduz. Grupos,% Ocup.,Receita Quartos,Preço Médio,Saídas,Quartos FdS,Adul. / Cri.,novembro,Histórico,19-nov-2025 qua,118,0,62,0,0,103,15,"87,41","11 198,75","94,90",32,0,178,3396,3,1184,0,1,3177,219,"84,11","383 447,79","112,81",1182,5,5309,Total nov,3396,3,1184,0,1,3177,219,"84,11","383 447,79","112,81",1182,5,5309,Total,48534,4631,17251,0,64,41984,6550,"53,96","6 403 055,44","120,44",17386,135,88949
Data,Ocup,Opção,Cheg,Oferta/Uso Interno,Deduz. Individ.,Deduz. Grupos,% Ocup.,Receita Quartos,Preço Médio,Saídas,Quartos FdS,Adul. / Cri.,novembro,Histórico,20-nov-2025 qui,135,0,50,0,0,114,21,"100,00","13 521,91","100,16",33,0,215,3396,3,1184,0,1,3177,219,"84,11","383 447,79","112,81",1182,5,5309,Total nov,3396,3,1184,0,1,3177,219,"84,11","383 447,79","112,81",1182,5,5309,Total,48534,4631,17251,0,64,41984,6550,"53,96","6 403 055,44","120,44",17386,135,88949
Data,Ocup,Opção,Cheg,Oferta/Uso Interno,Deduz. Individ.,Deduz. Grupos,% Ocup.,Receita Quartos,Preço Médio,Saídas,Quartos FdS,Adul. / Cri.,novembro,Histórico,21-nov-2025 sex,133,0,39,0,0,114,19,"98,52","14 584,61","109,66",41,0,214,3396,3,1184,0,1,3177,219,"84,11","383 447,79","112,81",1182,5,5309,Total nov,3396,3,1184,0,1,3177,219,"84,11","383 447,79","112,81",1182,5,5309,Total,48534,4631,17251,0,64,41984,6550,"53,96","6 403 055,44","120,44",17386,135,88949
Data,Ocup,Opção,Cheg,Oferta/Uso Interno,Deduz. Individ.,Deduz. Grupos,% Ocup.,Receita Quartos,Preço Médio,Saídas,Quartos FdS,Adul. / Cri.,novembro,Histórico,22-nov-2025 sáb,126,0,31,0,0,108,18,"93,33","13 664,80","108,45",38,0,203,3396,3,1184,0,1,3177,219,"84,11","383 447,79","112,81",1182,5,5309,Total nov,3396,3,1184,0,1,3177,219,"84,11","383 447,79","112,81",1182,5,5309,Total,48534,4631,17251,0,64,41984,6550,"53,96","6 403 055,44","120,44",17386,135,88949
Data,Ocup,Opção,Cheg,Oferta/Uso Interno,Deduz. Individ.,Deduz. Grupos,% Ocup.,Receita Quartos,Preço Médio,Saídas,Quartos FdS,Adul. / Cri.,novembro,Histórico,23-nov-2025 dom,109,0,53,0,0,94,15,"80,74","9 440,45","86,61",70,0,181,3396,3,1184,0,1,3177,219,"84,11","383 447,79","112,81",1182,5,5309,Total nov,3396,3,1184,0,1,3177,219,"84,11","383 447,79","112,81",1182,5,5309,Total,48534,4631,17251,0,64,41984,6550,"53,96","6 403 055,44","120,44",17386,135,88949
Data,Ocup,Opção,Cheg,Oferta/Uso Interno,Deduz. Individ.,Deduz. Grupos,% Ocup.,Receita Quartos,Preço Médio,Saídas,Quartos FdS,Adul. / Cri.,novembro,Histórico,24-nov-2025 seg,97,0,27,0,0,82,15,"72,93","8 332,55","85,90",39,0,161,3396,3,1184,0,1,3177,219,"84,11","383 447,79","112,81",1182,5,5309,Total nov,3396,3,1184,0,1,3177,219,"84,11","383 447,79","112,81",1182,5,5309,Total,48534,4631,17251,0,64,41984,6550,"53,96","6 403 055,44","120,44",17386,135,88949
Data,Ocup,Opção,Cheg,Oferta/Uso Interno,Deduz. Individ.,Deduz. Grupos,% Ocup.,Receita Quartos,Preço Médio,Saídas,Quartos FdS,Adul. / Cri.,novembro,Histórico,25-nov-2025 ter,85,0,24,0,0,70,15,"63,91","7 293,68","85,81",36,0,137,3396,3,1184,0,1,3177,219,"84,11","383 447,79","112,81",1182,5,5309,Total nov,3396,3,1184,0,1,3177,219,"84,11","383 447,79","112,81",1182,5,5309,Total,48534,4631,17251,0,64,41984,6550,"53,96","6 403 055,44","120,44",17386,135,88949
Data,Ocup,Opção,Cheg,Oferta/Uso Interno,Deduz. Individ.,Deduz. Grupos,% Ocup.,Receita Quartos,Preço Médio,Saídas,Quartos FdS,Adul. / Cri.,novembro,Histórico,26-nov-2025 qua,77,0,24,0,0,62,15,"57,46","6 074,63","78,89",32,0,129,3396,3,1184,0,1,3177,219,"84,11","383 447,79","112,81",1182,5,5309,Total nov,3396,3,1184,0,1,3177,219,"84,11","383 447,79","112,81",1182,5,5309,Total,48534,4631,17251,0,64,41984,6550,"53,96","6 403 055,44","120,44",17386,135,88949
Data,Ocup,Opção,Cheg,Oferta/Uso Interno,Deduz. Individ.,Deduz. Grupos,% Ocup.,Receita Quartos,Preço Médio,Saídas,Quartos FdS,Adul. / Cri.,novembro,Histórico,27-nov-2025 qui,92,0,46,0,0,92,0,"68,66","7 560,00","82,17",31,0,160,3396,3,1184,0,1,3177,219,"84,11","383 447,79","112,81",1182,5,5309,Total nov,3396,3,1184,0,1,3177,219,"84,11","383 447,79","112,81",1182,5,5309,Total,48534,4631,17251,0,64,41984,6550,"53,96","6 403 055,44","120,44",17386,135,88949
Data,Ocup,Opção,Cheg,Oferta/Uso Interno,Deduz. Individ.,Deduz. Grupos,% Ocup.,Receita Quartos,Preço Médio,Saídas,Quartos FdS,Adul. / Cri.,novembro,Histórico,28-nov-2025 sex,103,0,54,0,0,95,8,"76,30","10 712,49","104,00",43,0,184,3396,3,1184,0,1,3177,219,"84,11","383 447,79","112,81",1182,5,5309,Total nov,3396,3,1184,0,1,3177,219,"84,11","383 447,79","112,81",1182,5,5309,Total,48534,4631,17251,0,64,41984,6550,"53,96","6 403 055,44","120,44",17386,135,88949
Data,Ocup,Opção,Cheg,Oferta/Uso Interno,Deduz. Individ.,Deduz. Grupos,% Ocup.,Receita Quartos,Preço Médio,Saídas,Quartos FdS,Adul. / Cri.,novembro,Histórico,29-nov-2025 sáb,113,0,33,0,0,105,8,"84,33","11 743,31","103,92",23,0,204,3396,3,1184,0,1,3177,219,"84,11","383 447,79","112,81",1182,5,5309,Total nov,3396,3,1184,0,1,3177,219,"84,11","383 447,79","112,81",1182,5,5309,Total,48534,4631,17251,0,64,41984,6550,"53,96","6 403 055,44","120,44",17386,135,88949
Data,Ocup,Opção,Cheg,Oferta/Uso Interno,Deduz. Individ.,Deduz. Grupos,% Ocup.,Receita Quartos,Preço Médio,Saídas,Quartos FdS,Adul. / Cri.,novembro,Histórico,30-nov-2025 dom,97,0,39,0,0,97,0,"72,93","8 123,13","83,74",55,0,173,3396,3,1184,0,1,3177,219,"84,11","383 447,79","112,81",1182,5,5309,Total nov,3396,3,1184,0,1,3177,219,"84,11","383 447,79","112,81",1182,5,5309,Total,48534,4631,17251,0,64,41984,6550,"53,96","6 403 055,44","120,44",17386,135,88949
Data,Ocup,Opção,Cheg,Oferta/Uso Interno,Deduz. Individ.,Deduz. Grupos,% Ocup.,Receita Quartos,Preço Médio,Saídas,Quartos FdS,Adul. / Cri.,dezembro,Histórico,01-dez-2025 seg,74,0,19,0,0,74,0,"54,81","5 842,64","78,95",42,0,130,306,0,118,0,0,306,0,"56,88","28 511,07","93,17",126,1,523,Total dez,2488,6,820,0,0,2460,28,"59,62","253 586,61","101,68",820,1,4632,Total,48534,4631,17251,0,64,41984,6550,"53,96","6 403 055,44","120,44",17386,135,88949
Data,Ocup,Opção,Cheg,Oferta/Uso Interno,Deduz. Individ.,Deduz. Grupos,% Ocup.,Receita Quartos,Preço Médio,Saídas,Quartos FdS,Adul. / Cri.,dezembro,Histórico,02-dez-2025 ter,75,0,26,0,0,75,0,"55,56","5 921,48","78,95",25,0,130,306,0,118,0,0,306,0,"56,88","28 511,07","93,17",126,1,523,Total dez,2488,6,820,0,0,2460,28,"59,62","253 586,61","101,68",820,1,4632,Total,48534,4631,17251,0,64,41984,6550,"53,96","6 403 055,44","120,44",17386,135,88949
Data,Ocup,Opção,Cheg,Oferta/Uso Interno,Deduz. Individ.,Deduz. Grupos,% Ocup.,Receita Quartos,Preço Médio,Saídas,Quartos FdS,Adul. / Cri.,dezembro,Histórico,03-dez-2025 qua,68,0,29,0,0,68,0,"50,37","7 021,36","103,26",36,0,117,306,0,118,0,0,306,0,"56,88","28 511,07","93,17",126,1,523,Total dez,2488,6,820,0,0,2460,28,"59,62","253 586,61","101,68",820,1,4632,Total,48534,4631,17251,0,64,41984,6550,"53,96","6 403 055,44","120,44",17386,135,88949
Data,Ocup,Opção,Cheg,Oferta/Uso Interno,Deduz. Individ.,Deduz. Grupos,% Ocup.,Receita Quartos,Preço Médio,Saídas,Quartos FdS,Adul. / Cri.,dezembro,Histórico,04-dez-2025 qui,89,0,44,0,0,89,0,"66,92","9 725,59","109,28",23,1,146,306,0,118,0,0,306,0,"56,88","28 511,07","93,17",126,1,523,Total dez,2488,6,820,0,0,2460,28,"59,62","253 586,61","101,68",820,1,4632,Total,48534,4631,17251,0,64,41984,6550,"53,96","6 403 055,44","120,44",17386,135,88949
Data,Ocup,Opção,Cheg,Oferta/Uso Interno,Deduz. Individ.,Deduz. Grupos,% Ocup.,Receita Quartos,Preço Médio,Saídas,Quartos FdS,Adul. / Cri.,dezembro,Previsão,05-dez-2025 sex,114,0,45,0,0,114,0,"84,44","13 027,89","114,28",20,0,204,2182,6,702,0,0,2154,28,"60,03","225 075,54","102,87",694,0,4109,Total dez,2488,6,820,0,0,2460,28,"59,62","253 586,61","101,68",820,1,4632,Total,48534,4631,17251,0,64,41984,6550,"53,96","6 403 055,44","120,44",17386,135,88949
Data,Ocup,Opção,Cheg,Oferta/Uso Interno,Deduz. Individ.,Deduz. Grupos,% Ocup.,Receita Quartos,Preço Médio,Saídas,Quartos FdS,Adul. / Cri.,dezembro,Previsão,06-dez-2025 sáb,126,0,44,0,0,126,0,"93,33","14 086,89","111,80",32,0,227,2182,6,702,0,0,2154,28,"60,03","225 075,54","102,87",694,0,4109,Total dez,2488,6,820,0,0,2460,28,"59,62","253 586,61","101,68",820,1,4632,Total,48534,4631,17251,0,64,41984,6550,"53,96","6 403 055,44","120,44",17386,135,88949
Data,Ocup,Opção,Cheg,Oferta/Uso Interno,Deduz. Individ.,Deduz. Grupos,% Ocup.,Receita Quartos,Preço Médio,Saídas,Quartos FdS,Adul. / Cri.,dezembro,Previsão,07-dez-2025 dom,115,0,27,0,0,115,0,"85,19","10 068,82","87,55",38,0,214,2182,6,702,0,0,2154,28,"60,03","225 075,54","102,87",694,0,4109,Total dez,2488,6,820,0,0,2460,28,"59,62","253 586,61","101,68",820,1,4632,Total,48534,4631,17251,0,64,41984,6550,"53,96","6 403 055,44","120,44",17386,135,88949
Data,Ocup,Opção,Cheg,Oferta/Uso Interno,Deduz. Individ.,Deduz. Grupos,% Ocup.,Receita Quartos,Preço Médio,Saídas,Quartos FdS,Adul. / Cri.,dezembro,Previsão,08-dez-2025 seg,76,0,17,0,0,76,0,"56,30","5 606,19","73,77",56,0,136,2182,6,702,0,0,2154,28,"60,03","225 075,54","102,87",694,0,4109,Total dez,2488,6,820,0,0,2460,28,"59,62","253 586,61","101,68",820,1,4632,Total,48534,4631,17251,0,64,41984,6550,"53,96","6 403 055,44","120,44",17386,135,88949
Data,Ocup,Opção,Cheg,Oferta/Uso Interno,Deduz. Individ.,Deduz. Grupos,% Ocup.,Receita Quartos,Preço Médio,Saídas,Quartos FdS,Adul. / Cri.,dezembro,Previsão,09-dez-2025 ter,64,0,20,0,0,64,0,"47,41","4 383,64","68,49",32,0,111,2182,6,702,0,0,2154,28,"60,03","225 075,54","102,87",694,0,4109,Total dez,2488,6,820,0,0,2460,28,"59,62","253 586,61","101,68",820,1,4632,Total,48534,4631,17251,0,64,41984,6550,"53,96","6 403 055,44","120,44",17386,135,88949
Data,Ocup,Opção,Cheg,Oferta/Uso Interno,Deduz. Individ.,Deduz. Grupos,% Ocup.,Receita Quartos,Preço Médio,Saídas,Quartos FdS,Adul. / Cri.,dezembro,Previsão,10-dez-2025 qua,67,0,25,0,0,67,0,"49,63","4 641,31","69,27",22,0,118,2182,6,702,0,0,2154,28,"60,03","225 075,54","102,87",694,0,4109,Total dez,2488,6,820,0,0,2460,28,"59,62","253 586,61","101,68",820,1,4632,Total,48534,4631,17251,0,64,41984,6550,"53,96","6 403 055,44","120,44",17386,135,88949
Data,Ocup,Opção,Cheg,Oferta/Uso Interno,Deduz. Individ.,Deduz. Grupos,% Ocup.,Receita Quartos,Preço Médio,Saídas,Quartos FdS,Adul. / Cri.,dezembro,Previsão,11-dez-2025 qui,74,0,34,0,0,74,0,"54,81","5 381,89","72,73",27,0,132,2182,6,702,0,0,2154,28,"60,03","225 075,54","102,87",694,0,4109,Total dez,2488,6,820,0,0,2460,28,"59,62","253 586,61","101,68",820,1,4632,Total,48534,4631,17251,0,64,41984,6550,"53,96","6 403 055,44","120,44",17386,135,88949
Data,Ocup,Opção,Cheg,Oferta/Uso Interno,Deduz. Individ.,Deduz. Grupos,% Ocup.,Receita Quartos,Preço Médio,Saídas,Quartos FdS,Adul. / Cri.,dezembro,Previsão,12-dez-2025 sex,83,0,35,0,0,83,0,"61,48","6 824,85","82,23",26,0,154,2182,6,702,0,0,2154,28,"60,03","225 075,54","102,87",694,0,4109,Total dez,2488,6,820,0,0,2460,28,"59,62","253 586,61","101,68",820,1,4632,Total,48534,4631,17251,0,64,41984,6550,"53,96","6 403 055,44","120,44",17386,135,88949
Data,Ocup,Opção,Cheg,Oferta/Uso Interno,Deduz. Individ.,Deduz. Grupos,% Ocup.,Receita Quartos,Preço Médio,Saídas,Quartos FdS,Adul. / Cri.,dezembro,Previsão,13-dez-2025 sáb,93,0,25,0,0,93,0,"68,89","7 908,87","85,04",15,0,177,2182,6,702,0,0,2154,28,"60,03","225 075,54","102,87",694,0,4109,Total dez,2488,6,820,0,0,2460,28,"59,62","253 586,61","101,68",820,1,4632,Total,48534,4631,17251,0,64,41984,6550,"53,96","6 403 055,44","120,44",17386,135,88949
Data,Ocup,Opção,Cheg,Oferta/Uso Interno,Deduz. Individ.,Deduz. Grupos,% Ocup.,Receita Quartos,Preço Médio,Saídas,Quartos FdS,Adul. / Cri.,dezembro,Previsão,14-dez-2025 dom,71,0,20,0,0,71,0,"52,59","4 996,56","70,37",42,0,139,2182,6,702,0,0,2154,28,"60,03","225 075,54","102,87",694,0,4109,Total dez,2488,6,820,0,0,2460,28,"59,62","253 586,61","101,68",820,1,4632,Total,48534,4631,17251,0,64,41984,6550,"53,96","6 403 055,44","120,44",17386,135,88949
Data,Ocup,Opção,Cheg,Oferta/Uso Interno,Deduz. Individ.,Deduz. Grupos,% Ocup.,Receita Quartos,Preço Médio,Saídas,Quartos FdS,Adul. / Cri.,dezembro,Previsão,15-dez-2025 seg,50,0,16,0,0,50,0,"37,04","3 610,93","72,22",37,0,97,2182,6,702,0,0,2154,28,"60,03","225 075,54","102,87",694,0,4109,Total dez,2488,6,820,0,0,2460,28,"59,62","253 586,61","101,68",820,1,4632,Total,48534,4631,17251,0,64,41984,6550,"53,96","6 403 055,44","120,44",17386,135,88949
Data,Ocup,Opção,Cheg,Oferta/Uso Interno,Deduz. Individ.,Deduz. Grupos,% Ocup.,Receita Quartos,Preço Médio,Saídas,Quartos FdS,Adul. / Cri.,dezembro,Previsão,16-dez-2025 ter,47,0,14,0,0,47,0,"34,81","3 222,76","68,57",17,0,87,2182,6,702,0,0,2154,28,"60,03","225 075,54","102,87",694,0,4109,Total dez,2488,6,820,0,0,2460,28,"59,62","253 586,61","101,68",820,1,4632,Total,48534,4631,17251,0,64,41984,6550,"53,96","6 403 055,44","120,44",17386,135,88949
Data,Ocup,Opção,Cheg,Oferta/Uso Interno,Deduz. Individ.,Deduz. Grupos,% Ocup.,Receita Quartos,Preço Médio,Saídas,Quartos FdS,Adul. / Cri.,dezembro,Previsão,17-dez-2025 qua,46,0,14,0,0,46,0,"34,07","3 178,61","69,10",15,0,83,2182,6,702,0,0,2154,28,"60,03","225 075,54","102,87",694,0,4109,Total dez,2488,6,820,0,0,2460,28,"59,62","253 586,61","101,68",820,1,4632,Total,48534,4631,17251,0,64,41984,6550,"53,96","6 403 055,44","120,44",17386,135,88949
Data,Ocup,Opção,Cheg,Oferta/Uso Interno,Deduz. Individ.,Deduz. Grupos,% Ocup.,Receita Quartos,Preço Médio,Saídas,Quartos FdS,Adul. / Cri.,dezembro,Previsão,18-dez-2025 qui,49,0,18,0,0,49,0,"36,30","3 448,42","70,38",15,0,84,2182,6,702,0,0,2154,28,"60,03","225 075,54","102,87",694,0,4109,Total dez,2488,6,820,0,0,2460,28,"59,62","253 586,61","101,68",820,1,4632,Total,48534,4631,17251,0,64,41984,6550,"53,96","6 403 055,44","120,44",17386,135,88949
Data,Ocup,Opção,Cheg,Oferta/Uso Interno,Deduz. Individ.,Deduz. Grupos,% Ocup.,Receita Quartos,Preço Médio,Saídas,Quartos FdS,Adul. / Cri.,dezembro,Previsão,19-dez-2025 sex,68,0,32,0,0,68,0,"50,37","5 397,86","79,38",13,0,127,2182,6,702,0,0,2154,28,"60,03","225 075,54","102,87",694,0,4109,Total dez,2488,6,820,0,0,2460,28,"59,62","253 586,61","101,68",820,1,4632,Total,48534,4631,17251,0,64,41984,6550,"53,96","6 403 055,44","120,44",17386,135,88949
Data,Ocup,Opção,Cheg,Oferta/Uso Interno,Deduz. Individ.,Deduz. Grupos,% Ocup.,Receita Quartos,Preço Médio,Saídas,Quartos FdS,Adul. / Cri.,dezembro,Previsão,20-dez-2025 sáb,77,0,25,0,0,77,0,"57,04","6 522,64","84,71",16,0,150,2182,6,702,0,0,2154,28,"60,03","225 075,54","102,87",694,0,4109,Total dez,2488,6,820,0,0,2460,28,"59,62","253 586,61","101,68",820,1,4632,Total,48534,4631,17251,0,64,41984,6550,"53,96","6 403 055,44","120,44",17386,135,88949
Data,Ocup,Opção,Cheg,Oferta/Uso Interno,Deduz. Individ.,Deduz. Grupos,% Ocup.,Receita Quartos,Preço Médio,Saídas,Quartos FdS,Adul. / Cri.,dezembro,Previsão,21-dez-2025 dom,76,0,28,0,0,76,0,"56,30","6 702,58","88,19",29,0,142,2182,6,702,0,0,2154,28,"60,03","225 075,54","102,87",694,0,4109,Total dez,2488,6,820,0,0,2460,28,"59,62","253 586,61","101,68",820,1,4632,Total,48534,4631,17251,0,64,41984,6550,"53,96","6 403 055,44","120,44",17386,135,88949
Data,Ocup,Opção,Cheg,Oferta/Uso Interno,Deduz. Individ.,Deduz. Grupos,% Ocup.,Receita Quartos,Preço Médio,Saídas,Quartos FdS,Adul. / Cri.,dezembro,Previsão,22-dez-2025 seg,75,0,17,0,0,75,0,"55,56","6 661,18","88,82",18,0,143,2182,6,702,0,0,2154,28,"60,03","225 075,54","102,87",694,0,4109,Total dez,2488,6,820,0,0,2460,28,"59,62","253 586,61","101,68",820,1,4632,Total,48534,4631,17251,0,64,41984,6550,"53,96","6 403 055,44","120,44",17386,135,88949
Data,Ocup,Opção,Cheg,Oferta/Uso Interno,Deduz. Individ.,Deduz. Grupos,% Ocup.,Receita Quartos,Preço Médio,Saídas,Quartos FdS,Adul. / Cri.,dezembro,Previsão,23-dez-2025 ter,65,0,20,0,0,65,0,"48,15","5 900,32","90,77",30,0,127,2182,6,702,0,0,2154,28,"60,03","225 075,54","102,87",694,0,4109,Total dez,2488,6,820,0,0,2460,28,"59,62","253 586,61","101,68",820,1,4632,Total,48534,4631,17251,0,64,41984,6550,"53,96","6 403 055,44","120,44",17386,135,88949
Data,Ocup,Opção,Cheg,Oferta/Uso Interno,Deduz. Individ.,Deduz. Grupos,% Ocup.,Receita Quartos,Preço Médio,Saídas,Quartos FdS,Adul. / Cri.,dezembro,Previsão,24-dez-2025 qua,64,0,25,0,0,64,0,"47,41","6 495,93","101,50",26,0,127,2182,6,702,0,0,2154,28,"60,03","225 075,54","102,87",694,0,4109,Total dez,2488,6,820,0,0,2460,28,"59,62","253 586,61","101,68",820,1,4632,Total,48534,4631,17251,0,64,41984,6550,"53,96","6 403 055,44","120,44",17386,135,88949
Data,Ocup,Opção,Cheg,Oferta/Uso Interno,Deduz. Individ.,Deduz. Grupos,% Ocup.,Receita Quartos,Preço Médio,Saídas,Quartos FdS,Adul. / Cri.,dezembro,Previsão,25-dez-2025 qui,67,0,13,0,0,67,0,"49,63","6 945,63","103,67",10,0,131,2182,6,702,0,0,2154,28,"60,03","225 075,54","102,87",694,0,4109,Total dez,2488,6,820,0,0,2460,28,"59,62","253 586,61","101,68",820,1,4632,Total,48534,4631,17251,0,64,41984,6550,"53,96","6 403 055,44","120,44",17386,135,88949
Data,Ocup,Opção,Cheg,Oferta/Uso Interno,Deduz. Individ.,Deduz. Grupos,% Ocup.,Receita Quartos,Preço Médio,Saídas,Quartos FdS,Adul. / Cri.,dezembro,Previsão,26-dez-2025 sex,96,0,44,0,0,96,0,"71,11","11 727,56","122,16",15,0,177,2182,6,702,0,0,2154,28,"60,03","225 075,54","102,87",694,0,4109,Total dez,2488,6,820,0,0,2460,28,"59,62","253 586,61","101,68",820,1,4632,Total,48534,4631,17251,0,64,41984,6550,"53,96","6 403 055,44","120,44",17386,135,88949
Data,Ocup,Opção,Cheg,Oferta/Uso Interno,Deduz. Individ.,Deduz. Grupos,% Ocup.,Receita Quartos,Preço Médio,Saídas,Quartos FdS,Adul. / Cri.,dezembro,Previsão,27-dez-2025 sáb,111,0,34,0,0,111,0,"82,22","13 809,57","124,41",19,0,212,2182,6,702,0,0,2154,28,"60,03","225 075,54","102,87",694,0,4109,Total dez,2488,6,820,0,0,2460,28,"59,62","253 586,61","101,68",820,1,4632,Total,48534,4631,17251,0,64,41984,6550,"53,96","6 403 055,44","120,44",17386,135,88949
Data,Ocup,Opção,Cheg,Oferta/Uso Interno,Deduz. Individ.,Deduz. Grupos,% Ocup.,Receita Quartos,Preço Médio,Saídas,Quartos FdS,Adul. / Cri.,dezembro,Previsão,28-dez-2025 dom,98,0,24,0,0,98,0,"72,59","12 554,89","128,11",37,0,190,2182,6,702,0,0,2154,28,"60,03","225 075,54","102,87",694,0,4109,Total dez,2488,6,820,0,0,2460,28,"59,62","253 586,61","101,68",820,1,4632,Total,48534,4631,17251,0,64,41984,6550,"53,96","6 403 055,44","120,44",17386,135,88949
Data,Ocup,Opção,Cheg,Oferta/Uso Interno,Deduz. Individ.,Deduz. Grupos,% Ocup.,Receita Quartos,Preço Médio,Saídas,Quartos FdS,Adul. / Cri.,dezembro,Previsão,29-dez-2025 seg,108,0,37,0,0,108,0,"80,00","14 510,43","134,36",27,0,215,2182,6,702,0,0,2154,28,"60,03","225 075,54","102,87",694,0,4109,Total dez,2488,6,820,0,0,2460,28,"59,62","253 586,61","101,68",820,1,4632,Total,48534,4631,17251,0,64,41984,6550,"53,96","6 403 055,44","120,44",17386,135,88949
Data,Ocup,Opção,Cheg,Oferta/Uso Interno,Deduz. Individ.,Deduz. Grupos,% Ocup.,Receita Quartos,Preço Médio,Saídas,Quartos FdS,Adul. / Cri.,dezembro,Previsão,30-dez-2025 ter,105,2,36,0,0,91,14,"79,26","17 756,31","165,95",39,0,209,2182,6,702,0,0,2154,28,"60,03","225 075,54","102,87",694,0,4109,Total dez,2488,6,820,0,0,2460,28,"59,62","253 586,61","101,68",820,1,4632,Total,48534,4631,17251,0,64,41984,6550,"53,96","6 403 055,44","120,44",17386,135,88949
Data,Ocup,Opção,Cheg,Oferta/Uso Interno,Deduz. Individ.,Deduz. Grupos,% Ocup.,Receita Quartos,Preço Médio,Saídas,Quartos FdS,Adul. / Cri.,dezembro,Previsão,31-dez-2025 qua,97,4,13,0,0,83,14,"74,81","19 703,01","195,08",21,0,196,2182,6,702,0,0,2154,28,"60,03","225 075,54","102,87",694,0,4109,Total dez,2488,6,820,0,0,2460,28,"59,62","253 586,61","101,68",820,1,4632,Total,48534,4631,17251,0,64,41984,6550,"53,96","6 403 055,44","120,44",17386,135,88949
Data,Ocup,Opção,Cheg,Oferta/Uso Interno,Deduz. Individ.,Deduz. Grupos,% Ocup.,Receita Quartos,Preço Médio,Saídas,Quartos FdS,Adul. / Cri.,janeiro,Previsão,01-jan-2026 qui,90,4,17,0,0,76,14,"69,63","15 214,58","161,86",24,0,190,1383,35,434,0,0,1338,45,"33,88","116 332,21","82,04",481,0,2782,Total jan,1383,35,434,0,0,1338,45,"33,88","116 332,21","82,04",481,0,2782,Total,48534,4631,17251,0,64,41984,6550,"53,96","6 403 055,44","120,44",17386,135,88949
Data,Ocup,Opção,Cheg,Oferta/Uso Interno,Deduz. Individ.,Deduz. Grupos,% Ocup.,Receita Quartos,Preço Médio,Saídas,Quartos FdS,Adul. / Cri.,janeiro,Previsão,02-jan-2026 sex,76,2,18,0,0,62,14,"57,78","10 303,77","132,10",32,0,152,1383,35,434,0,0,1338,45,"33,88","116 332,21","82,04",481,0,2782,Total jan,1383,35,434,0,0,1338,45,"33,88","116 332,21","82,04",481,0,2782,Total,48534,4631,17251,0,64,41984,6550,"53,96","6 403 055,44","120,44",17386,135,88949
Data,Ocup,Opção,Cheg,Oferta/Uso Interno,Deduz. Individ.,Deduz. Grupos,% Ocup.,Receita Quartos,Preço Médio,Saídas,Quartos FdS,Adul. / Cri.,janeiro,Previsão,03-jan-2026 sáb,64,2,12,0,0,50,14,"48,89","8 203,30","124,29",24,0,130,1383,35,434,0,0,1338,45,"33,88","116 332,21","82,04",481,0,2782,Total jan,1383,35,434,0,0,1338,45,"33,88","116 332,21","82,04",481,0,2782,Total,48534,4631,17251,0,64,41984,6550,"53,96","6 403 055,44","120,44",17386,135,88949
Data,Ocup,Opção,Cheg,Oferta/Uso Interno,Deduz. Individ.,Deduz. Grupos,% Ocup.,Receita Quartos,Preço Médio,Saídas,Quartos FdS,Adul. / Cri.,janeiro,Previsão,04-jan-2026 dom,49,0,14,0,0,49,0,"36,30","4 504,77","91,93",29,0,108,1383,35,434,0,0,1338,45,"33,88","116 332,21","82,04",481,0,2782,Total jan,1383,35,434,0,0,1338,45,"33,88","116 332,21","82,04",481,0,2782,Total,48534,4631,17251,0,64,41984,6550,"53,96","6 403 055,44","120,44",17386,135,88949
Data,Ocup,Opção,Cheg,Oferta/Uso Interno,Deduz. Individ.,Deduz. Grupos,% Ocup.,Receita Quartos,Preço Médio,Saídas,Quartos FdS,Adul. / Cri.,janeiro,Previsão,05-jan-2026 seg,46,0,17,0,0,46,0,"34,07","4 031,76","87,65",20,0,104,1383,35,434,0,0,1338,45,"33,88","116 332,21","82,04",481,0,2782,Total jan,1383,35,434,0,0,1338,45,"33,88","116 332,21","82,04",481,0,2782,Total,48534,4631,17251,0,64,41984,6550,"53,96","6 403 055,44","120,44",17386,135,88949
Data,Ocup,Opção,Cheg,Oferta/Uso Interno,Deduz. Individ.,Deduz. Grupos,% Ocup.,Receita Quartos,Preço Médio,Saídas,Quartos FdS,Adul. / Cri.,janeiro,Previsão,06-jan-2026 ter,56,0,18,0,0,56,0,"41,48","4 326,12","77,25",8,0,119,1383,35,434,0,0,1338,45,"33,88","116 332,21","82,04",481,0,2782,Total jan,1383,35,434,0,0,1338,45,"33,88","116 332,21","82,04",481,0,2782,Total,48534,4631,17251,0,64,41984,6550,"53,96","6 403 055,44","120,44",17386,135,88949
Data,Ocup,Opção,Cheg,Oferta/Uso Interno,Deduz. Individ.,Deduz. Grupos,% Ocup.,Receita Quartos,Preço Médio,Saídas,Quartos FdS,Adul. / Cri.,janeiro,Previsão,07-jan-2026 qua,46,0,10,0,0,46,0,"34,07","3 397,58","73,86",20,0,97,1383,35,434,0,0,1338,45,"33,88","116 332,21","82,04",481,0,2782,Total jan,1383,35,434,0,0,1338,45,"33,88","116 332,21","82,04",481,0,2782,Total,48534,4631,17251,0,64,41984,6550,"53,96","6 403 055,44","120,44",17386,135,88949
Data,Ocup,Opção,Cheg,Oferta/Uso Interno,Deduz. Individ.,Deduz. Grupos,% Ocup.,Receita Quartos,Preço Médio,Saídas,Quartos FdS,Adul. / Cri.,janeiro,Previsão,08-jan-2026 qui,33,0,6,0,0,33,0,"24,44","2 404,55","72,87",19,0,67,1383,35,434,0,0,1338,45,"33,88","116 332,21","82,04",481,0,2782,Total jan,1383,35,434,0,0,1338,45,"33,88","116 332,21","82,04",481,0,2782,Total,48534,4631,17251,0,64,41984,6550,"53,96","6 403 055,44","120,44",17386,135,88949
Data,Ocup,Opção,Cheg,Oferta/Uso Interno,Deduz. Individ.,Deduz. Grupos,% Ocup.,Receita Quartos,Preço Médio,Saídas,Quartos FdS,Adul. / Cri.,janeiro,Previsão,09-jan-2026 sex,53,0,28,0,0,53,0,"39,26","3 761,60","70,97",8,0,104,1383,35,434,0,0,1338,45,"33,88","116 332,21","82,04",481,0,2782,Total jan,1383,35,434,0,0,1338,45,"33,88","116 332,21","82,04",481,0,2782,Total,48534,4631,17251,0,64,41984,6550,"53,96","6 403 055,44","120,44",17386,135,88949
Data,Ocup,Opção,Cheg,Oferta/Uso Interno,Deduz. Individ.,Deduz. Grupos,% Ocup.,Receita Quartos,Preço Médio,Saídas,Quartos FdS,Adul. / Cri.,janeiro,Previsão,10-jan-2026 sáb,46,1,9,0,0,43,3,"34,81","3 271,40","69,60",16,0,87,1383,35,434,0,0,1338,45,"33,88","116 332,21","82,04",481,0,2782,Total jan,1383,35,434,0,0,1338,45,"33,88","116 332,21","82,04",481,0,2782,Total,48534,4631,17251,0,64,41984,6550,"53,96","6 403 055,44","120,44",17386,135,88949
Data,Ocup,Opção,Cheg,Oferta/Uso Interno,Deduz. Individ.,Deduz. Grupos,% Ocup.,Receita Quartos,Preço Médio,Saídas,Quartos FdS,Adul. / Cri.,janeiro,Previsão,11-jan-2026 dom,38,13,8,0,0,38,0,"37,78","2 622,88","51,43",16,0,74,1383,35,434,0,0,1338,45,"33,88","116 332,21","82,04",481,0,2782,Total jan,1383,35,434,0,0,1338,45,"33,88","116 332,21","82,04",481,0,2782,Total,48534,4631,17251,0,64,41984,6550,"53,96","6 403 055,44","120,44",17386,135,88949
Data,Ocup,Opção,Cheg,Oferta/Uso Interno,Deduz. Individ.,Deduz. Grupos,% Ocup.,Receita Quartos,Preço Médio,Saídas,Quartos FdS,Adul. / Cri.,janeiro,Previsão,12-jan-2026 seg,26,13,7,0,0,26,0,"28,89","1 688,13","43,29",19,0,51,1383,35,434,0,0,1338,45,"33,88","116 332,21","82,04",481,0,2782,Total jan,1383,35,434,0,0,1338,45,"33,88","116 332,21","82,04",481,0,2782,Total,48534,4631,17251,0,64,41984,6550,"53,96","6 403 055,44","120,44",17386,135,88949
Data,Ocup,Opção,Cheg,Oferta/Uso Interno,Deduz. Individ.,Deduz. Grupos,% Ocup.,Receita Quartos,Preço Médio,Saídas,Quartos FdS,Adul. / Cri.,janeiro,Previsão,13-jan-2026 ter,24,0,6,0,0,24,0,"17,78","1 550,12","64,59",8,0,49,1383,35,434,0,0,1338,45,"33,88","116 332,21","82,04",481,0,2782,Total jan,1383,35,434,0,0,1338,45,"33,88","116 332,21","82,04",481,0,2782,Total,48534,4631,17251,0,64,41984,6550,"53,96","6 403 055,44","120,44",17386,135,88949
Data,Ocup,Opção,Cheg,Oferta/Uso Interno,Deduz. Individ.,Deduz. Grupos,% Ocup.,Receita Quartos,Preço Médio,Saídas,Quartos FdS,Adul. / Cri.,janeiro,Previsão,14-jan-2026 qua,26,0,14,0,0,26,0,"19,26","1 756,72","67,57",12,0,50,1383,35,434,0,0,1338,45,"33,88","116 332,21","82,04",481,0,2782,Total jan,1383,35,434,0,0,1338,45,"33,88","116 332,21","82,04",481,0,2782,Total,48534,4631,17251,0,64,41984,6550,"53,96","6 403 055,44","120,44",17386,135,88949
Data,Ocup,Opção,Cheg,Oferta/Uso Interno,Deduz. Individ.,Deduz. Grupos,% Ocup.,Receita Quartos,Preço Médio,Saídas,Quartos FdS,Adul. / Cri.,janeiro,Previsão,15-jan-2026 qui,34,0,15,0,0,34,0,"25,19","2 207,19","64,92",7,0,61,1383,35,434,0,0,1338,45,"33,88","116 332,21","82,04",481,0,2782,Total jan,1383,35,434,0,0,1338,45,"33,88","116 332,21","82,04",481,0,2782,Total,48534,4631,17251,0,64,41984,6550,"53,96","6 403 055,44","120,44",17386,135,88949
Data,Ocup,Opção,Cheg,Oferta/Uso Interno,Deduz. Individ.,Deduz. Grupos,% Ocup.,Receita Quartos,Preço Médio,Saídas,Quartos FdS,Adul. / Cri.,janeiro,Previsão,16-jan-2026 sex,45,0,18,0,0,45,0,"33,33","3 050,58","67,79",7,0,85,1383,35,434,0,0,1338,45,"33,88","116 332,21","82,04",481,0,2782,Total jan,1383,35,434,0,0,1338,45,"33,88","116 332,21","82,04",481,0,2782,Total,48534,4631,17251,0,64,41984,6550,"53,96","6 403 055,44","120,44",17386,135,88949
Data,Ocup,Opção,Cheg,Oferta/Uso Interno,Deduz. Individ.,Deduz. Grupos,% Ocup.,Receita Quartos,Preço Médio,Saídas,Quartos FdS,Adul. / Cri.,janeiro,Previsão,17-jan-2026 sáb,52,0,19,0,0,52,0,"38,52","3 642,02","70,04",12,0,106,1383,35,434,0,0,1338,45,"33,88","116 332,21","82,04",481,0,2782,Total jan,1383,35,434,0,0,1338,45,"33,88","116 332,21","82,04",481,0,2782,Total,48534,4631,17251,0,64,41984,6550,"53,96","6 403 055,44","120,44",17386,135,88949
Data,Ocup,Opção,Cheg,Oferta/Uso Interno,Deduz. Individ.,Deduz. Grupos,% Ocup.,Receita Quartos,Preço Médio,Saídas,Quartos FdS,Adul. / Cri.,janeiro,Previsão,18-jan-2026 dom,43,0,8,0,0,43,0,"31,85","2 769,56","64,41",17,0,86,1383,35,434,0,0,1338,45,"33,88","116 332,21","82,04",481,0,2782,Total jan,1383,35,434,0,0,1338,45,"33,88","116 332,21","82,04",481,0,2782,Total,48534,4631,17251,0,64,41984,6550,"53,96","6 403 055,44","120,44",17386,135,88949
Data,Ocup,Opção,Cheg,Oferta/Uso Interno,Deduz. Individ.,Deduz. Grupos,% Ocup.,Receita Quartos,Preço Médio,Saídas,Quartos FdS,Adul. / Cri.,janeiro,Previsão,19-jan-2026 seg,39,0,13,0,0,39,0,"28,89","2 527,30","64,80",17,0,72,1383,35,434,0,0,1338,45,"33,88","116 332,21","82,04",481,0,2782,Total jan,1383,35,434,0,0,1338,45,"33,88","116 332,21","82,04",481,0,2782,Total,48534,4631,17251,0,64,41984,6550,"53,96","6 403 055,44","120,44",17386,135,88949
Data,Ocup,Opção,Cheg,Oferta/Uso Interno,Deduz. Individ.,Deduz. Grupos,% Ocup.,Receita Quartos,Preço Médio,Saídas,Quartos FdS,Adul. / Cri.,janeiro,Previsão,20-jan-2026 ter,26,0,6,0,0,26,0,"19,26","1 594,00","61,31",19,0,45,1383,35,434,0,0,1338,45,"33,88","116 332,21","82,04",481,0,2782,Total jan,1383,35,434,0,0,1338,45,"33,88","116 332,21","82,04",481,0,2782,Total,48534,4631,17251,0,64,41984,6550,"53,96","6 403 055,44","120,44",17386,135,88949
Data,Ocup,Opção,Cheg,Oferta/Uso Interno,Deduz. Individ.,Deduz. Grupos,% Ocup.,Receita Quartos,Preço Médio,Saídas,Quartos FdS,Adul. / Cri.,janeiro,Previsão,21-jan-2026 qua,34,0,16,0,0,34,0,"25,19","2 087,73","61,40",8,0,61,1383,35,434,0,0,1338,45,"33,88","116 332,21","82,04",481,0,2782,Total jan,1383,35,434,0,0,1338,45,"33,88","116 332,21","82,04",481,0,2782,Total,48534,4631,17251,0,64,41984,6550,"53,96","6 403 055,44","120,44",17386,135,88949
Data,Ocup,Opção,Cheg,Oferta/Uso Interno,Deduz. Individ.,Deduz. Grupos,% Ocup.,Receita Quartos,Preço Médio,Saídas,Quartos FdS,Adul. / Cri.,janeiro,Previsão,22-jan-2026 qui,43,0,16,0,0,43,0,"31,85","2 926,50","68,06",7,0,83,1383,35,434,0,0,1338,45,"33,88","116 332,21","82,04",481,0,2782,Total jan,1383,35,434,0,0,1338,45,"33,88","116 332,21","82,04",481,0,2782,Total,48534,4631,17251,0,64,41984,6550,"53,96","6 403 055,44","120,44",17386,135,88949
Data,Ocup,Opção,Cheg,Oferta/Uso Interno,Deduz. Individ.,Deduz. Grupos,% Ocup.,Receita Quartos,Preço Médio,Saídas,Quartos FdS,Adul. / Cri.,janeiro,Previsão,23-jan-2026 sex,50,0,21,0,0,50,0,"37,04","3 530,22","70,60",14,0,101,1383,35,434,0,0,1338,45,"33,88","116 332,21","82,04",481,0,2782,Total jan,1383,35,434,0,0,1338,45,"33,88","116 332,21","82,04",481,0,2782,Total,48534,4631,17251,0,64,41984,6550,"53,96","6 403 055,44","120,44",17386,135,88949
Data,Ocup,Opção,Cheg,Oferta/Uso Interno,Deduz. Individ.,Deduz. Grupos,% Ocup.,Receita Quartos,Preço Médio,Saídas,Quartos FdS,Adul. / Cri.,janeiro,Previsão,24-jan-2026 sáb,53,0,18,0,0,53,0,"39,26","3 948,63","74,50",15,0,111,1383,35,434,0,0,1338,45,"33,88","116 332,21","82,04",481,0,2782,Total jan,1383,35,434,0,0,1338,45,"33,88","116 332,21","82,04",481,0,2782,Total,48534,4631,17251,0,64,41984,6550,"53,96","6 403 055,44","120,44",17386,135,88949
Data,Ocup,Opção,Cheg,Oferta/Uso Interno,Deduz. Individ.,Deduz. Grupos,% Ocup.,Receita Quartos,Preço Médio,Saídas,Quartos FdS,Adul. / Cri.,janeiro,Previsão,25-jan-2026 dom,40,0,11,0,0,40,0,"29,63","3 107,71","77,69",24,0,89,1383,35,434,0,0,1338,45,"33,88","116 332,21","82,04",481,0,2782,Total jan,1383,35,434,0,0,1338,45,"33,88","116 332,21","82,04",481,0,2782,Total,48534,4631,17251,0,64,41984,6550,"53,96","6 403 055,44","120,44",17386,135,88949
Data,Ocup,Opção,Cheg,Oferta/Uso Interno,Deduz. Individ.,Deduz. Grupos,% Ocup.,Receita Quartos,Preço Médio,Saídas,Quartos FdS,Adul. / Cri.,janeiro,Previsão,26-jan-2026 seg,32,0,9,0,0,32,0,"23,70","2 530,19","79,07",17,0,71,1383,35,434,0,0,1338,45,"33,88","116 332,21","82,04",481,0,2782,Total jan,1383,35,434,0,0,1338,45,"33,88","116 332,21","82,04",481,0,2782,Total,48534,4631,17251,0,64,41984,6550,"53,96","6 403 055,44","120,44",17386,135,88949
Data,Ocup,Opção,Cheg,Oferta/Uso Interno,Deduz. Individ.,Deduz. Grupos,% Ocup.,Receita Quartos,Preço Médio,Saídas,Quartos FdS,Adul. / Cri.,janeiro,Previsão,27-jan-2026 ter,31,0,15,0,0,31,0,"22,96","1 983,14","63,97",16,0,56,1383,35,434,0,0,1338,45,"33,88","116 332,21","82,04",481,0,2782,Total jan,1383,35,434,0,0,1338,45,"33,88","116 332,21","82,04",481,0,2782,Total,48534,4631,17251,0,64,41984,6550,"53,96","6 403 055,44","120,44",17386,135,88949
Data,Ocup,Opção,Cheg,Oferta/Uso Interno,Deduz. Individ.,Deduz. Grupos,% Ocup.,Receita Quartos,Preço Médio,Saídas,Quartos FdS,Adul. / Cri.,janeiro,Previsão,28-jan-2026 qua,39,0,16,0,0,39,0,"28,89","2 594,22","66,52",8,0,72,1383,35,434,0,0,1338,45,"33,88","116 332,21","82,04",481,0,2782,Total jan,1383,35,434,0,0,1338,45,"33,88","116 332,21","82,04",481,0,2782,Total,48534,4631,17251,0,64,41984,6550,"53,96","6 403 055,44","120,44",17386,135,88949
Data,Ocup,Opção,Cheg,Oferta/Uso Interno,Deduz. Individ.,Deduz. Grupos,% Ocup.,Receita Quartos,Preço Médio,Saídas,Quartos FdS,Adul. / Cri.,janeiro,Previsão,29-jan-2026 qui,45,0,16,0,0,45,0,"33,33","3 133,41","69,63",10,0,87,1383,35,434,0,0,1338,45,"33,88","116 332,21","82,04",481,0,2782,Total jan,1383,35,434,0,0,1338,45,"33,88","116 332,21","82,04",481,0,2782,Total,48534,4631,17251,0,64,41984,6550,"53,96","6 403 055,44","120,44",17386,135,88949
Data,Ocup,Opção,Cheg,Oferta/Uso Interno,Deduz. Individ.,Deduz. Grupos,% Ocup.,Receita Quartos,Preço Médio,Saídas,Quartos FdS,Adul. / Cri.,janeiro,Previsão,30-jan-2026 sex,54,0,20,0,0,54,0,"40,00","3 909,81","72,40",11,0,111,1383,35,434,0,0,1338,45,"33,88","116 332,21","82,04",481,0,2782,Total jan,1383,35,434,0,0,1338,45,"33,88","116 332,21","82,04",481,0,2782,Total,48534,4631,17251,0,64,41984,6550,"53,96","6 403 055,44","120,44",17386,135,88949
Data,Ocup,Opção,Cheg,Oferta/Uso Interno,Deduz. Individ.,Deduz. Grupos,% Ocup.,Receita Quartos,Preço Médio,Saídas,Quartos FdS,Adul. / Cri.,janeiro,Previsão,31-jan-2026 sáb,50,0,13,0,0,50,0,"37,04","3 752,72","75,05",17,0,103,1383,35,434,0,0,1338,45,"33,88","116 332,21","82,04",481,0,2782,Total jan,1383,35,434,0,0,1338,45,"33,88","116 332,21","82,04",481,0,2782,Total,48534,4631,17251,0,64,41984,6550,"53,96","6 403 055,44","120,44",17386,135,88949
Data,Ocup,Opção,Cheg,Oferta/Uso Interno,Deduz. Individ.,Deduz. Grupos,% Ocup.,Receita Quartos,Preço Médio,Saídas,Quartos FdS,Adul. / Cri.,fevereiro,Previsão,01-fev-2026 dom,40,0,14,0,0,40,0,"29,63","2 817,69","70,44",24,0,81,989,52,336,0,0,986,3,"27,54","76 736,68","73,71",335,0,2007,Total fev,989,52,336,0,0,986,3,"27,54","76 736,68","73,71",335,0,2007,Total,48534,4631,17251,0,64,41984,6550,"53,96","6 403 055,44","120,44",17386,135,88949
Data,Ocup,Opção,Cheg,Oferta/Uso Interno,Deduz. Individ.,Deduz. Grupos,% Ocup.,Receita Quartos,Preço Médio,Saídas,Quartos FdS,Adul. / Cri.,fevereiro,Previsão,02-fev-2026 seg,37,10,13,0,0,37,0,"34,81","2 723,09","57,94",16,0,75,989,52,336,0,0,986,3,"27,54","76 736,68","73,71",335,0,2007,Total fev,989,52,336,0,0,986,3,"27,54","76 736,68","73,71",335,0,2007,Total,48534,4631,17251,0,64,41984,6550,"53,96","6 403 055,44","120,44",17386,135,88949
Data,Ocup,Opção,Cheg,Oferta/Uso Interno,Deduz. Individ.,Deduz. Grupos,% Ocup.,Receita Quartos,Preço Médio,Saídas,Quartos FdS,Adul. / Cri.,fevereiro,Previsão,03-fev-2026 ter,36,10,9,0,0,36,0,"34,07","2 607,24","56,68",10,0,74,989,52,336,0,0,986,3,"27,54","76 736,68","73,71",335,0,2007,Total fev,989,52,336,0,0,986,3,"27,54","76 736,68","73,71",335,0,2007,Total,48534,4631,17251,0,64,41984,6550,"53,96","6 403 055,44","120,44",17386,135,88949
Data,Ocup,Opção,Cheg,Oferta/Uso Interno,Deduz. Individ.,Deduz. Grupos,% Ocup.,Receita Quartos,Preço Médio,Saídas,Quartos FdS,Adul. / Cri.,fevereiro,Previsão,04-fev-2026 qua,34,0,12,0,0,34,0,"25,19","2 487,53","73,16",14,0,70,989,52,336,0,0,986,3,"27,54","76 736,68","73,71",335,0,2007,Total fev,989,52,336,0,0,986,3,"27,54","76 736,68","73,71",335,0,2007,Total,48534,4631,17251,0,64,41984,6550,"53,96","6 403 055,44","120,44",17386,135,88949
Data,Ocup,Opção,Cheg,Oferta/Uso Interno,Deduz. Individ.,Deduz. Grupos,% Ocup.,Receita Quartos,Preço Médio,Saídas,Quartos FdS,Adul. / Cri.,fevereiro,Previsão,05-fev-2026 qui,41,0,18,0,0,41,0,"30,37","2 622,00","63,95",11,0,79,989,52,336,0,0,986,3,"27,54","76 736,68","73,71",335,0,2007,Total fev,989,52,336,0,0,986,3,"27,54","76 736,68","73,71",335,0,2007,Total,48534,4631,17251,0,64,41984,6550,"53,96","6 403 055,44","120,44",17386,135,88949
Data,Ocup,Opção,Cheg,Oferta/Uso Interno,Deduz. Individ.,Deduz. Grupos,% Ocup.,Receita Quartos,Preço Médio,Saídas,Quartos FdS,Adul. / Cri.,fevereiro,Previsão,06-fev-2026 sex,53,0,24,0,0,53,0,"39,26","3 827,46","72,22",12,0,108,989,52,336,0,0,986,3,"27,54","76 736,68","73,71",335,0,2007,Total fev,989,52,336,0,0,986,3,"27,54","76 736,68","73,71",335,0,2007,Total,48534,4631,17251,0,64,41984,6550,"53,96","6 403 055,44","120,44",17386,135,88949
Data,Ocup,Opção,Cheg,Oferta/Uso Interno,Deduz. Individ.,Deduz. Grupos,% Ocup.,Receita Quartos,Preço Médio,Saídas,Quartos FdS,Adul. / Cri.,fevereiro,Previsão,07-fev-2026 sáb,62,2,16,0,0,62,0,"47,41","4 345,87","67,90",7,0,124,989,52,336,0,0,986,3,"27,54","76 736,68","73,71",335,0,2007,Total fev,989,52,336,0,0,986,3,"27,54","76 736,68","73,71",335,0,2007,Total,48534,4631,17251,0,64,41984,6550,"53,96","6 403 055,44","120,44",17386,135,88949
Data,Ocup,Opção,Cheg,Oferta/Uso Interno,Deduz. Individ.,Deduz. Grupos,% Ocup.,Receita Quartos,Preço Médio,Saídas,Quartos FdS,Adul. / Cri.,fevereiro,Previsão,08-fev-2026 dom,35,2,3,0,0,35,0,"27,41","2 258,70","61,05",30,0,70,989,52,336,0,0,986,3,"27,54","76 736,68","73,71",335,0,2007,Total fev,989,52,336,0,0,986,3,"27,54","76 736,68","73,71",335,0,2007,Total,48534,4631,17251,0,64,41984,6550,"53,96","6 403 055,44","120,44",17386,135,88949
Data,Ocup,Opção,Cheg,Oferta/Uso Interno,Deduz. Individ.,Deduz. Grupos,% Ocup.,Receita Quartos,Preço Médio,Saídas,Quartos FdS,Adul. / Cri.,fevereiro,Previsão,09-fev-2026 seg,25,0,10,0,0,25,0,"18,52","1 589,96","63,60",20,0,42,989,52,336,0,0,986,3,"27,54","76 736,68","73,71",335,0,2007,Total fev,989,52,336,0,0,986,3,"27,54","76 736,68","73,71",335,0,2007,Total,48534,4631,17251,0,64,41984,6550,"53,96","6 403 055,44","120,44",17386,135,88949
Data,Ocup,Opção,Cheg,Oferta/Uso Interno,Deduz. Individ.,Deduz. Grupos,% Ocup.,Receita Quartos,Preço Médio,Saídas,Quartos FdS,Adul. / Cri.,fevereiro,Previsão,10-fev-2026 ter,29,0,13,0,0,29,0,"21,48","1 923,62","66,33",9,0,52,989,52,336,0,0,986,3,"27,54","76 736,68","73,71",335,0,2007,Total fev,989,52,336,0,0,986,3,"27,54","76 736,68","73,71",335,0,2007,Total,48534,4631,17251,0,64,41984,6550,"53,96","6 403 055,44","120,44",17386,135,88949
Data,Ocup,Opção,Cheg,Oferta/Uso Interno,Deduz. Individ.,Deduz. Grupos,% Ocup.,Receita Quartos,Preço Médio,Saídas,Quartos FdS,Adul. / Cri.,fevereiro,Previsão,11-fev-2026 qua,29,13,5,0,0,29,0,"31,11","1 942,36","46,25",5,0,54,989,52,336,0,0,986,3,"27,54","76 736,68","73,71",335,0,2007,Total fev,989,52,336,0,0,986,3,"27,54","76 736,68","73,71",335,0,2007,Total,48534,4631,17251,0,64,41984,6550,"53,96","6 403 055,44","120,44",17386,135,88949
Data,Ocup,Opção,Cheg,Oferta/Uso Interno,Deduz. Individ.,Deduz. Grupos,% Ocup.,Receita Quartos,Preço Médio,Saídas,Quartos FdS,Adul. / Cri.,fevereiro,Previsão,12-fev-2026 qui,34,13,18,0,0,34,0,"34,81","2 499,89","53,19",13,0,66,989,52,336,0,0,986,3,"27,54","76 736,68","73,71",335,0,2007,Total fev,989,52,336,0,0,986,3,"27,54","76 736,68","73,71",335,0,2007,Total,48534,4631,17251,0,64,41984,6550,"53,96","6 403 055,44","120,44",17386,135,88949
Data,Ocup,Opção,Cheg,Oferta/Uso Interno,Deduz. Individ.,Deduz. Grupos,% Ocup.,Receita Quartos,Preço Médio,Saídas,Quartos FdS,Adul. / Cri.,fevereiro,Previsão,13-fev-2026 sex,38,0,11,0,0,38,0,"28,15","3 074,85","80,92",7,0,80,989,52,336,0,0,986,3,"27,54","76 736,68","73,71",335,0,2007,Total fev,989,52,336,0,0,986,3,"27,54","76 736,68","73,71",335,0,2007,Total,48534,4631,17251,0,64,41984,6550,"53,96","6 403 055,44","120,44",17386,135,88949
Data,Ocup,Opção,Cheg,Oferta/Uso Interno,Deduz. Individ.,Deduz. Grupos,% Ocup.,Receita Quartos,Preço Médio,Saídas,Quartos FdS,Adul. / Cri.,fevereiro,Previsão,14-fev-2026 sáb,33,0,7,0,0,33,0,"24,44","3 537,23","107,19",12,0,70,989,52,336,0,0,986,3,"27,54","76 736,68","73,71",335,0,2007,Total fev,989,52,336,0,0,986,3,"27,54","76 736,68","73,71",335,0,2007,Total,48534,4631,17251,0,64,41984,6550,"53,96","6 403 055,44","120,44",17386,135,88949
Data,Ocup,Opção,Cheg,Oferta/Uso Interno,Deduz. Individ.,Deduz. Grupos,% Ocup.,Receita Quartos,Preço Médio,Saídas,Quartos FdS,Adul. / Cri.,fevereiro,Previsão,15-fev-2026 dom,36,0,17,0,0,36,0,"26,67","3 725,52","103,49",14,0,82,989,52,336,0,0,986,3,"27,54","76 736,68","73,71",335,0,2007,Total fev,989,52,336,0,0,986,3,"27,54","76 736,68","73,71",335,0,2007,Total,48534,4631,17251,0,64,41984,6550,"53,96","6 403 055,44","120,44",17386,135,88949
Data,Ocup,Opção,Cheg,Oferta/Uso Interno,Deduz. Individ.,Deduz. Grupos,% Ocup.,Receita Quartos,Preço Médio,Saídas,Quartos FdS,Adul. / Cri.,fevereiro,Previsão,16-fev-2026 seg,35,0,8,0,0,35,0,"25,93","3 769,86","107,71",9,0,86,989,52,336,0,0,986,3,"27,54","76 736,68","73,71",335,0,2007,Total fev,989,52,336,0,0,986,3,"27,54","76 736,68","73,71",335,0,2007,Total,48534,4631,17251,0,64,41984,6550,"53,96","6 403 055,44","120,44",17386,135,88949
Data,Ocup,Opção,Cheg,Oferta/Uso Interno,Deduz. Individ.,Deduz. Grupos,% Ocup.,Receita Quartos,Preço Médio,Saídas,Quartos FdS,Adul. / Cri.,fevereiro,Previsão,17-fev-2026 ter,40,0,15,0,0,40,0,"29,63","3 253,10","81,33",10,0,88,989,52,336,0,0,986,3,"27,54","76 736,68","73,71",335,0,2007,Total fev,989,52,336,0,0,986,3,"27,54","76 736,68","73,71",335,0,2007,Total,48534,4631,17251,0,64,41984,6550,"53,96","6 403 055,44","120,44",17386,135,88949
Data,Ocup,Opção,Cheg,Oferta/Uso Interno,Deduz. Individ.,Deduz. Grupos,% Ocup.,Receita Quartos,Preço Médio,Saídas,Quartos FdS,Adul. / Cri.,fevereiro,Previsão,18-fev-2026 qua,35,0,15,0,0,35,0,"25,93","2 879,78","82,28",20,0,75,989,52,336,0,0,986,3,"27,54","76 736,68","73,71",335,0,2007,Total fev,989,52,336,0,0,986,3,"27,54","76 736,68","73,71",335,0,2007,Total,48534,4631,17251,0,64,41984,6550,"53,96","6 403 055,44","120,44",17386,135,88949
Data,Ocup,Opção,Cheg,Oferta/Uso Interno,Deduz. Individ.,Deduz. Grupos,% Ocup.,Receita Quartos,Preço Médio,Saídas,Quartos FdS,Adul. / Cri.,fevereiro,Previsão,19-fev-2026 qui,46,0,15,0,0,46,0,"34,07","3 896,63","84,71",4,0,98,989,52,336,0,0,986,3,"27,54","76 736,68","73,71",335,0,2007,Total fev,989,52,336,0,0,986,3,"27,54","76 736,68","73,71",335,0,2007,Total,48534,4631,17251,0,64,41984,6550,"53,96","6 403 055,44","120,44",17386,135,88949
Data,Ocup,Opção,Cheg,Oferta/Uso Interno,Deduz. Individ.,Deduz. Grupos,% Ocup.,Receita Quartos,Preço Médio,Saídas,Quartos FdS,Adul. / Cri.,fevereiro,Previsão,20-fev-2026 sex,45,0,11,0,0,45,0,"33,33","3 895,88","86,58",12,0,96,989,52,336,0,0,986,3,"27,54","76 736,68","73,71",335,0,2007,Total fev,989,52,336,0,0,986,3,"27,54","76 736,68","73,71",335,0,2007,Total,48534,4631,17251,0,64,41984,6550,"53,96","6 403 055,44","120,44",17386,135,88949
Data,Ocup,Opção,Cheg,Oferta/Uso Interno,Deduz. Individ.,Deduz. Grupos,% Ocup.,Receita Quartos,Preço Médio,Saídas,Quartos FdS,Adul. / Cri.,fevereiro,Previsão,21-fev-2026 sáb,35,0,10,0,0,35,0,"25,93","3 224,08","92,12",20,0,78,989,52,336,0,0,986,3,"27,54","76 736,68","73,71",335,0,2007,Total fev,989,52,336,0,0,986,3,"27,54","76 736,68","73,71",335,0,2007,Total,48534,4631,17251,0,64,41984,6550,"53,96","6 403 055,44","120,44",17386,135,88949
Data,Ocup,Opção,Cheg,Oferta/Uso Interno,Deduz. Individ.,Deduz. Grupos,% Ocup.,Receita Quartos,Preço Médio,Saídas,Quartos FdS,Adul. / Cri.,fevereiro,Previsão,22-fev-2026 dom,26,0,4,0,0,26,0,"19,26","2 041,75","78,53",13,0,55,989,52,336,0,0,986,3,"27,54","76 736,68","73,71",335,0,2007,Total fev,989,52,336,0,0,986,3,"27,54","76 736,68","73,71",335,0,2007,Total,48534,4631,17251,0,64,41984,6550,"53,96","6 403 055,44","120,44",17386,135,88949
Data,Ocup,Opção,Cheg,Oferta/Uso Interno,Deduz. Individ.,Deduz. Grupos,% Ocup.,Receita Quartos,Preço Médio,Saídas,Quartos FdS,Adul. / Cri.,fevereiro,Previsão,23-fev-2026 seg,16,0,6,0,0,16,0,"11,85","1 170,03","73,13",16,0,29,989,52,336,0,0,986,3,"27,54","76 736,68","73,71",335,0,2007,Total fev,989,52,336,0,0,986,3,"27,54","76 736,68","73,71",335,0,2007,Total,48534,4631,17251,0,64,41984,6550,"53,96","6 403 055,44","120,44",17386,135,88949
Data,Ocup,Opção,Cheg,Oferta/Uso Interno,Deduz. Individ.,Deduz. Grupos,% Ocup.,Receita Quartos,Preço Médio,Saídas,Quartos FdS,Adul. / Cri.,fevereiro,Previsão,24-fev-2026 ter,21,0,8,0,0,21,0,"15,56","1 574,12","74,96",3,0,37,989,52,336,0,0,986,3,"27,54","76 736,68","73,71",335,0,2007,Total fev,989,52,336,0,0,986,3,"27,54","76 736,68","73,71",335,0,2007,Total,48534,4631,17251,0,64,41984,6550,"53,96","6 403 055,44","120,44",17386,135,88949
Data,Ocup,Opção,Cheg,Oferta/Uso Interno,Deduz. Individ.,Deduz. Grupos,% Ocup.,Receita Quartos,Preço Médio,Saídas,Quartos FdS,Adul. / Cri.,fevereiro,Previsão,25-fev-2026 qua,16,0,3,0,0,16,0,"11,85","1 063,58","66,47",8,0,27,989,52,336,0,0,986,3,"27,54","76 736,68","73,71",335,0,2007,Total fev,989,52,336,0,0,986,3,"27,54","76 736,68","73,71",335,0,2007,Total,48534,4631,17251,0,64,41984,6550,"53,96","6 403 055,44","120,44",17386,135,88949
Data,Ocup,Opção,Cheg,Oferta/Uso Interno,Deduz. Individ.,Deduz. Grupos,% Ocup.,Receita Quartos,Preço Médio,Saídas,Quartos FdS,Adul. / Cri.,fevereiro,Previsão,26-fev-2026 qui,22,0,11,0,0,22,0,"16,30","1 464,60","66,57",5,0,39,989,52,336,0,0,986,3,"27,54","76 736,68","73,71",335,0,2007,Total fev,989,52,336,0,0,986,3,"27,54","76 736,68","73,71",335,0,2007,Total,48534,4631,17251,0,64,41984,6550,"53,96","6 403 055,44","120,44",17386,135,88949
Data,Ocup,Opção,Cheg,Oferta/Uso Interno,Deduz. Individ.,Deduz. Grupos,% Ocup.,Receita Quartos,Preço Médio,Saídas,Quartos FdS,Adul. / Cri.,fevereiro,Previsão,27-fev-2026 sex,39,0,25,0,0,38,1,"28,89","2 875,01","73,72",8,0,75,989,52,336,0,0,986,3,"27,54","76 736,68","73,71",335,0,2007,Total fev,989,52,336,0,0,986,3,"27,54","76 736,68","73,71",335,0,2007,Total,48534,4631,17251,0,64,41984,6550,"53,96","6 403 055,44","120,44",17386,135,88949
Data,Ocup,Opção,Cheg,Oferta/Uso Interno,Deduz. Individ.,Deduz. Grupos,% Ocup.,Receita Quartos,Preço Médio,Saídas,Quartos FdS,Adul. / Cri.,fevereiro,Previsão,28-fev-2026 sáb,51,2,15,0,0,49,2,"39,26","3 645,24","68,78",3,0,97,989,52,336,0,0,986,3,"27,54","76 736,68","73,71",335,0,2007,Total fev,989,52,336,0,0,986,3,"27,54","76 736,68","73,71",335,0,2007,Total,48534,4631,17251,0,64,41984,6550,"53,96","6 403 055,44","120,44",17386,135,88949
Data,Ocup,Opção,Cheg,Oferta/Uso Interno,Deduz. Individ.,Deduz. Grupos,% Ocup.,Receita Quartos,Preço Médio,Saídas,Quartos FdS,Adul. / Cri.,março,Previsão,01-mar-2026 dom,33,13,6,0,0,33,0,"34,07","2 837,82","61,69",24,0,65,967,186,306,0,0,729,238,"27,55","104 546,37","90,67",332,0,1870,Total mar,967,186,306,0,0,729,238,"27,55","104 546,37","90,67",332,0,1870,Total,48534,4631,17251,0,64,41984,6550,"53,96","6 403 055,44","120,44",17386,135,88949
Data,Ocup,Opção,Cheg,Oferta/Uso Interno,Deduz. Individ.,Deduz. Grupos,% Ocup.,Receita Quartos,Preço Médio,Saídas,Quartos FdS,Adul. / Cri.,março,Previsão,02-mar-2026 seg,31,13,12,0,0,31,0,"32,59","2 690,58","61,15",14,0,63,967,186,306,0,0,729,238,"27,55","104 546,37","90,67",332,0,1870,Total mar,967,186,306,0,0,729,238,"27,55","104 546,37","90,67",332,0,1870,Total,48534,4631,17251,0,64,41984,6550,"53,96","6 403 055,44","120,44",17386,135,88949
Data,Ocup,Opção,Cheg,Oferta/Uso Interno,Deduz. Individ.,Deduz. Grupos,% Ocup.,Receita Quartos,Preço Médio,Saídas,Quartos FdS,Adul. / Cri.,março,Previsão,03-mar-2026 ter,28,0,4,0,0,28,0,"20,74","2 468,89","88,17",7,0,57,967,186,306,0,0,729,238,"27,55","104 546,37","90,67",332,0,1870,Total mar,967,186,306,0,0,729,238,"27,55","104 546,37","90,67",332,0,1870,Total,48534,4631,17251,0,64,41984,6550,"53,96","6 403 055,44","120,44",17386,135,88949
Data,Ocup,Opção,Cheg,Oferta/Uso Interno,Deduz. Individ.,Deduz. Grupos,% Ocup.,Receita Quartos,Preço Médio,Saídas,Quartos FdS,Adul. / Cri.,março,Previsão,04-mar-2026 qua,23,0,7,0,0,23,0,"17,04","1 976,17","85,92",12,0,44,967,186,306,0,0,729,238,"27,55","104 546,37","90,67",332,0,1870,Total mar,967,186,306,0,0,729,238,"27,55","104 546,37","90,67",332,0,1870,Total,48534,4631,17251,0,64,41984,6550,"53,96","6 403 055,44","120,44",17386,135,88949
Data,Ocup,Opção,Cheg,Oferta/Uso Interno,Deduz. Individ.,Deduz. Grupos,% Ocup.,Receita Quartos,Preço Médio,Saídas,Quartos FdS,Adul. / Cri.,março,Previsão,05-mar-2026 qui,24,0,7,0,0,24,0,"17,78","2 060,72","85,86",6,0,45,967,186,306,0,0,729,238,"27,55","104 546,37","90,67",332,0,1870,Total mar,967,186,306,0,0,729,238,"27,55","104 546,37","90,67",332,0,1870,Total,48534,4631,17251,0,64,41984,6550,"53,96","6 403 055,44","120,44",17386,135,88949
Data,Ocup,Opção,Cheg,Oferta/Uso Interno,Deduz. Individ.,Deduz. Grupos,% Ocup.,Receita Quartos,Preço Médio,Saídas,Quartos FdS,Adul. / Cri.,março,Previsão,06-mar-2026 sex,43,0,27,0,0,40,3,"31,85","4 157,08","96,68",8,0,77,967,186,306,0,0,729,238,"27,55","104 546,37","90,67",332,0,1870,Total mar,967,186,306,0,0,729,238,"27,55","104 546,37","90,67",332,0,1870,Total,48534,4631,17251,0,64,41984,6550,"53,96","6 403 055,44","120,44",17386,135,88949
Data,Ocup,Opção,Cheg,Oferta/Uso Interno,Deduz. Individ.,Deduz. Grupos,% Ocup.,Receita Quartos,Preço Médio,Saídas,Quartos FdS,Adul. / Cri.,março,Previsão,07-mar-2026 sáb,43,0,7,0,0,40,3,"31,85","4 181,51","97,24",7,0,79,967,186,306,0,0,729,238,"27,55","104 546,37","90,67",332,0,1870,Total mar,967,186,306,0,0,729,238,"27,55","104 546,37","90,67",332,0,1870,Total,48534,4631,17251,0,64,41984,6550,"53,96","6 403 055,44","120,44",17386,135,88949
Data,Ocup,Opção,Cheg,Oferta/Uso Interno,Deduz. Individ.,Deduz. Grupos,% Ocup.,Receita Quartos,Preço Médio,Saídas,Quartos FdS,Adul. / Cri.,março,Previsão,08-mar-2026 dom,33,0,5,0,0,33,0,"24,44","3 060,89","92,75",15,0,65,967,186,306,0,0,729,238,"27,55","104 546,37","90,67",332,0,1870,Total mar,967,186,306,0,0,729,238,"27,55","104 546,37","90,67",332,0,1870,Total,48534,4631,17251,0,64,41984,6550,"53,96","6 403 055,44","120,44",17386,135,88949
Data,Ocup,Opção,Cheg,Oferta/Uso Interno,Deduz. Individ.,Deduz. Grupos,% Ocup.,Receita Quartos,Preço Médio,Saídas,Quartos FdS,Adul. / Cri.,março,Previsão,09-mar-2026 seg,22,0,3,0,0,22,0,"16,30","1 972,26","89,65",14,0,45,967,186,306,0,0,729,238,"27,55","104 546,37","90,67",332,0,1870,Total mar,967,186,306,0,0,729,238,"27,55","104 546,37","90,67",332,0,1870,Total,48534,4631,17251,0,64,41984,6550,"53,96","6 403 055,44","120,44",17386,135,88949
Data,Ocup,Opção,Cheg,Oferta/Uso Interno,Deduz. Individ.,Deduz. Grupos,% Ocup.,Receita Quartos,Preço Médio,Saídas,Quartos FdS,Adul. / Cri.,março,Previsão,10-mar-2026 ter,12,0,2,0,0,11,1,"8,89","1 147,61","95,63",12,0,23,967,186,306,0,0,729,238,"27,55","104 546,37","90,67",332,0,1870,Total mar,967,186,306,0,0,729,238,"27,55","104 546,37","90,67",332,0,1870,Total,48534,4631,17251,0,64,41984,6550,"53,96","6 403 055,44","120,44",17386,135,88949
Data,Ocup,Opção,Cheg,Oferta/Uso Interno,Deduz. Individ.,Deduz. Grupos,% Ocup.,Receita Quartos,Preço Médio,Saídas,Quartos FdS,Adul. / Cri.,março,Previsão,11-mar-2026 qua,24,0,19,0,0,7,17,"17,78","2 786,72","116,11",7,0,47,967,186,306,0,0,729,238,"27,55","104 546,37","90,67",332,0,1870,Total mar,967,186,306,0,0,729,238,"27,55","104 546,37","90,67",332,0,1870,Total,48534,4631,17251,0,64,41984,6550,"53,96","6 403 055,44","120,44",17386,135,88949
Data,Ocup,Opção,Cheg,Oferta/Uso Interno,Deduz. Individ.,Deduz. Grupos,% Ocup.,Receita Quartos,Preço Médio,Saídas,Quartos FdS,Adul. / Cri.,março,Previsão,12-mar-2026 qui,28,0,6,0,0,11,17,"20,74","3 161,70","112,92",2,0,52,967,186,306,0,0,729,238,"27,55","104 546,37","90,67",332,0,1870,Total mar,967,186,306,0,0,729,238,"27,55","104 546,37","90,67",332,0,1870,Total,48534,4631,17251,0,64,41984,6550,"53,96","6 403 055,44","120,44",17386,135,88949
Data,Ocup,Opção,Cheg,Oferta/Uso Interno,Deduz. Individ.,Deduz. Grupos,% Ocup.,Receita Quartos,Preço Médio,Saídas,Quartos FdS,Adul. / Cri.,março,Previsão,13-mar-2026 sex,36,0,9,0,0,19,17,"26,67","4 469,38","124,15",1,0,68,967,186,306,0,0,729,238,"27,55","104 546,37","90,67",332,0,1870,Total mar,967,186,306,0,0,729,238,"27,55","104 546,37","90,67",332,0,1870,Total,48534,4631,17251,0,64,41984,6550,"53,96","6 403 055,44","120,44",17386,135,88949
Data,Ocup,Opção,Cheg,Oferta/Uso Interno,Deduz. Individ.,Deduz. Grupos,% Ocup.,Receita Quartos,Preço Médio,Saídas,Quartos FdS,Adul. / Cri.,março,Previsão,14-mar-2026 sáb,27,4,10,0,0,27,0,"22,96","3 122,00","100,71",19,0,53,967,186,306,0,0,729,238,"27,55","104 546,37","90,67",332,0,1870,Total mar,967,186,306,0,0,729,238,"27,55","104 546,37","90,67",332,0,1870,Total,48534,4631,17251,0,64,41984,6550,"53,96","6 403 055,44","120,44",17386,135,88949
Data,Ocup,Opção,Cheg,Oferta/Uso Interno,Deduz. Individ.,Deduz. Grupos,% Ocup.,Receita Quartos,Preço Médio,Saídas,Quartos FdS,Adul. / Cri.,março,Previsão,15-mar-2026 dom,24,13,3,0,0,24,0,"27,41","2 432,55","65,74",6,0,45,967,186,306,0,0,729,238,"27,55","104 546,37","90,67",332,0,1870,Total mar,967,186,306,0,0,729,238,"27,55","104 546,37","90,67",332,0,1870,Total,48534,4631,17251,0,64,41984,6550,"53,96","6 403 055,44","120,44",17386,135,88949
Data,Ocup,Opção,Cheg,Oferta/Uso Interno,Deduz. Individ.,Deduz. Grupos,% Ocup.,Receita Quartos,Preço Médio,Saídas,Quartos FdS,Adul. / Cri.,março,Previsão,16-mar-2026 seg,34,13,24,0,0,15,19,"34,81","5 098,66","108,48",14,0,61,967,186,306,0,0,729,238,"27,55","104 546,37","90,67",332,0,1870,Total mar,967,186,306,0,0,729,238,"27,55","104 546,37","90,67",332,0,1870,Total,48534,4631,17251,0,64,41984,6550,"53,96","6 403 055,44","120,44",17386,135,88949
Data,Ocup,Opção,Cheg,Oferta/Uso Interno,Deduz. Individ.,Deduz. Grupos,% Ocup.,Receita Quartos,Preço Médio,Saídas,Quartos FdS,Adul. / Cri.,março,Previsão,17-mar-2026 ter,37,0,7,0,0,17,20,"27,41","5 596,64","151,26",4,0,66,967,186,306,0,0,729,238,"27,55","104 546,37","90,67",332,0,1870,Total mar,967,186,306,0,0,729,238,"27,55","104 546,37","90,67",332,0,1870,Total,48534,4631,17251,0,64,41984,6550,"53,96","6 403 055,44","120,44",17386,135,88949
Data,Ocup,Opção,Cheg,Oferta/Uso Interno,Deduz. Individ.,Deduz. Grupos,% Ocup.,Receita Quartos,Preço Médio,Saídas,Quartos FdS,Adul. / Cri.,março,Previsão,18-mar-2026 qua,46,0,21,0,0,10,36,"34,07","6 381,14","138,72",12,0,84,967,186,306,0,0,729,238,"27,55","104 546,37","90,67",332,0,1870,Total mar,967,186,306,0,0,729,238,"27,55","104 546,37","90,67",332,0,1870,Total,48534,4631,17251,0,64,41984,6550,"53,96","6 403 055,44","120,44",17386,135,88949
Data,Ocup,Opção,Cheg,Oferta/Uso Interno,Deduz. Individ.,Deduz. Grupos,% Ocup.,Receita Quartos,Preço Médio,Saídas,Quartos FdS,Adul. / Cri.,março,Previsão,19-mar-2026 qui,50,0,6,0,0,14,36,"37,04","7 074,32","141,49",2,0,95,967,186,306,0,0,729,238,"27,55","104 546,37","90,67",332,0,1870,Total mar,967,186,306,0,0,729,238,"27,55","104 546,37","90,67",332,0,1870,Total,48534,4631,17251,0,64,41984,6550,"53,96","6 403 055,44","120,44",17386,135,88949
Data,Ocup,Opção,Cheg,Oferta/Uso Interno,Deduz. Individ.,Deduz. Grupos,% Ocup.,Receita Quartos,Preço Médio,Saídas,Quartos FdS,Adul. / Cri.,março,Previsão,20-mar-2026 sex,48,0,17,0,0,31,17,"35,56","5 768,45","120,18",19,0,98,967,186,306,0,0,729,238,"27,55","104 546,37","90,67",332,0,1870,Total mar,967,186,306,0,0,729,238,"27,55","104 546,37","90,67",332,0,1870,Total,48534,4631,17251,0,64,41984,6550,"53,96","6 403 055,44","120,44",17386,135,88949
Data,Ocup,Opção,Cheg,Oferta/Uso Interno,Deduz. Individ.,Deduz. Grupos,% Ocup.,Receita Quartos,Preço Médio,Saídas,Quartos FdS,Adul. / Cri.,março,Previsão,21-mar-2026 sáb,34,4,11,0,0,34,0,"28,15","3 200,10","84,21",25,0,68,967,186,306,0,0,729,238,"27,55","104 546,37","90,67",332,0,1870,Total mar,967,186,306,0,0,729,238,"27,55","104 546,37","90,67",332,0,1870,Total,48534,4631,17251,0,64,41984,6550,"53,96","6 403 055,44","120,44",17386,135,88949
Data,Ocup,Opção,Cheg,Oferta/Uso Interno,Deduz. Individ.,Deduz. Grupos,% Ocup.,Receita Quartos,Preço Médio,Saídas,Quartos FdS,Adul. / Cri.,março,Previsão,22-mar-2026 dom,27,13,5,0,0,27,0,"29,63","2 146,05","53,65",12,0,52,967,186,306,0,0,729,238,"27,55","104 546,37","90,67",332,0,1870,Total mar,967,186,306,0,0,729,238,"27,55","104 546,37","90,67",332,0,1870,Total,48534,4631,17251,0,64,41984,6550,"53,96","6 403 055,44","120,44",17386,135,88949
Data,Ocup,Opção,Cheg,Oferta/Uso Interno,Deduz. Individ.,Deduz. Grupos,% Ocup.,Receita Quartos,Preço Médio,Saídas,Quartos FdS,Adul. / Cri.,março,Previsão,23-mar-2026 seg,25,13,5,0,0,25,0,"28,15","1 988,21","52,32",7,0,49,967,186,306,0,0,729,238,"27,55","104 546,37","90,67",332,0,1870,Total mar,967,186,306,0,0,729,238,"27,55","104 546,37","90,67",332,0,1870,Total,48534,4631,17251,0,64,41984,6550,"53,96","6 403 055,44","120,44",17386,135,88949
Data,Ocup,Opção,Cheg,Oferta/Uso Interno,Deduz. Individ.,Deduz. Grupos,% Ocup.,Receita Quartos,Preço Médio,Saídas,Quartos FdS,Adul. / Cri.,março,Previsão,24-mar-2026 ter,28,0,15,0,0,27,1,"20,74","2 891,55","103,27",12,0,52,967,186,306,0,0,729,238,"27,55","104 546,37","90,67",332,0,1870,Total mar,967,186,306,0,0,729,238,"27,55","104 546,37","90,67",332,0,1870,Total,48534,4631,17251,0,64,41984,6550,"53,96","6 403 055,44","120,44",17386,135,88949
Data,Ocup,Opção,Cheg,Oferta/Uso Interno,Deduz. Individ.,Deduz. Grupos,% Ocup.,Receita Quartos,Preço Médio,Saídas,Quartos FdS,Adul. / Cri.,março,Previsão,25-mar-2026 qua,29,0,18,0,0,12,17,"21,48","3 510,38","121,05",17,0,57,967,186,306,0,0,729,238,"27,55","104 546,37","90,67",332,0,1870,Total mar,967,186,306,0,0,729,238,"27,55","104 546,37","90,67",332,0,1870,Total,48534,4631,17251,0,64,41984,6550,"53,96","6 403 055,44","120,44",17386,135,88949
Data,Ocup,Opção,Cheg,Oferta/Uso Interno,Deduz. Individ.,Deduz. Grupos,% Ocup.,Receita Quartos,Preço Médio,Saídas,Quartos FdS,Adul. / Cri.,março,Previsão,26-mar-2026 qui,30,0,1,0,0,13,17,"22,22","3 620,22","120,67",0,0,59,967,186,306,0,0,729,238,"27,55","104 546,37","90,67",332,0,1870,Total mar,967,186,306,0,0,729,238,"27,55","104 546,37","90,67",332,0,1870,Total,48534,4631,17251,0,64,41984,6550,"53,96","6 403 055,44","120,44",17386,135,88949
Data,Ocup,Opção,Cheg,Oferta/Uso Interno,Deduz. Individ.,Deduz. Grupos,% Ocup.,Receita Quartos,Preço Médio,Saídas,Quartos FdS,Adul. / Cri.,março,Previsão,27-mar-2026 sex,27,25,7,0,0,10,17,"38,52","3 315,69","63,76",10,0,53,967,186,306,0,0,729,238,"27,55","104 546,37","90,67",332,0,1870,Total mar,967,186,306,0,0,729,238,"27,55","104 546,37","90,67",332,0,1870,Total,48534,4631,17251,0,64,41984,6550,"53,96","6 403 055,44","120,44",17386,135,88949
Data,Ocup,Opção,Cheg,Oferta/Uso Interno,Deduz. Individ.,Deduz. Grupos,% Ocup.,Receita Quartos,Preço Médio,Saídas,Quartos FdS,Adul. / Cri.,março,Previsão,28-mar-2026 sáb,24,25,16,0,0,24,0,"36,30","2 545,11","51,94",19,0,48,967,186,306,0,0,729,238,"27,55","104 546,37","90,67",332,0,1870,Total mar,967,186,306,0,0,729,238,"27,55","104 546,37","90,67",332,0,1870,Total,48534,4631,17251,0,64,41984,6550,"53,96","6 403 055,44","120,44",17386,135,88949
Data,Ocup,Opção,Cheg,Oferta/Uso Interno,Deduz. Individ.,Deduz. Grupos,% Ocup.,Receita Quartos,Preço Médio,Saídas,Quartos FdS,Adul. / Cri.,março,Previsão,29-mar-2026 dom,35,25,14,0,0,35,0,"44,44","3 391,99","56,53",3,0,71,967,186,306,0,0,729,238,"27,55","104 546,37","90,67",332,0,1870,Total mar,967,186,306,0,0,729,238,"27,55","104 546,37","90,67",332,0,1870,Total,48534,4631,17251,0,64,41984,6550,"53,96","6 403 055,44","120,44",17386,135,88949
Data,Ocup,Opção,Cheg,Oferta/Uso Interno,Deduz. Individ.,Deduz. Grupos,% Ocup.,Receita Quartos,Preço Médio,Saídas,Quartos FdS,Adul. / Cri.,março,Previsão,30-mar-2026 seg,37,25,7,0,0,37,0,"45,93","3 389,15","54,66",5,0,77,967,186,306,0,0,729,238,"27,55","104 546,37","90,67",332,0,1870,Total mar,967,186,306,0,0,729,238,"27,55","104 546,37","90,67",332,0,1870,Total,48534,4631,17251,0,64,41984,6550,"53,96","6 403 055,44","120,44",17386,135,88949
Data,Ocup,Opção,Cheg,Oferta/Uso Interno,Deduz. Individ.,Deduz. Grupos,% Ocup.,Receita Quartos,Preço Médio,Saídas,Quartos FdS,Adul. / Cri.,março,Previsão,31-mar-2026 ter,25,0,5,0,0,25,0,"18,52","2 102,85","84,11",17,0,52,967,186,306,0,0,729,238,"27,55","104 546,37","90,67",332,0,1870,Total mar,967,186,306,0,0,729,238,"27,55","104 546,37","90,67",332,0,1870,Total,48534,4631,17251,0,64,41984,6550,"53,96","6 403 055,44","120,44",17386,135,88949
Data,Ocup,Opção,Cheg,Oferta/Uso Interno,Deduz. Individ.,Deduz. Grupos,% Ocup.,Receita Quartos,Preço Médio,Saídas,Quartos FdS,Adul. / Cri.,abril,Previsão,01-abr-2026 qua,31,13,14,0,0,22,9,"32,59","4 256,66","96,74",8,0,68,770,689,255,0,0,513,257,"36,02","107 255,23","73,51",253,0,1534,Total abr,770,689,255,0,0,513,257,"36,02","107 255,23","73,51",253,0,1534,Total,48534,4631,17251,0,64,41984,6550,"53,96","6 403 055,44","120,44",17386,135,88949
Data,Ocup,Opção,Cheg,Oferta/Uso Interno,Deduz. Individ.,Deduz. Grupos,% Ocup.,Receita Quartos,Preço Médio,Saídas,Quartos FdS,Adul. / Cri.,abril,Previsão,02-abr-2026 qui,25,13,4,0,0,16,9,"28,15","3 675,86","96,73",10,0,55,770,689,255,0,0,513,257,"36,02","107 255,23","73,51",253,0,1534,Total abr,770,689,255,0,0,513,257,"36,02","107 255,23","73,51",253,0,1534,Total,48534,4631,17251,0,64,41984,6550,"53,96","6 403 055,44","120,44",17386,135,88949
Data,Ocup,Opção,Cheg,Oferta/Uso Interno,Deduz. Individ.,Deduz. Grupos,% Ocup.,Receita Quartos,Preço Médio,Saídas,Quartos FdS,Adul. / Cri.,abril,Previsão,03-abr-2026 sex,17,13,1,0,0,8,9,"22,22","2 829,04","94,30",9,0,37,770,689,255,0,0,513,257,"36,02","107 255,23","73,51",253,0,1534,Total abr,770,689,255,0,0,513,257,"36,02","107 255,23","73,51",253,0,1534,Total,48534,4631,17251,0,64,41984,6550,"53,96","6 403 055,44","120,44",17386,135,88949
Data,Ocup,Opção,Cheg,Oferta/Uso Interno,Deduz. Individ.,Deduz. Grupos,% Ocup.,Receita Quartos,Preço Médio,Saídas,Quartos FdS,Adul. / Cri.,abril,Previsão,04-abr-2026 sáb,9,0,3,0,0,9,0,"6,67","1 905,14","211,68",11,0,23,770,689,255,0,0,513,257,"36,02","107 255,23","73,51",253,0,1534,Total abr,770,689,255,0,0,513,257,"36,02","107 255,23","73,51",253,0,1534,Total,48534,4631,17251,0,64,41984,6550,"53,96","6 403 055,44","120,44",17386,135,88949
Data,Ocup,Opção,Cheg,Oferta/Uso Interno,Deduz. Individ.,Deduz. Grupos,% Ocup.,Receita Quartos,Preço Médio,Saídas,Quartos FdS,Adul. / Cri.,abril,Previsão,05-abr-2026 dom,15,22,6,0,0,15,0,"27,41","2 500,08","67,57",0,0,35,770,689,255,0,0,513,257,"36,02","107 255,23","73,51",253,0,1534,Total abr,770,689,255,0,0,513,257,"36,02","107 255,23","73,51",253,0,1534,Total,48534,4631,17251,0,64,41984,6550,"53,96","6 403 055,44","120,44",17386,135,88949
Data,Ocup,Opção,Cheg,Oferta/Uso Interno,Deduz. Individ.,Deduz. Grupos,% Ocup.,Receita Quartos,Preço Médio,Saídas,Quartos FdS,Adul. / Cri.,abril,Previsão,06-abr-2026 seg,18,22,7,0,0,18,0,"29,63","2 088,16","52,20",4,0,34,770,689,255,0,0,513,257,"36,02","107 255,23","73,51",253,0,1534,Total abr,770,689,255,0,0,513,257,"36,02","107 255,23","73,51",253,0,1534,Total,48534,4631,17251,0,64,41984,6550,"53,96","6 403 055,44","120,44",17386,135,88949
Data,Ocup,Opção,Cheg,Oferta/Uso Interno,Deduz. Individ.,Deduz. Grupos,% Ocup.,Receita Quartos,Preço Médio,Saídas,Quartos FdS,Adul. / Cri.,abril,Previsão,07-abr-2026 ter,19,34,5,0,0,18,1,"39,26","2 223,90","41,96",4,0,38,770,689,255,0,0,513,257,"36,02","107 255,23","73,51",253,0,1534,Total abr,770,689,255,0,0,513,257,"36,02","107 255,23","73,51",253,0,1534,Total,48534,4631,17251,0,64,41984,6550,"53,96","6 403 055,44","120,44",17386,135,88949
Data,Ocup,Opção,Cheg,Oferta/Uso Interno,Deduz. Individ.,Deduz. Grupos,% Ocup.,Receita Quartos,Preço Médio,Saídas,Quartos FdS,Adul. / Cri.,abril,Previsão,08-abr-2026 qua,27,12,19,0,0,10,17,"28,89","3 758,16","96,36",11,0,50,770,689,255,0,0,513,257,"36,02","107 255,23","73,51",253,0,1534,Total abr,770,689,255,0,0,513,257,"36,02","107 255,23","73,51",253,0,1534,Total,48534,4631,17251,0,64,41984,6550,"53,96","6 403 055,44","120,44",17386,135,88949
Data,Ocup,Opção,Cheg,Oferta/Uso Interno,Deduz. Individ.,Deduz. Grupos,% Ocup.,Receita Quartos,Preço Médio,Saídas,Quartos FdS,Adul. / Cri.,abril,Previsão,09-abr-2026 qui,27,12,2,0,0,10,17,"28,89","3 772,92","96,74",2,0,51,770,689,255,0,0,513,257,"36,02","107 255,23","73,51",253,0,1534,Total abr,770,689,255,0,0,513,257,"36,02","107 255,23","73,51",253,0,1534,Total,48534,4631,17251,0,64,41984,6550,"53,96","6 403 055,44","120,44",17386,135,88949
Data,Ocup,Opção,Cheg,Oferta/Uso Interno,Deduz. Individ.,Deduz. Grupos,% Ocup.,Receita Quartos,Preço Médio,Saídas,Quartos FdS,Adul. / Cri.,abril,Previsão,10-abr-2026 sex,33,22,9,0,0,16,17,"40,74","4 984,24","90,62",3,0,63,770,689,255,0,0,513,257,"36,02","107 255,23","73,51",253,0,1534,Total abr,770,689,255,0,0,513,257,"36,02","107 255,23","73,51",253,0,1534,Total,48534,4631,17251,0,64,41984,6550,"53,96","6 403 055,44","120,44",17386,135,88949
Data,Ocup,Opção,Cheg,Oferta/Uso Interno,Deduz. Individ.,Deduz. Grupos,% Ocup.,Receita Quartos,Preço Médio,Saídas,Quartos FdS,Adul. / Cri.,abril,Previsão,11-abr-2026 sáb,25,23,13,0,0,22,3,"35,56","3 147,02","65,56",21,0,49,770,689,255,0,0,513,257,"36,02","107 255,23","73,51",253,0,1534,Total abr,770,689,255,0,0,513,257,"36,02","107 255,23","73,51",253,0,1534,Total,48534,4631,17251,0,64,41984,6550,"53,96","6 403 055,44","120,44",17386,135,88949
Data,Ocup,Opção,Cheg,Oferta/Uso Interno,Deduz. Individ.,Deduz. Grupos,% Ocup.,Receita Quartos,Preço Médio,Saídas,Quartos FdS,Adul. / Cri.,abril,Previsão,12-abr-2026 dom,20,35,6,0,0,20,0,"40,74","2 249,00","40,89",11,0,39,770,689,255,0,0,513,257,"36,02","107 255,23","73,51",253,0,1534,Total abr,770,689,255,0,0,513,257,"36,02","107 255,23","73,51",253,0,1534,Total,48534,4631,17251,0,64,41984,6550,"53,96","6 403 055,44","120,44",17386,135,88949
Data,Ocup,Opção,Cheg,Oferta/Uso Interno,Deduz. Individ.,Deduz. Grupos,% Ocup.,Receita Quartos,Preço Médio,Saídas,Quartos FdS,Adul. / Cri.,abril,Previsão,13-abr-2026 seg,18,13,2,0,0,18,0,"22,96","2 039,92","65,80",4,0,35,770,689,255,0,0,513,257,"36,02","107 255,23","73,51",253,0,1534,Total abr,770,689,255,0,0,513,257,"36,02","107 255,23","73,51",253,0,1534,Total,48534,4631,17251,0,64,41984,6550,"53,96","6 403 055,44","120,44",17386,135,88949
Data,Ocup,Opção,Cheg,Oferta/Uso Interno,Deduz. Individ.,Deduz. Grupos,% Ocup.,Receita Quartos,Preço Médio,Saídas,Quartos FdS,Adul. / Cri.,abril,Previsão,14-abr-2026 ter,21,22,11,0,0,20,1,"31,85","2 595,85","60,37",8,0,39,770,689,255,0,0,513,257,"36,02","107 255,23","73,51",253,0,1534,Total abr,770,689,255,0,0,513,257,"36,02","107 255,23","73,51",253,0,1534,Total,48534,4631,17251,0,64,41984,6550,"53,96","6 403 055,44","120,44",17386,135,88949
Data,Ocup,Opção,Cheg,Oferta/Uso Interno,Deduz. Individ.,Deduz. Grupos,% Ocup.,Receita Quartos,Preço Médio,Saídas,Quartos FdS,Adul. / Cri.,abril,Previsão,15-abr-2026 qua,28,22,19,0,0,11,17,"37,04","3 998,49","79,97",12,0,55,770,689,255,0,0,513,257,"36,02","107 255,23","73,51",253,0,1534,Total abr,770,689,255,0,0,513,257,"36,02","107 255,23","73,51",253,0,1534,Total,48534,4631,17251,0,64,41984,6550,"53,96","6 403 055,44","120,44",17386,135,88949
Data,Ocup,Opção,Cheg,Oferta/Uso Interno,Deduz. Individ.,Deduz. Grupos,% Ocup.,Receita Quartos,Preço Médio,Saídas,Quartos FdS,Adul. / Cri.,abril,Previsão,16-abr-2026 qui,33,48,6,0,0,16,17,"60,00","4 617,05","57,00",1,0,65,770,689,255,0,0,513,257,"36,02","107 255,23","73,51",253,0,1534,Total abr,770,689,255,0,0,513,257,"36,02","107 255,23","73,51",253,0,1534,Total,48534,4631,17251,0,64,41984,6550,"53,96","6 403 055,44","120,44",17386,135,88949
Data,Ocup,Opção,Cheg,Oferta/Uso Interno,Deduz. Individ.,Deduz. Grupos,% Ocup.,Receita Quartos,Preço Médio,Saídas,Quartos FdS,Adul. / Cri.,abril,Previsão,17-abr-2026 sex,34,35,6,0,0,17,17,"51,11","4 660,92","67,55",5,0,67,770,689,255,0,0,513,257,"36,02","107 255,23","73,51",253,0,1534,Total abr,770,689,255,0,0,513,257,"36,02","107 255,23","73,51",253,0,1534,Total,48534,4631,17251,0,64,41984,6550,"53,96","6 403 055,44","120,44",17386,135,88949
Data,Ocup,Opção,Cheg,Oferta/Uso Interno,Deduz. Individ.,Deduz. Grupos,% Ocup.,Receita Quartos,Preço Médio,Saídas,Quartos FdS,Adul. / Cri.,abril,Previsão,18-abr-2026 sáb,28,35,12,0,0,28,0,"46,67","3 054,10","48,48",18,0,56,770,689,255,0,0,513,257,"36,02","107 255,23","73,51",253,0,1534,Total abr,770,689,255,0,0,513,257,"36,02","107 255,23","73,51",253,0,1534,Total,48534,4631,17251,0,64,41984,6550,"53,96","6 403 055,44","120,44",17386,135,88949
Data,Ocup,Opção,Cheg,Oferta/Uso Interno,Deduz. Individ.,Deduz. Grupos,% Ocup.,Receita Quartos,Preço Médio,Saídas,Quartos FdS,Adul. / Cri.,abril,Previsão,19-abr-2026 dom,24,22,7,0,0,24,0,"34,07","2 550,75","55,45",11,0,48,770,689,255,0,0,513,257,"36,02","107 255,23","73,51",253,0,1534,Total abr,770,689,255,0,0,513,257,"36,02","107 255,23","73,51",253,0,1534,Total,48534,4631,17251,0,64,41984,6550,"53,96","6 403 055,44","120,44",17386,135,88949
Data,Ocup,Opção,Cheg,Oferta/Uso Interno,Deduz. Individ.,Deduz. Grupos,% Ocup.,Receita Quartos,Preço Médio,Saídas,Quartos FdS,Adul. / Cri.,abril,Previsão,20-abr-2026 seg,25,22,5,0,0,25,0,"34,81","2 816,28","59,92",4,0,52,770,689,255,0,0,513,257,"36,02","107 255,23","73,51",253,0,1534,Total abr,770,689,255,0,0,513,257,"36,02","107 255,23","73,51",253,0,1534,Total,48534,4631,17251,0,64,41984,6550,"53,96","6 403 055,44","120,44",17386,135,88949
Data,Ocup,Opção,Cheg,Oferta/Uso Interno,Deduz. Individ.,Deduz. Grupos,% Ocup.,Receita Quartos,Preço Médio,Saídas,Quartos FdS,Adul. / Cri.,abril,Previsão,21-abr-2026 ter,22,22,6,0,0,21,1,"32,59","2 749,81","62,50",9,0,44,770,689,255,0,0,513,257,"36,02","107 255,23","73,51",253,0,1534,Total abr,770,689,255,0,0,513,257,"36,02","107 255,23","73,51",253,0,1534,Total,48534,4631,17251,0,64,41984,6550,"53,96","6 403 055,44","120,44",17386,135,88949
Data,Ocup,Opção,Cheg,Oferta/Uso Interno,Deduz. Individ.,Deduz. Grupos,% Ocup.,Receita Quartos,Preço Médio,Saídas,Quartos FdS,Adul. / Cri.,abril,Previsão,22-abr-2026 qua,42,22,31,0,0,13,29,"47,41","7 258,71","113,42",11,0,82,770,689,255,0,0,513,257,"36,02","107 255,23","73,51",253,0,1534,Total abr,770,689,255,0,0,513,257,"36,02","107 255,23","73,51",253,0,1534,Total,48534,4631,17251,0,64,41984,6550,"53,96","6 403 055,44","120,44",17386,135,88949
Data,Ocup,Opção,Cheg,Oferta/Uso Interno,Deduz. Individ.,Deduz. Grupos,% Ocup.,Receita Quartos,Preço Médio,Saídas,Quartos FdS,Adul. / Cri.,abril,Previsão,23-abr-2026 qui,43,17,7,0,0,14,29,"44,44","7 395,84","123,26",6,0,84,770,689,255,0,0,513,257,"36,02","107 255,23","73,51",253,0,1534,Total abr,770,689,255,0,0,513,257,"36,02","107 255,23","73,51",253,0,1534,Total,48534,4631,17251,0,64,41984,6550,"53,96","6 403 055,44","120,44",17386,135,88949
Data,Ocup,Opção,Cheg,Oferta/Uso Interno,Deduz. Individ.,Deduz. Grupos,% Ocup.,Receita Quartos,Preço Médio,Saídas,Quartos FdS,Adul. / Cri.,abril,Previsão,24-abr-2026 sex,45,17,5,0,0,16,29,"45,93","7 823,60","126,19",3,0,87,770,689,255,0,0,513,257,"36,02","107 255,23","73,51",253,0,1534,Total abr,770,689,255,0,0,513,257,"36,02","107 255,23","73,51",253,0,1534,Total,48534,4631,17251,0,64,41984,6550,"53,96","6 403 055,44","120,44",17386,135,88949
Data,Ocup,Opção,Cheg,Oferta/Uso Interno,Deduz. Individ.,Deduz. Grupos,% Ocup.,Receita Quartos,Preço Médio,Saídas,Quartos FdS,Adul. / Cri.,abril,Previsão,25-abr-2026 sáb,20,37,7,0,0,20,0,"42,22","2 405,01","42,19",32,0,39,770,689,255,0,0,513,257,"36,02","107 255,23","73,51",253,0,1534,Total abr,770,689,255,0,0,513,257,"36,02","107 255,23","73,51",253,0,1534,Total,48534,4631,17251,0,64,41984,6550,"53,96","6 403 055,44","120,44",17386,135,88949
Data,Ocup,Opção,Cheg,Oferta/Uso Interno,Deduz. Individ.,Deduz. Grupos,% Ocup.,Receita Quartos,Preço Médio,Saídas,Quartos FdS,Adul. / Cri.,abril,Previsão,26-abr-2026 dom,19,42,7,0,0,19,0,"45,19","2 196,47","36,01",8,0,38,770,689,255,0,0,513,257,"36,02","107 255,23","73,51",253,0,1534,Total abr,770,689,255,0,0,513,257,"36,02","107 255,23","73,51",253,0,1534,Total,48534,4631,17251,0,64,41984,6550,"53,96","6 403 055,44","120,44",17386,135,88949
Data,Ocup,Opção,Cheg,Oferta/Uso Interno,Deduz. Individ.,Deduz. Grupos,% Ocup.,Receita Quartos,Preço Médio,Saídas,Quartos FdS,Adul. / Cri.,abril,Previsão,27-abr-2026 seg,22,22,7,0,0,22,0,"32,59","2 582,65","58,70",4,0,43,770,689,255,0,0,513,257,"36,02","107 255,23","73,51",253,0,1534,Total abr,770,689,255,0,0,513,257,"36,02","107 255,23","73,51",253,0,1534,Total,48534,4631,17251,0,64,41984,6550,"53,96","6 403 055,44","120,44",17386,135,88949
Data,Ocup,Opção,Cheg,Oferta/Uso Interno,Deduz. Individ.,Deduz. Grupos,% Ocup.,Receita Quartos,Preço Médio,Saídas,Quartos FdS,Adul. / Cri.,abril,Previsão,28-abr-2026 ter,22,22,7,0,0,21,1,"32,59","2 652,90","60,29",7,0,43,770,689,255,0,0,513,257,"36,02","107 255,23","73,51",253,0,1534,Total abr,770,689,255,0,0,513,257,"36,02","107 255,23","73,51",253,0,1534,Total,48534,4631,17251,0,64,41984,6550,"53,96","6 403 055,44","120,44",17386,135,88949
Data,Ocup,Opção,Cheg,Oferta/Uso Interno,Deduz. Individ.,Deduz. Grupos,% Ocup.,Receita Quartos,Preço Médio,Saídas,Quartos FdS,Adul. / Cri.,abril,Previsão,29-abr-2026 qua,31,22,19,0,0,14,17,"39,26","4 491,67","84,75",10,0,62,770,689,255,0,0,513,257,"36,02","107 255,23","73,51",253,0,1534,Total abr,770,689,255,0,0,513,257,"36,02","107 255,23","73,51",253,0,1534,Total,48534,4631,17251,0,64,41984,6550,"53,96","6 403 055,44","120,44",17386,135,88949
Data,Ocup,Opção,Cheg,Oferta/Uso Interno,Deduz. Individ.,Deduz. Grupos,% Ocup.,Receita Quartos,Preço Médio,Saídas,Quartos FdS,Adul. / Cri.,abril,Previsão,30-abr-2026 qui,27,26,2,0,0,10,17,"39,26","3 975,03","75,00",6,0,53,770,689,255,0,0,513,257,"36,02","107 255,23","73,51",253,0,1534,Total abr,770,689,255,0,0,513,257,"36,02","107 255,23","73,51",253,0,1534,Total,48534,4631,17251,0,64,41984,6550,"53,96","6 403 055,44","120,44",17386,135,88949
Data,Ocup,Opção,Cheg,Oferta/Uso Interno,Deduz. Individ.,Deduz. Grupos,% Ocup.,Receita Quartos,Preço Médio,Saídas,Quartos FdS,Adul. / Cri.,maio,Previsão,01-mai-2026 sex,25,35,4,0,0,8,17,"44,44","3 895,00","64,92",6,0,48,530,754,181,0,0,299,231,"30,68","80 950,63","63,05",199,0,1000,Total mai,530,754,181,0,0,299,231,"30,68","80 950,63","63,05",199,0,1000,Total,48534,4631,17251,0,64,41984,6550,"53,96","6 403 055,44","120,44",17386,135,88949
Data,Ocup,Opção,Cheg,Oferta/Uso Interno,Deduz. Individ.,Deduz. Grupos,% Ocup.,Receita Quartos,Preço Médio,Saídas,Quartos FdS,Adul. / Cri.,maio,Previsão,02-mai-2026 sáb,10,13,4,0,0,10,0,"17,04","1 739,10","75,61",19,0,18,530,754,181,0,0,299,231,"30,68","80 950,63","63,05",199,0,1000,Total mai,530,754,181,0,0,299,231,"30,68","80 950,63","63,05",199,0,1000,Total,48534,4631,17251,0,64,41984,6550,"53,96","6 403 055,44","120,44",17386,135,88949
Data,Ocup,Opção,Cheg,Oferta/Uso Interno,Deduz. Individ.,Deduz. Grupos,% Ocup.,Receita Quartos,Preço Médio,Saídas,Quartos FdS,Adul. / Cri.,maio,Previsão,03-mai-2026 dom,8,47,3,0,0,8,0,"40,74","1 090,98","19,84",5,0,16,530,754,181,0,0,299,231,"30,68","80 950,63","63,05",199,0,1000,Total mai,530,754,181,0,0,299,231,"30,68","80 950,63","63,05",199,0,1000,Total,48534,4631,17251,0,64,41984,6550,"53,96","6 403 055,44","120,44",17386,135,88949
Data,Ocup,Opção,Cheg,Oferta/Uso Interno,Deduz. Individ.,Deduz. Grupos,% Ocup.,Receita Quartos,Preço Médio,Saídas,Quartos FdS,Adul. / Cri.,maio,Previsão,04-mai-2026 seg,12,47,6,0,0,12,0,"43,70","1 740,23","29,50",2,0,23,530,754,181,0,0,299,231,"30,68","80 950,63","63,05",199,0,1000,Total mai,530,754,181,0,0,299,231,"30,68","80 950,63","63,05",199,0,1000,Total,48534,4631,17251,0,64,41984,6550,"53,96","6 403 055,44","120,44",17386,135,88949
Data,Ocup,Opção,Cheg,Oferta/Uso Interno,Deduz. Individ.,Deduz. Grupos,% Ocup.,Receita Quartos,Preço Médio,Saídas,Quartos FdS,Adul. / Cri.,maio,Previsão,05-mai-2026 ter,15,47,6,0,0,13,2,"45,93","2 188,55","35,30",3,0,29,530,754,181,0,0,299,231,"30,68","80 950,63","63,05",199,0,1000,Total mai,530,754,181,0,0,299,231,"30,68","80 950,63","63,05",199,0,1000,Total,48534,4631,17251,0,64,41984,6550,"53,96","6 403 055,44","120,44",17386,135,88949
Data,Ocup,Opção,Cheg,Oferta/Uso Interno,Deduz. Individ.,Deduz. Grupos,% Ocup.,Receita Quartos,Preço Médio,Saídas,Quartos FdS,Adul. / Cri.,maio,Previsão,06-mai-2026 qua,29,0,20,0,0,10,19,"21,48","4 113,41","141,84",6,0,57,530,754,181,0,0,299,231,"30,68","80 950,63","63,05",199,0,1000,Total mai,530,754,181,0,0,299,231,"30,68","80 950,63","63,05",199,0,1000,Total,48534,4631,17251,0,64,41984,6550,"53,96","6 403 055,44","120,44",17386,135,88949
Data,Ocup,Opção,Cheg,Oferta/Uso Interno,Deduz. Individ.,Deduz. Grupos,% Ocup.,Receita Quartos,Preço Médio,Saídas,Quartos FdS,Adul. / Cri.,maio,Previsão,07-mai-2026 qui,26,2,2,0,0,7,19,"20,74","3 717,19","132,76",5,0,51,530,754,181,0,0,299,231,"30,68","80 950,63","63,05",199,0,1000,Total mai,530,754,181,0,0,299,231,"30,68","80 950,63","63,05",199,0,1000,Total,48534,4631,17251,0,64,41984,6550,"53,96","6 403 055,44","120,44",17386,135,88949
Data,Ocup,Opção,Cheg,Oferta/Uso Interno,Deduz. Individ.,Deduz. Grupos,% Ocup.,Receita Quartos,Preço Médio,Saídas,Quartos FdS,Adul. / Cri.,maio,Previsão,08-mai-2026 sex,23,13,2,0,0,6,17,"26,67","3 474,59","96,52",5,0,45,530,754,181,0,0,299,231,"30,68","80 950,63","63,05",199,0,1000,Total mai,530,754,181,0,0,299,231,"30,68","80 950,63","63,05",199,0,1000,Total,48534,4631,17251,0,64,41984,6550,"53,96","6 403 055,44","120,44",17386,135,88949
Data,Ocup,Opção,Cheg,Oferta/Uso Interno,Deduz. Individ.,Deduz. Grupos,% Ocup.,Receita Quartos,Preço Médio,Saídas,Quartos FdS,Adul. / Cri.,maio,Previsão,09-mai-2026 sáb,7,35,3,0,0,7,0,"31,11","1 147,31","27,32",19,0,13,530,754,181,0,0,299,231,"30,68","80 950,63","63,05",199,0,1000,Total mai,530,754,181,0,0,299,231,"30,68","80 950,63","63,05",199,0,1000,Total,48534,4631,17251,0,64,41984,6550,"53,96","6 403 055,44","120,44",17386,135,88949
Data,Ocup,Opção,Cheg,Oferta/Uso Interno,Deduz. Individ.,Deduz. Grupos,% Ocup.,Receita Quartos,Preço Médio,Saídas,Quartos FdS,Adul. / Cri.,maio,Previsão,10-mai-2026 dom,4,22,0,0,0,4,0,"19,26","569,92","21,92",3,0,8,530,754,181,0,0,299,231,"30,68","80 950,63","63,05",199,0,1000,Total mai,530,754,181,0,0,299,231,"30,68","80 950,63","63,05",199,0,1000,Total,48534,4631,17251,0,64,41984,6550,"53,96","6 403 055,44","120,44",17386,135,88949
Data,Ocup,Opção,Cheg,Oferta/Uso Interno,Deduz. Individ.,Deduz. Grupos,% Ocup.,Receita Quartos,Preço Médio,Saídas,Quartos FdS,Adul. / Cri.,maio,Previsão,11-mai-2026 seg,7,22,4,0,0,7,0,"21,48","1 030,83","35,55",1,0,12,530,754,181,0,0,299,231,"30,68","80 950,63","63,05",199,0,1000,Total mai,530,754,181,0,0,299,231,"30,68","80 950,63","63,05",199,0,1000,Total,48534,4631,17251,0,64,41984,6550,"53,96","6 403 055,44","120,44",17386,135,88949
Data,Ocup,Opção,Cheg,Oferta/Uso Interno,Deduz. Individ.,Deduz. Grupos,% Ocup.,Receita Quartos,Preço Médio,Saídas,Quartos FdS,Adul. / Cri.,maio,Previsão,12-mai-2026 ter,15,22,8,0,0,14,1,"27,41","2 276,04","61,51",0,0,27,530,754,181,0,0,299,231,"30,68","80 950,63","63,05",199,0,1000,Total mai,530,754,181,0,0,299,231,"30,68","80 950,63","63,05",199,0,1000,Total,48534,4631,17251,0,64,41984,6550,"53,96","6 403 055,44","120,44",17386,135,88949
Data,Ocup,Opção,Cheg,Oferta/Uso Interno,Deduz. Individ.,Deduz. Grupos,% Ocup.,Receita Quartos,Preço Médio,Saídas,Quartos FdS,Adul. / Cri.,maio,Previsão,13-mai-2026 qua,26,22,19,0,0,9,17,"35,56","3 801,32","79,19",8,0,48,530,754,181,0,0,299,231,"30,68","80 950,63","63,05",199,0,1000,Total mai,530,754,181,0,0,299,231,"30,68","80 950,63","63,05",199,0,1000,Total,48534,4631,17251,0,64,41984,6550,"53,96","6 403 055,44","120,44",17386,135,88949
Data,Ocup,Opção,Cheg,Oferta/Uso Interno,Deduz. Individ.,Deduz. Grupos,% Ocup.,Receita Quartos,Preço Médio,Saídas,Quartos FdS,Adul. / Cri.,maio,Previsão,14-mai-2026 qui,29,48,5,0,0,12,17,"57,04","4 226,23","54,89",2,0,56,530,754,181,0,0,299,231,"30,68","80 950,63","63,05",199,0,1000,Total mai,530,754,181,0,0,299,231,"30,68","80 950,63","63,05",199,0,1000,Total,48534,4631,17251,0,64,41984,6550,"53,96","6 403 055,44","120,44",17386,135,88949
Data,Ocup,Opção,Cheg,Oferta/Uso Interno,Deduz. Individ.,Deduz. Grupos,% Ocup.,Receita Quartos,Preço Médio,Saídas,Quartos FdS,Adul. / Cri.,maio,Previsão,15-mai-2026 sex,27,35,1,0,0,10,17,"45,93","4 093,66","66,03",3,0,53,530,754,181,0,0,299,231,"30,68","80 950,63","63,05",199,0,1000,Total mai,530,754,181,0,0,299,231,"30,68","80 950,63","63,05",199,0,1000,Total,48534,4631,17251,0,64,41984,6550,"53,96","6 403 055,44","120,44",17386,135,88949
Data,Ocup,Opção,Cheg,Oferta/Uso Interno,Deduz. Individ.,Deduz. Grupos,% Ocup.,Receita Quartos,Preço Médio,Saídas,Quartos FdS,Adul. / Cri.,maio,Previsão,16-mai-2026 sáb,10,38,2,0,0,9,1,"35,56","1 558,29","32,46",19,0,20,530,754,181,0,0,299,231,"30,68","80 950,63","63,05",199,0,1000,Total mai,530,754,181,0,0,299,231,"30,68","80 950,63","63,05",199,0,1000,Total,48534,4631,17251,0,64,41984,6550,"53,96","6 403 055,44","120,44",17386,135,88949
Data,Ocup,Opção,Cheg,Oferta/Uso Interno,Deduz. Individ.,Deduz. Grupos,% Ocup.,Receita Quartos,Preço Médio,Saídas,Quartos FdS,Adul. / Cri.,maio,Previsão,17-mai-2026 dom,8,23,6,0,0,8,0,"22,96","1 044,65","33,70",8,0,15,530,754,181,0,0,299,231,"30,68","80 950,63","63,05",199,0,1000,Total mai,530,754,181,0,0,299,231,"30,68","80 950,63","63,05",199,0,1000,Total,48534,4631,17251,0,64,41984,6550,"53,96","6 403 055,44","120,44",17386,135,88949
Data,Ocup,Opção,Cheg,Oferta/Uso Interno,Deduz. Individ.,Deduz. Grupos,% Ocup.,Receita Quartos,Preço Médio,Saídas,Quartos FdS,Adul. / Cri.,maio,Previsão,18-mai-2026 seg,13,23,6,0,0,13,0,"26,67","1 956,39","54,34",1,0,24,530,754,181,0,0,299,231,"30,68","80 950,63","63,05",199,0,1000,Total mai,530,754,181,0,0,299,231,"30,68","80 950,63","63,05",199,0,1000,Total,48534,4631,17251,0,64,41984,6550,"53,96","6 403 055,44","120,44",17386,135,88949
Data,Ocup,Opção,Cheg,Oferta/Uso Interno,Deduz. Individ.,Deduz. Grupos,% Ocup.,Receita Quartos,Preço Médio,Saídas,Quartos FdS,Adul. / Cri.,maio,Previsão,19-mai-2026 ter,16,10,6,0,0,15,1,"19,26","2 384,25","91,70",3,0,28,530,754,181,0,0,299,231,"30,68","80 950,63","63,05",199,0,1000,Total mai,530,754,181,0,0,299,231,"30,68","80 950,63","63,05",199,0,1000,Total,48534,4631,17251,0,64,41984,6550,"53,96","6 403 055,44","120,44",17386,135,88949
Data,Ocup,Opção,Cheg,Oferta/Uso Interno,Deduz. Individ.,Deduz. Grupos,% Ocup.,Receita Quartos,Preço Médio,Saídas,Quartos FdS,Adul. / Cri.,maio,Previsão,20-mai-2026 qua,26,10,20,0,0,9,17,"26,67","3 689,06","102,47",10,0,48,530,754,181,0,0,299,231,"30,68","80 950,63","63,05",199,0,1000,Total mai,530,754,181,0,0,299,231,"30,68","80 950,63","63,05",199,0,1000,Total,48534,4631,17251,0,64,41984,6550,"53,96","6 403 055,44","120,44",17386,135,88949
Data,Ocup,Opção,Cheg,Oferta/Uso Interno,Deduz. Individ.,Deduz. Grupos,% Ocup.,Receita Quartos,Preço Médio,Saídas,Quartos FdS,Adul. / Cri.,maio,Previsão,21-mai-2026 qui,31,14,6,0,0,14,17,"33,33","4 466,42","99,25",1,0,53,530,754,181,0,0,299,231,"30,68","80 950,63","63,05",199,0,1000,Total mai,530,754,181,0,0,299,231,"30,68","80 950,63","63,05",199,0,1000,Total,48534,4631,17251,0,64,41984,6550,"53,96","6 403 055,44","120,44",17386,135,88949
Data,Ocup,Opção,Cheg,Oferta/Uso Interno,Deduz. Individ.,Deduz. Grupos,% Ocup.,Receita Quartos,Preço Médio,Saídas,Quartos FdS,Adul. / Cri.,maio,Previsão,22-mai-2026 sex,30,23,3,0,0,13,17,"39,26","4 876,98","92,02",4,0,56,530,754,181,0,0,299,231,"30,68","80 950,63","63,05",199,0,1000,Total mai,530,754,181,0,0,299,231,"30,68","80 950,63","63,05",199,0,1000,Total,48534,4631,17251,0,64,41984,6550,"53,96","6 403 055,44","120,44",17386,135,88949
Data,Ocup,Opção,Cheg,Oferta/Uso Interno,Deduz. Individ.,Deduz. Grupos,% Ocup.,Receita Quartos,Preço Médio,Saídas,Quartos FdS,Adul. / Cri.,maio,Previsão,23-mai-2026 sáb,13,27,2,0,0,13,0,"29,63","2 460,65","61,52",19,0,24,530,754,181,0,0,299,231,"30,68","80 950,63","63,05",199,0,1000,Total mai,530,754,181,0,0,299,231,"30,68","80 950,63","63,05",199,0,1000,Total,48534,4631,17251,0,64,41984,6550,"53,96","6 403 055,44","120,44",17386,135,88949
Data,Ocup,Opção,Cheg,Oferta/Uso Interno,Deduz. Individ.,Deduz. Grupos,% Ocup.,Receita Quartos,Preço Médio,Saídas,Quartos FdS,Adul. / Cri.,maio,Previsão,24-mai-2026 dom,9,23,4,0,0,9,0,"23,70","1 429,18","44,66",8,0,18,530,754,181,0,0,299,231,"30,68","80 950,63","63,05",199,0,1000,Total mai,530,754,181,0,0,299,231,"30,68","80 950,63","63,05",199,0,1000,Total,48534,4631,17251,0,64,41984,6550,"53,96","6 403 055,44","120,44",17386,135,88949
Data,Ocup,Opção,Cheg,Oferta/Uso Interno,Deduz. Individ.,Deduz. Grupos,% Ocup.,Receita Quartos,Preço Médio,Saídas,Quartos FdS,Adul. / Cri.,maio,Previsão,25-mai-2026 seg,11,13,3,0,0,11,0,"17,78","1 914,34","79,76",1,0,20,530,754,181,0,0,299,231,"30,68","80 950,63","63,05",199,0,1000,Total mai,530,754,181,0,0,299,231,"30,68","80 950,63","63,05",199,0,1000,Total,48534,4631,17251,0,64,41984,6550,"53,96","6 403 055,44","120,44",17386,135,88949
Data,Ocup,Opção,Cheg,Oferta/Uso Interno,Deduz. Individ.,Deduz. Grupos,% Ocup.,Receita Quartos,Preço Médio,Saídas,Quartos FdS,Adul. / Cri.,maio,Previsão,26-mai-2026 ter,15,22,9,0,0,14,1,"27,41","2 635,57","71,23",5,0,26,530,754,181,0,0,299,231,"30,68","80 950,63","63,05",199,0,1000,Total mai,530,754,181,0,0,299,231,"30,68","80 950,63","63,05",199,0,1000,Total,48534,4631,17251,0,64,41984,6550,"53,96","6 403 055,44","120,44",17386,135,88949
Data,Ocup,Opção,Cheg,Oferta/Uso Interno,Deduz. Individ.,Deduz. Grupos,% Ocup.,Receita Quartos,Preço Médio,Saídas,Quartos FdS,Adul. / Cri.,maio,Previsão,27-mai-2026 qua,23,22,17,0,0,6,17,"33,33","3 501,08","77,80",9,0,44,530,754,181,0,0,299,231,"30,68","80 950,63","63,05",199,0,1000,Total mai,530,754,181,0,0,299,231,"30,68","80 950,63","63,05",199,0,1000,Total,48534,4631,17251,0,64,41984,6550,"53,96","6 403 055,44","120,44",17386,135,88949
Data,Ocup,Opção,Cheg,Oferta/Uso Interno,Deduz. Individ.,Deduz. Grupos,% Ocup.,Receita Quartos,Preço Médio,Saídas,Quartos FdS,Adul. / Cri.,maio,Previsão,28-mai-2026 qui,24,26,3,0,0,7,17,"37,04","3 745,59","74,91",2,0,46,530,754,181,0,0,299,231,"30,68","80 950,63","63,05",199,0,1000,Total mai,530,754,181,0,0,299,231,"30,68","80 950,63","63,05",199,0,1000,Total,48534,4631,17251,0,64,41984,6550,"53,96","6 403 055,44","120,44",17386,135,88949
Data,Ocup,Opção,Cheg,Oferta/Uso Interno,Deduz. Individ.,Deduz. Grupos,% Ocup.,Receita Quartos,Preço Médio,Saídas,Quartos FdS,Adul. / Cri.,maio,Previsão,29-mai-2026 sex,24,13,0,0,0,7,17,"27,41","3 864,21","104,44",0,0,46,530,754,181,0,0,299,231,"30,68","80 950,63","63,05",199,0,1000,Total mai,530,754,181,0,0,299,231,"30,68","80 950,63","63,05",199,0,1000,Total,48534,4631,17251,0,64,41984,6550,"53,96","6 403 055,44","120,44",17386,135,88949
Data,Ocup,Opção,Cheg,Oferta/Uso Interno,Deduz. Individ.,Deduz. Grupos,% Ocup.,Receita Quartos,Preço Médio,Saídas,Quartos FdS,Adul. / Cri.,maio,Previsão,30-mai-2026 sáb,5,35,2,0,0,5,0,"29,63","868,86","21,72",21,0,10,530,754,181,0,0,299,231,"30,68","80 950,63","63,05",199,0,1000,Total mai,530,754,181,0,0,299,231,"30,68","80 950,63","63,05",199,0,1000,Total,48534,4631,17251,0,64,41984,6550,"53,96","6 403 055,44","120,44",17386,135,88949
Data,Ocup,Opção,Cheg,Oferta/Uso Interno,Deduz. Individ.,Deduz. Grupos,% Ocup.,Receita Quartos,Preço Médio,Saídas,Quartos FdS,Adul. / Cri.,maio,Previsão,31-mai-2026 dom,9,22,5,0,0,9,0,"22,96","1 450,75","46,80",1,0,18,530,754,181,0,0,299,231,"30,68","80 950,63","63,05",199,0,1000,Total mai,530,754,181,0,0,299,231,"30,68","80 950,63","63,05",199,0,1000,Total,48534,4631,17251,0,64,41984,6550,"53,96","6 403 055,44","120,44",17386,135,88949
Data,Ocup,Opção,Cheg,Oferta/Uso Interno,Deduz. Individ.,Deduz. Grupos,% Ocup.,Receita Quartos,Preço Médio,Saídas,Quartos FdS,Adul. / Cri.,junho,Previsão,01-jun-2026 seg,9,22,2,0,0,9,0,"22,96","1 433,64","46,25",2,0,18,397,733,138,0,0,155,242,"27,90","60 651,07","53,67",142,0,761,Total jun,397,733,138,0,0,155,242,"27,90","60 651,07","53,67",142,0,761,Total,48534,4631,17251,0,64,41984,6550,"53,96","6 403 055,44","120,44",17386,135,88949
Data,Ocup,Opção,Cheg,Oferta/Uso Interno,Deduz. Individ.,Deduz. Grupos,% Ocup.,Receita Quartos,Preço Médio,Saídas,Quartos FdS,Adul. / Cri.,junho,Previsão,02-jun-2026 ter,11,0,4,0,0,10,1,"8,15","1 616,12","146,92",2,0,21,397,733,138,0,0,155,242,"27,90","60 651,07","53,67",142,0,761,Total jun,397,733,138,0,0,155,242,"27,90","60 651,07","53,67",142,0,761,Total,48534,4631,17251,0,64,41984,6550,"53,96","6 403 055,44","120,44",17386,135,88949
Data,Ocup,Opção,Cheg,Oferta/Uso Interno,Deduz. Individ.,Deduz. Grupos,% Ocup.,Receita Quartos,Preço Médio,Saídas,Quartos FdS,Adul. / Cri.,junho,Previsão,03-jun-2026 qua,29,0,22,0,0,12,17,"21,48","4 240,98","146,24",4,0,56,397,733,138,0,0,155,242,"27,90","60 651,07","53,67",142,0,761,Total jun,397,733,138,0,0,155,242,"27,90","60 651,07","53,67",142,0,761,Total,48534,4631,17251,0,64,41984,6550,"53,96","6 403 055,44","120,44",17386,135,88949
Data,Ocup,Opção,Cheg,Oferta/Uso Interno,Deduz. Individ.,Deduz. Grupos,% Ocup.,Receita Quartos,Preço Médio,Saídas,Quartos FdS,Adul. / Cri.,junho,Previsão,04-jun-2026 qui,25,26,1,0,0,8,17,"37,78","3 665,57","71,87",5,0,48,397,733,138,0,0,155,242,"27,90","60 651,07","53,67",142,0,761,Total jun,397,733,138,0,0,155,242,"27,90","60 651,07","53,67",142,0,761,Total,48534,4631,17251,0,64,41984,6550,"53,96","6 403 055,44","120,44",17386,135,88949
Data,Ocup,Opção,Cheg,Oferta/Uso Interno,Deduz. Individ.,Deduz. Grupos,% Ocup.,Receita Quartos,Preço Médio,Saídas,Quartos FdS,Adul. / Cri.,junho,Previsão,05-jun-2026 sex,26,35,2,0,0,9,17,"45,19","3 927,50","64,39",1,0,50,397,733,138,0,0,155,242,"27,90","60 651,07","53,67",142,0,761,Total jun,397,733,138,0,0,155,242,"27,90","60 651,07","53,67",142,0,761,Total,48534,4631,17251,0,64,41984,6550,"53,96","6 403 055,44","120,44",17386,135,88949
Data,Ocup,Opção,Cheg,Oferta/Uso Interno,Deduz. Individ.,Deduz. Grupos,% Ocup.,Receita Quartos,Preço Médio,Saídas,Quartos FdS,Adul. / Cri.,junho,Previsão,06-jun-2026 sáb,25,48,20,0,0,8,17,"54,07","4 988,84","68,34",21,0,46,397,733,138,0,0,155,242,"27,90","60 651,07","53,67",142,0,761,Total jun,397,733,138,0,0,155,242,"27,90","60 651,07","53,67",142,0,761,Total,48534,4631,17251,0,64,41984,6550,"53,96","6 403 055,44","120,44",17386,135,88949
Data,Ocup,Opção,Cheg,Oferta/Uso Interno,Deduz. Individ.,Deduz. Grupos,% Ocup.,Receita Quartos,Preço Médio,Saídas,Quartos FdS,Adul. / Cri.,junho,Previsão,07-jun-2026 dom,28,13,4,0,0,11,17,"30,37","5 576,04","136,00",1,0,54,397,733,138,0,0,155,242,"27,90","60 651,07","53,67",142,0,761,Total jun,397,733,138,0,0,155,242,"27,90","60 651,07","53,67",142,0,761,Total,48534,4631,17251,0,64,41984,6550,"53,96","6 403 055,44","120,44",17386,135,88949
Data,Ocup,Opção,Cheg,Oferta/Uso Interno,Deduz. Individ.,Deduz. Grupos,% Ocup.,Receita Quartos,Preço Médio,Saídas,Quartos FdS,Adul. / Cri.,junho,Previsão,08-jun-2026 seg,12,15,5,0,0,12,0,"20,00","1 787,88","66,22",21,0,24,397,733,138,0,0,155,242,"27,90","60 651,07","53,67",142,0,761,Total jun,397,733,138,0,0,155,242,"27,90","60 651,07","53,67",142,0,761,Total,48534,4631,17251,0,64,41984,6550,"53,96","6 403 055,44","120,44",17386,135,88949
Data,Ocup,Opção,Cheg,Oferta/Uso Interno,Deduz. Individ.,Deduz. Grupos,% Ocup.,Receita Quartos,Preço Médio,Saídas,Quartos FdS,Adul. / Cri.,junho,Previsão,09-jun-2026 ter,8,33,2,0,0,7,1,"30,37","1 135,97","27,71",6,0,13,397,733,138,0,0,155,242,"27,90","60 651,07","53,67",142,0,761,Total jun,397,733,138,0,0,155,242,"27,90","60 651,07","53,67",142,0,761,Total,48534,4631,17251,0,64,41984,6550,"53,96","6 403 055,44","120,44",17386,135,88949
Data,Ocup,Opção,Cheg,Oferta/Uso Interno,Deduz. Individ.,Deduz. Grupos,% Ocup.,Receita Quartos,Preço Médio,Saídas,Quartos FdS,Adul. / Cri.,junho,Previsão,10-jun-2026 qua,21,0,16,0,0,4,17,"15,56","3 076,10","146,48",3,0,41,397,733,138,0,0,155,242,"27,90","60 651,07","53,67",142,0,761,Total jun,397,733,138,0,0,155,242,"27,90","60 651,07","53,67",142,0,761,Total,48534,4631,17251,0,64,41984,6550,"53,96","6 403 055,44","120,44",17386,135,88949
Data,Ocup,Opção,Cheg,Oferta/Uso Interno,Deduz. Individ.,Deduz. Grupos,% Ocup.,Receita Quartos,Preço Médio,Saídas,Quartos FdS,Adul. / Cri.,junho,Previsão,11-jun-2026 qui,19,26,1,0,0,2,17,"33,33","2 798,78","62,20",3,0,37,397,733,138,0,0,155,242,"27,90","60 651,07","53,67",142,0,761,Total jun,397,733,138,0,0,155,242,"27,90","60 651,07","53,67",142,0,761,Total,48534,4631,17251,0,64,41984,6550,"53,96","6 403 055,44","120,44",17386,135,88949
Data,Ocup,Opção,Cheg,Oferta/Uso Interno,Deduz. Individ.,Deduz. Grupos,% Ocup.,Receita Quartos,Preço Médio,Saídas,Quartos FdS,Adul. / Cri.,junho,Previsão,12-jun-2026 sex,22,22,3,0,0,5,17,"32,59","3 339,02","75,89",0,0,42,397,733,138,0,0,155,242,"27,90","60 651,07","53,67",142,0,761,Total jun,397,733,138,0,0,155,242,"27,90","60 651,07","53,67",142,0,761,Total,48534,4631,17251,0,64,41984,6550,"53,96","6 403 055,44","120,44",17386,135,88949
Data,Ocup,Opção,Cheg,Oferta/Uso Interno,Deduz. Individ.,Deduz. Grupos,% Ocup.,Receita Quartos,Preço Médio,Saídas,Quartos FdS,Adul. / Cri.,junho,Previsão,13-jun-2026 sáb,6,22,2,0,0,6,0,"20,74","1 089,14","38,90",18,0,13,397,733,138,0,0,155,242,"27,90","60 651,07","53,67",142,0,761,Total jun,397,733,138,0,0,155,242,"27,90","60 651,07","53,67",142,0,761,Total,48534,4631,17251,0,64,41984,6550,"53,96","6 403 055,44","120,44",17386,135,88949
Data,Ocup,Opção,Cheg,Oferta/Uso Interno,Deduz. Individ.,Deduz. Grupos,% Ocup.,Receita Quartos,Preço Médio,Saídas,Quartos FdS,Adul. / Cri.,junho,Previsão,14-jun-2026 dom,5,22,2,0,0,5,0,"20,00","640,76","23,73",3,0,9,397,733,138,0,0,155,242,"27,90","60 651,07","53,67",142,0,761,Total jun,397,733,138,0,0,155,242,"27,90","60 651,07","53,67",142,0,761,Total,48534,4631,17251,0,64,41984,6550,"53,96","6 403 055,44","120,44",17386,135,88949
Data,Ocup,Opção,Cheg,Oferta/Uso Interno,Deduz. Individ.,Deduz. Grupos,% Ocup.,Receita Quartos,Preço Médio,Saídas,Quartos FdS,Adul. / Cri.,junho,Previsão,15-jun-2026 seg,5,22,1,0,0,5,0,"20,00","710,58","26,32",1,0,9,397,733,138,0,0,155,242,"27,90","60 651,07","53,67",142,0,761,Total jun,397,733,138,0,0,155,242,"27,90","60 651,07","53,67",142,0,761,Total,48534,4631,17251,0,64,41984,6550,"53,96","6 403 055,44","120,44",17386,135,88949
Data,Ocup,Opção,Cheg,Oferta/Uso Interno,Deduz. Individ.,Deduz. Grupos,% Ocup.,Receita Quartos,Preço Médio,Saídas,Quartos FdS,Adul. / Cri.,junho,Previsão,16-jun-2026 ter,6,57,3,0,0,5,1,"46,67","883,11","14,02",2,0,10,397,733,138,0,0,155,242,"27,90","60 651,07","53,67",142,0,761,Total jun,397,733,138,0,0,155,242,"27,90","60 651,07","53,67",142,0,761,Total,48534,4631,17251,0,64,41984,6550,"53,96","6 403 055,44","120,44",17386,135,88949
Data,Ocup,Opção,Cheg,Oferta/Uso Interno,Deduz. Individ.,Deduz. Grupos,% Ocup.,Receita Quartos,Preço Médio,Saídas,Quartos FdS,Adul. / Cri.,junho,Previsão,17-jun-2026 qua,21,0,16,0,0,4,17,"15,56","3 056,41","145,54",1,0,40,397,733,138,0,0,155,242,"27,90","60 651,07","53,67",142,0,761,Total jun,397,733,138,0,0,155,242,"27,90","60 651,07","53,67",142,0,761,Total,48534,4631,17251,0,64,41984,6550,"53,96","6 403 055,44","120,44",17386,135,88949
Data,Ocup,Opção,Cheg,Oferta/Uso Interno,Deduz. Individ.,Deduz. Grupos,% Ocup.,Receita Quartos,Preço Médio,Saídas,Quartos FdS,Adul. / Cri.,junho,Previsão,18-jun-2026 qui,20,4,0,0,0,3,17,"17,78","2 894,26","120,59",1,0,38,397,733,138,0,0,155,242,"27,90","60 651,07","53,67",142,0,761,Total jun,397,733,138,0,0,155,242,"27,90","60 651,07","53,67",142,0,761,Total,48534,4631,17251,0,64,41984,6550,"53,96","6 403 055,44","120,44",17386,135,88949
Data,Ocup,Opção,Cheg,Oferta/Uso Interno,Deduz. Individ.,Deduz. Grupos,% Ocup.,Receita Quartos,Preço Médio,Saídas,Quartos FdS,Adul. / Cri.,junho,Previsão,19-jun-2026 sex,21,17,1,0,0,4,17,"28,15","3 002,49","79,01",0,0,40,397,733,138,0,0,155,242,"27,90","60 651,07","53,67",142,0,761,Total jun,397,733,138,0,0,155,242,"27,90","60 651,07","53,67",142,0,761,Total,48534,4631,17251,0,64,41984,6550,"53,96","6 403 055,44","120,44",17386,135,88949
Data,Ocup,Opção,Cheg,Oferta/Uso Interno,Deduz. Individ.,Deduz. Grupos,% Ocup.,Receita Quartos,Preço Médio,Saídas,Quartos FdS,Adul. / Cri.,junho,Previsão,20-jun-2026 sáb,3,21,1,0,0,3,0,"17,78","307,41","12,81",19,0,6,397,733,138,0,0,155,242,"27,90","60 651,07","53,67",142,0,761,Total jun,397,733,138,0,0,155,242,"27,90","60 651,07","53,67",142,0,761,Total,48534,4631,17251,0,64,41984,6550,"53,96","6 403 055,44","120,44",17386,135,88949
Data,Ocup,Opção,Cheg,Oferta/Uso Interno,Deduz. Individ.,Deduz. Grupos,% Ocup.,Receita Quartos,Preço Médio,Saídas,Quartos FdS,Adul. / Cri.,junho,Previsão,21-jun-2026 dom,6,13,4,0,0,6,0,"14,07","574,83","30,25",1,0,12,397,733,138,0,0,155,242,"27,90","60 651,07","53,67",142,0,761,Total jun,397,733,138,0,0,155,242,"27,90","60 651,07","53,67",142,0,761,Total,48534,4631,17251,0,64,41984,6550,"53,96","6 403 055,44","120,44",17386,135,88949
Data,Ocup,Opção,Cheg,Oferta/Uso Interno,Deduz. Individ.,Deduz. Grupos,% Ocup.,Receita Quartos,Preço Médio,Saídas,Quartos FdS,Adul. / Cri.,junho,Previsão,22-jun-2026 seg,3,39,0,0,0,3,0,"31,11","262,19","6,24",3,0,6,397,733,138,0,0,155,242,"27,90","60 651,07","53,67",142,0,761,Total jun,397,733,138,0,0,155,242,"27,90","60 651,07","53,67",142,0,761,Total,48534,4631,17251,0,64,41984,6550,"53,96","6 403 055,44","120,44",17386,135,88949
Data,Ocup,Opção,Cheg,Oferta/Uso Interno,Deduz. Individ.,Deduz. Grupos,% Ocup.,Receita Quartos,Preço Médio,Saídas,Quartos FdS,Adul. / Cri.,junho,Previsão,23-jun-2026 ter,2,26,1,0,0,1,1,"20,74","234,12","8,36",2,0,3,397,733,138,0,0,155,242,"27,90","60 651,07","53,67",142,0,761,Total jun,397,733,138,0,0,155,242,"27,90","60 651,07","53,67",142,0,761,Total,48534,4631,17251,0,64,41984,6550,"53,96","6 403 055,44","120,44",17386,135,88949
Data,Ocup,Opção,Cheg,Oferta/Uso Interno,Deduz. Individ.,Deduz. Grupos,% Ocup.,Receita Quartos,Preço Médio,Saídas,Quartos FdS,Adul. / Cri.,junho,Previsão,24-jun-2026 qua,18,0,16,0,0,1,17,"13,33","2 609,67","144,98",0,0,35,397,733,138,0,0,155,242,"27,90","60 651,07","53,67",142,0,761,Total jun,397,733,138,0,0,155,242,"27,90","60 651,07","53,67",142,0,761,Total,48534,4631,17251,0,64,41984,6550,"53,96","6 403 055,44","120,44",17386,135,88949
Data,Ocup,Opção,Cheg,Oferta/Uso Interno,Deduz. Individ.,Deduz. Grupos,% Ocup.,Receita Quartos,Preço Médio,Saídas,Quartos FdS,Adul. / Cri.,junho,Previsão,25-jun-2026 qui,21,26,4,0,0,4,17,"34,81","3 061,89","65,15",1,0,41,397,733,138,0,0,155,242,"27,90","60 651,07","53,67",142,0,761,Total jun,397,733,138,0,0,155,242,"27,90","60 651,07","53,67",142,0,761,Total,48534,4631,17251,0,64,41984,6550,"53,96","6 403 055,44","120,44",17386,135,88949
Data,Ocup,Opção,Cheg,Oferta/Uso Interno,Deduz. Individ.,Deduz. Grupos,% Ocup.,Receita Quartos,Preço Médio,Saídas,Quartos FdS,Adul. / Cri.,junho,Previsão,26-jun-2026 sex,18,35,0,0,0,1,17,"39,26","2 635,02","49,72",3,0,35,397,733,138,0,0,155,242,"27,90","60 651,07","53,67",142,0,761,Total jun,397,733,138,0,0,155,242,"27,90","60 651,07","53,67",142,0,761,Total,48534,4631,17251,0,64,41984,6550,"53,96","6 403 055,44","120,44",17386,135,88949
Data,Ocup,Opção,Cheg,Oferta/Uso Interno,Deduz. Individ.,Deduz. Grupos,% Ocup.,Receita Quartos,Preço Médio,Saídas,Quartos FdS,Adul. / Cri.,junho,Previsão,27-jun-2026 sáb,1,39,0,0,0,1,0,"29,63","117,78","2,94",17,0,2,397,733,138,0,0,155,242,"27,90","60 651,07","53,67",142,0,761,Total jun,397,733,138,0,0,155,242,"27,90","60 651,07","53,67",142,0,761,Total,48534,4631,17251,0,64,41984,6550,"53,96","6 403 055,44","120,44",17386,135,88949
Data,Ocup,Opção,Cheg,Oferta/Uso Interno,Deduz. Individ.,Deduz. Grupos,% Ocup.,Receita Quartos,Preço Médio,Saídas,Quartos FdS,Adul. / Cri.,junho,Previsão,28-jun-2026 dom,0,39,0,0,0,0,0,"28,89",-,-,1,0,0,397,733,138,0,0,155,242,"27,90","60 651,07","53,67",142,0,761,Total jun,397,733,138,0,0,155,242,"27,90","60 651,07","53,67",142,0,761,Total,48534,4631,17251,0,64,41984,6550,"53,96","6 403 055,44","120,44",17386,135,88949
Data,Ocup,Opção,Cheg,Oferta/Uso Interno,Deduz. Individ.,Deduz. Grupos,% Ocup.,Receita Quartos,Preço Médio,Saídas,Quartos FdS,Adul. / Cri.,junho,Previsão,29-jun-2026 seg,1,39,1,0,0,1,0,"29,63","180,25","4,51",0,0,2,397,733,138,0,0,155,242,"27,90","60 651,07","53,67",142,0,761,Total jun,397,733,138,0,0,155,242,"27,90","60 651,07","53,67",142,0,761,Total,48534,4631,17251,0,64,41984,6550,"53,96","6 403 055,44","120,44",17386,135,88949
Data,Ocup,Opção,Cheg,Oferta/Uso Interno,Deduz. Individ.,Deduz. Grupos,% Ocup.,Receita Quartos,Preço Médio,Saídas,Quartos FdS,Adul. / Cri.,junho,Previsão,30-jun-2026 ter,5,72,4,0,0,5,0,"57,04","804,70","10,45",0,0,10,397,733,138,0,0,155,242,"27,90","60 651,07","53,67",142,0,761,Total jun,397,733,138,0,0,155,242,"27,90","60 651,07","53,67",142,0,761,Total,48534,4631,17251,0,64,41984,6550,"53,96","6 403 055,44","120,44",17386,135,88949
Data,Ocup,Opção,Cheg,Oferta/Uso Interno,Deduz. Individ.,Deduz. Grupos,% Ocup.,Receita Quartos,Preço Médio,Saídas,Quartos FdS,Adul. / Cri.,julho,Previsão,01-jul-2026 qua,4,22,1,0,0,4,0,"19,26","747,60","28,75",2,0,9,124,229,39,0,0,124,0,"8,43","19 029,10","53,91",41,0,259,Total jul,124,229,39,0,0,124,0,"8,43","19 029,10","53,91",41,0,259,Total,48534,4631,17251,0,64,41984,6550,"53,96","6 403 055,44","120,44",17386,135,88949
Data,Ocup,Opção,Cheg,Oferta/Uso Interno,Deduz. Individ.,Deduz. Grupos,% Ocup.,Receita Quartos,Preço Médio,Saídas,Quartos FdS,Adul. / Cri.,julho,Previsão,02-jul-2026 qui,2,22,1,0,0,2,0,"17,78","387,00","16,12",3,0,5,124,229,39,0,0,124,0,"8,43","19 029,10","53,91",41,0,259,Total jul,124,229,39,0,0,124,0,"8,43","19 029,10","53,91",41,0,259,Total,48534,4631,17251,0,64,41984,6550,"53,96","6 403 055,44","120,44",17386,135,88949
Data,Ocup,Opção,Cheg,Oferta/Uso Interno,Deduz. Individ.,Deduz. Grupos,% Ocup.,Receita Quartos,Preço Médio,Saídas,Quartos FdS,Adul. / Cri.,julho,Previsão,03-jul-2026 sex,7,0,5,0,0,7,0,"5,19","1 142,84","163,26",0,0,15,124,229,39,0,0,124,0,"8,43","19 029,10","53,91",41,0,259,Total jul,124,229,39,0,0,124,0,"8,43","19 029,10","53,91",41,0,259,Total,48534,4631,17251,0,64,41984,6550,"53,96","6 403 055,44","120,44",17386,135,88949
Data,Ocup,Opção,Cheg,Oferta/Uso Interno,Deduz. Individ.,Deduz. Grupos,% Ocup.,Receita Quartos,Preço Médio,Saídas,Quartos FdS,Adul. / Cri.,julho,Previsão,04-jul-2026 sáb,7,0,4,0,0,7,0,"5,19","1 107,25","158,18",4,0,12,124,229,39,0,0,124,0,"8,43","19 029,10","53,91",41,0,259,Total jul,124,229,39,0,0,124,0,"8,43","19 029,10","53,91",41,0,259,Total,48534,4631,17251,0,64,41984,6550,"53,96","6 403 055,44","120,44",17386,135,88949
Data,Ocup,Opção,Cheg,Oferta/Uso Interno,Deduz. Individ.,Deduz. Grupos,% Ocup.,Receita Quartos,Preço Médio,Saídas,Quartos FdS,Adul. / Cri.,julho,Previsão,05-jul-2026 dom,6,16,0,0,0,6,0,"16,30","867,00","39,41",1,0,10,124,229,39,0,0,124,0,"8,43","19 029,10","53,91",41,0,259,Total jul,124,229,39,0,0,124,0,"8,43","19 029,10","53,91",41,0,259,Total,48534,4631,17251,0,64,41984,6550,"53,96","6 403 055,44","120,44",17386,135,88949
Data,Ocup,Opção,Cheg,Oferta/Uso Interno,Deduz. Individ.,Deduz. Grupos,% Ocup.,Receita Quartos,Preço Médio,Saídas,Quartos FdS,Adul. / Cri.,julho,Previsão,06-jul-2026 seg,6,16,2,0,0,6,0,"16,30","807,00","36,68",2,0,10,124,229,39,0,0,124,0,"8,43","19 029,10","53,91",41,0,259,Total jul,124,229,39,0,0,124,0,"8,43","19 029,10","53,91",41,0,259,Total,48534,4631,17251,0,64,41984,6550,"53,96","6 403 055,44","120,44",17386,135,88949
Data,Ocup,Opção,Cheg,Oferta/Uso Interno,Deduz. Individ.,Deduz. Grupos,% Ocup.,Receita Quartos,Preço Médio,Saídas,Quartos FdS,Adul. / Cri.,julho,Previsão,07-jul-2026 ter,6,22,2,0,0,6,0,"20,74","747,13","26,68",2,0,10,124,229,39,0,0,124,0,"8,43","19 029,10","53,91",41,0,259,Total jul,124,229,39,0,0,124,0,"8,43","19 029,10","53,91",41,0,259,Total,48534,4631,17251,0,64,41984,6550,"53,96","6 403 055,44","120,44",17386,135,88949
Data,Ocup,Opção,Cheg,Oferta/Uso Interno,Deduz. Individ.,Deduz. Grupos,% Ocup.,Receita Quartos,Preço Médio,Saídas,Quartos FdS,Adul. / Cri.,julho,Previsão,08-jul-2026 qua,0,22,0,0,0,0,0,"16,30",-,-,6,0,0,124,229,39,0,0,124,0,"8,43","19 029,10","53,91",41,0,259,Total jul,124,229,39,0,0,124,0,"8,43","19 029,10","53,91",41,0,259,Total,48534,4631,17251,0,64,41984,6550,"53,96","6 403 055,44","120,44",17386,135,88949
Data,Ocup,Opção,Cheg,Oferta/Uso Interno,Deduz. Individ.,Deduz. Grupos,% Ocup.,Receita Quartos,Preço Médio,Saídas,Quartos FdS,Adul. / Cri.,julho,Previsão,09-jul-2026 qui,5,22,5,0,0,5,0,"20,00","630,36","23,35",0,0,10,124,229,39,0,0,124,0,"8,43","19 029,10","53,91",41,0,259,Total jul,124,229,39,0,0,124,0,"8,43","19 029,10","53,91",41,0,259,Total,48534,4631,17251,0,64,41984,6550,"53,96","6 403 055,44","120,44",17386,135,88949
Data,Ocup,Opção,Cheg,Oferta/Uso Interno,Deduz. Individ.,Deduz. Grupos,% Ocup.,Receita Quartos,Preço Médio,Saídas,Quartos FdS,Adul. / Cri.,julho,Previsão,10-jul-2026 sex,10,0,5,0,0,10,0,"7,41","1 432,01","143,20",0,0,21,124,229,39,0,0,124,0,"8,43","19 029,10","53,91",41,0,259,Total jul,124,229,39,0,0,124,0,"8,43","19 029,10","53,91",41,0,259,Total,48534,4631,17251,0,64,41984,6550,"53,96","6 403 055,44","120,44",17386,135,88949
Data,Ocup,Opção,Cheg,Oferta/Uso Interno,Deduz. Individ.,Deduz. Grupos,% Ocup.,Receita Quartos,Preço Médio,Saídas,Quartos FdS,Adul. / Cri.,julho,Previsão,11-jul-2026 sáb,10,4,0,0,0,10,0,"10,37","1 432,01","102,29",0,0,21,124,229,39,0,0,124,0,"8,43","19 029,10","53,91",41,0,259,Total jul,124,229,39,0,0,124,0,"8,43","19 029,10","53,91",41,0,259,Total,48534,4631,17251,0,64,41984,6550,"53,96","6 403 055,44","120,44",17386,135,88949
Data,Ocup,Opção,Cheg,Oferta/Uso Interno,Deduz. Individ.,Deduz. Grupos,% Ocup.,Receita Quartos,Preço Médio,Saídas,Quartos FdS,Adul. / Cri.,julho,Previsão,12-jul-2026 dom,7,13,2,0,0,7,0,"14,81","1 002,19","50,11",5,0,15,124,229,39,0,0,124,0,"8,43","19 029,10","53,91",41,0,259,Total jul,124,229,39,0,0,124,0,"8,43","19 029,10","53,91",41,0,259,Total,48534,4631,17251,0,64,41984,6550,"53,96","6 403 055,44","120,44",17386,135,88949
Data,Ocup,Opção,Cheg,Oferta/Uso Interno,Deduz. Individ.,Deduz. Grupos,% Ocup.,Receita Quartos,Preço Médio,Saídas,Quartos FdS,Adul. / Cri.,julho,Previsão,13-jul-2026 seg,6,13,0,0,0,6,0,"14,07","783,94","41,26",1,0,12,124,229,39,0,0,124,0,"8,43","19 029,10","53,91",41,0,259,Total jul,124,229,39,0,0,124,0,"8,43","19 029,10","53,91",41,0,259,Total,48534,4631,17251,0,64,41984,6550,"53,96","6 403 055,44","120,44",17386,135,88949
Data,Ocup,Opção,Cheg,Oferta/Uso Interno,Deduz. Individ.,Deduz. Grupos,% Ocup.,Receita Quartos,Preço Médio,Saídas,Quartos FdS,Adul. / Cri.,julho,Previsão,14-jul-2026 ter,6,0,0,0,0,6,0,"4,44","783,94","130,66",0,0,12,124,229,39,0,0,124,0,"8,43","19 029,10","53,91",41,0,259,Total jul,124,229,39,0,0,124,0,"8,43","19 029,10","53,91",41,0,259,Total,48534,4631,17251,0,64,41984,6550,"53,96","6 403 055,44","120,44",17386,135,88949
Data,Ocup,Opção,Cheg,Oferta/Uso Interno,Deduz. Individ.,Deduz. Grupos,% Ocup.,Receita Quartos,Preço Médio,Saídas,Quartos FdS,Adul. / Cri.,julho,Previsão,15-jul-2026 qua,0,0,0,0,0,0,0,-,-,NaN,6,0,0,124,229,39,0,0,124,0,"8,43","19 029,10","53,91",41,0,259,Total jul,124,229,39,0,0,124,0,"8,43","19 029,10","53,91",41,0,259,Total,48534,4631,17251,0,64,41984,6550,"53,96","6 403 055,44","120,44",17386,135,88949
Data,Ocup,Opção,Cheg,Oferta/Uso Interno,Deduz. Individ.,Deduz. Grupos,% Ocup.,Receita Quartos,Preço Médio,Saídas,Quartos FdS,Adul. / Cri.,julho,Previsão,16-jul-2026 qui,1,0,1,0,0,1,0,"0,74","116,40","116,40",0,0,2,124,229,39,0,0,124,0,"8,43","19 029,10","53,91",41,0,259,Total jul,124,229,39,0,0,124,0,"8,43","19 029,10","53,91",41,0,259,Total,48534,4631,17251,0,64,41984,6550,"53,96","6 403 055,44","120,44",17386,135,88949
Data,Ocup,Opção,Cheg,Oferta/Uso Interno,Deduz. Individ.,Deduz. Grupos,% Ocup.,Receita Quartos,Preço Médio,Saídas,Quartos FdS,Adul. / Cri.,julho,Previsão,17-jul-2026 sex,1,0,0,0,0,1,0,"0,74","116,40","116,40",0,0,2,124,229,39,0,0,124,0,"8,43","19 029,10","53,91",41,0,259,Total jul,124,229,39,0,0,124,0,"8,43","19 029,10","53,91",41,0,259,Total,48534,4631,17251,0,64,41984,6550,"53,96","6 403 055,44","120,44",17386,135,88949
Data,Ocup,Opção,Cheg,Oferta/Uso Interno,Deduz. Individ.,Deduz. Grupos,% Ocup.,Receita Quartos,Preço Médio,Saídas,Quartos FdS,Adul. / Cri.,julho,Previsão,18-jul-2026 sáb,0,4,0,0,0,0,0,"2,96",-,-,1,0,0,124,229,39,0,0,124,0,"8,43","19 029,10","53,91",41,0,259,Total jul,124,229,39,0,0,124,0,"8,43","19 029,10","53,91",41,0,259,Total,48534,4631,17251,0,64,41984,6550,"53,96","6 403 055,44","120,44",17386,135,88949
Data,Ocup,Opção,Cheg,Oferta/Uso Interno,Deduz. Individ.,Deduz. Grupos,% Ocup.,Receita Quartos,Preço Médio,Saídas,Quartos FdS,Adul. / Cri.,julho,Previsão,19-jul-2026 dom,0,13,0,0,0,0,0,"9,63",-,-,0,0,0,124,229,39,0,0,124,0,"8,43","19 029,10","53,91",41,0,259,Total jul,124,229,39,0,0,124,0,"8,43","19 029,10","53,91",41,0,259,Total,48534,4631,17251,0,64,41984,6550,"53,96","6 403 055,44","120,44",17386,135,88949
Data,Ocup,Opção,Cheg,Oferta/Uso Interno,Deduz. Individ.,Deduz. Grupos,% Ocup.,Receita Quartos,Preço Médio,Saídas,Quartos FdS,Adul. / Cri.,julho,Previsão,20-jul-2026 seg,1,18,1,0,0,1,0,"14,07","291,85","15,36",0,0,4,124,229,39,0,0,124,0,"8,43","19 029,10","53,91",41,0,259,Total jul,124,229,39,0,0,124,0,"8,43","19 029,10","53,91",41,0,259,Total,48534,4631,17251,0,64,41984,6550,"53,96","6 403 055,44","120,44",17386,135,88949
Data,Ocup,Opção,Cheg,Oferta/Uso Interno,Deduz. Individ.,Deduz. Grupos,% Ocup.,Receita Quartos,Preço Médio,Saídas,Quartos FdS,Adul. / Cri.,julho,Previsão,21-jul-2026 ter,1,15,0,0,0,1,0,"11,85","291,85","18,24",0,0,4,124,229,39,0,0,124,0,"8,43","19 029,10","53,91",41,0,259,Total jul,124,229,39,0,0,124,0,"8,43","19 029,10","53,91",41,0,259,Total,48534,4631,17251,0,64,41984,6550,"53,96","6 403 055,44","120,44",17386,135,88949
Data,Ocup,Opção,Cheg,Oferta/Uso Interno,Deduz. Individ.,Deduz. Grupos,% Ocup.,Receita Quartos,Preço Médio,Saídas,Quartos FdS,Adul. / Cri.,julho,Previsão,22-jul-2026 qua,1,5,0,0,0,1,0,"4,44","291,85","48,64",0,0,4,124,229,39,0,0,124,0,"8,43","19 029,10","53,91",41,0,259,Total jul,124,229,39,0,0,124,0,"8,43","19 029,10","53,91",41,0,259,Total,48534,4631,17251,0,64,41984,6550,"53,96","6 403 055,44","120,44",17386,135,88949
Data,Ocup,Opção,Cheg,Oferta/Uso Interno,Deduz. Individ.,Deduz. Grupos,% Ocup.,Receita Quartos,Preço Médio,Saídas,Quartos FdS,Adul. / Cri.,julho,Previsão,23-jul-2026 qui,4,0,3,0,0,4,0,"2,96","685,83","171,46",0,0,8,124,229,39,0,0,124,0,"8,43","19 029,10","53,91",41,0,259,Total jul,124,229,39,0,0,124,0,"8,43","19 029,10","53,91",41,0,259,Total,48534,4631,17251,0,64,41984,6550,"53,96","6 403 055,44","120,44",17386,135,88949
Data,Ocup,Opção,Cheg,Oferta/Uso Interno,Deduz. Individ.,Deduz. Grupos,% Ocup.,Receita Quartos,Preço Médio,Saídas,Quartos FdS,Adul. / Cri.,julho,Previsão,24-jul-2026 sex,5,0,2,0,0,5,0,"3,70","936,09","187,22",1,0,10,124,229,39,0,0,124,0,"8,43","19 029,10","53,91",41,0,259,Total jul,124,229,39,0,0,124,0,"8,43","19 029,10","53,91",41,0,259,Total,48534,4631,17251,0,64,41984,6550,"53,96","6 403 055,44","120,44",17386,135,88949
Data,Ocup,Opção,Cheg,Oferta/Uso Interno,Deduz. Individ.,Deduz. Grupos,% Ocup.,Receita Quartos,Preço Médio,Saídas,Quartos FdS,Adul. / Cri.,julho,Previsão,25-jul-2026 sáb,5,0,0,0,0,5,0,"3,70","936,09","187,22",0,0,10,124,229,39,0,0,124,0,"8,43","19 029,10","53,91",41,0,259,Total jul,124,229,39,0,0,124,0,"8,43","19 029,10","53,91",41,0,259,Total,48534,4631,17251,0,64,41984,6550,"53,96","6 403 055,44","120,44",17386,135,88949
Data,Ocup,Opção,Cheg,Oferta/Uso Interno,Deduz. Individ.,Deduz. Grupos,% Ocup.,Receita Quartos,Preço Médio,Saídas,Quartos FdS,Adul. / Cri.,julho,Previsão,26-jul-2026 dom,6,0,2,0,0,6,0,"4,44","788,03","131,34",1,0,10,124,229,39,0,0,124,0,"8,43","19 029,10","53,91",41,0,259,Total jul,124,229,39,0,0,124,0,"8,43","19 029,10","53,91",41,0,259,Total,48534,4631,17251,0,64,41984,6550,"53,96","6 403 055,44","120,44",17386,135,88949
Data,Ocup,Opção,Cheg,Oferta/Uso Interno,Deduz. Individ.,Deduz. Grupos,% Ocup.,Receita Quartos,Preço Médio,Saídas,Quartos FdS,Adul. / Cri.,julho,Previsão,27-jul-2026 seg,6,0,0,0,0,6,0,"4,44","788,03","131,34",0,0,10,124,229,39,0,0,124,0,"8,43","19 029,10","53,91",41,0,259,Total jul,124,229,39,0,0,124,0,"8,43","19 029,10","53,91",41,0,259,Total,48534,4631,17251,0,64,41984,6550,"53,96","6 403 055,44","120,44",17386,135,88949
Data,Ocup,Opção,Cheg,Oferta/Uso Interno,Deduz. Individ.,Deduz. Grupos,% Ocup.,Receita Quartos,Preço Médio,Saídas,Quartos FdS,Adul. / Cri.,julho,Previsão,28-jul-2026 ter,3,0,1,0,0,3,0,"2,22","429,36","143,12",4,0,8,124,229,39,0,0,124,0,"8,43","19 029,10","53,91",41,0,259,Total jul,124,229,39,0,0,124,0,"8,43","19 029,10","53,91",41,0,259,Total,48534,4631,17251,0,64,41984,6550,"53,96","6 403 055,44","120,44",17386,135,88949
Data,Ocup,Opção,Cheg,Oferta/Uso Interno,Deduz. Individ.,Deduz. Grupos,% Ocup.,Receita Quartos,Preço Médio,Saídas,Quartos FdS,Adul. / Cri.,julho,Previsão,29-jul-2026 qua,3,0,0,0,0,3,0,"2,22","429,36","143,12",0,0,8,124,229,39,0,0,124,0,"8,43","19 029,10","53,91",41,0,259,Total jul,124,229,39,0,0,124,0,"8,43","19 029,10","53,91",41,0,259,Total,48534,4631,17251,0,64,41984,6550,"53,96","6 403 055,44","120,44",17386,135,88949
Data,Ocup,Opção,Cheg,Oferta/Uso Interno,Deduz. Individ.,Deduz. Grupos,% Ocup.,Receita Quartos,Preço Médio,Saídas,Quartos FdS,Adul. / Cri.,julho,Previsão,30-jul-2026 qui,2,0,1,0,0,2,0,"1,48","350,89","175,44",2,0,6,124,229,39,0,0,124,0,"8,43","19 029,10","53,91",41,0,259,Total jul,124,229,39,0,0,124,0,"8,43","19 029,10","53,91",41,0,259,Total,48534,4631,17251,0,64,41984,6550,"53,96","6 403 055,44","120,44",17386,135,88949
Data,Ocup,Opção,Cheg,Oferta/Uso Interno,Deduz. Individ.,Deduz. Grupos,% Ocup.,Receita Quartos,Preço Médio,Saídas,Quartos FdS,Adul. / Cri.,julho,Previsão,31-jul-2026 sex,3,2,1,0,0,3,0,"3,70","706,80","141,36",0,0,11,124,229,39,0,0,124,0,"8,43","19 029,10","53,91",41,0,259,Total jul,124,229,39,0,0,124,0,"8,43","19 029,10","53,91",41,0,259,Total,48534,4631,17251,0,64,41984,6550,"53,96","6 403 055,44","120,44",17386,135,88949
Data,Ocup,Opção,Cheg,Oferta/Uso Interno,Deduz. Individ.,Deduz. Grupos,% Ocup.,Receita Quartos,Preço Médio,Saídas,Quartos FdS,Adul. / Cri.,agosto,Previsão,01-ago-2026 sáb,5,1,2,0,0,5,0,"4,44","909,10","151,52",0,0,15,112,171,44,0,0,60,52,"6,76","16 128,14","56,99",36,0,236,Total ago,112,171,44,0,0,60,52,"6,76","16 128,14","56,99",36,0,236,Total,48534,4631,17251,0,64,41984,6550,"53,96","6 403 055,44","120,44",17386,135,88949
Data,Ocup,Opção,Cheg,Oferta/Uso Interno,Deduz. Individ.,Deduz. Grupos,% Ocup.,Receita Quartos,Preço Médio,Saídas,Quartos FdS,Adul. / Cri.,agosto,Previsão,02-ago-2026 dom,4,0,1,0,0,4,0,"2,96","755,54","188,88",2,0,13,112,171,44,0,0,60,52,"6,76","16 128,14","56,99",36,0,236,Total ago,112,171,44,0,0,60,52,"6,76","16 128,14","56,99",36,0,236,Total,48534,4631,17251,0,64,41984,6550,"53,96","6 403 055,44","120,44",17386,135,88949
Data,Ocup,Opção,Cheg,Oferta/Uso Interno,Deduz. Individ.,Deduz. Grupos,% Ocup.,Receita Quartos,Preço Médio,Saídas,Quartos FdS,Adul. / Cri.,agosto,Previsão,03-ago-2026 seg,2,0,0,0,0,2,0,"1,48","474,95","237,48",2,0,7,112,171,44,0,0,60,52,"6,76","16 128,14","56,99",36,0,236,Total ago,112,171,44,0,0,60,52,"6,76","16 128,14","56,99",36,0,236,Total,48534,4631,17251,0,64,41984,6550,"53,96","6 403 055,44","120,44",17386,135,88949
Data,Ocup,Opção,Cheg,Oferta/Uso Interno,Deduz. Individ.,Deduz. Grupos,% Ocup.,Receita Quartos,Preço Médio,Saídas,Quartos FdS,Adul. / Cri.,agosto,Previsão,04-ago-2026 ter,1,0,0,0,0,1,0,"0,74","156,96","156,96",1,0,2,112,171,44,0,0,60,52,"6,76","16 128,14","56,99",36,0,236,Total ago,112,171,44,0,0,60,52,"6,76","16 128,14","56,99",36,0,236,Total,48534,4631,17251,0,64,41984,6550,"53,96","6 403 055,44","120,44",17386,135,88949
Data,Ocup,Opção,Cheg,Oferta/Uso Interno,Deduz. Individ.,Deduz. Grupos,% Ocup.,Receita Quartos,Preço Médio,Saídas,Quartos FdS,Adul. / Cri.,agosto,Previsão,05-ago-2026 qua,0,0,0,0,0,0,0,-,-,NaN,1,0,0,112,171,44,0,0,60,52,"6,76","16 128,14","56,99",36,0,236,Total ago,112,171,44,0,0,60,52,"6,76","16 128,14","56,99",36,0,236,Total,48534,4631,17251,0,64,41984,6550,"53,96","6 403 055,44","120,44",17386,135,88949
Data,Ocup,Opção,Cheg,Oferta/Uso Interno,Deduz. Individ.,Deduz. Grupos,% Ocup.,Receita Quartos,Preço Médio,Saídas,Quartos FdS,Adul. / Cri.,agosto,Previsão,06-ago-2026 qui,2,0,2,0,0,2,0,"1,48","318,64","159,32",0,0,4,112,171,44,0,0,60,52,"6,76","16 128,14","56,99",36,0,236,Total ago,112,171,44,0,0,60,52,"6,76","16 128,14","56,99",36,0,236,Total,48534,4631,17251,0,64,41984,6550,"53,96","6 403 055,44","120,44",17386,135,88949
Data,Ocup,Opção,Cheg,Oferta/Uso Interno,Deduz. Individ.,Deduz. Grupos,% Ocup.,Receita Quartos,Preço Médio,Saídas,Quartos FdS,Adul. / Cri.,agosto,Previsão,07-ago-2026 sex,2,0,0,0,0,2,0,"1,48","318,64","159,32",0,0,4,112,171,44,0,0,60,52,"6,76","16 128,14","56,99",36,0,236,Total ago,112,171,44,0,0,60,52,"6,76","16 128,14","56,99",36,0,236,Total,48534,4631,17251,0,64,41984,6550,"53,96","6 403 055,44","120,44",17386,135,88949
Data,Ocup,Opção,Cheg,Oferta/Uso Interno,Deduz. Individ.,Deduz. Grupos,% Ocup.,Receita Quartos,Preço Médio,Saídas,Quartos FdS,Adul. / Cri.,agosto,Previsão,08-ago-2026 sáb,0,0,0,0,0,0,0,-,-,NaN,2,0,0,112,171,44,0,0,60,52,"6,76","16 128,14","56,99",36,0,236,Total ago,112,171,44,0,0,60,52,"6,76","16 128,14","56,99",36,0,236,Total,48534,4631,17251,0,64,41984,6550,"53,96","6 403 055,44","120,44",17386,135,88949
Data,Ocup,Opção,Cheg,Oferta/Uso Interno,Deduz. Individ.,Deduz. Grupos,% Ocup.,Receita Quartos,Preço Médio,Saídas,Quartos FdS,Adul. / Cri.,agosto,Previsão,09-ago-2026 dom,2,0,2,0,0,2,0,"1,48","239,96","119,98",0,0,4,112,171,44,0,0,60,52,"6,76","16 128,14","56,99",36,0,236,Total ago,112,171,44,0,0,60,52,"6,76","16 128,14","56,99",36,0,236,Total,48534,4631,17251,0,64,41984,6550,"53,96","6 403 055,44","120,44",17386,135,88949
Data,Ocup,Opção,Cheg,Oferta/Uso Interno,Deduz. Individ.,Deduz. Grupos,% Ocup.,Receita Quartos,Preço Médio,Saídas,Quartos FdS,Adul. / Cri.,agosto,Previsão,10-ago-2026 seg,0,0,0,0,0,0,0,-,-,NaN,2,0,0,112,171,44,0,0,60,52,"6,76","16 128,14","56,99",36,0,236,Total ago,112,171,44,0,0,60,52,"6,76","16 128,14","56,99",36,0,236,Total,48534,4631,17251,0,64,41984,6550,"53,96","6 403 055,44","120,44",17386,135,88949
Data,Ocup,Opção,Cheg,Oferta/Uso Interno,Deduz. Individ.,Deduz. Grupos,% Ocup.,Receita Quartos,Preço Médio,Saídas,Quartos FdS,Adul. / Cri.,agosto,Previsão,11-ago-2026 ter,1,15,1,0,0,1,0,"11,85","360,74","22,55",0,0,4,112,171,44,0,0,60,52,"6,76","16 128,14","56,99",36,0,236,Total ago,112,171,44,0,0,60,52,"6,76","16 128,14","56,99",36,0,236,Total,48534,4631,17251,0,64,41984,6550,"53,96","6 403 055,44","120,44",17386,135,88949
Data,Ocup,Opção,Cheg,Oferta/Uso Interno,Deduz. Individ.,Deduz. Grupos,% Ocup.,Receita Quartos,Preço Médio,Saídas,Quartos FdS,Adul. / Cri.,agosto,Previsão,12-ago-2026 qua,1,0,0,0,0,1,0,"0,74","360,74","360,74",0,0,4,112,171,44,0,0,60,52,"6,76","16 128,14","56,99",36,0,236,Total ago,112,171,44,0,0,60,52,"6,76","16 128,14","56,99",36,0,236,Total,48534,4631,17251,0,64,41984,6550,"53,96","6 403 055,44","120,44",17386,135,88949
Data,Ocup,Opção,Cheg,Oferta/Uso Interno,Deduz. Individ.,Deduz. Grupos,% Ocup.,Receita Quartos,Preço Médio,Saídas,Quartos FdS,Adul. / Cri.,agosto,Previsão,13-ago-2026 qui,1,0,0,0,0,1,0,"0,74","360,74","360,74",0,0,4,112,171,44,0,0,60,52,"6,76","16 128,14","56,99",36,0,236,Total ago,112,171,44,0,0,60,52,"6,76","16 128,14","56,99",36,0,236,Total,48534,4631,17251,0,64,41984,6550,"53,96","6 403 055,44","120,44",17386,135,88949
Data,Ocup,Opção,Cheg,Oferta/Uso Interno,Deduz. Individ.,Deduz. Grupos,% Ocup.,Receita Quartos,Preço Médio,Saídas,Quartos FdS,Adul. / Cri.,agosto,Previsão,14-ago-2026 sex,1,0,0,0,0,1,0,"0,74","394,70","394,70",0,0,4,112,171,44,0,0,60,52,"6,76","16 128,14","56,99",36,0,236,Total ago,112,171,44,0,0,60,52,"6,76","16 128,14","56,99",36,0,236,Total,48534,4631,17251,0,64,41984,6550,"53,96","6 403 055,44","120,44",17386,135,88949
Data,Ocup,Opção,Cheg,Oferta/Uso Interno,Deduz. Individ.,Deduz. Grupos,% Ocup.,Receita Quartos,Preço Médio,Saídas,Quartos FdS,Adul. / Cri.,agosto,Previsão,15-ago-2026 sáb,1,0,0,0,0,1,0,"0,74","394,70","394,70",0,0,4,112,171,44,0,0,60,52,"6,76","16 128,14","56,99",36,0,236,Total ago,112,171,44,0,0,60,52,"6,76","16 128,14","56,99",36,0,236,Total,48534,4631,17251,0,64,41984,6550,"53,96","6 403 055,44","120,44",17386,135,88949
Data,Ocup,Opção,Cheg,Oferta/Uso Interno,Deduz. Individ.,Deduz. Grupos,% Ocup.,Receita Quartos,Preço Médio,Saídas,Quartos FdS,Adul. / Cri.,agosto,Previsão,16-ago-2026 dom,0,0,0,0,0,0,0,-,-,NaN,1,0,0,112,171,44,0,0,60,52,"6,76","16 128,14","56,99",36,0,236,Total ago,112,171,44,0,0,60,52,"6,76","16 128,14","56,99",36,0,236,Total,48534,4631,17251,0,64,41984,6550,"53,96","6 403 055,44","120,44",17386,135,88949
Data,Ocup,Opção,Cheg,Oferta/Uso Interno,Deduz. Individ.,Deduz. Grupos,% Ocup.,Receita Quartos,Preço Médio,Saídas,Quartos FdS,Adul. / Cri.,agosto,Previsão,17-ago-2026 seg,0,0,0,0,0,0,0,-,-,NaN,0,0,0,112,171,44,0,0,60,52,"6,76","16 128,14","56,99",36,0,236,Total ago,112,171,44,0,0,60,52,"6,76","16 128,14","56,99",36,0,236,Total,48534,4631,17251,0,64,41984,6550,"53,96","6 403 055,44","120,44",17386,135,88949
Data,Ocup,Opção,Cheg,Oferta/Uso Interno,Deduz. Individ.,Deduz. Grupos,% Ocup.,Receita Quartos,Preço Médio,Saídas,Quartos FdS,Adul. / Cri.,agosto,Previsão,18-ago-2026 ter,2,0,2,0,0,2,0,"1,48","299,55","149,77",0,0,4,112,171,44,0,0,60,52,"6,76","16 128,14","56,99",36,0,236,Total ago,112,171,44,0,0,60,52,"6,76","16 128,14","56,99",36,0,236,Total,48534,4631,17251,0,64,41984,6550,"53,96","6 403 055,44","120,44",17386,135,88949
Data,Ocup,Opção,Cheg,Oferta/Uso Interno,Deduz. Individ.,Deduz. Grupos,% Ocup.,Receita Quartos,Preço Médio,Saídas,Quartos FdS,Adul. / Cri.,agosto,Previsão,19-ago-2026 qua,2,0,0,0,0,2,0,"1,48","299,55","149,77",0,0,4,112,171,44,0,0,60,52,"6,76","16 128,14","56,99",36,0,236,Total ago,112,171,44,0,0,60,52,"6,76","16 128,14","56,99",36,0,236,Total,48534,4631,17251,0,64,41984,6550,"53,96","6 403 055,44","120,44",17386,135,88949
Data,Ocup,Opção,Cheg,Oferta/Uso Interno,Deduz. Individ.,Deduz. Grupos,% Ocup.,Receita Quartos,Preço Médio,Saídas,Quartos FdS,Adul. / Cri.,agosto,Previsão,20-ago-2026 qui,2,0,0,0,0,2,0,"1,48","299,55","149,77",0,0,4,112,171,44,0,0,60,52,"6,76","16 128,14","56,99",36,0,236,Total ago,112,171,44,0,0,60,52,"6,76","16 128,14","56,99",36,0,236,Total,48534,4631,17251,0,64,41984,6550,"53,96","6 403 055,44","120,44",17386,135,88949
Data,Ocup,Opção,Cheg,Oferta/Uso Interno,Deduz. Individ.,Deduz. Grupos,% Ocup.,Receita Quartos,Preço Médio,Saídas,Quartos FdS,Adul. / Cri.,agosto,Previsão,21-ago-2026 sex,0,0,0,0,0,0,0,-,-,NaN,2,0,0,112,171,44,0,0,60,52,"6,76","16 128,14","56,99",36,0,236,Total ago,112,171,44,0,0,60,52,"6,76","16 128,14","56,99",36,0,236,Total,48534,4631,17251,0,64,41984,6550,"53,96","6 403 055,44","120,44",17386,135,88949
Data,Ocup,Opção,Cheg,Oferta/Uso Interno,Deduz. Individ.,Deduz. Grupos,% Ocup.,Receita Quartos,Preço Médio,Saídas,Quartos FdS,Adul. / Cri.,agosto,Previsão,22-ago-2026 sáb,3,0,3,0,0,3,0,"2,22","386,62","128,87",0,0,5,112,171,44,0,0,60,52,"6,76","16 128,14","56,99",36,0,236,Total ago,112,171,44,0,0,60,52,"6,76","16 128,14","56,99",36,0,236,Total,48534,4631,17251,0,64,41984,6550,"53,96","6 403 055,44","120,44",17386,135,88949
Data,Ocup,Opção,Cheg,Oferta/Uso Interno,Deduz. Individ.,Deduz. Grupos,% Ocup.,Receita Quartos,Preço Médio,Saídas,Quartos FdS,Adul. / Cri.,agosto,Previsão,23-ago-2026 dom,3,0,2,0,0,3,0,"2,22","358,09","119,36",2,0,4,112,171,44,0,0,60,52,"6,76","16 128,14","56,99",36,0,236,Total ago,112,171,44,0,0,60,52,"6,76","16 128,14","56,99",36,0,236,Total,48534,4631,17251,0,64,41984,6550,"53,96","6 403 055,44","120,44",17386,135,88949
Data,Ocup,Opção,Cheg,Oferta/Uso Interno,Deduz. Individ.,Deduz. Grupos,% Ocup.,Receita Quartos,Preço Médio,Saídas,Quartos FdS,Adul. / Cri.,agosto,Previsão,24-ago-2026 seg,2,15,0,0,0,2,0,"12,59","230,03","13,53",1,0,3,112,171,44,0,0,60,52,"6,76","16 128,14","56,99",36,0,236,Total ago,112,171,44,0,0,60,52,"6,76","16 128,14","56,99",36,0,236,Total,48534,4631,17251,0,64,41984,6550,"53,96","6 403 055,44","120,44",17386,135,88949
Data,Ocup,Opção,Cheg,Oferta/Uso Interno,Deduz. Individ.,Deduz. Grupos,% Ocup.,Receita Quartos,Preço Médio,Saídas,Quartos FdS,Adul. / Cri.,agosto,Previsão,25-ago-2026 ter,3,37,1,0,0,2,1,"29,63","343,41","8,59",0,0,4,112,171,44,0,0,60,52,"6,76","16 128,14","56,99",36,0,236,Total ago,112,171,44,0,0,60,52,"6,76","16 128,14","56,99",36,0,236,Total,48534,4631,17251,0,64,41984,6550,"53,96","6 403 055,44","120,44",17386,135,88949
Data,Ocup,Opção,Cheg,Oferta/Uso Interno,Deduz. Individ.,Deduz. Grupos,% Ocup.,Receita Quartos,Preço Médio,Saídas,Quartos FdS,Adul. / Cri.,agosto,Previsão,26-ago-2026 qua,18,37,16,0,0,1,17,"40,74","2 141,24","38,93",1,0,35,112,171,44,0,0,60,52,"6,76","16 128,14","56,99",36,0,236,Total ago,112,171,44,0,0,60,52,"6,76","16 128,14","56,99",36,0,236,Total,48534,4631,17251,0,64,41984,6550,"53,96","6 403 055,44","120,44",17386,135,88949
Data,Ocup,Opção,Cheg,Oferta/Uso Interno,Deduz. Individ.,Deduz. Grupos,% Ocup.,Receita Quartos,Preço Médio,Saídas,Quartos FdS,Adul. / Cri.,agosto,Previsão,27-ago-2026 qui,18,22,1,0,0,1,17,"29,63","2 100,24","52,51",1,0,35,112,171,44,0,0,60,52,"6,76","16 128,14","56,99",36,0,236,Total ago,112,171,44,0,0,60,52,"6,76","16 128,14","56,99",36,0,236,Total,48534,4631,17251,0,64,41984,6550,"53,96","6 403 055,44","120,44",17386,135,88949
Data,Ocup,Opção,Cheg,Oferta/Uso Interno,Deduz. Individ.,Deduz. Grupos,% Ocup.,Receita Quartos,Preço Médio,Saídas,Quartos FdS,Adul. / Cri.,agosto,Previsão,28-ago-2026 sex,17,0,0,0,0,0,17,"12,59","2 013,46","118,44",1,0,33,112,171,44,0,0,60,52,"6,76","16 128,14","56,99",36,0,236,Total ago,112,171,44,0,0,60,52,"6,76","16 128,14","56,99",36,0,236,Total,48534,4631,17251,0,64,41984,6550,"53,96","6 403 055,44","120,44",17386,135,88949
Data,Ocup,Opção,Cheg,Oferta/Uso Interno,Deduz. Individ.,Deduz. Grupos,% Ocup.,Receita Quartos,Preço Médio,Saídas,Quartos FdS,Adul. / Cri.,agosto,Previsão,29-ago-2026 sáb,1,0,1,0,0,1,0,"0,74","185,76","185,76",17,0,2,112,171,44,0,0,60,52,"6,76","16 128,14","56,99",36,0,236,Total ago,112,171,44,0,0,60,52,"6,76","16 128,14","56,99",36,0,236,Total,48534,4631,17251,0,64,41984,6550,"53,96","6 403 055,44","120,44",17386,135,88949
Data,Ocup,Opção,Cheg,Oferta/Uso Interno,Deduz. Individ.,Deduz. Grupos,% Ocup.,Receita Quartos,Preço Médio,Saídas,Quartos FdS,Adul. / Cri.,agosto,Previsão,30-ago-2026 dom,7,22,6,0,0,7,0,"21,48","915,06","31,55",0,0,13,112,171,44,0,0,60,52,"6,76","16 128,14","56,99",36,0,236,Total ago,112,171,44,0,0,60,52,"6,76","16 128,14","56,99",36,0,236,Total,48534,4631,17251,0,64,41984,6550,"53,96","6 403 055,44","120,44",17386,135,88949
Data,Ocup,Opção,Cheg,Oferta/Uso Interno,Deduz. Individ.,Deduz. Grupos,% Ocup.,Receita Quartos,Preço Médio,Saídas,Quartos FdS,Adul. / Cri.,agosto,Previsão,31-ago-2026 seg,11,22,4,0,0,11,0,"24,44","1 510,18","45,76",0,0,21,112,171,44,0,0,60,52,"6,76","16 128,14","56,99",36,0,236,Total ago,112,171,44,0,0,60,52,"6,76","16 128,14","56,99",36,0,236,Total,48534,4631,17251,0,64,41984,6550,"53,96","6 403 055,44","120,44",17386,135,88949
Data,Ocup,Opção,Cheg,Oferta/Uso Interno,Deduz. Individ.,Deduz. Grupos,% Ocup.,Receita Quartos,Preço Médio,Saídas,Quartos FdS,Adul. / Cri.,setembro,Previsão,01-set-2026 ter,14,44,3,0,0,13,1,"42,96","2 042,95","35,22",0,0,25,329,1106,126,0,0,98,231,"35,43","51 078,58","35,59",120,0,652,Total set,329,1106,126,0,0,98,231,"35,43","51 078,58","35,59",120,0,652,Total,48534,4631,17251,0,64,41984,6550,"53,96","6 403 055,44","120,44",17386,135,88949
Data,Ocup,Opção,Cheg,Oferta/Uso Interno,Deduz. Individ.,Deduz. Grupos,% Ocup.,Receita Quartos,Preço Médio,Saídas,Quartos FdS,Adul. / Cri.,setembro,Previsão,02-set-2026 qua,19,22,18,0,0,2,17,"30,37","2 833,35","69,11",13,0,37,329,1106,126,0,0,98,231,"35,43","51 078,58","35,59",120,0,652,Total set,329,1106,126,0,0,98,231,"35,43","51 078,58","35,59",120,0,652,Total,48534,4631,17251,0,64,41984,6550,"53,96","6 403 055,44","120,44",17386,135,88949
Data,Ocup,Opção,Cheg,Oferta/Uso Interno,Deduz. Individ.,Deduz. Grupos,% Ocup.,Receita Quartos,Preço Médio,Saídas,Quartos FdS,Adul. / Cri.,setembro,Previsão,03-set-2026 qui,20,47,1,0,0,2,18,"49,63","2 969,56","44,32",0,0,39,329,1106,126,0,0,98,231,"35,43","51 078,58","35,59",120,0,652,Total set,329,1106,126,0,0,98,231,"35,43","51 078,58","35,59",120,0,652,Total,48534,4631,17251,0,64,41984,6550,"53,96","6 403 055,44","120,44",17386,135,88949
Data,Ocup,Opção,Cheg,Oferta/Uso Interno,Deduz. Individ.,Deduz. Grupos,% Ocup.,Receita Quartos,Preço Médio,Saídas,Quartos FdS,Adul. / Cri.,setembro,Previsão,04-set-2026 sex,19,35,0,0,0,2,17,"40,00","2 832,88","52,46",1,0,37,329,1106,126,0,0,98,231,"35,43","51 078,58","35,59",120,0,652,Total set,329,1106,126,0,0,98,231,"35,43","51 078,58","35,59",120,0,652,Total,48534,4631,17251,0,64,41984,6550,"53,96","6 403 055,44","120,44",17386,135,88949
Data,Ocup,Opção,Cheg,Oferta/Uso Interno,Deduz. Individ.,Deduz. Grupos,% Ocup.,Receita Quartos,Preço Médio,Saídas,Quartos FdS,Adul. / Cri.,setembro,Previsão,05-set-2026 sáb,3,39,1,0,0,3,0,"31,11","436,09","10,38",17,0,6,329,1106,126,0,0,98,231,"35,43","51 078,58","35,59",120,0,652,Total set,329,1106,126,0,0,98,231,"35,43","51 078,58","35,59",120,0,652,Total,48534,4631,17251,0,64,41984,6550,"53,96","6 403 055,44","120,44",17386,135,88949
Data,Ocup,Opção,Cheg,Oferta/Uso Interno,Deduz. Individ.,Deduz. Grupos,% Ocup.,Receita Quartos,Preço Médio,Saídas,Quartos FdS,Adul. / Cri.,setembro,Previsão,06-set-2026 dom,5,13,4,0,0,5,0,"13,33","645,35","35,85",2,0,10,329,1106,126,0,0,98,231,"35,43","51 078,58","35,59",120,0,652,Total set,329,1106,126,0,0,98,231,"35,43","51 078,58","35,59",120,0,652,Total,48534,4631,17251,0,64,41984,6550,"53,96","6 403 055,44","120,44",17386,135,88949
Data,Ocup,Opção,Cheg,Oferta/Uso Interno,Deduz. Individ.,Deduz. Grupos,% Ocup.,Receita Quartos,Preço Médio,Saídas,Quartos FdS,Adul. / Cri.,setembro,Previsão,07-set-2026 seg,5,13,1,0,0,5,0,"13,33","725,62","40,31",1,0,10,329,1106,126,0,0,98,231,"35,43","51 078,58","35,59",120,0,652,Total set,329,1106,126,0,0,98,231,"35,43","51 078,58","35,59",120,0,652,Total,48534,4631,17251,0,64,41984,6550,"53,96","6 403 055,44","120,44",17386,135,88949
Data,Ocup,Opção,Cheg,Oferta/Uso Interno,Deduz. Individ.,Deduz. Grupos,% Ocup.,Receita Quartos,Preço Médio,Saídas,Quartos FdS,Adul. / Cri.,setembro,Previsão,08-set-2026 ter,5,26,3,0,0,4,1,"22,96","836,77","26,99",3,0,9,329,1106,126,0,0,98,231,"35,43","51 078,58","35,59",120,0,652,Total set,329,1106,126,0,0,98,231,"35,43","51 078,58","35,59",120,0,652,Total,48534,4631,17251,0,64,41984,6550,"53,96","6 403 055,44","120,44",17386,135,88949
Data,Ocup,Opção,Cheg,Oferta/Uso Interno,Deduz. Individ.,Deduz. Grupos,% Ocup.,Receita Quartos,Preço Médio,Saídas,Quartos FdS,Adul. / Cri.,setembro,Previsão,09-set-2026 qua,20,35,18,0,0,3,17,"40,74","3 044,25","55,35",3,0,39,329,1106,126,0,0,98,231,"35,43","51 078,58","35,59",120,0,652,Total set,329,1106,126,0,0,98,231,"35,43","51 078,58","35,59",120,0,652,Total,48534,4631,17251,0,64,41984,6550,"53,96","6 403 055,44","120,44",17386,135,88949
Data,Ocup,Opção,Cheg,Oferta/Uso Interno,Deduz. Individ.,Deduz. Grupos,% Ocup.,Receita Quartos,Preço Médio,Saídas,Quartos FdS,Adul. / Cri.,setembro,Previsão,10-set-2026 qui,20,39,0,0,0,3,17,"43,70","3 044,25","51,60",0,0,39,329,1106,126,0,0,98,231,"35,43","51 078,58","35,59",120,0,652,Total set,329,1106,126,0,0,98,231,"35,43","51 078,58","35,59",120,0,652,Total,48534,4631,17251,0,64,41984,6550,"53,96","6 403 055,44","120,44",17386,135,88949
Data,Ocup,Opção,Cheg,Oferta/Uso Interno,Deduz. Individ.,Deduz. Grupos,% Ocup.,Receita Quartos,Preço Médio,Saídas,Quartos FdS,Adul. / Cri.,setembro,Previsão,11-set-2026 sex,18,13,0,0,0,1,17,"22,96","2 700,91","87,13",2,0,35,329,1106,126,0,0,98,231,"35,43","51 078,58","35,59",120,0,652,Total set,329,1106,126,0,0,98,231,"35,43","51 078,58","35,59",120,0,652,Total,48534,4631,17251,0,64,41984,6550,"53,96","6 403 055,44","120,44",17386,135,88949
Data,Ocup,Opção,Cheg,Oferta/Uso Interno,Deduz. Individ.,Deduz. Grupos,% Ocup.,Receita Quartos,Preço Médio,Saídas,Quartos FdS,Adul. / Cri.,setembro,Previsão,12-set-2026 sáb,1,16,1,0,0,0,1,"12,59","123,76","7,28",18,0,1,329,1106,126,0,0,98,231,"35,43","51 078,58","35,59",120,0,652,Total set,329,1106,126,0,0,98,231,"35,43","51 078,58","35,59",120,0,652,Total,48534,4631,17251,0,64,41984,6550,"53,96","6 403 055,44","120,44",17386,135,88949
Data,Ocup,Opção,Cheg,Oferta/Uso Interno,Deduz. Individ.,Deduz. Grupos,% Ocup.,Receita Quartos,Preço Médio,Saídas,Quartos FdS,Adul. / Cri.,setembro,Previsão,13-set-2026 dom,0,35,0,0,0,0,0,"25,93",-,-,1,0,0,329,1106,126,0,0,98,231,"35,43","51 078,58","35,59",120,0,652,Total set,329,1106,126,0,0,98,231,"35,43","51 078,58","35,59",120,0,652,Total,48534,4631,17251,0,64,41984,6550,"53,96","6 403 055,44","120,44",17386,135,88949
Data,Ocup,Opção,Cheg,Oferta/Uso Interno,Deduz. Individ.,Deduz. Grupos,% Ocup.,Receita Quartos,Preço Médio,Saídas,Quartos FdS,Adul. / Cri.,setembro,Previsão,14-set-2026 seg,0,35,0,0,0,0,0,"25,93",-,-,0,0,0,329,1106,126,0,0,98,231,"35,43","51 078,58","35,59",120,0,652,Total set,329,1106,126,0,0,98,231,"35,43","51 078,58","35,59",120,0,652,Total,48534,4631,17251,0,64,41984,6550,"53,96","6 403 055,44","120,44",17386,135,88949
Data,Ocup,Opção,Cheg,Oferta/Uso Interno,Deduz. Individ.,Deduz. Grupos,% Ocup.,Receita Quartos,Preço Médio,Saídas,Quartos FdS,Adul. / Cri.,setembro,Previsão,15-set-2026 ter,2,66,2,0,0,1,1,"50,37","309,26","4,55",0,0,3,329,1106,126,0,0,98,231,"35,43","51 078,58","35,59",120,0,652,Total set,329,1106,126,0,0,98,231,"35,43","51 078,58","35,59",120,0,652,Total,48534,4631,17251,0,64,41984,6550,"53,96","6 403 055,44","120,44",17386,135,88949
Data,Ocup,Opção,Cheg,Oferta/Uso Interno,Deduz. Individ.,Deduz. Grupos,% Ocup.,Receita Quartos,Preço Médio,Saídas,Quartos FdS,Adul. / Cri.,setembro,Previsão,16-set-2026 qua,18,53,17,0,0,1,17,"52,59","2 588,83","36,46",1,0,35,329,1106,126,0,0,98,231,"35,43","51 078,58","35,59",120,0,652,Total set,329,1106,126,0,0,98,231,"35,43","51 078,58","35,59",120,0,652,Total,48534,4631,17251,0,64,41984,6550,"53,96","6 403 055,44","120,44",17386,135,88949
Data,Ocup,Opção,Cheg,Oferta/Uso Interno,Deduz. Individ.,Deduz. Grupos,% Ocup.,Receita Quartos,Preço Médio,Saídas,Quartos FdS,Adul. / Cri.,setembro,Previsão,17-set-2026 qui,19,56,1,0,0,1,18,"55,56","2 725,04","36,33",0,0,37,329,1106,126,0,0,98,231,"35,43","51 078,58","35,59",120,0,652,Total set,329,1106,126,0,0,98,231,"35,43","51 078,58","35,59",120,0,652,Total,48534,4631,17251,0,64,41984,6550,"53,96","6 403 055,44","120,44",17386,135,88949
Data,Ocup,Opção,Cheg,Oferta/Uso Interno,Deduz. Individ.,Deduz. Grupos,% Ocup.,Receita Quartos,Preço Médio,Saídas,Quartos FdS,Adul. / Cri.,setembro,Previsão,18-set-2026 sex,26,53,8,0,0,9,17,"58,52","4 600,63","58,24",1,0,56,329,1106,126,0,0,98,231,"35,43","51 078,58","35,59",120,0,652,Total set,329,1106,126,0,0,98,231,"35,43","51 078,58","35,59",120,0,652,Total,48534,4631,17251,0,64,41984,6550,"53,96","6 403 055,44","120,44",17386,135,88949
Data,Ocup,Opção,Cheg,Oferta/Uso Interno,Deduz. Individ.,Deduz. Grupos,% Ocup.,Receita Quartos,Preço Médio,Saídas,Quartos FdS,Adul. / Cri.,setembro,Previsão,19-set-2026 sáb,8,17,0,0,0,8,0,"18,52","2 003,46","80,14",18,0,21,329,1106,126,0,0,98,231,"35,43","51 078,58","35,59",120,0,652,Total set,329,1106,126,0,0,98,231,"35,43","51 078,58","35,59",120,0,652,Total,48534,4631,17251,0,64,41984,6550,"53,96","6 403 055,44","120,44",17386,135,88949
Data,Ocup,Opção,Cheg,Oferta/Uso Interno,Deduz. Individ.,Deduz. Grupos,% Ocup.,Receita Quartos,Preço Médio,Saídas,Quartos FdS,Adul. / Cri.,setembro,Previsão,20-set-2026 dom,8,35,0,0,0,8,0,"31,85","1 843,18","42,86",0,0,21,329,1106,126,0,0,98,231,"35,43","51 078,58","35,59",120,0,652,Total set,329,1106,126,0,0,98,231,"35,43","51 078,58","35,59",120,0,652,Total,48534,4631,17251,0,64,41984,6550,"53,96","6 403 055,44","120,44",17386,135,88949
Data,Ocup,Opção,Cheg,Oferta/Uso Interno,Deduz. Individ.,Deduz. Grupos,% Ocup.,Receita Quartos,Preço Médio,Saídas,Quartos FdS,Adul. / Cri.,setembro,Previsão,21-set-2026 seg,1,35,1,0,0,1,0,"26,67","219,79","6,11",8,0,2,329,1106,126,0,0,98,231,"35,43","51 078,58","35,59",120,0,652,Total set,329,1106,126,0,0,98,231,"35,43","51 078,58","35,59",120,0,652,Total,48534,4631,17251,0,64,41984,6550,"53,96","6 403 055,44","120,44",17386,135,88949
Data,Ocup,Opção,Cheg,Oferta/Uso Interno,Deduz. Individ.,Deduz. Grupos,% Ocup.,Receita Quartos,Preço Médio,Saídas,Quartos FdS,Adul. / Cri.,setembro,Previsão,22-set-2026 ter,4,46,3,0,0,3,1,"37,04","611,35","12,23",0,0,7,329,1106,126,0,0,98,231,"35,43","51 078,58","35,59",120,0,652,Total set,329,1106,126,0,0,98,231,"35,43","51 078,58","35,59",120,0,652,Total,48534,4631,17251,0,64,41984,6550,"53,96","6 403 055,44","120,44",17386,135,88949
Data,Ocup,Opção,Cheg,Oferta/Uso Interno,Deduz. Individ.,Deduz. Grupos,% Ocup.,Receita Quartos,Preço Médio,Saídas,Quartos FdS,Adul. / Cri.,setembro,Previsão,23-set-2026 qua,21,33,18,0,0,4,17,"40,00","3 036,97","56,24",1,0,41,329,1106,126,0,0,98,231,"35,43","51 078,58","35,59",120,0,652,Total set,329,1106,126,0,0,98,231,"35,43","51 078,58","35,59",120,0,652,Total,48534,4631,17251,0,64,41984,6550,"53,96","6 403 055,44","120,44",17386,135,88949
Data,Ocup,Opção,Cheg,Oferta/Uso Interno,Deduz. Individ.,Deduz. Grupos,% Ocup.,Receita Quartos,Preço Médio,Saídas,Quartos FdS,Adul. / Cri.,setembro,Previsão,24-set-2026 qui,22,37,2,0,0,5,17,"43,70","3 130,01","53,05",1,0,43,329,1106,126,0,0,98,231,"35,43","51 078,58","35,59",120,0,652,Total set,329,1106,126,0,0,98,231,"35,43","51 078,58","35,59",120,0,652,Total,48534,4631,17251,0,64,41984,6550,"53,96","6 403 055,44","120,44",17386,135,88949
Data,Ocup,Opção,Cheg,Oferta/Uso Interno,Deduz. Individ.,Deduz. Grupos,% Ocup.,Receita Quartos,Preço Médio,Saídas,Quartos FdS,Adul. / Cri.,setembro,Previsão,25-set-2026 sex,23,33,2,0,0,6,17,"41,48","3 410,35","60,90",1,0,45,329,1106,126,0,0,98,231,"35,43","51 078,58","35,59",120,0,652,Total set,329,1106,126,0,0,98,231,"35,43","51 078,58","35,59",120,0,652,Total,48534,4631,17251,0,64,41984,6550,"53,96","6 403 055,44","120,44",17386,135,88949
Data,Ocup,Opção,Cheg,Oferta/Uso Interno,Deduz. Individ.,Deduz. Grupos,% Ocup.,Receita Quartos,Preço Médio,Saídas,Quartos FdS,Adul. / Cri.,setembro,Previsão,26-set-2026 sáb,5,14,2,0,0,3,2,"14,07","655,38","34,49",20,0,10,329,1106,126,0,0,98,231,"35,43","51 078,58","35,59",120,0,652,Total set,329,1106,126,0,0,98,231,"35,43","51 078,58","35,59",120,0,652,Total,48534,4631,17251,0,64,41984,6550,"53,96","6 403 055,44","120,44",17386,135,88949
Data,Ocup,Opção,Cheg,Oferta/Uso Interno,Deduz. Individ.,Deduz. Grupos,% Ocup.,Receita Quartos,Preço Médio,Saídas,Quartos FdS,Adul. / Cri.,setembro,Previsão,27-set-2026 dom,0,36,0,0,0,0,0,"26,67",-,-,5,0,0,329,1106,126,0,0,98,231,"35,43","51 078,58","35,59",120,0,652,Total set,329,1106,126,0,0,98,231,"35,43","51 078,58","35,59",120,0,652,Total,48534,4631,17251,0,64,41984,6550,"53,96","6 403 055,44","120,44",17386,135,88949
Data,Ocup,Opção,Cheg,Oferta/Uso Interno,Deduz. Individ.,Deduz. Grupos,% Ocup.,Receita Quartos,Preço Médio,Saídas,Quartos FdS,Adul. / Cri.,setembro,Previsão,28-set-2026 seg,3,56,3,0,0,3,0,"43,70","557,89","9,46",0,0,6,329,1106,126,0,0,98,231,"35,43","51 078,58","35,59",120,0,652,Total set,329,1106,126,0,0,98,231,"35,43","51 078,58","35,59",120,0,652,Total,48534,4631,17251,0,64,41984,6550,"53,96","6 403 055,44","120,44",17386,135,88949
Data,Ocup,Opção,Cheg,Oferta/Uso Interno,Deduz. Individ.,Deduz. Grupos,% Ocup.,Receita Quartos,Preço Médio,Saídas,Quartos FdS,Adul. / Cri.,setembro,Previsão,29-set-2026 ter,3,69,1,0,0,2,1,"53,33","656,10","9,11",1,0,5,329,1106,126,0,0,98,231,"35,43","51 078,58","35,59",120,0,652,Total set,329,1106,126,0,0,98,231,"35,43","51 078,58","35,59",120,0,652,Total,48534,4631,17251,0,64,41984,6550,"53,96","6 403 055,44","120,44",17386,135,88949
Data,Ocup,Opção,Cheg,Oferta/Uso Interno,Deduz. Individ.,Deduz. Grupos,% Ocup.,Receita Quartos,Preço Médio,Saídas,Quartos FdS,Adul. / Cri.,setembro,Previsão,30-set-2026 qua,17,55,16,0,0,0,17,"53,33","2 494,59","34,65",2,0,33,329,1106,126,0,0,98,231,"35,43","51 078,58","35,59",120,0,652,Total set,329,1106,126,0,0,98,231,"35,43","51 078,58","35,59",120,0,652,Total,48534,4631,17251,0,64,41984,6550,"53,96","6 403 055,44","120,44",17386,135,88949
Data,Ocup,Opção,Cheg,Oferta/Uso Interno,Deduz. Individ.,Deduz. Grupos,% Ocup.,Receita Quartos,Preço Médio,Saídas,Quartos FdS,Adul. / Cri.,outubro,Previsão,01-out-2026 qui,17,39,0,0,0,0,17,"41,48","2 494,59","44,55",0,0,33,307,486,99,0,0,64,243,"18,95","46 102,39","58,14",116,0,604,Total out,307,486,99,0,0,64,243,"18,95","46 102,39","58,14",116,0,604,Total,48534,4631,17251,0,64,41984,6550,"53,96","6 403 055,44","120,44",17386,135,88949
Data,Ocup,Opção,Cheg,Oferta/Uso Interno,Deduz. Individ.,Deduz. Grupos,% Ocup.,Receita Quartos,Preço Médio,Saídas,Quartos FdS,Adul. / Cri.,outubro,Previsão,02-out-2026 sex,17,13,0,0,0,0,17,"22,22","2 494,59","83,15",0,0,33,307,486,99,0,0,64,243,"18,95","46 102,39","58,14",116,0,604,Total out,307,486,99,0,0,64,243,"18,95","46 102,39","58,14",116,0,604,Total,48534,4631,17251,0,64,41984,6550,"53,96","6 403 055,44","120,44",17386,135,88949
Data,Ocup,Opção,Cheg,Oferta/Uso Interno,Deduz. Individ.,Deduz. Grupos,% Ocup.,Receita Quartos,Preço Médio,Saídas,Quartos FdS,Adul. / Cri.,outubro,Previsão,03-out-2026 sáb,0,18,0,0,0,0,0,"13,33",-,-,17,0,0,307,486,99,0,0,64,243,"18,95","46 102,39","58,14",116,0,604,Total out,307,486,99,0,0,64,243,"18,95","46 102,39","58,14",116,0,604,Total,48534,4631,17251,0,64,41984,6550,"53,96","6 403 055,44","120,44",17386,135,88949
Data,Ocup,Opção,Cheg,Oferta/Uso Interno,Deduz. Individ.,Deduz. Grupos,% Ocup.,Receita Quartos,Preço Médio,Saídas,Quartos FdS,Adul. / Cri.,outubro,Previsão,04-out-2026 dom,2,14,2,0,0,2,0,"11,85","359,21","22,45",0,0,4,307,486,99,0,0,64,243,"18,95","46 102,39","58,14",116,0,604,Total out,307,486,99,0,0,64,243,"18,95","46 102,39","58,14",116,0,604,Total,48534,4631,17251,0,64,41984,6550,"53,96","6 403 055,44","120,44",17386,135,88949
Data,Ocup,Opção,Cheg,Oferta/Uso Interno,Deduz. Individ.,Deduz. Grupos,% Ocup.,Receita Quartos,Preço Médio,Saídas,Quartos FdS,Adul. / Cri.,outubro,Previsão,05-out-2026 seg,9,14,7,0,0,9,0,"17,04","1 459,99","63,48",0,0,15,307,486,99,0,0,64,243,"18,95","46 102,39","58,14",116,0,604,Total out,307,486,99,0,0,64,243,"18,95","46 102,39","58,14",116,0,604,Total,48534,4631,17251,0,64,41984,6550,"53,96","6 403 055,44","120,44",17386,135,88949
Data,Ocup,Opção,Cheg,Oferta/Uso Interno,Deduz. Individ.,Deduz. Grupos,% Ocup.,Receita Quartos,Preço Médio,Saídas,Quartos FdS,Adul. / Cri.,outubro,Previsão,06-out-2026 ter,11,5,2,0,0,9,2,"11,85","1 738,83","108,68",0,0,18,307,486,99,0,0,64,243,"18,95","46 102,39","58,14",116,0,604,Total out,307,486,99,0,0,64,243,"18,95","46 102,39","58,14",116,0,604,Total,48534,4631,17251,0,64,41984,6550,"53,96","6 403 055,44","120,44",17386,135,88949
Data,Ocup,Opção,Cheg,Oferta/Uso Interno,Deduz. Individ.,Deduz. Grupos,% Ocup.,Receita Quartos,Preço Médio,Saídas,Quartos FdS,Adul. / Cri.,outubro,Previsão,07-out-2026 qua,18,14,17,0,0,1,17,"23,70","2 603,73","81,37",10,0,35,307,486,99,0,0,64,243,"18,95","46 102,39","58,14",116,0,604,Total out,307,486,99,0,0,64,243,"18,95","46 102,39","58,14",116,0,604,Total,48534,4631,17251,0,64,41984,6550,"53,96","6 403 055,44","120,44",17386,135,88949
Data,Ocup,Opção,Cheg,Oferta/Uso Interno,Deduz. Individ.,Deduz. Grupos,% Ocup.,Receita Quartos,Preço Médio,Saídas,Quartos FdS,Adul. / Cri.,outubro,Previsão,08-out-2026 qui,18,18,0,0,0,1,17,"26,67","2 603,73","72,33",0,0,35,307,486,99,0,0,64,243,"18,95","46 102,39","58,14",116,0,604,Total out,307,486,99,0,0,64,243,"18,95","46 102,39","58,14",116,0,604,Total,48534,4631,17251,0,64,41984,6550,"53,96","6 403 055,44","120,44",17386,135,88949
Data,Ocup,Opção,Cheg,Oferta/Uso Interno,Deduz. Individ.,Deduz. Grupos,% Ocup.,Receita Quartos,Preço Médio,Saídas,Quartos FdS,Adul. / Cri.,outubro,Previsão,09-out-2026 sex,19,14,1,0,0,2,17,"24,44","2 759,91","83,63",0,0,37,307,486,99,0,0,64,243,"18,95","46 102,39","58,14",116,0,604,Total out,307,486,99,0,0,64,243,"18,95","46 102,39","58,14",116,0,604,Total,48534,4631,17251,0,64,41984,6550,"53,96","6 403 055,44","120,44",17386,135,88949
Data,Ocup,Opção,Cheg,Oferta/Uso Interno,Deduz. Individ.,Deduz. Grupos,% Ocup.,Receita Quartos,Preço Médio,Saídas,Quartos FdS,Adul. / Cri.,outubro,Previsão,10-out-2026 sáb,5,48,4,0,0,5,0,"39,26","1 525,96","28,79",18,0,17,307,486,99,0,0,64,243,"18,95","46 102,39","58,14",116,0,604,Total out,307,486,99,0,0,64,243,"18,95","46 102,39","58,14",116,0,604,Total,48534,4631,17251,0,64,41984,6550,"53,96","6 403 055,44","120,44",17386,135,88949
Data,Ocup,Opção,Cheg,Oferta/Uso Interno,Deduz. Individ.,Deduz. Grupos,% Ocup.,Receita Quartos,Preço Médio,Saídas,Quartos FdS,Adul. / Cri.,outubro,Previsão,11-out-2026 dom,4,44,0,0,0,4,0,"35,56","1 273,21","26,53",1,0,15,307,486,99,0,0,64,243,"18,95","46 102,39","58,14",116,0,604,Total out,307,486,99,0,0,64,243,"18,95","46 102,39","58,14",116,0,604,Total,48534,4631,17251,0,64,41984,6550,"53,96","6 403 055,44","120,44",17386,135,88949
Data,Ocup,Opção,Cheg,Oferta/Uso Interno,Deduz. Individ.,Deduz. Grupos,% Ocup.,Receita Quartos,Preço Médio,Saídas,Quartos FdS,Adul. / Cri.,outubro,Previsão,12-out-2026 seg,0,44,0,0,0,0,0,"32,59",-,-,4,0,0,307,486,99,0,0,64,243,"18,95","46 102,39","58,14",116,0,604,Total out,307,486,99,0,0,64,243,"18,95","46 102,39","58,14",116,0,604,Total,48534,4631,17251,0,64,41984,6550,"53,96","6 403 055,44","120,44",17386,135,88949
Data,Ocup,Opção,Cheg,Oferta/Uso Interno,Deduz. Individ.,Deduz. Grupos,% Ocup.,Receita Quartos,Preço Médio,Saídas,Quartos FdS,Adul. / Cri.,outubro,Previsão,13-out-2026 ter,4,35,4,0,0,3,1,"28,89","600,91","15,41",0,0,7,307,486,99,0,0,64,243,"18,95","46 102,39","58,14",116,0,604,Total out,307,486,99,0,0,64,243,"18,95","46 102,39","58,14",116,0,604,Total,48534,4631,17251,0,64,41984,6550,"53,96","6 403 055,44","120,44",17386,135,88949
Data,Ocup,Opção,Cheg,Oferta/Uso Interno,Deduz. Individ.,Deduz. Grupos,% Ocup.,Receita Quartos,Preço Médio,Saídas,Quartos FdS,Adul. / Cri.,outubro,Previsão,14-out-2026 qua,18,14,16,0,0,1,17,"23,70","2 607,75","81,49",2,0,35,307,486,99,0,0,64,243,"18,95","46 102,39","58,14",116,0,604,Total out,307,486,99,0,0,64,243,"18,95","46 102,39","58,14",116,0,604,Total,48534,4631,17251,0,64,41984,6550,"53,96","6 403 055,44","120,44",17386,135,88949
Data,Ocup,Opção,Cheg,Oferta/Uso Interno,Deduz. Individ.,Deduz. Grupos,% Ocup.,Receita Quartos,Preço Médio,Saídas,Quartos FdS,Adul. / Cri.,outubro,Previsão,15-out-2026 qui,17,19,0,0,0,0,17,"26,67","2 494,59","69,29",1,0,33,307,486,99,0,0,64,243,"18,95","46 102,39","58,14",116,0,604,Total out,307,486,99,0,0,64,243,"18,95","46 102,39","58,14",116,0,604,Total,48534,4631,17251,0,64,41984,6550,"53,96","6 403 055,44","120,44",17386,135,88949
Data,Ocup,Opção,Cheg,Oferta/Uso Interno,Deduz. Individ.,Deduz. Grupos,% Ocup.,Receita Quartos,Preço Médio,Saídas,Quartos FdS,Adul. / Cri.,outubro,Previsão,16-out-2026 sex,20,15,3,0,0,3,17,"25,93","2 980,50","85,16",0,0,39,307,486,99,0,0,64,243,"18,95","46 102,39","58,14",116,0,604,Total out,307,486,99,0,0,64,243,"18,95","46 102,39","58,14",116,0,604,Total,48534,4631,17251,0,64,41984,6550,"53,96","6 403 055,44","120,44",17386,135,88949
Data,Ocup,Opção,Cheg,Oferta/Uso Interno,Deduz. Individ.,Deduz. Grupos,% Ocup.,Receita Quartos,Preço Médio,Saídas,Quartos FdS,Adul. / Cri.,outubro,Previsão,17-out-2026 sáb,3,18,0,0,0,3,0,"15,56","485,91","23,14",17,0,6,307,486,99,0,0,64,243,"18,95","46 102,39","58,14",116,0,604,Total out,307,486,99,0,0,64,243,"18,95","46 102,39","58,14",116,0,604,Total,48534,4631,17251,0,64,41984,6550,"53,96","6 403 055,44","120,44",17386,135,88949
Data,Ocup,Opção,Cheg,Oferta/Uso Interno,Deduz. Individ.,Deduz. Grupos,% Ocup.,Receita Quartos,Preço Médio,Saídas,Quartos FdS,Adul. / Cri.,outubro,Previsão,18-out-2026 dom,2,14,2,0,0,2,0,"11,85","204,28","12,77",3,0,4,307,486,99,0,0,64,243,"18,95","46 102,39","58,14",116,0,604,Total out,307,486,99,0,0,64,243,"18,95","46 102,39","58,14",116,0,604,Total,48534,4631,17251,0,64,41984,6550,"53,96","6 403 055,44","120,44",17386,135,88949
Data,Ocup,Opção,Cheg,Oferta/Uso Interno,Deduz. Individ.,Deduz. Grupos,% Ocup.,Receita Quartos,Preço Médio,Saídas,Quartos FdS,Adul. / Cri.,outubro,Previsão,19-out-2026 seg,4,13,2,0,0,4,0,"12,59","422,55","24,86",0,0,8,307,486,99,0,0,64,243,"18,95","46 102,39","58,14",116,0,604,Total out,307,486,99,0,0,64,243,"18,95","46 102,39","58,14",116,0,604,Total,48534,4631,17251,0,64,41984,6550,"53,96","6 403 055,44","120,44",17386,135,88949
Data,Ocup,Opção,Cheg,Oferta/Uso Interno,Deduz. Individ.,Deduz. Grupos,% Ocup.,Receita Quartos,Preço Médio,Saídas,Quartos FdS,Adul. / Cri.,outubro,Previsão,20-out-2026 ter,6,0,3,0,0,5,1,"4,44","706,52","117,75",1,0,11,307,486,99,0,0,64,243,"18,95","46 102,39","58,14",116,0,604,Total out,307,486,99,0,0,64,243,"18,95","46 102,39","58,14",116,0,604,Total,48534,4631,17251,0,64,41984,6550,"53,96","6 403 055,44","120,44",17386,135,88949
Data,Ocup,Opção,Cheg,Oferta/Uso Interno,Deduz. Individ.,Deduz. Grupos,% Ocup.,Receita Quartos,Preço Médio,Saídas,Quartos FdS,Adul. / Cri.,outubro,Previsão,21-out-2026 qua,20,0,17,0,0,3,17,"14,81","2 821,99","141,10",3,0,39,307,486,99,0,0,64,243,"18,95","46 102,39","58,14",116,0,604,Total out,307,486,99,0,0,64,243,"18,95","46 102,39","58,14",116,0,604,Total,48534,4631,17251,0,64,41984,6550,"53,96","6 403 055,44","120,44",17386,135,88949
Data,Ocup,Opção,Cheg,Oferta/Uso Interno,Deduz. Individ.,Deduz. Grupos,% Ocup.,Receita Quartos,Preço Médio,Saídas,Quartos FdS,Adul. / Cri.,outubro,Previsão,22-out-2026 qui,18,4,0,0,0,1,17,"16,30","2 603,73","118,35",2,0,35,307,486,99,0,0,64,243,"18,95","46 102,39","58,14",116,0,604,Total out,307,486,99,0,0,64,243,"18,95","46 102,39","58,14",116,0,604,Total,48534,4631,17251,0,64,41984,6550,"53,96","6 403 055,44","120,44",17386,135,88949
Data,Ocup,Opção,Cheg,Oferta/Uso Interno,Deduz. Individ.,Deduz. Grupos,% Ocup.,Receita Quartos,Preço Médio,Saídas,Quartos FdS,Adul. / Cri.,outubro,Previsão,23-out-2026 sex,19,13,1,0,0,2,17,"23,70","2 759,91","86,25",0,0,37,307,486,99,0,0,64,243,"18,95","46 102,39","58,14",116,0,604,Total out,307,486,99,0,0,64,243,"18,95","46 102,39","58,14",116,0,604,Total,48534,4631,17251,0,64,41984,6550,"53,96","6 403 055,44","120,44",17386,135,88949
Data,Ocup,Opção,Cheg,Oferta/Uso Interno,Deduz. Individ.,Deduz. Grupos,% Ocup.,Receita Quartos,Preço Médio,Saídas,Quartos FdS,Adul. / Cri.,outubro,Previsão,24-out-2026 sáb,1,17,0,0,0,1,0,"13,33","147,13","8,17",18,0,2,307,486,99,0,0,64,243,"18,95","46 102,39","58,14",116,0,604,Total out,307,486,99,0,0,64,243,"18,95","46 102,39","58,14",116,0,604,Total,48534,4631,17251,0,64,41984,6550,"53,96","6 403 055,44","120,44",17386,135,88949
Data,Ocup,Opção,Cheg,Oferta/Uso Interno,Deduz. Individ.,Deduz. Grupos,% Ocup.,Receita Quartos,Preço Médio,Saídas,Quartos FdS,Adul. / Cri.,outubro,Previsão,25-out-2026 dom,0,26,0,0,0,0,0,"19,26",-,-,1,0,0,307,486,99,0,0,64,243,"18,95","46 102,39","58,14",116,0,604,Total out,307,486,99,0,0,64,243,"18,95","46 102,39","58,14",116,0,604,Total,48534,4631,17251,0,64,41984,6550,"53,96","6 403 055,44","120,44",17386,135,88949
Data,Ocup,Opção,Cheg,Oferta/Uso Interno,Deduz. Individ.,Deduz. Grupos,% Ocup.,Receita Quartos,Preço Médio,Saídas,Quartos FdS,Adul. / Cri.,outubro,Previsão,26-out-2026 seg,0,13,0,0,0,0,0,"9,63",-,-,0,0,0,307,486,99,0,0,64,243,"18,95","46 102,39","58,14",116,0,604,Total out,307,486,99,0,0,64,243,"18,95","46 102,39","58,14",116,0,604,Total,48534,4631,17251,0,64,41984,6550,"53,96","6 403 055,44","120,44",17386,135,88949
Data,Ocup,Opção,Cheg,Oferta/Uso Interno,Deduz. Individ.,Deduz. Grupos,% Ocup.,Receita Quartos,Preço Médio,Saídas,Quartos FdS,Adul. / Cri.,outubro,Previsão,27-out-2026 ter,2,0,2,0,0,1,1,"1,48","250,82","125,41",0,0,3,307,486,99,0,0,64,243,"18,95","46 102,39","58,14",116,0,604,Total out,307,486,99,0,0,64,243,"18,95","46 102,39","58,14",116,0,604,Total,48534,4631,17251,0,64,41984,6550,"53,96","6 403 055,44","120,44",17386,135,88949
Data,Ocup,Opção,Cheg,Oferta/Uso Interno,Deduz. Individ.,Deduz. Grupos,% Ocup.,Receita Quartos,Preço Médio,Saídas,Quartos FdS,Adul. / Cri.,outubro,Previsão,28-out-2026 qua,18,0,16,0,0,1,17,"13,33","2 603,73","144,65",0,0,35,307,486,99,0,0,64,243,"18,95","46 102,39","58,14",116,0,604,Total out,307,486,99,0,0,64,243,"18,95","46 102,39","58,14",116,0,604,Total,48534,4631,17251,0,64,41984,6550,"53,96","6 403 055,44","120,44",17386,135,88949
Data,Ocup,Opção,Cheg,Oferta/Uso Interno,Deduz. Individ.,Deduz. Grupos,% Ocup.,Receita Quartos,Preço Médio,Saídas,Quartos FdS,Adul. / Cri.,outubro,Previsão,29-out-2026 qui,18,0,0,0,0,1,17,"13,33","2 603,73","144,65",0,0,35,307,486,99,0,0,64,243,"18,95","46 102,39","58,14",116,0,604,Total out,307,486,99,0,0,64,243,"18,95","46 102,39","58,14",116,0,604,Total,48534,4631,17251,0,64,41984,6550,"53,96","6 403 055,44","120,44",17386,135,88949
Data,Ocup,Opção,Cheg,Oferta/Uso Interno,Deduz. Individ.,Deduz. Grupos,% Ocup.,Receita Quartos,Preço Médio,Saídas,Quartos FdS,Adul. / Cri.,outubro,Previsão,30-out-2026 sex,17,0,0,0,0,0,17,"12,59","2 494,59","146,74",1,0,33,307,486,99,0,0,64,243,"18,95","46 102,39","58,14",116,0,604,Total out,307,486,99,0,0,64,243,"18,95","46 102,39","58,14",116,0,604,Total,48534,4631,17251,0,64,41984,6550,"53,96","6 403 055,44","120,44",17386,135,88949
Data,Ocup,Opção,Cheg,Oferta/Uso Interno,Deduz. Individ.,Deduz. Grupos,% Ocup.,Receita Quartos,Preço Médio,Saídas,Quartos FdS,Adul. / Cri.,outubro,Previsão,31-out-2026 sáb,0,0,0,0,0,0,0,-,-,NaN,17,0,0,307,486,99,0,0,64,243,"18,95","46 102,39","58,14",116,0,604,Total out,307,486,99,0,0,64,243,"18,95","46 102,39","58,14",116,0,604,Total,48534,4631,17251,0,64,41984,6550,"53,96","6 403 055,44","120,44",17386,135,88949
Data,Ocup,Opção,Cheg,Oferta/Uso Interno,Deduz. Individ.,Deduz. Grupos,% Ocup.,Receita Quartos,Preço Médio,Saídas,Quartos FdS,Adul. / Cri.,novembro,Previsão,01-nov-2026 dom,1,0,1,0,0,1,0,"0,74","79,70","79,70",0,0,2,11,147,4,0,0,11,0,"3,90","1 159,36","7,34",4,0,17,Total nov,11,147,4,0,0,11,0,"3,90","1 159,36","7,34",4,0,17,Total,48534,4631,17251,0,64,41984,6550,"53,96","6 403 055,44","120,44",17386,135,88949
Data,Ocup,Opção,Cheg,Oferta/Uso Interno,Deduz. Individ.,Deduz. Grupos,% Ocup.,Receita Quartos,Preço Médio,Saídas,Quartos FdS,Adul. / Cri.,novembro,Previsão,02-nov-2026 seg,1,0,0,0,0,1,0,"0,74","79,70","79,70",0,0,2,11,147,4,0,0,11,0,"3,90","1 159,36","7,34",4,0,17,Total nov,11,147,4,0,0,11,0,"3,90","1 159,36","7,34",4,0,17,Total,48534,4631,17251,0,64,41984,6550,"53,96","6 403 055,44","120,44",17386,135,88949
Data,Ocup,Opção,Cheg,Oferta/Uso Interno,Deduz. Individ.,Deduz. Grupos,% Ocup.,Receita Quartos,Preço Médio,Saídas,Quartos FdS,Adul. / Cri.,novembro,Previsão,03-nov-2026 ter,1,0,0,0,0,1,0,"0,74","79,70","79,70",0,0,2,11,147,4,0,0,11,0,"3,90","1 159,36","7,34",4,0,17,Total nov,11,147,4,0,0,11,0,"3,90","1 159,36","7,34",4,0,17,Total,48534,4631,17251,0,64,41984,6550,"53,96","6 403 055,44","120,44",17386,135,88949
Data,Ocup,Opção,Cheg,Oferta/Uso Interno,Deduz. Individ.,Deduz. Grupos,% Ocup.,Receita Quartos,Preço Médio,Saídas,Quartos FdS,Adul. / Cri.,novembro,Previsão,04-nov-2026 qua,1,0,0,0,0,1,0,"0,74","79,70","79,70",0,0,2,11,147,4,0,0,11,0,"3,90","1 159,36","7,34",4,0,17,Total nov,11,147,4,0,0,11,0,"3,90","1 159,36","7,34",4,0,17,Total,48534,4631,17251,0,64,41984,6550,"53,96","6 403 055,44","120,44",17386,135,88949
Data,Ocup,Opção,Cheg,Oferta/Uso Interno,Deduz. Individ.,Deduz. Grupos,% Ocup.,Receita Quartos,Preço Médio,Saídas,Quartos FdS,Adul. / Cri.,novembro,Previsão,05-nov-2026 qui,0,0,0,0,0,0,0,-,-,NaN,1,0,0,11,147,4,0,0,11,0,"3,90","1 159,36","7,34",4,0,17,Total nov,11,147,4,0,0,11,0,"3,90","1 159,36","7,34",4,0,17,Total,48534,4631,17251,0,64,41984,6550,"53,96","6 403 055,44","120,44",17386,135,88949
Data,Ocup,Opção,Cheg,Oferta/Uso Interno,Deduz. Individ.,Deduz. Grupos,% Ocup.,Receita Quartos,Preço Médio,Saídas,Quartos FdS,Adul. / Cri.,novembro,Previsão,06-nov-2026 sex,1,0,1,0,0,1,0,"0,74","127,02","127,02",0,0,1,11,147,4,0,0,11,0,"3,90","1 159,36","7,34",4,0,17,Total nov,11,147,4,0,0,11,0,"3,90","1 159,36","7,34",4,0,17,Total,48534,4631,17251,0,64,41984,6550,"53,96","6 403 055,44","120,44",17386,135,88949
Data,Ocup,Opção,Cheg,Oferta/Uso Interno,Deduz. Individ.,Deduz. Grupos,% Ocup.,Receita Quartos,Preço Médio,Saídas,Quartos FdS,Adul. / Cri.,novembro,Previsão,07-nov-2026 sáb,1,0,0,0,0,1,0,"0,74","127,02","127,02",0,0,1,11,147,4,0,0,11,0,"3,90","1 159,36","7,34",4,0,17,Total nov,11,147,4,0,0,11,0,"3,90","1 159,36","7,34",4,0,17,Total,48534,4631,17251,0,64,41984,6550,"53,96","6 403 055,44","120,44",17386,135,88949
Data,Ocup,Opção,Cheg,Oferta/Uso Interno,Deduz. Individ.,Deduz. Grupos,% Ocup.,Receita Quartos,Preço Médio,Saídas,Quartos FdS,Adul. / Cri.,novembro,Previsão,08-nov-2026 dom,1,0,0,0,0,1,0,"0,74","112,58","112,58",0,0,1,11,147,4,0,0,11,0,"3,90","1 159,36","7,34",4,0,17,Total nov,11,147,4,0,0,11,0,"3,90","1 159,36","7,34",4,0,17,Total,48534,4631,17251,0,64,41984,6550,"53,96","6 403 055,44","120,44",17386,135,88949
Data,Ocup,Opção,Cheg,Oferta/Uso Interno,Deduz. Individ.,Deduz. Grupos,% Ocup.,Receita Quartos,Preço Médio,Saídas,Quartos FdS,Adul. / Cri.,novembro,Previsão,09-nov-2026 seg,0,0,0,0,0,0,0,-,-,NaN,1,0,0,11,147,4,0,0,11,0,"3,90","1 159,36","7,34",4,0,17,Total nov,11,147,4,0,0,11,0,"3,90","1 159,36","7,34",4,0,17,Total,48534,4631,17251,0,64,41984,6550,"53,96","6 403 055,44","120,44",17386,135,88949
Data,Ocup,Opção,Cheg,Oferta/Uso Interno,Deduz. Individ.,Deduz. Grupos,% Ocup.,Receita Quartos,Preço Médio,Saídas,Quartos FdS,Adul. / Cri.,novembro,Previsão,10-nov-2026 ter,0,0,0,0,0,0,0,-,-,NaN,0,0,0,11,147,4,0,0,11,0,"3,90","1 159,36","7,34",4,0,17,Total nov,11,147,4,0,0,11,0,"3,90","1 159,36","7,34",4,0,17,Total,48534,4631,17251,0,64,41984,6550,"53,96","6 403 055,44","120,44",17386,135,88949
Data,Ocup,Opção,Cheg,Oferta/Uso Interno,Deduz. Individ.,Deduz. Grupos,% Ocup.,Receita Quartos,Preço Médio,Saídas,Quartos FdS,Adul. / Cri.,novembro,Previsão,11-nov-2026 qua,0,0,0,0,0,0,0,-,-,NaN,0,0,0,11,147,4,0,0,11,0,"3,90","1 159,36","7,34",4,0,17,Total nov,11,147,4,0,0,11,0,"3,90","1 159,36","7,34",4,0,17,Total,48534,4631,17251,0,64,41984,6550,"53,96","6 403 055,44","120,44",17386,135,88949
Data,Ocup,Opção,Cheg,Oferta/Uso Interno,Deduz. Individ.,Deduz. Grupos,% Ocup.,Receita Quartos,Preço Médio,Saídas,Quartos FdS,Adul. / Cri.,novembro,Previsão,12-nov-2026 qui,0,0,0,0,0,0,0,-,-,NaN,0,0,0,11,147,4,0,0,11,0,"3,90","1 159,36","7,34",4,0,17,Total nov,11,147,4,0,0,11,0,"3,90","1 159,36","7,34",4,0,17,Total,48534,4631,17251,0,64,41984,6550,"53,96","6 403 055,44","120,44",17386,135,88949
Data,Ocup,Opção,Cheg,Oferta/Uso Interno,Deduz. Individ.,Deduz. Grupos,% Ocup.,Receita Quartos,Preço Médio,Saídas,Quartos FdS,Adul. / Cri.,novembro,Previsão,13-nov-2026 sex,0,0,0,0,0,0,0,-,-,NaN,0,0,0,11,147,4,0,0,11,0,"3,90","1 159,36","7,34",4,0,17,Total nov,11,147,4,0,0,11,0,"3,90","1 159,36","7,34",4,0,17,Total,48534,4631,17251,0,64,41984,6550,"53,96","6 403 055,44","120,44",17386,135,88949
Data,Ocup,Opção,Cheg,Oferta/Uso Interno,Deduz. Individ.,Deduz. Grupos,% Ocup.,Receita Quartos,Preço Médio,Saídas,Quartos FdS,Adul. / Cri.,novembro,Previsão,14-nov-2026 sáb,0,11,0,0,0,0,0,"8,15",-,-,0,0,0,11,147,4,0,0,11,0,"3,90","1 159,36","7,34",4,0,17,Total nov,11,147,4,0,0,11,0,"3,90","1 159,36","7,34",4,0,17,Total,48534,4631,17251,0,64,41984,6550,"53,96","6 403 055,44","120,44",17386,135,88949
Data,Ocup,Opção,Cheg,Oferta/Uso Interno,Deduz. Individ.,Deduz. Grupos,% Ocup.,Receita Quartos,Preço Médio,Saídas,Quartos FdS,Adul. / Cri.,novembro,Previsão,15-nov-2026 dom,0,13,0,0,0,0,0,"9,63",-,-,0,0,0,11,147,4,0,0,11,0,"3,90","1 159,36","7,34",4,0,17,Total nov,11,147,4,0,0,11,0,"3,90","1 159,36","7,34",4,0,17,Total,48534,4631,17251,0,64,41984,6550,"53,96","6 403 055,44","120,44",17386,135,88949
Data,Ocup,Opção,Cheg,Oferta/Uso Interno,Deduz. Individ.,Deduz. Grupos,% Ocup.,Receita Quartos,Preço Médio,Saídas,Quartos FdS,Adul. / Cri.,novembro,Previsão,16-nov-2026 seg,0,33,0,0,0,0,0,"24,44",-,-,0,0,0,11,147,4,0,0,11,0,"3,90","1 159,36","7,34",4,0,17,Total nov,11,147,4,0,0,11,0,"3,90","1 159,36","7,34",4,0,17,Total,48534,4631,17251,0,64,41984,6550,"53,96","6 403 055,44","120,44",17386,135,88949
Data,Ocup,Opção,Cheg,Oferta/Uso Interno,Deduz. Individ.,Deduz. Grupos,% Ocup.,Receita Quartos,Preço Médio,Saídas,Quartos FdS,Adul. / Cri.,novembro,Previsão,17-nov-2026 ter,1,20,1,0,0,1,0,"15,56","132,45","6,31",0,0,2,11,147,4,0,0,11,0,"3,90","1 159,36","7,34",4,0,17,Total nov,11,147,4,0,0,11,0,"3,90","1 159,36","7,34",4,0,17,Total,48534,4631,17251,0,64,41984,6550,"53,96","6 403 055,44","120,44",17386,135,88949
Data,Ocup,Opção,Cheg,Oferta/Uso Interno,Deduz. Individ.,Deduz. Grupos,% Ocup.,Receita Quartos,Preço Médio,Saídas,Quartos FdS,Adul. / Cri.,novembro,Previsão,18-nov-2026 qua,1,20,0,0,0,1,0,"15,56","132,45","6,31",0,0,2,11,147,4,0,0,11,0,"3,90","1 159,36","7,34",4,0,17,Total nov,11,147,4,0,0,11,0,"3,90","1 159,36","7,34",4,0,17,Total,48534,4631,17251,0,64,41984,6550,"53,96","6 403 055,44","120,44",17386,135,88949
Data,Ocup,Opção,Cheg,Oferta/Uso Interno,Deduz. Individ.,Deduz. Grupos,% Ocup.,Receita Quartos,Preço Médio,Saídas,Quartos FdS,Adul. / Cri.,novembro,Previsão,19-nov-2026 qui,0,20,0,0,0,0,0,"14,81",-,-,1,0,0,11,147,4,0,0,11,0,"3,90","1 159,36","7,34",4,0,17,Total nov,11,147,4,0,0,11,0,"3,90","1 159,36","7,34",4,0,17,Total,48534,4631,17251,0,64,41984,6550,"53,96","6 403 055,44","120,44",17386,135,88949
Data,Ocup,Opção,Cheg,Oferta/Uso Interno,Deduz. Individ.,Deduz. Grupos,% Ocup.,Receita Quartos,Preço Médio,Saídas,Quartos FdS,Adul. / Cri.,novembro,Previsão,20-nov-2026 sex,0,0,0,0,0,0,0,-,-,NaN,0,0,0,11,147,4,0,0,11,0,"3,90","1 159,36","7,34",4,0,17,Total nov,11,147,4,0,0,11,0,"3,90","1 159,36","7,34",4,0,17,Total,48534,4631,17251,0,64,41984,6550,"53,96","6 403 055,44","120,44",17386,135,88949
Data,Ocup,Opção,Cheg,Oferta/Uso Interno,Deduz. Individ.,Deduz. Grupos,% Ocup.,Receita Quartos,Preço Médio,Saídas,Quartos FdS,Adul. / Cri.,novembro,Previsão,21-nov-2026 sáb,0,4,0,0,0,0,0,"2,96",-,-,0,0,0,11,147,4,0,0,11,0,"3,90","1 159,36","7,34",4,0,17,Total nov,11,147,4,0,0,11,0,"3,90","1 159,36","7,34",4,0,17,Total,48534,4631,17251,0,64,41984,6550,"53,96","6 403 055,44","120,44",17386,135,88949
Data,Ocup,Opção,Cheg,Oferta/Uso Interno,Deduz. Individ.,Deduz. Grupos,% Ocup.,Receita Quartos,Preço Médio,Saídas,Quartos FdS,Adul. / Cri.,novembro,Previsão,22-nov-2026 dom,0,13,0,0,0,0,0,"9,63",-,-,0,0,0,11,147,4,0,0,11,0,"3,90","1 159,36","7,34",4,0,17,Total nov,11,147,4,0,0,11,0,"3,90","1 159,36","7,34",4,0,17,Total,48534,4631,17251,0,64,41984,6550,"53,96","6 403 055,44","120,44",17386,135,88949
Data,Ocup,Opção,Cheg,Oferta/Uso Interno,Deduz. Individ.,Deduz. Grupos,% Ocup.,Receita Quartos,Preço Médio,Saídas,Quartos FdS,Adul. / Cri.,novembro,Previsão,23-nov-2026 seg,0,13,0,0,0,0,0,"9,63",-,-,0,0,0,11,147,4,0,0,11,0,"3,90","1 159,36","7,34",4,0,17,Total nov,11,147,4,0,0,11,0,"3,90","1 159,36","7,34",4,0,17,Total,48534,4631,17251,0,64,41984,6550,"53,96","6 403 055,44","120,44",17386,135,88949
Data,Ocup,Opção,Cheg,Oferta/Uso Interno,Deduz. Individ.,Deduz. Grupos,% Ocup.,Receita Quartos,Preço Médio,Saídas,Quartos FdS,Adul. / Cri.,novembro,Previsão,24-nov-2026 ter,0,0,0,0,0,0,0,-,-,NaN,0,0,0,11,147,4,0,0,11,0,"3,90","1 159,36","7,34",4,0,17,Total nov,11,147,4,0,0,11,0,"3,90","1 159,36","7,34",4,0,17,Total,48534,4631,17251,0,64,41984,6550,"53,96","6 403 055,44","120,44",17386,135,88949
Data,Ocup,Opção,Cheg,Oferta/Uso Interno,Deduz. Individ.,Deduz. Grupos,% Ocup.,Receita Quartos,Preço Médio,Saídas,Quartos FdS,Adul. / Cri.,novembro,Previsão,25-nov-2026 qua,0,0,0,0,0,0,0,-,-,NaN,0,0,0,11,147,4,0,0,11,0,"3,90","1 159,36","7,34",4,0,17,Total nov,11,147,4,0,0,11,0,"3,90","1 159,36","7,34",4,0,17,Total,48534,4631,17251,0,64,41984,6550,"53,96","6 403 055,44","120,44",17386,135,88949
Data,Ocup,Opção,Cheg,Oferta/Uso Interno,Deduz. Individ.,Deduz. Grupos,% Ocup.,Receita Quartos,Preço Médio,Saídas,Quartos FdS,Adul. / Cri.,novembro,Previsão,26-nov-2026 qui,0,0,0,0,0,0,0,-,-,NaN,0,0,0,11,147,4,0,0,11,0,"3,90","1 159,36","7,34",4,0,17,Total nov,11,147,4,0,0,11,0,"3,90","1 159,36","7,34",4,0,17,Total,48534,4631,17251,0,64,41984,6550,"53,96","6 403 055,44","120,44",17386,135,88949
Data,Ocup,Opção,Cheg,Oferta/Uso Interno,Deduz. Individ.,Deduz. Grupos,% Ocup.,Receita Quartos,Preço Médio,Saídas,Quartos FdS,Adul. / Cri.,novembro,Previsão,27-nov-2026 sex,1,0,1,0,0,1,0,"0,74","104,52","104,52",0,0,1,11,147,4,0,0,11,0,"3,90","1 159,36","7,34",4,0,17,Total nov,11,147,4,0,0,11,0,"3,90","1 159,36","7,34",4,0,17,Total,48534,4631,17251,0,64,41984,6550,"53,96","6 403 055,44","120,44",17386,135,88949
Data,Ocup,Opção,Cheg,Oferta/Uso Interno,Deduz. Individ.,Deduz. Grupos,% Ocup.,Receita Quartos,Preço Médio,Saídas,Quartos FdS,Adul. / Cri.,novembro,Previsão,28-nov-2026 sáb,1,0,0,0,0,1,0,"0,74","104,52","104,52",0,0,1,11,147,4,0,0,11,0,"3,90","1 159,36","7,34",4,0,17,Total nov,11,147,4,0,0,11,0,"3,90","1 159,36","7,34",4,0,17,Total,48534,4631,17251,0,64,41984,6550,"53,96","6 403 055,44","120,44",17386,135,88949
Data,Ocup,Opção,Cheg,Oferta/Uso Interno,Deduz. Individ.,Deduz. Grupos,% Ocup.,Receita Quartos,Preço Médio,Saídas,Quartos FdS,Adul. / Cri.,novembro,Previsão,29-nov-2026 dom,0,0,0,0,0,0,0,-,-,NaN,1,0,0,11,147,4,0,0,11,0,"3,90","1 159,36","7,34",4,0,17,Total nov,11,147,4,0,0,11,0,"3,90","1 159,36","7,34",4,0,17,Total,48534,4631,17251,0,64,41984,6550,"53,96","6 403 055,44","120,44",17386,135,88949
Data,Ocup,Opção,Cheg,Oferta/Uso Interno,Deduz. Individ.,Deduz. Grupos,% Ocup.,Receita Quartos,Preço Médio,Saídas,Quartos FdS,Adul. / Cri.,novembro,Previsão,30-nov-2026 seg,0,0,0,0,0,0,0,-,-,NaN,0,0,0,11,147,4,0,0,11,0,"3,90","1 159,36","7,34",4,0,17,Total nov,11,147,4,0,0,11,0,"3,90","1 159,36","7,34",4,0,17,Total,48534,4631,17251,0,64,41984,6550,"53,96","6 403 055,44","120,44",17386,135,88949
Data,Ocup,Opção,Cheg,Oferta/Uso Interno,Deduz. Individ.,Deduz. Grupos,% Ocup.,Receita Quartos,Preço Médio,Saídas,Quartos FdS,Adul. / Cri.,dezembro,Previsão,01-dez-2026 ter,0,0,0,0,0,0,0,-,-,NaN,0,0,0,16,0,6,0,0,16,0,"0,38","1 871,18","116,95",6,0,31,Total dez,16,0,6,0,0,16,0,"0,38","1 871,18","116,95",6,0,31,Total,48534,4631,17251,0,64,41984,6550,"53,96","6 403 055,44","120,44",17386,135,88949
Data,Ocup,Opção,Cheg,Oferta/Uso Interno,Deduz. Individ.,Deduz. Grupos,% Ocup.,Receita Quartos,Preço Médio,Saídas,Quartos FdS,Adul. / Cri.,dezembro,Previsão,02-dez-2026 qua,0,0,0,0,0,0,0,-,-,NaN,0,0,0,16,0,6,0,0,16,0,"0,38","1 871,18","116,95",6,0,31,Total dez,16,0,6,0,0,16,0,"0,38","1 871,18","116,95",6,0,31,Total,48534,4631,17251,0,64,41984,6550,"53,96","6 403 055,44","120,44",17386,135,88949
Data,Ocup,Opção,Cheg,Oferta/Uso Interno,Deduz. Individ.,Deduz. Grupos,% Ocup.,Receita Quartos,Preço Médio,Saídas,Quartos FdS,Adul. / Cri.,dezembro,Previsão,03-dez-2026 qui,0,0,0,0,0,0,0,-,-,NaN,0,0,0,16,0,6,0,0,16,0,"0,38","1 871,18","116,95",6,0,31,Total dez,16,0,6,0,0,16,0,"0,38","1 871,18","116,95",6,0,31,Total,48534,4631,17251,0,64,41984,6550,"53,96","6 403 055,44","120,44",17386,135,88949
Data,Ocup,Opção,Cheg,Oferta/Uso Interno,Deduz. Individ.,Deduz. Grupos,% Ocup.,Receita Quartos,Preço Médio,Saídas,Quartos FdS,Adul. / Cri.,dezembro,Previsão,04-dez-2026 sex,0,0,0,0,0,0,0,-,-,NaN,0,0,0,16,0,6,0,0,16,0,"0,38","1 871,18","116,95",6,0,31,Total dez,16,0,6,0,0,16,0,"0,38","1 871,18","116,95",6,0,31,Total,48534,4631,17251,0,64,41984,6550,"53,96","6 403 055,44","120,44",17386,135,88949
Data,Ocup,Opção,Cheg,Oferta/Uso Interno,Deduz. Individ.,Deduz. Grupos,% Ocup.,Receita Quartos,Preço Médio,Saídas,Quartos FdS,Adul. / Cri.,dezembro,Previsão,05-dez-2026 sáb,0,0,0,0,0,0,0,-,-,NaN,0,0,0,16,0,6,0,0,16,0,"0,38","1 871,18","116,95",6,0,31,Total dez,16,0,6,0,0,16,0,"0,38","1 871,18","116,95",6,0,31,Total,48534,4631,17251,0,64,41984,6550,"53,96","6 403 055,44","120,44",17386,135,88949
Data,Ocup,Opção,Cheg,Oferta/Uso Interno,Deduz. Individ.,Deduz. Grupos,% Ocup.,Receita Quartos,Preço Médio,Saídas,Quartos FdS,Adul. / Cri.,dezembro,Previsão,06-dez-2026 dom,1,0,1,0,0,1,0,"0,74",-,-,0,0,2,16,0,6,0,0,16,0,"0,38","1 871,18","116,95",6,0,31,Total dez,16,0,6,0,0,16,0,"0,38","1 871,18","116,95",6,0,31,Total,48534,4631,17251,0,64,41984,6550,"53,96","6 403 055,44","120,44",17386,135,88949
Data,Ocup,Opção,Cheg,Oferta/Uso Interno,Deduz. Individ.,Deduz. Grupos,% Ocup.,Receita Quartos,Preço Médio,Saídas,Quartos FdS,Adul. / Cri.,dezembro,Previsão,07-dez-2026 seg,0,0,0,0,0,0,0,-,-,NaN,1,0,0,16,0,6,0,0,16,0,"0,38","1 871,18","116,95",6,0,31,Total dez,16,0,6,0,0,16,0,"0,38","1 871,18","116,95",6,0,31,Total,48534,4631,17251,0,64,41984,6550,"53,96","6 403 055,44","120,44",17386,135,88949
Data,Ocup,Opção,Cheg,Oferta/Uso Interno,Deduz. Individ.,Deduz. Grupos,% Ocup.,Receita Quartos,Preço Médio,Saídas,Quartos FdS,Adul. / Cri.,dezembro,Previsão,08-dez-2026 ter,0,0,0,0,0,0,0,-,-,NaN,0,0,0,16,0,6,0,0,16,0,"0,38","1 871,18","116,95",6,0,31,Total dez,16,0,6,0,0,16,0,"0,38","1 871,18","116,95",6,0,31,Total,48534,4631,17251,0,64,41984,6550,"53,96","6 403 055,44","120,44",17386,135,88949
Data,Ocup,Opção,Cheg,Oferta/Uso Interno,Deduz. Individ.,Deduz. Grupos,% Ocup.,Receita Quartos,Preço Médio,Saídas,Quartos FdS,Adul. / Cri.,dezembro,Previsão,09-dez-2026 qua,0,0,0,0,0,0,0,-,-,NaN,0,0,0,16,0,6,0,0,16,0,"0,38","1 871,18","116,95",6,0,31,Total dez,16,0,6,0,0,16,0,"0,38","1 871,18","116,95",6,0,31,Total,48534,4631,17251,0,64,41984,6550,"53,96","6 403 055,44","120,44",17386,135,88949
Data,Ocup,Opção,Cheg,Oferta/Uso Interno,Deduz. Individ.,Deduz. Grupos,% Ocup.,Receita Quartos,Preço Médio,Saídas,Quartos FdS,Adul. / Cri.,dezembro,Previsão,10-dez-2026 qui,0,0,0,0,0,0,0,-,-,NaN,0,0,0,16,0,6,0,0,16,0,"0,38","1 871,18","116,95",6,0,31,Total dez,16,0,6,0,0,16,0,"0,38","1 871,18","116,95",6,0,31,Total,48534,4631,17251,0,64,41984,6550,"53,96","6 403 055,44","120,44",17386,135,88949
Data,Ocup,Opção,Cheg,Oferta/Uso Interno,Deduz. Individ.,Deduz. Grupos,% Ocup.,Receita Quartos,Preço Médio,Saídas,Quartos FdS,Adul. / Cri.,dezembro,Previsão,11-dez-2026 sex,0,0,0,0,0,0,0,-,-,NaN,0,0,0,16,0,6,0,0,16,0,"0,38","1 871,18","116,95",6,0,31,Total dez,16,0,6,0,0,16,0,"0,38","1 871,18","116,95",6,0,31,Total,48534,4631,17251,0,64,41984,6550,"53,96","6 403 055,44","120,44",17386,135,88949
Data,Ocup,Opção,Cheg,Oferta/Uso Interno,Deduz. Individ.,Deduz. Grupos,% Ocup.,Receita Quartos,Preço Médio,Saídas,Quartos FdS,Adul. / Cri.,dezembro,Previsão,12-dez-2026 sáb,0,0,0,0,0,0,0,-,-,NaN,0,0,0,16,0,6,0,0,16,0,"0,38","1 871,18","116,95",6,0,31,Total dez,16,0,6,0,0,16,0,"0,38","1 871,18","116,95",6,0,31,Total,48534,4631,17251,0,64,41984,6550,"53,96","6 403 055,44","120,44",17386,135,88949
Data,Ocup,Opção,Cheg,Oferta/Uso Interno,Deduz. Individ.,Deduz. Grupos,% Ocup.,Receita Quartos,Preço Médio,Saídas,Quartos FdS,Adul. / Cri.,dezembro,Previsão,13-dez-2026 dom,0,0,0,0,0,0,0,-,-,NaN,0,0,0,16,0,6,0,0,16,0,"0,38","1 871,18","116,95",6,0,31,Total dez,16,0,6,0,0,16,0,"0,38","1 871,18","116,95",6,0,31,Total,48534,4631,17251,0,64,41984,6550,"53,96","6 403 055,44","120,44",17386,135,88949
Data,Ocup,Opção,Cheg,Oferta/Uso Interno,Deduz. Individ.,Deduz. Grupos,% Ocup.,Receita Quartos,Preço Médio,Saídas,Quartos FdS,Adul. / Cri.,dezembro,Previsão,14-dez-2026 seg,0,0,0,0,0,0,0,-,-,NaN,0,0,0,16,0,6,0,0,16,0,"0,38","1 871,18","116,95",6,0,31,Total dez,16,0,6,0,0,16,0,"0,38","1 871,18","116,95",6,0,31,Total,48534,4631,17251,0,64,41984,6550,"53,96","6 403 055,44","120,44",17386,135,88949
Data,Ocup,Opção,Cheg,Oferta/Uso Interno,Deduz. Individ.,Deduz. Grupos,% Ocup.,Receita Quartos,Preço Médio,Saídas,Quartos FdS,Adul. / Cri.,dezembro,Previsão,15-dez-2026 ter,0,0,0,0,0,0,0,-,-,NaN,0,0,0,16,0,6,0,0,16,0,"0,38","1 871,18","116,95",6,0,31,Total dez,16,0,6,0,0,16,0,"0,38","1 871,18","116,95",6,0,31,Total,48534,4631,17251,0,64,41984,6550,"53,96","6 403 055,44","120,44",17386,135,88949
Data,Ocup,Opção,Cheg,Oferta/Uso Interno,Deduz. Individ.,Deduz. Grupos,% Ocup.,Receita Quartos,Preço Médio,Saídas,Quartos FdS,Adul. / Cri.,dezembro,Previsão,16-dez-2026 qua,0,0,0,0,0,0,0,-,-,NaN,0,0,0,16,0,6,0,0,16,0,"0,38","1 871,18","116,95",6,0,31,Total dez,16,0,6,0,0,16,0,"0,38","1 871,18","116,95",6,0,31,Total,48534,4631,17251,0,64,41984,6550,"53,96","6 403 055,44","120,44",17386,135,88949
Data,Ocup,Opção,Cheg,Oferta/Uso Interno,Deduz. Individ.,Deduz. Grupos,% Ocup.,Receita Quartos,Preço Médio,Saídas,Quartos FdS,Adul. / Cri.,dezembro,Previsão,17-dez-2026 qui,0,0,0,0,0,0,0,-,-,NaN,0,0,0,16,0,6,0,0,16,0,"0,38","1 871,18","116,95",6,0,31,Total dez,16,0,6,0,0,16,0,"0,38","1 871,18","116,95",6,0,31,Total,48534,4631,17251,0,64,41984,6550,"53,96","6 403 055,44","120,44",17386,135,88949
Data,Ocup,Opção,Cheg,Oferta/Uso Interno,Deduz. Individ.,Deduz. Grupos,% Ocup.,Receita Quartos,Preço Médio,Saídas,Quartos FdS,Adul. / Cri.,dezembro,Previsão,18-dez-2026 sex,0,0,0,0,0,0,0,-,-,NaN,0,0,0,16,0,6,0,0,16,0,"0,38","1 871,18","116,95",6,0,31,Total dez,16,0,6,0,0,16,0,"0,38","1 871,18","116,95",6,0,31,Total,48534,4631,17251,0,64,41984,6550,"53,96","6 403 055,44","120,44",17386,135,88949
Data,Ocup,Opção,Cheg,Oferta/Uso Interno,Deduz. Individ.,Deduz. Grupos,% Ocup.,Receita Quartos,Preço Médio,Saídas,Quartos FdS,Adul. / Cri.,dezembro,Previsão,19-dez-2026 sáb,0,0,0,0,0,0,0,-,-,NaN,0,0,0,16,0,6,0,0,16,0,"0,38","1 871,18","116,95",6,0,31,Total dez,16,0,6,0,0,16,0,"0,38","1 871,18","116,95",6,0,31,Total,48534,4631,17251,0,64,41984,6550,"53,96","6 403 055,44","120,44",17386,135,88949
Data,Ocup,Opção,Cheg,Oferta/Uso Interno,Deduz. Individ.,Deduz. Grupos,% Ocup.,Receita Quartos,Preço Médio,Saídas,Quartos FdS,Adul. / Cri.,dezembro,Previsão,20-dez-2026 dom,0,0,0,0,0,0,0,-,-,NaN,0,0,0,16,0,6,0,0,16,0,"0,38","1 871,18","116,95",6,0,31,Total dez,16,0,6,0,0,16,0,"0,38","1 871,18","116,95",6,0,31,Total,48534,4631,17251,0,64,41984,6550,"53,96","6 403 055,44","120,44",17386,135,88949
Data,Ocup,Opção,Cheg,Oferta/Uso Interno,Deduz. Individ.,Deduz. Grupos,% Ocup.,Receita Quartos,Preço Médio,Saídas,Quartos FdS,Adul. / Cri.,dezembro,Previsão,21-dez-2026 seg,0,0,0,0,0,0,0,-,-,NaN,0,0,0,16,0,6,0,0,16,0,"0,38","1 871,18","116,95",6,0,31,Total dez,16,0,6,0,0,16,0,"0,38","1 871,18","116,95",6,0,31,Total,48534,4631,17251,0,64,41984,6550,"53,96","6 403 055,44","120,44",17386,135,88949
Data,Ocup,Opção,Cheg,Oferta/Uso Interno,Deduz. Individ.,Deduz. Grupos,% Ocup.,Receita Quartos,Preço Médio,Saídas,Quartos FdS,Adul. / Cri.,dezembro,Previsão,22-dez-2026 ter,2,0,2,0,0,2,0,"1,48","282,68","141,34",0,0,8,16,0,6,0,0,16,0,"0,38","1 871,18","116,95",6,0,31,Total dez,16,0,6,0,0,16,0,"0,38","1 871,18","116,95",6,0,31,Total,48534,4631,17251,0,64,41984,6550,"53,96","6 403 055,44","120,44",17386,135,88949
Data,Ocup,Opção,Cheg,Oferta/Uso Interno,Deduz. Individ.,Deduz. Grupos,% Ocup.,Receita Quartos,Preço Médio,Saídas,Quartos FdS,Adul. / Cri.,dezembro,Previsão,23-dez-2026 qua,0,0,0,0,0,0,0,-,-,NaN,2,0,0,16,0,6,0,0,16,0,"0,38","1 871,18","116,95",6,0,31,Total dez,16,0,6,0,0,16,0,"0,38","1 871,18","116,95",6,0,31,Total,48534,4631,17251,0,64,41984,6550,"53,96","6 403 055,44","120,44",17386,135,88949
Data,Ocup,Opção,Cheg,Oferta/Uso Interno,Deduz. Individ.,Deduz. Grupos,% Ocup.,Receita Quartos,Preço Médio,Saídas,Quartos FdS,Adul. / Cri.,dezembro,Previsão,24-dez-2026 qui,0,0,0,0,0,0,0,-,-,NaN,0,0,0,16,0,6,0,0,16,0,"0,38","1 871,18","116,95",6,0,31,Total dez,16,0,6,0,0,16,0,"0,38","1 871,18","116,95",6,0,31,Total,48534,4631,17251,0,64,41984,6550,"53,96","6 403 055,44","120,44",17386,135,88949
Data,Ocup,Opção,Cheg,Oferta/Uso Interno,Deduz. Individ.,Deduz. Grupos,% Ocup.,Receita Quartos,Preço Médio,Saídas,Quartos FdS,Adul. / Cri.,dezembro,Previsão,25-dez-2026 sex,1,0,1,0,0,1,0,"0,74","97,57","97,57",0,0,2,16,0,6,0,0,16,0,"0,38","1 871,18","116,95",6,0,31,Total dez,16,0,6,0,0,16,0,"0,38","1 871,18","116,95",6,0,31,Total,48534,4631,17251,0,64,41984,6550,"53,96","6 403 055,44","120,44",17386,135,88949
Data,Ocup,Opção,Cheg,Oferta/Uso Interno,Deduz. Individ.,Deduz. Grupos,% Ocup.,Receita Quartos,Preço Médio,Saídas,Quartos FdS,Adul. / Cri.,dezembro,Previsão,26-dez-2026 sáb,3,0,2,0,0,3,0,"2,22","333,63","111,21",0,0,5,16,0,6,0,0,16,0,"0,38","1 871,18","116,95",6,0,31,Total dez,16,0,6,0,0,16,0,"0,38","1 871,18","116,95",6,0,31,Total,48534,4631,17251,0,64,41984,6550,"53,96","6 403 055,44","120,44",17386,135,88949
Data,Ocup,Opção,Cheg,Oferta/Uso Interno,Deduz. Individ.,Deduz. Grupos,% Ocup.,Receita Quartos,Preço Médio,Saídas,Quartos FdS,Adul. / Cri.,dezembro,Previsão,27-dez-2026 dom,3,0,0,0,0,3,0,"2,22","333,63","111,21",0,0,5,16,0,6,0,0,16,0,"0,38","1 871,18","116,95",6,0,31,Total dez,16,0,6,0,0,16,0,"0,38","1 871,18","116,95",6,0,31,Total,48534,4631,17251,0,64,41984,6550,"53,96","6 403 055,44","120,44",17386,135,88949
Data,Ocup,Opção,Cheg,Oferta/Uso Interno,Deduz. Individ.,Deduz. Grupos,% Ocup.,Receita Quartos,Preço Médio,Saídas,Quartos FdS,Adul. / Cri.,dezembro,Previsão,28-dez-2026 seg,2,0,0,0,0,2,0,"1,48","264,93","132,47",1,0,3,16,0,6,0,0,16,0,"0,38","1 871,18","116,95",6,0,31,Total dez,16,0,6,0,0,16,0,"0,38","1 871,18","116,95",6,0,31,Total,48534,4631,17251,0,64,41984,6550,"53,96","6 403 055,44","120,44",17386,135,88949
Data,Ocup,Opção,Cheg,Oferta/Uso Interno,Deduz. Individ.,Deduz. Grupos,% Ocup.,Receita Quartos,Preço Médio,Saídas,Quartos FdS,Adul. / Cri.,dezembro,Previsão,29-dez-2026 ter,2,0,0,0,0,2,0,"1,48","264,93","132,47",0,0,3,16,0,6,0,0,16,0,"0,38","1 871,18","116,95",6,0,31,Total dez,16,0,6,0,0,16,0,"0,38","1 871,18","116,95",6,0,31,Total,48534,4631,17251,0,64,41984,6550,"53,96","6 403 055,44","120,44",17386,135,88949
Data,Ocup,Opção,Cheg,Oferta/Uso Interno,Deduz. Individ.,Deduz. Grupos,% Ocup.,Receita Quartos,Preço Médio,Saídas,Quartos FdS,Adul. / Cri.,dezembro,Previsão,30-dez-2026 qua,2,0,0,0,0,2,0,"1,48","293,80","146,90",0,0,3,16,0,6,0,0,16,0,"0,38","1 871,18","116,95",6,0,31,Total dez,16,0,6,0,0,16,0,"0,38","1 871,18","116,95",6,0,31,Total,48534,4631,17251,0,64,41984,6550,"53,96","6 403 055,44","120,44",17386,135,88949
Data,Ocup,Opção,Cheg,Oferta/Uso Interno,Deduz. Individ.,Deduz. Grupos,% Ocup.,Receita Quartos,Preço Médio,Saídas,Quartos FdS,Adul. / Cri.,dezembro,Previsão,31-dez-2026 qui,0,0,0,0,0,0,0,-,-,NaN,2,0,0,16,0,6,0,0,16,0,"0,38","1 871,18","116,95",6,0,31,Total dez,16,0,6,0,0,16,0,"0,38","1 871,18","116,95",6,0,31,Total,48534,4631,17251,0,64,41984,6550,"53,96","6 403 055,44","120,44",17386,135,88949

