Textbox53,Textbox55,Textbox3,Textbox57,Textbox59,Textbox63,Textbox65,Textbox67,Textbox69,Textbox77,Textbox73,Textbox75,Textbox79,Textbox23,Textbox100,hoteldate,Occ,xoption,Arr,Comp,House,Indiv,Group,Occ_perct,RoomRev,Avg,Dep,OOO,Ad_Ch,Textbox86,Textbox6,Textbox87,Textbox88,Textbox89,Textbox90,Textbox91,Textbox92,Textbox93,Textbox94,Textbox95,Textbox96,Textbox97,Textbox9,Textbox127,Textbox7,Textbox128,Textbox129,Textbox130,Textbox131,Textbox132,Textbox133,Textbox134,Textbox135,Textbox136,Textbox137,Textbox138,Textbox113,Textbox99,xoption1,Textbox139,Textbox140,Textbox141,Textbox142,Textbox143,Textbox144,Textbox145,Textbox146,Textbox147,Textbox148,Textbox149
Data,Ocup,Opção,Cheg,Oferta/Uso Interno,Deduz. Individ.,Deduz. Grupos,% Ocup.,Receita Quartos,Preço Médio,Saídas,Quartos FdS,Adul. / Cri.,janeiro,Histórico,01-jan-2026 qui,125,4,29,0,0,111,14,"92,59","17 526,25","140,21",31,0,244,239,6,65,0,0,211,28,"88,52","30 578,50","127,94",77,0,462,Total jan,2095,8,682,0,0,2030,65,"50,06","165 127,05","78,82",744,0,4023,Total,7670,3882,2572,0,0,6118,1552,"7,78","838 475,97","109,32",2698,0,14984
Data,Ocup,Opção,Cheg,Oferta/Uso Interno,Deduz. Individ.,Deduz. Grupos,% Ocup.,Receita Quartos,Preço Médio,Saídas,Quartos FdS,Adul. / Cri.,janeiro,Histórico,02-jan-2026 sex,114,2,36,0,0,100,14,"84,44","13 052,25","114,49",46,0,218,239,6,65,0,0,211,28,"88,52","30 578,50","127,94",77,0,462,Total jan,2095,8,682,0,0,2030,65,"50,06","165 127,05","78,82",744,0,4023,Total,7670,3882,2572,0,0,6118,1552,"7,78","838 475,97","109,32",2698,0,14984
Data,Ocup,Opção,Cheg,Oferta/Uso Interno,Deduz. Individ.,Deduz. Grupos,% Ocup.,Receita Quartos,Preço Médio,Saídas,Quartos FdS,Adul. / Cri.,janeiro,Previsão,03-jan-2026 sáb,109,2,29,0,0,95,14,"80,74","11 472,28","105,25",34,0,206,1856,2,617,0,0,1819,37,"47,41","134 548,55","72,49",667,0,3561,Total jan,2095,8,682,0,0,2030,65,"50,06","165 127,05","78,82",744,0,4023,Total,7670,3882,2572,0,0,6118,1552,"7,78","838 475,97","109,32",2698,0,14984
Data,Ocup,Opção,Cheg,Oferta/Uso Interno,Deduz. Individ.,Deduz. Grupos,% Ocup.,Receita Quartos,Preço Médio,Saídas,Quartos FdS,Adul. / Cri.,janeiro,Previsão,04-jan-2026 dom,86,0,20,0,0,86,0,"63,70","6 898,69","80,22",43,0,167,1856,2,617,0,0,1819,37,"47,41","134 548,55","72,49",667,0,3561,Total jan,2095,8,682,0,0,2030,65,"50,06","165 127,05","78,82",744,0,4023,Total,7670,3882,2572,0,0,6118,1552,"7,78","838 475,97","109,32",2698,0,14984
Data,Ocup,Opção,Cheg,Oferta/Uso Interno,Deduz. Individ.,Deduz. Grupos,% Ocup.,Receita Quartos,Preço Médio,Saídas,Quartos FdS,Adul. / Cri.,janeiro,Previsão,05-jan-2026 seg,78,0,21,0,0,78,0,"57,78","5 933,66","76,07",29,0,150,1856,2,617,0,0,1819,37,"47,41","134 548,55","72,49",667,0,3561,Total jan,2095,8,682,0,0,2030,65,"50,06","165 127,05","78,82",744,0,4023,Total,7670,3882,2572,0,0,6118,1552,"7,78","838 475,97","109,32",2698,0,14984
Data,Ocup,Opção,Cheg,Oferta/Uso Interno,Deduz. Individ.,Deduz. Grupos,% Ocup.,Receita Quartos,Preço Médio,Saídas,Quartos FdS,Adul. / Cri.,janeiro,Previsão,06-jan-2026 ter,76,0,20,0,0,76,0,"56,30","5 447,81","71,68",22,0,149,1856,2,617,0,0,1819,37,"47,41","134 548,55","72,49",667,0,3561,Total jan,2095,8,682,0,0,2030,65,"50,06","165 127,05","78,82",744,0,4023,Total,7670,3882,2572,0,0,6118,1552,"7,78","838 475,97","109,32",2698,0,14984
Data,Ocup,Opção,Cheg,Oferta/Uso Interno,Deduz. Individ.,Deduz. Grupos,% Ocup.,Receita Quartos,Preço Médio,Saídas,Quartos FdS,Adul. / Cri.,janeiro,Previsão,07-jan-2026 qua,63,0,17,0,0,63,0,"46,67","4 266,21","67,72",30,0,121,1856,2,617,0,0,1819,37,"47,41","134 548,55","72,49",667,0,3561,Total jan,2095,8,682,0,0,2030,65,"50,06","165 127,05","78,82",744,0,4023,Total,7670,3882,2572,0,0,6118,1552,"7,78","838 475,97","109,32",2698,0,14984
Data,Ocup,Opção,Cheg,Oferta/Uso Interno,Deduz. Individ.,Deduz. Grupos,% Ocup.,Receita Quartos,Preço Médio,Saídas,Quartos FdS,Adul. / Cri.,janeiro,Previsão,08-jan-2026 qui,51,0,16,0,0,51,0,"37,78","3 548,26","69,57",28,0,101,1856,2,617,0,0,1819,37,"47,41","134 548,55","72,49",667,0,3561,Total jan,2095,8,682,0,0,2030,65,"50,06","165 127,05","78,82",744,0,4023,Total,7670,3882,2572,0,0,6118,1552,"7,78","838 475,97","109,32",2698,0,14984
Data,Ocup,Opção,Cheg,Oferta/Uso Interno,Deduz. Individ.,Deduz. Grupos,% Ocup.,Receita Quartos,Preço Médio,Saídas,Quartos FdS,Adul. / Cri.,janeiro,Previsão,09-jan-2026 sex,81,0,38,0,0,81,0,"60,00","5 563,17","68,68",8,0,160,1856,2,617,0,0,1819,37,"47,41","134 548,55","72,49",667,0,3561,Total jan,2095,8,682,0,0,2030,65,"50,06","165 127,05","78,82",744,0,4023,Total,7670,3882,2572,0,0,6118,1552,"7,78","838 475,97","109,32",2698,0,14984
Data,Ocup,Opção,Cheg,Oferta/Uso Interno,Deduz. Individ.,Deduz. Grupos,% Ocup.,Receita Quartos,Preço Médio,Saídas,Quartos FdS,Adul. / Cri.,janeiro,Previsão,10-jan-2026 sáb,78,0,18,0,0,73,5,"57,78","5 589,02","71,65",21,0,149,1856,2,617,0,0,1819,37,"47,41","134 548,55","72,49",667,0,3561,Total jan,2095,8,682,0,0,2030,65,"50,06","165 127,05","78,82",744,0,4023,Total,7670,3882,2572,0,0,6118,1552,"7,78","838 475,97","109,32",2698,0,14984
Data,Ocup,Opção,Cheg,Oferta/Uso Interno,Deduz. Individ.,Deduz. Grupos,% Ocup.,Receita Quartos,Preço Médio,Saídas,Quartos FdS,Adul. / Cri.,janeiro,Previsão,11-jan-2026 dom,69,0,20,0,0,60,9,"51,11","5 024,14","72,81",29,0,127,1856,2,617,0,0,1819,37,"47,41","134 548,55","72,49",667,0,3561,Total jan,2095,8,682,0,0,2030,65,"50,06","165 127,05","78,82",744,0,4023,Total,7670,3882,2572,0,0,6118,1552,"7,78","838 475,97","109,32",2698,0,14984
Data,Ocup,Opção,Cheg,Oferta/Uso Interno,Deduz. Individ.,Deduz. Grupos,% Ocup.,Receita Quartos,Preço Médio,Saídas,Quartos FdS,Adul. / Cri.,janeiro,Previsão,12-jan-2026 seg,51,0,14,0,0,42,9,"37,78","3 662,75","71,82",32,0,93,1856,2,617,0,0,1819,37,"47,41","134 548,55","72,49",667,0,3561,Total jan,2095,8,682,0,0,2030,65,"50,06","165 127,05","78,82",744,0,4023,Total,7670,3882,2572,0,0,6118,1552,"7,78","838 475,97","109,32",2698,0,14984
Data,Ocup,Opção,Cheg,Oferta/Uso Interno,Deduz. Individ.,Deduz. Grupos,% Ocup.,Receita Quartos,Preço Médio,Saídas,Quartos FdS,Adul. / Cri.,janeiro,Previsão,13-jan-2026 ter,43,0,12,0,0,43,0,"31,85","2 835,52","65,94",20,0,78,1856,2,617,0,0,1819,37,"47,41","134 548,55","72,49",667,0,3561,Total jan,2095,8,682,0,0,2030,65,"50,06","165 127,05","78,82",744,0,4023,Total,7670,3882,2572,0,0,6118,1552,"7,78","838 475,97","109,32",2698,0,14984
Data,Ocup,Opção,Cheg,Oferta/Uso Interno,Deduz. Individ.,Deduz. Grupos,% Ocup.,Receita Quartos,Preço Médio,Saídas,Quartos FdS,Adul. / Cri.,janeiro,Previsão,14-jan-2026 qua,44,0,18,0,0,44,0,"32,59","2 991,52","67,99",17,0,82,1856,2,617,0,0,1819,37,"47,41","134 548,55","72,49",667,0,3561,Total jan,2095,8,682,0,0,2030,65,"50,06","165 127,05","78,82",744,0,4023,Total,7670,3882,2572,0,0,6118,1552,"7,78","838 475,97","109,32",2698,0,14984
Data,Ocup,Opção,Cheg,Oferta/Uso Interno,Deduz. Individ.,Deduz. Grupos,% Ocup.,Receita Quartos,Preço Médio,Saídas,Quartos FdS,Adul. / Cri.,janeiro,Previsão,15-jan-2026 qui,52,0,18,0,0,52,0,"38,52","3 590,57","69,05",10,0,94,1856,2,617,0,0,1819,37,"47,41","134 548,55","72,49",667,0,3561,Total jan,2095,8,682,0,0,2030,65,"50,06","165 127,05","78,82",744,0,4023,Total,7670,3882,2572,0,0,6118,1552,"7,78","838 475,97","109,32",2698,0,14984
Data,Ocup,Opção,Cheg,Oferta/Uso Interno,Deduz. Individ.,Deduz. Grupos,% Ocup.,Receita Quartos,Preço Médio,Saídas,Quartos FdS,Adul. / Cri.,janeiro,Previsão,16-jan-2026 sex,64,0,31,0,0,64,0,"47,41","4 397,26","68,71",19,0,124,1856,2,617,0,0,1819,37,"47,41","134 548,55","72,49",667,0,3561,Total jan,2095,8,682,0,0,2030,65,"50,06","165 127,05","78,82",744,0,4023,Total,7670,3882,2572,0,0,6118,1552,"7,78","838 475,97","109,32",2698,0,14984
Data,Ocup,Opção,Cheg,Oferta/Uso Interno,Deduz. Individ.,Deduz. Grupos,% Ocup.,Receita Quartos,Preço Médio,Saídas,Quartos FdS,Adul. / Cri.,janeiro,Previsão,17-jan-2026 sáb,77,0,30,0,0,77,0,"57,04","5 385,17","69,94",17,0,148,1856,2,617,0,0,1819,37,"47,41","134 548,55","72,49",667,0,3561,Total jan,2095,8,682,0,0,2030,65,"50,06","165 127,05","78,82",744,0,4023,Total,7670,3882,2572,0,0,6118,1552,"7,78","838 475,97","109,32",2698,0,14984
Data,Ocup,Opção,Cheg,Oferta/Uso Interno,Deduz. Individ.,Deduz. Grupos,% Ocup.,Receita Quartos,Preço Médio,Saídas,Quartos FdS,Adul. / Cri.,janeiro,Previsão,18-jan-2026 dom,64,0,14,0,0,64,0,"47,41","4 190,63","65,48",27,0,117,1856,2,617,0,0,1819,37,"47,41","134 548,55","72,49",667,0,3561,Total jan,2095,8,682,0,0,2030,65,"50,06","165 127,05","78,82",744,0,4023,Total,7670,3882,2572,0,0,6118,1552,"7,78","838 475,97","109,32",2698,0,14984
Data,Ocup,Opção,Cheg,Oferta/Uso Interno,Deduz. Individ.,Deduz. Grupos,% Ocup.,Receita Quartos,Preço Médio,Saídas,Quartos FdS,Adul. / Cri.,janeiro,Previsão,19-jan-2026 seg,63,0,22,0,0,63,0,"46,67","4 105,20","65,16",23,0,112,1856,2,617,0,0,1819,37,"47,41","134 548,55","72,49",667,0,3561,Total jan,2095,8,682,0,0,2030,65,"50,06","165 127,05","78,82",744,0,4023,Total,7670,3882,2572,0,0,6118,1552,"7,78","838 475,97","109,32",2698,0,14984
Data,Ocup,Opção,Cheg,Oferta/Uso Interno,Deduz. Individ.,Deduz. Grupos,% Ocup.,Receita Quartos,Preço Médio,Saídas,Quartos FdS,Adul. / Cri.,janeiro,Previsão,20-jan-2026 ter,42,0,8,0,0,42,0,"31,11","2 684,97","63,93",29,0,71,1856,2,617,0,0,1819,37,"47,41","134 548,55","72,49",667,0,3561,Total jan,2095,8,682,0,0,2030,65,"50,06","165 127,05","78,82",744,0,4023,Total,7670,3882,2572,0,0,6118,1552,"7,78","838 475,97","109,32",2698,0,14984
Data,Ocup,Opção,Cheg,Oferta/Uso Interno,Deduz. Individ.,Deduz. Grupos,% Ocup.,Receita Quartos,Preço Médio,Saídas,Quartos FdS,Adul. / Cri.,janeiro,Previsão,21-jan-2026 qua,52,0,26,0,0,52,0,"38,52","3 323,37","63,91",16,0,94,1856,2,617,0,0,1819,37,"47,41","134 548,55","72,49",667,0,3561,Total jan,2095,8,682,0,0,2030,65,"50,06","165 127,05","78,82",744,0,4023,Total,7670,3882,2572,0,0,6118,1552,"7,78","838 475,97","109,32",2698,0,14984
Data,Ocup,Opção,Cheg,Oferta/Uso Interno,Deduz. Individ.,Deduz. Grupos,% Ocup.,Receita Quartos,Preço Médio,Saídas,Quartos FdS,Adul. / Cri.,janeiro,Previsão,22-jan-2026 qui,61,0,23,0,0,61,0,"45,19","4 063,38","66,61",14,0,116,1856,2,617,0,0,1819,37,"47,41","134 548,55","72,49",667,0,3561,Total jan,2095,8,682,0,0,2030,65,"50,06","165 127,05","78,82",744,0,4023,Total,7670,3882,2572,0,0,6118,1552,"7,78","838 475,97","109,32",2698,0,14984
Data,Ocup,Opção,Cheg,Oferta/Uso Interno,Deduz. Individ.,Deduz. Grupos,% Ocup.,Receita Quartos,Preço Médio,Saídas,Quartos FdS,Adul. / Cri.,janeiro,Previsão,23-jan-2026 sex,79,0,34,0,0,79,0,"58,52","5 395,26","68,29",16,0,157,1856,2,617,0,0,1819,37,"47,41","134 548,55","72,49",667,0,3561,Total jan,2095,8,682,0,0,2030,65,"50,06","165 127,05","78,82",744,0,4023,Total,7670,3882,2572,0,0,6118,1552,"7,78","838 475,97","109,32",2698,0,14984
Data,Ocup,Opção,Cheg,Oferta/Uso Interno,Deduz. Individ.,Deduz. Grupos,% Ocup.,Receita Quartos,Preço Médio,Saídas,Quartos FdS,Adul. / Cri.,janeiro,Previsão,24-jan-2026 sáb,79,0,23,0,0,79,0,"58,52","5 669,29","71,76",23,0,161,1856,2,617,0,0,1819,37,"47,41","134 548,55","72,49",667,0,3561,Total jan,2095,8,682,0,0,2030,65,"50,06","165 127,05","78,82",744,0,4023,Total,7670,3882,2572,0,0,6118,1552,"7,78","838 475,97","109,32",2698,0,14984
Data,Ocup,Opção,Cheg,Oferta/Uso Interno,Deduz. Individ.,Deduz. Grupos,% Ocup.,Receita Quartos,Preço Médio,Saídas,Quartos FdS,Adul. / Cri.,janeiro,Previsão,25-jan-2026 dom,61,0,22,0,0,61,0,"45,19","4 536,88","74,38",40,0,128,1856,2,617,0,0,1819,37,"47,41","134 548,55","72,49",667,0,3561,Total jan,2095,8,682,0,0,2030,65,"50,06","165 127,05","78,82",744,0,4023,Total,7670,3882,2572,0,0,6118,1552,"7,78","838 475,97","109,32",2698,0,14984
Data,Ocup,Opção,Cheg,Oferta/Uso Interno,Deduz. Individ.,Deduz. Grupos,% Ocup.,Receita Quartos,Preço Médio,Saídas,Quartos FdS,Adul. / Cri.,janeiro,Previsão,26-jan-2026 seg,48,0,11,0,0,48,0,"35,56","3 657,33","76,19",24,0,100,1856,2,617,0,0,1819,37,"47,41","134 548,55","72,49",667,0,3561,Total jan,2095,8,682,0,0,2030,65,"50,06","165 127,05","78,82",744,0,4023,Total,7670,3882,2572,0,0,6118,1552,"7,78","838 475,97","109,32",2698,0,14984
Data,Ocup,Opção,Cheg,Oferta/Uso Interno,Deduz. Individ.,Deduz. Grupos,% Ocup.,Receita Quartos,Preço Médio,Saídas,Quartos FdS,Adul. / Cri.,janeiro,Previsão,27-jan-2026 ter,45,0,19,0,0,45,0,"33,33","3 080,80","68,46",22,0,84,1856,2,617,0,0,1819,37,"47,41","134 548,55","72,49",667,0,3561,Total jan,2095,8,682,0,0,2030,65,"50,06","165 127,05","78,82",744,0,4023,Total,7670,3882,2572,0,0,6118,1552,"7,78","838 475,97","109,32",2698,0,14984
Data,Ocup,Opção,Cheg,Oferta/Uso Interno,Deduz. Individ.,Deduz. Grupos,% Ocup.,Receita Quartos,Preço Médio,Saídas,Quartos FdS,Adul. / Cri.,janeiro,Previsão,28-jan-2026 qua,52,0,25,0,0,52,0,"38,52","3 565,38","68,56",18,0,98,1856,2,617,0,0,1819,37,"47,41","134 548,55","72,49",667,0,3561,Total jan,2095,8,682,0,0,2030,65,"50,06","165 127,05","78,82",744,0,4023,Total,7670,3882,2572,0,0,6118,1552,"7,78","838 475,97","109,32",2698,0,14984
Data,Ocup,Opção,Cheg,Oferta/Uso Interno,Deduz. Individ.,Deduz. Grupos,% Ocup.,Receita Quartos,Preço Médio,Saídas,Quartos FdS,Adul. / Cri.,janeiro,Previsão,29-jan-2026 qui,59,0,24,0,0,59,0,"43,70","4 031,10","68,32",17,0,113,1856,2,617,0,0,1819,37,"47,41","134 548,55","72,49",667,0,3561,Total jan,2095,8,682,0,0,2030,65,"50,06","165 127,05","78,82",744,0,4023,Total,7670,3882,2572,0,0,6118,1552,"7,78","838 475,97","109,32",2698,0,14984
Data,Ocup,Opção,Cheg,Oferta/Uso Interno,Deduz. Individ.,Deduz. Grupos,% Ocup.,Receita Quartos,Preço Médio,Saídas,Quartos FdS,Adul. / Cri.,janeiro,Previsão,30-jan-2026 sex,65,0,22,0,0,65,0,"48,15","4 754,71","73,15",16,0,131,1856,2,617,0,0,1819,37,"47,41","134 548,55","72,49",667,0,3561,Total jan,2095,8,682,0,0,2030,65,"50,06","165 127,05","78,82",744,0,4023,Total,7670,3882,2572,0,0,6118,1552,"7,78","838 475,97","109,32",2698,0,14984
Data,Ocup,Opção,Cheg,Oferta/Uso Interno,Deduz. Individ.,Deduz. Grupos,% Ocup.,Receita Quartos,Preço Médio,Saídas,Quartos FdS,Adul. / Cri.,janeiro,Previsão,31-jan-2026 sáb,64,0,22,0,0,64,0,"47,41","4 884,24","76,32",23,0,130,1856,2,617,0,0,1819,37,"47,41","134 548,55","72,49",667,0,3561,Total jan,2095,8,682,0,0,2030,65,"50,06","165 127,05","78,82",744,0,4023,Total,7670,3882,2572,0,0,6118,1552,"7,78","838 475,97","109,32",2698,0,14984
Data,Ocup,Opção,Cheg,Oferta/Uso Interno,Deduz. Individ.,Deduz. Grupos,% Ocup.,Receita Quartos,Preço Médio,Saídas,Quartos FdS,Adul. / Cri.,fevereiro,Previsão,01-fev-2026 dom,50,0,15,0,0,50,0,"37,04","3 500,79","70,02",29,0,99,1501,22,499,0,0,1498,3,"39,71","118 300,92","78,81",498,0,2979,Total fev,1501,22,499,0,0,1498,3,"39,71","118 300,92","78,81",498,0,2979,Total,7670,3882,2572,0,0,6118,1552,"7,78","838 475,97","109,32",2698,0,14984
Data,Ocup,Opção,Cheg,Oferta/Uso Interno,Deduz. Individ.,Deduz. Grupos,% Ocup.,Receita Quartos,Preço Médio,Saídas,Quartos FdS,Adul. / Cri.,fevereiro,Previsão,02-fev-2026 seg,45,10,15,0,0,45,0,"33,33","3 120,68","69,35",20,0,88,1501,22,499,0,0,1498,3,"39,71","118 300,92","78,81",498,0,2979,Total fev,1501,22,499,0,0,1498,3,"39,71","118 300,92","78,81",498,0,2979,Total,7670,3882,2572,0,0,6118,1552,"7,78","838 475,97","109,32",2698,0,14984
Data,Ocup,Opção,Cheg,Oferta/Uso Interno,Deduz. Individ.,Deduz. Grupos,% Ocup.,Receita Quartos,Preço Médio,Saídas,Quartos FdS,Adul. / Cri.,fevereiro,Previsão,03-fev-2026 ter,43,10,12,0,0,43,0,"31,85","2 945,00","68,49",14,0,85,1501,22,499,0,0,1498,3,"39,71","118 300,92","78,81",498,0,2979,Total fev,1501,22,499,0,0,1498,3,"39,71","118 300,92","78,81",498,0,2979,Total,7670,3882,2572,0,0,6118,1552,"7,78","838 475,97","109,32",2698,0,14984
Data,Ocup,Opção,Cheg,Oferta/Uso Interno,Deduz. Individ.,Deduz. Grupos,% Ocup.,Receita Quartos,Preço Médio,Saídas,Quartos FdS,Adul. / Cri.,fevereiro,Previsão,04-fev-2026 qua,43,0,16,0,0,43,0,"31,85","3 135,47","72,92",16,0,87,1501,22,499,0,0,1498,3,"39,71","118 300,92","78,81",498,0,2979,Total fev,1501,22,499,0,0,1498,3,"39,71","118 300,92","78,81",498,0,2979,Total,7670,3882,2572,0,0,6118,1552,"7,78","838 475,97","109,32",2698,0,14984
Data,Ocup,Opção,Cheg,Oferta/Uso Interno,Deduz. Individ.,Deduz. Grupos,% Ocup.,Receita Quartos,Preço Médio,Saídas,Quartos FdS,Adul. / Cri.,fevereiro,Previsão,05-fev-2026 qui,49,0,20,0,0,49,0,"36,30","3 175,93","64,81",14,0,96,1501,22,499,0,0,1498,3,"39,71","118 300,92","78,81",498,0,2979,Total fev,1501,22,499,0,0,1498,3,"39,71","118 300,92","78,81",498,0,2979,Total,7670,3882,2572,0,0,6118,1552,"7,78","838 475,97","109,32",2698,0,14984
Data,Ocup,Opção,Cheg,Oferta/Uso Interno,Deduz. Individ.,Deduz. Grupos,% Ocup.,Receita Quartos,Preço Médio,Saídas,Quartos FdS,Adul. / Cri.,fevereiro,Previsão,06-fev-2026 sex,66,0,30,0,0,66,0,"48,89","4 990,03","75,61",13,0,136,1501,22,499,0,0,1498,3,"39,71","118 300,92","78,81",498,0,2979,Total fev,1501,22,499,0,0,1498,3,"39,71","118 300,92","78,81",498,0,2979,Total,7670,3882,2572,0,0,6118,1552,"7,78","838 475,97","109,32",2698,0,14984
Data,Ocup,Opção,Cheg,Oferta/Uso Interno,Deduz. Individ.,Deduz. Grupos,% Ocup.,Receita Quartos,Preço Médio,Saídas,Quartos FdS,Adul. / Cri.,fevereiro,Previsão,07-fev-2026 sáb,77,0,23,0,0,77,0,"57,04","5 943,59","77,19",12,0,156,1501,22,499,0,0,1498,3,"39,71","118 300,92","78,81",498,0,2979,Total fev,1501,22,499,0,0,1498,3,"39,71","118 300,92","78,81",498,0,2979,Total,7670,3882,2572,0,0,6118,1552,"7,78","838 475,97","109,32",2698,0,14984
Data,Ocup,Opção,Cheg,Oferta/Uso Interno,Deduz. Individ.,Deduz. Grupos,% Ocup.,Receita Quartos,Preço Médio,Saídas,Quartos FdS,Adul. / Cri.,fevereiro,Previsão,08-fev-2026 dom,47,0,4,0,0,47,0,"34,81","3 198,88","68,06",34,0,96,1501,22,499,0,0,1498,3,"39,71","118 300,92","78,81",498,0,2979,Total fev,1501,22,499,0,0,1498,3,"39,71","118 300,92","78,81",498,0,2979,Total,7670,3882,2572,0,0,6118,1552,"7,78","838 475,97","109,32",2698,0,14984
Data,Ocup,Opção,Cheg,Oferta/Uso Interno,Deduz. Individ.,Deduz. Grupos,% Ocup.,Receita Quartos,Preço Médio,Saídas,Quartos FdS,Adul. / Cri.,fevereiro,Previsão,09-fev-2026 seg,33,0,12,0,0,33,0,"24,44","2 247,58","68,11",26,0,57,1501,22,499,0,0,1498,3,"39,71","118 300,92","78,81",498,0,2979,Total fev,1501,22,499,0,0,1498,3,"39,71","118 300,92","78,81",498,0,2979,Total,7670,3882,2572,0,0,6118,1552,"7,78","838 475,97","109,32",2698,0,14984
Data,Ocup,Opção,Cheg,Oferta/Uso Interno,Deduz. Individ.,Deduz. Grupos,% Ocup.,Receita Quartos,Preço Médio,Saídas,Quartos FdS,Adul. / Cri.,fevereiro,Previsão,10-fev-2026 ter,36,0,16,0,0,36,0,"26,67","2 419,98","67,22",13,0,64,1501,22,499,0,0,1498,3,"39,71","118 300,92","78,81",498,0,2979,Total fev,1501,22,499,0,0,1498,3,"39,71","118 300,92","78,81",498,0,2979,Total,7670,3882,2572,0,0,6118,1552,"7,78","838 475,97","109,32",2698,0,14984
Data,Ocup,Opção,Cheg,Oferta/Uso Interno,Deduz. Individ.,Deduz. Grupos,% Ocup.,Receita Quartos,Preço Médio,Saídas,Quartos FdS,Adul. / Cri.,fevereiro,Previsão,11-fev-2026 qua,39,0,12,0,0,39,0,"28,89","2 659,42","68,19",9,0,72,1501,22,499,0,0,1498,3,"39,71","118 300,92","78,81",498,0,2979,Total fev,1501,22,499,0,0,1498,3,"39,71","118 300,92","78,81",498,0,2979,Total,7670,3882,2572,0,0,6118,1552,"7,78","838 475,97","109,32",2698,0,14984
Data,Ocup,Opção,Cheg,Oferta/Uso Interno,Deduz. Individ.,Deduz. Grupos,% Ocup.,Receita Quartos,Preço Médio,Saídas,Quartos FdS,Adul. / Cri.,fevereiro,Previsão,12-fev-2026 qui,50,0,25,0,0,50,0,"37,04","3 781,86","75,64",14,0,98,1501,22,499,0,0,1498,3,"39,71","118 300,92","78,81",498,0,2979,Total fev,1501,22,499,0,0,1498,3,"39,71","118 300,92","78,81",498,0,2979,Total,7670,3882,2572,0,0,6118,1552,"7,78","838 475,97","109,32",2698,0,14984
Data,Ocup,Opção,Cheg,Oferta/Uso Interno,Deduz. Individ.,Deduz. Grupos,% Ocup.,Receita Quartos,Preço Médio,Saídas,Quartos FdS,Adul. / Cri.,fevereiro,Previsão,13-fev-2026 sex,61,0,23,0,0,61,0,"45,19","5 226,37","85,68",12,0,129,1501,22,499,0,0,1498,3,"39,71","118 300,92","78,81",498,0,2979,Total fev,1501,22,499,0,0,1498,3,"39,71","118 300,92","78,81",498,0,2979,Total,7670,3882,2572,0,0,6118,1552,"7,78","838 475,97","109,32",2698,0,14984
Data,Ocup,Opção,Cheg,Oferta/Uso Interno,Deduz. Individ.,Deduz. Grupos,% Ocup.,Receita Quartos,Preço Médio,Saídas,Quartos FdS,Adul. / Cri.,fevereiro,Previsão,14-fev-2026 sáb,67,0,24,0,0,67,0,"49,63","6 477,87","96,68",18,0,136,1501,22,499,0,0,1498,3,"39,71","118 300,92","78,81",498,0,2979,Total fev,1501,22,499,0,0,1498,3,"39,71","118 300,92","78,81",498,0,2979,Total,7670,3882,2572,0,0,6118,1552,"7,78","838 475,97","109,32",2698,0,14984
Data,Ocup,Opção,Cheg,Oferta/Uso Interno,Deduz. Individ.,Deduz. Grupos,% Ocup.,Receita Quartos,Preço Médio,Saídas,Quartos FdS,Adul. / Cri.,fevereiro,Previsão,15-fev-2026 dom,71,0,22,0,0,71,0,"52,59","6 618,76","93,22",18,0,149,1501,22,499,0,0,1498,3,"39,71","118 300,92","78,81",498,0,2979,Total fev,1501,22,499,0,0,1498,3,"39,71","118 300,92","78,81",498,0,2979,Total,7670,3882,2572,0,0,6118,1552,"7,78","838 475,97","109,32",2698,0,14984
Data,Ocup,Opção,Cheg,Oferta/Uso Interno,Deduz. Individ.,Deduz. Grupos,% Ocup.,Receita Quartos,Preço Médio,Saídas,Quartos FdS,Adul. / Cri.,fevereiro,Previsão,16-fev-2026 seg,54,0,12,0,0,54,0,"40,00","5 086,81","94,20",29,0,121,1501,22,499,0,0,1498,3,"39,71","118 300,92","78,81",498,0,2979,Total fev,1501,22,499,0,0,1498,3,"39,71","118 300,92","78,81",498,0,2979,Total,7670,3882,2572,0,0,6118,1552,"7,78","838 475,97","109,32",2698,0,14984
Data,Ocup,Opção,Cheg,Oferta/Uso Interno,Deduz. Individ.,Deduz. Grupos,% Ocup.,Receita Quartos,Preço Médio,Saídas,Quartos FdS,Adul. / Cri.,fevereiro,Previsão,17-fev-2026 ter,65,0,26,0,0,65,0,"48,15","5 350,05","82,31",15,0,138,1501,22,499,0,0,1498,3,"39,71","118 300,92","78,81",498,0,2979,Total fev,1501,22,499,0,0,1498,3,"39,71","118 300,92","78,81",498,0,2979,Total,7670,3882,2572,0,0,6118,1552,"7,78","838 475,97","109,32",2698,0,14984
Data,Ocup,Opção,Cheg,Oferta/Uso Interno,Deduz. Individ.,Deduz. Grupos,% Ocup.,Receita Quartos,Preço Médio,Saídas,Quartos FdS,Adul. / Cri.,fevereiro,Previsão,18-fev-2026 qua,52,0,16,0,0,52,0,"38,52","4 301,96","82,73",29,0,110,1501,22,499,0,0,1498,3,"39,71","118 300,92","78,81",498,0,2979,Total fev,1501,22,499,0,0,1498,3,"39,71","118 300,92","78,81",498,0,2979,Total,7670,3882,2572,0,0,6118,1552,"7,78","838 475,97","109,32",2698,0,14984
Data,Ocup,Opção,Cheg,Oferta/Uso Interno,Deduz. Individ.,Deduz. Grupos,% Ocup.,Receita Quartos,Preço Médio,Saídas,Quartos FdS,Adul. / Cri.,fevereiro,Previsão,19-fev-2026 qui,60,0,24,0,0,60,0,"44,44","5 323,25","88,72",16,0,126,1501,22,499,0,0,1498,3,"39,71","118 300,92","78,81",498,0,2979,Total fev,1501,22,499,0,0,1498,3,"39,71","118 300,92","78,81",498,0,2979,Total,7670,3882,2572,0,0,6118,1552,"7,78","838 475,97","109,32",2698,0,14984
Data,Ocup,Opção,Cheg,Oferta/Uso Interno,Deduz. Individ.,Deduz. Grupos,% Ocup.,Receita Quartos,Preço Médio,Saídas,Quartos FdS,Adul. / Cri.,fevereiro,Previsão,20-fev-2026 sex,66,0,20,0,0,66,0,"48,89","6 016,89","91,17",14,0,136,1501,22,499,0,0,1498,3,"39,71","118 300,92","78,81",498,0,2979,Total fev,1501,22,499,0,0,1498,3,"39,71","118 300,92","78,81",498,0,2979,Total,7670,3882,2572,0,0,6118,1552,"7,78","838 475,97","109,32",2698,0,14984
Data,Ocup,Opção,Cheg,Oferta/Uso Interno,Deduz. Individ.,Deduz. Grupos,% Ocup.,Receita Quartos,Preço Médio,Saídas,Quartos FdS,Adul. / Cri.,fevereiro,Previsão,21-fev-2026 sáb,65,0,19,0,0,65,0,"48,15","5 910,13","90,93",20,0,135,1501,22,499,0,0,1498,3,"39,71","118 300,92","78,81",498,0,2979,Total fev,1501,22,499,0,0,1498,3,"39,71","118 300,92","78,81",498,0,2979,Total,7670,3882,2572,0,0,6118,1552,"7,78","838 475,97","109,32",2698,0,14984
Data,Ocup,Opção,Cheg,Oferta/Uso Interno,Deduz. Individ.,Deduz. Grupos,% Ocup.,Receita Quartos,Preço Médio,Saídas,Quartos FdS,Adul. / Cri.,fevereiro,Previsão,22-fev-2026 dom,58,0,12,0,0,58,0,"42,96","4 559,70","78,62",19,0,113,1501,22,499,0,0,1498,3,"39,71","118 300,92","78,81",498,0,2979,Total fev,1501,22,499,0,0,1498,3,"39,71","118 300,92","78,81",498,0,2979,Total,7670,3882,2572,0,0,6118,1552,"7,78","838 475,97","109,32",2698,0,14984
Data,Ocup,Opção,Cheg,Oferta/Uso Interno,Deduz. Individ.,Deduz. Grupos,% Ocup.,Receita Quartos,Preço Médio,Saídas,Quartos FdS,Adul. / Cri.,fevereiro,Previsão,23-fev-2026 seg,44,0,15,0,0,44,0,"32,59","3 455,06","78,52",29,0,80,1501,22,499,0,0,1498,3,"39,71","118 300,92","78,81",498,0,2979,Total fev,1501,22,499,0,0,1498,3,"39,71","118 300,92","78,81",498,0,2979,Total,7670,3882,2572,0,0,6118,1552,"7,78","838 475,97","109,32",2698,0,14984
Data,Ocup,Opção,Cheg,Oferta/Uso Interno,Deduz. Individ.,Deduz. Grupos,% Ocup.,Receita Quartos,Preço Médio,Saídas,Quartos FdS,Adul. / Cri.,fevereiro,Previsão,24-fev-2026 ter,54,0,15,0,0,54,0,"40,00","4 132,88","76,53",5,0,97,1501,22,499,0,0,1498,3,"39,71","118 300,92","78,81",498,0,2979,Total fev,1501,22,499,0,0,1498,3,"39,71","118 300,92","78,81",498,0,2979,Total,7670,3882,2572,0,0,6118,1552,"7,78","838 475,97","109,32",2698,0,14984
Data,Ocup,Opção,Cheg,Oferta/Uso Interno,Deduz. Individ.,Deduz. Grupos,% Ocup.,Receita Quartos,Preço Médio,Saídas,Quartos FdS,Adul. / Cri.,fevereiro,Previsão,25-fev-2026 qua,39,0,9,0,0,39,0,"28,89","2 673,61","68,55",24,0,67,1501,22,499,0,0,1498,3,"39,71","118 300,92","78,81",498,0,2979,Total fev,1501,22,499,0,0,1498,3,"39,71","118 300,92","78,81",498,0,2979,Total,7670,3882,2572,0,0,6118,1552,"7,78","838 475,97","109,32",2698,0,14984
Data,Ocup,Opção,Cheg,Oferta/Uso Interno,Deduz. Individ.,Deduz. Grupos,% Ocup.,Receita Quartos,Preço Médio,Saídas,Quartos FdS,Adul. / Cri.,fevereiro,Previsão,26-fev-2026 qui,42,0,13,0,0,42,0,"31,11","2 842,08","67,67",10,0,73,1501,22,499,0,0,1498,3,"39,71","118 300,92","78,81",498,0,2979,Total fev,1501,22,499,0,0,1498,3,"39,71","118 300,92","78,81",498,0,2979,Total,7670,3882,2572,0,0,6118,1552,"7,78","838 475,97","109,32",2698,0,14984
Data,Ocup,Opção,Cheg,Oferta/Uso Interno,Deduz. Individ.,Deduz. Grupos,% Ocup.,Receita Quartos,Preço Médio,Saídas,Quartos FdS,Adul. / Cri.,fevereiro,Previsão,27-fev-2026 sex,60,0,31,0,0,59,1,"44,44","4 323,85","72,06",13,0,112,1501,22,499,0,0,1498,3,"39,71","118 300,92","78,81",498,0,2979,Total fev,1501,22,499,0,0,1498,3,"39,71","118 300,92","78,81",498,0,2979,Total,7670,3882,2572,0,0,6118,1552,"7,78","838 475,97","109,32",2698,0,14984
Data,Ocup,Opção,Cheg,Oferta/Uso Interno,Deduz. Individ.,Deduz. Grupos,% Ocup.,Receita Quartos,Preço Médio,Saídas,Quartos FdS,Adul. / Cri.,fevereiro,Previsão,28-fev-2026 sáb,65,2,18,0,0,63,2,"48,15","4 882,44","75,11",13,0,123,1501,22,499,0,0,1498,3,"39,71","118 300,92","78,81",498,0,2979,Total fev,1501,22,499,0,0,1498,3,"39,71","118 300,92","78,81",498,0,2979,Total,7670,3882,2572,0,0,6118,1552,"7,78","838 475,97","109,32",2698,0,14984
Data,Ocup,Opção,Cheg,Oferta/Uso Interno,Deduz. Individ.,Deduz. Grupos,% Ocup.,Receita Quartos,Preço Médio,Saídas,Quartos FdS,Adul. / Cri.,março,Previsão,01-mar-2026 dom,44,13,11,0,0,44,0,"32,59","3 756,37","85,37",32,0,87,1322,106,430,0,0,1082,240,"31,59","139 597,54","105,60",464,0,2568,Total mar,1322,106,430,0,0,1082,240,"31,59","139 597,54","105,60",464,0,2568,Total,7670,3882,2572,0,0,6118,1552,"7,78","838 475,97","109,32",2698,0,14984
Data,Ocup,Opção,Cheg,Oferta/Uso Interno,Deduz. Individ.,Deduz. Grupos,% Ocup.,Receita Quartos,Preço Médio,Saídas,Quartos FdS,Adul. / Cri.,março,Previsão,02-mar-2026 seg,44,24,18,0,0,44,0,"32,59","3 812,12","86,64",18,0,89,1322,106,430,0,0,1082,240,"31,59","139 597,54","105,60",464,0,2568,Total mar,1322,106,430,0,0,1082,240,"31,59","139 597,54","105,60",464,0,2568,Total,7670,3882,2572,0,0,6118,1552,"7,78","838 475,97","109,32",2698,0,14984
Data,Ocup,Opção,Cheg,Oferta/Uso Interno,Deduz. Individ.,Deduz. Grupos,% Ocup.,Receita Quartos,Preço Médio,Saídas,Quartos FdS,Adul. / Cri.,março,Previsão,03-mar-2026 ter,41,11,8,0,0,41,0,"30,37","3 603,50","87,89",11,0,82,1322,106,430,0,0,1082,240,"31,59","139 597,54","105,60",464,0,2568,Total mar,1322,106,430,0,0,1082,240,"31,59","139 597,54","105,60",464,0,2568,Total,7670,3882,2572,0,0,6118,1552,"7,78","838 475,97","109,32",2698,0,14984
Data,Ocup,Opção,Cheg,Oferta/Uso Interno,Deduz. Individ.,Deduz. Grupos,% Ocup.,Receita Quartos,Preço Médio,Saídas,Quartos FdS,Adul. / Cri.,março,Previsão,04-mar-2026 qua,38,0,12,0,0,38,0,"28,15","3 298,05","86,79",15,0,72,1322,106,430,0,0,1082,240,"31,59","139 597,54","105,60",464,0,2568,Total mar,1322,106,430,0,0,1082,240,"31,59","139 597,54","105,60",464,0,2568,Total,7670,3882,2572,0,0,6118,1552,"7,78","838 475,97","109,32",2698,0,14984
Data,Ocup,Opção,Cheg,Oferta/Uso Interno,Deduz. Individ.,Deduz. Grupos,% Ocup.,Receita Quartos,Preço Médio,Saídas,Quartos FdS,Adul. / Cri.,março,Previsão,05-mar-2026 qui,40,0,9,0,0,40,0,"29,63","3 480,60","87,02",7,0,76,1322,106,430,0,0,1082,240,"31,59","139 597,54","105,60",464,0,2568,Total mar,1322,106,430,0,0,1082,240,"31,59","139 597,54","105,60",464,0,2568,Total,7670,3882,2572,0,0,6118,1552,"7,78","838 475,97","109,32",2698,0,14984
Data,Ocup,Opção,Cheg,Oferta/Uso Interno,Deduz. Individ.,Deduz. Grupos,% Ocup.,Receita Quartos,Preço Médio,Saídas,Quartos FdS,Adul. / Cri.,março,Previsão,06-mar-2026 sex,59,0,33,0,0,56,3,"43,70","6 055,76","102,64",14,0,107,1322,106,430,0,0,1082,240,"31,59","139 597,54","105,60",464,0,2568,Total mar,1322,106,430,0,0,1082,240,"31,59","139 597,54","105,60",464,0,2568,Total,7670,3882,2572,0,0,6118,1552,"7,78","838 475,97","109,32",2698,0,14984
Data,Ocup,Opção,Cheg,Oferta/Uso Interno,Deduz. Individ.,Deduz. Grupos,% Ocup.,Receita Quartos,Preço Médio,Saídas,Quartos FdS,Adul. / Cri.,março,Previsão,07-mar-2026 sáb,57,0,12,0,0,54,3,"42,22","5 855,77","102,73",14,0,106,1322,106,430,0,0,1082,240,"31,59","139 597,54","105,60",464,0,2568,Total mar,1322,106,430,0,0,1082,240,"31,59","139 597,54","105,60",464,0,2568,Total,7670,3882,2572,0,0,6118,1552,"7,78","838 475,97","109,32",2698,0,14984
Data,Ocup,Opção,Cheg,Oferta/Uso Interno,Deduz. Individ.,Deduz. Grupos,% Ocup.,Receita Quartos,Preço Médio,Saídas,Quartos FdS,Adul. / Cri.,março,Previsão,08-mar-2026 dom,47,0,9,0,0,47,0,"34,81","4 236,78","90,14",19,0,91,1322,106,430,0,0,1082,240,"31,59","139 597,54","105,60",464,0,2568,Total mar,1322,106,430,0,0,1082,240,"31,59","139 597,54","105,60",464,0,2568,Total,7670,3882,2572,0,0,6118,1552,"7,78","838 475,97","109,32",2698,0,14984
Data,Ocup,Opção,Cheg,Oferta/Uso Interno,Deduz. Individ.,Deduz. Grupos,% Ocup.,Receita Quartos,Preço Médio,Saídas,Quartos FdS,Adul. / Cri.,março,Previsão,09-mar-2026 seg,35,0,7,0,0,35,0,"25,93","3 176,73","90,76",19,0,69,1322,106,430,0,0,1082,240,"31,59","139 597,54","105,60",464,0,2568,Total mar,1322,106,430,0,0,1082,240,"31,59","139 597,54","105,60",464,0,2568,Total,7670,3882,2572,0,0,6118,1552,"7,78","838 475,97","109,32",2698,0,14984
Data,Ocup,Opção,Cheg,Oferta/Uso Interno,Deduz. Individ.,Deduz. Grupos,% Ocup.,Receita Quartos,Preço Médio,Saídas,Quartos FdS,Adul. / Cri.,março,Previsão,10-mar-2026 ter,25,0,8,0,0,24,1,"18,52","2 413,73","96,55",18,0,46,1322,106,430,0,0,1082,240,"31,59","139 597,54","105,60",464,0,2568,Total mar,1322,106,430,0,0,1082,240,"31,59","139 597,54","105,60",464,0,2568,Total,7670,3882,2572,0,0,6118,1552,"7,78","838 475,97","109,32",2698,0,14984
Data,Ocup,Opção,Cheg,Oferta/Uso Interno,Deduz. Individ.,Deduz. Grupos,% Ocup.,Receita Quartos,Preço Médio,Saídas,Quartos FdS,Adul. / Cri.,março,Previsão,11-mar-2026 qua,30,0,20,0,0,13,17,"22,22","3 417,57","113,92",15,0,60,1322,106,430,0,0,1082,240,"31,59","139 597,54","105,60",464,0,2568,Total mar,1322,106,430,0,0,1082,240,"31,59","139 597,54","105,60",464,0,2568,Total,7670,3882,2572,0,0,6118,1552,"7,78","838 475,97","109,32",2698,0,14984
Data,Ocup,Opção,Cheg,Oferta/Uso Interno,Deduz. Individ.,Deduz. Grupos,% Ocup.,Receita Quartos,Preço Médio,Saídas,Quartos FdS,Adul. / Cri.,março,Previsão,12-mar-2026 qui,40,0,15,0,0,23,17,"29,63","4 530,39","113,26",5,0,77,1322,106,430,0,0,1082,240,"31,59","139 597,54","105,60",464,0,2568,Total mar,1322,106,430,0,0,1082,240,"31,59","139 597,54","105,60",464,0,2568,Total,7670,3882,2572,0,0,6118,1552,"7,78","838 475,97","109,32",2698,0,14984
Data,Ocup,Opção,Cheg,Oferta/Uso Interno,Deduz. Individ.,Deduz. Grupos,% Ocup.,Receita Quartos,Preço Médio,Saídas,Quartos FdS,Adul. / Cri.,março,Previsão,13-mar-2026 sex,51,0,13,0,0,34,17,"37,78","6 012,59","117,89",2,0,98,1322,106,430,0,0,1082,240,"31,59","139 597,54","105,60",464,0,2568,Total mar,1322,106,430,0,0,1082,240,"31,59","139 597,54","105,60",464,0,2568,Total,7670,3882,2572,0,0,6118,1552,"7,78","838 475,97","109,32",2698,0,14984
Data,Ocup,Opção,Cheg,Oferta/Uso Interno,Deduz. Individ.,Deduz. Grupos,% Ocup.,Receita Quartos,Preço Médio,Saídas,Quartos FdS,Adul. / Cri.,março,Previsão,14-mar-2026 sáb,54,2,24,0,0,52,2,"40,00","5 817,32","107,73",21,0,108,1322,106,430,0,0,1082,240,"31,59","139 597,54","105,60",464,0,2568,Total mar,1322,106,430,0,0,1082,240,"31,59","139 597,54","105,60",464,0,2568,Total,7670,3882,2572,0,0,6118,1552,"7,78","838 475,97","109,32",2698,0,14984
Data,Ocup,Opção,Cheg,Oferta/Uso Interno,Deduz. Individ.,Deduz. Grupos,% Ocup.,Receita Quartos,Preço Médio,Saídas,Quartos FdS,Adul. / Cri.,março,Previsão,15-mar-2026 dom,42,13,6,0,0,42,0,"31,11","3 951,69","94,09",18,0,82,1322,106,430,0,0,1082,240,"31,59","139 597,54","105,60",464,0,2568,Total mar,1322,106,430,0,0,1082,240,"31,59","139 597,54","105,60",464,0,2568,Total,7670,3882,2572,0,0,6118,1552,"7,78","838 475,97","109,32",2698,0,14984
Data,Ocup,Opção,Cheg,Oferta/Uso Interno,Deduz. Individ.,Deduz. Grupos,% Ocup.,Receita Quartos,Preço Médio,Saídas,Quartos FdS,Adul. / Cri.,março,Previsão,16-mar-2026 seg,43,13,28,0,0,24,19,"31,85","5 752,71","133,78",27,0,80,1322,106,430,0,0,1082,240,"31,59","139 597,54","105,60",464,0,2568,Total mar,1322,106,430,0,0,1082,240,"31,59","139 597,54","105,60",464,0,2568,Total,7670,3882,2572,0,0,6118,1552,"7,78","838 475,97","109,32",2698,0,14984
Data,Ocup,Opção,Cheg,Oferta/Uso Interno,Deduz. Individ.,Deduz. Grupos,% Ocup.,Receita Quartos,Preço Médio,Saídas,Quartos FdS,Adul. / Cri.,março,Previsão,17-mar-2026 ter,48,0,9,0,0,28,20,"35,56","6 476,30","134,92",4,0,88,1322,106,430,0,0,1082,240,"31,59","139 597,54","105,60",464,0,2568,Total mar,1322,106,430,0,0,1082,240,"31,59","139 597,54","105,60",464,0,2568,Total,7670,3882,2572,0,0,6118,1552,"7,78","838 475,97","109,32",2698,0,14984
Data,Ocup,Opção,Cheg,Oferta/Uso Interno,Deduz. Individ.,Deduz. Grupos,% Ocup.,Receita Quartos,Preço Médio,Saídas,Quartos FdS,Adul. / Cri.,março,Previsão,18-mar-2026 qua,53,0,21,0,0,17,36,"39,26","7 035,69","132,75",16,0,98,1322,106,430,0,0,1082,240,"31,59","139 597,54","105,60",464,0,2568,Total mar,1322,106,430,0,0,1082,240,"31,59","139 597,54","105,60",464,0,2568,Total,7670,3882,2572,0,0,6118,1552,"7,78","838 475,97","109,32",2698,0,14984
Data,Ocup,Opção,Cheg,Oferta/Uso Interno,Deduz. Individ.,Deduz. Grupos,% Ocup.,Receita Quartos,Preço Médio,Saídas,Quartos FdS,Adul. / Cri.,março,Previsão,19-mar-2026 qui,53,0,8,0,0,17,36,"39,26","7 426,88","140,13",8,0,101,1322,106,430,0,0,1082,240,"31,59","139 597,54","105,60",464,0,2568,Total mar,1322,106,430,0,0,1082,240,"31,59","139 597,54","105,60",464,0,2568,Total,7670,3882,2572,0,0,6118,1552,"7,78","838 475,97","109,32",2698,0,14984
Data,Ocup,Opção,Cheg,Oferta/Uso Interno,Deduz. Individ.,Deduz. Grupos,% Ocup.,Receita Quartos,Preço Médio,Saídas,Quartos FdS,Adul. / Cri.,março,Previsão,20-mar-2026 sex,55,0,22,0,0,38,17,"40,74","6 783,43","123,34",20,0,114,1322,106,430,0,0,1082,240,"31,59","139 597,54","105,60",464,0,2568,Total mar,1322,106,430,0,0,1082,240,"31,59","139 597,54","105,60",464,0,2568,Total,7670,3882,2572,0,0,6118,1552,"7,78","838 475,97","109,32",2698,0,14984
Data,Ocup,Opção,Cheg,Oferta/Uso Interno,Deduz. Individ.,Deduz. Grupos,% Ocup.,Receita Quartos,Preço Médio,Saídas,Quartos FdS,Adul. / Cri.,março,Previsão,21-mar-2026 sáb,47,4,17,0,0,47,0,"34,81","4 590,46","97,67",25,0,95,1322,106,430,0,0,1082,240,"31,59","139 597,54","105,60",464,0,2568,Total mar,1322,106,430,0,0,1082,240,"31,59","139 597,54","105,60",464,0,2568,Total,7670,3882,2572,0,0,6118,1552,"7,78","838 475,97","109,32",2698,0,14984
Data,Ocup,Opção,Cheg,Oferta/Uso Interno,Deduz. Individ.,Deduz. Grupos,% Ocup.,Receita Quartos,Preço Médio,Saídas,Quartos FdS,Adul. / Cri.,março,Previsão,22-mar-2026 dom,39,13,10,0,0,39,0,"28,89","3 099,92","79,49",18,0,75,1322,106,430,0,0,1082,240,"31,59","139 597,54","105,60",464,0,2568,Total mar,1322,106,430,0,0,1082,240,"31,59","139 597,54","105,60",464,0,2568,Total,7670,3882,2572,0,0,6118,1552,"7,78","838 475,97","109,32",2698,0,14984
Data,Ocup,Opção,Cheg,Oferta/Uso Interno,Deduz. Individ.,Deduz. Grupos,% Ocup.,Receita Quartos,Preço Médio,Saídas,Quartos FdS,Adul. / Cri.,março,Previsão,23-mar-2026 seg,39,13,9,0,0,39,0,"28,89","3 150,96","80,79",9,0,75,1322,106,430,0,0,1082,240,"31,59","139 597,54","105,60",464,0,2568,Total mar,1322,106,430,0,0,1082,240,"31,59","139 597,54","105,60",464,0,2568,Total,7670,3882,2572,0,0,6118,1552,"7,78","838 475,97","109,32",2698,0,14984
Data,Ocup,Opção,Cheg,Oferta/Uso Interno,Deduz. Individ.,Deduz. Grupos,% Ocup.,Receita Quartos,Preço Médio,Saídas,Quartos FdS,Adul. / Cri.,março,Previsão,24-mar-2026 ter,43,0,19,0,0,42,1,"31,85","4 111,92","95,63",15,0,80,1322,106,430,0,0,1082,240,"31,59","139 597,54","105,60",464,0,2568,Total mar,1322,106,430,0,0,1082,240,"31,59","139 597,54","105,60",464,0,2568,Total,7670,3882,2572,0,0,6118,1552,"7,78","838 475,97","109,32",2698,0,14984
Data,Ocup,Opção,Cheg,Oferta/Uso Interno,Deduz. Individ.,Deduz. Grupos,% Ocup.,Receita Quartos,Preço Médio,Saídas,Quartos FdS,Adul. / Cri.,março,Previsão,25-mar-2026 qua,38,0,19,0,0,21,17,"28,15","4 323,29","113,77",24,0,75,1322,106,430,0,0,1082,240,"31,59","139 597,54","105,60",464,0,2568,Total mar,1322,106,430,0,0,1082,240,"31,59","139 597,54","105,60",464,0,2568,Total,7670,3882,2572,0,0,6118,1552,"7,78","838 475,97","109,32",2698,0,14984
Data,Ocup,Opção,Cheg,Oferta/Uso Interno,Deduz. Individ.,Deduz. Grupos,% Ocup.,Receita Quartos,Preço Médio,Saídas,Quartos FdS,Adul. / Cri.,março,Previsão,26-mar-2026 qui,38,0,2,0,0,21,17,"28,15","4 409,99","116,05",2,0,75,1322,106,430,0,0,1082,240,"31,59","139 597,54","105,60",464,0,2568,Total mar,1322,106,430,0,0,1082,240,"31,59","139 597,54","105,60",464,0,2568,Total,7670,3882,2572,0,0,6118,1552,"7,78","838 475,97","109,32",2698,0,14984
Data,Ocup,Opção,Cheg,Oferta/Uso Interno,Deduz. Individ.,Deduz. Grupos,% Ocup.,Receita Quartos,Preço Médio,Saídas,Quartos FdS,Adul. / Cri.,março,Previsão,27-mar-2026 sex,30,0,7,0,0,13,17,"22,22","3 767,79","125,59",15,0,59,1322,106,430,0,0,1082,240,"31,59","139 597,54","105,60",464,0,2568,Total mar,1322,106,430,0,0,1082,240,"31,59","139 597,54","105,60",464,0,2568,Total,7670,3882,2572,0,0,6118,1552,"7,78","838 475,97","109,32",2698,0,14984
Data,Ocup,Opção,Cheg,Oferta/Uso Interno,Deduz. Individ.,Deduz. Grupos,% Ocup.,Receita Quartos,Preço Médio,Saídas,Quartos FdS,Adul. / Cri.,março,Previsão,28-mar-2026 sáb,28,0,19,0,0,28,0,"20,74","3 224,46","115,16",21,0,55,1322,106,430,0,0,1082,240,"31,59","139 597,54","105,60",464,0,2568,Total mar,1322,106,430,0,0,1082,240,"31,59","139 597,54","105,60",464,0,2568,Total,7670,3882,2572,0,0,6118,1552,"7,78","838 475,97","109,32",2698,0,14984
Data,Ocup,Opção,Cheg,Oferta/Uso Interno,Deduz. Individ.,Deduz. Grupos,% Ocup.,Receita Quartos,Preço Médio,Saídas,Quartos FdS,Adul. / Cri.,março,Previsão,29-mar-2026 dom,45,0,20,0,0,45,0,"33,33","4 631,45","102,92",3,0,90,1322,106,430,0,0,1082,240,"31,59","139 597,54","105,60",464,0,2568,Total mar,1322,106,430,0,0,1082,240,"31,59","139 597,54","105,60",464,0,2568,Total,7670,3882,2572,0,0,6118,1552,"7,78","838 475,97","109,32",2698,0,14984
Data,Ocup,Opção,Cheg,Oferta/Uso Interno,Deduz. Individ.,Deduz. Grupos,% Ocup.,Receita Quartos,Preço Médio,Saídas,Quartos FdS,Adul. / Cri.,março,Previsão,30-mar-2026 seg,45,0,8,0,0,45,0,"33,33","4 360,73","96,91",8,0,93,1322,106,430,0,0,1082,240,"31,59","139 597,54","105,60",464,0,2568,Total mar,1322,106,430,0,0,1082,240,"31,59","139 597,54","105,60",464,0,2568,Total,7670,3882,2572,0,0,6118,1552,"7,78","838 475,97","109,32",2698,0,14984
Data,Ocup,Opção,Cheg,Oferta/Uso Interno,Deduz. Individ.,Deduz. Grupos,% Ocup.,Receita Quartos,Preço Médio,Saídas,Quartos FdS,Adul. / Cri.,março,Previsão,31-mar-2026 ter,31,0,7,0,0,31,0,"22,96","3 032,60","97,83",21,0,65,1322,106,430,0,0,1082,240,"31,59","139 597,54","105,60",464,0,2568,Total mar,1322,106,430,0,0,1082,240,"31,59","139 597,54","105,60",464,0,2568,Total,7670,3882,2572,0,0,6118,1552,"7,78","838 475,97","109,32",2698,0,14984
Data,Ocup,Opção,Cheg,Oferta/Uso Interno,Deduz. Individ.,Deduz. Grupos,% Ocup.,Receita Quartos,Preço Médio,Saídas,Quartos FdS,Adul. / Cri.,abril,Previsão,01-abr-2026 qua,27,0,5,0,0,27,0,"20,00","3 938,75","145,88",9,0,61,839,211,280,0,0,604,235,"20,72","120 281,44","143,36",282,0,1685,Total abr,839,211,280,0,0,604,235,"20,72","120 281,44","143,36",282,0,1685,Total,7670,3882,2572,0,0,6118,1552,"7,78","838 475,97","109,32",2698,0,14984
Data,Ocup,Opção,Cheg,Oferta/Uso Interno,Deduz. Individ.,Deduz. Grupos,% Ocup.,Receita Quartos,Preço Médio,Saídas,Quartos FdS,Adul. / Cri.,abril,Previsão,02-abr-2026 qui,19,0,4,0,0,19,0,"14,07","3 317,88","174,63",12,0,47,839,211,280,0,0,604,235,"20,72","120 281,44","143,36",282,0,1685,Total abr,839,211,280,0,0,604,235,"20,72","120 281,44","143,36",282,0,1685,Total,7670,3882,2572,0,0,6118,1552,"7,78","838 475,97","109,32",2698,0,14984
Data,Ocup,Opção,Cheg,Oferta/Uso Interno,Deduz. Individ.,Deduz. Grupos,% Ocup.,Receita Quartos,Preço Médio,Saídas,Quartos FdS,Adul. / Cri.,abril,Previsão,03-abr-2026 sex,10,0,1,0,0,10,0,"7,41","2 442,81","244,28",10,0,27,839,211,280,0,0,604,235,"20,72","120 281,44","143,36",282,0,1685,Total abr,839,211,280,0,0,604,235,"20,72","120 281,44","143,36",282,0,1685,Total,7670,3882,2572,0,0,6118,1552,"7,78","838 475,97","109,32",2698,0,14984
Data,Ocup,Opção,Cheg,Oferta/Uso Interno,Deduz. Individ.,Deduz. Grupos,% Ocup.,Receita Quartos,Preço Médio,Saídas,Quartos FdS,Adul. / Cri.,abril,Previsão,04-abr-2026 sáb,10,0,4,0,0,10,0,"7,41","2 388,70","238,87",4,0,28,839,211,280,0,0,604,235,"20,72","120 281,44","143,36",282,0,1685,Total abr,839,211,280,0,0,604,235,"20,72","120 281,44","143,36",282,0,1685,Total,7670,3882,2572,0,0,6118,1552,"7,78","838 475,97","109,32",2698,0,14984
Data,Ocup,Opção,Cheg,Oferta/Uso Interno,Deduz. Individ.,Deduz. Grupos,% Ocup.,Receita Quartos,Preço Médio,Saídas,Quartos FdS,Adul. / Cri.,abril,Previsão,05-abr-2026 dom,18,0,8,0,0,18,0,"13,33","3 172,38","176,24",0,0,44,839,211,280,0,0,604,235,"20,72","120 281,44","143,36",282,0,1685,Total abr,839,211,280,0,0,604,235,"20,72","120 281,44","143,36",282,0,1685,Total,7670,3882,2572,0,0,6118,1552,"7,78","838 475,97","109,32",2698,0,14984
Data,Ocup,Opção,Cheg,Oferta/Uso Interno,Deduz. Individ.,Deduz. Grupos,% Ocup.,Receita Quartos,Preço Médio,Saídas,Quartos FdS,Adul. / Cri.,abril,Previsão,06-abr-2026 seg,24,0,10,0,0,24,0,"17,78","3 218,96","134,12",4,0,51,839,211,280,0,0,604,235,"20,72","120 281,44","143,36",282,0,1685,Total abr,839,211,280,0,0,604,235,"20,72","120 281,44","143,36",282,0,1685,Total,7670,3882,2572,0,0,6118,1552,"7,78","838 475,97","109,32",2698,0,14984
Data,Ocup,Opção,Cheg,Oferta/Uso Interno,Deduz. Individ.,Deduz. Grupos,% Ocup.,Receita Quartos,Preço Médio,Saídas,Quartos FdS,Adul. / Cri.,abril,Previsão,07-abr-2026 ter,29,12,8,0,0,28,1,"21,48","3 916,64","135,06",3,0,61,839,211,280,0,0,604,235,"20,72","120 281,44","143,36",282,0,1685,Total abr,839,211,280,0,0,604,235,"20,72","120 281,44","143,36",282,0,1685,Total,7670,3882,2572,0,0,6118,1552,"7,78","838 475,97","109,32",2698,0,14984
Data,Ocup,Opção,Cheg,Oferta/Uso Interno,Deduz. Individ.,Deduz. Grupos,% Ocup.,Receita Quartos,Preço Médio,Saídas,Quartos FdS,Adul. / Cri.,abril,Previsão,08-abr-2026 qua,29,12,19,0,0,12,17,"21,48","4 194,20","144,63",19,0,56,839,211,280,0,0,604,235,"20,72","120 281,44","143,36",282,0,1685,Total abr,839,211,280,0,0,604,235,"20,72","120 281,44","143,36",282,0,1685,Total,7670,3882,2572,0,0,6118,1552,"7,78","838 475,97","109,32",2698,0,14984
Data,Ocup,Opção,Cheg,Oferta/Uso Interno,Deduz. Individ.,Deduz. Grupos,% Ocup.,Receita Quartos,Preço Médio,Saídas,Quartos FdS,Adul. / Cri.,abril,Previsão,09-abr-2026 qui,27,12,2,0,0,10,17,"20,00","3 772,92","139,74",4,0,51,839,211,280,0,0,604,235,"20,72","120 281,44","143,36",282,0,1685,Total abr,839,211,280,0,0,604,235,"20,72","120 281,44","143,36",282,0,1685,Total,7670,3882,2572,0,0,6118,1552,"7,78","838 475,97","109,32",2698,0,14984
Data,Ocup,Opção,Cheg,Oferta/Uso Interno,Deduz. Individ.,Deduz. Grupos,% Ocup.,Receita Quartos,Preço Médio,Saídas,Quartos FdS,Adul. / Cri.,abril,Previsão,10-abr-2026 sex,33,0,9,0,0,16,17,"24,44","5 016,59","152,02",3,0,63,839,211,280,0,0,604,235,"20,72","120 281,44","143,36",282,0,1685,Total abr,839,211,280,0,0,604,235,"20,72","120 281,44","143,36",282,0,1685,Total,7670,3882,2572,0,0,6118,1552,"7,78","838 475,97","109,32",2698,0,14984
Data,Ocup,Opção,Cheg,Oferta/Uso Interno,Deduz. Individ.,Deduz. Grupos,% Ocup.,Receita Quartos,Preço Médio,Saídas,Quartos FdS,Adul. / Cri.,abril,Previsão,11-abr-2026 sáb,32,1,20,0,0,29,3,"23,70","4 254,35","132,95",21,0,60,839,211,280,0,0,604,235,"20,72","120 281,44","143,36",282,0,1685,Total abr,839,211,280,0,0,604,235,"20,72","120 281,44","143,36",282,0,1685,Total,7670,3882,2572,0,0,6118,1552,"7,78","838 475,97","109,32",2698,0,14984
Data,Ocup,Opção,Cheg,Oferta/Uso Interno,Deduz. Individ.,Deduz. Grupos,% Ocup.,Receita Quartos,Preço Médio,Saídas,Quartos FdS,Adul. / Cri.,abril,Previsão,12-abr-2026 dom,29,13,8,0,0,29,0,"21,48","3 552,32","122,49",11,0,54,839,211,280,0,0,604,235,"20,72","120 281,44","143,36",282,0,1685,Total abr,839,211,280,0,0,604,235,"20,72","120 281,44","143,36",282,0,1685,Total,7670,3882,2572,0,0,6118,1552,"7,78","838 475,97","109,32",2698,0,14984
Data,Ocup,Opção,Cheg,Oferta/Uso Interno,Deduz. Individ.,Deduz. Grupos,% Ocup.,Receita Quartos,Preço Médio,Saídas,Quartos FdS,Adul. / Cri.,abril,Previsão,13-abr-2026 seg,27,13,2,0,0,27,0,"20,00","3 343,24","123,82",4,0,50,839,211,280,0,0,604,235,"20,72","120 281,44","143,36",282,0,1685,Total abr,839,211,280,0,0,604,235,"20,72","120 281,44","143,36",282,0,1685,Total,7670,3882,2572,0,0,6118,1552,"7,78","838 475,97","109,32",2698,0,14984
Data,Ocup,Opção,Cheg,Oferta/Uso Interno,Deduz. Individ.,Deduz. Grupos,% Ocup.,Receita Quartos,Preço Médio,Saídas,Quartos FdS,Adul. / Cri.,abril,Previsão,14-abr-2026 ter,28,22,14,0,0,27,1,"20,74","3 561,35","127,19",13,0,52,839,211,280,0,0,604,235,"20,72","120 281,44","143,36",282,0,1685,Total abr,839,211,280,0,0,604,235,"20,72","120 281,44","143,36",282,0,1685,Total,7670,3882,2572,0,0,6118,1552,"7,78","838 475,97","109,32",2698,0,14984
Data,Ocup,Opção,Cheg,Oferta/Uso Interno,Deduz. Individ.,Deduz. Grupos,% Ocup.,Receita Quartos,Preço Médio,Saídas,Quartos FdS,Adul. / Cri.,abril,Previsão,15-abr-2026 qua,32,22,21,0,0,13,19,"23,70","4 597,68","143,68",17,0,63,839,211,280,0,0,604,235,"20,72","120 281,44","143,36",282,0,1685,Total abr,839,211,280,0,0,604,235,"20,72","120 281,44","143,36",282,0,1685,Total,7670,3882,2572,0,0,6118,1552,"7,78","838 475,97","109,32",2698,0,14984
Data,Ocup,Opção,Cheg,Oferta/Uso Interno,Deduz. Individ.,Deduz. Grupos,% Ocup.,Receita Quartos,Preço Médio,Saídas,Quartos FdS,Adul. / Cri.,abril,Previsão,16-abr-2026 qui,37,23,8,0,0,17,20,"27,41","5 195,68","140,42",3,0,72,839,211,280,0,0,604,235,"20,72","120 281,44","143,36",282,0,1685,Total abr,839,211,280,0,0,604,235,"20,72","120 281,44","143,36",282,0,1685,Total,7670,3882,2572,0,0,6118,1552,"7,78","838 475,97","109,32",2698,0,14984
Data,Ocup,Opção,Cheg,Oferta/Uso Interno,Deduz. Individ.,Deduz. Grupos,% Ocup.,Receita Quartos,Preço Médio,Saídas,Quartos FdS,Adul. / Cri.,abril,Previsão,17-abr-2026 sex,35,13,6,0,0,18,17,"25,93","4 865,55","139,02",8,0,69,839,211,280,0,0,604,235,"20,72","120 281,44","143,36",282,0,1685,Total abr,839,211,280,0,0,604,235,"20,72","120 281,44","143,36",282,0,1685,Total,7670,3882,2572,0,0,6118,1552,"7,78","838 475,97","109,32",2698,0,14984
Data,Ocup,Opção,Cheg,Oferta/Uso Interno,Deduz. Individ.,Deduz. Grupos,% Ocup.,Receita Quartos,Preço Médio,Saídas,Quartos FdS,Adul. / Cri.,abril,Previsão,18-abr-2026 sáb,29,13,12,0,0,29,0,"21,48","3 220,52","111,05",18,0,58,839,211,280,0,0,604,235,"20,72","120 281,44","143,36",282,0,1685,Total abr,839,211,280,0,0,604,235,"20,72","120 281,44","143,36",282,0,1685,Total,7670,3882,2572,0,0,6118,1552,"7,78","838 475,97","109,32",2698,0,14984
Data,Ocup,Opção,Cheg,Oferta/Uso Interno,Deduz. Individ.,Deduz. Grupos,% Ocup.,Receita Quartos,Preço Médio,Saídas,Quartos FdS,Adul. / Cri.,abril,Previsão,19-abr-2026 dom,24,0,7,0,0,24,0,"17,78","2 604,66","108,53",12,0,47,839,211,280,0,0,604,235,"20,72","120 281,44","143,36",282,0,1685,Total abr,839,211,280,0,0,604,235,"20,72","120 281,44","143,36",282,0,1685,Total,7670,3882,2572,0,0,6118,1552,"7,78","838 475,97","109,32",2698,0,14984
Data,Ocup,Opção,Cheg,Oferta/Uso Interno,Deduz. Individ.,Deduz. Grupos,% Ocup.,Receita Quartos,Preço Médio,Saídas,Quartos FdS,Adul. / Cri.,abril,Previsão,20-abr-2026 seg,25,0,5,0,0,25,0,"18,52","2 870,19","114,81",4,0,51,839,211,280,0,0,604,235,"20,72","120 281,44","143,36",282,0,1685,Total abr,839,211,280,0,0,604,235,"20,72","120 281,44","143,36",282,0,1685,Total,7670,3882,2572,0,0,6118,1552,"7,78","838 475,97","109,32",2698,0,14984
Data,Ocup,Opção,Cheg,Oferta/Uso Interno,Deduz. Individ.,Deduz. Grupos,% Ocup.,Receita Quartos,Preço Médio,Saídas,Quartos FdS,Adul. / Cri.,abril,Previsão,21-abr-2026 ter,23,0,7,0,0,22,1,"17,04","2 957,75","128,60",9,0,46,839,211,280,0,0,604,235,"20,72","120 281,44","143,36",282,0,1685,Total abr,839,211,280,0,0,604,235,"20,72","120 281,44","143,36",282,0,1685,Total,7670,3882,2572,0,0,6118,1552,"7,78","838 475,97","109,32",2698,0,14984
Data,Ocup,Opção,Cheg,Oferta/Uso Interno,Deduz. Individ.,Deduz. Grupos,% Ocup.,Receita Quartos,Preço Médio,Saídas,Quartos FdS,Adul. / Cri.,abril,Previsão,22-abr-2026 qua,43,0,33,0,0,14,29,"31,85","7 415,67","172,46",13,0,84,839,211,280,0,0,604,235,"20,72","120 281,44","143,36",282,0,1685,Total abr,839,211,280,0,0,604,235,"20,72","120 281,44","143,36",282,0,1685,Total,7670,3882,2572,0,0,6118,1552,"7,78","838 475,97","109,32",2698,0,14984
Data,Ocup,Opção,Cheg,Oferta/Uso Interno,Deduz. Individ.,Deduz. Grupos,% Ocup.,Receita Quartos,Preço Médio,Saídas,Quartos FdS,Adul. / Cri.,abril,Previsão,23-abr-2026 qui,44,17,7,0,0,15,29,"32,59","7 579,97","172,27",6,0,86,839,211,280,0,0,604,235,"20,72","120 281,44","143,36",282,0,1685,Total abr,839,211,280,0,0,604,235,"20,72","120 281,44","143,36",282,0,1685,Total,7670,3882,2572,0,0,6118,1552,"7,78","838 475,97","109,32",2698,0,14984
Data,Ocup,Opção,Cheg,Oferta/Uso Interno,Deduz. Individ.,Deduz. Grupos,% Ocup.,Receita Quartos,Preço Médio,Saídas,Quartos FdS,Adul. / Cri.,abril,Previsão,24-abr-2026 sex,45,17,5,0,0,16,29,"33,33","7 823,60","173,86",4,0,87,839,211,280,0,0,604,235,"20,72","120 281,44","143,36",282,0,1685,Total abr,839,211,280,0,0,604,235,"20,72","120 281,44","143,36",282,0,1685,Total,7670,3882,2572,0,0,6118,1552,"7,78","838 475,97","109,32",2698,0,14984
Data,Ocup,Opção,Cheg,Oferta/Uso Interno,Deduz. Individ.,Deduz. Grupos,% Ocup.,Receita Quartos,Preço Médio,Saídas,Quartos FdS,Adul. / Cri.,abril,Previsão,25-abr-2026 sáb,21,17,8,0,0,21,0,"15,56","2 521,61","120,08",32,0,41,839,211,280,0,0,604,235,"20,72","120 281,44","143,36",282,0,1685,Total abr,839,211,280,0,0,604,235,"20,72","120 281,44","143,36",282,0,1685,Total,7670,3882,2572,0,0,6118,1552,"7,78","838 475,97","109,32",2698,0,14984
Data,Ocup,Opção,Cheg,Oferta/Uso Interno,Deduz. Individ.,Deduz. Grupos,% Ocup.,Receita Quartos,Preço Médio,Saídas,Quartos FdS,Adul. / Cri.,abril,Previsão,26-abr-2026 dom,22,0,9,0,0,22,0,"16,30","2 522,96","114,68",8,0,44,839,211,280,0,0,604,235,"20,72","120 281,44","143,36",282,0,1685,Total abr,839,211,280,0,0,604,235,"20,72","120 281,44","143,36",282,0,1685,Total,7670,3882,2572,0,0,6118,1552,"7,78","838 475,97","109,32",2698,0,14984
Data,Ocup,Opção,Cheg,Oferta/Uso Interno,Deduz. Individ.,Deduz. Grupos,% Ocup.,Receita Quartos,Preço Médio,Saídas,Quartos FdS,Adul. / Cri.,abril,Previsão,27-abr-2026 seg,26,0,8,0,0,26,0,"19,26","3 087,44","118,75",4,0,51,839,211,280,0,0,604,235,"20,72","120 281,44","143,36",282,0,1685,Total abr,839,211,280,0,0,604,235,"20,72","120 281,44","143,36",282,0,1685,Total,7670,3882,2572,0,0,6118,1552,"7,78","838 475,97","109,32",2698,0,14984
Data,Ocup,Opção,Cheg,Oferta/Uso Interno,Deduz. Individ.,Deduz. Grupos,% Ocup.,Receita Quartos,Preço Médio,Saídas,Quartos FdS,Adul. / Cri.,abril,Previsão,28-abr-2026 ter,27,0,9,0,0,26,1,"20,00","3 442,45","127,50",8,0,54,839,211,280,0,0,604,235,"20,72","120 281,44","143,36",282,0,1685,Total abr,839,211,280,0,0,604,235,"20,72","120 281,44","143,36",282,0,1685,Total,7670,3882,2572,0,0,6118,1552,"7,78","838 475,97","109,32",2698,0,14984
Data,Ocup,Opção,Cheg,Oferta/Uso Interno,Deduz. Individ.,Deduz. Grupos,% Ocup.,Receita Quartos,Preço Médio,Saídas,Quartos FdS,Adul. / Cri.,abril,Previsão,29-abr-2026 qua,35,0,19,0,0,18,17,"25,93","5 199,05","148,54",11,0,70,839,211,280,0,0,604,235,"20,72","120 281,44","143,36",282,0,1685,Total abr,839,211,280,0,0,604,235,"20,72","120 281,44","143,36",282,0,1685,Total,7670,3882,2572,0,0,6118,1552,"7,78","838 475,97","109,32",2698,0,14984
Data,Ocup,Opção,Cheg,Oferta/Uso Interno,Deduz. Individ.,Deduz. Grupos,% Ocup.,Receita Quartos,Preço Médio,Saídas,Quartos FdS,Adul. / Cri.,abril,Previsão,30-abr-2026 qui,29,4,2,0,0,12,17,"21,48","4 285,57","147,78",8,0,57,839,211,280,0,0,604,235,"20,72","120 281,44","143,36",282,0,1685,Total abr,839,211,280,0,0,604,235,"20,72","120 281,44","143,36",282,0,1685,Total,7670,3882,2572,0,0,6118,1552,"7,78","838 475,97","109,32",2698,0,14984
Data,Ocup,Opção,Cheg,Oferta/Uso Interno,Deduz. Individ.,Deduz. Grupos,% Ocup.,Receita Quartos,Preço Médio,Saídas,Quartos FdS,Adul. / Cri.,maio,Previsão,01-mai-2026 sex,25,13,4,0,0,8,17,"18,52","3 895,00","155,80",8,0,48,572,649,202,0,0,337,235,"13,67","90 342,48","157,94",224,0,1074,Total mai,572,649,202,0,0,337,235,"13,67","90 342,48","157,94",224,0,1074,Total,7670,3882,2572,0,0,6118,1552,"7,78","838 475,97","109,32",2698,0,14984
Data,Ocup,Opção,Cheg,Oferta/Uso Interno,Deduz. Individ.,Deduz. Grupos,% Ocup.,Receita Quartos,Preço Médio,Saídas,Quartos FdS,Adul. / Cri.,maio,Previsão,02-mai-2026 sáb,11,13,5,0,0,11,0,"8,15","1 944,63","176,78",19,0,19,572,649,202,0,0,337,235,"13,67","90 342,48","157,94",224,0,1074,Total mai,572,649,202,0,0,337,235,"13,67","90 342,48","157,94",224,0,1074,Total,7670,3882,2572,0,0,6118,1552,"7,78","838 475,97","109,32",2698,0,14984
Data,Ocup,Opção,Cheg,Oferta/Uso Interno,Deduz. Individ.,Deduz. Grupos,% Ocup.,Receita Quartos,Preço Médio,Saídas,Quartos FdS,Adul. / Cri.,maio,Previsão,03-mai-2026 dom,9,47,3,0,0,9,0,"6,67","1 272,57","141,40",5,0,17,572,649,202,0,0,337,235,"13,67","90 342,48","157,94",224,0,1074,Total mai,572,649,202,0,0,337,235,"13,67","90 342,48","157,94",224,0,1074,Total,7670,3882,2572,0,0,6118,1552,"7,78","838 475,97","109,32",2698,0,14984
Data,Ocup,Opção,Cheg,Oferta/Uso Interno,Deduz. Individ.,Deduz. Grupos,% Ocup.,Receita Quartos,Preço Médio,Saídas,Quartos FdS,Adul. / Cri.,maio,Previsão,04-mai-2026 seg,11,47,5,0,0,11,0,"8,15","1 604,72","145,88",3,0,21,572,649,202,0,0,337,235,"13,67","90 342,48","157,94",224,0,1074,Total mai,572,649,202,0,0,337,235,"13,67","90 342,48","157,94",224,0,1074,Total,7670,3882,2572,0,0,6118,1552,"7,78","838 475,97","109,32",2698,0,14984
Data,Ocup,Opção,Cheg,Oferta/Uso Interno,Deduz. Individ.,Deduz. Grupos,% Ocup.,Receita Quartos,Preço Médio,Saídas,Quartos FdS,Adul. / Cri.,maio,Previsão,05-mai-2026 ter,14,47,6,0,0,12,2,"10,37","2 053,04","146,65",3,0,27,572,649,202,0,0,337,235,"13,67","90 342,48","157,94",224,0,1074,Total mai,572,649,202,0,0,337,235,"13,67","90 342,48","157,94",224,0,1074,Total,7670,3882,2572,0,0,6118,1552,"7,78","838 475,97","109,32",2698,0,14984
Data,Ocup,Opção,Cheg,Oferta/Uso Interno,Deduz. Individ.,Deduz. Grupos,% Ocup.,Receita Quartos,Preço Médio,Saídas,Quartos FdS,Adul. / Cri.,maio,Previsão,06-mai-2026 qua,28,0,20,0,0,9,19,"20,74","3 975,53","141,98",6,0,55,572,649,202,0,0,337,235,"13,67","90 342,48","157,94",224,0,1074,Total mai,572,649,202,0,0,337,235,"13,67","90 342,48","157,94",224,0,1074,Total,7670,3882,2572,0,0,6118,1552,"7,78","838 475,97","109,32",2698,0,14984
Data,Ocup,Opção,Cheg,Oferta/Uso Interno,Deduz. Individ.,Deduz. Grupos,% Ocup.,Receita Quartos,Preço Médio,Saídas,Quartos FdS,Adul. / Cri.,maio,Previsão,07-mai-2026 qui,26,1,3,0,0,6,20,"19,26","3 703,07","142,43",5,0,50,572,649,202,0,0,337,235,"13,67","90 342,48","157,94",224,0,1074,Total mai,572,649,202,0,0,337,235,"13,67","90 342,48","157,94",224,0,1074,Total,7670,3882,2572,0,0,6118,1552,"7,78","838 475,97","109,32",2698,0,14984
Data,Ocup,Opção,Cheg,Oferta/Uso Interno,Deduz. Individ.,Deduz. Grupos,% Ocup.,Receita Quartos,Preço Médio,Saídas,Quartos FdS,Adul. / Cri.,maio,Previsão,08-mai-2026 sex,24,13,3,0,0,7,17,"17,78","3 710,49","154,60",5,0,47,572,649,202,0,0,337,235,"13,67","90 342,48","157,94",224,0,1074,Total mai,572,649,202,0,0,337,235,"13,67","90 342,48","157,94",224,0,1074,Total,7670,3882,2572,0,0,6118,1552,"7,78","838 475,97","109,32",2698,0,14984
Data,Ocup,Opção,Cheg,Oferta/Uso Interno,Deduz. Individ.,Deduz. Grupos,% Ocup.,Receita Quartos,Preço Médio,Saídas,Quartos FdS,Adul. / Cri.,maio,Previsão,09-mai-2026 sáb,9,35,4,0,0,9,0,"6,67","1 605,06","178,34",19,0,17,572,649,202,0,0,337,235,"13,67","90 342,48","157,94",224,0,1074,Total mai,572,649,202,0,0,337,235,"13,67","90 342,48","157,94",224,0,1074,Total,7670,3882,2572,0,0,6118,1552,"7,78","838 475,97","109,32",2698,0,14984
Data,Ocup,Opção,Cheg,Oferta/Uso Interno,Deduz. Individ.,Deduz. Grupos,% Ocup.,Receita Quartos,Preço Médio,Saídas,Quartos FdS,Adul. / Cri.,maio,Previsão,10-mai-2026 dom,7,22,1,0,0,7,0,"5,19","1 130,40","161,49",3,0,14,572,649,202,0,0,337,235,"13,67","90 342,48","157,94",224,0,1074,Total mai,572,649,202,0,0,337,235,"13,67","90 342,48","157,94",224,0,1074,Total,7670,3882,2572,0,0,6118,1552,"7,78","838 475,97","109,32",2698,0,14984
Data,Ocup,Opção,Cheg,Oferta/Uso Interno,Deduz. Individ.,Deduz. Grupos,% Ocup.,Receita Quartos,Preço Médio,Saídas,Quartos FdS,Adul. / Cri.,maio,Previsão,11-mai-2026 seg,9,22,5,0,0,9,0,"6,67","1 373,50","152,61",3,0,16,572,649,202,0,0,337,235,"13,67","90 342,48","157,94",224,0,1074,Total mai,572,649,202,0,0,337,235,"13,67","90 342,48","157,94",224,0,1074,Total,7670,3882,2572,0,0,6118,1552,"7,78","838 475,97","109,32",2698,0,14984
Data,Ocup,Opção,Cheg,Oferta/Uso Interno,Deduz. Individ.,Deduz. Grupos,% Ocup.,Receita Quartos,Preço Médio,Saídas,Quartos FdS,Adul. / Cri.,maio,Previsão,12-mai-2026 ter,17,22,10,0,0,16,1,"12,59","2 637,51","155,15",2,0,31,572,649,202,0,0,337,235,"13,67","90 342,48","157,94",224,0,1074,Total mai,572,649,202,0,0,337,235,"13,67","90 342,48","157,94",224,0,1074,Total,7670,3882,2572,0,0,6118,1552,"7,78","838 475,97","109,32",2698,0,14984
Data,Ocup,Opção,Cheg,Oferta/Uso Interno,Deduz. Individ.,Deduz. Grupos,% Ocup.,Receita Quartos,Preço Médio,Saídas,Quartos FdS,Adul. / Cri.,maio,Previsão,13-mai-2026 qua,28,22,19,0,0,11,17,"20,74","4 162,79","148,67",8,0,52,572,649,202,0,0,337,235,"13,67","90 342,48","157,94",224,0,1074,Total mai,572,649,202,0,0,337,235,"13,67","90 342,48","157,94",224,0,1074,Total,7670,3882,2572,0,0,6118,1552,"7,78","838 475,97","109,32",2698,0,14984
Data,Ocup,Opção,Cheg,Oferta/Uso Interno,Deduz. Individ.,Deduz. Grupos,% Ocup.,Receita Quartos,Preço Médio,Saídas,Quartos FdS,Adul. / Cri.,maio,Previsão,14-mai-2026 qui,32,48,6,0,0,15,17,"23,70","4 850,62","151,58",2,0,62,572,649,202,0,0,337,235,"13,67","90 342,48","157,94",224,0,1074,Total mai,572,649,202,0,0,337,235,"13,67","90 342,48","157,94",224,0,1074,Total,7670,3882,2572,0,0,6118,1552,"7,78","838 475,97","109,32",2698,0,14984
Data,Ocup,Opção,Cheg,Oferta/Uso Interno,Deduz. Individ.,Deduz. Grupos,% Ocup.,Receita Quartos,Preço Médio,Saídas,Quartos FdS,Adul. / Cri.,maio,Previsão,15-mai-2026 sex,31,35,2,0,0,14,17,"22,96","4 926,43","158,92",3,0,61,572,649,202,0,0,337,235,"13,67","90 342,48","157,94",224,0,1074,Total mai,572,649,202,0,0,337,235,"13,67","90 342,48","157,94",224,0,1074,Total,7670,3882,2572,0,0,6118,1552,"7,78","838 475,97","109,32",2698,0,14984
Data,Ocup,Opção,Cheg,Oferta/Uso Interno,Deduz. Individ.,Deduz. Grupos,% Ocup.,Receita Quartos,Preço Médio,Saídas,Quartos FdS,Adul. / Cri.,maio,Previsão,16-mai-2026 sáb,13,38,2,0,0,12,1,"9,63","2 180,65","167,74",20,0,26,572,649,202,0,0,337,235,"13,67","90 342,48","157,94",224,0,1074,Total mai,572,649,202,0,0,337,235,"13,67","90 342,48","157,94",224,0,1074,Total,7670,3882,2572,0,0,6118,1552,"7,78","838 475,97","109,32",2698,0,14984
Data,Ocup,Opção,Cheg,Oferta/Uso Interno,Deduz. Individ.,Deduz. Grupos,% Ocup.,Receita Quartos,Preço Médio,Saídas,Quartos FdS,Adul. / Cri.,maio,Previsão,17-mai-2026 dom,8,13,6,0,0,8,0,"5,93","1 044,65","130,58",11,0,15,572,649,202,0,0,337,235,"13,67","90 342,48","157,94",224,0,1074,Total mai,572,649,202,0,0,337,235,"13,67","90 342,48","157,94",224,0,1074,Total,7670,3882,2572,0,0,6118,1552,"7,78","838 475,97","109,32",2698,0,14984
Data,Ocup,Opção,Cheg,Oferta/Uso Interno,Deduz. Individ.,Deduz. Grupos,% Ocup.,Receita Quartos,Preço Médio,Saídas,Quartos FdS,Adul. / Cri.,maio,Previsão,18-mai-2026 seg,13,13,6,0,0,13,0,"9,63","1 956,39","150,49",1,0,24,572,649,202,0,0,337,235,"13,67","90 342,48","157,94",224,0,1074,Total mai,572,649,202,0,0,337,235,"13,67","90 342,48","157,94",224,0,1074,Total,7670,3882,2572,0,0,6118,1552,"7,78","838 475,97","109,32",2698,0,14984
Data,Ocup,Opção,Cheg,Oferta/Uso Interno,Deduz. Individ.,Deduz. Grupos,% Ocup.,Receita Quartos,Preço Médio,Saídas,Quartos FdS,Adul. / Cri.,maio,Previsão,19-mai-2026 ter,16,0,6,0,0,15,1,"11,85","2 581,46","161,34",3,0,29,572,649,202,0,0,337,235,"13,67","90 342,48","157,94",224,0,1074,Total mai,572,649,202,0,0,337,235,"13,67","90 342,48","157,94",224,0,1074,Total,7670,3882,2572,0,0,6118,1552,"7,78","838 475,97","109,32",2698,0,14984
Data,Ocup,Opção,Cheg,Oferta/Uso Interno,Deduz. Individ.,Deduz. Grupos,% Ocup.,Receita Quartos,Preço Médio,Saídas,Quartos FdS,Adul. / Cri.,maio,Previsão,20-mai-2026 qua,27,0,21,0,0,10,17,"20,00","4 140,65","153,36",10,0,51,572,649,202,0,0,337,235,"13,67","90 342,48","157,94",224,0,1074,Total mai,572,649,202,0,0,337,235,"13,67","90 342,48","157,94",224,0,1074,Total,7670,3882,2572,0,0,6118,1552,"7,78","838 475,97","109,32",2698,0,14984
Data,Ocup,Opção,Cheg,Oferta/Uso Interno,Deduz. Individ.,Deduz. Grupos,% Ocup.,Receita Quartos,Preço Médio,Saídas,Quartos FdS,Adul. / Cri.,maio,Previsão,21-mai-2026 qui,32,4,6,0,0,15,17,"23,70","4 918,02","153,69",1,0,56,572,649,202,0,0,337,235,"13,67","90 342,48","157,94",224,0,1074,Total mai,572,649,202,0,0,337,235,"13,67","90 342,48","157,94",224,0,1074,Total,7670,3882,2572,0,0,6118,1552,"7,78","838 475,97","109,32",2698,0,14984
Data,Ocup,Opção,Cheg,Oferta/Uso Interno,Deduz. Individ.,Deduz. Grupos,% Ocup.,Receita Quartos,Preço Médio,Saídas,Quartos FdS,Adul. / Cri.,maio,Previsão,22-mai-2026 sex,30,13,4,0,0,12,18,"22,22","4 820,50","160,68",6,0,55,572,649,202,0,0,337,235,"13,67","90 342,48","157,94",224,0,1074,Total mai,572,649,202,0,0,337,235,"13,67","90 342,48","157,94",224,0,1074,Total,7670,3882,2572,0,0,6118,1552,"7,78","838 475,97","109,32",2698,0,14984
Data,Ocup,Opção,Cheg,Oferta/Uso Interno,Deduz. Individ.,Deduz. Grupos,% Ocup.,Receita Quartos,Preço Médio,Saídas,Quartos FdS,Adul. / Cri.,maio,Previsão,23-mai-2026 sáb,14,15,3,0,0,12,2,"10,37","2 540,38","181,46",19,0,25,572,649,202,0,0,337,235,"13,67","90 342,48","157,94",224,0,1074,Total mai,572,649,202,0,0,337,235,"13,67","90 342,48","157,94",224,0,1074,Total,7670,3882,2572,0,0,6118,1552,"7,78","838 475,97","109,32",2698,0,14984
Data,Ocup,Opção,Cheg,Oferta/Uso Interno,Deduz. Individ.,Deduz. Grupos,% Ocup.,Receita Quartos,Preço Médio,Saídas,Quartos FdS,Adul. / Cri.,maio,Previsão,24-mai-2026 dom,11,13,7,0,0,11,0,"8,15","1 865,18","169,56",10,0,20,572,649,202,0,0,337,235,"13,67","90 342,48","157,94",224,0,1074,Total mai,572,649,202,0,0,337,235,"13,67","90 342,48","157,94",224,0,1074,Total,7670,3882,2572,0,0,6118,1552,"7,78","838 475,97","109,32",2698,0,14984
Data,Ocup,Opção,Cheg,Oferta/Uso Interno,Deduz. Individ.,Deduz. Grupos,% Ocup.,Receita Quartos,Preço Médio,Saídas,Quartos FdS,Adul. / Cri.,maio,Previsão,25-mai-2026 seg,13,13,4,0,0,13,0,"9,63","2 397,27","184,41",2,0,23,572,649,202,0,0,337,235,"13,67","90 342,48","157,94",224,0,1074,Total mai,572,649,202,0,0,337,235,"13,67","90 342,48","157,94",224,0,1074,Total,7670,3882,2572,0,0,6118,1552,"7,78","838 475,97","109,32",2698,0,14984
Data,Ocup,Opção,Cheg,Oferta/Uso Interno,Deduz. Individ.,Deduz. Grupos,% Ocup.,Receita Quartos,Preço Médio,Saídas,Quartos FdS,Adul. / Cri.,maio,Previsão,26-mai-2026 ter,19,22,10,0,0,18,1,"14,07","3 498,16","184,11",4,0,33,572,649,202,0,0,337,235,"13,67","90 342,48","157,94",224,0,1074,Total mai,572,649,202,0,0,337,235,"13,67","90 342,48","157,94",224,0,1074,Total,7670,3882,2572,0,0,6118,1552,"7,78","838 475,97","109,32",2698,0,14984
Data,Ocup,Opção,Cheg,Oferta/Uso Interno,Deduz. Individ.,Deduz. Grupos,% Ocup.,Receita Quartos,Preço Médio,Saídas,Quartos FdS,Adul. / Cri.,maio,Previsão,27-mai-2026 qua,26,22,18,0,0,9,17,"19,26","4 118,97","158,42",11,0,50,572,649,202,0,0,337,235,"13,67","90 342,48","157,94",224,0,1074,Total mai,572,649,202,0,0,337,235,"13,67","90 342,48","157,94",224,0,1074,Total,7670,3882,2572,0,0,6118,1552,"7,78","838 475,97","109,32",2698,0,14984
Data,Ocup,Opção,Cheg,Oferta/Uso Interno,Deduz. Individ.,Deduz. Grupos,% Ocup.,Receita Quartos,Preço Médio,Saídas,Quartos FdS,Adul. / Cri.,maio,Previsão,28-mai-2026 qui,24,26,3,0,0,7,17,"17,78","3 745,59","156,07",5,0,46,572,649,202,0,0,337,235,"13,67","90 342,48","157,94",224,0,1074,Total mai,572,649,202,0,0,337,235,"13,67","90 342,48","157,94",224,0,1074,Total,7670,3882,2572,0,0,6118,1552,"7,78","838 475,97","109,32",2698,0,14984
Data,Ocup,Opção,Cheg,Oferta/Uso Interno,Deduz. Individ.,Deduz. Grupos,% Ocup.,Receita Quartos,Preço Médio,Saídas,Quartos FdS,Adul. / Cri.,maio,Previsão,29-mai-2026 sex,29,13,5,0,0,12,17,"21,48","4 786,85","165,06",0,0,54,572,649,202,0,0,337,235,"13,67","90 342,48","157,94",224,0,1074,Total mai,572,649,202,0,0,337,235,"13,67","90 342,48","157,94",224,0,1074,Total,7670,3882,2572,0,0,6118,1552,"7,78","838 475,97","109,32",2698,0,14984
Data,Ocup,Opção,Cheg,Oferta/Uso Interno,Deduz. Individ.,Deduz. Grupos,% Ocup.,Receita Quartos,Preço Médio,Saídas,Quartos FdS,Adul. / Cri.,maio,Previsão,30-mai-2026 sáb,9,35,1,0,0,9,0,"6,67","1 716,63","190,74",21,0,16,572,649,202,0,0,337,235,"13,67","90 342,48","157,94",224,0,1074,Total mai,572,649,202,0,0,337,235,"13,67","90 342,48","157,94",224,0,1074,Total,7670,3882,2572,0,0,6118,1552,"7,78","838 475,97","109,32",2698,0,14984
Data,Ocup,Opção,Cheg,Oferta/Uso Interno,Deduz. Individ.,Deduz. Grupos,% Ocup.,Receita Quartos,Preço Médio,Saídas,Quartos FdS,Adul. / Cri.,maio,Previsão,31-mai-2026 dom,7,22,4,0,0,7,0,"5,19","1 185,79","169,40",6,0,14,572,649,202,0,0,337,235,"13,67","90 342,48","157,94",224,0,1074,Total mai,572,649,202,0,0,337,235,"13,67","90 342,48","157,94",224,0,1074,Total,7670,3882,2572,0,0,6118,1552,"7,78","838 475,97","109,32",2698,0,14984
Data,Ocup,Opção,Cheg,Oferta/Uso Interno,Deduz. Individ.,Deduz. Grupos,% Ocup.,Receita Quartos,Preço Médio,Saídas,Quartos FdS,Adul. / Cri.,junho,Previsão,01-jun-2026 seg,10,22,4,0,0,10,0,"7,41","1 630,31","163,03",1,0,20,402,725,146,0,0,154,248,"9,93","61 741,45","153,59",149,0,770,Total jun,402,725,146,0,0,154,248,"9,93","61 741,45","153,59",149,0,770,Total,7670,3882,2572,0,0,6118,1552,"7,78","838 475,97","109,32",2698,0,14984
Data,Ocup,Opção,Cheg,Oferta/Uso Interno,Deduz. Individ.,Deduz. Grupos,% Ocup.,Receita Quartos,Preço Médio,Saídas,Quartos FdS,Adul. / Cri.,junho,Previsão,02-jun-2026 ter,15,0,6,0,0,14,1,"11,11","2 141,14","142,74",1,0,29,402,725,146,0,0,154,248,"9,93","61 741,45","153,59",149,0,770,Total jun,402,725,146,0,0,154,248,"9,93","61 741,45","153,59",149,0,770,Total,7670,3882,2572,0,0,6118,1552,"7,78","838 475,97","109,32",2698,0,14984
Data,Ocup,Opção,Cheg,Oferta/Uso Interno,Deduz. Individ.,Deduz. Grupos,% Ocup.,Receita Quartos,Preço Médio,Saídas,Quartos FdS,Adul. / Cri.,junho,Previsão,03-jun-2026 qua,31,0,24,0,0,12,19,"22,96","4 513,40","145,59",8,0,60,402,725,146,0,0,154,248,"9,93","61 741,45","153,59",149,0,770,Total jun,402,725,146,0,0,154,248,"9,93","61 741,45","153,59",149,0,770,Total,7670,3882,2572,0,0,6118,1552,"7,78","838 475,97","109,32",2698,0,14984
Data,Ocup,Opção,Cheg,Oferta/Uso Interno,Deduz. Individ.,Deduz. Grupos,% Ocup.,Receita Quartos,Preço Médio,Saídas,Quartos FdS,Adul. / Cri.,junho,Previsão,04-jun-2026 qui,27,24,1,0,0,8,19,"20,00","3 937,99","145,85",5,0,52,402,725,146,0,0,154,248,"9,93","61 741,45","153,59",149,0,770,Total jun,402,725,146,0,0,154,248,"9,93","61 741,45","153,59",149,0,770,Total,7670,3882,2572,0,0,6118,1552,"7,78","838 475,97","109,32",2698,0,14984
Data,Ocup,Opção,Cheg,Oferta/Uso Interno,Deduz. Individ.,Deduz. Grupos,% Ocup.,Receita Quartos,Preço Médio,Saídas,Quartos FdS,Adul. / Cri.,junho,Previsão,05-jun-2026 sex,26,35,2,0,0,9,17,"19,26","3 927,50","151,06",3,0,50,402,725,146,0,0,154,248,"9,93","61 741,45","153,59",149,0,770,Total jun,402,725,146,0,0,154,248,"9,93","61 741,45","153,59",149,0,770,Total,7670,3882,2572,0,0,6118,1552,"7,78","838 475,97","109,32",2698,0,14984
Data,Ocup,Opção,Cheg,Oferta/Uso Interno,Deduz. Individ.,Deduz. Grupos,% Ocup.,Receita Quartos,Preço Médio,Saídas,Quartos FdS,Adul. / Cri.,junho,Previsão,06-jun-2026 sáb,25,48,20,0,0,8,17,"18,52","4 988,84","199,55",21,0,46,402,725,146,0,0,154,248,"9,93","61 741,45","153,59",149,0,770,Total jun,402,725,146,0,0,154,248,"9,93","61 741,45","153,59",149,0,770,Total,7670,3882,2572,0,0,6118,1552,"7,78","838 475,97","109,32",2698,0,14984
Data,Ocup,Opção,Cheg,Oferta/Uso Interno,Deduz. Individ.,Deduz. Grupos,% Ocup.,Receita Quartos,Preço Médio,Saídas,Quartos FdS,Adul. / Cri.,junho,Previsão,07-jun-2026 dom,29,13,5,0,0,12,17,"21,48","5 732,54","197,67",1,0,56,402,725,146,0,0,154,248,"9,93","61 741,45","153,59",149,0,770,Total jun,402,725,146,0,0,154,248,"9,93","61 741,45","153,59",149,0,770,Total,7670,3882,2572,0,0,6118,1552,"7,78","838 475,97","109,32",2698,0,14984
Data,Ocup,Opção,Cheg,Oferta/Uso Interno,Deduz. Individ.,Deduz. Grupos,% Ocup.,Receita Quartos,Preço Médio,Saídas,Quartos FdS,Adul. / Cri.,junho,Previsão,08-jun-2026 seg,13,15,5,0,0,13,0,"9,63","1 919,92","147,69",21,0,26,402,725,146,0,0,154,248,"9,93","61 741,45","153,59",149,0,770,Total jun,402,725,146,0,0,154,248,"9,93","61 741,45","153,59",149,0,770,Total,7670,3882,2572,0,0,6118,1552,"7,78","838 475,97","109,32",2698,0,14984
Data,Ocup,Opção,Cheg,Oferta/Uso Interno,Deduz. Individ.,Deduz. Grupos,% Ocup.,Receita Quartos,Preço Médio,Saídas,Quartos FdS,Adul. / Cri.,junho,Previsão,09-jun-2026 ter,9,33,2,0,0,8,1,"6,67","1 268,02","140,89",6,0,15,402,725,146,0,0,154,248,"9,93","61 741,45","153,59",149,0,770,Total jun,402,725,146,0,0,154,248,"9,93","61 741,45","153,59",149,0,770,Total,7670,3882,2572,0,0,6118,1552,"7,78","838 475,97","109,32",2698,0,14984
Data,Ocup,Opção,Cheg,Oferta/Uso Interno,Deduz. Individ.,Deduz. Grupos,% Ocup.,Receita Quartos,Preço Médio,Saídas,Quartos FdS,Adul. / Cri.,junho,Previsão,10-jun-2026 qua,21,0,16,0,0,4,17,"15,56","3 076,10","146,48",4,0,41,402,725,146,0,0,154,248,"9,93","61 741,45","153,59",149,0,770,Total jun,402,725,146,0,0,154,248,"9,93","61 741,45","153,59",149,0,770,Total,7670,3882,2572,0,0,6118,1552,"7,78","838 475,97","109,32",2698,0,14984
Data,Ocup,Opção,Cheg,Oferta/Uso Interno,Deduz. Individ.,Deduz. Grupos,% Ocup.,Receita Quartos,Preço Médio,Saídas,Quartos FdS,Adul. / Cri.,junho,Previsão,11-jun-2026 qui,18,26,0,0,0,1,17,"13,33","2 662,88","147,94",3,0,35,402,725,146,0,0,154,248,"9,93","61 741,45","153,59",149,0,770,Total jun,402,725,146,0,0,154,248,"9,93","61 741,45","153,59",149,0,770,Total,7670,3882,2572,0,0,6118,1552,"7,78","838 475,97","109,32",2698,0,14984
Data,Ocup,Opção,Cheg,Oferta/Uso Interno,Deduz. Individ.,Deduz. Grupos,% Ocup.,Receita Quartos,Preço Médio,Saídas,Quartos FdS,Adul. / Cri.,junho,Previsão,12-jun-2026 sex,21,22,3,0,0,4,17,"15,56","3 191,89","151,99",0,0,40,402,725,146,0,0,154,248,"9,93","61 741,45","153,59",149,0,770,Total jun,402,725,146,0,0,154,248,"9,93","61 741,45","153,59",149,0,770,Total,7670,3882,2572,0,0,6118,1552,"7,78","838 475,97","109,32",2698,0,14984
Data,Ocup,Opção,Cheg,Oferta/Uso Interno,Deduz. Individ.,Deduz. Grupos,% Ocup.,Receita Quartos,Preço Médio,Saídas,Quartos FdS,Adul. / Cri.,junho,Previsão,13-jun-2026 sáb,5,22,2,0,0,5,0,"3,70","953,24","190,65",18,0,11,402,725,146,0,0,154,248,"9,93","61 741,45","153,59",149,0,770,Total jun,402,725,146,0,0,154,248,"9,93","61 741,45","153,59",149,0,770,Total,7670,3882,2572,0,0,6118,1552,"7,78","838 475,97","109,32",2698,0,14984
Data,Ocup,Opção,Cheg,Oferta/Uso Interno,Deduz. Individ.,Deduz. Grupos,% Ocup.,Receita Quartos,Preço Médio,Saídas,Quartos FdS,Adul. / Cri.,junho,Previsão,14-jun-2026 dom,3,22,1,0,0,3,0,"2,22","395,73","131,91",3,0,5,402,725,146,0,0,154,248,"9,93","61 741,45","153,59",149,0,770,Total jun,402,725,146,0,0,154,248,"9,93","61 741,45","153,59",149,0,770,Total,7670,3882,2572,0,0,6118,1552,"7,78","838 475,97","109,32",2698,0,14984
Data,Ocup,Opção,Cheg,Oferta/Uso Interno,Deduz. Individ.,Deduz. Grupos,% Ocup.,Receita Quartos,Preço Médio,Saídas,Quartos FdS,Adul. / Cri.,junho,Previsão,15-jun-2026 seg,4,22,2,0,0,4,0,"2,96","596,97","149,24",1,0,7,402,725,146,0,0,154,248,"9,93","61 741,45","153,59",149,0,770,Total jun,402,725,146,0,0,154,248,"9,93","61 741,45","153,59",149,0,770,Total,7670,3882,2572,0,0,6118,1552,"7,78","838 475,97","109,32",2698,0,14984
Data,Ocup,Opção,Cheg,Oferta/Uso Interno,Deduz. Individ.,Deduz. Grupos,% Ocup.,Receita Quartos,Preço Médio,Saídas,Quartos FdS,Adul. / Cri.,junho,Previsão,16-jun-2026 ter,6,57,4,0,0,5,1,"4,44","972,19","162,03",2,0,10,402,725,146,0,0,154,248,"9,93","61 741,45","153,59",149,0,770,Total jun,402,725,146,0,0,154,248,"9,93","61 741,45","153,59",149,0,770,Total,7670,3882,2572,0,0,6118,1552,"7,78","838 475,97","109,32",2698,0,14984
Data,Ocup,Opção,Cheg,Oferta/Uso Interno,Deduz. Individ.,Deduz. Grupos,% Ocup.,Receita Quartos,Preço Médio,Saídas,Quartos FdS,Adul. / Cri.,junho,Previsão,17-jun-2026 qua,20,0,16,0,0,3,17,"14,81","2 947,28","147,36",2,0,38,402,725,146,0,0,154,248,"9,93","61 741,45","153,59",149,0,770,Total jun,402,725,146,0,0,154,248,"9,93","61 741,45","153,59",149,0,770,Total,7670,3882,2572,0,0,6118,1552,"7,78","838 475,97","109,32",2698,0,14984
Data,Ocup,Opção,Cheg,Oferta/Uso Interno,Deduz. Individ.,Deduz. Grupos,% Ocup.,Receita Quartos,Preço Médio,Saídas,Quartos FdS,Adul. / Cri.,junho,Previsão,18-jun-2026 qui,19,4,0,0,0,2,17,"14,07","2 785,13","146,59",1,0,36,402,725,146,0,0,154,248,"9,93","61 741,45","153,59",149,0,770,Total jun,402,725,146,0,0,154,248,"9,93","61 741,45","153,59",149,0,770,Total,7670,3882,2572,0,0,6118,1552,"7,78","838 475,97","109,32",2698,0,14984
Data,Ocup,Opção,Cheg,Oferta/Uso Interno,Deduz. Individ.,Deduz. Grupos,% Ocup.,Receita Quartos,Preço Médio,Saídas,Quartos FdS,Adul. / Cri.,junho,Previsão,19-jun-2026 sex,20,17,1,0,0,3,17,"14,81","2 893,36","144,67",0,0,38,402,725,146,0,0,154,248,"9,93","61 741,45","153,59",149,0,770,Total jun,402,725,146,0,0,154,248,"9,93","61 741,45","153,59",149,0,770,Total,7670,3882,2572,0,0,6118,1552,"7,78","838 475,97","109,32",2698,0,14984
Data,Ocup,Opção,Cheg,Oferta/Uso Interno,Deduz. Individ.,Deduz. Grupos,% Ocup.,Receita Quartos,Preço Médio,Saídas,Quartos FdS,Adul. / Cri.,junho,Previsão,20-jun-2026 sáb,2,21,1,0,0,2,0,"1,48","198,28","99,14",19,0,4,402,725,146,0,0,154,248,"9,93","61 741,45","153,59",149,0,770,Total jun,402,725,146,0,0,154,248,"9,93","61 741,45","153,59",149,0,770,Total,7670,3882,2572,0,0,6118,1552,"7,78","838 475,97","109,32",2698,0,14984
Data,Ocup,Opção,Cheg,Oferta/Uso Interno,Deduz. Individ.,Deduz. Grupos,% Ocup.,Receita Quartos,Preço Médio,Saídas,Quartos FdS,Adul. / Cri.,junho,Previsão,21-jun-2026 dom,6,13,4,0,0,6,0,"4,44","574,83","95,80",0,0,12,402,725,146,0,0,154,248,"9,93","61 741,45","153,59",149,0,770,Total jun,402,725,146,0,0,154,248,"9,93","61 741,45","153,59",149,0,770,Total,7670,3882,2572,0,0,6118,1552,"7,78","838 475,97","109,32",2698,0,14984
Data,Ocup,Opção,Cheg,Oferta/Uso Interno,Deduz. Individ.,Deduz. Grupos,% Ocup.,Receita Quartos,Preço Médio,Saídas,Quartos FdS,Adul. / Cri.,junho,Previsão,22-jun-2026 seg,5,39,2,0,0,5,0,"3,70","627,84","125,57",3,0,10,402,725,146,0,0,154,248,"9,93","61 741,45","153,59",149,0,770,Total jun,402,725,146,0,0,154,248,"9,93","61 741,45","153,59",149,0,770,Total,7670,3882,2572,0,0,6118,1552,"7,78","838 475,97","109,32",2698,0,14984
Data,Ocup,Opção,Cheg,Oferta/Uso Interno,Deduz. Individ.,Deduz. Grupos,% Ocup.,Receita Quartos,Preço Médio,Saídas,Quartos FdS,Adul. / Cri.,junho,Previsão,23-jun-2026 ter,4,26,1,0,0,3,1,"2,96","599,77","149,94",2,0,7,402,725,146,0,0,154,248,"9,93","61 741,45","153,59",149,0,770,Total jun,402,725,146,0,0,154,248,"9,93","61 741,45","153,59",149,0,770,Total,7670,3882,2572,0,0,6118,1552,"7,78","838 475,97","109,32",2698,0,14984
Data,Ocup,Opção,Cheg,Oferta/Uso Interno,Deduz. Individ.,Deduz. Grupos,% Ocup.,Receita Quartos,Preço Médio,Saídas,Quartos FdS,Adul. / Cri.,junho,Previsão,24-jun-2026 qua,18,0,16,0,0,1,17,"13,33","2 609,67","144,98",2,0,35,402,725,146,0,0,154,248,"9,93","61 741,45","153,59",149,0,770,Total jun,402,725,146,0,0,154,248,"9,93","61 741,45","153,59",149,0,770,Total,7670,3882,2572,0,0,6118,1552,"7,78","838 475,97","109,32",2698,0,14984
Data,Ocup,Opção,Cheg,Oferta/Uso Interno,Deduz. Individ.,Deduz. Grupos,% Ocup.,Receita Quartos,Preço Médio,Saídas,Quartos FdS,Adul. / Cri.,junho,Previsão,25-jun-2026 qui,19,26,2,0,0,2,17,"14,07","2 770,04","145,79",1,0,37,402,725,146,0,0,154,248,"9,93","61 741,45","153,59",149,0,770,Total jun,402,725,146,0,0,154,248,"9,93","61 741,45","153,59",149,0,770,Total,7670,3882,2572,0,0,6118,1552,"7,78","838 475,97","109,32",2698,0,14984
Data,Ocup,Opção,Cheg,Oferta/Uso Interno,Deduz. Individ.,Deduz. Grupos,% Ocup.,Receita Quartos,Preço Médio,Saídas,Quartos FdS,Adul. / Cri.,junho,Previsão,26-jun-2026 sex,18,35,0,0,0,1,17,"13,33","2 635,02","146,39",1,0,35,402,725,146,0,0,154,248,"9,93","61 741,45","153,59",149,0,770,Total jun,402,725,146,0,0,154,248,"9,93","61 741,45","153,59",149,0,770,Total,7670,3882,2572,0,0,6118,1552,"7,78","838 475,97","109,32",2698,0,14984
Data,Ocup,Opção,Cheg,Oferta/Uso Interno,Deduz. Individ.,Deduz. Grupos,% Ocup.,Receita Quartos,Preço Médio,Saídas,Quartos FdS,Adul. / Cri.,junho,Previsão,27-jun-2026 sáb,3,37,2,0,0,1,2,"2,22","377,75","125,92",17,0,5,402,725,146,0,0,154,248,"9,93","61 741,45","153,59",149,0,770,Total jun,402,725,146,0,0,154,248,"9,93","61 741,45","153,59",149,0,770,Total,7670,3882,2572,0,0,6118,1552,"7,78","838 475,97","109,32",2698,0,14984
Data,Ocup,Opção,Cheg,Oferta/Uso Interno,Deduz. Individ.,Deduz. Grupos,% Ocup.,Receita Quartos,Preço Médio,Saídas,Quartos FdS,Adul. / Cri.,junho,Previsão,28-jun-2026 dom,0,37,0,0,0,0,0,-,-,NaN,3,0,0,402,725,146,0,0,154,248,"9,93","61 741,45","153,59",149,0,770,Total jun,402,725,146,0,0,154,248,"9,93","61 741,45","153,59",149,0,770,Total,7670,3882,2572,0,0,6118,1552,"7,78","838 475,97","109,32",2698,0,14984
Data,Ocup,Opção,Cheg,Oferta/Uso Interno,Deduz. Individ.,Deduz. Grupos,% Ocup.,Receita Quartos,Preço Médio,Saídas,Quartos FdS,Adul. / Cri.,junho,Previsão,29-jun-2026 seg,1,37,1,0,0,1,0,"0,74","180,25","180,25",0,0,2,402,725,146,0,0,154,248,"9,93","61 741,45","153,59",149,0,770,Total jun,402,725,146,0,0,154,248,"9,93","61 741,45","153,59",149,0,770,Total,7670,3882,2572,0,0,6118,1552,"7,78","838 475,97","109,32",2698,0,14984
Data,Ocup,Opção,Cheg,Oferta/Uso Interno,Deduz. Individ.,Deduz. Grupos,% Ocup.,Receita Quartos,Preço Médio,Saídas,Quartos FdS,Adul. / Cri.,junho,Previsão,30-jun-2026 ter,4,72,3,0,0,4,0,"2,96","633,58","158,40",0,0,8,402,725,146,0,0,154,248,"9,93","61 741,45","153,59",149,0,770,Total jun,402,725,146,0,0,154,248,"9,93","61 741,45","153,59",149,0,770,Total,7670,3882,2572,0,0,6118,1552,"7,78","838 475,97","109,32",2698,0,14984
Data,Ocup,Opção,Cheg,Oferta/Uso Interno,Deduz. Individ.,Deduz. Grupos,% Ocup.,Receita Quartos,Preço Médio,Saídas,Quartos FdS,Adul. / Cri.,julho,Previsão,01-jul-2026 qua,3,22,1,0,0,3,0,"2,22","576,49","192,16",2,0,7,140,229,43,0,0,140,0,"3,35","22 071,86","157,66",43,0,301,Total jul,140,229,43,0,0,140,0,"3,35","22 071,86","157,66",43,0,301,Total,7670,3882,2572,0,0,6118,1552,"7,78","838 475,97","109,32",2698,0,14984
Data,Ocup,Opção,Cheg,Oferta/Uso Interno,Deduz. Individ.,Deduz. Grupos,% Ocup.,Receita Quartos,Preço Médio,Saídas,Quartos FdS,Adul. / Cri.,julho,Previsão,02-jul-2026 qui,2,22,1,0,0,2,0,"1,48","387,00","193,50",2,0,5,140,229,43,0,0,140,0,"3,35","22 071,86","157,66",43,0,301,Total jul,140,229,43,0,0,140,0,"3,35","22 071,86","157,66",43,0,301,Total,7670,3882,2572,0,0,6118,1552,"7,78","838 475,97","109,32",2698,0,14984
Data,Ocup,Opção,Cheg,Oferta/Uso Interno,Deduz. Individ.,Deduz. Grupos,% Ocup.,Receita Quartos,Preço Médio,Saídas,Quartos FdS,Adul. / Cri.,julho,Previsão,03-jul-2026 sex,7,0,5,0,0,7,0,"5,19","1 142,84","163,26",0,0,15,140,229,43,0,0,140,0,"3,35","22 071,86","157,66",43,0,301,Total jul,140,229,43,0,0,140,0,"3,35","22 071,86","157,66",43,0,301,Total,7670,3882,2572,0,0,6118,1552,"7,78","838 475,97","109,32",2698,0,14984
Data,Ocup,Opção,Cheg,Oferta/Uso Interno,Deduz. Individ.,Deduz. Grupos,% Ocup.,Receita Quartos,Preço Médio,Saídas,Quartos FdS,Adul. / Cri.,julho,Previsão,04-jul-2026 sáb,7,0,4,0,0,7,0,"5,19","1 107,25","158,18",4,0,12,140,229,43,0,0,140,0,"3,35","22 071,86","157,66",43,0,301,Total jul,140,229,43,0,0,140,0,"3,35","22 071,86","157,66",43,0,301,Total,7670,3882,2572,0,0,6118,1552,"7,78","838 475,97","109,32",2698,0,14984
Data,Ocup,Opção,Cheg,Oferta/Uso Interno,Deduz. Individ.,Deduz. Grupos,% Ocup.,Receita Quartos,Preço Médio,Saídas,Quartos FdS,Adul. / Cri.,julho,Previsão,05-jul-2026 dom,6,16,0,0,0,6,0,"4,44","867,00","144,50",1,0,10,140,229,43,0,0,140,0,"3,35","22 071,86","157,66",43,0,301,Total jul,140,229,43,0,0,140,0,"3,35","22 071,86","157,66",43,0,301,Total,7670,3882,2572,0,0,6118,1552,"7,78","838 475,97","109,32",2698,0,14984
Data,Ocup,Opção,Cheg,Oferta/Uso Interno,Deduz. Individ.,Deduz. Grupos,% Ocup.,Receita Quartos,Preço Médio,Saídas,Quartos FdS,Adul. / Cri.,julho,Previsão,06-jul-2026 seg,11,16,7,0,0,11,0,"8,15","1 701,95","154,72",2,0,20,140,229,43,0,0,140,0,"3,35","22 071,86","157,66",43,0,301,Total jul,140,229,43,0,0,140,0,"3,35","22 071,86","157,66",43,0,301,Total,7670,3882,2572,0,0,6118,1552,"7,78","838 475,97","109,32",2698,0,14984
Data,Ocup,Opção,Cheg,Oferta/Uso Interno,Deduz. Individ.,Deduz. Grupos,% Ocup.,Receita Quartos,Preço Médio,Saídas,Quartos FdS,Adul. / Cri.,julho,Previsão,07-jul-2026 ter,11,22,2,0,0,11,0,"8,15","1 642,08","149,28",2,0,20,140,229,43,0,0,140,0,"3,35","22 071,86","157,66",43,0,301,Total jul,140,229,43,0,0,140,0,"3,35","22 071,86","157,66",43,0,301,Total,7670,3882,2572,0,0,6118,1552,"7,78","838 475,97","109,32",2698,0,14984
Data,Ocup,Opção,Cheg,Oferta/Uso Interno,Deduz. Individ.,Deduz. Grupos,% Ocup.,Receita Quartos,Preço Médio,Saídas,Quartos FdS,Adul. / Cri.,julho,Previsão,08-jul-2026 qua,5,22,0,0,0,5,0,"3,70","894,95","178,99",6,0,10,140,229,43,0,0,140,0,"3,35","22 071,86","157,66",43,0,301,Total jul,140,229,43,0,0,140,0,"3,35","22 071,86","157,66",43,0,301,Total,7670,3882,2572,0,0,6118,1552,"7,78","838 475,97","109,32",2698,0,14984
Data,Ocup,Opção,Cheg,Oferta/Uso Interno,Deduz. Individ.,Deduz. Grupos,% Ocup.,Receita Quartos,Preço Médio,Saídas,Quartos FdS,Adul. / Cri.,julho,Previsão,09-jul-2026 qui,10,22,5,0,0,10,0,"7,41","1 525,31","152,53",0,0,20,140,229,43,0,0,140,0,"3,35","22 071,86","157,66",43,0,301,Total jul,140,229,43,0,0,140,0,"3,35","22 071,86","157,66",43,0,301,Total,7670,3882,2572,0,0,6118,1552,"7,78","838 475,97","109,32",2698,0,14984
Data,Ocup,Opção,Cheg,Oferta/Uso Interno,Deduz. Individ.,Deduz. Grupos,% Ocup.,Receita Quartos,Preço Médio,Saídas,Quartos FdS,Adul. / Cri.,julho,Previsão,10-jul-2026 sex,15,0,5,0,0,15,0,"11,11","2 326,96","155,13",0,0,31,140,229,43,0,0,140,0,"3,35","22 071,86","157,66",43,0,301,Total jul,140,229,43,0,0,140,0,"3,35","22 071,86","157,66",43,0,301,Total,7670,3882,2572,0,0,6118,1552,"7,78","838 475,97","109,32",2698,0,14984
Data,Ocup,Opção,Cheg,Oferta/Uso Interno,Deduz. Individ.,Deduz. Grupos,% Ocup.,Receita Quartos,Preço Médio,Saídas,Quartos FdS,Adul. / Cri.,julho,Previsão,11-jul-2026 sáb,10,4,0,0,0,10,0,"7,41","1 432,01","143,20",5,0,21,140,229,43,0,0,140,0,"3,35","22 071,86","157,66",43,0,301,Total jul,140,229,43,0,0,140,0,"3,35","22 071,86","157,66",43,0,301,Total,7670,3882,2572,0,0,6118,1552,"7,78","838 475,97","109,32",2698,0,14984
Data,Ocup,Opção,Cheg,Oferta/Uso Interno,Deduz. Individ.,Deduz. Grupos,% Ocup.,Receita Quartos,Preço Médio,Saídas,Quartos FdS,Adul. / Cri.,julho,Previsão,12-jul-2026 dom,7,13,2,0,0,7,0,"5,19","1 002,19","143,17",5,0,15,140,229,43,0,0,140,0,"3,35","22 071,86","157,66",43,0,301,Total jul,140,229,43,0,0,140,0,"3,35","22 071,86","157,66",43,0,301,Total,7670,3882,2572,0,0,6118,1552,"7,78","838 475,97","109,32",2698,0,14984
Data,Ocup,Opção,Cheg,Oferta/Uso Interno,Deduz. Individ.,Deduz. Grupos,% Ocup.,Receita Quartos,Preço Médio,Saídas,Quartos FdS,Adul. / Cri.,julho,Previsão,13-jul-2026 seg,6,13,0,0,0,6,0,"4,44","783,94","130,66",1,0,12,140,229,43,0,0,140,0,"3,35","22 071,86","157,66",43,0,301,Total jul,140,229,43,0,0,140,0,"3,35","22 071,86","157,66",43,0,301,Total,7670,3882,2572,0,0,6118,1552,"7,78","838 475,97","109,32",2698,0,14984
Data,Ocup,Opção,Cheg,Oferta/Uso Interno,Deduz. Individ.,Deduz. Grupos,% Ocup.,Receita Quartos,Preço Médio,Saídas,Quartos FdS,Adul. / Cri.,julho,Previsão,14-jul-2026 ter,6,0,0,0,0,6,0,"4,44","783,94","130,66",0,0,12,140,229,43,0,0,140,0,"3,35","22 071,86","157,66",43,0,301,Total jul,140,229,43,0,0,140,0,"3,35","22 071,86","157,66",43,0,301,Total,7670,3882,2572,0,0,6118,1552,"7,78","838 475,97","109,32",2698,0,14984
Data,Ocup,Opção,Cheg,Oferta/Uso Interno,Deduz. Individ.,Deduz. Grupos,% Ocup.,Receita Quartos,Preço Médio,Saídas,Quartos FdS,Adul. / Cri.,julho,Previsão,15-jul-2026 qua,0,0,0,0,0,0,0,-,-,NaN,6,0,0,140,229,43,0,0,140,0,"3,35","22 071,86","157,66",43,0,301,Total jul,140,229,43,0,0,140,0,"3,35","22 071,86","157,66",43,0,301,Total,7670,3882,2572,0,0,6118,1552,"7,78","838 475,97","109,32",2698,0,14984
Data,Ocup,Opção,Cheg,Oferta/Uso Interno,Deduz. Individ.,Deduz. Grupos,% Ocup.,Receita Quartos,Preço Médio,Saídas,Quartos FdS,Adul. / Cri.,julho,Previsão,16-jul-2026 qui,1,0,1,0,0,1,0,"0,74","116,40","116,40",0,0,2,140,229,43,0,0,140,0,"3,35","22 071,86","157,66",43,0,301,Total jul,140,229,43,0,0,140,0,"3,35","22 071,86","157,66",43,0,301,Total,7670,3882,2572,0,0,6118,1552,"7,78","838 475,97","109,32",2698,0,14984
Data,Ocup,Opção,Cheg,Oferta/Uso Interno,Deduz. Individ.,Deduz. Grupos,% Ocup.,Receita Quartos,Preço Médio,Saídas,Quartos FdS,Adul. / Cri.,julho,Previsão,17-jul-2026 sex,1,0,0,0,0,1,0,"0,74","116,40","116,40",0,0,2,140,229,43,0,0,140,0,"3,35","22 071,86","157,66",43,0,301,Total jul,140,229,43,0,0,140,0,"3,35","22 071,86","157,66",43,0,301,Total,7670,3882,2572,0,0,6118,1552,"7,78","838 475,97","109,32",2698,0,14984
Data,Ocup,Opção,Cheg,Oferta/Uso Interno,Deduz. Individ.,Deduz. Grupos,% Ocup.,Receita Quartos,Preço Médio,Saídas,Quartos FdS,Adul. / Cri.,julho,Previsão,18-jul-2026 sáb,0,4,0,0,0,0,0,-,-,NaN,1,0,0,140,229,43,0,0,140,0,"3,35","22 071,86","157,66",43,0,301,Total jul,140,229,43,0,0,140,0,"3,35","22 071,86","157,66",43,0,301,Total,7670,3882,2572,0,0,6118,1552,"7,78","838 475,97","109,32",2698,0,14984
Data,Ocup,Opção,Cheg,Oferta/Uso Interno,Deduz. Individ.,Deduz. Grupos,% Ocup.,Receita Quartos,Preço Médio,Saídas,Quartos FdS,Adul. / Cri.,julho,Previsão,19-jul-2026 dom,0,13,0,0,0,0,0,-,-,NaN,0,0,0,140,229,43,0,0,140,0,"3,35","22 071,86","157,66",43,0,301,Total jul,140,229,43,0,0,140,0,"3,35","22 071,86","157,66",43,0,301,Total,7670,3882,2572,0,0,6118,1552,"7,78","838 475,97","109,32",2698,0,14984
Data,Ocup,Opção,Cheg,Oferta/Uso Interno,Deduz. Individ.,Deduz. Grupos,% Ocup.,Receita Quartos,Preço Médio,Saídas,Quartos FdS,Adul. / Cri.,julho,Previsão,20-jul-2026 seg,1,18,1,0,0,1,0,"0,74","291,85","291,85",0,0,4,140,229,43,0,0,140,0,"3,35","22 071,86","157,66",43,0,301,Total jul,140,229,43,0,0,140,0,"3,35","22 071,86","157,66",43,0,301,Total,7670,3882,2572,0,0,6118,1552,"7,78","838 475,97","109,32",2698,0,14984
Data,Ocup,Opção,Cheg,Oferta/Uso Interno,Deduz. Individ.,Deduz. Grupos,% Ocup.,Receita Quartos,Preço Médio,Saídas,Quartos FdS,Adul. / Cri.,julho,Previsão,21-jul-2026 ter,1,15,0,0,0,1,0,"0,74","291,85","291,85",0,0,4,140,229,43,0,0,140,0,"3,35","22 071,86","157,66",43,0,301,Total jul,140,229,43,0,0,140,0,"3,35","22 071,86","157,66",43,0,301,Total,7670,3882,2572,0,0,6118,1552,"7,78","838 475,97","109,32",2698,0,14984
Data,Ocup,Opção,Cheg,Oferta/Uso Interno,Deduz. Individ.,Deduz. Grupos,% Ocup.,Receita Quartos,Preço Médio,Saídas,Quartos FdS,Adul. / Cri.,julho,Previsão,22-jul-2026 qua,1,5,0,0,0,1,0,"0,74","291,85","291,85",0,0,4,140,229,43,0,0,140,0,"3,35","22 071,86","157,66",43,0,301,Total jul,140,229,43,0,0,140,0,"3,35","22 071,86","157,66",43,0,301,Total,7670,3882,2572,0,0,6118,1552,"7,78","838 475,97","109,32",2698,0,14984
Data,Ocup,Opção,Cheg,Oferta/Uso Interno,Deduz. Individ.,Deduz. Grupos,% Ocup.,Receita Quartos,Preço Médio,Saídas,Quartos FdS,Adul. / Cri.,julho,Previsão,23-jul-2026 qui,2,0,1,0,0,2,0,"1,48","381,70","190,85",0,0,6,140,229,43,0,0,140,0,"3,35","22 071,86","157,66",43,0,301,Total jul,140,229,43,0,0,140,0,"3,35","22 071,86","157,66",43,0,301,Total,7670,3882,2572,0,0,6118,1552,"7,78","838 475,97","109,32",2698,0,14984
Data,Ocup,Opção,Cheg,Oferta/Uso Interno,Deduz. Individ.,Deduz. Grupos,% Ocup.,Receita Quartos,Preço Médio,Saídas,Quartos FdS,Adul. / Cri.,julho,Previsão,24-jul-2026 sex,3,0,2,0,0,3,0,"2,22","598,94","199,65",1,0,8,140,229,43,0,0,140,0,"3,35","22 071,86","157,66",43,0,301,Total jul,140,229,43,0,0,140,0,"3,35","22 071,86","157,66",43,0,301,Total,7670,3882,2572,0,0,6118,1552,"7,78","838 475,97","109,32",2698,0,14984
Data,Ocup,Opção,Cheg,Oferta/Uso Interno,Deduz. Individ.,Deduz. Grupos,% Ocup.,Receita Quartos,Preço Médio,Saídas,Quartos FdS,Adul. / Cri.,julho,Previsão,25-jul-2026 sáb,3,0,0,0,0,3,0,"2,22","598,94","199,65",0,0,8,140,229,43,0,0,140,0,"3,35","22 071,86","157,66",43,0,301,Total jul,140,229,43,0,0,140,0,"3,35","22 071,86","157,66",43,0,301,Total,7670,3882,2572,0,0,6118,1552,"7,78","838 475,97","109,32",2698,0,14984
Data,Ocup,Opção,Cheg,Oferta/Uso Interno,Deduz. Individ.,Deduz. Grupos,% Ocup.,Receita Quartos,Preço Médio,Saídas,Quartos FdS,Adul. / Cri.,julho,Previsão,26-jul-2026 dom,4,0,2,0,0,4,0,"2,96","483,90","120,97",1,0,8,140,229,43,0,0,140,0,"3,35","22 071,86","157,66",43,0,301,Total jul,140,229,43,0,0,140,0,"3,35","22 071,86","157,66",43,0,301,Total,7670,3882,2572,0,0,6118,1552,"7,78","838 475,97","109,32",2698,0,14984
Data,Ocup,Opção,Cheg,Oferta/Uso Interno,Deduz. Individ.,Deduz. Grupos,% Ocup.,Receita Quartos,Preço Médio,Saídas,Quartos FdS,Adul. / Cri.,julho,Previsão,27-jul-2026 seg,4,0,0,0,0,4,0,"2,96","483,90","120,97",0,0,8,140,229,43,0,0,140,0,"3,35","22 071,86","157,66",43,0,301,Total jul,140,229,43,0,0,140,0,"3,35","22 071,86","157,66",43,0,301,Total,7670,3882,2572,0,0,6118,1552,"7,78","838 475,97","109,32",2698,0,14984
Data,Ocup,Opção,Cheg,Oferta/Uso Interno,Deduz. Individ.,Deduz. Grupos,% Ocup.,Receita Quartos,Preço Médio,Saídas,Quartos FdS,Adul. / Cri.,julho,Previsão,28-jul-2026 ter,3,0,1,0,0,3,0,"2,22","429,36","143,12",2,0,8,140,229,43,0,0,140,0,"3,35","22 071,86","157,66",43,0,301,Total jul,140,229,43,0,0,140,0,"3,35","22 071,86","157,66",43,0,301,Total,7670,3882,2572,0,0,6118,1552,"7,78","838 475,97","109,32",2698,0,14984
Data,Ocup,Opção,Cheg,Oferta/Uso Interno,Deduz. Individ.,Deduz. Grupos,% Ocup.,Receita Quartos,Preço Médio,Saídas,Quartos FdS,Adul. / Cri.,julho,Previsão,29-jul-2026 qua,3,0,0,0,0,3,0,"2,22","429,36","143,12",0,0,8,140,229,43,0,0,140,0,"3,35","22 071,86","157,66",43,0,301,Total jul,140,229,43,0,0,140,0,"3,35","22 071,86","157,66",43,0,301,Total,7670,3882,2572,0,0,6118,1552,"7,78","838 475,97","109,32",2698,0,14984
Data,Ocup,Opção,Cheg,Oferta/Uso Interno,Deduz. Individ.,Deduz. Grupos,% Ocup.,Receita Quartos,Preço Médio,Saídas,Quartos FdS,Adul. / Cri.,julho,Previsão,30-jul-2026 qui,3,0,2,0,0,3,0,"2,22","521,43","173,81",2,0,8,140,229,43,0,0,140,0,"3,35","22 071,86","157,66",43,0,301,Total jul,140,229,43,0,0,140,0,"3,35","22 071,86","157,66",43,0,301,Total,7670,3882,2572,0,0,6118,1552,"7,78","838 475,97","109,32",2698,0,14984
Data,Ocup,Opção,Cheg,Oferta/Uso Interno,Deduz. Individ.,Deduz. Grupos,% Ocup.,Receita Quartos,Preço Médio,Saídas,Quartos FdS,Adul. / Cri.,julho,Previsão,31-jul-2026 sex,4,2,1,0,0,4,0,"2,96","862,07","215,52",0,0,13,140,229,43,0,0,140,0,"3,35","22 071,86","157,66",43,0,301,Total jul,140,229,43,0,0,140,0,"3,35","22 071,86","157,66",43,0,301,Total,7670,3882,2572,0,0,6118,1552,"7,78","838 475,97","109,32",2698,0,14984
Data,Ocup,Opção,Cheg,Oferta/Uso Interno,Deduz. Individ.,Deduz. Grupos,% Ocup.,Receita Quartos,Preço Médio,Saídas,Quartos FdS,Adul. / Cri.,agosto,Previsão,01-ago-2026 sáb,6,1,2,0,0,6,0,"4,44","1 100,59","183,43",0,0,17,119,171,47,0,0,67,52,"2,84","16 832,12","141,45",40,0,244,Total ago,119,171,47,0,0,67,52,"2,84","16 832,12","141,45",40,0,244,Total,7670,3882,2572,0,0,6118,1552,"7,78","838 475,97","109,32",2698,0,14984
Data,Ocup,Opção,Cheg,Oferta/Uso Interno,Deduz. Individ.,Deduz. Grupos,% Ocup.,Receita Quartos,Preço Médio,Saídas,Quartos FdS,Adul. / Cri.,agosto,Previsão,02-ago-2026 dom,5,0,1,0,0,5,0,"3,70","937,97","187,59",2,0,15,119,171,47,0,0,67,52,"2,84","16 832,12","141,45",40,0,244,Total ago,119,171,47,0,0,67,52,"2,84","16 832,12","141,45",40,0,244,Total,7670,3882,2572,0,0,6118,1552,"7,78","838 475,97","109,32",2698,0,14984
Data,Ocup,Opção,Cheg,Oferta/Uso Interno,Deduz. Individ.,Deduz. Grupos,% Ocup.,Receita Quartos,Preço Médio,Saídas,Quartos FdS,Adul. / Cri.,agosto,Previsão,03-ago-2026 seg,2,0,0,0,0,2,0,"1,48","474,95","237,48",3,0,7,119,171,47,0,0,67,52,"2,84","16 832,12","141,45",40,0,244,Total ago,119,171,47,0,0,67,52,"2,84","16 832,12","141,45",40,0,244,Total,7670,3882,2572,0,0,6118,1552,"7,78","838 475,97","109,32",2698,0,14984
Data,Ocup,Opção,Cheg,Oferta/Uso Interno,Deduz. Individ.,Deduz. Grupos,% Ocup.,Receita Quartos,Preço Médio,Saídas,Quartos FdS,Adul. / Cri.,agosto,Previsão,04-ago-2026 ter,2,0,1,0,0,2,0,"1,48","320,72","160,36",1,0,4,119,171,47,0,0,67,52,"2,84","16 832,12","141,45",40,0,244,Total ago,119,171,47,0,0,67,52,"2,84","16 832,12","141,45",40,0,244,Total,7670,3882,2572,0,0,6118,1552,"7,78","838 475,97","109,32",2698,0,14984
Data,Ocup,Opção,Cheg,Oferta/Uso Interno,Deduz. Individ.,Deduz. Grupos,% Ocup.,Receita Quartos,Preço Médio,Saídas,Quartos FdS,Adul. / Cri.,agosto,Previsão,05-ago-2026 qua,1,0,0,0,0,1,0,"0,74","163,75","163,75",1,0,2,119,171,47,0,0,67,52,"2,84","16 832,12","141,45",40,0,244,Total ago,119,171,47,0,0,67,52,"2,84","16 832,12","141,45",40,0,244,Total,7670,3882,2572,0,0,6118,1552,"7,78","838 475,97","109,32",2698,0,14984
Data,Ocup,Opção,Cheg,Oferta/Uso Interno,Deduz. Individ.,Deduz. Grupos,% Ocup.,Receita Quartos,Preço Médio,Saídas,Quartos FdS,Adul. / Cri.,agosto,Previsão,06-ago-2026 qui,3,0,2,0,0,3,0,"2,22","495,98","165,33",0,0,6,119,171,47,0,0,67,52,"2,84","16 832,12","141,45",40,0,244,Total ago,119,171,47,0,0,67,52,"2,84","16 832,12","141,45",40,0,244,Total,7670,3882,2572,0,0,6118,1552,"7,78","838 475,97","109,32",2698,0,14984
Data,Ocup,Opção,Cheg,Oferta/Uso Interno,Deduz. Individ.,Deduz. Grupos,% Ocup.,Receita Quartos,Preço Médio,Saídas,Quartos FdS,Adul. / Cri.,agosto,Previsão,07-ago-2026 sex,2,0,0,0,0,2,0,"1,48","318,64","159,32",1,0,4,119,171,47,0,0,67,52,"2,84","16 832,12","141,45",40,0,244,Total ago,119,171,47,0,0,67,52,"2,84","16 832,12","141,45",40,0,244,Total,7670,3882,2572,0,0,6118,1552,"7,78","838 475,97","109,32",2698,0,14984
Data,Ocup,Opção,Cheg,Oferta/Uso Interno,Deduz. Individ.,Deduz. Grupos,% Ocup.,Receita Quartos,Preço Médio,Saídas,Quartos FdS,Adul. / Cri.,agosto,Previsão,08-ago-2026 sáb,0,0,0,0,0,0,0,-,-,NaN,2,0,0,119,171,47,0,0,67,52,"2,84","16 832,12","141,45",40,0,244,Total ago,119,171,47,0,0,67,52,"2,84","16 832,12","141,45",40,0,244,Total,7670,3882,2572,0,0,6118,1552,"7,78","838 475,97","109,32",2698,0,14984
Data,Ocup,Opção,Cheg,Oferta/Uso Interno,Deduz. Individ.,Deduz. Grupos,% Ocup.,Receita Quartos,Preço Médio,Saídas,Quartos FdS,Adul. / Cri.,agosto,Previsão,09-ago-2026 dom,2,0,2,0,0,2,0,"1,48","239,96","119,98",0,0,4,119,171,47,0,0,67,52,"2,84","16 832,12","141,45",40,0,244,Total ago,119,171,47,0,0,67,52,"2,84","16 832,12","141,45",40,0,244,Total,7670,3882,2572,0,0,6118,1552,"7,78","838 475,97","109,32",2698,0,14984
Data,Ocup,Opção,Cheg,Oferta/Uso Interno,Deduz. Individ.,Deduz. Grupos,% Ocup.,Receita Quartos,Preço Médio,Saídas,Quartos FdS,Adul. / Cri.,agosto,Previsão,10-ago-2026 seg,0,0,0,0,0,0,0,-,-,NaN,2,0,0,119,171,47,0,0,67,52,"2,84","16 832,12","141,45",40,0,244,Total ago,119,171,47,0,0,67,52,"2,84","16 832,12","141,45",40,0,244,Total,7670,3882,2572,0,0,6118,1552,"7,78","838 475,97","109,32",2698,0,14984
Data,Ocup,Opção,Cheg,Oferta/Uso Interno,Deduz. Individ.,Deduz. Grupos,% Ocup.,Receita Quartos,Preço Médio,Saídas,Quartos FdS,Adul. / Cri.,agosto,Previsão,11-ago-2026 ter,0,15,0,0,0,0,0,-,-,NaN,0,0,0,119,171,47,0,0,67,52,"2,84","16 832,12","141,45",40,0,244,Total ago,119,171,47,0,0,67,52,"2,84","16 832,12","141,45",40,0,244,Total,7670,3882,2572,0,0,6118,1552,"7,78","838 475,97","109,32",2698,0,14984
Data,Ocup,Opção,Cheg,Oferta/Uso Interno,Deduz. Individ.,Deduz. Grupos,% Ocup.,Receita Quartos,Preço Médio,Saídas,Quartos FdS,Adul. / Cri.,agosto,Previsão,12-ago-2026 qua,0,0,0,0,0,0,0,-,-,NaN,0,0,0,119,171,47,0,0,67,52,"2,84","16 832,12","141,45",40,0,244,Total ago,119,171,47,0,0,67,52,"2,84","16 832,12","141,45",40,0,244,Total,7670,3882,2572,0,0,6118,1552,"7,78","838 475,97","109,32",2698,0,14984
Data,Ocup,Opção,Cheg,Oferta/Uso Interno,Deduz. Individ.,Deduz. Grupos,% Ocup.,Receita Quartos,Preço Médio,Saídas,Quartos FdS,Adul. / Cri.,agosto,Previsão,13-ago-2026 qui,0,0,0,0,0,0,0,-,-,NaN,0,0,0,119,171,47,0,0,67,52,"2,84","16 832,12","141,45",40,0,244,Total ago,119,171,47,0,0,67,52,"2,84","16 832,12","141,45",40,0,244,Total,7670,3882,2572,0,0,6118,1552,"7,78","838 475,97","109,32",2698,0,14984
Data,Ocup,Opção,Cheg,Oferta/Uso Interno,Deduz. Individ.,Deduz. Grupos,% Ocup.,Receita Quartos,Preço Médio,Saídas,Quartos FdS,Adul. / Cri.,agosto,Previsão,14-ago-2026 sex,2,0,2,0,0,2,0,"1,48","236,01","118,00",0,0,3,119,171,47,0,0,67,52,"2,84","16 832,12","141,45",40,0,244,Total ago,119,171,47,0,0,67,52,"2,84","16 832,12","141,45",40,0,244,Total,7670,3882,2572,0,0,6118,1552,"7,78","838 475,97","109,32",2698,0,14984
Data,Ocup,Opção,Cheg,Oferta/Uso Interno,Deduz. Individ.,Deduz. Grupos,% Ocup.,Receita Quartos,Preço Médio,Saídas,Quartos FdS,Adul. / Cri.,agosto,Previsão,15-ago-2026 sáb,2,0,0,0,0,2,0,"1,48","236,01","118,00",0,0,3,119,171,47,0,0,67,52,"2,84","16 832,12","141,45",40,0,244,Total ago,119,171,47,0,0,67,52,"2,84","16 832,12","141,45",40,0,244,Total,7670,3882,2572,0,0,6118,1552,"7,78","838 475,97","109,32",2698,0,14984
Data,Ocup,Opção,Cheg,Oferta/Uso Interno,Deduz. Individ.,Deduz. Grupos,% Ocup.,Receita Quartos,Preço Médio,Saídas,Quartos FdS,Adul. / Cri.,agosto,Previsão,16-ago-2026 dom,0,0,0,0,0,0,0,-,-,NaN,2,0,0,119,171,47,0,0,67,52,"2,84","16 832,12","141,45",40,0,244,Total ago,119,171,47,0,0,67,52,"2,84","16 832,12","141,45",40,0,244,Total,7670,3882,2572,0,0,6118,1552,"7,78","838 475,97","109,32",2698,0,14984
Data,Ocup,Opção,Cheg,Oferta/Uso Interno,Deduz. Individ.,Deduz. Grupos,% Ocup.,Receita Quartos,Preço Médio,Saídas,Quartos FdS,Adul. / Cri.,agosto,Previsão,17-ago-2026 seg,0,0,0,0,0,0,0,-,-,NaN,0,0,0,119,171,47,0,0,67,52,"2,84","16 832,12","141,45",40,0,244,Total ago,119,171,47,0,0,67,52,"2,84","16 832,12","141,45",40,0,244,Total,7670,3882,2572,0,0,6118,1552,"7,78","838 475,97","109,32",2698,0,14984
Data,Ocup,Opção,Cheg,Oferta/Uso Interno,Deduz. Individ.,Deduz. Grupos,% Ocup.,Receita Quartos,Preço Médio,Saídas,Quartos FdS,Adul. / Cri.,agosto,Previsão,18-ago-2026 ter,2,0,2,0,0,2,0,"1,48","299,55","149,77",0,0,4,119,171,47,0,0,67,52,"2,84","16 832,12","141,45",40,0,244,Total ago,119,171,47,0,0,67,52,"2,84","16 832,12","141,45",40,0,244,Total,7670,3882,2572,0,0,6118,1552,"7,78","838 475,97","109,32",2698,0,14984
Data,Ocup,Opção,Cheg,Oferta/Uso Interno,Deduz. Individ.,Deduz. Grupos,% Ocup.,Receita Quartos,Preço Médio,Saídas,Quartos FdS,Adul. / Cri.,agosto,Previsão,19-ago-2026 qua,2,0,0,0,0,2,0,"1,48","299,55","149,77",0,0,4,119,171,47,0,0,67,52,"2,84","16 832,12","141,45",40,0,244,Total ago,119,171,47,0,0,67,52,"2,84","16 832,12","141,45",40,0,244,Total,7670,3882,2572,0,0,6118,1552,"7,78","838 475,97","109,32",2698,0,14984
Data,Ocup,Opção,Cheg,Oferta/Uso Interno,Deduz. Individ.,Deduz. Grupos,% Ocup.,Receita Quartos,Preço Médio,Saídas,Quartos FdS,Adul. / Cri.,agosto,Previsão,20-ago-2026 qui,2,0,0,0,0,2,0,"1,48","299,55","149,77",0,0,4,119,171,47,0,0,67,52,"2,84","16 832,12","141,45",40,0,244,Total ago,119,171,47,0,0,67,52,"2,84","16 832,12","141,45",40,0,244,Total,7670,3882,2572,0,0,6118,1552,"7,78","838 475,97","109,32",2698,0,14984
Data,Ocup,Opção,Cheg,Oferta/Uso Interno,Deduz. Individ.,Deduz. Grupos,% Ocup.,Receita Quartos,Preço Médio,Saídas,Quartos FdS,Adul. / Cri.,agosto,Previsão,21-ago-2026 sex,0,0,0,0,0,0,0,-,-,NaN,2,0,0,119,171,47,0,0,67,52,"2,84","16 832,12","141,45",40,0,244,Total ago,119,171,47,0,0,67,52,"2,84","16 832,12","141,45",40,0,244,Total,7670,3882,2572,0,0,6118,1552,"7,78","838 475,97","109,32",2698,0,14984
Data,Ocup,Opção,Cheg,Oferta/Uso Interno,Deduz. Individ.,Deduz. Grupos,% Ocup.,Receita Quartos,Preço Médio,Saídas,Quartos FdS,Adul. / Cri.,agosto,Previsão,22-ago-2026 sáb,3,0,3,0,0,3,0,"2,22","386,62","128,87",0,0,5,119,171,47,0,0,67,52,"2,84","16 832,12","141,45",40,0,244,Total ago,119,171,47,0,0,67,52,"2,84","16 832,12","141,45",40,0,244,Total,7670,3882,2572,0,0,6118,1552,"7,78","838 475,97","109,32",2698,0,14984
Data,Ocup,Opção,Cheg,Oferta/Uso Interno,Deduz. Individ.,Deduz. Grupos,% Ocup.,Receita Quartos,Preço Médio,Saídas,Quartos FdS,Adul. / Cri.,agosto,Previsão,23-ago-2026 dom,4,0,3,0,0,4,0,"2,96","766,36","191,59",2,0,8,119,171,47,0,0,67,52,"2,84","16 832,12","141,45",40,0,244,Total ago,119,171,47,0,0,67,52,"2,84","16 832,12","141,45",40,0,244,Total,7670,3882,2572,0,0,6118,1552,"7,78","838 475,97","109,32",2698,0,14984
Data,Ocup,Opção,Cheg,Oferta/Uso Interno,Deduz. Individ.,Deduz. Grupos,% Ocup.,Receita Quartos,Preço Médio,Saídas,Quartos FdS,Adul. / Cri.,agosto,Previsão,24-ago-2026 seg,3,15,0,0,0,3,0,"2,22","638,29","212,76",1,0,7,119,171,47,0,0,67,52,"2,84","16 832,12","141,45",40,0,244,Total ago,119,171,47,0,0,67,52,"2,84","16 832,12","141,45",40,0,244,Total,7670,3882,2572,0,0,6118,1552,"7,78","838 475,97","109,32",2698,0,14984
Data,Ocup,Opção,Cheg,Oferta/Uso Interno,Deduz. Individ.,Deduz. Grupos,% Ocup.,Receita Quartos,Preço Médio,Saídas,Quartos FdS,Adul. / Cri.,agosto,Previsão,25-ago-2026 ter,4,37,1,0,0,3,1,"2,96","751,68","187,92",0,0,8,119,171,47,0,0,67,52,"2,84","16 832,12","141,45",40,0,244,Total ago,119,171,47,0,0,67,52,"2,84","16 832,12","141,45",40,0,244,Total,7670,3882,2572,0,0,6118,1552,"7,78","838 475,97","109,32",2698,0,14984
Data,Ocup,Opção,Cheg,Oferta/Uso Interno,Deduz. Individ.,Deduz. Grupos,% Ocup.,Receita Quartos,Preço Médio,Saídas,Quartos FdS,Adul. / Cri.,agosto,Previsão,26-ago-2026 qua,18,37,16,0,0,1,17,"13,33","2 141,24","118,96",2,0,35,119,171,47,0,0,67,52,"2,84","16 832,12","141,45",40,0,244,Total ago,119,171,47,0,0,67,52,"2,84","16 832,12","141,45",40,0,244,Total,7670,3882,2572,0,0,6118,1552,"7,78","838 475,97","109,32",2698,0,14984
Data,Ocup,Opção,Cheg,Oferta/Uso Interno,Deduz. Individ.,Deduz. Grupos,% Ocup.,Receita Quartos,Preço Médio,Saídas,Quartos FdS,Adul. / Cri.,agosto,Previsão,27-ago-2026 qui,18,22,1,0,0,1,17,"13,33","2 100,24","116,68",1,0,35,119,171,47,0,0,67,52,"2,84","16 832,12","141,45",40,0,244,Total ago,119,171,47,0,0,67,52,"2,84","16 832,12","141,45",40,0,244,Total,7670,3882,2572,0,0,6118,1552,"7,78","838 475,97","109,32",2698,0,14984
Data,Ocup,Opção,Cheg,Oferta/Uso Interno,Deduz. Individ.,Deduz. Grupos,% Ocup.,Receita Quartos,Preço Médio,Saídas,Quartos FdS,Adul. / Cri.,agosto,Previsão,28-ago-2026 sex,17,0,0,0,0,0,17,"12,59","2 013,46","118,44",1,0,33,119,171,47,0,0,67,52,"2,84","16 832,12","141,45",40,0,244,Total ago,119,171,47,0,0,67,52,"2,84","16 832,12","141,45",40,0,244,Total,7670,3882,2572,0,0,6118,1552,"7,78","838 475,97","109,32",2698,0,14984
Data,Ocup,Opção,Cheg,Oferta/Uso Interno,Deduz. Individ.,Deduz. Grupos,% Ocup.,Receita Quartos,Preço Médio,Saídas,Quartos FdS,Adul. / Cri.,agosto,Previsão,29-ago-2026 sáb,1,0,1,0,0,1,0,"0,74","185,76","185,76",17,0,2,119,171,47,0,0,67,52,"2,84","16 832,12","141,45",40,0,244,Total ago,119,171,47,0,0,67,52,"2,84","16 832,12","141,45",40,0,244,Total,7670,3882,2572,0,0,6118,1552,"7,78","838 475,97","109,32",2698,0,14984
Data,Ocup,Opção,Cheg,Oferta/Uso Interno,Deduz. Individ.,Deduz. Grupos,% Ocup.,Receita Quartos,Preço Médio,Saídas,Quartos FdS,Adul. / Cri.,agosto,Previsão,30-ago-2026 dom,7,22,6,0,0,7,0,"5,19","915,06","130,72",0,0,13,119,171,47,0,0,67,52,"2,84","16 832,12","141,45",40,0,244,Total ago,119,171,47,0,0,67,52,"2,84","16 832,12","141,45",40,0,244,Total,7670,3882,2572,0,0,6118,1552,"7,78","838 475,97","109,32",2698,0,14984
Data,Ocup,Opção,Cheg,Oferta/Uso Interno,Deduz. Individ.,Deduz. Grupos,% Ocup.,Receita Quartos,Preço Médio,Saídas,Quartos FdS,Adul. / Cri.,agosto,Previsão,31-ago-2026 seg,11,22,4,0,0,11,0,"8,15","1 510,18","137,29",0,0,21,119,171,47,0,0,67,52,"2,84","16 832,12","141,45",40,0,244,Total ago,119,171,47,0,0,67,52,"2,84","16 832,12","141,45",40,0,244,Total,7670,3882,2572,0,0,6118,1552,"7,78","838 475,97","109,32",2698,0,14984
Data,Ocup,Opção,Cheg,Oferta/Uso Interno,Deduz. Individ.,Deduz. Grupos,% Ocup.,Receita Quartos,Preço Médio,Saídas,Quartos FdS,Adul. / Cri.,setembro,Previsão,01-set-2026 ter,14,44,3,0,0,13,1,"10,37","2 042,95","145,93",0,0,25,344,946,132,0,0,113,231,"8,49","54 486,86","158,39",126,0,683,Total set,344,946,132,0,0,113,231,"8,49","54 486,86","158,39",126,0,683,Total,7670,3882,2572,0,0,6118,1552,"7,78","838 475,97","109,32",2698,0,14984
Data,Ocup,Opção,Cheg,Oferta/Uso Interno,Deduz. Individ.,Deduz. Grupos,% Ocup.,Receita Quartos,Preço Médio,Saídas,Quartos FdS,Adul. / Cri.,setembro,Previsão,02-set-2026 qua,19,22,18,0,0,2,17,"14,07","2 833,35","149,12",13,0,37,344,946,132,0,0,113,231,"8,49","54 486,86","158,39",126,0,683,Total set,344,946,132,0,0,113,231,"8,49","54 486,86","158,39",126,0,683,Total,7670,3882,2572,0,0,6118,1552,"7,78","838 475,97","109,32",2698,0,14984
Data,Ocup,Opção,Cheg,Oferta/Uso Interno,Deduz. Individ.,Deduz. Grupos,% Ocup.,Receita Quartos,Preço Médio,Saídas,Quartos FdS,Adul. / Cri.,setembro,Previsão,03-set-2026 qui,20,47,1,0,0,2,18,"14,81","2 969,56","148,48",0,0,39,344,946,132,0,0,113,231,"8,49","54 486,86","158,39",126,0,683,Total set,344,946,132,0,0,113,231,"8,49","54 486,86","158,39",126,0,683,Total,7670,3882,2572,0,0,6118,1552,"7,78","838 475,97","109,32",2698,0,14984
Data,Ocup,Opção,Cheg,Oferta/Uso Interno,Deduz. Individ.,Deduz. Grupos,% Ocup.,Receita Quartos,Preço Médio,Saídas,Quartos FdS,Adul. / Cri.,setembro,Previsão,04-set-2026 sex,19,35,0,0,0,2,17,"14,07","2 832,88","149,10",1,0,37,344,946,132,0,0,113,231,"8,49","54 486,86","158,39",126,0,683,Total set,344,946,132,0,0,113,231,"8,49","54 486,86","158,39",126,0,683,Total,7670,3882,2572,0,0,6118,1552,"7,78","838 475,97","109,32",2698,0,14984
Data,Ocup,Opção,Cheg,Oferta/Uso Interno,Deduz. Individ.,Deduz. Grupos,% Ocup.,Receita Quartos,Preço Médio,Saídas,Quartos FdS,Adul. / Cri.,setembro,Previsão,05-set-2026 sáb,3,39,1,0,0,3,0,"2,22","436,09","145,36",17,0,6,344,946,132,0,0,113,231,"8,49","54 486,86","158,39",126,0,683,Total set,344,946,132,0,0,113,231,"8,49","54 486,86","158,39",126,0,683,Total,7670,3882,2572,0,0,6118,1552,"7,78","838 475,97","109,32",2698,0,14984
Data,Ocup,Opção,Cheg,Oferta/Uso Interno,Deduz. Individ.,Deduz. Grupos,% Ocup.,Receita Quartos,Preço Médio,Saídas,Quartos FdS,Adul. / Cri.,setembro,Previsão,06-set-2026 dom,6,13,5,0,0,6,0,"4,44","836,90","139,48",2,0,12,344,946,132,0,0,113,231,"8,49","54 486,86","158,39",126,0,683,Total set,344,946,132,0,0,113,231,"8,49","54 486,86","158,39",126,0,683,Total,7670,3882,2572,0,0,6118,1552,"7,78","838 475,97","109,32",2698,0,14984
Data,Ocup,Opção,Cheg,Oferta/Uso Interno,Deduz. Individ.,Deduz. Grupos,% Ocup.,Receita Quartos,Preço Médio,Saídas,Quartos FdS,Adul. / Cri.,setembro,Previsão,07-set-2026 seg,6,13,1,0,0,6,0,"4,44","917,17","152,86",1,0,12,344,946,132,0,0,113,231,"8,49","54 486,86","158,39",126,0,683,Total set,344,946,132,0,0,113,231,"8,49","54 486,86","158,39",126,0,683,Total,7670,3882,2572,0,0,6118,1552,"7,78","838 475,97","109,32",2698,0,14984
Data,Ocup,Opção,Cheg,Oferta/Uso Interno,Deduz. Individ.,Deduz. Grupos,% Ocup.,Receita Quartos,Preço Médio,Saídas,Quartos FdS,Adul. / Cri.,setembro,Previsão,08-set-2026 ter,6,26,3,0,0,5,1,"4,44","1 028,32","171,39",3,0,11,344,946,132,0,0,113,231,"8,49","54 486,86","158,39",126,0,683,Total set,344,946,132,0,0,113,231,"8,49","54 486,86","158,39",126,0,683,Total,7670,3882,2572,0,0,6118,1552,"7,78","838 475,97","109,32",2698,0,14984
Data,Ocup,Opção,Cheg,Oferta/Uso Interno,Deduz. Individ.,Deduz. Grupos,% Ocup.,Receita Quartos,Preço Médio,Saídas,Quartos FdS,Adul. / Cri.,setembro,Previsão,09-set-2026 qua,20,35,18,0,0,3,17,"14,81","3 044,25","152,21",4,0,39,344,946,132,0,0,113,231,"8,49","54 486,86","158,39",126,0,683,Total set,344,946,132,0,0,113,231,"8,49","54 486,86","158,39",126,0,683,Total,7670,3882,2572,0,0,6118,1552,"7,78","838 475,97","109,32",2698,0,14984
Data,Ocup,Opção,Cheg,Oferta/Uso Interno,Deduz. Individ.,Deduz. Grupos,% Ocup.,Receita Quartos,Preço Médio,Saídas,Quartos FdS,Adul. / Cri.,setembro,Previsão,10-set-2026 qui,20,39,0,0,0,3,17,"14,81","3 044,25","152,21",0,0,39,344,946,132,0,0,113,231,"8,49","54 486,86","158,39",126,0,683,Total set,344,946,132,0,0,113,231,"8,49","54 486,86","158,39",126,0,683,Total,7670,3882,2572,0,0,6118,1552,"7,78","838 475,97","109,32",2698,0,14984
Data,Ocup,Opção,Cheg,Oferta/Uso Interno,Deduz. Individ.,Deduz. Grupos,% Ocup.,Receita Quartos,Preço Médio,Saídas,Quartos FdS,Adul. / Cri.,setembro,Previsão,11-set-2026 sex,18,13,0,0,0,1,17,"13,33","2 700,91","150,05",2,0,35,344,946,132,0,0,113,231,"8,49","54 486,86","158,39",126,0,683,Total set,344,946,132,0,0,113,231,"8,49","54 486,86","158,39",126,0,683,Total,7670,3882,2572,0,0,6118,1552,"7,78","838 475,97","109,32",2698,0,14984
Data,Ocup,Opção,Cheg,Oferta/Uso Interno,Deduz. Individ.,Deduz. Grupos,% Ocup.,Receita Quartos,Preço Médio,Saídas,Quartos FdS,Adul. / Cri.,setembro,Previsão,12-set-2026 sáb,2,16,2,0,0,1,1,"1,48","318,48","159,24",18,0,3,344,946,132,0,0,113,231,"8,49","54 486,86","158,39",126,0,683,Total set,344,946,132,0,0,113,231,"8,49","54 486,86","158,39",126,0,683,Total,7670,3882,2572,0,0,6118,1552,"7,78","838 475,97","109,32",2698,0,14984
Data,Ocup,Opção,Cheg,Oferta/Uso Interno,Deduz. Individ.,Deduz. Grupos,% Ocup.,Receita Quartos,Preço Médio,Saídas,Quartos FdS,Adul. / Cri.,setembro,Previsão,13-set-2026 dom,1,35,0,0,0,1,0,"0,74","194,72","194,72",1,0,2,344,946,132,0,0,113,231,"8,49","54 486,86","158,39",126,0,683,Total set,344,946,132,0,0,113,231,"8,49","54 486,86","158,39",126,0,683,Total,7670,3882,2572,0,0,6118,1552,"7,78","838 475,97","109,32",2698,0,14984
Data,Ocup,Opção,Cheg,Oferta/Uso Interno,Deduz. Individ.,Deduz. Grupos,% Ocup.,Receita Quartos,Preço Médio,Saídas,Quartos FdS,Adul. / Cri.,setembro,Previsão,14-set-2026 seg,1,35,0,0,0,1,0,"0,74","194,72","194,72",0,0,2,344,946,132,0,0,113,231,"8,49","54 486,86","158,39",126,0,683,Total set,344,946,132,0,0,113,231,"8,49","54 486,86","158,39",126,0,683,Total,7670,3882,2572,0,0,6118,1552,"7,78","838 475,97","109,32",2698,0,14984
Data,Ocup,Opção,Cheg,Oferta/Uso Interno,Deduz. Individ.,Deduz. Grupos,% Ocup.,Receita Quartos,Preço Médio,Saídas,Quartos FdS,Adul. / Cri.,setembro,Previsão,15-set-2026 ter,2,26,2,0,0,1,1,"1,48","309,26","154,63",1,0,3,344,946,132,0,0,113,231,"8,49","54 486,86","158,39",126,0,683,Total set,344,946,132,0,0,113,231,"8,49","54 486,86","158,39",126,0,683,Total,7670,3882,2572,0,0,6118,1552,"7,78","838 475,97","109,32",2698,0,14984
Data,Ocup,Opção,Cheg,Oferta/Uso Interno,Deduz. Individ.,Deduz. Grupos,% Ocup.,Receita Quartos,Preço Médio,Saídas,Quartos FdS,Adul. / Cri.,setembro,Previsão,16-set-2026 qua,18,13,17,0,0,1,17,"13,33","2 588,83","143,82",1,0,35,344,946,132,0,0,113,231,"8,49","54 486,86","158,39",126,0,683,Total set,344,946,132,0,0,113,231,"8,49","54 486,86","158,39",126,0,683,Total,7670,3882,2572,0,0,6118,1552,"7,78","838 475,97","109,32",2698,0,14984
Data,Ocup,Opção,Cheg,Oferta/Uso Interno,Deduz. Individ.,Deduz. Grupos,% Ocup.,Receita Quartos,Preço Médio,Saídas,Quartos FdS,Adul. / Cri.,setembro,Previsão,17-set-2026 qui,20,16,2,0,0,2,18,"14,81","2 900,28","145,01",0,0,38,344,946,132,0,0,113,231,"8,49","54 486,86","158,39",126,0,683,Total set,344,946,132,0,0,113,231,"8,49","54 486,86","158,39",126,0,683,Total,7670,3882,2572,0,0,6118,1552,"7,78","838 475,97","109,32",2698,0,14984
Data,Ocup,Opção,Cheg,Oferta/Uso Interno,Deduz. Individ.,Deduz. Grupos,% Ocup.,Receita Quartos,Preço Médio,Saídas,Quartos FdS,Adul. / Cri.,setembro,Previsão,18-set-2026 sex,28,13,10,0,0,11,17,"20,74","5 060,82","180,74",2,0,60,344,946,132,0,0,113,231,"8,49","54 486,86","158,39",126,0,683,Total set,344,946,132,0,0,113,231,"8,49","54 486,86","158,39",126,0,683,Total,7670,3882,2572,0,0,6118,1552,"7,78","838 475,97","109,32",2698,0,14984
Data,Ocup,Opção,Cheg,Oferta/Uso Interno,Deduz. Individ.,Deduz. Grupos,% Ocup.,Receita Quartos,Preço Médio,Saídas,Quartos FdS,Adul. / Cri.,setembro,Previsão,19-set-2026 sáb,11,17,1,0,0,11,0,"8,15","2 827,47","257,04",18,0,28,344,946,132,0,0,113,231,"8,49","54 486,86","158,39",126,0,683,Total set,344,946,132,0,0,113,231,"8,49","54 486,86","158,39",126,0,683,Total,7670,3882,2572,0,0,6118,1552,"7,78","838 475,97","109,32",2698,0,14984
Data,Ocup,Opção,Cheg,Oferta/Uso Interno,Deduz. Individ.,Deduz. Grupos,% Ocup.,Receita Quartos,Preço Médio,Saídas,Quartos FdS,Adul. / Cri.,setembro,Previsão,20-set-2026 dom,11,35,0,0,0,11,0,"8,15","2 633,23","239,38",0,0,28,344,946,132,0,0,113,231,"8,49","54 486,86","158,39",126,0,683,Total set,344,946,132,0,0,113,231,"8,49","54 486,86","158,39",126,0,683,Total,7670,3882,2572,0,0,6118,1552,"7,78","838 475,97","109,32",2698,0,14984
Data,Ocup,Opção,Cheg,Oferta/Uso Interno,Deduz. Individ.,Deduz. Grupos,% Ocup.,Receita Quartos,Preço Médio,Saídas,Quartos FdS,Adul. / Cri.,setembro,Previsão,21-set-2026 seg,1,35,1,0,0,1,0,"0,74","219,79","219,79",11,0,2,344,946,132,0,0,113,231,"8,49","54 486,86","158,39",126,0,683,Total set,344,946,132,0,0,113,231,"8,49","54 486,86","158,39",126,0,683,Total,7670,3882,2572,0,0,6118,1552,"7,78","838 475,97","109,32",2698,0,14984
Data,Ocup,Opção,Cheg,Oferta/Uso Interno,Deduz. Individ.,Deduz. Grupos,% Ocup.,Receita Quartos,Preço Médio,Saídas,Quartos FdS,Adul. / Cri.,setembro,Previsão,22-set-2026 ter,4,46,3,0,0,3,1,"2,96","611,35","152,84",0,0,7,344,946,132,0,0,113,231,"8,49","54 486,86","158,39",126,0,683,Total set,344,946,132,0,0,113,231,"8,49","54 486,86","158,39",126,0,683,Total,7670,3882,2572,0,0,6118,1552,"7,78","838 475,97","109,32",2698,0,14984
Data,Ocup,Opção,Cheg,Oferta/Uso Interno,Deduz. Individ.,Deduz. Grupos,% Ocup.,Receita Quartos,Preço Médio,Saídas,Quartos FdS,Adul. / Cri.,setembro,Previsão,23-set-2026 qua,21,33,18,0,0,4,17,"15,56","3 036,97","144,62",1,0,41,344,946,132,0,0,113,231,"8,49","54 486,86","158,39",126,0,683,Total set,344,946,132,0,0,113,231,"8,49","54 486,86","158,39",126,0,683,Total,7670,3882,2572,0,0,6118,1552,"7,78","838 475,97","109,32",2698,0,14984
Data,Ocup,Opção,Cheg,Oferta/Uso Interno,Deduz. Individ.,Deduz. Grupos,% Ocup.,Receita Quartos,Preço Médio,Saídas,Quartos FdS,Adul. / Cri.,setembro,Previsão,24-set-2026 qui,22,37,2,0,0,5,17,"16,30","3 130,01","142,27",1,0,43,344,946,132,0,0,113,231,"8,49","54 486,86","158,39",126,0,683,Total set,344,946,132,0,0,113,231,"8,49","54 486,86","158,39",126,0,683,Total,7670,3882,2572,0,0,6118,1552,"7,78","838 475,97","109,32",2698,0,14984
Data,Ocup,Opção,Cheg,Oferta/Uso Interno,Deduz. Individ.,Deduz. Grupos,% Ocup.,Receita Quartos,Preço Médio,Saídas,Quartos FdS,Adul. / Cri.,setembro,Previsão,25-set-2026 sex,23,33,2,0,0,6,17,"17,04","3 410,35","148,28",1,0,45,344,946,132,0,0,113,231,"8,49","54 486,86","158,39",126,0,683,Total set,344,946,132,0,0,113,231,"8,49","54 486,86","158,39",126,0,683,Total,7670,3882,2572,0,0,6118,1552,"7,78","838 475,97","109,32",2698,0,14984
Data,Ocup,Opção,Cheg,Oferta/Uso Interno,Deduz. Individ.,Deduz. Grupos,% Ocup.,Receita Quartos,Preço Médio,Saídas,Quartos FdS,Adul. / Cri.,setembro,Previsão,26-set-2026 sáb,5,14,2,0,0,3,2,"3,70","655,38","131,08",20,0,10,344,946,132,0,0,113,231,"8,49","54 486,86","158,39",126,0,683,Total set,344,946,132,0,0,113,231,"8,49","54 486,86","158,39",126,0,683,Total,7670,3882,2572,0,0,6118,1552,"7,78","838 475,97","109,32",2698,0,14984
Data,Ocup,Opção,Cheg,Oferta/Uso Interno,Deduz. Individ.,Deduz. Grupos,% Ocup.,Receita Quartos,Preço Médio,Saídas,Quartos FdS,Adul. / Cri.,setembro,Previsão,27-set-2026 dom,0,36,0,0,0,0,0,-,-,NaN,5,0,0,344,946,132,0,0,113,231,"8,49","54 486,86","158,39",126,0,683,Total set,344,946,132,0,0,113,231,"8,49","54 486,86","158,39",126,0,683,Total,7670,3882,2572,0,0,6118,1552,"7,78","838 475,97","109,32",2698,0,14984
Data,Ocup,Opção,Cheg,Oferta/Uso Interno,Deduz. Individ.,Deduz. Grupos,% Ocup.,Receita Quartos,Preço Médio,Saídas,Quartos FdS,Adul. / Cri.,setembro,Previsão,28-set-2026 seg,3,56,3,0,0,3,0,"2,22","557,89","185,96",0,0,6,344,946,132,0,0,113,231,"8,49","54 486,86","158,39",126,0,683,Total set,344,946,132,0,0,113,231,"8,49","54 486,86","158,39",126,0,683,Total,7670,3882,2572,0,0,6118,1552,"7,78","838 475,97","109,32",2698,0,14984
Data,Ocup,Opção,Cheg,Oferta/Uso Interno,Deduz. Individ.,Deduz. Grupos,% Ocup.,Receita Quartos,Preço Médio,Saídas,Quartos FdS,Adul. / Cri.,setembro,Previsão,29-set-2026 ter,3,69,1,0,0,2,1,"2,22","656,10","218,70",1,0,5,344,946,132,0,0,113,231,"8,49","54 486,86","158,39",126,0,683,Total set,344,946,132,0,0,113,231,"8,49","54 486,86","158,39",126,0,683,Total,7670,3882,2572,0,0,6118,1552,"7,78","838 475,97","109,32",2698,0,14984
Data,Ocup,Opção,Cheg,Oferta/Uso Interno,Deduz. Individ.,Deduz. Grupos,% Ocup.,Receita Quartos,Preço Médio,Saídas,Quartos FdS,Adul. / Cri.,setembro,Previsão,30-set-2026 qua,17,55,16,0,0,0,17,"12,59","2 494,59","146,74",2,0,33,344,946,132,0,0,113,231,"8,49","54 486,86","158,39",126,0,683,Total set,344,946,132,0,0,113,231,"8,49","54 486,86","158,39",126,0,683,Total,7670,3882,2572,0,0,6118,1552,"7,78","838 475,97","109,32",2698,0,14984
Data,Ocup,Opção,Cheg,Oferta/Uso Interno,Deduz. Individ.,Deduz. Grupos,% Ocup.,Receita Quartos,Preço Médio,Saídas,Quartos FdS,Adul. / Cri.,outubro,Previsão,01-out-2026 qui,17,39,0,0,0,0,17,"12,59","2 494,59","146,74",0,0,33,310,486,101,0,0,67,243,"7,41","46 628,79","150,42",118,0,610,Total out,310,486,101,0,0,67,243,"7,41","46 628,79","150,42",118,0,610,Total,7670,3882,2572,0,0,6118,1552,"7,78","838 475,97","109,32",2698,0,14984
Data,Ocup,Opção,Cheg,Oferta/Uso Interno,Deduz. Individ.,Deduz. Grupos,% Ocup.,Receita Quartos,Preço Médio,Saídas,Quartos FdS,Adul. / Cri.,outubro,Previsão,02-out-2026 sex,17,13,0,0,0,0,17,"12,59","2 494,59","146,74",0,0,33,310,486,101,0,0,67,243,"7,41","46 628,79","150,42",118,0,610,Total out,310,486,101,0,0,67,243,"7,41","46 628,79","150,42",118,0,610,Total,7670,3882,2572,0,0,6118,1552,"7,78","838 475,97","109,32",2698,0,14984
Data,Ocup,Opção,Cheg,Oferta/Uso Interno,Deduz. Individ.,Deduz. Grupos,% Ocup.,Receita Quartos,Preço Médio,Saídas,Quartos FdS,Adul. / Cri.,outubro,Previsão,03-out-2026 sáb,0,18,0,0,0,0,0,-,-,NaN,17,0,0,310,486,101,0,0,67,243,"7,41","46 628,79","150,42",118,0,610,Total out,310,486,101,0,0,67,243,"7,41","46 628,79","150,42",118,0,610,Total,7670,3882,2572,0,0,6118,1552,"7,78","838 475,97","109,32",2698,0,14984
Data,Ocup,Opção,Cheg,Oferta/Uso Interno,Deduz. Individ.,Deduz. Grupos,% Ocup.,Receita Quartos,Preço Médio,Saídas,Quartos FdS,Adul. / Cri.,outubro,Previsão,04-out-2026 dom,2,14,2,0,0,2,0,"1,48","359,21","179,60",0,0,4,310,486,101,0,0,67,243,"7,41","46 628,79","150,42",118,0,610,Total out,310,486,101,0,0,67,243,"7,41","46 628,79","150,42",118,0,610,Total,7670,3882,2572,0,0,6118,1552,"7,78","838 475,97","109,32",2698,0,14984
Data,Ocup,Opção,Cheg,Oferta/Uso Interno,Deduz. Individ.,Deduz. Grupos,% Ocup.,Receita Quartos,Preço Médio,Saídas,Quartos FdS,Adul. / Cri.,outubro,Previsão,05-out-2026 seg,9,14,7,0,0,9,0,"6,67","1 459,99","162,22",0,0,15,310,486,101,0,0,67,243,"7,41","46 628,79","150,42",118,0,610,Total out,310,486,101,0,0,67,243,"7,41","46 628,79","150,42",118,0,610,Total,7670,3882,2572,0,0,6118,1552,"7,78","838 475,97","109,32",2698,0,14984
Data,Ocup,Opção,Cheg,Oferta/Uso Interno,Deduz. Individ.,Deduz. Grupos,% Ocup.,Receita Quartos,Preço Médio,Saídas,Quartos FdS,Adul. / Cri.,outubro,Previsão,06-out-2026 ter,12,5,3,0,0,10,2,"8,89","1 867,49","155,62",0,0,20,310,486,101,0,0,67,243,"7,41","46 628,79","150,42",118,0,610,Total out,310,486,101,0,0,67,243,"7,41","46 628,79","150,42",118,0,610,Total,7670,3882,2572,0,0,6118,1552,"7,78","838 475,97","109,32",2698,0,14984
Data,Ocup,Opção,Cheg,Oferta/Uso Interno,Deduz. Individ.,Deduz. Grupos,% Ocup.,Receita Quartos,Preço Médio,Saídas,Quartos FdS,Adul. / Cri.,outubro,Previsão,07-out-2026 qua,18,14,17,0,0,1,17,"13,33","2 603,73","144,65",11,0,35,310,486,101,0,0,67,243,"7,41","46 628,79","150,42",118,0,610,Total out,310,486,101,0,0,67,243,"7,41","46 628,79","150,42",118,0,610,Total,7670,3882,2572,0,0,6118,1552,"7,78","838 475,97","109,32",2698,0,14984
Data,Ocup,Opção,Cheg,Oferta/Uso Interno,Deduz. Individ.,Deduz. Grupos,% Ocup.,Receita Quartos,Preço Médio,Saídas,Quartos FdS,Adul. / Cri.,outubro,Previsão,08-out-2026 qui,18,18,0,0,0,1,17,"13,33","2 603,73","144,65",0,0,35,310,486,101,0,0,67,243,"7,41","46 628,79","150,42",118,0,610,Total out,310,486,101,0,0,67,243,"7,41","46 628,79","150,42",118,0,610,Total,7670,3882,2572,0,0,6118,1552,"7,78","838 475,97","109,32",2698,0,14984
Data,Ocup,Opção,Cheg,Oferta/Uso Interno,Deduz. Individ.,Deduz. Grupos,% Ocup.,Receita Quartos,Preço Médio,Saídas,Quartos FdS,Adul. / Cri.,outubro,Previsão,09-out-2026 sex,19,14,1,0,0,2,17,"14,07","2 759,91","145,26",0,0,37,310,486,101,0,0,67,243,"7,41","46 628,79","150,42",118,0,610,Total out,310,486,101,0,0,67,243,"7,41","46 628,79","150,42",118,0,610,Total,7670,3882,2572,0,0,6118,1552,"7,78","838 475,97","109,32",2698,0,14984
Data,Ocup,Opção,Cheg,Oferta/Uso Interno,Deduz. Individ.,Deduz. Grupos,% Ocup.,Receita Quartos,Preço Médio,Saídas,Quartos FdS,Adul. / Cri.,outubro,Previsão,10-out-2026 sáb,5,48,4,0,0,5,0,"3,70","1 525,96","305,19",18,0,17,310,486,101,0,0,67,243,"7,41","46 628,79","150,42",118,0,610,Total out,310,486,101,0,0,67,243,"7,41","46 628,79","150,42",118,0,610,Total,7670,3882,2572,0,0,6118,1552,"7,78","838 475,97","109,32",2698,0,14984
Data,Ocup,Opção,Cheg,Oferta/Uso Interno,Deduz. Individ.,Deduz. Grupos,% Ocup.,Receita Quartos,Preço Médio,Saídas,Quartos FdS,Adul. / Cri.,outubro,Previsão,11-out-2026 dom,4,44,0,0,0,4,0,"2,96","1 273,21","318,30",1,0,15,310,486,101,0,0,67,243,"7,41","46 628,79","150,42",118,0,610,Total out,310,486,101,0,0,67,243,"7,41","46 628,79","150,42",118,0,610,Total,7670,3882,2572,0,0,6118,1552,"7,78","838 475,97","109,32",2698,0,14984
Data,Ocup,Opção,Cheg,Oferta/Uso Interno,Deduz. Individ.,Deduz. Grupos,% Ocup.,Receita Quartos,Preço Médio,Saídas,Quartos FdS,Adul. / Cri.,outubro,Previsão,12-out-2026 seg,0,44,0,0,0,0,0,-,-,NaN,4,0,0,310,486,101,0,0,67,243,"7,41","46 628,79","150,42",118,0,610,Total out,310,486,101,0,0,67,243,"7,41","46 628,79","150,42",118,0,610,Total,7670,3882,2572,0,0,6118,1552,"7,78","838 475,97","109,32",2698,0,14984
Data,Ocup,Opção,Cheg,Oferta/Uso Interno,Deduz. Individ.,Deduz. Grupos,% Ocup.,Receita Quartos,Preço Médio,Saídas,Quartos FdS,Adul. / Cri.,outubro,Previsão,13-out-2026 ter,4,35,4,0,0,3,1,"2,96","600,91","150,23",0,0,7,310,486,101,0,0,67,243,"7,41","46 628,79","150,42",118,0,610,Total out,310,486,101,0,0,67,243,"7,41","46 628,79","150,42",118,0,610,Total,7670,3882,2572,0,0,6118,1552,"7,78","838 475,97","109,32",2698,0,14984
Data,Ocup,Opção,Cheg,Oferta/Uso Interno,Deduz. Individ.,Deduz. Grupos,% Ocup.,Receita Quartos,Preço Médio,Saídas,Quartos FdS,Adul. / Cri.,outubro,Previsão,14-out-2026 qua,18,14,16,0,0,1,17,"13,33","2 607,75","144,87",2,0,35,310,486,101,0,0,67,243,"7,41","46 628,79","150,42",118,0,610,Total out,310,486,101,0,0,67,243,"7,41","46 628,79","150,42",118,0,610,Total,7670,3882,2572,0,0,6118,1552,"7,78","838 475,97","109,32",2698,0,14984
Data,Ocup,Opção,Cheg,Oferta/Uso Interno,Deduz. Individ.,Deduz. Grupos,% Ocup.,Receita Quartos,Preço Médio,Saídas,Quartos FdS,Adul. / Cri.,outubro,Previsão,15-out-2026 qui,17,19,0,0,0,0,17,"12,59","2 494,59","146,74",1,0,33,310,486,101,0,0,67,243,"7,41","46 628,79","150,42",118,0,610,Total out,310,486,101,0,0,67,243,"7,41","46 628,79","150,42",118,0,610,Total,7670,3882,2572,0,0,6118,1552,"7,78","838 475,97","109,32",2698,0,14984
Data,Ocup,Opção,Cheg,Oferta/Uso Interno,Deduz. Individ.,Deduz. Grupos,% Ocup.,Receita Quartos,Preço Médio,Saídas,Quartos FdS,Adul. / Cri.,outubro,Previsão,16-out-2026 sex,19,15,2,0,0,2,17,"14,07","2 833,37","149,12",0,0,37,310,486,101,0,0,67,243,"7,41","46 628,79","150,42",118,0,610,Total out,310,486,101,0,0,67,243,"7,41","46 628,79","150,42",118,0,610,Total,7670,3882,2572,0,0,6118,1552,"7,78","838 475,97","109,32",2698,0,14984
Data,Ocup,Opção,Cheg,Oferta/Uso Interno,Deduz. Individ.,Deduz. Grupos,% Ocup.,Receita Quartos,Preço Médio,Saídas,Quartos FdS,Adul. / Cri.,outubro,Previsão,17-out-2026 sáb,2,18,0,0,0,2,0,"1,48","338,77","169,39",17,0,4,310,486,101,0,0,67,243,"7,41","46 628,79","150,42",118,0,610,Total out,310,486,101,0,0,67,243,"7,41","46 628,79","150,42",118,0,610,Total,7670,3882,2572,0,0,6118,1552,"7,78","838 475,97","109,32",2698,0,14984
Data,Ocup,Opção,Cheg,Oferta/Uso Interno,Deduz. Individ.,Deduz. Grupos,% Ocup.,Receita Quartos,Preço Médio,Saídas,Quartos FdS,Adul. / Cri.,outubro,Previsão,18-out-2026 dom,2,14,2,0,0,2,0,"1,48","204,28","102,14",2,0,4,310,486,101,0,0,67,243,"7,41","46 628,79","150,42",118,0,610,Total out,310,486,101,0,0,67,243,"7,41","46 628,79","150,42",118,0,610,Total,7670,3882,2572,0,0,6118,1552,"7,78","838 475,97","109,32",2698,0,14984
Data,Ocup,Opção,Cheg,Oferta/Uso Interno,Deduz. Individ.,Deduz. Grupos,% Ocup.,Receita Quartos,Preço Médio,Saídas,Quartos FdS,Adul. / Cri.,outubro,Previsão,19-out-2026 seg,4,13,2,0,0,4,0,"2,96","422,55","105,64",0,0,8,310,486,101,0,0,67,243,"7,41","46 628,79","150,42",118,0,610,Total out,310,486,101,0,0,67,243,"7,41","46 628,79","150,42",118,0,610,Total,7670,3882,2572,0,0,6118,1552,"7,78","838 475,97","109,32",2698,0,14984
Data,Ocup,Opção,Cheg,Oferta/Uso Interno,Deduz. Individ.,Deduz. Grupos,% Ocup.,Receita Quartos,Preço Médio,Saídas,Quartos FdS,Adul. / Cri.,outubro,Previsão,20-out-2026 ter,8,0,5,0,0,7,1,"5,93","1 081,46","135,18",1,0,15,310,486,101,0,0,67,243,"7,41","46 628,79","150,42",118,0,610,Total out,310,486,101,0,0,67,243,"7,41","46 628,79","150,42",118,0,610,Total,7670,3882,2572,0,0,6118,1552,"7,78","838 475,97","109,32",2698,0,14984
Data,Ocup,Opção,Cheg,Oferta/Uso Interno,Deduz. Individ.,Deduz. Grupos,% Ocup.,Receita Quartos,Preço Médio,Saídas,Quartos FdS,Adul. / Cri.,outubro,Previsão,21-out-2026 qua,20,0,17,0,0,3,17,"14,81","2 821,99","141,10",5,0,39,310,486,101,0,0,67,243,"7,41","46 628,79","150,42",118,0,610,Total out,310,486,101,0,0,67,243,"7,41","46 628,79","150,42",118,0,610,Total,7670,3882,2572,0,0,6118,1552,"7,78","838 475,97","109,32",2698,0,14984
Data,Ocup,Opção,Cheg,Oferta/Uso Interno,Deduz. Individ.,Deduz. Grupos,% Ocup.,Receita Quartos,Preço Médio,Saídas,Quartos FdS,Adul. / Cri.,outubro,Previsão,22-out-2026 qui,19,4,1,0,0,2,17,"14,07","2 763,35","145,44",2,0,37,310,486,101,0,0,67,243,"7,41","46 628,79","150,42",118,0,610,Total out,310,486,101,0,0,67,243,"7,41","46 628,79","150,42",118,0,610,Total,7670,3882,2572,0,0,6118,1552,"7,78","838 475,97","109,32",2698,0,14984
Data,Ocup,Opção,Cheg,Oferta/Uso Interno,Deduz. Individ.,Deduz. Grupos,% Ocup.,Receita Quartos,Preço Médio,Saídas,Quartos FdS,Adul. / Cri.,outubro,Previsão,23-out-2026 sex,19,13,0,0,0,2,17,"14,07","2 772,41","145,92",0,0,37,310,486,101,0,0,67,243,"7,41","46 628,79","150,42",118,0,610,Total out,310,486,101,0,0,67,243,"7,41","46 628,79","150,42",118,0,610,Total,7670,3882,2572,0,0,6118,1552,"7,78","838 475,97","109,32",2698,0,14984
Data,Ocup,Opção,Cheg,Oferta/Uso Interno,Deduz. Individ.,Deduz. Grupos,% Ocup.,Receita Quartos,Preço Médio,Saídas,Quartos FdS,Adul. / Cri.,outubro,Previsão,24-out-2026 sáb,1,17,0,0,0,1,0,"0,74","146,04","146,04",18,0,2,310,486,101,0,0,67,243,"7,41","46 628,79","150,42",118,0,610,Total out,310,486,101,0,0,67,243,"7,41","46 628,79","150,42",118,0,610,Total,7670,3882,2572,0,0,6118,1552,"7,78","838 475,97","109,32",2698,0,14984
Data,Ocup,Opção,Cheg,Oferta/Uso Interno,Deduz. Individ.,Deduz. Grupos,% Ocup.,Receita Quartos,Preço Médio,Saídas,Quartos FdS,Adul. / Cri.,outubro,Previsão,25-out-2026 dom,1,26,0,0,0,1,0,"0,74","146,04","146,04",0,0,2,310,486,101,0,0,67,243,"7,41","46 628,79","150,42",118,0,610,Total out,310,486,101,0,0,67,243,"7,41","46 628,79","150,42",118,0,610,Total,7670,3882,2572,0,0,6118,1552,"7,78","838 475,97","109,32",2698,0,14984
Data,Ocup,Opção,Cheg,Oferta/Uso Interno,Deduz. Individ.,Deduz. Grupos,% Ocup.,Receita Quartos,Preço Médio,Saídas,Quartos FdS,Adul. / Cri.,outubro,Previsão,26-out-2026 seg,0,13,0,0,0,0,0,-,-,NaN,1,0,0,310,486,101,0,0,67,243,"7,41","46 628,79","150,42",118,0,610,Total out,310,486,101,0,0,67,243,"7,41","46 628,79","150,42",118,0,610,Total,7670,3882,2572,0,0,6118,1552,"7,78","838 475,97","109,32",2698,0,14984
Data,Ocup,Opção,Cheg,Oferta/Uso Interno,Deduz. Individ.,Deduz. Grupos,% Ocup.,Receita Quartos,Preço Médio,Saídas,Quartos FdS,Adul. / Cri.,outubro,Previsão,27-out-2026 ter,2,0,2,0,0,1,1,"1,48","250,82","125,41",0,0,3,310,486,101,0,0,67,243,"7,41","46 628,79","150,42",118,0,610,Total out,310,486,101,0,0,67,243,"7,41","46 628,79","150,42",118,0,610,Total,7670,3882,2572,0,0,6118,1552,"7,78","838 475,97","109,32",2698,0,14984
Data,Ocup,Opção,Cheg,Oferta/Uso Interno,Deduz. Individ.,Deduz. Grupos,% Ocup.,Receita Quartos,Preço Médio,Saídas,Quartos FdS,Adul. / Cri.,outubro,Previsão,28-out-2026 qua,18,0,16,0,0,1,17,"13,33","2 603,73","144,65",0,0,35,310,486,101,0,0,67,243,"7,41","46 628,79","150,42",118,0,610,Total out,310,486,101,0,0,67,243,"7,41","46 628,79","150,42",118,0,610,Total,7670,3882,2572,0,0,6118,1552,"7,78","838 475,97","109,32",2698,0,14984
Data,Ocup,Opção,Cheg,Oferta/Uso Interno,Deduz. Individ.,Deduz. Grupos,% Ocup.,Receita Quartos,Preço Médio,Saídas,Quartos FdS,Adul. / Cri.,outubro,Previsão,29-out-2026 qui,18,0,0,0,0,1,17,"13,33","2 603,73","144,65",0,0,35,310,486,101,0,0,67,243,"7,41","46 628,79","150,42",118,0,610,Total out,310,486,101,0,0,67,243,"7,41","46 628,79","150,42",118,0,610,Total,7670,3882,2572,0,0,6118,1552,"7,78","838 475,97","109,32",2698,0,14984
Data,Ocup,Opção,Cheg,Oferta/Uso Interno,Deduz. Individ.,Deduz. Grupos,% Ocup.,Receita Quartos,Preço Médio,Saídas,Quartos FdS,Adul. / Cri.,outubro,Previsão,30-out-2026 sex,17,0,0,0,0,0,17,"12,59","2 494,59","146,74",1,0,33,310,486,101,0,0,67,243,"7,41","46 628,79","150,42",118,0,610,Total out,310,486,101,0,0,67,243,"7,41","46 628,79","150,42",118,0,610,Total,7670,3882,2572,0,0,6118,1552,"7,78","838 475,97","109,32",2698,0,14984
Data,Ocup,Opção,Cheg,Oferta/Uso Interno,Deduz. Individ.,Deduz. Grupos,% Ocup.,Receita Quartos,Preço Médio,Saídas,Quartos FdS,Adul. / Cri.,outubro,Previsão,31-out-2026 sáb,0,0,0,0,0,0,0,-,-,NaN,17,0,0,310,486,101,0,0,67,243,"7,41","46 628,79","150,42",118,0,610,Total out,310,486,101,0,0,67,243,"7,41","46 628,79","150,42",118,0,610,Total,7670,3882,2572,0,0,6118,1552,"7,78","838 475,97","109,32",2698,0,14984
Data,Ocup,Opção,Cheg,Oferta/Uso Interno,Deduz. Individ.,Deduz. Grupos,% Ocup.,Receita Quartos,Preço Médio,Saídas,Quartos FdS,Adul. / Cri.,novembro,Previsão,01-nov-2026 dom,1,0,1,0,0,1,0,"0,74","79,70","79,70",0,0,2,14,147,5,0,0,14,0,"0,35","1 457,61","104,12",5,0,23,Total nov,14,147,5,0,0,14,0,"0,35","1 457,61","104,12",5,0,23,Total,7670,3882,2572,0,0,6118,1552,"7,78","838 475,97","109,32",2698,0,14984
Data,Ocup,Opção,Cheg,Oferta/Uso Interno,Deduz. Individ.,Deduz. Grupos,% Ocup.,Receita Quartos,Preço Médio,Saídas,Quartos FdS,Adul. / Cri.,novembro,Previsão,02-nov-2026 seg,1,0,0,0,0,1,0,"0,74","79,70","79,70",0,0,2,14,147,5,0,0,14,0,"0,35","1 457,61","104,12",5,0,23,Total nov,14,147,5,0,0,14,0,"0,35","1 457,61","104,12",5,0,23,Total,7670,3882,2572,0,0,6118,1552,"7,78","838 475,97","109,32",2698,0,14984
Data,Ocup,Opção,Cheg,Oferta/Uso Interno,Deduz. Individ.,Deduz. Grupos,% Ocup.,Receita Quartos,Preço Médio,Saídas,Quartos FdS,Adul. / Cri.,novembro,Previsão,03-nov-2026 ter,1,0,0,0,0,1,0,"0,74","79,70","79,70",0,0,2,14,147,5,0,0,14,0,"0,35","1 457,61","104,12",5,0,23,Total nov,14,147,5,0,0,14,0,"0,35","1 457,61","104,12",5,0,23,Total,7670,3882,2572,0,0,6118,1552,"7,78","838 475,97","109,32",2698,0,14984
Data,Ocup,Opção,Cheg,Oferta/Uso Interno,Deduz. Individ.,Deduz. Grupos,% Ocup.,Receita Quartos,Preço Médio,Saídas,Quartos FdS,Adul. / Cri.,novembro,Previsão,04-nov-2026 qua,1,0,0,0,0,1,0,"0,74","79,70","79,70",0,0,2,14,147,5,0,0,14,0,"0,35","1 457,61","104,12",5,0,23,Total nov,14,147,5,0,0,14,0,"0,35","1 457,61","104,12",5,0,23,Total,7670,3882,2572,0,0,6118,1552,"7,78","838 475,97","109,32",2698,0,14984
Data,Ocup,Opção,Cheg,Oferta/Uso Interno,Deduz. Individ.,Deduz. Grupos,% Ocup.,Receita Quartos,Preço Médio,Saídas,Quartos FdS,Adul. / Cri.,novembro,Previsão,05-nov-2026 qui,0,0,0,0,0,0,0,-,-,NaN,1,0,0,14,147,5,0,0,14,0,"0,35","1 457,61","104,12",5,0,23,Total nov,14,147,5,0,0,14,0,"0,35","1 457,61","104,12",5,0,23,Total,7670,3882,2572,0,0,6118,1552,"7,78","838 475,97","109,32",2698,0,14984
Data,Ocup,Opção,Cheg,Oferta/Uso Interno,Deduz. Individ.,Deduz. Grupos,% Ocup.,Receita Quartos,Preço Médio,Saídas,Quartos FdS,Adul. / Cri.,novembro,Previsão,06-nov-2026 sex,1,0,1,0,0,1,0,"0,74","127,02","127,02",0,0,1,14,147,5,0,0,14,0,"0,35","1 457,61","104,12",5,0,23,Total nov,14,147,5,0,0,14,0,"0,35","1 457,61","104,12",5,0,23,Total,7670,3882,2572,0,0,6118,1552,"7,78","838 475,97","109,32",2698,0,14984
Data,Ocup,Opção,Cheg,Oferta/Uso Interno,Deduz. Individ.,Deduz. Grupos,% Ocup.,Receita Quartos,Preço Médio,Saídas,Quartos FdS,Adul. / Cri.,novembro,Previsão,07-nov-2026 sáb,1,0,0,0,0,1,0,"0,74","127,02","127,02",0,0,1,14,147,5,0,0,14,0,"0,35","1 457,61","104,12",5,0,23,Total nov,14,147,5,0,0,14,0,"0,35","1 457,61","104,12",5,0,23,Total,7670,3882,2572,0,0,6118,1552,"7,78","838 475,97","109,32",2698,0,14984
Data,Ocup,Opção,Cheg,Oferta/Uso Interno,Deduz. Individ.,Deduz. Grupos,% Ocup.,Receita Quartos,Preço Médio,Saídas,Quartos FdS,Adul. / Cri.,novembro,Previsão,08-nov-2026 dom,1,0,0,0,0,1,0,"0,74","112,58","112,58",0,0,1,14,147,5,0,0,14,0,"0,35","1 457,61","104,12",5,0,23,Total nov,14,147,5,0,0,14,0,"0,35","1 457,61","104,12",5,0,23,Total,7670,3882,2572,0,0,6118,1552,"7,78","838 475,97","109,32",2698,0,14984
Data,Ocup,Opção,Cheg,Oferta/Uso Interno,Deduz. Individ.,Deduz. Grupos,% Ocup.,Receita Quartos,Preço Médio,Saídas,Quartos FdS,Adul. / Cri.,novembro,Previsão,09-nov-2026 seg,0,0,0,0,0,0,0,-,-,NaN,1,0,0,14,147,5,0,0,14,0,"0,35","1 457,61","104,12",5,0,23,Total nov,14,147,5,0,0,14,0,"0,35","1 457,61","104,12",5,0,23,Total,7670,3882,2572,0,0,6118,1552,"7,78","838 475,97","109,32",2698,0,14984
Data,Ocup,Opção,Cheg,Oferta/Uso Interno,Deduz. Individ.,Deduz. Grupos,% Ocup.,Receita Quartos,Preço Médio,Saídas,Quartos FdS,Adul. / Cri.,novembro,Previsão,10-nov-2026 ter,0,0,0,0,0,0,0,-,-,NaN,0,0,0,14,147,5,0,0,14,0,"0,35","1 457,61","104,12",5,0,23,Total nov,14,147,5,0,0,14,0,"0,35","1 457,61","104,12",5,0,23,Total,7670,3882,2572,0,0,6118,1552,"7,78","838 475,97","109,32",2698,0,14984
Data,Ocup,Opção,Cheg,Oferta/Uso Interno,Deduz. Individ.,Deduz. Grupos,% Ocup.,Receita Quartos,Preço Médio,Saídas,Quartos FdS,Adul. / Cri.,novembro,Previsão,11-nov-2026 qua,0,0,0,0,0,0,0,-,-,NaN,0,0,0,14,147,5,0,0,14,0,"0,35","1 457,61","104,12",5,0,23,Total nov,14,147,5,0,0,14,0,"0,35","1 457,61","104,12",5,0,23,Total,7670,3882,2572,0,0,6118,1552,"7,78","838 475,97","109,32",2698,0,14984
Data,Ocup,Opção,Cheg,Oferta/Uso Interno,Deduz. Individ.,Deduz. Grupos,% Ocup.,Receita Quartos,Preço Médio,Saídas,Quartos FdS,Adul. / Cri.,novembro,Previsão,12-nov-2026 qui,0,0,0,0,0,0,0,-,-,NaN,0,0,0,14,147,5,0,0,14,0,"0,35","1 457,61","104,12",5,0,23,Total nov,14,147,5,0,0,14,0,"0,35","1 457,61","104,12",5,0,23,Total,7670,3882,2572,0,0,6118,1552,"7,78","838 475,97","109,32",2698,0,14984
Data,Ocup,Opção,Cheg,Oferta/Uso Interno,Deduz. Individ.,Deduz. Grupos,% Ocup.,Receita Quartos,Preço Médio,Saídas,Quartos FdS,Adul. / Cri.,novembro,Previsão,13-nov-2026 sex,0,0,0,0,0,0,0,-,-,NaN,0,0,0,14,147,5,0,0,14,0,"0,35","1 457,61","104,12",5,0,23,Total nov,14,147,5,0,0,14,0,"0,35","1 457,61","104,12",5,0,23,Total,7670,3882,2572,0,0,6118,1552,"7,78","838 475,97","109,32",2698,0,14984
Data,Ocup,Opção,Cheg,Oferta/Uso Interno,Deduz. Individ.,Deduz. Grupos,% Ocup.,Receita Quartos,Preço Médio,Saídas,Quartos FdS,Adul. / Cri.,novembro,Previsão,14-nov-2026 sáb,0,11,0,0,0,0,0,-,-,NaN,0,0,0,14,147,5,0,0,14,0,"0,35","1 457,61","104,12",5,0,23,Total nov,14,147,5,0,0,14,0,"0,35","1 457,61","104,12",5,0,23,Total,7670,3882,2572,0,0,6118,1552,"7,78","838 475,97","109,32",2698,0,14984
Data,Ocup,Opção,Cheg,Oferta/Uso Interno,Deduz. Individ.,Deduz. Grupos,% Ocup.,Receita Quartos,Preço Médio,Saídas,Quartos FdS,Adul. / Cri.,novembro,Previsão,15-nov-2026 dom,0,13,0,0,0,0,0,-,-,NaN,0,0,0,14,147,5,0,0,14,0,"0,35","1 457,61","104,12",5,0,23,Total nov,14,147,5,0,0,14,0,"0,35","1 457,61","104,12",5,0,23,Total,7670,3882,2572,0,0,6118,1552,"7,78","838 475,97","109,32",2698,0,14984
Data,Ocup,Opção,Cheg,Oferta/Uso Interno,Deduz. Individ.,Deduz. Grupos,% Ocup.,Receita Quartos,Preço Médio,Saídas,Quartos FdS,Adul. / Cri.,novembro,Previsão,16-nov-2026 seg,0,33,0,0,0,0,0,-,-,NaN,0,0,0,14,147,5,0,0,14,0,"0,35","1 457,61","104,12",5,0,23,Total nov,14,147,5,0,0,14,0,"0,35","1 457,61","104,12",5,0,23,Total,7670,3882,2572,0,0,6118,1552,"7,78","838 475,97","109,32",2698,0,14984
Data,Ocup,Opção,Cheg,Oferta/Uso Interno,Deduz. Individ.,Deduz. Grupos,% Ocup.,Receita Quartos,Preço Médio,Saídas,Quartos FdS,Adul. / Cri.,novembro,Previsão,17-nov-2026 ter,1,20,1,0,0,1,0,"0,74","132,45","132,45",0,0,2,14,147,5,0,0,14,0,"0,35","1 457,61","104,12",5,0,23,Total nov,14,147,5,0,0,14,0,"0,35","1 457,61","104,12",5,0,23,Total,7670,3882,2572,0,0,6118,1552,"7,78","838 475,97","109,32",2698,0,14984
Data,Ocup,Opção,Cheg,Oferta/Uso Interno,Deduz. Individ.,Deduz. Grupos,% Ocup.,Receita Quartos,Preço Médio,Saídas,Quartos FdS,Adul. / Cri.,novembro,Previsão,18-nov-2026 qua,1,20,0,0,0,1,0,"0,74","132,45","132,45",0,0,2,14,147,5,0,0,14,0,"0,35","1 457,61","104,12",5,0,23,Total nov,14,147,5,0,0,14,0,"0,35","1 457,61","104,12",5,0,23,Total,7670,3882,2572,0,0,6118,1552,"7,78","838 475,97","109,32",2698,0,14984
Data,Ocup,Opção,Cheg,Oferta/Uso Interno,Deduz. Individ.,Deduz. Grupos,% Ocup.,Receita Quartos,Preço Médio,Saídas,Quartos FdS,Adul. / Cri.,novembro,Previsão,19-nov-2026 qui,0,20,0,0,0,0,0,-,-,NaN,1,0,0,14,147,5,0,0,14,0,"0,35","1 457,61","104,12",5,0,23,Total nov,14,147,5,0,0,14,0,"0,35","1 457,61","104,12",5,0,23,Total,7670,3882,2572,0,0,6118,1552,"7,78","838 475,97","109,32",2698,0,14984
Data,Ocup,Opção,Cheg,Oferta/Uso Interno,Deduz. Individ.,Deduz. Grupos,% Ocup.,Receita Quartos,Preço Médio,Saídas,Quartos FdS,Adul. / Cri.,novembro,Previsão,20-nov-2026 sex,0,0,0,0,0,0,0,-,-,NaN,0,0,0,14,147,5,0,0,14,0,"0,35","1 457,61","104,12",5,0,23,Total nov,14,147,5,0,0,14,0,"0,35","1 457,61","104,12",5,0,23,Total,7670,3882,2572,0,0,6118,1552,"7,78","838 475,97","109,32",2698,0,14984
Data,Ocup,Opção,Cheg,Oferta/Uso Interno,Deduz. Individ.,Deduz. Grupos,% Ocup.,Receita Quartos,Preço Médio,Saídas,Quartos FdS,Adul. / Cri.,novembro,Previsão,21-nov-2026 sáb,0,4,0,0,0,0,0,-,-,NaN,0,0,0,14,147,5,0,0,14,0,"0,35","1 457,61","104,12",5,0,23,Total nov,14,147,5,0,0,14,0,"0,35","1 457,61","104,12",5,0,23,Total,7670,3882,2572,0,0,6118,1552,"7,78","838 475,97","109,32",2698,0,14984
Data,Ocup,Opção,Cheg,Oferta/Uso Interno,Deduz. Individ.,Deduz. Grupos,% Ocup.,Receita Quartos,Preço Médio,Saídas,Quartos FdS,Adul. / Cri.,novembro,Previsão,22-nov-2026 dom,0,13,0,0,0,0,0,-,-,NaN,0,0,0,14,147,5,0,0,14,0,"0,35","1 457,61","104,12",5,0,23,Total nov,14,147,5,0,0,14,0,"0,35","1 457,61","104,12",5,0,23,Total,7670,3882,2572,0,0,6118,1552,"7,78","838 475,97","109,32",2698,0,14984
Data,Ocup,Opção,Cheg,Oferta/Uso Interno,Deduz. Individ.,Deduz. Grupos,% Ocup.,Receita Quartos,Preço Médio,Saídas,Quartos FdS,Adul. / Cri.,novembro,Previsão,23-nov-2026 seg,1,13,1,0,0,1,0,"0,74","113,97","113,97",0,0,2,14,147,5,0,0,14,0,"0,35","1 457,61","104,12",5,0,23,Total nov,14,147,5,0,0,14,0,"0,35","1 457,61","104,12",5,0,23,Total,7670,3882,2572,0,0,6118,1552,"7,78","838 475,97","109,32",2698,0,14984
Data,Ocup,Opção,Cheg,Oferta/Uso Interno,Deduz. Individ.,Deduz. Grupos,% Ocup.,Receita Quartos,Preço Médio,Saídas,Quartos FdS,Adul. / Cri.,novembro,Previsão,24-nov-2026 ter,1,0,0,0,0,1,0,"0,74","92,14","92,14",0,0,2,14,147,5,0,0,14,0,"0,35","1 457,61","104,12",5,0,23,Total nov,14,147,5,0,0,14,0,"0,35","1 457,61","104,12",5,0,23,Total,7670,3882,2572,0,0,6118,1552,"7,78","838 475,97","109,32",2698,0,14984
Data,Ocup,Opção,Cheg,Oferta/Uso Interno,Deduz. Individ.,Deduz. Grupos,% Ocup.,Receita Quartos,Preço Médio,Saídas,Quartos FdS,Adul. / Cri.,novembro,Previsão,25-nov-2026 qua,1,0,0,0,0,1,0,"0,74","92,14","92,14",0,0,2,14,147,5,0,0,14,0,"0,35","1 457,61","104,12",5,0,23,Total nov,14,147,5,0,0,14,0,"0,35","1 457,61","104,12",5,0,23,Total,7670,3882,2572,0,0,6118,1552,"7,78","838 475,97","109,32",2698,0,14984
Data,Ocup,Opção,Cheg,Oferta/Uso Interno,Deduz. Individ.,Deduz. Grupos,% Ocup.,Receita Quartos,Preço Médio,Saídas,Quartos FdS,Adul. / Cri.,novembro,Previsão,26-nov-2026 qui,0,0,0,0,0,0,0,-,-,NaN,1,0,0,14,147,5,0,0,14,0,"0,35","1 457,61","104,12",5,0,23,Total nov,14,147,5,0,0,14,0,"0,35","1 457,61","104,12",5,0,23,Total,7670,3882,2572,0,0,6118,1552,"7,78","838 475,97","109,32",2698,0,14984
Data,Ocup,Opção,Cheg,Oferta/Uso Interno,Deduz. Individ.,Deduz. Grupos,% Ocup.,Receita Quartos,Preço Médio,Saídas,Quartos FdS,Adul. / Cri.,novembro,Previsão,27-nov-2026 sex,1,0,1,0,0,1,0,"0,74","104,52","104,52",0,0,1,14,147,5,0,0,14,0,"0,35","1 457,61","104,12",5,0,23,Total nov,14,147,5,0,0,14,0,"0,35","1 457,61","104,12",5,0,23,Total,7670,3882,2572,0,0,6118,1552,"7,78","838 475,97","109,32",2698,0,14984
Data,Ocup,Opção,Cheg,Oferta/Uso Interno,Deduz. Individ.,Deduz. Grupos,% Ocup.,Receita Quartos,Preço Médio,Saídas,Quartos FdS,Adul. / Cri.,novembro,Previsão,28-nov-2026 sáb,1,0,0,0,0,1,0,"0,74","104,52","104,52",0,0,1,14,147,5,0,0,14,0,"0,35","1 457,61","104,12",5,0,23,Total nov,14,147,5,0,0,14,0,"0,35","1 457,61","104,12",5,0,23,Total,7670,3882,2572,0,0,6118,1552,"7,78","838 475,97","109,32",2698,0,14984
Data,Ocup,Opção,Cheg,Oferta/Uso Interno,Deduz. Individ.,Deduz. Grupos,% Ocup.,Receita Quartos,Preço Médio,Saídas,Quartos FdS,Adul. / Cri.,novembro,Previsão,29-nov-2026 dom,0,0,0,0,0,0,0,-,-,NaN,1,0,0,14,147,5,0,0,14,0,"0,35","1 457,61","104,12",5,0,23,Total nov,14,147,5,0,0,14,0,"0,35","1 457,61","104,12",5,0,23,Total,7670,3882,2572,0,0,6118,1552,"7,78","838 475,97","109,32",2698,0,14984
Data,Ocup,Opção,Cheg,Oferta/Uso Interno,Deduz. Individ.,Deduz. Grupos,% Ocup.,Receita Quartos,Preço Médio,Saídas,Quartos FdS,Adul. / Cri.,novembro,Previsão,30-nov-2026 seg,0,0,0,0,0,0,0,-,-,NaN,0,0,0,14,147,5,0,0,14,0,"0,35","1 457,61","104,12",5,0,23,Total nov,14,147,5,0,0,14,0,"0,35","1 457,61","104,12",5,0,23,Total,7670,3882,2572,0,0,6118,1552,"7,78","838 475,97","109,32",2698,0,14984
Data,Ocup,Opção,Cheg,Oferta/Uso Interno,Deduz. Individ.,Deduz. Grupos,% Ocup.,Receita Quartos,Preço Médio,Saídas,Quartos FdS,Adul. / Cri.,dezembro,Previsão,01-dez-2026 ter,0,0,0,0,0,0,0,-,-,NaN,0,0,0,12,2,5,0,0,12,0,"0,29","1 607,85","133,99",5,0,24,Total dez,12,2,5,0,0,12,0,"0,29","1 607,85","133,99",5,0,24,Total,7670,3882,2572,0,0,6118,1552,"7,78","838 475,97","109,32",2698,0,14984
Data,Ocup,Opção,Cheg,Oferta/Uso Interno,Deduz. Individ.,Deduz. Grupos,% Ocup.,Receita Quartos,Preço Médio,Saídas,Quartos FdS,Adul. / Cri.,dezembro,Previsão,02-dez-2026 qua,0,0,0,0,0,0,0,-,-,NaN,0,0,0,12,2,5,0,0,12,0,"0,29","1 607,85","133,99",5,0,24,Total dez,12,2,5,0,0,12,0,"0,29","1 607,85","133,99",5,0,24,Total,7670,3882,2572,0,0,6118,1552,"7,78","838 475,97","109,32",2698,0,14984
Data,Ocup,Opção,Cheg,Oferta/Uso Interno,Deduz. Individ.,Deduz. Grupos,% Ocup.,Receita Quartos,Preço Médio,Saídas,Quartos FdS,Adul. / Cri.,dezembro,Previsão,03-dez-2026 qui,0,0,0,0,0,0,0,-,-,NaN,0,0,0,12,2,5,0,0,12,0,"0,29","1 607,85","133,99",5,0,24,Total dez,12,2,5,0,0,12,0,"0,29","1 607,85","133,99",5,0,24,Total,7670,3882,2572,0,0,6118,1552,"7,78","838 475,97","109,32",2698,0,14984
Data,Ocup,Opção,Cheg,Oferta/Uso Interno,Deduz. Individ.,Deduz. Grupos,% Ocup.,Receita Quartos,Preço Médio,Saídas,Quartos FdS,Adul. / Cri.,dezembro,Previsão,04-dez-2026 sex,0,0,0,0,0,0,0,-,-,NaN,0,0,0,12,2,5,0,0,12,0,"0,29","1 607,85","133,99",5,0,24,Total dez,12,2,5,0,0,12,0,"0,29","1 607,85","133,99",5,0,24,Total,7670,3882,2572,0,0,6118,1552,"7,78","838 475,97","109,32",2698,0,14984
Data,Ocup,Opção,Cheg,Oferta/Uso Interno,Deduz. Individ.,Deduz. Grupos,% Ocup.,Receita Quartos,Preço Médio,Saídas,Quartos FdS,Adul. / Cri.,dezembro,Previsão,05-dez-2026 sáb,0,0,0,0,0,0,0,-,-,NaN,0,0,0,12,2,5,0,0,12,0,"0,29","1 607,85","133,99",5,0,24,Total dez,12,2,5,0,0,12,0,"0,29","1 607,85","133,99",5,0,24,Total,7670,3882,2572,0,0,6118,1552,"7,78","838 475,97","109,32",2698,0,14984
Data,Ocup,Opção,Cheg,Oferta/Uso Interno,Deduz. Individ.,Deduz. Grupos,% Ocup.,Receita Quartos,Preço Médio,Saídas,Quartos FdS,Adul. / Cri.,dezembro,Previsão,06-dez-2026 dom,0,0,0,0,0,0,0,-,-,NaN,0,0,0,12,2,5,0,0,12,0,"0,29","1 607,85","133,99",5,0,24,Total dez,12,2,5,0,0,12,0,"0,29","1 607,85","133,99",5,0,24,Total,7670,3882,2572,0,0,6118,1552,"7,78","838 475,97","109,32",2698,0,14984
Data,Ocup,Opção,Cheg,Oferta/Uso Interno,Deduz. Individ.,Deduz. Grupos,% Ocup.,Receita Quartos,Preço Médio,Saídas,Quartos FdS,Adul. / Cri.,dezembro,Previsão,07-dez-2026 seg,0,0,0,0,0,0,0,-,-,NaN,0,0,0,12,2,5,0,0,12,0,"0,29","1 607,85","133,99",5,0,24,Total dez,12,2,5,0,0,12,0,"0,29","1 607,85","133,99",5,0,24,Total,7670,3882,2572,0,0,6118,1552,"7,78","838 475,97","109,32",2698,0,14984
Data,Ocup,Opção,Cheg,Oferta/Uso Interno,Deduz. Individ.,Deduz. Grupos,% Ocup.,Receita Quartos,Preço Médio,Saídas,Quartos FdS,Adul. / Cri.,dezembro,Previsão,08-dez-2026 ter,0,0,0,0,0,0,0,-,-,NaN,0,0,0,12,2,5,0,0,12,0,"0,29","1 607,85","133,99",5,0,24,Total dez,12,2,5,0,0,12,0,"0,29","1 607,85","133,99",5,0,24,Total,7670,3882,2572,0,0,6118,1552,"7,78","838 475,97","109,32",2698,0,14984
Data,Ocup,Opção,Cheg,Oferta/Uso Interno,Deduz. Individ.,Deduz. Grupos,% Ocup.,Receita Quartos,Preço Médio,Saídas,Quartos FdS,Adul. / Cri.,dezembro,Previsão,09-dez-2026 qua,0,0,0,0,0,0,0,-,-,NaN,0,0,0,12,2,5,0,0,12,0,"0,29","1 607,85","133,99",5,0,24,Total dez,12,2,5,0,0,12,0,"0,29","1 607,85","133,99",5,0,24,Total,7670,3882,2572,0,0,6118,1552,"7,78","838 475,97","109,32",2698,0,14984
Data,Ocup,Opção,Cheg,Oferta/Uso Interno,Deduz. Individ.,Deduz. Grupos,% Ocup.,Receita Quartos,Preço Médio,Saídas,Quartos FdS,Adul. / Cri.,dezembro,Previsão,10-dez-2026 qui,0,0,0,0,0,0,0,-,-,NaN,0,0,0,12,2,5,0,0,12,0,"0,29","1 607,85","133,99",5,0,24,Total dez,12,2,5,0,0,12,0,"0,29","1 607,85","133,99",5,0,24,Total,7670,3882,2572,0,0,6118,1552,"7,78","838 475,97","109,32",2698,0,14984
Data,Ocup,Opção,Cheg,Oferta/Uso Interno,Deduz. Individ.,Deduz. Grupos,% Ocup.,Receita Quartos,Preço Médio,Saídas,Quartos FdS,Adul. / Cri.,dezembro,Previsão,11-dez-2026 sex,1,0,1,0,0,1,0,"0,74","156,96","156,96",0,0,2,12,2,5,0,0,12,0,"0,29","1 607,85","133,99",5,0,24,Total dez,12,2,5,0,0,12,0,"0,29","1 607,85","133,99",5,0,24,Total,7670,3882,2572,0,0,6118,1552,"7,78","838 475,97","109,32",2698,0,14984
Data,Ocup,Opção,Cheg,Oferta/Uso Interno,Deduz. Individ.,Deduz. Grupos,% Ocup.,Receita Quartos,Preço Médio,Saídas,Quartos FdS,Adul. / Cri.,dezembro,Previsão,12-dez-2026 sáb,1,0,0,0,0,1,0,"0,74","156,96","156,96",0,0,2,12,2,5,0,0,12,0,"0,29","1 607,85","133,99",5,0,24,Total dez,12,2,5,0,0,12,0,"0,29","1 607,85","133,99",5,0,24,Total,7670,3882,2572,0,0,6118,1552,"7,78","838 475,97","109,32",2698,0,14984
Data,Ocup,Opção,Cheg,Oferta/Uso Interno,Deduz. Individ.,Deduz. Grupos,% Ocup.,Receita Quartos,Preço Médio,Saídas,Quartos FdS,Adul. / Cri.,dezembro,Previsão,13-dez-2026 dom,0,0,0,0,0,0,0,-,-,NaN,1,0,0,12,2,5,0,0,12,0,"0,29","1 607,85","133,99",5,0,24,Total dez,12,2,5,0,0,12,0,"0,29","1 607,85","133,99",5,0,24,Total,7670,3882,2572,0,0,6118,1552,"7,78","838 475,97","109,32",2698,0,14984
Data,Ocup,Opção,Cheg,Oferta/Uso Interno,Deduz. Individ.,Deduz. Grupos,% Ocup.,Receita Quartos,Preço Médio,Saídas,Quartos FdS,Adul. / Cri.,dezembro,Previsão,14-dez-2026 seg,0,0,0,0,0,0,0,-,-,NaN,0,0,0,12,2,5,0,0,12,0,"0,29","1 607,85","133,99",5,0,24,Total dez,12,2,5,0,0,12,0,"0,29","1 607,85","133,99",5,0,24,Total,7670,3882,2572,0,0,6118,1552,"7,78","838 475,97","109,32",2698,0,14984
Data,Ocup,Opção,Cheg,Oferta/Uso Interno,Deduz. Individ.,Deduz. Grupos,% Ocup.,Receita Quartos,Preço Médio,Saídas,Quartos FdS,Adul. / Cri.,dezembro,Previsão,15-dez-2026 ter,0,0,0,0,0,0,0,-,-,NaN,0,0,0,12,2,5,0,0,12,0,"0,29","1 607,85","133,99",5,0,24,Total dez,12,2,5,0,0,12,0,"0,29","1 607,85","133,99",5,0,24,Total,7670,3882,2572,0,0,6118,1552,"7,78","838 475,97","109,32",2698,0,14984
Data,Ocup,Opção,Cheg,Oferta/Uso Interno,Deduz. Individ.,Deduz. Grupos,% Ocup.,Receita Quartos,Preço Médio,Saídas,Quartos FdS,Adul. / Cri.,dezembro,Previsão,16-dez-2026 qua,0,0,0,0,0,0,0,-,-,NaN,0,0,0,12,2,5,0,0,12,0,"0,29","1 607,85","133,99",5,0,24,Total dez,12,2,5,0,0,12,0,"0,29","1 607,85","133,99",5,0,24,Total,7670,3882,2572,0,0,6118,1552,"7,78","838 475,97","109,32",2698,0,14984
Data,Ocup,Opção,Cheg,Oferta/Uso Interno,Deduz. Individ.,Deduz. Grupos,% Ocup.,Receita Quartos,Preço Médio,Saídas,Quartos FdS,Adul. / Cri.,dezembro,Previsão,17-dez-2026 qui,0,0,0,0,0,0,0,-,-,NaN,0,0,0,12,2,5,0,0,12,0,"0,29","1 607,85","133,99",5,0,24,Total dez,12,2,5,0,0,12,0,"0,29","1 607,85","133,99",5,0,24,Total,7670,3882,2572,0,0,6118,1552,"7,78","838 475,97","109,32",2698,0,14984
Data,Ocup,Opção,Cheg,Oferta/Uso Interno,Deduz. Individ.,Deduz. Grupos,% Ocup.,Receita Quartos,Preço Médio,Saídas,Quartos FdS,Adul. / Cri.,dezembro,Previsão,18-dez-2026 sex,0,0,0,0,0,0,0,-,-,NaN,0,0,0,12,2,5,0,0,12,0,"0,29","1 607,85","133,99",5,0,24,Total dez,12,2,5,0,0,12,0,"0,29","1 607,85","133,99",5,0,24,Total,7670,3882,2572,0,0,6118,1552,"7,78","838 475,97","109,32",2698,0,14984
Data,Ocup,Opção,Cheg,Oferta/Uso Interno,Deduz. Individ.,Deduz. Grupos,% Ocup.,Receita Quartos,Preço Médio,Saídas,Quartos FdS,Adul. / Cri.,dezembro,Previsão,19-dez-2026 sáb,2,1,2,0,0,2,0,"1,48","252,81","126,41",0,0,3,12,2,5,0,0,12,0,"0,29","1 607,85","133,99",5,0,24,Total dez,12,2,5,0,0,12,0,"0,29","1 607,85","133,99",5,0,24,Total,7670,3882,2572,0,0,6118,1552,"7,78","838 475,97","109,32",2698,0,14984
Data,Ocup,Opção,Cheg,Oferta/Uso Interno,Deduz. Individ.,Deduz. Grupos,% Ocup.,Receita Quartos,Preço Médio,Saídas,Quartos FdS,Adul. / Cri.,dezembro,Previsão,20-dez-2026 dom,2,1,0,0,0,2,0,"1,48","252,81","126,41",0,0,3,12,2,5,0,0,12,0,"0,29","1 607,85","133,99",5,0,24,Total dez,12,2,5,0,0,12,0,"0,29","1 607,85","133,99",5,0,24,Total,7670,3882,2572,0,0,6118,1552,"7,78","838 475,97","109,32",2698,0,14984
Data,Ocup,Opção,Cheg,Oferta/Uso Interno,Deduz. Individ.,Deduz. Grupos,% Ocup.,Receita Quartos,Preço Médio,Saídas,Quartos FdS,Adul. / Cri.,dezembro,Previsão,21-dez-2026 seg,2,0,0,0,0,2,0,"1,48","252,81","126,41",0,0,3,12,2,5,0,0,12,0,"0,29","1 607,85","133,99",5,0,24,Total dez,12,2,5,0,0,12,0,"0,29","1 607,85","133,99",5,0,24,Total,7670,3882,2572,0,0,6118,1552,"7,78","838 475,97","109,32",2698,0,14984
Data,Ocup,Opção,Cheg,Oferta/Uso Interno,Deduz. Individ.,Deduz. Grupos,% Ocup.,Receita Quartos,Preço Médio,Saídas,Quartos FdS,Adul. / Cri.,dezembro,Previsão,22-dez-2026 ter,4,0,2,0,0,4,0,"2,96","535,49","133,87",0,0,11,12,2,5,0,0,12,0,"0,29","1 607,85","133,99",5,0,24,Total dez,12,2,5,0,0,12,0,"0,29","1 607,85","133,99",5,0,24,Total,7670,3882,2572,0,0,6118,1552,"7,78","838 475,97","109,32",2698,0,14984
Data,Ocup,Opção,Cheg,Oferta/Uso Interno,Deduz. Individ.,Deduz. Grupos,% Ocup.,Receita Quartos,Preço Médio,Saídas,Quartos FdS,Adul. / Cri.,dezembro,Previsão,23-dez-2026 qua,0,0,0,0,0,0,0,-,-,NaN,4,0,0,12,2,5,0,0,12,0,"0,29","1 607,85","133,99",5,0,24,Total dez,12,2,5,0,0,12,0,"0,29","1 607,85","133,99",5,0,24,Total,7670,3882,2572,0,0,6118,1552,"7,78","838 475,97","109,32",2698,0,14984
Data,Ocup,Opção,Cheg,Oferta/Uso Interno,Deduz. Individ.,Deduz. Grupos,% Ocup.,Receita Quartos,Preço Médio,Saídas,Quartos FdS,Adul. / Cri.,dezembro,Previsão,24-dez-2026 qui,0,0,0,0,0,0,0,-,-,NaN,0,0,0,12,2,5,0,0,12,0,"0,29","1 607,85","133,99",5,0,24,Total dez,12,2,5,0,0,12,0,"0,29","1 607,85","133,99",5,0,24,Total,7670,3882,2572,0,0,6118,1552,"7,78","838 475,97","109,32",2698,0,14984
Data,Ocup,Opção,Cheg,Oferta/Uso Interno,Deduz. Individ.,Deduz. Grupos,% Ocup.,Receita Quartos,Preço Médio,Saídas,Quartos FdS,Adul. / Cri.,dezembro,Previsão,25-dez-2026 sex,0,0,0,0,0,0,0,-,-,NaN,0,0,0,12,2,5,0,0,12,0,"0,29","1 607,85","133,99",5,0,24,Total dez,12,2,5,0,0,12,0,"0,29","1 607,85","133,99",5,0,24,Total,7670,3882,2572,0,0,6118,1552,"7,78","838 475,97","109,32",2698,0,14984
Data,Ocup,Opção,Cheg,Oferta/Uso Interno,Deduz. Individ.,Deduz. Grupos,% Ocup.,Receita Quartos,Preço Médio,Saídas,Quartos FdS,Adul. / Cri.,dezembro,Previsão,26-dez-2026 sáb,0,0,0,0,0,0,0,-,-,NaN,0,0,0,12,2,5,0,0,12,0,"0,29","1 607,85","133,99",5,0,24,Total dez,12,2,5,0,0,12,0,"0,29","1 607,85","133,99",5,0,24,Total,7670,3882,2572,0,0,6118,1552,"7,78","838 475,97","109,32",2698,0,14984
Data,Ocup,Opção,Cheg,Oferta/Uso Interno,Deduz. Individ.,Deduz. Grupos,% Ocup.,Receita Quartos,Preço Médio,Saídas,Quartos FdS,Adul. / Cri.,dezembro,Previsão,27-dez-2026 dom,0,0,0,0,0,0,0,-,-,NaN,0,0,0,12,2,5,0,0,12,0,"0,29","1 607,85","133,99",5,0,24,Total dez,12,2,5,0,0,12,0,"0,29","1 607,85","133,99",5,0,24,Total,7670,3882,2572,0,0,6118,1552,"7,78","838 475,97","109,32",2698,0,14984
Data,Ocup,Opção,Cheg,Oferta/Uso Interno,Deduz. Individ.,Deduz. Grupos,% Ocup.,Receita Quartos,Preço Médio,Saídas,Quartos FdS,Adul. / Cri.,dezembro,Previsão,28-dez-2026 seg,0,0,0,0,0,0,0,-,-,NaN,0,0,0,12,2,5,0,0,12,0,"0,29","1 607,85","133,99",5,0,24,Total dez,12,2,5,0,0,12,0,"0,29","1 607,85","133,99",5,0,24,Total,7670,3882,2572,0,0,6118,1552,"7,78","838 475,97","109,32",2698,0,14984
Data,Ocup,Opção,Cheg,Oferta/Uso Interno,Deduz. Individ.,Deduz. Grupos,% Ocup.,Receita Quartos,Preço Médio,Saídas,Quartos FdS,Adul. / Cri.,dezembro,Previsão,29-dez-2026 ter,0,0,0,0,0,0,0,-,-,NaN,0,0,0,12,2,5,0,0,12,0,"0,29","1 607,85","133,99",5,0,24,Total dez,12,2,5,0,0,12,0,"0,29","1 607,85","133,99",5,0,24,Total,7670,3882,2572,0,0,6118,1552,"7,78","838 475,97","109,32",2698,0,14984
Data,Ocup,Opção,Cheg,Oferta/Uso Interno,Deduz. Individ.,Deduz. Grupos,% Ocup.,Receita Quartos,Preço Médio,Saídas,Quartos FdS,Adul. / Cri.,dezembro,Previsão,30-dez-2026 qua,0,0,0,0,0,0,0,-,-,NaN,0,0,0,12,2,5,0,0,12,0,"0,29","1 607,85","133,99",5,0,24,Total dez,12,2,5,0,0,12,0,"0,29","1 607,85","133,99",5,0,24,Total,7670,3882,2572,0,0,6118,1552,"7,78","838 475,97","109,32",2698,0,14984
Data,Ocup,Opção,Cheg,Oferta/Uso Interno,Deduz. Individ.,Deduz. Grupos,% Ocup.,Receita Quartos,Preço Médio,Saídas,Quartos FdS,Adul. / Cri.,dezembro,Previsão,31-dez-2026 qui,0,0,0,0,0,0,0,-,-,NaN,0,0,0,12,2,5,0,0,12,0,"0,29","1 607,85","133,99",5,0,24,Total dez,12,2,5,0,0,12,0,"0,29","1 607,85","133,99",5,0,24,Total,7670,3882,2572,0,0,6118,1552,"7,78","838 475,97","109,32",2698,0,14984
Data,Ocup,Opção,Cheg,Oferta/Uso Interno,Deduz. Individ.,Deduz. Grupos,% Ocup.,Receita Quartos,Preço Médio,Saídas,Quartos FdS,Adul. / Cri.,janeiro,Previsão,01-jan-2027 sex,0,0,0,0,0,0,0,-,-,NaN,0,0,0,0,0,0,0,0,0,0,-,-,NaN,0,0,0,Total jan,0,0,0,0,0,0,0,-,-,NaN,0,0,0,Total,7670,3882,2572,0,0,6118,1552,"7,78","838 475,97","109,32",2698,0,14984
Data,Ocup,Opção,Cheg,Oferta/Uso Interno,Deduz. Individ.,Deduz. Grupos,% Ocup.,Receita Quartos,Preço Médio,Saídas,Quartos FdS,Adul. / Cri.,janeiro,Previsão,02-jan-2027 sáb,0,0,0,0,0,0,0,-,-,NaN,0,0,0,0,0,0,0,0,0,0,-,-,NaN,0,0,0,Total jan,0,0,0,0,0,0,0,-,-,NaN,0,0,0,Total,7670,3882,2572,0,0,6118,1552,"7,78","838 475,97","109,32",2698,0,14984
Data,Ocup,Opção,Cheg,Oferta/Uso Interno,Deduz. Individ.,Deduz. Grupos,% Ocup.,Receita Quartos,Preço Médio,Saídas,Quartos FdS,Adul. / Cri.,janeiro,Previsão,03-jan-2027 dom,0,0,0,0,0,0,0,-,-,NaN,0,0,0,0,0,0,0,0,0,0,-,-,NaN,0,0,0,Total jan,0,0,0,0,0,0,0,-,-,NaN,0,0,0,Total,7670,3882,2572,0,0,6118,1552,"7,78","838 475,97","109,32",2698,0,14984
Data,Ocup,Opção,Cheg,Oferta/Uso Interno,Deduz. Individ.,Deduz. Grupos,% Ocup.,Receita Quartos,Preço Médio,Saídas,Quartos FdS,Adul. / Cri.,janeiro,Previsão,04-jan-2027 seg,0,0,0,0,0,0,0,-,-,NaN,0,0,0,0,0,0,0,0,0,0,-,-,NaN,0,0,0,Total jan,0,0,0,0,0,0,0,-,-,NaN,0,0,0,Total,7670,3882,2572,0,0,6118,1552,"7,78","838 475,97","109,32",2698,0,14984
Data,Ocup,Opção,Cheg,Oferta/Uso Interno,Deduz. Individ.,Deduz. Grupos,% Ocup.,Receita Quartos,Preço Médio,Saídas,Quartos FdS,Adul. / Cri.,janeiro,Previsão,05-jan-2027 ter,0,0,0,0,0,0,0,-,-,NaN,0,0,0,0,0,0,0,0,0,0,-,-,NaN,0,0,0,Total jan,0,0,0,0,0,0,0,-,-,NaN,0,0,0,Total,7670,3882,2572,0,0,6118,1552,"7,78","838 475,97","109,32",2698,0,14984
Data,Ocup,Opção,Cheg,Oferta/Uso Interno,Deduz. Individ.,Deduz. Grupos,% Ocup.,Receita Quartos,Preço Médio,Saídas,Quartos FdS,Adul. / Cri.,janeiro,Previsão,06-jan-2027 qua,0,0,0,0,0,0,0,-,-,NaN,0,0,0,0,0,0,0,0,0,0,-,-,NaN,0,0,0,Total jan,0,0,0,0,0,0,0,-,-,NaN,0,0,0,Total,7670,3882,2572,0,0,6118,1552,"7,78","838 475,97","109,32",2698,0,14984
Data,Ocup,Opção,Cheg,Oferta/Uso Interno,Deduz. Individ.,Deduz. Grupos,% Ocup.,Receita Quartos,Preço Médio,Saídas,Quartos FdS,Adul. / Cri.,janeiro,Previsão,07-jan-2027 qui,0,0,0,0,0,0,0,-,-,NaN,0,0,0,0,0,0,0,0,0,0,-,-,NaN,0,0,0,Total jan,0,0,0,0,0,0,0,-,-,NaN,0,0,0,Total,7670,3882,2572,0,0,6118,1552,"7,78","838 475,97","109,32",2698,0,14984
Data,Ocup,Opção,Cheg,Oferta/Uso Interno,Deduz. Individ.,Deduz. Grupos,% Ocup.,Receita Quartos,Preço Médio,Saídas,Quartos FdS,Adul. / Cri.,janeiro,Previsão,08-jan-2027 sex,0,0,0,0,0,0,0,-,-,NaN,0,0,0,0,0,0,0,0,0,0,-,-,NaN,0,0,0,Total jan,0,0,0,0,0,0,0,-,-,NaN,0,0,0,Total,7670,3882,2572,0,0,6118,1552,"7,78","838 475,97","109,32",2698,0,14984
Data,Ocup,Opção,Cheg,Oferta/Uso Interno,Deduz. Individ.,Deduz. Grupos,% Ocup.,Receita Quartos,Preço Médio,Saídas,Quartos FdS,Adul. / Cri.,janeiro,Previsão,09-jan-2027 sáb,0,0,0,0,0,0,0,-,-,NaN,0,0,0,0,0,0,0,0,0,0,-,-,NaN,0,0,0,Total jan,0,0,0,0,0,0,0,-,-,NaN,0,0,0,Total,7670,3882,2572,0,0,6118,1552,"7,78","838 475,97","109,32",2698,0,14984
Data,Ocup,Opção,Cheg,Oferta/Uso Interno,Deduz. Individ.,Deduz. Grupos,% Ocup.,Receita Quartos,Preço Médio,Saídas,Quartos FdS,Adul. / Cri.,janeiro,Previsão,10-jan-2027 dom,0,0,0,0,0,0,0,-,-,NaN,0,0,0,0,0,0,0,0,0,0,-,-,NaN,0,0,0,Total jan,0,0,0,0,0,0,0,-,-,NaN,0,0,0,Total,7670,3882,2572,0,0,6118,1552,"7,78","838 475,97","109,32",2698,0,14984
Data,Ocup,Opção,Cheg,Oferta/Uso Interno,Deduz. Individ.,Deduz. Grupos,% Ocup.,Receita Quartos,Preço Médio,Saídas,Quartos FdS,Adul. / Cri.,janeiro,Previsão,11-jan-2027 seg,0,0,0,0,0,0,0,-,-,NaN,0,0,0,0,0,0,0,0,0,0,-,-,NaN,0,0,0,Total jan,0,0,0,0,0,0,0,-,-,NaN,0,0,0,Total,7670,3882,2572,0,0,6118,1552,"7,78","838 475,97","109,32",2698,0,14984
Data,Ocup,Opção,Cheg,Oferta/Uso Interno,Deduz. Individ.,Deduz. Grupos,% Ocup.,Receita Quartos,Preço Médio,Saídas,Quartos FdS,Adul. / Cri.,janeiro,Previsão,12-jan-2027 ter,0,0,0,0,0,0,0,-,-,NaN,0,0,0,0,0,0,0,0,0,0,-,-,NaN,0,0,0,Total jan,0,0,0,0,0,0,0,-,-,NaN,0,0,0,Total,7670,3882,2572,0,0,6118,1552,"7,78","838 475,97","109,32",2698,0,14984
Data,Ocup,Opção,Cheg,Oferta/Uso Interno,Deduz. Individ.,Deduz. Grupos,% Ocup.,Receita Quartos,Preço Médio,Saídas,Quartos FdS,Adul. / Cri.,janeiro,Previsão,13-jan-2027 qua,0,0,0,0,0,0,0,-,-,NaN,0,0,0,0,0,0,0,0,0,0,-,-,NaN,0,0,0,Total jan,0,0,0,0,0,0,0,-,-,NaN,0,0,0,Total,7670,3882,2572,0,0,6118,1552,"7,78","838 475,97","109,32",2698,0,14984
Data,Ocup,Opção,Cheg,Oferta/Uso Interno,Deduz. Individ.,Deduz. Grupos,% Ocup.,Receita Quartos,Preço Médio,Saídas,Quartos FdS,Adul. / Cri.,janeiro,Previsão,14-jan-2027 qui,0,0,0,0,0,0,0,-,-,NaN,0,0,0,0,0,0,0,0,0,0,-,-,NaN,0,0,0,Total jan,0,0,0,0,0,0,0,-,-,NaN,0,0,0,Total,7670,3882,2572,0,0,6118,1552,"7,78","838 475,97","109,32",2698,0,14984
Data,Ocup,Opção,Cheg,Oferta/Uso Interno,Deduz. Individ.,Deduz. Grupos,% Ocup.,Receita Quartos,Preço Médio,Saídas,Quartos FdS,Adul. / Cri.,janeiro,Previsão,15-jan-2027 sex,0,0,0,0,0,0,0,-,-,NaN,0,0,0,0,0,0,0,0,0,0,-,-,NaN,0,0,0,Total jan,0,0,0,0,0,0,0,-,-,NaN,0,0,0,Total,7670,3882,2572,0,0,6118,1552,"7,78","838 475,97","109,32",2698,0,14984
Data,Ocup,Opção,Cheg,Oferta/Uso Interno,Deduz. Individ.,Deduz. Grupos,% Ocup.,Receita Quartos,Preço Médio,Saídas,Quartos FdS,Adul. / Cri.,janeiro,Previsão,16-jan-2027 sáb,0,0,0,0,0,0,0,-,-,NaN,0,0,0,0,0,0,0,0,0,0,-,-,NaN,0,0,0,Total jan,0,0,0,0,0,0,0,-,-,NaN,0,0,0,Total,7670,3882,2572,0,0,6118,1552,"7,78","838 475,97","109,32",2698,0,14984
Data,Ocup,Opção,Cheg,Oferta/Uso Interno,Deduz. Individ.,Deduz. Grupos,% Ocup.,Receita Quartos,Preço Médio,Saídas,Quartos FdS,Adul. / Cri.,janeiro,Previsão,17-jan-2027 dom,0,0,0,0,0,0,0,-,-,NaN,0,0,0,0,0,0,0,0,0,0,-,-,NaN,0,0,0,Total jan,0,0,0,0,0,0,0,-,-,NaN,0,0,0,Total,7670,3882,2572,0,0,6118,1552,"7,78","838 475,97","109,32",2698,0,14984
Data,Ocup,Opção,Cheg,Oferta/Uso Interno,Deduz. Individ.,Deduz. Grupos,% Ocup.,Receita Quartos,Preço Médio,Saídas,Quartos FdS,Adul. / Cri.,janeiro,Previsão,18-jan-2027 seg,0,0,0,0,0,0,0,-,-,NaN,0,0,0,0,0,0,0,0,0,0,-,-,NaN,0,0,0,Total jan,0,0,0,0,0,0,0,-,-,NaN,0,0,0,Total,7670,3882,2572,0,0,6118,1552,"7,78","838 475,97","109,32",2698,0,14984
Data,Ocup,Opção,Cheg,Oferta/Uso Interno,Deduz. Individ.,Deduz. Grupos,% Ocup.,Receita Quartos,Preço Médio,Saídas,Quartos FdS,Adul. / Cri.,janeiro,Previsão,19-jan-2027 ter,0,0,0,0,0,0,0,-,-,NaN,0,0,0,0,0,0,0,0,0,0,-,-,NaN,0,0,0,Total jan,0,0,0,0,0,0,0,-,-,NaN,0,0,0,Total,7670,3882,2572,0,0,6118,1552,"7,78","838 475,97","109,32",2698,0,14984
Data,Ocup,Opção,Cheg,Oferta/Uso Interno,Deduz. Individ.,Deduz. Grupos,% Ocup.,Receita Quartos,Preço Médio,Saídas,Quartos FdS,Adul. / Cri.,janeiro,Previsão,20-jan-2027 qua,0,0,0,0,0,0,0,-,-,NaN,0,0,0,0,0,0,0,0,0,0,-,-,NaN,0,0,0,Total jan,0,0,0,0,0,0,0,-,-,NaN,0,0,0,Total,7670,3882,2572,0,0,6118,1552,"7,78","838 475,97","109,32",2698,0,14984
Data,Ocup,Opção,Cheg,Oferta/Uso Interno,Deduz. Individ.,Deduz. Grupos,% Ocup.,Receita Quartos,Preço Médio,Saídas,Quartos FdS,Adul. / Cri.,janeiro,Previsão,21-jan-2027 qui,0,0,0,0,0,0,0,-,-,NaN,0,0,0,0,0,0,0,0,0,0,-,-,NaN,0,0,0,Total jan,0,0,0,0,0,0,0,-,-,NaN,0,0,0,Total,7670,3882,2572,0,0,6118,1552,"7,78","838 475,97","109,32",2698,0,14984
Data,Ocup,Opção,Cheg,Oferta/Uso Interno,Deduz. Individ.,Deduz. Grupos,% Ocup.,Receita Quartos,Preço Médio,Saídas,Quartos FdS,Adul. / Cri.,janeiro,Previsão,22-jan-2027 sex,0,0,0,0,0,0,0,-,-,NaN,0,0,0,0,0,0,0,0,0,0,-,-,NaN,0,0,0,Total jan,0,0,0,0,0,0,0,-,-,NaN,0,0,0,Total,7670,3882,2572,0,0,6118,1552,"7,78","838 475,97","109,32",2698,0,14984
Data,Ocup,Opção,Cheg,Oferta/Uso Interno,Deduz. Individ.,Deduz. Grupos,% Ocup.,Receita Quartos,Preço Médio,Saídas,Quartos FdS,Adul. / Cri.,janeiro,Previsão,23-jan-2027 sáb,0,0,0,0,0,0,0,-,-,NaN,0,0,0,0,0,0,0,0,0,0,-,-,NaN,0,0,0,Total jan,0,0,0,0,0,0,0,-,-,NaN,0,0,0,Total,7670,3882,2572,0,0,6118,1552,"7,78","838 475,97","109,32",2698,0,14984
Data,Ocup,Opção,Cheg,Oferta/Uso Interno,Deduz. Individ.,Deduz. Grupos,% Ocup.,Receita Quartos,Preço Médio,Saídas,Quartos FdS,Adul. / Cri.,janeiro,Previsão,24-jan-2027 dom,0,0,0,0,0,0,0,-,-,NaN,0,0,0,0,0,0,0,0,0,0,-,-,NaN,0,0,0,Total jan,0,0,0,0,0,0,0,-,-,NaN,0,0,0,Total,7670,3882,2572,0,0,6118,1552,"7,78","838 475,97","109,32",2698,0,14984
Data,Ocup,Opção,Cheg,Oferta/Uso Interno,Deduz. Individ.,Deduz. Grupos,% Ocup.,Receita Quartos,Preço Médio,Saídas,Quartos FdS,Adul. / Cri.,janeiro,Previsão,25-jan-2027 seg,0,0,0,0,0,0,0,-,-,NaN,0,0,0,0,0,0,0,0,0,0,-,-,NaN,0,0,0,Total jan,0,0,0,0,0,0,0,-,-,NaN,0,0,0,Total,7670,3882,2572,0,0,6118,1552,"7,78","838 475,97","109,32",2698,0,14984
Data,Ocup,Opção,Cheg,Oferta/Uso Interno,Deduz. Individ.,Deduz. Grupos,% Ocup.,Receita Quartos,Preço Médio,Saídas,Quartos FdS,Adul. / Cri.,janeiro,Previsão,26-jan-2027 ter,0,0,0,0,0,0,0,-,-,NaN,0,0,0,0,0,0,0,0,0,0,-,-,NaN,0,0,0,Total jan,0,0,0,0,0,0,0,-,-,NaN,0,0,0,Total,7670,3882,2572,0,0,6118,1552,"7,78","838 475,97","109,32",2698,0,14984
Data,Ocup,Opção,Cheg,Oferta/Uso Interno,Deduz. Individ.,Deduz. Grupos,% Ocup.,Receita Quartos,Preço Médio,Saídas,Quartos FdS,Adul. / Cri.,janeiro,Previsão,27-jan-2027 qua,0,0,0,0,0,0,0,-,-,NaN,0,0,0,0,0,0,0,0,0,0,-,-,NaN,0,0,0,Total jan,0,0,0,0,0,0,0,-,-,NaN,0,0,0,Total,7670,3882,2572,0,0,6118,1552,"7,78","838 475,97","109,32",2698,0,14984
Data,Ocup,Opção,Cheg,Oferta/Uso Interno,Deduz. Individ.,Deduz. Grupos,% Ocup.,Receita Quartos,Preço Médio,Saídas,Quartos FdS,Adul. / Cri.,janeiro,Previsão,28-jan-2027 qui,0,0,0,0,0,0,0,-,-,NaN,0,0,0,0,0,0,0,0,0,0,-,-,NaN,0,0,0,Total jan,0,0,0,0,0,0,0,-,-,NaN,0,0,0,Total,7670,3882,2572,0,0,6118,1552,"7,78","838 475,97","109,32",2698,0,14984
Data,Ocup,Opção,Cheg,Oferta/Uso Interno,Deduz. Individ.,Deduz. Grupos,% Ocup.,Receita Quartos,Preço Médio,Saídas,Quartos FdS,Adul. / Cri.,janeiro,Previsão,29-jan-2027 sex,0,0,0,0,0,0,0,-,-,NaN,0,0,0,0,0,0,0,0,0,0,-,-,NaN,0,0,0,Total jan,0,0,0,0,0,0,0,-,-,NaN,0,0,0,Total,7670,3882,2572,0,0,6118,1552,"7,78","838 475,97","109,32",2698,0,14984
Data,Ocup,Opção,Cheg,Oferta/Uso Interno,Deduz. Individ.,Deduz. Grupos,% Ocup.,Receita Quartos,Preço Médio,Saídas,Quartos FdS,Adul. / Cri.,janeiro,Previsão,30-jan-2027 sáb,0,0,0,0,0,0,0,-,-,NaN,0,0,0,0,0,0,0,0,0,0,-,-,NaN,0,0,0,Total jan,0,0,0,0,0,0,0,-,-,NaN,0,0,0,Total,7670,3882,2572,0,0,6118,1552,"7,78","838 475,97","109,32",2698,0,14984
Data,Ocup,Opção,Cheg,Oferta/Uso Interno,Deduz. Individ.,Deduz. Grupos,% Ocup.,Receita Quartos,Preço Médio,Saídas,Quartos FdS,Adul. / Cri.,janeiro,Previsão,31-jan-2027 dom,0,0,0,0,0,0,0,-,-,NaN,0,0,0,0,0,0,0,0,0,0,-,-,NaN,0,0,0,Total jan,0,0,0,0,0,0,0,-,-,NaN,0,0,0,Total,7670,3882,2572,0,0,6118,1552,"7,78","838 475,97","109,32",2698,0,14984
Data,Ocup,Opção,Cheg,Oferta/Uso Interno,Deduz. Individ.,Deduz. Grupos,% Ocup.,Receita Quartos,Preço Médio,Saídas,Quartos FdS,Adul. / Cri.,fevereiro,Previsão,01-fev-2027 seg,0,0,0,0,0,0,0,-,-,NaN,0,0,0,0,0,0,0,0,0,0,-,-,NaN,0,0,0,Total fev,0,0,0,0,0,0,0,-,-,NaN,0,0,0,Total,7670,3882,2572,0,0,6118,1552,"7,78","838 475,97","109,32",2698,0,14984
Data,Ocup,Opção,Cheg,Oferta/Uso Interno,Deduz. Individ.,Deduz. Grupos,% Ocup.,Receita Quartos,Preço Médio,Saídas,Quartos FdS,Adul. / Cri.,fevereiro,Previsão,02-fev-2027 ter,0,0,0,0,0,0,0,-,-,NaN,0,0,0,0,0,0,0,0,0,0,-,-,NaN,0,0,0,Total fev,0,0,0,0,0,0,0,-,-,NaN,0,0,0,Total,7670,3882,2572,0,0,6118,1552,"7,78","838 475,97","109,32",2698,0,14984
Data,Ocup,Opção,Cheg,Oferta/Uso Interno,Deduz. Individ.,Deduz. Grupos,% Ocup.,Receita Quartos,Preço Médio,Saídas,Quartos FdS,Adul. / Cri.,fevereiro,Previsão,03-fev-2027 qua,0,0,0,0,0,0,0,-,-,NaN,0,0,0,0,0,0,0,0,0,0,-,-,NaN,0,0,0,Total fev,0,0,0,0,0,0,0,-,-,NaN,0,0,0,Total,7670,3882,2572,0,0,6118,1552,"7,78","838 475,97","109,32",2698,0,14984
Data,Ocup,Opção,Cheg,Oferta/Uso Interno,Deduz. Individ.,Deduz. Grupos,% Ocup.,Receita Quartos,Preço Médio,Saídas,Quartos FdS,Adul. / Cri.,fevereiro,Previsão,04-fev-2027 qui,0,0,0,0,0,0,0,-,-,NaN,0,0,0,0,0,0,0,0,0,0,-,-,NaN,0,0,0,Total fev,0,0,0,0,0,0,0,-,-,NaN,0,0,0,Total,7670,3882,2572,0,0,6118,1552,"7,78","838 475,97","109,32",2698,0,14984
Data,Ocup,Opção,Cheg,Oferta/Uso Interno,Deduz. Individ.,Deduz. Grupos,% Ocup.,Receita Quartos,Preço Médio,Saídas,Quartos FdS,Adul. / Cri.,fevereiro,Previsão,05-fev-2027 sex,0,0,0,0,0,0,0,-,-,NaN,0,0,0,0,0,0,0,0,0,0,-,-,NaN,0,0,0,Total fev,0,0,0,0,0,0,0,-,-,NaN,0,0,0,Total,7670,3882,2572,0,0,6118,1552,"7,78","838 475,97","109,32",2698,0,14984
Data,Ocup,Opção,Cheg,Oferta/Uso Interno,Deduz. Individ.,Deduz. Grupos,% Ocup.,Receita Quartos,Preço Médio,Saídas,Quartos FdS,Adul. / Cri.,fevereiro,Previsão,06-fev-2027 sáb,0,0,0,0,0,0,0,-,-,NaN,0,0,0,0,0,0,0,0,0,0,-,-,NaN,0,0,0,Total fev,0,0,0,0,0,0,0,-,-,NaN,0,0,0,Total,7670,3882,2572,0,0,6118,1552,"7,78","838 475,97","109,32",2698,0,14984
Data,Ocup,Opção,Cheg,Oferta/Uso Interno,Deduz. Individ.,Deduz. Grupos,% Ocup.,Receita Quartos,Preço Médio,Saídas,Quartos FdS,Adul. / Cri.,fevereiro,Previsão,07-fev-2027 dom,0,0,0,0,0,0,0,-,-,NaN,0,0,0,0,0,0,0,0,0,0,-,-,NaN,0,0,0,Total fev,0,0,0,0,0,0,0,-,-,NaN,0,0,0,Total,7670,3882,2572,0,0,6118,1552,"7,78","838 475,97","109,32",2698,0,14984
Data,Ocup,Opção,Cheg,Oferta/Uso Interno,Deduz. Individ.,Deduz. Grupos,% Ocup.,Receita Quartos,Preço Médio,Saídas,Quartos FdS,Adul. / Cri.,fevereiro,Previsão,08-fev-2027 seg,0,0,0,0,0,0,0,-,-,NaN,0,0,0,0,0,0,0,0,0,0,-,-,NaN,0,0,0,Total fev,0,0,0,0,0,0,0,-,-,NaN,0,0,0,Total,7670,3882,2572,0,0,6118,1552,"7,78","838 475,97","109,32",2698,0,14984
Data,Ocup,Opção,Cheg,Oferta/Uso Interno,Deduz. Individ.,Deduz. Grupos,% Ocup.,Receita Quartos,Preço Médio,Saídas,Quartos FdS,Adul. / Cri.,fevereiro,Previsão,09-fev-2027 ter,0,0,0,0,0,0,0,-,-,NaN,0,0,0,0,0,0,0,0,0,0,-,-,NaN,0,0,0,Total fev,0,0,0,0,0,0,0,-,-,NaN,0,0,0,Total,7670,3882,2572,0,0,6118,1552,"7,78","838 475,97","109,32",2698,0,14984
Data,Ocup,Opção,Cheg,Oferta/Uso Interno,Deduz. Individ.,Deduz. Grupos,% Ocup.,Receita Quartos,Preço Médio,Saídas,Quartos FdS,Adul. / Cri.,fevereiro,Previsão,10-fev-2027 qua,0,0,0,0,0,0,0,-,-,NaN,0,0,0,0,0,0,0,0,0,0,-,-,NaN,0,0,0,Total fev,0,0,0,0,0,0,0,-,-,NaN,0,0,0,Total,7670,3882,2572,0,0,6118,1552,"7,78","838 475,97","109,32",2698,0,14984
Data,Ocup,Opção,Cheg,Oferta/Uso Interno,Deduz. Individ.,Deduz. Grupos,% Ocup.,Receita Quartos,Preço Médio,Saídas,Quartos FdS,Adul. / Cri.,fevereiro,Previsão,11-fev-2027 qui,0,0,0,0,0,0,0,-,-,NaN,0,0,0,0,0,0,0,0,0,0,-,-,NaN,0,0,0,Total fev,0,0,0,0,0,0,0,-,-,NaN,0,0,0,Total,7670,3882,2572,0,0,6118,1552,"7,78","838 475,97","109,32",2698,0,14984
Data,Ocup,Opção,Cheg,Oferta/Uso Interno,Deduz. Individ.,Deduz. Grupos,% Ocup.,Receita Quartos,Preço Médio,Saídas,Quartos FdS,Adul. / Cri.,fevereiro,Previsão,12-fev-2027 sex,0,0,0,0,0,0,0,-,-,NaN,0,0,0,0,0,0,0,0,0,0,-,-,NaN,0,0,0,Total fev,0,0,0,0,0,0,0,-,-,NaN,0,0,0,Total,7670,3882,2572,0,0,6118,1552,"7,78","838 475,97","109,32",2698,0,14984
Data,Ocup,Opção,Cheg,Oferta/Uso Interno,Deduz. Individ.,Deduz. Grupos,% Ocup.,Receita Quartos,Preço Médio,Saídas,Quartos FdS,Adul. / Cri.,fevereiro,Previsão,13-fev-2027 sáb,0,0,0,0,0,0,0,-,-,NaN,0,0,0,0,0,0,0,0,0,0,-,-,NaN,0,0,0,Total fev,0,0,0,0,0,0,0,-,-,NaN,0,0,0,Total,7670,3882,2572,0,0,6118,1552,"7,78","838 475,97","109,32",2698,0,14984
Data,Ocup,Opção,Cheg,Oferta/Uso Interno,Deduz. Individ.,Deduz. Grupos,% Ocup.,Receita Quartos,Preço Médio,Saídas,Quartos FdS,Adul. / Cri.,fevereiro,Previsão,14-fev-2027 dom,0,0,0,0,0,0,0,-,-,NaN,0,0,0,0,0,0,0,0,0,0,-,-,NaN,0,0,0,Total fev,0,0,0,0,0,0,0,-,-,NaN,0,0,0,Total,7670,3882,2572,0,0,6118,1552,"7,78","838 475,97","109,32",2698,0,14984
Data,Ocup,Opção,Cheg,Oferta/Uso Interno,Deduz. Individ.,Deduz. Grupos,% Ocup.,Receita Quartos,Preço Médio,Saídas,Quartos FdS,Adul. / Cri.,fevereiro,Previsão,15-fev-2027 seg,0,0,0,0,0,0,0,-,-,NaN,0,0,0,0,0,0,0,0,0,0,-,-,NaN,0,0,0,Total fev,0,0,0,0,0,0,0,-,-,NaN,0,0,0,Total,7670,3882,2572,0,0,6118,1552,"7,78","838 475,97","109,32",2698,0,14984
Data,Ocup,Opção,Cheg,Oferta/Uso Interno,Deduz. Individ.,Deduz. Grupos,% Ocup.,Receita Quartos,Preço Médio,Saídas,Quartos FdS,Adul. / Cri.,fevereiro,Previsão,16-fev-2027 ter,0,0,0,0,0,0,0,-,-,NaN,0,0,0,0,0,0,0,0,0,0,-,-,NaN,0,0,0,Total fev,0,0,0,0,0,0,0,-,-,NaN,0,0,0,Total,7670,3882,2572,0,0,6118,1552,"7,78","838 475,97","109,32",2698,0,14984
Data,Ocup,Opção,Cheg,Oferta/Uso Interno,Deduz. Individ.,Deduz. Grupos,% Ocup.,Receita Quartos,Preço Médio,Saídas,Quartos FdS,Adul. / Cri.,fevereiro,Previsão,17-fev-2027 qua,0,0,0,0,0,0,0,-,-,NaN,0,0,0,0,0,0,0,0,0,0,-,-,NaN,0,0,0,Total fev,0,0,0,0,0,0,0,-,-,NaN,0,0,0,Total,7670,3882,2572,0,0,6118,1552,"7,78","838 475,97","109,32",2698,0,14984
Data,Ocup,Opção,Cheg,Oferta/Uso Interno,Deduz. Individ.,Deduz. Grupos,% Ocup.,Receita Quartos,Preço Médio,Saídas,Quartos FdS,Adul. / Cri.,fevereiro,Previsão,18-fev-2027 qui,0,0,0,0,0,0,0,-,-,NaN,0,0,0,0,0,0,0,0,0,0,-,-,NaN,0,0,0,Total fev,0,0,0,0,0,0,0,-,-,NaN,0,0,0,Total,7670,3882,2572,0,0,6118,1552,"7,78","838 475,97","109,32",2698,0,14984
Data,Ocup,Opção,Cheg,Oferta/Uso Interno,Deduz. Individ.,Deduz. Grupos,% Ocup.,Receita Quartos,Preço Médio,Saídas,Quartos FdS,Adul. / Cri.,fevereiro,Previsão,19-fev-2027 sex,0,0,0,0,0,0,0,-,-,NaN,0,0,0,0,0,0,0,0,0,0,-,-,NaN,0,0,0,Total fev,0,0,0,0,0,0,0,-,-,NaN,0,0,0,Total,7670,3882,2572,0,0,6118,1552,"7,78","838 475,97","109,32",2698,0,14984
Data,Ocup,Opção,Cheg,Oferta/Uso Interno,Deduz. Individ.,Deduz. Grupos,% Ocup.,Receita Quartos,Preço Médio,Saídas,Quartos FdS,Adul. / Cri.,fevereiro,Previsão,20-fev-2027 sáb,0,0,0,0,0,0,0,-,-,NaN,0,0,0,0,0,0,0,0,0,0,-,-,NaN,0,0,0,Total fev,0,0,0,0,0,0,0,-,-,NaN,0,0,0,Total,7670,3882,2572,0,0,6118,1552,"7,78","838 475,97","109,32",2698,0,14984
Data,Ocup,Opção,Cheg,Oferta/Uso Interno,Deduz. Individ.,Deduz. Grupos,% Ocup.,Receita Quartos,Preço Médio,Saídas,Quartos FdS,Adul. / Cri.,fevereiro,Previsão,21-fev-2027 dom,0,0,0,0,0,0,0,-,-,NaN,0,0,0,0,0,0,0,0,0,0,-,-,NaN,0,0,0,Total fev,0,0,0,0,0,0,0,-,-,NaN,0,0,0,Total,7670,3882,2572,0,0,6118,1552,"7,78","838 475,97","109,32",2698,0,14984
Data,Ocup,Opção,Cheg,Oferta/Uso Interno,Deduz. Individ.,Deduz. Grupos,% Ocup.,Receita Quartos,Preço Médio,Saídas,Quartos FdS,Adul. / Cri.,fevereiro,Previsão,22-fev-2027 seg,0,0,0,0,0,0,0,-,-,NaN,0,0,0,0,0,0,0,0,0,0,-,-,NaN,0,0,0,Total fev,0,0,0,0,0,0,0,-,-,NaN,0,0,0,Total,7670,3882,2572,0,0,6118,1552,"7,78","838 475,97","109,32",2698,0,14984
Data,Ocup,Opção,Cheg,Oferta/Uso Interno,Deduz. Individ.,Deduz. Grupos,% Ocup.,Receita Quartos,Preço Médio,Saídas,Quartos FdS,Adul. / Cri.,fevereiro,Previsão,23-fev-2027 ter,0,0,0,0,0,0,0,-,-,NaN,0,0,0,0,0,0,0,0,0,0,-,-,NaN,0,0,0,Total fev,0,0,0,0,0,0,0,-,-,NaN,0,0,0,Total,7670,3882,2572,0,0,6118,1552,"7,78","838 475,97","109,32",2698,0,14984
Data,Ocup,Opção,Cheg,Oferta/Uso Interno,Deduz. Individ.,Deduz. Grupos,% Ocup.,Receita Quartos,Preço Médio,Saídas,Quartos FdS,Adul. / Cri.,fevereiro,Previsão,24-fev-2027 qua,0,0,0,0,0,0,0,-,-,NaN,0,0,0,0,0,0,0,0,0,0,-,-,NaN,0,0,0,Total fev,0,0,0,0,0,0,0,-,-,NaN,0,0,0,Total,7670,3882,2572,0,0,6118,1552,"7,78","838 475,97","109,32",2698,0,14984
Data,Ocup,Opção,Cheg,Oferta/Uso Interno,Deduz. Individ.,Deduz. Grupos,% Ocup.,Receita Quartos,Preço Médio,Saídas,Quartos FdS,Adul. / Cri.,fevereiro,Previsão,25-fev-2027 qui,0,0,0,0,0,0,0,-,-,NaN,0,0,0,0,0,0,0,0,0,0,-,-,NaN,0,0,0,Total fev,0,0,0,0,0,0,0,-,-,NaN,0,0,0,Total,7670,3882,2572,0,0,6118,1552,"7,78","838 475,97","109,32",2698,0,14984
Data,Ocup,Opção,Cheg,Oferta/Uso Interno,Deduz. Individ.,Deduz. Grupos,% Ocup.,Receita Quartos,Preço Médio,Saídas,Quartos FdS,Adul. / Cri.,fevereiro,Previsão,26-fev-2027 sex,0,0,0,0,0,0,0,-,-,NaN,0,0,0,0,0,0,0,0,0,0,-,-,NaN,0,0,0,Total fev,0,0,0,0,0,0,0,-,-,NaN,0,0,0,Total,7670,3882,2572,0,0,6118,1552,"7,78","838 475,97","109,32",2698,0,14984
Data,Ocup,Opção,Cheg,Oferta/Uso Interno,Deduz. Individ.,Deduz. Grupos,% Ocup.,Receita Quartos,Preço Médio,Saídas,Quartos FdS,Adul. / Cri.,fevereiro,Previsão,27-fev-2027 sáb,0,0,0,0,0,0,0,-,-,NaN,0,0,0,0,0,0,0,0,0,0,-,-,NaN,0,0,0,Total fev,0,0,0,0,0,0,0,-,-,NaN,0,0,0,Total,7670,3882,2572,0,0,6118,1552,"7,78","838 475,97","109,32",2698,0,14984
Data,Ocup,Opção,Cheg,Oferta/Uso Interno,Deduz. Individ.,Deduz. Grupos,% Ocup.,Receita Quartos,Preço Médio,Saídas,Quartos FdS,Adul. / Cri.,fevereiro,Previsão,28-fev-2027 dom,0,0,0,0,0,0,0,-,-,NaN,0,0,0,0,0,0,0,0,0,0,-,-,NaN,0,0,0,Total fev,0,0,0,0,0,0,0,-,-,NaN,0,0,0,Total,7670,3882,2572,0,0,6118,1552,"7,78","838 475,97","109,32",2698,0,14984
Data,Ocup,Opção,Cheg,Oferta/Uso Interno,Deduz. Individ.,Deduz. Grupos,% Ocup.,Receita Quartos,Preço Médio,Saídas,Quartos FdS,Adul. / Cri.,março,Previsão,01-mar-2027 seg,0,0,0,0,0,0,0,-,-,NaN,0,0,0,0,0,0,0,0,0,0,-,-,NaN,0,0,0,Total mar,0,0,0,0,0,0,0,-,-,NaN,0,0,0,Total,7670,3882,2572,0,0,6118,1552,"7,78","838 475,97","109,32",2698,0,14984
Data,Ocup,Opção,Cheg,Oferta/Uso Interno,Deduz. Individ.,Deduz. Grupos,% Ocup.,Receita Quartos,Preço Médio,Saídas,Quartos FdS,Adul. / Cri.,março,Previsão,02-mar-2027 ter,0,0,0,0,0,0,0,-,-,NaN,0,0,0,0,0,0,0,0,0,0,-,-,NaN,0,0,0,Total mar,0,0,0,0,0,0,0,-,-,NaN,0,0,0,Total,7670,3882,2572,0,0,6118,1552,"7,78","838 475,97","109,32",2698,0,14984
Data,Ocup,Opção,Cheg,Oferta/Uso Interno,Deduz. Individ.,Deduz. Grupos,% Ocup.,Receita Quartos,Preço Médio,Saídas,Quartos FdS,Adul. / Cri.,março,Previsão,03-mar-2027 qua,0,0,0,0,0,0,0,-,-,NaN,0,0,0,0,0,0,0,0,0,0,-,-,NaN,0,0,0,Total mar,0,0,0,0,0,0,0,-,-,NaN,0,0,0,Total,7670,3882,2572,0,0,6118,1552,"7,78","838 475,97","109,32",2698,0,14984
Data,Ocup,Opção,Cheg,Oferta/Uso Interno,Deduz. Individ.,Deduz. Grupos,% Ocup.,Receita Quartos,Preço Médio,Saídas,Quartos FdS,Adul. / Cri.,março,Previsão,04-mar-2027 qui,0,0,0,0,0,0,0,-,-,NaN,0,0,0,0,0,0,0,0,0,0,-,-,NaN,0,0,0,Total mar,0,0,0,0,0,0,0,-,-,NaN,0,0,0,Total,7670,3882,2572,0,0,6118,1552,"7,78","838 475,97","109,32",2698,0,14984
Data,Ocup,Opção,Cheg,Oferta/Uso Interno,Deduz. Individ.,Deduz. Grupos,% Ocup.,Receita Quartos,Preço Médio,Saídas,Quartos FdS,Adul. / Cri.,março,Previsão,05-mar-2027 sex,0,0,0,0,0,0,0,-,-,NaN,0,0,0,0,0,0,0,0,0,0,-,-,NaN,0,0,0,Total mar,0,0,0,0,0,0,0,-,-,NaN,0,0,0,Total,7670,3882,2572,0,0,6118,1552,"7,78","838 475,97","109,32",2698,0,14984
Data,Ocup,Opção,Cheg,Oferta/Uso Interno,Deduz. Individ.,Deduz. Grupos,% Ocup.,Receita Quartos,Preço Médio,Saídas,Quartos FdS,Adul. / Cri.,março,Previsão,06-mar-2027 sáb,0,0,0,0,0,0,0,-,-,NaN,0,0,0,0,0,0,0,0,0,0,-,-,NaN,0,0,0,Total mar,0,0,0,0,0,0,0,-,-,NaN,0,0,0,Total,7670,3882,2572,0,0,6118,1552,"7,78","838 475,97","109,32",2698,0,14984
Data,Ocup,Opção,Cheg,Oferta/Uso Interno,Deduz. Individ.,Deduz. Grupos,% Ocup.,Receita Quartos,Preço Médio,Saídas,Quartos FdS,Adul. / Cri.,março,Previsão,07-mar-2027 dom,0,0,0,0,0,0,0,-,-,NaN,0,0,0,0,0,0,0,0,0,0,-,-,NaN,0,0,0,Total mar,0,0,0,0,0,0,0,-,-,NaN,0,0,0,Total,7670,3882,2572,0,0,6118,1552,"7,78","838 475,97","109,32",2698,0,14984
Data,Ocup,Opção,Cheg,Oferta/Uso Interno,Deduz. Individ.,Deduz. Grupos,% Ocup.,Receita Quartos,Preço Médio,Saídas,Quartos FdS,Adul. / Cri.,março,Previsão,08-mar-2027 seg,0,0,0,0,0,0,0,-,-,NaN,0,0,0,0,0,0,0,0,0,0,-,-,NaN,0,0,0,Total mar,0,0,0,0,0,0,0,-,-,NaN,0,0,0,Total,7670,3882,2572,0,0,6118,1552,"7,78","838 475,97","109,32",2698,0,14984
Data,Ocup,Opção,Cheg,Oferta/Uso Interno,Deduz. Individ.,Deduz. Grupos,% Ocup.,Receita Quartos,Preço Médio,Saídas,Quartos FdS,Adul. / Cri.,março,Previsão,09-mar-2027 ter,0,0,0,0,0,0,0,-,-,NaN,0,0,0,0,0,0,0,0,0,0,-,-,NaN,0,0,0,Total mar,0,0,0,0,0,0,0,-,-,NaN,0,0,0,Total,7670,3882,2572,0,0,6118,1552,"7,78","838 475,97","109,32",2698,0,14984
Data,Ocup,Opção,Cheg,Oferta/Uso Interno,Deduz. Individ.,Deduz. Grupos,% Ocup.,Receita Quartos,Preço Médio,Saídas,Quartos FdS,Adul. / Cri.,março,Previsão,10-mar-2027 qua,0,0,0,0,0,0,0,-,-,NaN,0,0,0,0,0,0,0,0,0,0,-,-,NaN,0,0,0,Total mar,0,0,0,0,0,0,0,-,-,NaN,0,0,0,Total,7670,3882,2572,0,0,6118,1552,"7,78","838 475,97","109,32",2698,0,14984
Data,Ocup,Opção,Cheg,Oferta/Uso Interno,Deduz. Individ.,Deduz. Grupos,% Ocup.,Receita Quartos,Preço Médio,Saídas,Quartos FdS,Adul. / Cri.,março,Previsão,11-mar-2027 qui,0,0,0,0,0,0,0,-,-,NaN,0,0,0,0,0,0,0,0,0,0,-,-,NaN,0,0,0,Total mar,0,0,0,0,0,0,0,-,-,NaN,0,0,0,Total,7670,3882,2572,0,0,6118,1552,"7,78","838 475,97","109,32",2698,0,14984
Data,Ocup,Opção,Cheg,Oferta/Uso Interno,Deduz. Individ.,Deduz. Grupos,% Ocup.,Receita Quartos,Preço Médio,Saídas,Quartos FdS,Adul. / Cri.,março,Previsão,12-mar-2027 sex,0,0,0,0,0,0,0,-,-,NaN,0,0,0,0,0,0,0,0,0,0,-,-,NaN,0,0,0,Total mar,0,0,0,0,0,0,0,-,-,NaN,0,0,0,Total,7670,3882,2572,0,0,6118,1552,"7,78","838 475,97","109,32",2698,0,14984
Data,Ocup,Opção,Cheg,Oferta/Uso Interno,Deduz. Individ.,Deduz. Grupos,% Ocup.,Receita Quartos,Preço Médio,Saídas,Quartos FdS,Adul. / Cri.,março,Previsão,13-mar-2027 sáb,0,0,0,0,0,0,0,-,-,NaN,0,0,0,0,0,0,0,0,0,0,-,-,NaN,0,0,0,Total mar,0,0,0,0,0,0,0,-,-,NaN,0,0,0,Total,7670,3882,2572,0,0,6118,1552,"7,78","838 475,97","109,32",2698,0,14984
Data,Ocup,Opção,Cheg,Oferta/Uso Interno,Deduz. Individ.,Deduz. Grupos,% Ocup.,Receita Quartos,Preço Médio,Saídas,Quartos FdS,Adul. / Cri.,março,Previsão,14-mar-2027 dom,0,0,0,0,0,0,0,-,-,NaN,0,0,0,0,0,0,0,0,0,0,-,-,NaN,0,0,0,Total mar,0,0,0,0,0,0,0,-,-,NaN,0,0,0,Total,7670,3882,2572,0,0,6118,1552,"7,78","838 475,97","109,32",2698,0,14984
Data,Ocup,Opção,Cheg,Oferta/Uso Interno,Deduz. Individ.,Deduz. Grupos,% Ocup.,Receita Quartos,Preço Médio,Saídas,Quartos FdS,Adul. / Cri.,março,Previsão,15-mar-2027 seg,0,0,0,0,0,0,0,-,-,NaN,0,0,0,0,0,0,0,0,0,0,-,-,NaN,0,0,0,Total mar,0,0,0,0,0,0,0,-,-,NaN,0,0,0,Total,7670,3882,2572,0,0,6118,1552,"7,78","838 475,97","109,32",2698,0,14984
Data,Ocup,Opção,Cheg,Oferta/Uso Interno,Deduz. Individ.,Deduz. Grupos,% Ocup.,Receita Quartos,Preço Médio,Saídas,Quartos FdS,Adul. / Cri.,março,Previsão,16-mar-2027 ter,0,0,0,0,0,0,0,-,-,NaN,0,0,0,0,0,0,0,0,0,0,-,-,NaN,0,0,0,Total mar,0,0,0,0,0,0,0,-,-,NaN,0,0,0,Total,7670,3882,2572,0,0,6118,1552,"7,78","838 475,97","109,32",2698,0,14984
Data,Ocup,Opção,Cheg,Oferta/Uso Interno,Deduz. Individ.,Deduz. Grupos,% Ocup.,Receita Quartos,Preço Médio,Saídas,Quartos FdS,Adul. / Cri.,março,Previsão,17-mar-2027 qua,0,0,0,0,0,0,0,-,-,NaN,0,0,0,0,0,0,0,0,0,0,-,-,NaN,0,0,0,Total mar,0,0,0,0,0,0,0,-,-,NaN,0,0,0,Total,7670,3882,2572,0,0,6118,1552,"7,78","838 475,97","109,32",2698,0,14984
Data,Ocup,Opção,Cheg,Oferta/Uso Interno,Deduz. Individ.,Deduz. Grupos,% Ocup.,Receita Quartos,Preço Médio,Saídas,Quartos FdS,Adul. / Cri.,março,Previsão,18-mar-2027 qui,0,0,0,0,0,0,0,-,-,NaN,0,0,0,0,0,0,0,0,0,0,-,-,NaN,0,0,0,Total mar,0,0,0,0,0,0,0,-,-,NaN,0,0,0,Total,7670,3882,2572,0,0,6118,1552,"7,78","838 475,97","109,32",2698,0,14984
Data,Ocup,Opção,Cheg,Oferta/Uso Interno,Deduz. Individ.,Deduz. Grupos,% Ocup.,Receita Quartos,Preço Médio,Saídas,Quartos FdS,Adul. / Cri.,março,Previsão,19-mar-2027 sex,0,0,0,0,0,0,0,-,-,NaN,0,0,0,0,0,0,0,0,0,0,-,-,NaN,0,0,0,Total mar,0,0,0,0,0,0,0,-,-,NaN,0,0,0,Total,7670,3882,2572,0,0,6118,1552,"7,78","838 475,97","109,32",2698,0,14984
Data,Ocup,Opção,Cheg,Oferta/Uso Interno,Deduz. Individ.,Deduz. Grupos,% Ocup.,Receita Quartos,Preço Médio,Saídas,Quartos FdS,Adul. / Cri.,março,Previsão,20-mar-2027 sáb,0,0,0,0,0,0,0,-,-,NaN,0,0,0,0,0,0,0,0,0,0,-,-,NaN,0,0,0,Total mar,0,0,0,0,0,0,0,-,-,NaN,0,0,0,Total,7670,3882,2572,0,0,6118,1552,"7,78","838 475,97","109,32",2698,0,14984
Data,Ocup,Opção,Cheg,Oferta/Uso Interno,Deduz. Individ.,Deduz. Grupos,% Ocup.,Receita Quartos,Preço Médio,Saídas,Quartos FdS,Adul. / Cri.,março,Previsão,21-mar-2027 dom,0,0,0,0,0,0,0,-,-,NaN,0,0,0,0,0,0,0,0,0,0,-,-,NaN,0,0,0,Total mar,0,0,0,0,0,0,0,-,-,NaN,0,0,0,Total,7670,3882,2572,0,0,6118,1552,"7,78","838 475,97","109,32",2698,0,14984
Data,Ocup,Opção,Cheg,Oferta/Uso Interno,Deduz. Individ.,Deduz. Grupos,% Ocup.,Receita Quartos,Preço Médio,Saídas,Quartos FdS,Adul. / Cri.,março,Previsão,22-mar-2027 seg,0,0,0,0,0,0,0,-,-,NaN,0,0,0,0,0,0,0,0,0,0,-,-,NaN,0,0,0,Total mar,0,0,0,0,0,0,0,-,-,NaN,0,0,0,Total,7670,3882,2572,0,0,6118,1552,"7,78","838 475,97","109,32",2698,0,14984
Data,Ocup,Opção,Cheg,Oferta/Uso Interno,Deduz. Individ.,Deduz. Grupos,% Ocup.,Receita Quartos,Preço Médio,Saídas,Quartos FdS,Adul. / Cri.,março,Previsão,23-mar-2027 ter,0,0,0,0,0,0,0,-,-,NaN,0,0,0,0,0,0,0,0,0,0,-,-,NaN,0,0,0,Total mar,0,0,0,0,0,0,0,-,-,NaN,0,0,0,Total,7670,3882,2572,0,0,6118,1552,"7,78","838 475,97","109,32",2698,0,14984
Data,Ocup,Opção,Cheg,Oferta/Uso Interno,Deduz. Individ.,Deduz. Grupos,% Ocup.,Receita Quartos,Preço Médio,Saídas,Quartos FdS,Adul. / Cri.,março,Previsão,24-mar-2027 qua,0,0,0,0,0,0,0,-,-,NaN,0,0,0,0,0,0,0,0,0,0,-,-,NaN,0,0,0,Total mar,0,0,0,0,0,0,0,-,-,NaN,0,0,0,Total,7670,3882,2572,0,0,6118,1552,"7,78","838 475,97","109,32",2698,0,14984
Data,Ocup,Opção,Cheg,Oferta/Uso Interno,Deduz. Individ.,Deduz. Grupos,% Ocup.,Receita Quartos,Preço Médio,Saídas,Quartos FdS,Adul. / Cri.,março,Previsão,25-mar-2027 qui,0,0,0,0,0,0,0,-,-,NaN,0,0,0,0,0,0,0,0,0,0,-,-,NaN,0,0,0,Total mar,0,0,0,0,0,0,0,-,-,NaN,0,0,0,Total,7670,3882,2572,0,0,6118,1552,"7,78","838 475,97","109,32",2698,0,14984
Data,Ocup,Opção,Cheg,Oferta/Uso Interno,Deduz. Individ.,Deduz. Grupos,% Ocup.,Receita Quartos,Preço Médio,Saídas,Quartos FdS,Adul. / Cri.,março,Previsão,26-mar-2027 sex,0,0,0,0,0,0,0,-,-,NaN,0,0,0,0,0,0,0,0,0,0,-,-,NaN,0,0,0,Total mar,0,0,0,0,0,0,0,-,-,NaN,0,0,0,Total,7670,3882,2572,0,0,6118,1552,"7,78","838 475,97","109,32",2698,0,14984
Data,Ocup,Opção,Cheg,Oferta/Uso Interno,Deduz. Individ.,Deduz. Grupos,% Ocup.,Receita Quartos,Preço Médio,Saídas,Quartos FdS,Adul. / Cri.,março,Previsão,27-mar-2027 sáb,0,0,0,0,0,0,0,-,-,NaN,0,0,0,0,0,0,0,0,0,0,-,-,NaN,0,0,0,Total mar,0,0,0,0,0,0,0,-,-,NaN,0,0,0,Total,7670,3882,2572,0,0,6118,1552,"7,78","838 475,97","109,32",2698,0,14984
Data,Ocup,Opção,Cheg,Oferta/Uso Interno,Deduz. Individ.,Deduz. Grupos,% Ocup.,Receita Quartos,Preço Médio,Saídas,Quartos FdS,Adul. / Cri.,março,Previsão,28-mar-2027 dom,0,0,0,0,0,0,0,-,-,NaN,0,0,0,0,0,0,0,0,0,0,-,-,NaN,0,0,0,Total mar,0,0,0,0,0,0,0,-,-,NaN,0,0,0,Total,7670,3882,2572,0,0,6118,1552,"7,78","838 475,97","109,32",2698,0,14984
Data,Ocup,Opção,Cheg,Oferta/Uso Interno,Deduz. Individ.,Deduz. Grupos,% Ocup.,Receita Quartos,Preço Médio,Saídas,Quartos FdS,Adul. / Cri.,março,Previsão,29-mar-2027 seg,0,0,0,0,0,0,0,-,-,NaN,0,0,0,0,0,0,0,0,0,0,-,-,NaN,0,0,0,Total mar,0,0,0,0,0,0,0,-,-,NaN,0,0,0,Total,7670,3882,2572,0,0,6118,1552,"7,78","838 475,97","109,32",2698,0,14984
Data,Ocup,Opção,Cheg,Oferta/Uso Interno,Deduz. Individ.,Deduz. Grupos,% Ocup.,Receita Quartos,Preço Médio,Saídas,Quartos FdS,Adul. / Cri.,março,Previsão,30-mar-2027 ter,0,0,0,0,0,0,0,-,-,NaN,0,0,0,0,0,0,0,0,0,0,-,-,NaN,0,0,0,Total mar,0,0,0,0,0,0,0,-,-,NaN,0,0,0,Total,7670,3882,2572,0,0,6118,1552,"7,78","838 475,97","109,32",2698,0,14984
Data,Ocup,Opção,Cheg,Oferta/Uso Interno,Deduz. Individ.,Deduz. Grupos,% Ocup.,Receita Quartos,Preço Médio,Saídas,Quartos FdS,Adul. / Cri.,março,Previsão,31-mar-2027 qua,0,0,0,0,0,0,0,-,-,NaN,0,0,0,0,0,0,0,0,0,0,-,-,NaN,0,0,0,Total mar,0,0,0,0,0,0,0,-,-,NaN,0,0,0,Total,7670,3882,2572,0,0,6118,1552,"7,78","838 475,97","109,32",2698,0,14984
Data,Ocup,Opção,Cheg,Oferta/Uso Interno,Deduz. Individ.,Deduz. Grupos,% Ocup.,Receita Quartos,Preço Médio,Saídas,Quartos FdS,Adul. / Cri.,abril,Previsão,01-abr-2027 qui,0,0,0,0,0,0,0,-,-,NaN,0,0,0,0,0,0,0,0,0,0,-,-,NaN,0,0,0,Total abr,0,0,0,0,0,0,0,-,-,NaN,0,0,0,Total,7670,3882,2572,0,0,6118,1552,"7,78","838 475,97","109,32",2698,0,14984
Data,Ocup,Opção,Cheg,Oferta/Uso Interno,Deduz. Individ.,Deduz. Grupos,% Ocup.,Receita Quartos,Preço Médio,Saídas,Quartos FdS,Adul. / Cri.,abril,Previsão,02-abr-2027 sex,0,0,0,0,0,0,0,-,-,NaN,0,0,0,0,0,0,0,0,0,0,-,-,NaN,0,0,0,Total abr,0,0,0,0,0,0,0,-,-,NaN,0,0,0,Total,7670,3882,2572,0,0,6118,1552,"7,78","838 475,97","109,32",2698,0,14984
Data,Ocup,Opção,Cheg,Oferta/Uso Interno,Deduz. Individ.,Deduz. Grupos,% Ocup.,Receita Quartos,Preço Médio,Saídas,Quartos FdS,Adul. / Cri.,abril,Previsão,03-abr-2027 sáb,0,0,0,0,0,0,0,-,-,NaN,0,0,0,0,0,0,0,0,0,0,-,-,NaN,0,0,0,Total abr,0,0,0,0,0,0,0,-,-,NaN,0,0,0,Total,7670,3882,2572,0,0,6118,1552,"7,78","838 475,97","109,32",2698,0,14984
Data,Ocup,Opção,Cheg,Oferta/Uso Interno,Deduz. Individ.,Deduz. Grupos,% Ocup.,Receita Quartos,Preço Médio,Saídas,Quartos FdS,Adul. / Cri.,abril,Previsão,04-abr-2027 dom,0,0,0,0,0,0,0,-,-,NaN,0,0,0,0,0,0,0,0,0,0,-,-,NaN,0,0,0,Total abr,0,0,0,0,0,0,0,-,-,NaN,0,0,0,Total,7670,3882,2572,0,0,6118,1552,"7,78","838 475,97","109,32",2698,0,14984
Data,Ocup,Opção,Cheg,Oferta/Uso Interno,Deduz. Individ.,Deduz. Grupos,% Ocup.,Receita Quartos,Preço Médio,Saídas,Quartos FdS,Adul. / Cri.,abril,Previsão,05-abr-2027 seg,0,0,0,0,0,0,0,-,-,NaN,0,0,0,0,0,0,0,0,0,0,-,-,NaN,0,0,0,Total abr,0,0,0,0,0,0,0,-,-,NaN,0,0,0,Total,7670,3882,2572,0,0,6118,1552,"7,78","838 475,97","109,32",2698,0,14984
Data,Ocup,Opção,Cheg,Oferta/Uso Interno,Deduz. Individ.,Deduz. Grupos,% Ocup.,Receita Quartos,Preço Médio,Saídas,Quartos FdS,Adul. / Cri.,abril,Previsão,06-abr-2027 ter,0,0,0,0,0,0,0,-,-,NaN,0,0,0,0,0,0,0,0,0,0,-,-,NaN,0,0,0,Total abr,0,0,0,0,0,0,0,-,-,NaN,0,0,0,Total,7670,3882,2572,0,0,6118,1552,"7,78","838 475,97","109,32",2698,0,14984
Data,Ocup,Opção,Cheg,Oferta/Uso Interno,Deduz. Individ.,Deduz. Grupos,% Ocup.,Receita Quartos,Preço Médio,Saídas,Quartos FdS,Adul. / Cri.,abril,Previsão,07-abr-2027 qua,0,0,0,0,0,0,0,-,-,NaN,0,0,0,0,0,0,0,0,0,0,-,-,NaN,0,0,0,Total abr,0,0,0,0,0,0,0,-,-,NaN,0,0,0,Total,7670,3882,2572,0,0,6118,1552,"7,78","838 475,97","109,32",2698,0,14984
Data,Ocup,Opção,Cheg,Oferta/Uso Interno,Deduz. Individ.,Deduz. Grupos,% Ocup.,Receita Quartos,Preço Médio,Saídas,Quartos FdS,Adul. / Cri.,abril,Previsão,08-abr-2027 qui,0,0,0,0,0,0,0,-,-,NaN,0,0,0,0,0,0,0,0,0,0,-,-,NaN,0,0,0,Total abr,0,0,0,0,0,0,0,-,-,NaN,0,0,0,Total,7670,3882,2572,0,0,6118,1552,"7,78","838 475,97","109,32",2698,0,14984
Data,Ocup,Opção,Cheg,Oferta/Uso Interno,Deduz. Individ.,Deduz. Grupos,% Ocup.,Receita Quartos,Preço Médio,Saídas,Quartos FdS,Adul. / Cri.,abril,Previsão,09-abr-2027 sex,0,0,0,0,0,0,0,-,-,NaN,0,0,0,0,0,0,0,0,0,0,-,-,NaN,0,0,0,Total abr,0,0,0,0,0,0,0,-,-,NaN,0,0,0,Total,7670,3882,2572,0,0,6118,1552,"7,78","838 475,97","109,32",2698,0,14984
Data,Ocup,Opção,Cheg,Oferta/Uso Interno,Deduz. Individ.,Deduz. Grupos,% Ocup.,Receita Quartos,Preço Médio,Saídas,Quartos FdS,Adul. / Cri.,abril,Previsão,10-abr-2027 sáb,0,0,0,0,0,0,0,-,-,NaN,0,0,0,0,0,0,0,0,0,0,-,-,NaN,0,0,0,Total abr,0,0,0,0,0,0,0,-,-,NaN,0,0,0,Total,7670,3882,2572,0,0,6118,1552,"7,78","838 475,97","109,32",2698,0,14984
Data,Ocup,Opção,Cheg,Oferta/Uso Interno,Deduz. Individ.,Deduz. Grupos,% Ocup.,Receita Quartos,Preço Médio,Saídas,Quartos FdS,Adul. / Cri.,abril,Previsão,11-abr-2027 dom,0,0,0,0,0,0,0,-,-,NaN,0,0,0,0,0,0,0,0,0,0,-,-,NaN,0,0,0,Total abr,0,0,0,0,0,0,0,-,-,NaN,0,0,0,Total,7670,3882,2572,0,0,6118,1552,"7,78","838 475,97","109,32",2698,0,14984
Data,Ocup,Opção,Cheg,Oferta/Uso Interno,Deduz. Individ.,Deduz. Grupos,% Ocup.,Receita Quartos,Preço Médio,Saídas,Quartos FdS,Adul. / Cri.,abril,Previsão,12-abr-2027 seg,0,0,0,0,0,0,0,-,-,NaN,0,0,0,0,0,0,0,0,0,0,-,-,NaN,0,0,0,Total abr,0,0,0,0,0,0,0,-,-,NaN,0,0,0,Total,7670,3882,2572,0,0,6118,1552,"7,78","838 475,97","109,32",2698,0,14984
Data,Ocup,Opção,Cheg,Oferta/Uso Interno,Deduz. Individ.,Deduz. Grupos,% Ocup.,Receita Quartos,Preço Médio,Saídas,Quartos FdS,Adul. / Cri.,abril,Previsão,13-abr-2027 ter,0,0,0,0,0,0,0,-,-,NaN,0,0,0,0,0,0,0,0,0,0,-,-,NaN,0,0,0,Total abr,0,0,0,0,0,0,0,-,-,NaN,0,0,0,Total,7670,3882,2572,0,0,6118,1552,"7,78","838 475,97","109,32",2698,0,14984
Data,Ocup,Opção,Cheg,Oferta/Uso Interno,Deduz. Individ.,Deduz. Grupos,% Ocup.,Receita Quartos,Preço Médio,Saídas,Quartos FdS,Adul. / Cri.,abril,Previsão,14-abr-2027 qua,0,0,0,0,0,0,0,-,-,NaN,0,0,0,0,0,0,0,0,0,0,-,-,NaN,0,0,0,Total abr,0,0,0,0,0,0,0,-,-,NaN,0,0,0,Total,7670,3882,2572,0,0,6118,1552,"7,78","838 475,97","109,32",2698,0,14984
Data,Ocup,Opção,Cheg,Oferta/Uso Interno,Deduz. Individ.,Deduz. Grupos,% Ocup.,Receita Quartos,Preço Médio,Saídas,Quartos FdS,Adul. / Cri.,abril,Previsão,15-abr-2027 qui,0,0,0,0,0,0,0,-,-,NaN,0,0,0,0,0,0,0,0,0,0,-,-,NaN,0,0,0,Total abr,0,0,0,0,0,0,0,-,-,NaN,0,0,0,Total,7670,3882,2572,0,0,6118,1552,"7,78","838 475,97","109,32",2698,0,14984
Data,Ocup,Opção,Cheg,Oferta/Uso Interno,Deduz. Individ.,Deduz. Grupos,% Ocup.,Receita Quartos,Preço Médio,Saídas,Quartos FdS,Adul. / Cri.,abril,Previsão,16-abr-2027 sex,0,0,0,0,0,0,0,-,-,NaN,0,0,0,0,0,0,0,0,0,0,-,-,NaN,0,0,0,Total abr,0,0,0,0,0,0,0,-,-,NaN,0,0,0,Total,7670,3882,2572,0,0,6118,1552,"7,78","838 475,97","109,32",2698,0,14984
Data,Ocup,Opção,Cheg,Oferta/Uso Interno,Deduz. Individ.,Deduz. Grupos,% Ocup.,Receita Quartos,Preço Médio,Saídas,Quartos FdS,Adul. / Cri.,abril,Previsão,17-abr-2027 sáb,0,0,0,0,0,0,0,-,-,NaN,0,0,0,0,0,0,0,0,0,0,-,-,NaN,0,0,0,Total abr,0,0,0,0,0,0,0,-,-,NaN,0,0,0,Total,7670,3882,2572,0,0,6118,1552,"7,78","838 475,97","109,32",2698,0,14984
Data,Ocup,Opção,Cheg,Oferta/Uso Interno,Deduz. Individ.,Deduz. Grupos,% Ocup.,Receita Quartos,Preço Médio,Saídas,Quartos FdS,Adul. / Cri.,abril,Previsão,18-abr-2027 dom,0,0,0,0,0,0,0,-,-,NaN,0,0,0,0,0,0,0,0,0,0,-,-,NaN,0,0,0,Total abr,0,0,0,0,0,0,0,-,-,NaN,0,0,0,Total,7670,3882,2572,0,0,6118,1552,"7,78","838 475,97","109,32",2698,0,14984
Data,Ocup,Opção,Cheg,Oferta/Uso Interno,Deduz. Individ.,Deduz. Grupos,% Ocup.,Receita Quartos,Preço Médio,Saídas,Quartos FdS,Adul. / Cri.,abril,Previsão,19-abr-2027 seg,0,0,0,0,0,0,0,-,-,NaN,0,0,0,0,0,0,0,0,0,0,-,-,NaN,0,0,0,Total abr,0,0,0,0,0,0,0,-,-,NaN,0,0,0,Total,7670,3882,2572,0,0,6118,1552,"7,78","838 475,97","109,32",2698,0,14984
Data,Ocup,Opção,Cheg,Oferta/Uso Interno,Deduz. Individ.,Deduz. Grupos,% Ocup.,Receita Quartos,Preço Médio,Saídas,Quartos FdS,Adul. / Cri.,abril,Previsão,20-abr-2027 ter,0,0,0,0,0,0,0,-,-,NaN,0,0,0,0,0,0,0,0,0,0,-,-,NaN,0,0,0,Total abr,0,0,0,0,0,0,0,-,-,NaN,0,0,0,Total,7670,3882,2572,0,0,6118,1552,"7,78","838 475,97","109,32",2698,0,14984
Data,Ocup,Opção,Cheg,Oferta/Uso Interno,Deduz. Individ.,Deduz. Grupos,% Ocup.,Receita Quartos,Preço Médio,Saídas,Quartos FdS,Adul. / Cri.,abril,Previsão,21-abr-2027 qua,0,0,0,0,0,0,0,-,-,NaN,0,0,0,0,0,0,0,0,0,0,-,-,NaN,0,0,0,Total abr,0,0,0,0,0,0,0,-,-,NaN,0,0,0,Total,7670,3882,2572,0,0,6118,1552,"7,78","838 475,97","109,32",2698,0,14984
Data,Ocup,Opção,Cheg,Oferta/Uso Interno,Deduz. Individ.,Deduz. Grupos,% Ocup.,Receita Quartos,Preço Médio,Saídas,Quartos FdS,Adul. / Cri.,abril,Previsão,22-abr-2027 qui,0,0,0,0,0,0,0,-,-,NaN,0,0,0,0,0,0,0,0,0,0,-,-,NaN,0,0,0,Total abr,0,0,0,0,0,0,0,-,-,NaN,0,0,0,Total,7670,3882,2572,0,0,6118,1552,"7,78","838 475,97","109,32",2698,0,14984
Data,Ocup,Opção,Cheg,Oferta/Uso Interno,Deduz. Individ.,Deduz. Grupos,% Ocup.,Receita Quartos,Preço Médio,Saídas,Quartos FdS,Adul. / Cri.,abril,Previsão,23-abr-2027 sex,0,0,0,0,0,0,0,-,-,NaN,0,0,0,0,0,0,0,0,0,0,-,-,NaN,0,0,0,Total abr,0,0,0,0,0,0,0,-,-,NaN,0,0,0,Total,7670,3882,2572,0,0,6118,1552,"7,78","838 475,97","109,32",2698,0,14984
Data,Ocup,Opção,Cheg,Oferta/Uso Interno,Deduz. Individ.,Deduz. Grupos,% Ocup.,Receita Quartos,Preço Médio,Saídas,Quartos FdS,Adul. / Cri.,abril,Previsão,24-abr-2027 sáb,0,0,0,0,0,0,0,-,-,NaN,0,0,0,0,0,0,0,0,0,0,-,-,NaN,0,0,0,Total abr,0,0,0,0,0,0,0,-,-,NaN,0,0,0,Total,7670,3882,2572,0,0,6118,1552,"7,78","838 475,97","109,32",2698,0,14984
Data,Ocup,Opção,Cheg,Oferta/Uso Interno,Deduz. Individ.,Deduz. Grupos,% Ocup.,Receita Quartos,Preço Médio,Saídas,Quartos FdS,Adul. / Cri.,abril,Previsão,25-abr-2027 dom,0,0,0,0,0,0,0,-,-,NaN,0,0,0,0,0,0,0,0,0,0,-,-,NaN,0,0,0,Total abr,0,0,0,0,0,0,0,-,-,NaN,0,0,0,Total,7670,3882,2572,0,0,6118,1552,"7,78","838 475,97","109,32",2698,0,14984
Data,Ocup,Opção,Cheg,Oferta/Uso Interno,Deduz. Individ.,Deduz. Grupos,% Ocup.,Receita Quartos,Preço Médio,Saídas,Quartos FdS,Adul. / Cri.,abril,Previsão,26-abr-2027 seg,0,0,0,0,0,0,0,-,-,NaN,0,0,0,0,0,0,0,0,0,0,-,-,NaN,0,0,0,Total abr,0,0,0,0,0,0,0,-,-,NaN,0,0,0,Total,7670,3882,2572,0,0,6118,1552,"7,78","838 475,97","109,32",2698,0,14984
Data,Ocup,Opção,Cheg,Oferta/Uso Interno,Deduz. Individ.,Deduz. Grupos,% Ocup.,Receita Quartos,Preço Médio,Saídas,Quartos FdS,Adul. / Cri.,abril,Previsão,27-abr-2027 ter,0,0,0,0,0,0,0,-,-,NaN,0,0,0,0,0,0,0,0,0,0,-,-,NaN,0,0,0,Total abr,0,0,0,0,0,0,0,-,-,NaN,0,0,0,Total,7670,3882,2572,0,0,6118,1552,"7,78","838 475,97","109,32",2698,0,14984
Data,Ocup,Opção,Cheg,Oferta/Uso Interno,Deduz. Individ.,Deduz. Grupos,% Ocup.,Receita Quartos,Preço Médio,Saídas,Quartos FdS,Adul. / Cri.,abril,Previsão,28-abr-2027 qua,0,0,0,0,0,0,0,-,-,NaN,0,0,0,0,0,0,0,0,0,0,-,-,NaN,0,0,0,Total abr,0,0,0,0,0,0,0,-,-,NaN,0,0,0,Total,7670,3882,2572,0,0,6118,1552,"7,78","838 475,97","109,32",2698,0,14984
Data,Ocup,Opção,Cheg,Oferta/Uso Interno,Deduz. Individ.,Deduz. Grupos,% Ocup.,Receita Quartos,Preço Médio,Saídas,Quartos FdS,Adul. / Cri.,abril,Previsão,29-abr-2027 qui,0,0,0,0,0,0,0,-,-,NaN,0,0,0,0,0,0,0,0,0,0,-,-,NaN,0,0,0,Total abr,0,0,0,0,0,0,0,-,-,NaN,0,0,0,Total,7670,3882,2572,0,0,6118,1552,"7,78","838 475,97","109,32",2698,0,14984
Data,Ocup,Opção,Cheg,Oferta/Uso Interno,Deduz. Individ.,Deduz. Grupos,% Ocup.,Receita Quartos,Preço Médio,Saídas,Quartos FdS,Adul. / Cri.,abril,Previsão,30-abr-2027 sex,0,0,0,0,0,0,0,-,-,NaN,0,0,0,0,0,0,0,0,0,0,-,-,NaN,0,0,0,Total abr,0,0,0,0,0,0,0,-,-,NaN,0,0,0,Total,7670,3882,2572,0,0,6118,1552,"7,78","838 475,97","109,32",2698,0,14984
Data,Ocup,Opção,Cheg,Oferta/Uso Interno,Deduz. Individ.,Deduz. Grupos,% Ocup.,Receita Quartos,Preço Médio,Saídas,Quartos FdS,Adul. / Cri.,maio,Previsão,01-mai-2027 sáb,0,0,0,0,0,0,0,-,-,NaN,0,0,0,0,0,0,0,0,0,0,-,-,NaN,0,0,0,Total mai,0,0,0,0,0,0,0,-,-,NaN,0,0,0,Total,7670,3882,2572,0,0,6118,1552,"7,78","838 475,97","109,32",2698,0,14984
Data,Ocup,Opção,Cheg,Oferta/Uso Interno,Deduz. Individ.,Deduz. Grupos,% Ocup.,Receita Quartos,Preço Médio,Saídas,Quartos FdS,Adul. / Cri.,maio,Previsão,02-mai-2027 dom,0,0,0,0,0,0,0,-,-,NaN,0,0,0,0,0,0,0,0,0,0,-,-,NaN,0,0,0,Total mai,0,0,0,0,0,0,0,-,-,NaN,0,0,0,Total,7670,3882,2572,0,0,6118,1552,"7,78","838 475,97","109,32",2698,0,14984
Data,Ocup,Opção,Cheg,Oferta/Uso Interno,Deduz. Individ.,Deduz. Grupos,% Ocup.,Receita Quartos,Preço Médio,Saídas,Quartos FdS,Adul. / Cri.,maio,Previsão,03-mai-2027 seg,0,0,0,0,0,0,0,-,-,NaN,0,0,0,0,0,0,0,0,0,0,-,-,NaN,0,0,0,Total mai,0,0,0,0,0,0,0,-,-,NaN,0,0,0,Total,7670,3882,2572,0,0,6118,1552,"7,78","838 475,97","109,32",2698,0,14984
Data,Ocup,Opção,Cheg,Oferta/Uso Interno,Deduz. Individ.,Deduz. Grupos,% Ocup.,Receita Quartos,Preço Médio,Saídas,Quartos FdS,Adul. / Cri.,maio,Previsão,04-mai-2027 ter,0,0,0,0,0,0,0,-,-,NaN,0,0,0,0,0,0,0,0,0,0,-,-,NaN,0,0,0,Total mai,0,0,0,0,0,0,0,-,-,NaN,0,0,0,Total,7670,3882,2572,0,0,6118,1552,"7,78","838 475,97","109,32",2698,0,14984
Data,Ocup,Opção,Cheg,Oferta/Uso Interno,Deduz. Individ.,Deduz. Grupos,% Ocup.,Receita Quartos,Preço Médio,Saídas,Quartos FdS,Adul. / Cri.,maio,Previsão,05-mai-2027 qua,0,0,0,0,0,0,0,-,-,NaN,0,0,0,0,0,0,0,0,0,0,-,-,NaN,0,0,0,Total mai,0,0,0,0,0,0,0,-,-,NaN,0,0,0,Total,7670,3882,2572,0,0,6118,1552,"7,78","838 475,97","109,32",2698,0,14984
Data,Ocup,Opção,Cheg,Oferta/Uso Interno,Deduz. Individ.,Deduz. Grupos,% Ocup.,Receita Quartos,Preço Médio,Saídas,Quartos FdS,Adul. / Cri.,maio,Previsão,06-mai-2027 qui,0,0,0,0,0,0,0,-,-,NaN,0,0,0,0,0,0,0,0,0,0,-,-,NaN,0,0,0,Total mai,0,0,0,0,0,0,0,-,-,NaN,0,0,0,Total,7670,3882,2572,0,0,6118,1552,"7,78","838 475,97","109,32",2698,0,14984
Data,Ocup,Opção,Cheg,Oferta/Uso Interno,Deduz. Individ.,Deduz. Grupos,% Ocup.,Receita Quartos,Preço Médio,Saídas,Quartos FdS,Adul. / Cri.,maio,Previsão,07-mai-2027 sex,0,0,0,0,0,0,0,-,-,NaN,0,0,0,0,0,0,0,0,0,0,-,-,NaN,0,0,0,Total mai,0,0,0,0,0,0,0,-,-,NaN,0,0,0,Total,7670,3882,2572,0,0,6118,1552,"7,78","838 475,97","109,32",2698,0,14984
Data,Ocup,Opção,Cheg,Oferta/Uso Interno,Deduz. Individ.,Deduz. Grupos,% Ocup.,Receita Quartos,Preço Médio,Saídas,Quartos FdS,Adul. / Cri.,maio,Previsão,08-mai-2027 sáb,0,0,0,0,0,0,0,-,-,NaN,0,0,0,0,0,0,0,0,0,0,-,-,NaN,0,0,0,Total mai,0,0,0,0,0,0,0,-,-,NaN,0,0,0,Total,7670,3882,2572,0,0,6118,1552,"7,78","838 475,97","109,32",2698,0,14984
Data,Ocup,Opção,Cheg,Oferta/Uso Interno,Deduz. Individ.,Deduz. Grupos,% Ocup.,Receita Quartos,Preço Médio,Saídas,Quartos FdS,Adul. / Cri.,maio,Previsão,09-mai-2027 dom,0,0,0,0,0,0,0,-,-,NaN,0,0,0,0,0,0,0,0,0,0,-,-,NaN,0,0,0,Total mai,0,0,0,0,0,0,0,-,-,NaN,0,0,0,Total,7670,3882,2572,0,0,6118,1552,"7,78","838 475,97","109,32",2698,0,14984
Data,Ocup,Opção,Cheg,Oferta/Uso Interno,Deduz. Individ.,Deduz. Grupos,% Ocup.,Receita Quartos,Preço Médio,Saídas,Quartos FdS,Adul. / Cri.,maio,Previsão,10-mai-2027 seg,0,0,0,0,0,0,0,-,-,NaN,0,0,0,0,0,0,0,0,0,0,-,-,NaN,0,0,0,Total mai,0,0,0,0,0,0,0,-,-,NaN,0,0,0,Total,7670,3882,2572,0,0,6118,1552,"7,78","838 475,97","109,32",2698,0,14984
Data,Ocup,Opção,Cheg,Oferta/Uso Interno,Deduz. Individ.,Deduz. Grupos,% Ocup.,Receita Quartos,Preço Médio,Saídas,Quartos FdS,Adul. / Cri.,maio,Previsão,11-mai-2027 ter,0,0,0,0,0,0,0,-,-,NaN,0,0,0,0,0,0,0,0,0,0,-,-,NaN,0,0,0,Total mai,0,0,0,0,0,0,0,-,-,NaN,0,0,0,Total,7670,3882,2572,0,0,6118,1552,"7,78","838 475,97","109,32",2698,0,14984
Data,Ocup,Opção,Cheg,Oferta/Uso Interno,Deduz. Individ.,Deduz. Grupos,% Ocup.,Receita Quartos,Preço Médio,Saídas,Quartos FdS,Adul. / Cri.,maio,Previsão,12-mai-2027 qua,0,0,0,0,0,0,0,-,-,NaN,0,0,0,0,0,0,0,0,0,0,-,-,NaN,0,0,0,Total mai,0,0,0,0,0,0,0,-,-,NaN,0,0,0,Total,7670,3882,2572,0,0,6118,1552,"7,78","838 475,97","109,32",2698,0,14984
Data,Ocup,Opção,Cheg,Oferta/Uso Interno,Deduz. Individ.,Deduz. Grupos,% Ocup.,Receita Quartos,Preço Médio,Saídas,Quartos FdS,Adul. / Cri.,maio,Previsão,13-mai-2027 qui,0,0,0,0,0,0,0,-,-,NaN,0,0,0,0,0,0,0,0,0,0,-,-,NaN,0,0,0,Total mai,0,0,0,0,0,0,0,-,-,NaN,0,0,0,Total,7670,3882,2572,0,0,6118,1552,"7,78","838 475,97","109,32",2698,0,14984
Data,Ocup,Opção,Cheg,Oferta/Uso Interno,Deduz. Individ.,Deduz. Grupos,% Ocup.,Receita Quartos,Preço Médio,Saídas,Quartos FdS,Adul. / Cri.,maio,Previsão,14-mai-2027 sex,0,0,0,0,0,0,0,-,-,NaN,0,0,0,0,0,0,0,0,0,0,-,-,NaN,0,0,0,Total mai,0,0,0,0,0,0,0,-,-,NaN,0,0,0,Total,7670,3882,2572,0,0,6118,1552,"7,78","838 475,97","109,32",2698,0,14984
Data,Ocup,Opção,Cheg,Oferta/Uso Interno,Deduz. Individ.,Deduz. Grupos,% Ocup.,Receita Quartos,Preço Médio,Saídas,Quartos FdS,Adul. / Cri.,maio,Previsão,15-mai-2027 sáb,0,0,0,0,0,0,0,-,-,NaN,0,0,0,0,0,0,0,0,0,0,-,-,NaN,0,0,0,Total mai,0,0,0,0,0,0,0,-,-,NaN,0,0,0,Total,7670,3882,2572,0,0,6118,1552,"7,78","838 475,97","109,32",2698,0,14984
Data,Ocup,Opção,Cheg,Oferta/Uso Interno,Deduz. Individ.,Deduz. Grupos,% Ocup.,Receita Quartos,Preço Médio,Saídas,Quartos FdS,Adul. / Cri.,maio,Previsão,16-mai-2027 dom,0,0,0,0,0,0,0,-,-,NaN,0,0,0,0,0,0,0,0,0,0,-,-,NaN,0,0,0,Total mai,0,0,0,0,0,0,0,-,-,NaN,0,0,0,Total,7670,3882,2572,0,0,6118,1552,"7,78","838 475,97","109,32",2698,0,14984
Data,Ocup,Opção,Cheg,Oferta/Uso Interno,Deduz. Individ.,Deduz. Grupos,% Ocup.,Receita Quartos,Preço Médio,Saídas,Quartos FdS,Adul. / Cri.,maio,Previsão,17-mai-2027 seg,0,0,0,0,0,0,0,-,-,NaN,0,0,0,0,0,0,0,0,0,0,-,-,NaN,0,0,0,Total mai,0,0,0,0,0,0,0,-,-,NaN,0,0,0,Total,7670,3882,2572,0,0,6118,1552,"7,78","838 475,97","109,32",2698,0,14984
Data,Ocup,Opção,Cheg,Oferta/Uso Interno,Deduz. Individ.,Deduz. Grupos,% Ocup.,Receita Quartos,Preço Médio,Saídas,Quartos FdS,Adul. / Cri.,maio,Previsão,18-mai-2027 ter,0,0,0,0,0,0,0,-,-,NaN,0,0,0,0,0,0,0,0,0,0,-,-,NaN,0,0,0,Total mai,0,0,0,0,0,0,0,-,-,NaN,0,0,0,Total,7670,3882,2572,0,0,6118,1552,"7,78","838 475,97","109,32",2698,0,14984
Data,Ocup,Opção,Cheg,Oferta/Uso Interno,Deduz. Individ.,Deduz. Grupos,% Ocup.,Receita Quartos,Preço Médio,Saídas,Quartos FdS,Adul. / Cri.,maio,Previsão,19-mai-2027 qua,0,0,0,0,0,0,0,-,-,NaN,0,0,0,0,0,0,0,0,0,0,-,-,NaN,0,0,0,Total mai,0,0,0,0,0,0,0,-,-,NaN,0,0,0,Total,7670,3882,2572,0,0,6118,1552,"7,78","838 475,97","109,32",2698,0,14984
Data,Ocup,Opção,Cheg,Oferta/Uso Interno,Deduz. Individ.,Deduz. Grupos,% Ocup.,Receita Quartos,Preço Médio,Saídas,Quartos FdS,Adul. / Cri.,maio,Previsão,20-mai-2027 qui,0,0,0,0,0,0,0,-,-,NaN,0,0,0,0,0,0,0,0,0,0,-,-,NaN,0,0,0,Total mai,0,0,0,0,0,0,0,-,-,NaN,0,0,0,Total,7670,3882,2572,0,0,6118,1552,"7,78","838 475,97","109,32",2698,0,14984
Data,Ocup,Opção,Cheg,Oferta/Uso Interno,Deduz. Individ.,Deduz. Grupos,% Ocup.,Receita Quartos,Preço Médio,Saídas,Quartos FdS,Adul. / Cri.,maio,Previsão,21-mai-2027 sex,0,0,0,0,0,0,0,-,-,NaN,0,0,0,0,0,0,0,0,0,0,-,-,NaN,0,0,0,Total mai,0,0,0,0,0,0,0,-,-,NaN,0,0,0,Total,7670,3882,2572,0,0,6118,1552,"7,78","838 475,97","109,32",2698,0,14984
Data,Ocup,Opção,Cheg,Oferta/Uso Interno,Deduz. Individ.,Deduz. Grupos,% Ocup.,Receita Quartos,Preço Médio,Saídas,Quartos FdS,Adul. / Cri.,maio,Previsão,22-mai-2027 sáb,0,0,0,0,0,0,0,-,-,NaN,0,0,0,0,0,0,0,0,0,0,-,-,NaN,0,0,0,Total mai,0,0,0,0,0,0,0,-,-,NaN,0,0,0,Total,7670,3882,2572,0,0,6118,1552,"7,78","838 475,97","109,32",2698,0,14984
Data,Ocup,Opção,Cheg,Oferta/Uso Interno,Deduz. Individ.,Deduz. Grupos,% Ocup.,Receita Quartos,Preço Médio,Saídas,Quartos FdS,Adul. / Cri.,maio,Previsão,23-mai-2027 dom,0,0,0,0,0,0,0,-,-,NaN,0,0,0,0,0,0,0,0,0,0,-,-,NaN,0,0,0,Total mai,0,0,0,0,0,0,0,-,-,NaN,0,0,0,Total,7670,3882,2572,0,0,6118,1552,"7,78","838 475,97","109,32",2698,0,14984
Data,Ocup,Opção,Cheg,Oferta/Uso Interno,Deduz. Individ.,Deduz. Grupos,% Ocup.,Receita Quartos,Preço Médio,Saídas,Quartos FdS,Adul. / Cri.,maio,Previsão,24-mai-2027 seg,0,0,0,0,0,0,0,-,-,NaN,0,0,0,0,0,0,0,0,0,0,-,-,NaN,0,0,0,Total mai,0,0,0,0,0,0,0,-,-,NaN,0,0,0,Total,7670,3882,2572,0,0,6118,1552,"7,78","838 475,97","109,32",2698,0,14984
Data,Ocup,Opção,Cheg,Oferta/Uso Interno,Deduz. Individ.,Deduz. Grupos,% Ocup.,Receita Quartos,Preço Médio,Saídas,Quartos FdS,Adul. / Cri.,maio,Previsão,25-mai-2027 ter,0,0,0,0,0,0,0,-,-,NaN,0,0,0,0,0,0,0,0,0,0,-,-,NaN,0,0,0,Total mai,0,0,0,0,0,0,0,-,-,NaN,0,0,0,Total,7670,3882,2572,0,0,6118,1552,"7,78","838 475,97","109,32",2698,0,14984
Data,Ocup,Opção,Cheg,Oferta/Uso Interno,Deduz. Individ.,Deduz. Grupos,% Ocup.,Receita Quartos,Preço Médio,Saídas,Quartos FdS,Adul. / Cri.,maio,Previsão,26-mai-2027 qua,0,0,0,0,0,0,0,-,-,NaN,0,0,0,0,0,0,0,0,0,0,-,-,NaN,0,0,0,Total mai,0,0,0,0,0,0,0,-,-,NaN,0,0,0,Total,7670,3882,2572,0,0,6118,1552,"7,78","838 475,97","109,32",2698,0,14984
Data,Ocup,Opção,Cheg,Oferta/Uso Interno,Deduz. Individ.,Deduz. Grupos,% Ocup.,Receita Quartos,Preço Médio,Saídas,Quartos FdS,Adul. / Cri.,maio,Previsão,27-mai-2027 qui,0,0,0,0,0,0,0,-,-,NaN,0,0,0,0,0,0,0,0,0,0,-,-,NaN,0,0,0,Total mai,0,0,0,0,0,0,0,-,-,NaN,0,0,0,Total,7670,3882,2572,0,0,6118,1552,"7,78","838 475,97","109,32",2698,0,14984
Data,Ocup,Opção,Cheg,Oferta/Uso Interno,Deduz. Individ.,Deduz. Grupos,% Ocup.,Receita Quartos,Preço Médio,Saídas,Quartos FdS,Adul. / Cri.,maio,Previsão,28-mai-2027 sex,0,0,0,0,0,0,0,-,-,NaN,0,0,0,0,0,0,0,0,0,0,-,-,NaN,0,0,0,Total mai,0,0,0,0,0,0,0,-,-,NaN,0,0,0,Total,7670,3882,2572,0,0,6118,1552,"7,78","838 475,97","109,32",2698,0,14984
Data,Ocup,Opção,Cheg,Oferta/Uso Interno,Deduz. Individ.,Deduz. Grupos,% Ocup.,Receita Quartos,Preço Médio,Saídas,Quartos FdS,Adul. / Cri.,maio,Previsão,29-mai-2027 sáb,0,0,0,0,0,0,0,-,-,NaN,0,0,0,0,0,0,0,0,0,0,-,-,NaN,0,0,0,Total mai,0,0,0,0,0,0,0,-,-,NaN,0,0,0,Total,7670,3882,2572,0,0,6118,1552,"7,78","838 475,97","109,32",2698,0,14984
Data,Ocup,Opção,Cheg,Oferta/Uso Interno,Deduz. Individ.,Deduz. Grupos,% Ocup.,Receita Quartos,Preço Médio,Saídas,Quartos FdS,Adul. / Cri.,maio,Previsão,30-mai-2027 dom,0,0,0,0,0,0,0,-,-,NaN,0,0,0,0,0,0,0,0,0,0,-,-,NaN,0,0,0,Total mai,0,0,0,0,0,0,0,-,-,NaN,0,0,0,Total,7670,3882,2572,0,0,6118,1552,"7,78","838 475,97","109,32",2698,0,14984
Data,Ocup,Opção,Cheg,Oferta/Uso Interno,Deduz. Individ.,Deduz. Grupos,% Ocup.,Receita Quartos,Preço Médio,Saídas,Quartos FdS,Adul. / Cri.,maio,Previsão,31-mai-2027 seg,0,0,0,0,0,0,0,-,-,NaN,0,0,0,0,0,0,0,0,0,0,-,-,NaN,0,0,0,Total mai,0,0,0,0,0,0,0,-,-,NaN,0,0,0,Total,7670,3882,2572,0,0,6118,1552,"7,78","838 475,97","109,32",2698,0,14984
Data,Ocup,Opção,Cheg,Oferta/Uso Interno,Deduz. Individ.,Deduz. Grupos,% Ocup.,Receita Quartos,Preço Médio,Saídas,Quartos FdS,Adul. / Cri.,junho,Previsão,01-jun-2027 ter,0,0,0,0,0,0,0,-,-,NaN,0,0,0,0,45,0,0,0,0,0,-,-,NaN,0,0,0,Total jun,0,45,0,0,0,0,0,-,-,NaN,0,0,0,Total,7670,3882,2572,0,0,6118,1552,"7,78","838 475,97","109,32",2698,0,14984
Data,Ocup,Opção,Cheg,Oferta/Uso Interno,Deduz. Individ.,Deduz. Grupos,% Ocup.,Receita Quartos,Preço Médio,Saídas,Quartos FdS,Adul. / Cri.,junho,Previsão,02-jun-2027 qua,0,0,0,0,0,0,0,-,-,NaN,0,0,0,0,45,0,0,0,0,0,-,-,NaN,0,0,0,Total jun,0,45,0,0,0,0,0,-,-,NaN,0,0,0,Total,7670,3882,2572,0,0,6118,1552,"7,78","838 475,97","109,32",2698,0,14984
Data,Ocup,Opção,Cheg,Oferta/Uso Interno,Deduz. Individ.,Deduz. Grupos,% Ocup.,Receita Quartos,Preço Médio,Saídas,Quartos FdS,Adul. / Cri.,junho,Previsão,03-jun-2027 qui,0,0,0,0,0,0,0,-,-,NaN,0,0,0,0,45,0,0,0,0,0,-,-,NaN,0,0,0,Total jun,0,45,0,0,0,0,0,-,-,NaN,0,0,0,Total,7670,3882,2572,0,0,6118,1552,"7,78","838 475,97","109,32",2698,0,14984
Data,Ocup,Opção,Cheg,Oferta/Uso Interno,Deduz. Individ.,Deduz. Grupos,% Ocup.,Receita Quartos,Preço Médio,Saídas,Quartos FdS,Adul. / Cri.,junho,Previsão,04-jun-2027 sex,0,0,0,0,0,0,0,-,-,NaN,0,0,0,0,45,0,0,0,0,0,-,-,NaN,0,0,0,Total jun,0,45,0,0,0,0,0,-,-,NaN,0,0,0,Total,7670,3882,2572,0,0,6118,1552,"7,78","838 475,97","109,32",2698,0,14984
Data,Ocup,Opção,Cheg,Oferta/Uso Interno,Deduz. Individ.,Deduz. Grupos,% Ocup.,Receita Quartos,Preço Médio,Saídas,Quartos FdS,Adul. / Cri.,junho,Previsão,05-jun-2027 sáb,0,0,0,0,0,0,0,-,-,NaN,0,0,0,0,45,0,0,0,0,0,-,-,NaN,0,0,0,Total jun,0,45,0,0,0,0,0,-,-,NaN,0,0,0,Total,7670,3882,2572,0,0,6118,1552,"7,78","838 475,97","109,32",2698,0,14984
Data,Ocup,Opção,Cheg,Oferta/Uso Interno,Deduz. Individ.,Deduz. Grupos,% Ocup.,Receita Quartos,Preço Médio,Saídas,Quartos FdS,Adul. / Cri.,junho,Previsão,06-jun-2027 dom,0,0,0,0,0,0,0,-,-,NaN,0,0,0,0,45,0,0,0,0,0,-,-,NaN,0,0,0,Total jun,0,45,0,0,0,0,0,-,-,NaN,0,0,0,Total,7670,3882,2572,0,0,6118,1552,"7,78","838 475,97","109,32",2698,0,14984
Data,Ocup,Opção,Cheg,Oferta/Uso Interno,Deduz. Individ.,Deduz. Grupos,% Ocup.,Receita Quartos,Preço Médio,Saídas,Quartos FdS,Adul. / Cri.,junho,Previsão,07-jun-2027 seg,0,0,0,0,0,0,0,-,-,NaN,0,0,0,0,45,0,0,0,0,0,-,-,NaN,0,0,0,Total jun,0,45,0,0,0,0,0,-,-,NaN,0,0,0,Total,7670,3882,2572,0,0,6118,1552,"7,78","838 475,97","109,32",2698,0,14984
Data,Ocup,Opção,Cheg,Oferta/Uso Interno,Deduz. Individ.,Deduz. Grupos,% Ocup.,Receita Quartos,Preço Médio,Saídas,Quartos FdS,Adul. / Cri.,junho,Previsão,08-jun-2027 ter,0,0,0,0,0,0,0,-,-,NaN,0,0,0,0,45,0,0,0,0,0,-,-,NaN,0,0,0,Total jun,0,45,0,0,0,0,0,-,-,NaN,0,0,0,Total,7670,3882,2572,0,0,6118,1552,"7,78","838 475,97","109,32",2698,0,14984
Data,Ocup,Opção,Cheg,Oferta/Uso Interno,Deduz. Individ.,Deduz. Grupos,% Ocup.,Receita Quartos,Preço Médio,Saídas,Quartos FdS,Adul. / Cri.,junho,Previsão,09-jun-2027 qua,0,0,0,0,0,0,0,-,-,NaN,0,0,0,0,45,0,0,0,0,0,-,-,NaN,0,0,0,Total jun,0,45,0,0,0,0,0,-,-,NaN,0,0,0,Total,7670,3882,2572,0,0,6118,1552,"7,78","838 475,97","109,32",2698,0,14984
Data,Ocup,Opção,Cheg,Oferta/Uso Interno,Deduz. Individ.,Deduz. Grupos,% Ocup.,Receita Quartos,Preço Médio,Saídas,Quartos FdS,Adul. / Cri.,junho,Previsão,10-jun-2027 qui,0,0,0,0,0,0,0,-,-,NaN,0,0,0,0,45,0,0,0,0,0,-,-,NaN,0,0,0,Total jun,0,45,0,0,0,0,0,-,-,NaN,0,0,0,Total,7670,3882,2572,0,0,6118,1552,"7,78","838 475,97","109,32",2698,0,14984
Data,Ocup,Opção,Cheg,Oferta/Uso Interno,Deduz. Individ.,Deduz. Grupos,% Ocup.,Receita Quartos,Preço Médio,Saídas,Quartos FdS,Adul. / Cri.,junho,Previsão,11-jun-2027 sex,0,0,0,0,0,0,0,-,-,NaN,0,0,0,0,45,0,0,0,0,0,-,-,NaN,0,0,0,Total jun,0,45,0,0,0,0,0,-,-,NaN,0,0,0,Total,7670,3882,2572,0,0,6118,1552,"7,78","838 475,97","109,32",2698,0,14984
Data,Ocup,Opção,Cheg,Oferta/Uso Interno,Deduz. Individ.,Deduz. Grupos,% Ocup.,Receita Quartos,Preço Médio,Saídas,Quartos FdS,Adul. / Cri.,junho,Previsão,12-jun-2027 sáb,0,0,0,0,0,0,0,-,-,NaN,0,0,0,0,45,0,0,0,0,0,-,-,NaN,0,0,0,Total jun,0,45,0,0,0,0,0,-,-,NaN,0,0,0,Total,7670,3882,2572,0,0,6118,1552,"7,78","838 475,97","109,32",2698,0,14984
Data,Ocup,Opção,Cheg,Oferta/Uso Interno,Deduz. Individ.,Deduz. Grupos,% Ocup.,Receita Quartos,Preço Médio,Saídas,Quartos FdS,Adul. / Cri.,junho,Previsão,13-jun-2027 dom,0,0,0,0,0,0,0,-,-,NaN,0,0,0,0,45,0,0,0,0,0,-,-,NaN,0,0,0,Total jun,0,45,0,0,0,0,0,-,-,NaN,0,0,0,Total,7670,3882,2572,0,0,6118,1552,"7,78","838 475,97","109,32",2698,0,14984
Data,Ocup,Opção,Cheg,Oferta/Uso Interno,Deduz. Individ.,Deduz. Grupos,% Ocup.,Receita Quartos,Preço Médio,Saídas,Quartos FdS,Adul. / Cri.,junho,Previsão,14-jun-2027 seg,0,0,0,0,0,0,0,-,-,NaN,0,0,0,0,45,0,0,0,0,0,-,-,NaN,0,0,0,Total jun,0,45,0,0,0,0,0,-,-,NaN,0,0,0,Total,7670,3882,2572,0,0,6118,1552,"7,78","838 475,97","109,32",2698,0,14984
Data,Ocup,Opção,Cheg,Oferta/Uso Interno,Deduz. Individ.,Deduz. Grupos,% Ocup.,Receita Quartos,Preço Médio,Saídas,Quartos FdS,Adul. / Cri.,junho,Previsão,15-jun-2027 ter,0,0,0,0,0,0,0,-,-,NaN,0,0,0,0,45,0,0,0,0,0,-,-,NaN,0,0,0,Total jun,0,45,0,0,0,0,0,-,-,NaN,0,0,0,Total,7670,3882,2572,0,0,6118,1552,"7,78","838 475,97","109,32",2698,0,14984
Data,Ocup,Opção,Cheg,Oferta/Uso Interno,Deduz. Individ.,Deduz. Grupos,% Ocup.,Receita Quartos,Preço Médio,Saídas,Quartos FdS,Adul. / Cri.,junho,Previsão,16-jun-2027 qua,0,0,0,0,0,0,0,-,-,NaN,0,0,0,0,45,0,0,0,0,0,-,-,NaN,0,0,0,Total jun,0,45,0,0,0,0,0,-,-,NaN,0,0,0,Total,7670,3882,2572,0,0,6118,1552,"7,78","838 475,97","109,32",2698,0,14984
Data,Ocup,Opção,Cheg,Oferta/Uso Interno,Deduz. Individ.,Deduz. Grupos,% Ocup.,Receita Quartos,Preço Médio,Saídas,Quartos FdS,Adul. / Cri.,junho,Previsão,17-jun-2027 qui,0,0,0,0,0,0,0,-,-,NaN,0,0,0,0,45,0,0,0,0,0,-,-,NaN,0,0,0,Total jun,0,45,0,0,0,0,0,-,-,NaN,0,0,0,Total,7670,3882,2572,0,0,6118,1552,"7,78","838 475,97","109,32",2698,0,14984
Data,Ocup,Opção,Cheg,Oferta/Uso Interno,Deduz. Individ.,Deduz. Grupos,% Ocup.,Receita Quartos,Preço Médio,Saídas,Quartos FdS,Adul. / Cri.,junho,Previsão,18-jun-2027 sex,0,0,0,0,0,0,0,-,-,NaN,0,0,0,0,45,0,0,0,0,0,-,-,NaN,0,0,0,Total jun,0,45,0,0,0,0,0,-,-,NaN,0,0,0,Total,7670,3882,2572,0,0,6118,1552,"7,78","838 475,97","109,32",2698,0,14984
Data,Ocup,Opção,Cheg,Oferta/Uso Interno,Deduz. Individ.,Deduz. Grupos,% Ocup.,Receita Quartos,Preço Médio,Saídas,Quartos FdS,Adul. / Cri.,junho,Previsão,19-jun-2027 sáb,0,0,0,0,0,0,0,-,-,NaN,0,0,0,0,45,0,0,0,0,0,-,-,NaN,0,0,0,Total jun,0,45,0,0,0,0,0,-,-,NaN,0,0,0,Total,7670,3882,2572,0,0,6118,1552,"7,78","838 475,97","109,32",2698,0,14984
Data,Ocup,Opção,Cheg,Oferta/Uso Interno,Deduz. Individ.,Deduz. Grupos,% Ocup.,Receita Quartos,Preço Médio,Saídas,Quartos FdS,Adul. / Cri.,junho,Previsão,20-jun-2027 dom,0,0,0,0,0,0,0,-,-,NaN,0,0,0,0,45,0,0,0,0,0,-,-,NaN,0,0,0,Total jun,0,45,0,0,0,0,0,-,-,NaN,0,0,0,Total,7670,3882,2572,0,0,6118,1552,"7,78","838 475,97","109,32",2698,0,14984
Data,Ocup,Opção,Cheg,Oferta/Uso Interno,Deduz. Individ.,Deduz. Grupos,% Ocup.,Receita Quartos,Preço Médio,Saídas,Quartos FdS,Adul. / Cri.,junho,Previsão,21-jun-2027 seg,0,0,0,0,0,0,0,-,-,NaN,0,0,0,0,45,0,0,0,0,0,-,-,NaN,0,0,0,Total jun,0,45,0,0,0,0,0,-,-,NaN,0,0,0,Total,7670,3882,2572,0,0,6118,1552,"7,78","838 475,97","109,32",2698,0,14984
Data,Ocup,Opção,Cheg,Oferta/Uso Interno,Deduz. Individ.,Deduz. Grupos,% Ocup.,Receita Quartos,Preço Médio,Saídas,Quartos FdS,Adul. / Cri.,junho,Previsão,22-jun-2027 ter,0,0,0,0,0,0,0,-,-,NaN,0,0,0,0,45,0,0,0,0,0,-,-,NaN,0,0,0,Total jun,0,45,0,0,0,0,0,-,-,NaN,0,0,0,Total,7670,3882,2572,0,0,6118,1552,"7,78","838 475,97","109,32",2698,0,14984
Data,Ocup,Opção,Cheg,Oferta/Uso Interno,Deduz. Individ.,Deduz. Grupos,% Ocup.,Receita Quartos,Preço Médio,Saídas,Quartos FdS,Adul. / Cri.,junho,Previsão,23-jun-2027 qua,0,0,0,0,0,0,0,-,-,NaN,0,0,0,0,45,0,0,0,0,0,-,-,NaN,0,0,0,Total jun,0,45,0,0,0,0,0,-,-,NaN,0,0,0,Total,7670,3882,2572,0,0,6118,1552,"7,78","838 475,97","109,32",2698,0,14984
Data,Ocup,Opção,Cheg,Oferta/Uso Interno,Deduz. Individ.,Deduz. Grupos,% Ocup.,Receita Quartos,Preço Médio,Saídas,Quartos FdS,Adul. / Cri.,junho,Previsão,24-jun-2027 qui,0,0,0,0,0,0,0,-,-,NaN,0,0,0,0,45,0,0,0,0,0,-,-,NaN,0,0,0,Total jun,0,45,0,0,0,0,0,-,-,NaN,0,0,0,Total,7670,3882,2572,0,0,6118,1552,"7,78","838 475,97","109,32",2698,0,14984
Data,Ocup,Opção,Cheg,Oferta/Uso Interno,Deduz. Individ.,Deduz. Grupos,% Ocup.,Receita Quartos,Preço Médio,Saídas,Quartos FdS,Adul. / Cri.,junho,Previsão,25-jun-2027 sex,0,0,0,0,0,0,0,-,-,NaN,0,0,0,0,45,0,0,0,0,0,-,-,NaN,0,0,0,Total jun,0,45,0,0,0,0,0,-,-,NaN,0,0,0,Total,7670,3882,2572,0,0,6118,1552,"7,78","838 475,97","109,32",2698,0,14984
Data,Ocup,Opção,Cheg,Oferta/Uso Interno,Deduz. Individ.,Deduz. Grupos,% Ocup.,Receita Quartos,Preço Médio,Saídas,Quartos FdS,Adul. / Cri.,junho,Previsão,26-jun-2027 sáb,0,0,0,0,0,0,0,-,-,NaN,0,0,0,0,45,0,0,0,0,0,-,-,NaN,0,0,0,Total jun,0,45,0,0,0,0,0,-,-,NaN,0,0,0,Total,7670,3882,2572,0,0,6118,1552,"7,78","838 475,97","109,32",2698,0,14984
Data,Ocup,Opção,Cheg,Oferta/Uso Interno,Deduz. Individ.,Deduz. Grupos,% Ocup.,Receita Quartos,Preço Médio,Saídas,Quartos FdS,Adul. / Cri.,junho,Previsão,27-jun-2027 dom,0,0,0,0,0,0,0,-,-,NaN,0,0,0,0,45,0,0,0,0,0,-,-,NaN,0,0,0,Total jun,0,45,0,0,0,0,0,-,-,NaN,0,0,0,Total,7670,3882,2572,0,0,6118,1552,"7,78","838 475,97","109,32",2698,0,14984
Data,Ocup,Opção,Cheg,Oferta/Uso Interno,Deduz. Individ.,Deduz. Grupos,% Ocup.,Receita Quartos,Preço Médio,Saídas,Quartos FdS,Adul. / Cri.,junho,Previsão,28-jun-2027 seg,0,15,0,0,0,0,0,-,-,NaN,0,0,0,0,45,0,0,0,0,0,-,-,NaN,0,0,0,Total jun,0,45,0,0,0,0,0,-,-,NaN,0,0,0,Total,7670,3882,2572,0,0,6118,1552,"7,78","838 475,97","109,32",2698,0,14984
Data,Ocup,Opção,Cheg,Oferta/Uso Interno,Deduz. Individ.,Deduz. Grupos,% Ocup.,Receita Quartos,Preço Médio,Saídas,Quartos FdS,Adul. / Cri.,junho,Previsão,29-jun-2027 ter,0,15,0,0,0,0,0,-,-,NaN,0,0,0,0,45,0,0,0,0,0,-,-,NaN,0,0,0,Total jun,0,45,0,0,0,0,0,-,-,NaN,0,0,0,Total,7670,3882,2572,0,0,6118,1552,"7,78","838 475,97","109,32",2698,0,14984
Data,Ocup,Opção,Cheg,Oferta/Uso Interno,Deduz. Individ.,Deduz. Grupos,% Ocup.,Receita Quartos,Preço Médio,Saídas,Quartos FdS,Adul. / Cri.,junho,Previsão,30-jun-2027 qua,0,15,0,0,0,0,0,-,-,NaN,0,0,0,0,45,0,0,0,0,0,-,-,NaN,0,0,0,Total jun,0,45,0,0,0,0,0,-,-,NaN,0,0,0,Total,7670,3882,2572,0,0,6118,1552,"7,78","838 475,97","109,32",2698,0,14984
Data,Ocup,Opção,Cheg,Oferta/Uso Interno,Deduz. Individ.,Deduz. Grupos,% Ocup.,Receita Quartos,Preço Médio,Saídas,Quartos FdS,Adul. / Cri.,julho,Previsão,01-jul-2027 qui,0,0,0,0,0,0,0,-,-,NaN,0,0,0,0,45,0,0,0,0,0,-,-,NaN,0,0,0,Total jul,0,45,0,0,0,0,0,-,-,NaN,0,0,0,Total,7670,3882,2572,0,0,6118,1552,"7,78","838 475,97","109,32",2698,0,14984
Data,Ocup,Opção,Cheg,Oferta/Uso Interno,Deduz. Individ.,Deduz. Grupos,% Ocup.,Receita Quartos,Preço Médio,Saídas,Quartos FdS,Adul. / Cri.,julho,Previsão,02-jul-2027 sex,0,0,0,0,0,0,0,-,-,NaN,0,0,0,0,45,0,0,0,0,0,-,-,NaN,0,0,0,Total jul,0,45,0,0,0,0,0,-,-,NaN,0,0,0,Total,7670,3882,2572,0,0,6118,1552,"7,78","838 475,97","109,32",2698,0,14984
Data,Ocup,Opção,Cheg,Oferta/Uso Interno,Deduz. Individ.,Deduz. Grupos,% Ocup.,Receita Quartos,Preço Médio,Saídas,Quartos FdS,Adul. / Cri.,julho,Previsão,03-jul-2027 sáb,0,0,0,0,0,0,0,-,-,NaN,0,0,0,0,45,0,0,0,0,0,-,-,NaN,0,0,0,Total jul,0,45,0,0,0,0,0,-,-,NaN,0,0,0,Total,7670,3882,2572,0,0,6118,1552,"7,78","838 475,97","109,32",2698,0,14984
Data,Ocup,Opção,Cheg,Oferta/Uso Interno,Deduz. Individ.,Deduz. Grupos,% Ocup.,Receita Quartos,Preço Médio,Saídas,Quartos FdS,Adul. / Cri.,julho,Previsão,04-jul-2027 dom,0,0,0,0,0,0,0,-,-,NaN,0,0,0,0,45,0,0,0,0,0,-,-,NaN,0,0,0,Total jul,0,45,0,0,0,0,0,-,-,NaN,0,0,0,Total,7670,3882,2572,0,0,6118,1552,"7,78","838 475,97","109,32",2698,0,14984
Data,Ocup,Opção,Cheg,Oferta/Uso Interno,Deduz. Individ.,Deduz. Grupos,% Ocup.,Receita Quartos,Preço Médio,Saídas,Quartos FdS,Adul. / Cri.,julho,Previsão,05-jul-2027 seg,0,0,0,0,0,0,0,-,-,NaN,0,0,0,0,45,0,0,0,0,0,-,-,NaN,0,0,0,Total jul,0,45,0,0,0,0,0,-,-,NaN,0,0,0,Total,7670,3882,2572,0,0,6118,1552,"7,78","838 475,97","109,32",2698,0,14984
Data,Ocup,Opção,Cheg,Oferta/Uso Interno,Deduz. Individ.,Deduz. Grupos,% Ocup.,Receita Quartos,Preço Médio,Saídas,Quartos FdS,Adul. / Cri.,julho,Previsão,06-jul-2027 ter,0,0,0,0,0,0,0,-,-,NaN,0,0,0,0,45,0,0,0,0,0,-,-,NaN,0,0,0,Total jul,0,45,0,0,0,0,0,-,-,NaN,0,0,0,Total,7670,3882,2572,0,0,6118,1552,"7,78","838 475,97","109,32",2698,0,14984
Data,Ocup,Opção,Cheg,Oferta/Uso Interno,Deduz. Individ.,Deduz. Grupos,% Ocup.,Receita Quartos,Preço Médio,Saídas,Quartos FdS,Adul. / Cri.,julho,Previsão,07-jul-2027 qua,0,0,0,0,0,0,0,-,-,NaN,0,0,0,0,45,0,0,0,0,0,-,-,NaN,0,0,0,Total jul,0,45,0,0,0,0,0,-,-,NaN,0,0,0,Total,7670,3882,2572,0,0,6118,1552,"7,78","838 475,97","109,32",2698,0,14984
Data,Ocup,Opção,Cheg,Oferta/Uso Interno,Deduz. Individ.,Deduz. Grupos,% Ocup.,Receita Quartos,Preço Médio,Saídas,Quartos FdS,Adul. / Cri.,julho,Previsão,08-jul-2027 qui,0,0,0,0,0,0,0,-,-,NaN,0,0,0,0,45,0,0,0,0,0,-,-,NaN,0,0,0,Total jul,0,45,0,0,0,0,0,-,-,NaN,0,0,0,Total,7670,3882,2572,0,0,6118,1552,"7,78","838 475,97","109,32",2698,0,14984
Data,Ocup,Opção,Cheg,Oferta/Uso Interno,Deduz. Individ.,Deduz. Grupos,% Ocup.,Receita Quartos,Preço Médio,Saídas,Quartos FdS,Adul. / Cri.,julho,Previsão,09-jul-2027 sex,0,0,0,0,0,0,0,-,-,NaN,0,0,0,0,45,0,0,0,0,0,-,-,NaN,0,0,0,Total jul,0,45,0,0,0,0,0,-,-,NaN,0,0,0,Total,7670,3882,2572,0,0,6118,1552,"7,78","838 475,97","109,32",2698,0,14984
Data,Ocup,Opção,Cheg,Oferta/Uso Interno,Deduz. Individ.,Deduz. Grupos,% Ocup.,Receita Quartos,Preço Médio,Saídas,Quartos FdS,Adul. / Cri.,julho,Previsão,10-jul-2027 sáb,0,0,0,0,0,0,0,-,-,NaN,0,0,0,0,45,0,0,0,0,0,-,-,NaN,0,0,0,Total jul,0,45,0,0,0,0,0,-,-,NaN,0,0,0,Total,7670,3882,2572,0,0,6118,1552,"7,78","838 475,97","109,32",2698,0,14984
Data,Ocup,Opção,Cheg,Oferta/Uso Interno,Deduz. Individ.,Deduz. Grupos,% Ocup.,Receita Quartos,Preço Médio,Saídas,Quartos FdS,Adul. / Cri.,julho,Previsão,11-jul-2027 dom,0,0,0,0,0,0,0,-,-,NaN,0,0,0,0,45,0,0,0,0,0,-,-,NaN,0,0,0,Total jul,0,45,0,0,0,0,0,-,-,NaN,0,0,0,Total,7670,3882,2572,0,0,6118,1552,"7,78","838 475,97","109,32",2698,0,14984
Data,Ocup,Opção,Cheg,Oferta/Uso Interno,Deduz. Individ.,Deduz. Grupos,% Ocup.,Receita Quartos,Preço Médio,Saídas,Quartos FdS,Adul. / Cri.,julho,Previsão,12-jul-2027 seg,0,0,0,0,0,0,0,-,-,NaN,0,0,0,0,45,0,0,0,0,0,-,-,NaN,0,0,0,Total jul,0,45,0,0,0,0,0,-,-,NaN,0,0,0,Total,7670,3882,2572,0,0,6118,1552,"7,78","838 475,97","109,32",2698,0,14984
Data,Ocup,Opção,Cheg,Oferta/Uso Interno,Deduz. Individ.,Deduz. Grupos,% Ocup.,Receita Quartos,Preço Médio,Saídas,Quartos FdS,Adul. / Cri.,julho,Previsão,13-jul-2027 ter,0,0,0,0,0,0,0,-,-,NaN,0,0,0,0,45,0,0,0,0,0,-,-,NaN,0,0,0,Total jul,0,45,0,0,0,0,0,-,-,NaN,0,0,0,Total,7670,3882,2572,0,0,6118,1552,"7,78","838 475,97","109,32",2698,0,14984
Data,Ocup,Opção,Cheg,Oferta/Uso Interno,Deduz. Individ.,Deduz. Grupos,% Ocup.,Receita Quartos,Preço Médio,Saídas,Quartos FdS,Adul. / Cri.,julho,Previsão,14-jul-2027 qua,0,0,0,0,0,0,0,-,-,NaN,0,0,0,0,45,0,0,0,0,0,-,-,NaN,0,0,0,Total jul,0,45,0,0,0,0,0,-,-,NaN,0,0,0,Total,7670,3882,2572,0,0,6118,1552,"7,78","838 475,97","109,32",2698,0,14984
Data,Ocup,Opção,Cheg,Oferta/Uso Interno,Deduz. Individ.,Deduz. Grupos,% Ocup.,Receita Quartos,Preço Médio,Saídas,Quartos FdS,Adul. / Cri.,julho,Previsão,15-jul-2027 qui,0,0,0,0,0,0,0,-,-,NaN,0,0,0,0,45,0,0,0,0,0,-,-,NaN,0,0,0,Total jul,0,45,0,0,0,0,0,-,-,NaN,0,0,0,Total,7670,3882,2572,0,0,6118,1552,"7,78","838 475,97","109,32",2698,0,14984
Data,Ocup,Opção,Cheg,Oferta/Uso Interno,Deduz. Individ.,Deduz. Grupos,% Ocup.,Receita Quartos,Preço Médio,Saídas,Quartos FdS,Adul. / Cri.,julho,Previsão,16-jul-2027 sex,0,0,0,0,0,0,0,-,-,NaN,0,0,0,0,45,0,0,0,0,0,-,-,NaN,0,0,0,Total jul,0,45,0,0,0,0,0,-,-,NaN,0,0,0,Total,7670,3882,2572,0,0,6118,1552,"7,78","838 475,97","109,32",2698,0,14984
Data,Ocup,Opção,Cheg,Oferta/Uso Interno,Deduz. Individ.,Deduz. Grupos,% Ocup.,Receita Quartos,Preço Médio,Saídas,Quartos FdS,Adul. / Cri.,julho,Previsão,17-jul-2027 sáb,0,0,0,0,0,0,0,-,-,NaN,0,0,0,0,45,0,0,0,0,0,-,-,NaN,0,0,0,Total jul,0,45,0,0,0,0,0,-,-,NaN,0,0,0,Total,7670,3882,2572,0,0,6118,1552,"7,78","838 475,97","109,32",2698,0,14984
Data,Ocup,Opção,Cheg,Oferta/Uso Interno,Deduz. Individ.,Deduz. Grupos,% Ocup.,Receita Quartos,Preço Médio,Saídas,Quartos FdS,Adul. / Cri.,julho,Previsão,18-jul-2027 dom,0,0,0,0,0,0,0,-,-,NaN,0,0,0,0,45,0,0,0,0,0,-,-,NaN,0,0,0,Total jul,0,45,0,0,0,0,0,-,-,NaN,0,0,0,Total,7670,3882,2572,0,0,6118,1552,"7,78","838 475,97","109,32",2698,0,14984
Data,Ocup,Opção,Cheg,Oferta/Uso Interno,Deduz. Individ.,Deduz. Grupos,% Ocup.,Receita Quartos,Preço Médio,Saídas,Quartos FdS,Adul. / Cri.,julho,Previsão,19-jul-2027 seg,0,15,0,0,0,0,0,-,-,NaN,0,0,0,0,45,0,0,0,0,0,-,-,NaN,0,0,0,Total jul,0,45,0,0,0,0,0,-,-,NaN,0,0,0,Total,7670,3882,2572,0,0,6118,1552,"7,78","838 475,97","109,32",2698,0,14984
Data,Ocup,Opção,Cheg,Oferta/Uso Interno,Deduz. Individ.,Deduz. Grupos,% Ocup.,Receita Quartos,Preço Médio,Saídas,Quartos FdS,Adul. / Cri.,julho,Previsão,20-jul-2027 ter,0,15,0,0,0,0,0,-,-,NaN,0,0,0,0,45,0,0,0,0,0,-,-,NaN,0,0,0,Total jul,0,45,0,0,0,0,0,-,-,NaN,0,0,0,Total,7670,3882,2572,0,0,6118,1552,"7,78","838 475,97","109,32",2698,0,14984
Data,Ocup,Opção,Cheg,Oferta/Uso Interno,Deduz. Individ.,Deduz. Grupos,% Ocup.,Receita Quartos,Preço Médio,Saídas,Quartos FdS,Adul. / Cri.,julho,Previsão,21-jul-2027 qua,0,15,0,0,0,0,0,-,-,NaN,0,0,0,0,45,0,0,0,0,0,-,-,NaN,0,0,0,Total jul,0,45,0,0,0,0,0,-,-,NaN,0,0,0,Total,7670,3882,2572,0,0,6118,1552,"7,78","838 475,97","109,32",2698,0,14984
Data,Ocup,Opção,Cheg,Oferta/Uso Interno,Deduz. Individ.,Deduz. Grupos,% Ocup.,Receita Quartos,Preço Médio,Saídas,Quartos FdS,Adul. / Cri.,julho,Previsão,22-jul-2027 qui,0,0,0,0,0,0,0,-,-,NaN,0,0,0,0,45,0,0,0,0,0,-,-,NaN,0,0,0,Total jul,0,45,0,0,0,0,0,-,-,NaN,0,0,0,Total,7670,3882,2572,0,0,6118,1552,"7,78","838 475,97","109,32",2698,0,14984
Data,Ocup,Opção,Cheg,Oferta/Uso Interno,Deduz. Individ.,Deduz. Grupos,% Ocup.,Receita Quartos,Preço Médio,Saídas,Quartos FdS,Adul. / Cri.,julho,Previsão,23-jul-2027 sex,0,0,0,0,0,0,0,-,-,NaN,0,0,0,0,45,0,0,0,0,0,-,-,NaN,0,0,0,Total jul,0,45,0,0,0,0,0,-,-,NaN,0,0,0,Total,7670,3882,2572,0,0,6118,1552,"7,78","838 475,97","109,32",2698,0,14984
Data,Ocup,Opção,Cheg,Oferta/Uso Interno,Deduz. Individ.,Deduz. Grupos,% Ocup.,Receita Quartos,Preço Médio,Saídas,Quartos FdS,Adul. / Cri.,julho,Previsão,24-jul-2027 sáb,0,0,0,0,0,0,0,-,-,NaN,0,0,0,0,45,0,0,0,0,0,-,-,NaN,0,0,0,Total jul,0,45,0,0,0,0,0,-,-,NaN,0,0,0,Total,7670,3882,2572,0,0,6118,1552,"7,78","838 475,97","109,32",2698,0,14984
Data,Ocup,Opção,Cheg,Oferta/Uso Interno,Deduz. Individ.,Deduz. Grupos,% Ocup.,Receita Quartos,Preço Médio,Saídas,Quartos FdS,Adul. / Cri.,julho,Previsão,25-jul-2027 dom,0,0,0,0,0,0,0,-,-,NaN,0,0,0,0,45,0,0,0,0,0,-,-,NaN,0,0,0,Total jul,0,45,0,0,0,0,0,-,-,NaN,0,0,0,Total,7670,3882,2572,0,0,6118,1552,"7,78","838 475,97","109,32",2698,0,14984
Data,Ocup,Opção,Cheg,Oferta/Uso Interno,Deduz. Individ.,Deduz. Grupos,% Ocup.,Receita Quartos,Preço Médio,Saídas,Quartos FdS,Adul. / Cri.,julho,Previsão,26-jul-2027 seg,0,0,0,0,0,0,0,-,-,NaN,0,0,0,0,45,0,0,0,0,0,-,-,NaN,0,0,0,Total jul,0,45,0,0,0,0,0,-,-,NaN,0,0,0,Total,7670,3882,2572,0,0,6118,1552,"7,78","838 475,97","109,32",2698,0,14984
Data,Ocup,Opção,Cheg,Oferta/Uso Interno,Deduz. Individ.,Deduz. Grupos,% Ocup.,Receita Quartos,Preço Médio,Saídas,Quartos FdS,Adul. / Cri.,julho,Previsão,27-jul-2027 ter,0,0,0,0,0,0,0,-,-,NaN,0,0,0,0,45,0,0,0,0,0,-,-,NaN,0,0,0,Total jul,0,45,0,0,0,0,0,-,-,NaN,0,0,0,Total,7670,3882,2572,0,0,6118,1552,"7,78","838 475,97","109,32",2698,0,14984
Data,Ocup,Opção,Cheg,Oferta/Uso Interno,Deduz. Individ.,Deduz. Grupos,% Ocup.,Receita Quartos,Preço Médio,Saídas,Quartos FdS,Adul. / Cri.,julho,Previsão,28-jul-2027 qua,0,0,0,0,0,0,0,-,-,NaN,0,0,0,0,45,0,0,0,0,0,-,-,NaN,0,0,0,Total jul,0,45,0,0,0,0,0,-,-,NaN,0,0,0,Total,7670,3882,2572,0,0,6118,1552,"7,78","838 475,97","109,32",2698,0,14984
Data,Ocup,Opção,Cheg,Oferta/Uso Interno,Deduz. Individ.,Deduz. Grupos,% Ocup.,Receita Quartos,Preço Médio,Saídas,Quartos FdS,Adul. / Cri.,julho,Previsão,29-jul-2027 qui,0,0,0,0,0,0,0,-,-,NaN,0,0,0,0,45,0,0,0,0,0,-,-,NaN,0,0,0,Total jul,0,45,0,0,0,0,0,-,-,NaN,0,0,0,Total,7670,3882,2572,0,0,6118,1552,"7,78","838 475,97","109,32",2698,0,14984
Data,Ocup,Opção,Cheg,Oferta/Uso Interno,Deduz. Individ.,Deduz. Grupos,% Ocup.,Receita Quartos,Preço Médio,Saídas,Quartos FdS,Adul. / Cri.,julho,Previsão,30-jul-2027 sex,0,0,0,0,0,0,0,-,-,NaN,0,0,0,0,45,0,0,0,0,0,-,-,NaN,0,0,0,Total jul,0,45,0,0,0,0,0,-,-,NaN,0,0,0,Total,7670,3882,2572,0,0,6118,1552,"7,78","838 475,97","109,32",2698,0,14984
Data,Ocup,Opção,Cheg,Oferta/Uso Interno,Deduz. Individ.,Deduz. Grupos,% Ocup.,Receita Quartos,Preço Médio,Saídas,Quartos FdS,Adul. / Cri.,julho,Previsão,31-jul-2027 sáb,0,0,0,0,0,0,0,-,-,NaN,0,0,0,0,45,0,0,0,0,0,-,-,NaN,0,0,0,Total jul,0,45,0,0,0,0,0,-,-,NaN,0,0,0,Total,7670,3882,2572,0,0,6118,1552,"7,78","838 475,97","109,32",2698,0,14984
Data,Ocup,Opção,Cheg,Oferta/Uso Interno,Deduz. Individ.,Deduz. Grupos,% Ocup.,Receita Quartos,Preço Médio,Saídas,Quartos FdS,Adul. / Cri.,agosto,Previsão,01-ago-2027 dom,0,0,0,0,0,0,0,-,-,NaN,0,0,0,0,90,0,0,0,0,0,-,-,NaN,0,0,0,Total ago,0,90,0,0,0,0,0,-,-,NaN,0,0,0,Total,7670,3882,2572,0,0,6118,1552,"7,78","838 475,97","109,32",2698,0,14984
Data,Ocup,Opção,Cheg,Oferta/Uso Interno,Deduz. Individ.,Deduz. Grupos,% Ocup.,Receita Quartos,Preço Médio,Saídas,Quartos FdS,Adul. / Cri.,agosto,Previsão,02-ago-2027 seg,0,0,0,0,0,0,0,-,-,NaN,0,0,0,0,90,0,0,0,0,0,-,-,NaN,0,0,0,Total ago,0,90,0,0,0,0,0,-,-,NaN,0,0,0,Total,7670,3882,2572,0,0,6118,1552,"7,78","838 475,97","109,32",2698,0,14984
Data,Ocup,Opção,Cheg,Oferta/Uso Interno,Deduz. Individ.,Deduz. Grupos,% Ocup.,Receita Quartos,Preço Médio,Saídas,Quartos FdS,Adul. / Cri.,agosto,Previsão,03-ago-2027 ter,0,0,0,0,0,0,0,-,-,NaN,0,0,0,0,90,0,0,0,0,0,-,-,NaN,0,0,0,Total ago,0,90,0,0,0,0,0,-,-,NaN,0,0,0,Total,7670,3882,2572,0,0,6118,1552,"7,78","838 475,97","109,32",2698,0,14984
Data,Ocup,Opção,Cheg,Oferta/Uso Interno,Deduz. Individ.,Deduz. Grupos,% Ocup.,Receita Quartos,Preço Médio,Saídas,Quartos FdS,Adul. / Cri.,agosto,Previsão,04-ago-2027 qua,0,0,0,0,0,0,0,-,-,NaN,0,0,0,0,90,0,0,0,0,0,-,-,NaN,0,0,0,Total ago,0,90,0,0,0,0,0,-,-,NaN,0,0,0,Total,7670,3882,2572,0,0,6118,1552,"7,78","838 475,97","109,32",2698,0,14984
Data,Ocup,Opção,Cheg,Oferta/Uso Interno,Deduz. Individ.,Deduz. Grupos,% Ocup.,Receita Quartos,Preço Médio,Saídas,Quartos FdS,Adul. / Cri.,agosto,Previsão,05-ago-2027 qui,0,0,0,0,0,0,0,-,-,NaN,0,0,0,0,90,0,0,0,0,0,-,-,NaN,0,0,0,Total ago,0,90,0,0,0,0,0,-,-,NaN,0,0,0,Total,7670,3882,2572,0,0,6118,1552,"7,78","838 475,97","109,32",2698,0,14984
Data,Ocup,Opção,Cheg,Oferta/Uso Interno,Deduz. Individ.,Deduz. Grupos,% Ocup.,Receita Quartos,Preço Médio,Saídas,Quartos FdS,Adul. / Cri.,agosto,Previsão,06-ago-2027 sex,0,0,0,0,0,0,0,-,-,NaN,0,0,0,0,90,0,0,0,0,0,-,-,NaN,0,0,0,Total ago,0,90,0,0,0,0,0,-,-,NaN,0,0,0,Total,7670,3882,2572,0,0,6118,1552,"7,78","838 475,97","109,32",2698,0,14984
Data,Ocup,Opção,Cheg,Oferta/Uso Interno,Deduz. Individ.,Deduz. Grupos,% Ocup.,Receita Quartos,Preço Médio,Saídas,Quartos FdS,Adul. / Cri.,agosto,Previsão,07-ago-2027 sáb,0,0,0,0,0,0,0,-,-,NaN,0,0,0,0,90,0,0,0,0,0,-,-,NaN,0,0,0,Total ago,0,90,0,0,0,0,0,-,-,NaN,0,0,0,Total,7670,3882,2572,0,0,6118,1552,"7,78","838 475,97","109,32",2698,0,14984
Data,Ocup,Opção,Cheg,Oferta/Uso Interno,Deduz. Individ.,Deduz. Grupos,% Ocup.,Receita Quartos,Preço Médio,Saídas,Quartos FdS,Adul. / Cri.,agosto,Previsão,08-ago-2027 dom,0,0,0,0,0,0,0,-,-,NaN,0,0,0,0,90,0,0,0,0,0,-,-,NaN,0,0,0,Total ago,0,90,0,0,0,0,0,-,-,NaN,0,0,0,Total,7670,3882,2572,0,0,6118,1552,"7,78","838 475,97","109,32",2698,0,14984
Data,Ocup,Opção,Cheg,Oferta/Uso Interno,Deduz. Individ.,Deduz. Grupos,% Ocup.,Receita Quartos,Preço Médio,Saídas,Quartos FdS,Adul. / Cri.,agosto,Previsão,09-ago-2027 seg,0,15,0,0,0,0,0,-,-,NaN,0,0,0,0,90,0,0,0,0,0,-,-,NaN,0,0,0,Total ago,0,90,0,0,0,0,0,-,-,NaN,0,0,0,Total,7670,3882,2572,0,0,6118,1552,"7,78","838 475,97","109,32",2698,0,14984
Data,Ocup,Opção,Cheg,Oferta/Uso Interno,Deduz. Individ.,Deduz. Grupos,% Ocup.,Receita Quartos,Preço Médio,Saídas,Quartos FdS,Adul. / Cri.,agosto,Previsão,10-ago-2027 ter,0,15,0,0,0,0,0,-,-,NaN,0,0,0,0,90,0,0,0,0,0,-,-,NaN,0,0,0,Total ago,0,90,0,0,0,0,0,-,-,NaN,0,0,0,Total,7670,3882,2572,0,0,6118,1552,"7,78","838 475,97","109,32",2698,0,14984
Data,Ocup,Opção,Cheg,Oferta/Uso Interno,Deduz. Individ.,Deduz. Grupos,% Ocup.,Receita Quartos,Preço Médio,Saídas,Quartos FdS,Adul. / Cri.,agosto,Previsão,11-ago-2027 qua,0,15,0,0,0,0,0,-,-,NaN,0,0,0,0,90,0,0,0,0,0,-,-,NaN,0,0,0,Total ago,0,90,0,0,0,0,0,-,-,NaN,0,0,0,Total,7670,3882,2572,0,0,6118,1552,"7,78","838 475,97","109,32",2698,0,14984
Data,Ocup,Opção,Cheg,Oferta/Uso Interno,Deduz. Individ.,Deduz. Grupos,% Ocup.,Receita Quartos,Preço Médio,Saídas,Quartos FdS,Adul. / Cri.,agosto,Previsão,12-ago-2027 qui,0,0,0,0,0,0,0,-,-,NaN,0,0,0,0,90,0,0,0,0,0,-,-,NaN,0,0,0,Total ago,0,90,0,0,0,0,0,-,-,NaN,0,0,0,Total,7670,3882,2572,0,0,6118,1552,"7,78","838 475,97","109,32",2698,0,14984
Data,Ocup,Opção,Cheg,Oferta/Uso Interno,Deduz. Individ.,Deduz. Grupos,% Ocup.,Receita Quartos,Preço Médio,Saídas,Quartos FdS,Adul. / Cri.,agosto,Previsão,13-ago-2027 sex,0,0,0,0,0,0,0,-,-,NaN,0,0,0,0,90,0,0,0,0,0,-,-,NaN,0,0,0,Total ago,0,90,0,0,0,0,0,-,-,NaN,0,0,0,Total,7670,3882,2572,0,0,6118,1552,"7,78","838 475,97","109,32",2698,0,14984
Data,Ocup,Opção,Cheg,Oferta/Uso Interno,Deduz. Individ.,Deduz. Grupos,% Ocup.,Receita Quartos,Preço Médio,Saídas,Quartos FdS,Adul. / Cri.,agosto,Previsão,14-ago-2027 sáb,0,0,0,0,0,0,0,-,-,NaN,0,0,0,0,90,0,0,0,0,0,-,-,NaN,0,0,0,Total ago,0,90,0,0,0,0,0,-,-,NaN,0,0,0,Total,7670,3882,2572,0,0,6118,1552,"7,78","838 475,97","109,32",2698,0,14984
Data,Ocup,Opção,Cheg,Oferta/Uso Interno,Deduz. Individ.,Deduz. Grupos,% Ocup.,Receita Quartos,Preço Médio,Saídas,Quartos FdS,Adul. / Cri.,agosto,Previsão,15-ago-2027 dom,0,0,0,0,0,0,0,-,-,NaN,0,0,0,0,90,0,0,0,0,0,-,-,NaN,0,0,0,Total ago,0,90,0,0,0,0,0,-,-,NaN,0,0,0,Total,7670,3882,2572,0,0,6118,1552,"7,78","838 475,97","109,32",2698,0,14984
Data,Ocup,Opção,Cheg,Oferta/Uso Interno,Deduz. Individ.,Deduz. Grupos,% Ocup.,Receita Quartos,Preço Médio,Saídas,Quartos FdS,Adul. / Cri.,agosto,Previsão,16-ago-2027 seg,0,0,0,0,0,0,0,-,-,NaN,0,0,0,0,90,0,0,0,0,0,-,-,NaN,0,0,0,Total ago,0,90,0,0,0,0,0,-,-,NaN,0,0,0,Total,7670,3882,2572,0,0,6118,1552,"7,78","838 475,97","109,32",2698,0,14984
Data,Ocup,Opção,Cheg,Oferta/Uso Interno,Deduz. Individ.,Deduz. Grupos,% Ocup.,Receita Quartos,Preço Médio,Saídas,Quartos FdS,Adul. / Cri.,agosto,Previsão,17-ago-2027 ter,0,0,0,0,0,0,0,-,-,NaN,0,0,0,0,90,0,0,0,0,0,-,-,NaN,0,0,0,Total ago,0,90,0,0,0,0,0,-,-,NaN,0,0,0,Total,7670,3882,2572,0,0,6118,1552,"7,78","838 475,97","109,32",2698,0,14984
Data,Ocup,Opção,Cheg,Oferta/Uso Interno,Deduz. Individ.,Deduz. Grupos,% Ocup.,Receita Quartos,Preço Médio,Saídas,Quartos FdS,Adul. / Cri.,agosto,Previsão,18-ago-2027 qua,0,0,0,0,0,0,0,-,-,NaN,0,0,0,0,90,0,0,0,0,0,-,-,NaN,0,0,0,Total ago,0,90,0,0,0,0,0,-,-,NaN,0,0,0,Total,7670,3882,2572,0,0,6118,1552,"7,78","838 475,97","109,32",2698,0,14984
Data,Ocup,Opção,Cheg,Oferta/Uso Interno,Deduz. Individ.,Deduz. Grupos,% Ocup.,Receita Quartos,Preço Médio,Saídas,Quartos FdS,Adul. / Cri.,agosto,Previsão,19-ago-2027 qui,0,0,0,0,0,0,0,-,-,NaN,0,0,0,0,90,0,0,0,0,0,-,-,NaN,0,0,0,Total ago,0,90,0,0,0,0,0,-,-,NaN,0,0,0,Total,7670,3882,2572,0,0,6118,1552,"7,78","838 475,97","109,32",2698,0,14984
Data,Ocup,Opção,Cheg,Oferta/Uso Interno,Deduz. Individ.,Deduz. Grupos,% Ocup.,Receita Quartos,Preço Médio,Saídas,Quartos FdS,Adul. / Cri.,agosto,Previsão,20-ago-2027 sex,0,0,0,0,0,0,0,-,-,NaN,0,0,0,0,90,0,0,0,0,0,-,-,NaN,0,0,0,Total ago,0,90,0,0,0,0,0,-,-,NaN,0,0,0,Total,7670,3882,2572,0,0,6118,1552,"7,78","838 475,97","109,32",2698,0,14984
Data,Ocup,Opção,Cheg,Oferta/Uso Interno,Deduz. Individ.,Deduz. Grupos,% Ocup.,Receita Quartos,Preço Médio,Saídas,Quartos FdS,Adul. / Cri.,agosto,Previsão,21-ago-2027 sáb,0,0,0,0,0,0,0,-,-,NaN,0,0,0,0,90,0,0,0,0,0,-,-,NaN,0,0,0,Total ago,0,90,0,0,0,0,0,-,-,NaN,0,0,0,Total,7670,3882,2572,0,0,6118,1552,"7,78","838 475,97","109,32",2698,0,14984
Data,Ocup,Opção,Cheg,Oferta/Uso Interno,Deduz. Individ.,Deduz. Grupos,% Ocup.,Receita Quartos,Preço Médio,Saídas,Quartos FdS,Adul. / Cri.,agosto,Previsão,22-ago-2027 dom,0,0,0,0,0,0,0,-,-,NaN,0,0,0,0,90,0,0,0,0,0,-,-,NaN,0,0,0,Total ago,0,90,0,0,0,0,0,-,-,NaN,0,0,0,Total,7670,3882,2572,0,0,6118,1552,"7,78","838 475,97","109,32",2698,0,14984
Data,Ocup,Opção,Cheg,Oferta/Uso Interno,Deduz. Individ.,Deduz. Grupos,% Ocup.,Receita Quartos,Preço Médio,Saídas,Quartos FdS,Adul. / Cri.,agosto,Previsão,23-ago-2027 seg,0,15,0,0,0,0,0,-,-,NaN,0,0,0,0,90,0,0,0,0,0,-,-,NaN,0,0,0,Total ago,0,90,0,0,0,0,0,-,-,NaN,0,0,0,Total,7670,3882,2572,0,0,6118,1552,"7,78","838 475,97","109,32",2698,0,14984
Data,Ocup,Opção,Cheg,Oferta/Uso Interno,Deduz. Individ.,Deduz. Grupos,% Ocup.,Receita Quartos,Preço Médio,Saídas,Quartos FdS,Adul. / Cri.,agosto,Previsão,24-ago-2027 ter,0,15,0,0,0,0,0,-,-,NaN,0,0,0,0,90,0,0,0,0,0,-,-,NaN,0,0,0,Total ago,0,90,0,0,0,0,0,-,-,NaN,0,0,0,Total,7670,3882,2572,0,0,6118,1552,"7,78","838 475,97","109,32",2698,0,14984
Data,Ocup,Opção,Cheg,Oferta/Uso Interno,Deduz. Individ.,Deduz. Grupos,% Ocup.,Receita Quartos,Preço Médio,Saídas,Quartos FdS,Adul. / Cri.,agosto,Previsão,25-ago-2027 qua,0,15,0,0,0,0,0,-,-,NaN,0,0,0,0,90,0,0,0,0,0,-,-,NaN,0,0,0,Total ago,0,90,0,0,0,0,0,-,-,NaN,0,0,0,Total,7670,3882,2572,0,0,6118,1552,"7,78","838 475,97","109,32",2698,0,14984
Data,Ocup,Opção,Cheg,Oferta/Uso Interno,Deduz. Individ.,Deduz. Grupos,% Ocup.,Receita Quartos,Preço Médio,Saídas,Quartos FdS,Adul. / Cri.,agosto,Previsão,26-ago-2027 qui,0,0,0,0,0,0,0,-,-,NaN,0,0,0,0,90,0,0,0,0,0,-,-,NaN,0,0,0,Total ago,0,90,0,0,0,0,0,-,-,NaN,0,0,0,Total,7670,3882,2572,0,0,6118,1552,"7,78","838 475,97","109,32",2698,0,14984
Data,Ocup,Opção,Cheg,Oferta/Uso Interno,Deduz. Individ.,Deduz. Grupos,% Ocup.,Receita Quartos,Preço Médio,Saídas,Quartos FdS,Adul. / Cri.,agosto,Previsão,27-ago-2027 sex,0,0,0,0,0,0,0,-,-,NaN,0,0,0,0,90,0,0,0,0,0,-,-,NaN,0,0,0,Total ago,0,90,0,0,0,0,0,-,-,NaN,0,0,0,Total,7670,3882,2572,0,0,6118,1552,"7,78","838 475,97","109,32",2698,0,14984
Data,Ocup,Opção,Cheg,Oferta/Uso Interno,Deduz. Individ.,Deduz. Grupos,% Ocup.,Receita Quartos,Preço Médio,Saídas,Quartos FdS,Adul. / Cri.,agosto,Previsão,28-ago-2027 sáb,0,0,0,0,0,0,0,-,-,NaN,0,0,0,0,90,0,0,0,0,0,-,-,NaN,0,0,0,Total ago,0,90,0,0,0,0,0,-,-,NaN,0,0,0,Total,7670,3882,2572,0,0,6118,1552,"7,78","838 475,97","109,32",2698,0,14984
Data,Ocup,Opção,Cheg,Oferta/Uso Interno,Deduz. Individ.,Deduz. Grupos,% Ocup.,Receita Quartos,Preço Médio,Saídas,Quartos FdS,Adul. / Cri.,agosto,Previsão,29-ago-2027 dom,0,0,0,0,0,0,0,-,-,NaN,0,0,0,0,90,0,0,0,0,0,-,-,NaN,0,0,0,Total ago,0,90,0,0,0,0,0,-,-,NaN,0,0,0,Total,7670,3882,2572,0,0,6118,1552,"7,78","838 475,97","109,32",2698,0,14984
Data,Ocup,Opção,Cheg,Oferta/Uso Interno,Deduz. Individ.,Deduz. Grupos,% Ocup.,Receita Quartos,Preço Médio,Saídas,Quartos FdS,Adul. / Cri.,agosto,Previsão,30-ago-2027 seg,0,0,0,0,0,0,0,-,-,NaN,0,0,0,0,90,0,0,0,0,0,-,-,NaN,0,0,0,Total ago,0,90,0,0,0,0,0,-,-,NaN,0,0,0,Total,7670,3882,2572,0,0,6118,1552,"7,78","838 475,97","109,32",2698,0,14984
Data,Ocup,Opção,Cheg,Oferta/Uso Interno,Deduz. Individ.,Deduz. Grupos,% Ocup.,Receita Quartos,Preço Médio,Saídas,Quartos FdS,Adul. / Cri.,agosto,Previsão,31-ago-2027 ter,0,0,0,0,0,0,0,-,-,NaN,0,0,0,0,90,0,0,0,0,0,-,-,NaN,0,0,0,Total ago,0,90,0,0,0,0,0,-,-,NaN,0,0,0,Total,7670,3882,2572,0,0,6118,1552,"7,78","838 475,97","109,32",2698,0,14984
Data,Ocup,Opção,Cheg,Oferta/Uso Interno,Deduz. Individ.,Deduz. Grupos,% Ocup.,Receita Quartos,Preço Médio,Saídas,Quartos FdS,Adul. / Cri.,setembro,Previsão,01-set-2027 qua,0,0,0,0,0,0,0,-,-,NaN,0,0,0,0,0,0,0,0,0,0,-,-,NaN,0,0,0,Total set,0,0,0,0,0,0,0,-,-,NaN,0,0,0,Total,7670,3882,2572,0,0,6118,1552,"7,78","838 475,97","109,32",2698,0,14984
Data,Ocup,Opção,Cheg,Oferta/Uso Interno,Deduz. Individ.,Deduz. Grupos,% Ocup.,Receita Quartos,Preço Médio,Saídas,Quartos FdS,Adul. / Cri.,setembro,Previsão,02-set-2027 qui,0,0,0,0,0,0,0,-,-,NaN,0,0,0,0,0,0,0,0,0,0,-,-,NaN,0,0,0,Total set,0,0,0,0,0,0,0,-,-,NaN,0,0,0,Total,7670,3882,2572,0,0,6118,1552,"7,78","838 475,97","109,32",2698,0,14984
Data,Ocup,Opção,Cheg,Oferta/Uso Interno,Deduz. Individ.,Deduz. Grupos,% Ocup.,Receita Quartos,Preço Médio,Saídas,Quartos FdS,Adul. / Cri.,setembro,Previsão,03-set-2027 sex,0,0,0,0,0,0,0,-,-,NaN,0,0,0,0,0,0,0,0,0,0,-,-,NaN,0,0,0,Total set,0,0,0,0,0,0,0,-,-,NaN,0,0,0,Total,7670,3882,2572,0,0,6118,1552,"7,78","838 475,97","109,32",2698,0,14984
Data,Ocup,Opção,Cheg,Oferta/Uso Interno,Deduz. Individ.,Deduz. Grupos,% Ocup.,Receita Quartos,Preço Médio,Saídas,Quartos FdS,Adul. / Cri.,setembro,Previsão,04-set-2027 sáb,0,0,0,0,0,0,0,-,-,NaN,0,0,0,0,0,0,0,0,0,0,-,-,NaN,0,0,0,Total set,0,0,0,0,0,0,0,-,-,NaN,0,0,0,Total,7670,3882,2572,0,0,6118,1552,"7,78","838 475,97","109,32",2698,0,14984
Data,Ocup,Opção,Cheg,Oferta/Uso Interno,Deduz. Individ.,Deduz. Grupos,% Ocup.,Receita Quartos,Preço Médio,Saídas,Quartos FdS,Adul. / Cri.,setembro,Previsão,05-set-2027 dom,0,0,0,0,0,0,0,-,-,NaN,0,0,0,0,0,0,0,0,0,0,-,-,NaN,0,0,0,Total set,0,0,0,0,0,0,0,-,-,NaN,0,0,0,Total,7670,3882,2572,0,0,6118,1552,"7,78","838 475,97","109,32",2698,0,14984
Data,Ocup,Opção,Cheg,Oferta/Uso Interno,Deduz. Individ.,Deduz. Grupos,% Ocup.,Receita Quartos,Preço Médio,Saídas,Quartos FdS,Adul. / Cri.,setembro,Previsão,06-set-2027 seg,0,0,0,0,0,0,0,-,-,NaN,0,0,0,0,0,0,0,0,0,0,-,-,NaN,0,0,0,Total set,0,0,0,0,0,0,0,-,-,NaN,0,0,0,Total,7670,3882,2572,0,0,6118,1552,"7,78","838 475,97","109,32",2698,0,14984
Data,Ocup,Opção,Cheg,Oferta/Uso Interno,Deduz. Individ.,Deduz. Grupos,% Ocup.,Receita Quartos,Preço Médio,Saídas,Quartos FdS,Adul. / Cri.,setembro,Previsão,07-set-2027 ter,0,0,0,0,0,0,0,-,-,NaN,0,0,0,0,0,0,0,0,0,0,-,-,NaN,0,0,0,Total set,0,0,0,0,0,0,0,-,-,NaN,0,0,0,Total,7670,3882,2572,0,0,6118,1552,"7,78","838 475,97","109,32",2698,0,14984
Data,Ocup,Opção,Cheg,Oferta/Uso Interno,Deduz. Individ.,Deduz. Grupos,% Ocup.,Receita Quartos,Preço Médio,Saídas,Quartos FdS,Adul. / Cri.,setembro,Previsão,08-set-2027 qua,0,0,0,0,0,0,0,-,-,NaN,0,0,0,0,0,0,0,0,0,0,-,-,NaN,0,0,0,Total set,0,0,0,0,0,0,0,-,-,NaN,0,0,0,Total,7670,3882,2572,0,0,6118,1552,"7,78","838 475,97","109,32",2698,0,14984
Data,Ocup,Opção,Cheg,Oferta/Uso Interno,Deduz. Individ.,Deduz. Grupos,% Ocup.,Receita Quartos,Preço Médio,Saídas,Quartos FdS,Adul. / Cri.,setembro,Previsão,09-set-2027 qui,0,0,0,0,0,0,0,-,-,NaN,0,0,0,0,0,0,0,0,0,0,-,-,NaN,0,0,0,Total set,0,0,0,0,0,0,0,-,-,NaN,0,0,0,Total,7670,3882,2572,0,0,6118,1552,"7,78","838 475,97","109,32",2698,0,14984
Data,Ocup,Opção,Cheg,Oferta/Uso Interno,Deduz. Individ.,Deduz. Grupos,% Ocup.,Receita Quartos,Preço Médio,Saídas,Quartos FdS,Adul. / Cri.,setembro,Previsão,10-set-2027 sex,0,0,0,0,0,0,0,-,-,NaN,0,0,0,0,0,0,0,0,0,0,-,-,NaN,0,0,0,Total set,0,0,0,0,0,0,0,-,-,NaN,0,0,0,Total,7670,3882,2572,0,0,6118,1552,"7,78","838 475,97","109,32",2698,0,14984
Data,Ocup,Opção,Cheg,Oferta/Uso Interno,Deduz. Individ.,Deduz. Grupos,% Ocup.,Receita Quartos,Preço Médio,Saídas,Quartos FdS,Adul. / Cri.,setembro,Previsão,11-set-2027 sáb,0,0,0,0,0,0,0,-,-,NaN,0,0,0,0,0,0,0,0,0,0,-,-,NaN,0,0,0,Total set,0,0,0,0,0,0,0,-,-,NaN,0,0,0,Total,7670,3882,2572,0,0,6118,1552,"7,78","838 475,97","109,32",2698,0,14984
Data,Ocup,Opção,Cheg,Oferta/Uso Interno,Deduz. Individ.,Deduz. Grupos,% Ocup.,Receita Quartos,Preço Médio,Saídas,Quartos FdS,Adul. / Cri.,setembro,Previsão,12-set-2027 dom,0,0,0,0,0,0,0,-,-,NaN,0,0,0,0,0,0,0,0,0,0,-,-,NaN,0,0,0,Total set,0,0,0,0,0,0,0,-,-,NaN,0,0,0,Total,7670,3882,2572,0,0,6118,1552,"7,78","838 475,97","109,32",2698,0,14984
Data,Ocup,Opção,Cheg,Oferta/Uso Interno,Deduz. Individ.,Deduz. Grupos,% Ocup.,Receita Quartos,Preço Médio,Saídas,Quartos FdS,Adul. / Cri.,setembro,Previsão,13-set-2027 seg,0,0,0,0,0,0,0,-,-,NaN,0,0,0,0,0,0,0,0,0,0,-,-,NaN,0,0,0,Total set,0,0,0,0,0,0,0,-,-,NaN,0,0,0,Total,7670,3882,2572,0,0,6118,1552,"7,78","838 475,97","109,32",2698,0,14984
Data,Ocup,Opção,Cheg,Oferta/Uso Interno,Deduz. Individ.,Deduz. Grupos,% Ocup.,Receita Quartos,Preço Médio,Saídas,Quartos FdS,Adul. / Cri.,setembro,Previsão,14-set-2027 ter,0,0,0,0,0,0,0,-,-,NaN,0,0,0,0,0,0,0,0,0,0,-,-,NaN,0,0,0,Total set,0,0,0,0,0,0,0,-,-,NaN,0,0,0,Total,7670,3882,2572,0,0,6118,1552,"7,78","838 475,97","109,32",2698,0,14984
Data,Ocup,Opção,Cheg,Oferta/Uso Interno,Deduz. Individ.,Deduz. Grupos,% Ocup.,Receita Quartos,Preço Médio,Saídas,Quartos FdS,Adul. / Cri.,setembro,Previsão,15-set-2027 qua,0,0,0,0,0,0,0,-,-,NaN,0,0,0,0,0,0,0,0,0,0,-,-,NaN,0,0,0,Total set,0,0,0,0,0,0,0,-,-,NaN,0,0,0,Total,7670,3882,2572,0,0,6118,1552,"7,78","838 475,97","109,32",2698,0,14984
Data,Ocup,Opção,Cheg,Oferta/Uso Interno,Deduz. Individ.,Deduz. Grupos,% Ocup.,Receita Quartos,Preço Médio,Saídas,Quartos FdS,Adul. / Cri.,setembro,Previsão,16-set-2027 qui,0,0,0,0,0,0,0,-,-,NaN,0,0,0,0,0,0,0,0,0,0,-,-,NaN,0,0,0,Total set,0,0,0,0,0,0,0,-,-,NaN,0,0,0,Total,7670,3882,2572,0,0,6118,1552,"7,78","838 475,97","109,32",2698,0,14984
Data,Ocup,Opção,Cheg,Oferta/Uso Interno,Deduz. Individ.,Deduz. Grupos,% Ocup.,Receita Quartos,Preço Médio,Saídas,Quartos FdS,Adul. / Cri.,setembro,Previsão,17-set-2027 sex,0,0,0,0,0,0,0,-,-,NaN,0,0,0,0,0,0,0,0,0,0,-,-,NaN,0,0,0,Total set,0,0,0,0,0,0,0,-,-,NaN,0,0,0,Total,7670,3882,2572,0,0,6118,1552,"7,78","838 475,97","109,32",2698,0,14984
Data,Ocup,Opção,Cheg,Oferta/Uso Interno,Deduz. Individ.,Deduz. Grupos,% Ocup.,Receita Quartos,Preço Médio,Saídas,Quartos FdS,Adul. / Cri.,setembro,Previsão,18-set-2027 sáb,0,0,0,0,0,0,0,-,-,NaN,0,0,0,0,0,0,0,0,0,0,-,-,NaN,0,0,0,Total set,0,0,0,0,0,0,0,-,-,NaN,0,0,0,Total,7670,3882,2572,0,0,6118,1552,"7,78","838 475,97","109,32",2698,0,14984
Data,Ocup,Opção,Cheg,Oferta/Uso Interno,Deduz. Individ.,Deduz. Grupos,% Ocup.,Receita Quartos,Preço Médio,Saídas,Quartos FdS,Adul. / Cri.,setembro,Previsão,19-set-2027 dom,0,0,0,0,0,0,0,-,-,NaN,0,0,0,0,0,0,0,0,0,0,-,-,NaN,0,0,0,Total set,0,0,0,0,0,0,0,-,-,NaN,0,0,0,Total,7670,3882,2572,0,0,6118,1552,"7,78","838 475,97","109,32",2698,0,14984
Data,Ocup,Opção,Cheg,Oferta/Uso Interno,Deduz. Individ.,Deduz. Grupos,% Ocup.,Receita Quartos,Preço Médio,Saídas,Quartos FdS,Adul. / Cri.,setembro,Previsão,20-set-2027 seg,0,0,0,0,0,0,0,-,-,NaN,0,0,0,0,0,0,0,0,0,0,-,-,NaN,0,0,0,Total set,0,0,0,0,0,0,0,-,-,NaN,0,0,0,Total,7670,3882,2572,0,0,6118,1552,"7,78","838 475,97","109,32",2698,0,14984
Data,Ocup,Opção,Cheg,Oferta/Uso Interno,Deduz. Individ.,Deduz. Grupos,% Ocup.,Receita Quartos,Preço Médio,Saídas,Quartos FdS,Adul. / Cri.,setembro,Previsão,21-set-2027 ter,0,0,0,0,0,0,0,-,-,NaN,0,0,0,0,0,0,0,0,0,0,-,-,NaN,0,0,0,Total set,0,0,0,0,0,0,0,-,-,NaN,0,0,0,Total,7670,3882,2572,0,0,6118,1552,"7,78","838 475,97","109,32",2698,0,14984
Data,Ocup,Opção,Cheg,Oferta/Uso Interno,Deduz. Individ.,Deduz. Grupos,% Ocup.,Receita Quartos,Preço Médio,Saídas,Quartos FdS,Adul. / Cri.,setembro,Previsão,22-set-2027 qua,0,0,0,0,0,0,0,-,-,NaN,0,0,0,0,0,0,0,0,0,0,-,-,NaN,0,0,0,Total set,0,0,0,0,0,0,0,-,-,NaN,0,0,0,Total,7670,3882,2572,0,0,6118,1552,"7,78","838 475,97","109,32",2698,0,14984
Data,Ocup,Opção,Cheg,Oferta/Uso Interno,Deduz. Individ.,Deduz. Grupos,% Ocup.,Receita Quartos,Preço Médio,Saídas,Quartos FdS,Adul. / Cri.,setembro,Previsão,23-set-2027 qui,0,0,0,0,0,0,0,-,-,NaN,0,0,0,0,0,0,0,0,0,0,-,-,NaN,0,0,0,Total set,0,0,0,0,0,0,0,-,-,NaN,0,0,0,Total,7670,3882,2572,0,0,6118,1552,"7,78","838 475,97","109,32",2698,0,14984
Data,Ocup,Opção,Cheg,Oferta/Uso Interno,Deduz. Individ.,Deduz. Grupos,% Ocup.,Receita Quartos,Preço Médio,Saídas,Quartos FdS,Adul. / Cri.,setembro,Previsão,24-set-2027 sex,0,0,0,0,0,0,0,-,-,NaN,0,0,0,0,0,0,0,0,0,0,-,-,NaN,0,0,0,Total set,0,0,0,0,0,0,0,-,-,NaN,0,0,0,Total,7670,3882,2572,0,0,6118,1552,"7,78","838 475,97","109,32",2698,0,14984
Data,Ocup,Opção,Cheg,Oferta/Uso Interno,Deduz. Individ.,Deduz. Grupos,% Ocup.,Receita Quartos,Preço Médio,Saídas,Quartos FdS,Adul. / Cri.,setembro,Previsão,25-set-2027 sáb,0,0,0,0,0,0,0,-,-,NaN,0,0,0,0,0,0,0,0,0,0,-,-,NaN,0,0,0,Total set,0,0,0,0,0,0,0,-,-,NaN,0,0,0,Total,7670,3882,2572,0,0,6118,1552,"7,78","838 475,97","109,32",2698,0,14984
Data,Ocup,Opção,Cheg,Oferta/Uso Interno,Deduz. Individ.,Deduz. Grupos,% Ocup.,Receita Quartos,Preço Médio,Saídas,Quartos FdS,Adul. / Cri.,setembro,Previsão,26-set-2027 dom,0,0,0,0,0,0,0,-,-,NaN,0,0,0,0,0,0,0,0,0,0,-,-,NaN,0,0,0,Total set,0,0,0,0,0,0,0,-,-,NaN,0,0,0,Total,7670,3882,2572,0,0,6118,1552,"7,78","838 475,97","109,32",2698,0,14984
Data,Ocup,Opção,Cheg,Oferta/Uso Interno,Deduz. Individ.,Deduz. Grupos,% Ocup.,Receita Quartos,Preço Médio,Saídas,Quartos FdS,Adul. / Cri.,setembro,Previsão,27-set-2027 seg,0,0,0,0,0,0,0,-,-,NaN,0,0,0,0,0,0,0,0,0,0,-,-,NaN,0,0,0,Total set,0,0,0,0,0,0,0,-,-,NaN,0,0,0,Total,7670,3882,2572,0,0,6118,1552,"7,78","838 475,97","109,32",2698,0,14984
Data,Ocup,Opção,Cheg,Oferta/Uso Interno,Deduz. Individ.,Deduz. Grupos,% Ocup.,Receita Quartos,Preço Médio,Saídas,Quartos FdS,Adul. / Cri.,setembro,Previsão,28-set-2027 ter,0,0,0,0,0,0,0,-,-,NaN,0,0,0,0,0,0,0,0,0,0,-,-,NaN,0,0,0,Total set,0,0,0,0,0,0,0,-,-,NaN,0,0,0,Total,7670,3882,2572,0,0,6118,1552,"7,78","838 475,97","109,32",2698,0,14984
Data,Ocup,Opção,Cheg,Oferta/Uso Interno,Deduz. Individ.,Deduz. Grupos,% Ocup.,Receita Quartos,Preço Médio,Saídas,Quartos FdS,Adul. / Cri.,setembro,Previsão,29-set-2027 qua,0,0,0,0,0,0,0,-,-,NaN,0,0,0,0,0,0,0,0,0,0,-,-,NaN,0,0,0,Total set,0,0,0,0,0,0,0,-,-,NaN,0,0,0,Total,7670,3882,2572,0,0,6118,1552,"7,78","838 475,97","109,32",2698,0,14984
Data,Ocup,Opção,Cheg,Oferta/Uso Interno,Deduz. Individ.,Deduz. Grupos,% Ocup.,Receita Quartos,Preço Médio,Saídas,Quartos FdS,Adul. / Cri.,setembro,Previsão,30-set-2027 qui,0,0,0,0,0,0,0,-,-,NaN,0,0,0,0,0,0,0,0,0,0,-,-,NaN,0,0,0,Total set,0,0,0,0,0,0,0,-,-,NaN,0,0,0,Total,7670,3882,2572,0,0,6118,1552,"7,78","838 475,97","109,32",2698,0,14984
Data,Ocup,Opção,Cheg,Oferta/Uso Interno,Deduz. Individ.,Deduz. Grupos,% Ocup.,Receita Quartos,Preço Médio,Saídas,Quartos FdS,Adul. / Cri.,outubro,Previsão,01-out-2027 sex,0,0,0,0,0,0,0,-,-,NaN,0,0,0,0,0,0,0,0,0,0,-,-,NaN,0,0,0,Total out,0,0,0,0,0,0,0,-,-,NaN,0,0,0,Total,7670,3882,2572,0,0,6118,1552,"7,78","838 475,97","109,32",2698,0,14984
Data,Ocup,Opção,Cheg,Oferta/Uso Interno,Deduz. Individ.,Deduz. Grupos,% Ocup.,Receita Quartos,Preço Médio,Saídas,Quartos FdS,Adul. / Cri.,outubro,Previsão,02-out-2027 sáb,0,0,0,0,0,0,0,-,-,NaN,0,0,0,0,0,0,0,0,0,0,-,-,NaN,0,0,0,Total out,0,0,0,0,0,0,0,-,-,NaN,0,0,0,Total,7670,3882,2572,0,0,6118,1552,"7,78","838 475,97","109,32",2698,0,14984
Data,Ocup,Opção,Cheg,Oferta/Uso Interno,Deduz. Individ.,Deduz. Grupos,% Ocup.,Receita Quartos,Preço Médio,Saídas,Quartos FdS,Adul. / Cri.,outubro,Previsão,03-out-2027 dom,0,0,0,0,0,0,0,-,-,NaN,0,0,0,0,0,0,0,0,0,0,-,-,NaN,0,0,0,Total out,0,0,0,0,0,0,0,-,-,NaN,0,0,0,Total,7670,3882,2572,0,0,6118,1552,"7,78","838 475,97","109,32",2698,0,14984
Data,Ocup,Opção,Cheg,Oferta/Uso Interno,Deduz. Individ.,Deduz. Grupos,% Ocup.,Receita Quartos,Preço Médio,Saídas,Quartos FdS,Adul. / Cri.,outubro,Previsão,04-out-2027 seg,0,0,0,0,0,0,0,-,-,NaN,0,0,0,0,0,0,0,0,0,0,-,-,NaN,0,0,0,Total out,0,0,0,0,0,0,0,-,-,NaN,0,0,0,Total,7670,3882,2572,0,0,6118,1552,"7,78","838 475,97","109,32",2698,0,14984
Data,Ocup,Opção,Cheg,Oferta/Uso Interno,Deduz. Individ.,Deduz. Grupos,% Ocup.,Receita Quartos,Preço Médio,Saídas,Quartos FdS,Adul. / Cri.,outubro,Previsão,05-out-2027 ter,0,0,0,0,0,0,0,-,-,NaN,0,0,0,0,0,0,0,0,0,0,-,-,NaN,0,0,0,Total out,0,0,0,0,0,0,0,-,-,NaN,0,0,0,Total,7670,3882,2572,0,0,6118,1552,"7,78","838 475,97","109,32",2698,0,14984
Data,Ocup,Opção,Cheg,Oferta/Uso Interno,Deduz. Individ.,Deduz. Grupos,% Ocup.,Receita Quartos,Preço Médio,Saídas,Quartos FdS,Adul. / Cri.,outubro,Previsão,06-out-2027 qua,0,0,0,0,0,0,0,-,-,NaN,0,0,0,0,0,0,0,0,0,0,-,-,NaN,0,0,0,Total out,0,0,0,0,0,0,0,-,-,NaN,0,0,0,Total,7670,3882,2572,0,0,6118,1552,"7,78","838 475,97","109,32",2698,0,14984
Data,Ocup,Opção,Cheg,Oferta/Uso Interno,Deduz. Individ.,Deduz. Grupos,% Ocup.,Receita Quartos,Preço Médio,Saídas,Quartos FdS,Adul. / Cri.,outubro,Previsão,07-out-2027 qui,0,0,0,0,0,0,0,-,-,NaN,0,0,0,0,0,0,0,0,0,0,-,-,NaN,0,0,0,Total out,0,0,0,0,0,0,0,-,-,NaN,0,0,0,Total,7670,3882,2572,0,0,6118,1552,"7,78","838 475,97","109,32",2698,0,14984
Data,Ocup,Opção,Cheg,Oferta/Uso Interno,Deduz. Individ.,Deduz. Grupos,% Ocup.,Receita Quartos,Preço Médio,Saídas,Quartos FdS,Adul. / Cri.,outubro,Previsão,08-out-2027 sex,0,0,0,0,0,0,0,-,-,NaN,0,0,0,0,0,0,0,0,0,0,-,-,NaN,0,0,0,Total out,0,0,0,0,0,0,0,-,-,NaN,0,0,0,Total,7670,3882,2572,0,0,6118,1552,"7,78","838 475,97","109,32",2698,0,14984
Data,Ocup,Opção,Cheg,Oferta/Uso Interno,Deduz. Individ.,Deduz. Grupos,% Ocup.,Receita Quartos,Preço Médio,Saídas,Quartos FdS,Adul. / Cri.,outubro,Previsão,09-out-2027 sáb,0,0,0,0,0,0,0,-,-,NaN,0,0,0,0,0,0,0,0,0,0,-,-,NaN,0,0,0,Total out,0,0,0,0,0,0,0,-,-,NaN,0,0,0,Total,7670,3882,2572,0,0,6118,1552,"7,78","838 475,97","109,32",2698,0,14984
Data,Ocup,Opção,Cheg,Oferta/Uso Interno,Deduz. Individ.,Deduz. Grupos,% Ocup.,Receita Quartos,Preço Médio,Saídas,Quartos FdS,Adul. / Cri.,outubro,Previsão,10-out-2027 dom,0,0,0,0,0,0,0,-,-,NaN,0,0,0,0,0,0,0,0,0,0,-,-,NaN,0,0,0,Total out,0,0,0,0,0,0,0,-,-,NaN,0,0,0,Total,7670,3882,2572,0,0,6118,1552,"7,78","838 475,97","109,32",2698,0,14984
Data,Ocup,Opção,Cheg,Oferta/Uso Interno,Deduz. Individ.,Deduz. Grupos,% Ocup.,Receita Quartos,Preço Médio,Saídas,Quartos FdS,Adul. / Cri.,outubro,Previsão,11-out-2027 seg,0,0,0,0,0,0,0,-,-,NaN,0,0,0,0,0,0,0,0,0,0,-,-,NaN,0,0,0,Total out,0,0,0,0,0,0,0,-,-,NaN,0,0,0,Total,7670,3882,2572,0,0,6118,1552,"7,78","838 475,97","109,32",2698,0,14984
Data,Ocup,Opção,Cheg,Oferta/Uso Interno,Deduz. Individ.,Deduz. Grupos,% Ocup.,Receita Quartos,Preço Médio,Saídas,Quartos FdS,Adul. / Cri.,outubro,Previsão,12-out-2027 ter,0,0,0,0,0,0,0,-,-,NaN,0,0,0,0,0,0,0,0,0,0,-,-,NaN,0,0,0,Total out,0,0,0,0,0,0,0,-,-,NaN,0,0,0,Total,7670,3882,2572,0,0,6118,1552,"7,78","838 475,97","109,32",2698,0,14984
Data,Ocup,Opção,Cheg,Oferta/Uso Interno,Deduz. Individ.,Deduz. Grupos,% Ocup.,Receita Quartos,Preço Médio,Saídas,Quartos FdS,Adul. / Cri.,outubro,Previsão,13-out-2027 qua,0,0,0,0,0,0,0,-,-,NaN,0,0,0,0,0,0,0,0,0,0,-,-,NaN,0,0,0,Total out,0,0,0,0,0,0,0,-,-,NaN,0,0,0,Total,7670,3882,2572,0,0,6118,1552,"7,78","838 475,97","109,32",2698,0,14984
Data,Ocup,Opção,Cheg,Oferta/Uso Interno,Deduz. Individ.,Deduz. Grupos,% Ocup.,Receita Quartos,Preço Médio,Saídas,Quartos FdS,Adul. / Cri.,outubro,Previsão,14-out-2027 qui,0,0,0,0,0,0,0,-,-,NaN,0,0,0,0,0,0,0,0,0,0,-,-,NaN,0,0,0,Total out,0,0,0,0,0,0,0,-,-,NaN,0,0,0,Total,7670,3882,2572,0,0,6118,1552,"7,78","838 475,97","109,32",2698,0,14984
Data,Ocup,Opção,Cheg,Oferta/Uso Interno,Deduz. Individ.,Deduz. Grupos,% Ocup.,Receita Quartos,Preço Médio,Saídas,Quartos FdS,Adul. / Cri.,outubro,Previsão,15-out-2027 sex,0,0,0,0,0,0,0,-,-,NaN,0,0,0,0,0,0,0,0,0,0,-,-,NaN,0,0,0,Total out,0,0,0,0,0,0,0,-,-,NaN,0,0,0,Total,7670,3882,2572,0,0,6118,1552,"7,78","838 475,97","109,32",2698,0,14984
Data,Ocup,Opção,Cheg,Oferta/Uso Interno,Deduz. Individ.,Deduz. Grupos,% Ocup.,Receita Quartos,Preço Médio,Saídas,Quartos FdS,Adul. / Cri.,outubro,Previsão,16-out-2027 sáb,0,0,0,0,0,0,0,-,-,NaN,0,0,0,0,0,0,0,0,0,0,-,-,NaN,0,0,0,Total out,0,0,0,0,0,0,0,-,-,NaN,0,0,0,Total,7670,3882,2572,0,0,6118,1552,"7,78","838 475,97","109,32",2698,0,14984
Data,Ocup,Opção,Cheg,Oferta/Uso Interno,Deduz. Individ.,Deduz. Grupos,% Ocup.,Receita Quartos,Preço Médio,Saídas,Quartos FdS,Adul. / Cri.,outubro,Previsão,17-out-2027 dom,0,0,0,0,0,0,0,-,-,NaN,0,0,0,0,0,0,0,0,0,0,-,-,NaN,0,0,0,Total out,0,0,0,0,0,0,0,-,-,NaN,0,0,0,Total,7670,3882,2572,0,0,6118,1552,"7,78","838 475,97","109,32",2698,0,14984
Data,Ocup,Opção,Cheg,Oferta/Uso Interno,Deduz. Individ.,Deduz. Grupos,% Ocup.,Receita Quartos,Preço Médio,Saídas,Quartos FdS,Adul. / Cri.,outubro,Previsão,18-out-2027 seg,0,0,0,0,0,0,0,-,-,NaN,0,0,0,0,0,0,0,0,0,0,-,-,NaN,0,0,0,Total out,0,0,0,0,0,0,0,-,-,NaN,0,0,0,Total,7670,3882,2572,0,0,6118,1552,"7,78","838 475,97","109,32",2698,0,14984
Data,Ocup,Opção,Cheg,Oferta/Uso Interno,Deduz. Individ.,Deduz. Grupos,% Ocup.,Receita Quartos,Preço Médio,Saídas,Quartos FdS,Adul. / Cri.,outubro,Previsão,19-out-2027 ter,0,0,0,0,0,0,0,-,-,NaN,0,0,0,0,0,0,0,0,0,0,-,-,NaN,0,0,0,Total out,0,0,0,0,0,0,0,-,-,NaN,0,0,0,Total,7670,3882,2572,0,0,6118,1552,"7,78","838 475,97","109,32",2698,0,14984
Data,Ocup,Opção,Cheg,Oferta/Uso Interno,Deduz. Individ.,Deduz. Grupos,% Ocup.,Receita Quartos,Preço Médio,Saídas,Quartos FdS,Adul. / Cri.,outubro,Previsão,20-out-2027 qua,0,0,0,0,0,0,0,-,-,NaN,0,0,0,0,0,0,0,0,0,0,-,-,NaN,0,0,0,Total out,0,0,0,0,0,0,0,-,-,NaN,0,0,0,Total,7670,3882,2572,0,0,6118,1552,"7,78","838 475,97","109,32",2698,0,14984
Data,Ocup,Opção,Cheg,Oferta/Uso Interno,Deduz. Individ.,Deduz. Grupos,% Ocup.,Receita Quartos,Preço Médio,Saídas,Quartos FdS,Adul. / Cri.,outubro,Previsão,21-out-2027 qui,0,0,0,0,0,0,0,-,-,NaN,0,0,0,0,0,0,0,0,0,0,-,-,NaN,0,0,0,Total out,0,0,0,0,0,0,0,-,-,NaN,0,0,0,Total,7670,3882,2572,0,0,6118,1552,"7,78","838 475,97","109,32",2698,0,14984
Data,Ocup,Opção,Cheg,Oferta/Uso Interno,Deduz. Individ.,Deduz. Grupos,% Ocup.,Receita Quartos,Preço Médio,Saídas,Quartos FdS,Adul. / Cri.,outubro,Previsão,22-out-2027 sex,0,0,0,0,0,0,0,-,-,NaN,0,0,0,0,0,0,0,0,0,0,-,-,NaN,0,0,0,Total out,0,0,0,0,0,0,0,-,-,NaN,0,0,0,Total,7670,3882,2572,0,0,6118,1552,"7,78","838 475,97","109,32",2698,0,14984
Data,Ocup,Opção,Cheg,Oferta/Uso Interno,Deduz. Individ.,Deduz. Grupos,% Ocup.,Receita Quartos,Preço Médio,Saídas,Quartos FdS,Adul. / Cri.,outubro,Previsão,23-out-2027 sáb,0,0,0,0,0,0,0,-,-,NaN,0,0,0,0,0,0,0,0,0,0,-,-,NaN,0,0,0,Total out,0,0,0,0,0,0,0,-,-,NaN,0,0,0,Total,7670,3882,2572,0,0,6118,1552,"7,78","838 475,97","109,32",2698,0,14984
Data,Ocup,Opção,Cheg,Oferta/Uso Interno,Deduz. Individ.,Deduz. Grupos,% Ocup.,Receita Quartos,Preço Médio,Saídas,Quartos FdS,Adul. / Cri.,outubro,Previsão,24-out-2027 dom,0,0,0,0,0,0,0,-,-,NaN,0,0,0,0,0,0,0,0,0,0,-,-,NaN,0,0,0,Total out,0,0,0,0,0,0,0,-,-,NaN,0,0,0,Total,7670,3882,2572,0,0,6118,1552,"7,78","838 475,97","109,32",2698,0,14984
Data,Ocup,Opção,Cheg,Oferta/Uso Interno,Deduz. Individ.,Deduz. Grupos,% Ocup.,Receita Quartos,Preço Médio,Saídas,Quartos FdS,Adul. / Cri.,outubro,Previsão,25-out-2027 seg,0,0,0,0,0,0,0,-,-,NaN,0,0,0,0,0,0,0,0,0,0,-,-,NaN,0,0,0,Total out,0,0,0,0,0,0,0,-,-,NaN,0,0,0,Total,7670,3882,2572,0,0,6118,1552,"7,78","838 475,97","109,32",2698,0,14984
Data,Ocup,Opção,Cheg,Oferta/Uso Interno,Deduz. Individ.,Deduz. Grupos,% Ocup.,Receita Quartos,Preço Médio,Saídas,Quartos FdS,Adul. / Cri.,outubro,Previsão,26-out-2027 ter,0,0,0,0,0,0,0,-,-,NaN,0,0,0,0,0,0,0,0,0,0,-,-,NaN,0,0,0,Total out,0,0,0,0,0,0,0,-,-,NaN,0,0,0,Total,7670,3882,2572,0,0,6118,1552,"7,78","838 475,97","109,32",2698,0,14984
Data,Ocup,Opção,Cheg,Oferta/Uso Interno,Deduz. Individ.,Deduz. Grupos,% Ocup.,Receita Quartos,Preço Médio,Saídas,Quartos FdS,Adul. / Cri.,outubro,Previsão,27-out-2027 qua,0,0,0,0,0,0,0,-,-,NaN,0,0,0,0,0,0,0,0,0,0,-,-,NaN,0,0,0,Total out,0,0,0,0,0,0,0,-,-,NaN,0,0,0,Total,7670,3882,2572,0,0,6118,1552,"7,78","838 475,97","109,32",2698,0,14984
Data,Ocup,Opção,Cheg,Oferta/Uso Interno,Deduz. Individ.,Deduz. Grupos,% Ocup.,Receita Quartos,Preço Médio,Saídas,Quartos FdS,Adul. / Cri.,outubro,Previsão,28-out-2027 qui,0,0,0,0,0,0,0,-,-,NaN,0,0,0,0,0,0,0,0,0,0,-,-,NaN,0,0,0,Total out,0,0,0,0,0,0,0,-,-,NaN,0,0,0,Total,7670,3882,2572,0,0,6118,1552,"7,78","838 475,97","109,32",2698,0,14984
Data,Ocup,Opção,Cheg,Oferta/Uso Interno,Deduz. Individ.,Deduz. Grupos,% Ocup.,Receita Quartos,Preço Médio,Saídas,Quartos FdS,Adul. / Cri.,outubro,Previsão,29-out-2027 sex,0,0,0,0,0,0,0,-,-,NaN,0,0,0,0,0,0,0,0,0,0,-,-,NaN,0,0,0,Total out,0,0,0,0,0,0,0,-,-,NaN,0,0,0,Total,7670,3882,2572,0,0,6118,1552,"7,78","838 475,97","109,32",2698,0,14984
Data,Ocup,Opção,Cheg,Oferta/Uso Interno,Deduz. Individ.,Deduz. Grupos,% Ocup.,Receita Quartos,Preço Médio,Saídas,Quartos FdS,Adul. / Cri.,outubro,Previsão,30-out-2027 sáb,0,0,0,0,0,0,0,-,-,NaN,0,0,0,0,0,0,0,0,0,0,-,-,NaN,0,0,0,Total out,0,0,0,0,0,0,0,-,-,NaN,0,0,0,Total,7670,3882,2572,0,0,6118,1552,"7,78","838 475,97","109,32",2698,0,14984
Data,Ocup,Opção,Cheg,Oferta/Uso Interno,Deduz. Individ.,Deduz. Grupos,% Ocup.,Receita Quartos,Preço Médio,Saídas,Quartos FdS,Adul. / Cri.,outubro,Previsão,31-out-2027 dom,0,0,0,0,0,0,0,-,-,NaN,0,0,0,0,0,0,0,0,0,0,-,-,NaN,0,0,0,Total out,0,0,0,0,0,0,0,-,-,NaN,0,0,0,Total,7670,3882,2572,0,0,6118,1552,"7,78","838 475,97","109,32",2698,0,14984
Data,Ocup,Opção,Cheg,Oferta/Uso Interno,Deduz. Individ.,Deduz. Grupos,% Ocup.,Receita Quartos,Preço Médio,Saídas,Quartos FdS,Adul. / Cri.,novembro,Previsão,01-nov-2027 seg,0,0,0,0,0,0,0,-,-,NaN,0,0,0,0,0,0,0,0,0,0,-,-,NaN,0,0,0,Total nov,0,0,0,0,0,0,0,-,-,NaN,0,0,0,Total,7670,3882,2572,0,0,6118,1552,"7,78","838 475,97","109,32",2698,0,14984
Data,Ocup,Opção,Cheg,Oferta/Uso Interno,Deduz. Individ.,Deduz. Grupos,% Ocup.,Receita Quartos,Preço Médio,Saídas,Quartos FdS,Adul. / Cri.,novembro,Previsão,02-nov-2027 ter,0,0,0,0,0,0,0,-,-,NaN,0,0,0,0,0,0,0,0,0,0,-,-,NaN,0,0,0,Total nov,0,0,0,0,0,0,0,-,-,NaN,0,0,0,Total,7670,3882,2572,0,0,6118,1552,"7,78","838 475,97","109,32",2698,0,14984
Data,Ocup,Opção,Cheg,Oferta/Uso Interno,Deduz. Individ.,Deduz. Grupos,% Ocup.,Receita Quartos,Preço Médio,Saídas,Quartos FdS,Adul. / Cri.,novembro,Previsão,03-nov-2027 qua,0,0,0,0,0,0,0,-,-,NaN,0,0,0,0,0,0,0,0,0,0,-,-,NaN,0,0,0,Total nov,0,0,0,0,0,0,0,-,-,NaN,0,0,0,Total,7670,3882,2572,0,0,6118,1552,"7,78","838 475,97","109,32",2698,0,14984
Data,Ocup,Opção,Cheg,Oferta/Uso Interno,Deduz. Individ.,Deduz. Grupos,% Ocup.,Receita Quartos,Preço Médio,Saídas,Quartos FdS,Adul. / Cri.,novembro,Previsão,04-nov-2027 qui,0,0,0,0,0,0,0,-,-,NaN,0,0,0,0,0,0,0,0,0,0,-,-,NaN,0,0,0,Total nov,0,0,0,0,0,0,0,-,-,NaN,0,0,0,Total,7670,3882,2572,0,0,6118,1552,"7,78","838 475,97","109,32",2698,0,14984
Data,Ocup,Opção,Cheg,Oferta/Uso Interno,Deduz. Individ.,Deduz. Grupos,% Ocup.,Receita Quartos,Preço Médio,Saídas,Quartos FdS,Adul. / Cri.,novembro,Previsão,05-nov-2027 sex,0,0,0,0,0,0,0,-,-,NaN,0,0,0,0,0,0,0,0,0,0,-,-,NaN,0,0,0,Total nov,0,0,0,0,0,0,0,-,-,NaN,0,0,0,Total,7670,3882,2572,0,0,6118,1552,"7,78","838 475,97","109,32",2698,0,14984
Data,Ocup,Opção,Cheg,Oferta/Uso Interno,Deduz. Individ.,Deduz. Grupos,% Ocup.,Receita Quartos,Preço Médio,Saídas,Quartos FdS,Adul. / Cri.,novembro,Previsão,06-nov-2027 sáb,0,0,0,0,0,0,0,-,-,NaN,0,0,0,0,0,0,0,0,0,0,-,-,NaN,0,0,0,Total nov,0,0,0,0,0,0,0,-,-,NaN,0,0,0,Total,7670,3882,2572,0,0,6118,1552,"7,78","838 475,97","109,32",2698,0,14984
Data,Ocup,Opção,Cheg,Oferta/Uso Interno,Deduz. Individ.,Deduz. Grupos,% Ocup.,Receita Quartos,Preço Médio,Saídas,Quartos FdS,Adul. / Cri.,novembro,Previsão,07-nov-2027 dom,0,0,0,0,0,0,0,-,-,NaN,0,0,0,0,0,0,0,0,0,0,-,-,NaN,0,0,0,Total nov,0,0,0,0,0,0,0,-,-,NaN,0,0,0,Total,7670,3882,2572,0,0,6118,1552,"7,78","838 475,97","109,32",2698,0,14984
Data,Ocup,Opção,Cheg,Oferta/Uso Interno,Deduz. Individ.,Deduz. Grupos,% Ocup.,Receita Quartos,Preço Médio,Saídas,Quartos FdS,Adul. / Cri.,novembro,Previsão,08-nov-2027 seg,0,0,0,0,0,0,0,-,-,NaN,0,0,0,0,0,0,0,0,0,0,-,-,NaN,0,0,0,Total nov,0,0,0,0,0,0,0,-,-,NaN,0,0,0,Total,7670,3882,2572,0,0,6118,1552,"7,78","838 475,97","109,32",2698,0,14984
Data,Ocup,Opção,Cheg,Oferta/Uso Interno,Deduz. Individ.,Deduz. Grupos,% Ocup.,Receita Quartos,Preço Médio,Saídas,Quartos FdS,Adul. / Cri.,novembro,Previsão,09-nov-2027 ter,0,0,0,0,0,0,0,-,-,NaN,0,0,0,0,0,0,0,0,0,0,-,-,NaN,0,0,0,Total nov,0,0,0,0,0,0,0,-,-,NaN,0,0,0,Total,7670,3882,2572,0,0,6118,1552,"7,78","838 475,97","109,32",2698,0,14984
Data,Ocup,Opção,Cheg,Oferta/Uso Interno,Deduz. Individ.,Deduz. Grupos,% Ocup.,Receita Quartos,Preço Médio,Saídas,Quartos FdS,Adul. / Cri.,novembro,Previsão,10-nov-2027 qua,0,0,0,0,0,0,0,-,-,NaN,0,0,0,0,0,0,0,0,0,0,-,-,NaN,0,0,0,Total nov,0,0,0,0,0,0,0,-,-,NaN,0,0,0,Total,7670,3882,2572,0,0,6118,1552,"7,78","838 475,97","109,32",2698,0,14984
Data,Ocup,Opção,Cheg,Oferta/Uso Interno,Deduz. Individ.,Deduz. Grupos,% Ocup.,Receita Quartos,Preço Médio,Saídas,Quartos FdS,Adul. / Cri.,novembro,Previsão,11-nov-2027 qui,0,0,0,0,0,0,0,-,-,NaN,0,0,0,0,0,0,0,0,0,0,-,-,NaN,0,0,0,Total nov,0,0,0,0,0,0,0,-,-,NaN,0,0,0,Total,7670,3882,2572,0,0,6118,1552,"7,78","838 475,97","109,32",2698,0,14984
Data,Ocup,Opção,Cheg,Oferta/Uso Interno,Deduz. Individ.,Deduz. Grupos,% Ocup.,Receita Quartos,Preço Médio,Saídas,Quartos FdS,Adul. / Cri.,novembro,Previsão,12-nov-2027 sex,0,0,0,0,0,0,0,-,-,NaN,0,0,0,0,0,0,0,0,0,0,-,-,NaN,0,0,0,Total nov,0,0,0,0,0,0,0,-,-,NaN,0,0,0,Total,7670,3882,2572,0,0,6118,1552,"7,78","838 475,97","109,32",2698,0,14984
Data,Ocup,Opção,Cheg,Oferta/Uso Interno,Deduz. Individ.,Deduz. Grupos,% Ocup.,Receita Quartos,Preço Médio,Saídas,Quartos FdS,Adul. / Cri.,novembro,Previsão,13-nov-2027 sáb,0,0,0,0,0,0,0,-,-,NaN,0,0,0,0,0,0,0,0,0,0,-,-,NaN,0,0,0,Total nov,0,0,0,0,0,0,0,-,-,NaN,0,0,0,Total,7670,3882,2572,0,0,6118,1552,"7,78","838 475,97","109,32",2698,0,14984
Data,Ocup,Opção,Cheg,Oferta/Uso Interno,Deduz. Individ.,Deduz. Grupos,% Ocup.,Receita Quartos,Preço Médio,Saídas,Quartos FdS,Adul. / Cri.,novembro,Previsão,14-nov-2027 dom,0,0,0,0,0,0,0,-,-,NaN,0,0,0,0,0,0,0,0,0,0,-,-,NaN,0,0,0,Total nov,0,0,0,0,0,0,0,-,-,NaN,0,0,0,Total,7670,3882,2572,0,0,6118,1552,"7,78","838 475,97","109,32",2698,0,14984
Data,Ocup,Opção,Cheg,Oferta/Uso Interno,Deduz. Individ.,Deduz. Grupos,% Ocup.,Receita Quartos,Preço Médio,Saídas,Quartos FdS,Adul. / Cri.,novembro,Previsão,15-nov-2027 seg,0,0,0,0,0,0,0,-,-,NaN,0,0,0,0,0,0,0,0,0,0,-,-,NaN,0,0,0,Total nov,0,0,0,0,0,0,0,-,-,NaN,0,0,0,Total,7670,3882,2572,0,0,6118,1552,"7,78","838 475,97","109,32",2698,0,14984
Data,Ocup,Opção,Cheg,Oferta/Uso Interno,Deduz. Individ.,Deduz. Grupos,% Ocup.,Receita Quartos,Preço Médio,Saídas,Quartos FdS,Adul. / Cri.,novembro,Previsão,16-nov-2027 ter,0,0,0,0,0,0,0,-,-,NaN,0,0,0,0,0,0,0,0,0,0,-,-,NaN,0,0,0,Total nov,0,0,0,0,0,0,0,-,-,NaN,0,0,0,Total,7670,3882,2572,0,0,6118,1552,"7,78","838 475,97","109,32",2698,0,14984
Data,Ocup,Opção,Cheg,Oferta/Uso Interno,Deduz. Individ.,Deduz. Grupos,% Ocup.,Receita Quartos,Preço Médio,Saídas,Quartos FdS,Adul. / Cri.,novembro,Previsão,17-nov-2027 qua,0,0,0,0,0,0,0,-,-,NaN,0,0,0,0,0,0,0,0,0,0,-,-,NaN,0,0,0,Total nov,0,0,0,0,0,0,0,-,-,NaN,0,0,0,Total,7670,3882,2572,0,0,6118,1552,"7,78","838 475,97","109,32",2698,0,14984
Data,Ocup,Opção,Cheg,Oferta/Uso Interno,Deduz. Individ.,Deduz. Grupos,% Ocup.,Receita Quartos,Preço Médio,Saídas,Quartos FdS,Adul. / Cri.,novembro,Previsão,18-nov-2027 qui,0,0,0,0,0,0,0,-,-,NaN,0,0,0,0,0,0,0,0,0,0,-,-,NaN,0,0,0,Total nov,0,0,0,0,0,0,0,-,-,NaN,0,0,0,Total,7670,3882,2572,0,0,6118,1552,"7,78","838 475,97","109,32",2698,0,14984
Data,Ocup,Opção,Cheg,Oferta/Uso Interno,Deduz. Individ.,Deduz. Grupos,% Ocup.,Receita Quartos,Preço Médio,Saídas,Quartos FdS,Adul. / Cri.,novembro,Previsão,19-nov-2027 sex,0,0,0,0,0,0,0,-,-,NaN,0,0,0,0,0,0,0,0,0,0,-,-,NaN,0,0,0,Total nov,0,0,0,0,0,0,0,-,-,NaN,0,0,0,Total,7670,3882,2572,0,0,6118,1552,"7,78","838 475,97","109,32",2698,0,14984
Data,Ocup,Opção,Cheg,Oferta/Uso Interno,Deduz. Individ.,Deduz. Grupos,% Ocup.,Receita Quartos,Preço Médio,Saídas,Quartos FdS,Adul. / Cri.,novembro,Previsão,20-nov-2027 sáb,0,0,0,0,0,0,0,-,-,NaN,0,0,0,0,0,0,0,0,0,0,-,-,NaN,0,0,0,Total nov,0,0,0,0,0,0,0,-,-,NaN,0,0,0,Total,7670,3882,2572,0,0,6118,1552,"7,78","838 475,97","109,32",2698,0,14984
Data,Ocup,Opção,Cheg,Oferta/Uso Interno,Deduz. Individ.,Deduz. Grupos,% Ocup.,Receita Quartos,Preço Médio,Saídas,Quartos FdS,Adul. / Cri.,novembro,Previsão,21-nov-2027 dom,0,0,0,0,0,0,0,-,-,NaN,0,0,0,0,0,0,0,0,0,0,-,-,NaN,0,0,0,Total nov,0,0,0,0,0,0,0,-,-,NaN,0,0,0,Total,7670,3882,2572,0,0,6118,1552,"7,78","838 475,97","109,32",2698,0,14984
Data,Ocup,Opção,Cheg,Oferta/Uso Interno,Deduz. Individ.,Deduz. Grupos,% Ocup.,Receita Quartos,Preço Médio,Saídas,Quartos FdS,Adul. / Cri.,novembro,Previsão,22-nov-2027 seg,0,0,0,0,0,0,0,-,-,NaN,0,0,0,0,0,0,0,0,0,0,-,-,NaN,0,0,0,Total nov,0,0,0,0,0,0,0,-,-,NaN,0,0,0,Total,7670,3882,2572,0,0,6118,1552,"7,78","838 475,97","109,32",2698,0,14984
Data,Ocup,Opção,Cheg,Oferta/Uso Interno,Deduz. Individ.,Deduz. Grupos,% Ocup.,Receita Quartos,Preço Médio,Saídas,Quartos FdS,Adul. / Cri.,novembro,Previsão,23-nov-2027 ter,0,0,0,0,0,0,0,-,-,NaN,0,0,0,0,0,0,0,0,0,0,-,-,NaN,0,0,0,Total nov,0,0,0,0,0,0,0,-,-,NaN,0,0,0,Total,7670,3882,2572,0,0,6118,1552,"7,78","838 475,97","109,32",2698,0,14984
Data,Ocup,Opção,Cheg,Oferta/Uso Interno,Deduz. Individ.,Deduz. Grupos,% Ocup.,Receita Quartos,Preço Médio,Saídas,Quartos FdS,Adul. / Cri.,novembro,Previsão,24-nov-2027 qua,0,0,0,0,0,0,0,-,-,NaN,0,0,0,0,0,0,0,0,0,0,-,-,NaN,0,0,0,Total nov,0,0,0,0,0,0,0,-,-,NaN,0,0,0,Total,7670,3882,2572,0,0,6118,1552,"7,78","838 475,97","109,32",2698,0,14984
Data,Ocup,Opção,Cheg,Oferta/Uso Interno,Deduz. Individ.,Deduz. Grupos,% Ocup.,Receita Quartos,Preço Médio,Saídas,Quartos FdS,Adul. / Cri.,novembro,Previsão,25-nov-2027 qui,0,0,0,0,0,0,0,-,-,NaN,0,0,0,0,0,0,0,0,0,0,-,-,NaN,0,0,0,Total nov,0,0,0,0,0,0,0,-,-,NaN,0,0,0,Total,7670,3882,2572,0,0,6118,1552,"7,78","838 475,97","109,32",2698,0,14984
Data,Ocup,Opção,Cheg,Oferta/Uso Interno,Deduz. Individ.,Deduz. Grupos,% Ocup.,Receita Quartos,Preço Médio,Saídas,Quartos FdS,Adul. / Cri.,novembro,Previsão,26-nov-2027 sex,0,0,0,0,0,0,0,-,-,NaN,0,0,0,0,0,0,0,0,0,0,-,-,NaN,0,0,0,Total nov,0,0,0,0,0,0,0,-,-,NaN,0,0,0,Total,7670,3882,2572,0,0,6118,1552,"7,78","838 475,97","109,32",2698,0,14984
Data,Ocup,Opção,Cheg,Oferta/Uso Interno,Deduz. Individ.,Deduz. Grupos,% Ocup.,Receita Quartos,Preço Médio,Saídas,Quartos FdS,Adul. / Cri.,novembro,Previsão,27-nov-2027 sáb,0,0,0,0,0,0,0,-,-,NaN,0,0,0,0,0,0,0,0,0,0,-,-,NaN,0,0,0,Total nov,0,0,0,0,0,0,0,-,-,NaN,0,0,0,Total,7670,3882,2572,0,0,6118,1552,"7,78","838 475,97","109,32",2698,0,14984
Data,Ocup,Opção,Cheg,Oferta/Uso Interno,Deduz. Individ.,Deduz. Grupos,% Ocup.,Receita Quartos,Preço Médio,Saídas,Quartos FdS,Adul. / Cri.,novembro,Previsão,28-nov-2027 dom,0,0,0,0,0,0,0,-,-,NaN,0,0,0,0,0,0,0,0,0,0,-,-,NaN,0,0,0,Total nov,0,0,0,0,0,0,0,-,-,NaN,0,0,0,Total,7670,3882,2572,0,0,6118,1552,"7,78","838 475,97","109,32",2698,0,14984
Data,Ocup,Opção,Cheg,Oferta/Uso Interno,Deduz. Individ.,Deduz. Grupos,% Ocup.,Receita Quartos,Preço Médio,Saídas,Quartos FdS,Adul. / Cri.,novembro,Previsão,29-nov-2027 seg,0,0,0,0,0,0,0,-,-,NaN,0,0,0,0,0,0,0,0,0,0,-,-,NaN,0,0,0,Total nov,0,0,0,0,0,0,0,-,-,NaN,0,0,0,Total,7670,3882,2572,0,0,6118,1552,"7,78","838 475,97","109,32",2698,0,14984
Data,Ocup,Opção,Cheg,Oferta/Uso Interno,Deduz. Individ.,Deduz. Grupos,% Ocup.,Receita Quartos,Preço Médio,Saídas,Quartos FdS,Adul. / Cri.,novembro,Previsão,30-nov-2027 ter,0,0,0,0,0,0,0,-,-,NaN,0,0,0,0,0,0,0,0,0,0,-,-,NaN,0,0,0,Total nov,0,0,0,0,0,0,0,-,-,NaN,0,0,0,Total,7670,3882,2572,0,0,6118,1552,"7,78","838 475,97","109,32",2698,0,14984
Data,Ocup,Opção,Cheg,Oferta/Uso Interno,Deduz. Individ.,Deduz. Grupos,% Ocup.,Receita Quartos,Preço Médio,Saídas,Quartos FdS,Adul. / Cri.,dezembro,Previsão,01-dez-2027 qua,0,0,0,0,0,0,0,-,-,NaN,0,0,0,0,0,0,0,0,0,0,-,-,NaN,0,0,0,Total dez,0,0,0,0,0,0,0,-,-,NaN,0,0,0,Total,7670,3882,2572,0,0,6118,1552,"7,78","838 475,97","109,32",2698,0,14984
Data,Ocup,Opção,Cheg,Oferta/Uso Interno,Deduz. Individ.,Deduz. Grupos,% Ocup.,Receita Quartos,Preço Médio,Saídas,Quartos FdS,Adul. / Cri.,dezembro,Previsão,02-dez-2027 qui,0,0,0,0,0,0,0,-,-,NaN,0,0,0,0,0,0,0,0,0,0,-,-,NaN,0,0,0,Total dez,0,0,0,0,0,0,0,-,-,NaN,0,0,0,Total,7670,3882,2572,0,0,6118,1552,"7,78","838 475,97","109,32",2698,0,14984
Data,Ocup,Opção,Cheg,Oferta/Uso Interno,Deduz. Individ.,Deduz. Grupos,% Ocup.,Receita Quartos,Preço Médio,Saídas,Quartos FdS,Adul. / Cri.,dezembro,Previsão,03-dez-2027 sex,0,0,0,0,0,0,0,-,-,NaN,0,0,0,0,0,0,0,0,0,0,-,-,NaN,0,0,0,Total dez,0,0,0,0,0,0,0,-,-,NaN,0,0,0,Total,7670,3882,2572,0,0,6118,1552,"7,78","838 475,97","109,32",2698,0,14984
Data,Ocup,Opção,Cheg,Oferta/Uso Interno,Deduz. Individ.,Deduz. Grupos,% Ocup.,Receita Quartos,Preço Médio,Saídas,Quartos FdS,Adul. / Cri.,dezembro,Previsão,04-dez-2027 sáb,0,0,0,0,0,0,0,-,-,NaN,0,0,0,0,0,0,0,0,0,0,-,-,NaN,0,0,0,Total dez,0,0,0,0,0,0,0,-,-,NaN,0,0,0,Total,7670,3882,2572,0,0,6118,1552,"7,78","838 475,97","109,32",2698,0,14984
Data,Ocup,Opção,Cheg,Oferta/Uso Interno,Deduz. Individ.,Deduz. Grupos,% Ocup.,Receita Quartos,Preço Médio,Saídas,Quartos FdS,Adul. / Cri.,dezembro,Previsão,05-dez-2027 dom,0,0,0,0,0,0,0,-,-,NaN,0,0,0,0,0,0,0,0,0,0,-,-,NaN,0,0,0,Total dez,0,0,0,0,0,0,0,-,-,NaN,0,0,0,Total,7670,3882,2572,0,0,6118,1552,"7,78","838 475,97","109,32",2698,0,14984
Data,Ocup,Opção,Cheg,Oferta/Uso Interno,Deduz. Individ.,Deduz. Grupos,% Ocup.,Receita Quartos,Preço Médio,Saídas,Quartos FdS,Adul. / Cri.,dezembro,Previsão,06-dez-2027 seg,0,0,0,0,0,0,0,-,-,NaN,0,0,0,0,0,0,0,0,0,0,-,-,NaN,0,0,0,Total dez,0,0,0,0,0,0,0,-,-,NaN,0,0,0,Total,7670,3882,2572,0,0,6118,1552,"7,78","838 475,97","109,32",2698,0,14984
Data,Ocup,Opção,Cheg,Oferta/Uso Interno,Deduz. Individ.,Deduz. Grupos,% Ocup.,Receita Quartos,Preço Médio,Saídas,Quartos FdS,Adul. / Cri.,dezembro,Previsão,07-dez-2027 ter,0,0,0,0,0,0,0,-,-,NaN,0,0,0,0,0,0,0,0,0,0,-,-,NaN,0,0,0,Total dez,0,0,0,0,0,0,0,-,-,NaN,0,0,0,Total,7670,3882,2572,0,0,6118,1552,"7,78","838 475,97","109,32",2698,0,14984
Data,Ocup,Opção,Cheg,Oferta/Uso Interno,Deduz. Individ.,Deduz. Grupos,% Ocup.,Receita Quartos,Preço Médio,Saídas,Quartos FdS,Adul. / Cri.,dezembro,Previsão,08-dez-2027 qua,0,0,0,0,0,0,0,-,-,NaN,0,0,0,0,0,0,0,0,0,0,-,-,NaN,0,0,0,Total dez,0,0,0,0,0,0,0,-,-,NaN,0,0,0,Total,7670,3882,2572,0,0,6118,1552,"7,78","838 475,97","109,32",2698,0,14984
Data,Ocup,Opção,Cheg,Oferta/Uso Interno,Deduz. Individ.,Deduz. Grupos,% Ocup.,Receita Quartos,Preço Médio,Saídas,Quartos FdS,Adul. / Cri.,dezembro,Previsão,09-dez-2027 qui,0,0,0,0,0,0,0,-,-,NaN,0,0,0,0,0,0,0,0,0,0,-,-,NaN,0,0,0,Total dez,0,0,0,0,0,0,0,-,-,NaN,0,0,0,Total,7670,3882,2572,0,0,6118,1552,"7,78","838 475,97","109,32",2698,0,14984
Data,Ocup,Opção,Cheg,Oferta/Uso Interno,Deduz. Individ.,Deduz. Grupos,% Ocup.,Receita Quartos,Preço Médio,Saídas,Quartos FdS,Adul. / Cri.,dezembro,Previsão,10-dez-2027 sex,0,0,0,0,0,0,0,-,-,NaN,0,0,0,0,0,0,0,0,0,0,-,-,NaN,0,0,0,Total dez,0,0,0,0,0,0,0,-,-,NaN,0,0,0,Total,7670,3882,2572,0,0,6118,1552,"7,78","838 475,97","109,32",2698,0,14984
Data,Ocup,Opção,Cheg,Oferta/Uso Interno,Deduz. Individ.,Deduz. Grupos,% Ocup.,Receita Quartos,Preço Médio,Saídas,Quartos FdS,Adul. / Cri.,dezembro,Previsão,11-dez-2027 sáb,0,0,0,0,0,0,0,-,-,NaN,0,0,0,0,0,0,0,0,0,0,-,-,NaN,0,0,0,Total dez,0,0,0,0,0,0,0,-,-,NaN,0,0,0,Total,7670,3882,2572,0,0,6118,1552,"7,78","838 475,97","109,32",2698,0,14984
Data,Ocup,Opção,Cheg,Oferta/Uso Interno,Deduz. Individ.,Deduz. Grupos,% Ocup.,Receita Quartos,Preço Médio,Saídas,Quartos FdS,Adul. / Cri.,dezembro,Previsão,12-dez-2027 dom,0,0,0,0,0,0,0,-,-,NaN,0,0,0,0,0,0,0,0,0,0,-,-,NaN,0,0,0,Total dez,0,0,0,0,0,0,0,-,-,NaN,0,0,0,Total,7670,3882,2572,0,0,6118,1552,"7,78","838 475,97","109,32",2698,0,14984
Data,Ocup,Opção,Cheg,Oferta/Uso Interno,Deduz. Individ.,Deduz. Grupos,% Ocup.,Receita Quartos,Preço Médio,Saídas,Quartos FdS,Adul. / Cri.,dezembro,Previsão,13-dez-2027 seg,0,0,0,0,0,0,0,-,-,NaN,0,0,0,0,0,0,0,0,0,0,-,-,NaN,0,0,0,Total dez,0,0,0,0,0,0,0,-,-,NaN,0,0,0,Total,7670,3882,2572,0,0,6118,1552,"7,78","838 475,97","109,32",2698,0,14984
Data,Ocup,Opção,Cheg,Oferta/Uso Interno,Deduz. Individ.,Deduz. Grupos,% Ocup.,Receita Quartos,Preço Médio,Saídas,Quartos FdS,Adul. / Cri.,dezembro,Previsão,14-dez-2027 ter,0,0,0,0,0,0,0,-,-,NaN,0,0,0,0,0,0,0,0,0,0,-,-,NaN,0,0,0,Total dez,0,0,0,0,0,0,0,-,-,NaN,0,0,0,Total,7670,3882,2572,0,0,6118,1552,"7,78","838 475,97","109,32",2698,0,14984
Data,Ocup,Opção,Cheg,Oferta/Uso Interno,Deduz. Individ.,Deduz. Grupos,% Ocup.,Receita Quartos,Preço Médio,Saídas,Quartos FdS,Adul. / Cri.,dezembro,Previsão,15-dez-2027 qua,0,0,0,0,0,0,0,-,-,NaN,0,0,0,0,0,0,0,0,0,0,-,-,NaN,0,0,0,Total dez,0,0,0,0,0,0,0,-,-,NaN,0,0,0,Total,7670,3882,2572,0,0,6118,1552,"7,78","838 475,97","109,32",2698,0,14984
Data,Ocup,Opção,Cheg,Oferta/Uso Interno,Deduz. Individ.,Deduz. Grupos,% Ocup.,Receita Quartos,Preço Médio,Saídas,Quartos FdS,Adul. / Cri.,dezembro,Previsão,16-dez-2027 qui,0,0,0,0,0,0,0,-,-,NaN,0,0,0,0,0,0,0,0,0,0,-,-,NaN,0,0,0,Total dez,0,0,0,0,0,0,0,-,-,NaN,0,0,0,Total,7670,3882,2572,0,0,6118,1552,"7,78","838 475,97","109,32",2698,0,14984
Data,Ocup,Opção,Cheg,Oferta/Uso Interno,Deduz. Individ.,Deduz. Grupos,% Ocup.,Receita Quartos,Preço Médio,Saídas,Quartos FdS,Adul. / Cri.,dezembro,Previsão,17-dez-2027 sex,0,0,0,0,0,0,0,-,-,NaN,0,0,0,0,0,0,0,0,0,0,-,-,NaN,0,0,0,Total dez,0,0,0,0,0,0,0,-,-,NaN,0,0,0,Total,7670,3882,2572,0,0,6118,1552,"7,78","838 475,97","109,32",2698,0,14984
Data,Ocup,Opção,Cheg,Oferta/Uso Interno,Deduz. Individ.,Deduz. Grupos,% Ocup.,Receita Quartos,Preço Médio,Saídas,Quartos FdS,Adul. / Cri.,dezembro,Previsão,18-dez-2027 sáb,0,0,0,0,0,0,0,-,-,NaN,0,0,0,0,0,0,0,0,0,0,-,-,NaN,0,0,0,Total dez,0,0,0,0,0,0,0,-,-,NaN,0,0,0,Total,7670,3882,2572,0,0,6118,1552,"7,78","838 475,97","109,32",2698,0,14984
Data,Ocup,Opção,Cheg,Oferta/Uso Interno,Deduz. Individ.,Deduz. Grupos,% Ocup.,Receita Quartos,Preço Médio,Saídas,Quartos FdS,Adul. / Cri.,dezembro,Previsão,19-dez-2027 dom,0,0,0,0,0,0,0,-,-,NaN,0,0,0,0,0,0,0,0,0,0,-,-,NaN,0,0,0,Total dez,0,0,0,0,0,0,0,-,-,NaN,0,0,0,Total,7670,3882,2572,0,0,6118,1552,"7,78","838 475,97","109,32",2698,0,14984
Data,Ocup,Opção,Cheg,Oferta/Uso Interno,Deduz. Individ.,Deduz. Grupos,% Ocup.,Receita Quartos,Preço Médio,Saídas,Quartos FdS,Adul. / Cri.,dezembro,Previsão,20-dez-2027 seg,0,0,0,0,0,0,0,-,-,NaN,0,0,0,0,0,0,0,0,0,0,-,-,NaN,0,0,0,Total dez,0,0,0,0,0,0,0,-,-,NaN,0,0,0,Total,7670,3882,2572,0,0,6118,1552,"7,78","838 475,97","109,32",2698,0,14984
Data,Ocup,Opção,Cheg,Oferta/Uso Interno,Deduz. Individ.,Deduz. Grupos,% Ocup.,Receita Quartos,Preço Médio,Saídas,Quartos FdS,Adul. / Cri.,dezembro,Previsão,21-dez-2027 ter,0,0,0,0,0,0,0,-,-,NaN,0,0,0,0,0,0,0,0,0,0,-,-,NaN,0,0,0,Total dez,0,0,0,0,0,0,0,-,-,NaN,0,0,0,Total,7670,3882,2572,0,0,6118,1552,"7,78","838 475,97","109,32",2698,0,14984
Data,Ocup,Opção,Cheg,Oferta/Uso Interno,Deduz. Individ.,Deduz. Grupos,% Ocup.,Receita Quartos,Preço Médio,Saídas,Quartos FdS,Adul. / Cri.,dezembro,Previsão,22-dez-2027 qua,0,0,0,0,0,0,0,-,-,NaN,0,0,0,0,0,0,0,0,0,0,-,-,NaN,0,0,0,Total dez,0,0,0,0,0,0,0,-,-,NaN,0,0,0,Total,7670,3882,2572,0,0,6118,1552,"7,78","838 475,97","109,32",2698,0,14984
Data,Ocup,Opção,Cheg,Oferta/Uso Interno,Deduz. Individ.,Deduz. Grupos,% Ocup.,Receita Quartos,Preço Médio,Saídas,Quartos FdS,Adul. / Cri.,dezembro,Previsão,23-dez-2027 qui,0,0,0,0,0,0,0,-,-,NaN,0,0,0,0,0,0,0,0,0,0,-,-,NaN,0,0,0,Total dez,0,0,0,0,0,0,0,-,-,NaN,0,0,0,Total,7670,3882,2572,0,0,6118,1552,"7,78","838 475,97","109,32",2698,0,14984
Data,Ocup,Opção,Cheg,Oferta/Uso Interno,Deduz. Individ.,Deduz. Grupos,% Ocup.,Receita Quartos,Preço Médio,Saídas,Quartos FdS,Adul. / Cri.,dezembro,Previsão,24-dez-2027 sex,0,0,0,0,0,0,0,-,-,NaN,0,0,0,0,0,0,0,0,0,0,-,-,NaN,0,0,0,Total dez,0,0,0,0,0,0,0,-,-,NaN,0,0,0,Total,7670,3882,2572,0,0,6118,1552,"7,78","838 475,97","109,32",2698,0,14984
Data,Ocup,Opção,Cheg,Oferta/Uso Interno,Deduz. Individ.,Deduz. Grupos,% Ocup.,Receita Quartos,Preço Médio,Saídas,Quartos FdS,Adul. / Cri.,dezembro,Previsão,25-dez-2027 sáb,0,0,0,0,0,0,0,-,-,NaN,0,0,0,0,0,0,0,0,0,0,-,-,NaN,0,0,0,Total dez,0,0,0,0,0,0,0,-,-,NaN,0,0,0,Total,7670,3882,2572,0,0,6118,1552,"7,78","838 475,97","109,32",2698,0,14984
Data,Ocup,Opção,Cheg,Oferta/Uso Interno,Deduz. Individ.,Deduz. Grupos,% Ocup.,Receita Quartos,Preço Médio,Saídas,Quartos FdS,Adul. / Cri.,dezembro,Previsão,26-dez-2027 dom,0,0,0,0,0,0,0,-,-,NaN,0,0,0,0,0,0,0,0,0,0,-,-,NaN,0,0,0,Total dez,0,0,0,0,0,0,0,-,-,NaN,0,0,0,Total,7670,3882,2572,0,0,6118,1552,"7,78","838 475,97","109,32",2698,0,14984
Data,Ocup,Opção,Cheg,Oferta/Uso Interno,Deduz. Individ.,Deduz. Grupos,% Ocup.,Receita Quartos,Preço Médio,Saídas,Quartos FdS,Adul. / Cri.,dezembro,Previsão,27-dez-2027 seg,0,0,0,0,0,0,0,-,-,NaN,0,0,0,0,0,0,0,0,0,0,-,-,NaN,0,0,0,Total dez,0,0,0,0,0,0,0,-,-,NaN,0,0,0,Total,7670,3882,2572,0,0,6118,1552,"7,78","838 475,97","109,32",2698,0,14984
Data,Ocup,Opção,Cheg,Oferta/Uso Interno,Deduz. Individ.,Deduz. Grupos,% Ocup.,Receita Quartos,Preço Médio,Saídas,Quartos FdS,Adul. / Cri.,dezembro,Previsão,28-dez-2027 ter,0,0,0,0,0,0,0,-,-,NaN,0,0,0,0,0,0,0,0,0,0,-,-,NaN,0,0,0,Total dez,0,0,0,0,0,0,0,-,-,NaN,0,0,0,Total,7670,3882,2572,0,0,6118,1552,"7,78","838 475,97","109,32",2698,0,14984
Data,Ocup,Opção,Cheg,Oferta/Uso Interno,Deduz. Individ.,Deduz. Grupos,% Ocup.,Receita Quartos,Preço Médio,Saídas,Quartos FdS,Adul. / Cri.,dezembro,Previsão,29-dez-2027 qua,0,0,0,0,0,0,0,-,-,NaN,0,0,0,0,0,0,0,0,0,0,-,-,NaN,0,0,0,Total dez,0,0,0,0,0,0,0,-,-,NaN,0,0,0,Total,7670,3882,2572,0,0,6118,1552,"7,78","838 475,97","109,32",2698,0,14984
Data,Ocup,Opção,Cheg,Oferta/Uso Interno,Deduz. Individ.,Deduz. Grupos,% Ocup.,Receita Quartos,Preço Médio,Saídas,Quartos FdS,Adul. / Cri.,dezembro,Previsão,30-dez-2027 qui,0,0,0,0,0,0,0,-,-,NaN,0,0,0,0,0,0,0,0,0,0,-,-,NaN,0,0,0,Total dez,0,0,0,0,0,0,0,-,-,NaN,0,0,0,Total,7670,3882,2572,0,0,6118,1552,"7,78","838 475,97","109,32",2698,0,14984
Data,Ocup,Opção,Cheg,Oferta/Uso Interno,Deduz. Individ.,Deduz. Grupos,% Ocup.,Receita Quartos,Preço Médio,Saídas,Quartos FdS,Adul. / Cri.,dezembro,Previsão,31-dez-2027 sex,0,0,0,0,0,0,0,-,-,NaN,0,0,0,0,0,0,0,0,0,0,-,-,NaN,0,0,0,Total dez,0,0,0,0,0,0,0,-,-,NaN,0,0,0,Total,7670,3882,2572,0,0,6118,1552,"7,78","838 475,97","109,32",2698,0,14984

